version 1
nodes
  0 "Bone01" -1
  1 "Bone_Lefthand" 0
  2 "Bone_Root" 1
  3 "Bone_Head_Top" 2
  4 "Bone_Mouth00" 2
  5 "Bone_Mouth01" 4
  6 "Bone_Toung" 4
  7 "Bone_Toung01" 6
  8 "Bone_Bol_L" 4
  9 "Bone_Bol_R" 4
  10 "Bone_Bol_Bottom" 4
  11 "Bone_Bol_M" 4
  12 "Bone_Head_L" 2
  13 "Bone_EyeCover_R_B" 2
  14 "Bone_EyeCover_L_B" 2
  15 "Bone_EyeCover_L_Top00" 2
  16 "Bone_EyeCover_L_Top01" 15
  17 "Bone_EyeL" 2
  18 "Bone_EyeR" 2
  19 "Bone_MiGan" 2
  20 "Bone_EyeCover_R_Top00" 2
  21 "Bone_EyeCover_R_Top01" 20
  22 "Bone04" -1
  23 "Bone_Righthand" 22
  24 "Bone_Se_Hand-R" 23
  25 "Bone43" 23
  26 "Bone44" 25
  27 "Bone45" 26
  28 "Bone39" 23
  29 "Bone40" 28
  30 "Bone41" 29
  31 "Bone35" 23
  32 "Bone36" 31
  33 "Bone37" 32
  34 "Bone31" 23
  35 "Bone32" 34
  36 "Bone33" 35
  37 "Bone27" 23
  38 "Bone28" 37
  39 "Bone29" 38
  40 "Bone_Se_Hand-L" 1
  41 "Bone09" 1
  42 "Bone10" 41
  43 "Bone11" 42
  44 "Bone13" 1
  45 "Bone14" 44
  46 "Bone15" 45
  47 "Bone17" 1
  48 "Bone18" 47
  49 "Bone19" 48
  50 "Bone21" 1
  51 "Bone22" 50
  52 "Bone23" 51
  53 "Bone05" 1
  54 "Bone06" 53
  55 "Bone07" 54
end
skeleton
  time 0
    0 6.586843 -1.682523 -13.443724 0.217885 -2.971463 -0.384901
    1 -0.071920 -8.498732 -0.104134 -0.753735 0.288091 0.095931
    2 -0.480402 -2.843485 2.688040 0.673012 -2.243426 1.543597
    3 -0.088869 0.170559 2.606216 -0.393785 1.196515 1.798619
    4 -0.011142 0.781255 -0.800262 1.900872 -0.084824 -0.012746
    5 0.000000 0.718097 -0.000002 -0.067308 0.000000 0.000000
    6 -0.000001 0.897711 1.580295 -0.150667 -0.044153 -0.157780
    7 -0.000000 -0.000000 0.811541 0.569018 -0.134605 0.274998
    8 2.156043 -1.398221 2.021274 -0.482214 0.223274 0.729826
    9 -2.130264 -1.398221 2.021276 2.513451 -0.480505 -0.777436
    10 0.078373 -2.106275 0.868908 -0.176167 0.008544 0.018050
    11 0.072788 -0.729863 3.122958 -1.000949 0.008544 0.018050
    12 1.775118 -0.139594 1.671897 0.513126 0.811034 3.113585
    13 -1.241366 -1.806391 1.056407 1.256939 -0.061300 2.555561
    14 1.239846 -1.806390 1.056407 1.163316 3.080293 0.586032
    15 1.218724 -1.798575 1.272704 -1.340342 0.061300 -2.555561
    16 0.004859 -0.122106 -0.000735 0.073338 0.041702 0.036316
    17 -1.061022 -1.480885 1.175125 0.000000 0.000000 -0.698132
    18 1.061021 -1.480883 1.175125 -0.223871 0.333597 -1.189563
    19 -0.001760 -2.447698 1.417189 0.231764 -0.000000 3.141592
    20 -1.220244 -1.798577 1.272703 -1.487043 -3.080293 -0.586032
    21 -0.004860 0.122106 0.000735 0.010737 0.041702 0.036316
    22 -8.700758 -3.062541 -7.870395 -0.347029 3.107038 0.496681
    23 0.096951 -8.450422 -0.009364 -0.464046 -0.144281 -0.204280
    24 -0.139400 -0.111699 0.014398 0.602950 -0.047021 1.569868
    25 1.164474 -2.543937 -0.170327 -0.685280 -0.208274 0.262133
    26 0.024034 -1.129039 0.017807 -0.966992 0.000000 -0.000001
    27 0.014896 -0.883992 -0.019847 -0.880350 0.000000 -0.000000
    28 0.447949 -2.798981 -0.200442 -0.603491 0.047193 0.204345
    29 -0.032909 -1.480206 0.004935 -0.786131 0.000000 0.000000
    30 -0.027023 -1.076921 -0.020212 -0.861688 0.000000 -0.000000
    31 -0.249535 -2.846962 -0.174215 -0.355007 0.073408 0.096039
    32 0.043235 -1.683941 0.096015 -0.748035 0.000001 0.000000
    33 0.031729 -1.160831 0.058834 -0.615230 -0.000000 -0.000000
    34 -0.963867 -2.785142 -0.085346 -0.203281 0.135327 -0.091592
    35 0.028477 -1.403065 0.006271 -0.491084 0.000001 0.000000
    36 0.021414 -0.957780 0.020046 -0.331647 0.000000 0.000000
    37 -0.591283 -1.257737 0.232709 -1.310741 -0.126567 -2.601378
    38 1.522835 0.058679 0.016852 0.001411 -0.223174 -0.046880
    39 1.117948 0.048424 -0.005766 -0.000243 -0.467051 0.065422
    40 0.120152 -0.050266 -0.054488 0.366862 3.144320 1.551255
    41 -1.180679 -2.507216 -0.193860 0.174078 0.013294 -0.477916
    42 -0.024968 -1.123935 0.017595 -0.399958 0.000000 0.000000
    43 -0.020059 -0.890964 0.010094 -0.763707 -0.000000 -0.000000
    44 -0.488518 -2.755600 -0.228259 0.021291 -0.012955 -0.306739
    45 0.039887 -1.479790 0.029853 -0.312801 0.000000 0.000000
    46 0.028784 -1.075732 -0.023109 -0.857892 -0.000000 -0.000000
    47 0.250027 -2.820664 -0.238394 0.058002 -0.058472 -0.078775
    48 -0.049760 -1.680543 0.100480 -0.624477 0.000000 -0.000000
    49 -0.034142 -1.148310 0.084779 -1.037172 0.000000 0.000000
    50 0.957767 -2.746777 -0.090299 -0.132358 -0.139206 0.276765
    51 -0.033420 -1.397126 -0.011255 -0.476372 0.000000 0.000001
    52 -0.022361 -0.957433 0.018785 -0.858670 0.000000 0.000000
    53 0.583509 -1.197273 0.185380 0.498834 -0.339857 -0.429184
    54 1.535925 0.010248 0.005008 -0.002964 -0.491310 0.000890
    55 1.100770 0.004527 -0.010675 -0.002796 -0.975914 0.003459
  time 1
    0 6.930604 -2.123943 -13.185903 0.270751 -2.990721 -0.417781
    1 -0.071920 -8.498732 -0.104134 -0.764033 0.274917 0.101446
    2 -0.480402 -2.843485 2.688040 0.673012 -2.243426 1.543597
    3 -0.088869 0.170559 2.606216 -0.393785 1.196515 1.798619
    4 -0.011142 0.781255 -0.800262 1.900872 -0.084824 -0.012746
    5 0.000000 0.718097 -0.000002 -0.067308 0.000000 0.000000
    6 -0.000001 0.897711 1.580295 -0.150667 -0.044153 -0.157780
    7 -0.000000 -0.000000 0.811541 0.569018 -0.134605 0.274998
    8 2.152137 -1.398221 2.021274 -0.482993 0.221452 0.726267
    9 -2.126358 -1.398221 2.021276 2.513451 -0.480505 -0.777436
    10 0.078373 -2.102369 0.868908 -0.176167 0.008544 0.018050
    11 0.072788 -0.725957 3.119051 -1.000949 0.008544 0.018050
    12 1.775118 -0.139594 1.671897 0.513126 0.811034 3.113585
    13 -1.241366 -1.806391 1.056407 1.256939 -0.061300 2.555561
    14 1.239846 -1.806390 1.056407 1.163316 3.080293 0.586032
    15 1.218724 -1.798575 1.272704 -1.340342 0.061300 -2.555561
    16 0.004859 -0.122106 -0.000735 0.073338 0.041702 0.036316
    17 -1.061022 -1.480885 1.175125 -0.012738 -0.005321 -0.700121
    18 1.061021 -1.480883 1.175125 -0.218545 0.349829 -1.199267
    19 -0.001760 -2.447698 1.417189 0.231764 -0.000000 3.141592
    20 -1.220244 -1.798577 1.272703 -1.487043 -3.080293 -0.586032
    21 -0.004860 0.122106 0.000735 0.010737 0.041702 0.036316
    22 -9.017174 -2.863317 -7.518822 -0.316146 3.063918 0.470149
    23 0.096951 -8.450422 -0.009364 -0.533909 -0.191395 -0.195560
    24 -0.139400 -0.111699 0.014398 0.602950 -0.047021 1.569868
    25 1.164474 -2.543937 -0.170327 -0.736959 -0.187552 0.287181
    26 0.024034 -1.129039 0.017807 -0.966992 0.000000 -0.000001
    27 0.014896 -0.883992 -0.019847 -0.880350 0.000000 -0.000000
    28 0.447949 -2.798981 -0.200442 -0.603491 0.047193 0.204345
    29 -0.032909 -1.480206 0.004935 -0.749126 0.000000 0.000000
    30 -0.027023 -1.076921 -0.020212 -0.861688 0.000000 -0.000000
    31 -0.249535 -2.846962 -0.174215 -0.328204 0.073408 0.096039
    32 0.043235 -1.683941 0.096015 -0.728712 0.000001 0.000000
    33 0.031729 -1.160831 0.058834 -0.615230 -0.000000 -0.000000
    34 -0.963867 -2.785142 -0.085346 -0.169694 0.135327 -0.091592
    35 0.028477 -1.403065 0.006271 -0.479275 0.000001 0.000000
    36 0.021414 -0.957780 0.020046 -0.405609 0.000000 0.000000
    37 -0.591283 -1.257737 0.232709 -1.313649 -0.224292 -2.562450
    38 1.522835 0.058679 0.016852 0.001411 -0.237514 -0.046880
    39 1.117948 0.048424 -0.005766 -0.000219 -0.521343 0.064032
    40 0.120152 -0.050266 -0.054488 0.366862 3.144320 1.551255
    41 -1.180679 -2.507216 -0.193860 0.174078 0.013294 -0.477916
    42 -0.024968 -1.123935 0.017595 -0.399958 0.000000 0.000000
    43 -0.020059 -0.890964 0.010094 -0.763707 -0.000000 -0.000000
    44 -0.488518 -2.755600 -0.228259 0.021291 -0.012955 -0.306739
    45 0.039887 -1.479790 0.029853 -0.312801 0.000000 0.000000
    46 0.028784 -1.075732 -0.023109 -0.857892 -0.000000 -0.000000
    47 0.250027 -2.820664 -0.238394 0.058021 -0.058472 -0.078775
    48 -0.049760 -1.680543 0.100480 -0.624477 0.000000 -0.000000
    49 -0.034142 -1.148310 0.084779 -1.037172 0.000000 0.000000
    50 0.957767 -2.746777 -0.090299 -0.132358 -0.139206 0.276765
    51 -0.033420 -1.397126 -0.011255 -0.476372 0.000000 0.000001
    52 -0.022361 -0.957433 0.018785 -0.858670 0.000000 0.000000
    53 0.583509 -1.197273 0.185380 0.498834 -0.339857 -0.429184
    54 1.535925 0.010248 0.005008 -0.002964 -0.491310 0.000890
    55 1.100770 0.004527 -0.010675 -0.002796 -0.975914 0.003459
  time 2
    0 7.250926 -2.534112 -12.935895 0.322027 -3.005927 -0.450386
    1 -0.071920 -8.498732 -0.104134 -0.771379 0.265482 0.105392
    2 -0.480402 -2.843485 2.688040 0.673012 -2.243426 1.543597
    3 -0.088869 0.170559 2.606216 -0.393785 1.196515 1.798619
    4 -0.011142 0.781255 -0.800262 1.900872 -0.084824 -0.012746
    5 0.000000 0.718097 -0.000002 -0.067308 0.000000 0.000000
    6 -0.000001 0.897711 1.580295 -0.150667 -0.044153 -0.157780
    7 -0.000000 -0.000000 0.811541 0.569018 -0.134605 0.274998
    8 2.148230 -1.398221 2.021274 -0.483664 0.219894 0.723210
    9 -2.126358 -1.394315 2.017370 2.513451 -0.480505 -0.777436
    10 0.078373 -2.098462 0.868908 -0.176167 0.008544 0.018050
    11 0.072788 -0.722050 3.111239 -1.000949 0.008544 0.018050
    12 1.775118 -0.139594 1.671897 0.513126 0.811034 3.113585
    13 -1.241366 -1.806391 1.056407 1.256939 -0.061300 2.555561
    14 1.239846 -1.806390 1.056407 1.163316 3.080293 0.586032
    15 1.218724 -1.798575 1.272704 -1.340342 0.061300 -2.555561
    16 0.004859 -0.122106 -0.000735 0.073338 0.041702 0.036316
    17 -1.061022 -1.480885 1.175125 -0.023636 -0.009874 -0.701844
    18 1.061021 -1.480883 1.175125 -0.213956 0.363704 -1.207529
    19 -0.001760 -2.447698 1.417189 0.231764 -0.000000 3.141592
    20 -1.220244 -1.798577 1.272703 -1.487043 -3.080293 -0.586032
    21 -0.004860 0.122106 0.000735 0.010737 0.041702 0.036316
    22 -9.310152 -2.679717 -7.194593 -0.285395 3.022159 0.447493
    23 0.096951 -8.450422 -0.009364 -0.596853 -0.238183 -0.186904
    24 -0.139400 -0.111699 0.014398 0.602950 -0.047021 1.569868
    25 1.164474 -2.543937 -0.170327 -0.791391 -0.165740 0.313559
    26 0.024034 -1.129039 0.017807 -0.966992 0.000000 -0.000001
    27 0.014896 -0.883992 -0.019847 -0.880350 0.000000 -0.000000
    28 0.447949 -2.798981 -0.200442 -0.603491 0.047193 0.204345
    29 -0.032909 -1.480206 0.004935 -0.734718 0.000000 0.000000
    30 -0.027023 -1.076921 -0.020212 -0.861688 0.000000 -0.000000
    31 -0.249535 -2.846962 -0.174215 -0.300050 0.073408 0.096039
    32 0.043235 -1.683941 0.096015 -0.721185 0.000001 0.000000
    33 0.031729 -1.160831 0.058834 -0.615230 -0.000000 -0.000000
    34 -0.963867 -2.785142 -0.085346 -0.136446 0.135327 -0.091592
    35 0.028477 -1.403065 0.006271 -0.474670 0.000001 0.000000
    36 0.021414 -0.957780 0.020046 -0.478941 0.000000 0.000000
    37 -0.591283 -1.257737 0.232709 -1.314932 -0.323394 -2.525426
    38 1.522835 0.058679 0.016852 0.001411 -0.252618 -0.046880
    39 1.117948 0.048424 -0.005766 -0.000183 -0.578524 0.062558
    40 0.120152 -0.050266 -0.054488 0.366862 3.144320 1.551255
    41 -1.180679 -2.507216 -0.193860 0.174078 0.013294 -0.477916
    42 -0.024968 -1.123935 0.017595 -0.399958 0.000000 0.000000
    43 -0.020059 -0.890964 0.010094 -0.763707 -0.000000 -0.000000
    44 -0.488518 -2.755600 -0.228259 0.021291 -0.012955 -0.306739
    45 0.039887 -1.479790 0.029853 -0.312801 0.000000 0.000000
    46 0.028784 -1.075732 -0.023109 -0.857892 -0.000000 -0.000000
    47 0.250027 -2.820664 -0.238394 0.058002 -0.058472 -0.078775
    48 -0.049760 -1.680543 0.100480 -0.624477 0.000000 -0.000000
    49 -0.034142 -1.148310 0.084779 -1.037172 0.000000 0.000000
    50 0.957767 -2.746777 -0.090299 -0.132358 -0.139206 0.276765
    51 -0.033420 -1.397126 -0.011255 -0.476372 0.000000 0.000001
    52 -0.022361 -0.957433 0.018785 -0.858670 0.000000 0.000000
    53 0.583509 -1.197273 0.185380 0.498834 -0.339857 -0.429184
    54 1.535925 0.010248 0.005008 -0.002964 -0.491310 0.000890
    55 1.100770 0.004527 -0.010675 -0.002796 -0.975914 0.003459
  time 3
    0 7.543904 -2.913030 -12.685887 0.371713 -3.017123 -0.482899
    1 -0.071920 -8.498732 -0.104134 -0.775771 0.259856 0.107768
    2 -0.480402 -2.843485 2.688040 0.673012 -2.243426 1.543597
    3 -0.088869 0.170559 2.606216 -0.393785 1.196515 1.798619
    4 -0.011142 0.781255 -0.800262 1.900872 -0.084824 -0.012746
    5 0.000000 0.718097 -0.000002 -0.067308 0.000000 0.000000
    6 -0.000001 0.897711 1.580295 -0.150667 -0.044153 -0.157780
    7 -0.000000 -0.000000 0.811541 0.569018 -0.134605 0.274998
    8 2.144324 -1.398221 2.021274 -0.484215 0.218588 0.720658
    9 -2.122451 -1.390408 2.017370 2.513451 -0.480505 -0.777436
    10 0.078373 -2.094556 0.868908 -0.176167 0.008544 0.018050
    11 0.072788 -0.722050 3.107332 -1.000949 0.008544 0.018050
    12 1.775118 -0.139594 1.671897 0.513126 0.811034 3.113585
    13 -1.241366 -1.806391 1.056407 1.256939 -0.061300 2.555561
    14 1.239846 -1.806390 1.056407 1.163316 3.080293 0.586032
    15 1.218724 -1.798575 1.272704 -1.340342 0.061300 -2.555561
    16 0.004859 -0.122106 -0.000735 0.073338 0.041702 0.036316
    17 -1.061022 -1.480885 1.175125 -0.032775 -0.013698 -0.703279
    18 1.061021 -1.480883 1.175125 -0.210138 0.375372 -1.214470
    19 -0.001760 -2.447698 1.417189 0.231764 -0.000000 3.141592
    20 -1.220244 -1.798577 1.272703 -1.487043 -3.080293 -0.586032
    21 -0.004860 0.122106 0.000735 0.010737 0.041702 0.036316
    22 -9.575785 -2.511744 -6.889896 -0.254775 2.981813 0.428473
    23 0.096951 -8.450422 -0.009364 -0.647903 -0.281295 -0.179001
    24 -0.139400 -0.111699 0.014398 0.602950 -0.047021 1.569868
    25 1.164474 -2.543937 -0.170327 -0.844682 -0.144384 0.339374
    26 0.024034 -1.129039 0.017807 -0.966992 0.000000 -0.000001
    27 0.014896 -0.883992 -0.019847 -0.880350 0.000000 -0.000000
    28 0.447949 -2.798981 -0.200442 -0.603491 0.047193 0.204345
    29 -0.032909 -1.480206 0.004935 -0.736781 0.000000 0.000000
    30 -0.027023 -1.076921 -0.020212 -0.861688 0.000000 -0.000000
    31 -0.249535 -2.846962 -0.174215 -0.272436 0.073408 0.096039
    32 0.043235 -1.683941 0.096015 -0.722257 0.000001 0.000000
    33 0.031729 -1.160831 0.058834 -0.615230 -0.000000 -0.000000
    34 -0.963867 -2.785142 -0.085346 -0.103629 0.135327 -0.091592
    35 0.028477 -1.403065 0.006271 -0.475332 0.000001 0.000000
    36 0.021414 -0.957780 0.020046 -0.550716 0.000000 0.000000
    37 -0.591283 -1.257737 0.232709 -1.314986 -0.417872 -2.491821
    38 1.522835 0.058679 0.016852 0.001411 -0.267393 -0.046880
    39 1.117948 0.048424 -0.005766 -0.000147 -0.634503 0.061108
    40 0.120152 -0.050266 -0.054488 0.366862 3.144320 1.551255
    41 -1.180679 -2.507216 -0.193860 0.174078 0.013294 -0.477916
    42 -0.024968 -1.123935 0.017595 -0.399958 0.000000 0.000000
    43 -0.020059 -0.890964 0.010094 -0.763707 -0.000000 -0.000000
    44 -0.488518 -2.755600 -0.228259 0.021291 -0.012955 -0.306739
    45 0.039887 -1.479790 0.029853 -0.312801 0.000000 0.000000
    46 0.028784 -1.075732 -0.023109 -0.857892 -0.000000 -0.000000
    47 0.250027 -2.820664 -0.238394 0.058002 -0.058472 -0.078775
    48 -0.049760 -1.680543 0.100480 -0.624477 0.000000 -0.000000
    49 -0.034142 -1.148310 0.084779 -1.037172 0.000000 0.000000
    50 0.957767 -2.746777 -0.090299 -0.132358 -0.139206 0.276765
    51 -0.033420 -1.397126 -0.011255 -0.476372 0.000000 0.000001
    52 -0.022361 -0.957433 0.018785 -0.858670 0.000000 0.000000
    53 0.583509 -1.197273 0.185380 0.498834 -0.339857 -0.429184
    54 1.535925 0.010248 0.005008 -0.002964 -0.491310 0.000890
    55 1.100770 0.004527 -0.010675 -0.002796 -0.975914 0.003459
  time 4
    0 7.809537 -3.256790 -12.443693 0.419884 -3.024266 -0.515320
    1 -0.071920 -8.498732 -0.104134 -0.777248 0.257969 0.108560
    2 -0.480402 -2.843485 2.688040 0.673012 -2.243426 1.543597
    3 -0.088869 0.170559 2.606216 -0.393785 1.196515 1.798619
    4 -0.011142 0.781255 -0.800262 1.900872 -0.084824 -0.012746
    5 0.000000 0.718097 -0.000002 -0.067308 0.000000 0.000000
    6 -0.000001 0.897711 1.580295 -0.150667 -0.044153 -0.157780
    7 -0.000000 -0.000000 0.811541 0.569018 -0.134605 0.274998
    8 2.140418 -1.398221 2.017368 -0.484671 0.217509 0.718560
    9 -2.118545 -1.390408 2.013463 2.513451 -0.480505 -0.777436
    10 0.078373 -2.090650 0.868908 -0.176167 0.008544 0.018050
    11 0.072788 -0.718144 3.103426 -1.000949 0.008544 0.018050
    12 1.775118 -0.139594 1.671897 0.513126 0.811034 3.113585
    13 -1.241366 -1.806391 1.056407 1.256939 -0.061300 2.555561
    14 1.239846 -1.806390 1.056407 1.163316 3.080293 0.586032
    15 1.218724 -1.798575 1.272704 -1.340342 0.061300 -2.555561
    16 0.004859 -0.122106 -0.000735 0.073338 0.041702 0.036316
    17 -1.061022 -1.480885 1.175125 -0.040286 -0.016832 -0.704468
    18 1.061021 -1.480883 1.175125 -0.206961 0.384959 -1.220118
    19 -0.001760 -2.447698 1.417189 0.231764 -0.000000 3.141592
    20 -1.220244 -1.798577 1.272703 -1.487043 -3.080293 -0.586032
    21 -0.004860 0.122106 0.000735 0.010737 0.041702 0.036316
    22 -9.814074 -2.363301 -6.612545 -0.224286 2.942856 0.412733
    23 0.096951 -8.450422 -0.009364 -0.682182 -0.317336 -0.172526
    24 -0.139400 -0.111699 0.014398 0.602950 -0.047021 1.569868
    25 1.164474 -2.543937 -0.170327 -0.892939 -0.125053 0.362744
    26 0.024034 -1.129039 0.017807 -0.966992 0.000000 -0.000001
    27 0.014896 -0.883992 -0.019847 -0.880350 0.000000 -0.000000
    28 0.447949 -2.798981 -0.200442 -0.603491 0.047193 0.204345
    29 -0.032909 -1.480206 0.004935 -0.749126 0.000000 0.000000
    30 -0.027023 -1.076921 -0.020212 -0.861688 0.000000 -0.000000
    31 -0.249535 -2.846962 -0.174215 -0.247435 0.073408 0.096039
    32 0.043235 -1.683941 0.096015 -0.728712 0.000001 0.000000
    33 0.031729 -1.160831 0.058834 -0.615230 -0.000000 -0.000000
    34 -0.963867 -2.785142 -0.085346 -0.071337 0.135327 -0.091592
    35 0.028477 -1.403065 0.006271 -0.479275 0.000001 0.000000
    36 0.021414 -0.957780 0.020046 -0.619990 0.000000 0.000000
    37 -0.591283 -1.257737 0.232709 -1.314263 -0.501754 -2.463107
    38 1.522835 0.058679 0.016852 0.001411 -0.280776 -0.046880
    39 1.117948 0.048424 -0.005766 -0.000123 -0.685190 0.059801
    40 0.120152 -0.050266 -0.054488 0.366862 3.144320 1.551255
    41 -1.180679 -2.507216 -0.193860 0.174078 0.013294 -0.477916
    42 -0.024968 -1.123935 0.017595 -0.399958 0.000000 0.000000
    43 -0.020059 -0.890964 0.010094 -0.763707 -0.000000 -0.000000
    44 -0.488518 -2.755600 -0.228259 0.021291 -0.012955 -0.306739
    45 0.039887 -1.479790 0.029853 -0.312801 0.000000 0.000000
    46 0.028784 -1.075732 -0.023109 -0.857892 -0.000000 -0.000000
    47 0.250027 -2.820664 -0.238394 0.058021 -0.058472 -0.078775
    48 -0.049760 -1.680543 0.100480 -0.624477 0.000000 -0.000000
    49 -0.034142 -1.148310 0.084779 -1.037172 0.000000 0.000000
    50 0.957767 -2.746777 -0.090299 -0.132358 -0.139206 0.276765
    51 -0.033420 -1.397126 -0.011255 -0.476372 0.000000 0.000001
    52 -0.022361 -0.957433 0.018785 -0.858670 0.000000 0.000000
    53 0.583509 -1.197273 0.185380 0.498834 -0.339857 -0.429184
    54 1.535925 0.010248 0.005008 -0.002964 -0.491310 0.000890
    55 1.100770 0.004527 -0.010675 -0.002796 -0.975914 0.003459
  time 5
    0 8.051732 -3.569300 -12.201498 0.466388 -3.027357 -0.547557
    1 -0.071920 -8.498732 -0.104134 -0.775771 0.259856 0.107768
    2 -0.480402 -2.843485 2.688040 0.673012 -2.243426 1.543597
    3 -0.088869 0.170559 2.606216 -0.393785 1.196515 1.798619
    4 -0.011142 0.781255 -0.800262 1.900872 -0.084824 -0.012746
    5 0.000000 0.718097 -0.000002 -0.067308 0.000000 0.000000
    6 -0.000001 0.897711 1.580295 -0.150667 -0.044153 -0.157780
    7 -0.000000 -0.000000 0.811541 0.569018 -0.134605 0.274998
    8 2.136511 -1.398221 2.017368 -0.485030 0.216647 0.716895
    9 -2.118545 -1.386502 2.013463 2.513451 -0.480505 -0.777436
    10 0.078373 -2.086743 0.868908 -0.176167 0.008544 0.018050
    11 0.072788 -0.714238 3.099520 -1.000949 0.008544 0.018050
    12 1.775118 -0.139594 1.671897 0.513126 0.811034 3.113585
    13 -1.241366 -1.806391 1.056407 1.256939 -0.061300 2.555561
    14 1.239846 -1.806390 1.056407 1.163316 3.080293 0.586032
    15 1.218724 -1.798575 1.272704 -1.340342 0.061300 -2.555561
    16 0.004859 -0.122106 -0.000735 0.073338 0.041702 0.036316
    17 -1.061022 -1.480885 1.175125 -0.046253 -0.019313 -0.705391
    18 1.061021 -1.480883 1.175125 -0.204459 0.392585 -1.224624
    19 -0.001760 -2.447698 1.417189 0.231764 -0.000000 3.141592
    20 -1.220244 -1.798577 1.272703 -1.487043 -3.080293 -0.586032
    21 -0.004860 0.122106 0.000735 0.010737 0.041702 0.036316
    22 -10.025017 -2.230485 -6.358630 -0.193928 2.905338 0.399914
    23 0.096951 -8.450422 -0.009364 -0.694713 -0.342925 -0.168182
    24 -0.139400 -0.111699 0.014398 0.602950 -0.047021 1.569868
    25 1.164474 -2.543937 -0.170327 -0.932229 -0.109305 0.381788
    26 0.024034 -1.129039 0.017807 -0.966992 0.000000 -0.000001
    27 0.014896 -0.883992 -0.019847 -0.880350 0.000000 -0.000000
    28 0.447949 -2.798981 -0.200442 -0.603491 0.047193 0.204345
    29 -0.032909 -1.480206 0.004935 -0.765566 0.000000 0.000000
    30 -0.027023 -1.076921 -0.020212 -0.861688 0.000000 -0.000000
    31 -0.249535 -2.846962 -0.174215 -0.227119 0.073408 0.096039
    32 0.043235 -1.683941 0.096015 -0.737291 0.000001 0.000000
    33 0.031729 -1.160831 0.058834 -0.615230 -0.000000 -0.000000
    34 -0.963867 -2.785142 -0.085346 -0.039631 0.135327 -0.091592
    35 0.028477 -1.403065 0.006271 -0.484525 0.000001 0.000000
    36 0.021414 -0.957780 0.020046 -0.685900 0.000000 0.000000
    37 -0.591283 -1.257737 0.232709 -1.313215 -0.569069 -2.440754
    38 1.522835 0.058679 0.016852 0.001411 -0.291673 -0.046880
    39 1.117948 0.048424 -0.005766 -0.000099 -0.726446 0.058735
    40 0.120152 -0.050266 -0.054488 0.366862 3.144320 1.551255
    41 -1.180679 -2.507216 -0.193860 0.174078 0.013294 -0.477916
    42 -0.024968 -1.123935 0.017595 -0.399958 0.000000 0.000000
    43 -0.020059 -0.890964 0.010094 -0.763707 -0.000000 -0.000000
    44 -0.488518 -2.755600 -0.228259 0.021291 -0.012955 -0.306739
    45 0.039887 -1.479790 0.029853 -0.312801 0.000000 0.000000
    46 0.028784 -1.075732 -0.023109 -0.857892 -0.000000 -0.000000
    47 0.250027 -2.820664 -0.238394 0.058002 -0.058472 -0.078775
    48 -0.049760 -1.680543 0.100480 -0.624477 0.000000 -0.000000
    49 -0.034142 -1.148310 0.084779 -1.037172 0.000000 0.000000
    50 0.957767 -2.746777 -0.090299 -0.132358 -0.139206 0.276765
    51 -0.033420 -1.397126 -0.011255 -0.476372 0.000000 0.000001
    52 -0.022361 -0.957433 0.018785 -0.858670 0.000000 0.000000
    53 0.583509 -1.197273 0.185380 0.498834 -0.339857 -0.429184
    54 1.535925 0.010248 0.005008 -0.002964 -0.491310 0.000890
    55 1.100770 0.004527 -0.010675 -0.002796 -0.975914 0.003459
  time 6
    0 8.270489 -3.846652 -11.967115 0.511377 -3.026397 -0.579611
    1 -0.071920 -8.498732 -0.104134 -0.771379 0.265482 0.105392
    2 -0.480402 -2.843485 2.688040 0.673012 -2.243426 1.543597
    3 -0.088869 0.170559 2.606216 -0.393785 1.196515 1.798619
    4 -0.011142 0.781255 -0.800262 1.900872 -0.084824 -0.012746
    5 0.000000 0.718097 -0.000002 -0.067308 0.000000 0.000000
    6 -0.000001 0.897711 1.580295 -0.150667 -0.044153 -0.157780
    7 -0.000000 -0.000000 0.811541 0.569018 -0.134605 0.274998
    8 2.136511 -1.398221 2.017368 -0.485306 0.215999 0.715636
    9 -2.114639 -1.386502 2.013463 2.513451 -0.480505 -0.777436
    10 0.078373 -2.082837 0.865002 -0.176167 0.008544 0.018050
    11 0.072788 -0.714238 3.095613 -1.000949 0.008544 0.018050
    12 1.775118 -0.139594 1.671897 0.513126 0.811034 3.113585
    13 -1.241366 -1.806391 1.056407 1.256939 -0.061300 2.555561
    14 1.239846 -1.806390 1.056407 1.163316 3.080293 0.586032
    15 1.218724 -1.798575 1.272704 -1.340342 0.061300 -2.555561
    16 0.004859 -0.122106 -0.000735 0.073338 0.041702 0.036316
    17 -1.061022 -1.480885 1.175125 -0.050773 -0.021206 -0.706109
    18 1.061021 -1.480883 1.175125 -0.202533 0.398343 -1.228049
    19 -0.001760 -2.447698 1.417189 0.231764 -0.000000 3.141592
    20 -1.220244 -1.798577 1.272703 -1.487043 -3.080293 -0.586032
    21 -0.004860 0.122106 0.000735 0.010737 0.041702 0.036316
    22 -10.212523 -2.113294 -6.132061 -0.163728 2.869365 0.389838
    23 0.096951 -8.450422 -0.009364 -0.683553 -0.362589 -0.165360
    24 -0.139400 -0.111699 0.014398 0.602950 -0.047021 1.569868
    25 1.164474 -2.543937 -0.170327 -0.958658 -0.098723 0.394587
    26 0.024034 -1.129039 0.017807 -0.966992 0.000000 -0.000001
    27 0.014896 -0.883992 -0.019847 -0.880350 0.000000 -0.000000
    28 0.447949 -2.798981 -0.200442 -0.603491 0.047193 0.204345
    29 -0.032909 -1.480206 0.004935 -0.779974 0.000000 0.000000
    30 -0.027023 -1.076921 -0.020212 -0.861688 0.000000 -0.000000
    31 -0.249535 -2.846962 -0.174215 -0.213425 0.073408 0.096039
    32 0.043235 -1.683941 0.096015 -0.744818 0.000001 0.000000
    33 0.031729 -1.160831 0.058834 -0.615230 -0.000000 -0.000000
    34 -0.963867 -2.785142 -0.085346 -0.008635 0.135327 -0.091592
    35 0.028477 -1.403065 0.006271 -0.489130 0.000001 0.000000
    36 0.021414 -0.957780 0.020046 -0.747500 0.000000 0.000000
    37 -0.591283 -1.257737 0.232709 -1.312258 -0.613846 -2.426256
    38 1.522835 0.058679 0.016852 0.001411 -0.299008 -0.046880
    39 1.117948 0.048424 -0.005766 -0.000087 -0.754228 0.058016
    40 0.120152 -0.050266 -0.054488 0.366862 3.144320 1.551255
    41 -1.180679 -2.507216 -0.193860 0.174078 0.013294 -0.477916
    42 -0.024968 -1.123935 0.017595 -0.399958 0.000000 0.000000
    43 -0.020059 -0.890964 0.010094 -0.763707 -0.000000 -0.000000
    44 -0.488518 -2.755600 -0.228259 0.021291 -0.012955 -0.306739
    45 0.039887 -1.479790 0.029853 -0.312801 0.000000 0.000000
    46 0.028784 -1.075732 -0.023109 -0.857892 -0.000000 -0.000000
    47 0.250027 -2.820664 -0.238394 0.058002 -0.058472 -0.078775
    48 -0.049760 -1.680543 0.100480 -0.624477 0.000000 -0.000000
    49 -0.034142 -1.148310 0.084779 -1.037172 0.000000 0.000000
    50 0.957767 -2.746777 -0.090299 -0.132358 -0.139206 0.276765
    51 -0.033420 -1.397126 -0.011255 -0.476372 0.000000 0.000001
    52 -0.022361 -0.957433 0.018785 -0.858670 0.000000 0.000000
    53 0.583509 -1.197273 0.185380 0.498834 -0.339857 -0.429184
    54 1.535925 0.010248 0.005008 -0.002964 -0.491310 0.000890
    55 1.100770 0.004527 -0.010675 -0.002796 -0.975914 0.003459
  time 7
    0 8.461901 -4.092753 -11.736640 0.554701 -3.021384 -0.611573
    1 -0.071920 -8.498732 -0.104134 -0.764033 0.274917 0.101446
    2 -0.480402 -2.843485 2.688040 0.673012 -2.243426 1.543597
    3 -0.088869 0.170559 2.606216 -0.393785 1.196515 1.798619
    4 -0.011142 0.781255 -0.800262 1.900872 -0.084824 -0.012746
    5 0.000000 0.718097 -0.000002 -0.067308 0.000000 0.000000
    6 -0.000001 0.897711 1.580295 -0.150667 -0.044153 -0.157780
    7 -0.000000 -0.000000 0.811541 0.569018 -0.134605 0.274998
    8 2.132605 -1.398221 2.017368 -0.485498 0.215544 0.714737
    9 -2.114639 -1.386502 2.013463 2.513451 -0.480505 -0.777436
    10 0.078373 -2.082837 0.865002 -0.176167 0.008544 0.018050
    11 0.072788 -0.714238 3.095613 -1.000949 0.008544 0.018050
    12 1.775118 -0.139594 1.671897 0.513126 0.811034 3.113585
    13 -1.241366 -1.806391 1.056407 1.256939 -0.061300 2.555561
    14 1.239846 -1.806390 1.056407 1.163316 3.080293 0.586032
    15 1.218724 -1.798575 1.272704 -1.340342 0.061300 -2.555561
    16 0.004859 -0.122106 -0.000735 0.073338 0.041702 0.036316
    17 -1.061022 -1.480885 1.175125 -0.053978 -0.022549 -0.706621
    18 1.061021 -1.480883 1.175125 -0.201186 0.402447 -1.230453
    19 -0.001760 -2.447698 1.417189 0.231764 -0.000000 3.141592
    20 -1.220244 -1.798577 1.272703 -1.487043 -3.080293 -0.586032
    21 -0.004860 0.122106 0.000735 0.010737 0.041702 0.036316
    22 -10.372684 -2.015635 -5.928930 -0.133659 2.834832 0.382147
    23 0.096951 -8.450422 -0.009364 -0.652112 -0.382843 -0.162988
    24 -0.139400 -0.111699 0.014398 0.602950 -0.047021 1.569868
    25 1.164474 -2.543937 -0.170327 -0.968333 -0.094840 0.399285
    26 0.024034 -1.129039 0.017807 -0.966992 0.000000 -0.000001
    27 0.014896 -0.883992 -0.019847 -0.880350 0.000000 -0.000000
    28 0.447949 -2.798981 -0.200442 -0.603491 0.047193 0.204345
    29 -0.032909 -1.480206 0.004935 -0.786163 0.000000 0.000000
    30 -0.027023 -1.076921 -0.020212 -0.861688 0.000000 -0.000000
    31 -0.249535 -2.846962 -0.174215 -0.208379 0.073408 0.096039
    32 0.043235 -1.683941 0.096015 -0.748056 0.000001 0.000000
    33 0.031729 -1.160831 0.058834 -0.615230 -0.000000 -0.000000
    34 -0.963867 -2.785142 -0.085346 0.021591 0.135327 -0.091592
    35 0.028477 -1.403065 0.006271 -0.491084 0.000001 0.000000
    36 0.021414 -0.957780 0.020046 -0.803865 0.000000 0.000000
    37 -0.591283 -1.257737 0.232709 -1.311843 -0.630099 -2.421106
    38 1.522835 0.058679 0.016852 0.001411 -0.301688 -0.046880
    39 1.117948 0.048424 -0.005766 -0.000075 -0.764397 0.057752
    40 0.120152 -0.050266 -0.054488 0.366862 3.144320 1.551255
    41 -1.180679 -2.507216 -0.193860 0.174078 0.013294 -0.477916
    42 -0.024968 -1.123935 0.017595 -0.399958 0.000000 0.000000
    43 -0.020059 -0.890964 0.010094 -0.763707 -0.000000 -0.000000
    44 -0.488518 -2.755600 -0.228259 0.021291 -0.012955 -0.306739
    45 0.039887 -1.479790 0.029853 -0.312801 0.000000 0.000000
    46 0.028784 -1.075732 -0.023109 -0.857892 -0.000000 -0.000000
    47 0.250027 -2.820664 -0.238394 0.058002 -0.058472 -0.078775
    48 -0.049760 -1.680543 0.100480 -0.624477 0.000000 -0.000000
    49 -0.034142 -1.148310 0.084779 -1.037172 0.000000 0.000000
    50 0.957767 -2.746777 -0.090299 -0.132358 -0.139206 0.276765
    51 -0.033420 -1.397126 -0.011255 -0.476372 0.000000 0.000001
    52 -0.022361 -0.957433 0.018785 -0.858670 0.000000 0.000000
    53 0.583509 -1.197273 0.185380 0.498834 -0.339857 -0.429184
    54 1.535925 0.010248 0.005008 -0.002964 -0.491310 0.000890
    55 1.100770 0.004527 -0.010675 -0.002796 -0.975914 0.003459
  time 8
    0 8.625968 -4.307603 -11.510071 0.596509 -3.012360 -0.643351
    1 -0.071920 -8.498732 -0.104134 -0.753735 0.288091 0.095931
    2 -0.480402 -2.843485 2.688040 0.673012 -2.243426 1.543597
    3 -0.088869 0.170559 2.606216 -0.393785 1.196515 1.798619
    4 -0.011142 0.781255 -0.800262 1.900872 -0.084824 -0.012746
    5 0.000000 0.718097 -0.000002 -0.067308 0.000000 0.000000
    6 -0.000001 0.897711 1.580295 -0.150667 -0.044153 -0.157780
    7 -0.000000 -0.000000 0.811541 0.569018 -0.134605 0.274998
    8 2.132605 -1.398221 2.017368 -0.485606 0.215256 0.714186
    9 -2.114639 -1.382596 2.009557 2.513451 -0.480505 -0.777436
    10 0.078373 -2.082837 0.865002 -0.176167 0.008544 0.018050
    11 0.072788 -0.710331 3.095613 -1.000949 0.008544 0.018050
    12 1.775118 -0.139594 1.671897 0.513126 0.811034 3.113585
    13 -1.241366 -1.806391 1.056407 1.256939 -0.061300 2.555561
    14 1.239846 -1.806390 1.056407 1.163316 3.080293 0.586032
    15 1.218724 -1.798575 1.272704 -1.340342 0.061300 -2.555561
    16 0.004859 -0.122106 -0.000735 0.073338 0.041702 0.036316
    17 -1.061022 -1.480885 1.175125 -0.055950 -0.023380 -0.706929
    18 1.061021 -1.480883 1.175125 -0.200352 0.404958 -1.231925
    19 -0.001760 -2.447698 1.417189 0.231764 -0.000000 3.141592
    20 -1.220244 -1.798577 1.272703 -1.487043 -3.080293 -0.586032
    21 -0.004860 0.122106 0.000735 0.010737 0.041702 0.036316
    22 -10.505501 -1.933601 -5.749237 -0.103722 2.801870 0.376483
    23 0.096951 -8.450422 -0.009364 -0.603262 -0.403406 -0.160984
    24 -0.139400 -0.111699 0.014398 0.602950 -0.047021 1.569868
    25 1.164474 -2.543937 -0.170327 -0.969002 -0.094564 0.399609
    26 0.024034 -1.129039 0.017807 -0.966992 0.000000 -0.000001
    27 0.014896 -0.883992 -0.019847 -0.880350 0.000000 -0.000000
    28 0.447949 -2.798981 -0.200442 -0.603491 0.047193 0.204345
    29 -0.032909 -1.480206 0.004935 -0.827738 0.000000 0.000000
    30 -0.027023 -1.076921 -0.020212 -0.861688 0.000000 -0.000000
    31 -0.249535 -2.846962 -0.174215 -0.208064 0.073408 0.096039
    32 0.043235 -1.683941 0.096015 -0.767442 0.000001 0.000000
    33 0.031729 -1.160831 0.058834 -0.615230 -0.000000 -0.000000
    34 -0.963867 -2.785142 -0.085346 0.053667 0.135327 -0.091592
    35 0.028477 -1.403065 0.006271 -0.502038 0.000001 0.000000
    36 0.021414 -0.957780 0.020046 -0.854091 0.000000 0.000000
    37 -0.591283 -1.257737 0.232709 -1.309639 -0.630069 -2.424374
    38 1.522835 0.058679 0.016852 0.001411 -0.301882 -0.046880
    39 1.117948 0.048424 -0.005766 -0.000075 -0.765091 0.057740
    40 0.120152 -0.050266 -0.054488 0.366862 3.144320 1.551255
    41 -1.180679 -2.507216 -0.193860 0.174078 0.013294 -0.477916
    42 -0.024968 -1.123935 0.017595 -0.399958 0.000000 0.000000
    43 -0.020059 -0.890964 0.010094 -0.763707 -0.000000 -0.000000
    44 -0.488518 -2.755600 -0.228259 0.021291 -0.012955 -0.306739
    45 0.039887 -1.479790 0.029853 -0.312801 0.000000 0.000000
    46 0.028784 -1.075732 -0.023109 -0.857892 -0.000000 -0.000000
    47 0.250027 -2.820664 -0.238394 0.058021 -0.058472 -0.078775
    48 -0.049760 -1.680543 0.100480 -0.624477 0.000000 -0.000000
    49 -0.034142 -1.148310 0.084779 -1.037172 0.000000 0.000000
    50 0.957767 -2.746777 -0.090299 -0.132358 -0.139206 0.276765
    51 -0.033420 -1.397126 -0.011255 -0.476372 0.000000 0.000001
    52 -0.022361 -0.957433 0.018785 -0.858670 0.000000 0.000000
    53 0.583509 -1.197273 0.185380 0.498834 -0.339857 -0.429184
    54 1.535925 0.010248 0.005008 -0.002964 -0.491310 0.000890
    55 1.100770 0.004527 -0.010675 -0.002796 -0.975914 0.003459
  time 9
    0 8.766598 -4.487296 -11.287407 0.636727 -2.999285 -0.675037
    1 -0.071920 -8.498732 -0.104134 -0.738970 0.311189 0.086912
    2 -0.480402 -2.843485 2.688040 0.673012 -2.243426 1.543597
    3 -0.088869 0.170559 2.606216 -0.393785 1.196515 1.798619
    4 -0.011142 0.781255 -0.800262 1.900872 -0.084824 -0.012746
    5 0.000000 0.718097 -0.000002 -0.067308 0.000000 0.000000
    6 -0.000001 0.897711 1.580295 -0.150667 -0.044153 -0.157780
    7 -0.000000 -0.000000 0.811541 0.569018 -0.134605 0.274998
    8 2.132605 -1.398221 2.017368 -0.485666 0.215136 0.713946
    9 -2.114639 -1.382596 2.009557 2.513451 -0.480505 -0.777436
    10 0.078373 -2.082837 0.865002 -0.176167 0.008544 0.018050
    11 0.072788 -0.710331 3.095613 -1.000949 0.008544 0.018050
    12 1.775118 -0.139594 1.671897 0.513126 0.811034 3.113585
    13 -1.241366 -1.806391 1.056407 1.256939 -0.061300 2.555561
    14 1.239846 -1.806390 1.056407 1.163316 3.080293 0.586032
    15 1.218724 -1.798575 1.272704 -1.340342 0.061300 -2.555561
    16 0.004859 -0.122106 -0.000735 0.073338 0.041702 0.036316
    17 -1.061022 -1.480885 1.175125 -0.056805 -0.023725 -0.707052
    18 1.061021 -1.480883 1.175125 -0.199999 0.406061 -1.232556
    19 -0.001760 -2.447698 1.417189 0.231764 -0.000000 3.141592
    20 -1.220244 -1.798577 1.272703 -1.487043 -3.080293 -0.586032
    21 -0.004860 0.122106 0.000735 0.010737 0.041702 0.036316
    22 -10.614879 -1.867193 -5.596889 -0.073942 2.770452 0.372667
    23 0.096951 -8.450422 -0.009364 -0.539936 -0.423939 -0.159317
    24 -0.139400 -0.111699 0.014398 0.602950 -0.047021 1.569868
    25 1.164474 -2.543937 -0.170327 -0.970929 -0.093809 0.400532
    26 0.024034 -1.129039 0.017807 -0.966992 0.000000 -0.000001
    27 0.014896 -0.883992 -0.019847 -0.880350 0.000000 -0.000000
    28 0.447949 -2.798981 -0.200442 -0.603491 0.047193 0.204345
    29 -0.032909 -1.480206 0.004935 -0.931708 0.000000 0.000000
    30 -0.027023 -1.076921 -0.020212 -0.861688 0.000000 -0.000000
    31 -0.249535 -2.846962 -0.174215 -0.207073 0.073408 0.096039
    32 0.043235 -1.683941 0.096015 -0.818557 0.000001 0.000000
    33 0.031729 -1.160831 0.058834 -0.615230 -0.000000 -0.000000
    34 -0.963867 -2.785142 -0.085346 0.089104 0.135327 -0.091592
    35 0.028477 -1.403065 0.006271 -0.531744 0.000001 0.000000
    36 0.021414 -0.957780 0.020046 -0.897232 0.000000 0.000000
    37 -0.591283 -1.257737 0.232709 -1.303425 -0.630009 -2.433592
    38 1.522835 0.058679 0.016852 0.001411 -0.302406 -0.046880
    39 1.117948 0.048424 -0.005766 -0.000075 -0.767101 0.057692
    40 0.120152 -0.050266 -0.054488 0.366862 3.144320 1.551255
    41 -1.180679 -2.507216 -0.193860 0.174078 0.013294 -0.477916
    42 -0.024968 -1.123935 0.017595 -0.399958 0.000000 0.000000
    43 -0.020059 -0.890964 0.010094 -0.763707 -0.000000 -0.000000
    44 -0.488518 -2.755600 -0.228259 0.021291 -0.012955 -0.306739
    45 0.039887 -1.479790 0.029853 -0.312801 0.000000 0.000000
    46 0.028784 -1.075732 -0.023109 -0.857892 -0.000000 -0.000000
    47 0.250027 -2.820664 -0.238394 0.058021 -0.058472 -0.078775
    48 -0.049760 -1.680543 0.100480 -0.624477 0.000000 -0.000000
    49 -0.034142 -1.148310 0.084779 -1.037172 0.000000 0.000000
    50 0.957767 -2.746777 -0.090299 -0.132358 -0.139206 0.276765
    51 -0.033420 -1.397126 -0.011255 -0.476372 0.000000 0.000001
    52 -0.022361 -0.957433 0.018785 -0.858670 0.000000 0.000000
    53 0.583509 -1.197273 0.185380 0.498834 -0.339857 -0.429184
    54 1.535925 0.010248 0.005008 -0.002964 -0.491310 0.000890
    55 1.100770 0.004527 -0.010675 -0.002796 -0.975914 0.003459
  time 10
    0 8.883788 -4.635738 -11.072557 0.675355 -2.982199 -0.706540
    1 -0.071920 -8.498732 -0.104134 -0.718668 0.348159 0.073155
    2 -0.480402 -2.843485 2.688040 0.673012 -2.243426 1.543597
    3 -0.088869 0.170559 2.606216 -0.393785 1.196515 1.798619
    4 -0.011142 0.781255 -0.800262 1.900872 -0.084824 -0.012746
    5 0.000000 0.718097 -0.000002 -0.067308 0.000000 0.000000
    6 -0.000001 0.897711 1.580295 -0.150667 -0.044153 -0.157780
    7 -0.000000 -0.000000 0.811541 0.569018 -0.134605 0.274998
    8 2.132605 -1.398221 2.017368 -0.485654 0.215148 0.713994
    9 -2.114639 -1.382596 2.009557 2.513451 -0.480505 -0.777436
    10 0.078373 -2.082837 0.865002 -0.176167 0.008544 0.018050
    11 0.072788 -0.710331 3.095613 -1.000949 0.008544 0.018050
    12 1.775118 -0.139594 1.671897 0.513126 0.811034 3.113585
    13 -1.241366 -1.806391 1.056407 1.256939 -0.061300 2.555561
    14 1.239846 -1.806390 1.056407 1.163316 3.080293 0.586032
    15 1.218724 -1.798575 1.272704 -1.340342 0.061300 -2.555561
    16 0.004859 -0.122106 -0.000735 0.073338 0.041702 0.036316
    17 -1.061022 -1.480885 1.175125 -0.056657 -0.023661 -0.707032
    18 1.061021 -1.480883 1.175125 -0.200063 0.405847 -1.232466
    19 -0.001760 -2.447698 1.417189 0.231764 -0.000000 3.141592
    20 -1.220244 -1.798577 1.272703 -1.487043 -3.080293 -0.586032
    21 -0.004860 0.122106 0.000735 0.010737 0.041702 0.036316
    22 -10.693007 -1.816410 -5.471885 -0.044294 2.740658 0.370282
    23 0.096951 -8.450422 -0.009364 -0.465098 -0.444100 -0.157891
    24 -0.139400 -0.111699 0.014398 0.602950 -0.047021 1.569868
    25 1.164474 -2.543937 -0.170327 -0.973879 -0.092611 0.401970
    26 0.024034 -1.129039 0.017807 -0.966992 0.000000 -0.000001
    27 0.014896 -0.883992 -0.019847 -0.880350 0.000000 -0.000000
    28 0.447949 -2.798981 -0.200442 -0.603491 0.047193 0.204345
    29 -0.032909 -1.480206 0.004935 -1.066843 0.000000 0.000000
    30 -0.027023 -1.076921 -0.020212 -0.861688 0.000000 -0.000000
    31 -0.249535 -2.846962 -0.174215 -0.205541 0.073408 0.096039
    32 0.043235 -1.683941 0.096015 -0.890802 0.000001 0.000000
    33 0.031729 -1.160831 0.058834 -0.615230 -0.000000 -0.000000
    34 -0.963867 -2.785142 -0.085346 0.126362 0.135327 -0.091592
    35 0.028477 -1.403065 0.006271 -0.575509 0.000001 0.000000
    36 0.021414 -0.957780 0.020046 -0.932405 0.000000 0.000000
    37 -0.591283 -1.257737 0.232709 -1.293797 -0.629874 -2.447852
    38 1.522835 0.058679 0.016852 0.001411 -0.303230 -0.046880
    39 1.117948 0.048424 -0.005766 -0.000075 -0.770222 0.057608
    40 0.120152 -0.050266 -0.054488 0.366862 3.144320 1.551255
    41 -1.180679 -2.507216 -0.193860 0.174078 0.013294 -0.477916
    42 -0.024968 -1.123935 0.017595 -0.399958 0.000000 0.000000
    43 -0.020059 -0.890964 0.010094 -0.763707 -0.000000 -0.000000
    44 -0.488518 -2.755600 -0.228259 0.021291 -0.012955 -0.306739
    45 0.039887 -1.479790 0.029853 -0.312801 0.000000 0.000000
    46 0.028784 -1.075732 -0.023109 -0.857892 -0.000000 -0.000000
    47 0.250027 -2.820664 -0.238394 0.058002 -0.058472 -0.078775
    48 -0.049760 -1.680543 0.100480 -0.624477 0.000000 -0.000000
    49 -0.034142 -1.148310 0.084779 -1.037172 0.000000 0.000000
    50 0.957767 -2.746777 -0.090299 -0.132358 -0.139206 0.276765
    51 -0.033420 -1.397126 -0.011255 -0.476372 0.000000 0.000001
    52 -0.022361 -0.957433 0.018785 -0.858670 0.000000 0.000000
    53 0.583509 -1.197273 0.185380 0.498834 -0.339857 -0.429184
    54 1.535925 0.010248 0.005008 -0.002964 -0.491310 0.000890
    55 1.100770 0.004527 -0.010675 -0.002796 -0.975914 0.003459
  time 11
    0 8.973635 -4.749023 -10.857707 0.712391 -2.961019 -0.737950
    1 -0.071920 -8.498732 -0.104134 -0.693679 0.395613 0.055712
    2 -0.480402 -2.843485 2.688040 0.673012 -2.243426 1.543597
    3 -0.088869 0.170559 2.606216 -0.393785 1.196515 1.798619
    4 -0.011142 0.781255 -0.800262 1.900872 -0.084824 -0.012746
    5 0.000000 0.718097 -0.000002 -0.067308 0.000000 0.000000
    6 -0.000001 0.897711 1.580295 -0.150667 -0.044153 -0.157780
    7 -0.000000 -0.000000 0.811541 0.569018 -0.134605 0.274998
    8 2.132605 -1.398221 2.017368 -0.485594 0.215304 0.714294
    9 -2.114639 -1.382596 2.009557 2.513451 -0.480505 -0.777436
    10 0.078373 -2.082837 0.865002 -0.176167 0.008544 0.018050
    11 0.072788 -0.714238 3.095613 -1.000949 0.008544 0.018050
    12 1.775118 -0.139594 1.671897 0.513126 0.811034 3.113585
    13 -1.241366 -1.806391 1.056407 1.256939 -0.061300 2.555561
    14 1.239846 -1.806390 1.056407 1.163316 3.080293 0.586032
    15 1.218724 -1.798575 1.272704 -1.340342 0.061300 -2.555561
    16 0.004859 -0.122106 -0.000735 0.073338 0.041702 0.036316
    17 -1.061022 -1.480885 1.175125 -0.055589 -0.023226 -0.706867
    18 1.061021 -1.480883 1.175125 -0.200512 0.404499 -1.231655
    19 -0.001760 -2.447698 1.417189 0.231764 -0.000000 3.141592
    20 -1.220244 -1.798577 1.272703 -1.487043 -3.080293 -0.586032
    21 -0.004860 0.122106 0.000735 0.010737 0.041702 0.036316
    22 -10.747696 -1.781252 -5.366413 -0.014803 2.712461 0.369030
    23 0.096951 -8.450422 -0.009364 -0.381619 -0.463578 -0.156657
    24 -0.139400 -0.111699 0.014398 0.602950 -0.047021 1.569868
    25 1.164474 -2.543937 -0.170327 -0.977733 -0.091064 0.403839
    26 0.024034 -1.129039 0.017807 -0.966992 0.000000 -0.000001
    27 0.014896 -0.883992 -0.019847 -0.880350 0.000000 -0.000000
    28 0.447949 -2.798981 -0.200442 -0.603491 0.047193 0.204345
    29 -0.032909 -1.480206 0.004935 -1.202042 0.000000 0.000000
    30 -0.027023 -1.076921 -0.020212 -0.861688 0.000000 -0.000000
    31 -0.249535 -2.846962 -0.174215 -0.203514 0.073408 0.096039
    32 0.043235 -1.683941 0.096015 -0.973666 0.000001 0.000000
    33 0.031729 -1.160831 0.058834 -0.615230 -0.000000 -0.000000
    34 -0.963867 -2.785142 -0.085346 0.163805 0.135327 -0.091592
    35 0.028477 -1.403065 0.006271 -0.628659 0.000001 0.000000
    36 0.021414 -0.957780 0.020046 -0.958664 0.000000 0.000000
    37 -0.591283 -1.257737 0.232709 -1.281406 -0.629680 -2.466223
    38 1.522835 0.058679 0.016852 0.001411 -0.304307 -0.046880
    39 1.117948 0.048424 -0.005766 -0.000075 -0.774266 0.057500
    40 0.120152 -0.050266 -0.054488 0.366862 3.144320 1.551255
    41 -1.180679 -2.507216 -0.193860 0.174078 0.013294 -0.477916
    42 -0.024968 -1.123935 0.017595 -0.399958 0.000000 0.000000
    43 -0.020059 -0.890964 0.010094 -0.763707 -0.000000 -0.000000
    44 -0.488518 -2.755600 -0.228259 0.021291 -0.012955 -0.306739
    45 0.039887 -1.479790 0.029853 -0.312801 0.000000 0.000000
    46 0.028784 -1.075732 -0.023109 -0.857892 -0.000000 -0.000000
    47 0.250027 -2.820664 -0.238394 0.058002 -0.058472 -0.078775
    48 -0.049760 -1.680543 0.100480 -0.624477 0.000000 -0.000000
    49 -0.034142 -1.148310 0.084779 -1.037172 0.000000 0.000000
    50 0.957767 -2.746777 -0.090299 -0.132358 -0.139206 0.276765
    51 -0.033420 -1.397126 -0.011255 -0.476372 0.000000 0.000001
    52 -0.022361 -0.957433 0.018785 -0.858670 0.000000 0.000000
    53 0.583509 -1.197273 0.185380 0.498834 -0.339857 -0.429184
    54 1.535925 0.010248 0.005008 -0.002964 -0.491310 0.000890
    55 1.100770 0.004527 -0.010675 -0.002796 -0.975914 0.003459
  time 12
    0 9.036137 -4.831057 -10.650669 0.747838 -2.935829 -0.769177
    1 -0.071920 -8.498732 -0.104134 -0.664924 0.450195 0.035648
    2 -0.480402 -2.843485 2.688040 0.673012 -2.243426 1.543597
    3 -0.088869 0.170559 2.606216 -0.393785 1.196515 1.798619
    4 -0.011142 0.781255 -0.800262 1.900872 -0.084824 -0.012746
    5 0.000000 0.718097 -0.000002 -0.067308 0.000000 0.000000
    6 -0.000001 0.897711 1.580295 -0.150667 -0.044153 -0.157780
    7 -0.000000 -0.000000 0.811541 0.569018 -0.134605 0.274998
    8 2.132605 -1.398221 2.017368 -0.485474 0.215580 0.714809
    9 -2.114639 -1.386502 2.013463 2.513451 -0.480505 -0.777436
    10 0.078373 -2.082837 0.865002 -0.176167 0.008544 0.018050
    11 0.072788 -0.714238 3.095613 -1.000949 0.008544 0.018050
    12 1.775118 -0.139594 1.671897 0.513126 0.811034 3.113585
    13 -1.241366 -1.806391 1.056407 1.256939 -0.061300 2.555561
    14 1.239846 -1.806390 1.056407 1.163316 3.080293 0.586032
    15 1.218724 -1.798575 1.272704 -1.340342 0.061300 -2.555561
    16 0.004859 -0.122106 -0.000735 0.073338 0.041702 0.036316
    17 -1.061022 -1.480885 1.175125 -0.053715 -0.022434 -0.706580
    18 1.061021 -1.480883 1.175125 -0.201314 0.402110 -1.230243
    19 -0.001760 -2.447698 1.417189 0.231764 -0.000000 3.141592
    20 -1.220244 -1.798577 1.272703 -1.487043 -3.080293 -0.586032
    21 -0.004860 0.122106 0.000735 0.010737 0.041702 0.036316
    22 -10.778947 -1.765627 -5.292192 0.014531 2.685939 0.368732
    23 0.096951 -8.450422 -0.009364 -0.292432 -0.482017 -0.155535
    24 -0.139400 -0.111699 0.014398 0.602950 -0.047021 1.569868
    25 1.164474 -2.543937 -0.170327 -0.982295 -0.089243 0.406044
    26 0.024034 -1.129039 0.017807 -0.966992 0.000000 -0.000001
    27 0.014896 -0.883992 -0.019847 -0.880350 0.000000 -0.000000
    28 0.447949 -2.798981 -0.200442 -0.603491 0.047193 0.204345
    29 -0.032909 -1.480206 0.004935 -1.306011 0.000000 0.000000
    30 -0.027023 -1.076921 -0.020212 -0.861688 0.000000 -0.000000
    31 -0.249535 -2.846962 -0.174215 -0.201172 0.073408 0.096039
    32 0.043235 -1.683941 0.096015 -1.056508 0.000001 0.000000
    33 0.031729 -1.160831 0.058834 -0.615230 -0.000000 -0.000000
    34 -0.963867 -2.785142 -0.085346 0.199890 0.135327 -0.091592
    35 0.028477 -1.403065 0.006271 -0.686500 0.000001 0.000000
    36 0.021414 -0.957780 0.020046 -0.975084 0.000000 0.000000
    37 -0.591283 -1.257737 0.232709 -1.266847 -0.629395 -2.487775
    38 1.522835 0.058679 0.016852 0.001411 -0.305565 -0.046880
    39 1.117948 0.048424 -0.005766 -0.000075 -0.779074 0.057380
    40 0.120152 -0.050266 -0.054488 0.366862 3.144320 1.551255
    41 -1.180679 -2.507216 -0.193860 0.174078 0.013294 -0.477916
    42 -0.024968 -1.123935 0.017595 -0.399958 0.000000 0.000000
    43 -0.020059 -0.890964 0.010094 -0.763707 -0.000000 -0.000000
    44 -0.488518 -2.755600 -0.228259 0.021291 -0.012955 -0.306739
    45 0.039887 -1.479790 0.029853 -0.312801 0.000000 0.000000
    46 0.028784 -1.075732 -0.023109 -0.857892 -0.000000 -0.000000
    47 0.250027 -2.820664 -0.238394 0.058002 -0.058472 -0.078775
    48 -0.049760 -1.680543 0.100480 -0.624477 0.000000 -0.000000
    49 -0.034142 -1.148310 0.084779 -1.037172 0.000000 0.000000
    50 0.957767 -2.746777 -0.090299 -0.132358 -0.139206 0.276765
    51 -0.033420 -1.397126 -0.011255 -0.476372 0.000000 0.000001
    52 -0.022361 -0.957433 0.018785 -0.858670 0.000000 0.000000
    53 0.583509 -1.197273 0.185380 0.498834 -0.339857 -0.429184
    54 1.535925 0.010248 0.005008 -0.002964 -0.491310 0.000890
    55 1.100770 0.004527 -0.010675 -0.002796 -0.975914 0.003459
  time 13
    0 9.075200 -4.881840 -10.443632 0.781694 -2.906587 -0.800313
    1 -0.071920 -8.498732 -0.104134 -0.633254 0.508551 0.014000
    2 -0.480402 -2.843485 2.688040 0.673012 -2.243426 1.543597
    3 -0.088869 0.170559 2.606216 -0.393785 1.196515 1.798619
    4 -0.011142 0.781255 -0.800262 1.900872 -0.084824 -0.012746
    5 0.000000 0.718097 -0.000002 -0.067308 0.000000 0.000000
    6 -0.000001 0.897711 1.580295 -0.150667 -0.044153 -0.157780
    7 -0.000000 -0.000000 0.811541 0.569018 -0.134605 0.274998
    8 2.132605 -1.398221 2.017368 -0.485318 0.215951 0.715528
    9 -2.114639 -1.386502 2.013463 2.513451 -0.480505 -0.777436
    10 0.078373 -2.082837 0.865002 -0.176167 0.008544 0.018050
    11 0.072788 -0.714238 3.095613 -1.000949 0.008544 0.018050
    12 1.775118 -0.139594 1.671897 0.513126 0.811034 3.113585
    13 -1.241366 -1.806391 1.056407 1.256939 -0.061300 2.555561
    14 1.239846 -1.806390 1.056407 1.163316 3.080293 0.586032
    15 1.218724 -1.798575 1.272704 -1.340342 0.061300 -2.555561
    16 0.004859 -0.122106 -0.000735 0.073338 0.041702 0.036316
    17 -1.061022 -1.480885 1.175125 -0.051151 -0.021359 -0.706170
    18 1.061021 -1.480883 1.175125 -0.202405 0.398833 -1.228320
    19 -0.001760 -2.447698 1.417189 0.231764 -0.000000 3.141592
    20 -1.220244 -1.798577 1.272703 -1.487043 -3.080293 -0.586032
    21 -0.004860 0.122106 0.000735 0.010737 0.041702 0.036316
    22 -10.763321 -1.777346 -5.253128 0.044415 2.660989 0.373562
    23 0.096951 -8.450422 -0.009364 -0.200503 -0.499138 -0.154461
    24 -0.139400 -0.111699 0.014398 0.602950 -0.047021 1.569868
    25 1.164474 -2.543937 -0.170327 -0.987408 -0.087193 0.408513
    26 0.024034 -1.129039 0.017807 -0.966992 0.000000 -0.000001
    27 0.014896 -0.883992 -0.019847 -0.880350 0.000000 -0.000000
    28 0.447949 -2.798981 -0.200442 -0.603491 0.047193 0.204345
    29 -0.032909 -1.480206 0.004935 -1.347587 0.000000 0.000000
    30 -0.027023 -1.076921 -0.020212 -0.861688 0.000000 -0.000000
    31 -0.249535 -2.846962 -0.174215 -0.198514 0.073408 0.096039
    32 0.043235 -1.683941 0.096015 -1.128796 0.000001 0.000000
    33 0.031729 -1.160831 0.058834 -0.615230 -0.000000 -0.000000
    34 -0.963867 -2.785142 -0.085346 0.232984 0.135327 -0.091592
    35 0.028477 -1.403065 0.006271 -0.744360 0.000001 0.000000
    36 0.021414 -0.957780 0.020046 -0.980760 0.000000 0.000000
    37 -0.591283 -1.257737 0.232709 -1.250753 -0.629006 -2.511642
    38 1.522835 0.058679 0.016852 0.001411 -0.306987 -0.046880
    39 1.117948 0.048424 -0.005766 -0.000063 -0.784436 0.057237
    40 0.120152 -0.050266 -0.054488 0.366862 3.144320 1.551255
    41 -1.180679 -2.507216 -0.193860 0.174078 0.013294 -0.477916
    42 -0.024968 -1.123935 0.017595 -0.399958 0.000000 0.000000
    43 -0.020059 -0.890964 0.010094 -0.763707 -0.000000 -0.000000
    44 -0.488518 -2.755600 -0.228259 0.021291 -0.012955 -0.306739
    45 0.039887 -1.479790 0.029853 -0.312816 0.000000 0.000000
    46 0.028784 -1.075732 -0.023109 -0.857892 -0.000000 -0.000000
    47 0.250027 -2.820664 -0.238394 0.058002 -0.058472 -0.078775
    48 -0.049760 -1.680543 0.100480 -0.624477 0.000000 -0.000000
    49 -0.034142 -1.148310 0.084779 -1.037172 0.000000 0.000000
    50 0.957767 -2.746777 -0.090299 -0.132358 -0.139206 0.276765
    51 -0.033420 -1.397126 -0.011255 -0.476372 0.000000 0.000001
    52 -0.022361 -0.957433 0.018785 -0.858670 0.000000 0.000000
    53 0.583509 -1.197273 0.185380 0.498834 -0.339857 -0.429184
    54 1.535925 0.010248 0.005008 -0.002964 -0.491310 0.000890
    55 1.100770 0.004527 -0.010675 -0.002796 -0.975914 0.003459
  time 14
    0 9.067388 -4.874027 -10.240500 0.814489 -2.869157 -0.832734
    1 -0.071920 -8.498732 -0.104134 -0.599479 0.567291 -0.008166
    2 -0.480402 -2.843485 2.688040 0.673012 -2.243426 1.543597
    3 -0.088869 0.170559 2.606216 -0.393785 1.196515 1.798619
    4 -0.011142 0.781255 -0.800262 1.900872 -0.084824 -0.012746
    5 0.000000 0.718097 -0.000002 -0.067308 0.000000 0.000000
    6 -0.000001 0.897711 1.580295 -0.150667 -0.044153 -0.157780
    7 -0.000000 -0.000000 0.811541 0.569018 -0.134605 0.274998
    8 2.136511 -1.398221 2.017368 -0.485138 0.216407 0.716415
    9 -2.118545 -1.386502 2.013463 2.513451 -0.480505 -0.777436
    10 0.078373 -2.086743 0.865002 -0.176167 0.008544 0.018050
    11 0.072788 -0.714238 3.099520 -1.000949 0.008544 0.018050
    12 1.775118 -0.139594 1.671897 0.513126 0.811034 3.113585
    13 -1.241366 -1.806391 1.056407 1.256939 -0.061300 2.555561
    14 1.239846 -1.806390 1.056407 1.163316 3.080293 0.586032
    15 1.218724 -1.798575 1.272704 -1.340342 0.061300 -2.555561
    16 0.004859 -0.122106 -0.000735 0.073338 0.041702 0.036316
    17 -1.061022 -1.480885 1.175125 -0.047978 -0.020042 -0.705678
    18 1.061021 -1.480883 1.175125 -0.203721 0.394790 -1.225916
    19 -0.001760 -2.447698 1.417189 0.231764 -0.000000 3.141592
    20 -1.220244 -1.798577 1.272703 -1.487043 -3.080293 -0.586032
    21 -0.004860 0.122106 0.000735 0.010737 0.041702 0.036316
    22 -10.693007 -1.824222 -5.264847 0.075377 2.637478 0.387036
    23 0.096951 -8.450422 -0.009364 -0.108702 -0.514569 -0.153371
    24 -0.139400 -0.111699 0.014398 0.602950 -0.047021 1.569868
    25 1.164474 -2.543937 -0.170327 -0.992875 -0.085012 0.411162
    26 0.024034 -1.129039 0.017807 -0.966992 0.000000 -0.000001
    27 0.014896 -0.883992 -0.019847 -0.880350 0.000000 -0.000000
    28 0.447949 -2.798981 -0.200442 -0.603491 0.047193 0.204345
    29 -0.032909 -1.480206 0.004935 -1.349427 0.000000 0.000000
    30 -0.027023 -1.076921 -0.020212 -0.861688 0.000000 -0.000000
    31 -0.249535 -2.846962 -0.174215 -0.195676 0.073408 0.096039
    32 0.043235 -1.683941 0.096015 -1.179910 0.000001 0.000000
    33 0.031729 -1.160831 0.058834 -0.615230 -0.000000 -0.000000
    34 -0.963867 -2.785142 -0.085346 0.261513 0.135327 -0.091592
    35 0.028477 -1.403065 0.006271 -0.797509 0.000001 0.000000
    36 0.021414 -0.957780 0.020046 -0.980802 0.000000 0.000000
    37 -0.591283 -1.257737 0.232709 -1.233737 -0.628512 -2.536873
    38 1.522835 0.058679 0.016852 0.001411 -0.308499 -0.046880
    39 1.117948 0.048424 -0.005766 -0.000063 -0.790168 0.057093
    40 0.120152 -0.050266 -0.054488 0.366862 3.144320 1.551255
    41 -1.180679 -2.507216 -0.193860 0.174078 0.013294 -0.477916
    42 -0.024968 -1.123935 0.017595 -0.399958 0.000000 0.000000
    43 -0.020059 -0.890964 0.010094 -0.763707 -0.000000 -0.000000
    44 -0.488518 -2.755600 -0.228259 0.021291 -0.012955 -0.306739
    45 0.039887 -1.479790 0.029853 -0.312801 0.000000 0.000000
    46 0.028784 -1.075732 -0.023109 -0.857892 -0.000000 -0.000000
    47 0.250027 -2.820664 -0.238394 0.058002 -0.058472 -0.078775
    48 -0.049760 -1.680543 0.100480 -0.624477 0.000000 -0.000000
    49 -0.034142 -1.148310 0.084779 -1.037172 0.000000 0.000000
    50 0.957767 -2.746777 -0.090299 -0.132358 -0.139206 0.276765
    51 -0.033420 -1.397126 -0.011255 -0.476372 0.000000 0.000001
    52 -0.022361 -0.957433 0.018785 -0.858670 0.000000 0.000000
    53 0.583509 -1.197273 0.185380 0.498834 -0.339857 -0.429184
    54 1.535925 0.010248 0.005008 -0.002964 -0.491310 0.000890
    55 1.100770 0.004527 -0.010675 -0.002796 -0.975914 0.003459
  time 15
    0 9.008792 -4.795899 -10.033463 0.846451 -2.820615 -0.867635
    1 -0.071920 -8.498732 -0.104134 -0.564487 0.623096 -0.029830
    2 -0.480402 -2.843485 2.688040 0.673012 -2.243426 1.543597
    3 -0.088869 0.170559 2.606216 -0.393785 1.196515 1.798619
    4 -0.011142 0.781255 -0.800262 1.900872 -0.084824 -0.012746
    5 0.000000 0.718097 -0.000002 -0.067308 0.000000 0.000000
    6 -0.000001 0.897711 1.580295 -0.150667 -0.044153 -0.157780
    7 -0.000000 -0.000000 0.811541 0.569018 -0.134605 0.274998
    8 2.136511 -1.398221 2.017368 -0.484911 0.216922 0.717434
    9 -2.118545 -1.386502 2.013463 2.513451 -0.480505 -0.777436
    10 0.078373 -2.086743 0.868908 -0.176167 0.008544 0.018050
    11 0.072788 -0.718144 3.099520 -1.000949 0.008544 0.018050
    12 1.775118 -0.139594 1.671897 0.513126 0.811034 3.113585
    13 -1.241366 -1.806391 1.056407 1.256939 -0.061300 2.555561
    14 1.239846 -1.806390 1.056407 1.163316 3.080293 0.586032
    15 1.218724 -1.798575 1.272704 -1.340342 0.061300 -2.555561
    16 0.004859 -0.122106 -0.000735 0.073338 0.041702 0.036316
    17 -1.061022 -1.480885 1.175125 -0.044330 -0.018520 -0.705104
    18 1.061021 -1.480883 1.175125 -0.205261 0.390104 -1.223182
    19 -0.001760 -2.447698 1.417189 0.231764 -0.000000 3.141592
    20 -1.220244 -1.798577 1.272703 -1.487043 -3.080293 -0.586032
    21 -0.004860 0.122106 0.000735 0.010737 0.041702 0.036316
    22 -10.575815 -1.898443 -5.319536 0.107021 2.615355 0.407904
    23 0.096951 -8.450422 -0.009364 -0.019993 -0.527999 -0.152216
    24 -0.139400 -0.111699 0.014398 0.602950 -0.047021 1.569868
    25 1.164474 -2.543937 -0.170327 -0.998499 -0.082747 0.413894
    26 0.024034 -1.129039 0.017807 -0.966992 0.000000 -0.000001
    27 0.014896 -0.883992 -0.019847 -0.880350 0.000000 -0.000000
    28 0.447949 -2.798981 -0.200442 -0.603491 0.047193 0.204345
    29 -0.032909 -1.480206 0.004935 -1.354505 0.000000 0.000000
    30 -0.027023 -1.076921 -0.020212 -0.861688 0.000000 -0.000000
    31 -0.249535 -2.846962 -0.174215 -0.192793 0.073408 0.096039
    32 0.043235 -1.683941 0.096015 -1.199296 0.000001 0.000000
    33 0.031729 -1.160831 0.058834 -0.615230 -0.000000 -0.000000
    34 -0.963867 -2.785142 -0.085346 0.283843 0.135327 -0.091592
    35 0.028477 -1.403065 0.006271 -0.841292 0.000001 0.000000
    36 0.021414 -0.957780 0.020046 -0.980739 0.000000 0.000000
    37 -0.591283 -1.257737 0.232709 -1.216397 -0.627884 -2.562536
    38 1.522835 0.058679 0.016852 0.001411 -0.310056 -0.046880
    39 1.117948 0.048424 -0.005766 -0.000063 -0.796085 0.056937
    40 0.120152 -0.050266 -0.054488 0.366862 3.144320 1.551255
    41 -1.180679 -2.507216 -0.193860 0.174078 0.013294 -0.477916
    42 -0.024968 -1.123935 0.017595 -0.399958 0.000000 0.000000
    43 -0.020059 -0.890964 0.010094 -0.763707 -0.000000 -0.000000
    44 -0.488518 -2.755600 -0.228259 0.021291 -0.012955 -0.306739
    45 0.039887 -1.479790 0.029853 -0.312801 0.000000 0.000000
    46 0.028784 -1.075732 -0.023109 -0.857892 -0.000000 -0.000000
    47 0.250027 -2.820664 -0.238394 0.058002 -0.058472 -0.078775
    48 -0.049760 -1.680543 0.100480 -0.624477 0.000000 -0.000000
    49 -0.034142 -1.148310 0.084779 -1.037172 0.000000 0.000000
    50 0.957767 -2.746777 -0.090299 -0.132358 -0.139206 0.276765
    51 -0.033420 -1.397126 -0.011255 -0.476372 0.000000 0.000001
    52 -0.022361 -0.957433 0.018785 -0.858670 0.000000 0.000000
    53 0.583509 -1.197273 0.185380 0.498834 -0.339857 -0.429184
    54 1.535925 0.010248 0.005008 -0.002964 -0.491310 0.000890
    55 1.100770 0.004527 -0.010675 -0.002796 -0.975914 0.003459
  time 16
    0 8.899414 -4.659177 -9.826426 0.877429 -2.762631 -0.904280
    1 -0.071920 -8.498732 -0.104134 -0.529162 0.672612 -0.049909
    2 -0.480402 -2.843485 2.688040 0.673012 -2.243426 1.543597
    3 -0.088869 0.170559 2.606216 -0.393785 1.196515 1.798619
    4 -0.011142 0.781255 -0.800262 1.900872 -0.084824 -0.012746
    5 0.000000 0.718097 -0.000002 -0.067308 0.000000 0.000000
    6 -0.000001 0.897711 1.580295 -0.150667 -0.044153 -0.157780
    7 -0.000000 -0.000000 0.811541 0.569018 -0.134605 0.274998
    8 2.140418 -1.398221 2.017368 -0.484671 0.217509 0.718560
    9 -2.118545 -1.390408 2.013463 2.513451 -0.480505 -0.777436
    10 0.078373 -2.090650 0.868908 -0.176167 0.008544 0.018050
    11 0.072788 -0.718144 3.103426 -1.000949 0.008544 0.018050
    12 1.775118 -0.139594 1.671897 0.513126 0.811034 3.113585
    13 -1.241366 -1.806391 1.056407 1.256939 -0.061300 2.555561
    14 1.239846 -1.806390 1.056407 1.163316 3.080293 0.586032
    15 1.218724 -1.798575 1.272704 -1.340342 0.061300 -2.555561
    16 0.004859 -0.122106 -0.000735 0.073338 0.041702 0.036316
    17 -1.061022 -1.480885 1.175125 -0.040286 -0.016832 -0.704468
    18 1.061021 -1.480883 1.175125 -0.206961 0.384959 -1.220118
    19 -0.001760 -2.447698 1.417189 0.231764 -0.000000 3.141592
    20 -1.220244 -1.798577 1.272703 -1.487043 -3.080293 -0.586032
    21 -0.004860 0.122106 0.000735 0.010737 0.041702 0.036316
    22 -10.419560 -2.000009 -5.409383 0.139007 2.594619 0.434734
    23 0.096951 -8.450422 -0.009364 0.062721 -0.539102 -0.150902
    24 -0.139400 -0.111699 0.014398 0.602950 -0.047021 1.569868
    25 1.164474 -2.543937 -0.170327 -1.004163 -0.080482 0.416627
    26 0.024034 -1.129039 0.017807 -0.966992 0.000000 -0.000001
    27 0.014896 -0.883992 -0.019847 -0.880350 0.000000 -0.000000
    28 0.447949 -2.798981 -0.200442 -0.603491 0.047193 0.204345
    29 -0.032909 -1.480206 0.004935 -1.362249 0.000000 0.000000
    30 -0.027023 -1.076921 -0.020212 -0.861688 0.000000 -0.000000
    31 -0.249535 -2.846962 -0.174215 -0.189865 0.073408 0.096039
    32 0.043235 -1.683941 0.096015 -1.200053 0.000001 0.000000
    33 0.031729 -1.160831 0.058834 -0.615230 -0.000000 -0.000000
    34 -0.963867 -2.785142 -0.085346 0.298431 0.135327 -0.091592
    35 0.028477 -1.403065 0.006271 -0.870998 0.000001 0.000000
    36 0.021414 -0.957780 0.020046 -0.980424 0.000000 0.000000
    37 -0.591283 -1.257737 0.232709 -1.199381 -0.627121 -2.587767
    38 1.522835 0.058679 0.016852 0.001411 -0.311627 -0.046880
    39 1.117948 0.048424 -0.005766 -0.000051 -0.802025 0.056781
    40 0.120152 -0.050266 -0.054488 0.366862 3.144320 1.551255
    41 -1.180679 -2.507216 -0.193860 0.174078 0.013294 -0.477916
    42 -0.024968 -1.123935 0.017595 -0.399958 0.000000 0.000000
    43 -0.020059 -0.890964 0.010094 -0.763707 -0.000000 -0.000000
    44 -0.488518 -2.755600 -0.228259 0.021291 -0.012955 -0.306739
    45 0.039887 -1.479790 0.029853 -0.312801 0.000000 0.000000
    46 0.028784 -1.075732 -0.023109 -0.857892 -0.000000 -0.000000
    47 0.250027 -2.820664 -0.238394 0.058021 -0.058472 -0.078775
    48 -0.049760 -1.680543 0.100480 -0.624477 0.000000 -0.000000
    49 -0.034142 -1.148310 0.084779 -1.037172 0.000000 0.000000
    50 0.957767 -2.746777 -0.090299 -0.132358 -0.139206 0.276765
    51 -0.033420 -1.397126 -0.011255 -0.476372 0.000000 0.000001
    52 -0.022361 -0.957433 0.018785 -0.858670 0.000000 0.000000
    53 0.583509 -1.197273 0.185380 0.498834 -0.339857 -0.429184
    54 1.535925 0.010248 0.005008 -0.002964 -0.491310 0.000890
    55 1.100770 0.004527 -0.010675 -0.002796 -0.975914 0.003459
  time 17
    0 8.750972 -4.463858 -9.619388 0.907195 -2.697087 -0.942029
    1 -0.071920 -8.498732 -0.104134 -0.494317 0.712413 -0.067368
    2 -0.480402 -2.843485 2.688040 0.673012 -2.243426 1.543597
    3 -0.088869 0.170559 2.606216 -0.393785 1.196515 1.798619
    4 -0.011142 0.781255 -0.800262 1.900872 -0.084824 -0.012746
    5 0.000000 0.718097 -0.000002 -0.067308 0.000000 0.000000
    6 -0.000001 0.897711 1.580295 -0.150667 -0.044153 -0.157780
    7 -0.000000 -0.000000 0.811541 0.569018 -0.134605 0.274998
    8 2.140418 -1.398221 2.021274 -0.484407 0.218133 0.719771
    9 -2.122451 -1.390408 2.017370 2.513451 -0.480505 -0.777436
    10 0.078373 -2.090650 0.868908 -0.176167 0.008544 0.018050
    11 0.072788 -0.718144 3.103426 -1.000949 0.008544 0.018050
    12 1.775118 -0.139594 1.671897 0.513126 0.811034 3.113585
    13 -1.241366 -1.806391 1.056407 1.256939 -0.061300 2.555561
    14 1.239846 -1.806390 1.056407 1.163316 3.080293 0.586032
    15 1.218724 -1.798575 1.272704 -1.340342 0.061300 -2.555561
    16 0.004859 -0.122106 -0.000735 0.073338 0.041702 0.036316
    17 -1.061022 -1.480885 1.175125 -0.035963 -0.015028 -0.703771
    18 1.061021 -1.480883 1.175125 -0.208790 0.379446 -1.216873
    19 -0.001760 -2.447698 1.417189 0.231764 -0.000000 3.141592
    20 -1.220244 -1.798577 1.272703 -1.487043 -3.080293 -0.586032
    21 -0.004860 0.122106 0.000735 0.010737 0.041702 0.036316
    22 -10.235961 -2.117200 -5.522667 0.170993 2.575219 0.466095
    23 0.096951 -8.450422 -0.009364 0.136506 -0.547539 -0.149379
    24 -0.139400 -0.111699 0.014398 0.602950 -0.047021 1.569868
    25 1.164474 -2.543937 -0.170327 -1.009629 -0.078289 0.419275
    26 0.024034 -1.129039 0.017807 -0.966992 0.000000 -0.000001
    27 0.014896 -0.883992 -0.019847 -0.880350 0.000000 -0.000000
    28 0.447949 -2.798981 -0.200442 -0.603491 0.047193 0.204345
    29 -0.032909 -1.480206 0.004935 -1.372024 0.000000 0.000000
    30 -0.027023 -1.076921 -0.020212 -0.861688 0.000000 -0.000000
    31 -0.249535 -2.846962 -0.174215 -0.187027 0.073408 0.096039
    32 0.043235 -1.683941 0.096015 -1.202050 0.000001 0.000000
    33 0.031729 -1.160831 0.058834 -0.615230 -0.000000 -0.000000
    34 -0.963867 -2.785142 -0.085346 0.303644 0.135327 -0.091592
    35 0.028477 -1.403065 0.006271 -0.881935 0.000001 0.000000
    36 0.021414 -0.957780 0.020046 -0.979583 0.000000 0.000000
    37 -0.591283 -1.257737 0.232709 -1.183287 -0.626208 -2.611635
    38 1.522835 0.058679 0.016852 0.001411 -0.313154 -0.046880
    39 1.117948 0.048424 -0.005766 -0.000051 -0.807734 0.056637
    40 0.120152 -0.050266 -0.054488 0.366862 3.144320 1.551255
    41 -1.180679 -2.507216 -0.193860 0.174078 0.013294 -0.477916
    42 -0.024968 -1.123935 0.017595 -0.399958 0.000000 0.000000
    43 -0.020059 -0.890964 0.010094 -0.763707 -0.000000 -0.000000
    44 -0.488518 -2.755600 -0.228259 0.021291 -0.012955 -0.306739
    45 0.039887 -1.479790 0.029853 -0.312801 0.000000 0.000000
    46 0.028784 -1.075732 -0.023109 -0.857892 -0.000000 -0.000000
    47 0.250027 -2.820664 -0.238394 0.058002 -0.058472 -0.078775
    48 -0.049760 -1.680543 0.100480 -0.624477 0.000000 -0.000000
    49 -0.034142 -1.148310 0.084779 -1.037172 0.000000 0.000000
    50 0.957767 -2.746777 -0.090299 -0.132358 -0.139206 0.276765
    51 -0.033420 -1.397126 -0.011255 -0.476372 0.000000 0.000001
    52 -0.022361 -0.957433 0.018785 -0.858670 0.000000 0.000000
    53 0.583509 -1.197273 0.185380 0.498834 -0.339857 -0.429184
    54 1.535925 0.010248 0.005008 -0.002964 -0.491310 0.000890
    55 1.100770 0.004527 -0.010675 -0.002796 -0.975914 0.003459
  time 18
    0 8.567372 -4.229476 -9.416257 0.935597 -2.625736 -0.980236
    1 -0.071920 -8.498732 -0.104134 -0.460838 0.739214 -0.081155
    2 -0.480402 -2.843485 2.688040 0.673012 -2.243426 1.543597
    3 -0.088869 0.170559 2.606216 -0.393785 1.196515 1.798619
    4 -0.011142 0.781255 -0.800262 1.900872 -0.084824 -0.012746
    5 0.000000 0.718097 -0.000002 -0.067308 0.000000 0.000000
    6 -0.000001 0.897711 1.580295 -0.150667 -0.044153 -0.157780
    7 -0.000000 -0.000000 0.811541 0.569018 -0.134605 0.274998
    8 2.144324 -1.398221 2.021274 -0.484144 0.218768 0.721029
    9 -2.122451 -1.390408 2.017370 2.513451 -0.480505 -0.777436
    10 0.078373 -2.094556 0.868908 -0.176167 0.008544 0.018050
    11 0.072788 -0.722050 3.107332 -1.000949 0.008544 0.018050
    12 1.775118 -0.139594 1.671897 0.513126 0.811034 3.113585
    13 -1.241366 -1.806391 1.056407 1.256939 -0.061300 2.555561
    14 1.239846 -1.806390 1.056407 1.163316 3.080293 0.586032
    15 1.218724 -1.798575 1.272704 -1.340342 0.061300 -2.555561
    16 0.004859 -0.122106 -0.000735 0.073338 0.041702 0.036316
    17 -1.061022 -1.480885 1.175125 -0.031476 -0.013148 -0.703074
    18 1.061021 -1.480883 1.175125 -0.210683 0.373719 -1.213478
    19 -0.001760 -2.447698 1.417189 0.231764 -0.000000 3.141592
    20 -1.220244 -1.798577 1.272703 -1.487043 -3.080293 -0.586032
    21 -0.004860 0.122106 0.000735 0.010737 0.041702 0.036316
    22 -10.032830 -2.246110 -5.659390 0.202611 2.557128 0.500616
    23 0.096951 -8.450422 -0.009364 0.198430 -0.552998 -0.147584
    24 -0.139400 -0.111699 0.014398 0.602950 -0.047021 1.569868
    25 1.164474 -2.543937 -0.170327 -1.014742 -0.076240 0.421768
    26 0.024034 -1.129039 0.017807 -0.966992 0.000000 -0.000001
    27 0.014896 -0.883992 -0.019847 -0.880350 0.000000 -0.000000
    28 0.447949 -2.798981 -0.200442 -0.603491 0.047193 0.204345
    29 -0.032909 -1.480206 0.004935 -1.383259 0.000000 0.000000
    30 -0.027023 -1.076921 -0.020212 -0.861688 0.000000 -0.000000
    31 -0.249535 -2.846962 -0.174215 -0.184369 0.073408 0.096039
    32 0.043235 -1.683941 0.096015 -1.204952 0.000001 0.000000
    33 0.031729 -1.160831 0.058834 -0.615230 -0.000000 -0.000000
    34 -0.963867 -2.785142 -0.085346 0.288562 0.135327 -0.091592
    35 0.028477 -1.403065 0.006271 -0.861945 0.000001 0.000000
    36 0.021414 -0.957780 0.020046 -0.978027 0.000000 0.000000
    37 -0.591283 -1.257737 0.232709 -1.168728 -0.625130 -2.633187
    38 1.522835 0.058679 0.016852 0.001411 -0.314576 -0.046880
    39 1.117948 0.048424 -0.005766 -0.000051 -0.813142 0.056493
    40 0.120152 -0.050266 -0.054488 0.366862 3.144320 1.551255
    41 -1.180679 -2.507216 -0.193860 0.174078 0.013294 -0.477916
    42 -0.024968 -1.123935 0.017595 -0.399958 0.000000 0.000000
    43 -0.020059 -0.890964 0.010094 -0.763707 -0.000000 -0.000000
    44 -0.488518 -2.755600 -0.228259 0.021291 -0.012955 -0.306739
    45 0.039887 -1.479790 0.029853 -0.312801 0.000000 0.000000
    46 0.028784 -1.075732 -0.023109 -0.857892 -0.000000 -0.000000
    47 0.250027 -2.820664 -0.238394 0.058002 -0.058472 -0.078775
    48 -0.049760 -1.680543 0.100480 -0.624477 0.000000 -0.000000
    49 -0.034142 -1.148310 0.084779 -1.037172 0.000000 0.000000
    50 0.957767 -2.746777 -0.090299 -0.132358 -0.139206 0.276765
    51 -0.033420 -1.397126 -0.011255 -0.476372 0.000000 0.000001
    52 -0.022361 -0.957433 0.018785 -0.858670 0.000000 0.000000
    53 0.583509 -1.197273 0.185380 0.498834 -0.339857 -0.429184
    54 1.535925 0.010248 0.005008 -0.002964 -0.491310 0.000890
    55 1.100770 0.004527 -0.010675 -0.002796 -0.975914 0.003459
  time 19
    0 8.360334 -3.963843 -9.217031 0.962334 -2.550333 -1.018351
    1 -0.071920 -8.498732 -0.104134 -0.429573 0.749628 -0.090219
    2 -0.480402 -2.843485 2.688040 0.673012 -2.243426 1.543597
    3 -0.088869 0.170559 2.606216 -0.393785 1.196515 1.798619
    4 -0.011142 0.781255 -0.800262 1.900872 -0.084824 -0.012746
    5 0.000000 0.718097 -0.000002 -0.067308 0.000000 0.000000
    6 -0.000001 0.897711 1.580295 -0.150667 -0.044153 -0.157780
    7 -0.000000 -0.000000 0.811541 0.569018 -0.134605 0.274998
    8 2.144324 -1.398221 2.021274 -0.483856 0.219427 0.722300
    9 -2.122451 -1.394315 2.017370 2.513451 -0.480505 -0.777436
    10 0.078373 -2.094556 0.868908 -0.176167 0.008544 0.018050
    11 0.072788 -0.722050 3.111239 -1.000949 0.008544 0.018050
    12 1.775118 -0.139594 1.671897 0.513126 0.811034 3.113585
    13 -1.241366 -1.806391 1.056407 1.256939 -0.061300 2.555561
    14 1.239846 -1.806390 1.056407 1.163316 3.080293 0.586032
    15 1.218724 -1.798575 1.272704 -1.340342 0.061300 -2.555561
    16 0.004859 -0.122106 -0.000735 0.073338 0.041702 0.036316
    17 -1.061022 -1.480885 1.175125 -0.026907 -0.011242 -0.702356
    18 1.061021 -1.480883 1.175125 -0.212609 0.367899 -1.210023
    19 -0.001760 -2.447698 1.417189 0.231764 -0.000000 3.141592
    20 -1.220244 -1.798577 1.272703 -1.487043 -3.080293 -0.586032
    21 -0.004860 0.122106 0.000735 0.010737 0.041702 0.036316
    22 -9.817980 -2.382833 -5.811739 0.233520 2.540346 0.536925
    23 0.096951 -8.450422 -0.009364 0.245590 -0.555153 -0.145436
    24 -0.139400 -0.111699 0.014398 0.602950 -0.047021 1.569868
    25 1.164474 -2.543937 -0.170327 -1.019383 -0.074382 0.423997
    26 0.024034 -1.129039 0.017807 -0.966992 0.000000 -0.000001
    27 0.014896 -0.883992 -0.019847 -0.880350 0.000000 -0.000000
    28 0.447949 -2.798981 -0.200442 -0.603491 0.047193 0.204345
    29 -0.032909 -1.480206 0.004935 -1.395350 0.000000 0.000000
    30 -0.027023 -1.076921 -0.020212 -0.861688 0.000000 -0.000000
    31 -0.249535 -2.846962 -0.174215 -0.181982 0.073408 0.096039
    32 0.043235 -1.683941 0.096015 -1.208379 0.000001 0.000000
    33 0.031729 -1.160831 0.058834 -0.615230 -0.000000 -0.000000
    34 -0.963867 -2.785142 -0.085346 0.248343 0.135327 -0.091592
    35 0.028477 -1.403065 0.006271 -0.809249 0.000001 0.000000
    36 0.021414 -0.957780 0.020046 -0.975546 0.000000 0.000000
    37 -0.591283 -1.257737 0.232709 -1.156336 -0.623873 -2.651558
    38 1.522835 0.058679 0.016852 0.001411 -0.315849 -0.046880
    39 1.117948 0.048424 -0.005766 -0.000051 -0.817973 0.056374
    40 0.120152 -0.050266 -0.054488 0.366862 3.144320 1.551255
    41 -1.180679 -2.507216 -0.193860 0.174078 0.013294 -0.477916
    42 -0.024968 -1.123935 0.017595 -0.399958 0.000000 0.000000
    43 -0.020059 -0.890964 0.010094 -0.763707 -0.000000 -0.000000
    44 -0.488518 -2.755600 -0.228259 0.021291 -0.012955 -0.306739
    45 0.039887 -1.479790 0.029853 -0.312801 0.000000 0.000000
    46 0.028784 -1.075732 -0.023109 -0.857892 -0.000000 -0.000000
    47 0.250027 -2.820664 -0.238394 0.058002 -0.058472 -0.078775
    48 -0.049760 -1.680543 0.100480 -0.624477 0.000000 -0.000000
    49 -0.034142 -1.148310 0.084779 -1.037172 0.000000 0.000000
    50 0.957767 -2.746777 -0.090299 -0.132358 -0.139206 0.276765
    51 -0.033420 -1.397126 -0.011255 -0.476372 0.000000 0.000001
    52 -0.022361 -0.957433 0.018785 -0.858670 0.000000 0.000000
    53 0.583509 -1.197273 0.185380 0.498834 -0.339857 -0.429184
    54 1.535925 0.010248 0.005008 -0.002964 -0.491310 0.000890
    55 1.100770 0.004527 -0.010675 -0.002796 -0.975914 0.003459
  time 20
    0 8.133765 -3.670865 -9.025620 0.987328 -2.472674 -1.055732
    1 -0.071920 -8.498732 -0.104134 -0.401409 0.740298 -0.093525
    2 -0.480402 -2.843485 2.688040 0.673012 -2.243426 1.543597
    3 -0.088869 0.170559 2.606216 -0.393785 1.196515 1.798619
    4 -0.011142 0.781255 -0.800262 1.900872 -0.084824 -0.012746
    5 0.000000 0.718097 -0.000002 -0.067308 0.000000 0.000000
    6 -0.000001 0.897711 1.580295 -0.150667 -0.044153 -0.157780
    7 -0.000000 -0.000000 0.811541 0.569018 -0.134605 0.274998
    8 2.148230 -1.398221 2.021274 -0.483580 0.220074 0.723570
    9 -2.126358 -1.394315 2.017370 2.513451 -0.480505 -0.777436
    10 0.078373 -2.098462 0.868908 -0.176167 0.008544 0.018050
    11 0.072788 -0.722050 3.111239 -1.000949 0.008544 0.018050
    12 1.775118 -0.139594 1.671897 0.513126 0.811034 3.113585
    13 -1.241366 -1.806391 1.056407 1.256939 -0.061300 2.555561
    14 1.239846 -1.806390 1.056407 1.163316 3.080293 0.586032
    15 1.218724 -1.798575 1.272704 -1.340342 0.061300 -2.555561
    16 0.004859 -0.122106 -0.000735 0.073338 0.041702 0.036316
    17 -1.061022 -1.480885 1.175125 -0.022370 -0.009349 -0.701638
    18 1.061021 -1.480883 1.175125 -0.214502 0.362111 -1.206568
    19 -0.001760 -2.447698 1.417189 0.231764 -0.000000 3.141592
    20 -1.220244 -1.798577 1.272703 -1.487043 -3.080293 -0.586032
    21 -0.004860 0.122106 0.000735 0.010737 0.041702 0.036316
    22 -9.599223 -2.523463 -5.964087 0.263379 2.524820 0.573653
    23 0.096951 -8.450422 -0.009364 0.275021 -0.553665 -0.142887
    24 -0.139400 -0.111699 0.014398 0.602950 -0.047021 1.569868
    25 1.164474 -2.543937 -0.170327 -1.023277 -0.072812 0.425891
    26 0.024034 -1.129039 0.017807 -0.966992 0.000000 -0.000001
    27 0.014896 -0.883992 -0.019847 -0.880350 0.000000 -0.000000
    28 0.447949 -2.798981 -0.200442 -0.603491 0.047193 0.204345
    29 -0.032909 -1.480206 0.004935 -1.407696 0.000000 0.000000
    30 -0.027023 -1.076921 -0.020212 -0.861688 0.000000 -0.000000
    31 -0.249535 -2.846962 -0.174215 -0.179955 0.073408 0.096039
    32 0.043235 -1.683941 0.096015 -1.211933 0.000001 0.000000
    33 0.031729 -1.160831 0.058834 -0.615230 -0.000000 -0.000000
    34 -0.963867 -2.785142 -0.085346 0.190607 0.135327 -0.091592
    35 0.028477 -1.403065 0.006271 -0.734748 0.000001 0.000000
    36 0.021414 -0.957780 0.020046 -0.971930 0.000000 0.000000
    37 -0.591283 -1.257737 0.232709 -1.146727 -0.622421 -2.665818
    38 1.522835 0.058679 0.016852 0.001411 -0.316942 -0.046880
    39 1.117948 0.048424 -0.005766 -0.000051 -0.822087 0.056266
    40 0.120152 -0.050266 -0.054488 0.366862 3.144320 1.551255
    41 -1.180679 -2.507216 -0.193860 0.174078 0.013294 -0.477916
    42 -0.024968 -1.123935 0.017595 -0.399958 0.000000 0.000000
    43 -0.020059 -0.890964 0.010094 -0.763707 -0.000000 -0.000000
    44 -0.488518 -2.755600 -0.228259 0.021291 -0.012955 -0.306739
    45 0.039887 -1.479790 0.029853 -0.312801 0.000000 0.000000
    46 0.028784 -1.075732 -0.023109 -0.857892 -0.000000 -0.000000
    47 0.250027 -2.820664 -0.238394 0.058002 -0.058472 -0.078775
    48 -0.049760 -1.680543 0.100480 -0.624477 0.000000 -0.000000
    49 -0.034142 -1.148310 0.084779 -1.037172 0.000000 0.000000
    50 0.957767 -2.746777 -0.090299 -0.132358 -0.139206 0.276765
    51 -0.033420 -1.397126 -0.011255 -0.476372 0.000000 0.000001
    52 -0.022361 -0.957433 0.018785 -0.858670 0.000000 0.000000
    53 0.583509 -1.197273 0.185380 0.498834 -0.339857 -0.429184
    54 1.535925 0.010248 0.005008 -0.002964 -0.491310 0.000890
    55 1.100770 0.004527 -0.010675 -0.002796 -0.975914 0.003459
  time 21
    0 7.895477 -3.366168 -8.838114 1.010428 -2.394514 -1.091643
    1 -0.071920 -8.498732 -0.104134 -0.374574 0.708254 -0.091057
    2 -0.480402 -2.843485 2.688040 0.673012 -2.243426 1.543597
    3 -0.088869 0.170559 2.606216 -0.393785 1.196515 1.798619
    4 -0.011142 0.781255 -0.800262 1.900872 -0.084824 -0.012746
    5 0.000000 0.718097 -0.000002 -0.067308 0.000000 0.000000
    6 -0.000001 0.897711 1.580295 -0.150667 -0.044153 -0.157780
    7 -0.000000 -0.000000 0.811541 0.569018 -0.134605 0.274998
    8 2.148230 -1.398221 2.021274 -0.483317 0.220709 0.724792
    9 -2.126358 -1.394315 2.021276 2.513451 -0.480505 -0.777436
    10 0.078373 -2.098462 0.868908 -0.176167 0.008544 0.018050
    11 0.072788 -0.725957 3.115145 -1.000949 0.008544 0.018050
    12 1.775118 -0.139594 1.671897 0.513126 0.811034 3.113585
    13 -1.241366 -1.806391 1.056407 1.256939 -0.061300 2.555561
    14 1.239846 -1.806390 1.056407 1.163316 3.080293 0.586032
    15 1.218724 -1.798575 1.272704 -1.340342 0.061300 -2.555561
    16 0.004859 -0.122106 -0.000735 0.073338 0.041702 0.036316
    17 -1.061022 -1.480885 1.175125 -0.017982 -0.007508 -0.700962
    18 1.061021 -1.480883 1.175125 -0.216331 0.356506 -1.203263
    19 -0.001760 -2.447698 1.417189 0.231764 -0.000000 3.141592
    20 -1.220244 -1.798577 1.272703 -1.487043 -3.080293 -0.586032
    21 -0.004860 0.122106 0.000735 0.010737 0.041702 0.036316
    22 -9.384373 -2.660185 -6.120342 0.291819 2.510499 0.609366
    23 0.096951 -8.450422 -0.009364 0.283854 -0.548206 -0.139858
    24 -0.139400 -0.111699 0.014398 0.602950 -0.047021 1.569868
    25 1.164474 -2.543937 -0.170327 -1.026344 -0.071602 0.427377
    26 0.024034 -1.129039 0.017807 -0.966992 0.000000 -0.000001
    27 0.014896 -0.883992 -0.019847 -0.880350 0.000000 -0.000000
    28 0.447949 -2.798981 -0.200442 -0.603491 0.047193 0.204345
    29 -0.032909 -1.480206 0.004935 -1.419724 0.000000 0.000000
    30 -0.027023 -1.076921 -0.020212 -0.861688 0.000000 -0.000000
    31 -0.249535 -2.846962 -0.174215 -0.178378 0.073408 0.096039
    32 0.043235 -1.683941 0.096015 -1.215297 0.000001 0.000000
    33 0.031729 -1.160831 0.058834 -0.615230 -0.000000 -0.000000
    34 -0.963867 -2.785142 -0.085346 0.122877 0.135327 -0.091592
    35 0.028477 -1.403065 0.006271 -0.649329 0.000001 0.000000
    36 0.021414 -0.957780 0.020046 -0.966968 0.000000 0.000000
    37 -0.591283 -1.257737 0.232709 -1.140495 -0.620775 -2.675036
    38 1.522835 0.058679 0.016852 0.001411 -0.317780 -0.046880
    39 1.117948 0.048424 -0.005766 -0.000039 -0.825299 0.056182
    40 0.120152 -0.050266 -0.054488 0.366862 3.144320 1.551255
    41 -1.180679 -2.507216 -0.193860 0.174078 0.013294 -0.477916
    42 -0.024968 -1.123935 0.017595 -0.399958 0.000000 0.000000
    43 -0.020059 -0.890964 0.010094 -0.763707 -0.000000 -0.000000
    44 -0.488518 -2.755600 -0.228259 0.021291 -0.012955 -0.306739
    45 0.039887 -1.479790 0.029853 -0.312801 0.000000 0.000000
    46 0.028784 -1.075732 -0.023109 -0.857892 -0.000000 -0.000000
    47 0.250027 -2.820664 -0.238394 0.058002 -0.058472 -0.078775
    48 -0.049760 -1.680543 0.100480 -0.624477 0.000000 -0.000000
    49 -0.034142 -1.148310 0.084779 -1.037172 0.000000 0.000000
    50 0.957767 -2.746777 -0.090299 -0.132358 -0.139206 0.276765
    51 -0.033420 -1.397126 -0.011255 -0.476372 0.000000 0.000001
    52 -0.022361 -0.957433 0.018785 -0.858670 0.000000 0.000000
    53 0.583509 -1.197273 0.185380 0.498834 -0.339857 -0.429184
    54 1.535925 0.010248 0.005008 -0.002964 -0.491310 0.000890
    55 1.100770 0.004527 -0.010675 -0.002796 -0.975914 0.003459
  time 22
    0 7.657188 -3.061471 -8.662327 1.031257 -2.317648 -1.125442
    1 -0.071920 -8.498732 -0.104134 -0.347186 0.656677 -0.084232
    2 -0.480402 -2.843485 2.688040 0.673012 -2.243426 1.543597
    3 -0.088869 0.170559 2.606216 -0.393785 1.196515 1.798619
    4 -0.011142 0.781255 -0.800262 1.900872 -0.084824 -0.012746
    5 0.000000 0.718097 -0.000002 -0.067308 0.000000 0.000000
    6 -0.000001 0.897711 1.580295 -0.150667 -0.044153 -0.157780
    7 -0.000000 -0.000000 0.811541 0.569018 -0.134605 0.274998
    8 2.152137 -1.398221 2.021274 -0.483065 0.221297 0.725955
    9 -2.126358 -1.394315 2.021276 2.513451 -0.480505 -0.777436
    10 0.078373 -2.102369 0.868908 -0.176167 0.008544 0.018050
    11 0.072788 -0.725957 3.119051 -1.000949 0.008544 0.018050
    12 1.775118 -0.139594 1.671897 0.513126 0.811034 3.113585
    13 -1.241366 -1.806391 1.056407 1.256939 -0.061300 2.555561
    14 1.239846 -1.806390 1.056407 1.163316 3.080293 0.586032
    15 1.218724 -1.798575 1.272704 -1.340342 0.061300 -2.555561
    16 0.004859 -0.122106 -0.000735 0.073338 0.041702 0.036316
    17 -1.061022 -1.480885 1.175125 -0.013840 -0.005781 -0.700306
    18 1.061021 -1.480883 1.175125 -0.218095 0.351238 -1.200109
    19 -0.001760 -2.447698 1.417189 0.231764 -0.000000 3.141592
    20 -1.220244 -1.798577 1.272703 -1.487043 -3.080293 -0.586032
    21 -0.004860 0.122106 0.000735 0.010737 0.041702 0.036316
    22 -9.185148 -2.789096 -6.260971 0.318474 2.497408 0.642754
    23 0.096951 -8.450422 -0.009364 0.271833 -0.537273 -0.136171
    24 -0.139400 -0.111699 0.014398 0.602950 -0.047021 1.569868
    25 1.164474 -2.543937 -0.170327 -1.028311 -0.070799 0.428336
    26 0.024034 -1.129039 0.017807 -0.966992 0.000000 -0.000001
    27 0.014896 -0.883992 -0.019847 -0.880350 0.000000 -0.000000
    28 0.447949 -2.798981 -0.200442 -0.603491 0.047193 0.204345
    29 -0.032909 -1.480206 0.004935 -1.430769 0.000000 0.000000
    30 -0.027023 -1.076921 -0.020212 -0.861688 0.000000 -0.000000
    31 -0.249535 -2.846962 -0.174215 -0.177342 0.073408 0.096039
    32 0.043235 -1.683941 0.096015 -1.218051 0.000001 0.000000
    33 0.031729 -1.160831 0.058834 -0.615230 -0.000000 -0.000000
    34 -0.963867 -2.785142 -0.085346 0.052711 0.135327 -0.091592
    35 0.028477 -1.403065 0.006271 -0.563927 0.000001 0.000000
    36 0.021414 -0.957780 0.020046 -0.960409 0.000000 0.000000
    37 -0.591283 -1.257737 0.232709 -1.138291 -0.618905 -2.678303
    38 1.522835 0.058679 0.016852 0.001411 -0.318334 -0.046880
    39 1.117948 0.048424 -0.005766 -0.000039 -0.827403 0.056134
    40 0.120152 -0.050266 -0.054488 0.366862 3.144320 1.551255
    41 -1.180679 -2.507216 -0.193860 0.174078 0.013294 -0.477916
    42 -0.024968 -1.123935 0.017595 -0.399958 0.000000 0.000000
    43 -0.020059 -0.890964 0.010094 -0.763707 -0.000000 -0.000000
    44 -0.488518 -2.755600 -0.228259 0.021291 -0.012955 -0.306739
    45 0.039887 -1.479790 0.029853 -0.312801 0.000000 0.000000
    46 0.028784 -1.075732 -0.023109 -0.857892 -0.000000 -0.000000
    47 0.250027 -2.820664 -0.238394 0.058002 -0.058472 -0.078775
    48 -0.049760 -1.680543 0.100480 -0.624477 0.000000 -0.000000
    49 -0.034142 -1.148310 0.084779 -1.037172 0.000000 0.000000
    50 0.957767 -2.746777 -0.090299 -0.132358 -0.139206 0.276765
    51 -0.033420 -1.397126 -0.011255 -0.476372 0.000000 0.000001
    52 -0.022361 -0.957433 0.018785 -0.858670 0.000000 0.000000
    53 0.583509 -1.197273 0.185380 0.498834 -0.339857 -0.429184
    54 1.535925 0.010248 0.005008 -0.002964 -0.491310 0.000890
    55 1.100770 0.004527 -0.010675 -0.002796 -0.975914 0.003459
  time 23
    0 7.422806 -2.756775 -8.498260 1.049813 -2.243874 -1.156669
    1 -0.071920 -8.498732 -0.104134 -0.319871 0.591542 -0.074086
    2 -0.480402 -2.843485 2.688040 0.673012 -2.243426 1.543597
    3 -0.088869 0.170559 2.606216 -0.393785 1.196515 1.798619
    4 -0.011142 0.781255 -0.800262 1.900872 -0.084824 -0.012746
    5 0.000000 0.718097 -0.000002 -0.067308 0.000000 0.000000
    6 -0.000001 0.897711 1.580295 -0.150667 -0.044153 -0.157780
    7 -0.000000 -0.000000 0.811541 0.569018 -0.134605 0.274998
    8 2.152137 -1.398221 2.021274 -0.482825 0.221848 0.727022
    9 -2.130264 -1.398221 2.021276 2.513451 -0.480505 -0.777436
    10 0.078373 -2.102369 0.868908 -0.176167 0.008544 0.018050
    11 0.072788 -0.729863 3.119051 -1.000949 0.008544 0.018050
    12 1.775118 -0.139594 1.671897 0.513126 0.811034 3.113585
    13 -1.241366 -1.806391 1.056407 1.256939 -0.061300 2.555561
    14 1.239846 -1.806390 1.056407 1.163316 3.080293 0.586032
    15 1.218724 -1.798575 1.272704 -1.340342 0.061300 -2.555561
    16 0.004859 -0.122106 -0.000735 0.073338 0.041702 0.036316
    17 -1.061022 -1.480885 1.175125 -0.010043 -0.004195 -0.699711
    18 1.061021 -1.480883 1.175125 -0.219668 0.346399 -1.197224
    19 -0.001760 -2.447698 1.417189 0.231764 -0.000000 3.141592
    20 -1.220244 -1.798577 1.272703 -1.487043 -3.080293 -0.586032
    21 -0.004860 0.122106 0.000735 0.010737 0.041702 0.036316
    22 -9.005455 -2.902380 -6.389881 0.343028 2.485496 0.672387
    23 0.096951 -8.450422 -0.009364 0.243198 -0.520524 -0.131859
    24 -0.139400 -0.111699 0.014398 0.602950 -0.047021 1.569868
    25 1.164474 -2.543937 -0.170327 -1.029097 -0.070487 0.428719
    26 0.024034 -1.129039 0.017807 -0.966992 0.000000 -0.000001
    27 0.014896 -0.883992 -0.019847 -0.880350 0.000000 -0.000000
    28 0.447949 -2.798981 -0.200442 -0.603491 0.047193 0.204345
    29 -0.032909 -1.480206 0.004935 -1.440321 0.000000 0.000000
    30 -0.027023 -1.076921 -0.020212 -0.861688 0.000000 -0.000000
    31 -0.249535 -2.846962 -0.174215 -0.176937 0.073408 0.096039
    32 0.043235 -1.683941 0.096015 -1.219859 0.000001 0.000000
    33 0.031729 -1.160831 0.058834 -0.615230 -0.000000 -0.000000
    34 -0.963867 -2.785142 -0.085346 -0.012305 0.135327 -0.091592
    35 0.028477 -1.403065 0.006271 -0.489427 0.000001 0.000000
    36 0.021414 -0.957780 0.020046 -0.952083 0.000000 0.000000
    37 -0.591283 -1.257737 0.232709 -1.138725 -0.614954 -2.678455
    38 1.522835 0.058679 0.016852 0.001411 -0.318558 -0.046880
    39 1.117948 0.048424 -0.005766 -0.000039 -0.828212 0.056110
    40 0.120152 -0.050266 -0.054488 0.366862 3.144320 1.551255
    41 -1.180679 -2.507216 -0.193860 0.174078 0.013294 -0.477916
    42 -0.024968 -1.123935 0.017595 -0.399958 0.000000 0.000000
    43 -0.020059 -0.890964 0.010094 -0.763707 -0.000000 -0.000000
    44 -0.488518 -2.755600 -0.228259 0.021291 -0.012955 -0.306739
    45 0.039887 -1.479790 0.029853 -0.312801 0.000000 0.000000
    46 0.028784 -1.075732 -0.023109 -0.857892 -0.000000 -0.000000
    47 0.250027 -2.820664 -0.238394 0.058002 -0.058472 -0.078775
    48 -0.049760 -1.680543 0.100480 -0.624477 0.000000 -0.000000
    49 -0.034142 -1.148310 0.084779 -1.037172 0.000000 0.000000
    50 0.957767 -2.746777 -0.090299 -0.132358 -0.139206 0.276765
    51 -0.033420 -1.397126 -0.011255 -0.476372 0.000000 0.000001
    52 -0.022361 -0.957433 0.018785 -0.858670 0.000000 0.000000
    53 0.583509 -1.197273 0.185380 0.498834 -0.339857 -0.429184
    54 1.535925 0.010248 0.005008 -0.002964 -0.491310 0.000890
    55 1.100770 0.004527 -0.010675 -0.002796 -0.975914 0.003459
  time 24
    0 7.200143 -2.471610 -8.345911 1.065719 -2.174904 -1.184498
    1 -0.071920 -8.498732 -0.104134 -0.293257 0.518650 -0.061670
    2 -0.480402 -2.843485 2.688040 0.673012 -2.243426 1.543597
    3 -0.088869 0.170559 2.606216 -0.393785 1.196515 1.798619
    4 -0.011142 0.781255 -0.800262 1.900872 -0.084824 -0.012746
    5 0.000000 0.718097 -0.000002 -0.067308 0.000000 0.000000
    6 -0.000001 0.897711 1.580295 -0.150667 -0.044153 -0.157780
    7 -0.000000 -0.000000 0.811541 0.569018 -0.134605 0.274998
    8 2.156043 -1.398221 2.021274 -0.482621 0.222315 0.727956
    9 -2.130264 -1.398221 2.021276 2.513451 -0.480505 -0.777436
    10 0.078373 -2.106275 0.868908 -0.176167 0.008544 0.018050
    11 0.072788 -0.729863 3.122958 -1.000949 0.008544 0.018050
    12 1.775118 -0.139594 1.671897 0.513126 0.811034 3.113585
    13 -1.241366 -1.806391 1.056407 1.256939 -0.061300 2.555561
    14 1.239846 -1.806390 1.056407 1.163316 3.080293 0.586032
    15 1.218724 -1.798575 1.272704 -1.340342 0.061300 -2.555561
    16 0.004859 -0.122106 -0.000735 0.073338 0.041702 0.036316
    17 -1.061022 -1.480885 1.175125 -0.006706 -0.002801 -0.699178
    18 1.061021 -1.480883 1.175125 -0.221079 0.342142 -1.194671
    19 -0.001760 -2.447698 1.417189 0.231764 -0.000000 3.141592
    20 -1.220244 -1.798577 1.272703 -1.487043 -3.080293 -0.586032
    21 -0.004860 0.122106 0.000735 0.010737 0.041702 0.036316
    22 -8.857013 -2.996133 -6.491447 0.365113 2.474735 0.696891
    23 0.096951 -8.450422 -0.009364 0.201618 -0.499340 -0.127115
    24 -0.139400 -0.111699 0.014398 0.602950 -0.047021 1.569868
    25 1.164474 -2.543937 -0.170327 -1.028507 -0.070727 0.428420
    26 0.024034 -1.129039 0.017807 -0.966992 0.000000 -0.000001
    27 0.014896 -0.883992 -0.019847 -0.880350 0.000000 -0.000000
    28 0.447949 -2.798981 -0.200442 -0.603491 0.047193 0.204345
    29 -0.032909 -1.480206 0.004935 -1.447684 0.000000 0.000000
    30 -0.027023 -1.076921 -0.020212 -0.861688 0.000000 -0.000000
    31 -0.249535 -2.846962 -0.174215 -0.177252 0.073408 0.096039
    32 0.043235 -1.683941 0.096015 -1.220364 0.000001 0.000000
    33 0.031729 -1.160831 0.058834 -0.615230 -0.000000 -0.000000
    34 -0.963867 -2.785142 -0.085346 -0.064614 0.135327 -0.091592
    35 0.028477 -1.403065 0.006271 -0.436730 0.000001 0.000000
    36 0.021414 -0.957780 0.020046 -0.941782 0.000000 0.000000
    37 -0.591283 -1.257737 0.232709 -1.140025 -0.607172 -2.678823
    38 1.522835 0.058679 0.016852 0.001411 -0.318379 -0.046880
    39 1.117948 0.048424 -0.005766 -0.000039 -0.827564 0.056122
    40 0.120152 -0.050266 -0.054488 0.366862 3.144320 1.551255
    41 -1.180679 -2.507216 -0.193860 0.174078 0.013294 -0.477916
    42 -0.024968 -1.123935 0.017595 -0.399958 0.000000 0.000000
    43 -0.020059 -0.890964 0.010094 -0.763707 -0.000000 -0.000000
    44 -0.488518 -2.755600 -0.228259 0.021291 -0.012955 -0.306739
    45 0.039887 -1.479790 0.029853 -0.312801 0.000000 0.000000
    46 0.028784 -1.075732 -0.023109 -0.857892 -0.000000 -0.000000
    47 0.250027 -2.820664 -0.238394 0.058002 -0.058472 -0.078775
    48 -0.049760 -1.680543 0.100480 -0.624477 0.000000 -0.000000
    49 -0.034142 -1.148310 0.084779 -1.037172 0.000000 0.000000
    50 0.957767 -2.746777 -0.090299 -0.132358 -0.139206 0.276765
    51 -0.033420 -1.397126 -0.011255 -0.476372 0.000000 0.000001
    52 -0.022361 -0.957433 0.018785 -0.858670 0.000000 0.000000
    53 0.583509 -1.197273 0.185380 0.498834 -0.339857 -0.429184
    54 1.535925 0.010248 0.005008 -0.002964 -0.491310 0.000890
    55 1.100770 0.004527 -0.010675 -0.002796 -0.975914 0.003459
  time 25
    0 7.000918 -2.209883 -8.209188 1.078897 -2.112618 -1.208469
    1 -0.071920 -8.498732 -0.104134 -0.268009 0.444010 -0.048035
    2 -0.480402 -2.843485 2.688040 0.673012 -2.243426 1.543597
    3 -0.088869 0.170559 2.606216 -0.393785 1.196515 1.798619
    4 -0.011142 0.781255 -0.800262 1.900872 -0.084824 -0.012746
    5 0.000000 0.718097 -0.000002 -0.067308 0.000000 0.000000
    6 -0.000001 0.897711 1.580295 -0.150667 -0.044153 -0.157780
    7 -0.000000 -0.000000 0.811541 0.569018 -0.134605 0.274998
    8 2.156043 -1.398221 2.021274 -0.482454 0.222723 0.728735
    9 -2.130264 -1.398221 2.021276 2.513451 -0.480505 -0.777436
    10 0.078373 -2.106275 0.868908 -0.176167 0.008544 0.018050
    11 0.072788 -0.729863 3.122958 -1.000949 0.008544 0.018050
    12 1.775118 -0.139594 1.671897 0.513126 0.811034 3.113585
    13 -1.241366 -1.806391 1.056407 1.256939 -0.061300 2.555561
    14 1.239846 -1.806390 1.056407 1.163316 3.080293 0.586032
    15 1.218724 -1.798575 1.272704 -1.340342 0.061300 -2.555561
    16 0.004859 -0.122106 -0.000735 0.073338 0.041702 0.036316
    17 -1.061022 -1.480885 1.175125 -0.003928 -0.001637 -0.698747
    18 1.061021 -1.480883 1.175125 -0.222235 0.338589 -1.192537
    19 -0.001760 -2.447698 1.417189 0.231764 -0.000000 3.141592
    20 -1.220244 -1.798577 1.272703 -1.487043 -3.080293 -0.586032
    21 -0.004860 0.122106 0.000735 0.010737 0.041702 0.036316
    22 -8.751541 -3.062541 -6.565668 0.384362 2.465075 0.714897
    23 0.096951 -8.450422 -0.009364 0.150855 -0.475147 -0.122097
    24 -0.139400 -0.111699 0.014398 0.602950 -0.047021 1.569868
    25 1.164474 -2.543937 -0.170327 -1.026305 -0.071614 0.427353
    26 0.024034 -1.129039 0.017807 -0.966992 0.000000 -0.000001
    27 0.014896 -0.883992 -0.019847 -0.880350 0.000000 -0.000000
    28 0.447949 -2.798981 -0.200442 -0.603491 0.047193 0.204345
    29 -0.032909 -1.480206 0.004935 -1.452350 0.000000 0.000000
    30 -0.027023 -1.076921 -0.020212 -0.861688 0.000000 -0.000000
    31 -0.249535 -2.846962 -0.174215 -0.178378 0.073408 0.096039
    32 0.043235 -1.683941 0.096015 -1.219166 0.000001 0.000000
    33 0.031729 -1.160831 0.058834 -0.615230 -0.000000 -0.000000
    34 -0.963867 -2.785142 -0.085346 -0.096659 0.135327 -0.091592
    35 0.028477 -1.403065 0.006271 -0.416741 0.000001 0.000000
    36 0.021414 -0.957780 0.020046 -0.929252 0.000000 0.000000
    37 -0.591283 -1.257737 0.232709 -1.142265 -0.595768 -2.679255
    38 1.522835 0.058679 0.016852 0.001411 -0.317780 -0.046880
    39 1.117948 0.048424 -0.005766 -0.000039 -0.825253 0.056182
    40 0.120152 -0.050266 -0.054488 0.366862 3.144320 1.551255
    41 -1.180679 -2.507216 -0.193860 0.174078 0.013294 -0.477916
    42 -0.024968 -1.123935 0.017595 -0.399958 0.000000 0.000000
    43 -0.020059 -0.890964 0.010094 -0.763707 -0.000000 -0.000000
    44 -0.488518 -2.755600 -0.228259 0.021291 -0.012955 -0.306739
    45 0.039887 -1.479790 0.029853 -0.312801 0.000000 0.000000
    46 0.028784 -1.075732 -0.023109 -0.857892 -0.000000 -0.000000
    47 0.250027 -2.820664 -0.238394 0.058002 -0.058472 -0.078775
    48 -0.049760 -1.680543 0.100480 -0.624477 0.000000 -0.000000
    49 -0.034142 -1.148310 0.084779 -1.037172 0.000000 0.000000
    50 0.957767 -2.746777 -0.090299 -0.132358 -0.139206 0.276765
    51 -0.033420 -1.397126 -0.011255 -0.476372 0.000000 0.000001
    52 -0.022361 -0.957433 0.018785 -0.858670 0.000000 0.000000
    53 0.583509 -1.197273 0.185380 0.498834 -0.339857 -0.429184
    54 1.535925 0.010248 0.005008 -0.002964 -0.491310 0.000890
    55 1.100770 0.004527 -0.010675 -0.002796 -0.975914 0.003459
  time 26
    0 6.825132 -1.987220 -8.084185 1.089122 -2.058687 -1.227756
    1 -0.071920 -8.498732 -0.104134 -0.244755 0.373424 -0.034202
    2 -0.480402 -2.843485 2.688040 0.673012 -2.243426 1.543597
    3 -0.088869 0.170559 2.606216 -0.393785 1.196515 1.798619
    4 -0.011142 0.781255 -0.800262 1.900872 -0.084824 -0.012746
    5 0.000000 0.718097 -0.000002 -0.067308 0.000000 0.000000
    6 -0.000001 0.897711 1.580295 -0.150667 -0.044153 -0.157780
    7 -0.000000 -0.000000 0.811541 0.569018 -0.134605 0.274998
    8 2.156043 -1.398221 2.021274 -0.482322 0.223022 0.729323
    9 -2.130264 -1.398221 2.021276 2.513451 -0.480505 -0.777436
    10 0.078373 -2.106275 0.868908 -0.176167 0.008544 0.018050
    11 0.072788 -0.729863 3.122958 -1.000949 0.008544 0.018050
    12 1.775118 -0.139594 1.671897 0.513126 0.811034 3.113585
    13 -1.241366 -1.806391 1.056407 1.256939 -0.061300 2.555561
    14 1.239846 -1.806390 1.056407 1.163316 3.080293 0.586032
    15 1.218724 -1.798575 1.272704 -1.340342 0.061300 -2.555561
    16 0.004859 -0.122106 -0.000735 0.073338 0.041702 0.036316
    17 -1.061022 -1.480885 1.175125 -0.001808 -0.000755 -0.698399
    18 1.061021 -1.480883 1.175125 -0.223133 0.335894 -1.190945
    19 -0.001760 -2.447698 1.417189 0.231764 -0.000000 3.141592
    20 -1.220244 -1.798577 1.272703 -1.487043 -3.080293 -0.586032
    21 -0.004860 0.122106 0.000735 0.010737 0.041702 0.036316
    22 -8.669507 -3.113324 -6.616451 0.401274 2.456592 0.728192
    23 0.096951 -8.450422 -0.009364 0.094639 -0.449341 -0.117032
    24 -0.139400 -0.111699 0.014398 0.602938 -0.047021 1.569868
    25 1.164474 -2.543937 -0.170327 -1.022372 -0.073195 0.425447
    26 0.024034 -1.129039 0.017807 -0.966992 0.000000 -0.000001
    27 0.014896 -0.883992 -0.019847 -0.880350 0.000000 -0.000000
    28 0.447949 -2.798981 -0.200442 -0.603491 0.047193 0.204345
    29 -0.032909 -1.480206 0.004935 -1.453651 0.000000 0.000000
    30 -0.027023 -1.076921 -0.020212 -0.861688 0.000000 -0.000000
    31 -0.249535 -2.846962 -0.174215 -0.180405 0.073408 0.096039
    32 0.043235 -1.683941 0.096015 -1.215907 0.000001 0.000000
    33 0.031729 -1.160831 0.058834 -0.615230 -0.000000 -0.000000
    34 -0.963867 -2.785142 -0.085346 -0.116182 0.135327 -0.091592
    35 0.028477 -1.403065 0.006271 -0.414822 0.000001 0.000000
    36 0.021414 -0.957780 0.020046 -0.914304 0.000000 0.000000
    37 -0.591283 -1.257737 0.232709 -1.145444 -0.580937 -2.679645
    38 1.522835 0.058679 0.016852 0.001411 -0.316672 -0.046880
    39 1.117948 0.048424 -0.005766 -0.000051 -0.821116 0.056290
    40 0.120152 -0.050266 -0.054488 0.366862 3.144320 1.551255
    41 -1.180679 -2.507216 -0.193860 0.174078 0.013294 -0.477916
    42 -0.024968 -1.123935 0.017595 -0.399958 0.000000 0.000000
    43 -0.020059 -0.890964 0.010094 -0.763707 -0.000000 -0.000000
    44 -0.488518 -2.755600 -0.228259 0.021291 -0.012955 -0.306739
    45 0.039887 -1.479790 0.029853 -0.312801 0.000000 0.000000
    46 0.028784 -1.075732 -0.023109 -0.857892 -0.000000 -0.000000
    47 0.250027 -2.820664 -0.238394 0.058002 -0.058472 -0.078775
    48 -0.049760 -1.680543 0.100480 -0.624477 0.000000 -0.000000
    49 -0.034142 -1.148310 0.084779 -1.037172 0.000000 0.000000
    50 0.957767 -2.746777 -0.090299 -0.132358 -0.139206 0.276765
    51 -0.033420 -1.397126 -0.011255 -0.476372 0.000000 0.000001
    52 -0.022361 -0.957433 0.018785 -0.858670 0.000000 0.000000
    53 0.583509 -1.197273 0.185380 0.498834 -0.339857 -0.429184
    54 1.535925 0.010248 0.005008 -0.002964 -0.491310 0.000890
    55 1.100770 0.004527 -0.010675 -0.002796 -0.975914 0.003459
  time 27
    0 6.684503 -1.807527 -7.978713 1.096090 -2.014991 -1.241808
    1 -0.071920 -8.498732 -0.104134 -0.224084 0.312866 -0.021222
    2 -0.480402 -2.843485 2.688040 0.673012 -2.243426 1.543597
    3 -0.088869 0.170559 2.606216 -0.393785 1.196515 1.798619
    4 -0.011142 0.781255 -0.800262 1.900872 -0.084824 -0.012746
    5 0.000000 0.718097 -0.000002 -0.067308 0.000000 0.000000
    6 -0.000001 0.897711 1.580295 -0.150667 -0.044153 -0.157780
    7 -0.000000 -0.000000 0.811541 0.569018 -0.134605 0.274998
    8 2.156043 -1.398221 2.021274 -0.482238 0.223214 0.729694
    9 -2.130264 -1.398221 2.021276 2.513451 -0.480505 -0.777436
    10 0.078373 -2.106275 0.868908 -0.176167 0.008544 0.018050
    11 0.072788 -0.729863 3.122958 -1.000949 0.008544 0.018050
    12 1.775118 -0.139594 1.671897 0.513126 0.811034 3.113585
    13 -1.241366 -1.806391 1.056407 1.256939 -0.061300 2.555561
    14 1.239846 -1.806390 1.056407 1.163316 3.080293 0.586032
    15 1.218724 -1.798575 1.272704 -1.340342 0.061300 -2.555561
    16 0.004859 -0.122106 -0.000735 0.073338 0.041702 0.036316
    17 -1.061022 -1.480885 1.175125 -0.000460 -0.000192 -0.698193
    18 1.061021 -1.480883 1.175125 -0.223678 0.334179 -1.189893
    19 -0.001760 -2.447698 1.417189 0.231764 -0.000000 3.141592
    20 -1.220244 -1.798577 1.272703 -1.487043 -3.080293 -0.586032
    21 -0.004860 0.122106 0.000735 0.010737 0.041702 0.036316
    22 -8.603099 -3.156294 -6.659421 0.416532 2.449287 0.739580
    23 0.096951 -8.450422 -0.009364 0.036637 -0.423334 -0.112095
    24 -0.139400 -0.111699 0.014398 0.602938 -0.047021 1.569868
    25 1.164474 -2.543937 -0.170327 -1.016473 -0.075544 0.422607
    26 0.024034 -1.129039 0.017807 -0.966992 0.000000 -0.000001
    27 0.014896 -0.883992 -0.019847 -0.880350 0.000000 -0.000000
    28 0.447949 -2.798981 -0.200442 -0.603491 0.047193 0.204345
    29 -0.032909 -1.480206 0.004935 -1.451048 0.000000 0.000000
    30 -0.027023 -1.076921 -0.020212 -0.861688 0.000000 -0.000000
    31 -0.249535 -2.846962 -0.174215 -0.183468 0.073408 0.096039
    32 0.043235 -1.683941 0.096015 -1.210230 0.000001 0.000000
    33 0.031729 -1.160831 0.058834 -0.615230 -0.000000 -0.000000
    34 -0.963867 -2.785142 -0.085346 -0.135767 0.135327 -0.091592
    35 0.028477 -1.403065 0.006271 -0.409693 0.000001 0.000000
    36 0.021414 -0.957780 0.020046 -0.896728 0.000000 0.000000
    37 -0.591283 -1.257737 0.232709 -1.149635 -0.562888 -2.679818
    38 1.522835 0.058679 0.016852 0.001411 -0.315055 -0.046880
    39 1.117948 0.048424 -0.005766 -0.000051 -0.814945 0.056458
    40 0.120152 -0.050266 -0.054488 0.366862 3.144320 1.551255
    41 -1.180679 -2.507216 -0.193860 0.174078 0.013294 -0.477916
    42 -0.024968 -1.123935 0.017595 -0.399958 0.000000 0.000000
    43 -0.020059 -0.890964 0.010094 -0.763707 -0.000000 -0.000000
    44 -0.488518 -2.755600 -0.228259 0.021291 -0.012955 -0.306739
    45 0.039887 -1.479790 0.029853 -0.312801 0.000000 0.000000
    46 0.028784 -1.075732 -0.023109 -0.857892 -0.000000 -0.000000
    47 0.250027 -2.820664 -0.238394 0.058002 -0.058472 -0.078775
    48 -0.049760 -1.680543 0.100480 -0.624477 0.000000 -0.000000
    49 -0.034142 -1.148310 0.084779 -1.037172 0.000000 0.000000
    50 0.957767 -2.746777 -0.090299 -0.132358 -0.139206 0.276765
    51 -0.033420 -1.397126 -0.011255 -0.476372 0.000000 0.000001
    52 -0.022361 -0.957433 0.018785 -0.858670 0.000000 0.000000
    53 0.583509 -1.197273 0.185380 0.498834 -0.339857 -0.429184
    54 1.535925 0.010248 0.005008 -0.002964 -0.491310 0.000890
    55 1.100770 0.004527 -0.010675 -0.002796 -0.975914 0.003459
  time 28
    0 6.586843 -1.682523 -7.896679 1.099802 -1.983201 -1.250074
    1 -0.071920 -8.498732 -0.104134 -0.206662 0.268243 -0.010132
    2 -0.480402 -2.843485 2.688040 0.673012 -2.243426 1.543597
    3 -0.088869 0.170559 2.606216 -0.393785 1.196515 1.798619
    4 -0.011142 0.781255 -0.800262 1.900872 -0.084824 -0.012746
    5 0.000000 0.718097 -0.000002 -0.067308 0.000000 0.000000
    6 -0.000001 0.897711 1.580295 -0.150667 -0.044153 -0.157780
    7 -0.000000 -0.000000 0.811541 0.569018 -0.134605 0.274998
    8 2.156043 -1.398221 2.021274 -0.482214 0.223274 0.729826
    9 -2.130264 -1.398221 2.021276 2.513451 -0.480505 -0.777436
    10 0.078373 -2.106275 0.868908 -0.176167 0.008544 0.018050
    11 0.072788 -0.729863 3.122958 -1.000949 0.008544 0.018050
    12 1.775118 -0.139594 1.671897 0.513126 0.811034 3.113585
    13 -1.241366 -1.806391 1.056407 1.256939 -0.061300 2.555561
    14 1.239846 -1.806390 1.056407 1.163316 3.080293 0.586032
    15 1.218724 -1.798575 1.272704 -1.340342 0.061300 -2.555561
    16 0.004859 -0.122106 -0.000735 0.073338 0.041702 0.036316
    17 -1.061022 -1.480885 1.175125 0.000000 0.000000 -0.698132
    18 1.061021 -1.480883 1.175125 -0.223871 0.333597 -1.189563
    19 -0.001760 -2.447698 1.417189 0.231764 -0.000000 3.141592
    20 -1.220244 -1.798577 1.272703 -1.487043 -3.080293 -0.586032
    21 -0.004860 0.122106 0.000735 0.010737 0.041702 0.036316
    22 -8.544503 -3.191452 -6.698484 0.430161 2.443239 0.749120
    23 0.096951 -8.450422 -0.009364 -0.019356 -0.398521 -0.107463
    24 -0.139400 -0.111699 0.014398 0.602938 -0.047021 1.569868
    25 1.164474 -2.543937 -0.170327 -1.008528 -0.078732 0.418748
    26 0.024034 -1.129039 0.017807 -0.966992 0.000000 -0.000001
    27 0.014896 -0.883992 -0.019847 -0.880350 0.000000 -0.000000
    28 0.447949 -2.798981 -0.200442 -0.603491 0.047193 0.204345
    29 -0.032909 -1.480206 0.004935 -1.443876 0.000000 0.000000
    30 -0.027023 -1.076921 -0.020212 -0.861688 0.000000 -0.000000
    31 -0.249535 -2.846962 -0.174215 -0.187568 0.073408 0.096039
    32 0.043235 -1.683941 0.096015 -1.201735 0.000001 0.000000
    33 0.031729 -1.160831 0.058834 -0.615230 -0.000000 -0.000000
    34 -0.963867 -2.785142 -0.085346 -0.154951 0.135327 -0.091592
    35 0.028477 -1.403065 0.006271 -0.402350 0.000001 0.000000
    36 0.021414 -0.957780 0.020046 -0.876313 0.000000 0.000000
    37 -0.591283 -1.257737 0.232709 -1.154837 -0.541832 -2.679645
    38 1.522835 0.058679 0.016852 0.001411 -0.312840 -0.046880
    39 1.117948 0.048424 -0.005766 -0.000051 -0.806578 0.056673
    40 0.120152 -0.050266 -0.054488 0.366862 3.144320 1.551255
    41 -1.180679 -2.507216 -0.193860 0.174078 0.013294 -0.477916
    42 -0.024968 -1.123935 0.017595 -0.399958 0.000000 0.000000
    43 -0.020059 -0.890964 0.010094 -0.763707 -0.000000 -0.000000
    44 -0.488518 -2.755600 -0.228259 0.021291 -0.012955 -0.306739
    45 0.039887 -1.479790 0.029853 -0.312801 0.000000 0.000000
    46 0.028784 -1.075732 -0.023109 -0.857892 -0.000000 -0.000000
    47 0.250027 -2.820664 -0.238394 0.058002 -0.058472 -0.078775
    48 -0.049760 -1.680543 0.100480 -0.624477 0.000000 -0.000000
    49 -0.034142 -1.148310 0.084779 -1.037172 0.000000 0.000000
    50 0.957767 -2.746777 -0.090299 -0.132358 -0.139206 0.276765
    51 -0.033420 -1.397126 -0.011255 -0.476372 0.000000 0.000001
    52 -0.022361 -0.957433 0.018785 -0.858670 0.000000 0.000000
    53 0.583509 -1.197273 0.185380 0.498834 -0.339857 -0.429184
    54 1.535925 0.010248 0.005008 -0.002964 -0.491310 0.000890
    55 1.100770 0.004527 -0.010675 -0.002796 -0.975914 0.003459
  time 29
    0 6.520435 -1.592677 -7.830271 1.100483 -1.960433 -1.253473
    1 -0.071920 -8.498732 -0.104134 -0.192192 0.236549 -0.000427
    2 -0.480402 -2.843485 2.688040 0.673012 -2.243426 1.543597
    3 -0.088869 0.170559 2.606216 -0.393785 1.196515 1.798619
    4 -0.011142 0.781255 -0.800262 1.900872 -0.084824 -0.012746
    5 0.000000 0.718097 -0.000002 -0.067308 0.000000 0.000000
    6 -0.000001 0.897711 1.580295 -0.150667 -0.044153 -0.157780
    7 -0.000000 -0.000000 0.811541 0.569018 -0.134605 0.274998
    8 2.156043 -1.398221 2.021274 -0.482214 0.223274 0.729826
    9 -2.130264 -1.398221 2.021276 2.513451 -0.480505 -0.777436
    10 0.078373 -2.106275 0.868908 -0.176167 0.008544 0.018050
    11 0.072788 -0.729863 3.122958 -1.000949 0.008544 0.018050
    12 1.775118 -0.139594 1.671897 0.513126 0.811034 3.113585
    13 -1.241366 -1.806391 1.056407 1.256939 -0.061300 2.555561
    14 1.239846 -1.806390 1.056407 1.163316 3.080293 0.586032
    15 1.218724 -1.798575 1.272704 -1.340342 0.061300 -2.555561
    16 0.004859 -0.122106 -0.000735 0.073338 0.041702 0.036316
    17 -1.061022 -1.480885 1.175125 0.000000 0.000000 -0.698132
    18 1.061021 -1.480883 1.175125 -0.223871 0.333597 -1.189563
    19 -0.001760 -2.447698 1.417189 0.231764 -0.000000 3.141592
    20 -1.220244 -1.798577 1.272703 -1.487043 -3.080293 -0.586032
    21 -0.004860 0.122106 0.000735 0.010737 0.041702 0.036316
    22 -8.497627 -3.218796 -6.725829 0.442110 2.438370 0.756751
    23 0.096951 -8.450422 -0.009364 -0.069704 -0.376314 -0.103359
    24 -0.139400 -0.111699 0.014398 0.602938 -0.047021 1.569868
    25 1.164474 -2.543937 -0.170327 -0.998263 -0.082831 0.413787
    26 0.024034 -1.129039 0.017807 -0.966992 0.000000 -0.000001
    27 0.014896 -0.883992 -0.019847 -0.880350 0.000000 -0.000000
    28 0.447949 -2.798981 -0.200442 -0.603491 0.047193 0.204345
    29 -0.032909 -1.480206 0.004935 -1.431594 0.000000 0.000000
    30 -0.027023 -1.076921 -0.020212 -0.861688 0.000000 -0.000000
    31 -0.249535 -2.846962 -0.174215 -0.192883 0.073408 0.096039
    32 0.043235 -1.683941 0.096015 -1.190108 0.000001 0.000000
    33 0.031729 -1.160831 0.058834 -0.615230 -0.000000 -0.000000
    34 -0.963867 -2.785142 -0.085346 -0.173364 0.135327 -0.091592
    35 0.028477 -1.403065 0.006271 -0.393715 0.000001 0.000000
    36 0.021414 -0.957780 0.020046 -0.852830 0.000000 0.000000
    37 -0.591283 -1.257737 0.232709 -1.161123 -0.517932 -2.678996
    38 1.522835 0.058679 0.016852 0.001411 -0.309996 -0.046880
    39 1.117948 0.048424 -0.005766 -0.000063 -0.795854 0.056949
    40 0.120152 -0.050266 -0.054488 0.366862 3.144320 1.551255
    41 -1.180679 -2.507216 -0.193860 0.174078 0.013294 -0.477916
    42 -0.024968 -1.123935 0.017595 -0.399958 0.000000 0.000000
    43 -0.020059 -0.890964 0.010094 -0.763707 -0.000000 -0.000000
    44 -0.488518 -2.755600 -0.228259 0.021291 -0.012955 -0.306739
    45 0.039887 -1.479790 0.029853 -0.312801 0.000000 0.000000
    46 0.028784 -1.075732 -0.023109 -0.857892 -0.000000 -0.000000
    47 0.250027 -2.820664 -0.238394 0.058021 -0.058472 -0.078775
    48 -0.049760 -1.680543 0.100480 -0.624477 0.000000 -0.000000
    49 -0.034142 -1.148310 0.084779 -1.037172 0.000000 0.000000
    50 0.957767 -2.746777 -0.090299 -0.132358 -0.139206 0.276765
    51 -0.033420 -1.397126 -0.011255 -0.476372 0.000000 0.000001
    52 -0.022361 -0.957433 0.018785 -0.858670 0.000000 0.000000
    53 0.583509 -1.197273 0.185380 0.498834 -0.339857 -0.429184
    54 1.535925 0.010248 0.005008 -0.002964 -0.491310 0.000890
    55 1.100770 0.004527 -0.010675 -0.002796 -0.975914 0.003459
  time 30
    0 6.465746 -1.522362 -7.771675 1.098514 -1.942470 -1.253564
    1 -0.071920 -8.498732 -0.104134 -0.179900 0.210900 0.009125
    2 -0.480402 -2.843485 2.688040 0.673012 -2.243426 1.543597
    3 -0.088869 0.170559 2.606216 -0.393785 1.196515 1.798619
    4 -0.011142 0.781255 -0.800262 1.900872 -0.084824 -0.012746
    5 0.000000 0.718097 -0.000002 -0.067308 0.000000 0.000000
    6 -0.000001 0.897711 1.580295 -0.150667 -0.044153 -0.157780
    7 -0.000000 -0.000000 0.811541 0.569018 -0.134605 0.274998
    8 2.156043 -1.398221 2.021274 -0.482214 0.223274 0.729826
    9 -2.130264 -1.398221 2.021276 2.513451 -0.480505 -0.777436
    10 0.078373 -2.106275 0.868908 -0.176167 0.008544 0.018050
    11 0.072788 -0.729863 3.122958 -1.000949 0.008544 0.018050
    12 1.775118 -0.139594 1.671897 0.513126 0.811034 3.113585
    13 -1.241366 -1.806391 1.056407 1.256939 -0.061300 2.555561
    14 1.239846 -1.806390 1.056407 1.163316 3.080293 0.586032
    15 1.218724 -1.798575 1.272704 -1.340342 0.061300 -2.555561
    16 0.004859 -0.122106 -0.000735 0.073338 0.041702 0.036316
    17 -1.061022 -1.480885 1.175125 0.000000 0.000000 -0.698132
    18 1.061021 -1.480883 1.175125 -0.223871 0.333597 -1.189563
    19 -0.001760 -2.447698 1.417189 0.231764 -0.000000 3.141592
    20 -1.220244 -1.798577 1.272703 -1.487043 -3.080293 -0.586032
    21 -0.004860 0.122106 0.000735 0.010737 0.041702 0.036316
    22 -8.462469 -3.242234 -6.749268 0.452430 2.434731 0.762416
    23 0.096951 -8.450422 -0.009364 -0.110647 -0.358138 -0.099945
    24 -0.139400 -0.111699 0.014398 0.602950 -0.047021 1.569868
    25 1.164474 -2.543937 -0.170327 -0.985599 -0.087925 0.407638
    26 0.024034 -1.129039 0.017807 -0.966992 0.000000 -0.000001
    27 0.014896 -0.883992 -0.019847 -0.880350 0.000000 -0.000000
    28 0.447949 -2.798981 -0.200442 -0.603491 0.047193 0.204345
    29 -0.032909 -1.480206 0.004935 -1.413567 0.000000 0.000000
    30 -0.027023 -1.076921 -0.020212 -0.861688 0.000000 -0.000000
    31 -0.249535 -2.846962 -0.174215 -0.199460 0.073408 0.096039
    32 0.043235 -1.683941 0.096015 -1.174927 0.000001 0.000000
    33 0.031729 -1.160831 0.058834 -0.615230 -0.000000 -0.000000
    34 -0.963867 -2.785142 -0.085346 -0.190543 0.135327 -0.091592
    35 0.028477 -1.403065 0.006271 -0.384784 0.000001 0.000000
    36 0.021414 -0.957780 0.020046 -0.826066 0.000000 0.000000
    37 -0.591283 -1.257737 0.232709 -1.168493 -0.491428 -2.677763
    38 1.522835 0.058679 0.016852 0.001411 -0.306478 -0.046880
    39 1.117948 0.048424 -0.005766 -0.000063 -0.782518 0.057284
    40 0.120152 -0.050266 -0.054488 0.366862 3.144320 1.551255
    41 -1.180679 -2.507216 -0.193860 0.174078 0.013294 -0.477916
    42 -0.024968 -1.123935 0.017595 -0.399958 0.000000 0.000000
    43 -0.020059 -0.890964 0.010094 -0.763707 -0.000000 -0.000000
    44 -0.488518 -2.755600 -0.228259 0.021291 -0.012955 -0.306739
    45 0.039887 -1.479790 0.029853 -0.312801 0.000000 0.000000
    46 0.028784 -1.075732 -0.023109 -0.857892 -0.000000 -0.000000
    47 0.250027 -2.820664 -0.238394 0.058002 -0.058472 -0.078775
    48 -0.049760 -1.680543 0.100480 -0.624477 0.000000 -0.000000
    49 -0.034142 -1.148310 0.084779 -1.037172 0.000000 0.000000
    50 0.957767 -2.746777 -0.090299 -0.132358 -0.139206 0.276765
    51 -0.033420 -1.397126 -0.011255 -0.476372 0.000000 0.000001
    52 -0.022361 -0.957433 0.018785 -0.858670 0.000000 0.000000
    53 0.583509 -1.197273 0.185380 0.498834 -0.339857 -0.429184
    54 1.535925 0.010248 0.005008 -0.002964 -0.491310 0.000890
    55 1.100770 0.004527 -0.010675 -0.002796 -0.975914 0.003459
  time 31
    0 6.422776 -1.467673 -7.728705 1.094045 -1.929395 -1.250258
    1 -0.071920 -8.498732 -0.104134 -0.169823 0.191332 0.018524
    2 -0.480402 -2.843485 2.688040 0.673012 -2.243426 1.543597
    3 -0.088869 0.170559 2.606216 -0.393785 1.196515 1.798619
    4 -0.011142 0.781255 -0.800262 1.900872 -0.084824 -0.012746
    5 0.000000 0.718097 -0.000002 -0.067308 0.000000 0.000000
    6 -0.000001 0.897711 1.580295 -0.150667 -0.044153 -0.157780
    7 -0.000000 -0.000000 0.811541 0.569018 -0.134605 0.274998
    8 2.156043 -1.398221 2.021274 -0.482214 0.223274 0.729826
    9 -2.130264 -1.398221 2.021276 2.513451 -0.480505 -0.777436
    10 0.078373 -2.106275 0.868908 -0.176167 0.008544 0.018050
    11 0.072788 -0.729863 3.122958 -1.000949 0.008544 0.018050
    12 1.775118 -0.139594 1.671897 0.513126 0.811034 3.113585
    13 -1.241366 -1.806391 1.056407 1.256939 -0.061300 2.555561
    14 1.239846 -1.806390 1.056407 1.163316 3.080293 0.586032
    15 1.218724 -1.798575 1.272704 -1.340342 0.061300 -2.555561
    16 0.004859 -0.122106 -0.000735 0.073338 0.041702 0.036316
    17 -1.061022 -1.480885 1.175125 0.000000 0.000000 -0.698132
    18 1.061021 -1.480883 1.175125 -0.223871 0.333597 -1.189563
    19 -0.001760 -2.447698 1.417189 0.231764 -0.000000 3.141592
    20 -1.220244 -1.798577 1.272703 -1.487043 -3.080293 -0.586032
    21 -0.004860 0.122106 0.000735 0.010737 0.041702 0.036316
    22 -8.435125 -3.253953 -6.768799 0.461097 2.432296 0.766231
    23 0.096951 -8.450422 -0.009364 -0.138452 -0.345344 -0.097428
    24 -0.139400 -0.111699 0.014398 0.602938 -0.047021 1.569868
    25 1.164474 -2.543937 -0.170327 -0.970261 -0.094061 0.400220
    26 0.024034 -1.129039 0.017807 -0.966992 0.000000 -0.000001
    27 0.014896 -0.883992 -0.019847 -0.880350 0.000000 -0.000000
    28 0.447949 -2.798981 -0.200442 -0.603491 0.047193 0.204345
    29 -0.032909 -1.480206 0.004935 -1.389194 0.000000 0.000000
    30 -0.027023 -1.076921 -0.020212 -0.861688 0.000000 -0.000000
    31 -0.249535 -2.846962 -0.174215 -0.207388 0.073408 0.096039
    32 0.043235 -1.683941 0.096015 -1.155856 0.000001 0.000000
    33 0.031729 -1.160831 0.058834 -0.615230 -0.000000 -0.000000
    34 -0.963867 -2.785142 -0.085346 -0.206118 0.135327 -0.091592
    35 0.028477 -1.403065 0.006271 -0.376516 0.000001 0.000000
    36 0.021414 -0.957780 0.020046 -0.795813 0.000000 0.000000
    37 -0.591283 -1.257737 0.232709 -1.177001 -0.462499 -2.675750
    38 1.522835 0.058679 0.016852 0.001411 -0.302227 -0.046880
    39 1.117948 0.048424 -0.005766 -0.000075 -0.766431 0.057704
    40 0.120152 -0.050266 -0.054488 0.366862 3.144320 1.551255
    41 -1.180679 -2.507216 -0.193860 0.174078 0.013294 -0.477916
    42 -0.024968 -1.123935 0.017595 -0.399958 0.000000 0.000000
    43 -0.020059 -0.890964 0.010094 -0.763707 -0.000000 -0.000000
    44 -0.488518 -2.755600 -0.228259 0.021291 -0.012955 -0.306739
    45 0.039887 -1.479790 0.029853 -0.312801 0.000000 0.000000
    46 0.028784 -1.075732 -0.023109 -0.857892 -0.000000 -0.000000
    47 0.250027 -2.820664 -0.238394 0.058002 -0.058472 -0.078775
    48 -0.049760 -1.680543 0.100480 -0.624477 0.000000 -0.000000
    49 -0.034142 -1.148310 0.084779 -1.037172 0.000000 0.000000
    50 0.957767 -2.746777 -0.090299 -0.132358 -0.139206 0.276765
    51 -0.033420 -1.397126 -0.011255 -0.476372 0.000000 0.000001
    52 -0.022361 -0.957433 0.018785 -0.858670 0.000000 0.000000
    53 0.583509 -1.197273 0.185380 0.498834 -0.339857 -0.429184
    54 1.535925 0.010248 0.005008 -0.002964 -0.491310 0.000890
    55 1.100770 0.004527 -0.010675 -0.002796 -0.975914 0.003459
  time 32
    0 6.391525 -1.428609 -7.697454 1.087002 -1.921165 -1.243737
    1 -0.071920 -8.498732 -0.104134 -0.161924 0.177809 0.027757
    2 -0.480402 -2.843485 2.688040 0.673012 -2.243426 1.543597
    3 -0.088869 0.170559 2.606216 -0.393785 1.196515 1.798619
    4 -0.011142 0.781255 -0.800262 1.900872 -0.084824 -0.012746
    5 0.000000 0.718097 -0.000002 -0.067308 0.000000 0.000000
    6 -0.000001 0.897711 1.580295 -0.150667 -0.044153 -0.157780
    7 -0.000000 -0.000000 0.811541 0.569018 -0.134605 0.274998
    8 2.156043 -1.398221 2.021274 -0.482214 0.223274 0.729826
    9 -2.130264 -1.398221 2.021276 2.513451 -0.480505 -0.777436
    10 0.078373 -2.106275 0.868908 -0.176167 0.008544 0.018050
    11 0.072788 -0.729863 3.122958 -1.000949 0.008544 0.018050
    12 1.775118 -0.139594 1.671897 0.513126 0.811034 3.113585
    13 -1.241366 -1.806391 1.056407 1.256939 -0.061300 2.555561
    14 1.239846 -1.806390 1.056407 1.163316 3.080293 0.586032
    15 1.218724 -1.798575 1.272704 -1.340342 0.061300 -2.555561
    16 0.004859 -0.122106 -0.000735 0.073338 0.041702 0.036316
    17 -1.061022 -1.480885 1.175125 0.000000 0.000000 -0.698132
    18 1.061021 -1.480883 1.175125 -0.223871 0.333597 -1.189563
    19 -0.001760 -2.447698 1.417189 0.231764 -0.000000 3.141592
    20 -1.220244 -1.798577 1.272703 -1.487043 -3.080293 -0.586032
    21 -0.004860 0.122106 0.000735 0.010737 0.041702 0.036316
    22 -8.419499 -3.261766 -6.776612 0.468108 2.431091 0.768139
    23 0.096951 -8.450422 -0.009364 -0.156213 -0.336799 -0.095633
    24 -0.139400 -0.111699 0.014398 0.602950 -0.047021 1.569868
    25 1.164474 -2.543937 -0.170327 -0.952130 -0.101323 0.391447
    26 0.024034 -1.129039 0.017807 -0.966992 0.000000 -0.000001
    27 0.014896 -0.883992 -0.019847 -0.880350 0.000000 -0.000000
    28 0.447949 -2.798981 -0.200442 -0.603491 0.047193 0.204345
    29 -0.032909 -1.480206 0.004935 -1.357901 0.000000 0.000000
    30 -0.027023 -1.076921 -0.020212 -0.861688 0.000000 -0.000000
    31 -0.249535 -2.846962 -0.174215 -0.216758 0.073408 0.096039
    32 0.043235 -1.683941 0.096015 -1.132517 0.000001 0.000000
    33 0.031729 -1.160831 0.058834 -0.615230 -0.000000 -0.000000
    34 -0.963867 -2.785142 -0.085346 -0.219597 0.135327 -0.091592
    35 0.028477 -1.403065 0.006271 -0.369870 0.000001 0.000000
    36 0.021414 -0.957780 0.020046 -0.761880 0.000000 0.000000
    37 -0.591283 -1.257737 0.232709 -1.186682 -0.431356 -2.672872
    38 1.522835 0.058679 0.016852 0.001411 -0.297212 -0.046880
    39 1.117948 0.048424 -0.005766 -0.000087 -0.747386 0.058195
    40 0.120152 -0.050266 -0.054488 0.366862 3.144320 1.551255
    41 -1.180679 -2.507216 -0.193860 0.174078 0.013294 -0.477916
    42 -0.024968 -1.123935 0.017595 -0.399958 0.000000 0.000000
    43 -0.020059 -0.890964 0.010094 -0.763707 -0.000000 -0.000000
    44 -0.488518 -2.755600 -0.228259 0.021291 -0.012955 -0.306739
    45 0.039887 -1.479790 0.029853 -0.312801 0.000000 0.000000
    46 0.028784 -1.075732 -0.023109 -0.857892 -0.000000 -0.000000
    47 0.250027 -2.820664 -0.238394 0.058002 -0.058472 -0.078775
    48 -0.049760 -1.680543 0.100480 -0.624477 0.000000 -0.000000
    49 -0.034142 -1.148310 0.084779 -1.037172 0.000000 0.000000
    50 0.957767 -2.746777 -0.090299 -0.132358 -0.139206 0.276765
    51 -0.033420 -1.397126 -0.011255 -0.476372 0.000000 0.000001
    52 -0.022361 -0.957433 0.018785 -0.858670 0.000000 0.000000
    53 0.583509 -1.197273 0.185380 0.498834 -0.339857 -0.429184
    54 1.535925 0.010248 0.005008 -0.002964 -0.491310 0.000890
    55 1.100770 0.004527 -0.010675 -0.002796 -0.975914 0.003459
  time 33
    0 6.371993 -1.405171 -7.677922 1.077383 -1.917740 -1.233818
    1 -0.071920 -8.498732 -0.104134 -0.156203 0.170366 0.036836
    2 -0.480402 -2.843485 2.688040 0.673012 -2.243426 1.543597
    3 -0.088869 0.170559 2.606216 -0.393785 1.196515 1.798619
    4 -0.011142 0.781255 -0.800262 1.900872 -0.084824 -0.012746
    5 0.000000 0.718097 -0.000002 -0.067308 0.000000 0.000000
    6 -0.000001 0.897711 1.580295 -0.150667 -0.044153 -0.157780
    7 -0.000000 -0.000000 0.811541 0.569018 -0.134605 0.274998
    8 2.156043 -1.398221 2.021274 -0.482214 0.223274 0.729826
    9 -2.130264 -1.398221 2.021276 2.513451 -0.480505 -0.777436
    10 0.078373 -2.106275 0.868908 -0.176167 0.008544 0.018050
    11 0.072788 -0.729863 3.122958 -1.000949 0.008544 0.018050
    12 1.775118 -0.139594 1.671897 0.513126 0.811034 3.113585
    13 -1.241366 -1.806391 1.056407 1.256939 -0.061300 2.555561
    14 1.239846 -1.806390 1.056407 1.163316 3.080293 0.586032
    15 1.218724 -1.798575 1.272704 -1.340342 0.061300 -2.555561
    16 0.004859 -0.122106 -0.000735 0.073338 0.041702 0.036316
    17 -1.061022 -1.480885 1.175125 0.000000 0.000000 -0.698132
    18 1.061021 -1.480883 1.175125 -0.223871 0.333597 -1.189563
    19 -0.001760 -2.447698 1.417189 0.231764 -0.000000 3.141592
    20 -1.220244 -1.798577 1.272703 -1.487043 -3.080293 -0.586032
    21 -0.004860 0.122106 0.000735 0.010737 0.041702 0.036316
    22 -8.419499 -3.261766 -6.780519 0.473492 2.431091 0.768139
    23 0.096951 -8.450422 -0.009364 -0.169541 -0.330394 -0.094303
    24 -0.139400 -0.111699 0.014398 0.602938 -0.047021 1.569868
    25 1.164474 -2.543937 -0.170327 -0.931049 -0.109772 0.381224
    26 0.024034 -1.129039 0.017807 -0.966992 0.000000 -0.000001
    27 0.014896 -0.883992 -0.019847 -0.880350 0.000000 -0.000000
    28 0.447949 -2.798981 -0.200442 -0.603491 0.047193 0.204345
    29 -0.032909 -1.480206 0.004935 -1.319087 0.000000 0.000000
    30 -0.027023 -1.076921 -0.020212 -0.861688 0.000000 -0.000000
    31 -0.249535 -2.846962 -0.174215 -0.227705 0.073408 0.096039
    32 0.043235 -1.683941 0.096015 -1.104553 0.000001 0.000000
    33 0.031729 -1.160831 0.058834 -0.615230 -0.000000 -0.000000
    34 -0.963867 -2.785142 -0.085346 -0.230638 0.135327 -0.091592
    35 0.028477 -1.403065 0.006271 -0.365806 0.000001 0.000000
    36 0.021414 -0.957780 0.020046 -0.724037 0.000000 0.000000
    37 -0.591283 -1.257737 0.232709 -1.197575 -0.398192 -2.668956
    38 1.522835 0.058679 0.016852 0.001411 -0.291359 -0.046880
    39 1.117948 0.048424 -0.005766 -0.000099 -0.725244 0.058771
    40 0.120152 -0.050266 -0.054488 0.366862 3.144320 1.551255
    41 -1.180679 -2.507216 -0.193860 0.174078 0.013294 -0.477916
    42 -0.024968 -1.123935 0.017595 -0.399958 0.000000 0.000000
    43 -0.020059 -0.890964 0.010094 -0.763707 -0.000000 -0.000000
    44 -0.488518 -2.755600 -0.228259 0.021291 -0.012955 -0.306739
    45 0.039887 -1.479790 0.029853 -0.312801 0.000000 0.000000
    46 0.028784 -1.075732 -0.023109 -0.857892 -0.000000 -0.000000
    47 0.250027 -2.820664 -0.238394 0.058002 -0.058472 -0.078775
    48 -0.049760 -1.680543 0.100480 -0.624477 0.000000 -0.000000
    49 -0.034142 -1.148310 0.084779 -1.037172 0.000000 0.000000
    50 0.957767 -2.746777 -0.090299 -0.132358 -0.139206 0.276765
    51 -0.033420 -1.397126 -0.011255 -0.476372 0.000000 0.000001
    52 -0.022361 -0.957433 0.018785 -0.858670 0.000000 0.000000
    53 0.583509 -1.197273 0.185380 0.498834 -0.339857 -0.429184
    54 1.535925 0.010248 0.005008 -0.002964 -0.491310 0.000890
    55 1.100770 0.004527 -0.010675 -0.002796 -0.975914 0.003459
  time 34
    0 6.364180 -1.397358 -7.670110 1.065189 -1.919202 -1.220684
    1 -0.071920 -8.498732 -0.104134 -0.152696 0.168968 0.045749
    2 -0.480402 -2.843485 2.688040 0.673012 -2.243426 1.543597
    3 -0.088869 0.170559 2.606216 -0.393785 1.196515 1.798619
    4 -0.011142 0.781255 -0.800262 1.900872 -0.084824 -0.012746
    5 0.000000 0.718097 -0.000002 -0.067308 0.000000 0.000000
    6 -0.000001 0.897711 1.580295 -0.150667 -0.044153 -0.157780
    7 -0.000000 -0.000000 0.811541 0.569018 -0.134605 0.274998
    8 2.156043 -1.398221 2.021274 -0.482214 0.223274 0.729826
    9 -2.130264 -1.398221 2.021276 2.513451 -0.480505 -0.777436
    10 0.078373 -2.106275 0.868908 -0.176167 0.008544 0.018050
    11 0.072788 -0.729863 3.122958 -1.000949 0.008544 0.018050
    12 1.775118 -0.139594 1.671897 0.513126 0.811034 3.113585
    13 -1.241366 -1.806391 1.056407 1.256939 -0.061300 2.555561
    14 1.239846 -1.806390 1.056407 1.163316 3.080293 0.586032
    15 1.218724 -1.798575 1.272704 -1.340342 0.061300 -2.555561
    16 0.004859 -0.122106 -0.000735 0.073338 0.041702 0.036316
    17 -1.061022 -1.480885 1.175125 0.000000 0.000000 -0.698132
    18 1.061021 -1.480883 1.175125 -0.223871 0.333597 -1.189563
    19 -0.001760 -2.447698 1.417189 0.231764 -0.000000 3.141592
    20 -1.220244 -1.798577 1.272703 -1.487043 -3.080293 -0.586032
    21 -0.004860 0.122106 0.000735 0.010737 0.041702 0.036316
    22 -8.427312 -3.253953 -6.776612 0.477194 2.432296 0.766231
    23 0.096951 -8.450422 -0.009364 -0.178438 -0.326129 -0.093405
    24 -0.139400 -0.111699 0.014398 0.602950 -0.047021 1.569868
    25 1.164474 -2.543937 -0.170327 -0.906783 -0.119492 0.369467
    26 0.024034 -1.129039 0.017807 -0.966992 0.000000 -0.000001
    27 0.014896 -0.883992 -0.019847 -0.880350 0.000000 -0.000000
    28 0.447949 -2.798981 -0.200442 -0.603491 0.047193 0.204345
    29 -0.032909 -1.480206 0.004935 -1.272117 0.000000 0.000000
    30 -0.027023 -1.076921 -0.020212 -0.861688 0.000000 -0.000000
    31 -0.249535 -2.846962 -0.174215 -0.240273 0.073408 0.096039
    32 0.043235 -1.683941 0.096015 -1.071584 0.000001 0.000000
    33 0.031729 -1.160831 0.058834 -0.615230 -0.000000 -0.000000
    34 -0.963867 -2.785142 -0.085346 -0.238750 0.135327 -0.091592
    35 0.028477 -1.403065 0.006271 -0.365318 0.000001 0.000000
    36 0.021414 -0.957780 0.020046 -0.682053 0.000000 0.000000
    37 -0.591283 -1.257737 0.232709 -1.209713 -0.363218 -2.663892
    38 1.522835 0.058679 0.016852 0.001411 -0.284623 -0.046880
    39 1.117948 0.048424 -0.005766 -0.000111 -0.699751 0.059430
    40 0.120152 -0.050266 -0.054488 0.366862 3.144320 1.551255
    41 -1.180679 -2.507216 -0.193860 0.174078 0.013294 -0.477916
    42 -0.024968 -1.123935 0.017595 -0.399958 0.000000 0.000000
    43 -0.020059 -0.890964 0.010094 -0.763707 -0.000000 -0.000000
    44 -0.488518 -2.755600 -0.228259 0.021291 -0.012955 -0.306739
    45 0.039887 -1.479790 0.029853 -0.312801 0.000000 0.000000
    46 0.028784 -1.075732 -0.023109 -0.857892 -0.000000 -0.000000
    47 0.250027 -2.820664 -0.238394 0.058002 -0.058472 -0.078775
    48 -0.049760 -1.680543 0.100480 -0.624477 0.000000 -0.000000
    49 -0.034142 -1.148310 0.084779 -1.037172 0.000000 0.000000
    50 0.957767 -2.746777 -0.090299 -0.132358 -0.139206 0.276765
    51 -0.033420 -1.397126 -0.011255 -0.476372 0.000000 0.000001
    52 -0.022361 -0.957433 0.018785 -0.858670 0.000000 0.000000
    53 0.583509 -1.197273 0.185380 0.498834 -0.339857 -0.429184
    54 1.535925 0.010248 0.005008 -0.002964 -0.491310 0.000890
    55 1.100770 0.004527 -0.010675 -0.002796 -0.975914 0.003459
  time 35
    0 6.371993 -1.405171 -7.677922 1.050419 -1.925510 -1.204152
    1 -0.071920 -8.498732 -0.104134 -0.151367 0.173685 0.054508
    2 -0.480402 -2.843485 2.688040 0.673012 -2.243426 1.543597
    3 -0.088869 0.170559 2.606216 -0.393785 1.196515 1.798619
    4 -0.011142 0.781255 -0.800262 1.900872 -0.084824 -0.012746
    5 0.000000 0.718097 -0.000002 -0.067308 0.000000 0.000000
    6 -0.000001 0.897711 1.580295 -0.150667 -0.044153 -0.157780
    7 -0.000000 -0.000000 0.811541 0.569018 -0.134605 0.274998
    8 2.156043 -1.398221 2.021274 -0.482214 0.223274 0.729826
    9 -2.130264 -1.398221 2.021276 2.513451 -0.480505 -0.777436
    10 0.078373 -2.106275 0.868908 -0.176167 0.008544 0.018050
    11 0.072788 -0.729863 3.122958 -1.000949 0.008544 0.018050
    12 1.775118 -0.139594 1.671897 0.513126 0.811034 3.113585
    13 -1.241366 -1.806391 1.056407 1.256939 -0.061300 2.555561
    14 1.239846 -1.806390 1.056407 1.163316 3.080293 0.586032
    15 1.218724 -1.798575 1.272704 -1.340342 0.061300 -2.555561
    16 0.004859 -0.122106 -0.000735 0.073338 0.041702 0.036316
    17 -1.061022 -1.480885 1.175125 0.000000 0.000000 -0.698132
    18 1.061021 -1.480883 1.175125 -0.223871 0.333597 -1.189563
    19 -0.001760 -2.447698 1.417189 0.231764 -0.000000 3.141592
    20 -1.220244 -1.798577 1.272703 -1.487043 -3.080293 -0.586032
    21 -0.004860 0.122106 0.000735 0.010737 0.041702 0.036316
    22 -8.442938 -3.238328 -6.768799 0.479269 2.434731 0.762416
    23 0.096951 -8.450422 -0.009364 -0.182902 -0.323989 -0.092956
    24 -0.139400 -0.111699 0.014398 0.602950 -0.047021 1.569868
    25 1.164474 -2.543937 -0.170327 -0.879213 -0.130542 0.356117
    26 0.024034 -1.129039 0.017807 -0.966992 0.000000 -0.000001
    27 0.014896 -0.883992 -0.019847 -0.880350 0.000000 -0.000000
    28 0.447949 -2.798981 -0.200442 -0.603491 0.047193 0.204345
    29 -0.032909 -1.480206 0.004935 -1.216450 0.000000 0.000000
    30 -0.027023 -1.076921 -0.020212 -0.861688 0.000000 -0.000000
    31 -0.249535 -2.846962 -0.174215 -0.254553 0.073408 0.096039
    32 0.043235 -1.683941 0.096015 -1.033232 0.000001 0.000000
    33 0.031729 -1.160831 0.058834 -0.615230 -0.000000 -0.000000
    34 -0.963867 -2.785142 -0.085346 -0.243592 0.135327 -0.091592
    35 0.028477 -1.403065 0.006271 -0.369347 0.000001 0.000000
    36 0.021414 -0.957780 0.020046 -0.635737 0.000000 0.000000
    37 -0.591283 -1.257737 0.232709 -1.223134 -0.326642 -2.657509
    38 1.522835 0.058679 0.016852 0.001411 -0.276973 -0.046880
    39 1.117948 0.048424 -0.005766 -0.000135 -0.670790 0.060173
    40 0.120152 -0.050266 -0.054488 0.366862 3.144320 1.551255
    41 -1.180679 -2.507216 -0.193860 0.174078 0.013294 -0.477916
    42 -0.024968 -1.123935 0.017595 -0.399958 0.000000 0.000000
    43 -0.020059 -0.890964 0.010094 -0.763707 -0.000000 -0.000000
    44 -0.488518 -2.755600 -0.228259 0.021291 -0.012955 -0.306739
    45 0.039887 -1.479790 0.029853 -0.312801 0.000000 0.000000
    46 0.028784 -1.075732 -0.023109 -0.857892 -0.000000 -0.000000
    47 0.250027 -2.820664 -0.238394 0.058002 -0.058472 -0.078775
    48 -0.049760 -1.680543 0.100480 -0.624477 0.000000 -0.000000
    49 -0.034142 -1.148310 0.084779 -1.037172 0.000000 0.000000
    50 0.957767 -2.746777 -0.090299 -0.132358 -0.139206 0.276765
    51 -0.033420 -1.397126 -0.011255 -0.476372 0.000000 0.000001
    52 -0.022361 -0.957433 0.018785 -0.858670 0.000000 0.000000
    53 0.583509 -1.197273 0.185380 0.498834 -0.339857 -0.429184
    54 1.535925 0.010248 0.005008 -0.002964 -0.491310 0.000890
    55 1.100770 0.004527 -0.010675 -0.002796 -0.975914 0.003459
  time 36
    0 6.391525 -1.428609 -7.697454 1.033075 -1.936622 -1.184314
    1 -0.071920 -8.498732 -0.104134 -0.152216 0.184413 0.063116
    2 -0.480402 -2.843485 2.688040 0.673012 -2.243426 1.543597
    3 -0.088869 0.170559 2.606216 -0.393785 1.196515 1.798619
    4 -0.011142 0.781255 -0.800262 1.900872 -0.084824 -0.012746
    5 0.000000 0.718097 -0.000002 -0.067308 0.000000 0.000000
    6 -0.000001 0.897711 1.580295 -0.150667 -0.044153 -0.157780
    7 -0.000000 -0.000000 0.811541 0.569018 -0.134605 0.274998
    8 2.156043 -1.398221 2.021274 -0.482214 0.223274 0.729826
    9 -2.130264 -1.398221 2.021276 2.513451 -0.480505 -0.777436
    10 0.078373 -2.106275 0.868908 -0.176167 0.008544 0.018050
    11 0.072788 -0.729863 3.122958 -1.000949 0.008544 0.018050
    12 1.775118 -0.139594 1.671897 0.513126 0.811034 3.113585
    13 -1.241366 -1.806391 1.056407 1.256939 -0.061300 2.555561
    14 1.239846 -1.806390 1.056407 1.163316 3.080293 0.586032
    15 1.218724 -1.798575 1.272704 -1.340342 0.061300 -2.555561
    16 0.004859 -0.122106 -0.000735 0.073338 0.041702 0.036316
    17 -1.061022 -1.480885 1.175125 0.000000 0.000000 -0.698132
    18 1.061021 -1.480883 1.175125 -0.223871 0.333597 -1.189563
    19 -0.001760 -2.447698 1.417189 0.231764 -0.000000 3.141592
    20 -1.220244 -1.798577 1.272703 -1.487043 -3.080293 -0.586032
    21 -0.004860 0.122106 0.000735 0.010737 0.041702 0.036316
    22 -8.474189 -3.218796 -6.749268 0.479689 2.438370 0.756751
    23 0.096951 -8.450422 -0.009364 -0.182902 -0.323989 -0.092956
    24 -0.139400 -0.111699 0.014398 0.602950 -0.047021 1.569868
    25 1.164474 -2.543937 -0.170327 -0.848143 -0.142994 0.341052
    26 0.024034 -1.129039 0.017807 -0.966992 0.000000 -0.000001
    27 0.014896 -0.883992 -0.019847 -0.880350 0.000000 -0.000000
    28 0.447949 -2.798981 -0.200442 -0.603491 0.047193 0.204345
    29 -0.032909 -1.480206 0.004935 -1.151422 0.000000 0.000000
    30 -0.027023 -1.076921 -0.020212 -0.861688 0.000000 -0.000000
    31 -0.249535 -2.846962 -0.174215 -0.270634 0.073408 0.096039
    32 0.043235 -1.683941 0.096015 -0.989141 0.000001 0.000000
    33 0.031729 -1.160831 0.058834 -0.615230 -0.000000 -0.000000
    34 -0.963867 -2.785142 -0.085346 -0.244671 0.135327 -0.091592
    35 0.028477 -1.403065 0.006271 -0.378854 0.000001 0.000000
    36 0.021414 -0.957780 0.020046 -0.584880 0.000000 0.000000
    37 -0.591283 -1.257737 0.232709 -1.237874 -0.288644 -2.649697
    38 1.522835 0.058679 0.016852 0.001411 -0.268351 -0.046880
    39 1.117948 0.048424 -0.005766 -0.000147 -0.638132 0.061012
    40 0.120152 -0.050266 -0.054488 0.366862 3.144320 1.551255
    41 -1.180679 -2.507216 -0.193860 0.174078 0.013294 -0.477916
    42 -0.024968 -1.123935 0.017595 -0.399958 0.000000 0.000000
    43 -0.020059 -0.890964 0.010094 -0.763707 -0.000000 -0.000000
    44 -0.488518 -2.755600 -0.228259 0.021291 -0.012955 -0.306739
    45 0.039887 -1.479790 0.029853 -0.312801 0.000000 0.000000
    46 0.028784 -1.075732 -0.023109 -0.857892 -0.000000 -0.000000
    47 0.250027 -2.820664 -0.238394 0.058002 -0.058472 -0.078775
    48 -0.049760 -1.680543 0.100480 -0.624477 0.000000 -0.000000
    49 -0.034142 -1.148310 0.084779 -1.037172 0.000000 0.000000
    50 0.957767 -2.746777 -0.090299 -0.132358 -0.139206 0.276765
    51 -0.033420 -1.397126 -0.011255 -0.476372 0.000000 0.000001
    52 -0.022361 -0.957433 0.018785 -0.858670 0.000000 0.000000
    53 0.583509 -1.197273 0.185380 0.498834 -0.339857 -0.429184
    54 1.535925 0.010248 0.005008 -0.002964 -0.491310 0.000890
    55 1.100770 0.004527 -0.010675 -0.002796 -0.975914 0.003459
  time 37
    0 6.422776 -1.467673 -7.728705 1.013155 -1.952622 -1.161077
    1 -0.071920 -8.498732 -0.104134 -0.155280 0.201256 0.071556
    2 -0.480402 -2.843485 2.688040 0.673012 -2.243426 1.543597
    3 -0.088869 0.170559 2.606216 -0.393785 1.196515 1.798619
    4 -0.011142 0.781255 -0.800262 1.900872 -0.084824 -0.012746
    5 0.000000 0.718097 -0.000002 -0.067308 0.000000 0.000000
    6 -0.000001 0.897711 1.580295 -0.150667 -0.044153 -0.157780
    7 -0.000000 -0.000000 0.811541 0.569018 -0.134605 0.274998
    8 2.156043 -1.398221 2.021274 -0.482214 0.223274 0.729826
    9 -2.130264 -1.398221 2.021276 2.513451 -0.480505 -0.777436
    10 0.078373 -2.106275 0.868908 -0.176167 0.008544 0.018050
    11 0.072788 -0.729863 3.122958 -1.000949 0.008544 0.018050
    12 1.775118 -0.139594 1.671897 0.513126 0.811034 3.113585
    13 -1.241366 -1.806391 1.056407 1.256939 -0.061300 2.555561
    14 1.239846 -1.806390 1.056407 1.163316 3.080293 0.586032
    15 1.218724 -1.798575 1.272704 -1.340342 0.061300 -2.555561
    16 0.004859 -0.122106 -0.000735 0.073338 0.041702 0.036316
    17 -1.061022 -1.480885 1.175125 0.000000 0.000000 -0.698132
    18 1.061021 -1.480883 1.175125 -0.223871 0.333597 -1.189563
    19 -0.001760 -2.447698 1.417189 0.231764 -0.000000 3.141592
    20 -1.220244 -1.798577 1.272703 -1.487043 -3.080293 -0.586032
    21 -0.004860 0.122106 0.000735 0.010737 0.041702 0.036316
    22 -8.513252 -3.191452 -6.725829 0.478455 2.443239 0.749120
    23 0.096951 -8.450422 -0.009364 -0.178438 -0.326129 -0.093405
    24 -0.139400 -0.111699 0.014398 0.602950 -0.047021 1.569868
    25 1.164474 -2.543937 -0.170327 -0.813376 -0.156932 0.324214
    26 0.024034 -1.129039 0.017807 -0.966992 0.000000 -0.000001
    27 0.014896 -0.883992 -0.019847 -0.880350 0.000000 -0.000000
    28 0.447949 -2.798981 -0.200442 -0.603491 0.047193 0.204345
    29 -0.032909 -1.480206 0.004935 -1.076491 0.000000 0.000000
    30 -0.027023 -1.076921 -0.020212 -0.861688 0.000000 -0.000000
    31 -0.249535 -2.846962 -0.174215 -0.288653 0.073408 0.096039
    32 0.043235 -1.683941 0.096015 -0.938952 0.000001 0.000000
    33 0.031729 -1.160831 0.058834 -0.615230 -0.000000 -0.000000
    34 -0.963867 -2.785142 -0.085346 -0.241587 0.135327 -0.091592
    35 0.028477 -1.403065 0.006271 -0.394814 0.000001 0.000000
    36 0.021414 -0.957780 0.020046 -0.529251 0.000000 0.000000
    37 -0.591283 -1.257737 0.232709 -1.253968 -0.249434 -2.640327
    38 1.522835 0.058679 0.016852 0.001411 -0.258711 -0.046880
    39 1.117948 0.048424 -0.005766 -0.000171 -0.601614 0.061958
    40 0.120152 -0.050266 -0.054488 0.366862 3.144320 1.551255
    41 -1.180679 -2.507216 -0.193860 0.174078 0.013294 -0.477916
    42 -0.024968 -1.123935 0.017595 -0.399958 0.000000 0.000000
    43 -0.020059 -0.890964 0.010094 -0.763707 -0.000000 -0.000000
    44 -0.488518 -2.755600 -0.228259 0.021291 -0.012955 -0.306739
    45 0.039887 -1.479790 0.029853 -0.312801 0.000000 0.000000
    46 0.028784 -1.075732 -0.023109 -0.857892 -0.000000 -0.000000
    47 0.250027 -2.820664 -0.238394 0.058002 -0.058472 -0.078775
    48 -0.049760 -1.680543 0.100480 -0.624477 0.000000 -0.000000
    49 -0.034142 -1.148310 0.084779 -1.037172 0.000000 0.000000
    50 0.957767 -2.746777 -0.090299 -0.132358 -0.139206 0.276765
    51 -0.033420 -1.397126 -0.011255 -0.476372 0.000000 0.000001
    52 -0.022361 -0.957433 0.018785 -0.858670 0.000000 0.000000
    53 0.583509 -1.197273 0.185380 0.498834 -0.339857 -0.429184
    54 1.535925 0.010248 0.005008 -0.002964 -0.491310 0.000890
    55 1.100770 0.004527 -0.010675 -0.002796 -0.975914 0.003459
  time 38
    0 6.465746 -1.522362 -7.771675 0.990660 -1.973467 -1.134626
    1 -0.071920 -8.498732 -0.104134 -0.160522 0.224144 0.079843
    2 -0.480402 -2.843485 2.688040 0.673012 -2.243426 1.543597
    3 -0.088869 0.170559 2.606216 -0.393785 1.196515 1.798619
    4 -0.011142 0.781255 -0.800262 1.900872 -0.084824 -0.012746
    5 0.000000 0.718097 -0.000002 -0.067308 0.000000 0.000000
    6 -0.000001 0.897711 1.580295 -0.150667 -0.044153 -0.157780
    7 -0.000000 -0.000000 0.811541 0.569018 -0.134605 0.274998
    8 2.156043 -1.398221 2.021274 -0.482214 0.223274 0.729826
    9 -2.130264 -1.398221 2.021276 2.513451 -0.480505 -0.777436
    10 0.078373 -2.106275 0.868908 -0.176167 0.008544 0.018050
    11 0.072788 -0.729863 3.122958 -1.000949 0.008544 0.018050
    12 1.775118 -0.139594 1.671897 0.513126 0.811034 3.113585
    13 -1.241366 -1.806391 1.056407 1.256939 -0.061300 2.555561
    14 1.239846 -1.806390 1.056407 1.163316 3.080293 0.586032
    15 1.218724 -1.798575 1.272704 -1.340342 0.061300 -2.555561
    16 0.004859 -0.122106 -0.000735 0.073338 0.041702 0.036316
    17 -1.061022 -1.480885 1.175125 0.000000 0.000000 -0.698132
    18 1.061021 -1.480883 1.175125 -0.223871 0.333597 -1.189563
    19 -0.001760 -2.447698 1.417189 0.231764 -0.000000 3.141592
    20 -1.220244 -1.798577 1.272703 -1.487043 -3.080293 -0.586032
    21 -0.004860 0.122106 0.000735 0.010737 0.041702 0.036316
    22 -8.564035 -3.152388 -6.694578 0.475593 2.449287 0.739580
    23 0.096951 -8.450422 -0.009364 -0.169541 -0.330394 -0.094303
    24 -0.139400 -0.111699 0.014398 0.602938 -0.047021 1.569868
    25 1.164474 -2.543937 -0.170327 -0.774754 -0.172404 0.305494
    26 0.024034 -1.129039 0.017807 -0.966992 0.000000 -0.000001
    27 0.014896 -0.883992 -0.019847 -0.880350 0.000000 -0.000000
    28 0.447949 -2.798981 -0.200442 -0.603491 0.047193 0.204345
    29 -0.032909 -1.480206 0.004935 -0.991024 0.000000 0.000000
    30 -0.027023 -1.076921 -0.020212 -0.861688 0.000000 -0.000000
    31 -0.249535 -2.846962 -0.174215 -0.308654 0.073408 0.096039
    32 0.043235 -1.683941 0.096015 -0.882266 0.000001 0.000000
    33 0.031729 -1.160831 0.058834 -0.615230 -0.000000 -0.000000
    34 -0.963867 -2.785142 -0.085346 -0.233938 0.135327 -0.091592
    35 0.028477 -1.403065 0.006271 -0.418206 0.000001 0.000000
    36 0.021414 -0.957780 0.020046 -0.468639 0.000000 0.000000
    37 -0.591283 -1.257737 0.232709 -1.271453 -0.209222 -2.629249
    38 1.522835 0.058679 0.016852 0.001411 -0.248008 -0.046880
    39 1.117948 0.048424 -0.005766 -0.000195 -0.561051 0.063001
    40 0.120152 -0.050266 -0.054488 0.366862 3.144320 1.551255
    41 -1.180679 -2.507216 -0.193860 0.174078 0.013294 -0.477916
    42 -0.024968 -1.123935 0.017595 -0.399958 0.000000 0.000000
    43 -0.020059 -0.890964 0.010094 -0.763707 -0.000000 -0.000000
    44 -0.488518 -2.755600 -0.228259 0.021291 -0.012955 -0.306739
    45 0.039887 -1.479790 0.029853 -0.312801 0.000000 0.000000
    46 0.028784 -1.075732 -0.023109 -0.857892 -0.000000 -0.000000
    47 0.250027 -2.820664 -0.238394 0.058002 -0.058472 -0.078775
    48 -0.049760 -1.680543 0.100480 -0.624477 0.000000 -0.000000
    49 -0.034142 -1.148310 0.084779 -1.037172 0.000000 0.000000
    50 0.957767 -2.746777 -0.090299 -0.132358 -0.139206 0.276765
    51 -0.033420 -1.397126 -0.011255 -0.476372 0.000000 0.000001
    52 -0.022361 -0.957433 0.018785 -0.858670 0.000000 0.000000
    53 0.583509 -1.197273 0.185380 0.498834 -0.339857 -0.429184
    54 1.535925 0.010248 0.005008 -0.002964 -0.491310 0.000890
    55 1.100770 0.004527 -0.010675 -0.002796 -0.975914 0.003459
  time 39
    0 6.520435 -1.592677 -7.830271 0.965590 -1.999159 -1.104777
    1 -0.071920 -8.498732 -0.104134 -0.167941 0.253077 0.087963
    2 -0.480402 -2.843485 2.688040 0.673012 -2.243426 1.543597
    3 -0.088869 0.170559 2.606216 -0.393785 1.196515 1.798619
    4 -0.011142 0.781255 -0.800262 1.900872 -0.084824 -0.012746
    5 0.000000 0.718097 -0.000002 -0.067308 0.000000 0.000000
    6 -0.000001 0.897711 1.580295 -0.150667 -0.044153 -0.157780
    7 -0.000000 -0.000000 0.811541 0.569018 -0.134605 0.274998
    8 2.156043 -1.398221 2.021274 -0.482214 0.223274 0.729826
    9 -2.130264 -1.398221 2.021276 2.513451 -0.480505 -0.777436
    10 0.078373 -2.106275 0.868908 -0.176167 0.008544 0.018050
    11 0.072788 -0.729863 3.122958 -1.000949 0.008544 0.018050
    12 1.775118 -0.139594 1.671897 0.513126 0.811034 3.113585
    13 -1.241366 -1.806391 1.056407 1.256939 -0.061300 2.555561
    14 1.239846 -1.806390 1.056407 1.163316 3.080293 0.586032
    15 1.218724 -1.798575 1.272704 -1.340342 0.061300 -2.555561
    16 0.004859 -0.122106 -0.000735 0.073338 0.041702 0.036316
    17 -1.061022 -1.480885 1.175125 0.000000 0.000000 -0.698132
    18 1.061021 -1.480883 1.175125 -0.223871 0.333597 -1.189563
    19 -0.001760 -2.447698 1.417189 0.231764 -0.000000 3.141592
    20 -1.220244 -1.798577 1.272703 -1.487043 -3.080293 -0.586032
    21 -0.004860 0.122106 0.000735 0.010737 0.041702 0.036316
    22 -8.626537 -3.109418 -6.659421 0.471076 2.456592 0.728192
    23 0.096951 -8.450422 -0.009364 -0.156213 -0.336799 -0.095633
    24 -0.139400 -0.111699 0.014398 0.602950 -0.047021 1.569868
    25 1.164474 -2.543937 -0.170327 -0.732121 -0.189494 0.284832
    26 0.024034 -1.129039 0.017807 -0.966992 0.000000 -0.000001
    27 0.014896 -0.883992 -0.019847 -0.880350 0.000000 -0.000000
    28 0.447949 -2.798981 -0.200442 -0.603491 0.047193 0.204345
    29 -0.032909 -1.480206 0.004935 -0.894449 0.000000 0.000000
    30 -0.027023 -1.076921 -0.020212 -0.861688 0.000000 -0.000000
    31 -0.249535 -2.846962 -0.174215 -0.330727 0.073408 0.096039
    32 0.043235 -1.683941 0.096015 -0.818767 0.000001 0.000000
    33 0.031729 -1.160831 0.058834 -0.615230 -0.000000 -0.000000
    34 -0.963867 -2.785142 -0.085346 -0.221324 0.135327 -0.091592
    35 0.028477 -1.403065 0.006271 -0.449970 0.000001 0.000000
    36 0.021414 -0.957780 0.020046 -0.402855 0.000000 0.000000
    37 -0.591283 -1.257737 0.232709 -1.290365 -0.168186 -2.616309
    38 1.522835 0.058679 0.016852 0.001411 -0.236167 -0.046880
    39 1.117948 0.048424 -0.005766 -0.000219 -0.516258 0.064164
    40 0.120152 -0.050266 -0.054488 0.366862 3.144320 1.551255
    41 -1.180679 -2.507216 -0.193860 0.174078 0.013294 -0.477916
    42 -0.024968 -1.123935 0.017595 -0.399958 0.000000 0.000000
    43 -0.020059 -0.890964 0.010094 -0.763707 -0.000000 -0.000000
    44 -0.488518 -2.755600 -0.228259 0.021291 -0.012955 -0.306739
    45 0.039887 -1.479790 0.029853 -0.312801 0.000000 0.000000
    46 0.028784 -1.075732 -0.023109 -0.857892 -0.000000 -0.000000
    47 0.250027 -2.820664 -0.238394 0.058002 -0.058472 -0.078775
    48 -0.049760 -1.680543 0.100480 -0.624477 0.000000 -0.000000
    49 -0.034142 -1.148310 0.084779 -1.037172 0.000000 0.000000
    50 0.957767 -2.746777 -0.090299 -0.132358 -0.139206 0.276765
    51 -0.033420 -1.397126 -0.011255 -0.476372 0.000000 0.000001
    52 -0.022361 -0.957433 0.018785 -0.858670 0.000000 0.000000
    53 0.583509 -1.197273 0.185380 0.498834 -0.339857 -0.429184
    54 1.535925 0.010248 0.005008 -0.002964 -0.491310 0.000890
    55 1.100770 0.004527 -0.010675 -0.002796 -0.975914 0.003459
  time 40
    0 6.586843 -1.682523 -7.896679 0.938021 -2.029654 -1.071713
    1 -0.071920 -8.498732 -0.104134 -0.177538 0.288091 0.095931
    2 -0.480402 -2.843485 2.688040 0.673012 -2.243426 1.543597
    3 -0.088869 0.170559 2.606216 -0.393785 1.196515 1.798619
    4 -0.011142 0.781255 -0.800262 1.900872 -0.084824 -0.012746
    5 0.000000 0.718097 -0.000002 -0.067308 0.000000 0.000000
    6 -0.000001 0.897711 1.580295 -0.150667 -0.044153 -0.157780
    7 -0.000000 -0.000000 0.811541 0.569018 -0.134605 0.274998
    8 2.156043 -1.398221 2.021274 -0.482214 0.223274 0.729826
    9 -2.130264 -1.398221 2.021276 2.513451 -0.480505 -0.777436
    10 0.078373 -2.106275 0.868908 -0.176167 0.008544 0.018050
    11 0.072788 -0.729863 3.122958 -1.000949 0.008544 0.018050
    12 1.775118 -0.139594 1.671897 0.513126 0.811034 3.113585
    13 -1.241366 -1.806391 1.056407 1.256939 -0.061300 2.555561
    14 1.239846 -1.806390 1.056407 1.163316 3.080293 0.586032
    15 1.218724 -1.798575 1.272704 -1.340342 0.061300 -2.555561
    16 0.004859 -0.122106 -0.000735 0.073338 0.041702 0.036316
    17 -1.061022 -1.480885 1.175125 0.000000 0.000000 -0.698132
    18 1.061021 -1.480883 1.175125 -0.223871 0.333597 -1.189563
    19 -0.001760 -2.447698 1.417189 0.231764 -0.000000 3.141592
    20 -1.220244 -1.798577 1.272703 -1.487043 -3.080293 -0.586032
    21 -0.004860 0.122106 0.000735 0.010737 0.041702 0.036316
    22 -8.700758 -3.062541 -6.612545 0.464904 2.465075 0.714897
    23 0.096951 -8.450422 -0.009364 -0.138452 -0.345344 -0.097428
    24 -0.139400 -0.111699 0.014398 0.602950 -0.047021 1.569868
    25 1.164474 -2.543937 -0.170327 -0.685280 -0.208274 0.262133
    26 0.024034 -1.129039 0.017807 -0.966992 0.000000 -0.000001
    27 0.014896 -0.883992 -0.019847 -0.880350 0.000000 -0.000000
    28 0.447949 -2.798981 -0.200442 -0.603491 0.047193 0.204345
    29 -0.032909 -1.480206 0.004935 -0.786131 0.000000 0.000000
    30 -0.027023 -1.076921 -0.020212 -0.861688 0.000000 -0.000000
    31 -0.249535 -2.846962 -0.174215 -0.355007 0.073408 0.096039
    32 0.043235 -1.683941 0.096015 -0.748035 0.000001 0.000000
    33 0.031729 -1.160831 0.058834 -0.615230 -0.000000 -0.000000
    34 -0.963867 -2.785142 -0.085346 -0.203281 0.135327 -0.091592
    35 0.028477 -1.403065 0.006271 -0.491084 0.000001 0.000000
    36 0.021414 -0.957780 0.020046 -0.331647 0.000000 0.000000
    37 -0.591283 -1.257737 0.232709 -1.310741 -0.126567 -2.601378
    38 1.522835 0.058679 0.016852 0.001411 -0.223174 -0.046880
    39 1.117948 0.048424 -0.005766 -0.000243 -0.467051 0.065422
    40 0.120152 -0.050266 -0.054488 0.366862 3.144320 1.551255
    41 -1.180679 -2.507216 -0.193860 0.174078 0.013294 -0.477916
    42 -0.024968 -1.123935 0.017595 -0.399958 0.000000 0.000000
    43 -0.020059 -0.890964 0.010094 -0.763707 -0.000000 -0.000000
    44 -0.488518 -2.755600 -0.228259 0.021291 -0.012955 -0.306739
    45 0.039887 -1.479790 0.029853 -0.312801 0.000000 0.000000
    46 0.028784 -1.075732 -0.023109 -0.857892 -0.000000 -0.000000
    47 0.250027 -2.820664 -0.238394 0.058002 -0.058472 -0.078775
    48 -0.049760 -1.680543 0.100480 -0.624477 0.000000 -0.000000
    49 -0.034142 -1.148310 0.084779 -1.037172 0.000000 0.000000
    50 0.957767 -2.746777 -0.090299 -0.132358 -0.139206 0.276765
    51 -0.033420 -1.397126 -0.011255 -0.476372 0.000000 0.000001
    52 -0.022361 -0.957433 0.018785 -0.858670 0.000000 0.000000
    53 0.583509 -1.197273 0.185380 0.498834 -0.339857 -0.429184
    54 1.535925 0.010248 0.005008 -0.002964 -0.491310 0.000890
    55 1.100770 0.004527 -0.010675 -0.002796 -0.975914 0.003459
end
