version 1
nodes
  0 "Bone01" -1
  1 "Bone_Lefthand" 0
  2 "Bone_Root" 1
  3 "Bone_Head_Top" 2
  4 "Bone_Mouth00" 2
  5 "Bone_Mouth01" 4
  6 "Bone_Toung" 4
  7 "Bone_Toung01" 6
  8 "Bone_Bol_L" 4
  9 "Bone_Bol_R" 4
  10 "Bone_Bol_Bottom" 4
  11 "Bone_Bol_M" 4
  12 "Bone_Head_L" 2
  13 "Bone_EyeCover_R_B" 2
  14 "Bone_EyeCover_L_B" 2
  15 "Bone_EyeCover_L_Top00" 2
  16 "Bone_EyeCover_L_Top01" 15
  17 "Bone_EyeL" 2
  18 "Bone_EyeR" 2
  19 "Bone_MiGan" 2
  20 "Bone_EyeCover_R_Top00" 2
  21 "Bone_EyeCover_R_Top01" 20
  22 "Bone04" -1
  23 "Bone_Righthand" 22
  24 "Bone_Se_Hand-R" 23
  25 "Bone43" 23
  26 "Bone44" 25
  27 "Bone45" 26
  28 "Bone39" 23
  29 "Bone40" 28
  30 "Bone41" 29
  31 "Bone35" 23
  32 "Bone36" 31
  33 "Bone37" 32
  34 "Bone31" 23
  35 "Bone32" 34
  36 "Bone33" 35
  37 "Bone27" 23
  38 "Bone28" 37
  39 "Bone29" 38
  40 "Bone_Se_Hand-L" 1
  41 "Bone09" 1
  42 "Bone10" 41
  43 "Bone11" 42
  44 "Bone13" 1
  45 "Bone14" 44
  46 "Bone15" 45
  47 "Bone17" 1
  48 "Bone18" 47
  49 "Bone19" 48
  50 "Bone21" 1
  51 "Bone22" 50
  52 "Bone23" 51
  53 "Bone05" 1
  54 "Bone06" 53
  55 "Bone07" 54
end
skeleton
  time 0
    0 6.586843 -1.682523 -7.896679 0.938021 -2.029654 -1.071713
    1 -0.071920 -8.498732 -0.104134 -0.177538 0.288091 0.095931
    2 -0.480402 -2.843485 2.688040 0.673012 -2.243426 1.543597
    3 -0.088869 0.170559 2.606216 -0.393785 1.196515 1.798619
    4 -0.011142 0.781255 -0.800262 1.900872 -0.084824 -0.012746
    5 0.000000 0.718097 -0.000002 -0.067308 0.000000 0.000000
    6 -0.000001 0.897711 1.580295 -0.150667 -0.044153 -0.157780
    7 -0.000000 -0.000000 0.811541 0.569018 -0.134605 0.274998
    8 2.156043 -1.398221 2.021274 -0.482214 0.223274 0.729826
    9 -2.130264 -1.398221 2.021276 2.513451 -0.480505 -0.777436
    10 0.078373 -2.106275 0.868908 -0.176167 0.008544 0.018050
    11 0.072788 -0.729863 3.122958 -1.000949 0.008544 0.018050
    12 1.775118 -0.139594 1.671897 0.513126 0.811034 3.113585
    13 -1.241366 -1.806391 1.056407 1.256939 -0.061300 2.555561
    14 1.239846 -1.806390 1.056407 1.163316 3.080293 0.586032
    15 1.218724 -1.798575 1.272704 -1.340342 0.061300 -2.555561
    16 0.004859 -0.122106 -0.000735 0.073338 0.041702 0.036316
    17 -1.061022 -1.480885 1.175125 0.000000 0.000000 -0.698132
    18 1.061021 -1.480883 1.175125 -0.223871 0.333597 -1.189563
    19 -0.001760 -2.447698 1.417189 0.231764 0.000000 3.141592
    20 -1.220244 -1.798577 1.272703 -1.487043 -3.080293 -0.586032
    21 -0.004860 0.122106 0.000735 0.010737 0.041702 0.036316
    22 -8.700758 -3.062541 -6.612545 0.464904 2.465075 0.714897
    23 0.096951 -8.450422 -0.009364 -0.138452 -0.345344 -0.097428
    24 -0.139400 -0.111699 0.014398 0.602950 -0.047021 1.569868
    25 1.164474 -2.543937 -0.170327 -0.685280 -0.208274 0.262133
    26 0.024034 -1.129039 0.017807 -0.966992 0.000000 -0.000001
    27 0.014896 -0.883992 -0.019847 -0.880350 0.000000 -0.000000
    28 0.447949 -2.798981 -0.200442 -0.603491 0.047193 0.204345
    29 -0.032909 -1.480206 0.004935 -0.786131 0.000000 0.000000
    30 -0.027023 -1.076921 -0.020212 -0.861688 0.000000 -0.000000
    31 -0.249535 -2.846962 -0.174215 -0.355007 0.073408 0.096039
    32 0.043235 -1.683941 0.096015 -0.748035 0.000001 0.000000
    33 0.031729 -1.160831 0.058834 -0.615230 -0.000000 -0.000000
    34 -0.963867 -2.785142 -0.085346 -0.203281 0.135327 -0.091592
    35 0.028477 -1.403065 0.006271 -0.491084 0.000001 0.000000
    36 0.021414 -0.957780 0.020046 -0.331647 0.000000 0.000000
    37 -0.591283 -1.257737 0.232709 -1.310741 -0.126567 -2.601378
    38 1.522835 0.058679 0.016852 0.001411 -0.223174 -0.046880
    39 1.117948 0.048424 -0.005766 -0.000243 -0.467051 0.065422
    40 0.120152 -0.050266 -0.054488 0.366862 3.144320 1.551255
    41 -1.180679 -2.507216 -0.193860 0.174078 0.013294 -0.477916
    42 -0.024968 -1.123935 0.017595 -0.399958 0.000000 0.000000
    43 -0.020059 -0.890964 0.010094 -0.763707 -0.000000 -0.000000
    44 -0.488518 -2.755600 -0.228259 0.021291 -0.012955 -0.306739
    45 0.039887 -1.479790 0.029853 -0.312801 0.000000 0.000000
    46 0.028784 -1.075732 -0.023109 -0.857892 -0.000000 -0.000000
    47 0.250027 -2.820664 -0.238394 0.058002 -0.058472 -0.078775
    48 -0.049760 -1.680543 0.100480 -0.624477 0.000000 -0.000000
    49 -0.034142 -1.148310 0.084779 -1.037172 0.000000 0.000000
    50 0.957767 -2.746777 -0.090299 -0.132358 -0.139206 0.276765
    51 -0.033420 -1.397126 -0.011255 -0.476372 0.000000 0.000001
    52 -0.022361 -0.957433 0.018785 -0.858670 0.000000 0.000000
    53 0.583509 -1.197273 0.185380 0.498834 -0.339857 -0.429184
    54 1.535925 0.010248 0.005008 -0.002964 -0.491310 0.000890
    55 1.100770 0.004527 -0.010675 -0.002796 -0.975914 0.003459
  time 1
    0 6.559499 -1.690336 -7.935742 0.948700 -2.029654 -1.083469
    1 -0.071920 -8.498732 -0.104134 -0.173847 0.292843 0.094895
    2 -0.480402 -2.843485 2.688040 0.673012 -2.243426 1.543597
    3 -0.088869 0.170559 2.606216 -0.404270 1.195603 1.786712
    4 -0.011142 0.781255 -0.800262 1.887244 -0.084824 -0.012746
    5 0.000000 0.718097 -0.000002 -0.065239 0.000000 0.000000
    6 -0.000001 0.897711 1.580295 -0.150667 -0.044153 -0.157780
    7 -0.000000 -0.000000 0.811541 0.569018 -0.134605 0.274998
    8 2.156043 -1.406034 2.025180 -0.482454 0.222711 0.728723
    9 -2.130264 -1.398221 2.021276 2.514769 -0.480661 -0.783308
    10 0.078373 -2.114088 0.872814 -0.176167 0.008544 0.018050
    11 0.072788 -0.737676 3.122958 -1.002675 0.008544 0.018050
    12 1.775118 -0.139594 1.671897 0.513126 0.811034 3.113585
    13 -1.241366 -1.806391 1.056407 1.260325 -0.065085 2.556711
    14 1.239846 -1.806390 1.056407 1.158216 3.083984 0.587590
    15 1.218724 -1.798575 1.272704 -1.341762 0.057452 -2.556232
    16 0.004859 -0.122106 -0.000735 0.073338 0.041702 0.036316
    17 -1.061022 -1.480885 1.175125 -0.029487 -0.038165 -0.647175
    18 1.061021 -1.480883 1.175125 -0.212256 0.334577 -1.158137
    19 -0.001760 -2.447698 1.409376 0.231345 0.000000 3.141592
    20 -1.220244 -1.798577 1.272703 -1.481822 -3.076331 -0.586320
    21 -0.004860 0.122106 0.000735 0.010737 0.041702 0.036316
    22 -8.501534 -3.132856 -6.608638 0.481790 2.476411 0.721813
    23 0.096951 -8.450422 -0.009364 -0.055132 -0.379090 -0.142038
    24 -0.139400 -0.111699 0.014398 0.602950 -0.047021 1.569868
    25 1.164474 -2.543937 -0.170327 -0.679892 -0.211066 0.262793
    26 0.024034 -1.129039 0.017807 -0.903550 0.000000 -0.000001
    27 0.014896 -0.883992 -0.019847 -0.811401 0.000000 -0.000000
    28 0.447949 -2.798981 -0.200442 -0.578718 0.047193 0.204345
    29 -0.032909 -1.480206 0.004935 -0.755283 0.000000 0.000000
    30 -0.027023 -1.076921 -0.020212 -0.804216 0.000000 -0.000000
    31 -0.249535 -2.846962 -0.174215 -0.348205 0.073408 0.096039
    32 0.043235 -1.683941 0.096015 -0.731824 0.000001 0.000000
    33 0.031729 -1.160831 0.058834 -0.584693 -0.000000 -0.000000
    34 -0.963867 -2.785142 -0.085346 -0.217715 0.135327 -0.091592
    35 0.028477 -1.403065 0.006271 -0.515086 0.000001 0.000000
    36 0.021414 -0.957780 0.020046 -0.359273 0.000000 0.000000
    37 -0.591283 -1.257737 0.232709 -1.311409 -0.128483 -2.594302
    38 1.522835 0.058679 0.016852 0.001411 -0.200151 -0.046880
    39 1.117948 0.048424 -0.005766 -0.000243 -0.446966 0.065422
    40 0.120152 -0.050266 -0.054488 0.366862 3.144320 1.551255
    41 -1.180679 -2.507216 -0.193860 0.174078 0.013294 -0.477916
    42 -0.024968 -1.123935 0.017595 -0.399958 0.000000 0.000000
    43 -0.020059 -0.890964 0.010094 -0.763707 -0.000000 -0.000000
    44 -0.488518 -2.755600 -0.228259 0.021291 -0.012955 -0.306739
    45 0.039887 -1.479790 0.029853 -0.312801 0.000000 0.000000
    46 0.028784 -1.075732 -0.023109 -0.857892 -0.000000 -0.000000
    47 0.250027 -2.820664 -0.238394 0.058021 -0.058472 -0.078775
    48 -0.049760 -1.680543 0.100480 -0.624477 0.000000 -0.000000
    49 -0.034142 -1.148310 0.084779 -1.037172 0.000000 0.000000
    50 0.957767 -2.746777 -0.090299 -0.126745 -0.139206 0.276765
    51 -0.033420 -1.397126 -0.011255 -0.476782 0.000000 0.000001
    52 -0.022361 -0.957433 0.018785 -0.858670 0.000000 0.000000
    53 0.583509 -1.197273 0.185380 0.498834 -0.339857 -0.429184
    54 1.535925 0.010248 0.005008 -0.002964 -0.491310 0.000890
    55 1.100770 0.004527 -0.010675 -0.002796 -0.975914 0.003459
  time 2
    0 6.532154 -1.698149 -7.970900 0.958547 -2.029737 -1.094398
    1 -0.071920 -8.498732 -0.104134 -0.170525 0.297072 0.093966
    2 -0.480402 -2.843485 2.688040 0.673012 -2.243426 1.543597
    3 -0.088869 0.170559 2.606216 -0.432756 1.192834 1.754281
    4 -0.011142 0.781255 -0.800262 1.875222 -0.084824 -0.012746
    5 0.000000 0.718097 -0.000002 -0.059786 0.000000 0.000000
    6 -0.000001 0.897711 1.580295 -0.150667 -0.044153 -0.157780
    7 -0.000000 -0.000000 0.811541 0.569018 -0.134605 0.274998
    8 2.163856 -1.413846 2.032993 -0.482502 0.222603 0.728508
    9 -2.138077 -1.406034 2.025182 2.516100 -0.480793 -0.789133
    10 0.078373 -2.129713 0.876721 -0.176167 0.008544 0.018050
    11 0.072788 -0.749395 3.130771 -1.004389 0.008544 0.018050
    12 1.771212 -0.139594 1.664084 0.513126 0.811034 3.113585
    13 -1.241366 -1.806391 1.056407 1.269805 -0.075148 2.560066
    14 1.239846 -1.806390 1.056407 1.144681 3.093752 0.591701
    15 1.218724 -1.798575 1.272704 -1.346554 0.047035 -2.558342
    16 0.004859 -0.122106 -0.000735 0.073338 0.041702 0.036316
    17 -1.061022 -1.480885 1.175125 -0.064448 -0.086473 -0.581002
    18 1.061021 -1.480883 1.175125 -0.199485 0.328421 -1.113402
    19 -0.001760 -2.447698 1.382032 0.230098 0.000000 3.141592
    20 -1.220244 -1.798577 1.272703 -1.468022 -3.065736 -0.587182
    21 -0.004860 0.122106 0.000735 0.010737 0.041702 0.036316
    22 -8.329653 -3.207077 -6.596919 0.494264 2.487852 0.729564
    23 0.096951 -8.450422 -0.009364 0.024712 -0.409144 -0.183025
    24 -0.139400 -0.111699 0.014398 0.602950 -0.047021 1.569868
    25 1.164474 -2.543937 -0.170327 -0.667660 -0.213487 0.263368
    26 0.024034 -1.129039 0.017807 -0.842360 0.000000 -0.000001
    27 0.014896 -0.883992 -0.019847 -0.744177 0.000000 -0.000000
    28 0.447949 -2.798981 -0.200442 -0.550855 0.047193 0.204345
    29 -0.032909 -1.480206 0.004935 -0.721991 0.000000 0.000000
    30 -0.027023 -1.076921 -0.020212 -0.748191 0.000000 -0.000000
    31 -0.249535 -2.846962 -0.174215 -0.336493 0.073408 0.096039
    32 0.043235 -1.683941 0.096015 -0.713595 0.000001 0.000000
    33 0.031729 -1.160831 0.058834 -0.555061 -0.000000 -0.000000
    34 -0.963867 -2.785142 -0.085346 -0.225302 0.135327 -0.091592
    35 0.028477 -1.403065 0.006271 -0.528656 0.000001 0.000000
    36 0.021414 -0.957780 0.020046 -0.378888 0.000000 0.000000
    37 -0.591283 -1.257737 0.232709 -1.313342 -0.133721 -2.574914
    38 1.522835 0.058679 0.016852 0.001411 -0.180257 -0.046880
    39 1.117948 0.048424 -0.005766 -0.000243 -0.427413 0.065422
    40 0.120152 -0.050266 -0.054488 0.366862 3.144320 1.551255
    41 -1.180679 -2.507216 -0.193860 0.174078 0.013294 -0.477916
    42 -0.024968 -1.123935 0.017595 -0.399958 0.000000 0.000000
    43 -0.020059 -0.890964 0.010094 -0.763707 -0.000000 -0.000000
    44 -0.488518 -2.755600 -0.228259 0.021291 -0.012955 -0.306739
    45 0.039887 -1.479790 0.029853 -0.312801 0.000000 0.000000
    46 0.028784 -1.075732 -0.023109 -0.857892 -0.000000 -0.000000
    47 0.250027 -2.820664 -0.238394 0.058021 -0.058472 -0.078775
    48 -0.049760 -1.680543 0.100480 -0.624477 0.000000 -0.000000
    49 -0.034142 -1.148310 0.084779 -1.037172 0.000000 0.000000
    50 0.957767 -2.746777 -0.090299 -0.121943 -0.139206 0.276765
    51 -0.033420 -1.397126 -0.011255 -0.477136 0.000000 0.000001
    52 -0.022361 -0.957433 0.018785 -0.858670 0.000000 0.000000
    53 0.583509 -1.197273 0.185380 0.498834 -0.339857 -0.429184
    54 1.535925 0.010248 0.005008 -0.002964 -0.491310 0.000890
    55 1.100770 0.004527 -0.010675 -0.002796 -0.975914 0.003459
  time 3
    0 6.504809 -1.705961 -8.009964 0.967635 -2.029947 -1.104409
    1 -0.071920 -8.498732 -0.104134 -0.167646 0.300811 0.093143
    2 -0.480402 -2.843485 2.688040 0.673012 -2.243426 1.543597
    3 -0.088869 0.170559 2.606216 -0.474332 1.188049 1.706763
    4 -0.011142 0.781255 -0.800262 1.864806 -0.084824 -0.012746
    5 0.000000 0.718097 -0.000002 -0.052045 0.000000 0.000000
    6 -0.000001 0.897711 1.580295 -0.150667 -0.044153 -0.157780
    7 -0.000000 -0.000000 0.811541 0.569018 -0.134605 0.274998
    8 2.171669 -1.429472 2.040806 -0.482370 0.222902 0.729095
    9 -2.149796 -1.413846 2.032995 2.517406 -0.480924 -0.794910
    10 0.078373 -2.149245 0.884533 -0.176167 0.008544 0.018050
    11 0.072788 -0.765020 3.142490 -1.006090 0.008544 0.018050
    12 1.759493 -0.139594 1.656272 0.513126 0.811034 3.113585
    13 -1.241366 -1.806391 1.056407 1.283771 -0.089365 2.564667
    14 1.239846 -1.806390 1.056407 1.125486 3.107546 0.597525
    15 1.218724 -1.798575 1.272704 -1.354808 0.032394 -2.561313
    16 0.004859 -0.122106 -0.000735 0.073338 0.041702 0.036316
    17 -1.061022 -1.480885 1.175125 -0.101529 -0.140229 -0.505479
    18 1.061021 -1.480883 1.175125 -0.185784 0.316905 -1.058030
    19 -0.001760 -2.447698 1.339062 0.228085 0.000000 3.141592
    20 -1.220244 -1.798577 1.272703 -1.448442 -3.050810 -0.588429
    21 -0.004860 0.122106 0.000735 0.010737 0.041702 0.036316
    22 -8.181211 -3.285204 -6.581294 0.502352 2.499424 0.738209
    23 0.096951 -8.450422 -0.009364 0.101112 -0.435524 -0.220389
    24 -0.139400 -0.111699 0.014398 0.602950 -0.047021 1.569868
    25 1.164474 -2.543937 -0.170327 -0.648979 -0.215536 0.263859
    26 0.024034 -1.129039 0.017807 -0.783271 0.000000 -0.000001
    27 0.014896 -0.883992 -0.019847 -0.678563 0.000000 -0.000000
    28 0.447949 -2.798981 -0.200442 -0.520046 0.047193 0.204345
    29 -0.032909 -1.480206 0.004935 -0.686478 0.000000 0.000000
    30 -0.027023 -1.076921 -0.020212 -0.693613 0.000000 -0.000000
    31 -0.249535 -2.846962 -0.174215 -0.320231 0.073408 0.096039
    32 0.043235 -1.683941 0.096015 -0.693452 0.000001 0.000000
    33 0.031729 -1.160831 0.058834 -0.526271 -0.000000 -0.000000
    34 -0.963867 -2.785142 -0.085346 -0.226567 0.135327 -0.091592
    35 0.028477 -1.403065 0.006271 -0.533488 0.000001 0.000000
    36 0.021414 -0.957780 0.020046 -0.391691 0.000000 0.000000
    37 -0.591283 -1.257737 0.232709 -1.316395 -0.141428 -2.546070
    38 1.522835 0.058679 0.016852 0.001411 -0.163311 -0.046880
    39 1.117948 0.048424 -0.005766 -0.000243 -0.408368 0.065422
    40 0.120152 -0.050266 -0.054488 0.366862 3.144320 1.551255
    41 -1.180679 -2.507216 -0.193860 0.174078 0.013294 -0.477916
    42 -0.024968 -1.123935 0.017595 -0.399958 0.000000 0.000000
    43 -0.020059 -0.890964 0.010094 -0.763707 -0.000000 -0.000000
    44 -0.488518 -2.755600 -0.228259 0.021291 -0.012955 -0.306739
    45 0.039887 -1.479790 0.029853 -0.312801 0.000000 0.000000
    46 0.028784 -1.075732 -0.023109 -0.857892 -0.000000 -0.000000
    47 0.250027 -2.820664 -0.238394 0.058021 -0.058472 -0.078775
    48 -0.049760 -1.680543 0.100480 -0.624477 0.000000 -0.000000
    49 -0.034142 -1.148310 0.084779 -1.037172 0.000000 0.000000
    50 0.957767 -2.746777 -0.090299 -0.117951 -0.139206 0.276765
    51 -0.033420 -1.397126 -0.011255 -0.477433 0.000000 0.000001
    52 -0.022361 -0.957433 0.018785 -0.858670 0.000000 0.000000
    53 0.583509 -1.197273 0.185380 0.498834 -0.339857 -0.429184
    54 1.535925 0.010248 0.005008 -0.002964 -0.491310 0.000890
    55 1.100770 0.004527 -0.010675 -0.002796 -0.975914 0.003459
  time 4
    0 6.481371 -1.713774 -8.045121 0.975891 -2.030155 -1.113410
    1 -0.071920 -8.498732 -0.104134 -0.165099 0.304060 0.092397
    2 -0.480402 -2.843485 2.688040 0.673012 -2.243426 1.543597
    3 -0.092775 0.170559 2.606216 -0.523971 1.181073 1.649703
    4 -0.011142 0.781255 -0.800262 1.856022 -0.084824 -0.012746
    5 0.000000 0.718097 -0.000002 -0.043184 0.000000 0.000000
    6 -0.000001 0.897711 1.580295 -0.150667 -0.044153 -0.157780
    7 -0.000000 -0.000000 0.811541 0.569018 -0.134605 0.274998
    8 2.183388 -1.445097 2.052525 -0.482106 0.223538 0.730353
    9 -2.161515 -1.421659 2.040808 2.518724 -0.481032 -0.800638
    10 0.078373 -2.172683 0.888440 -0.176167 0.008544 0.018050
    11 0.072788 -0.784552 3.158115 -1.007768 0.008544 0.018050
    12 1.747773 -0.139594 1.644552 0.513126 0.811034 3.113585
    13 -1.241366 -1.806391 1.056407 1.300954 -0.105706 2.570034
    14 1.239846 -1.806390 1.056407 1.103344 3.123353 0.604225
    15 1.218724 -1.798575 1.272704 -1.366877 0.015688 -2.564765
    16 0.004859 -0.122106 -0.000735 0.073338 0.041702 0.036316
    17 -1.061022 -1.480885 1.175125 -0.137410 -0.194765 -0.426409
    18 1.061021 -1.480883 1.175125 -0.171313 0.301775 -0.994818
    19 -0.001760 -2.447698 1.288279 0.225340 0.000000 3.141592
    20 -1.220244 -1.798577 1.272703 -1.425971 -3.033765 -0.589963
    21 -0.004860 0.122106 0.000735 0.010737 0.041702 0.036316
    22 -8.060114 -3.367238 -6.561762 0.506029 2.511153 0.747748
    23 0.096951 -8.450422 -0.009364 0.174068 -0.458212 -0.254115
    24 -0.139400 -0.111699 0.014398 0.602950 -0.047021 1.569868
    25 1.164474 -2.543937 -0.170327 -0.624241 -0.217262 0.264267
    26 0.024034 -1.129039 0.017807 -0.726209 0.000000 -0.000001
    27 0.014896 -0.883992 -0.019847 -0.614482 0.000000 -0.000000
    28 0.447949 -2.798981 -0.200442 -0.486533 0.047193 0.204345
    29 -0.032909 -1.480206 0.004935 -0.648806 0.000000 0.000000
    30 -0.027023 -1.076921 -0.020212 -0.640343 0.000000 -0.000000
    31 -0.249535 -2.846962 -0.174215 -0.299555 0.073408 0.096039
    32 0.043235 -1.683941 0.096015 -0.671522 0.000001 0.000000
    33 0.031729 -1.160831 0.058834 -0.498321 -0.000000 -0.000000
    34 -0.963867 -2.785142 -0.085346 -0.222033 0.135327 -0.091592
    35 0.028477 -1.403065 0.006271 -0.531290 0.000001 0.000000
    36 0.021414 -0.957780 0.020046 -0.398882 0.000000 0.000000
    37 -0.591283 -1.257737 0.232709 -1.320423 -0.150781 -2.510539
    38 1.522835 0.058679 0.016852 0.001411 -0.149150 -0.046880
    39 1.117948 0.048424 -0.005766 -0.000243 -0.389785 0.065422
    40 0.120152 -0.050266 -0.054488 0.366862 3.144320 1.551255
    41 -1.180679 -2.507216 -0.193860 0.174078 0.013294 -0.477916
    42 -0.024968 -1.123935 0.017595 -0.399958 0.000000 0.000000
    43 -0.020059 -0.890964 0.010094 -0.763707 -0.000000 -0.000000
    44 -0.488518 -2.755600 -0.228259 0.021317 -0.012955 -0.306739
    45 0.039887 -1.479790 0.029853 -0.312801 0.000000 0.000000
    46 0.028784 -1.075732 -0.023109 -0.857892 -0.000000 -0.000000
    47 0.250027 -2.820664 -0.238394 0.058021 -0.058472 -0.078775
    48 -0.049760 -1.680543 0.100480 -0.624477 0.000000 -0.000000
    49 -0.034142 -1.148310 0.084779 -1.037172 0.000000 0.000000
    50 0.957767 -2.746777 -0.090299 -0.114749 -0.139206 0.276765
    51 -0.033420 -1.397126 -0.011255 -0.477659 0.000000 0.000001
    52 -0.022361 -0.957433 0.018785 -0.858670 0.000000 0.000000
    53 0.583509 -1.197273 0.185380 0.498834 -0.339857 -0.429184
    54 1.535925 0.010248 0.005008 -0.002964 -0.491310 0.000890
    55 1.100770 0.004527 -0.010675 -0.002796 -0.975914 0.003459
  time 5
    0 6.457933 -1.717681 -8.076372 0.983314 -2.030489 -1.121584
    1 -0.071920 -8.498732 -0.104134 -0.162921 0.306891 0.091772
    2 -0.480402 -2.843485 2.688040 0.673012 -2.243426 1.543597
    3 -0.092775 0.166653 2.606216 -0.576763 1.172012 1.588511
    4 -0.011142 0.781255 -0.800262 1.848869 -0.084824 -0.012746
    5 0.000000 0.718097 -0.000002 -0.034323 0.000000 0.000000
    6 -0.000001 0.897711 1.580295 -0.150667 -0.044153 -0.157780
    7 -0.000000 -0.000000 0.811541 0.569018 -0.134605 0.274998
    8 2.195107 -1.460723 2.064244 -0.481687 0.224496 0.732223
    9 -2.177140 -1.433378 2.048621 2.520031 -0.481128 -0.806319
    10 0.078373 -2.200028 0.896253 -0.176167 0.008544 0.018050
    11 0.072788 -0.804084 3.177647 -1.009434 0.008544 0.018050
    12 1.736054 -0.139594 1.632833 0.513126 0.811034 3.113585
    13 -1.241366 -1.806391 1.056407 1.319999 -0.122046 2.575402
    14 1.239846 -1.806390 1.056407 1.081093 3.139149 0.610960
    15 1.218724 -1.798575 1.272704 -1.383295 -0.001111 -2.568408
    16 0.004859 -0.122106 -0.000735 0.073338 0.041702 0.036316
    17 -1.061022 -1.480885 1.175125 -0.168722 -0.245400 -0.349655
    18 1.061021 -1.480883 1.175125 -0.156297 0.284747 -0.926498
    19 -0.001760 -2.447698 1.233590 0.221913 0.000000 3.141592
    20 -1.220244 -1.798577 1.272703 -1.403501 -3.016628 -0.591401
    21 -0.004860 0.122106 0.000735 0.010737 0.041702 0.036316
    22 -7.958548 -3.449272 -6.538323 0.505267 2.522987 0.758123
    23 0.096951 -8.450422 -0.009364 0.243581 -0.477225 -0.284217
    24 -0.139400 -0.111699 0.014398 0.602950 -0.047021 1.569868
    25 1.164474 -2.543937 -0.170327 -0.593760 -0.218664 0.264602
    26 0.024034 -1.129039 0.017807 -0.671048 0.000000 -0.000001
    27 0.014896 -0.883992 -0.019847 -0.551895 0.000000 -0.000000
    28 0.447949 -2.798981 -0.200442 -0.450364 0.047193 0.204345
    29 -0.032909 -1.480206 0.004935 -0.609135 0.000000 0.000000
    30 -0.027023 -1.076921 -0.020212 -0.588325 0.000000 -0.000000
    31 -0.249535 -2.846962 -0.174215 -0.274779 0.073408 0.096039
    32 0.043235 -1.683941 0.096015 -0.647888 0.000001 0.000000
    33 0.031729 -1.160831 0.058834 -0.471116 -0.000000 -0.000000
    34 -0.963867 -2.785142 -0.085346 -0.212225 0.135327 -0.091592
    35 0.028477 -1.403065 0.006271 -0.523772 0.000001 0.000000
    36 0.021414 -0.957780 0.020046 -0.401657 0.000000 0.000000
    37 -0.591283 -1.257737 0.232709 -1.325282 -0.160958 -2.471157
    38 1.522835 0.058679 0.016852 0.001411 -0.137639 -0.046880
    39 1.117948 0.048424 -0.005766 -0.000243 -0.371665 0.065422
    40 0.120152 -0.050266 -0.054488 0.366862 3.144320 1.551255
    41 -1.180679 -2.507216 -0.193860 0.174078 0.013294 -0.477916
    42 -0.024968 -1.123935 0.017595 -0.399958 0.000000 0.000000
    43 -0.020059 -0.890964 0.010094 -0.763707 -0.000000 -0.000000
    44 -0.488518 -2.755600 -0.228259 0.021291 -0.012955 -0.306739
    45 0.039887 -1.479790 0.029853 -0.312801 0.000000 0.000000
    46 0.028784 -1.075732 -0.023109 -0.857892 -0.000000 -0.000000
    47 0.250027 -2.820664 -0.238394 0.058002 -0.058472 -0.078775
    48 -0.049760 -1.680543 0.100480 -0.624477 0.000000 -0.000000
    49 -0.034142 -1.148310 0.084779 -1.037172 0.000000 0.000000
    50 0.957767 -2.746777 -0.090299 -0.112338 -0.139206 0.276765
    51 -0.033420 -1.397126 -0.011255 -0.477842 0.000000 0.000001
    52 -0.022361 -0.957433 0.018785 -0.858670 0.000000 0.000000
    53 0.583509 -1.197273 0.185380 0.498834 -0.339857 -0.429184
    54 1.535925 0.010248 0.005008 -0.002964 -0.491310 0.000890
    55 1.100770 0.004527 -0.010675 -0.002796 -0.975914 0.003459
  time 6
    0 6.438401 -1.725493 -8.111529 0.989903 -2.030865 -1.128932
    1 -0.071920 -8.498732 -0.104134 -0.161075 0.309302 0.091208
    2 -0.480402 -2.843485 2.688040 0.673012 -2.243426 1.543597
    3 -0.096682 0.166653 2.606216 -0.628345 1.161302 1.528108
    4 -0.011142 0.781255 -0.800262 1.843348 -0.084824 -0.012746
    5 0.000000 0.718097 -0.000002 -0.026606 0.000000 0.000000
    6 -0.000001 0.897711 1.580295 -0.150667 -0.044153 -0.157780
    7 -0.000000 -0.000000 0.811541 0.569018 -0.134605 0.274998
    8 2.210732 -1.476348 2.075963 -0.481159 0.225695 0.734572
    9 -2.188859 -1.445097 2.056433 2.521325 -0.481212 -0.811952
    10 0.078373 -2.231279 0.907972 -0.176167 0.008544 0.018050
    11 0.072788 -0.823616 3.197179 -1.011100 0.008544 0.018050
    12 1.724335 -0.139594 1.617208 0.513126 0.811034 3.113585
    13 -1.241366 -1.806391 1.056407 1.339637 -0.136356 2.580098
    14 1.239846 -1.806390 1.056407 1.061554 3.152908 0.616904
    15 1.218724 -1.798575 1.272704 -1.404328 -0.015658 -2.571955
    16 0.004859 -0.122106 -0.000735 0.073338 0.041702 0.036316
    17 -1.061022 -1.480885 1.175125 -0.192144 -0.287453 -0.281022
    18 1.061021 -1.480883 1.175125 -0.140991 0.267412 -0.855954
    19 -0.001760 -2.447698 1.178900 0.217850 0.000000 3.141592
    20 -1.220244 -1.798577 1.272703 -1.383827 -3.001702 -0.592647
    21 -0.004860 0.122106 0.000735 0.010737 0.041702 0.036316
    22 -7.884327 -3.539119 -6.514885 0.500120 2.534952 0.769332
    23 0.096951 -8.450422 -0.009364 0.309650 -0.492532 -0.310698
    24 -0.139400 -0.111699 0.014398 0.602950 -0.047021 1.569868
    25 1.164474 -2.543937 -0.170327 -0.557892 -0.219755 0.264854
    26 0.024034 -1.129039 0.017807 -0.617663 0.000000 -0.000001
    27 0.014896 -0.883992 -0.019847 -0.490612 0.000000 -0.000000
    28 0.447949 -2.798981 -0.200442 -0.411780 0.047193 0.204345
    29 -0.032909 -1.480206 0.004935 -0.567560 0.000000 0.000000
    30 -0.027023 -1.076921 -0.020212 -0.537505 0.000000 -0.000000
    31 -0.249535 -2.846962 -0.174215 -0.246174 0.073408 0.096039
    32 0.043235 -1.683941 0.096015 -0.622657 0.000001 0.000000
    33 0.031729 -1.160831 0.058834 -0.444655 -0.000000 -0.000000
    34 -0.963867 -2.785142 -0.085346 -0.197698 0.135327 -0.091592
    35 0.028477 -1.403065 0.006271 -0.512644 0.000001 0.000000
    36 0.021414 -0.957780 0.020046 -0.401236 0.000000 0.000000
    37 -0.591283 -1.257737 0.232709 -1.330827 -0.171149 -2.430714
    38 1.522835 0.058679 0.016852 0.001411 -0.128567 -0.046880
    39 1.117948 0.048424 -0.005766 -0.000243 -0.353937 0.065422
    40 0.120152 -0.050266 -0.054488 0.366862 3.144320 1.551255
    41 -1.180679 -2.507216 -0.193860 0.174078 0.013294 -0.477916
    42 -0.024968 -1.123935 0.017595 -0.399958 0.000000 0.000000
    43 -0.020059 -0.890964 0.010094 -0.763707 -0.000000 -0.000000
    44 -0.488518 -2.755600 -0.228259 0.021291 -0.012955 -0.306739
    45 0.039887 -1.479790 0.029853 -0.312801 0.000000 0.000000
    46 0.028784 -1.075732 -0.023109 -0.857892 -0.000000 -0.000000
    47 0.250027 -2.820664 -0.238394 0.058021 -0.058472 -0.078775
    48 -0.049760 -1.680543 0.100480 -0.624477 0.000000 -0.000000
    49 -0.034142 -1.148310 0.084779 -1.037172 0.000000 0.000000
    50 0.957767 -2.746777 -0.090299 -0.110737 -0.139206 0.276765
    51 -0.033420 -1.397126 -0.011255 -0.477956 0.000000 0.000001
    52 -0.022361 -0.957433 0.018785 -0.858670 0.000000 0.000000
    53 0.583509 -1.197273 0.185380 0.498834 -0.339857 -0.429184
    54 1.535925 0.010248 0.005008 -0.002964 -0.491310 0.000890
    55 1.100770 0.004527 -0.010675 -0.002796 -0.975914 0.003459
  time 7
    0 6.418869 -1.733306 -8.138874 0.995659 -2.031325 -1.135269
    1 -0.071920 -8.498732 -0.104134 -0.159525 0.311329 0.090751
    2 -0.480402 -2.843485 2.688040 0.673012 -2.243426 1.543597
    3 -0.096682 0.166653 2.602310 -0.675174 1.149752 1.472625
    4 -0.011142 0.781255 -0.800262 1.839432 -0.084824 -0.012746
    5 0.000000 0.718097 -0.000002 -0.021128 0.000000 0.000000
    6 -0.000001 0.897711 1.580295 -0.150667 -0.044153 -0.157780
    7 -0.000000 -0.000000 0.811541 0.569018 -0.134605 0.274998
    8 2.226358 -1.491974 2.087682 -0.480548 0.227085 0.737316
    9 -2.204485 -1.452910 2.064246 2.522619 -0.481284 -0.817536
    10 0.078373 -2.258624 0.915784 -0.176167 0.008544 0.018050
    11 0.072788 -0.847054 3.212804 -1.012730 0.008544 0.018050
    12 1.708710 -0.139594 1.601582 0.513126 0.811034 3.113585
    13 -1.241366 -1.806391 1.056407 1.358512 -0.146419 2.583453
    14 1.239846 -1.806390 1.056407 1.047675 3.162603 0.621219
    15 1.218724 -1.798575 1.272704 -1.430509 -0.025888 -2.574832
    16 0.004859 -0.122106 -0.000735 0.073338 0.041702 0.036316
    17 -1.061022 -1.480885 1.175125 -0.204356 -0.316269 -0.226374
    18 1.061021 -1.480883 1.175125 -0.125686 0.251332 -0.786072
    19 -0.001760 -2.447698 1.128118 0.213200 0.000000 3.141592
    20 -1.220244 -1.798577 1.272703 -1.369935 -2.991106 -0.593510
    21 -0.004860 0.122106 0.000735 0.010737 0.041702 0.036316
    22 -7.833544 -3.632871 -6.483634 0.490561 2.547048 0.781435
    23 0.096951 -8.450422 -0.009364 0.372243 -0.504163 -0.333540
    24 -0.139400 -0.111699 0.014398 0.602950 -0.047021 1.569868
    25 1.164474 -2.543937 -0.170327 -0.516989 -0.220582 0.265058
    26 0.024034 -1.129039 0.017807 -0.565929 0.000000 -0.000001
    27 0.014896 -0.883992 -0.019847 -0.430631 0.000000 -0.000000
    28 0.447949 -2.798981 -0.200442 -0.370927 0.047193 0.204345
    29 -0.032909 -1.480206 0.004935 -0.524239 0.000000 0.000000
    30 -0.027023 -1.076921 -0.020212 -0.487742 0.000000 -0.000000
    31 -0.249535 -2.846962 -0.174215 -0.213965 0.073408 0.096039
    32 0.043235 -1.683941 0.096015 -0.595954 0.000001 0.000000
    33 0.031729 -1.160831 0.058834 -0.418840 -0.000000 -0.000000
    34 -0.963867 -2.785142 -0.085346 -0.178977 0.135327 -0.091592
    35 0.028477 -1.403065 0.006271 -0.499613 0.000001 0.000000
    36 0.021414 -0.957780 0.020046 -0.398819 0.000000 0.000000
    37 -0.591283 -1.257737 0.232709 -1.336914 -0.180503 -2.392045
    38 1.522835 0.058679 0.016852 0.001411 -0.121816 -0.046880
    39 1.117948 0.048424 -0.005766 -0.000243 -0.336626 0.065422
    40 0.120152 -0.050266 -0.054488 0.366862 3.144320 1.551255
    41 -1.180679 -2.507216 -0.193860 0.174078 0.013294 -0.477916
    42 -0.024968 -1.123935 0.017595 -0.399958 0.000000 0.000000
    43 -0.020059 -0.890964 0.010094 -0.763707 -0.000000 -0.000000
    44 -0.488518 -2.755600 -0.228259 0.021291 -0.012955 -0.306739
    45 0.039887 -1.479790 0.029853 -0.312801 0.000000 0.000000
    46 0.028784 -1.075732 -0.023109 -0.857892 -0.000000 -0.000000
    47 0.250027 -2.820664 -0.238394 0.058002 -0.058472 -0.078775
    48 -0.049760 -1.680543 0.100480 -0.624477 0.000000 -0.000000
    49 -0.034142 -1.148310 0.084779 -1.037172 0.000000 0.000000
    50 0.957767 -2.746777 -0.090299 -0.109947 -0.139206 0.276765
    51 -0.033420 -1.397126 -0.011255 -0.478012 0.000000 0.000001
    52 -0.022361 -0.957433 0.018785 -0.858670 0.000000 0.000000
    53 0.583509 -1.197273 0.185380 0.498834 -0.339857 -0.429184
    54 1.535925 0.010248 0.005008 -0.002964 -0.491310 0.000890
    55 1.100770 0.004527 -0.010675 -0.002796 -0.975914 0.003459
  time 8
    0 6.403244 -1.737212 -8.170125 1.000658 -2.031868 -1.140688
    1 -0.071920 -8.498732 -0.104134 -0.158270 0.312971 0.090355
    2 -0.480402 -2.843485 2.688040 0.673012 -2.243426 1.543597
    3 -0.100588 0.166653 2.602310 -0.714603 1.138482 1.425324
    4 -0.011142 0.781255 -0.800262 1.837148 -0.084824 -0.012746
    5 0.000000 0.718097 -0.000002 -0.019059 0.000000 0.000000
    6 -0.000001 0.897711 1.580295 -0.150667 -0.044153 -0.157780
    7 -0.000000 -0.000000 0.811541 0.569018 -0.134605 0.274998
    8 2.241983 -1.511506 2.099401 -0.479865 0.228619 0.740348
    9 -2.220110 -1.464629 2.075965 2.523914 -0.481344 -0.823073
    10 0.078373 -2.289875 0.923597 -0.176167 0.008544 0.018050
    11 0.072788 -0.870492 3.232336 -1.014360 0.008544 0.018050
    12 1.693084 -0.139594 1.585957 0.513126 0.811034 3.113585
    13 -1.241366 -1.806391 1.056407 1.375441 -0.150204 2.584699
    14 1.239846 -1.806390 1.056407 1.042403 3.166210 0.623064
    15 1.218724 -1.798575 1.272704 -1.462280 -0.029735 -2.576845
    16 0.004859 -0.122106 -0.000735 0.073338 0.041702 0.036316
    17 -1.061022 -1.480885 1.175125 -0.198735 -0.329481 -0.181794
    18 1.061021 -1.480883 1.175125 -0.110702 0.237948 -0.719915
    19 -0.001760 -2.447698 1.085148 0.207999 0.000000 3.141592
    20 -1.220244 -1.798577 1.272703 -1.364620 -2.987144 -0.593894
    21 -0.004860 0.122106 0.000735 0.010737 0.041702 0.036316
    22 -7.810106 -3.726624 -6.452383 0.476590 2.559275 0.794373
    23 0.096951 -8.450422 -0.009364 0.431393 -0.512087 -0.352759
    24 -0.139400 -0.111699 0.014398 0.602950 -0.047021 1.569868
    25 1.164474 -2.543937 -0.170327 -0.471485 -0.221145 0.265190
    26 0.024034 -1.129039 0.017807 -0.515721 0.000000 -0.000001
    27 0.014896 -0.883992 -0.019847 -0.371801 0.000000 -0.000000
    28 0.447949 -2.798981 -0.200442 -0.327901 0.047193 0.204345
    29 -0.032909 -1.480206 0.004935 -0.479300 0.000000 0.000000
    30 -0.027023 -1.076921 -0.020212 -0.439036 0.000000 -0.000000
    31 -0.249535 -2.846962 -0.174215 -0.178378 0.073408 0.096039
    32 0.043235 -1.683941 0.096015 -0.567884 0.000001 0.000000
    33 0.031729 -1.160831 0.058834 -0.393673 -0.000000 -0.000000
    34 -0.963867 -2.785142 -0.085346 -0.156524 0.135327 -0.091592
    35 0.028477 -1.403065 0.006271 -0.486374 0.000001 0.000000
    36 0.021414 -0.957780 0.020046 -0.395602 0.000000 0.000000
    37 -0.591283 -1.257737 0.232709 -1.343399 -0.188210 -2.357965
    38 1.522835 0.058679 0.016852 0.001411 -0.117191 -0.046880
    39 1.117948 0.048424 -0.005766 -0.000243 -0.319684 0.065422
    40 0.120152 -0.050266 -0.054488 0.366862 3.144320 1.551255
    41 -1.180679 -2.507216 -0.193860 0.174078 0.013294 -0.477916
    42 -0.024968 -1.123935 0.017595 -0.399958 0.000000 0.000000
    43 -0.020059 -0.890964 0.010094 -0.763707 -0.000000 -0.000000
    44 -0.488518 -2.755600 -0.228259 0.021291 -0.012955 -0.306739
    45 0.039887 -1.479790 0.029853 -0.312801 0.000000 0.000000
    46 0.028784 -1.075732 -0.023109 -0.857892 -0.000000 -0.000000
    47 0.250027 -2.820664 -0.238394 0.058002 -0.058472 -0.078775
    48 -0.049760 -1.680543 0.100480 -0.624477 0.000000 -0.000000
    49 -0.034142 -1.148310 0.084779 -1.037172 0.000000 0.000000
    50 0.957767 -2.746777 -0.090299 -0.109947 -0.139206 0.276765
    51 -0.033420 -1.397126 -0.011255 -0.478012 0.000000 0.000001
    52 -0.022361 -0.957433 0.018785 -0.858670 0.000000 0.000000
    53 0.583509 -1.197273 0.185380 0.498834 -0.339857 -0.429184
    54 1.535925 0.010248 0.005008 -0.002964 -0.491310 0.000890
    55 1.100770 0.004527 -0.010675 -0.002796 -0.975914 0.003459
  time 9
    0 6.387619 -1.745025 -8.197470 1.004748 -2.032495 -1.145280
    1 -0.071920 -8.498732 -0.104134 -0.157273 0.314299 0.090035
    2 -0.480402 -2.843485 2.688040 0.673012 -2.243426 1.543597
    3 -0.100588 0.162746 2.602310 -0.744711 1.128772 1.388761
    4 -0.011142 0.781255 -0.800262 1.838177 -0.084956 -0.012482
    5 0.000000 0.718097 -0.000002 -0.019400 0.000000 0.000000
    6 -0.000001 0.897711 1.580295 -0.150667 -0.044153 -0.157780
    7 -0.000000 -0.000000 0.811541 0.569018 -0.134605 0.274998
    8 2.253702 -1.527131 2.111121 -0.479134 0.230249 0.743560
    9 -2.231830 -1.476348 2.083778 2.525196 -0.481380 -0.828550
    10 0.082279 -2.317219 0.931410 -0.176167 0.008544 0.018050
    11 0.076694 -0.893930 3.251868 -1.015966 0.008544 0.018050
    12 1.677459 -0.139594 1.570331 0.513126 0.811034 3.113585
    13 -1.241366 -1.806391 1.056407 1.392962 -0.146234 2.583453
    14 1.239846 -1.806390 1.056407 1.055787 3.160949 0.621686
    15 1.218724 -1.798575 1.272704 -1.507541 -0.024949 -2.577900
    16 0.004859 -0.122106 -0.000735 0.092371 0.041702 0.036316
    17 -1.061022 -1.480885 1.175125 -0.174360 -0.329622 -0.140393
    18 1.061021 -1.480883 1.175125 -0.096487 0.228638 -0.660548
    19 -0.001760 -2.447698 1.057803 0.202306 0.000000 3.141592
    20 -1.220244 -1.798577 1.272703 -1.385972 -2.988987 -0.592360
    21 -0.004860 0.122106 0.000735 0.024061 0.041702 0.036316
    22 -7.810106 -3.824284 -6.413320 0.458208 2.571632 0.808205
    23 0.096951 -8.450422 -0.009364 0.487131 -0.516337 -0.368355
    24 -0.139400 -0.111699 0.014398 0.602950 -0.047021 1.569868
    25 1.164474 -2.543937 -0.170327 -0.421655 -0.221469 0.265261
    26 0.024034 -1.129039 0.017807 -0.466965 0.000000 -0.000001
    27 0.014896 -0.883992 -0.019847 -0.314081 0.000000 -0.000000
    28 0.447949 -2.798981 -0.200442 -0.282991 0.047193 0.204345
    29 -0.032909 -1.480206 0.004935 -0.432806 0.000000 0.000000
    30 -0.027023 -1.076921 -0.020212 -0.391249 0.000000 -0.000000
    31 -0.249535 -2.846962 -0.174215 -0.139773 0.073408 0.096039
    32 0.043235 -1.683941 0.096015 -0.538532 0.000001 0.000000
    33 0.031729 -1.160831 0.058834 -0.369088 -0.000000 -0.000000
    34 -0.963867 -2.785142 -0.085346 -0.130956 0.135327 -0.091592
    35 0.028477 -1.403065 0.006271 -0.474635 0.000001 0.000000
    36 0.021414 -0.957780 0.020046 -0.392785 0.000000 0.000000
    37 -0.591283 -1.257737 0.232709 -1.350155 -0.193433 -2.331263
    38 1.522835 0.058679 0.016852 0.001411 -0.114526 -0.046880
    39 1.117948 0.048424 -0.005766 -0.000243 -0.303043 0.065422
    40 0.120152 -0.050266 -0.054488 0.366862 3.144320 1.551255
    41 -1.180679 -2.507216 -0.193860 0.174078 0.013294 -0.477916
    42 -0.024968 -1.123935 0.017595 -0.399958 0.000000 0.000000
    43 -0.020059 -0.890964 0.010094 -0.763707 -0.000000 -0.000000
    44 -0.488518 -2.755600 -0.228259 0.021291 -0.012955 -0.306739
    45 0.039887 -1.479790 0.029853 -0.312801 0.000000 0.000000
    46 0.028784 -1.075732 -0.023109 -0.857892 -0.000000 -0.000000
    47 0.250027 -2.820664 -0.238394 0.058002 -0.058472 -0.078775
    48 -0.049760 -1.680543 0.100480 -0.624477 0.000000 -0.000000
    49 -0.034142 -1.148310 0.084779 -1.037172 0.000000 0.000000
    50 0.957767 -2.746777 -0.090299 -0.110737 -0.139206 0.276765
    51 -0.033420 -1.397126 -0.011255 -0.477956 0.000000 0.000001
    52 -0.022361 -0.957433 0.018785 -0.858670 0.000000 0.000000
    53 0.583509 -1.197273 0.185380 0.498834 -0.339857 -0.429184
    54 1.535925 0.010248 0.005008 -0.002964 -0.491310 0.000890
    55 1.100770 0.004527 -0.010675 -0.002796 -0.975914 0.003459
  time 10
    0 6.375899 -1.748932 -8.224813 1.008080 -2.033163 -1.148862
    1 -0.071920 -8.498732 -0.104134 -0.156498 0.315312 0.089791
    2 -0.480402 -2.843485 2.688040 0.673012 -2.243426 1.543597
    3 -0.100588 0.162746 2.602310 -0.763991 1.122006 1.365138
    4 -0.011142 0.781255 -0.800262 1.843674 -0.085303 -0.011751
    5 0.000000 0.718097 -0.000002 -0.020374 0.000000 0.000000
    6 -0.000001 0.897711 1.580295 -0.150667 -0.044153 -0.157780
    7 -0.000000 -0.000000 0.811541 0.569018 -0.134605 0.274998
    8 2.265421 -1.542757 2.118933 -0.478379 0.231915 0.746868
    9 -2.243549 -1.488068 2.091591 2.526466 -0.481416 -0.833979
    10 0.082279 -2.340657 0.943129 -0.176167 0.008544 0.018050
    11 0.076694 -0.917369 3.263587 -1.017572 0.008544 0.018050
    12 1.665740 -0.139594 1.554706 0.513126 0.811034 3.113585
    13 -1.241366 -1.806391 1.056407 1.413362 -0.135802 2.580194
    14 1.239846 -1.806390 1.056407 1.091100 3.147251 0.617504
    15 1.218724 -1.798575 1.272704 -1.569308 -0.012467 -2.578475
    16 0.004859 -0.122106 -0.000735 0.142620 0.041702 0.036316
    17 -1.061022 -1.480885 1.175125 -0.136375 -0.319287 -0.103462
    18 1.061021 -1.480883 1.175125 -0.083492 0.224748 -0.611066
    19 -0.001760 -2.447698 1.046084 0.196146 0.000000 3.141592
    20 -1.220244 -1.798577 1.272703 -1.442288 -2.993870 -0.588237
    21 -0.004860 0.122106 0.000735 0.059237 0.041702 0.036316
    22 -7.833544 -3.929755 -6.374256 0.435413 2.584121 0.822932
    23 0.096951 -8.450422 -0.009364 0.539393 -0.516895 -0.380329
    24 -0.139400 -0.111699 0.014398 0.602950 -0.047021 1.569868
    25 1.164474 -2.543937 -0.170327 -0.367892 -0.221577 0.265285
    26 0.024034 -1.129039 0.017807 -0.419484 0.000000 -0.000001
    27 0.014896 -0.883992 -0.019847 -0.257320 0.000000 -0.000000
    28 0.447949 -2.798981 -0.200442 -0.236295 0.047193 0.204345
    29 -0.032909 -1.480206 0.004935 -0.384978 0.000000 0.000000
    30 -0.027023 -1.076921 -0.020212 -0.344325 0.000000 -0.000000
    31 -0.249535 -2.846962 -0.174215 -0.098285 0.073408 0.096039
    32 0.043235 -1.683941 0.096015 -0.508002 0.000001 0.000000
    33 0.031729 -1.160831 0.058834 -0.344988 -0.000000 -0.000000
    34 -0.963867 -2.785142 -0.085346 -0.102735 0.135327 -0.091592
    35 0.028477 -1.403065 0.006271 -0.466105 0.000001 0.000000
    36 0.021414 -0.957780 0.020046 -0.391586 0.000000 0.000000
    37 -0.591283 -1.257737 0.232709 -1.357001 -0.195364 -2.314752
    38 1.522835 0.058679 0.016852 0.001411 -0.113673 -0.046880
    39 1.117948 0.048424 -0.005766 -0.000243 -0.286748 0.065422
    40 0.120152 -0.050266 -0.054488 0.366862 3.144320 1.551255
    41 -1.180679 -2.507216 -0.193860 0.174078 0.013294 -0.477916
    42 -0.024968 -1.123935 0.017595 -0.399958 0.000000 0.000000
    43 -0.020059 -0.890964 0.010094 -0.763707 -0.000000 -0.000000
    44 -0.488518 -2.755600 -0.228259 0.021291 -0.012955 -0.306739
    45 0.039887 -1.479790 0.029853 -0.312801 0.000000 0.000000
    46 0.028784 -1.075732 -0.023109 -0.857892 -0.000000 -0.000000
    47 0.250027 -2.820664 -0.238394 0.058002 -0.058472 -0.078775
    48 -0.049760 -1.680543 0.100480 -0.624477 0.000000 -0.000000
    49 -0.034142 -1.148310 0.084779 -1.037172 0.000000 0.000000
    50 0.957767 -2.746777 -0.090299 -0.112338 -0.139206 0.276765
    51 -0.033420 -1.397126 -0.011255 -0.477842 0.000000 0.000001
    52 -0.022361 -0.957433 0.018785 -0.858670 0.000000 0.000000
    53 0.583509 -1.197273 0.185380 0.498834 -0.339857 -0.429184
    54 1.535925 0.010248 0.005008 -0.002964 -0.491310 0.000890
    55 1.100770 0.004527 -0.010675 -0.002796 -0.975914 0.003459
  time 11
    0 6.364180 -1.756744 -8.248252 1.010580 -2.033915 -1.151617
    1 -0.071920 -8.498732 -0.104134 -0.155944 0.316046 0.089609
    2 -0.480402 -2.843485 2.688040 0.673012 -2.243426 1.543597
    3 -0.104494 0.162746 2.602310 -0.770844 1.119482 1.356683
    4 -0.011142 0.781255 -0.800262 1.852759 -0.085807 -0.010709
    5 0.000000 0.718097 -0.000002 -0.021859 0.000000 0.000000
    6 -0.000001 0.897711 1.580295 -0.150667 -0.044153 -0.157780
    7 -0.000000 -0.000000 0.811541 0.569018 -0.134605 0.274998
    8 2.273234 -1.554476 2.126746 -0.477612 0.233581 0.750152
    9 -2.251361 -1.495880 2.095497 2.527737 -0.481428 -0.839372
    10 0.082279 -2.364095 0.950942 -0.176167 0.008544 0.018050
    11 0.076694 -0.936901 3.275306 -1.019154 0.008544 0.018050
    12 1.654021 -0.139594 1.542987 0.513126 0.811034 3.113585
    13 -1.241366 -1.806391 1.056407 1.434946 -0.121123 2.575593
    14 1.239846 -1.806390 1.056407 1.140937 3.127944 0.611427
    15 1.218724 -1.798575 1.272704 1.500881 3.136420 0.563021
    16 0.004859 -0.122106 -0.000735 0.213662 0.041702 0.036316
    17 -1.061022 -1.480885 1.175125 -0.089892 -0.301062 -0.072272
    18 1.061021 -1.480883 1.175125 -0.072198 0.227627 -0.574562
    19 -0.001760 -2.451604 1.049990 0.189590 0.000000 3.141592
    20 -1.220244 -1.798577 1.272703 -1.521635 -3.001057 -0.582581
    21 -0.004860 0.122106 0.000735 0.108970 0.041702 0.036316
    22 -7.888233 -4.039134 -6.323473 0.404925 2.597290 0.839268
    23 0.096951 -8.450422 -0.009364 0.589646 -0.511188 -0.386661
    24 -0.139400 -0.111699 0.014398 0.602950 -0.047021 1.569868
    25 1.164474 -2.543937 -0.170327 -0.300481 -0.221397 0.265249
    26 0.024034 -1.129039 0.017807 -0.371352 0.000000 -0.000001
    27 0.014896 -0.883992 -0.019847 -0.197493 0.000000 -0.000000
    28 0.447949 -2.798981 -0.200442 -0.183369 0.047193 0.204345
    29 -0.032909 -1.480206 0.004935 -0.327567 0.000000 0.000000
    30 -0.027023 -1.076921 -0.020212 -0.294979 0.000000 -0.000000
    31 -0.249535 -2.846962 -0.174215 -0.047607 0.073408 0.096039
    32 0.043235 -1.683941 0.096015 -0.470513 0.000001 0.000000
    33 0.031729 -1.160831 0.058834 -0.321729 -0.000000 -0.000000
    34 -0.963867 -2.785142 -0.085346 -0.062270 0.135327 -0.091592
    35 0.028477 -1.403065 0.006271 -0.440411 0.000001 0.000000
    36 0.021414 -0.957780 0.020046 -0.379435 0.000000 0.000000
    37 -0.591283 -1.257737 0.232709 -1.365274 -0.189722 -2.306356
    38 1.522835 0.058679 0.016852 0.001411 -0.118388 -0.046880
    39 1.117948 0.048424 -0.005766 -0.000243 -0.269598 0.065422
    40 0.120152 -0.050266 -0.054488 0.366862 3.144320 1.551255
    41 -1.180679 -2.507216 -0.193860 0.174078 0.013294 -0.477916
    42 -0.024968 -1.123935 0.017595 -0.399958 0.000000 0.000000
    43 -0.020059 -0.890964 0.010094 -0.763707 -0.000000 -0.000000
    44 -0.488518 -2.755600 -0.228259 0.021291 -0.012955 -0.306739
    45 0.039887 -1.479790 0.029853 -0.312801 0.000000 0.000000
    46 0.028784 -1.075732 -0.023109 -0.857892 -0.000000 -0.000000
    47 0.250027 -2.820664 -0.238394 0.058002 -0.058472 -0.078775
    48 -0.049760 -1.680543 0.100480 -0.624477 0.000000 -0.000000
    49 -0.034142 -1.148310 0.084779 -1.037172 0.000000 0.000000
    50 0.957767 -2.746777 -0.090299 -0.114749 -0.139206 0.276765
    51 -0.033420 -1.397126 -0.011255 -0.477673 0.000000 0.000001
    52 -0.022361 -0.957433 0.018785 -0.858670 0.000000 0.000000
    53 0.583509 -1.197273 0.185380 0.498834 -0.339857 -0.429184
    54 1.535925 0.010248 0.005008 -0.002964 -0.491310 0.000890
    55 1.100770 0.004527 -0.010675 -0.002796 -0.975914 0.003459
  time 12
    0 6.356368 -1.760651 -8.271690 1.012246 -2.034750 -1.153454
    1 -0.071920 -8.498732 -0.104134 -0.155575 0.316535 0.089487
    2 -0.480402 -2.843485 2.688040 0.673012 -2.243426 1.543597
    3 -0.112307 0.151027 2.610122 -0.768445 1.110035 1.357798
    4 -0.011142 0.781255 -0.800262 1.864605 -0.086406 -0.009486
    5 0.000000 0.718097 -0.000002 -0.023758 0.000000 0.000000
    6 -0.000001 0.897711 1.580295 -0.150667 -0.044153 -0.157780
    7 -0.000000 -0.000000 0.811541 0.569018 -0.134605 0.274998
    8 2.277141 -1.566195 2.134559 -0.476881 0.235175 0.753328
    9 -2.255268 -1.499787 2.099403 2.528995 -0.481440 -0.844694
    10 0.082279 -2.379721 0.958754 -0.176167 0.008544 0.018050
    11 0.076694 -0.956432 3.283119 -1.020712 0.008544 0.018050
    12 1.646208 -0.139594 1.535174 0.513126 0.811034 3.113585
    13 -1.241366 -1.806391 1.056407 1.456192 -0.104229 2.570322
    14 1.239846 -1.806390 1.056407 1.197896 3.105832 0.604392
    15 1.218724 -1.798575 1.272704 1.426867 3.116336 0.563309
    16 0.004859 -0.122106 -0.000735 0.295100 0.041702 0.036316
    17 -1.061022 -1.480885 1.175125 -0.040056 -0.277567 -0.048157
    18 1.061021 -1.480883 1.175125 -0.061577 0.240276 -0.555634
    19 -0.001760 -2.459417 1.061709 0.182663 0.000000 3.141592
    20 -1.220244 -1.798577 1.272703 1.528868 -0.132152 -3.717462
    21 -0.004860 0.122106 0.000735 0.165980 0.041702 0.036316
    22 -7.981986 -4.164138 -6.264877 0.365271 2.611428 0.857691
    23 0.096951 -8.450422 -0.009364 0.638464 -0.498099 -0.386516
    24 -0.139400 -0.111699 0.014398 0.602950 -0.047021 1.569868
    25 1.164474 -2.543937 -0.170327 -0.214153 -0.220858 0.265118
    26 0.024034 -1.129039 0.017807 -0.322145 0.000000 -0.000001
    27 0.014896 -0.883992 -0.019847 -0.133105 0.000000 -0.000000
    28 0.447949 -2.798981 -0.200442 -0.121847 0.047193 0.204345
    29 -0.032909 -1.480206 0.004935 -0.256667 0.000000 0.000000
    30 -0.027023 -1.076921 -0.020212 -0.242015 0.000000 -0.000000
    31 -0.249535 -2.846962 -0.174215 0.015864 0.073408 0.096039
    32 0.043235 -1.683941 0.096015 -0.423183 0.000001 0.000000
    33 0.031729 -1.160831 0.058834 -0.299570 -0.000000 -0.000000
    34 -0.963867 -2.785142 -0.085346 -0.003700 0.135327 -0.091592
    35 0.028477 -1.403065 0.006271 -0.383197 0.000001 0.000000
    36 0.021414 -0.957780 0.020046 -0.347037 0.000000 0.000000
    37 -0.591283 -1.257737 0.232709 -1.375714 -0.174831 -2.301423
    38 1.522835 0.058679 0.016852 0.001411 -0.130783 -0.046880
    39 1.117948 0.048424 -0.005766 -0.000243 -0.251247 0.065422
    40 0.120152 -0.050266 -0.054488 0.366862 3.144320 1.551255
    41 -1.180679 -2.507216 -0.193860 0.174078 0.013294 -0.477916
    42 -0.024968 -1.123935 0.017595 -0.399958 0.000000 0.000000
    43 -0.020059 -0.890964 0.010094 -0.763707 -0.000000 -0.000000
    44 -0.488518 -2.755600 -0.228259 0.021291 -0.012955 -0.306739
    45 0.039887 -1.479790 0.029853 -0.312801 0.000000 0.000000
    46 0.028784 -1.075732 -0.023109 -0.857892 -0.000000 -0.000000
    47 0.250027 -2.820664 -0.238394 0.058002 -0.058472 -0.078775
    48 -0.049760 -1.680543 0.100480 -0.624477 0.000000 -0.000000
    49 -0.034142 -1.148310 0.084779 -1.037172 0.000000 0.000000
    50 0.957767 -2.746777 -0.090299 -0.117951 -0.139206 0.276765
    51 -0.033420 -1.397126 -0.011255 -0.477433 0.000000 0.000001
    52 -0.022361 -0.957433 0.018785 -0.858670 0.000000 0.000000
    53 0.583509 -1.197273 0.185380 0.498834 -0.339857 -0.429184
    54 1.535925 0.010248 0.005008 -0.002964 -0.491310 0.000890
    55 1.100770 0.004527 -0.010675 -0.002796 -0.975914 0.003459
  time 13
    0 6.348555 -1.764557 -8.295129 1.013079 -2.035670 -1.154373
    1 -0.071920 -8.498732 -0.104134 -0.155354 0.316815 0.089411
    2 -0.480402 -2.843485 2.688040 0.673012 -2.243426 1.543597
    3 -0.135745 0.119776 2.645280 -0.763100 1.087512 1.360272
    4 -0.011142 0.781255 -0.800262 1.878359 -0.087029 -0.008216
    5 0.000000 0.718097 -0.000002 -0.025973 0.000000 0.000000
    6 -0.000001 0.897711 1.580295 -0.150667 -0.044153 -0.157780
    7 -0.000000 -0.000000 0.811541 0.569018 -0.134605 0.274998
    8 2.281047 -1.574008 2.138465 -0.476186 0.236649 0.756276
    9 -2.255268 -1.503693 2.103310 2.530241 -0.481428 -0.849979
    10 0.082279 -2.391440 0.962661 -0.176167 0.008544 0.018050
    11 0.076694 -0.972058 3.287025 -1.022270 0.008544 0.018050
    12 1.638395 -0.139594 1.531268 0.513126 0.811034 3.113585
    13 -1.241366 -1.806391 1.056407 1.475406 -0.087334 2.565050
    14 1.239846 -1.806390 1.056407 1.254706 3.083720 0.597309
    15 1.218724 -1.798575 1.272704 1.357201 3.096252 0.563693
    16 0.004859 -0.122106 -0.000735 0.376538 0.041702 0.036316
    17 -1.061022 -1.480885 1.175125 0.007988 -0.251373 -0.032368
    18 1.061021 -1.480883 1.175125 -0.050571 0.263154 -0.554102
    19 -0.001760 -2.475043 1.077335 0.175412 0.000000 3.141592
    20 -1.220244 -1.798577 1.272703 1.437960 -0.123215 -3.710846
    21 -0.004860 0.122106 0.000735 0.222990 0.041702 0.036316
    22 -8.103084 -4.293048 -6.198469 0.319314 2.626010 0.877426
    23 0.096951 -8.450422 -0.009364 0.684668 -0.479830 -0.381595
    24 -0.139400 -0.111699 0.014398 0.602950 -0.047021 1.569868
    25 1.164474 -2.543937 -0.170327 -0.115790 -0.219923 0.264902
    26 0.024034 -1.129039 0.017807 -0.273963 0.000000 -0.000001
    27 0.014896 -0.883992 -0.019847 -0.067989 0.000000 -0.000000
    28 0.447949 -2.798981 -0.200442 -0.054821 0.047193 0.204345
    29 -0.032909 -1.480206 0.004935 -0.178848 0.000000 0.000000
    30 -0.027023 -1.076921 -0.020212 -0.188606 0.000000 -0.000000
    31 -0.249535 -2.846962 -0.174215 0.087669 0.073408 0.096039
    32 0.043235 -1.683941 0.096015 -0.370618 0.000001 0.000000
    33 0.031729 -1.160831 0.058834 -0.278414 -0.000000 -0.000000
    34 -0.963867 -2.785142 -0.085346 0.066805 0.135327 -0.091592
    35 0.028477 -1.403065 0.006271 -0.305243 0.000001 0.000000
    36 0.021414 -0.957780 0.020046 -0.300406 0.000000 0.000000
    37 -0.591283 -1.257737 0.232709 -1.387455 -0.153789 -2.298891
    38 1.522835 0.058679 0.016852 0.001411 -0.148327 -0.046880
    39 1.117948 0.048424 -0.005766 -0.000243 -0.232734 0.065422
    40 0.120152 -0.050266 -0.054488 0.366862 3.144320 1.551255
    41 -1.180679 -2.507216 -0.193860 0.174078 0.013294 -0.477916
    42 -0.024968 -1.123935 0.017595 -0.399958 0.000000 0.000000
    43 -0.020059 -0.890964 0.010094 -0.763707 -0.000000 -0.000000
    44 -0.488518 -2.755600 -0.228259 0.021291 -0.012955 -0.306739
    45 0.039887 -1.479790 0.029853 -0.312801 0.000000 0.000000
    46 0.028784 -1.075732 -0.023109 -0.857892 -0.000000 -0.000000
    47 0.250027 -2.820664 -0.238394 0.058021 -0.058472 -0.078775
    48 -0.049760 -1.680543 0.100480 -0.624477 0.000000 -0.000000
    49 -0.034142 -1.148310 0.084779 -1.037172 0.000000 0.000000
    50 0.957767 -2.746777 -0.090299 -0.121943 -0.139206 0.276765
    51 -0.033420 -1.397126 -0.011255 -0.477136 0.000000 0.000001
    52 -0.022361 -0.957433 0.018785 -0.858670 0.000000 0.000000
    53 0.583509 -1.197273 0.185380 0.498834 -0.339857 -0.429184
    54 1.535925 0.010248 0.005008 -0.002964 -0.491310 0.000890
    55 1.100770 0.004527 -0.010675 -0.002796 -0.975914 0.003459
  time 14
    0 6.340742 -1.768463 -8.314660 1.013079 -2.036630 -1.154373
    1 -0.071920 -8.498732 -0.104134 -0.155280 0.316920 0.089380
    2 -0.480402 -2.843485 2.688040 0.673012 -2.243426 1.543597
    3 -0.163090 0.080713 2.684343 -0.757343 1.060607 1.362963
    4 -0.011142 0.781255 -0.800262 1.893192 -0.087592 -0.007041
    5 0.000000 0.718097 -0.000002 -0.028432 0.000000 0.000000
    6 -0.000001 0.897711 1.580295 -0.150667 -0.044153 -0.157780
    7 -0.000000 -0.000000 0.811541 0.569018 -0.134605 0.274998
    8 2.273234 -1.577914 2.142372 -0.475575 0.237967 0.758889
    9 -2.247455 -1.503693 2.099403 2.531488 -0.481416 -0.855216
    10 0.082279 -2.399253 0.970474 -0.176167 0.008544 0.018050
    11 0.076694 -0.983777 3.283119 -1.023804 0.008544 0.018050
    12 1.638395 -0.139594 1.527361 0.513126 0.811034 3.113585
    13 -1.241366 -1.806391 1.056407 1.490981 -0.072563 2.560545
    14 1.239846 -1.806390 1.056407 1.304155 3.064461 0.591101
    15 1.218724 -1.798575 1.272704 1.298805 3.078702 0.564172
    16 0.004859 -0.122106 -0.000735 0.447580 0.041702 0.036316
    17 -1.061022 -1.480885 1.175125 0.049145 -0.225103 -0.026236
    18 1.061021 -1.480883 1.175125 -0.039630 0.293690 -0.565789
    19 -0.001760 -2.490668 1.089054 0.167898 0.000000 3.141592
    20 -1.220244 -1.798577 1.272703 1.358707 -0.114739 -3.704998
    21 -0.004860 0.122106 0.000735 0.272723 0.041702 0.036316
    22 -8.247620 -4.425864 -6.132061 0.269891 2.640567 0.897757
    23 0.096951 -8.450422 -0.009364 0.726981 -0.458631 -0.373613
    24 -0.139400 -0.111699 0.014398 0.602950 -0.047021 1.569868
    25 1.164474 -2.543937 -0.170327 -0.012236 -0.218557 0.264578
    26 0.024034 -1.129039 0.017807 -0.228959 0.000000 -0.000001
    27 0.014896 -0.883992 -0.019847 -0.006092 0.000000 -0.000000
    28 0.447949 -2.798981 -0.200442 0.014523 0.047193 0.204345
    29 -0.032909 -1.480206 0.004935 -0.100553 0.000000 0.000000
    30 -0.027023 -1.076921 -0.020212 -0.137869 0.000000 -0.000000
    31 -0.249535 -2.846962 -0.174215 0.163348 0.073408 0.096039
    32 0.043235 -1.683941 0.096015 -0.317359 0.000001 0.000000
    33 0.031729 -1.160831 0.058834 -0.258261 -0.000000 -0.000000
    34 -0.963867 -2.785142 -0.085346 0.143048 0.135327 -0.091592
    35 0.028477 -1.403065 0.006271 -0.217312 0.000001 0.000000
    36 0.021414 -0.957780 0.020046 -0.245533 0.000000 0.000000
    37 -0.591283 -1.257737 0.232709 -1.399612 -0.129680 -2.297701
    38 1.522835 0.058679 0.016852 0.001411 -0.168431 -0.046880
    39 1.117948 0.048424 -0.005766 -0.000243 -0.215191 0.065422
    40 0.120152 -0.050266 -0.054488 0.366862 3.144320 1.551255
    41 -1.180679 -2.507216 -0.193860 0.174078 0.013294 -0.477916
    42 -0.024968 -1.123935 0.017595 -0.399958 0.000000 0.000000
    43 -0.020059 -0.890964 0.010094 -0.763707 -0.000000 -0.000000
    44 -0.488518 -2.755600 -0.228259 0.021291 -0.012955 -0.306739
    45 0.039887 -1.479790 0.029853 -0.312801 0.000000 0.000000
    46 0.028784 -1.075732 -0.023109 -0.857892 -0.000000 -0.000000
    47 0.250027 -2.820664 -0.238394 0.058002 -0.058472 -0.078775
    48 -0.049760 -1.680543 0.100480 -0.624477 0.000000 -0.000000
    49 -0.034142 -1.148310 0.084779 -1.037172 0.000000 0.000000
    50 0.957767 -2.746777 -0.090299 -0.126765 -0.139206 0.276765
    51 -0.033420 -1.397126 -0.011255 -0.476782 0.000000 0.000001
    52 -0.022361 -0.957433 0.018785 -0.858670 0.000000 0.000000
    53 0.583509 -1.197273 0.185380 0.498834 -0.339857 -0.429184
    54 1.535925 0.010248 0.005008 -0.002964 -0.491310 0.000890
    55 1.100770 0.004527 -0.010675 -0.002796 -0.975914 0.003459
  time 15
    0 6.336836 -1.772370 -8.334192 1.011868 -2.037758 -1.152995
    1 -0.071920 -8.498732 -0.104134 -0.155760 0.316360 0.089502
    2 -0.480402 -2.843485 2.688040 0.673012 -2.243426 1.543597
    3 -0.186528 0.049462 2.715594 -0.752957 1.038067 1.365029
    4 -0.011142 0.781255 -0.800262 1.908175 -0.088060 -0.006083
    5 0.000000 0.718097 -0.000002 -0.030988 0.000000 0.000000
    6 -0.000001 0.897711 1.580295 -0.150667 -0.044153 -0.157780
    7 -0.000000 -0.000000 0.811541 0.569018 -0.134605 0.274998
    8 2.265421 -1.577914 2.142372 -0.475059 0.239070 0.761094
    9 -2.235736 -1.499787 2.095497 2.532722 -0.481380 -0.860393
    10 0.082279 -2.399253 0.974380 -0.176167 0.008544 0.018050
    11 0.076694 -0.995496 3.271400 -1.025326 0.008544 0.018050
    12 1.642301 -0.139594 1.535174 0.513126 0.811034 3.113585
    13 -1.241366 -1.806391 1.056407 1.501477 -0.062131 2.557286
    14 1.239846 -1.806390 1.056407 1.339037 3.050835 0.586691
    15 1.218724 -1.798575 1.272704 1.258603 3.066314 0.564555
    16 0.004859 -0.122106 -0.000735 0.497829 0.041702 0.036316
    17 -1.061022 -1.480885 1.175125 0.078255 -0.201339 -0.031014
    18 1.061021 -1.480883 1.175125 -0.029234 0.329462 -0.586610
    19 -0.001760 -2.502387 1.100773 0.160144 0.000000 3.141592
    20 -1.220244 -1.798577 1.272703 1.302764 -0.107644 -3.700780
    21 -0.004860 0.122106 0.000735 0.307899 0.041702 0.036316
    22 -8.407781 -4.558681 -6.065653 0.219864 2.654574 0.918028
    23 0.096951 -8.450422 -0.009364 0.764257 -0.436687 -0.364300
    24 -0.139400 -0.111699 0.014398 0.602950 -0.047021 1.569868
    25 1.164474 -2.543937 -0.170327 0.089588 -0.216735 0.264147
    26 0.024034 -1.129039 0.017807 -0.189283 0.000000 -0.000001
    27 0.014896 -0.883992 -0.019847 0.048791 0.000000 -0.000000
    28 0.447949 -2.798981 -0.200442 0.083047 0.047193 0.204345
    29 -0.032909 -1.480206 0.004935 -0.028321 0.000000 0.000000
    30 -0.027023 -1.076921 -0.020212 -0.092921 0.000000 -0.000000
    31 -0.249535 -2.846962 -0.174215 0.238442 0.073408 0.096039
    32 0.043235 -1.683941 0.096015 -0.267990 0.000001 0.000000
    33 0.031729 -1.160831 0.058834 -0.239046 -0.000000 -0.000000
    34 -0.963867 -2.785142 -0.085346 0.218858 0.135327 -0.091592
    35 0.028477 -1.403065 0.006271 -0.130165 0.000001 0.000000
    36 0.021414 -0.957780 0.020046 -0.188496 0.000000 0.000000
    37 -0.591283 -1.257737 0.232709 -1.411281 -0.105555 -2.296835
    38 1.522835 0.058679 0.016852 0.001411 -0.188535 -0.046880
    39 1.117948 0.048424 -0.005766 -0.000243 -0.199659 0.065422
    40 0.120152 -0.050266 -0.054488 0.366862 3.144320 1.551255
    41 -1.180679 -2.507216 -0.193860 0.174078 0.013294 -0.477916
    42 -0.024968 -1.123935 0.017595 -0.399958 0.000000 0.000000
    43 -0.020059 -0.890964 0.010094 -0.763707 -0.000000 -0.000000
    44 -0.488518 -2.755600 -0.228259 0.021291 -0.012955 -0.306739
    45 0.039887 -1.479790 0.029853 -0.312801 0.000000 0.000000
    46 0.028784 -1.075732 -0.023109 -0.857892 -0.000000 -0.000000
    47 0.250027 -2.820664 -0.238394 0.058002 -0.058472 -0.078775
    48 -0.049760 -1.680543 0.100480 -0.624477 0.000000 -0.000000
    49 -0.034142 -1.148310 0.084779 -1.037172 0.000000 0.000000
    50 0.957767 -2.746777 -0.090299 -0.132358 -0.139206 0.276765
    51 -0.033420 -1.397126 -0.011255 -0.476372 0.000000 0.000001
    52 -0.022361 -0.957433 0.018785 -0.858670 0.000000 0.000000
    53 0.583509 -1.197273 0.185380 0.498834 -0.339857 -0.429184
    54 1.535925 0.010248 0.005008 -0.002964 -0.491310 0.000890
    55 1.100770 0.004527 -0.010675 -0.002796 -0.975914 0.003459
  time 16
    0 6.332929 -1.776276 -8.353724 1.008914 -2.039011 -1.149688
    1 -0.071920 -8.498732 -0.104134 -0.157163 0.314718 0.089822
    2 -0.480402 -2.843485 2.688040 0.673012 -2.243426 1.543597
    3 -0.194341 0.033836 2.731220 -0.751244 1.028620 1.365844
    4 -0.011142 0.781255 -0.800262 1.922531 -0.088347 -0.005495
    5 0.000000 0.718097 -0.000002 -0.033568 0.000000 0.000000
    6 -0.000001 0.897711 1.580295 -0.150667 -0.044153 -0.157780
    7 -0.000000 -0.000000 0.811541 0.569018 -0.134605 0.274998
    8 2.245890 -1.574008 2.134559 -0.474544 0.240148 0.763263
    9 -2.216204 -1.488068 2.087684 2.534089 -0.481344 -0.866122
    10 0.082279 -2.387534 0.978286 -0.176167 0.008544 0.018050
    11 0.076694 -0.999402 3.251868 -1.027016 0.008544 0.018050
    12 1.661833 -0.139594 1.550800 0.513126 0.811034 3.113585
    13 -1.241366 -1.806391 1.056407 1.505286 -0.058253 2.556040
    14 1.239846 -1.806390 1.056407 1.352271 3.045670 0.585025
    15 1.218724 -1.798575 1.272704 1.243694 3.061527 0.564651
    16 0.004859 -0.122106 -0.000735 0.516889 0.041702 0.036316
    17 -1.061022 -1.480885 1.175125 0.090188 -0.182678 -0.048014
    18 1.061021 -1.480883 1.175125 -0.019800 0.367899 -0.612418
    19 -0.001760 -2.506294 1.104679 0.152222 0.000000 3.141592
    20 -1.220244 -1.798577 1.272703 1.281598 -0.102761 -3.699054
    21 -0.004860 0.122106 0.000735 0.321242 0.041702 0.036316
    22 -8.575754 -4.679778 -6.007057 0.172043 2.667586 0.937585
    23 0.096951 -8.450422 -0.009364 0.795219 -0.416216 -0.355355
    24 -0.139400 -0.111699 0.014398 0.602950 -0.047021 1.569868
    25 1.164474 -2.543937 -0.170327 0.182798 -0.214434 0.263596
    26 0.024034 -1.129039 0.017807 -0.157062 0.000000 -0.000001
    27 0.014896 -0.883992 -0.019847 0.092751 0.000000 -0.000000
    28 0.447949 -2.798981 -0.200442 0.147659 0.047193 0.204345
    29 -0.032909 -1.480206 0.004935 0.031345 0.000000 0.000000
    30 -0.027023 -1.076921 -0.020212 -0.056962 0.000000 -0.000000
    31 -0.249535 -2.846962 -0.174215 0.308400 0.073408 0.096039
    32 0.043235 -1.683941 0.096015 -0.227073 0.000001 0.000000
    33 0.031729 -1.160831 0.058834 -0.220671 -0.000000 -0.000000
    34 -0.963867 -2.785142 -0.085346 0.288068 0.135327 -0.091592
    35 0.028477 -1.403065 0.006271 -0.054584 0.000001 0.000000
    36 0.021414 -0.957780 0.020046 -0.135263 0.000000 0.000000
    37 -0.591283 -1.257737 0.232709 -1.421559 -0.084514 -2.295213
    38 1.522835 0.058679 0.016852 0.001411 -0.206064 -0.046880
    39 1.117948 0.048424 -0.005766 -0.000243 -0.187224 0.065422
    40 0.120152 -0.050266 -0.054488 0.366862 3.144320 1.551255
    41 -1.180679 -2.507216 -0.193860 0.174078 0.013294 -0.477916
    42 -0.024968 -1.123935 0.017595 -0.399958 0.000000 0.000000
    43 -0.020059 -0.890964 0.010094 -0.763707 -0.000000 -0.000000
    44 -0.488518 -2.755600 -0.228259 0.021291 -0.012955 -0.306739
    45 0.039887 -1.479790 0.029853 -0.312801 0.000000 0.000000
    46 0.028784 -1.075732 -0.023109 -0.857892 -0.000000 -0.000000
    47 0.250027 -2.820664 -0.238394 0.058002 -0.058472 -0.078775
    48 -0.049760 -1.680543 0.100480 -0.624477 0.000000 -0.000000
    49 -0.034142 -1.148310 0.084779 -1.037172 0.000000 0.000000
    50 0.957767 -2.746777 -0.090299 -0.140362 -0.139206 0.276765
    51 -0.033420 -1.397126 -0.011255 -0.475779 0.000000 0.000001
    52 -0.022361 -0.957433 0.018785 -0.858670 0.000000 0.000000
    53 0.583509 -1.197273 0.185380 0.498834 -0.339857 -0.429184
    54 1.535925 0.010248 0.005008 -0.002964 -0.491310 0.000890
    55 1.100770 0.004527 -0.010675 -0.002796 -0.975914 0.003459
  time 17
    0 6.332929 -1.780182 -8.369349 1.004445 -2.040432 -1.144821
    1 -0.071920 -8.498732 -0.104134 -0.159340 0.312167 0.090340
    2 -0.480402 -2.843485 2.688040 0.673012 -2.243426 1.543597
    3 -0.190435 0.041649 2.723407 -0.752158 1.033650 1.365410
    4 -0.011142 0.781255 -0.800262 1.935432 -0.088395 -0.005411
    5 0.000000 0.718097 -0.000002 -0.036075 0.000000 0.000000
    6 -0.000001 0.897711 1.580295 -0.150667 -0.044153 -0.157780
    7 -0.000000 -0.000000 0.811541 0.569018 -0.134605 0.274998
    8 2.218545 -1.562289 2.122840 -0.473933 0.241419 0.765816
    9 -2.184953 -1.476348 2.072059 2.535707 -0.481272 -0.872869
    10 0.082279 -2.364095 0.978286 -0.176167 0.008544 0.018050
    11 0.076694 -0.999402 3.220617 -1.028993 0.008544 0.018050
    12 1.685272 -0.139594 1.574238 0.513126 0.811034 3.113585
    13 -1.241366 -1.806391 1.056407 1.503254 -0.058346 2.556040
    14 1.239846 -1.806390 1.056407 1.350743 3.045945 0.585025
    15 1.218724 -1.798575 1.272704 1.248220 3.061715 0.564843
    16 0.004859 -0.122106 -0.000735 0.513342 0.041702 0.036316
    17 -1.061022 -1.480885 1.175125 0.079816 -0.171730 -0.078526
    18 1.061021 -1.480883 1.175125 -0.011682 0.406582 -0.639067
    19 -0.001760 -2.498481 1.096867 0.144157 0.000000 3.141592
    20 -1.220244 -1.798577 1.272703 1.284675 -0.099352 -3.698958
    21 -0.004860 0.122106 0.000735 0.318759 0.041702 0.036316
    22 -8.743729 -4.785250 -5.956275 0.129264 2.679080 0.955590
    23 0.096951 -8.450422 -0.009364 0.818719 -0.399452 -0.348511
    24 -0.139400 -0.111699 0.014398 0.602950 -0.047021 1.569868
    25 1.164474 -2.543937 -0.170327 0.260513 -0.211629 0.262936
    26 0.024034 -1.129039 0.017807 -0.134422 0.000000 -0.000001
    27 0.014896 -0.883992 -0.019847 0.121994 0.000000 -0.000000
    28 0.447949 -2.798981 -0.200442 0.205220 0.047193 0.204345
    29 -0.032909 -1.480206 0.004935 0.071904 0.000000 0.000000
    30 -0.027023 -1.076921 -0.020212 -0.033082 0.000000 -0.000000
    31 -0.249535 -2.846962 -0.174215 0.368763 0.073408 0.096039
    32 0.043235 -1.683941 0.096015 -0.199172 0.000001 0.000000
    33 0.031729 -1.160831 0.058834 -0.203138 -0.000000 -0.000000
    34 -0.963867 -2.785142 -0.085346 0.344541 0.135327 -0.091592
    35 0.028477 -1.403065 0.006271 -0.001347 0.000001 0.000000
    36 0.021414 -0.957780 0.020046 -0.091912 0.000000 0.000000
    37 -0.591283 -1.257737 0.232709 -1.429579 -0.069638 -2.291794
    38 1.522835 0.058679 0.016852 0.001411 -0.218473 -0.046880
    39 1.117948 0.048424 -0.005766 -0.000243 -0.178973 0.065422
    40 0.120152 -0.050266 -0.054488 0.366862 3.144320 1.551255
    41 -1.180679 -2.507216 -0.193860 0.174078 0.013294 -0.477916
    42 -0.024968 -1.123935 0.017595 -0.399958 0.000000 0.000000
    43 -0.020059 -0.890964 0.010094 -0.763707 -0.000000 -0.000000
    44 -0.488518 -2.755600 -0.228259 0.021291 -0.012955 -0.306739
    45 0.039887 -1.479790 0.029853 -0.312801 0.000000 0.000000
    46 0.028784 -1.075732 -0.023109 -0.857892 -0.000000 -0.000000
    47 0.250027 -2.820664 -0.238394 0.058021 -0.058472 -0.078775
    48 -0.049760 -1.680543 0.100480 -0.624477 0.000000 -0.000000
    49 -0.034142 -1.148310 0.084779 -1.037172 0.000000 0.000000
    50 0.957767 -2.746777 -0.090299 -0.150777 -0.139206 0.276765
    51 -0.033420 -1.397126 -0.011255 -0.475015 0.000000 0.000001
    52 -0.022361 -0.957433 0.018785 -0.858670 0.000000 0.000000
    53 0.583509 -1.197273 0.185380 0.498834 -0.339857 -0.429184
    54 1.535925 0.010248 0.005008 -0.002964 -0.491310 0.000890
    55 1.100770 0.004527 -0.010675 -0.002796 -0.975914 0.003459
  time 18
    0 6.336836 -1.784089 -8.384975 0.998765 -2.041978 -1.138575
    1 -0.071920 -8.498732 -0.104134 -0.162220 0.308813 0.091025
    2 -0.480402 -2.843485 2.688040 0.673012 -2.243426 1.543597
    3 -0.178715 0.061181 2.703875 -0.754579 1.046638 1.364268
    4 -0.011142 0.781255 -0.800262 1.945973 -0.088132 -0.005951
    5 0.000000 0.718097 -0.000002 -0.038412 0.000000 0.000000
    6 -0.000001 0.897711 1.580295 -0.150667 -0.044153 -0.157780
    7 -0.000000 -0.000000 0.811541 0.569018 -0.134605 0.274998
    8 2.187294 -1.550569 2.111121 -0.473238 0.242857 0.768704
    9 -2.145890 -1.456817 2.056433 2.537540 -0.481164 -0.880480
    10 0.082279 -2.332844 0.978286 -0.176167 0.008544 0.018050
    11 0.076694 -0.999402 3.181553 -1.031234 0.008544 0.018050
    12 1.712616 -0.139594 1.605489 0.513126 0.811034 3.113585
    13 -1.241366 -1.806391 1.056407 1.497583 -0.058346 2.556040
    14 1.239846 -1.806390 1.056407 1.346418 3.046736 0.585049
    15 1.218724 -1.798575 1.272704 1.260999 3.062184 0.565322
    16 0.004859 -0.122106 -0.000735 0.503190 0.041702 0.036316
    17 -1.061022 -1.480885 1.175125 0.041207 -0.167356 -0.131309
    18 1.061021 -1.480883 1.175125 -0.005361 0.442967 -0.662591
    19 -0.001760 -2.482855 1.085148 0.135995 0.000000 3.141592
    20 -1.220244 -1.798577 1.272703 1.293346 -0.095943 -3.699437
    21 -0.004860 0.122106 0.000735 0.311652 0.041702 0.036316
    22 -8.903890 -4.875097 -5.917211 0.094364 2.688584 0.971450
    23 0.096951 -8.450422 -0.009364 0.833483 -0.388596 -0.345449
    24 -0.139400 -0.111699 0.014398 0.602950 -0.047021 1.569868
    25 1.164474 -2.543937 -0.170327 0.315850 -0.208274 0.262133
    26 0.024034 -1.129039 0.017807 -0.123540 0.000000 -0.000001
    27 0.014896 -0.883992 -0.019847 0.132610 0.000000 -0.000000
    28 0.447949 -2.798981 -0.200442 0.252593 0.047193 0.204345
    29 -0.032909 -1.480206 0.004935 0.086884 0.000000 0.000000
    30 -0.027023 -1.076921 -0.020212 -0.024427 0.000000 -0.000000
    31 -0.249535 -2.846962 -0.174215 0.415116 0.073408 0.096039
    32 0.043235 -1.683941 0.096015 -0.188848 0.000001 0.000000
    33 0.031729 -1.160831 0.058834 -0.186382 -0.000000 -0.000000
    34 -0.963867 -2.785142 -0.085346 0.382045 0.135327 -0.091592
    35 0.028477 -1.403065 0.006271 0.018783 0.000001 0.000000
    36 0.021414 -0.957780 0.020046 -0.064412 0.000000 0.000000
    37 -0.591283 -1.257737 0.232709 -1.434438 -0.063981 -2.285540
    38 1.522835 0.058679 0.016852 0.001411 -0.223174 -0.046880
    39 1.117948 0.048424 -0.005766 -0.000243 -0.175968 0.065422
    40 0.120152 -0.050266 -0.054488 0.366862 3.144320 1.551255
    41 -1.180679 -2.507216 -0.193860 0.174078 0.013294 -0.477916
    42 -0.024968 -1.123935 0.017595 -0.399958 0.000000 0.000000
    43 -0.020059 -0.890964 0.010094 -0.763707 -0.000000 -0.000000
    44 -0.488518 -2.755600 -0.228259 0.021291 -0.012955 -0.306739
    45 0.039887 -1.479790 0.029853 -0.312801 0.000000 0.000000
    46 0.028784 -1.075732 -0.023109 -0.857892 -0.000000 -0.000000
    47 0.250027 -2.820664 -0.238394 0.058021 -0.058472 -0.078775
    48 -0.049760 -1.680543 0.100480 -0.624477 0.000000 -0.000000
    49 -0.034142 -1.148310 0.084779 -1.037172 0.000000 0.000000
    50 0.957767 -2.746777 -0.090299 -0.161192 -0.139206 0.276765
    51 -0.033420 -1.397126 -0.011255 -0.474252 0.000000 0.000001
    52 -0.022361 -0.957433 0.018785 -0.858670 0.000000 0.000000
    53 0.583509 -1.197273 0.185380 0.498834 -0.339857 -0.429184
    54 1.535925 0.010248 0.005008 -0.002964 -0.491310 0.000890
    55 1.100770 0.004527 -0.010675 -0.002796 -0.975914 0.003459
  time 19
    0 6.336836 -1.787995 -8.396694 0.991948 -2.043607 -1.131044
    1 -0.071920 -8.498732 -0.104134 -0.165652 0.304759 0.091848
    2 -0.480402 -2.843485 2.688040 0.673012 -2.243426 1.543597
    3 -0.159184 0.084619 2.676531 -0.758097 1.064393 1.362610
    4 -0.011142 0.781255 -0.800262 1.953302 -0.087485 -0.007269
    5 0.000000 0.718097 -0.000002 -0.040457 0.000000 0.000000
    6 -0.000001 0.897711 1.580295 -0.150667 -0.044153 -0.157780
    7 -0.000000 -0.000000 0.811541 0.569018 -0.134605 0.274998
    8 2.152137 -1.531038 2.091589 -0.472483 0.244415 0.771844
    9 -2.110732 -1.433378 2.036901 2.539554 -0.481020 -0.888773
    10 0.082279 -2.297687 0.978286 -0.176167 0.008544 0.018050
    11 0.076694 -0.995496 3.138583 -1.033667 0.008544 0.018050
    12 1.739961 -0.139594 1.636740 0.513126 0.811034 3.113585
    13 -1.241366 -1.806391 1.056407 1.488611 -0.058530 2.556040
    14 1.239846 -1.806390 1.056407 1.339618 3.047994 0.585085
    15 1.218724 -1.798575 1.272704 1.281056 3.062841 0.566089
    16 0.004859 -0.122106 -0.000735 0.487216 0.041702 0.036316
    17 -1.061022 -1.480885 1.175125 -0.017916 -0.165642 -0.204392
    18 1.061021 -1.480883 1.175125 -0.001286 0.474421 -0.678995
    19 -0.001760 -2.467230 1.065616 0.127798 0.000000 3.141592
    20 -1.220244 -1.798577 1.272703 1.306866 -0.092626 -3.700300
    21 -0.004860 0.122106 0.000735 0.300470 0.041702 0.036316
    22 -9.075769 -4.953224 -5.897679 0.067000 2.695940 0.986117
    23 0.096951 -8.450422 -0.009364 0.836831 -0.383680 -0.346299
    24 -0.139400 -0.111699 0.014398 0.602950 -0.047021 1.569868
    25 1.164474 -2.543937 -0.170327 0.355848 -0.204499 0.261247
    26 0.024034 -1.129039 0.017807 -0.119412 0.000000 -0.000001
    27 0.014896 -0.883992 -0.019847 0.132572 0.000000 -0.000000
    28 0.447949 -2.798981 -0.200442 0.294460 0.047193 0.204345
    29 -0.032909 -1.480206 0.004935 0.086789 0.000000 0.000000
    30 -0.027023 -1.076921 -0.020212 -0.024455 0.000000 -0.000000
    31 -0.249535 -2.846962 -0.174215 0.453001 0.073408 0.096039
    32 0.043235 -1.683941 0.096015 -0.188911 0.000001 0.000000
    33 0.031729 -1.160831 0.058834 -0.169366 -0.000000 -0.000000
    34 -0.963867 -2.785142 -0.085346 0.407274 0.135327 -0.091592
    35 0.028477 -1.403065 0.006271 0.018748 0.000001 0.000000
    36 0.021414 -0.957780 0.020046 -0.047383 0.000000 0.000000
    37 -0.591283 -1.257737 0.232709 -1.437292 -0.064041 -2.276755
    38 1.522835 0.058679 0.016852 0.001411 -0.223174 -0.046880
    39 1.117948 0.048424 -0.005766 -0.000243 -0.175992 0.065422
    40 0.120152 -0.050266 -0.054488 0.366862 3.144320 1.551255
    41 -1.180679 -2.507216 -0.193860 0.174078 0.013294 -0.477916
    42 -0.024968 -1.123935 0.017595 -0.399958 0.000000 0.000000
    43 -0.020059 -0.890964 0.010094 -0.763707 -0.000000 -0.000000
    44 -0.488518 -2.755600 -0.228259 0.021291 -0.012955 -0.306739
    45 0.039887 -1.479790 0.029853 -0.312801 0.000000 0.000000
    46 0.028784 -1.075732 -0.023109 -0.857892 -0.000000 -0.000000
    47 0.250027 -2.820664 -0.238394 0.058021 -0.058472 -0.078775
    48 -0.049760 -1.680543 0.100480 -0.624477 0.000000 -0.000000
    49 -0.034142 -1.148310 0.084779 -1.037172 0.000000 0.000000
    50 0.957767 -2.746777 -0.090299 -0.169196 -0.139206 0.276765
    51 -0.033420 -1.397126 -0.011255 -0.473673 0.000000 0.000001
    52 -0.022361 -0.957433 0.018785 -0.858670 0.000000 0.000000
    53 0.583509 -1.197273 0.185380 0.498834 -0.339857 -0.429184
    54 1.535925 0.010248 0.005008 -0.002964 -0.491310 0.000890
    55 1.100770 0.004527 -0.010675 -0.002796 -0.975914 0.003459
  time 20
    0 6.340742 -1.787995 -8.408413 0.984298 -2.045361 -1.122594
    1 -0.071920 -8.498732 -0.104134 -0.169528 0.300112 0.092777
    2 -0.480402 -2.843485 2.688040 0.673012 -2.243426 1.543597
    3 -0.139652 0.111963 2.649186 -0.762255 1.083726 1.360680
    4 -0.011142 0.781255 -0.800262 1.956614 -0.086406 -0.009486
    5 0.000000 0.718097 -0.000002 -0.042137 0.000000 0.000000
    6 -0.000001 0.897711 1.580295 -0.150667 -0.044153 -0.157780
    7 -0.000000 -0.000000 0.811541 0.569018 -0.134605 0.274998
    8 2.113073 -1.515412 2.075963 -0.471668 0.246069 0.775188
    9 -2.067762 -1.413846 2.021276 2.541687 -0.480841 -0.897582
    10 0.078373 -2.262530 0.978286 -0.176167 0.008544 0.018050
    11 0.076694 -0.991590 3.099520 -1.036256 0.008544 0.018050
    12 1.771212 -0.139594 1.664084 0.513126 0.811034 3.113585
    13 -1.241366 -1.806391 1.056407 1.476845 -0.058623 2.556040
    14 1.239846 -1.806390 1.056407 1.330645 3.049624 0.585133
    15 1.218724 -1.798575 1.272704 1.307502 3.063686 0.567144
    16 0.004859 -0.122106 -0.000735 0.466180 0.041702 0.036316
    17 -1.061022 -1.480885 1.175125 -0.082298 -0.165067 -0.283073
    18 1.061021 -1.480883 1.175125 0.000158 0.498433 -0.684313
    19 -0.001760 -2.451604 1.053897 0.119600 0.000000 3.141592
    20 -1.220244 -1.798577 1.272703 1.324582 -0.089401 -3.701547
    21 -0.004860 0.122106 0.000735 0.285743 0.041702 0.036316
    22 -9.267181 -5.023539 -5.889866 0.044573 2.701465 1.000843
    23 0.096951 -8.450422 -0.009364 0.827743 -0.382967 -0.349761
    24 -0.139400 -0.111699 0.014398 0.602950 -0.047021 1.569868
    25 1.164474 -2.543937 -0.170327 0.392267 -0.200508 0.260300
    26 0.024034 -1.129039 0.017807 -0.115710 0.000000 -0.000001
    27 0.014896 -0.883992 -0.019847 0.132457 0.000000 -0.000000
    28 0.447949 -2.798981 -0.200442 0.337245 0.047193 0.204345
    29 -0.032909 -1.480206 0.004935 0.086376 0.000000 0.000000
    30 -0.027023 -1.076921 -0.020212 -0.024594 0.000000 -0.000000
    31 -0.249535 -2.846962 -0.174215 0.490930 0.073408 0.096039
    32 0.043235 -1.683941 0.096015 -0.189058 0.000001 0.000000
    33 0.031729 -1.160831 0.058834 -0.151283 -0.000000 -0.000000
    34 -0.963867 -2.785142 -0.085346 0.430961 0.135327 -0.091592
    35 0.028477 -1.403065 0.006271 0.018591 0.000001 0.000000
    36 0.021414 -0.957780 0.020046 -0.031405 0.000000 0.000000
    37 -0.591283 -1.257737 0.232709 -1.439875 -0.064220 -2.266649
    38 1.522835 0.058679 0.016852 0.001411 -0.223174 -0.046880
    39 1.117948 0.048424 -0.005766 -0.000243 -0.176015 0.065422
    40 0.120152 -0.050266 -0.054488 0.366862 3.144320 1.551255
    41 -1.180679 -2.507216 -0.193860 0.174078 0.013294 -0.477916
    42 -0.024968 -1.123935 0.017595 -0.399958 0.000000 0.000000
    43 -0.020059 -0.890964 0.010094 -0.763707 -0.000000 -0.000000
    44 -0.488518 -2.755600 -0.228259 0.021291 -0.012955 -0.306739
    45 0.039887 -1.479790 0.029853 -0.312801 0.000000 0.000000
    46 0.028784 -1.075732 -0.023109 -0.857892 -0.000000 -0.000000
    47 0.250027 -2.820664 -0.238394 0.058002 -0.058472 -0.078775
    48 -0.049760 -1.680543 0.100480 -0.624477 0.000000 -0.000000
    49 -0.034142 -1.148310 0.084779 -1.037172 0.000000 0.000000
    50 0.957767 -2.746777 -0.090299 -0.172398 -0.139206 0.276765
    51 -0.033420 -1.397126 -0.011255 -0.473432 0.000000 0.000001
    52 -0.022361 -0.957433 0.018785 -0.858670 0.000000 0.000000
    53 0.583509 -1.197273 0.185380 0.498834 -0.339857 -0.429184
    54 1.535925 0.010248 0.005008 -0.002964 -0.491310 0.000890
    55 1.100770 0.004527 -0.010675 -0.002796 -0.975914 0.003459
  time 21
    0 6.348555 -1.791902 -8.420133 0.975967 -2.047116 -1.113318
    1 -0.071920 -8.498732 -0.104134 -0.173810 0.295010 0.093813
    2 -0.480402 -2.843485 2.688040 0.673012 -2.243426 1.543597
    3 -0.120120 0.139308 2.625748 -0.766367 1.101464 1.358777
    4 -0.011142 0.781255 -0.800262 1.955033 -0.084824 -0.012746
    5 0.000000 0.718097 -0.000002 -0.043354 0.000000 0.000000
    6 -0.000001 0.897711 1.580295 -0.150667 -0.044153 -0.157780
    7 -0.000000 -0.000000 0.811541 0.569018 -0.134605 0.274998
    8 2.077916 -1.499787 2.060338 -0.470817 0.247794 0.778663
    9 -2.024792 -1.394315 2.001744 2.543928 -0.480613 -0.906726
    10 0.078373 -2.231279 0.978286 -0.176167 0.008544 0.018050
    11 0.076694 -0.987683 3.056550 -1.038952 0.008544 0.018050
    12 1.790743 -0.139594 1.687523 0.513126 0.811034 3.113585
    13 -1.241366 -1.806391 1.056407 1.462709 -0.058807 2.555944
    14 1.239846 -1.806390 1.056407 1.319885 3.051602 0.585193
    15 1.218724 -1.798575 1.272704 1.339274 3.064718 0.568390
    16 0.004859 -0.122106 -0.000735 0.440893 0.041702 0.036316
    17 -1.061022 -1.480885 1.175125 -0.136572 -0.164082 -0.352608
    18 1.061021 -1.480883 1.175125 -0.001479 0.512429 -0.674579
    19 -0.001760 -2.447698 1.046084 0.111451 0.000000 3.141592
    20 -1.220244 -1.798577 1.272703 1.345840 -0.086269 -3.703176
    21 -0.004860 0.122106 0.000735 0.268041 0.041702 0.036316
    22 -9.478126 -5.086040 -5.893773 0.026689 2.705287 1.015451
    23 0.096951 -8.450422 -0.009364 0.807527 -0.385975 -0.355419
    24 -0.139400 -0.111699 0.014398 0.602950 -0.047021 1.569868
    25 1.164474 -2.543937 -0.170327 0.425185 -0.196289 0.259293
    26 0.024034 -1.129039 0.017807 -0.112383 0.000000 -0.000001
    27 0.014896 -0.883992 -0.019847 0.132265 0.000000 -0.000000
    28 0.447949 -2.798981 -0.200442 0.380464 0.047193 0.204345
    29 -0.032909 -1.480206 0.004935 0.085456 0.000000 0.000000
    30 -0.027023 -1.076921 -0.020212 -0.024872 0.000000 -0.000000
    31 -0.249535 -2.846962 -0.174215 0.528634 0.073408 0.096039
    32 0.043235 -1.683941 0.096015 -0.189311 0.000001 0.000000
    33 0.031729 -1.160831 0.058834 -0.132391 -0.000000 -0.000000
    34 -0.963867 -2.785142 -0.085346 0.453167 0.135327 -0.091592
    35 0.028477 -1.403065 0.006271 0.018329 0.000001 0.000000
    36 0.021414 -0.957780 0.020046 -0.016415 0.000000 0.000000
    37 -0.591283 -1.257737 0.232709 -1.442205 -0.064550 -2.255441
    38 1.522835 0.058679 0.016852 0.001411 -0.223174 -0.046880
    39 1.117948 0.048424 -0.005766 -0.000243 -0.176061 0.065422
    40 0.120152 -0.050266 -0.054488 0.366862 3.144320 1.551255
    41 -1.180679 -2.507216 -0.193860 0.174078 0.013294 -0.477916
    42 -0.024968 -1.123935 0.017595 -0.399958 0.000000 0.000000
    43 -0.020059 -0.890964 0.010094 -0.763707 -0.000000 -0.000000
    44 -0.488518 -2.755600 -0.228259 0.021291 -0.012955 -0.306739
    45 0.039887 -1.479790 0.029853 -0.312801 0.000000 0.000000
    46 0.028784 -1.075732 -0.023109 -0.857892 -0.000000 -0.000000
    47 0.250027 -2.820664 -0.238394 0.058021 -0.058472 -0.078775
    48 -0.049760 -1.680543 0.100480 -0.624477 0.000000 -0.000000
    49 -0.034142 -1.148310 0.084779 -1.037172 0.000000 0.000000
    50 0.957767 -2.746777 -0.090299 -0.172398 -0.139206 0.276765
    51 -0.033420 -1.397126 -0.011255 -0.473432 0.000000 0.000001
    52 -0.022361 -0.957433 0.018785 -0.858670 0.000000 0.000000
    53 0.583509 -1.197273 0.185380 0.498834 -0.339857 -0.429184
    54 1.535925 0.010248 0.005008 -0.002964 -0.491310 0.000890
    55 1.100770 0.004527 -0.010675 -0.002796 -0.975914 0.003459
  time 22
    0 6.356368 -1.791902 -8.427945 0.967105 -2.048954 -1.103583
    1 -0.071920 -8.498732 -0.104134 -0.178276 0.289559 0.094910
    2 -0.480402 -2.843485 2.688040 0.673012 -2.243426 1.543597
    3 -0.108401 0.154934 2.606216 -0.769565 1.114452 1.357281
    4 -0.011142 0.781255 -0.800262 1.948533 -0.083074 -0.017132
    5 0.000000 0.718097 -0.000002 -0.044255 -0.000036 0.000407
    6 -0.000001 0.897711 1.580295 -0.150667 -0.044153 -0.157780
    7 -0.000000 -0.000000 0.811541 0.569018 -0.134605 0.274998
    8 2.046665 -1.484161 2.048619 -0.469942 0.249544 0.782211
    9 -1.989635 -1.378689 1.986119 2.546217 -0.480361 -0.916050
    10 0.078373 -2.200028 0.978286 -0.176167 0.008544 0.018050
    11 0.072788 -0.987683 3.021392 -1.041697 0.008544 0.018050
    12 1.806369 -0.139594 1.703148 0.513126 0.811034 3.113585
    13 -1.241366 -1.806391 1.056407 1.446627 -0.058992 2.555944
    14 1.239846 -1.806390 1.056407 1.307620 3.053855 0.585265
    15 1.218724 -1.798575 1.272704 1.375482 3.065938 0.569733
    16 0.004859 -0.122106 -0.000735 0.412113 0.041702 0.036316
    17 -1.061022 -1.480885 1.175125 -0.165467 -0.161166 -0.398295
    18 1.061021 -1.480883 1.175125 -0.006516 0.513869 -0.645766
    19 -0.001760 -2.451604 1.049990 0.103385 0.000000 3.141592
    20 -1.220244 -1.798577 1.272703 1.370082 -0.083228 -3.704998
    21 -0.004860 0.122106 0.000735 0.247894 0.041702 0.036316
    22 -9.704695 -5.140730 -5.905492 0.012929 2.707565 1.029581
    23 0.096951 -8.450422 -0.009364 0.777522 -0.392271 -0.362921
    24 -0.139400 -0.111699 0.014398 0.602950 -0.047021 1.569868
    25 1.164474 -2.543937 -0.170327 0.454761 -0.191891 0.258250
    26 0.024034 -1.129039 0.017807 -0.109431 0.000000 -0.000001
    27 0.014896 -0.883992 -0.019847 0.131997 0.000000 -0.000000
    28 0.447949 -2.798981 -0.200442 0.423587 0.047193 0.204345
    29 -0.032909 -1.480206 0.004935 0.083774 0.000000 0.000000
    30 -0.027023 -1.076921 -0.020212 -0.025262 0.000000 -0.000000
    31 -0.249535 -2.846962 -0.174215 0.565843 0.073408 0.096039
    32 0.043235 -1.683941 0.096015 -0.189710 0.000001 0.000000
    33 0.031729 -1.160831 0.058834 -0.112917 -0.000000 -0.000000
    34 -0.963867 -2.785142 -0.085346 0.473863 0.135327 -0.091592
    35 0.028477 -1.403065 0.006271 0.017928 0.000001 0.000000
    36 0.021414 -0.957780 0.020046 -0.002434 0.000000 0.000000
    37 -0.591283 -1.257737 0.232709 -1.444300 -0.065059 -2.243366
    38 1.522835 0.058679 0.016852 0.001411 -0.223174 -0.046880
    39 1.117948 0.048424 -0.005766 -0.000243 -0.176177 0.065422
    40 0.120152 -0.050266 -0.054488 0.366862 3.144320 1.551255
    41 -1.180679 -2.507216 -0.193860 0.174078 0.013294 -0.477916
    42 -0.024968 -1.123935 0.017595 -0.399958 0.000000 0.000000
    43 -0.020059 -0.890964 0.010094 -0.763707 -0.000000 -0.000000
    44 -0.488518 -2.755600 -0.228259 0.021317 -0.012955 -0.306739
    45 0.039887 -1.479790 0.029853 -0.312801 0.000000 0.000000
    46 0.028784 -1.075732 -0.023109 -0.857892 -0.000000 -0.000000
    47 0.250027 -2.820664 -0.238394 0.058021 -0.058472 -0.078775
    48 -0.049760 -1.680543 0.100480 -0.624477 0.000000 -0.000000
    49 -0.034142 -1.148310 0.084779 -1.037172 0.000000 0.000000
    50 0.957767 -2.746777 -0.090299 -0.172398 -0.139206 0.276765
    51 -0.033420 -1.397126 -0.011255 -0.473432 0.000000 0.000001
    52 -0.022361 -0.957433 0.018785 -0.858670 0.000000 0.000000
    53 0.583509 -1.197273 0.185380 0.498834 -0.339857 -0.429184
    54 1.535925 0.010248 0.005008 -0.002964 -0.491310 0.000890
    55 1.100770 0.004527 -0.010675 -0.002796 -0.975914 0.003459
  time 23
    0 6.368087 -1.795808 -8.435758 0.957941 -2.050792 -1.093480
    1 -0.071920 -8.498732 -0.104134 -0.182927 0.283898 0.096053
    2 -0.480402 -2.843485 2.688040 0.673012 -2.243426 1.543597
    3 -0.104494 0.162746 2.602310 -0.770844 1.119482 1.356683
    4 -0.011142 0.781255 -0.800262 1.938845 -0.081301 -0.022382
    5 0.000000 0.718097 -0.000002 -0.045131 -0.000144 0.001582
    6 -0.000001 0.897711 1.580295 -0.150667 -0.044153 -0.157780
    7 -0.000000 -0.000000 0.811541 0.569018 -0.134605 0.274998
    8 2.023226 -1.476348 2.036900 -0.469067 0.251282 0.785770
    9 -1.962290 -1.366970 1.974400 2.548506 -0.480062 -0.925374
    10 0.078373 -2.180496 0.982193 -0.176167 0.008544 0.018050
    11 0.072788 -0.987683 2.994048 -1.044441 0.008544 0.018050
    12 1.810275 -0.139594 1.710961 0.513126 0.811034 3.113585
    13 -1.241366 -1.806391 1.056407 1.428936 -0.059177 2.555944
    14 1.239846 -1.806390 1.056407 1.294192 3.056312 0.585337
    15 1.218724 -1.798575 1.272704 1.415063 3.067346 0.571267
    16 0.004859 -0.122106 -0.000735 0.380626 0.041702 0.036316
    17 -1.061022 -1.480885 1.175125 -0.158728 -0.155270 -0.411706
    18 1.061021 -1.480883 1.175125 -0.015180 0.500393 -0.593610
    19 -0.001760 -2.459417 1.061709 0.095451 0.000000 3.141592
    20 -1.220244 -1.798577 1.272703 1.396562 -0.080372 -3.707011
    21 -0.004860 0.122106 0.000735 0.225852 0.041702 0.036316
    22 -9.942984 -5.187606 -5.932836 0.002897 2.708455 1.042996
    23 0.096951 -8.450422 -0.009364 0.739066 -0.401390 -0.371866
    24 -0.139400 -0.111699 0.014398 0.602950 -0.047021 1.569868
    25 1.164474 -2.543937 -0.170327 0.481112 -0.187337 0.257172
    26 0.024034 -1.129039 0.017807 -0.106804 0.000000 -0.000001
    27 0.014896 -0.883992 -0.019847 0.131575 0.000000 -0.000000
    28 0.447949 -2.798981 -0.200442 0.466131 0.047193 0.204345
    29 -0.032909 -1.480206 0.004935 0.081140 0.000000 0.000000
    30 -0.027023 -1.076921 -0.020212 -0.025846 0.000000 -0.000000
    31 -0.249535 -2.846962 -0.174215 0.602286 0.073408 0.096039
    32 0.043235 -1.683941 0.096015 -0.190257 0.000001 0.000000
    33 0.031729 -1.160831 0.058834 -0.093120 -0.000000 -0.000000
    34 -0.963867 -2.785142 -0.085346 0.493108 0.135327 -0.091592
    35 0.028477 -1.403065 0.006271 0.017387 0.000001 0.000000
    36 0.021414 -0.957780 0.020046 0.010559 0.000000 0.000000
    37 -0.591283 -1.257737 0.232709 -1.446179 -0.065792 -2.230621
    38 1.522835 0.058679 0.016852 0.001411 -0.223174 -0.046880
    39 1.117948 0.048424 -0.005766 -0.000243 -0.176315 0.065422
    40 0.120152 -0.050266 -0.054488 0.366862 3.144320 1.551255
    41 -1.180679 -2.507216 -0.193860 0.174078 0.013294 -0.477916
    42 -0.024968 -1.123935 0.017595 -0.399958 0.000000 0.000000
    43 -0.020059 -0.890964 0.010094 -0.763707 -0.000000 -0.000000
    44 -0.488518 -2.755600 -0.228259 0.021291 -0.012955 -0.306739
    45 0.039887 -1.479790 0.029853 -0.312801 0.000000 0.000000
    46 0.028784 -1.075732 -0.023109 -0.857892 -0.000000 -0.000000
    47 0.250027 -2.820664 -0.238394 0.058021 -0.058472 -0.078775
    48 -0.049760 -1.680543 0.100480 -0.624477 0.000000 -0.000000
    49 -0.034142 -1.148310 0.084779 -1.037172 0.000000 0.000000
    50 0.957767 -2.746777 -0.090299 -0.172398 -0.139206 0.276765
    51 -0.033420 -1.397126 -0.011255 -0.473432 0.000000 0.000001
    52 -0.022361 -0.957433 0.018785 -0.858670 0.000000 0.000000
    53 0.583509 -1.197273 0.185380 0.498834 -0.339857 -0.429184
    54 1.535925 0.010248 0.005008 -0.002964 -0.491310 0.000890
    55 1.100770 0.004527 -0.010675 -0.002796 -0.975914 0.003459
  time 24
    0 6.379806 -1.795808 -8.443571 0.948700 -2.052630 -1.083193
    1 -0.071920 -8.498732 -0.104134 -0.187615 0.278132 0.097226
    2 -0.480402 -2.843485 2.688040 0.673012 -2.243426 1.543597
    3 -0.112307 0.151027 2.610122 -0.768445 1.110035 1.357798
    4 -0.011142 0.781255 -0.800262 1.927626 -0.079095 -0.028086
    5 0.000000 0.718097 -0.000002 -0.045983 -0.000312 0.003476
    6 -0.000001 0.897711 1.580295 -0.150667 -0.044153 -0.157780
    7 -0.000000 -0.000000 0.811541 0.569018 -0.134605 0.274998
    8 2.007601 -1.472442 2.032993 -0.468192 0.252996 0.789258
    9 -1.946665 -1.359157 1.966587 2.550783 -0.479726 -0.934530
    10 0.078373 -2.172683 0.986099 -0.176167 0.008544 0.018050
    11 0.072788 -0.995496 2.978422 -1.047138 0.008544 0.018050
    12 1.810275 -0.139594 1.707054 0.513126 0.811034 3.113585
    13 -1.241366 -1.806391 1.056407 1.410230 -0.059454 2.555849
    14 1.239846 -1.806390 1.056407 1.279947 3.058924 0.585409
    15 1.218724 -1.798575 1.272704 1.457041 3.068754 0.572801
    16 0.004859 -0.122106 -0.000735 0.347190 0.041702 0.036316
    17 -1.061022 -1.480885 1.175125 -0.123209 -0.147033 -0.399895
    18 1.061021 -1.480883 1.175125 -0.027052 0.470562 -0.511620
    19 -0.001760 -2.475043 1.077335 0.087709 0.000000 3.141592
    20 -1.220244 -1.798577 1.272703 1.424720 -0.077700 -3.709216
    21 -0.004860 0.122106 0.000735 0.202445 0.041702 0.036316
    22 -10.189085 -5.226670 -5.964087 -0.003852 2.708115 1.055576
    23 0.096951 -8.450422 -0.009364 0.693501 -0.412882 -0.381900
    24 -0.139400 -0.111699 0.014398 0.602950 -0.047021 1.569868
    25 1.164474 -2.543937 -0.170327 0.504355 -0.182627 0.256057
    26 0.024034 -1.129039 0.017807 -0.104528 0.000000 -0.000001
    27 0.014896 -0.883992 -0.019847 0.131077 0.000000 -0.000000
    28 0.447949 -2.798981 -0.200442 0.507612 0.047193 0.204345
    29 -0.032909 -1.480206 0.004935 0.077268 0.000000 0.000000
    30 -0.027023 -1.076921 -0.020212 -0.026598 0.000000 -0.000000
    31 -0.249535 -2.846962 -0.174215 0.637648 0.073408 0.096039
    32 0.043235 -1.683941 0.096015 -0.190972 0.000001 0.000000
    33 0.031729 -1.160831 0.058834 -0.073225 -0.000000 -0.000000
    34 -0.963867 -2.785142 -0.085346 0.510935 0.135327 -0.091592
    35 0.028477 -1.403065 0.006271 0.016689 0.000001 0.000000
    36 0.021414 -0.957780 0.020046 0.022605 0.000000 0.000000
    37 -0.591283 -1.257737 0.232709 -1.447823 -0.066750 -2.217443
    38 1.522835 0.058679 0.016852 0.001411 -0.223174 -0.046880
    39 1.117948 0.048424 -0.005766 -0.000243 -0.176523 0.065422
    40 0.120152 -0.050266 -0.054488 0.366862 3.144320 1.551255
    41 -1.180679 -2.507216 -0.193860 0.174078 0.013294 -0.477916
    42 -0.024968 -1.123935 0.017595 -0.399958 0.000000 0.000000
    43 -0.020059 -0.890964 0.010094 -0.763707 -0.000000 -0.000000
    44 -0.488518 -2.755600 -0.228259 0.021291 -0.012955 -0.306739
    45 0.039887 -1.479790 0.029853 -0.312801 0.000000 0.000000
    46 0.028784 -1.075732 -0.023109 -0.857892 -0.000000 -0.000000
    47 0.250027 -2.820664 -0.238394 0.058021 -0.058472 -0.078775
    48 -0.049760 -1.680543 0.100480 -0.624477 0.000000 -0.000000
    49 -0.034142 -1.148310 0.084779 -1.037172 0.000000 0.000000
    50 0.957767 -2.746777 -0.090299 -0.172398 -0.139206 0.276765
    51 -0.033420 -1.397126 -0.011255 -0.473432 0.000000 0.000001
    52 -0.022361 -0.957433 0.018785 -0.858670 0.000000 0.000000
    53 0.583509 -1.197273 0.185380 0.498834 -0.339857 -0.429184
    54 1.535925 0.010248 0.005008 -0.002964 -0.491310 0.000890
    55 1.100770 0.004527 -0.010675 -0.002796 -0.975914 0.003459
  time 25
    0 6.391525 -1.795808 -8.447477 0.939536 -2.054426 -1.073090
    1 -0.071920 -8.498732 -0.104134 -0.192266 0.272331 0.098384
    2 -0.480402 -2.843485 2.688040 0.673012 -2.243426 1.543597
    3 -0.135745 0.119776 2.645280 -0.763100 1.087512 1.360272
    4 -0.011142 0.781255 -0.800262 1.916583 -0.076087 -0.033827
    5 0.000000 0.718097 -0.000002 -0.046786 -0.000551 0.006028
    6 -0.000001 0.897711 1.580295 -0.150667 -0.044153 -0.157780
    7 -0.000000 -0.000000 0.811541 0.569018 -0.134605 0.274998
    8 2.003695 -1.480255 2.036900 -0.467341 0.254650 0.792625
    9 -1.942758 -1.359157 1.966587 2.552976 -0.479378 -0.943363
    10 0.078373 -2.180496 0.990005 -0.176167 0.008544 0.018050
    11 0.072788 -1.007215 2.978422 -1.049738 0.008544 0.018050
    12 1.802463 -0.139594 1.699242 0.513126 0.811034 3.113585
    13 -1.241366 -1.806391 1.056407 1.390846 -0.059731 2.555849
    14 1.239846 -1.806390 1.056407 1.265207 3.061621 0.585493
    15 1.218724 -1.798575 1.272704 1.500615 3.070161 0.574526
    16 0.004859 -0.122106 -0.000735 0.312590 0.041702 0.036316
    17 -1.061022 -1.480885 1.175125 -0.069083 -0.137530 -0.371248
    18 1.061021 -1.480883 1.175125 -0.040785 0.430869 -0.410252
    19 -0.001760 -2.490668 1.089054 0.080195 0.000000 3.141592
    20 -1.220244 -1.798577 1.272703 1.453718 -0.075120 -3.711517
    21 -0.004860 0.122106 0.000735 0.178224 0.041702 0.036316
    22 -10.435186 -5.254014 -5.999245 -0.007712 2.706701 1.066904
    23 0.096951 -8.450422 -0.009364 0.642099 -0.426281 -0.392607
    24 -0.139400 -0.111699 0.014398 0.602950 -0.047021 1.569868
    25 1.164474 -2.543937 -0.170327 0.524610 -0.177809 0.254919
    26 0.024034 -1.129039 0.017807 -0.102551 0.000000 -0.000001
    27 0.014896 -0.883992 -0.019847 0.130425 0.000000 -0.000000
    28 0.447949 -2.798981 -0.200442 0.547499 0.047193 0.204345
    29 -0.032909 -1.480206 0.004935 0.071999 0.000000 0.000000
    30 -0.027023 -1.076921 -0.020212 -0.027544 0.000000 -0.000000
    31 -0.249535 -2.846962 -0.174215 0.671749 0.073408 0.096039
    32 0.043235 -1.683941 0.096015 -0.191876 0.000001 0.000000
    33 0.031729 -1.160831 0.058834 -0.053525 -0.000000 -0.000000
    34 -0.963867 -2.785142 -0.085346 0.527374 0.135327 -0.091592
    35 0.028477 -1.403065 0.006271 0.015835 0.000001 0.000000
    36 0.021414 -0.957780 0.020046 0.033706 0.000000 0.000000
    37 -0.591283 -1.257737 0.232709 -1.449268 -0.067962 -2.204049
    38 1.522835 0.058679 0.016852 0.001411 -0.223174 -0.046880
    39 1.117948 0.048424 -0.005766 -0.000243 -0.176777 0.065422
    40 0.120152 -0.050266 -0.054488 0.366862 3.144320 1.551255
    41 -1.180679 -2.507216 -0.193860 0.174078 0.013294 -0.477916
    42 -0.024968 -1.123935 0.017595 -0.399958 0.000000 0.000000
    43 -0.020059 -0.890964 0.010094 -0.763707 -0.000000 -0.000000
    44 -0.488518 -2.755600 -0.228259 0.021291 -0.012955 -0.306739
    45 0.039887 -1.479790 0.029853 -0.312801 0.000000 0.000000
    46 0.028784 -1.075732 -0.023109 -0.857892 -0.000000 -0.000000
    47 0.250027 -2.820664 -0.238394 0.058021 -0.058472 -0.078775
    48 -0.049760 -1.680543 0.100480 -0.624477 0.000000 -0.000000
    49 -0.034142 -1.148310 0.084779 -1.037172 0.000000 0.000000
    50 0.957767 -2.746777 -0.090299 -0.172398 -0.139206 0.276765
    51 -0.033420 -1.397126 -0.011255 -0.473432 0.000000 0.000001
    52 -0.022361 -0.957433 0.018785 -0.858670 0.000000 0.000000
    53 0.583509 -1.197273 0.185380 0.498834 -0.339857 -0.429184
    54 1.535925 0.010248 0.005008 -0.002964 -0.491310 0.000890
    55 1.100770 0.004527 -0.010675 -0.002796 -0.975914 0.003459
  time 26
    0 6.407150 -1.799714 -8.451384 0.930750 -2.056181 -1.063263
    1 -0.071920 -8.498732 -0.104134 -0.196695 0.266705 0.099542
    2 -0.480402 -2.843485 2.688040 0.673012 -2.243426 1.543597
    3 -0.163090 0.080713 2.684343 -0.757343 1.060607 1.362963
    4 -0.011142 0.781255 -0.800262 1.907347 -0.071893 -0.039232
    5 0.000000 0.718097 -0.000002 -0.047565 -0.000839 0.009156
    6 -0.000001 0.897711 1.580295 -0.150667 -0.044153 -0.157780
    7 -0.000000 -0.000000 0.811541 0.569018 -0.134605 0.274998
    8 2.019320 -1.495880 2.048619 -0.466538 0.256196 0.795813
    9 -1.954477 -1.370876 1.974400 2.555050 -0.479007 -0.951680
    10 0.078373 -2.211747 0.997818 -0.176167 0.008544 0.018050
    11 0.076694 -1.030653 2.994048 -1.052183 0.008544 0.018050
    12 1.790743 -0.139594 1.687523 0.513126 0.811034 3.113585
    13 -1.241366 -1.806391 1.056407 1.371294 -0.059915 2.555753
    14 1.239846 -1.806390 1.056407 1.250294 3.064353 0.585565
    15 1.218724 -1.798575 1.272704 1.544545 3.071663 0.576156
    16 0.004859 -0.122106 -0.000735 0.277610 0.041702 0.036316
    17 -1.061022 -1.480885 1.175125 -0.006575 -0.127835 -0.334132
    18 1.061021 -1.480883 1.175125 -0.055416 0.390717 -0.311287
    19 -0.001760 -2.502387 1.100773 0.072944 0.000000 3.141592
    20 -1.220244 -1.798577 1.272703 1.483181 -0.072633 -3.713818
    21 -0.004860 0.122106 0.000735 0.153736 0.041702 0.036316
    22 -10.685194 -5.269640 -6.042214 -0.009104 2.704345 1.076861
    23 0.096951 -8.450422 -0.009364 0.586234 -0.441153 -0.403636
    24 -0.139400 -0.111699 0.014398 0.602950 -0.047021 1.569868
    25 1.164474 -2.543937 -0.170327 0.542033 -0.172895 0.253756
    26 0.024034 -1.129039 0.017807 -0.100875 0.000000 -0.000001
    27 0.014896 -0.883992 -0.019847 0.129620 0.000000 -0.000000
    28 0.447949 -2.798981 -0.200442 0.585310 0.047193 0.204345
    29 -0.032909 -1.480206 0.004935 0.065113 0.000000 0.000000
    30 -0.027023 -1.076921 -0.020212 -0.028713 0.000000 -0.000000
    31 -0.249535 -2.846962 -0.174215 0.704273 0.073408 0.096039
    32 0.043235 -1.683941 0.096015 -0.192969 0.000001 0.000000
    33 0.031729 -1.160831 0.058834 -0.034213 -0.000000 -0.000000
    34 -0.963867 -2.785142 -0.085346 0.542425 0.135327 -0.091592
    35 0.028477 -1.403065 0.006271 0.014788 0.000001 0.000000
    36 0.021414 -0.957780 0.020046 0.043861 0.000000 0.000000
    37 -0.591283 -1.257737 0.232709 -1.450532 -0.069473 -2.190655
    38 1.522835 0.058679 0.016852 0.001411 -0.223174 -0.046880
    39 1.117948 0.048424 -0.005766 -0.000243 -0.177124 0.065422
    40 0.120152 -0.050266 -0.054488 0.366862 3.144320 1.551255
    41 -1.180679 -2.507216 -0.193860 0.174078 0.013294 -0.477916
    42 -0.024968 -1.123935 0.017595 -0.399958 0.000000 0.000000
    43 -0.020059 -0.890964 0.010094 -0.763707 -0.000000 -0.000000
    44 -0.488518 -2.755600 -0.228259 0.021291 -0.012955 -0.306739
    45 0.039887 -1.479790 0.029853 -0.312801 0.000000 0.000000
    46 0.028784 -1.075732 -0.023109 -0.857892 -0.000000 -0.000000
    47 0.250027 -2.820664 -0.238394 0.058021 -0.058472 -0.078775
    48 -0.049760 -1.680543 0.100480 -0.624477 0.000000 -0.000000
    49 -0.034142 -1.148310 0.084779 -1.037172 0.000000 0.000000
    50 0.957767 -2.746777 -0.090299 -0.172398 -0.139206 0.276765
    51 -0.033420 -1.397126 -0.011255 -0.473432 0.000000 0.000001
    52 -0.022361 -0.957433 0.018785 -0.858670 0.000000 0.000000
    53 0.583509 -1.197273 0.185380 0.498834 -0.339857 -0.429184
    54 1.535925 0.010248 0.005008 -0.002964 -0.491310 0.000890
    55 1.100770 0.004527 -0.010675 -0.002796 -0.975914 0.003459
  time 27
    0 6.426682 -1.799714 -8.455290 0.922343 -2.057852 -1.053987
    1 -0.071920 -8.498732 -0.104134 -0.200829 0.261289 0.100638
    2 -0.480402 -2.843485 2.688040 0.673012 -2.243426 1.543597
    3 -0.186528 0.049462 2.715594 -0.752957 1.038067 1.365029
    4 -0.011142 0.781255 -0.800262 1.901148 -0.064510 -0.044565
    5 0.000000 0.718097 -0.000002 -0.048320 -0.001174 0.012824
    6 -0.000001 0.897711 1.580295 -0.150667 -0.044153 -0.157780
    7 -0.000000 -0.000000 0.811541 0.569018 -0.134605 0.274998
    8 2.050571 -1.527131 2.072057 -0.465795 0.257622 0.798737
    9 -1.989635 -1.394315 1.993931 2.556955 -0.478647 -0.959326
    10 0.082279 -2.262530 1.013444 -0.176167 0.008544 0.018050
    11 0.076694 -1.061904 3.033112 -1.054436 0.008544 0.018050
    12 1.779024 -0.139594 1.675803 0.513126 0.811034 3.113585
    13 -1.241366 -1.806391 1.056407 1.351910 -0.060192 2.555753
    14 1.239846 -1.806390 1.056407 1.235554 3.067050 0.585648
    15 1.218724 -1.798575 1.272704 -1.553512 0.068433 -2.563614
    16 0.004859 -0.122106 -0.000735 0.243010 0.041702 0.036316
    17 -1.061022 -1.480885 1.175125 0.054093 -0.118985 -0.296996
    18 1.061021 -1.480883 1.175125 -0.070754 0.358926 -0.237138
    19 -0.001760 -2.506294 1.104679 0.066017 0.000000 3.141592
    20 -1.220244 -1.798577 1.272703 1.512179 -0.070422 -3.716119
    21 -0.004860 0.122106 0.000735 0.129515 0.041702 0.036316
    22 -10.923482 -5.273546 -6.085185 -0.008448 2.701229 1.085089
    23 0.096951 -8.450422 -0.009364 0.527244 -0.457018 -0.414600
    24 -0.139400 -0.111699 0.014398 0.602950 -0.047021 1.569868
    25 1.164474 -2.543937 -0.170327 0.556703 -0.167910 0.252570
    26 0.024034 -1.129039 0.017807 -0.099474 0.000000 -0.000001
    27 0.014896 -0.883992 -0.019847 0.128624 0.000000 -0.000000
    28 0.447949 -2.798981 -0.200442 0.620562 0.047193 0.204345
    29 -0.032909 -1.480206 0.004935 0.056353 0.000000 0.000000
    30 -0.027023 -1.076921 -0.020212 -0.030132 0.000000 -0.000000
    31 -0.249535 -2.846962 -0.174215 0.734950 0.073408 0.096039
    32 0.043235 -1.683941 0.096015 -0.194273 0.000001 0.000000
    33 0.031729 -1.160831 0.058834 -0.015612 -0.000000 -0.000000
    34 -0.963867 -2.785142 -0.085346 0.556119 0.135327 -0.091592
    35 0.028477 -1.403065 0.006271 0.013550 0.000001 0.000000
    36 0.021414 -0.957780 0.020046 0.053111 0.000000 0.000000
    37 -0.591283 -1.257737 0.232709 -1.451616 -0.071299 -2.177498
    38 1.522835 0.058679 0.016852 0.001411 -0.223174 -0.046880
    39 1.117948 0.048424 -0.005766 -0.000243 -0.177563 0.065422
    40 0.120152 -0.050266 -0.054488 0.366862 3.144320 1.551255
    41 -1.180679 -2.507216 -0.193860 0.174078 0.013294 -0.477916
    42 -0.024968 -1.123935 0.017595 -0.399958 0.000000 0.000000
    43 -0.020059 -0.890964 0.010094 -0.763707 -0.000000 -0.000000
    44 -0.488518 -2.755600 -0.228259 0.021317 -0.012955 -0.306739
    45 0.039887 -1.479790 0.029853 -0.312801 0.000000 0.000000
    46 0.028784 -1.075732 -0.023109 -0.857892 -0.000000 -0.000000
    47 0.250027 -2.820664 -0.238394 0.058021 -0.058472 -0.078775
    48 -0.049760 -1.680543 0.100480 -0.624477 0.000000 -0.000000
    49 -0.034142 -1.148310 0.084779 -1.037172 0.000000 0.000000
    50 0.957767 -2.746777 -0.090299 -0.172398 -0.139206 0.276765
    51 -0.033420 -1.397126 -0.011255 -0.473432 0.000000 0.000001
    52 -0.022361 -0.957433 0.018785 -0.858670 0.000000 0.000000
    53 0.583509 -1.197273 0.185380 0.498834 -0.339857 -0.429184
    54 1.535925 0.010248 0.005008 -0.002964 -0.491310 0.000890
    55 1.100770 0.004527 -0.010675 -0.002796 -0.975914 0.003459
  time 28
    0 6.442307 -1.799714 -8.455290 0.914617 -2.059439 -1.045445
    1 -0.071920 -8.498732 -0.104134 -0.204558 0.256222 0.101659
    2 -0.480402 -2.843485 2.688040 0.673012 -2.243426 1.543597
    3 -0.194341 0.033836 2.731220 -0.751244 1.028620 1.365844
    4 -0.011142 0.781255 -0.800262 1.897810 -0.052609 -0.050366
    5 0.000000 0.718097 -0.000002 -0.049026 -0.001558 0.016946
    6 -0.000001 0.897711 1.580295 -0.150667 -0.044153 -0.157780
    7 -0.000000 -0.000000 0.811541 0.569018 -0.134605 0.274998
    8 2.093541 -1.566195 2.099401 -0.465136 0.258892 0.801350
    9 -2.032605 -1.421659 2.021276 2.558669 -0.478300 -0.966121
    10 0.082279 -2.328938 1.029069 -0.176167 0.008544 0.018050
    11 0.076694 -1.104874 3.087801 -1.056450 0.008544 0.018050
    12 1.767305 -0.139594 1.660178 0.513126 0.811034 3.113585
    13 -1.241366 -1.806391 1.056407 1.333204 -0.060377 2.555657
    14 1.239846 -1.806390 1.056407 1.221330 3.069663 0.585720
    15 1.218724 -1.798575 1.272704 -1.511446 0.067025 -2.562080
    16 0.004859 -0.122106 -0.000735 0.209574 0.041702 0.036316
    17 -1.061022 -1.480885 1.175125 0.102745 -0.112065 -0.268206
    18 1.061021 -1.480883 1.175125 -0.091514 0.343030 -0.205111
    19 -0.001760 -2.498481 1.096867 0.059450 0.000000 3.141592
    20 -1.220244 -1.798577 1.272703 1.540244 -0.068487 -3.718324
    21 -0.004860 0.122106 0.000735 0.106108 0.041702 0.036316
    22 -11.157865 -5.265734 -6.132061 -0.006137 2.697485 1.091469
    23 0.096951 -8.450422 -0.009364 0.466404 -0.473441 -0.425115
    24 -0.139400 -0.111699 0.014398 0.602950 -0.047021 1.569868
    25 1.164474 -2.543937 -0.170327 0.568777 -0.162888 0.251383
    26 0.024034 -1.129039 0.017807 -0.098348 0.000000 -0.000001
    27 0.014896 -0.883992 -0.019847 0.127474 0.000000 -0.000000
    28 0.447949 -2.798981 -0.200442 0.652723 0.047193 0.204345
    29 -0.032909 -1.480206 0.004935 0.045531 0.000000 0.000000
    30 -0.027023 -1.076921 -0.020212 -0.031830 0.000000 -0.000000
    31 -0.249535 -2.846962 -0.174215 0.763555 0.073408 0.096039
    32 0.043235 -1.683941 0.096015 -0.195808 0.000001 0.000000
    33 0.031729 -1.160831 0.058834 0.002115 -0.000000 -0.000000
    34 -0.963867 -2.785142 -0.085346 0.568518 0.135327 -0.091592
    35 0.028477 -1.403065 0.006271 0.012119 0.000001 0.000000
    36 0.021414 -0.957780 0.020046 0.061479 0.000000 0.000000
    37 -0.591283 -1.257737 0.232709 -1.452519 -0.073469 -2.164775
    38 1.522835 0.058679 0.016852 0.001411 -0.223174 -0.046880
    39 1.117948 0.048424 -0.005766 -0.000243 -0.178095 0.065422
    40 0.120152 -0.050266 -0.054488 0.366862 3.144320 1.551255
    41 -1.180679 -2.507216 -0.193860 0.174078 0.013294 -0.477916
    42 -0.024968 -1.123935 0.017595 -0.399958 0.000000 0.000000
    43 -0.020059 -0.890964 0.010094 -0.763707 -0.000000 -0.000000
    44 -0.488518 -2.755600 -0.228259 0.021291 -0.012955 -0.306739
    45 0.039887 -1.479790 0.029853 -0.312801 0.000000 0.000000
    46 0.028784 -1.075732 -0.023109 -0.857892 -0.000000 -0.000000
    47 0.250027 -2.820664 -0.238394 0.058002 -0.058472 -0.078775
    48 -0.049760 -1.680543 0.100480 -0.624477 0.000000 -0.000000
    49 -0.034142 -1.148310 0.084779 -1.037172 0.000000 0.000000
    50 0.957767 -2.746777 -0.090299 -0.172398 -0.139206 0.276765
    51 -0.033420 -1.397126 -0.011255 -0.473432 0.000000 0.000001
    52 -0.022361 -0.957433 0.018785 -0.858670 0.000000 0.000000
    53 0.583509 -1.197273 0.185380 0.498834 -0.339857 -0.429184
    54 1.535925 0.010248 0.005008 -0.002964 -0.491310 0.000890
    55 1.100770 0.004527 -0.010675 -0.002796 -0.975914 0.003459
  time 29
    0 6.465746 -1.799714 -8.451384 0.907725 -2.060901 -1.037822
    1 -0.071920 -8.498732 -0.104134 -0.207806 0.251680 0.102588
    2 -0.480402 -2.843485 2.688040 0.673012 -2.243426 1.543597
    3 -0.186528 0.045555 2.719501 -0.752478 1.035350 1.365274
    4 -0.011142 0.781255 -0.800262 1.896806 -0.036766 -0.056550
    5 0.000000 0.718097 -0.000002 -0.049708 -0.001977 0.021476
    6 -0.000001 0.897711 1.580295 -0.150667 -0.044153 -0.157780
    7 -0.000000 -0.000000 0.811541 0.569018 -0.134605 0.274998
    8 2.144324 -1.613071 2.138465 -0.464561 0.259971 0.803567
    9 -2.091200 -1.460723 2.048621 2.560119 -0.477988 -0.971922
    10 0.082279 -2.410972 1.044695 -0.176167 0.008544 0.018050
    11 0.080601 -1.155657 3.150302 -1.058151 0.008544 0.018050
    12 1.747773 -0.139594 1.644552 0.513126 0.811034 3.113585
    13 -1.241366 -1.806391 1.056407 1.315598 -0.060654 2.555657
    14 1.239846 -1.806390 1.056407 1.207903 3.072119 0.585792
    15 1.218724 -1.798575 1.272704 -1.471865 0.065711 -2.560546
    16 0.004859 -0.122106 -0.000735 0.178087 0.041702 0.036316
    17 -1.061022 -1.480885 1.175125 0.129159 -0.108113 -0.256169
    18 1.061021 -1.480883 1.175125 -0.120648 0.342081 -0.212261
    19 -0.001760 -2.482855 1.085148 0.053301 0.000000 3.141592
    20 -1.220244 -1.798577 1.272703 1.566630 -0.066644 -3.720434
    21 -0.004860 0.122106 0.000735 0.084066 0.041702 0.036316
    22 -11.376621 -5.242295 -6.178937 -0.002618 2.693296 1.095642
    23 0.096951 -8.450422 -0.009364 0.405087 -0.489957 -0.434796
    24 -0.139400 -0.111699 0.014398 0.602950 -0.047021 1.569868
    25 1.164474 -2.543937 -0.170327 0.578413 -0.157831 0.250185
    26 0.024034 -1.129039 0.017807 -0.097473 0.000000 -0.000001
    27 0.014896 -0.883992 -0.019847 0.126133 0.000000 -0.000000
    28 0.447949 -2.798981 -0.200442 0.681359 0.047193 0.204345
    29 -0.032909 -1.480206 0.004935 0.032424 0.000000 0.000000
    30 -0.027023 -1.076921 -0.020212 -0.033778 0.000000 -0.000000
    31 -0.249535 -2.846962 -0.174215 0.789772 0.073408 0.096039
    32 0.043235 -1.683941 0.096015 -0.197595 0.000001 0.000000
    33 0.031729 -1.160831 0.058834 0.018678 -0.000000 -0.000000
    34 -0.963867 -2.785142 -0.085346 0.579590 0.135327 -0.091592
    35 0.028477 -1.403065 0.006271 0.010480 0.000001 0.000000
    36 0.021414 -0.957780 0.020046 0.068963 0.000000 0.000000
    37 -0.591283 -1.257737 0.232709 -1.453296 -0.076028 -2.152722
    38 1.522835 0.058679 0.016852 0.001411 -0.223174 -0.046880
    39 1.117948 0.048424 -0.005766 -0.000243 -0.178719 0.065422
    40 0.120152 -0.050266 -0.054488 0.366862 3.144320 1.551255
    41 -1.180679 -2.507216 -0.193860 0.174078 0.013294 -0.477916
    42 -0.024968 -1.123935 0.017595 -0.399958 0.000000 0.000000
    43 -0.020059 -0.890964 0.010094 -0.763707 -0.000000 -0.000000
    44 -0.488518 -2.755600 -0.228259 0.021317 -0.012955 -0.306739
    45 0.039887 -1.479790 0.029853 -0.312801 0.000000 0.000000
    46 0.028784 -1.075732 -0.023109 -0.857892 -0.000000 -0.000000
    47 0.250027 -2.820664 -0.238394 0.058021 -0.058472 -0.078775
    48 -0.049760 -1.680543 0.100480 -0.624477 0.000000 -0.000000
    49 -0.034142 -1.148310 0.084779 -1.037172 0.000000 0.000000
    50 0.957767 -2.746777 -0.090299 -0.172398 -0.139206 0.276765
    51 -0.033420 -1.397126 -0.011255 -0.473432 0.000000 0.000001
    52 -0.022361 -0.957433 0.018785 -0.858670 0.000000 0.000000
    53 0.583509 -1.197273 0.185380 0.498834 -0.339857 -0.429184
    54 1.535925 0.010248 0.005008 -0.002964 -0.491310 0.000890
    55 1.100770 0.004527 -0.010675 -0.002796 -0.975914 0.003459
  time 30
    0 6.489184 -1.799714 -8.451384 0.901893 -2.062238 -1.031301
    1 -0.071920 -8.498732 -0.104134 -0.210427 0.247696 0.103396
    2 -0.480402 -2.843485 2.688040 0.673012 -2.243426 1.543597
    3 -0.170903 0.068993 2.696063 -0.755653 1.052177 1.363751
    4 -0.011142 0.781255 -0.800262 1.897710 -0.017543 -0.063033
    5 0.000000 0.718097 -0.000002 -0.050365 -0.002421 0.026342
    6 -0.000001 0.897711 1.580295 -0.150667 -0.044153 -0.157780
    7 -0.000000 -0.000000 0.811541 0.569018 -0.134605 0.274998
    8 2.202919 -1.663854 2.177529 -0.464105 0.260822 0.805341
    9 -2.149796 -1.503693 2.083778 2.561282 -0.477737 -0.976524
    10 0.086186 -2.500818 1.064226 -0.176167 0.008544 0.018050
    11 0.080601 -1.206440 3.220617 -1.059518 0.008544 0.018050
    12 1.728242 -0.139594 1.625021 0.513126 0.811034 3.113585
    13 -1.241366 -1.806391 1.056407 1.299430 -0.060838 2.555657
    14 1.239846 -1.806390 1.056407 1.195658 3.074373 0.585864
    15 1.218724 -1.798575 1.272704 -1.435745 0.064491 -2.559108
    16 0.004859 -0.122106 -0.000735 0.149307 0.041702 0.036316
    17 -1.061022 -1.480885 1.175125 0.129636 -0.107525 -0.263900
    18 1.061021 -1.480883 1.175125 -0.155591 0.352341 -0.250598
    19 -0.001760 -2.467230 1.065616 0.047597 0.000000 3.141592
    20 -1.220244 -1.798577 1.272703 -1.550725 -3.076607 -0.580951
    21 -0.004860 0.122106 0.000735 0.063919 0.041702 0.036316
    22 -11.575846 -5.207138 -6.225814 0.001689 2.688793 1.097431
    23 0.096951 -8.450422 -0.009364 0.344630 -0.506117 -0.443260
    24 -0.139400 -0.111699 0.014398 0.602950 -0.047021 1.569868
    25 1.164474 -2.543937 -0.170327 0.585649 -0.152785 0.248986
    26 0.024034 -1.129039 0.017807 -0.096797 0.000000 -0.000001
    27 0.014896 -0.883992 -0.019847 0.124600 0.000000 -0.000000
    28 0.447949 -2.798981 -0.200442 0.705842 0.047193 0.204345
    29 -0.032909 -1.480206 0.004935 0.016777 0.000000 0.000000
    30 -0.027023 -1.076921 -0.020212 -0.036060 0.000000 -0.000000
    31 -0.249535 -2.846962 -0.174215 0.813376 0.073408 0.096039
    32 0.043235 -1.683941 0.096015 -0.199634 0.000001 0.000000
    33 0.031729 -1.160831 0.058834 0.033817 -0.000000 -0.000000
    34 -0.963867 -2.785142 -0.085346 0.589398 0.135327 -0.091592
    35 0.028477 -1.403065 0.006271 0.008596 0.000001 0.000000
    36 0.021414 -0.957780 0.020046 0.075586 0.000000 0.000000
    37 -0.591283 -1.257737 0.232709 -1.453910 -0.078977 -2.141557
    38 1.522835 0.058679 0.016852 0.001411 -0.223174 -0.046880
    39 1.117948 0.048424 -0.005766 -0.000243 -0.179459 0.065422
    40 0.120152 -0.050266 -0.054488 0.366862 3.144320 1.551255
    41 -1.180679 -2.507216 -0.193860 0.174078 0.013294 -0.477916
    42 -0.024968 -1.123935 0.017595 -0.399958 0.000000 0.000000
    43 -0.020059 -0.890964 0.010094 -0.763707 -0.000000 -0.000000
    44 -0.488518 -2.755600 -0.228259 0.021291 -0.012955 -0.306739
    45 0.039887 -1.479790 0.029853 -0.312801 0.000000 0.000000
    46 0.028784 -1.075732 -0.023109 -0.857892 -0.000000 -0.000000
    47 0.250027 -2.820664 -0.238394 0.058002 -0.058472 -0.078775
    48 -0.049760 -1.680543 0.100480 -0.624477 0.000000 -0.000000
    49 -0.034142 -1.148310 0.084779 -1.037172 0.000000 0.000000
    50 0.957767 -2.746777 -0.090299 -0.172398 -0.139206 0.276765
    51 -0.033420 -1.397126 -0.011255 -0.473432 0.000000 0.000001
    52 -0.022361 -0.957433 0.018785 -0.858670 0.000000 0.000000
    53 0.583509 -1.197273 0.185380 0.498834 -0.339857 -0.429184
    54 1.535925 0.010248 0.005008 -0.002964 -0.491310 0.000890
    55 1.100770 0.004527 -0.010675 -0.002796 -0.975914 0.003459
  time 31
    0 6.512622 -1.795808 -8.447477 0.896515 -2.063617 -1.025331
    1 -0.071920 -8.498732 -0.104134 -0.212604 0.243957 0.104158
    2 -0.480402 -2.843485 2.688040 0.673012 -2.243426 1.543597
    3 -0.147465 0.100244 2.664812 -0.760130 1.074051 1.361658
    4 -0.011142 0.781255 -0.800262 1.900069 0.004485 -0.069733
    5 0.000000 0.718097 -0.000002 -0.050974 -0.002900 0.031496
    6 -0.000001 0.897711 1.580295 -0.150667 -0.044153 -0.157780
    7 -0.000000 -0.000000 0.811541 0.569018 -0.134605 0.274998
    8 2.261515 -1.714637 2.216593 -0.463782 0.261433 0.806599
    9 -2.216204 -1.546663 2.118935 2.562109 -0.477545 -0.979796
    10 0.086186 -2.594571 1.083758 -0.176167 0.008544 0.018050
    11 0.080601 -1.257223 3.298745 -1.060477 0.008544 0.018050
    12 1.712616 -0.139594 1.605489 0.513126 0.811034 3.113585
    13 -1.241366 -1.806391 1.056407 1.285295 -0.061023 2.555561
    14 1.239846 -1.806390 1.056407 1.184899 3.076338 0.585924
    15 1.218724 -1.798575 1.272704 -1.403973 0.063365 -2.557958
    16 0.004859 -0.122106 -0.000735 0.124020 0.041702 0.036316
    17 -1.061022 -1.480885 1.175125 0.110865 -0.109584 -0.285923
    18 1.061021 -1.480883 1.175125 -0.193581 0.370166 -0.312098
    19 -0.001760 -2.451604 1.053897 0.042395 0.000000 3.141592
    20 -1.220244 -1.798577 1.272703 -1.529467 -3.077897 -0.582676
    21 -0.004860 0.122106 0.000735 0.046217 0.041702 0.036316
    22 -11.755539 -5.156355 -6.264877 0.006416 2.684133 1.096477
    23 0.096951 -8.450422 -0.009364 0.286277 -0.521470 -0.450136
    24 -0.139400 -0.111699 0.014398 0.602950 -0.047021 1.569868
    25 1.164474 -2.543937 -0.170327 0.590683 -0.147764 0.247800
    26 0.024034 -1.129039 0.017807 -0.096347 0.000000 -0.000001
    27 0.014896 -0.883992 -0.019847 0.122837 0.000000 -0.000000
    28 0.447949 -2.798981 -0.200442 0.725786 0.047193 0.204345
    29 -0.032909 -1.480206 0.004935 -0.001598 0.000000 0.000000
    30 -0.027023 -1.076921 -0.020212 -0.038649 0.000000 -0.000000
    31 -0.249535 -2.846962 -0.174215 0.834053 0.073408 0.096039
    32 0.043235 -1.683941 0.096015 -0.201947 0.000001 0.000000
    33 0.031729 -1.160831 0.058834 0.047339 -0.000000 -0.000000
    34 -0.963867 -2.785142 -0.085346 0.597941 0.135327 -0.091592
    35 0.028477 -1.403065 0.006271 0.006468 0.000001 0.000000
    36 0.021414 -0.957780 0.020046 0.081367 0.000000 0.000000
    37 -0.591283 -1.257737 0.232709 -1.454398 -0.082344 -2.131516
    38 1.522835 0.058679 0.016852 0.001411 -0.223174 -0.046880
    39 1.117948 0.048424 -0.005766 -0.000243 -0.180314 0.065422
    40 0.120152 -0.050266 -0.054488 0.366862 3.144320 1.551255
    41 -1.180679 -2.507216 -0.193860 0.174078 0.013294 -0.477916
    42 -0.024968 -1.123935 0.017595 -0.399958 0.000000 0.000000
    43 -0.020059 -0.890964 0.010094 -0.763707 -0.000000 -0.000000
    44 -0.488518 -2.755600 -0.228259 0.021291 -0.012955 -0.306739
    45 0.039887 -1.479790 0.029853 -0.312801 0.000000 0.000000
    46 0.028784 -1.075732 -0.023109 -0.857892 -0.000000 -0.000000
    47 0.250027 -2.820664 -0.238394 0.058021 -0.058472 -0.078775
    48 -0.049760 -1.680543 0.100480 -0.624477 0.000000 -0.000000
    49 -0.034142 -1.148310 0.084779 -1.037172 0.000000 0.000000
    50 0.957767 -2.746777 -0.090299 -0.172398 -0.139206 0.276765
    51 -0.033420 -1.397126 -0.011255 -0.473432 0.000000 0.000001
    52 -0.022361 -0.957433 0.018785 -0.858670 0.000000 0.000000
    53 0.583509 -1.197273 0.185380 0.498834 -0.339857 -0.429184
    54 1.535925 0.010248 0.005008 -0.002964 -0.491310 0.000890
    55 1.100770 0.004527 -0.010675 -0.002796 -0.975914 0.003459
  time 32
    0 6.547780 -1.795808 -8.439664 0.890835 -2.065246 -1.018994
    1 -0.071920 -8.498732 -0.104134 -0.214598 0.240113 0.104950
    2 -0.480402 -2.843485 2.688040 0.673012 -2.243426 1.543597
    3 -0.127933 0.131495 2.633561 -0.765042 1.095925 1.359375
    4 -0.011142 0.781255 -0.800262 1.903432 0.028730 -0.076600
    5 0.000000 0.718097 -0.000002 -0.051558 -0.003392 0.036865
    6 -0.000001 0.897711 1.580295 -0.150667 -0.044153 -0.157780
    7 -0.000000 -0.000000 0.811541 0.569018 -0.134605 0.274998
    8 2.324017 -1.765420 2.255656 -0.463614 0.261757 0.807270
    9 -2.278706 -1.593539 2.157999 2.562552 -0.477449 -0.981546
    10 0.090092 -2.684418 1.099384 -0.176167 0.008544 0.018050
    11 0.084507 -1.308006 3.372966 -1.060992 0.008544 0.018050
    12 1.693084 -0.139594 1.585957 0.513126 0.811034 3.113585
    13 -1.241366 -1.806391 1.056407 1.273529 -0.061115 2.555561
    14 1.239846 -1.806390 1.056407 1.175947 3.077980 0.585972
    15 1.218724 -1.798575 1.272704 -1.377616 0.062520 -2.556903
    16 0.004859 -0.122106 -0.000735 0.103011 0.041702 0.036316
    17 -1.061022 -1.480885 1.175125 0.078156 -0.113741 -0.317871
    18 1.061021 -1.480883 1.175125 -0.231828 0.391881 -0.388710
    19 -0.001760 -2.447698 1.046084 0.037745 0.000000 3.141592
    20 -1.220244 -1.798577 1.272703 -1.511845 -3.078911 -0.584019
    21 -0.004860 0.122106 0.000735 0.031509 0.041702 0.036316
    22 -11.911794 -5.089947 -6.303941 0.011090 2.679473 1.092661
    23 0.096951 -8.450422 -0.009364 0.231464 -0.535536 -0.455041
    24 -0.139400 -0.111699 0.014398 0.602950 -0.047021 1.569868
    25 1.164474 -2.543937 -0.170327 0.593594 -0.142802 0.246625
    26 0.024034 -1.129039 0.017807 -0.096097 0.000000 -0.000001
    27 0.014896 -0.883992 -0.019847 0.120844 0.000000 -0.000000
    28 0.447949 -2.798981 -0.200442 0.740659 0.047193 0.204345
    29 -0.032909 -1.480206 0.004935 -0.022925 0.000000 0.000000
    30 -0.027023 -1.076921 -0.020212 -0.041571 0.000000 -0.000000
    31 -0.249535 -2.846962 -0.174215 0.851576 0.073408 0.096039
    32 0.043235 -1.683941 0.096015 -0.204554 0.000001 0.000000
    33 0.031729 -1.160831 0.058834 0.058919 -0.000000 -0.000000
    34 -0.963867 -2.785142 -0.085346 0.605282 0.135327 -0.091592
    35 0.028477 -1.403065 0.006271 0.004095 0.000001 0.000000
    36 0.021414 -0.957780 0.020046 0.086308 0.000000 0.000000
    37 -0.591283 -1.257737 0.232709 -1.454777 -0.086175 -2.122774
    38 1.522835 0.058679 0.016852 0.001411 -0.223174 -0.046880
    39 1.117948 0.048424 -0.005766 -0.000243 -0.181308 0.065422
    40 0.120152 -0.050266 -0.054488 0.366862 3.144320 1.551255
    41 -1.180679 -2.507216 -0.193860 0.174078 0.013294 -0.477916
    42 -0.024968 -1.123935 0.017595 -0.399958 0.000000 0.000000
    43 -0.020059 -0.890964 0.010094 -0.763707 -0.000000 -0.000000
    44 -0.488518 -2.755600 -0.228259 0.021291 -0.012955 -0.306739
    45 0.039887 -1.479790 0.029853 -0.312801 0.000000 0.000000
    46 0.028784 -1.075732 -0.023109 -0.857892 -0.000000 -0.000000
    47 0.250027 -2.820664 -0.238394 0.058002 -0.058472 -0.078775
    48 -0.049760 -1.680543 0.100480 -0.624477 0.000000 -0.000000
    49 -0.034142 -1.148310 0.084779 -1.037172 0.000000 0.000000
    50 0.957767 -2.746777 -0.090299 -0.172398 -0.139206 0.276765
    51 -0.033420 -1.397126 -0.011255 -0.473432 0.000000 0.000001
    52 -0.022361 -0.957433 0.018785 -0.858670 0.000000 0.000000
    53 0.583509 -1.197273 0.185380 0.498834 -0.339857 -0.429184
    54 1.535925 0.010248 0.005008 -0.002964 -0.491310 0.000890
    55 1.100770 0.004527 -0.010675 -0.002796 -0.975914 0.003459
  time 33
    0 6.586843 -1.795808 -8.431851 0.884927 -2.067084 -1.012289
    1 -0.071920 -8.498732 -0.104134 -0.216406 0.236165 0.105772
    2 -0.480402 -2.843485 2.688040 0.673012 -2.243426 1.543597
    3 -0.108401 0.154934 2.606216 -0.769131 1.112751 1.357472
    4 -0.011142 0.781255 -0.800262 1.907448 0.054629 -0.083575
    5 0.000000 0.718097 -0.000002 -0.052118 -0.003895 0.042378
    6 -0.000001 0.897711 1.580295 -0.150667 -0.044153 -0.157780
    7 -0.000000 -0.000000 0.811541 0.569018 -0.134605 0.274998
    8 2.382612 -1.812296 2.290813 -0.463602 0.261769 0.807294
    9 -2.341208 -1.632603 2.189250 2.562564 -0.477437 -0.981618
    10 0.090092 -2.762545 1.115009 -0.176167 0.008544 0.018050
    11 0.084507 -1.350976 3.443280 -1.061016 0.008544 0.018050
    12 1.677459 -0.139594 1.570331 0.513126 0.811034 3.113585
    13 -1.241366 -1.806391 1.056407 1.264557 -0.061208 2.555561
    14 1.239846 -1.806390 1.056407 1.169148 3.079226 0.586008
    15 1.218724 -1.798575 1.272704 -1.357559 0.061863 -2.556136
    16 0.004859 -0.122106 -0.000735 0.087037 0.041702 0.036316
    17 -1.061022 -1.480885 1.175125 0.036802 -0.119471 -0.355376
    18 1.061021 -1.480883 1.175125 -0.267733 0.413871 -0.472383
    19 -0.001760 -2.451604 1.049990 0.033683 0.000000 3.141592
    20 -1.220244 -1.798577 1.272703 -1.498511 -3.079740 -0.585169
    21 -0.004860 0.122106 0.000735 0.020327 0.041702 0.036316
    22 -12.032891 -5.007914 -6.331286 0.015345 2.674969 1.085685
    23 0.096951 -8.450422 -0.009364 0.181434 -0.547896 -0.457574
    24 -0.139400 -0.111699 0.014398 0.602950 -0.047021 1.569868
    25 1.164474 -2.543937 -0.170327 0.594538 -0.137900 0.245463
    26 0.024034 -1.129039 0.017807 -0.096022 0.000000 -0.000001
    27 0.014896 -0.883992 -0.019847 0.118621 0.000000 -0.000000
    28 0.447949 -2.798981 -0.200442 0.749931 0.047193 0.204345
    29 -0.032909 -1.480206 0.004935 -0.047426 0.000000 0.000000
    30 -0.027023 -1.076921 -0.020212 -0.044855 0.000000 -0.000000
    31 -0.249535 -2.846962 -0.174215 0.865676 0.073408 0.096039
    32 0.043235 -1.683941 0.096015 -0.207477 0.000001 0.000000
    33 0.031729 -1.160831 0.058834 0.068398 -0.000000 -0.000000
    34 -0.963867 -2.785142 -0.085346 0.611419 0.135327 -0.091592
    35 0.028477 -1.403065 0.006271 0.001461 0.000001 0.000000
    36 0.021414 -0.957780 0.020046 0.090450 0.000000 0.000000
    37 -0.591283 -1.257737 0.232709 -1.455048 -0.090500 -2.115612
    38 1.522835 0.058679 0.016852 0.001411 -0.223174 -0.046880
    39 1.117948 0.048424 -0.005766 -0.000243 -0.182440 0.065422
    40 0.120152 -0.050266 -0.054488 0.366862 3.144320 1.551255
    41 -1.180679 -2.507216 -0.193860 0.174078 0.013294 -0.477916
    42 -0.024968 -1.123935 0.017595 -0.399958 0.000000 0.000000
    43 -0.020059 -0.890964 0.010094 -0.763707 -0.000000 -0.000000
    44 -0.488518 -2.755600 -0.228259 0.021291 -0.012955 -0.306739
    45 0.039887 -1.479790 0.029853 -0.312801 0.000000 0.000000
    46 0.028784 -1.075732 -0.023109 -0.857892 -0.000000 -0.000000
    47 0.250027 -2.820664 -0.238394 0.058021 -0.058472 -0.078775
    48 -0.049760 -1.680543 0.100480 -0.624477 0.000000 -0.000000
    49 -0.034142 -1.148310 0.084779 -1.037172 0.000000 0.000000
    50 0.957767 -2.746777 -0.090299 -0.172398 -0.139206 0.276765
    51 -0.033420 -1.397126 -0.011255 -0.473432 0.000000 0.000001
    52 -0.022361 -0.957433 0.018785 -0.858670 0.000000 0.000000
    53 0.583509 -1.197273 0.185380 0.498834 -0.339857 -0.429184
    54 1.535925 0.010248 0.005008 -0.002964 -0.491310 0.000890
    55 1.100770 0.004527 -0.010675 -0.002796 -0.975914 0.003459
  time 34
    0 6.629813 -1.791902 -8.420133 0.878944 -2.069047 -1.005493
    1 -0.071920 -8.498732 -0.104134 -0.218030 0.232251 0.106580
    2 -0.480402 -2.843485 2.688040 0.673012 -2.243426 1.543597
    3 -0.104494 0.162746 2.602310 -0.770844 1.119482 1.356683
    4 -0.011142 0.781255 -0.800262 1.911739 0.081594 -0.090586
    5 0.000000 0.718097 -0.000002 -0.052629 -0.004422 0.047998
    6 -0.000001 0.897711 1.580295 -0.150667 -0.044153 -0.157780
    7 -0.000000 -0.000000 0.811541 0.569018 -0.134605 0.274998
    8 2.433395 -1.851360 2.322064 -0.463782 0.261433 0.806611
    9 -2.395897 -1.667760 2.220501 2.562109 -0.477545 -0.979832
    10 0.090092 -2.832860 1.126728 -0.176167 0.008544 0.018050
    11 0.084507 -1.382227 3.505782 -1.060488 0.008544 0.018050
    12 1.665740 -0.139594 1.554706 0.513126 0.811034 3.113585
    13 -1.241366 -1.806391 1.056407 1.258886 -0.061300 2.555561
    14 1.239846 -1.806390 1.056407 1.164822 3.080017 0.586032
    15 1.218724 -1.798575 1.272704 -1.344779 0.061394 -2.555657
    16 0.004859 -0.122106 -0.000735 0.076885 0.041702 0.036316
    17 -1.061022 -1.480885 1.175125 -0.007840 -0.126224 -0.394071
    18 1.061021 -1.480883 1.175125 -0.298889 0.432339 -0.555334
    19 -0.001760 -2.471136 1.049990 0.030255 0.000000 3.141592
    20 -1.220244 -1.798577 1.272703 -1.489933 -3.080201 -0.585840
    21 -0.004860 0.122106 0.000735 0.013220 0.041702 0.036316
    22 -12.122738 -4.910254 -6.354724 0.018732 2.670754 1.075311
    23 0.096951 -8.450422 -0.009364 0.137558 -0.558069 -0.457398
    24 -0.139400 -0.111699 0.014398 0.602950 -0.047021 1.569868
    25 1.164474 -2.543937 -0.170327 0.578019 -0.132687 0.244228
    26 0.024034 -1.129039 0.017807 -0.103827 0.000000 -0.000001
    27 0.014896 -0.883992 -0.019847 0.101451 0.000000 -0.000000
    28 0.447949 -2.798981 -0.200442 0.753166 0.047193 0.204345
    29 -0.032909 -1.480206 0.004935 -0.075323 0.000000 0.000000
    30 -0.027023 -1.076921 -0.020212 -0.048529 0.000000 -0.000000
    31 -0.249535 -2.846962 -0.174215 0.876082 0.073408 0.096039
    32 0.043235 -1.683941 0.096015 -0.210715 0.000001 0.000000
    33 0.031729 -1.160831 0.058834 0.075450 -0.000000 -0.000000
    34 -0.963867 -2.785142 -0.085346 0.616385 0.135327 -0.091592
    35 0.028477 -1.403065 0.006271 -0.001469 0.000001 0.000000
    36 0.021414 -0.957780 0.020046 0.093813 0.000000 0.000000
    37 -0.591283 -1.257737 0.232709 -1.455211 -0.095319 -2.110224
    38 1.522835 0.058679 0.016852 0.001411 -0.223174 -0.046880
    39 1.117948 0.048424 -0.005766 -0.000243 -0.183711 0.065422
    40 0.120152 -0.050266 -0.054488 0.366862 3.144320 1.551255
    41 -1.180679 -2.507216 -0.193860 0.174078 0.013294 -0.477916
    42 -0.024968 -1.123935 0.017595 -0.399958 0.000000 0.000000
    43 -0.020059 -0.890964 0.010094 -0.763707 -0.000000 -0.000000
    44 -0.488518 -2.755600 -0.228259 0.021291 -0.012955 -0.306739
    45 0.039887 -1.479790 0.029853 -0.312801 0.000000 0.000000
    46 0.028784 -1.075732 -0.023109 -0.857892 -0.000000 -0.000000
    47 0.250027 -2.820664 -0.238394 0.058002 -0.058472 -0.078775
    48 -0.049760 -1.680543 0.100480 -0.624477 0.000000 -0.000000
    49 -0.034142 -1.148310 0.084779 -1.037172 0.000000 0.000000
    50 0.957767 -2.746777 -0.090299 -0.172398 -0.139206 0.276765
    51 -0.033420 -1.397126 -0.011255 -0.473432 0.000000 0.000001
    52 -0.022361 -0.957433 0.018785 -0.858670 0.000000 0.000000
    53 0.583509 -1.197273 0.185380 0.498834 -0.339857 -0.429184
    54 1.535925 0.010248 0.005008 -0.002964 -0.491310 0.000890
    55 1.100770 0.004527 -0.010675 -0.002796 -0.975914 0.003459
  time 35
    0 6.672783 -1.787995 -8.412319 0.872885 -2.071136 -0.998696
    1 -0.071920 -8.498732 -0.104134 -0.219507 0.228337 0.107403
    2 -0.480402 -2.843485 2.688040 0.673012 -2.243426 1.543597
    3 -0.112307 0.151027 2.610122 -0.768445 1.110035 1.357798
    4 -0.011142 0.781255 -0.800262 1.915981 0.109051 -0.097585
    5 0.000000 0.718097 -0.000002 -0.053091 -0.004938 0.053643
    6 -0.000001 0.897711 1.580295 -0.150667 -0.044153 -0.157780
    7 -0.000000 -0.000000 0.811541 0.569018 -0.134605 0.274998
    8 2.476365 -1.878704 2.345503 -0.464153 0.260726 0.805149
    9 -2.442774 -1.695105 2.243939 2.561150 -0.477761 -0.976021
    10 0.093998 -2.883643 1.134541 -0.176167 0.008544 0.018050
    11 0.088413 -1.405665 3.552659 -1.059362 0.008544 0.018050
    12 1.654021 -0.139594 1.542987 0.513126 0.811034 3.113585
    13 -1.241366 -1.806391 1.056407 1.256939 -0.061300 2.555561
    14 1.239846 -1.806390 1.056407 1.163316 3.080293 0.586032
    15 1.218724 -1.798575 1.272704 -1.340342 0.061300 -2.555561
    16 0.004859 -0.122106 -0.000735 0.073338 0.041702 0.036316
    17 -1.061022 -1.480885 1.175125 -0.050526 -0.133463 -0.429567
    18 1.061021 -1.480883 1.175125 -0.323115 0.443304 -0.629903
    19 -0.001760 -2.494575 1.053897 0.027511 0.000000 3.141592
    20 -1.220244 -1.798577 1.272703 -1.487043 -3.080293 -0.586032
    21 -0.004860 0.122106 0.000735 0.010737 0.041702 0.036316
    22 -12.189146 -4.777438 -6.374256 0.021910 2.666539 1.060048
    23 0.096951 -8.450422 -0.009364 0.095755 -0.567839 -0.455041
    24 -0.139400 -0.111699 0.014398 0.602950 -0.047021 1.569868
    25 1.164474 -2.543937 -0.170327 0.531611 -0.126874 0.242850
    26 0.024034 -1.129039 0.017807 -0.125992 0.000000 -0.000001
    27 0.014896 -0.883992 -0.019847 0.057606 0.000000 -0.000000
    28 0.447949 -2.798981 -0.200442 0.732691 0.047193 0.204345
    29 -0.032909 -1.480206 0.004935 -0.111534 0.000000 0.000000
    30 -0.027023 -1.076921 -0.020212 -0.058215 0.000000 -0.000000
    31 -0.249535 -2.846962 -0.174215 0.882524 0.073408 0.096039
    32 0.043235 -1.683941 0.096015 -0.214290 0.000001 0.000000
    33 0.031729 -1.160831 0.058834 0.079849 -0.000000 -0.000000
    34 -0.963867 -2.785142 -0.085346 0.620179 0.135327 -0.091592
    35 0.028477 -1.403065 0.006271 -0.004679 0.000001 0.000000
    36 0.021414 -0.957780 0.020046 0.096399 0.000000 0.000000
    37 -0.591283 -1.257737 0.232709 -1.455319 -0.100692 -2.106826
    38 1.522835 0.058679 0.016852 0.001411 -0.223174 -0.046880
    39 1.117948 0.048424 -0.005766 -0.000243 -0.185144 0.065422
    40 0.120152 -0.050266 -0.054488 0.366862 3.144320 1.551255
    41 -1.180679 -2.507216 -0.193860 0.174078 0.013294 -0.477916
    42 -0.024968 -1.123935 0.017595 -0.399958 0.000000 0.000000
    43 -0.020059 -0.890964 0.010094 -0.763707 -0.000000 -0.000000
    44 -0.488518 -2.755600 -0.228259 0.021291 -0.012955 -0.306739
    45 0.039887 -1.479790 0.029853 -0.312801 0.000000 0.000000
    46 0.028784 -1.075732 -0.023109 -0.857892 -0.000000 -0.000000
    47 0.250027 -2.820664 -0.238394 0.058021 -0.058472 -0.078775
    48 -0.049760 -1.680543 0.100480 -0.624477 0.000000 -0.000000
    49 -0.034142 -1.148310 0.084779 -1.037172 0.000000 0.000000
    50 0.957767 -2.746777 -0.090299 -0.172398 -0.139206 0.276765
    51 -0.033420 -1.397126 -0.011255 -0.473432 0.000000 0.000001
    52 -0.022361 -0.957433 0.018785 -0.858670 0.000000 0.000000
    53 0.583509 -1.197273 0.185380 0.498834 -0.339857 -0.429184
    54 1.535925 0.010248 0.005008 -0.002964 -0.491310 0.000890
    55 1.100770 0.004527 -0.010675 -0.002796 -0.975914 0.003459
  time 36
    0 6.719660 -1.787995 -8.396694 0.866901 -2.073225 -0.991900
    1 -0.071920 -8.498732 -0.104134 -0.220799 0.224528 0.108180
    2 -0.480402 -2.843485 2.688040 0.673012 -2.243426 1.543597
    3 -0.135745 0.119776 2.645280 -0.763100 1.087512 1.360272
    4 -0.011142 0.781255 -0.800262 1.919871 0.136448 -0.104476
    5 0.000000 0.718097 -0.000002 -0.053554 -0.005453 0.059252
    6 -0.000001 0.897711 1.580295 -0.150667 -0.044153 -0.157780
    7 -0.000000 -0.000000 0.811541 0.569018 -0.134605 0.274998
    8 2.503710 -1.894330 2.361128 -0.464752 0.259611 0.802836
    9 -2.470118 -1.710731 2.255658 2.559640 -0.478096 -0.970016
    10 0.093998 -2.914894 1.138448 -0.176167 0.008544 0.018050
    11 0.088413 -1.413478 3.583910 -1.057600 0.008544 0.018050
    12 1.646208 -0.139594 1.535174 0.513126 0.811034 3.113585
    13 -1.241366 -1.806391 1.056407 1.505286 -0.058253 2.556040
    14 1.239846 -1.806390 1.056407 1.352271 3.045670 0.585025
    15 1.218724 -1.798575 1.272704 1.243694 3.061527 0.564651
    16 0.004859 -0.122106 -0.000735 0.516889 0.041702 0.036316
    17 -1.061022 -1.480885 1.175125 -0.085881 -0.140625 -0.457537
    18 1.061021 -1.480883 1.175125 -0.338484 0.442599 -0.688789
    19 -0.001760 -2.518013 1.057803 0.025497 0.000000 3.141592
    20 -1.220244 -1.798577 1.272703 1.281598 -0.102761 -3.699054
    21 -0.004860 0.122106 0.000735 0.321242 0.041702 0.036316
    22 -12.232116 -4.613370 -6.389881 0.025796 2.661853 1.039419
    23 0.096951 -8.450422 -0.009364 0.051720 -0.578958 -0.451403
    24 -0.139400 -0.111699 0.014398 0.602950 -0.047021 1.569868
    25 1.164474 -2.543937 -0.170327 0.460149 -0.120607 0.241364
    26 0.024034 -1.129039 0.017807 -0.160464 0.000000 -0.000001
    27 0.014896 -0.883992 -0.019847 -0.008469 0.000000 -0.000000
    28 0.447949 -2.798981 -0.200442 0.675516 0.047193 0.204345
    29 -0.032909 -1.480206 0.004935 -0.159266 0.000000 0.000000
    30 -0.027023 -1.076921 -0.020212 -0.078476 0.000000 -0.000000
    31 -0.249535 -2.846962 -0.174215 0.884731 0.073408 0.096039
    32 0.043235 -1.683941 0.096015 -0.218221 0.000001 0.000000
    33 0.031729 -1.160831 0.058834 0.081402 -0.000000 -0.000000
    34 -0.963867 -2.785142 -0.085346 0.622893 0.135327 -0.091592
    35 0.028477 -1.403065 0.006271 -0.008202 0.000001 0.000000
    36 0.021414 -0.957780 0.020046 0.098207 0.000000 0.000000
    37 -0.591283 -1.257737 0.232709 -1.455355 -0.106618 -2.105636
    38 1.522835 0.058679 0.016852 0.001411 -0.223174 -0.046880
    39 1.117948 0.048424 -0.005766 -0.000243 -0.186739 0.065422
    40 0.120152 -0.050266 -0.054488 0.366862 3.144320 1.551255
    41 -1.180679 -2.507216 -0.193860 0.174078 0.013294 -0.477916
    42 -0.024968 -1.123935 0.017595 -0.399958 0.000000 0.000000
    43 -0.020059 -0.890964 0.010094 -0.763707 -0.000000 -0.000000
    44 -0.488518 -2.755600 -0.228259 0.021291 -0.012955 -0.306739
    45 0.039887 -1.479790 0.029853 -0.312801 0.000000 0.000000
    46 0.028784 -1.075732 -0.023109 -0.857892 -0.000000 -0.000000
    47 0.250027 -2.820664 -0.238394 0.058002 -0.058472 -0.078775
    48 -0.049760 -1.680543 0.100480 -0.624477 0.000000 -0.000000
    49 -0.034142 -1.148310 0.084779 -1.037172 0.000000 0.000000
    50 0.957767 -2.746777 -0.090299 -0.172398 -0.139206 0.276765
    51 -0.033420 -1.397126 -0.011255 -0.473432 0.000000 0.000001
    52 -0.022361 -0.957433 0.018785 -0.858670 0.000000 0.000000
    53 0.583509 -1.197273 0.185380 0.498834 -0.339857 -0.429184
    54 1.535925 0.010248 0.005008 -0.002964 -0.491310 0.000890
    55 1.100770 0.004527 -0.010675 -0.002796 -0.975914 0.003459
  time 37
    0 6.766536 -1.784089 -8.384975 0.861069 -2.075314 -0.985287
    1 -0.071920 -8.498732 -0.104134 -0.221906 0.220859 0.108941
    2 -0.480402 -2.843485 2.688040 0.673012 -2.243426 1.543597
    3 -0.163090 0.080713 2.684343 -0.757343 1.060607 1.362963
    4 -0.011142 0.781255 -0.800262 1.923134 0.163197 -0.111187
    5 0.000000 0.718097 -0.000002 -0.053968 -0.005968 0.064777
    6 -0.000001 0.897711 1.580295 -0.150667 -0.044153 -0.157780
    7 -0.000000 -0.000000 0.811541 0.569018 -0.134605 0.274998
    8 2.511523 -1.894330 2.361128 -0.465567 0.258053 0.799636
    9 -2.481837 -1.714637 2.259564 2.557542 -0.478528 -0.961651
    10 0.093998 -2.914894 1.134541 -0.176167 0.008544 0.018050
    11 0.088413 -1.405665 3.595629 -1.055131 0.008544 0.018050
    12 1.646208 -0.139594 1.535174 0.513126 0.811034 3.113585
    13 -1.241366 -1.806391 1.056407 -1.387857 -3.086424 -0.584807
    14 1.239846 -1.806390 1.056407 1.541506 3.011046 0.584007
    15 1.218724 -1.798575 1.272704 0.685477 3.042945 0.543367
    16 0.004859 -0.122106 -0.000735 0.960467 0.041702 0.036316
    17 -1.061022 -1.480885 1.175125 -0.108630 -0.147199 -0.473572
    18 1.061021 -1.480883 1.175125 -0.343265 0.425969 -0.724752
    19 -0.001760 -2.537545 1.065616 0.024251 0.000000 3.141592
    20 -1.220244 -1.798577 1.272703 0.906311 -0.143945 -3.670196
    21 -0.004860 0.122106 0.000735 0.631766 0.041702 0.036316
    22 -12.263367 -4.414145 -6.405507 0.030471 2.656774 1.014377
    23 0.096951 -8.450422 -0.009364 0.006345 -0.590884 -0.446530
    24 -0.139400 -0.111699 0.014398 0.602950 -0.047021 1.569868
    25 1.164474 -2.543937 -0.170327 0.368394 -0.114039 0.239806
    26 0.024034 -1.129039 0.017807 -0.205243 0.000000 -0.000001
    27 0.014896 -0.883992 -0.019847 -0.092211 0.000000 -0.000000
    28 0.447949 -2.798981 -0.200442 0.587628 0.047193 0.204345
    29 -0.032909 -1.480206 0.004935 -0.216234 0.000000 0.000000
    30 -0.027023 -1.076921 -0.020212 -0.107922 0.000000 -0.000000
    31 -0.249535 -2.846962 -0.174215 0.862703 0.073408 0.096039
    32 0.043235 -1.683941 0.096015 -0.230185 0.000001 0.000000
    33 0.031729 -1.160831 0.058834 0.076420 -0.000000 -0.000000
    34 -0.963867 -2.785142 -0.085346 0.624466 0.135327 -0.091592
    35 0.028477 -1.403065 0.006271 -0.012022 0.000001 0.000000
    36 0.021414 -0.957780 0.020046 0.099301 0.000000 0.000000
    37 -0.591283 -1.257737 0.232709 -1.454903 -0.118590 -2.105744
    38 1.522835 0.058679 0.016852 0.001411 -0.223174 -0.046880
    39 1.117948 0.048424 -0.005766 -0.000243 -0.188334 0.065422
    40 0.120152 -0.050266 -0.054488 0.366862 3.144320 1.551255
    41 -1.180679 -2.507216 -0.193860 0.174078 0.013294 -0.477916
    42 -0.024968 -1.123935 0.017595 -0.399958 0.000000 0.000000
    43 -0.020059 -0.890964 0.010094 -0.763707 -0.000000 -0.000000
    44 -0.488518 -2.755600 -0.228259 0.021291 -0.012955 -0.306739
    45 0.039887 -1.479790 0.029853 -0.312801 0.000000 0.000000
    46 0.028784 -1.075732 -0.023109 -0.857892 -0.000000 -0.000000
    47 0.250027 -2.820664 -0.238394 0.058021 -0.058472 -0.078775
    48 -0.049760 -1.680543 0.100480 -0.624477 0.000000 -0.000000
    49 -0.034142 -1.148310 0.084779 -1.037172 0.000000 0.000000
    50 0.957767 -2.746777 -0.090299 -0.172398 -0.139206 0.276765
    51 -0.033420 -1.397126 -0.011255 -0.473432 0.000000 0.000001
    52 -0.022361 -0.957433 0.018785 -0.858670 0.000000 0.000000
    53 0.583509 -1.197273 0.185380 0.498834 -0.339857 -0.429184
    54 1.535925 0.010248 0.005008 -0.002964 -0.491310 0.000890
    55 1.100770 0.004527 -0.010675 -0.002796 -0.975914 0.003459
  time 38
    0 6.813413 -1.780182 -8.369349 0.855464 -2.077361 -0.978858
    1 -0.071920 -8.498732 -0.104134 -0.222903 0.217435 0.109657
    2 -0.480402 -2.843485 2.688040 0.673012 -2.243426 1.543597
    3 -0.186528 0.049462 2.715594 -0.752957 1.038067 1.365029
    4 -0.011142 0.781255 -0.800262 1.925568 0.188748 -0.117623
    5 0.000000 0.718097 -0.000002 -0.054333 -0.006460 0.070146
    6 -0.000001 0.897711 1.580295 -0.150667 -0.044153 -0.157780
    7 -0.000000 -0.000000 0.811541 0.569018 -0.134605 0.274998
    8 2.503710 -1.874798 2.349409 -0.466742 0.255824 0.795034
    9 -2.477931 -1.702918 2.255658 2.554534 -0.479103 -0.949643
    10 0.093998 -2.887549 1.122822 -0.176167 0.008544 0.018050
    11 0.084507 -1.374414 3.583910 -1.051584 0.008544 0.018050
    12 1.650114 -0.139594 1.539081 0.513126 0.811034 3.113585
    13 -1.241366 -1.806391 1.056407 -1.424677 -3.085963 -0.584903
    14 1.239846 -1.806390 1.056407 1.513467 3.016175 0.584162
    15 1.218724 -1.798575 1.272704 0.768189 3.045666 0.546531
    16 0.004859 -0.122106 -0.000735 0.894732 0.041702 0.036316
    17 -1.061022 -1.480885 1.175125 -0.113429 -0.152609 -0.473326
    18 1.061021 -1.480883 1.175125 -0.335629 0.389124 -0.730461
    19 -0.001760 -2.545357 1.077335 0.023831 0.000000 3.141592
    20 -1.220244 -1.798577 1.272703 0.962068 -0.137864 -3.674414
    21 -0.004860 0.122106 0.000735 0.585748 0.041702 0.036316
    22 -12.275085 -4.199295 -6.417226 0.036038 2.651302 0.985998
    23 0.096951 -8.450422 -0.009364 -0.039540 -0.603136 -0.440519
    24 -0.139400 -0.111699 0.014398 0.602950 -0.047021 1.569868
    25 1.164474 -2.543937 -0.170327 0.261103 -0.107352 0.238224
    26 0.024034 -1.129039 0.017807 -0.258328 0.000000 -0.000001
    27 0.014896 -0.883992 -0.019847 -0.189253 0.000000 -0.000000
    28 0.447949 -2.798981 -0.200442 0.475257 0.047193 0.204345
    29 -0.032909 -1.480206 0.004935 -0.280215 0.000000 0.000000
    30 -0.027023 -1.076921 -0.020212 -0.145105 0.000000 -0.000000
    31 -0.249535 -2.846962 -0.174215 0.801124 0.073408 0.096039
    32 0.043235 -1.683941 0.096015 -0.256194 0.000001 0.000000
    33 0.031729 -1.160831 0.058834 0.062348 -0.000000 -0.000000
    34 -0.963867 -2.785142 -0.085346 0.624990 0.135327 -0.091592
    35 0.028477 -1.403065 0.006271 -0.016191 0.000001 0.000000
    36 0.021414 -0.957780 0.020046 0.099637 0.000000 0.000000
    37 -0.591283 -1.257737 0.232709 -1.453621 -0.140874 -2.106177
    38 1.522835 0.058679 0.016852 0.001411 -0.223174 -0.046880
    39 1.117948 0.048424 -0.005766 -0.000243 -0.189790 0.065422
    40 0.120152 -0.050266 -0.054488 0.366862 3.144320 1.551255
    41 -1.180679 -2.507216 -0.193860 0.174078 0.013294 -0.477916
    42 -0.024968 -1.123935 0.017595 -0.399958 0.000000 0.000000
    43 -0.020059 -0.890964 0.010094 -0.763707 -0.000000 -0.000000
    44 -0.488518 -2.755600 -0.228259 0.021291 -0.012955 -0.306739
    45 0.039887 -1.479790 0.029853 -0.312801 0.000000 0.000000
    46 0.028784 -1.075732 -0.023109 -0.857892 -0.000000 -0.000000
    47 0.250027 -2.820664 -0.238394 0.058021 -0.058472 -0.078775
    48 -0.049760 -1.680543 0.100480 -0.624477 0.000000 -0.000000
    49 -0.034142 -1.148310 0.084779 -1.037172 0.000000 0.000000
    50 0.957767 -2.746777 -0.090299 -0.172398 -0.139206 0.276765
    51 -0.033420 -1.397126 -0.011255 -0.473432 0.000000 0.000001
    52 -0.022361 -0.957433 0.018785 -0.858670 0.000000 0.000000
    53 0.583509 -1.197273 0.185380 0.498834 -0.339857 -0.429184
    54 1.535925 0.010248 0.005008 -0.002964 -0.491310 0.000890
    55 1.100770 0.004527 -0.010675 -0.002796 -0.975914 0.003459
  time 39
    0 6.856383 -1.776276 -8.353724 0.850238 -2.079282 -0.972980
    1 -0.071920 -8.498732 -0.104134 -0.223715 0.214255 0.110328
    2 -0.480402 -2.843485 2.688040 0.673012 -2.243426 1.543597
    3 -0.194341 0.033836 2.731220 -0.751244 1.028620 1.365844
    4 -0.011142 0.781255 -0.800262 1.926999 0.212550 -0.123675
    5 0.000000 0.718097 -0.000002 -0.054674 -0.006927 0.075287
    6 -0.000001 0.897711 1.580295 -0.150667 -0.044153 -0.157780
    7 -0.000000 -0.000000 0.811541 0.569018 -0.134605 0.274998
    8 2.476365 -1.835734 2.322064 -0.468288 0.252804 0.788874
    9 -2.450586 -1.679480 2.236126 2.550531 -0.479774 -0.933523
    10 0.090092 -2.825047 1.099384 -0.176167 0.008544 0.018050
    11 0.084507 -1.319725 3.548752 -1.046838 0.008544 0.018050
    12 1.665740 -0.139594 1.558612 0.513126 0.811034 3.113585
    13 -1.241366 -1.806391 1.056407 -1.516686 -3.084762 -0.585094
    14 1.239846 -1.806390 1.056407 1.443359 3.028999 0.584534
    15 1.218724 -1.798575 1.272704 0.975058 3.052611 0.554393
    16 0.004859 -0.122106 -0.000735 0.730447 0.041702 0.036316
    17 -1.061022 -1.480885 1.175125 -0.099162 -0.159516 -0.450134
    18 1.061021 -1.480883 1.175125 -0.313393 0.329217 -0.706546
    19 -0.001760 -2.518013 1.171088 0.077738 0.000000 3.141592
    20 -1.220244 -1.798577 1.272703 1.101274 -0.122662 -3.685152
    21 -0.004860 0.122106 0.000735 0.470742 0.041702 0.036316
    22 -12.271179 -3.964913 -6.428945 0.042525 2.645463 0.955233
    23 0.096951 -8.450422 -0.009364 -0.085042 -0.615170 -0.433418
    24 -0.139400 -0.111699 0.014398 0.602950 -0.047021 1.569868
    25 1.164474 -2.543937 -0.170327 0.143154 -0.100700 0.236642
    26 0.024034 -1.129039 0.017807 -0.317742 0.000000 -0.000001
    27 0.014896 -0.883992 -0.019847 -0.295033 0.000000 -0.000000
    28 0.447949 -2.798981 -0.200442 0.344488 0.047193 0.204345
    29 -0.032909 -1.480206 0.004935 -0.348894 0.000000 0.000000
    30 -0.027023 -1.076921 -0.020212 -0.188550 0.000000 -0.000000
    31 -0.249535 -2.846962 -0.174215 0.706525 0.073408 0.096039
    32 0.043235 -1.683941 0.096015 -0.293873 0.000001 0.000000
    33 0.031729 -1.160831 0.058834 0.040287 -0.000000 -0.000000
    34 -0.963867 -2.785142 -0.085346 0.606670 0.135327 -0.091592
    35 0.028477 -1.403065 0.006271 -0.028541 0.000001 0.000000
    36 0.021414 -0.957780 0.020046 0.091900 0.000000 0.000000
    37 -0.591283 -1.257737 0.232709 -1.451562 -0.171673 -2.106999
    38 1.522835 0.058679 0.016852 0.001411 -0.223174 -0.046880
    39 1.117948 0.048424 -0.005766 -0.000243 -0.191292 0.065422
    40 0.120152 -0.050266 -0.054488 0.366862 3.144320 1.551255
    41 -1.180679 -2.507216 -0.193860 0.174078 0.013294 -0.477916
    42 -0.024968 -1.123935 0.017595 -0.399958 0.000000 0.000000
    43 -0.020059 -0.890964 0.010094 -0.763707 -0.000000 -0.000000
    44 -0.488518 -2.755600 -0.228259 0.021291 -0.012955 -0.306739
    45 0.039887 -1.479790 0.029853 -0.312801 0.000000 0.000000
    46 0.028784 -1.075732 -0.023109 -0.857892 -0.000000 -0.000000
    47 0.250027 -2.820664 -0.238394 0.058002 -0.058472 -0.078775
    48 -0.049760 -1.680543 0.100480 -0.624477 0.000000 -0.000000
    49 -0.034142 -1.148310 0.084779 -1.037172 0.000000 0.000000
    50 0.957767 -2.746777 -0.090299 -0.172398 -0.139206 0.276765
    51 -0.033420 -1.397126 -0.011255 -0.473432 0.000000 0.000001
    52 -0.022361 -0.957433 0.018785 -0.858670 0.000000 0.000000
    53 0.583509 -1.197273 0.185380 0.498834 -0.339857 -0.429184
    54 1.535925 0.010248 0.005008 -0.002964 -0.491310 0.000890
    55 1.100770 0.004527 -0.010675 -0.002796 -0.975914 0.003459
  time 40
    0 6.895446 -1.772370 -8.334192 0.845467 -2.081037 -0.967469
    1 -0.071920 -8.498732 -0.104134 -0.224416 0.211424 0.110922
    2 -0.480402 -2.843485 2.688040 0.673012 -2.243426 1.543597
    3 -0.190435 0.041649 2.723407 -0.752158 1.033668 1.365410
    4 -0.011142 0.781255 -0.800262 1.927225 0.234074 -0.129212
    5 0.000000 0.718097 -0.000002 -0.054966 -0.007383 0.080165
    6 -0.000001 0.897711 1.580295 -0.150667 -0.044153 -0.157780
    7 -0.000000 -0.000000 0.811541 0.569018 -0.134605 0.274998
    8 2.441208 -1.781045 2.286907 -0.470110 0.249221 0.781563
    9 -2.415429 -1.644322 2.208782 2.545798 -0.480421 -0.914336
    10 0.090092 -2.739107 1.072039 -0.176167 0.008544 0.018050
    11 0.084507 -1.249410 3.497969 -1.041193 0.008544 0.018050
    12 1.693084 -0.139594 1.585957 0.513126 0.811034 3.113585
    13 -1.241366 -1.806391 1.056407 1.505286 -0.058253 2.556040
    14 1.239846 -1.806390 1.056407 1.352271 3.045670 0.585025
    15 1.218724 -1.798575 1.272704 1.243694 3.061527 0.564651
    16 0.004859 -0.122106 -0.000735 0.516889 0.041702 0.036316
    17 -1.061022 -1.480885 1.175125 -0.071335 -0.169402 -0.406641
    18 1.061021 -1.480883 1.175125 -0.278258 0.250138 -0.662381
    19 -0.001760 -2.471136 1.331249 0.177857 0.000000 3.141592
    20 -1.220244 -1.798577 1.272703 1.281598 -0.102761 -3.699054
    21 -0.004860 0.122106 0.000735 0.321242 0.041702 0.036316
    22 -12.255554 -3.730531 -6.440664 0.050062 2.639284 0.923216
    23 0.096951 -8.450422 -0.009364 -0.129268 -0.626475 -0.425291
    24 -0.139400 -0.111699 0.014398 0.602950 -0.047021 1.569868
    25 1.164474 -2.543937 -0.170327 0.019306 -0.094216 0.235108
    26 0.024034 -1.129039 0.017807 -0.381434 0.000000 -0.000001
    27 0.014896 -0.883992 -0.019847 -0.405106 0.000000 -0.000000
    28 0.447949 -2.798981 -0.200442 0.201454 0.047193 0.204345
    29 -0.032909 -1.480206 0.004935 -0.420016 0.000000 0.000000
    30 -0.027023 -1.076921 -0.020212 -0.236866 0.000000 -0.000000
    31 -0.249535 -2.846962 -0.174215 0.585574 0.073408 0.096039
    32 0.043235 -1.683941 0.096015 -0.340845 0.000001 0.000000
    33 0.031729 -1.160831 0.058834 0.011464 -0.000000 -0.000000
    34 -0.963867 -2.785142 -0.085346 0.555286 0.135327 -0.091592
    35 0.028477 -1.403065 0.006271 -0.055334 0.000001 0.000000
    36 0.021414 -0.957780 0.020046 0.070204 0.000000 0.000000
    37 -0.591283 -1.257737 0.232709 -1.448816 -0.209207 -2.108384
    38 1.522835 0.058679 0.016852 0.001411 -0.223174 -0.046880
    39 1.117948 0.048424 -0.005766 -0.000243 -0.192933 0.065422
    40 0.120152 -0.050266 -0.054488 0.366862 3.144320 1.551255
    41 -1.180679 -2.507216 -0.193860 0.174078 0.013294 -0.477916
    42 -0.024968 -1.123935 0.017595 -0.399958 0.000000 0.000000
    43 -0.020059 -0.890964 0.010094 -0.763707 -0.000000 -0.000000
    44 -0.488518 -2.755600 -0.228259 0.021291 -0.012955 -0.306739
    45 0.039887 -1.479790 0.029853 -0.312801 0.000000 0.000000
    46 0.028784 -1.075732 -0.023109 -0.857892 -0.000000 -0.000000
    47 0.250027 -2.820664 -0.238394 0.058002 -0.058472 -0.078775
    48 -0.049760 -1.680543 0.100480 -0.624477 0.000000 -0.000000
    49 -0.034142 -1.148310 0.084779 -1.037172 0.000000 0.000000
    50 0.957767 -2.746777 -0.090299 -0.172398 -0.139206 0.276765
    51 -0.033420 -1.397126 -0.011255 -0.473432 0.000000 0.000001
    52 -0.022361 -0.957433 0.018785 -0.858670 0.000000 0.000000
    53 0.583509 -1.197273 0.185380 0.498834 -0.339857 -0.429184
    54 1.535925 0.010248 0.005008 -0.002964 -0.491310 0.000890
    55 1.100770 0.004527 -0.010675 -0.002796 -0.975914 0.003459
  time 41
    0 6.926697 -1.768463 -8.318567 0.841150 -2.082582 -0.962602
    1 -0.071920 -8.498732 -0.104134 -0.224970 0.208978 0.111424
    2 -0.480402 -2.843485 2.688040 0.673012 -2.243426 1.543597
    3 -0.178715 0.061181 2.703875 -0.754579 1.046638 1.364268
    4 -0.011142 0.781255 -0.800262 1.926171 0.252746 -0.134090
    5 0.000000 0.718097 -0.000002 -0.055258 -0.007802 0.084683
    6 -0.000001 0.897711 1.580295 -0.150667 -0.044153 -0.157780
    7 -0.000000 -0.000000 0.811541 0.569018 -0.134605 0.274998
    8 2.394331 -1.718543 2.243937 -0.472075 0.245242 0.773510
    9 -2.368553 -1.601352 2.177531 2.540608 -0.480936 -0.893147
    10 0.086186 -2.637541 1.040788 -0.176167 0.008544 0.018050
    11 0.080601 -1.167376 3.435467 -1.034961 0.008544 0.018050
    12 1.724335 -0.139594 1.617208 0.513126 0.811034 3.113585
    13 -1.241366 -1.806391 1.056407 1.385683 -0.059731 2.555849
    14 1.239846 -1.806390 1.056407 1.261247 3.062340 0.585505
    15 1.218724 -1.798575 1.272704 1.512241 3.070537 0.574910
    16 0.004859 -0.122106 -0.000735 0.303330 0.041702 0.036316
    17 -1.061022 -1.480885 1.175125 -0.034632 -0.179992 -0.352382
    18 1.061021 -1.480883 1.175125 -0.234042 0.158011 -0.603435
    19 -0.001760 -2.447698 1.417189 0.231764 0.000000 3.141592
    20 -1.220244 -1.798577 1.272703 1.461457 -0.082860 -3.712764
    21 -0.004860 0.122106 0.000735 0.171742 0.041702 0.036316
    22 -12.220397 -3.492242 -6.452383 0.058675 2.632818 0.890900
    23 0.096951 -8.450422 -0.009364 -0.171359 -0.636556 -0.416235
    24 -0.139400 -0.111699 0.014398 0.602950 -0.047021 1.569868
    25 1.164474 -2.543937 -0.170327 -0.105683 -0.088092 0.233658
    26 0.024034 -1.129039 0.017807 -0.447452 0.000000 -0.000001
    27 0.014896 -0.883992 -0.019847 -0.515064 0.000000 -0.000000
    28 0.447949 -2.798981 -0.200442 0.052334 0.047193 0.204345
    29 -0.032909 -1.480206 0.004935 -0.491265 0.000000 0.000000
    30 -0.027023 -1.076921 -0.020212 -0.288550 0.000000 -0.000000
    31 -0.249535 -2.846962 -0.174215 0.444802 0.073408 0.096039
    32 0.043235 -1.683941 0.096015 -0.394693 0.000001 0.000000
    33 0.031729 -1.160831 0.058834 -0.022955 -0.000000 -0.000000
    34 -0.963867 -2.785142 -0.085346 0.476423 0.135327 -0.091592
    35 0.028477 -1.403065 0.006271 -0.094075 0.000001 0.000000
    36 0.021414 -0.957780 0.020046 0.036881 0.000000 0.000000
    37 -0.591283 -1.257737 0.232709 -1.445420 -0.251664 -2.110418
    38 1.522835 0.058679 0.016852 0.001411 -0.223174 -0.046880
    39 1.117948 0.048424 -0.005766 -0.000243 -0.194898 0.065422
    40 0.120152 -0.050266 -0.054488 0.366862 3.144320 1.551255
    41 -1.180679 -2.507216 -0.193860 0.174078 0.013294 -0.477916
    42 -0.024968 -1.123935 0.017595 -0.399958 0.000000 0.000000
    43 -0.020059 -0.890964 0.010094 -0.763707 -0.000000 -0.000000
    44 -0.488518 -2.755600 -0.228259 0.021291 -0.012955 -0.306739
    45 0.039887 -1.479790 0.029853 -0.312801 0.000000 0.000000
    46 0.028784 -1.075732 -0.023109 -0.857892 -0.000000 -0.000000
    47 0.250027 -2.820664 -0.238394 0.058002 -0.058472 -0.078775
    48 -0.049760 -1.680543 0.100480 -0.624477 0.000000 -0.000000
    49 -0.034142 -1.148310 0.084779 -1.037172 0.000000 0.000000
    50 0.957767 -2.746777 -0.090299 -0.172161 -0.139206 0.276765
    51 -0.033420 -1.397126 -0.011255 -0.473446 0.000000 0.000001
    52 -0.022361 -0.957433 0.018785 -0.858670 0.000000 0.000000
    53 0.583509 -1.197273 0.185380 0.498834 -0.339857 -0.429184
    54 1.535925 0.010248 0.005008 -0.002964 -0.491310 0.000890
    55 1.100770 0.004527 -0.010675 -0.002796 -0.975914 0.003459
  time 42
    0 6.957948 -1.768463 -8.299035 0.837514 -2.083878 -0.958377
    1 -0.071920 -8.498732 -0.104134 -0.225376 0.206952 0.111851
    2 -0.480402 -2.843485 2.688040 0.673012 -2.243426 1.543597
    3 -0.159184 0.084619 2.676531 -0.758097 1.064393 1.362610
    4 -0.011142 0.781255 -0.800262 1.923711 0.268062 -0.138129
    5 0.000000 0.718097 -0.000002 -0.055477 -0.008173 0.088818
    6 -0.000001 0.897711 1.580295 -0.150667 -0.044153 -0.157780
    7 -0.000000 -0.000000 0.811541 0.569018 -0.134605 0.274998
    8 2.339643 -1.652135 2.197061 -0.474100 0.241071 0.765109
    9 -2.317770 -1.554476 2.142374 2.535263 -0.481284 -0.871000
    10 0.086186 -2.524257 1.005631 -0.176167 0.008544 0.018050
    11 0.080601 -1.077530 3.369059 -1.028442 0.008544 0.018050
    12 1.755586 -0.139594 1.652365 0.513126 0.811034 3.113585
    13 -1.241366 -1.806391 1.056407 1.293675 -0.060931 2.555561
    14 1.239846 -1.806390 1.056407 1.191290 3.075164 0.585888
    15 1.218724 -1.798575 1.272704 -1.422876 0.064022 -2.558629
    16 0.004859 -0.122106 -0.000735 0.139046 0.041702 0.036316
    17 -1.061022 -1.480885 1.175125 0.006229 -0.188997 -0.296976
    18 1.061021 -1.480883 1.175125 -0.184693 0.058749 -0.535325
    19 -0.001760 -2.455511 1.382032 0.210144 0.000000 3.141592
    20 -1.220244 -1.798577 1.272703 -1.542054 -3.074212 -0.581814
    21 -0.004860 0.122106 0.000735 0.056736 0.041702 0.036316
    22 -12.169614 -3.265673 -6.460196 0.068444 2.626063 0.859301
    23 0.096951 -8.450422 -0.009364 -0.210388 -0.644883 -0.406280
    24 -0.139400 -0.111699 0.014398 0.602950 -0.047021 1.569868
    25 1.164474 -2.543937 -0.170327 -0.227014 -0.082472 0.232328
    26 0.024034 -1.129039 0.017807 -0.513770 0.000000 -0.000001
    27 0.014896 -0.883992 -0.019847 -0.620346 0.000000 -0.000000
    28 0.447949 -2.798981 -0.200442 -0.096833 0.047193 0.204345
    29 -0.032909 -1.480206 0.004935 -0.560419 0.000000 0.000000
    30 -0.027023 -1.076921 -0.020212 -0.342209 0.000000 -0.000000
    31 -0.249535 -2.846962 -0.174215 0.290831 0.073408 0.096039
    32 0.043235 -1.683941 0.096015 -0.453019 0.000001 0.000000
    33 0.031729 -1.160831 0.058834 -0.061774 -0.000000 -0.000000
    34 -0.963867 -2.785142 -0.085346 0.375537 0.135327 -0.091592
    35 0.028477 -1.403065 0.006271 -0.142341 0.000001 0.000000
    36 0.021414 -0.957780 0.020046 -0.005735 0.000000 0.000000
    37 -0.591283 -1.257737 0.232709 -1.441464 -0.297249 -2.113210
    38 1.522835 0.058679 0.016852 0.001411 -0.223174 -0.046880
    39 1.117948 0.048424 -0.005766 -0.000243 -0.197278 0.065422
    40 0.120152 -0.050266 -0.054488 0.366862 3.144320 1.551255
    41 -1.180679 -2.507216 -0.193860 0.174078 0.013294 -0.477916
    42 -0.024968 -1.123935 0.017595 -0.399958 0.000000 0.000000
    43 -0.020059 -0.890964 0.010094 -0.763707 -0.000000 -0.000000
    44 -0.488518 -2.755600 -0.228259 0.021291 -0.012955 -0.306739
    45 0.039887 -1.479790 0.029853 -0.312801 0.000000 0.000000
    46 0.028784 -1.075732 -0.023109 -0.857892 -0.000000 -0.000000
    47 0.250027 -2.820664 -0.238394 0.058002 -0.058472 -0.078775
    48 -0.049760 -1.680543 0.100480 -0.624477 0.000000 -0.000000
    49 -0.034142 -1.148310 0.084779 -1.037172 0.000000 0.000000
    50 0.957767 -2.746777 -0.090299 -0.171429 -0.139206 0.276765
    51 -0.033420 -1.397126 -0.011255 -0.473503 0.000000 0.000001
    52 -0.022361 -0.957433 0.018785 -0.858670 0.000000 0.000000
    53 0.583509 -1.197273 0.185380 0.498834 -0.339857 -0.429184
    54 1.535925 0.010248 0.005008 -0.002964 -0.491310 0.000890
    55 1.100770 0.004527 -0.010675 -0.002796 -0.975914 0.003459
  time 43
    0 6.977480 -1.764557 -8.283409 0.834560 -2.084838 -0.954979
    1 -0.071920 -8.498732 -0.104134 -0.225671 0.205449 0.112171
    2 -0.480402 -2.843485 2.688040 0.673012 -2.243426 1.543597
    3 -0.139652 0.111963 2.649186 -0.762255 1.083726 1.360680
    4 -0.011142 0.781255 -0.800262 1.919721 0.279484 -0.141185
    5 0.000000 0.718097 -0.000002 -0.055672 -0.008521 0.092473
    6 -0.000001 0.897711 1.580295 -0.150667 -0.044153 -0.157780
    7 -0.000000 -0.000000 0.811541 0.569018 -0.134605 0.274998
    8 2.284953 -1.581820 2.146278 -0.476078 0.236900 0.756767
    9 -2.259174 -1.507599 2.107216 2.530002 -0.481428 -0.848960
    10 0.082279 -2.410972 0.970474 -0.176167 0.008544 0.018050
    11 0.076694 -0.987683 3.294838 -1.021970 0.008544 0.018050
    12 1.786837 -0.139594 1.683616 0.513126 0.811034 3.113585
    13 -1.241366 -1.806391 1.056407 1.256939 -0.061300 2.555561
    14 1.239846 -1.806390 1.056407 1.163316 3.080293 0.586032
    15 1.218724 -1.798575 1.272704 -1.340342 0.061300 -2.555561
    16 0.004859 -0.122106 -0.000735 0.073338 0.041702 0.036316
    17 -1.061022 -1.480885 1.175125 0.046614 -0.194138 -0.249976
    18 1.061021 -1.480883 1.175125 -0.134061 -0.041678 -0.463880
    19 -0.001760 -2.478949 1.299998 0.158574 0.000000 3.141592
    20 -1.220244 -1.798577 1.272703 -1.487043 -3.080293 -0.586032
    21 -0.004860 0.122106 0.000735 0.010737 0.041702 0.036316
    22 -12.103206 -3.058635 -6.471915 0.079447 2.619046 0.829490
    23 0.096951 -8.450422 -0.009364 -0.245527 -0.650932 -0.395541
    24 -0.139400 -0.111699 0.014398 0.602950 -0.047021 1.569868
    25 1.164474 -2.543937 -0.170327 -0.339850 -0.077522 0.231153
    26 0.024034 -1.129039 0.017807 -0.578387 0.000000 -0.000001
    27 0.014896 -0.883992 -0.019847 -0.716506 0.000000 -0.000000
    28 0.447949 -2.798981 -0.200442 -0.239868 0.047193 0.204345
    29 -0.032909 -1.480206 0.004935 -0.625162 0.000000 0.000000
    30 -0.027023 -1.076921 -0.020212 -0.396370 0.000000 -0.000000
    31 -0.249535 -2.846962 -0.174215 0.130239 0.073408 0.096039
    32 0.043235 -1.683941 0.096015 -0.513448 0.000001 0.000000
    33 0.031729 -1.160831 0.058834 -0.103892 -0.000000 -0.000000
    34 -0.963867 -2.785142 -0.085346 0.258121 0.135327 -0.091592
    35 0.028477 -1.403065 0.006271 -0.197671 0.000001 0.000000
    36 0.021414 -0.957780 0.020046 -0.055309 0.000000 0.000000
    37 -0.591283 -1.257737 0.232709 -1.437003 -0.344196 -2.116910
    38 1.522835 0.058679 0.016852 0.001411 -0.223174 -0.046880
    39 1.117948 0.048424 -0.005766 -0.000243 -0.200260 0.065422
    40 0.120152 -0.050266 -0.054488 0.366862 3.144320 1.551255
    41 -1.180679 -2.507216 -0.193860 0.174078 0.013294 -0.477916
    42 -0.024968 -1.123935 0.017595 -0.399958 0.000000 0.000000
    43 -0.020059 -0.890964 0.010094 -0.763707 -0.000000 -0.000000
    44 -0.488518 -2.755600 -0.228259 0.021291 -0.012955 -0.306739
    45 0.039887 -1.479790 0.029853 -0.312801 0.000000 0.000000
    46 0.028784 -1.075732 -0.023109 -0.857892 -0.000000 -0.000000
    47 0.250027 -2.820664 -0.238394 0.058002 -0.058472 -0.078775
    48 -0.049760 -1.680543 0.100480 -0.624477 0.000000 -0.000000
    49 -0.034142 -1.148310 0.084779 -1.037172 0.000000 0.000000
    50 0.957767 -2.746777 -0.090299 -0.170303 -0.139206 0.276765
    51 -0.033420 -1.397126 -0.011255 -0.473588 0.000000 0.000001
    52 -0.022361 -0.957433 0.018785 -0.858670 0.000000 0.000000
    53 0.583509 -1.197273 0.185380 0.498834 -0.339857 -0.429184
    54 1.535925 0.010248 0.005008 -0.002964 -0.491310 0.000890
    55 1.100770 0.004527 -0.010675 -0.002796 -0.975914 0.003459
  time 44
    0 6.989199 -1.760651 -8.263878 0.832439 -2.085465 -0.952591
    1 -0.071920 -8.498732 -0.104134 -0.225819 0.204506 0.112369
    2 -0.480402 -2.843485 2.688040 0.673012 -2.243426 1.543597
    3 -0.120120 0.139308 2.625748 -0.766367 1.101464 1.358777
    4 -0.011142 0.781255 -0.800262 1.914073 0.286471 -0.143066
    5 0.000000 0.718097 -0.000002 -0.055842 -0.008809 0.095613
    6 -0.000001 0.897711 1.580295 -0.150667 -0.044153 -0.157780
    7 -0.000000 -0.000000 0.811541 0.569018 -0.134605 0.274998
    8 2.230264 -1.511506 2.099401 -0.477912 0.232934 0.748881
    9 -2.208391 -1.460723 2.068152 2.525076 -0.481380 -0.828083
    10 0.082279 -2.297687 0.935316 -0.176167 0.008544 0.018050
    11 0.076694 -0.897837 3.224524 -1.015834 0.008544 0.018050
    12 1.821994 -0.139594 1.722680 0.513126 0.811034 3.113585
    13 -1.241366 -1.806391 1.056407 1.256939 -0.061300 2.555561
    14 1.239846 -1.806390 1.056407 1.163316 3.080293 0.586032
    15 1.218724 -1.798575 1.272704 -1.340342 0.061300 -2.555561
    16 0.004859 -0.122106 -0.000735 0.073338 0.041702 0.036316
    17 -1.061022 -1.480885 1.175125 0.081789 -0.193128 -0.220940
    18 1.061021 -1.480883 1.175125 -0.085995 -0.137602 -0.395139
    19 -0.001760 -2.510200 1.198432 0.097021 0.000000 3.141592
    20 -1.220244 -1.798577 1.272703 -1.487043 -3.080293 -0.586032
    21 -0.004860 0.122106 0.000735 0.010737 0.041702 0.036316
    22 -12.025078 -2.871130 -6.479728 0.091790 2.611820 0.802481
    23 0.096951 -8.450422 -0.009364 -0.275851 -0.654204 -0.384048
    24 -0.139400 -0.111699 0.014398 0.602950 -0.047021 1.569868
    25 1.164474 -2.543937 -0.170327 -0.439393 -0.073387 0.230183
    26 0.024034 -1.129039 0.017807 -0.639302 0.000000 -0.000001
    27 0.014896 -0.883992 -0.019847 -0.799099 0.000000 -0.000000
    28 0.447949 -2.798981 -0.200442 -0.370637 0.047193 0.204345
    29 -0.032909 -1.480206 0.004935 -0.683241 0.000000 0.000000
    30 -0.027023 -1.076921 -0.020212 -0.449612 0.000000 -0.000000
    31 -0.249535 -2.846962 -0.174215 -0.030309 0.073408 0.096039
    32 0.043235 -1.683941 0.096015 -0.573603 0.000001 0.000000
    33 0.031729 -1.160831 0.058834 -0.148048 -0.000000 -0.000000
    34 -0.963867 -2.785142 -0.085346 0.129724 0.135327 -0.091592
    35 0.028477 -1.403065 0.006271 -0.257588 0.000001 0.000000
    36 0.021414 -0.957780 0.020046 -0.109551 0.000000 0.000000
    37 -0.591283 -1.257737 0.232709 -1.432126 -0.390694 -2.121627
    38 1.522835 0.058679 0.016852 0.001411 -0.223174 -0.046880
    39 1.117948 0.048424 -0.005766 -0.000243 -0.203935 0.065422
    40 0.120152 -0.050266 -0.054488 0.366862 3.144320 1.551255
    41 -1.180679 -2.507216 -0.193860 0.174078 0.013294 -0.477916
    42 -0.024968 -1.123935 0.017595 -0.399958 0.000000 0.000000
    43 -0.020059 -0.890964 0.010094 -0.763707 -0.000000 -0.000000
    44 -0.488518 -2.755600 -0.228259 0.021291 -0.012955 -0.306739
    45 0.039887 -1.479790 0.029853 -0.312801 0.000000 0.000000
    46 0.028784 -1.075732 -0.023109 -0.857892 -0.000000 -0.000000
    47 0.250027 -2.820664 -0.238394 0.058002 -0.058472 -0.078775
    48 -0.049760 -1.680543 0.100480 -0.624477 0.000000 -0.000000
    49 -0.034142 -1.148310 0.084779 -1.037172 0.000000 0.000000
    50 0.957767 -2.746777 -0.090299 -0.168781 -0.139206 0.276765
    51 -0.033420 -1.397126 -0.011255 -0.473701 0.000000 0.000001
    52 -0.022361 -0.957433 0.018785 -0.858670 0.000000 0.000000
    53 0.583509 -1.197273 0.185380 0.498834 -0.339857 -0.429184
    54 1.535925 0.010248 0.005008 -0.002964 -0.491310 0.000890
    55 1.100770 0.004527 -0.010675 -0.002796 -0.975914 0.003459
  time 45
    0 6.993106 -1.756744 -8.244346 0.831228 -2.085632 -0.951121
    1 -0.071920 -8.498732 -0.104134 -0.225893 0.204191 0.112430
    2 -0.480402 -2.843485 2.688040 0.673012 -2.243426 1.543597
    3 -0.108401 0.154934 2.606216 -0.769565 1.114452 1.357281
    4 -0.011142 0.781255 -0.800262 1.906670 0.288484 -0.143642
    5 0.000000 0.718097 -0.000002 -0.055964 -0.009036 0.098154
    6 -0.000001 0.897711 1.580295 -0.150667 -0.044153 -0.157780
    7 -0.000000 -0.000000 0.811541 0.569018 -0.134605 0.274998
    8 2.183388 -1.452910 2.056431 -0.479517 0.229386 0.741858
    9 -2.157609 -1.417753 2.036901 2.520750 -0.481176 -0.809435
    10 0.078373 -2.196122 0.904065 -0.176167 0.008544 0.018050
    11 0.072788 -0.819709 3.158115 -1.010357 0.008544 0.018050
    12 1.853245 -0.139594 1.753931 0.513126 0.811034 3.113585
    13 -1.241366 -1.806391 1.056407 1.256939 -0.061300 2.555561
    14 1.239846 -1.806390 1.056407 1.163316 3.080293 0.586032
    15 1.218724 -1.798575 1.272704 -1.340342 0.061300 -2.555561
    16 0.004859 -0.122106 -0.000735 0.073338 0.041702 0.036316
    17 -1.061022 -1.480885 1.175125 0.107068 -0.183702 -0.219443
    18 1.061021 -1.480883 1.175125 -0.044282 -0.223297 -0.335382
    19 -0.001760 -2.533638 1.112492 0.045452 0.000000 3.141592
    20 -1.220244 -1.798577 1.272703 -1.487043 -3.080293 -0.586032
    21 -0.004860 0.122106 0.000735 0.010737 0.041702 0.036316
    22 -11.927419 -2.722687 -6.491447 0.105498 2.604411 0.779229
    23 0.096951 -8.450422 -0.009364 -0.300499 -0.654188 -0.371882
    24 -0.139400 -0.111699 0.014398 0.602950 -0.047021 1.569868
    25 1.164474 -2.543937 -0.170327 -0.520922 -0.070235 0.229428
    26 0.024034 -1.129039 0.017807 -0.694513 0.000000 -0.000001
    27 0.014896 -0.883992 -0.019847 -0.863602 0.000000 -0.000000
    28 0.447949 -2.798981 -0.200442 -0.483008 0.047193 0.204345
    29 -0.032909 -1.480206 0.004935 -0.732369 0.000000 0.000000
    30 -0.027023 -1.076921 -0.020212 -0.500488 0.000000 -0.000000
    31 -0.249535 -2.846962 -0.174215 -0.184279 0.073408 0.096039
    32 0.043235 -1.683941 0.096015 -0.631046 0.000001 0.000000
    33 0.031729 -1.160831 0.058834 -0.193110 -0.000000 -0.000000
    34 -0.963867 -2.785142 -0.085346 -0.004194 0.135327 -0.091592
    35 0.028477 -1.403065 0.006271 -0.319669 0.000001 0.000000
    36 0.021414 -0.957780 0.020046 -0.166105 0.000000 0.000000
    37 -0.591283 -1.257737 0.232709 -1.426869 -0.434963 -2.127470
    38 1.522835 0.058679 0.016852 0.001411 -0.223174 -0.046880
    39 1.117948 0.048424 -0.005766 -0.000243 -0.208465 0.065422
    40 0.120152 -0.050266 -0.054488 0.366862 3.144320 1.551255
    41 -1.180679 -2.507216 -0.193860 0.174078 0.013294 -0.477916
    42 -0.024968 -1.123935 0.017595 -0.399958 0.000000 0.000000
    43 -0.020059 -0.890964 0.010094 -0.763707 -0.000000 -0.000000
    44 -0.488518 -2.755600 -0.228259 0.021291 -0.012955 -0.306739
    45 0.039887 -1.479790 0.029853 -0.312801 0.000000 0.000000
    46 0.028784 -1.075732 -0.023109 -0.857892 -0.000000 -0.000000
    47 0.250027 -2.820664 -0.238394 0.058002 -0.058472 -0.078775
    48 -0.049760 -1.680543 0.100480 -0.624477 0.000000 -0.000000
    49 -0.034142 -1.148310 0.084779 -1.037172 0.000000 0.000000
    50 0.957767 -2.746777 -0.090299 -0.166943 -0.139206 0.276765
    51 -0.033420 -1.397126 -0.011255 -0.473828 0.000000 0.000001
    52 -0.022361 -0.957433 0.018785 -0.858670 0.000000 0.000000
    53 0.583509 -1.197273 0.185380 0.498834 -0.339857 -0.429184
    54 1.535925 0.010248 0.005008 -0.002964 -0.491310 0.000890
    55 1.100770 0.004527 -0.010675 -0.002796 -0.975914 0.003459
  time 46
    0 6.989199 -1.748932 -8.224813 0.831000 -2.085381 -0.950846
    1 -0.071920 -8.498732 -0.104134 -0.225413 0.205030 0.112278
    2 -0.480402 -2.843485 2.688040 0.673012 -2.243426 1.543597
    3 -0.104494 0.162746 2.602310 -0.770844 1.119482 1.356683
    4 -0.011142 0.781255 -0.800262 1.897308 0.284985 -0.142767
    5 0.000000 0.718097 -0.000002 -0.056061 -0.009216 0.100047
    6 -0.000001 0.897711 1.580295 -0.150667 -0.044153 -0.157780
    7 -0.000000 -0.000000 0.811541 0.569018 -0.134605 0.274998
    8 2.144324 -1.398221 2.021274 -0.480824 0.226462 0.736082
    9 -2.118545 -1.386502 2.013463 2.517214 -0.480900 -0.794071
    10 0.078373 -2.110181 0.880627 -0.176167 0.008544 0.018050
    11 0.072788 -0.753301 3.107332 -1.005839 0.008544 0.018050
    12 1.876684 -0.139594 1.781275 0.513126 0.811034 3.113585
    13 -1.241366 -1.806391 1.056407 1.256939 -0.061300 2.555561
    14 1.239846 -1.806390 1.056407 1.163316 3.080293 0.586032
    15 1.218724 -1.798575 1.272704 -1.340342 0.061300 -2.555561
    16 0.004859 -0.122106 -0.000735 0.073338 0.041702 0.036316
    17 -1.061022 -1.480885 1.175125 0.123554 -0.161895 -0.252580
    18 1.061021 -1.480883 1.175125 -0.012517 -0.293250 -0.291157
    19 -0.001760 -2.545357 1.077335 0.023831 0.000000 3.141592
    20 -1.220244 -1.798577 1.272703 -1.487043 -3.080293 -0.586032
    21 -0.004860 0.122106 0.000735 0.010737 0.041702 0.036316
    22 -11.818041 -2.609403 -6.499260 0.120651 2.596818 0.760865
    23 0.096951 -8.450422 -0.009364 -0.318611 -0.650342 -0.359122
    24 -0.139400 -0.111699 0.014398 0.602950 -0.047021 1.569868
    25 1.164474 -2.543937 -0.170327 -0.579602 -0.068234 0.228960
    26 0.024034 -1.129039 0.017807 -0.741994 0.000000 -0.000001
    27 0.014896 -0.883992 -0.019847 -0.905607 0.000000 -0.000000
    28 0.447949 -2.798981 -0.200442 -0.570847 0.047193 0.204345
    29 -0.032909 -1.480206 0.004935 -0.770295 0.000000 0.000000
    30 -0.027023 -1.076921 -0.020212 -0.547552 0.000000 -0.000000
    31 -0.249535 -2.846962 -0.174215 -0.325051 0.073408 0.096039
    32 0.043235 -1.683941 0.096015 -0.683422 0.000001 0.000000
    33 0.031729 -1.160831 0.058834 -0.237913 -0.000000 -0.000000
    34 -0.963867 -2.785142 -0.085346 -0.138111 0.135327 -0.091592
    35 0.028477 -1.403065 0.006271 -0.381435 0.000001 0.000000
    36 0.021414 -0.957780 0.020046 -0.222659 0.000000 0.000000
    37 -0.591283 -1.257737 0.232709 -1.421324 -0.475190 -2.134567
    38 1.522835 0.058679 0.016852 0.001411 -0.223174 -0.046880
    39 1.117948 0.048424 -0.005766 -0.000243 -0.213989 0.065422
    40 0.120152 -0.050266 -0.054488 0.366862 3.144320 1.551255
    41 -1.180679 -2.507216 -0.193860 0.174078 0.013294 -0.477916
    42 -0.024968 -1.123935 0.017595 -0.399958 0.000000 0.000000
    43 -0.020059 -0.890964 0.010094 -0.763707 -0.000000 -0.000000
    44 -0.488518 -2.755600 -0.228259 0.021291 -0.012955 -0.306739
    45 0.039887 -1.479790 0.029853 -0.312801 0.000000 0.000000
    46 0.028784 -1.075732 -0.023109 -0.857892 -0.000000 -0.000000
    47 0.250027 -2.820664 -0.238394 0.058002 -0.058472 -0.078775
    48 -0.049760 -1.680543 0.100480 -0.624477 0.000000 -0.000000
    49 -0.034142 -1.148310 0.084779 -1.037172 0.000000 0.000000
    50 0.957767 -2.746777 -0.090299 -0.164829 -0.139206 0.276765
    51 -0.033420 -1.397126 -0.011255 -0.473984 0.000000 0.000001
    52 -0.022361 -0.957433 0.018785 -0.858670 0.000000 0.000000
    53 0.583509 -1.197273 0.185380 0.498834 -0.339857 -0.429184
    54 1.535925 0.010248 0.005008 -0.002964 -0.491310 0.000890
    55 1.100770 0.004527 -0.010675 -0.002796 -0.975914 0.003459
  time 47
    0 6.973574 -1.745025 -8.197470 0.831909 -2.084588 -0.951764
    1 -0.071920 -8.498732 -0.104134 -0.224084 0.207406 0.111805
    2 -0.480402 -2.843485 2.688040 0.673012 -2.243426 1.543597
    3 -0.112307 0.151027 2.610122 -0.768445 1.110035 1.357798
    4 -0.011142 0.781255 -0.800262 1.885663 0.275421 -0.140346
    5 0.000000 0.718097 -0.000002 -0.056110 -0.009324 0.101234
    6 -0.000001 0.897711 1.580295 -0.150667 -0.044153 -0.157780
    7 -0.000000 -0.000000 0.811541 0.569018 -0.134605 0.274998
    8 2.113073 -1.366970 1.997836 -0.481747 0.224341 0.731935
    9 -2.087294 -1.359157 1.993931 2.514709 -0.480649 -0.783057
    10 0.078373 -2.051586 0.865002 -0.176167 0.008544 0.018050
    11 0.072788 -0.706425 3.068269 -1.002603 0.008544 0.018050
    12 1.892309 -0.139594 1.796901 0.513126 0.811034 3.113585
    13 -1.241366 -1.806391 1.056407 1.256939 -0.061300 2.555561
    14 1.239846 -1.806390 1.056407 1.163316 3.080293 0.586032
    15 1.218724 -1.798575 1.272704 -1.340342 0.061300 -2.555561
    16 0.004859 -0.122106 -0.000735 0.073338 0.041702 0.036316
    17 -1.061022 -1.480885 1.175125 0.135701 -0.127963 -0.315144
    18 1.061021 -1.480883 1.175125 0.009431 -0.347184 -0.263487
    19 -0.001760 -2.541451 1.081241 0.027331 0.000000 3.141592
    20 -1.220244 -1.798577 1.272703 -1.487043 -3.080293 -0.586032
    21 -0.004860 0.122106 0.000735 0.010737 0.041702 0.036316
    22 -11.681318 -2.535182 -6.510979 0.138850 2.588100 0.746377
    23 0.096951 -8.450422 -0.009364 -0.331493 -0.640743 -0.343494
    24 -0.139400 -0.111699 0.014398 0.602950 -0.047021 1.569868
    25 1.164474 -2.543937 -0.170327 -0.610633 -0.067527 0.228792
    26 0.024034 -1.129039 0.017807 -0.779769 0.000000 -0.000001
    27 0.014896 -0.883992 -0.019847 -0.920593 0.000000 -0.000000
    28 0.447949 -2.798981 -0.200442 -0.628071 0.047193 0.204345
    29 -0.032909 -1.480206 0.004935 -0.794700 0.000000 0.000000
    30 -0.027023 -1.076921 -0.020212 -0.589355 0.000000 -0.000000
    31 -0.249535 -2.846962 -0.174215 -0.446047 0.073408 0.096039
    32 0.043235 -1.683941 0.096015 -0.728334 0.000001 0.000000
    33 0.031729 -1.160831 0.058834 -0.281228 -0.000000 -0.000000
    34 -0.963867 -2.785142 -0.085346 -0.266508 0.135327 -0.091592
    35 0.028477 -1.403065 0.006271 -0.440428 0.000001 0.000000
    36 0.021414 -0.957780 0.020046 -0.276901 0.000000 0.000000
    37 -0.591283 -1.257737 0.232709 -1.415562 -0.509611 -2.143028
    38 1.522835 0.058679 0.016852 0.001411 -0.223174 -0.046880
    39 1.117948 0.048424 -0.005766 -0.000243 -0.220646 0.065422
    40 0.120152 -0.050266 -0.054488 0.366862 3.144320 1.551255
    41 -1.180679 -2.507216 -0.193860 0.174078 0.013294 -0.477916
    42 -0.024968 -1.123935 0.017595 -0.399958 0.000000 0.000000
    43 -0.020059 -0.890964 0.010094 -0.763707 -0.000000 -0.000000
    44 -0.488518 -2.755600 -0.228259 0.021291 -0.012955 -0.306739
    45 0.039887 -1.479790 0.029853 -0.312801 0.000000 0.000000
    46 0.028784 -1.075732 -0.023109 -0.857892 -0.000000 -0.000000
    47 0.250027 -2.820664 -0.238394 0.058002 -0.058472 -0.078775
    48 -0.049760 -1.680543 0.100480 -0.624477 0.000000 -0.000000
    49 -0.034142 -1.148310 0.084779 -1.037172 0.000000 0.000000
    50 0.957767 -2.746777 -0.090299 -0.162497 -0.139206 0.276765
    51 -0.033420 -1.397126 -0.011255 -0.474167 0.000000 0.000001
    52 -0.022361 -0.957433 0.018785 -0.858670 0.000000 0.000000
    53 0.583509 -1.197273 0.185380 0.498834 -0.339857 -0.429184
    54 1.535925 0.010248 0.005008 -0.002964 -0.491310 0.000890
    55 1.100770 0.004527 -0.010675 -0.002796 -0.975914 0.003459
  time 48
    0 6.957948 -1.741119 -8.174031 0.833954 -2.083251 -0.954060
    1 -0.071920 -8.498732 -0.104134 -0.221980 0.211110 0.111089
    2 -0.480402 -2.843485 2.688040 0.673012 -2.243426 1.543597
    3 -0.135745 0.119776 2.645280 -0.763100 1.087512 1.360272
    4 -0.011142 0.781255 -0.800262 1.871432 0.259194 -0.136331
    5 0.000000 0.718097 -0.000002 -0.056134 -0.009360 0.101641
    6 -0.000001 0.897711 1.580295 -0.150667 -0.044153 -0.157780
    7 -0.000000 -0.000000 0.811541 0.569018 -0.134605 0.274998
    8 2.097447 -1.347438 1.982210 -0.482214 0.223274 0.729826
    9 -2.071669 -1.347438 1.982212 2.513451 -0.480505 -0.777436
    10 0.078373 -2.020335 0.853283 -0.176167 0.008544 0.018050
    11 0.072788 -0.682987 3.048737 -1.000949 0.008544 0.018050
    12 1.900122 -0.139594 1.804714 0.513126 0.811034 3.113585
    13 -1.241366 -1.806391 1.056407 1.256939 -0.061300 2.555561
    14 1.239846 -1.806390 1.056407 1.163316 3.080293 0.586032
    15 1.218724 -1.798575 1.272704 -1.340342 0.061300 -2.555561
    16 0.004859 -0.122106 -0.000735 0.073338 0.041702 0.036316
    17 -1.061022 -1.480885 1.175125 0.143919 -0.085961 -0.398377
    18 1.061021 -1.480883 1.175125 0.024543 -0.389174 -0.248404
    19 -0.001760 -2.541451 1.096867 0.037086 0.000000 3.141592
    20 -1.220244 -1.798577 1.272703 -1.487043 -3.080293 -0.586032
    21 -0.004860 0.122106 0.000735 0.010737 0.041702 0.036316
    22 -11.509438 -2.488305 -6.522698 0.161040 2.577523 0.734155
    23 0.096951 -8.450422 -0.009364 -0.340963 -0.624537 -0.323345
    24 -0.139400 -0.111699 0.014398 0.602950 -0.047021 1.569868
    25 1.164474 -2.543937 -0.170327 -0.626286 -0.069516 0.229260
    26 0.024034 -1.129039 0.017807 -0.812165 0.000000 -0.000001
    27 0.014896 -0.883992 -0.019847 -0.922509 0.000000 -0.000000
    28 0.447949 -2.798981 -0.200442 -0.648497 0.047193 0.204345
    29 -0.032909 -1.480206 0.004935 -0.803333 0.000000 0.000000
    30 -0.027023 -1.076921 -0.020212 -0.624451 0.000000 -0.000000
    31 -0.249535 -2.846962 -0.174215 -0.540601 0.073408 0.096039
    32 0.043235 -1.683941 0.096015 -0.763363 0.000001 0.000000
    33 0.031729 -1.160831 0.058834 -0.321956 -0.000000 -0.000000
    34 -0.963867 -2.785142 -0.085346 -0.383925 0.135327 -0.091592
    35 0.028477 -1.403065 0.006271 -0.494206 0.000001 0.000000
    36 0.021414 -0.957780 0.020046 -0.326496 0.000000 0.000000
    37 -0.591283 -1.257737 0.232709 -1.409637 -0.536414 -2.152982
    38 1.522835 0.058679 0.016852 0.001411 -0.223174 -0.046880
    39 1.117948 0.048424 -0.005766 -0.000243 -0.228550 0.065422
    40 0.120152 -0.050266 -0.054488 0.366862 3.144320 1.551255
    41 -1.180679 -2.507216 -0.193860 0.174078 0.013294 -0.477916
    42 -0.024968 -1.123935 0.017595 -0.399958 0.000000 0.000000
    43 -0.020059 -0.890964 0.010094 -0.763707 -0.000000 -0.000000
    44 -0.488518 -2.755600 -0.228259 0.021291 -0.012955 -0.306739
    45 0.039887 -1.479790 0.029853 -0.312801 0.000000 0.000000
    46 0.028784 -1.075732 -0.023109 -0.857892 -0.000000 -0.000000
    47 0.250027 -2.820664 -0.238394 0.058002 -0.058472 -0.078775
    48 -0.049760 -1.680543 0.100480 -0.624477 0.000000 -0.000000
    49 -0.034142 -1.148310 0.084779 -1.037172 0.000000 0.000000
    50 0.957767 -2.746777 -0.090299 -0.159947 -0.139206 0.276765
    51 -0.033420 -1.397126 -0.011255 -0.474351 0.000000 0.000001
    52 -0.022361 -0.957433 0.018785 -0.858670 0.000000 0.000000
    53 0.583509 -1.197273 0.185380 0.498834 -0.339857 -0.429184
    54 1.535925 0.010248 0.005008 -0.002964 -0.491310 0.000890
    55 1.100770 0.004527 -0.010675 -0.002796 -0.975914 0.003459
  time 49
    0 6.934510 -1.733306 -8.146687 0.837287 -2.081246 -0.957734
    1 -0.071920 -8.498732 -0.104134 -0.219249 0.215967 0.110145
    2 -0.480402 -2.843485 2.688040 0.673012 -2.243426 1.543597
    3 -0.163090 0.080713 2.684343 -0.757343 1.060607 1.362963
    4 -0.011142 0.781255 -0.800262 1.853462 0.235476 -0.130602
    5 0.000000 0.718097 -0.000002 -0.055940 -0.009312 0.101126
    6 -0.000001 0.897711 1.580295 -0.150667 -0.044153 -0.157780
    7 -0.000000 -0.000000 0.811541 0.569018 -0.134605 0.274998
    8 2.097447 -1.347438 1.982210 -0.482154 0.223418 0.730114
    9 -2.071669 -1.347438 1.982212 2.513619 -0.480517 -0.778203
    10 0.078373 -2.020335 0.857189 -0.176167 0.008544 0.018050
    11 0.072788 -0.686893 3.048737 -1.001165 0.008544 0.018050
    12 1.896215 -0.139594 1.800807 0.513126 0.811034 3.113585
    13 -1.241366 -1.806391 1.056407 1.256939 -0.061300 2.555561
    14 1.239846 -1.806390 1.056407 1.163316 3.080293 0.586032
    15 1.218724 -1.798575 1.272704 -1.340342 0.061300 -2.555561
    16 0.004859 -0.122106 -0.000735 0.073338 0.041702 0.036316
    17 -1.061022 -1.480885 1.175125 0.148669 -0.039917 -0.493442
    18 1.061021 -1.480883 1.175125 0.033463 -0.420169 -0.245040
    19 -0.001760 -2.537545 1.124211 0.051935 0.000000 3.141592
    20 -1.220244 -1.798577 1.272703 -1.487043 -3.080293 -0.586032
    21 -0.004860 0.122106 0.000735 0.010737 0.041702 0.036316
    22 -11.306307 -2.468773 -6.538323 0.186487 2.565558 0.724019
    23 0.096951 -8.450422 -0.009364 -0.346926 -0.602903 -0.299686
    24 -0.139400 -0.111699 0.014398 0.602950 -0.047021 1.569868
    25 1.164474 -2.543937 -0.170327 -0.641782 -0.075077 0.230578
    26 0.024034 -1.129039 0.017807 -0.844336 0.000000 -0.000001
    27 0.014896 -0.883992 -0.019847 -0.927568 0.000000 -0.000000
    28 0.447949 -2.798981 -0.200442 -0.649270 0.047193 0.204345
    29 -0.032909 -1.480206 0.004935 -0.804729 0.000000 0.000000
    30 -0.027023 -1.076921 -0.020212 -0.656875 0.000000 -0.000000
    31 -0.249535 -2.846962 -0.174215 -0.602180 0.073408 0.096039
    32 0.043235 -1.683941 0.096015 -0.786134 0.000001 0.000000
    33 0.031729 -1.160831 0.058834 -0.358833 -0.000000 -0.000000
    34 -0.963867 -2.785142 -0.085346 -0.484779 0.135327 -0.091592
    35 0.028477 -1.403065 0.006271 -0.540308 0.000001 0.000000
    36 0.021414 -0.957780 0.020046 -0.369112 0.000000 0.000000
    37 -0.591283 -1.257737 0.232709 -1.403622 -0.553804 -2.164515
    38 1.522835 0.058679 0.016852 0.001411 -0.223174 -0.046880
    39 1.117948 0.048424 -0.005766 -0.000243 -0.237888 0.065422
    40 0.120152 -0.050266 -0.054488 0.366862 3.144320 1.551255
    41 -1.180679 -2.507216 -0.193860 0.174078 0.013294 -0.477916
    42 -0.024968 -1.123935 0.017595 -0.399958 0.000000 0.000000
    43 -0.020059 -0.890964 0.010094 -0.763707 -0.000000 -0.000000
    44 -0.488518 -2.755600 -0.228259 0.021291 -0.012955 -0.306739
    45 0.039887 -1.479790 0.029853 -0.312801 0.000000 0.000000
    46 0.028784 -1.075732 -0.023109 -0.857892 -0.000000 -0.000000
    47 0.250027 -2.820664 -0.238394 0.058002 -0.058472 -0.078775
    48 -0.049760 -1.680543 0.100480 -0.624477 0.000000 -0.000000
    49 -0.034142 -1.148310 0.084779 -1.037172 0.000000 0.000000
    50 0.957767 -2.746777 -0.090299 -0.157279 -0.139206 0.276765
    51 -0.033420 -1.397126 -0.011255 -0.474549 0.000000 0.000001
    52 -0.022361 -0.957433 0.018785 -0.858670 0.000000 0.000000
    53 0.583509 -1.197273 0.185380 0.498834 -0.339857 -0.429184
    54 1.535925 0.010248 0.005008 -0.002964 -0.491310 0.000890
    55 1.100770 0.004527 -0.010675 -0.002796 -0.975914 0.003459
  time 50
    0 6.903259 -1.729400 -8.119342 0.841983 -2.078614 -0.963061
    1 -0.071920 -8.498732 -0.104134 -0.216000 0.221768 0.109017
    2 -0.480402 -2.843485 2.688040 0.673012 -2.243426 1.543597
    3 -0.186528 0.049462 2.715594 -0.752957 1.038067 1.365029
    4 -0.011142 0.781255 -0.800262 1.831577 0.205119 -0.123508
    5 0.000000 0.718097 -0.000002 -0.055404 -0.009180 0.099640
    6 -0.000001 0.897711 1.580295 -0.150667 -0.044153 -0.157780
    7 -0.000000 -0.000000 0.811541 0.569018 -0.134605 0.274998
    8 2.113073 -1.366970 1.997836 -0.481591 0.224712 0.732666
    9 -2.087294 -1.359157 1.993931 2.515153 -0.480697 -0.784986
    10 0.078373 -2.051586 0.865002 -0.176167 0.008544 0.018050
    11 0.072788 -0.710331 3.068269 -1.003166 0.008544 0.018050
    12 1.884496 -0.139594 1.789088 0.513126 0.811034 3.113585
    13 -1.241366 -1.806391 1.056407 1.256939 -0.061300 2.555561
    14 1.239846 -1.806390 1.056407 1.163316 3.080293 0.586032
    15 1.218724 -1.798575 1.272704 -1.340342 0.061300 -2.555561
    16 0.004859 -0.122106 -0.000735 0.073338 0.041702 0.036316
    17 -1.061022 -1.480885 1.175125 0.150329 0.006101 -0.591583
    18 1.061021 -1.480883 1.175125 0.036897 -0.441026 -0.252520
    19 -0.001760 -2.533638 1.155462 0.070775 0.000000 3.141592
    20 -1.220244 -1.798577 1.272703 -1.487043 -3.080293 -0.586032
    21 -0.004860 0.122106 0.000735 0.010737 0.041702 0.036316
    22 -11.079737 -2.468773 -6.553949 0.214428 2.552598 0.715851
    23 0.096951 -8.450422 -0.009364 -0.349190 -0.577051 -0.273526
    24 -0.139400 -0.111699 0.014398 0.602950 -0.047021 1.569868
    25 1.164474 -2.543937 -0.170327 -0.656648 -0.083646 0.232603
    26 0.024034 -1.129039 0.017807 -0.875507 0.000000 -0.000001
    27 0.014896 -0.883992 -0.019847 -0.934620 0.000000 -0.000000
    28 0.447949 -2.798981 -0.200442 -0.651202 0.047193 0.204345
    29 -0.032909 -1.480206 0.004935 -0.808315 0.000000 0.000000
    30 -0.027023 -1.076921 -0.020212 -0.690802 0.000000 -0.000000
    31 -0.249535 -2.846962 -0.174215 -0.624163 0.073408 0.096039
    32 0.043235 -1.683941 0.096015 -0.794251 0.000001 0.000000
    33 0.031729 -1.160831 0.058834 -0.390729 -0.000000 -0.000000
    34 -0.963867 -2.785142 -0.085346 -0.563643 0.135327 -0.091592
    35 0.028477 -1.403065 0.006271 -0.576259 0.000001 0.000000
    36 0.021414 -0.957780 0.020046 -0.402414 0.000000 0.000000
    37 -0.591283 -1.257737 0.232709 -1.397589 -0.559985 -2.177779
    38 1.522835 0.058679 0.016852 0.001411 -0.223174 -0.046880
    39 1.117948 0.048424 -0.005766 -0.000243 -0.248751 0.065422
    40 0.120152 -0.050266 -0.054488 0.366862 3.144320 1.551255
    41 -1.180679 -2.507216 -0.193860 0.174078 0.013294 -0.477916
    42 -0.024968 -1.123935 0.017595 -0.399958 0.000000 0.000000
    43 -0.020059 -0.890964 0.010094 -0.763707 -0.000000 -0.000000
    44 -0.488518 -2.755600 -0.228259 0.021291 -0.012955 -0.306739
    45 0.039887 -1.479790 0.029853 -0.312801 0.000000 0.000000
    46 0.028784 -1.075732 -0.023109 -0.857892 -0.000000 -0.000000
    47 0.250027 -2.820664 -0.238394 0.058002 -0.058472 -0.078775
    48 -0.049760 -1.680543 0.100480 -0.624477 0.000000 -0.000000
    49 -0.034142 -1.148310 0.084779 -1.037172 0.000000 0.000000
    50 0.957767 -2.746777 -0.090299 -0.154532 -0.139206 0.276765
    51 -0.033420 -1.397126 -0.011255 -0.474747 0.000000 0.000001
    52 -0.022361 -0.957433 0.018785 -0.858670 0.000000 0.000000
    53 0.583509 -1.197273 0.185380 0.498834 -0.339857 -0.429184
    54 1.535925 0.010248 0.005008 -0.002964 -0.491310 0.000890
    55 1.100770 0.004527 -0.010675 -0.002796 -0.975914 0.003459
  time 51
    0 6.872008 -1.721587 -8.088091 0.848345 -2.075063 -0.970225
    1 -0.071920 -8.498732 -0.104134 -0.212272 0.228302 0.107738
    2 -0.480402 -2.843485 2.688040 0.673012 -2.243426 1.543597
    3 -0.194341 0.033836 2.731220 -0.751244 1.028620 1.365844
    4 -0.011142 0.781255 -0.800262 1.806830 0.170112 -0.115562
    5 0.000000 0.718097 -0.000002 -0.054528 -0.008964 0.097279
    6 -0.000001 0.897711 1.580295 -0.150667 -0.044153 -0.157780
    7 -0.000000 -0.000000 0.811541 0.569018 -0.134605 0.274998
    8 2.136511 -1.398221 2.021274 -0.480596 0.226965 0.737089
    9 -2.110732 -1.382596 2.009557 2.517838 -0.480960 -0.796755
    10 0.078373 -2.106275 0.880627 -0.176167 0.008544 0.018050
    11 0.072788 -0.753301 3.099520 -1.006630 0.008544 0.018050
    12 1.868871 -0.139594 1.769556 0.513126 0.811034 3.113585
    13 -1.241366 -1.806391 1.056407 1.256939 -0.061300 2.555561
    14 1.239846 -1.806390 1.056407 1.163316 3.080293 0.586032
    15 1.218724 -1.798575 1.272704 -1.340342 0.061300 -2.555561
    16 0.004859 -0.122106 -0.000735 0.073338 0.041702 0.036316
    17 -1.061022 -1.480885 1.175125 0.149327 0.048103 -0.683942
    18 1.061021 -1.480883 1.175125 0.035421 -0.452603 -0.269826
    19 -0.001760 -2.529732 1.190620 0.092455 0.000000 3.141592
    20 -1.220244 -1.798577 1.272703 -1.487043 -3.080293 -0.586032
    21 -0.004860 0.122106 0.000735 0.010737 0.041702 0.036316
    22 -10.833635 -2.484399 -6.565668 0.244129 2.539115 0.709531
    23 0.096951 -8.450422 -0.009364 -0.347660 -0.548128 -0.245891
    24 -0.139400 -0.111699 0.014398 0.602950 -0.047021 1.569868
    25 1.164474 -2.543937 -0.170327 -0.670571 -0.094648 0.235216
    26 0.024034 -1.129039 0.017807 -0.904926 0.000000 -0.000001
    27 0.014896 -0.883992 -0.019847 -0.942668 0.000000 -0.000000
    28 0.447949 -2.798981 -0.200442 -0.653713 0.047193 0.204345
    29 -0.032909 -1.480206 0.004935 -0.813330 0.000000 0.000000
    30 -0.027023 -1.076921 -0.020212 -0.725118 0.000000 -0.000000
    31 -0.249535 -2.846962 -0.174215 -0.618983 0.073408 0.096039
    32 0.043235 -1.683941 0.096015 -0.794251 0.000001 0.000000
    33 0.031729 -1.160831 0.058834 -0.420749 -0.000000 -0.000000
    34 -0.963867 -2.785142 -0.085346 -0.615026 0.135327 -0.091592
    35 0.028477 -1.403065 0.006271 -0.599650 0.000001 0.000000
    36 0.021414 -0.957780 0.020046 -0.424110 0.000000 0.000000
    37 -0.591283 -1.257737 0.232709 -1.390273 -0.547863 -2.201128
    38 1.522835 0.058679 0.016852 0.001411 -0.223668 -0.046880
    39 1.117948 0.048424 -0.005766 -0.000243 -0.264144 0.065422
    40 0.120152 -0.050266 -0.054488 0.366862 3.144320 1.551255
    41 -1.180679 -2.507216 -0.193860 0.174078 0.013294 -0.477916
    42 -0.024968 -1.123935 0.017595 -0.399958 0.000000 0.000000
    43 -0.020059 -0.890964 0.010094 -0.763707 -0.000000 -0.000000
    44 -0.488518 -2.755600 -0.228259 0.021291 -0.012955 -0.306739
    45 0.039887 -1.479790 0.029853 -0.312801 0.000000 0.000000
    46 0.028784 -1.075732 -0.023109 -0.857892 -0.000000 -0.000000
    47 0.250027 -2.820664 -0.238394 0.058002 -0.058472 -0.078775
    48 -0.049760 -1.680543 0.100480 -0.624477 0.000000 -0.000000
    49 -0.034142 -1.148310 0.084779 -1.037172 0.000000 0.000000
    50 0.957767 -2.746777 -0.090299 -0.151726 -0.139206 0.276765
    51 -0.033420 -1.397126 -0.011255 -0.474945 0.000000 0.000001
    52 -0.022361 -0.957433 0.018785 -0.858670 0.000000 0.000000
    53 0.583509 -1.197273 0.185380 0.498834 -0.339857 -0.429184
    54 1.535925 0.010248 0.005008 -0.002964 -0.491310 0.000890
    55 1.100770 0.004527 -0.010675 -0.002796 -0.975914 0.003459
  time 52
    0 6.836851 -1.717681 -8.060746 0.856373 -2.070551 -0.979317
    1 -0.071920 -8.498732 -0.104134 -0.208249 0.235396 0.106351
    2 -0.480402 -2.843485 2.688040 0.673012 -2.243426 1.543597
    3 -0.190435 0.041649 2.723407 -0.752158 1.033650 1.365410
    4 -0.011142 0.781255 -0.800262 1.780377 0.132493 -0.107256
    5 0.000000 0.718097 -0.000002 -0.053335 -0.008665 0.094115
    6 -0.000001 0.897711 1.580295 -0.150667 -0.044153 -0.157780
    7 -0.000000 -0.000000 0.811541 0.569018 -0.134605 0.274998
    8 2.167762 -1.441191 2.048619 -0.479254 0.229973 0.743009
    9 -2.138077 -1.409940 2.029089 2.521457 -0.481224 -0.812479
    10 0.078373 -2.176590 0.904065 -0.176167 0.008544 0.018050
    11 0.072788 -0.811897 3.142490 -1.011256 0.008544 0.018050
    12 1.849339 -0.139594 1.750024 0.513126 0.811034 3.113585
    13 -1.241366 -1.806391 1.056407 1.256939 -0.061300 2.555561
    14 1.239846 -1.806390 1.056407 1.163316 3.080293 0.586032
    15 1.218724 -1.798575 1.272704 -1.340342 0.061300 -2.555561
    16 0.004859 -0.122106 -0.000735 0.073338 0.041702 0.036316
    17 -1.061022 -1.480885 1.175125 0.146089 0.082022 -0.761721
    18 1.061021 -1.480883 1.175125 0.029613 -0.455788 -0.295934
    19 -0.001760 -2.521919 1.229683 0.115825 0.000000 3.141592
    20 -1.220244 -1.798577 1.272703 -1.487043 -3.080293 -0.586032
    21 -0.004860 0.122106 0.000735 0.010737 0.041702 0.036316
    22 -10.571909 -2.519556 -6.581294 0.274802 2.525527 0.704880
    23 0.096951 -8.450422 -0.009364 -0.342143 -0.517345 -0.217776
    24 -0.139400 -0.111699 0.014398 0.602950 -0.047021 1.569868
    25 1.164474 -2.543937 -0.170327 -0.683117 -0.107507 0.238260
    26 0.024034 -1.129039 0.017807 -0.931844 0.000000 -0.000001
    27 0.014896 -0.883992 -0.019847 -0.950602 0.000000 -0.000000
    28 0.447949 -2.798981 -0.200442 -0.656175 0.047193 0.204345
    29 -0.032909 -1.480206 0.004935 -0.818915 0.000000 0.000000
    30 -0.027023 -1.076921 -0.020212 -0.758655 0.000000 -0.000000
    31 -0.249535 -2.846962 -0.174215 -0.604568 0.073408 0.096039
    32 0.043235 -1.683941 0.096015 -0.794040 0.000001 0.000000
    33 0.031729 -1.160831 0.058834 -0.451966 -0.000000 -0.000000
    34 -0.963867 -2.785142 -0.085346 -0.633346 0.135327 -0.091592
    35 0.028477 -1.403065 0.006271 -0.607988 0.000001 0.000000
    36 0.021414 -0.957780 0.020046 -0.431868 0.000000 0.000000
    37 -0.591283 -1.257737 0.232709 -1.380844 -0.514924 -2.239991
    38 1.522835 0.058679 0.016852 0.001411 -0.224925 -0.046880
    39 1.117948 0.048424 -0.005766 -0.000243 -0.285777 0.065422
    40 0.120152 -0.050266 -0.054488 0.366862 3.144320 1.551255
    41 -1.180679 -2.507216 -0.193860 0.174078 0.013294 -0.477916
    42 -0.024968 -1.123935 0.017595 -0.399958 0.000000 0.000000
    43 -0.020059 -0.890964 0.010094 -0.763707 -0.000000 -0.000000
    44 -0.488518 -2.755600 -0.228259 0.021291 -0.012955 -0.306739
    45 0.039887 -1.479790 0.029853 -0.312801 0.000000 0.000000
    46 0.028784 -1.075732 -0.023109 -0.857892 -0.000000 -0.000000
    47 0.250027 -2.820664 -0.238394 0.058002 -0.058472 -0.078775
    48 -0.049760 -1.680543 0.100480 -0.624477 0.000000 -0.000000
    49 -0.034142 -1.148310 0.084779 -1.037172 0.000000 0.000000
    50 0.957767 -2.746777 -0.090299 -0.148919 -0.139206 0.276765
    51 -0.033420 -1.397126 -0.011255 -0.475157 0.000000 0.000001
    52 -0.022361 -0.957433 0.018785 -0.858670 0.000000 0.000000
    53 0.583509 -1.197273 0.185380 0.498834 -0.339857 -0.429184
    54 1.535925 0.010248 0.005008 -0.002964 -0.491310 0.000890
    55 1.100770 0.004527 -0.010675 -0.002796 -0.975914 0.003459
  time 53
    0 6.801693 -1.709868 -8.033401 0.865689 -2.065330 -0.989971
    1 -0.071920 -8.498732 -0.104134 -0.204041 0.242839 0.104889
    2 -0.480402 -2.843485 2.688040 0.673012 -2.243426 1.543597
    3 -0.178715 0.061181 2.703875 -0.754579 1.046638 1.364268
    4 -0.011142 0.781255 -0.800262 1.753572 0.094298 -0.098975
    5 0.000000 0.718097 -0.000002 -0.051874 -0.008305 0.090244
    6 -0.000001 0.897711 1.580295 -0.150667 -0.044153 -0.157780
    7 -0.000000 -0.000000 0.811541 0.569018 -0.134605 0.274998
    8 2.206826 -1.495880 2.083776 -0.477648 0.233521 0.750044
    9 -2.177140 -1.445097 2.056433 2.525795 -0.481404 -0.831139
    10 0.078373 -2.266436 0.931410 -0.176167 0.008544 0.018050
    11 0.072788 -0.886118 3.193273 -1.016733 0.008544 0.018050
    12 1.821994 -0.139594 1.722680 0.513126 0.811034 3.113585
    13 -1.241366 -1.806391 1.056407 1.256939 -0.061300 2.555561
    14 1.239846 -1.806390 1.056407 1.163316 3.080293 0.586032
    15 1.218724 -1.798575 1.272704 -1.340342 0.061300 -2.555561
    16 0.004859 -0.122106 -0.000735 0.073338 0.041702 0.036316
    17 -1.061022 -1.480885 1.175125 0.141043 0.103816 -0.816184
    18 1.061021 -1.480883 1.175125 0.020051 -0.451378 -0.329824
    19 -0.001760 -2.514106 1.268747 0.139770 0.000000 3.141592
    20 -1.220244 -1.798577 1.272703 -1.487043 -3.080293 -0.586032
    21 -0.004860 0.122106 0.000735 0.010737 0.041702 0.036316
    22 -10.306276 -2.570339 -6.593013 0.305711 2.512253 0.701899
    23 0.096951 -8.450422 -0.009364 -0.332513 -0.485863 -0.190206
    24 -0.139400 -0.111699 0.014398 0.602950 -0.047021 1.569868
    25 1.164474 -2.543937 -0.170327 -0.693854 -0.121661 0.241616
    26 0.024034 -1.129039 0.017807 -0.955509 0.000000 -0.000001
    27 0.014896 -0.883992 -0.019847 -0.957309 0.000000 -0.000000
    28 0.447949 -2.798981 -0.200442 -0.657962 0.047193 0.204345
    29 -0.032909 -1.480206 0.004935 -0.824247 0.000000 0.000000
    30 -0.027023 -1.076921 -0.020212 -0.790272 0.000000 -0.000000
    31 -0.249535 -2.846962 -0.174215 -0.582630 0.073408 0.096039
    32 0.043235 -1.683941 0.096015 -0.793304 0.000001 0.000000
    33 0.031729 -1.160831 0.058834 -0.483344 -0.000000 -0.000000
    34 -0.963867 -2.785142 -0.085346 -0.618635 0.135327 -0.091592
    35 0.028477 -1.403065 0.006271 -0.603976 0.000001 0.000000
    36 0.021414 -0.957780 0.020046 -0.428021 0.000000 0.000000
    37 -0.591283 -1.257737 0.232709 -1.369970 -0.466375 -2.290106
    38 1.522835 0.058679 0.016852 0.001411 -0.226617 -0.046880
    39 1.117948 0.048424 -0.005766 -0.000243 -0.311872 0.065422
    40 0.120152 -0.050266 -0.054488 0.366862 3.144320 1.551255
    41 -1.180679 -2.507216 -0.193860 0.174078 0.013294 -0.477916
    42 -0.024968 -1.123935 0.017595 -0.399958 0.000000 0.000000
    43 -0.020059 -0.890964 0.010094 -0.763707 -0.000000 -0.000000
    44 -0.488518 -2.755600 -0.228259 0.021291 -0.012955 -0.306739
    45 0.039887 -1.479790 0.029853 -0.312801 0.000000 0.000000
    46 0.028784 -1.075732 -0.023109 -0.857892 -0.000000 -0.000000
    47 0.250027 -2.820664 -0.238394 0.058002 -0.058472 -0.078775
    48 -0.049760 -1.680543 0.100480 -0.624477 0.000000 -0.000000
    49 -0.034142 -1.148310 0.084779 -1.037172 0.000000 0.000000
    50 0.957767 -2.746777 -0.090299 -0.146172 -0.139206 0.276765
    51 -0.033420 -1.397126 -0.011255 -0.475355 0.000000 0.000001
    52 -0.022361 -0.957433 0.018785 -0.858670 0.000000 0.000000
    53 0.583509 -1.197273 0.185380 0.498834 -0.339857 -0.429184
    54 1.535925 0.010248 0.005008 -0.002964 -0.491310 0.000890
    55 1.100770 0.004527 -0.010675 -0.002796 -0.975914 0.003459
  time 54
    0 6.766536 -1.705961 -8.006058 0.876066 -2.059606 -1.001636
    1 -0.071920 -8.498732 -0.104134 -0.199685 0.250422 0.103411
    2 -0.480402 -2.843485 2.688040 0.673012 -2.243426 1.543597
    3 -0.159184 0.084619 2.676531 -0.758097 1.064393 1.362610
    4 -0.011142 0.781255 -0.800262 1.727997 0.057637 -0.091041
    5 0.000000 0.718097 -0.000002 -0.050122 -0.007898 0.085762
    6 -0.000001 0.897711 1.580295 -0.150667 -0.044153 -0.157780
    7 -0.000000 -0.000000 0.811541 0.569018 -0.134605 0.274998
    8 2.249796 -1.554476 2.126746 -0.475826 0.237416 0.757798
    9 -2.220110 -1.484161 2.087684 2.530649 -0.481428 -0.851681
    10 0.082279 -2.364095 0.962661 -0.176167 0.008544 0.018050
    11 0.076694 -0.964245 3.251868 -1.022773 0.008544 0.018050
    12 1.798556 -0.139594 1.695335 0.513126 0.811034 3.113585
    13 -1.241366 -1.806391 1.056407 1.256939 -0.061300 2.555561
    14 1.239846 -1.806390 1.056407 1.163316 3.080293 0.586032
    15 1.218724 -1.798575 1.272704 -1.340342 0.061300 -2.555561
    16 0.004859 -0.122106 -0.000735 0.073338 0.041702 0.036316
    17 -1.061022 -1.480885 1.175125 0.128469 0.115698 -0.858385
    18 1.061021 -1.480883 1.175125 0.007217 -0.440230 -0.370323
    19 -0.001760 -2.506294 1.307811 0.163152 0.000000 3.141592
    20 -1.220244 -1.798577 1.272703 -1.487043 -3.080293 -0.586032
    21 -0.004860 0.122106 0.000735 0.010737 0.041702 0.036316
    22 -10.036736 -2.628934 -6.604732 0.336095 2.499738 0.700349
    23 0.096951 -8.450422 -0.009364 -0.318675 -0.454862 -0.164190
    24 -0.139400 -0.111699 0.014398 0.602950 -0.047021 1.569868
    25 1.164474 -2.543937 -0.170327 -0.702388 -0.136510 0.245127
    26 0.024034 -1.129039 0.017807 -0.975197 0.000000 -0.000001
    27 0.014896 -0.883992 -0.019847 -0.961755 0.000000 -0.000000
    28 0.447949 -2.798981 -0.200442 -0.658590 0.047193 0.204345
    29 -0.032909 -1.480206 0.004935 -0.828532 0.000000 0.000000
    30 -0.027023 -1.076921 -0.020212 -0.818828 0.000000 -0.000000
    31 -0.249535 -2.846962 -0.174215 -0.554701 0.073408 0.096039
    32 0.043235 -1.683941 0.096015 -0.791727 0.000001 0.000000
    33 0.031729 -1.160831 0.058834 -0.513752 -0.000000 -0.000000
    34 -0.963867 -2.785142 -0.085346 -0.579033 0.135327 -0.091592
    35 0.028477 -1.403065 0.006271 -0.593179 0.000001 0.000000
    36 0.021414 -0.957780 0.020046 -0.417824 0.000000 0.000000
    37 -0.591283 -1.257737 0.232709 -1.358337 -0.407426 -2.347297
    38 1.522835 0.058679 0.016852 0.001411 -0.228428 -0.046880
    39 1.117948 0.048424 -0.005766 -0.000243 -0.340578 0.065422
    40 0.120152 -0.050266 -0.054488 0.366862 3.144320 1.551255
    41 -1.180679 -2.507216 -0.193860 0.174078 0.013294 -0.477916
    42 -0.024968 -1.123935 0.017595 -0.399958 0.000000 0.000000
    43 -0.020059 -0.890964 0.010094 -0.763707 -0.000000 -0.000000
    44 -0.488518 -2.755600 -0.228259 0.021291 -0.012955 -0.306739
    45 0.039887 -1.479790 0.029853 -0.312801 0.000000 0.000000
    46 0.028784 -1.075732 -0.023109 -0.857892 -0.000000 -0.000000
    47 0.250027 -2.820664 -0.238394 0.058021 -0.058472 -0.078775
    48 -0.049760 -1.680543 0.100480 -0.624477 0.000000 -0.000000
    49 -0.034142 -1.148310 0.084779 -1.037172 0.000000 0.000000
    50 0.957767 -2.746777 -0.090299 -0.143524 -0.139206 0.276765
    51 -0.033420 -1.397126 -0.011255 -0.475553 0.000000 0.000001
    52 -0.022361 -0.957433 0.018785 -0.858670 0.000000 0.000000
    53 0.583509 -1.197273 0.185380 0.498834 -0.339857 -0.429184
    54 1.535925 0.010248 0.005008 -0.002964 -0.491310 0.000890
    55 1.100770 0.004527 -0.010675 -0.002796 -0.975914 0.003459
  time 55
    0 6.731379 -1.698149 -7.982619 0.886972 -2.053716 -1.014035
    1 -0.071920 -8.498732 -0.104134 -0.195330 0.257969 0.101918
    2 -0.480402 -2.843485 2.688040 0.673012 -2.243426 1.543597
    3 -0.139652 0.111963 2.649186 -0.762255 1.083726 1.360680
    4 -0.011142 0.781255 -0.800262 1.705334 0.024595 -0.083743
    5 0.000000 0.718097 -0.000002 -0.048150 -0.007430 0.080740
    6 -0.000001 0.897711 1.580295 -0.150667 -0.044153 -0.157780
    7 -0.000000 -0.000000 0.811541 0.569018 -0.134605 0.274998
    8 2.296672 -1.616978 2.169716 -0.473909 0.241467 0.765900
    9 -2.266987 -1.527131 2.118935 2.535754 -0.481260 -0.873085
    10 0.082279 -2.461755 0.993912 -0.176167 0.008544 0.018050
    11 0.076694 -1.046279 3.314370 -1.029053 0.008544 0.018050
    12 1.775118 -0.139594 1.671897 0.513126 0.811034 3.113585
    13 -1.241366 -1.806391 1.056407 1.256939 -0.061300 2.555561
    14 1.239846 -1.806390 1.056407 1.163316 3.080293 0.586032
    15 1.218724 -1.798575 1.272704 -1.340342 0.061300 -2.555561
    16 0.004859 -0.122106 -0.000735 0.073338 0.041702 0.036316
    17 -1.061022 -1.480885 1.175125 0.104833 0.122489 -0.902371
    18 1.061021 -1.480883 1.175125 -0.008378 -0.423170 -0.416380
    19 -0.001760 -2.498481 1.342968 0.184820 0.000000 3.141592
    20 -1.220244 -1.798577 1.272703 -1.487043 -3.080293 -0.586032
    21 -0.004860 0.122106 0.000735 0.010737 0.041702 0.036316
    22 -9.771103 -2.695343 -6.616451 0.365192 2.488454 0.700170
    23 0.096951 -8.450422 -0.009364 -0.300436 -0.425536 -0.140756
    24 -0.139400 -0.111699 0.014398 0.602950 -0.047021 1.569868
    25 1.164474 -2.543937 -0.170327 -0.708327 -0.151491 0.248687
    26 0.024034 -1.129039 0.017807 -0.990107 0.000000 -0.000001
    27 0.014896 -0.883992 -0.019847 -0.962866 0.000000 -0.000000
    28 0.447949 -2.798981 -0.200442 -0.657383 0.047193 0.204345
    29 -0.032909 -1.480206 0.004935 -0.830944 0.000000 0.000000
    30 -0.027023 -1.076921 -0.020212 -0.843180 0.000000 -0.000000
    31 -0.249535 -2.846962 -0.174215 -0.522447 0.073408 0.096039
    32 0.043235 -1.683941 0.096015 -0.789036 0.000001 0.000000
    33 0.031729 -1.160831 0.058834 -0.542122 -0.000000 -0.000000
    34 -0.963867 -2.785142 -0.085346 -0.521420 0.135327 -0.091592
    35 0.028477 -1.403065 0.006271 -0.577480 0.000001 0.000000
    36 0.021414 -0.957780 0.020046 -0.403171 0.000000 0.000000
    37 -0.591283 -1.257737 0.232709 -1.346632 -0.343284 -2.407301
    38 1.522835 0.058679 0.016852 0.001411 -0.230015 -0.046880
    39 1.117948 0.048424 -0.005766 -0.000243 -0.370116 0.065422
    40 0.120152 -0.050266 -0.054488 0.366862 3.144320 1.551255
    41 -1.180679 -2.507216 -0.193860 0.174078 0.013294 -0.477916
    42 -0.024968 -1.123935 0.017595 -0.399958 0.000000 0.000000
    43 -0.020059 -0.890964 0.010094 -0.763707 -0.000000 -0.000000
    44 -0.488518 -2.755600 -0.228259 0.021291 -0.012955 -0.306739
    45 0.039887 -1.479790 0.029853 -0.312801 0.000000 0.000000
    46 0.028784 -1.075732 -0.023109 -0.857892 -0.000000 -0.000000
    47 0.250027 -2.820664 -0.238394 0.058002 -0.058472 -0.078775
    48 -0.049760 -1.680543 0.100480 -0.624477 0.000000 -0.000000
    49 -0.034142 -1.148310 0.084779 -1.037172 0.000000 0.000000
    50 0.957767 -2.746777 -0.090299 -0.141034 -0.139206 0.276765
    51 -0.033420 -1.397126 -0.011255 -0.475736 0.000000 0.000001
    52 -0.022361 -0.957433 0.018785 -0.858670 0.000000 0.000000
    53 0.583509 -1.197273 0.185380 0.498834 -0.339857 -0.429184
    54 1.535925 0.010248 0.005008 -0.002964 -0.491310 0.000890
    55 1.100770 0.004527 -0.010675 -0.002796 -0.975914 0.003459
  time 56
    0 6.696221 -1.694242 -7.959181 0.898106 -2.047826 -1.026617
    1 -0.071920 -8.498732 -0.104134 -0.191122 0.265273 0.100486
    2 -0.480402 -2.843485 2.688040 0.673012 -2.243426 1.543597
    3 -0.120120 0.139308 2.625748 -0.766367 1.101464 1.358777
    4 -0.011142 0.781255 -0.800262 1.687464 -0.002706 -0.077367
    5 0.000000 0.718097 -0.000002 -0.045934 -0.006927 0.075287
    6 -0.000001 0.897711 1.580295 -0.150667 -0.044153 -0.157780
    7 -0.000000 -0.000000 0.811541 0.569018 -0.134605 0.274998
    8 2.339643 -1.679480 2.208780 -0.471967 0.245457 0.773941
    9 -2.309957 -1.566195 2.150186 2.540896 -0.480912 -0.894310
    10 0.086186 -2.563320 1.025163 -0.176167 0.008544 0.018050
    11 0.080601 -1.128313 3.372966 -1.035297 0.008544 0.018050
    12 1.747773 -0.139594 1.644552 0.513126 0.811034 3.113585
    13 -1.241366 -1.806391 1.056407 1.259478 -0.061300 2.555561
    14 1.239846 -1.806390 1.056407 1.160712 3.080293 0.586032
    15 1.218724 -1.798575 1.272704 -1.340608 0.061300 -2.555561
    16 0.004859 -0.122106 -0.000735 0.073338 0.041702 0.036316
    17 -1.061022 -1.480885 1.175125 0.073800 0.124049 -0.943628
    18 1.061021 -1.480883 1.175125 -0.026282 -0.401027 -0.466764
    19 -0.001760 -2.486762 1.374219 0.203660 0.000000 3.141592
    20 -1.220244 -1.798577 1.272703 -1.485271 -3.080293 -0.586032
    21 -0.004860 0.122106 0.000735 0.010737 0.041702 0.036316
    22 -9.517189 -2.769564 -6.620357 0.392241 2.478767 0.701184
    23 0.096951 -8.450422 -0.009364 -0.277669 -0.399080 -0.120879
    24 -0.139400 -0.111699 0.014398 0.602950 -0.047021 1.569868
    25 1.164474 -2.543937 -0.170327 -0.711316 -0.166028 0.252126
    26 0.024034 -1.129039 0.017807 -0.999538 0.000000 -0.000001
    27 0.014896 -0.883992 -0.019847 -0.959532 0.000000 -0.000000
    28 0.447949 -2.798981 -0.200442 -0.653809 0.047193 0.204345
    29 -0.032909 -1.480206 0.004935 -0.830658 0.000000 0.000000
    30 -0.027023 -1.076921 -0.020212 -0.862189 0.000000 -0.000000
    31 -0.249535 -2.846962 -0.174215 -0.487626 0.073408 0.096039
    32 0.043235 -1.683941 0.096015 -0.784915 0.000001 0.000000
    33 0.031729 -1.160831 0.058834 -0.567386 -0.000000 -0.000000
    34 -0.963867 -2.785142 -0.085346 -0.452641 0.135327 -0.091592
    35 0.028477 -1.403065 0.006271 -0.558763 0.000001 0.000000
    36 0.021414 -0.957780 0.020046 -0.386057 0.000000 0.000000
    37 -0.591283 -1.257737 0.232709 -1.335524 -0.279126 -2.465877
    38 1.522835 0.058679 0.016852 0.001411 -0.231062 -0.046880
    39 1.117948 0.048424 -0.005766 -0.000243 -0.398683 0.065422
    40 0.120152 -0.050266 -0.054488 0.366862 3.144320 1.551255
    41 -1.180679 -2.507216 -0.193860 0.174078 0.013294 -0.477916
    42 -0.024968 -1.123935 0.017595 -0.399958 0.000000 0.000000
    43 -0.020059 -0.890964 0.010094 -0.763707 -0.000000 -0.000000
    44 -0.488518 -2.755600 -0.228259 0.021291 -0.012955 -0.306739
    45 0.039887 -1.479790 0.029853 -0.312801 0.000000 0.000000
    46 0.028784 -1.075732 -0.023109 -0.857892 -0.000000 -0.000000
    47 0.250027 -2.820664 -0.238394 0.058002 -0.058472 -0.078775
    48 -0.049760 -1.680543 0.100480 -0.624477 0.000000 -0.000000
    49 -0.034142 -1.148310 0.084779 -1.037172 0.000000 0.000000
    50 0.957767 -2.746777 -0.090299 -0.138722 -0.139206 0.276765
    51 -0.033420 -1.397126 -0.011255 -0.475906 0.000000 0.000001
    52 -0.022361 -0.957433 0.018785 -0.858670 0.000000 0.000000
    53 0.583509 -1.197273 0.185380 0.498834 -0.339857 -0.429184
    54 1.535925 0.010248 0.005008 -0.002964 -0.491310 0.000890
    55 1.100770 0.004527 -0.010675 -0.002796 -0.975914 0.003459
  time 57
    0 6.661064 -1.690336 -7.939649 0.909164 -2.042228 -1.039108
    1 -0.071920 -8.498732 -0.104134 -0.187135 0.272157 0.099130
    2 -0.480402 -2.843485 2.688040 0.673012 -2.243426 1.543597
    3 -0.108401 0.154934 2.606216 -0.769565 1.114452 1.357281
    4 -0.011142 0.781255 -0.800262 1.675392 -0.024697 -0.071518
    5 0.000000 0.718097 -0.000002 -0.043549 -0.006400 0.069475
    6 -0.000001 0.897711 1.580295 -0.150667 -0.044153 -0.157780
    7 -0.000000 -0.000000 0.811541 0.569018 -0.134605 0.274998
    8 2.382612 -1.738075 2.251750 -0.470110 0.249209 0.781551
    9 -2.352927 -1.605259 2.177531 2.545785 -0.480421 -0.914312
    10 0.086186 -2.657073 1.056414 -0.176167 0.008544 0.018050
    11 0.080601 -1.206440 3.427655 -1.041181 0.008544 0.018050
    12 1.724335 -0.139594 1.621114 0.513126 0.811034 3.113585
    13 -1.241366 -1.806391 1.056407 1.266419 -0.061300 2.555561
    14 1.239846 -1.806390 1.056407 1.153805 3.080293 0.586032
    15 1.218724 -1.798575 1.272704 -1.341851 0.061300 -2.555561
    16 0.004859 -0.122106 -0.000735 0.073338 0.041702 0.036316
    17 -1.061022 -1.480885 1.175125 0.039021 0.120276 -0.977709
    18 1.061021 -1.480883 1.175125 -0.046015 -0.374626 -0.520423
    19 -0.001760 -2.475043 1.397657 0.218521 0.000000 3.141592
    20 -1.220244 -1.798577 1.272703 -1.480237 -3.080293 -0.586032
    21 -0.004860 0.122106 0.000735 0.010737 0.041702 0.036316
    22 -9.274994 -2.843785 -6.624264 0.416506 2.471175 0.703271
    23 0.096951 -8.450422 -0.009364 -0.250214 -0.376639 -0.105603
    24 -0.139400 -0.111699 0.014398 0.602950 -0.047021 1.569868
    25 1.164474 -2.543937 -0.170327 -0.710883 -0.179547 0.255326
    26 0.024034 -1.129039 0.017807 -1.002665 0.000000 -0.000001
    27 0.014896 -0.883992 -0.019847 -0.950679 0.000000 -0.000000
    28 0.447949 -2.798981 -0.200442 -0.647194 0.047193 0.204345
    29 -0.032909 -1.480206 0.004935 -0.826850 0.000000 0.000000
    30 -0.027023 -1.076921 -0.020212 -0.874686 0.000000 -0.000000
    31 -0.249535 -2.846962 -0.174215 -0.451813 0.073408 0.096039
    32 0.043235 -1.683941 0.096015 -0.779070 0.000001 0.000000
    33 0.031729 -1.160831 0.058834 -0.588413 -0.000000 -0.000000
    34 -0.963867 -2.785142 -0.085346 -0.379607 0.135327 -0.091592
    35 0.028477 -1.403065 0.006271 -0.538896 0.000001 0.000000
    36 0.021414 -0.957780 0.020046 -0.368397 0.000000 0.000000
    37 -0.591283 -1.257737 0.232709 -1.325697 -0.220192 -2.518805
    38 1.522835 0.058679 0.016852 0.001411 -0.231227 -0.046880
    39 1.117948 0.048424 -0.005766 -0.000243 -0.424454 0.065422
    40 0.120152 -0.050266 -0.054488 0.366862 3.144320 1.551255
    41 -1.180679 -2.507216 -0.193860 0.174078 0.013294 -0.477916
    42 -0.024968 -1.123935 0.017595 -0.399958 0.000000 0.000000
    43 -0.020059 -0.890964 0.010094 -0.763707 -0.000000 -0.000000
    44 -0.488518 -2.755600 -0.228259 0.021291 -0.012955 -0.306739
    45 0.039887 -1.479790 0.029853 -0.312801 0.000000 0.000000
    46 0.028784 -1.075732 -0.023109 -0.857892 -0.000000 -0.000000
    47 0.250027 -2.820664 -0.238394 0.058002 -0.058472 -0.078775
    48 -0.049760 -1.680543 0.100480 -0.624477 0.000000 -0.000000
    49 -0.034142 -1.148310 0.084779 -1.037172 0.000000 0.000000
    50 0.957767 -2.746777 -0.090299 -0.136647 -0.139206 0.276765
    51 -0.033420 -1.397126 -0.011255 -0.476061 0.000000 0.000001
    52 -0.022361 -0.957433 0.018785 -0.858670 0.000000 0.000000
    53 0.583509 -1.197273 0.185380 0.498834 -0.339857 -0.429184
    54 1.535925 0.010248 0.005008 -0.002964 -0.491310 0.000890
    55 1.100770 0.004527 -0.010675 -0.002796 -0.975914 0.003459
  time 58
    0 6.633719 -1.686430 -7.920117 0.919768 -2.037174 -1.051048
    1 -0.071920 -8.498732 -0.104134 -0.183444 0.278377 0.097881
    2 -0.480402 -2.843485 2.688040 0.673012 -2.243426 1.543597
    3 -0.104494 0.162746 2.602310 -0.770844 1.119482 1.356683
    4 -0.011142 0.781255 -0.800262 1.668515 -0.043345 -0.065634
    5 0.000000 0.718097 -0.000002 -0.040993 -0.005836 0.063410
    6 -0.000001 0.897711 1.580295 -0.150667 -0.044153 -0.157780
    7 -0.000000 -0.000000 0.811541 0.569018 -0.134605 0.274998
    8 2.421676 -1.788858 2.283001 -0.468432 0.252540 0.788323
    9 -2.388084 -1.640416 2.200969 2.550172 -0.479822 -0.932073
    10 0.090092 -2.739107 1.083758 -0.176167 0.008544 0.018050
    11 0.084507 -1.272848 3.478437 -1.046419 0.008544 0.018050
    12 1.704803 -0.139594 1.597676 0.513126 0.811034 3.113585
    13 -1.241366 -1.806391 1.056407 1.276153 -0.061300 2.555561
    14 1.239846 -1.806390 1.056407 1.144057 3.080293 0.586032
    15 1.218724 -1.798575 1.272704 -1.344602 0.061300 -2.555561
    16 0.004859 -0.122106 -0.000735 0.073338 0.041702 0.036316
    17 -1.061022 -1.480885 1.175125 0.004175 0.111016 -1.000101
    18 1.061021 -1.480883 1.175125 -0.067128 -0.344826 -0.576124
    19 -0.001760 -2.459417 1.413283 0.228264 0.000000 3.141592
    20 -1.220244 -1.798577 1.272703 -1.472871 -3.080293 -0.586032
    21 -0.004860 0.122106 0.000735 0.010737 0.041702 0.036316
    22 -9.056238 -2.921912 -6.628170 0.437199 2.466043 0.706371
    23 0.096951 -8.450422 -0.009364 -0.217945 -0.359425 -0.095922
    24 -0.139400 -0.111699 0.014398 0.602950 -0.047021 1.569868
    25 1.164474 -2.543937 -0.170327 -0.706675 -0.191483 0.258155
    26 0.024034 -1.129039 0.017807 -0.998812 0.000000 -0.000001
    27 0.014896 -0.883992 -0.019847 -0.935272 0.000000 -0.000000
    28 0.447949 -2.798981 -0.200442 -0.637004 0.047193 0.204345
    29 -0.032909 -1.480206 0.004935 -0.818725 0.000000 0.000000
    30 -0.027023 -1.076921 -0.020212 -0.879529 0.000000 -0.000000
    31 -0.249535 -2.846962 -0.174215 -0.416632 0.073408 0.096039
    32 0.043235 -1.683941 0.096015 -0.771164 0.000001 0.000000
    33 0.031729 -1.160831 0.058834 -0.604102 -0.000000 -0.000000
    34 -0.963867 -2.785142 -0.085346 -0.309101 0.135327 -0.091592
    35 0.028477 -1.403065 0.006271 -0.519743 0.000001 0.000000
    36 0.021414 -0.957780 0.020046 -0.352146 0.000000 0.000000
    37 -0.591283 -1.257737 0.232709 -1.317840 -0.171643 -2.561866
    38 1.522835 0.058679 0.016852 0.001411 -0.230179 -0.046880
    39 1.117948 0.048424 -0.005766 -0.000243 -0.445649 0.065422
    40 0.120152 -0.050266 -0.054488 0.366862 3.144320 1.551255
    41 -1.180679 -2.507216 -0.193860 0.174078 0.013294 -0.477916
    42 -0.024968 -1.123935 0.017595 -0.399958 0.000000 0.000000
    43 -0.020059 -0.890964 0.010094 -0.763707 -0.000000 -0.000000
    44 -0.488518 -2.755600 -0.228259 0.021291 -0.012955 -0.306739
    45 0.039887 -1.479790 0.029853 -0.312801 0.000000 0.000000
    46 0.028784 -1.075732 -0.023109 -0.857892 -0.000000 -0.000000
    47 0.250027 -2.820664 -0.238394 0.058002 -0.058472 -0.078775
    48 -0.049760 -1.680543 0.100480 -0.624477 0.000000 -0.000000
    49 -0.034142 -1.148310 0.084779 -1.037172 0.000000 0.000000
    50 0.957767 -2.746777 -0.090299 -0.134868 -0.139206 0.276765
    51 -0.033420 -1.397126 -0.011255 -0.476189 0.000000 0.000001
    52 -0.022361 -0.957433 0.018785 -0.858670 0.000000 0.000000
    53 0.583509 -1.197273 0.185380 0.498834 -0.339857 -0.429184
    54 1.535925 0.010248 0.005008 -0.002964 -0.491310 0.000890
    55 1.100770 0.004527 -0.010675 -0.002796 -0.975914 0.003459
  time 59
    0 6.606375 -1.682523 -7.904491 0.929538 -2.032871 -1.062069
    1 -0.071920 -8.498732 -0.104134 -0.180196 0.283758 0.096815
    2 -0.480402 -2.843485 2.688040 0.673012 -2.243426 1.543597
    3 -0.112307 0.151027 2.610122 -0.768445 1.110035 1.357798
    4 -0.011142 0.781255 -0.800262 1.666282 -0.058865 -0.059762
    5 0.000000 0.718097 -0.000002 -0.038266 -0.005261 0.057155
    6 -0.000001 0.897711 1.580295 -0.150667 -0.044153 -0.157780
    7 -0.000000 -0.000000 0.811541 0.569018 -0.134605 0.274998
    8 2.449021 -1.827922 2.314252 -0.467042 0.255249 0.793860
    9 -2.419335 -1.663854 2.224407 2.553767 -0.479235 -0.946575
    10 0.090092 -2.805515 1.103290 -0.176167 0.008544 0.018050
    11 0.084507 -1.327538 3.517501 -1.050685 0.008544 0.018050
    12 1.689178 -0.139594 1.582051 0.513126 0.811034 3.113585
    13 -1.241366 -1.806391 1.056407 1.287326 -0.061300 2.555561
    14 1.239846 -1.806390 1.056407 1.132889 3.080293 0.586032
    15 1.218724 -1.798575 1.272704 -1.349483 0.061300 -2.555561
    16 0.004859 -0.122106 -0.000735 0.073338 0.041702 0.036316
    17 -1.061022 -1.480885 1.175125 -0.027071 0.096180 -1.006335
    18 1.061021 -1.480883 1.175125 -0.089139 -0.312514 -0.632848
    19 -0.001760 -2.447698 1.417189 0.231764 0.000000 3.141592
    20 -1.220244 -1.798577 1.272703 -1.463733 -3.080293 -0.586032
    21 -0.004860 0.122106 0.000735 0.010737 0.041702 0.036316
    22 -8.860919 -2.992227 -6.624264 0.453586 2.463870 0.710246
    23 0.096951 -8.450422 -0.009364 -0.180733 -0.348601 -0.092860
    24 -0.139400 -0.111699 0.014398 0.602950 -0.047021 1.569868
    25 1.164474 -2.543937 -0.170327 -0.698259 -0.201251 0.260468
    26 0.024034 -1.129039 0.017807 -0.987155 0.000000 -0.000001
    27 0.014896 -0.883992 -0.019847 -0.912161 0.000000 -0.000000
    28 0.447949 -2.798981 -0.200442 -0.622614 0.047193 0.204345
    29 -0.032909 -1.480206 0.004935 -0.805427 0.000000 0.000000
    30 -0.027023 -1.076921 -0.020212 -0.875577 0.000000 -0.000000
    31 -0.249535 -2.846962 -0.174215 -0.383838 0.073408 0.096039
    32 0.043235 -1.683941 0.096015 -0.760924 0.000001 0.000000
    33 0.031729 -1.160831 0.058834 -0.613418 -0.000000 -0.000000
    34 -0.963867 -2.785142 -0.085346 -0.248064 0.135327 -0.091592
    35 0.028477 -1.403065 0.006271 -0.503189 0.000001 0.000000
    36 0.021414 -0.957780 0.020046 -0.339237 0.000000 0.000000
    37 -0.591283 -1.257737 0.232709 -1.312619 -0.138704 -2.590797
    38 1.522835 0.058679 0.016852 0.001411 -0.227605 -0.046880
    39 1.117948 0.048424 -0.005766 -0.000243 -0.460441 0.065422
    40 0.120152 -0.050266 -0.054488 0.366862 3.144320 1.551255
    41 -1.180679 -2.507216 -0.193860 0.174078 0.013294 -0.477916
    42 -0.024968 -1.123935 0.017595 -0.399958 0.000000 0.000000
    43 -0.020059 -0.890964 0.010094 -0.763707 -0.000000 -0.000000
    44 -0.488518 -2.755600 -0.228259 0.021291 -0.012955 -0.306739
    45 0.039887 -1.479790 0.029853 -0.312801 0.000000 0.000000
    46 0.028784 -1.075732 -0.023109 -0.857892 -0.000000 -0.000000
    47 0.250027 -2.820664 -0.238394 0.058002 -0.058472 -0.078775
    48 -0.049760 -1.680543 0.100480 -0.624477 0.000000 -0.000000
    49 -0.034142 -1.148310 0.084779 -1.037172 0.000000 0.000000
    50 0.957767 -2.746777 -0.090299 -0.133425 -0.139206 0.276765
    51 -0.033420 -1.397126 -0.011255 -0.476288 0.000000 0.000001
    52 -0.022361 -0.957433 0.018785 -0.858670 0.000000 0.000000
    53 0.583509 -1.197273 0.185380 0.498834 -0.339857 -0.429184
    54 1.535925 0.010248 0.005008 -0.002964 -0.491310 0.000890
    55 1.100770 0.004527 -0.010675 -0.002796 -0.975914 0.003459
  time 60
    0 6.586843 -1.682523 -7.896679 0.938021 -2.029654 -1.071713
    1 -0.071920 -8.498732 -0.104134 -0.177538 0.288091 0.095931
    2 -0.480402 -2.843485 2.688040 0.673012 -2.243426 1.543597
    3 -0.135745 0.119776 2.645280 -0.763100 1.087512 1.360272
    4 -0.011142 0.781255 -0.800262 1.668139 -0.071509 -0.053961
    5 0.000000 0.718097 -0.000002 -0.035442 -0.004674 0.050815
    6 -0.000001 0.897711 1.580295 -0.150667 -0.044153 -0.157780
    7 -0.000000 -0.000000 0.811541 0.569018 -0.134605 0.274998
    8 2.468553 -1.855266 2.329877 -0.466047 0.257142 0.797767
    9 -2.434961 -1.683386 2.236126 2.556320 -0.478767 -0.956773
    10 0.090092 -2.848485 1.118916 -0.176167 0.008544 0.018050
    11 0.084507 -1.362695 3.540939 -1.053693 0.008544 0.018050
    12 1.677459 -0.139594 1.570331 0.513126 0.811034 3.113585
    13 -1.241366 -1.806391 1.056407 1.298499 -0.061300 2.555561
    14 1.239846 -1.806390 1.056407 1.121699 3.080293 0.586032
    15 1.218724 -1.798575 1.272704 -1.357026 0.061300 -2.555561
    16 0.004859 -0.122106 -0.000735 0.073338 0.041702 0.036316
    17 -1.061022 -1.480885 1.175125 -0.051085 0.075614 -0.991920
    18 1.061021 -1.480883 1.175125 -0.111632 -0.278518 -0.689451
    19 -0.001760 -2.432073 1.417189 0.231764 0.001330 3.141904
    20 -1.220244 -1.798577 1.272703 -1.453850 -3.080293 -0.586032
    21 -0.004860 0.122106 0.000735 0.010737 0.041702 0.036316
    22 -8.700758 -3.062541 -6.612545 0.464904 2.465075 0.714897
    23 0.096951 -8.450422 -0.009364 -0.138452 -0.345344 -0.097428
    24 -0.139400 -0.111699 0.014398 0.602950 -0.047021 1.569868
    25 1.164474 -2.543937 -0.170327 -0.685280 -0.208274 0.262133
    26 0.024034 -1.129039 0.017807 -0.966992 0.000000 -0.000001
    27 0.014896 -0.883992 -0.019847 -0.880350 0.000000 -0.000000
    28 0.447949 -2.798981 -0.200442 -0.603491 0.047193 0.204345
    29 -0.032909 -1.480206 0.004935 -0.786131 0.000000 0.000000
    30 -0.027023 -1.076921 -0.020212 -0.861688 0.000000 -0.000000
    31 -0.249535 -2.846962 -0.174215 -0.355007 0.073408 0.096039
    32 0.043235 -1.683941 0.096015 -0.748035 0.000001 0.000000
    33 0.031729 -1.160831 0.058834 -0.615230 -0.000000 -0.000000
    34 -0.963867 -2.785142 -0.085346 -0.203281 0.135327 -0.091592
    35 0.028477 -1.403065 0.006271 -0.491084 0.000001 0.000000
    36 0.021414 -0.957780 0.020046 -0.331647 0.000000 0.000000
    37 -0.591283 -1.257737 0.232709 -1.310741 -0.126567 -2.601378
    38 1.522835 0.058679 0.016852 0.001411 -0.223174 -0.046880
    39 1.117948 0.048424 -0.005766 -0.000243 -0.467051 0.065422
    40 0.120152 -0.050266 -0.054488 0.366862 3.144320 1.551255
    41 -1.180679 -2.507216 -0.193860 0.174078 0.013294 -0.477916
    42 -0.024968 -1.123935 0.017595 -0.399958 0.000000 0.000000
    43 -0.020059 -0.890964 0.010094 -0.763707 -0.000000 -0.000000
    44 -0.488518 -2.755600 -0.228259 0.021291 -0.012955 -0.306739
    45 0.039887 -1.479790 0.029853 -0.312801 0.000000 0.000000
    46 0.028784 -1.075732 -0.023109 -0.857892 -0.000000 -0.000000
    47 0.250027 -2.820664 -0.238394 0.058002 -0.058472 -0.078775
    48 -0.049760 -1.680543 0.100480 -0.624477 0.000000 -0.000000
    49 -0.034142 -1.148310 0.084779 -1.037172 0.000000 0.000000
    50 0.957767 -2.746777 -0.090299 -0.132358 -0.139206 0.276765
    51 -0.033420 -1.397126 -0.011255 -0.476372 0.000000 0.000001
    52 -0.022361 -0.957433 0.018785 -0.858670 0.000000 0.000000
    53 0.583509 -1.197273 0.185380 0.498834 -0.339857 -0.429184
    54 1.535925 0.010248 0.005008 -0.002964 -0.491310 0.000890
    55 1.100770 0.004527 -0.010675 -0.002796 -0.975914 0.003459
  time 61
    0 6.571218 -1.678617 -7.892773 0.945898 -2.027440 -1.080530
    1 -0.071920 -8.498732 -0.104134 -0.175176 0.291725 0.095169
    2 -0.480402 -2.843485 2.688040 0.673012 -2.243426 1.543597
    3 -0.163090 0.080713 2.684343 -0.757343 1.060607 1.362963
    4 -0.011142 0.781255 -0.800262 1.673510 -0.081504 -0.048280
    5 0.000000 0.718097 -0.000002 -0.032497 -0.004099 0.044475
    6 -0.000001 0.897711 1.580295 -0.150667 -0.044153 -0.157780
    7 -0.000000 -0.000000 0.811541 0.569018 -0.134605 0.274998
    8 2.476365 -1.866985 2.337690 -0.465567 0.258053 0.799636
    9 -2.442774 -1.687292 2.240033 2.557542 -0.478528 -0.961651
    10 0.093998 -2.868017 1.122822 -0.176167 0.008544 0.018050
    11 0.084507 -1.382227 3.552659 -1.055131 0.008544 0.018050
    12 1.673552 -0.139594 1.566425 0.513126 0.811034 3.113585
    13 -1.241366 -1.806391 1.056407 1.308318 -0.061300 2.555561
    14 1.239846 -1.806390 1.056407 1.111951 3.080293 0.586032
    15 1.218724 -1.798575 1.272704 -1.367765 0.061300 -2.555561
    16 0.004859 -0.122106 -0.000735 0.073338 0.041702 0.036316
    17 -1.061022 -1.480885 1.175125 -0.064169 0.049203 -0.952405
    18 1.061021 -1.480883 1.175125 -0.134061 -0.243756 -0.744882
    19 -0.005666 -2.408634 1.413283 0.231764 0.005046 3.142778
    20 -1.220244 -1.798577 1.272703 -1.443687 -3.080293 -0.586032
    21 -0.004860 0.122106 0.000735 0.010737 0.041702 0.036316
    22 -8.556223 -3.128950 -6.604732 0.473229 2.469735 0.720561
    23 0.096951 -8.450422 -0.009364 -0.087625 -0.351020 -0.111486
    24 -0.139400 -0.111699 0.014398 0.602950 -0.047021 1.569868
    25 1.164474 -2.543937 -0.170327 -0.668919 -0.213068 0.263272
    26 0.024034 -1.129039 0.017807 -0.935871 0.000000 -0.000001
    27 0.014896 -0.883992 -0.019847 -0.838345 0.000000 -0.000000
    28 0.447949 -2.798981 -0.200442 -0.579877 0.047193 0.204345
    29 -0.032909 -1.480206 0.004935 -0.761028 0.000000 0.000000
    30 -0.027023 -1.076921 -0.020212 -0.835805 0.000000 -0.000000
    31 -0.249535 -2.846962 -0.174215 -0.330367 0.073408 0.096039
    32 0.043235 -1.683941 0.096015 -0.732518 0.000001 0.000000
    33 0.031729 -1.160831 0.058834 -0.607984 -0.000000 -0.000000
    34 -0.963867 -2.785142 -0.085346 -0.175276 0.135327 -0.091592
    35 0.028477 -1.403065 0.006271 -0.483496 0.000001 0.000000
    36 0.021414 -0.957780 0.020046 -0.329839 0.000000 0.000000
    37 -0.591283 -1.257737 0.232709 -1.311409 -0.128483 -2.594302
    38 1.522835 0.058679 0.016852 0.001411 -0.215674 -0.046880
    39 1.117948 0.048424 -0.005766 -0.000243 -0.464994 0.065422
    40 0.120152 -0.050266 -0.054488 0.366862 3.144320 1.551255
    41 -1.180679 -2.507216 -0.193860 0.174078 0.013294 -0.477916
    42 -0.024968 -1.123935 0.017595 -0.399958 0.000000 0.000000
    43 -0.020059 -0.890964 0.010094 -0.763707 -0.000000 -0.000000
    44 -0.488518 -2.755600 -0.228259 0.021291 -0.012955 -0.306739
    45 0.039887 -1.479790 0.029853 -0.312801 0.000000 0.000000
    46 0.028784 -1.075732 -0.023109 -0.857892 -0.000000 -0.000000
    47 0.250027 -2.820664 -0.238394 0.058021 -0.058472 -0.078775
    48 -0.049760 -1.680543 0.100480 -0.624477 0.000000 -0.000000
    49 -0.034142 -1.148310 0.084779 -1.037172 0.000000 0.000000
    50 0.957767 -2.746777 -0.090299 -0.131232 -0.139206 0.276765
    51 -0.033420 -1.397126 -0.011255 -0.476457 0.000000 0.000001
    52 -0.022361 -0.957433 0.018785 -0.858670 0.000000 0.000000
    53 0.583509 -1.197273 0.185380 0.498834 -0.339857 -0.429184
    54 1.535925 0.010248 0.005008 -0.002964 -0.491310 0.000890
    55 1.100770 0.004527 -0.010675 -0.002796 -0.975914 0.003459
  time 62
    0 6.551686 -1.678617 -7.892773 0.953775 -2.025936 -1.089347
    1 -0.071920 -8.498732 -0.104134 -0.172813 0.295220 0.094438
    2 -0.480402 -2.843485 2.688040 0.673012 -2.243426 1.543597
    3 -0.186528 0.049462 2.715594 -0.752957 1.038067 1.365029
    4 -0.011142 0.781255 -0.800262 1.681867 -0.089067 -0.042779
    5 0.000000 0.718097 -0.000002 -0.029478 -0.003511 0.038231
    6 -0.000001 0.897711 1.580295 -0.150667 -0.044153 -0.157780
    7 -0.000000 -0.000000 0.811541 0.569018 -0.134605 0.274998
    8 2.468553 -1.859173 2.333784 -0.465615 0.257981 0.799468
    9 -2.438867 -1.683386 2.236126 2.557435 -0.478552 -0.961220
    10 0.093998 -2.856298 1.122822 -0.176167 0.008544 0.018050
    11 0.084507 -1.374414 3.544846 -1.054999 0.008544 0.018050
    12 1.677459 -0.139594 1.570331 0.513126 0.811034 3.113585
    13 -1.241366 -1.806391 1.056407 1.315174 -0.061300 2.555561
    14 1.239846 -1.806390 1.056407 1.105044 3.080293 0.586032
    15 1.218724 -1.798575 1.272704 -1.382319 0.061300 -2.555561
    16 0.004859 -0.122106 -0.000735 0.073338 0.041702 0.036316
    17 -1.061022 -1.480885 1.175125 -0.062673 0.016832 -0.883280
    18 1.061021 -1.480883 1.175125 -0.156008 -0.209148 -0.798180
    19 -0.013479 -2.381290 1.409376 0.231776 0.010702 3.144121
    20 -1.220244 -1.798577 1.272703 -1.434270 -3.080293 -0.586032
    21 -0.004860 0.122106 0.000735 0.010737 0.041702 0.036316
    22 -8.415593 -3.199265 -6.589106 0.480740 2.477301 0.727596
    23 0.096951 -8.450422 -0.009364 -0.026626 -0.364776 -0.134745
    24 -0.139400 -0.111699 0.014398 0.602950 -0.047021 1.569868
    25 1.164474 -2.543937 -0.170327 -0.650316 -0.216639 0.264123
    26 0.024034 -1.129039 0.017807 -0.893468 0.000000 -0.000001
    27 0.014896 -0.883992 -0.019847 -0.786758 0.000000 -0.000000
    28 0.447949 -2.798981 -0.200442 -0.552690 0.047193 0.204345
    29 -0.032909 -1.480206 0.004935 -0.731100 0.000000 0.000000
    30 -0.027023 -1.076921 -0.020212 -0.798149 0.000000 -0.000000
    31 -0.249535 -2.846962 -0.174215 -0.308339 0.073408 0.096039
    32 0.043235 -1.683941 0.096015 -0.714709 0.000001 0.000000
    33 0.031729 -1.160831 0.058834 -0.591842 -0.000000 -0.000000
    34 -0.963867 -2.785142 -0.085346 -0.158251 0.135327 -0.091592
    35 0.028477 -1.403065 0.006271 -0.478716 0.000001 0.000000
    36 0.021414 -0.957780 0.020046 -0.332383 0.000000 0.000000
    37 -0.591283 -1.257737 0.232709 -1.313342 -0.133721 -2.574914
    38 1.522835 0.058679 0.016852 0.001411 -0.204776 -0.046880
    39 1.117948 0.048424 -0.005766 -0.000243 -0.455888 0.065422
    40 0.120152 -0.050266 -0.054488 0.366862 3.144320 1.551255
    41 -1.180679 -2.507216 -0.193860 0.174078 0.013294 -0.477916
    42 -0.024968 -1.123935 0.017595 -0.399958 0.000000 0.000000
    43 -0.020059 -0.890964 0.010094 -0.763707 -0.000000 -0.000000
    44 -0.488518 -2.755600 -0.228259 0.021291 -0.012955 -0.306739
    45 0.039887 -1.479790 0.029853 -0.312801 0.000000 0.000000
    46 0.028784 -1.075732 -0.023109 -0.857892 -0.000000 -0.000000
    47 0.250027 -2.820664 -0.238394 0.058021 -0.058472 -0.078775
    48 -0.049760 -1.680543 0.100480 -0.624477 0.000000 -0.000000
    49 -0.034142 -1.148310 0.084779 -1.037172 0.000000 0.000000
    50 0.957767 -2.746777 -0.090299 -0.129690 -0.139206 0.276765
    51 -0.033420 -1.397126 -0.011255 -0.476570 0.000000 0.000001
    52 -0.022361 -0.957433 0.018785 -0.858670 0.000000 0.000000
    53 0.583509 -1.197273 0.185380 0.498834 -0.339857 -0.429184
    54 1.535925 0.010248 0.005008 -0.002964 -0.491310 0.000890
    55 1.100770 0.004527 -0.010675 -0.002796 -0.975914 0.003459
  time 63
    0 6.536060 -1.678617 -7.892773 0.961576 -2.025101 -1.097980
    1 -0.071920 -8.498732 -0.104134 -0.170525 0.298469 0.093737
    2 -0.480402 -2.843485 2.688040 0.673012 -2.243426 1.543597
    3 -0.194341 0.033836 2.731220 -0.751244 1.028620 1.365844
    4 -0.011142 0.781255 -0.800262 1.692584 -0.094472 -0.037542
    5 0.000000 0.718097 -0.000002 -0.026387 -0.002960 0.032155
    6 -0.000001 0.897711 1.580295 -0.150667 -0.044153 -0.157780
    7 -0.000000 -0.000000 0.811541 0.569018 -0.134605 0.274998
    8 2.449021 -1.839641 2.318158 -0.466071 0.257107 0.797671
    9 -2.419335 -1.667760 2.224407 2.556260 -0.478779 -0.956534
    10 0.090092 -2.821141 1.115009 -0.176167 0.008544 0.018050
    11 0.084507 -1.350976 3.521408 -1.053621 0.008544 0.018050
    12 1.689178 -0.139594 1.582051 0.513126 0.811034 3.113585
    13 -1.241366 -1.806391 1.056407 1.317798 -0.061300 2.555561
    14 1.239846 -1.806390 1.056407 1.102440 3.080293 0.586032
    15 1.218724 -1.798575 1.272704 -1.401222 0.061300 -2.555561
    16 0.004859 -0.122106 -0.000735 0.073338 0.041702 0.036316
    17 -1.061022 -1.480885 1.175125 -0.042916 -0.021628 -0.780094
    18 1.061021 -1.480883 1.175125 -0.176928 -0.175641 -0.848293
    19 -0.025198 -2.350039 1.401564 0.231800 0.017881 3.145811
    20 -1.220244 -1.798577 1.272703 -1.426158 -3.080293 -0.586032
    21 -0.004860 0.122106 0.000735 0.010737 0.041702 0.036316
    22 -8.278871 -3.277392 -6.573481 0.486806 2.487329 0.735943
    23 0.096951 -8.450422 -0.009364 0.042154 -0.384564 -0.164944
    24 -0.139400 -0.111699 0.014398 0.602950 -0.047021 1.569868
    25 1.164474 -2.543937 -0.170327 -0.629078 -0.219168 0.264722
    26 0.024034 -1.129039 0.017807 -0.841985 0.000000 -0.000001
    27 0.014896 -0.883992 -0.019847 -0.727467 0.000000 -0.000000
    28 0.447949 -2.798981 -0.200442 -0.522171 0.047193 0.204345
    29 -0.032909 -1.480206 0.004935 -0.696919 0.000000 0.000000
    30 -0.027023 -1.076921 -0.020212 -0.750974 0.000000 -0.000000
    31 -0.249535 -2.846962 -0.174215 -0.287842 0.073408 0.096039
    32 0.043235 -1.683941 0.096015 -0.694734 0.000001 0.000000
    33 0.031729 -1.160831 0.058834 -0.568518 -0.000000 -0.000000
    34 -0.963867 -2.785142 -0.085346 -0.149584 0.135327 -0.091592
    35 0.028477 -1.403065 0.006271 -0.476135 0.000001 0.000000
    36 0.021414 -0.957780 0.020046 -0.338270 0.000000 0.000000
    37 -0.591283 -1.257737 0.232709 -1.316395 -0.141428 -2.546070
    38 1.522835 0.058679 0.016852 0.001411 -0.191469 -0.046880
    39 1.117948 0.048424 -0.005766 -0.000243 -0.441072 0.065422
    40 0.120152 -0.050266 -0.054488 0.366862 3.144320 1.551255
    41 -1.180679 -2.507216 -0.193860 0.174078 0.013294 -0.477916
    42 -0.024968 -1.123935 0.017595 -0.399958 0.000000 0.000000
    43 -0.020059 -0.890964 0.010094 -0.763707 -0.000000 -0.000000
    44 -0.488518 -2.755600 -0.228259 0.021291 -0.012955 -0.306739
    45 0.039887 -1.479790 0.029853 -0.312801 0.000000 0.000000
    46 0.028784 -1.075732 -0.023109 -0.857892 -0.000000 -0.000000
    47 0.250027 -2.820664 -0.238394 0.058021 -0.058472 -0.078775
    48 -0.049760 -1.680543 0.100480 -0.624477 0.000000 -0.000000
    49 -0.034142 -1.148310 0.084779 -1.037172 0.000000 0.000000
    50 0.957767 -2.746777 -0.090299 -0.127832 -0.139206 0.276765
    51 -0.033420 -1.397126 -0.011255 -0.476698 0.000000 0.000001
    52 -0.022361 -0.957433 0.018785 -0.858670 0.000000 0.000000
    53 0.583509 -1.197273 0.185380 0.498834 -0.339857 -0.429184
    54 1.535925 0.010248 0.005008 -0.002964 -0.491310 0.000890
    55 1.100770 0.004527 -0.010675 -0.002796 -0.975914 0.003459
  time 64
    0 6.520435 -1.682523 -7.896679 0.969226 -2.024850 -1.106430
    1 -0.071920 -8.498732 -0.104134 -0.168273 0.301474 0.093067
    2 -0.480402 -2.843485 2.688040 0.673012 -2.243426 1.543597
    3 -0.190435 0.041649 2.723407 -0.752158 1.033668 1.365410
    4 -0.011142 0.781255 -0.800262 1.705083 -0.097947 -0.032616
    5 0.000000 0.718097 -0.000002 -0.023295 -0.002421 0.026342
    6 -0.000001 0.897711 1.580295 -0.150667 -0.044153 -0.157780
    7 -0.000000 -0.000000 0.811541 0.569018 -0.134605 0.274998
    8 2.421676 -1.804483 2.294720 -0.466874 0.255549 0.794483
    9 -2.391991 -1.640416 2.204875 2.554175 -0.479163 -0.948204
    10 0.090092 -2.766451 1.099384 -0.176167 0.008544 0.018050
    11 0.084507 -1.308006 3.482344 -1.051165 0.008544 0.018050
    12 1.704803 -0.139594 1.597676 0.513126 0.811034 3.113585
    13 -1.241366 -1.806391 1.056407 1.317121 -0.061300 2.555561
    14 1.239846 -1.806390 1.056407 1.122388 3.086082 0.588537
    15 1.218724 -1.798575 1.272704 -1.429887 0.061300 -2.555561
    16 0.004859 -0.122106 -0.000735 0.077345 0.041702 0.036316
    17 -1.061022 -1.480885 1.175125 0.001298 -0.071675 -0.623737
    18 1.061021 -1.480883 1.175125 -0.196341 -0.144187 -0.894321
    19 -0.036917 -2.318788 1.397657 0.231836 0.026150 3.147764
    20 -1.220244 -1.798577 1.272703 -1.418792 -3.080293 -0.586032
    21 -0.004860 0.122106 0.000735 0.009240 0.041702 0.036316
    22 -8.153867 -3.359426 -6.553949 0.490798 2.499293 0.745483
    23 0.096951 -8.450422 -0.009364 0.116322 -0.408291 -0.199807
    24 -0.139400 -0.111699 0.014398 0.602950 -0.047021 1.569868
    25 1.164474 -2.543937 -0.170327 -0.604733 -0.220810 0.265106
    26 0.024034 -1.129039 0.017807 -0.783722 0.000000 -0.000001
    27 0.014896 -0.883992 -0.019847 -0.662428 0.000000 -0.000000
    28 0.447949 -2.798981 -0.200442 -0.488561 0.047193 0.204345
    29 -0.032909 -1.480206 0.004935 -0.659057 0.000000 0.000000
    30 -0.027023 -1.076921 -0.020212 -0.696535 0.000000 -0.000000
    31 -0.249535 -2.846962 -0.174215 -0.267841 0.073408 0.096039
    32 0.043235 -1.683941 0.096015 -0.672762 0.000001 0.000000
    33 0.031729 -1.160831 0.058834 -0.539696 -0.000000 -0.000000
    34 -0.963867 -2.785142 -0.085346 -0.146624 0.135327 -0.091592
    35 0.028477 -1.403065 0.006271 -0.475106 0.000001 0.000000
    36 0.021414 -0.957780 0.020046 -0.346553 0.000000 0.000000
    37 -0.591283 -1.257737 0.232709 -1.320423 -0.150781 -2.510539
    38 1.522835 0.058679 0.016852 0.001411 -0.176754 -0.046880
    39 1.117948 0.048424 -0.005766 -0.000243 -0.421842 0.065422
    40 0.120152 -0.050266 -0.054488 0.366862 3.144320 1.551255
    41 -1.180679 -2.507216 -0.193860 0.174078 0.013294 -0.477916
    42 -0.024968 -1.123935 0.017595 -0.399958 0.000000 0.000000
    43 -0.020059 -0.890964 0.010094 -0.763707 -0.000000 -0.000000
    44 -0.488518 -2.755600 -0.228259 0.021317 -0.012955 -0.306739
    45 0.039887 -1.479790 0.029853 -0.312801 0.000000 0.000000
    46 0.028784 -1.075732 -0.023109 -0.857892 -0.000000 -0.000000
    47 0.250027 -2.820664 -0.238394 0.058021 -0.058472 -0.078775
    48 -0.049760 -1.680543 0.100480 -0.624477 0.000000 -0.000000
    49 -0.034142 -1.148310 0.084779 -1.037172 0.000000 0.000000
    50 0.957767 -2.746777 -0.090299 -0.125817 -0.139206 0.276765
    51 -0.033420 -1.397126 -0.011255 -0.476853 0.000000 0.000001
    52 -0.022361 -0.957433 0.018785 -0.858670 0.000000 0.000000
    53 0.583509 -1.197273 0.185380 0.498834 -0.339857 -0.429184
    54 1.535925 0.010248 0.005008 -0.002964 -0.491310 0.000890
    55 1.100770 0.004527 -0.010675 -0.002796 -0.975914 0.003459
  time 65
    0 6.500903 -1.682523 -7.908398 0.976497 -2.025101 -1.114512
    1 -0.071920 -8.498732 -0.104134 -0.166132 0.304270 0.092427
    2 -0.480402 -2.843485 2.688040 0.673012 -2.243426 1.543597
    3 -0.178715 0.061181 2.703875 -0.754579 1.046638 1.364268
    4 -0.011142 0.781255 -0.800262 1.718761 -0.099721 -0.028098
    5 0.000000 0.718097 -0.000002 -0.020155 -0.001918 0.020889
    6 -0.000001 0.897711 1.580295 -0.150667 -0.044153 -0.157780
    7 -0.000000 -0.000000 0.811541 0.569018 -0.134605 0.274998
    8 2.386519 -1.761513 2.263469 -0.467976 0.253415 0.790120
    9 -2.356833 -1.609165 2.177531 2.551334 -0.479642 -0.936795
    10 0.090092 -2.696137 1.075946 -0.176167 0.008544 0.018050
    11 0.084507 -1.257223 3.435467 -1.047797 0.008544 0.018050
    12 1.724335 -0.139594 1.621114 0.513126 0.811034 3.113585
    13 -1.241366 -1.806391 1.056407 1.315174 -0.061300 2.555561
    14 1.239846 -1.806390 1.056407 1.173753 3.101134 0.595044
    15 1.218724 -1.798575 1.272704 -1.471953 0.061300 -2.555561
    16 0.004859 -0.122106 -0.000735 0.088689 0.041702 0.036316
    17 -1.061022 -1.480885 1.175125 0.061407 -0.131276 -0.428521
    18 1.061021 -1.480883 1.175125 -0.213764 -0.115735 -0.935331
    19 -0.048636 -2.287537 1.385938 0.231908 0.035055 3.149861
    20 -1.220244 -1.798577 1.272703 -1.410773 -3.080293 -0.586032
    21 -0.004860 0.122106 0.000735 0.004937 0.041702 0.036316
    22 -8.040582 -3.445366 -6.534417 0.492058 2.512698 0.756155
    23 0.096951 -8.450422 -0.009364 0.193455 -0.433880 -0.237075
    24 -0.139400 -0.111699 0.014398 0.602950 -0.047021 1.569868
    25 1.164474 -2.543937 -0.170327 -0.576809 -0.221744 0.265333
    26 0.024034 -1.129039 0.017807 -0.720956 0.000000 -0.000001
    27 0.014896 -0.883992 -0.019847 -0.593479 0.000000 -0.000000
    28 0.447949 -2.798981 -0.200442 -0.452151 0.047193 0.204345
    29 -0.032909 -1.480206 0.004935 -0.618022 0.000000 0.000000
    30 -0.027023 -1.076921 -0.020212 -0.637114 0.000000 -0.000000
    31 -0.249535 -2.846962 -0.174215 -0.247255 0.073408 0.096039
    32 0.043235 -1.683941 0.096015 -0.648961 0.000001 0.000000
    33 0.031729 -1.160831 0.058834 -0.507056 -0.000000 -0.000000
    34 -0.963867 -2.785142 -0.085346 -0.146778 0.135327 -0.091592
    35 0.028477 -1.403065 0.006271 -0.475001 0.000001 0.000000
    36 0.021414 -0.957780 0.020046 -0.356245 0.000000 0.000000
    37 -0.591283 -1.257737 0.232709 -1.325282 -0.160958 -2.471157
    38 1.522835 0.058679 0.016852 0.001411 -0.161590 -0.046880
    39 1.117948 0.048424 -0.005766 -0.000243 -0.399469 0.065422
    40 0.120152 -0.050266 -0.054488 0.366862 3.144320 1.551255
    41 -1.180679 -2.507216 -0.193860 0.174078 0.013294 -0.477916
    42 -0.024968 -1.123935 0.017595 -0.399958 0.000000 0.000000
    43 -0.020059 -0.890964 0.010094 -0.763707 -0.000000 -0.000000
    44 -0.488518 -2.755600 -0.228259 0.021291 -0.012955 -0.306739
    45 0.039887 -1.479790 0.029853 -0.312801 0.000000 0.000000
    46 0.028784 -1.075732 -0.023109 -0.857892 -0.000000 -0.000000
    47 0.250027 -2.820664 -0.238394 0.058002 -0.058472 -0.078775
    48 -0.049760 -1.680543 0.100480 -0.624477 0.000000 -0.000000
    49 -0.034142 -1.148310 0.084779 -1.037172 0.000000 0.000000
    50 0.957767 -2.746777 -0.090299 -0.123781 -0.139206 0.276765
    51 -0.033420 -1.397126 -0.011255 -0.477008 0.000000 0.000001
    52 -0.022361 -0.957433 0.018785 -0.858670 0.000000 0.000000
    53 0.583509 -1.197273 0.185380 0.498834 -0.339857 -0.429184
    54 1.535925 0.010248 0.005008 -0.002964 -0.491310 0.000890
    55 1.100770 0.004527 -0.010675 -0.002796 -0.975914 0.003459
  time 66
    0 6.485278 -1.686430 -7.924024 0.983465 -2.025769 -1.122135
    1 -0.071920 -8.498732 -0.104134 -0.164139 0.306786 0.091848
    2 -0.480402 -2.843485 2.688040 0.673012 -2.243426 1.543597
    3 -0.159184 0.084619 2.676531 -0.758097 1.064393 1.362610
    4 -0.011142 0.781255 -0.800262 1.732992 -0.100032 -0.024012
    5 0.000000 0.718097 -0.000002 -0.017063 -0.001462 0.015880
    6 -0.000001 0.897711 1.580295 -0.150667 -0.044153 -0.157780
    7 -0.000000 -0.000000 0.811541 0.569018 -0.134605 0.274998
    8 2.343549 -1.710731 2.228312 -0.469295 0.250827 0.784823
    9 -2.313863 -1.570101 2.150186 2.547907 -0.480145 -0.922905
    10 0.086186 -2.610197 1.052507 -0.176167 0.008544 0.018050
    11 0.080601 -1.190814 3.380778 -1.043710 0.008544 0.018050
    12 1.747773 -0.139594 1.644552 0.513126 0.811034 3.113585
    13 -1.241366 -1.806391 1.056407 1.312212 -0.061300 2.555561
    14 1.239846 -1.806390 1.056407 1.243796 3.121987 0.604009
    15 1.218724 -1.798575 1.272704 -1.525113 0.061300 -2.555561
    16 0.004859 -0.122106 -0.000735 0.106233 0.041702 0.036316
    17 -1.061022 -1.480885 1.175125 0.118837 -0.189201 -0.240133
    18 1.061021 -1.480883 1.175125 -0.228652 -0.091294 -0.970422
    19 -0.060356 -2.256286 1.378125 0.231992 0.044187 3.152019
    20 -1.220244 -1.798577 1.272703 -1.402382 -3.080293 -0.586032
    21 -0.004860 0.122106 0.000735 -0.001867 0.041702 0.036316
    22 -7.946829 -3.535212 -6.510979 0.489983 2.527045 0.767841
    23 0.096951 -8.450422 -0.009364 0.271131 -0.459251 -0.274488
    24 -0.139400 -0.111699 0.014398 0.602950 -0.047021 1.569868
    25 1.164474 -2.543937 -0.170327 -0.544874 -0.222128 0.265417
    26 0.024034 -1.129039 0.017807 -0.655988 0.000000 -0.000001
    27 0.014896 -0.883992 -0.019847 -0.522576 0.000000 -0.000000
    28 0.447949 -2.798981 -0.200442 -0.413132 0.047193 0.204345
    29 -0.032909 -1.480206 0.004935 -0.574383 0.000000 0.000000
    30 -0.027023 -1.076921 -0.020212 -0.574966 0.000000 -0.000000
    31 -0.249535 -2.846962 -0.174215 -0.225002 0.073408 0.096039
    32 0.043235 -1.683941 0.096015 -0.623498 0.000001 0.000000
    33 0.031729 -1.160831 0.058834 -0.472248 -0.000000 -0.000000
    34 -0.963867 -2.785142 -0.085346 -0.147425 0.135327 -0.091592
    35 0.028477 -1.403065 0.006271 -0.475193 0.000001 0.000000
    36 0.021414 -0.957780 0.020046 -0.366358 0.000000 0.000000
    37 -0.591283 -1.257737 0.232709 -1.330827 -0.171149 -2.430714
    38 1.522835 0.058679 0.016852 0.001411 -0.146965 -0.046880
    39 1.117948 0.048424 -0.005766 -0.000243 -0.375316 0.065422
    40 0.120152 -0.050266 -0.054488 0.366862 3.144320 1.551255
    41 -1.180679 -2.507216 -0.193860 0.174078 0.013294 -0.477916
    42 -0.024968 -1.123935 0.017595 -0.399958 0.000000 0.000000
    43 -0.020059 -0.890964 0.010094 -0.763707 -0.000000 -0.000000
    44 -0.488518 -2.755600 -0.228259 0.021291 -0.012955 -0.306739
    45 0.039887 -1.479790 0.029853 -0.312801 0.000000 0.000000
    46 0.028784 -1.075732 -0.023109 -0.857892 -0.000000 -0.000000
    47 0.250027 -2.820664 -0.238394 0.058021 -0.058472 -0.078775
    48 -0.049760 -1.680543 0.100480 -0.624477 0.000000 -0.000000
    49 -0.034142 -1.148310 0.084779 -1.037172 0.000000 0.000000
    50 0.957767 -2.746777 -0.090299 -0.121864 -0.139206 0.276765
    51 -0.033420 -1.397126 -0.011255 -0.477136 0.000000 0.000001
    52 -0.022361 -0.957433 0.018785 -0.858670 0.000000 0.000000
    53 0.583509 -1.197273 0.185380 0.498834 -0.339857 -0.429184
    54 1.535925 0.010248 0.005008 -0.002964 -0.491310 0.000890
    55 1.100770 0.004527 -0.010675 -0.002796 -0.975914 0.003459
  time 67
    0 6.473558 -1.690336 -7.939649 0.989979 -2.026772 -1.129207
    1 -0.071920 -8.498732 -0.104134 -0.162256 0.309092 0.091315
    2 -0.480402 -2.843485 2.688040 0.673012 -2.243426 1.543597
    3 -0.139652 0.111963 2.649186 -0.762255 1.083726 1.360680
    4 -0.011142 0.781255 -0.800262 1.747147 -0.099134 -0.020464
    5 0.000000 0.718097 -0.000002 -0.013996 -0.001043 0.011385
    6 -0.000001 0.897711 1.580295 -0.150667 -0.044153 -0.157780
    7 -0.000000 -0.000000 0.811541 0.569018 -0.134605 0.274998
    8 2.296672 -1.652135 2.185342 -0.470781 0.247866 0.778807
    9 -2.266987 -1.527131 2.118935 2.544024 -0.480613 -0.907109
    10 0.086186 -2.516444 1.025163 -0.176167 0.008544 0.018050
    11 0.080601 -1.120500 3.318276 -1.039060 0.008544 0.018050
    12 1.775118 -0.139594 1.671897 0.513126 0.811034 3.113585
    13 -1.241366 -1.806391 1.056407 1.308233 -0.061300 2.555561
    14 1.239846 -1.810296 1.056407 1.319842 3.145130 0.613908
    15 1.218724 -1.798575 1.272704 1.554484 3.080204 -5.697153
    16 0.004859 -0.122106 -0.000735 0.128812 0.041702 0.036316
    17 -1.061022 -1.480885 1.175125 0.155030 -0.234247 -0.104179
    18 1.061021 -1.480883 1.175125 -0.240620 -0.071815 -0.998663
    19 -0.072075 -2.228941 1.370313 0.232088 0.053092 3.154128
    20 -1.220244 -1.798577 1.272703 -1.393524 -3.080293 -0.586032
    21 -0.004860 0.122106 0.000735 -0.010850 0.041702 0.036316
    22 -7.876514 -3.628965 -6.479728 0.483891 2.541864 0.780481
    23 0.096951 -8.450422 -0.009364 0.346989 -0.482312 -0.309784
    24 -0.139400 -0.111699 0.014398 0.602950 -0.047021 1.569868
    25 1.164474 -2.543937 -0.170327 -0.508455 -0.222140 0.265417
    26 0.024034 -1.129039 0.017807 -0.591071 0.000000 -0.000001
    27 0.014896 -0.883992 -0.019847 -0.451596 0.000000 -0.000000
    28 0.447949 -2.798981 -0.200442 -0.371796 0.047193 0.204345
    29 -0.032909 -1.480206 0.004935 -0.528714 0.000000 0.000000
    30 -0.027023 -1.076921 -0.020212 -0.512345 0.000000 -0.000000
    31 -0.249535 -2.846962 -0.174215 -0.200091 0.073408 0.096039
    32 0.043235 -1.683941 0.096015 -0.596501 0.000001 0.000000
    33 0.031729 -1.160831 0.058834 -0.436956 -0.000000 -0.000000
    34 -0.963867 -2.785142 -0.085346 -0.145976 0.135327 -0.091592
    35 0.028477 -1.403065 0.006271 -0.475036 0.000001 0.000000
    36 0.021414 -0.957780 0.020046 -0.375924 0.000000 0.000000
    37 -0.591283 -1.257737 0.232709 -1.336914 -0.180503 -2.392045
    38 1.522835 0.058679 0.016852 0.001411 -0.133882 -0.046880
    39 1.117948 0.048424 -0.005766 -0.000243 -0.350655 0.065422
    40 0.120152 -0.050266 -0.054488 0.366862 3.144320 1.551255
    41 -1.180679 -2.507216 -0.193860 0.174078 0.013294 -0.477916
    42 -0.024968 -1.123935 0.017595 -0.399958 0.000000 0.000000
    43 -0.020059 -0.890964 0.010094 -0.763707 -0.000000 -0.000000
    44 -0.488518 -2.755600 -0.228259 0.021291 -0.012955 -0.306739
    45 0.039887 -1.479790 0.029853 -0.312801 0.000000 0.000000
    46 0.028784 -1.075732 -0.023109 -0.857892 -0.000000 -0.000000
    47 0.250027 -2.820664 -0.238394 0.058002 -0.058472 -0.078775
    48 -0.049760 -1.680543 0.100480 -0.624477 0.000000 -0.000000
    49 -0.034142 -1.148310 0.084779 -1.037172 0.000000 0.000000
    50 0.957767 -2.746777 -0.090299 -0.120184 -0.139206 0.276765
    51 -0.033420 -1.397126 -0.011255 -0.477263 0.000000 0.000001
    52 -0.022361 -0.957433 0.018785 -0.858670 0.000000 0.000000
    53 0.583509 -1.197273 0.185380 0.498834 -0.339857 -0.429184
    54 1.535925 0.010248 0.005008 -0.002964 -0.491310 0.000890
    55 1.100770 0.004527 -0.010675 -0.002796 -0.975914 0.003459
  time 68
    0 6.457933 -1.694242 -7.959181 0.995811 -2.028067 -1.135636
    1 -0.071920 -8.498732 -0.104134 -0.160558 0.311084 0.090827
    2 -0.480402 -2.843485 2.688040 0.673012 -2.243426 1.543597
    3 -0.120120 0.139308 2.625748 -0.766367 1.101464 1.358777
    4 -0.011142 0.781255 -0.800262 1.760625 -0.097264 -0.017492
    5 0.000000 0.718097 -0.000002 -0.010977 -0.000683 0.007526
    6 -0.000001 0.897711 1.580295 -0.150667 -0.044153 -0.157780
    7 -0.000000 -0.000000 0.811541 0.569018 -0.134605 0.274998
    8 2.245890 -1.589633 2.142372 -0.472363 0.244655 0.772311
    9 -2.216204 -1.484161 2.083778 2.539853 -0.480996 -0.890007
    10 0.082279 -2.414878 0.997818 -0.176167 0.008544 0.018050
    11 0.076694 -1.042372 3.251868 -1.034038 0.008544 0.018050
    12 1.798556 -0.139594 1.695335 0.513126 0.811034 3.113585
    13 -1.241366 -1.806391 1.056407 1.303409 -0.061300 2.555561
    14 1.243752 -1.810296 1.052501 1.389391 3.167085 0.623232
    15 1.218724 -1.798575 1.272704 1.485972 3.080204 -5.697153
    16 0.004859 -0.122106 -0.000735 0.155345 0.041702 0.036316
    17 -1.061022 -1.480885 1.175125 0.154816 -0.260965 -0.049695
    18 1.061021 -1.480883 1.175125 -0.249059 -0.058370 -1.019244
    19 -0.083794 -2.201597 1.362500 0.232207 0.061349 3.156081
    20 -1.220244 -1.798577 1.272703 -1.384480 -3.080293 -0.586032
    21 -0.004860 0.122106 0.000735 -0.021691 0.041702 0.036316
    22 -7.829638 -3.726624 -6.448477 0.473203 2.556630 0.793896
    23 0.096951 -8.450422 -0.009364 0.418575 -0.500999 -0.340705
    24 -0.139400 -0.111699 0.014398 0.602950 -0.047021 1.569868
    25 1.164474 -2.543937 -0.170327 -0.467159 -0.221936 0.265369
    26 0.024034 -1.129039 0.017807 -0.528505 0.000000 -0.000001
    27 0.014896 -0.883992 -0.019847 -0.382455 0.000000 -0.000000
    28 0.447949 -2.798981 -0.200442 -0.328383 0.047193 0.204345
    29 -0.032909 -1.480206 0.004935 -0.481553 0.000000 0.000000
    30 -0.027023 -1.076921 -0.020212 -0.451532 0.000000 -0.000000
    31 -0.249535 -2.846962 -0.174215 -0.171351 0.073408 0.096039
    32 0.043235 -1.683941 0.096015 -0.568158 0.000001 0.000000
    33 0.031729 -1.160831 0.058834 -0.402860 -0.000000 -0.000000
    34 -0.963867 -2.785142 -0.085346 -0.139777 0.135327 -0.091592
    35 0.028477 -1.403065 0.006271 -0.473885 0.000001 0.000000
    36 0.021414 -0.957780 0.020046 -0.383976 0.000000 0.000000
    37 -0.591283 -1.257737 0.232709 -1.343399 -0.188210 -2.357965
    38 1.522835 0.058679 0.016852 0.001411 -0.123313 -0.046880
    39 1.117948 0.048424 -0.005766 -0.000243 -0.326803 0.065422
    40 0.120152 -0.050266 -0.054488 0.366862 3.144320 1.551255
    41 -1.180679 -2.507216 -0.193860 0.174078 0.013294 -0.477916
    42 -0.024968 -1.123935 0.017595 -0.399958 0.000000 0.000000
    43 -0.020059 -0.890964 0.010094 -0.763707 -0.000000 -0.000000
    44 -0.488518 -2.755600 -0.228259 0.021291 -0.012955 -0.306739
    45 0.039887 -1.479790 0.029853 -0.312801 0.000000 0.000000
    46 0.028784 -1.075732 -0.023109 -0.857892 -0.000000 -0.000000
    47 0.250027 -2.820664 -0.238394 0.058002 -0.058472 -0.078775
    48 -0.049760 -1.680543 0.100480 -0.624477 0.000000 -0.000000
    49 -0.034142 -1.148310 0.084779 -1.037172 0.000000 0.000000
    50 0.957767 -2.746777 -0.090299 -0.118899 -0.139206 0.276765
    51 -0.033420 -1.397126 -0.011255 -0.477362 0.000000 0.000001
    52 -0.022361 -0.957433 0.018785 -0.858670 0.000000 0.000000
    53 0.583509 -1.197273 0.185380 0.498834 -0.339857 -0.429184
    54 1.535925 0.010248 0.005008 -0.002964 -0.491310 0.000890
    55 1.100770 0.004527 -0.010675 -0.002796 -0.975914 0.003459
  time 69
    0 6.442307 -1.698149 -7.982619 1.001037 -2.029487 -1.141331
    1 -0.071920 -8.498732 -0.104134 -0.159045 0.312831 0.090416
    2 -0.480402 -2.843485 2.688040 0.673012 -2.243426 1.543597
    3 -0.108401 0.154934 2.606216 -0.769565 1.114452 1.357281
    4 -0.011142 0.781255 -0.800262 1.772722 -0.094651 -0.015167
    5 0.000000 0.718097 -0.000002 -0.008056 -0.000395 0.004362
    6 -0.000001 0.897711 1.580295 -0.150667 -0.044153 -0.157780
    7 -0.000000 -0.000000 0.811541 0.569018 -0.134605 0.274998
    8 2.195107 -1.527131 2.099401 -0.473993 0.241299 0.765564
    9 -2.165421 -1.437285 2.048621 2.535551 -0.481272 -0.872198
    10 0.082279 -2.313313 0.966567 -0.176167 0.008544 0.018050
    11 0.076694 -0.964245 3.185460 -1.028801 0.008544 0.018050
    12 1.821994 -0.139594 1.722680 0.513126 0.811034 3.113585
    13 -1.241366 -1.806391 1.056407 1.297822 -0.061300 2.555561
    14 1.243752 -1.814203 1.048594 1.440045 3.184367 0.630459
    15 1.218724 -1.798575 1.272704 1.413111 3.080204 -5.697153
    16 0.004859 -0.122106 -0.000735 0.184693 0.041702 0.036316
    17 -1.061022 -1.480885 1.175125 0.122305 -0.273448 -0.062983
    18 1.061021 -1.480883 1.175125 -0.253551 -0.051846 -1.031171
    19 -0.095513 -2.178159 1.358593 0.232315 0.068528 3.157783
    20 -1.220244 -1.798577 1.272703 -1.375343 -3.080293 -0.586032
    21 -0.004860 0.122106 0.000735 -0.034106 0.041702 0.036316
    22 -7.814013 -3.824284 -6.413320 0.457262 2.570899 0.808086
    23 0.096951 -8.450422 -0.009364 0.483527 -0.513219 -0.364973
    24 -0.139400 -0.111699 0.014398 0.602950 -0.047021 1.569868
    25 1.164474 -2.543937 -0.170327 -0.420436 -0.221685 0.265321
    26 0.024034 -1.129039 0.017807 -0.470542 0.000000 -0.000001
    27 0.014896 -0.883992 -0.019847 -0.317071 0.000000 -0.000000
    28 0.447949 -2.798981 -0.200442 -0.283136 0.047193 0.204345
    29 -0.032909 -1.480206 0.004935 -0.433472 0.000000 0.000000
    30 -0.027023 -1.076921 -0.020212 -0.394756 0.000000 -0.000000
    31 -0.249535 -2.846962 -0.174215 -0.137791 0.073408 0.096039
    32 0.043235 -1.683941 0.096015 -0.538595 0.000001 0.000000
    33 0.031729 -1.160831 0.058834 -0.371676 -0.000000 -0.000000
    34 -0.963867 -2.785142 -0.085346 -0.126237 0.135327 -0.091592
    35 0.028477 -1.403065 0.006271 -0.471129 0.000001 0.000000
    36 0.021414 -0.957780 0.020046 -0.389505 0.000000 0.000000
    37 -0.591283 -1.257737 0.232709 -1.350155 -0.193433 -2.331263
    38 1.522835 0.058679 0.016852 0.001411 -0.116248 -0.046880
    39 1.117948 0.048424 -0.005766 -0.000243 -0.305053 0.065422
    40 0.120152 -0.050266 -0.054488 0.366862 3.144320 1.551255
    41 -1.180679 -2.507216 -0.193860 0.174078 0.013294 -0.477916
    42 -0.024968 -1.123935 0.017595 -0.399958 0.000000 0.000000
    43 -0.020059 -0.890964 0.010094 -0.763707 -0.000000 -0.000000
    44 -0.488518 -2.755600 -0.228259 0.021291 -0.012955 -0.306739
    45 0.039887 -1.479790 0.029853 -0.312801 0.000000 0.000000
    46 0.028784 -1.075732 -0.023109 -0.857892 -0.000000 -0.000000
    47 0.250027 -2.820664 -0.238394 0.058002 -0.058472 -0.078775
    48 -0.049760 -1.680543 0.100480 -0.624477 0.000000 -0.000000
    49 -0.034142 -1.148310 0.084779 -1.037172 0.000000 0.000000
    50 0.957767 -2.746777 -0.090299 -0.118148 -0.139206 0.276765
    51 -0.033420 -1.397126 -0.011255 -0.477418 0.000000 0.000001
    52 -0.022361 -0.957433 0.018785 -0.858670 0.000000 0.000000
    53 0.583509 -1.197273 0.185380 0.498834 -0.339857 -0.429184
    54 1.535925 0.010248 0.005008 -0.002964 -0.491310 0.000890
    55 1.100770 0.004527 -0.010675 -0.002796 -0.975914 0.003459
  time 70
    0 6.430589 -1.705961 -8.006058 1.005430 -2.031033 -1.146107
    1 -0.071920 -8.498732 -0.104134 -0.157753 0.314264 0.090050
    2 -0.480402 -2.843485 2.688040 0.673012 -2.243426 1.543597
    3 -0.104494 0.162746 2.602310 -0.770844 1.119482 1.356683
    4 -0.011142 0.781255 -0.800262 1.782836 -0.091547 -0.013561
    5 0.000000 0.718097 -0.000002 -0.005232 -0.000180 0.001989
    6 -0.000001 0.897711 1.580295 -0.150667 -0.044153 -0.157780
    7 -0.000000 -0.000000 0.811541 0.569018 -0.134605 0.274998
    8 2.148230 -1.464629 2.056431 -0.475599 0.237907 0.758781
    9 -2.122451 -1.394315 2.017370 2.531260 -0.481416 -0.854269
    10 0.078373 -2.211747 0.935316 -0.176167 0.008544 0.018050
    11 0.072788 -0.886118 3.122958 -1.023528 0.008544 0.018050
    12 1.849339 -0.139594 1.750024 0.513126 0.811034 3.113585
    13 -1.241366 -1.806391 1.056407 1.291813 -0.061300 2.555561
    14 1.247659 -1.818109 1.048594 1.459584 3.193499 0.634054
    15 1.218724 -1.798575 1.272704 1.338386 3.080204 -5.697153
    16 0.004859 -0.122106 -0.000735 0.215719 0.041702 0.036316
    17 -1.061022 -1.480885 1.175125 0.067850 -0.274740 -0.125731
    18 1.061021 -1.480883 1.175125 -0.258268 -0.051448 -1.043159
    19 -0.103326 -2.158627 1.350781 0.232411 0.074197 3.159126
    20 -1.220244 -1.798577 1.272703 -1.366112 -3.080293 -0.586032
    21 -0.004860 0.122106 0.000735 -0.047752 0.041702 0.036316
    22 -7.833544 -3.929755 -6.374256 0.435413 2.584121 0.822932
    23 0.096951 -8.450422 -0.009364 0.539393 -0.516895 -0.380329
    24 -0.139400 -0.111699 0.014398 0.602950 -0.047021 1.569868
    25 1.164474 -2.543937 -0.170327 -0.367892 -0.221577 0.265285
    26 0.024034 -1.129039 0.017807 -0.419484 0.000000 -0.000001
    27 0.014896 -0.883992 -0.019847 -0.257320 0.000000 -0.000000
    28 0.447949 -2.798981 -0.200442 -0.236295 0.047193 0.204345
    29 -0.032909 -1.480206 0.004935 -0.384978 0.000000 0.000000
    30 -0.027023 -1.076921 -0.020212 -0.344325 0.000000 -0.000000
    31 -0.249535 -2.846962 -0.174215 -0.098285 0.073408 0.096039
    32 0.043235 -1.683941 0.096015 -0.508002 0.000001 0.000000
    33 0.031729 -1.160831 0.058834 -0.344988 -0.000000 -0.000000
    34 -0.963867 -2.785142 -0.085346 -0.102735 0.135327 -0.091592
    35 0.028477 -1.403065 0.006271 -0.466105 0.000001 0.000000
    36 0.021414 -0.957780 0.020046 -0.391586 0.000000 0.000000
    37 -0.591283 -1.257737 0.232709 -1.357001 -0.195364 -2.314752
    38 1.522835 0.058679 0.016852 0.001411 -0.113673 -0.046880
    39 1.117948 0.048424 -0.005766 -0.000243 -0.286748 0.065422
    40 0.120152 -0.050266 -0.054488 0.366862 3.144320 1.551255
    41 -1.180679 -2.507216 -0.193860 0.174078 0.013294 -0.477916
    42 -0.024968 -1.123935 0.017595 -0.399958 0.000000 0.000000
    43 -0.020059 -0.890964 0.010094 -0.763707 -0.000000 -0.000000
    44 -0.488518 -2.755600 -0.228259 0.021291 -0.012955 -0.306739
    45 0.039887 -1.479790 0.029853 -0.312801 0.000000 0.000000
    46 0.028784 -1.075732 -0.023109 -0.857892 -0.000000 -0.000000
    47 0.250027 -2.820664 -0.238394 0.058002 -0.058472 -0.078775
    48 -0.049760 -1.680543 0.100480 -0.624477 0.000000 -0.000000
    49 -0.034142 -1.148310 0.084779 -1.037172 0.000000 0.000000
    50 0.957767 -2.746777 -0.090299 -0.118069 -0.139206 0.276765
    51 -0.033420 -1.397126 -0.011255 -0.477418 0.000000 0.000001
    52 -0.022361 -0.957433 0.018785 -0.858670 0.000000 0.000000
    53 0.583509 -1.197273 0.185380 0.498834 -0.339857 -0.429184
    54 1.535925 0.010248 0.005008 -0.002964 -0.491310 0.000890
    55 1.100770 0.004527 -0.010675 -0.002796 -0.975914 0.003459
  time 71
    0 6.418869 -1.709868 -8.033401 1.008914 -2.032578 -1.149872
    1 -0.071920 -8.498732 -0.104134 -0.156720 0.315417 0.089776
    2 -0.480402 -2.843485 2.688040 0.673012 -2.243426 1.543597
    3 -0.112307 0.151027 2.610122 -0.768445 1.110035 1.357798
    4 -0.011142 0.781255 -0.800262 1.790316 -0.088192 -0.012746
    5 0.000000 0.718097 -0.000002 -0.002554 -0.000036 0.000503
    6 -0.000001 0.897711 1.580295 -0.150667 -0.044153 -0.157780
    7 -0.000000 -0.000000 0.811541 0.569018 -0.134605 0.274998
    8 2.101354 -1.406034 2.017368 -0.477145 0.234599 0.752189
    9 -2.075575 -1.355251 1.986119 2.527126 -0.481428 -0.836820
    10 0.078373 -2.114088 0.907972 -0.176167 0.008544 0.018050
    11 0.072788 -0.807990 3.064363 -1.018399 0.008544 0.018050
    12 1.868871 -0.139594 1.769556 0.513126 0.811034 3.113585
    13 -1.241366 -1.806391 1.056407 1.285295 -0.061300 2.555561
    14 1.251565 -1.822016 1.044688 1.456270 3.196999 0.635133
    15 1.218724 -1.798575 1.272704 1.263839 3.080204 -5.697153
    16 0.004859 -0.122106 -0.000735 0.247315 0.041702 0.036316
    17 -1.061022 -1.480885 1.175125 0.001775 -0.267910 -0.219627
    18 1.061021 -1.480883 1.175125 -0.265936 -0.054296 -1.060584
    19 -0.107232 -2.146908 1.350781 0.232471 0.077912 3.160012
    20 -1.220244 -1.798577 1.272703 -1.356974 -3.080293 -0.586032
    21 -0.004860 0.122106 0.000735 -0.062345 0.041702 0.036316
    22 -7.888233 -4.039134 -6.323473 0.404925 2.597290 0.839268
    23 0.096951 -8.450422 -0.009364 0.589646 -0.511188 -0.386661
    24 -0.139400 -0.111699 0.014398 0.602950 -0.047021 1.569868
    25 1.164474 -2.543937 -0.170327 -0.300481 -0.221397 0.265249
    26 0.024034 -1.129039 0.017807 -0.371352 0.000000 -0.000001
    27 0.014896 -0.883992 -0.019847 -0.197493 0.000000 -0.000000
    28 0.447949 -2.798981 -0.200442 -0.183369 0.047193 0.204345
    29 -0.032909 -1.480206 0.004935 -0.327567 0.000000 0.000000
    30 -0.027023 -1.076921 -0.020212 -0.294979 0.000000 -0.000000
    31 -0.249535 -2.846962 -0.174215 -0.047607 0.073408 0.096039
    32 0.043235 -1.683941 0.096015 -0.470513 0.000001 0.000000
    33 0.031729 -1.160831 0.058834 -0.321729 -0.000000 -0.000000
    34 -0.963867 -2.785142 -0.085346 -0.062270 0.135327 -0.091592
    35 0.028477 -1.403065 0.006271 -0.440411 0.000001 0.000000
    36 0.021414 -0.957780 0.020046 -0.379435 0.000000 0.000000
    37 -0.591283 -1.257737 0.232709 -1.365274 -0.189722 -2.306356
    38 1.522835 0.058679 0.016852 0.001411 -0.118388 -0.046880
    39 1.117948 0.048424 -0.005766 -0.000243 -0.269598 0.065422
    40 0.120152 -0.050266 -0.054488 0.366862 3.144320 1.551255
    41 -1.180679 -2.507216 -0.193860 0.174078 0.013294 -0.477916
    42 -0.024968 -1.123935 0.017595 -0.399958 0.000000 0.000000
    43 -0.020059 -0.890964 0.010094 -0.763707 -0.000000 -0.000000
    44 -0.488518 -2.755600 -0.228259 0.021291 -0.012955 -0.306739
    45 0.039887 -1.479790 0.029853 -0.312801 0.000000 0.000000
    46 0.028784 -1.075732 -0.023109 -0.857892 -0.000000 -0.000000
    47 0.250027 -2.820664 -0.238394 0.058002 -0.058472 -0.078775
    48 -0.049760 -1.680543 0.100480 -0.624477 0.000000 -0.000000
    49 -0.034142 -1.148310 0.084779 -1.037172 0.000000 0.000000
    50 0.957767 -2.746777 -0.090299 -0.118761 -0.139206 0.276765
    51 -0.033420 -1.397126 -0.011255 -0.477376 0.000000 0.000001
    52 -0.022361 -0.957433 0.018785 -0.858670 0.000000 0.000000
    53 0.583509 -1.197273 0.185380 0.498834 -0.339857 -0.429184
    54 1.535925 0.010248 0.005008 -0.002964 -0.491310 0.000890
    55 1.100770 0.004527 -0.010675 -0.002796 -0.975914 0.003459
  time 72
    0 6.407150 -1.717681 -8.060746 1.011413 -2.034124 -1.152628
    1 -0.071920 -8.498732 -0.104134 -0.155944 0.316221 0.089563
    2 -0.480402 -2.843485 2.688040 0.673012 -2.243426 1.543597
    3 -0.135745 0.119776 2.645280 -0.763100 1.087512 1.360272
    4 -0.011142 0.781255 -0.800262 1.794507 -0.084824 -0.012746
    5 0.000000 0.718097 -0.000002 -0.000023 0.000000 0.000000
    6 -0.000001 0.897711 1.580295 -0.150667 -0.044153 -0.157780
    7 -0.000000 -0.000000 0.811541 0.569018 -0.134605 0.274998
    8 2.058384 -1.355251 1.978304 -0.478571 0.231483 0.746005
    9 -2.032605 -1.316187 1.958774 2.523290 -0.481320 -0.820425
    10 0.078373 -2.028148 0.880627 -0.176167 0.008544 0.018050
    11 0.072788 -0.741582 3.005767 -1.013581 0.008544 0.018050
    12 1.884496 -0.139594 1.789088 0.513126 0.811034 3.113585
    13 -1.241366 -1.806391 1.056407 1.278523 -0.061300 2.555561
    14 1.251565 -1.825922 1.040781 1.446372 3.199755 0.635840
    15 1.218724 -1.798575 1.272704 1.191866 3.080204 0.585935
    16 0.004859 -0.122106 -0.000735 0.278341 0.041702 0.036316
    17 -1.061022 -1.480885 1.175125 -0.065549 -0.256029 -0.326319
    18 1.061021 -1.480883 1.175125 -0.273830 -0.058523 -1.077829
    19 -0.111138 -2.143001 1.346874 0.232495 0.079242 3.160336
    20 -1.220244 -1.798577 1.272703 -1.347930 -3.080293 -0.586032
    21 -0.004860 0.122106 0.000735 -0.077546 0.041702 0.036316
    22 -7.981986 -4.164138 -6.264877 0.365271 2.611428 0.857691
    23 0.096951 -8.450422 -0.009364 0.638464 -0.498099 -0.386516
    24 -0.139400 -0.111699 0.014398 0.602950 -0.047021 1.569868
    25 1.164474 -2.543937 -0.170327 -0.214153 -0.220858 0.265118
    26 0.024034 -1.129039 0.017807 -0.322145 0.000000 -0.000001
    27 0.014896 -0.883992 -0.019847 -0.133105 0.000000 -0.000000
    28 0.447949 -2.798981 -0.200442 -0.121847 0.047193 0.204345
    29 -0.032909 -1.480206 0.004935 -0.256667 0.000000 0.000000
    30 -0.027023 -1.076921 -0.020212 -0.242015 0.000000 -0.000000
    31 -0.249535 -2.846962 -0.174215 0.015864 0.073408 0.096039
    32 0.043235 -1.683941 0.096015 -0.423183 0.000001 0.000000
    33 0.031729 -1.160831 0.058834 -0.299570 -0.000000 -0.000000
    34 -0.963867 -2.785142 -0.085346 -0.003700 0.135327 -0.091592
    35 0.028477 -1.403065 0.006271 -0.383197 0.000001 0.000000
    36 0.021414 -0.957780 0.020046 -0.347037 0.000000 0.000000
    37 -0.591283 -1.257737 0.232709 -1.375714 -0.174831 -2.301423
    38 1.522835 0.058679 0.016852 0.001411 -0.130783 -0.046880
    39 1.117948 0.048424 -0.005766 -0.000243 -0.251247 0.065422
    40 0.120152 -0.050266 -0.054488 0.366862 3.144320 1.551255
    41 -1.180679 -2.507216 -0.193860 0.174078 0.013294 -0.477916
    42 -0.024968 -1.123935 0.017595 -0.399958 0.000000 0.000000
    43 -0.020059 -0.890964 0.010094 -0.763707 -0.000000 -0.000000
    44 -0.488518 -2.755600 -0.228259 0.021291 -0.012955 -0.306739
    45 0.039887 -1.479790 0.029853 -0.312801 0.000000 0.000000
    46 0.028784 -1.075732 -0.023109 -0.857892 -0.000000 -0.000000
    47 0.250027 -2.820664 -0.238394 0.058002 -0.058472 -0.078775
    48 -0.049760 -1.680543 0.100480 -0.624477 0.000000 -0.000000
    49 -0.034142 -1.148310 0.084779 -1.037172 0.000000 0.000000
    50 0.957767 -2.746777 -0.090299 -0.120421 -0.139206 0.276765
    51 -0.033420 -1.397126 -0.011255 -0.477249 0.000000 0.000001
    52 -0.022361 -0.957433 0.018785 -0.858670 0.000000 0.000000
    53 0.583509 -1.197273 0.185380 0.498834 -0.339857 -0.429184
    54 1.535925 0.010248 0.005008 -0.002964 -0.491310 0.000890
    55 1.100770 0.004527 -0.010675 -0.002796 -0.975914 0.003459
  time 73
    0 6.399338 -1.721587 -8.091997 1.012852 -2.035502 -1.154189
    1 -0.071920 -8.498732 -0.104134 -0.155465 0.316745 0.089426
    2 -0.480402 -2.843485 2.688040 0.673012 -2.243426 1.543597
    3 -0.163090 0.080713 2.684343 -0.757343 1.060607 1.362963
    4 -0.011142 0.781255 -0.800262 1.796138 -0.080186 -0.013956
    5 0.000000 0.718097 -0.000002 0.002558 -0.000036 0.000539
    6 -0.000001 0.897711 1.580295 -0.150667 -0.044153 -0.157780
    7 -0.000000 -0.000000 0.811541 0.569018 -0.134605 0.274998
    8 2.023226 -1.308375 1.947053 -0.479841 0.228679 0.740456
    9 -1.997447 -1.281030 1.931430 2.519887 -0.481116 -0.805708
    10 0.078373 -1.953927 0.861095 -0.176167 0.008544 0.018050
    11 0.072788 -0.682987 2.958890 -1.009254 0.008544 0.018050
    12 1.896215 -0.139594 1.800807 0.513126 0.811034 3.113585
    13 -1.241366 -1.806391 1.056407 1.271667 -0.061300 2.555561
    14 1.255471 -1.829828 1.040781 1.429673 3.201865 0.636223
    15 1.218724 -1.798575 1.272704 1.124773 3.080204 -5.697153
    16 0.004859 -0.122106 -0.000735 0.307662 0.041702 0.036316
    17 -1.061022 -1.480885 1.175125 -0.123833 -0.242164 -0.427536
    18 1.061021 -1.480883 1.175125 -0.279252 -0.062290 -1.089186
    19 -0.111138 -2.143001 1.346874 0.232495 0.079242 3.160336
    20 -1.220244 -1.798577 1.272703 -1.339166 -3.080293 -0.586032
    21 -0.004860 0.122106 0.000735 -0.093068 0.041702 0.036316
    22 -8.103084 -4.293048 -6.198469 0.319314 2.626010 0.877426
    23 0.096951 -8.450422 -0.009364 0.684668 -0.479830 -0.381595
    24 -0.139400 -0.111699 0.014398 0.602950 -0.047021 1.569868
    25 1.164474 -2.543937 -0.170327 -0.115790 -0.219923 0.264902
    26 0.024034 -1.129039 0.017807 -0.273963 0.000000 -0.000001
    27 0.014896 -0.883992 -0.019847 -0.067989 0.000000 -0.000000
    28 0.447949 -2.798981 -0.200442 -0.054821 0.047193 0.204345
    29 -0.032909 -1.480206 0.004935 -0.178848 0.000000 0.000000
    30 -0.027023 -1.076921 -0.020212 -0.188606 0.000000 -0.000000
    31 -0.249535 -2.846962 -0.174215 0.087669 0.073408 0.096039
    32 0.043235 -1.683941 0.096015 -0.370618 0.000001 0.000000
    33 0.031729 -1.160831 0.058834 -0.278414 -0.000000 -0.000000
    34 -0.963867 -2.785142 -0.085346 0.066805 0.135327 -0.091592
    35 0.028477 -1.403065 0.006271 -0.305243 0.000001 0.000000
    36 0.021414 -0.957780 0.020046 -0.300406 0.000000 0.000000
    37 -0.591283 -1.257737 0.232709 -1.387455 -0.153789 -2.298891
    38 1.522835 0.058679 0.016852 0.001411 -0.148327 -0.046880
    39 1.117948 0.048424 -0.005766 -0.000243 -0.232734 0.065422
    40 0.120152 -0.050266 -0.054488 0.366862 3.144320 1.551255
    41 -1.180679 -2.507216 -0.193860 0.174078 0.013294 -0.477916
    42 -0.024968 -1.123935 0.017595 -0.399958 0.000000 0.000000
    43 -0.020059 -0.890964 0.010094 -0.763707 -0.000000 -0.000000
    44 -0.488518 -2.755600 -0.228259 0.021291 -0.012955 -0.306739
    45 0.039887 -1.479790 0.029853 -0.312801 0.000000 0.000000
    46 0.028784 -1.075732 -0.023109 -0.857892 -0.000000 -0.000000
    47 0.250027 -2.820664 -0.238394 0.058021 -0.058472 -0.078775
    48 -0.049760 -1.680543 0.100480 -0.624477 0.000000 -0.000000
    49 -0.034142 -1.148310 0.084779 -1.037172 0.000000 0.000000
    50 0.957767 -2.746777 -0.090299 -0.123149 -0.139206 0.276765
    51 -0.033420 -1.397126 -0.011255 -0.477051 0.000000 0.000001
    52 -0.022361 -0.957433 0.018785 -0.858670 0.000000 0.000000
    53 0.583509 -1.197273 0.185380 0.498834 -0.339857 -0.429184
    54 1.535925 0.010248 0.005008 -0.002964 -0.491310 0.000890
    55 1.100770 0.004527 -0.010675 -0.002796 -0.975914 0.003459
  time 74
    0 6.391525 -1.729400 -8.123248 1.013079 -2.036630 -1.154373
    1 -0.071920 -8.498732 -0.104134 -0.155280 0.316920 0.089380
    2 -0.480402 -2.843485 2.688040 0.673012 -2.243426 1.543597
    3 -0.186528 0.049462 2.715594 -0.752957 1.038067 1.365029
    4 -0.011142 0.781255 -0.800262 1.796414 -0.073007 -0.016605
    5 0.000000 0.718097 -0.000002 0.005357 -0.000132 0.002121
    6 -0.000001 0.897711 1.580295 -0.150667 -0.044153 -0.157780
    7 -0.000000 -0.000000 0.811541 0.569018 -0.134605 0.274998
    8 1.991976 -1.269311 1.919708 -0.480896 0.226294 0.735758
    9 -1.966197 -1.253685 1.911898 2.517035 -0.480888 -0.793244
    10 0.074467 -1.891425 0.841563 -0.176167 0.008544 0.018050
    11 0.072788 -0.632204 2.919827 -1.005587 0.008544 0.018050
    12 1.900122 -0.139594 1.804714 0.513126 0.811034 3.113585
    13 -1.241366 -1.806391 1.056407 1.264726 -0.061300 2.555561
    14 1.259378 -1.833735 1.036875 1.406003 3.203423 0.636319
    15 1.218724 -1.798575 1.272704 1.064692 3.080204 -5.697153
    16 0.004859 -0.122106 -0.000735 0.334195 0.041702 0.036316
    17 -1.061022 -1.480885 1.175125 -0.162706 -0.229387 -0.504926
    18 1.061021 -1.480883 1.175125 -0.279509 -0.063668 -1.089006
    19 -0.111138 -2.143001 1.346874 0.232495 0.079242 3.160336
    20 -1.220244 -1.798577 1.272703 -1.330681 -3.080293 -0.586032
    21 -0.004860 0.122106 0.000735 -0.108590 0.041702 0.036316
    22 -8.247620 -4.425864 -6.132061 0.269891 2.640567 0.897757
    23 0.096951 -8.450422 -0.009364 0.726981 -0.458631 -0.373613
    24 -0.139400 -0.111699 0.014398 0.602950 -0.047021 1.569868
    25 1.164474 -2.543937 -0.170327 -0.012236 -0.218557 0.264578
    26 0.024034 -1.129039 0.017807 -0.228959 0.000000 -0.000001
    27 0.014896 -0.883992 -0.019847 -0.006092 0.000000 -0.000000
    28 0.447949 -2.798981 -0.200442 0.014523 0.047193 0.204345
    29 -0.032909 -1.480206 0.004935 -0.100553 0.000000 0.000000
    30 -0.027023 -1.076921 -0.020212 -0.137869 0.000000 -0.000000
    31 -0.249535 -2.846962 -0.174215 0.163348 0.073408 0.096039
    32 0.043235 -1.683941 0.096015 -0.317359 0.000001 0.000000
    33 0.031729 -1.160831 0.058834 -0.258261 -0.000000 -0.000000
    34 -0.963867 -2.785142 -0.085346 0.143048 0.135327 -0.091592
    35 0.028477 -1.403065 0.006271 -0.217312 0.000001 0.000000
    36 0.021414 -0.957780 0.020046 -0.245533 0.000000 0.000000
    37 -0.591283 -1.257737 0.232709 -1.399612 -0.129680 -2.297701
    38 1.522835 0.058679 0.016852 0.001411 -0.168431 -0.046880
    39 1.117948 0.048424 -0.005766 -0.000243 -0.215191 0.065422
    40 0.120152 -0.050266 -0.054488 0.366862 3.144320 1.551255
    41 -1.180679 -2.507216 -0.193860 0.174078 0.013294 -0.477916
    42 -0.024968 -1.123935 0.017595 -0.399958 0.000000 0.000000
    43 -0.020059 -0.890964 0.010094 -0.763707 -0.000000 -0.000000
    44 -0.488518 -2.755600 -0.228259 0.021291 -0.012955 -0.306739
    45 0.039887 -1.479790 0.029853 -0.312801 0.000000 0.000000
    46 0.028784 -1.075732 -0.023109 -0.857892 -0.000000 -0.000000
    47 0.250027 -2.820664 -0.238394 0.058002 -0.058472 -0.078775
    48 -0.049760 -1.680543 0.100480 -0.624477 0.000000 -0.000000
    49 -0.034142 -1.148310 0.084779 -1.037172 0.000000 0.000000
    50 0.957767 -2.746777 -0.090299 -0.127081 -0.139206 0.276765
    51 -0.033420 -1.397126 -0.011255 -0.476754 0.000000 0.000001
    52 -0.022361 -0.957433 0.018785 -0.858670 0.000000 0.000000
    53 0.583509 -1.197273 0.185380 0.498834 -0.339857 -0.429184
    54 1.535925 0.010248 0.005008 -0.002964 -0.491310 0.000890
    55 1.100770 0.004527 -0.010675 -0.002796 -0.975914 0.003459
  time 75
    0 6.383712 -1.733306 -8.150593 1.011868 -2.037758 -1.152995
    1 -0.071920 -8.498732 -0.104134 -0.155760 0.316360 0.089502
    2 -0.480402 -2.843485 2.688040 0.673012 -2.243426 1.543597
    3 -0.194341 0.033836 2.731220 -0.751244 1.028620 1.365844
    4 -0.011142 0.781255 -0.800262 1.795461 -0.063515 -0.020560
    5 0.000000 0.718097 -0.000002 0.008351 -0.000300 0.004662
    6 -0.000001 0.897711 1.580295 -0.150667 -0.044153 -0.157780
    7 -0.000000 -0.000000 0.811541 0.569018 -0.134605 0.274998
    8 1.976350 -1.241966 1.904083 -0.481699 0.224449 0.732139
    9 -1.950571 -1.238060 1.900179 2.514841 -0.480661 -0.783620
    10 0.074467 -1.848455 0.829844 -0.176167 0.008544 0.018050
    11 0.068882 -0.597046 2.892482 -1.002759 0.008544 0.018050
    12 1.896215 -0.139594 1.800807 0.513126 0.811034 3.113585
    13 -1.241366 -1.806391 1.056407 1.258039 -0.061300 2.555561
    14 1.259378 -1.837641 1.032969 1.375102 3.204525 0.636187
    15 1.218724 -1.798575 1.272704 1.014017 3.080204 -5.697153
    16 0.004859 -0.122106 -0.000735 0.356801 0.041702 0.036316
    17 -1.061022 -1.480885 1.175125 -0.171845 -0.220754 -0.540196
    18 1.061021 -1.480883 1.175125 -0.271840 -0.060881 -1.071550
    19 -0.111138 -2.143001 1.346874 0.232495 0.079242 3.160336
    20 -1.220244 -1.798577 1.272703 -1.322756 -3.080293 -0.586032
    21 -0.004860 0.122106 0.000735 -0.123791 0.041702 0.036316
    22 -8.407781 -4.558681 -6.065653 0.219864 2.654574 0.918028
    23 0.096951 -8.450422 -0.009364 0.764257 -0.436687 -0.364300
    24 -0.139400 -0.111699 0.014398 0.602950 -0.047021 1.569868
    25 1.164474 -2.543937 -0.170327 0.089588 -0.216735 0.264147
    26 0.024034 -1.129039 0.017807 -0.189283 0.000000 -0.000001
    27 0.014896 -0.883992 -0.019847 0.048791 0.000000 -0.000000
    28 0.447949 -2.798981 -0.200442 0.083047 0.047193 0.204345
    29 -0.032909 -1.480206 0.004935 -0.028321 0.000000 0.000000
    30 -0.027023 -1.076921 -0.020212 -0.092921 0.000000 -0.000000
    31 -0.249535 -2.846962 -0.174215 0.238442 0.073408 0.096039
    32 0.043235 -1.683941 0.096015 -0.267990 0.000001 0.000000
    33 0.031729 -1.160831 0.058834 -0.239046 -0.000000 -0.000000
    34 -0.963867 -2.785142 -0.085346 0.218858 0.135327 -0.091592
    35 0.028477 -1.403065 0.006271 -0.130165 0.000001 0.000000
    36 0.021414 -0.957780 0.020046 -0.188496 0.000000 0.000000
    37 -0.591283 -1.257737 0.232709 -1.411281 -0.105555 -2.296835
    38 1.522835 0.058679 0.016852 0.001411 -0.188535 -0.046880
    39 1.117948 0.048424 -0.005766 -0.000243 -0.199659 0.065422
    40 0.120152 -0.050266 -0.054488 0.366862 3.144320 1.551255
    41 -1.180679 -2.507216 -0.193860 0.174078 0.013294 -0.477916
    42 -0.024968 -1.123935 0.017595 -0.399958 0.000000 0.000000
    43 -0.020059 -0.890964 0.010094 -0.763707 -0.000000 -0.000000
    44 -0.488518 -2.755600 -0.228259 0.021291 -0.012955 -0.306739
    45 0.039887 -1.479790 0.029853 -0.312801 0.000000 0.000000
    46 0.028784 -1.075732 -0.023109 -0.857892 -0.000000 -0.000000
    47 0.250027 -2.820664 -0.238394 0.058002 -0.058472 -0.078775
    48 -0.049760 -1.680543 0.100480 -0.624477 0.000000 -0.000000
    49 -0.034142 -1.148310 0.084779 -1.037172 0.000000 0.000000
    50 0.957767 -2.746777 -0.090299 -0.132358 -0.139206 0.276765
    51 -0.033420 -1.397126 -0.011255 -0.476372 0.000000 0.000001
    52 -0.022361 -0.957433 0.018785 -0.858670 0.000000 0.000000
    53 0.583509 -1.197273 0.185380 0.498834 -0.339857 -0.429184
    54 1.535925 0.010248 0.005008 -0.002964 -0.491310 0.000890
    55 1.100770 0.004527 -0.010675 -0.002796 -0.975914 0.003459
  time 76
    0 6.375899 -1.741119 -8.181844 1.008914 -2.039011 -1.149688
    1 -0.071920 -8.498732 -0.104134 -0.157163 0.314718 0.089822
    2 -0.480402 -2.843485 2.688040 0.673012 -2.243426 1.543597
    3 -0.186528 0.045555 2.719501 -0.752478 1.035350 1.365274
    4 -0.011142 0.781255 -0.800262 1.793302 -0.051962 -0.025665
    5 0.000000 0.718097 -0.000002 0.011492 -0.000527 0.008078
    6 -0.000001 0.897711 1.580295 -0.150667 -0.044153 -0.157780
    7 -0.000000 -0.000000 0.811541 0.569018 -0.134605 0.274998
    8 1.968537 -1.230247 1.892364 -0.482214 0.223274 0.729826
    9 -1.942758 -1.230247 1.892366 2.513451 -0.480505 -0.777436
    10 0.074467 -1.825016 0.822032 -0.176167 0.008544 0.018050
    11 0.068882 -0.577515 2.884669 -1.000949 0.008544 0.018050
    12 1.884496 -0.139594 1.789088 0.513126 0.811034 3.113585
    13 -1.241366 -1.806391 1.056407 1.251606 -0.061300 2.555561
    14 1.263284 -1.841547 1.029062 1.336799 3.205256 0.635864
    15 1.218724 -1.798575 1.272704 0.975058 3.080204 0.585935
    16 0.004859 -0.122106 -0.000735 0.374318 0.041702 0.036316
    17 -1.061022 -1.480885 1.175125 -0.147782 -0.213566 -0.536464
    18 1.061021 -1.480883 1.175125 -0.253551 -0.051846 -1.031171
    19 -0.111138 -2.143001 1.346874 0.232495 0.079242 3.160336
    20 -1.220244 -1.798577 1.272703 -1.315390 -3.080293 -0.586032
    21 -0.004860 0.122106 0.000735 -0.138384 0.041702 0.036316
    22 -8.575754 -4.679778 -6.007057 0.172043 2.667586 0.937585
    23 0.096951 -8.450422 -0.009364 0.795219 -0.416216 -0.355355
    24 -0.139400 -0.111699 0.014398 0.602950 -0.047021 1.569868
    25 1.164474 -2.543937 -0.170327 0.182798 -0.214434 0.263596
    26 0.024034 -1.129039 0.017807 -0.157062 0.000000 -0.000001
    27 0.014896 -0.883992 -0.019847 0.092751 0.000000 -0.000000
    28 0.447949 -2.798981 -0.200442 0.147659 0.047193 0.204345
    29 -0.032909 -1.480206 0.004935 0.031345 0.000000 0.000000
    30 -0.027023 -1.076921 -0.020212 -0.056962 0.000000 -0.000000
    31 -0.249535 -2.846962 -0.174215 0.308400 0.073408 0.096039
    32 0.043235 -1.683941 0.096015 -0.227073 0.000001 0.000000
    33 0.031729 -1.160831 0.058834 -0.220671 -0.000000 -0.000000
    34 -0.963867 -2.785142 -0.085346 0.288068 0.135327 -0.091592
    35 0.028477 -1.403065 0.006271 -0.054584 0.000001 0.000000
    36 0.021414 -0.957780 0.020046 -0.135263 0.000000 0.000000
    37 -0.591283 -1.257737 0.232709 -1.421559 -0.084514 -2.295213
    38 1.522835 0.058679 0.016852 0.001411 -0.206064 -0.046880
    39 1.117948 0.048424 -0.005766 -0.000243 -0.187224 0.065422
    40 0.120152 -0.050266 -0.054488 0.366862 3.144320 1.551255
    41 -1.180679 -2.507216 -0.193860 0.174078 0.013294 -0.477916
    42 -0.024968 -1.123935 0.017595 -0.399958 0.000000 0.000000
    43 -0.020059 -0.890964 0.010094 -0.763707 -0.000000 -0.000000
    44 -0.488518 -2.755600 -0.228259 0.021291 -0.012955 -0.306739
    45 0.039887 -1.479790 0.029853 -0.312801 0.000000 0.000000
    46 0.028784 -1.075732 -0.023109 -0.857892 -0.000000 -0.000000
    47 0.250027 -2.820664 -0.238394 0.058002 -0.058472 -0.078775
    48 -0.049760 -1.680543 0.100480 -0.624477 0.000000 -0.000000
    49 -0.034142 -1.148310 0.084779 -1.037172 0.000000 0.000000
    50 0.957767 -2.746777 -0.090299 -0.140362 -0.139206 0.276765
    51 -0.033420 -1.397126 -0.011255 -0.475779 0.000000 0.000001
    52 -0.022361 -0.957433 0.018785 -0.858670 0.000000 0.000000
    53 0.583509 -1.197273 0.185380 0.498834 -0.339857 -0.429184
    54 1.535925 0.010248 0.005008 -0.002964 -0.491310 0.000890
    55 1.100770 0.004527 -0.010675 -0.002796 -0.975914 0.003459
  time 77
    0 6.371993 -1.748932 -8.213095 1.004445 -2.040432 -1.144821
    1 -0.071920 -8.498732 -0.104134 -0.159340 0.312167 0.090340
    2 -0.480402 -2.843485 2.688040 0.673012 -2.243426 1.543597
    3 -0.170903 0.068993 2.696063 -0.755653 1.052177 1.363751
    4 -0.011142 0.781255 -0.800262 1.789989 -0.038575 -0.031790
    5 0.000000 0.718097 -0.000002 0.014754 -0.000803 0.012284
    6 -0.000001 0.897711 1.580295 -0.150667 -0.044153 -0.157780
    7 -0.000000 -0.000000 0.811541 0.569018 -0.134605 0.274998
    8 1.968537 -1.230247 1.892364 -0.482514 0.222567 0.728448
    9 -1.942758 -1.234154 1.896272 2.512624 -0.480409 -0.773757
    10 0.074467 -1.825016 0.818125 -0.176167 0.008544 0.018050
    11 0.068882 -0.573608 2.888576 -0.999870 0.008544 0.018050
    12 1.868871 -0.139594 1.769556 0.513126 0.811034 3.113585
    13 -1.241366 -1.806391 1.056407 1.245512 -0.061300 2.555561
    14 1.267191 -1.845454 1.025156 1.290857 3.205700 0.635373
    15 1.218724 -1.798575 1.272704 0.950031 3.080204 -5.697153
    16 0.004859 -0.122106 -0.000735 0.385662 0.041702 0.036316
    17 -1.061022 -1.480885 1.175125 -0.098899 -0.203756 -0.512533
    18 1.061021 -1.480883 1.175125 -0.220181 -0.039320 -0.954889
    19 -0.111138 -2.143001 1.346874 0.232495 0.079242 3.160336
    20 -1.220244 -1.798577 1.272703 -1.308583 -3.080293 -0.586032
    21 -0.004860 0.122106 0.000735 -0.152030 0.041702 0.036316
    22 -8.743729 -4.785250 -5.956275 0.129264 2.679080 0.955590
    23 0.096951 -8.450422 -0.009364 0.818719 -0.399452 -0.348511
    24 -0.139400 -0.111699 0.014398 0.602950 -0.047021 1.569868
    25 1.164474 -2.543937 -0.170327 0.260513 -0.211629 0.262936
    26 0.024034 -1.129039 0.017807 -0.134422 0.000000 -0.000001
    27 0.014896 -0.883992 -0.019847 0.121994 0.000000 -0.000000
    28 0.447949 -2.798981 -0.200442 0.205220 0.047193 0.204345
    29 -0.032909 -1.480206 0.004935 0.071904 0.000000 0.000000
    30 -0.027023 -1.076921 -0.020212 -0.033082 0.000000 -0.000000
    31 -0.249535 -2.846962 -0.174215 0.368763 0.073408 0.096039
    32 0.043235 -1.683941 0.096015 -0.199172 0.000001 0.000000
    33 0.031729 -1.160831 0.058834 -0.203138 -0.000000 -0.000000
    34 -0.963867 -2.785142 -0.085346 0.344541 0.135327 -0.091592
    35 0.028477 -1.403065 0.006271 -0.001347 0.000001 0.000000
    36 0.021414 -0.957780 0.020046 -0.091912 0.000000 0.000000
    37 -0.591283 -1.257737 0.232709 -1.429579 -0.069638 -2.291794
    38 1.522835 0.058679 0.016852 0.001411 -0.218473 -0.046880
    39 1.117948 0.048424 -0.005766 -0.000243 -0.178973 0.065422
    40 0.120152 -0.050266 -0.054488 0.366862 3.144320 1.551255
    41 -1.180679 -2.507216 -0.193860 0.174078 0.013294 -0.477916
    42 -0.024968 -1.123935 0.017595 -0.399958 0.000000 0.000000
    43 -0.020059 -0.890964 0.010094 -0.763707 -0.000000 -0.000000
    44 -0.488518 -2.755600 -0.228259 0.021291 -0.012955 -0.306739
    45 0.039887 -1.479790 0.029853 -0.312801 0.000000 0.000000
    46 0.028784 -1.075732 -0.023109 -0.857892 -0.000000 -0.000000
    47 0.250027 -2.820664 -0.238394 0.058021 -0.058472 -0.078775
    48 -0.049760 -1.680543 0.100480 -0.624477 0.000000 -0.000000
    49 -0.034142 -1.148310 0.084779 -1.037172 0.000000 0.000000
    50 0.957767 -2.746777 -0.090299 -0.150777 -0.139206 0.276765
    51 -0.033420 -1.397126 -0.011255 -0.475015 0.000000 0.000001
    52 -0.022361 -0.957433 0.018785 -0.858670 0.000000 0.000000
    53 0.583509 -1.197273 0.185380 0.498834 -0.339857 -0.429184
    54 1.535925 0.010248 0.005008 -0.002964 -0.491310 0.000890
    55 1.100770 0.004527 -0.010675 -0.002796 -0.975914 0.003459
  time 78
    0 6.371993 -1.752838 -8.244346 0.998765 -2.041978 -1.138575
    1 -0.071920 -8.498732 -0.104134 -0.162220 0.308813 0.091025
    2 -0.480402 -2.843485 2.688040 0.673012 -2.243426 1.543597
    3 -0.147465 0.100244 2.664812 -0.760130 1.074051 1.361658
    4 -0.011142 0.781255 -0.800262 1.785597 -0.023595 -0.038789
    5 0.000000 0.718097 -0.000002 0.018113 -0.001127 0.017186
    6 -0.000001 0.897711 1.580295 -0.150667 -0.044153 -0.157780
    7 -0.000000 -0.000000 0.811541 0.569018 -0.134605 0.274998
    8 1.980256 -1.234154 1.900177 -0.482729 0.222088 0.727489
    9 -1.954477 -1.241966 1.900179 2.512049 -0.480325 -0.771192
    10 0.074467 -1.832829 0.818125 -0.176167 0.008544 0.018050
    11 0.068882 -0.573608 2.896389 -0.999115 0.008544 0.018050
    12 1.849339 -0.139594 1.750024 0.513126 0.811034 3.113585
    13 -1.241366 -1.806391 1.056407 1.240010 -0.061300 2.555561
    14 1.267191 -1.849360 1.025156 1.237060 3.205975 0.634773
    15 1.218724 -1.798575 1.272704 0.941156 3.080204 -5.697153
    16 0.004859 -0.122106 -0.000735 0.389696 0.041702 0.036316
    17 -1.061022 -1.480885 1.175125 -0.032594 -0.192335 -0.473572
    18 1.061021 -1.480883 1.175125 -0.172950 -0.024894 -0.845469
    19 -0.111138 -2.143001 1.346874 0.232495 0.079242 3.160336
    20 -1.220244 -1.798577 1.272703 -1.302616 -3.080293 -0.586032
    21 -0.004860 0.122106 0.000735 -0.164444 0.041702 0.036316
    22 -8.903890 -4.875097 -5.917211 0.094364 2.688584 0.971450
    23 0.096951 -8.450422 -0.009364 0.833483 -0.388596 -0.345449
    24 -0.139400 -0.111699 0.014398 0.602950 -0.047021 1.569868
    25 1.164474 -2.543937 -0.170327 0.315850 -0.208274 0.262133
    26 0.024034 -1.129039 0.017807 -0.123540 0.000000 -0.000001
    27 0.014896 -0.883992 -0.019847 0.132610 0.000000 -0.000000
    28 0.447949 -2.798981 -0.200442 0.252593 0.047193 0.204345
    29 -0.032909 -1.480206 0.004935 0.086884 0.000000 0.000000
    30 -0.027023 -1.076921 -0.020212 -0.024427 0.000000 -0.000000
    31 -0.249535 -2.846962 -0.174215 0.415116 0.073408 0.096039
    32 0.043235 -1.683941 0.096015 -0.188848 0.000001 0.000000
    33 0.031729 -1.160831 0.058834 -0.186382 -0.000000 -0.000000
    34 -0.963867 -2.785142 -0.085346 0.382045 0.135327 -0.091592
    35 0.028477 -1.403065 0.006271 0.018783 0.000001 0.000000
    36 0.021414 -0.957780 0.020046 -0.064412 0.000000 0.000000
    37 -0.591283 -1.257737 0.232709 -1.434438 -0.063981 -2.285540
    38 1.522835 0.058679 0.016852 0.001411 -0.223174 -0.046880
    39 1.117948 0.048424 -0.005766 -0.000243 -0.175968 0.065422
    40 0.120152 -0.050266 -0.054488 0.366862 3.144320 1.551255
    41 -1.180679 -2.507216 -0.193860 0.174078 0.013294 -0.477916
    42 -0.024968 -1.123935 0.017595 -0.399958 0.000000 0.000000
    43 -0.020059 -0.890964 0.010094 -0.763707 -0.000000 -0.000000
    44 -0.488518 -2.755600 -0.228259 0.021291 -0.012955 -0.306739
    45 0.039887 -1.479790 0.029853 -0.312801 0.000000 0.000000
    46 0.028784 -1.075732 -0.023109 -0.857892 -0.000000 -0.000000
    47 0.250027 -2.820664 -0.238394 0.058021 -0.058472 -0.078775
    48 -0.049760 -1.680543 0.100480 -0.624477 0.000000 -0.000000
    49 -0.034142 -1.148310 0.084779 -1.037172 0.000000 0.000000
    50 0.957767 -2.746777 -0.090299 -0.161192 -0.139206 0.276765
    51 -0.033420 -1.397126 -0.011255 -0.474252 0.000000 0.000001
    52 -0.022361 -0.957433 0.018785 -0.858670 0.000000 0.000000
    53 0.583509 -1.197273 0.185380 0.498834 -0.339857 -0.429184
    54 1.535925 0.010248 0.005008 -0.002964 -0.491310 0.000890
    55 1.100770 0.004527 -0.010675 -0.002796 -0.975914 0.003459
  time 79
    0 6.368087 -1.760651 -8.271690 0.991948 -2.043607 -1.131044
    1 -0.071920 -8.498732 -0.104134 -0.165652 0.304759 0.091848
    2 -0.480402 -2.843485 2.688040 0.673012 -2.243426 1.543597
    3 -0.127933 0.131495 2.633561 -0.765042 1.095925 1.359375
    4 -0.011142 0.781255 -0.800262 1.780176 -0.007248 -0.046531
    5 0.000000 0.718097 -0.000002 0.021546 -0.001486 0.022711
    6 -0.000001 0.897711 1.580295 -0.150667 -0.044153 -0.157780
    7 -0.000000 -0.000000 0.811541 0.569018 -0.134605 0.274998
    8 1.991976 -1.245873 1.907989 -0.482849 0.221800 0.726938
    9 -1.970103 -1.253685 1.911898 2.511725 -0.480277 -0.769742
    10 0.074467 -1.852361 0.822032 -0.176167 0.008544 0.018050
    11 0.068882 -0.581421 2.915920 -0.998684 0.008544 0.018050
    12 1.821994 -0.139594 1.722680 0.513126 0.811034 3.113585
    13 -1.241366 -1.806391 1.056407 1.235186 -0.061300 2.555561
    14 1.271097 -1.849360 1.021250 1.165769 3.200738 0.632185
    15 1.218724 -1.798575 1.272704 0.991653 3.023987 0.564651
    16 0.004859 -0.122106 -0.000735 0.280724 0.041702 0.036316
    17 -1.061022 -1.480885 1.175125 0.043754 -0.180274 -0.424727
    18 1.061021 -1.480883 1.175125 -0.117825 -0.005201 -0.721117
    19 -0.111138 -2.143001 1.346874 0.232495 0.079242 3.160336
    20 -1.220244 -1.798577 1.272703 -1.297488 -3.080293 -0.586032
    21 -0.004860 0.122106 0.000735 -0.175286 0.041702 0.036316
    22 -9.075769 -4.953224 -5.897679 0.067000 2.695940 0.986117
    23 0.096951 -8.450422 -0.009364 0.836831 -0.383680 -0.346299
    24 -0.139400 -0.111699 0.014398 0.602950 -0.047021 1.569868
    25 1.164474 -2.543937 -0.170327 0.355848 -0.204499 0.261247
    26 0.024034 -1.129039 0.017807 -0.119412 0.000000 -0.000001
    27 0.014896 -0.883992 -0.019847 0.132572 0.000000 -0.000000
    28 0.447949 -2.798981 -0.200442 0.294460 0.047193 0.204345
    29 -0.032909 -1.480206 0.004935 0.086789 0.000000 0.000000
    30 -0.027023 -1.076921 -0.020212 -0.024455 0.000000 -0.000000
    31 -0.249535 -2.846962 -0.174215 0.453001 0.073408 0.096039
    32 0.043235 -1.683941 0.096015 -0.188911 0.000001 0.000000
    33 0.031729 -1.160831 0.058834 -0.169366 -0.000000 -0.000000
    34 -0.963867 -2.785142 -0.085346 0.407274 0.135327 -0.091592
    35 0.028477 -1.403065 0.006271 0.018748 0.000001 0.000000
    36 0.021414 -0.957780 0.020046 -0.047383 0.000000 0.000000
    37 -0.591283 -1.257737 0.232709 -1.437292 -0.064041 -2.276755
    38 1.522835 0.058679 0.016852 0.001411 -0.223174 -0.046880
    39 1.117948 0.048424 -0.005766 -0.000243 -0.175992 0.065422
    40 0.120152 -0.050266 -0.054488 0.366862 3.144320 1.551255
    41 -1.180679 -2.507216 -0.193860 0.174078 0.013294 -0.477916
    42 -0.024968 -1.123935 0.017595 -0.399958 0.000000 0.000000
    43 -0.020059 -0.890964 0.010094 -0.763707 -0.000000 -0.000000
    44 -0.488518 -2.755600 -0.228259 0.021291 -0.012955 -0.306739
    45 0.039887 -1.479790 0.029853 -0.312801 0.000000 0.000000
    46 0.028784 -1.075732 -0.023109 -0.857892 -0.000000 -0.000000
    47 0.250027 -2.820664 -0.238394 0.058021 -0.058472 -0.078775
    48 -0.049760 -1.680543 0.100480 -0.624477 0.000000 -0.000000
    49 -0.034142 -1.148310 0.084779 -1.037172 0.000000 0.000000
    50 0.957767 -2.746777 -0.090299 -0.169196 -0.139206 0.276765
    51 -0.033420 -1.397126 -0.011255 -0.473673 0.000000 0.000001
    52 -0.022361 -0.957433 0.018785 -0.858670 0.000000 0.000000
    53 0.583509 -1.197273 0.185380 0.498834 -0.339857 -0.429184
    54 1.535925 0.010248 0.005008 -0.002964 -0.491310 0.000890
    55 1.100770 0.004527 -0.010675 -0.002796 -0.975914 0.003459
  time 80
    0 6.371993 -1.768463 -8.302941 0.984298 -2.045361 -1.122594
    1 -0.071920 -8.498732 -0.104134 -0.169528 0.300112 0.092777
    2 -0.480402 -2.843485 2.688040 0.673012 -2.243426 1.543597
    3 -0.108401 0.154934 2.606216 -0.769131 1.112751 1.357472
    4 -0.011142 0.781255 -0.800262 1.773801 0.010214 -0.054908
    5 0.000000 0.718097 -0.000002 0.024978 -0.001882 0.028775
    6 -0.000001 0.897711 1.580295 -0.150667 -0.044153 -0.157780
    7 -0.000000 -0.000000 0.811541 0.569018 -0.134605 0.274998
    8 2.011508 -1.261498 1.919708 -0.482885 0.221728 0.726782
    9 -1.985728 -1.269311 1.923617 2.511642 -0.480277 -0.769334
    10 0.074467 -1.879706 0.825938 -0.176167 0.008544 0.018050
    11 0.068882 -0.597046 2.939359 -0.998564 0.008544 0.018050
    12 1.798556 -0.139594 1.695335 0.513126 0.811034 3.113585
    13 -1.241366 -1.806391 1.056407 1.231207 -0.061300 2.555561
    14 1.275003 -1.853266 1.017343 1.073045 3.186572 0.626420
    15 1.218724 -1.798575 1.272704 1.087056 2.919906 0.524001
    16 0.004859 -0.122106 -0.000735 0.078049 0.041702 0.036316
    17 -1.061022 -1.480885 1.175125 0.122782 -0.168571 -0.371145
    18 1.061021 -1.480883 1.175125 -0.061096 0.022272 -0.600130
    19 -0.111138 -2.143001 1.346874 0.232495 0.079242 3.160336
    20 -1.220244 -1.798577 1.272703 -1.293386 -3.080293 -0.586032
    21 -0.004860 0.122106 0.000735 -0.184269 0.041702 0.036316
    22 -9.267181 -5.023539 -5.889866 0.044573 2.701465 1.000843
    23 0.096951 -8.450422 -0.009364 0.827743 -0.382967 -0.349761
    24 -0.139400 -0.111699 0.014398 0.602950 -0.047021 1.569868
    25 1.164474 -2.543937 -0.170327 0.392267 -0.200508 0.260300
    26 0.024034 -1.129039 0.017807 -0.115710 0.000000 -0.000001
    27 0.014896 -0.883992 -0.019847 0.132457 0.000000 -0.000000
    28 0.447949 -2.798981 -0.200442 0.337245 0.047193 0.204345
    29 -0.032909 -1.480206 0.004935 0.086376 0.000000 0.000000
    30 -0.027023 -1.076921 -0.020212 -0.024594 0.000000 -0.000000
    31 -0.249535 -2.846962 -0.174215 0.490930 0.073408 0.096039
    32 0.043235 -1.683941 0.096015 -0.189058 0.000001 0.000000
    33 0.031729 -1.160831 0.058834 -0.151283 -0.000000 -0.000000
    34 -0.963867 -2.785142 -0.085346 0.430961 0.135327 -0.091592
    35 0.028477 -1.403065 0.006271 0.018591 0.000001 0.000000
    36 0.021414 -0.957780 0.020046 -0.031405 0.000000 0.000000
    37 -0.591283 -1.257737 0.232709 -1.439875 -0.064220 -2.266649
    38 1.522835 0.058679 0.016852 0.001411 -0.223174 -0.046880
    39 1.117948 0.048424 -0.005766 -0.000243 -0.176015 0.065422
    40 0.120152 -0.050266 -0.054488 0.366862 3.144320 1.551255
    41 -1.180679 -2.507216 -0.193860 0.174078 0.013294 -0.477916
    42 -0.024968 -1.123935 0.017595 -0.399958 0.000000 0.000000
    43 -0.020059 -0.890964 0.010094 -0.763707 -0.000000 -0.000000
    44 -0.488518 -2.755600 -0.228259 0.021291 -0.012955 -0.306739
    45 0.039887 -1.479790 0.029853 -0.312801 0.000000 0.000000
    46 0.028784 -1.075732 -0.023109 -0.857892 -0.000000 -0.000000
    47 0.250027 -2.820664 -0.238394 0.058002 -0.058472 -0.078775
    48 -0.049760 -1.680543 0.100480 -0.624477 0.000000 -0.000000
    49 -0.034142 -1.148310 0.084779 -1.037172 0.000000 0.000000
    50 0.957767 -2.746777 -0.090299 -0.172398 -0.139206 0.276765
    51 -0.033420 -1.397126 -0.011255 -0.473432 0.000000 0.000001
    52 -0.022361 -0.957433 0.018785 -0.858670 0.000000 0.000000
    53 0.583509 -1.197273 0.185380 0.498834 -0.339857 -0.429184
    54 1.535925 0.010248 0.005008 -0.002964 -0.491310 0.000890
    55 1.100770 0.004527 -0.010675 -0.002796 -0.975914 0.003459
  time 81
    0 6.371993 -1.772370 -8.326380 0.975967 -2.047116 -1.113318
    1 -0.071920 -8.498732 -0.104134 -0.173810 0.295010 0.093813
    2 -0.480402 -2.843485 2.688040 0.673012 -2.243426 1.543597
    3 -0.104494 0.162746 2.602310 -0.770844 1.119482 1.356683
    4 -0.011142 0.781255 -0.800262 1.766573 0.028550 -0.063764
    5 0.000000 0.718097 -0.000002 0.028386 -0.002313 0.035307
    6 -0.000001 0.897711 1.580295 -0.150667 -0.044153 -0.157780
    7 -0.000000 -0.000000 0.811541 0.569018 -0.134605 0.274998
    8 2.034945 -1.281030 1.935334 -0.482825 0.221836 0.727010
    9 -2.009167 -1.288843 1.939242 2.511773 -0.480289 -0.769946
    10 0.078373 -1.910957 0.829844 -0.176167 0.008544 0.018050
    11 0.072788 -0.616578 2.966703 -0.998744 0.008544 0.018050
    12 1.775118 -0.139594 1.671897 0.513126 0.811034 3.113585
    13 -1.241366 -1.806391 1.056407 1.228160 -0.061300 2.555561
    14 1.275003 -1.857173 1.017343 0.967131 3.166450 0.618582
    15 1.218724 -1.798575 1.272704 1.160272 2.864159 0.500991
    16 0.004859 -0.122106 -0.000735 -0.032006 0.041702 0.036316
    17 -1.061022 -1.480885 1.175125 0.197091 -0.158224 -0.317974
    18 1.061021 -1.480883 1.175125 -0.009597 0.059361 -0.500714
    19 -0.111138 -2.143001 1.346874 0.232495 0.079242 3.160336
    20 -1.220244 -1.798577 1.272703 -1.290309 -3.080293 -0.586032
    21 -0.004860 0.122106 0.000735 -0.191073 0.041702 0.036316
    22 -9.478126 -5.086040 -5.893773 0.026689 2.705287 1.015451
    23 0.096951 -8.450422 -0.009364 0.807527 -0.385975 -0.355419
    24 -0.139400 -0.111699 0.014398 0.602950 -0.047021 1.569868
    25 1.164474 -2.543937 -0.170327 0.425185 -0.196289 0.259293
    26 0.024034 -1.129039 0.017807 -0.112383 0.000000 -0.000001
    27 0.014896 -0.883992 -0.019847 0.132265 0.000000 -0.000000
    28 0.447949 -2.798981 -0.200442 0.380464 0.047193 0.204345
    29 -0.032909 -1.480206 0.004935 0.085456 0.000000 0.000000
    30 -0.027023 -1.076921 -0.020212 -0.024872 0.000000 -0.000000
    31 -0.249535 -2.846962 -0.174215 0.528634 0.073408 0.096039
    32 0.043235 -1.683941 0.096015 -0.189311 0.000001 0.000000
    33 0.031729 -1.160831 0.058834 -0.132391 -0.000000 -0.000000
    34 -0.963867 -2.785142 -0.085346 0.453167 0.135327 -0.091592
    35 0.028477 -1.403065 0.006271 0.018329 0.000001 0.000000
    36 0.021414 -0.957780 0.020046 -0.016415 0.000000 0.000000
    37 -0.591283 -1.257737 0.232709 -1.442205 -0.064550 -2.255441
    38 1.522835 0.058679 0.016852 0.001411 -0.223174 -0.046880
    39 1.117948 0.048424 -0.005766 -0.000243 -0.176061 0.065422
    40 0.120152 -0.050266 -0.054488 0.366862 3.144320 1.551255
    41 -1.180679 -2.507216 -0.193860 0.174078 0.013294 -0.477916
    42 -0.024968 -1.123935 0.017595 -0.399958 0.000000 0.000000
    43 -0.020059 -0.890964 0.010094 -0.763707 -0.000000 -0.000000
    44 -0.488518 -2.755600 -0.228259 0.021291 -0.012955 -0.306739
    45 0.039887 -1.479790 0.029853 -0.312801 0.000000 0.000000
    46 0.028784 -1.075732 -0.023109 -0.857892 -0.000000 -0.000000
    47 0.250027 -2.820664 -0.238394 0.058021 -0.058472 -0.078775
    48 -0.049760 -1.680543 0.100480 -0.624477 0.000000 -0.000000
    49 -0.034142 -1.148310 0.084779 -1.037172 0.000000 0.000000
    50 0.957767 -2.746777 -0.090299 -0.172398 -0.139206 0.276765
    51 -0.033420 -1.397126 -0.011255 -0.473432 0.000000 0.000001
    52 -0.022361 -0.957433 0.018785 -0.858670 0.000000 0.000000
    53 0.583509 -1.197273 0.185380 0.498834 -0.339857 -0.429184
    54 1.535925 0.010248 0.005008 -0.002964 -0.491310 0.000890
    55 1.100770 0.004527 -0.010675 -0.002796 -0.975914 0.003459
  time 82
    0 6.375899 -1.776276 -8.353724 0.967105 -2.048954 -1.103583
    1 -0.071920 -8.498732 -0.104134 -0.178276 0.289559 0.094910
    2 -0.480402 -2.843485 2.688040 0.673012 -2.243426 1.543597
    3 -0.112307 0.151027 2.610122 -0.768445 1.110035 1.357798
    4 -0.011142 0.781255 -0.800262 1.758567 0.047522 -0.072981
    5 0.000000 0.718097 -0.000002 0.031770 -0.002756 0.042198
    6 -0.000001 0.897711 1.580295 -0.150667 -0.044153 -0.157780
    7 -0.000000 -0.000000 0.811541 0.569018 -0.134605 0.274998
    8 2.054477 -1.304468 1.950959 -0.482693 0.222147 0.727609
    9 -2.028698 -1.308375 1.954868 2.512121 -0.480337 -0.771528
    10 0.078373 -1.946114 0.837657 -0.176167 0.008544 0.018050
    11 0.072788 -0.636110 2.994048 -0.999211 0.008544 0.018050
    12 1.747773 -0.139594 1.644552 0.513126 0.811034 3.113585
    13 -1.241366 -1.806391 1.056407 1.226298 -0.061300 2.555561
    14 1.278910 -1.861079 1.013437 0.856375 3.143344 0.609749
    15 1.218724 -1.798575 1.272704 1.197900 2.871010 0.502909
    16 0.004859 -0.122106 -0.000735 -0.033604 0.041702 0.036316
    17 -1.061022 -1.480885 1.175125 0.259304 -0.150243 -0.270379
    18 1.061021 -1.480883 1.175125 0.029100 0.107507 -0.440957
    19 -0.111138 -2.143001 1.346874 0.232495 0.079242 3.160336
    20 -1.220244 -1.798577 1.272703 -1.288351 -3.080293 -0.586032
    21 -0.004860 0.122106 0.000735 -0.195376 0.041702 0.036316
    22 -9.704695 -5.140730 -5.905492 0.012929 2.707565 1.029581
    23 0.096951 -8.450422 -0.009364 0.777522 -0.392271 -0.362921
    24 -0.139400 -0.111699 0.014398 0.602950 -0.047021 1.569868
    25 1.164474 -2.543937 -0.170327 0.454761 -0.191891 0.258250
    26 0.024034 -1.129039 0.017807 -0.109431 0.000000 -0.000001
    27 0.014896 -0.883992 -0.019847 0.131997 0.000000 -0.000000
    28 0.447949 -2.798981 -0.200442 0.423587 0.047193 0.204345
    29 -0.032909 -1.480206 0.004935 0.083774 0.000000 0.000000
    30 -0.027023 -1.076921 -0.020212 -0.025262 0.000000 -0.000000
    31 -0.249535 -2.846962 -0.174215 0.565843 0.073408 0.096039
    32 0.043235 -1.683941 0.096015 -0.189710 0.000001 0.000000
    33 0.031729 -1.160831 0.058834 -0.112917 -0.000000 -0.000000
    34 -0.963867 -2.785142 -0.085346 0.473863 0.135327 -0.091592
    35 0.028477 -1.403065 0.006271 0.017928 0.000001 0.000000
    36 0.021414 -0.957780 0.020046 -0.002434 0.000000 0.000000
    37 -0.591283 -1.257737 0.232709 -1.444300 -0.065059 -2.243366
    38 1.522835 0.058679 0.016852 0.001411 -0.223174 -0.046880
    39 1.117948 0.048424 -0.005766 -0.000243 -0.176177 0.065422
    40 0.120152 -0.050266 -0.054488 0.366862 3.144320 1.551255
    41 -1.180679 -2.507216 -0.193860 0.174078 0.013294 -0.477916
    42 -0.024968 -1.123935 0.017595 -0.399958 0.000000 0.000000
    43 -0.020059 -0.890964 0.010094 -0.763707 -0.000000 -0.000000
    44 -0.488518 -2.755600 -0.228259 0.021317 -0.012955 -0.306739
    45 0.039887 -1.479790 0.029853 -0.312801 0.000000 0.000000
    46 0.028784 -1.075732 -0.023109 -0.857892 -0.000000 -0.000000
    47 0.250027 -2.820664 -0.238394 0.058021 -0.058472 -0.078775
    48 -0.049760 -1.680543 0.100480 -0.624477 0.000000 -0.000000
    49 -0.034142 -1.148310 0.084779 -1.037172 0.000000 0.000000
    50 0.957767 -2.746777 -0.090299 -0.172398 -0.139206 0.276765
    51 -0.033420 -1.397126 -0.011255 -0.473432 0.000000 0.000001
    52 -0.022361 -0.957433 0.018785 -0.858670 0.000000 0.000000
    53 0.583509 -1.197273 0.185380 0.498834 -0.339857 -0.429184
    54 1.535925 0.010248 0.005008 -0.002964 -0.491310 0.000890
    55 1.100770 0.004527 -0.010675 -0.002796 -0.975914 0.003459
  time 83
    0 6.383712 -1.784089 -8.377162 0.957941 -2.050792 -1.093480
    1 -0.071920 -8.498732 -0.104134 -0.182927 0.283898 0.096053
    2 -0.480402 -2.843485 2.688040 0.673012 -2.243426 1.543597
    3 -0.135745 0.119776 2.645280 -0.763100 1.087512 1.360272
    4 -0.011142 0.781255 -0.800262 1.749933 0.066901 -0.082448
    5 0.000000 0.718097 -0.000002 0.035081 -0.003224 0.049377
    6 -0.000001 0.897711 1.580295 -0.150667 -0.044153 -0.157780
    7 -0.000000 -0.000000 0.811541 0.569018 -0.134605 0.274998
    8 2.077916 -1.324000 1.966585 -0.482490 0.222627 0.728556
    9 -2.052137 -1.327906 1.970493 2.512696 -0.480409 -0.774032
    10 0.078373 -1.985178 0.845470 -0.176167 0.008544 0.018050
    11 0.072788 -0.659548 3.021392 -0.999954 0.008544 0.018050
    12 1.724335 -0.139594 1.621114 0.513126 0.811034 3.113585
    13 -1.241366 -1.806391 1.056407 1.225621 -0.061300 2.555561
    14 1.278910 -1.861079 1.013437 0.749169 3.120202 0.601001
    15 1.218724 -1.798575 1.272704 1.223548 2.888747 0.508086
    16 0.004859 -0.122106 -0.000735 -0.035147 0.041702 0.036316
    17 -1.061022 -1.480885 1.175125 0.302023 -0.145588 -0.233489
    18 1.061021 -1.480883 1.175125 0.053100 0.172651 -0.427647
    19 -0.111138 -2.143001 1.346874 0.232495 0.079242 3.160336
    20 -1.220244 -1.798577 1.272703 -1.287698 -3.080293 -0.586032
    21 -0.004860 0.122106 0.000735 -0.196892 0.041702 0.036316
    22 -9.942984 -5.187606 -5.932836 0.002897 2.708455 1.042996
    23 0.096951 -8.450422 -0.009364 0.739066 -0.401390 -0.371866
    24 -0.139400 -0.111699 0.014398 0.602950 -0.047021 1.569868
    25 1.164474 -2.543937 -0.170327 0.481112 -0.187337 0.257172
    26 0.024034 -1.129039 0.017807 -0.106804 0.000000 -0.000001
    27 0.014896 -0.883992 -0.019847 0.131575 0.000000 -0.000000
    28 0.447949 -2.798981 -0.200442 0.466131 0.047193 0.204345
    29 -0.032909 -1.480206 0.004935 0.081140 0.000000 0.000000
    30 -0.027023 -1.076921 -0.020212 -0.025846 0.000000 -0.000000
    31 -0.249535 -2.846962 -0.174215 0.602286 0.073408 0.096039
    32 0.043235 -1.683941 0.096015 -0.190257 0.000001 0.000000
    33 0.031729 -1.160831 0.058834 -0.093120 -0.000000 -0.000000
    34 -0.963867 -2.785142 -0.085346 0.493108 0.135327 -0.091592
    35 0.028477 -1.403065 0.006271 0.017387 0.000001 0.000000
    36 0.021414 -0.957780 0.020046 0.010559 0.000000 0.000000
    37 -0.591283 -1.257737 0.232709 -1.446179 -0.065792 -2.230621
    38 1.522835 0.058679 0.016852 0.001411 -0.223174 -0.046880
    39 1.117948 0.048424 -0.005766 -0.000243 -0.176315 0.065422
    40 0.120152 -0.050266 -0.054488 0.366862 3.144320 1.551255
    41 -1.180679 -2.507216 -0.193860 0.174078 0.013294 -0.477916
    42 -0.024968 -1.123935 0.017595 -0.399958 0.000000 0.000000
    43 -0.020059 -0.890964 0.010094 -0.763707 -0.000000 -0.000000
    44 -0.488518 -2.755600 -0.228259 0.021291 -0.012955 -0.306739
    45 0.039887 -1.479790 0.029853 -0.312801 0.000000 0.000000
    46 0.028784 -1.075732 -0.023109 -0.857892 -0.000000 -0.000000
    47 0.250027 -2.820664 -0.238394 0.058021 -0.058472 -0.078775
    48 -0.049760 -1.680543 0.100480 -0.624477 0.000000 -0.000000
    49 -0.034142 -1.148310 0.084779 -1.037172 0.000000 0.000000
    50 0.957767 -2.746777 -0.090299 -0.172398 -0.139206 0.276765
    51 -0.033420 -1.397126 -0.011255 -0.473432 0.000000 0.000001
    52 -0.022361 -0.957433 0.018785 -0.858670 0.000000 0.000000
    53 0.583509 -1.197273 0.185380 0.498834 -0.339857 -0.429184
    54 1.535925 0.010248 0.005008 -0.002964 -0.491310 0.000890
    55 1.100770 0.004527 -0.010675 -0.002796 -0.975914 0.003459
  time 84
    0 6.391525 -1.787995 -8.396694 0.948700 -2.052630 -1.083193
    1 -0.071920 -8.498732 -0.104134 -0.187615 0.278132 0.097226
    2 -0.480402 -2.843485 2.688040 0.673012 -2.243426 1.543597
    3 -0.163090 0.080713 2.684343 -0.757343 1.060607 1.362963
    4 -0.011142 0.781255 -0.800262 1.740797 0.086424 -0.092024
    5 0.000000 0.718097 -0.000002 0.038270 -0.003703 0.056771
    6 -0.000001 0.897711 1.580295 -0.150667 -0.044153 -0.157780
    7 -0.000000 -0.000000 0.811541 0.569018 -0.134605 0.274998
    8 2.097447 -1.347438 1.982210 -0.482214 0.223274 0.729826
    9 -2.071669 -1.347438 1.982212 2.513451 -0.480505 -0.777436
    10 0.078373 -2.020335 0.853283 -0.176167 0.008544 0.018050
    11 0.072788 -0.682987 3.048737 -1.000949 0.008544 0.018050
    12 1.704803 -0.139594 1.597676 0.513126 0.811034 3.113585
    13 -1.241366 -1.806391 1.056407 1.225621 -0.061300 2.555561
    14 1.278910 -1.861079 1.013437 0.654078 3.100008 0.593414
    15 1.218724 -1.798575 1.272704 1.244137 2.913337 0.515180
    16 0.004859 -0.122106 -0.000735 -0.036636 0.041702 0.036316
    17 -1.061022 -1.480885 1.175125 0.325429 -0.145268 -0.203838
    18 1.061021 -1.480883 1.175125 0.067283 0.254334 -0.447626
    19 -0.111138 -2.143001 1.346874 0.232495 0.079242 3.160336
    20 -1.220244 -1.798577 1.272703 -1.287698 -3.080293 -0.586032
    21 -0.004860 0.122106 0.000735 -0.196892 0.041702 0.036316
    22 -10.189085 -5.226670 -5.964087 -0.003852 2.708115 1.055576
    23 0.096951 -8.450422 -0.009364 0.693501 -0.412882 -0.381900
    24 -0.139400 -0.111699 0.014398 0.602950 -0.047021 1.569868
    25 1.164474 -2.543937 -0.170327 0.504355 -0.182627 0.256057
    26 0.024034 -1.129039 0.017807 -0.104528 0.000000 -0.000001
    27 0.014896 -0.883992 -0.019847 0.131077 0.000000 -0.000000
    28 0.447949 -2.798981 -0.200442 0.507612 0.047193 0.204345
    29 -0.032909 -1.480206 0.004935 0.077268 0.000000 0.000000
    30 -0.027023 -1.076921 -0.020212 -0.026598 0.000000 -0.000000
    31 -0.249535 -2.846962 -0.174215 0.637648 0.073408 0.096039
    32 0.043235 -1.683941 0.096015 -0.190972 0.000001 0.000000
    33 0.031729 -1.160831 0.058834 -0.073225 -0.000000 -0.000000
    34 -0.963867 -2.785142 -0.085346 0.510935 0.135327 -0.091592
    35 0.028477 -1.403065 0.006271 0.016689 0.000001 0.000000
    36 0.021414 -0.957780 0.020046 0.022605 0.000000 0.000000
    37 -0.591283 -1.257737 0.232709 -1.447823 -0.066750 -2.217443
    38 1.522835 0.058679 0.016852 0.001411 -0.223174 -0.046880
    39 1.117948 0.048424 -0.005766 -0.000243 -0.176523 0.065422
    40 0.120152 -0.050266 -0.054488 0.366862 3.144320 1.551255
    41 -1.180679 -2.507216 -0.193860 0.174078 0.013294 -0.477916
    42 -0.024968 -1.123935 0.017595 -0.399958 0.000000 0.000000
    43 -0.020059 -0.890964 0.010094 -0.763707 -0.000000 -0.000000
    44 -0.488518 -2.755600 -0.228259 0.021291 -0.012955 -0.306739
    45 0.039887 -1.479790 0.029853 -0.312801 0.000000 0.000000
    46 0.028784 -1.075732 -0.023109 -0.857892 -0.000000 -0.000000
    47 0.250027 -2.820664 -0.238394 0.058021 -0.058472 -0.078775
    48 -0.049760 -1.680543 0.100480 -0.624477 0.000000 -0.000000
    49 -0.034142 -1.148310 0.084779 -1.037172 0.000000 0.000000
    50 0.957767 -2.746777 -0.090299 -0.172398 -0.139206 0.276765
    51 -0.033420 -1.397126 -0.011255 -0.473432 0.000000 0.000001
    52 -0.022361 -0.957433 0.018785 -0.858670 0.000000 0.000000
    53 0.583509 -1.197273 0.185380 0.498834 -0.339857 -0.429184
    54 1.535925 0.010248 0.005008 -0.002964 -0.491310 0.000890
    55 1.100770 0.004527 -0.010675 -0.002796 -0.975914 0.003459
  time 85
    0 6.403244 -1.791902 -8.412319 0.939536 -2.054426 -1.073090
    1 -0.071920 -8.498732 -0.104134 -0.192266 0.272331 0.098384
    2 -0.480402 -2.843485 2.688040 0.673012 -2.243426 1.543597
    3 -0.186528 0.049462 2.715594 -0.752957 1.038067 1.365029
    4 -0.011142 0.781255 -0.800262 1.731335 0.105851 -0.101600
    5 0.000000 0.718097 -0.000002 0.041312 -0.004195 0.064285
    6 -0.000001 0.897711 1.580295 -0.150667 -0.044153 -0.157780
    7 -0.000000 -0.000000 0.811541 0.569018 -0.134605 0.274998
    8 2.116979 -1.370876 1.997836 -0.481759 0.224317 0.731875
    9 -2.091200 -1.366970 1.997838 2.514686 -0.480649 -0.782913
    10 0.078373 -2.059399 0.865002 -0.176167 0.008544 0.018050
    11 0.072788 -0.710331 3.076082 -1.002555 0.008544 0.018050
    12 1.689178 -0.139594 1.582051 0.513126 0.811034 3.113585
    13 -1.241366 -1.806391 1.056407 1.225621 -0.061300 2.555561
    14 1.282816 -1.864986 1.009531 0.579710 3.085710 0.588057
    15 1.218724 -1.798575 1.272704 1.266590 2.940647 0.523330
    16 0.004859 -0.122106 -0.000735 -0.038017 0.041702 0.036316
    17 -1.061022 -1.480885 1.175125 0.336342 -0.148823 -0.174966
    18 1.061021 -1.480883 1.175125 0.074310 0.344500 -0.488636
    19 -0.111138 -2.143001 1.346874 0.232495 0.079242 3.160336
    20 -1.220244 -1.798577 1.272703 -1.287698 -3.080293 -0.586032
    21 -0.004860 0.122106 0.000735 -0.196892 0.041702 0.036316
    22 -10.435186 -5.254014 -5.999245 -0.007712 2.706701 1.066904
    23 0.096951 -8.450422 -0.009364 0.642099 -0.426281 -0.392607
    24 -0.139400 -0.111699 0.014398 0.602950 -0.047021 1.569868
    25 1.164474 -2.543937 -0.170327 0.524610 -0.177809 0.254919
    26 0.024034 -1.129039 0.017807 -0.102551 0.000000 -0.000001
    27 0.014896 -0.883992 -0.019847 0.130425 0.000000 -0.000000
    28 0.447949 -2.798981 -0.200442 0.547499 0.047193 0.204345
    29 -0.032909 -1.480206 0.004935 0.071999 0.000000 0.000000
    30 -0.027023 -1.076921 -0.020212 -0.027544 0.000000 -0.000000
    31 -0.249535 -2.846962 -0.174215 0.671749 0.073408 0.096039
    32 0.043235 -1.683941 0.096015 -0.191876 0.000001 0.000000
    33 0.031729 -1.160831 0.058834 -0.053525 -0.000000 -0.000000
    34 -0.963867 -2.785142 -0.085346 0.527374 0.135327 -0.091592
    35 0.028477 -1.403065 0.006271 0.015835 0.000001 0.000000
    36 0.021414 -0.957780 0.020046 0.033706 0.000000 0.000000
    37 -0.591283 -1.257737 0.232709 -1.449268 -0.067962 -2.204049
    38 1.522835 0.058679 0.016852 0.001411 -0.223174 -0.046880
    39 1.117948 0.048424 -0.005766 -0.000243 -0.176777 0.065422
    40 0.120152 -0.050266 -0.054488 0.366862 3.144320 1.551255
    41 -1.180679 -2.507216 -0.193860 0.174078 0.013294 -0.477916
    42 -0.024968 -1.123935 0.017595 -0.399958 0.000000 0.000000
    43 -0.020059 -0.890964 0.010094 -0.763707 -0.000000 -0.000000
    44 -0.488518 -2.755600 -0.228259 0.021291 -0.012955 -0.306739
    45 0.039887 -1.479790 0.029853 -0.312801 0.000000 0.000000
    46 0.028784 -1.075732 -0.023109 -0.857892 -0.000000 -0.000000
    47 0.250027 -2.820664 -0.238394 0.058021 -0.058472 -0.078775
    48 -0.049760 -1.680543 0.100480 -0.624477 0.000000 -0.000000
    49 -0.034142 -1.148310 0.084779 -1.037172 0.000000 0.000000
    50 0.957767 -2.746777 -0.090299 -0.172398 -0.139206 0.276765
    51 -0.033420 -1.397126 -0.011255 -0.473432 0.000000 0.000001
    52 -0.022361 -0.957433 0.018785 -0.858670 0.000000 0.000000
    53 0.583509 -1.197273 0.185380 0.498834 -0.339857 -0.429184
    54 1.535925 0.010248 0.005008 -0.002964 -0.491310 0.000890
    55 1.100770 0.004527 -0.010675 -0.002796 -0.975914 0.003459
  time 86
    0 6.414963 -1.791902 -8.427945 0.930750 -2.056181 -1.063263
    1 -0.071920 -8.498732 -0.104134 -0.196695 0.266705 0.099542
    2 -0.480402 -2.843485 2.688040 0.673012 -2.243426 1.543597
    3 -0.194341 0.033836 2.731220 -0.751244 1.028620 1.365844
    4 -0.011142 0.781255 -0.800262 1.721723 0.124966 -0.111032
    5 0.000000 0.718097 -0.000002 0.044185 -0.004686 0.071836
    6 -0.000001 0.897711 1.580295 -0.150667 -0.044153 -0.157780
    7 -0.000000 -0.000000 0.811541 0.569018 -0.134605 0.274998
    8 2.144324 -1.398221 2.021274 -0.481052 0.225947 0.735063
    9 -2.118545 -1.386502 2.013463 2.516603 -0.480853 -0.791386
    10 0.078373 -2.106275 0.876721 -0.176167 0.008544 0.018050
    11 0.072788 -0.745488 3.107332 -1.005048 0.008544 0.018050
    12 1.677459 -0.139594 1.570331 0.513126 0.811034 3.113585
    13 -1.241366 -1.806391 1.056407 1.225621 -0.061300 2.555561
    14 1.282816 -1.864986 1.009531 0.534757 3.080293 0.586032
    15 1.218724 -1.798575 1.272704 1.297829 2.966738 0.531479
    16 0.004859 -0.122106 -0.000735 -0.039316 0.041702 0.036316
    17 -1.061022 -1.480885 1.175125 0.337411 -0.155167 -0.147549
    18 1.061021 -1.480883 1.175125 0.077005 0.435034 -0.538569
    19 -0.111138 -2.143001 1.346874 0.232495 0.079242 3.160336
    20 -1.220244 -1.798577 1.272703 -1.287698 -3.080293 -0.586032
    21 -0.004860 0.122106 0.000735 -0.196892 0.041702 0.036316
    22 -10.685194 -5.269640 -6.042214 -0.009104 2.704345 1.076861
    23 0.096951 -8.450422 -0.009364 0.586234 -0.441153 -0.403636
    24 -0.139400 -0.111699 0.014398 0.602950 -0.047021 1.569868
    25 1.164474 -2.543937 -0.170327 0.542033 -0.172895 0.253756
    26 0.024034 -1.129039 0.017807 -0.100875 0.000000 -0.000001
    27 0.014896 -0.883992 -0.019847 0.129620 0.000000 -0.000000
    28 0.447949 -2.798981 -0.200442 0.585310 0.047193 0.204345
    29 -0.032909 -1.480206 0.004935 0.065113 0.000000 0.000000
    30 -0.027023 -1.076921 -0.020212 -0.028713 0.000000 -0.000000
    31 -0.249535 -2.846962 -0.174215 0.704273 0.073408 0.096039
    32 0.043235 -1.683941 0.096015 -0.192969 0.000001 0.000000
    33 0.031729 -1.160831 0.058834 -0.034213 -0.000000 -0.000000
    34 -0.963867 -2.785142 -0.085346 0.542425 0.135327 -0.091592
    35 0.028477 -1.403065 0.006271 0.014788 0.000001 0.000000
    36 0.021414 -0.957780 0.020046 0.043861 0.000000 0.000000
    37 -0.591283 -1.257737 0.232709 -1.450532 -0.069473 -2.190655
    38 1.522835 0.058679 0.016852 0.001411 -0.223174 -0.046880
    39 1.117948 0.048424 -0.005766 -0.000243 -0.177124 0.065422
    40 0.120152 -0.050266 -0.054488 0.366862 3.144320 1.551255
    41 -1.180679 -2.507216 -0.193860 0.174078 0.013294 -0.477916
    42 -0.024968 -1.123935 0.017595 -0.399958 0.000000 0.000000
    43 -0.020059 -0.890964 0.010094 -0.763707 -0.000000 -0.000000
    44 -0.488518 -2.755600 -0.228259 0.021291 -0.012955 -0.306739
    45 0.039887 -1.479790 0.029853 -0.312801 0.000000 0.000000
    46 0.028784 -1.075732 -0.023109 -0.857892 -0.000000 -0.000000
    47 0.250027 -2.820664 -0.238394 0.058021 -0.058472 -0.078775
    48 -0.049760 -1.680543 0.100480 -0.624477 0.000000 -0.000000
    49 -0.034142 -1.148310 0.084779 -1.037172 0.000000 0.000000
    50 0.957767 -2.746777 -0.090299 -0.172398 -0.139206 0.276765
    51 -0.033420 -1.397126 -0.011255 -0.473432 0.000000 0.000001
    52 -0.022361 -0.957433 0.018785 -0.858670 0.000000 0.000000
    53 0.583509 -1.197273 0.185380 0.498834 -0.339857 -0.429184
    54 1.535925 0.010248 0.005008 -0.002964 -0.491310 0.000890
    55 1.100770 0.004527 -0.010675 -0.002796 -0.975914 0.003459
  time 87
    0 6.430589 -1.795808 -8.439664 0.922343 -2.057852 -1.053987
    1 -0.071920 -8.498732 -0.104134 -0.200829 0.261289 0.100638
    2 -0.480402 -2.843485 2.688040 0.673012 -2.243426 1.543597
    3 -0.190435 0.041649 2.723407 -0.752158 1.033650 1.365410
    4 -0.011142 0.781255 -0.800262 1.712161 0.143518 -0.120188
    5 0.000000 0.718097 -0.000002 0.046838 -0.005165 0.079338
    6 -0.000001 0.897711 1.580295 -0.150667 -0.044153 -0.157780
    7 -0.000000 -0.000000 0.811541 0.569018 -0.134605 0.274998
    8 2.167762 -1.433378 2.040806 -0.480117 0.228044 0.739210
    9 -2.141983 -1.409940 2.029089 2.519120 -0.481068 -0.802388
    10 0.078373 -2.160964 0.892346 -0.176167 0.008544 0.018050
    11 0.072788 -0.792365 3.142490 -1.008284 0.008544 0.018050
    12 1.673552 -0.139594 1.566425 0.513126 0.811034 3.113585
    13 -1.241366 -1.806391 1.056407 1.225621 -0.061300 2.555561
    14 1.282816 -1.864986 1.009531 0.510592 3.081851 0.588669
    15 1.218724 -1.798575 1.272704 1.345486 2.987479 0.538670
    16 0.004859 -0.122106 -0.000735 -0.040508 0.041702 0.036316
    17 -1.061022 -1.480885 1.175125 0.331329 -0.163199 -0.122245
    18 1.061021 -1.480883 1.175125 0.078320 0.517789 -0.585558
    19 -0.111138 -2.143001 1.346874 0.232495 0.079242 3.160336
    20 -1.220244 -1.798577 1.272703 -1.287698 -3.080293 -0.586032
    21 -0.004860 0.122106 0.000735 -0.196892 0.041702 0.036316
    22 -10.923482 -5.273546 -6.085185 -0.008448 2.701229 1.085089
    23 0.096951 -8.450422 -0.009364 0.527244 -0.457018 -0.414600
    24 -0.139400 -0.111699 0.014398 0.602950 -0.047021 1.569868
    25 1.164474 -2.543937 -0.170327 0.556703 -0.167910 0.252570
    26 0.024034 -1.129039 0.017807 -0.099474 0.000000 -0.000001
    27 0.014896 -0.883992 -0.019847 0.128624 0.000000 -0.000000
    28 0.447949 -2.798981 -0.200442 0.620562 0.047193 0.204345
    29 -0.032909 -1.480206 0.004935 0.056353 0.000000 0.000000
    30 -0.027023 -1.076921 -0.020212 -0.030132 0.000000 -0.000000
    31 -0.249535 -2.846962 -0.174215 0.734950 0.073408 0.096039
    32 0.043235 -1.683941 0.096015 -0.194273 0.000001 0.000000
    33 0.031729 -1.160831 0.058834 -0.015612 -0.000000 -0.000000
    34 -0.963867 -2.785142 -0.085346 0.556119 0.135327 -0.091592
    35 0.028477 -1.403065 0.006271 0.013550 0.000001 0.000000
    36 0.021414 -0.957780 0.020046 0.053111 0.000000 0.000000
    37 -0.591283 -1.257737 0.232709 -1.451616 -0.071299 -2.177498
    38 1.522835 0.058679 0.016852 0.001411 -0.223174 -0.046880
    39 1.117948 0.048424 -0.005766 -0.000243 -0.177563 0.065422
    40 0.120152 -0.050266 -0.054488 0.366862 3.144320 1.551255
    41 -1.180679 -2.507216 -0.193860 0.174078 0.013294 -0.477916
    42 -0.024968 -1.123935 0.017595 -0.399958 0.000000 0.000000
    43 -0.020059 -0.890964 0.010094 -0.763707 -0.000000 -0.000000
    44 -0.488518 -2.755600 -0.228259 0.021317 -0.012955 -0.306739
    45 0.039887 -1.479790 0.029853 -0.312801 0.000000 0.000000
    46 0.028784 -1.075732 -0.023109 -0.857892 -0.000000 -0.000000
    47 0.250027 -2.820664 -0.238394 0.058021 -0.058472 -0.078775
    48 -0.049760 -1.680543 0.100480 -0.624477 0.000000 -0.000000
    49 -0.034142 -1.148310 0.084779 -1.037172 0.000000 0.000000
    50 0.957767 -2.746777 -0.090299 -0.172398 -0.139206 0.276765
    51 -0.033420 -1.397126 -0.011255 -0.473432 0.000000 0.000001
    52 -0.022361 -0.957433 0.018785 -0.858670 0.000000 0.000000
    53 0.583509 -1.197273 0.185380 0.498834 -0.339857 -0.429184
    54 1.535925 0.010248 0.005008 -0.002964 -0.491310 0.000890
    55 1.100770 0.004527 -0.010675 -0.002796 -0.975914 0.003459
  time 88
    0 6.446214 -1.795808 -8.447477 0.914617 -2.059439 -1.045445
    1 -0.071920 -8.498732 -0.104134 -0.204558 0.256222 0.101659
    2 -0.480402 -2.843485 2.688040 0.673012 -2.243426 1.543597
    3 -0.178715 0.061181 2.703875 -0.754579 1.046638 1.364268
    4 -0.011142 0.781255 -0.800262 1.702874 0.161292 -0.128925
    5 0.000000 0.718097 -0.000002 0.049248 -0.005633 0.086720
    6 -0.000001 0.897711 1.580295 -0.150667 -0.044153 -0.157780
    7 -0.000000 -0.000000 0.811541 0.569018 -0.134605 0.274998
    8 2.195107 -1.472442 2.068151 -0.479002 0.230537 0.744124
    9 -2.169328 -1.437285 2.048621 2.522140 -0.481260 -0.815439
    10 0.078373 -2.227373 0.915784 -0.176167 0.008544 0.018050
    11 0.072788 -0.843148 3.181553 -1.012119 0.008544 0.018050
    12 1.673552 -0.139594 1.566425 0.513126 0.811034 3.113585
    13 -1.241366 -1.806391 1.056407 1.225621 -0.061300 2.555561
    14 1.282816 -1.864986 1.009531 0.492301 3.085986 0.595644
    15 1.218724 -1.798575 1.272704 1.420122 3.004841 0.546052
    16 0.004859 -0.122106 -0.000735 -0.041563 0.041702 0.036316
    17 -1.061022 -1.480885 1.175125 0.320711 -0.171820 -0.099771
    18 1.061021 -1.480883 1.175125 0.081208 0.584373 -0.617886
    19 -0.111138 -2.143001 1.346874 0.232483 0.078511 3.160156
    20 -1.220244 -1.798577 1.272703 -1.287698 -3.080293 -0.586032
    21 -0.004860 0.122106 0.000735 -0.196892 0.041702 0.036316
    22 -11.157865 -5.265734 -6.132061 -0.006137 2.697485 1.091469
    23 0.096951 -8.450422 -0.009364 0.466404 -0.473441 -0.425115
    24 -0.139400 -0.111699 0.014398 0.602950 -0.047021 1.569868
    25 1.164474 -2.543937 -0.170327 0.568777 -0.162888 0.251383
    26 0.024034 -1.129039 0.017807 -0.098348 0.000000 -0.000001
    27 0.014896 -0.883992 -0.019847 0.127474 0.000000 -0.000000
    28 0.447949 -2.798981 -0.200442 0.652723 0.047193 0.204345
    29 -0.032909 -1.480206 0.004935 0.045531 0.000000 0.000000
    30 -0.027023 -1.076921 -0.020212 -0.031830 0.000000 -0.000000
    31 -0.249535 -2.846962 -0.174215 0.763555 0.073408 0.096039
    32 0.043235 -1.683941 0.096015 -0.195808 0.000001 0.000000
    33 0.031729 -1.160831 0.058834 0.002115 -0.000000 -0.000000
    34 -0.963867 -2.785142 -0.085346 0.568518 0.135327 -0.091592
    35 0.028477 -1.403065 0.006271 0.012119 0.000001 0.000000
    36 0.021414 -0.957780 0.020046 0.061479 0.000000 0.000000
    37 -0.591283 -1.257737 0.232709 -1.452519 -0.073469 -2.164775
    38 1.522835 0.058679 0.016852 0.001411 -0.223174 -0.046880
    39 1.117948 0.048424 -0.005766 -0.000243 -0.178095 0.065422
    40 0.120152 -0.050266 -0.054488 0.366862 3.144320 1.551255
    41 -1.180679 -2.507216 -0.193860 0.174078 0.013294 -0.477916
    42 -0.024968 -1.123935 0.017595 -0.399958 0.000000 0.000000
    43 -0.020059 -0.890964 0.010094 -0.763707 -0.000000 -0.000000
    44 -0.488518 -2.755600 -0.228259 0.021291 -0.012955 -0.306739
    45 0.039887 -1.479790 0.029853 -0.312801 0.000000 0.000000
    46 0.028784 -1.075732 -0.023109 -0.857892 -0.000000 -0.000000
    47 0.250027 -2.820664 -0.238394 0.058002 -0.058472 -0.078775
    48 -0.049760 -1.680543 0.100480 -0.624477 0.000000 -0.000000
    49 -0.034142 -1.148310 0.084779 -1.037172 0.000000 0.000000
    50 0.957767 -2.746777 -0.090299 -0.172398 -0.139206 0.276765
    51 -0.033420 -1.397126 -0.011255 -0.473432 0.000000 0.000001
    52 -0.022361 -0.957433 0.018785 -0.858670 0.000000 0.000000
    53 0.583509 -1.197273 0.185380 0.498834 -0.339857 -0.429184
    54 1.535925 0.010248 0.005008 -0.002964 -0.491310 0.000890
    55 1.100770 0.004527 -0.010675 -0.002796 -0.975914 0.003459
  time 89
    0 6.465746 -1.799714 -8.451384 0.907725 -2.060901 -1.037822
    1 -0.071920 -8.498732 -0.104134 -0.207806 0.251680 0.102588
    2 -0.480402 -2.843485 2.688040 0.673012 -2.243426 1.543597
    3 -0.159184 0.084619 2.676531 -0.758097 1.064393 1.362610
    4 -0.011142 0.781255 -0.800262 1.694090 0.178058 -0.137086
    5 0.000000 0.718097 -0.000002 0.051391 -0.006088 0.093899
    6 -0.000001 0.897711 1.580295 -0.150667 -0.044153 -0.157780
    7 -0.000000 -0.000000 0.811541 0.569018 -0.134605 0.274998
    8 2.230264 -1.515412 2.099401 -0.477732 0.233317 0.749637
    9 -2.200579 -1.464629 2.072059 2.525543 -0.481392 -0.830084
    10 0.082279 -2.297687 0.935316 -0.176167 0.008544 0.018050
    11 0.076694 -0.901743 3.220617 -1.016421 0.008544 0.018050
    12 1.673552 -0.139594 1.566425 0.513126 0.811034 3.113585
    13 -1.241366 -1.806391 1.056407 1.225621 -0.061300 2.555561
    14 1.282816 -1.864986 1.009531 0.478959 3.091834 0.605507
    15 1.218724 -1.798575 1.272704 1.518897 3.022861 0.554680
    16 0.004859 -0.122106 -0.000735 -0.042484 0.041702 0.036316
    17 -1.061022 -1.480885 1.175125 0.308219 -0.179929 -0.080762
    18 1.061021 -1.480883 1.175125 0.086085 0.632794 -0.635311
    19 -0.111138 -2.143001 1.346874 0.232447 0.076438 3.159665
    20 -1.220244 -1.798577 1.272703 -1.287698 -3.080293 -0.586032
    21 -0.004860 0.122106 0.000735 -0.196892 0.041702 0.036316
    22 -11.376621 -5.242295 -6.178937 -0.002618 2.693296 1.095642
    23 0.096951 -8.450422 -0.009364 0.405087 -0.489957 -0.434796
    24 -0.139400 -0.111699 0.014398 0.602950 -0.047021 1.569868
    25 1.164474 -2.543937 -0.170327 0.578413 -0.157831 0.250185
    26 0.024034 -1.129039 0.017807 -0.097473 0.000000 -0.000001
    27 0.014896 -0.883992 -0.019847 0.126133 0.000000 -0.000000
    28 0.447949 -2.798981 -0.200442 0.681359 0.047193 0.204345
    29 -0.032909 -1.480206 0.004935 0.032424 0.000000 0.000000
    30 -0.027023 -1.076921 -0.020212 -0.033778 0.000000 -0.000000
    31 -0.249535 -2.846962 -0.174215 0.789772 0.073408 0.096039
    32 0.043235 -1.683941 0.096015 -0.197595 0.000001 0.000000
    33 0.031729 -1.160831 0.058834 0.018678 -0.000000 -0.000000
    34 -0.963867 -2.785142 -0.085346 0.579590 0.135327 -0.091592
    35 0.028477 -1.403065 0.006271 0.010480 0.000001 0.000000
    36 0.021414 -0.957780 0.020046 0.068963 0.000000 0.000000
    37 -0.591283 -1.257737 0.232709 -1.453296 -0.076028 -2.152722
    38 1.522835 0.058679 0.016852 0.001411 -0.223174 -0.046880
    39 1.117948 0.048424 -0.005766 -0.000243 -0.178719 0.065422
    40 0.120152 -0.050266 -0.054488 0.366862 3.144320 1.551255
    41 -1.180679 -2.507216 -0.193860 0.174078 0.013294 -0.477916
    42 -0.024968 -1.123935 0.017595 -0.399958 0.000000 0.000000
    43 -0.020059 -0.890964 0.010094 -0.763707 -0.000000 -0.000000
    44 -0.488518 -2.755600 -0.228259 0.021317 -0.012955 -0.306739
    45 0.039887 -1.479790 0.029853 -0.312801 0.000000 0.000000
    46 0.028784 -1.075732 -0.023109 -0.857892 -0.000000 -0.000000
    47 0.250027 -2.820664 -0.238394 0.058021 -0.058472 -0.078775
    48 -0.049760 -1.680543 0.100480 -0.624477 0.000000 -0.000000
    49 -0.034142 -1.148310 0.084779 -1.037172 0.000000 0.000000
    50 0.957767 -2.746777 -0.090299 -0.172398 -0.139206 0.276765
    51 -0.033420 -1.397126 -0.011255 -0.473432 0.000000 0.000001
    52 -0.022361 -0.957433 0.018785 -0.858670 0.000000 0.000000
    53 0.583509 -1.197273 0.185380 0.498834 -0.339857 -0.429184
    54 1.535925 0.010248 0.005008 -0.002964 -0.491310 0.000890
    55 1.100770 0.004527 -0.010675 -0.002796 -0.975914 0.003459
  time 90
    0 6.489184 -1.799714 -8.451384 0.901893 -2.062238 -1.031301
    1 -0.071920 -8.498732 -0.104134 -0.210427 0.247696 0.103396
    2 -0.480402 -2.843485 2.688040 0.673012 -2.243426 1.543597
    3 -0.139652 0.111963 2.649186 -0.762255 1.083726 1.360680
    4 -0.011142 0.781255 -0.800262 1.686109 0.193590 -0.144517
    5 0.000000 0.718097 -0.000002 0.053192 -0.006520 0.100766
    6 -0.000001 0.897711 1.580295 -0.150667 -0.044153 -0.157780
    7 -0.000000 -0.000000 0.811541 0.569018 -0.134605 0.274998
    8 2.261515 -1.558382 2.130652 -0.476354 0.236313 0.755593
    9 -2.231830 -1.495880 2.091591 2.529259 -0.481440 -0.845832
    10 0.082279 -2.368002 0.958754 -0.176167 0.008544 0.018050
    11 0.076694 -0.960339 3.263587 -1.021047 0.008544 0.018050
    12 1.673552 -0.139594 1.566425 0.513126 0.811034 3.113585
    13 -1.241366 -1.806391 1.056407 1.225621 -0.061300 2.555561
    14 1.282816 -1.864986 1.009531 0.469685 3.098546 0.616796
    15 1.218724 -1.798575 1.272704 -1.512954 0.101187 -2.577804
    16 0.004859 -0.122106 -0.000735 -0.043296 0.041702 0.036316
    17 -1.061022 -1.480885 1.175125 0.296500 -0.186439 -0.065915
    18 1.061021 -1.480883 1.175125 0.091155 0.667617 -0.645857
    19 -0.111138 -2.143001 1.350781 0.232387 0.073214 3.158898
    20 -1.220244 -1.798577 1.272703 -1.287698 -3.080293 -0.586032
    21 -0.004860 0.122106 0.000735 -0.196892 0.041702 0.036316
    22 -11.575846 -5.207138 -6.225814 0.001689 2.688793 1.097431
    23 0.096951 -8.450422 -0.009364 0.344630 -0.506117 -0.443260
    24 -0.139400 -0.111699 0.014398 0.602950 -0.047021 1.569868
    25 1.164474 -2.543937 -0.170327 0.585649 -0.152785 0.248986
    26 0.024034 -1.129039 0.017807 -0.096797 0.000000 -0.000001
    27 0.014896 -0.883992 -0.019847 0.124600 0.000000 -0.000000
    28 0.447949 -2.798981 -0.200442 0.705842 0.047193 0.204345
    29 -0.032909 -1.480206 0.004935 0.016777 0.000000 0.000000
    30 -0.027023 -1.076921 -0.020212 -0.036060 0.000000 -0.000000
    31 -0.249535 -2.846962 -0.174215 0.813376 0.073408 0.096039
    32 0.043235 -1.683941 0.096015 -0.199634 0.000001 0.000000
    33 0.031729 -1.160831 0.058834 0.033817 -0.000000 -0.000000
    34 -0.963867 -2.785142 -0.085346 0.589398 0.135327 -0.091592
    35 0.028477 -1.403065 0.006271 0.008596 0.000001 0.000000
    36 0.021414 -0.957780 0.020046 0.075586 0.000000 0.000000
    37 -0.591283 -1.257737 0.232709 -1.453910 -0.078977 -2.141557
    38 1.522835 0.058679 0.016852 0.001411 -0.223174 -0.046880
    39 1.117948 0.048424 -0.005766 -0.000243 -0.179459 0.065422
    40 0.120152 -0.050266 -0.054488 0.366862 3.144320 1.551255
    41 -1.180679 -2.507216 -0.193860 0.174078 0.013294 -0.477916
    42 -0.024968 -1.123935 0.017595 -0.399958 0.000000 0.000000
    43 -0.020059 -0.890964 0.010094 -0.763707 -0.000000 -0.000000
    44 -0.488518 -2.755600 -0.228259 0.021291 -0.012955 -0.306739
    45 0.039887 -1.479790 0.029853 -0.312801 0.000000 0.000000
    46 0.028784 -1.075732 -0.023109 -0.857892 -0.000000 -0.000000
    47 0.250027 -2.820664 -0.238394 0.058002 -0.058472 -0.078775
    48 -0.049760 -1.680543 0.100480 -0.624477 0.000000 -0.000000
    49 -0.034142 -1.148310 0.084779 -1.037172 0.000000 0.000000
    50 0.957767 -2.746777 -0.090299 -0.172398 -0.139206 0.276765
    51 -0.033420 -1.397126 -0.011255 -0.473432 0.000000 0.000001
    52 -0.022361 -0.957433 0.018785 -0.858670 0.000000 0.000000
    53 0.583509 -1.197273 0.185380 0.498834 -0.339857 -0.429184
    54 1.535925 0.010248 0.005008 -0.002964 -0.491310 0.000890
    55 1.100770 0.004527 -0.010675 -0.002796 -0.975914 0.003459
  time 91
    0 6.512622 -1.795808 -8.447477 0.896515 -2.063617 -1.025331
    1 -0.071920 -8.498732 -0.104134 -0.212604 0.243957 0.104158
    2 -0.480402 -2.843485 2.688040 0.673012 -2.243426 1.543597
    3 -0.120120 0.139308 2.625748 -0.766367 1.101464 1.358777
    4 -0.011142 0.781255 -0.800262 1.679182 0.207684 -0.151060
    5 0.000000 0.718097 -0.000002 0.054677 -0.006927 0.107274
    6 -0.000001 0.897711 1.580295 -0.150667 -0.044153 -0.157780
    7 -0.000000 -0.000000 0.811541 0.569018 -0.134605 0.274998
    8 2.292766 -1.605259 2.161903 -0.474891 0.239417 0.761789
    9 -2.263081 -1.523225 2.115029 2.533166 -0.481368 -0.862239
    10 0.082279 -2.442223 0.982193 -0.176167 0.008544 0.018050
    11 0.076694 -1.022841 3.306557 -1.025877 0.008544 0.018050
    12 1.673552 -0.139594 1.566425 0.513126 0.811034 3.113585
    13 -1.241366 -1.806391 1.056407 1.225621 -0.061300 2.555561
    14 1.282816 -1.864986 1.009531 0.463681 3.105257 0.628086
    15 1.218724 -1.798575 1.272704 -1.405305 0.085514 -2.569367
    16 0.004859 -0.122106 -0.000735 -0.043919 0.041702 0.036316
    17 -1.061022 -1.480885 1.175125 0.288233 -0.190237 -0.055888
    18 1.061021 -1.480883 1.175125 0.096385 0.690373 -0.650513
    19 -0.111138 -2.139095 1.350781 0.232315 0.069019 3.157903
    20 -1.220244 -1.798577 1.272703 -1.287698 -3.080293 -0.586032
    21 -0.004860 0.122106 0.000735 -0.196892 0.041702 0.036316
    22 -11.755539 -5.156355 -6.264877 0.006416 2.684133 1.096477
    23 0.096951 -8.450422 -0.009364 0.286277 -0.521470 -0.450136
    24 -0.139400 -0.111699 0.014398 0.602950 -0.047021 1.569868
    25 1.164474 -2.543937 -0.170327 0.590683 -0.147764 0.247800
    26 0.024034 -1.129039 0.017807 -0.096347 0.000000 -0.000001
    27 0.014896 -0.883992 -0.019847 0.122837 0.000000 -0.000000
    28 0.447949 -2.798981 -0.200442 0.725786 0.047193 0.204345
    29 -0.032909 -1.480206 0.004935 -0.001598 0.000000 0.000000
    30 -0.027023 -1.076921 -0.020212 -0.038649 0.000000 -0.000000
    31 -0.249535 -2.846962 -0.174215 0.834053 0.073408 0.096039
    32 0.043235 -1.683941 0.096015 -0.201947 0.000001 0.000000
    33 0.031729 -1.160831 0.058834 0.047339 -0.000000 -0.000000
    34 -0.963867 -2.785142 -0.085346 0.597941 0.135327 -0.091592
    35 0.028477 -1.403065 0.006271 0.006468 0.000001 0.000000
    36 0.021414 -0.957780 0.020046 0.081367 0.000000 0.000000
    37 -0.591283 -1.257737 0.232709 -1.454398 -0.082344 -2.131516
    38 1.522835 0.058679 0.016852 0.001411 -0.223174 -0.046880
    39 1.117948 0.048424 -0.005766 -0.000243 -0.180314 0.065422
    40 0.120152 -0.050266 -0.054488 0.366862 3.144320 1.551255
    41 -1.180679 -2.507216 -0.193860 0.174078 0.013294 -0.477916
    42 -0.024968 -1.123935 0.017595 -0.399958 0.000000 0.000000
    43 -0.020059 -0.890964 0.010094 -0.763707 -0.000000 -0.000000
    44 -0.488518 -2.755600 -0.228259 0.021291 -0.012955 -0.306739
    45 0.039887 -1.479790 0.029853 -0.312801 0.000000 0.000000
    46 0.028784 -1.075732 -0.023109 -0.857892 -0.000000 -0.000000
    47 0.250027 -2.820664 -0.238394 0.058021 -0.058472 -0.078775
    48 -0.049760 -1.680543 0.100480 -0.624477 0.000000 -0.000000
    49 -0.034142 -1.148310 0.084779 -1.037172 0.000000 0.000000
    50 0.957767 -2.746777 -0.090299 -0.172398 -0.139206 0.276765
    51 -0.033420 -1.397126 -0.011255 -0.473432 0.000000 0.000001
    52 -0.022361 -0.957433 0.018785 -0.858670 0.000000 0.000000
    53 0.583509 -1.197273 0.185380 0.498834 -0.339857 -0.429184
    54 1.535925 0.010248 0.005008 -0.002964 -0.491310 0.000890
    55 1.100770 0.004527 -0.010675 -0.002796 -0.975914 0.003459
  time 92
    0 6.547780 -1.795808 -8.439664 0.890835 -2.065246 -1.018994
    1 -0.071920 -8.498732 -0.104134 -0.214598 0.240113 0.104950
    2 -0.480402 -2.843485 2.688040 0.673012 -2.243426 1.543597
    3 -0.108401 0.154934 2.606216 -0.769565 1.114452 1.357281
    4 -0.011142 0.781255 -0.800262 1.673610 0.220112 -0.156537
    5 0.000000 0.718097 -0.000002 0.055772 -0.007311 0.113314
    6 -0.000001 0.897711 1.580295 -0.150667 -0.044153 -0.157780
    7 -0.000000 -0.000000 0.811541 0.569018 -0.134605 0.274998
    8 2.324017 -1.648229 2.193154 -0.473393 0.242545 0.768069
    9 -2.298238 -1.554476 2.138467 2.537145 -0.481188 -0.878814
    10 0.086186 -2.516444 1.005631 -0.176167 0.008544 0.018050
    11 0.080601 -1.081436 3.349527 -1.030743 0.008544 0.018050
    12 1.673552 -0.139594 1.566425 0.513126 0.811034 3.113585
    13 -1.241366 -1.806391 1.056407 1.225621 -0.061300 2.555561
    14 1.282816 -1.864986 1.009531 0.460217 3.111105 0.637925
    15 1.218724 -1.798575 1.272704 -1.312653 0.072844 -2.562272
    16 0.004859 -0.122106 -0.000735 -0.044379 0.041702 0.036316
    17 -1.061022 -1.480885 1.175125 0.286046 -0.190237 -0.051377
    18 1.061021 -1.480883 1.175125 0.101487 0.702594 -0.650303
    19 -0.111138 -2.135189 1.350781 0.232243 0.064034 3.156717
    20 -1.220244 -1.798577 1.272703 -1.287698 -3.080293 -0.586032
    21 -0.004860 0.122106 0.000735 -0.196892 0.041702 0.036316
    22 -11.911794 -5.089947 -6.303941 0.011090 2.679473 1.092661
    23 0.096951 -8.450422 -0.009364 0.231464 -0.535536 -0.455041
    24 -0.139400 -0.111699 0.014398 0.602950 -0.047021 1.569868
    25 1.164474 -2.543937 -0.170327 0.593594 -0.142802 0.246625
    26 0.024034 -1.129039 0.017807 -0.096097 0.000000 -0.000001
    27 0.014896 -0.883992 -0.019847 0.120844 0.000000 -0.000000
    28 0.447949 -2.798981 -0.200442 0.740659 0.047193 0.204345
    29 -0.032909 -1.480206 0.004935 -0.022925 0.000000 0.000000
    30 -0.027023 -1.076921 -0.020212 -0.041571 0.000000 -0.000000
    31 -0.249535 -2.846962 -0.174215 0.851576 0.073408 0.096039
    32 0.043235 -1.683941 0.096015 -0.204554 0.000001 0.000000
    33 0.031729 -1.160831 0.058834 0.058919 -0.000000 -0.000000
    34 -0.963867 -2.785142 -0.085346 0.605282 0.135327 -0.091592
    35 0.028477 -1.403065 0.006271 0.004095 0.000001 0.000000
    36 0.021414 -0.957780 0.020046 0.086308 0.000000 0.000000
    37 -0.591283 -1.257737 0.232709 -1.454777 -0.086175 -2.122774
    38 1.522835 0.058679 0.016852 0.001411 -0.223174 -0.046880
    39 1.117948 0.048424 -0.005766 -0.000243 -0.181308 0.065422
    40 0.120152 -0.050266 -0.054488 0.366862 3.144320 1.551255
    41 -1.180679 -2.507216 -0.193860 0.174078 0.013294 -0.477916
    42 -0.024968 -1.123935 0.017595 -0.399958 0.000000 0.000000
    43 -0.020059 -0.890964 0.010094 -0.763707 -0.000000 -0.000000
    44 -0.488518 -2.755600 -0.228259 0.021291 -0.012955 -0.306739
    45 0.039887 -1.479790 0.029853 -0.312801 0.000000 0.000000
    46 0.028784 -1.075732 -0.023109 -0.857892 -0.000000 -0.000000
    47 0.250027 -2.820664 -0.238394 0.058002 -0.058472 -0.078775
    48 -0.049760 -1.680543 0.100480 -0.624477 0.000000 -0.000000
    49 -0.034142 -1.148310 0.084779 -1.037172 0.000000 0.000000
    50 0.957767 -2.746777 -0.090299 -0.172398 -0.139206 0.276765
    51 -0.033420 -1.397126 -0.011255 -0.473432 0.000000 0.000001
    52 -0.022361 -0.957433 0.018785 -0.858670 0.000000 0.000000
    53 0.583509 -1.197273 0.185380 0.498834 -0.339857 -0.429184
    54 1.535925 0.010248 0.005008 -0.002964 -0.491310 0.000890
    55 1.100770 0.004527 -0.010675 -0.002796 -0.975914 0.003459
  time 93
    0 6.586843 -1.795808 -8.431851 0.884927 -2.067084 -1.012289
    1 -0.071920 -8.498732 -0.104134 -0.216406 0.236165 0.105772
    2 -0.480402 -2.843485 2.688040 0.673012 -2.243426 1.543597
    3 -0.104494 0.162746 2.602310 -0.770844 1.119482 1.356683
    4 -0.011142 0.781255 -0.800262 1.669645 0.230694 -0.160768
    5 0.000000 0.718097 -0.000002 0.056454 -0.007646 0.118803
    6 -0.000001 0.897711 1.580295 -0.150667 -0.044153 -0.157780
    7 -0.000000 -0.000000 0.811541 0.569018 -0.134605 0.274998
    8 2.355268 -1.691199 2.220499 -0.471895 0.245613 0.774253
    9 -2.325583 -1.581820 2.157999 2.541088 -0.480900 -0.895101
    10 0.086186 -2.586759 1.029069 -0.176167 0.008544 0.018050
    11 0.080601 -1.143938 3.392498 -1.035537 0.008544 0.018050
    12 1.673552 -0.139594 1.566425 0.513126 0.811034 3.113585
    13 -1.241366 -1.806391 1.056407 1.225621 -0.061300 2.555561
    14 1.282816 -1.864986 1.009531 0.458603 3.115240 0.644888
    15 1.218724 -1.798575 1.272704 -1.247602 0.064397 -2.557383
    16 0.004859 -0.122106 -0.000735 -0.044677 0.041702 0.036316
    17 -1.061022 -1.480885 1.175125 0.289202 -0.186221 -0.053714
    18 1.061021 -1.480883 1.175125 0.106332 0.705809 -0.646217
    19 -0.111138 -2.131282 1.350781 0.232159 0.058461 3.155398
    20 -1.220244 -1.798577 1.272703 -1.287698 -3.080293 -0.586032
    21 -0.004860 0.122106 0.000735 -0.196892 0.041702 0.036316
    22 -12.032891 -5.007914 -6.331286 0.015345 2.674969 1.085685
    23 0.096951 -8.450422 -0.009364 0.181434 -0.547896 -0.457574
    24 -0.139400 -0.111699 0.014398 0.602950 -0.047021 1.569868
    25 1.164474 -2.543937 -0.170327 0.594538 -0.137900 0.245463
    26 0.024034 -1.129039 0.017807 -0.096022 0.000000 -0.000001
    27 0.014896 -0.883992 -0.019847 0.118621 0.000000 -0.000000
    28 0.447949 -2.798981 -0.200442 0.749931 0.047193 0.204345
    29 -0.032909 -1.480206 0.004935 -0.047426 0.000000 0.000000
    30 -0.027023 -1.076921 -0.020212 -0.044855 0.000000 -0.000000
    31 -0.249535 -2.846962 -0.174215 0.865676 0.073408 0.096039
    32 0.043235 -1.683941 0.096015 -0.207477 0.000001 0.000000
    33 0.031729 -1.160831 0.058834 0.068398 -0.000000 -0.000000
    34 -0.963867 -2.785142 -0.085346 0.611419 0.135327 -0.091592
    35 0.028477 -1.403065 0.006271 0.001461 0.000001 0.000000
    36 0.021414 -0.957780 0.020046 0.090450 0.000000 0.000000
    37 -0.591283 -1.257737 0.232709 -1.455048 -0.090500 -2.115612
    38 1.522835 0.058679 0.016852 0.001411 -0.223174 -0.046880
    39 1.117948 0.048424 -0.005766 -0.000243 -0.182440 0.065422
    40 0.120152 -0.050266 -0.054488 0.366862 3.144320 1.551255
    41 -1.180679 -2.507216 -0.193860 0.174078 0.013294 -0.477916
    42 -0.024968 -1.123935 0.017595 -0.399958 0.000000 0.000000
    43 -0.020059 -0.890964 0.010094 -0.763707 -0.000000 -0.000000
    44 -0.488518 -2.755600 -0.228259 0.021291 -0.012955 -0.306739
    45 0.039887 -1.479790 0.029853 -0.312801 0.000000 0.000000
    46 0.028784 -1.075732 -0.023109 -0.857892 -0.000000 -0.000000
    47 0.250027 -2.820664 -0.238394 0.058021 -0.058472 -0.078775
    48 -0.049760 -1.680543 0.100480 -0.624477 0.000000 -0.000000
    49 -0.034142 -1.148310 0.084779 -1.037172 0.000000 0.000000
    50 0.957767 -2.746777 -0.090299 -0.172398 -0.139206 0.276765
    51 -0.033420 -1.397126 -0.011255 -0.473432 0.000000 0.000001
    52 -0.022361 -0.957433 0.018785 -0.858670 0.000000 0.000000
    53 0.583509 -1.197273 0.185380 0.498834 -0.339857 -0.429184
    54 1.535925 0.010248 0.005008 -0.002964 -0.491310 0.000890
    55 1.100770 0.004527 -0.010675 -0.002796 -0.975914 0.003459
  time 94
    0 6.629813 -1.791902 -8.420133 0.878944 -2.069047 -1.005493
    1 -0.071920 -8.498732 -0.104134 -0.218030 0.232251 0.106580
    2 -0.480402 -2.843485 2.688040 0.673012 -2.243426 1.543597
    3 -0.104494 0.158840 2.606216 -0.770044 1.116362 1.357037
    4 -0.011142 0.781255 -0.800262 1.667612 0.239191 -0.163584
    5 0.000000 0.718097 -0.000002 0.056673 -0.007934 0.123681
    6 -0.000001 0.897711 1.580295 -0.150667 -0.044153 -0.157780
    7 -0.000000 -0.000000 0.811541 0.569018 -0.134605 0.274998
    8 2.382612 -1.734169 2.247844 -0.470457 0.248526 0.780149
    9 -2.352927 -1.605259 2.177531 2.544887 -0.480517 -0.910633
    10 0.086186 -2.653167 1.052507 -0.176167 0.008544 0.018050
    11 0.080601 -1.198627 3.431561 -1.040103 0.008544 0.018050
    12 1.673552 -0.139594 1.566425 0.513126 0.811034 3.113585
    13 -1.241366 -1.806391 1.056407 1.225621 -0.061300 2.555561
    14 1.282816 -1.864986 1.009531 0.458194 3.116810 0.647537
    15 1.218724 -1.798575 1.272704 -1.223108 0.061300 -2.555561
    16 0.004859 -0.122106 -0.000735 -0.044785 0.041702 0.036316
    17 -1.061022 -1.480885 1.175125 0.294824 -0.179046 -0.063147
    18 1.061021 -1.480883 1.175125 0.110535 0.701613 -0.639337
    19 -0.111138 -2.131282 1.354687 0.232088 0.052469 3.153984
    20 -1.220244 -1.798577 1.272703 -1.287698 -3.080293 -0.586032
    21 -0.004860 0.122106 0.000735 -0.196892 0.041702 0.036316
    22 -12.122738 -4.910254 -6.354724 0.018732 2.670754 1.075311
    23 0.096951 -8.450422 -0.009364 0.137558 -0.558069 -0.457398
    24 -0.139400 -0.111699 0.014398 0.602950 -0.047021 1.569868
    25 1.164474 -2.543937 -0.170327 0.578019 -0.132687 0.244228
    26 0.024034 -1.129039 0.017807 -0.103827 0.000000 -0.000001
    27 0.014896 -0.883992 -0.019847 0.101451 0.000000 -0.000000
    28 0.447949 -2.798981 -0.200442 0.753166 0.047193 0.204345
    29 -0.032909 -1.480206 0.004935 -0.075323 0.000000 0.000000
    30 -0.027023 -1.076921 -0.020212 -0.048529 0.000000 -0.000000
    31 -0.249535 -2.846962 -0.174215 0.876082 0.073408 0.096039
    32 0.043235 -1.683941 0.096015 -0.210715 0.000001 0.000000
    33 0.031729 -1.160831 0.058834 0.075450 -0.000000 -0.000000
    34 -0.963867 -2.785142 -0.085346 0.616385 0.135327 -0.091592
    35 0.028477 -1.403065 0.006271 -0.001469 0.000001 0.000000
    36 0.021414 -0.957780 0.020046 0.093813 0.000000 0.000000
    37 -0.591283 -1.257737 0.232709 -1.455211 -0.095319 -2.110224
    38 1.522835 0.058679 0.016852 0.001411 -0.223174 -0.046880
    39 1.117948 0.048424 -0.005766 -0.000243 -0.183711 0.065422
    40 0.120152 -0.050266 -0.054488 0.366862 3.144320 1.551255
    41 -1.180679 -2.507216 -0.193860 0.174078 0.013294 -0.477916
    42 -0.024968 -1.123935 0.017595 -0.399958 0.000000 0.000000
    43 -0.020059 -0.890964 0.010094 -0.763707 -0.000000 -0.000000
    44 -0.488518 -2.755600 -0.228259 0.021291 -0.012955 -0.306739
    45 0.039887 -1.479790 0.029853 -0.312801 0.000000 0.000000
    46 0.028784 -1.075732 -0.023109 -0.857892 -0.000000 -0.000000
    47 0.250027 -2.820664 -0.238394 0.058002 -0.058472 -0.078775
    48 -0.049760 -1.680543 0.100480 -0.624477 0.000000 -0.000000
    49 -0.034142 -1.148310 0.084779 -1.037172 0.000000 0.000000
    50 0.957767 -2.746777 -0.090299 -0.172398 -0.139206 0.276765
    51 -0.033420 -1.397126 -0.011255 -0.473432 0.000000 0.000001
    52 -0.022361 -0.957433 0.018785 -0.858670 0.000000 0.000000
    53 0.583509 -1.197273 0.185380 0.498834 -0.339857 -0.429184
    54 1.535925 0.010248 0.005008 -0.002964 -0.491310 0.000890
    55 1.100770 0.004527 -0.010675 -0.002796 -0.975914 0.003459
  time 95
    0 6.672783 -1.787995 -8.412319 0.872885 -2.071136 -0.998696
    1 -0.071920 -8.498732 -0.104134 -0.219507 0.228337 0.107403
    2 -0.480402 -2.843485 2.688040 0.673012 -2.243426 1.543597
    3 -0.116214 0.147121 2.614029 -0.767943 1.108019 1.358015
    4 -0.011142 0.781255 -0.800262 1.667436 0.246023 -0.165070
    5 0.000000 0.718097 -0.000002 0.056600 -0.008197 0.128235
    6 -0.000001 0.897711 1.580295 -0.150667 -0.044153 -0.157780
    7 -0.000000 -0.000000 0.811541 0.569018 -0.134605 0.274998
    8 2.409957 -1.773232 2.275188 -0.469103 0.251198 0.785590
    9 -2.380272 -1.628697 2.197062 2.548398 -0.480074 -0.924930
    10 0.090092 -2.711762 1.072039 -0.176167 0.008544 0.018050
    11 0.084507 -1.249410 3.466718 -1.044309 0.008544 0.018050
    12 1.673552 -0.139594 1.566425 0.513126 0.811034 3.113585
    13 -1.241366 -1.806391 1.056407 1.226890 -0.061300 2.555561
    14 1.282816 -1.864986 1.009531 0.462390 3.116474 0.647237
    15 1.218724 -1.798575 1.272704 -1.226214 0.061300 -2.555657
    16 0.004859 -0.122106 -0.000735 -0.042159 0.041702 0.036316
    17 -1.061022 -1.480885 1.175125 0.302352 -0.169249 -0.078711
    18 1.061021 -1.480883 1.175125 0.113776 0.691476 -0.630775
    19 -0.111138 -2.127376 1.354687 0.232016 0.046249 3.152510
    20 -1.220244 -1.798577 1.272703 -1.290309 -3.080109 -0.585936
    21 -0.004860 0.122106 0.000735 -0.194466 0.041702 0.036316
    22 -12.189146 -4.777438 -6.374256 0.021910 2.666539 1.060048
    23 0.096951 -8.450422 -0.009364 0.095755 -0.567839 -0.455041
    24 -0.139400 -0.111699 0.014398 0.602950 -0.047021 1.569868
    25 1.164474 -2.543937 -0.170327 0.531611 -0.126874 0.242850
    26 0.024034 -1.129039 0.017807 -0.125992 0.000000 -0.000001
    27 0.014896 -0.883992 -0.019847 0.057606 0.000000 -0.000000
    28 0.447949 -2.798981 -0.200442 0.732691 0.047193 0.204345
    29 -0.032909 -1.480206 0.004935 -0.111534 0.000000 0.000000
    30 -0.027023 -1.076921 -0.020212 -0.058215 0.000000 -0.000000
    31 -0.249535 -2.846962 -0.174215 0.882524 0.073408 0.096039
    32 0.043235 -1.683941 0.096015 -0.214290 0.000001 0.000000
    33 0.031729 -1.160831 0.058834 0.079849 -0.000000 -0.000000
    34 -0.963867 -2.785142 -0.085346 0.620179 0.135327 -0.091592
    35 0.028477 -1.403065 0.006271 -0.004679 0.000001 0.000000
    36 0.021414 -0.957780 0.020046 0.096399 0.000000 0.000000
    37 -0.591283 -1.257737 0.232709 -1.455319 -0.100692 -2.106826
    38 1.522835 0.058679 0.016852 0.001411 -0.223174 -0.046880
    39 1.117948 0.048424 -0.005766 -0.000243 -0.185144 0.065422
    40 0.120152 -0.050266 -0.054488 0.366862 3.144320 1.551255
    41 -1.180679 -2.507216 -0.193860 0.174078 0.013294 -0.477916
    42 -0.024968 -1.123935 0.017595 -0.399958 0.000000 0.000000
    43 -0.020059 -0.890964 0.010094 -0.763707 -0.000000 -0.000000
    44 -0.488518 -2.755600 -0.228259 0.021291 -0.012955 -0.306739
    45 0.039887 -1.479790 0.029853 -0.312801 0.000000 0.000000
    46 0.028784 -1.075732 -0.023109 -0.857892 -0.000000 -0.000000
    47 0.250027 -2.820664 -0.238394 0.058021 -0.058472 -0.078775
    48 -0.049760 -1.680543 0.100480 -0.624477 0.000000 -0.000000
    49 -0.034142 -1.148310 0.084779 -1.037172 0.000000 0.000000
    50 0.957767 -2.746777 -0.090299 -0.172398 -0.139206 0.276765
    51 -0.033420 -1.397126 -0.011255 -0.473432 0.000000 0.000001
    52 -0.022361 -0.957433 0.018785 -0.858670 0.000000 0.000000
    53 0.583509 -1.197273 0.185380 0.498834 -0.339857 -0.429184
    54 1.535925 0.010248 0.005008 -0.002964 -0.491310 0.000890
    55 1.100770 0.004527 -0.010675 -0.002796 -0.975914 0.003459
  time 96
    0 6.719660 -1.787995 -8.396694 0.866901 -2.073225 -0.991900
    1 -0.071920 -8.498732 -0.104134 -0.220799 0.224528 0.108180
    2 -0.480402 -2.843485 2.688040 0.673012 -2.243426 1.543597
    3 -0.127933 0.131495 2.633561 -0.765042 1.095925 1.359375
    4 -0.011142 0.781255 -0.800262 1.668816 0.251775 -0.165502
    5 0.000000 0.718097 -0.000002 0.056357 -0.008461 0.132849
    6 -0.000001 0.897711 1.580295 -0.150667 -0.044153 -0.157780
    7 -0.000000 -0.000000 0.811541 0.569018 -0.134605 0.274998
    8 2.433395 -1.804483 2.298626 -0.467904 0.253559 0.790396
    9 -2.403710 -1.652135 2.212688 2.551514 -0.479618 -0.937526
    10 0.090092 -2.766451 1.091571 -0.176167 0.008544 0.018050
    11 0.084507 -1.296287 3.494063 -1.048012 0.008544 0.018050
    12 1.673552 -0.139594 1.566425 0.513126 0.811034 3.113585
    13 -1.241366 -1.806391 1.056407 1.230699 -0.061300 2.555561
    14 1.278910 -1.864986 1.013437 0.474527 3.115516 0.646398
    15 1.218724 -1.798575 1.272704 -1.235355 0.061582 -2.555944
    16 0.004859 -0.122106 -0.000735 -0.034578 0.041702 0.036316
    17 -1.061022 -1.480885 1.175125 0.311211 -0.157329 -0.099422
    18 1.061021 -1.480883 1.175125 0.115733 0.677020 -0.621641
    19 -0.111138 -2.123469 1.354687 0.231944 0.039981 3.151024
    20 -1.220244 -1.798577 1.272703 -1.298047 -3.079556 -0.585553
    21 -0.004860 0.122106 0.000735 -0.187472 0.041702 0.036316
    22 -12.232116 -4.613370 -6.389881 0.025796 2.661853 1.039419
    23 0.096951 -8.450422 -0.009364 0.051720 -0.578958 -0.451403
    24 -0.139400 -0.111699 0.014398 0.602950 -0.047021 1.569868
    25 1.164474 -2.543937 -0.170327 0.460149 -0.120607 0.241364
    26 0.024034 -1.129039 0.017807 -0.160464 0.000000 -0.000001
    27 0.014896 -0.883992 -0.019847 -0.008469 0.000000 -0.000000
    28 0.447949 -2.798981 -0.200442 0.675516 0.047193 0.204345
    29 -0.032909 -1.480206 0.004935 -0.159266 0.000000 0.000000
    30 -0.027023 -1.076921 -0.020212 -0.078476 0.000000 -0.000000
    31 -0.249535 -2.846962 -0.174215 0.884731 0.073408 0.096039
    32 0.043235 -1.683941 0.096015 -0.218221 0.000001 0.000000
    33 0.031729 -1.160831 0.058834 0.081402 -0.000000 -0.000000
    34 -0.963867 -2.785142 -0.085346 0.622893 0.135327 -0.091592
    35 0.028477 -1.403065 0.006271 -0.008202 0.000001 0.000000
    36 0.021414 -0.957780 0.020046 0.098207 0.000000 0.000000
    37 -0.591283 -1.257737 0.232709 -1.455355 -0.106618 -2.105636
    38 1.522835 0.058679 0.016852 0.001411 -0.223174 -0.046880
    39 1.117948 0.048424 -0.005766 -0.000243 -0.186739 0.065422
    40 0.120152 -0.050266 -0.054488 0.366862 3.144320 1.551255
    41 -1.180679 -2.507216 -0.193860 0.174078 0.013294 -0.477916
    42 -0.024968 -1.123935 0.017595 -0.399958 0.000000 0.000000
    43 -0.020059 -0.890964 0.010094 -0.763707 -0.000000 -0.000000
    44 -0.488518 -2.755600 -0.228259 0.021291 -0.012955 -0.306739
    45 0.039887 -1.479790 0.029853 -0.312801 0.000000 0.000000
    46 0.028784 -1.075732 -0.023109 -0.857892 -0.000000 -0.000000
    47 0.250027 -2.820664 -0.238394 0.058002 -0.058472 -0.078775
    48 -0.049760 -1.680543 0.100480 -0.624477 0.000000 -0.000000
    49 -0.034142 -1.148310 0.084779 -1.037172 0.000000 0.000000
    50 0.957767 -2.746777 -0.090299 -0.172398 -0.139206 0.276765
    51 -0.033420 -1.397126 -0.011255 -0.473432 0.000000 0.000001
    52 -0.022361 -0.957433 0.018785 -0.858670 0.000000 0.000000
    53 0.583509 -1.197273 0.185380 0.498834 -0.339857 -0.429184
    54 1.535925 0.010248 0.005008 -0.002964 -0.491310 0.000890
    55 1.100770 0.004527 -0.010675 -0.002796 -0.975914 0.003459
  time 97
    0 6.766536 -1.784089 -8.384975 0.861069 -2.075314 -0.985287
    1 -0.071920 -8.498732 -0.104134 -0.221906 0.220859 0.108941
    2 -0.480402 -2.843485 2.688040 0.673012 -2.243426 1.543597
    3 -0.139652 0.108057 2.653092 -0.761775 1.081605 1.360897
    4 -0.011142 0.781255 -0.800262 1.671577 0.256533 -0.164974
    5 0.000000 0.718097 -0.000002 0.055967 -0.008701 0.137463
    6 -0.000001 0.897711 1.580295 -0.150667 -0.044153 -0.157780
    7 -0.000000 -0.000000 0.811541 0.569018 -0.134605 0.274998
    8 2.452927 -1.831828 2.314252 -0.466898 0.255501 0.794387
    9 -2.419335 -1.667760 2.224407 2.554115 -0.479175 -0.947953
    10 0.090092 -2.809422 1.107197 -0.176167 0.008544 0.018050
    11 0.084507 -1.331444 3.521408 -1.051093 0.008544 0.018050
    12 1.673552 -0.139594 1.566425 0.513126 0.811034 3.113585
    13 -1.241366 -1.806391 1.056407 1.236709 -0.061208 2.555561
    14 1.278910 -1.861079 1.013437 0.493893 3.113982 0.645056
    15 1.218724 -1.798575 1.272704 -1.249909 0.061957 -2.556328
    16 0.004859 -0.122106 -0.000735 -0.022449 0.041702 0.036316
    17 -1.061022 -1.480885 1.175125 0.320859 -0.143797 -0.124275
    18 1.061021 -1.480883 1.175125 0.116054 0.659685 -0.613079
    19 -0.111138 -2.119563 1.358593 0.231896 0.033856 3.149586
    20 -1.220244 -1.798577 1.272703 -1.310355 -3.078727 -0.584977
    21 -0.004860 0.122106 0.000735 -0.176290 0.041702 0.036316
    22 -12.263367 -4.414145 -6.405507 0.030471 2.656774 1.014377
    23 0.096951 -8.450422 -0.009364 0.006345 -0.590884 -0.446530
    24 -0.139400 -0.111699 0.014398 0.602950 -0.047021 1.569868
    25 1.164474 -2.543937 -0.170327 0.368394 -0.114039 0.239806
    26 0.024034 -1.129039 0.017807 -0.205243 0.000000 -0.000001
    27 0.014896 -0.883992 -0.019847 -0.092211 0.000000 -0.000000
    28 0.447949 -2.798981 -0.200442 0.587628 0.047193 0.204345
    29 -0.032909 -1.480206 0.004935 -0.216234 0.000000 0.000000
    30 -0.027023 -1.076921 -0.020212 -0.107922 0.000000 -0.000000
    31 -0.249535 -2.846962 -0.174215 0.862703 0.073408 0.096039
    32 0.043235 -1.683941 0.096015 -0.230185 0.000001 0.000000
    33 0.031729 -1.160831 0.058834 0.076420 -0.000000 -0.000000
    34 -0.963867 -2.785142 -0.085346 0.624466 0.135327 -0.091592
    35 0.028477 -1.403065 0.006271 -0.012022 0.000001 0.000000
    36 0.021414 -0.957780 0.020046 0.099301 0.000000 0.000000
    37 -0.591283 -1.257737 0.232709 -1.454903 -0.118590 -2.105744
    38 1.522835 0.058679 0.016852 0.001411 -0.223174 -0.046880
    39 1.117948 0.048424 -0.005766 -0.000243 -0.188334 0.065422
    40 0.120152 -0.050266 -0.054488 0.366862 3.144320 1.551255
    41 -1.180679 -2.507216 -0.193860 0.174078 0.013294 -0.477916
    42 -0.024968 -1.123935 0.017595 -0.399958 0.000000 0.000000
    43 -0.020059 -0.890964 0.010094 -0.763707 -0.000000 -0.000000
    44 -0.488518 -2.755600 -0.228259 0.021291 -0.012955 -0.306739
    45 0.039887 -1.479790 0.029853 -0.312801 0.000000 0.000000
    46 0.028784 -1.075732 -0.023109 -0.857892 -0.000000 -0.000000
    47 0.250027 -2.820664 -0.238394 0.058021 -0.058472 -0.078775
    48 -0.049760 -1.680543 0.100480 -0.624477 0.000000 -0.000000
    49 -0.034142 -1.148310 0.084779 -1.037172 0.000000 0.000000
    50 0.957767 -2.746777 -0.090299 -0.172398 -0.139206 0.276765
    51 -0.033420 -1.397126 -0.011255 -0.473432 0.000000 0.000001
    52 -0.022361 -0.957433 0.018785 -0.858670 0.000000 0.000000
    53 0.583509 -1.197273 0.185380 0.498834 -0.339857 -0.429184
    54 1.535925 0.010248 0.005008 -0.002964 -0.491310 0.000890
    55 1.100770 0.004527 -0.010675 -0.002796 -0.975914 0.003459
  time 98
    0 6.813413 -1.780182 -8.369349 0.855464 -2.077361 -0.978858
    1 -0.071920 -8.498732 -0.104134 -0.222903 0.217435 0.109657
    2 -0.480402 -2.843485 2.688040 0.673012 -2.243426 1.543597
    3 -0.155277 0.088525 2.676531 -0.758554 1.066514 1.362392
    4 -0.011142 0.781255 -0.800262 1.675593 0.260380 -0.163584
    5 0.000000 0.718097 -0.000002 0.055456 -0.008952 0.142053
    6 -0.000001 0.897711 1.580295 -0.150667 -0.044153 -0.157780
    7 -0.000000 -0.000000 0.811541 0.569018 -0.134605 0.274998
    8 2.464646 -1.851360 2.329877 -0.466143 0.256963 0.797383
    9 -2.434961 -1.679480 2.232220 2.556068 -0.478815 -0.955767
    10 0.090092 -2.840672 1.115009 -0.176167 0.008544 0.018050
    11 0.084507 -1.358788 3.537033 -1.053394 0.008544 0.018050
    12 1.673552 -0.139594 1.566425 0.513126 0.811034 3.113585
    13 -1.241366 -1.806391 1.056407 1.244835 -0.061115 2.555561
    14 1.278910 -1.861079 1.013437 0.519802 3.111932 0.643246
    15 1.218724 -1.798575 1.272704 -1.269345 0.062520 -2.556999
    16 0.004859 -0.122106 -0.000735 -0.006232 0.041702 0.036316
    17 -1.061022 -1.480885 1.175125 0.330721 -0.129178 -0.152307
    18 1.061021 -1.480883 1.175125 0.114386 0.641094 -0.606229
    19 -0.111138 -2.115657 1.362500 0.231848 0.028068 3.148220
    20 -1.220244 -1.798577 1.272703 -1.326858 -3.077529 -0.584114
    21 -0.004860 0.122106 0.000735 -0.161336 0.041702 0.036316
    22 -12.275085 -4.199295 -6.417226 0.036038 2.651302 0.985998
    23 0.096951 -8.450422 -0.009364 -0.039540 -0.603136 -0.440519
    24 -0.139400 -0.111699 0.014398 0.602950 -0.047021 1.569868
    25 1.164474 -2.543937 -0.170327 0.261103 -0.107352 0.238224
    26 0.024034 -1.129039 0.017807 -0.258328 0.000000 -0.000001
    27 0.014896 -0.883992 -0.019847 -0.189253 0.000000 -0.000000
    28 0.447949 -2.798981 -0.200442 0.475257 0.047193 0.204345
    29 -0.032909 -1.480206 0.004935 -0.280215 0.000000 0.000000
    30 -0.027023 -1.076921 -0.020212 -0.145105 0.000000 -0.000000
    31 -0.249535 -2.846962 -0.174215 0.801124 0.073408 0.096039
    32 0.043235 -1.683941 0.096015 -0.256194 0.000001 0.000000
    33 0.031729 -1.160831 0.058834 0.062348 -0.000000 -0.000000
    34 -0.963867 -2.785142 -0.085346 0.624990 0.135327 -0.091592
    35 0.028477 -1.403065 0.006271 -0.016191 0.000001 0.000000
    36 0.021414 -0.957780 0.020046 0.099637 0.000000 0.000000
    37 -0.591283 -1.257737 0.232709 -1.453621 -0.140874 -2.106177
    38 1.522835 0.058679 0.016852 0.001411 -0.223174 -0.046880
    39 1.117948 0.048424 -0.005766 -0.000243 -0.189790 0.065422
    40 0.120152 -0.050266 -0.054488 0.366862 3.144320 1.551255
    41 -1.180679 -2.507216 -0.193860 0.174078 0.013294 -0.477916
    42 -0.024968 -1.123935 0.017595 -0.399958 0.000000 0.000000
    43 -0.020059 -0.890964 0.010094 -0.763707 -0.000000 -0.000000
    44 -0.488518 -2.755600 -0.228259 0.021291 -0.012955 -0.306739
    45 0.039887 -1.479790 0.029853 -0.312801 0.000000 0.000000
    46 0.028784 -1.075732 -0.023109 -0.857892 -0.000000 -0.000000
    47 0.250027 -2.820664 -0.238394 0.058021 -0.058472 -0.078775
    48 -0.049760 -1.680543 0.100480 -0.624477 0.000000 -0.000000
    49 -0.034142 -1.148310 0.084779 -1.037172 0.000000 0.000000
    50 0.957767 -2.746777 -0.090299 -0.172398 -0.139206 0.276765
    51 -0.033420 -1.397126 -0.011255 -0.473432 0.000000 0.000001
    52 -0.022361 -0.957433 0.018785 -0.858670 0.000000 0.000000
    53 0.583509 -1.197273 0.185380 0.498834 -0.339857 -0.429184
    54 1.535925 0.010248 0.005008 -0.002964 -0.491310 0.000890
    55 1.100770 0.004527 -0.010675 -0.002796 -0.975914 0.003459
  time 99
    0 6.856383 -1.776276 -8.353724 0.850238 -2.079282 -0.972980
    1 -0.071920 -8.498732 -0.104134 -0.223715 0.214255 0.110328
    2 -0.480402 -2.843485 2.688040 0.673012 -2.243426 1.543597
    3 -0.170903 0.068993 2.696063 -0.755653 1.052177 1.363751
    4 -0.011142 0.781255 -0.800262 1.680713 0.263412 -0.161439
    5 0.000000 0.718097 -0.000002 0.054799 -0.009180 0.146596
    6 -0.000001 0.897711 1.580295 -0.150667 -0.044153 -0.157780
    7 -0.000000 -0.000000 0.811541 0.569018 -0.134605 0.274998
    8 2.472459 -1.863079 2.337690 -0.465687 0.257838 0.799181
    9 -2.442774 -1.687292 2.240033 2.557255 -0.478587 -0.960489
    10 0.093998 -2.860204 1.122822 -0.176167 0.008544 0.018050
    11 0.084507 -1.378320 3.548752 -1.054784 0.008544 0.018050
    12 1.673552 -0.139594 1.566425 0.513126 0.811034 3.113585
    13 -1.241366 -1.806391 1.056407 1.254738 -0.061023 2.555561
    14 1.275003 -1.857173 1.017343 0.551542 3.109416 0.641041
    15 1.218724 -1.798575 1.272704 -1.293218 0.063177 -2.557766
    16 0.004859 -0.122106 -0.000735 0.013640 0.041702 0.036316
    17 -1.061022 -1.480885 1.175125 0.340254 -0.113971 -0.182512
    18 1.061021 -1.480883 1.175125 0.110343 0.622718 -0.602173
    19 -0.111138 -2.111750 1.366406 0.231824 0.022795 3.146973
    20 -1.220244 -1.798577 1.272703 -1.347091 -3.076055 -0.583156
    21 -0.004860 0.122106 0.000735 -0.142990 0.041702 0.036316
    22 -12.271179 -3.964913 -6.428945 0.042525 2.645463 0.955233
    23 0.096951 -8.450422 -0.009364 -0.085042 -0.615170 -0.433418
    24 -0.139400 -0.111699 0.014398 0.602950 -0.047021 1.569868
    25 1.164474 -2.543937 -0.170327 0.143154 -0.100700 0.236642
    26 0.024034 -1.129039 0.017807 -0.317742 0.000000 -0.000001
    27 0.014896 -0.883992 -0.019847 -0.295033 0.000000 -0.000000
    28 0.447949 -2.798981 -0.200442 0.344488 0.047193 0.204345
    29 -0.032909 -1.480206 0.004935 -0.348894 0.000000 0.000000
    30 -0.027023 -1.076921 -0.020212 -0.188550 0.000000 -0.000000
    31 -0.249535 -2.846962 -0.174215 0.706525 0.073408 0.096039
    32 0.043235 -1.683941 0.096015 -0.293873 0.000001 0.000000
    33 0.031729 -1.160831 0.058834 0.040287 -0.000000 -0.000000
    34 -0.963867 -2.785142 -0.085346 0.606670 0.135327 -0.091592
    35 0.028477 -1.403065 0.006271 -0.028541 0.000001 0.000000
    36 0.021414 -0.957780 0.020046 0.091900 0.000000 0.000000
    37 -0.591283 -1.257737 0.232709 -1.451562 -0.171673 -2.106999
    38 1.522835 0.058679 0.016852 0.001411 -0.223174 -0.046880
    39 1.117948 0.048424 -0.005766 -0.000243 -0.191292 0.065422
    40 0.120152 -0.050266 -0.054488 0.366862 3.144320 1.551255
    41 -1.180679 -2.507216 -0.193860 0.174078 0.013294 -0.477916
    42 -0.024968 -1.123935 0.017595 -0.399958 0.000000 0.000000
    43 -0.020059 -0.890964 0.010094 -0.763707 -0.000000 -0.000000
    44 -0.488518 -2.755600 -0.228259 0.021291 -0.012955 -0.306739
    45 0.039887 -1.479790 0.029853 -0.312801 0.000000 0.000000
    46 0.028784 -1.075732 -0.023109 -0.857892 -0.000000 -0.000000
    47 0.250027 -2.820664 -0.238394 0.058002 -0.058472 -0.078775
    48 -0.049760 -1.680543 0.100480 -0.624477 0.000000 -0.000000
    49 -0.034142 -1.148310 0.084779 -1.037172 0.000000 0.000000
    50 0.957767 -2.746777 -0.090299 -0.172398 -0.139206 0.276765
    51 -0.033420 -1.397126 -0.011255 -0.473432 0.000000 0.000001
    52 -0.022361 -0.957433 0.018785 -0.858670 0.000000 0.000000
    53 0.583509 -1.197273 0.185380 0.498834 -0.339857 -0.429184
    54 1.535925 0.010248 0.005008 -0.002964 -0.491310 0.000890
    55 1.100770 0.004527 -0.010675 -0.002796 -0.975914 0.003459
  time 100
    0 6.895446 -1.772370 -8.334192 0.845467 -2.081037 -0.967469
    1 -0.071920 -8.498732 -0.104134 -0.224416 0.211424 0.110922
    2 -0.480402 -2.843485 2.688040 0.673012 -2.243426 1.543597
    3 -0.182622 0.049462 2.711688 -0.753346 1.040100 1.364839
    4 -0.011142 0.781255 -0.800262 1.686736 0.265701 -0.158658
    5 0.000000 0.718097 -0.000002 0.054068 -0.009408 0.151042
    6 -0.000001 0.897711 1.580295 -0.150667 -0.044153 -0.157780
    7 -0.000000 -0.000000 0.811541 0.569018 -0.134605 0.274998
    8 2.476365 -1.866985 2.337690 -0.465567 0.258053 0.799636
    9 -2.442774 -1.687292 2.240033 2.557542 -0.478528 -0.961651
    10 0.093998 -2.868017 1.122822 -0.176167 0.008544 0.018050
    11 0.084507 -1.382227 3.552659 -1.055131 0.008544 0.018050
    12 1.673552 -0.139594 1.566425 0.513126 0.811034 3.113585
    13 -1.241366 -1.806391 1.056407 1.266165 -0.060931 2.555561
    14 1.275003 -1.857173 1.017343 0.588468 3.106479 0.638477
    15 1.218724 -1.798575 1.272704 -1.320995 0.063928 -2.558629
    16 0.004859 -0.122106 -0.000735 0.036761 0.041702 0.036316
    17 -1.061022 -1.480885 1.175125 0.348884 -0.098700 -0.213927
    18 1.061021 -1.480883 1.175125 0.103669 0.606118 -0.602022
    19 -0.111138 -2.107844 1.378125 0.231788 0.017162 3.145643
    20 -1.220244 -1.798577 1.272703 -1.370587 -3.074304 -0.581909
    21 -0.004860 0.122106 0.000735 -0.121668 0.041702 0.036316
    22 -12.255554 -3.730531 -6.440664 0.050062 2.639284 0.923216
    23 0.096951 -8.450422 -0.009364 -0.129268 -0.626475 -0.425291
    24 -0.139400 -0.111699 0.014398 0.602950 -0.047021 1.569868
    25 1.164474 -2.543937 -0.170327 0.019306 -0.094216 0.235108
    26 0.024034 -1.129039 0.017807 -0.381434 0.000000 -0.000001
    27 0.014896 -0.883992 -0.019847 -0.405106 0.000000 -0.000000
    28 0.447949 -2.798981 -0.200442 0.201454 0.047193 0.204345
    29 -0.032909 -1.480206 0.004935 -0.420016 0.000000 0.000000
    30 -0.027023 -1.076921 -0.020212 -0.236866 0.000000 -0.000000
    31 -0.249535 -2.846962 -0.174215 0.585574 0.073408 0.096039
    32 0.043235 -1.683941 0.096015 -0.340845 0.000001 0.000000
    33 0.031729 -1.160831 0.058834 0.011464 -0.000000 -0.000000
    34 -0.963867 -2.785142 -0.085346 0.555286 0.135327 -0.091592
    35 0.028477 -1.403065 0.006271 -0.055334 0.000001 0.000000
    36 0.021414 -0.957780 0.020046 0.070204 0.000000 0.000000
    37 -0.591283 -1.257737 0.232709 -1.448816 -0.209207 -2.108384
    38 1.522835 0.058679 0.016852 0.001411 -0.223174 -0.046880
    39 1.117948 0.048424 -0.005766 -0.000243 -0.192933 0.065422
    40 0.120152 -0.050266 -0.054488 0.366862 3.144320 1.551255
    41 -1.180679 -2.507216 -0.193860 0.174078 0.013294 -0.477916
    42 -0.024968 -1.123935 0.017595 -0.399958 0.000000 0.000000
    43 -0.020059 -0.890964 0.010094 -0.763707 -0.000000 -0.000000
    44 -0.488518 -2.755600 -0.228259 0.021291 -0.012955 -0.306739
    45 0.039887 -1.479790 0.029853 -0.312801 0.000000 0.000000
    46 0.028784 -1.075732 -0.023109 -0.857892 -0.000000 -0.000000
    47 0.250027 -2.820664 -0.238394 0.058002 -0.058472 -0.078775
    48 -0.049760 -1.680543 0.100480 -0.624477 0.000000 -0.000000
    49 -0.034142 -1.148310 0.084779 -1.037172 0.000000 0.000000
    50 0.957767 -2.746777 -0.090299 -0.172398 -0.139206 0.276765
    51 -0.033420 -1.397126 -0.011255 -0.473432 0.000000 0.000001
    52 -0.022361 -0.957433 0.018785 -0.858670 0.000000 0.000000
    53 0.583509 -1.197273 0.185380 0.498834 -0.339857 -0.429184
    54 1.535925 0.010248 0.005008 -0.002964 -0.491310 0.000890
    55 1.100770 0.004527 -0.010675 -0.002796 -0.975914 0.003459
  time 101
    0 6.926697 -1.768463 -8.318567 0.841150 -2.082582 -0.962602
    1 -0.071920 -8.498732 -0.104134 -0.224970 0.208978 0.111424
    2 -0.480402 -2.843485 2.688040 0.673012 -2.243426 1.543597
    3 -0.190435 0.037742 2.723407 -0.751815 1.031740 1.365573
    4 -0.011142 0.781255 -0.800262 1.693513 0.267343 -0.155327
    5 0.000000 0.718097 -0.000002 0.053216 -0.009612 0.155368
    6 -0.000001 0.897711 1.580295 -0.150667 -0.044153 -0.157780
    7 -0.000000 -0.000000 0.811541 0.569018 -0.134605 0.274998
    8 2.464646 -1.855266 2.329877 -0.465975 0.257286 0.798042
    9 -2.434961 -1.679480 2.236126 2.556500 -0.478731 -0.957505
    10 0.090092 -2.848485 1.118916 -0.176167 0.008544 0.018050
    11 0.084507 -1.362695 3.540939 -1.053909 0.008544 0.018050
    12 1.673552 -0.139594 1.566425 0.513126 0.811034 3.113585
    13 -1.241366 -1.806391 1.056407 1.279031 -0.060746 2.555657
    14 1.271097 -1.853266 1.021250 0.629826 3.103195 0.635588
    15 1.218724 -1.798575 1.272704 -1.352057 0.064866 -2.559588
    16 0.004859 -0.122106 -0.000735 0.062671 0.041702 0.036316
    17 -1.061022 -1.480885 1.175125 0.356050 -0.083889 -0.245567
    18 1.061021 -1.480883 1.175125 0.094075 0.592826 -0.606920
    19 -0.111138 -2.100031 1.413283 0.231776 0.010534 3.144073
    20 -1.220244 -1.798577 1.272703 -1.396974 -3.072369 -0.580663
    21 -0.004860 0.122106 0.000735 -0.097768 0.041702 0.036316
    22 -12.220397 -3.492242 -6.452383 0.058675 2.632818 0.890900
    23 0.096951 -8.450422 -0.009364 -0.171359 -0.636556 -0.416235
    24 -0.139400 -0.111699 0.014398 0.602950 -0.047021 1.569868
    25 1.164474 -2.543937 -0.170327 -0.105683 -0.088092 0.233658
    26 0.024034 -1.129039 0.017807 -0.447452 0.000000 -0.000001
    27 0.014896 -0.883992 -0.019847 -0.515064 0.000000 -0.000000
    28 0.447949 -2.798981 -0.200442 0.052334 0.047193 0.204345
    29 -0.032909 -1.480206 0.004935 -0.491265 0.000000 0.000000
    30 -0.027023 -1.076921 -0.020212 -0.288550 0.000000 -0.000000
    31 -0.249535 -2.846962 -0.174215 0.444802 0.073408 0.096039
    32 0.043235 -1.683941 0.096015 -0.394672 0.000001 0.000000
    33 0.031729 -1.160831 0.058834 -0.022955 -0.000000 -0.000000
    34 -0.963867 -2.785142 -0.085346 0.476423 0.135327 -0.091592
    35 0.028477 -1.403065 0.006271 -0.094075 0.000001 0.000000
    36 0.021414 -0.957780 0.020046 0.036881 0.000000 0.000000
    37 -0.591283 -1.257737 0.232709 -1.445420 -0.251664 -2.110418
    38 1.522835 0.058679 0.016852 0.001411 -0.223174 -0.046880
    39 1.117948 0.048424 -0.005766 -0.000243 -0.194898 0.065422
    40 0.120152 -0.050266 -0.054488 0.366862 3.144320 1.551255
    41 -1.180679 -2.507216 -0.193860 0.174078 0.013294 -0.477916
    42 -0.024968 -1.123935 0.017595 -0.399958 0.000000 0.000000
    43 -0.020059 -0.890964 0.010094 -0.763707 -0.000000 -0.000000
    44 -0.488518 -2.755600 -0.228259 0.021291 -0.012955 -0.306739
    45 0.039887 -1.479790 0.029853 -0.312801 0.000000 0.000000
    46 0.028784 -1.075732 -0.023109 -0.857892 -0.000000 -0.000000
    47 0.250027 -2.820664 -0.238394 0.058002 -0.058472 -0.078775
    48 -0.049760 -1.680543 0.100480 -0.624477 0.000000 -0.000000
    49 -0.034142 -1.148310 0.084779 -1.037172 0.000000 0.000000
    50 0.957767 -2.746777 -0.090299 -0.172161 -0.139206 0.276765
    51 -0.033420 -1.397126 -0.011255 -0.473446 0.000000 0.000001
    52 -0.022361 -0.957433 0.018785 -0.858670 0.000000 0.000000
    53 0.583509 -1.197273 0.185380 0.498834 -0.339857 -0.429184
    54 1.535925 0.010248 0.005008 -0.002964 -0.491310 0.000890
    55 1.100770 0.004527 -0.010675 -0.002796 -0.975914 0.003459
  time 102
    0 6.957948 -1.768463 -8.299035 0.837514 -2.083878 -0.958377
    1 -0.071920 -8.498732 -0.104134 -0.225376 0.206952 0.111851
    2 -0.480402 -2.843485 2.688040 0.673012 -2.243426 1.543597
    3 -0.194341 0.033836 2.731220 -0.751244 1.028620 1.365844
    4 -0.011142 0.781255 -0.800262 1.700892 0.268398 -0.151564
    5 0.000000 0.718097 -0.000002 0.052291 -0.009815 0.159551
    6 -0.000001 0.897711 1.580295 -0.150667 -0.044153 -0.157780
    7 -0.000000 -0.000000 0.811541 0.569018 -0.134605 0.274998
    8 2.445114 -1.824015 2.310345 -0.466970 0.255393 0.794147
    9 -2.415429 -1.663854 2.220501 2.553959 -0.479199 -0.947330
    10 0.090092 -2.801609 1.103290 -0.176167 0.008544 0.018050
    11 0.084507 -1.327538 3.513595 -1.050901 0.008544 0.018050
    12 1.677459 -0.139594 1.570331 0.513126 0.811034 3.113585
    13 -1.241366 -1.806391 1.056407 1.293167 -0.060561 2.555657
    14 1.271097 -1.849360 1.021250 0.674973 3.099612 0.632448
    15 1.218724 -1.798575 1.272704 -1.386047 0.065805 -2.560642
    16 0.004859 -0.122106 -0.000735 0.090936 0.041702 0.036316
    17 -1.061022 -1.480885 1.175125 0.361195 -0.070025 -0.276429
    18 1.061021 -1.480883 1.175125 0.081208 0.584373 -0.617886
    19 -0.107232 -2.096125 1.452346 0.231764 0.003452 3.142407
    20 -1.220244 -1.798577 1.272703 -1.425785 -3.070342 -0.579225
    21 -0.004860 0.122106 0.000735 -0.071670 0.041702 0.036316
    22 -12.169614 -3.265673 -6.460196 0.068444 2.626063 0.859301
    23 0.096951 -8.450422 -0.009364 -0.210388 -0.644883 -0.406280
    24 -0.139400 -0.111699 0.014398 0.602950 -0.047021 1.569868
    25 1.164474 -2.543937 -0.170327 -0.227014 -0.082472 0.232328
    26 0.024034 -1.129039 0.017807 -0.513770 0.000000 -0.000001
    27 0.014896 -0.883992 -0.019847 -0.620346 0.000000 -0.000000
    28 0.447949 -2.798981 -0.200442 -0.096833 0.047193 0.204345
    29 -0.032909 -1.480206 0.004935 -0.560419 0.000000 0.000000
    30 -0.027023 -1.076921 -0.020212 -0.342209 0.000000 -0.000000
    31 -0.249535 -2.846962 -0.174215 0.290831 0.073408 0.096039
    32 0.043235 -1.683941 0.096015 -0.453019 0.000001 0.000000
    33 0.031729 -1.160831 0.058834 -0.061774 -0.000000 -0.000000
    34 -0.963867 -2.785142 -0.085346 0.375537 0.135327 -0.091592
    35 0.028477 -1.403065 0.006271 -0.142341 0.000001 0.000000
    36 0.021414 -0.957780 0.020046 -0.005735 0.000000 0.000000
    37 -0.591283 -1.257737 0.232709 -1.441464 -0.297249 -2.113210
    38 1.522835 0.058679 0.016852 0.001411 -0.223174 -0.046880
    39 1.117948 0.048424 -0.005766 -0.000243 -0.197278 0.065422
    40 0.120152 -0.050266 -0.054488 0.366862 3.144320 1.551255
    41 -1.180679 -2.507216 -0.193860 0.174078 0.013294 -0.477916
    42 -0.024968 -1.123935 0.017595 -0.399958 0.000000 0.000000
    43 -0.020059 -0.890964 0.010094 -0.763707 -0.000000 -0.000000
    44 -0.488518 -2.755600 -0.228259 0.021291 -0.012955 -0.306739
    45 0.039887 -1.479790 0.029853 -0.312801 0.000000 0.000000
    46 0.028784 -1.075732 -0.023109 -0.857892 -0.000000 -0.000000
    47 0.250027 -2.820664 -0.238394 0.058002 -0.058472 -0.078775
    48 -0.049760 -1.680543 0.100480 -0.624477 0.000000 -0.000000
    49 -0.034142 -1.148310 0.084779 -1.037172 0.000000 0.000000
    50 0.957767 -2.746777 -0.090299 -0.171429 -0.139206 0.276765
    51 -0.033420 -1.397126 -0.011255 -0.473503 0.000000 0.000001
    52 -0.022361 -0.957433 0.018785 -0.858670 0.000000 0.000000
    53 0.583509 -1.197273 0.185380 0.498834 -0.339857 -0.429184
    54 1.535925 0.010248 0.005008 -0.002964 -0.491310 0.000890
    55 1.100770 0.004527 -0.010675 -0.002796 -0.975914 0.003459
  time 103
    0 6.977480 -1.764557 -8.283409 0.834560 -2.084838 -0.954979
    1 -0.071920 -8.498732 -0.104134 -0.225671 0.205449 0.112171
    2 -0.480402 -2.843485 2.688040 0.673012 -2.243426 1.543597
    3 -0.194341 0.037742 2.727314 -0.751632 1.030741 1.365654
    4 -0.011142 0.781255 -0.800262 1.708672 0.268973 -0.147489
    5 0.000000 0.718097 -0.000002 0.051318 -0.009995 0.163530
    6 -0.000001 0.897711 1.580295 -0.150667 -0.044153 -0.157780
    7 -0.000000 -0.000000 0.811541 0.569018 -0.134605 0.274998
    8 2.413863 -1.781045 2.279094 -0.468408 0.252564 0.788383
    9 -2.384178 -1.632603 2.197062 2.550208 -0.479822 -0.932229
    10 0.090092 -2.731294 1.079852 -0.176167 0.008544 0.018050
    11 0.084507 -1.268942 3.470625 -1.046455 0.008544 0.018050
    12 1.689178 -0.139594 1.582051 0.513126 0.811034 3.113585
    13 -1.241366 -1.806391 1.056407 1.308149 -0.060469 2.555657
    14 1.267191 -1.845454 1.025156 0.723196 3.095789 0.629093
    15 1.218724 -1.798575 1.272704 -1.422344 0.066743 -2.561793
    16 0.004859 -0.122106 -0.000735 0.121178 0.041702 0.036316
    17 -1.061022 -1.480885 1.175125 0.363759 -0.057644 -0.305568
    18 1.061021 -1.480883 1.175125 0.062887 0.577971 -0.636513
    19 -0.103326 -2.088312 1.503129 0.231764 -0.003535 3.140765
    20 -1.220244 -1.798577 1.272703 -1.456554 -3.068131 -0.577691
    21 -0.004860 0.122106 0.000735 -0.043771 0.041702 0.036316
    22 -12.103206 -3.058635 -6.471915 0.079447 2.619046 0.829490
    23 0.096951 -8.450422 -0.009364 -0.245527 -0.650932 -0.395541
    24 -0.139400 -0.111699 0.014398 0.602950 -0.047021 1.569868
    25 1.164474 -2.543937 -0.170327 -0.339850 -0.077522 0.231153
    26 0.024034 -1.129039 0.017807 -0.578387 0.000000 -0.000001
    27 0.014896 -0.883992 -0.019847 -0.716506 0.000000 -0.000000
    28 0.447949 -2.798981 -0.200442 -0.239868 0.047193 0.204345
    29 -0.032909 -1.480206 0.004935 -0.625162 0.000000 0.000000
    30 -0.027023 -1.076921 -0.020212 -0.396370 0.000000 -0.000000
    31 -0.249535 -2.846962 -0.174215 0.130239 0.073408 0.096039
    32 0.043235 -1.683941 0.096015 -0.513448 0.000001 0.000000
    33 0.031729 -1.160831 0.058834 -0.103892 -0.000000 -0.000000
    34 -0.963867 -2.785142 -0.085346 0.258121 0.135327 -0.091592
    35 0.028477 -1.403065 0.006271 -0.197671 0.000001 0.000000
    36 0.021414 -0.957780 0.020046 -0.055309 0.000000 0.000000
    37 -0.591283 -1.257737 0.232709 -1.437003 -0.344196 -2.116910
    38 1.522835 0.058679 0.016852 0.001411 -0.223174 -0.046880
    39 1.117948 0.048424 -0.005766 -0.000243 -0.200260 0.065422
    40 0.120152 -0.050266 -0.054488 0.366862 3.144320 1.551255
    41 -1.180679 -2.507216 -0.193860 0.174078 0.013294 -0.477916
    42 -0.024968 -1.123935 0.017595 -0.399958 0.000000 0.000000
    43 -0.020059 -0.890964 0.010094 -0.763707 -0.000000 -0.000000
    44 -0.488518 -2.755600 -0.228259 0.021291 -0.012955 -0.306739
    45 0.039887 -1.479790 0.029853 -0.312801 0.000000 0.000000
    46 0.028784 -1.075732 -0.023109 -0.857892 -0.000000 -0.000000
    47 0.250027 -2.820664 -0.238394 0.058002 -0.058472 -0.078775
    48 -0.049760 -1.680543 0.100480 -0.624477 0.000000 -0.000000
    49 -0.034142 -1.148310 0.084779 -1.037172 0.000000 0.000000
    50 0.957767 -2.746777 -0.090299 -0.170303 -0.139206 0.276765
    51 -0.033420 -1.397126 -0.011255 -0.473588 0.000000 0.000001
    52 -0.022361 -0.957433 0.018785 -0.858670 0.000000 0.000000
    53 0.583509 -1.197273 0.185380 0.498834 -0.339857 -0.429184
    54 1.535925 0.010248 0.005008 -0.002964 -0.491310 0.000890
    55 1.100770 0.004527 -0.010675 -0.002796 -0.975914 0.003459
  time 104
    0 6.989199 -1.760651 -8.263878 0.832439 -2.085465 -0.952591
    1 -0.071920 -8.498732 -0.104134 -0.225819 0.204506 0.112369
    2 -0.480402 -2.843485 2.688040 0.673012 -2.243426 1.543597
    3 -0.186528 0.045555 2.719501 -0.752683 1.036542 1.365165
    4 -0.011142 0.781255 -0.800262 1.716703 0.269141 -0.143186
    5 0.000000 0.718097 -0.000002 0.050271 -0.010175 0.167293
    6 -0.000001 0.897711 1.580295 -0.150667 -0.044153 -0.157780
    7 -0.000000 -0.000000 0.811541 0.569018 -0.134605 0.274998
    8 2.374800 -1.726356 2.243937 -0.470193 0.249029 0.781180
    9 -2.345114 -1.597446 2.169718 2.545546 -0.480445 -0.913341
    10 0.086186 -2.641448 1.052507 -0.176167 0.008544 0.018050
    11 0.080601 -1.194721 3.419842 -1.040894 0.008544 0.018050
    12 1.704803 -0.139594 1.597676 0.513126 0.811034 3.113585
    13 -1.241366 -1.806391 1.056407 1.323977 -0.060284 2.555753
    14 1.267191 -1.841547 1.029062 0.773808 3.091762 0.625557
    15 1.218724 -1.798575 1.272704 -1.460416 0.067870 -2.563039
    16 0.004859 -0.122106 -0.000735 0.152908 0.041702 0.036316
    17 -1.061022 -1.480885 1.175125 0.363167 -0.047246 -0.331959
    18 1.061021 -1.480883 1.175125 0.037635 0.569916 -0.662922
    19 -0.103326 -2.084406 1.550006 0.231776 -0.009899 3.139255
    20 -1.220244 -1.798577 1.272703 -1.488721 -3.065736 -0.576061
    21 -0.004860 0.122106 0.000735 -0.014489 0.041702 0.036316
    22 -12.025078 -2.871130 -6.479728 0.091790 2.611820 0.802481
    23 0.096951 -8.450422 -0.009364 -0.275851 -0.654204 -0.384048
    24 -0.139400 -0.111699 0.014398 0.602950 -0.047021 1.569868
    25 1.164474 -2.543937 -0.170327 -0.439393 -0.073387 0.230183
    26 0.024034 -1.129039 0.017807 -0.639302 0.000000 -0.000001
    27 0.014896 -0.883992 -0.019847 -0.799099 0.000000 -0.000000
    28 0.447949 -2.798981 -0.200442 -0.370637 0.047193 0.204345
    29 -0.032909 -1.480206 0.004935 -0.683241 0.000000 0.000000
    30 -0.027023 -1.076921 -0.020212 -0.449612 0.000000 -0.000000
    31 -0.249535 -2.846962 -0.174215 -0.030309 0.073408 0.096039
    32 0.043235 -1.683941 0.096015 -0.573603 0.000001 0.000000
    33 0.031729 -1.160831 0.058834 -0.148048 -0.000000 -0.000000
    34 -0.963867 -2.785142 -0.085346 0.129724 0.135327 -0.091592
    35 0.028477 -1.403065 0.006271 -0.257588 0.000001 0.000000
    36 0.021414 -0.957780 0.020046 -0.109551 0.000000 0.000000
    37 -0.591283 -1.257737 0.232709 -1.432126 -0.390694 -2.121627
    38 1.522835 0.058679 0.016852 0.001411 -0.223174 -0.046880
    39 1.117948 0.048424 -0.005766 -0.000243 -0.203935 0.065422
    40 0.120152 -0.050266 -0.054488 0.366862 3.144320 1.551255
    41 -1.180679 -2.507216 -0.193860 0.174078 0.013294 -0.477916
    42 -0.024968 -1.123935 0.017595 -0.399958 0.000000 0.000000
    43 -0.020059 -0.890964 0.010094 -0.763707 -0.000000 -0.000000
    44 -0.488518 -2.755600 -0.228259 0.021291 -0.012955 -0.306739
    45 0.039887 -1.479790 0.029853 -0.312801 0.000000 0.000000
    46 0.028784 -1.075732 -0.023109 -0.857892 -0.000000 -0.000000
    47 0.250027 -2.820664 -0.238394 0.058002 -0.058472 -0.078775
    48 -0.049760 -1.680543 0.100480 -0.624477 0.000000 -0.000000
    49 -0.034142 -1.148310 0.084779 -1.037172 0.000000 0.000000
    50 0.957767 -2.746777 -0.090299 -0.168781 -0.139206 0.276765
    51 -0.033420 -1.397126 -0.011255 -0.473701 0.000000 0.000001
    52 -0.022361 -0.957433 0.018785 -0.858670 0.000000 0.000000
    53 0.583509 -1.197273 0.185380 0.498834 -0.339857 -0.429184
    54 1.535925 0.010248 0.005008 -0.002964 -0.491310 0.000890
    55 1.100770 0.004527 -0.010675 -0.002796 -0.975914 0.003459
  time 105
    0 6.993106 -1.756744 -8.244346 0.831228 -2.085632 -0.951121
    1 -0.071920 -8.498732 -0.104134 -0.225893 0.204191 0.112430
    2 -0.480402 -2.843485 2.688040 0.673012 -2.243426 1.543597
    3 -0.178715 0.057274 2.703875 -0.754305 1.045218 1.364377
    4 -0.011142 0.781255 -0.800262 1.724785 0.268985 -0.138788
    5 0.000000 0.718097 -0.000002 0.049175 -0.010331 0.170804
    6 -0.000001 0.897711 1.580295 -0.150667 -0.044153 -0.157780
    7 -0.000000 -0.000000 0.811541 0.569018 -0.134605 0.274998
    8 2.331830 -1.667760 2.200967 -0.472207 0.244978 0.772994
    9 -2.302144 -1.558382 2.142374 2.540285 -0.480960 -0.891793
    10 0.086186 -2.543788 1.021256 -0.176167 0.008544 0.018050
    11 0.080601 -1.112687 3.357340 -1.034554 0.008544 0.018050
    12 1.724335 -0.139594 1.621114 0.513126 0.811034 3.113585
    13 -1.241366 -1.806391 1.056407 1.340314 -0.060100 2.555753
    14 1.263284 -1.841547 1.029062 0.826098 3.087604 0.621914
    15 1.218724 -1.798575 1.272704 -1.499908 0.068902 -2.564286
    16 0.004859 -0.122106 -0.000735 0.185722 0.041702 0.036316
    17 -1.061022 -1.480885 1.175125 0.358746 -0.038242 -0.358124
    18 1.061021 -1.480883 1.175125 0.006446 0.560422 -0.695910
    19 -0.099419 -2.080499 1.596882 0.231788 -0.015125 3.138033
    20 -1.220244 -1.798577 1.272703 -1.522194 -3.063340 -0.574335
    21 -0.004860 0.122106 0.000735 0.015760 0.041702 0.036316
    22 -11.927419 -2.722687 -6.491447 0.105498 2.604411 0.779229
    23 0.096951 -8.450422 -0.009364 -0.300499 -0.654188 -0.371882
    24 -0.139400 -0.111699 0.014398 0.602950 -0.047021 1.569868
    25 1.164474 -2.543937 -0.170327 -0.520922 -0.070235 0.229428
    26 0.024034 -1.129039 0.017807 -0.694513 0.000000 -0.000001
    27 0.014896 -0.883992 -0.019847 -0.863602 0.000000 -0.000000
    28 0.447949 -2.798981 -0.200442 -0.483008 0.047193 0.204345
    29 -0.032909 -1.480206 0.004935 -0.732369 0.000000 0.000000
    30 -0.027023 -1.076921 -0.020212 -0.500488 0.000000 -0.000000
    31 -0.249535 -2.846962 -0.174215 -0.184279 0.073408 0.096039
    32 0.043235 -1.683941 0.096015 -0.631046 0.000001 0.000000
    33 0.031729 -1.160831 0.058834 -0.193110 -0.000000 -0.000000
    34 -0.963867 -2.785142 -0.085346 -0.004194 0.135327 -0.091592
    35 0.028477 -1.403065 0.006271 -0.319669 0.000001 0.000000
    36 0.021414 -0.957780 0.020046 -0.166105 0.000000 0.000000
    37 -0.591283 -1.257737 0.232709 -1.426869 -0.434963 -2.127470
    38 1.522835 0.058679 0.016852 0.001411 -0.223174 -0.046880
    39 1.117948 0.048424 -0.005766 -0.000243 -0.208465 0.065422
    40 0.120152 -0.050266 -0.054488 0.366862 3.144320 1.551255
    41 -1.180679 -2.507216 -0.193860 0.174078 0.013294 -0.477916
    42 -0.024968 -1.123935 0.017595 -0.399958 0.000000 0.000000
    43 -0.020059 -0.890964 0.010094 -0.763707 -0.000000 -0.000000
    44 -0.488518 -2.755600 -0.228259 0.021291 -0.012955 -0.306739
    45 0.039887 -1.479790 0.029853 -0.312801 0.000000 0.000000
    46 0.028784 -1.075732 -0.023109 -0.857892 -0.000000 -0.000000
    47 0.250027 -2.820664 -0.238394 0.058002 -0.058472 -0.078775
    48 -0.049760 -1.680543 0.100480 -0.624477 0.000000 -0.000000
    49 -0.034142 -1.148310 0.084779 -1.037172 0.000000 0.000000
    50 0.957767 -2.746777 -0.090299 -0.166943 -0.139206 0.276765
    51 -0.033420 -1.397126 -0.011255 -0.473828 0.000000 0.000001
    52 -0.022361 -0.957433 0.018785 -0.858670 0.000000 0.000000
    53 0.583509 -1.197273 0.185380 0.498834 -0.339857 -0.429184
    54 1.535925 0.010248 0.005008 -0.002964 -0.491310 0.000890
    55 1.100770 0.004527 -0.010675 -0.002796 -0.975914 0.003459
  time 106
    0 6.989199 -1.748932 -8.224813 0.831000 -2.085381 -0.950846
    1 -0.071920 -8.498732 -0.104134 -0.225413 0.205030 0.112278
    2 -0.480402 -2.843485 2.688040 0.673012 -2.243426 1.543597
    3 -0.166996 0.072900 2.688250 -0.756384 1.055928 1.363398
    4 -0.011142 0.781255 -0.800262 1.732791 0.268578 -0.134390
    5 0.000000 0.718097 -0.000002 0.048056 -0.010475 0.174016
    6 -0.000001 0.897711 1.580295 -0.150667 -0.044153 -0.157780
    7 -0.000000 -0.000000 0.811541 0.569018 -0.134605 0.274998
    8 2.281047 -1.601352 2.157997 -0.474304 0.240628 0.764234
    9 -2.255268 -1.515412 2.107216 2.534700 -0.481308 -0.868675
    10 0.082279 -2.438316 0.986099 -0.176167 0.008544 0.018050
    11 0.076694 -1.026747 3.294838 -1.027771 0.008544 0.018050
    12 1.747773 -0.139594 1.644552 0.513126 0.811034 3.113585
    13 -1.241366 -1.806391 1.056407 1.356989 -0.059915 2.555753
    14 1.259378 -1.837641 1.032969 0.879399 3.083373 0.618187
    15 1.218724 -1.798575 1.272704 -1.540111 0.070028 -2.565532
    16 0.004859 -0.122106 -0.000735 0.219212 0.041702 0.036316
    17 -1.061022 -1.480885 1.175125 0.350363 -0.029711 -0.386996
    18 1.061021 -1.480883 1.175125 -0.029651 0.549733 -0.734426
    19 -0.099419 -2.076593 1.624227 0.231800 -0.018648 3.137194
    20 -1.220244 -1.798577 1.272703 -1.556226 -3.060853 -0.572706
    21 -0.004860 0.122106 0.000735 0.046634 0.041702 0.036316
    22 -11.818041 -2.609403 -6.499260 0.120651 2.596818 0.760865
    23 0.096951 -8.450422 -0.009364 -0.318611 -0.650342 -0.359122
    24 -0.139400 -0.111699 0.014398 0.602950 -0.047021 1.569868
    25 1.164474 -2.543937 -0.170327 -0.579602 -0.068234 0.228960
    26 0.024034 -1.129039 0.017807 -0.741994 0.000000 -0.000001
    27 0.014896 -0.883992 -0.019847 -0.905607 0.000000 -0.000000
    28 0.447949 -2.798981 -0.200442 -0.570847 0.047193 0.204345
    29 -0.032909 -1.480206 0.004935 -0.770295 0.000000 0.000000
    30 -0.027023 -1.076921 -0.020212 -0.547552 0.000000 -0.000000
    31 -0.249535 -2.846962 -0.174215 -0.325051 0.073408 0.096039
    32 0.043235 -1.683941 0.096015 -0.683422 0.000001 0.000000
    33 0.031729 -1.160831 0.058834 -0.237913 -0.000000 -0.000000
    34 -0.963867 -2.785142 -0.085346 -0.138111 0.135327 -0.091592
    35 0.028477 -1.403065 0.006271 -0.381435 0.000001 0.000000
    36 0.021414 -0.957780 0.020046 -0.222659 0.000000 0.000000
    37 -0.591283 -1.257737 0.232709 -1.421324 -0.475190 -2.134567
    38 1.522835 0.058679 0.016852 0.001411 -0.223174 -0.046880
    39 1.117948 0.048424 -0.005766 -0.000243 -0.213989 0.065422
    40 0.120152 -0.050266 -0.054488 0.366862 3.144320 1.551255
    41 -1.180679 -2.507216 -0.193860 0.174078 0.013294 -0.477916
    42 -0.024968 -1.123935 0.017595 -0.399958 0.000000 0.000000
    43 -0.020059 -0.890964 0.010094 -0.763707 -0.000000 -0.000000
    44 -0.488518 -2.755600 -0.228259 0.021291 -0.012955 -0.306739
    45 0.039887 -1.479790 0.029853 -0.312801 0.000000 0.000000
    46 0.028784 -1.075732 -0.023109 -0.857892 -0.000000 -0.000000
    47 0.250027 -2.820664 -0.238394 0.058002 -0.058472 -0.078775
    48 -0.049760 -1.680543 0.100480 -0.624477 0.000000 -0.000000
    49 -0.034142 -1.148310 0.084779 -1.037172 0.000000 0.000000
    50 0.957767 -2.746777 -0.090299 -0.164829 -0.139206 0.276765
    51 -0.033420 -1.397126 -0.011255 -0.473984 0.000000 0.000001
    52 -0.022361 -0.957433 0.018785 -0.858670 0.000000 0.000000
    53 0.583509 -1.197273 0.185380 0.498834 -0.339857 -0.429184
    54 1.535925 0.010248 0.005008 -0.002964 -0.491310 0.000890
    55 1.100770 0.004527 -0.010675 -0.002796 -0.975914 0.003459
  time 107
    0 6.973574 -1.745025 -8.197470 0.831909 -2.084588 -0.951764
    1 -0.071920 -8.498732 -0.104134 -0.224084 0.207406 0.111805
    2 -0.480402 -2.843485 2.688040 0.673012 -2.243426 1.543597
    3 -0.155277 0.088525 2.672624 -0.758828 1.067881 1.362256
    4 -0.011142 0.781255 -0.800262 1.740521 0.268014 -0.130111
    5 0.000000 0.718097 -0.000002 0.046911 -0.010594 0.176917
    6 -0.000001 0.897711 1.580295 -0.150667 -0.044153 -0.157780
    7 -0.000000 -0.000000 0.811541 0.569018 -0.134605 0.274998
    8 2.234170 -1.534944 2.111121 -0.476413 0.236181 0.755329
    9 -2.204485 -1.468536 2.075965 2.529103 -0.481440 -0.845149
    10 0.082279 -2.328938 0.950942 -0.176167 0.008544 0.018050
    11 0.076694 -0.936901 3.232336 -1.020855 0.008544 0.018050
    12 1.775118 -0.139594 1.671897 0.513126 0.811034 3.113585
    13 -1.241366 -1.806391 1.056407 1.373748 -0.059731 2.555849
    14 1.259378 -1.833735 1.036875 0.933024 3.079107 0.614447
    15 1.218724 -1.798575 1.272704 1.560963 3.070349 0.574718
    16 0.004859 -0.122106 -0.000735 0.252892 0.041702 0.036316
    17 -1.061022 -1.480885 1.175125 0.338397 -0.021641 -0.418186
    18 1.061021 -1.480883 1.175125 -0.069695 0.538095 -0.777329
    19 -0.099419 -2.076593 1.635946 0.231800 -0.019942 3.136894
    20 -1.220244 -1.798577 1.272703 1.550873 -0.083320 -3.712476
    21 -0.004860 0.122106 0.000735 0.077698 0.041702 0.036316
    22 -11.681318 -2.535182 -6.510979 0.138850 2.588100 0.746377
    23 0.096951 -8.450422 -0.009364 -0.331493 -0.640743 -0.343494
    24 -0.139400 -0.111699 0.014398 0.602950 -0.047021 1.569868
    25 1.164474 -2.543937 -0.170327 -0.610633 -0.067527 0.228792
    26 0.024034 -1.129039 0.017807 -0.779769 0.000000 -0.000001
    27 0.014896 -0.883992 -0.019847 -0.920593 0.000000 -0.000000
    28 0.447949 -2.798981 -0.200442 -0.628071 0.047193 0.204345
    29 -0.032909 -1.480206 0.004935 -0.794700 0.000000 0.000000
    30 -0.027023 -1.076921 -0.020212 -0.589355 0.000000 -0.000000
    31 -0.249535 -2.846962 -0.174215 -0.446047 0.073408 0.096039
    32 0.043235 -1.683941 0.096015 -0.728334 0.000001 0.000000
    33 0.031729 -1.160831 0.058834 -0.281228 -0.000000 -0.000000
    34 -0.963867 -2.785142 -0.085346 -0.266508 0.135327 -0.091592
    35 0.028477 -1.403065 0.006271 -0.440428 0.000001 0.000000
    36 0.021414 -0.957780 0.020046 -0.276901 0.000000 0.000000
    37 -0.591283 -1.257737 0.232709 -1.415562 -0.509611 -2.143028
    38 1.522835 0.058679 0.016852 0.001411 -0.223174 -0.046880
    39 1.117948 0.048424 -0.005766 -0.000243 -0.220646 0.065422
    40 0.120152 -0.050266 -0.054488 0.366862 3.144320 1.551255
    41 -1.180679 -2.507216 -0.193860 0.174078 0.013294 -0.477916
    42 -0.024968 -1.123935 0.017595 -0.399958 0.000000 0.000000
    43 -0.020059 -0.890964 0.010094 -0.763707 -0.000000 -0.000000
    44 -0.488518 -2.755600 -0.228259 0.021291 -0.012955 -0.306739
    45 0.039887 -1.479790 0.029853 -0.312801 0.000000 0.000000
    46 0.028784 -1.075732 -0.023109 -0.857892 -0.000000 -0.000000
    47 0.250027 -2.820664 -0.238394 0.058002 -0.058472 -0.078775
    48 -0.049760 -1.680543 0.100480 -0.624477 0.000000 -0.000000
    49 -0.034142 -1.148310 0.084779 -1.037172 0.000000 0.000000
    50 0.957767 -2.746777 -0.090299 -0.162497 -0.139206 0.276765
    51 -0.033420 -1.397126 -0.011255 -0.474167 0.000000 0.000001
    52 -0.022361 -0.957433 0.018785 -0.858670 0.000000 0.000000
    53 0.583509 -1.197273 0.185380 0.498834 -0.339857 -0.429184
    54 1.535925 0.010248 0.005008 -0.002964 -0.491310 0.000890
    55 1.100770 0.004527 -0.010675 -0.002796 -0.975914 0.003459
  time 108
    0 6.957948 -1.741119 -8.174031 0.833954 -2.083251 -0.954060
    1 -0.071920 -8.498732 -0.104134 -0.221980 0.211110 0.111089
    2 -0.480402 -2.843485 2.688040 0.673012 -2.243426 1.543597
    3 -0.143558 0.108057 2.656999 -0.761478 1.080238 1.361033
    4 -0.011142 0.781255 -0.800262 1.747800 0.267379 -0.126048
    5 0.000000 0.718097 -0.000002 0.045792 -0.010702 0.179457
    6 -0.000001 0.897711 1.580295 -0.150667 -0.044153 -0.157780
    7 -0.000000 -0.000000 0.811541 0.569018 -0.134605 0.274998
    8 2.187294 -1.468536 2.068151 -0.478403 0.231855 0.746724
    9 -2.157609 -1.425566 2.040808 2.523746 -0.481332 -0.822342
    10 0.078373 -2.223466 0.919691 -0.176167 0.008544 0.018050
    11 0.072788 -0.850960 3.169834 -1.014144 0.008544 0.018050
    12 1.798556 -0.139594 1.695335 0.513126 0.811034 3.113585
    13 -1.241366 -1.806391 1.056407 1.390423 -0.059546 2.555849
    14 1.255471 -1.829828 1.036875 0.986261 3.074876 0.610720
    15 1.218724 -1.798575 1.272704 1.520761 3.069223 0.573472
    16 0.004859 -0.122106 -0.000735 0.286355 0.041702 0.036316
    17 -1.061022 -1.480885 1.175125 0.323259 -0.014031 -0.451323
    18 1.061021 -1.480883 1.175125 -0.112723 0.525721 -0.823477
    19 -0.099419 -2.076593 1.635946 0.231800 -0.019942 3.136894
    20 -1.220244 -1.798577 1.272703 1.516840 -0.085808 -3.710750
    21 -0.004860 0.122106 0.000735 0.108572 0.041702 0.036316
    22 -11.509438 -2.488305 -6.522698 0.161040 2.577523 0.734155
    23 0.096951 -8.450422 -0.009364 -0.340963 -0.624537 -0.323345
    24 -0.139400 -0.111699 0.014398 0.602950 -0.047021 1.569868
    25 1.164474 -2.543937 -0.170327 -0.626286 -0.069516 0.229260
    26 0.024034 -1.129039 0.017807 -0.812165 0.000000 -0.000001
    27 0.014896 -0.883992 -0.019847 -0.922509 0.000000 -0.000000
    28 0.447949 -2.798981 -0.200442 -0.648497 0.047193 0.204345
    29 -0.032909 -1.480206 0.004935 -0.803333 0.000000 0.000000
    30 -0.027023 -1.076921 -0.020212 -0.624451 0.000000 -0.000000
    31 -0.249535 -2.846962 -0.174215 -0.540601 0.073408 0.096039
    32 0.043235 -1.683941 0.096015 -0.763363 0.000001 0.000000
    33 0.031729 -1.160831 0.058834 -0.321956 -0.000000 -0.000000
    34 -0.963867 -2.785142 -0.085346 -0.383925 0.135327 -0.091592
    35 0.028477 -1.403065 0.006271 -0.494206 0.000001 0.000000
    36 0.021414 -0.957780 0.020046 -0.326496 0.000000 0.000000
    37 -0.591283 -1.257737 0.232709 -1.409637 -0.536414 -2.152982
    38 1.522835 0.058679 0.016852 0.001411 -0.223174 -0.046880
    39 1.117948 0.048424 -0.005766 -0.000243 -0.228550 0.065422
    40 0.120152 -0.050266 -0.054488 0.366862 3.144320 1.551255
    41 -1.180679 -2.507216 -0.193860 0.174078 0.013294 -0.477916
    42 -0.024968 -1.123935 0.017595 -0.399958 0.000000 0.000000
    43 -0.020059 -0.890964 0.010094 -0.763707 -0.000000 -0.000000
    44 -0.488518 -2.755600 -0.228259 0.021291 -0.012955 -0.306739
    45 0.039887 -1.479790 0.029853 -0.312801 0.000000 0.000000
    46 0.028784 -1.075732 -0.023109 -0.857892 -0.000000 -0.000000
    47 0.250027 -2.820664 -0.238394 0.058002 -0.058472 -0.078775
    48 -0.049760 -1.680543 0.100480 -0.624477 0.000000 -0.000000
    49 -0.034142 -1.148310 0.084779 -1.037172 0.000000 0.000000
    50 0.957767 -2.746777 -0.090299 -0.159947 -0.139206 0.276765
    51 -0.033420 -1.397126 -0.011255 -0.474351 0.000000 0.000001
    52 -0.022361 -0.957433 0.018785 -0.858670 0.000000 0.000000
    53 0.583509 -1.197273 0.185380 0.498834 -0.339857 -0.429184
    54 1.535925 0.010248 0.005008 -0.002964 -0.491310 0.000890
    55 1.100770 0.004527 -0.010675 -0.002796 -0.975914 0.003459
  time 109
    0 6.934510 -1.733306 -8.146687 0.837287 -2.081246 -0.957734
    1 -0.071920 -8.498732 -0.104134 -0.219249 0.215967 0.110145
    2 -0.480402 -2.843485 2.688040 0.673012 -2.243426 1.543597
    3 -0.131839 0.123683 2.637467 -0.764174 1.092174 1.359782
    4 -0.011142 0.781255 -0.800262 1.754476 0.266756 -0.122321
    5 0.000000 0.718097 -0.000002 0.044647 -0.010798 0.181614
    6 -0.000001 0.897711 1.580295 -0.150667 -0.044153 -0.157780
    7 -0.000000 -0.000000 0.811541 0.569018 -0.134605 0.274998
    8 2.148230 -1.409940 2.025180 -0.480201 0.227852 0.738826
    9 -2.122451 -1.390408 2.017370 2.518892 -0.481044 -0.801381
    10 0.078373 -2.125807 0.888440 -0.176167 0.008544 0.018050
    11 0.072788 -0.768927 3.115145 -1.007984 0.008544 0.018050
    12 1.821994 -0.139594 1.722680 0.513126 0.811034 3.113585
    13 -1.241366 -1.806391 1.056407 1.406760 -0.059361 2.555849
    14 1.251565 -1.825922 1.040781 1.038443 3.070717 0.607065
    15 1.218724 -1.798575 1.272704 1.481357 3.068097 0.572225
    16 0.004859 -0.122106 -0.000735 0.319169 0.041702 0.036316
    17 -1.061022 -1.480885 1.175125 0.305277 -0.006881 -0.486060
    18 1.061021 -1.480883 1.175125 -0.157708 0.512827 -0.871788
    19 -0.099419 -2.076593 1.635946 0.231800 -0.019942 3.136894
    20 -1.220244 -1.798577 1.272703 1.483368 -0.088204 -3.709121
    21 -0.004860 0.122106 0.000735 0.138858 0.041702 0.036316
    22 -11.306307 -2.468773 -6.538323 0.186487 2.565558 0.724019
    23 0.096951 -8.450422 -0.009364 -0.346926 -0.602903 -0.299686
    24 -0.139400 -0.111699 0.014398 0.602950 -0.047021 1.569868
    25 1.164474 -2.543937 -0.170327 -0.641782 -0.075077 0.230578
    26 0.024034 -1.129039 0.017807 -0.844336 0.000000 -0.000001
    27 0.014896 -0.883992 -0.019847 -0.927568 0.000000 -0.000000
    28 0.447949 -2.798981 -0.200442 -0.649270 0.047193 0.204345
    29 -0.032909 -1.480206 0.004935 -0.804729 0.000000 0.000000
    30 -0.027023 -1.076921 -0.020212 -0.656875 0.000000 -0.000000
    31 -0.249535 -2.846962 -0.174215 -0.602180 0.073408 0.096039
    32 0.043235 -1.683941 0.096015 -0.786134 0.000001 0.000000
    33 0.031729 -1.160831 0.058834 -0.358833 -0.000000 -0.000000
    34 -0.963867 -2.785142 -0.085346 -0.484779 0.135327 -0.091592
    35 0.028477 -1.403065 0.006271 -0.540308 0.000001 0.000000
    36 0.021414 -0.957780 0.020046 -0.369112 0.000000 0.000000
    37 -0.591283 -1.257737 0.232709 -1.403622 -0.553804 -2.164515
    38 1.522835 0.058679 0.016852 0.001411 -0.223174 -0.046880
    39 1.117948 0.048424 -0.005766 -0.000243 -0.237888 0.065422
    40 0.120152 -0.050266 -0.054488 0.366862 3.144320 1.551255
    41 -1.180679 -2.507216 -0.193860 0.174078 0.013294 -0.477916
    42 -0.024968 -1.123935 0.017595 -0.399958 0.000000 0.000000
    43 -0.020059 -0.890964 0.010094 -0.763707 -0.000000 -0.000000
    44 -0.488518 -2.755600 -0.228259 0.021291 -0.012955 -0.306739
    45 0.039887 -1.479790 0.029853 -0.312801 0.000000 0.000000
    46 0.028784 -1.075732 -0.023109 -0.857892 -0.000000 -0.000000
    47 0.250027 -2.820664 -0.238394 0.058002 -0.058472 -0.078775
    48 -0.049760 -1.680543 0.100480 -0.624477 0.000000 -0.000000
    49 -0.034142 -1.148310 0.084779 -1.037172 0.000000 0.000000
    50 0.957767 -2.746777 -0.090299 -0.157279 -0.139206 0.276765
    51 -0.033420 -1.397126 -0.011255 -0.474549 0.000000 0.000001
    52 -0.022361 -0.957433 0.018785 -0.858670 0.000000 0.000000
    53 0.583509 -1.197273 0.185380 0.498834 -0.339857 -0.429184
    54 1.535925 0.010248 0.005008 -0.002964 -0.491310 0.000890
    55 1.100770 0.004527 -0.010675 -0.002796 -0.975914 0.003459
  time 110
    0 6.903259 -1.729400 -8.119342 0.841983 -2.078614 -0.963061
    1 -0.071920 -8.498732 -0.104134 -0.216000 0.221768 0.109017
    2 -0.480402 -2.843485 2.688040 0.673012 -2.243426 1.543597
    3 -0.120120 0.139308 2.621841 -0.766709 1.102901 1.358613
    4 -0.011142 0.781255 -0.800262 1.760374 0.266229 -0.119037
    5 0.000000 0.718097 -0.000002 0.043552 -0.010870 0.183340
    6 -0.000001 0.897711 1.580295 -0.150667 -0.044153 -0.157780
    7 -0.000000 -0.000000 0.811541 0.569018 -0.134605 0.274998
    8 2.109167 -1.363064 1.993930 -0.481723 0.224413 0.732067
    9 -2.083388 -1.359157 1.990025 2.514793 -0.480661 -0.783404
    10 0.078373 -2.047679 0.865002 -0.176167 0.008544 0.018050
    11 0.072788 -0.706425 3.064363 -1.002699 0.008544 0.018050
    12 1.849339 -0.139594 1.750024 0.513126 0.811034 3.113585
    13 -1.241366 -1.806391 1.056407 1.422588 -0.059177 2.555944
    14 1.251565 -1.822016 1.044688 1.088905 3.066690 0.603529
    15 1.218724 -1.798575 1.272704 1.443196 3.067064 0.570979
    16 0.004859 -0.122106 -0.000735 0.350926 0.041702 0.036316
    17 -1.061022 -1.480885 1.175125 0.284847 -0.000192 -0.521986
    18 1.061021 -1.480883 1.175125 -0.203753 0.499596 -0.921120
    19 -0.099419 -2.076593 1.635946 0.231800 -0.019942 3.136894
    20 -1.220244 -1.798577 1.272703 1.451014 -0.090507 -3.707491
    21 -0.004860 0.122106 0.000735 0.168141 0.041702 0.036316
    22 -11.079737 -2.468773 -6.553949 0.214428 2.552598 0.715851
    23 0.096951 -8.450422 -0.009364 -0.349190 -0.577051 -0.273526
    24 -0.139400 -0.111699 0.014398 0.602950 -0.047021 1.569868
    25 1.164474 -2.543937 -0.170327 -0.656648 -0.083646 0.232603
    26 0.024034 -1.129039 0.017807 -0.875507 0.000000 -0.000001
    27 0.014896 -0.883992 -0.019847 -0.934620 0.000000 -0.000000
    28 0.447949 -2.798981 -0.200442 -0.651202 0.047193 0.204345
    29 -0.032909 -1.480206 0.004935 -0.808315 0.000000 0.000000
    30 -0.027023 -1.076921 -0.020212 -0.690802 0.000000 -0.000000
    31 -0.249535 -2.846962 -0.174215 -0.624163 0.073408 0.096039
    32 0.043235 -1.683941 0.096015 -0.794251 0.000001 0.000000
    33 0.031729 -1.160831 0.058834 -0.390729 -0.000000 -0.000000
    34 -0.963867 -2.785142 -0.085346 -0.563643 0.135327 -0.091592
    35 0.028477 -1.403065 0.006271 -0.576259 0.000001 0.000000
    36 0.021414 -0.957780 0.020046 -0.402414 0.000000 0.000000
    37 -0.591283 -1.257737 0.232709 -1.397589 -0.559985 -2.177779
    38 1.522835 0.058679 0.016852 0.001411 -0.223174 -0.046880
    39 1.117948 0.048424 -0.005766 -0.000243 -0.248751 0.065422
    40 0.120152 -0.050266 -0.054488 0.366862 3.144320 1.551255
    41 -1.180679 -2.507216 -0.193860 0.174078 0.013294 -0.477916
    42 -0.024968 -1.123935 0.017595 -0.399958 0.000000 0.000000
    43 -0.020059 -0.890964 0.010094 -0.763707 -0.000000 -0.000000
    44 -0.488518 -2.755600 -0.228259 0.021291 -0.012955 -0.306739
    45 0.039887 -1.479790 0.029853 -0.312801 0.000000 0.000000
    46 0.028784 -1.075732 -0.023109 -0.857892 -0.000000 -0.000000
    47 0.250027 -2.820664 -0.238394 0.058002 -0.058472 -0.078775
    48 -0.049760 -1.680543 0.100480 -0.624477 0.000000 -0.000000
    49 -0.034142 -1.148310 0.084779 -1.037172 0.000000 0.000000
    50 0.957767 -2.746777 -0.090299 -0.154532 -0.139206 0.276765
    51 -0.033420 -1.397126 -0.011255 -0.474747 0.000000 0.000001
    52 -0.022361 -0.957433 0.018785 -0.858670 0.000000 0.000000
    53 0.583509 -1.197273 0.185380 0.498834 -0.339857 -0.429184
    54 1.535925 0.010248 0.005008 -0.002964 -0.491310 0.000890
    55 1.100770 0.004527 -0.010675 -0.002796 -0.975914 0.003459
  time 111
    0 6.872008 -1.721587 -8.088091 0.848345 -2.075063 -0.970225
    1 -0.071920 -8.498732 -0.104134 -0.212272 0.228302 0.107738
    2 -0.480402 -2.843485 2.688040 0.673012 -2.243426 1.543597
    3 -0.112307 0.151027 2.610122 -0.768834 1.111560 1.357608
    4 -0.011142 0.781255 -0.800262 1.765343 0.265881 -0.116281
    5 0.000000 0.718097 -0.000002 0.042481 -0.010918 0.184623
    6 -0.000001 0.897711 1.580295 -0.150667 -0.044153 -0.157780
    7 -0.000000 -0.000000 0.811541 0.569018 -0.134605 0.274998
    8 2.081822 -1.324000 1.966585 -0.482861 0.221764 0.726854
    9 -2.056043 -1.331813 1.970493 2.511677 -0.480277 -0.769526
    10 0.078373 -1.981271 0.841563 -0.176167 0.008544 0.018050
    11 0.072788 -0.651736 3.025299 -0.998624 0.008544 0.018050
    12 1.868871 -0.139594 1.769556 0.513126 0.811034 3.113585
    13 -1.241366 -1.806391 1.056407 1.437655 -0.058992 2.555944
    14 1.247659 -1.818109 1.048594 1.136934 3.062855 0.600162
    15 1.218724 -1.798575 1.272704 1.406899 3.066032 0.569829
    16 0.004859 -0.122106 -0.000735 0.381141 0.041702 0.036316
    17 -1.061022 -1.480885 1.175125 0.262328 0.006050 -0.558754
    18 1.061021 -1.480883 1.175125 -0.249829 0.486182 -0.970362
    19 -0.099419 -2.076593 1.635946 0.231800 -0.019942 3.136894
    20 -1.220244 -1.798577 1.272703 1.420152 -0.092718 -3.705957
    21 -0.004860 0.122106 0.000735 0.196020 0.041702 0.036316
    22 -10.833635 -2.484399 -6.565668 0.244129 2.539115 0.709531
    23 0.096951 -8.450422 -0.009364 -0.347660 -0.548128 -0.245891
    24 -0.139400 -0.111699 0.014398 0.602950 -0.047021 1.569868
    25 1.164474 -2.543937 -0.170327 -0.670571 -0.094648 0.235216
    26 0.024034 -1.129039 0.017807 -0.904926 0.000000 -0.000001
    27 0.014896 -0.883992 -0.019847 -0.942668 0.000000 -0.000000
    28 0.447949 -2.798981 -0.200442 -0.653713 0.047193 0.204345
    29 -0.032909 -1.480206 0.004935 -0.813330 0.000000 0.000000
    30 -0.027023 -1.076921 -0.020212 -0.725118 0.000000 -0.000000
    31 -0.249535 -2.846962 -0.174215 -0.618983 0.073408 0.096039
    32 0.043235 -1.683941 0.096015 -0.794251 0.000001 0.000000
    33 0.031729 -1.160831 0.058834 -0.420749 -0.000000 -0.000000
    34 -0.963867 -2.785142 -0.085346 -0.615026 0.135327 -0.091592
    35 0.028477 -1.403065 0.006271 -0.599650 0.000001 0.000000
    36 0.021414 -0.957780 0.020046 -0.424110 0.000000 0.000000
    37 -0.591283 -1.257737 0.232709 -1.390273 -0.547863 -2.201128
    38 1.522835 0.058679 0.016852 0.001411 -0.223668 -0.046880
    39 1.117948 0.048424 -0.005766 -0.000243 -0.264144 0.065422
    40 0.120152 -0.050266 -0.054488 0.366862 3.144320 1.551255
    41 -1.180679 -2.507216 -0.193860 0.174078 0.013294 -0.477916
    42 -0.024968 -1.123935 0.017595 -0.399958 0.000000 0.000000
    43 -0.020059 -0.890964 0.010094 -0.763707 -0.000000 -0.000000
    44 -0.488518 -2.755600 -0.228259 0.021291 -0.012955 -0.306739
    45 0.039887 -1.479790 0.029853 -0.312801 0.000000 0.000000
    46 0.028784 -1.075732 -0.023109 -0.857892 -0.000000 -0.000000
    47 0.250027 -2.820664 -0.238394 0.058002 -0.058472 -0.078775
    48 -0.049760 -1.680543 0.100480 -0.624477 0.000000 -0.000000
    49 -0.034142 -1.148310 0.084779 -1.037172 0.000000 0.000000
    50 0.957767 -2.746777 -0.090299 -0.151726 -0.139206 0.276765
    51 -0.033420 -1.397126 -0.011255 -0.474945 0.000000 0.000001
    52 -0.022361 -0.957433 0.018785 -0.858670 0.000000 0.000000
    53 0.583509 -1.197273 0.185380 0.498834 -0.339857 -0.429184
    54 1.535925 0.010248 0.005008 -0.002964 -0.491310 0.000890
    55 1.100770 0.004527 -0.010675 -0.002796 -0.975914 0.003459
  time 112
    0 6.836851 -1.717681 -8.060746 0.856373 -2.070551 -0.979317
    1 -0.071920 -8.498732 -0.104134 -0.208249 0.235396 0.106351
    2 -0.480402 -2.843485 2.688040 0.673012 -2.243426 1.543597
    3 -0.104494 0.158840 2.606216 -0.770296 1.117361 1.356928
    4 -0.011142 0.781255 -0.800262 1.769233 0.265809 -0.114184
    5 0.000000 0.718097 -0.000002 0.041459 -0.010954 0.185414
    6 -0.000001 0.897711 1.580295 -0.150667 -0.044153 -0.157780
    7 -0.000000 -0.000000 0.811541 0.569018 -0.134605 0.274998
    8 2.062290 -1.300562 1.950959 -0.483580 0.220098 0.723606
    9 -2.036511 -1.316187 1.958774 2.509748 -0.479990 -0.760861
    10 0.078373 -1.942208 0.829844 -0.176167 0.008544 0.018050
    11 0.072788 -0.620485 3.001861 -0.996083 0.008544 0.018050
    12 1.884496 -0.139594 1.789088 0.513126 0.811034 3.113585
    13 -1.241366 -1.806391 1.056407 1.451790 -0.058900 2.555944
    14 1.247659 -1.814203 1.048594 1.181822 3.059284 0.597010
    15 1.218724 -1.798575 1.272704 1.372820 3.065094 0.568774
    16 0.004859 -0.122106 -0.000735 0.409433 0.041702 0.036316
    17 -1.061022 -1.480885 1.175125 0.238101 0.011843 -0.595992
    18 1.061021 -1.480883 1.175125 -0.295135 0.472767 -1.018372
    19 -0.099419 -2.076593 1.635946 0.231800 -0.019942 3.136894
    20 -1.220244 -1.798577 1.272703 1.391341 -0.094837 -3.704519
    21 -0.004860 0.122106 0.000735 0.222118 0.041702 0.036316
    22 -10.571909 -2.519556 -6.581294 0.274802 2.525527 0.704880
    23 0.096951 -8.450422 -0.009364 -0.342143 -0.517345 -0.217776
    24 -0.139400 -0.111699 0.014398 0.602950 -0.047021 1.569868
    25 1.164474 -2.543937 -0.170327 -0.683117 -0.107507 0.238260
    26 0.024034 -1.129039 0.017807 -0.931844 0.000000 -0.000001
    27 0.014896 -0.883992 -0.019847 -0.950602 0.000000 -0.000000
    28 0.447949 -2.798981 -0.200442 -0.656175 0.047193 0.204345
    29 -0.032909 -1.480206 0.004935 -0.818915 0.000000 0.000000
    30 -0.027023 -1.076921 -0.020212 -0.758655 0.000000 -0.000000
    31 -0.249535 -2.846962 -0.174215 -0.604568 0.073408 0.096039
    32 0.043235 -1.683941 0.096015 -0.794040 0.000001 0.000000
    33 0.031729 -1.160831 0.058834 -0.451966 -0.000000 -0.000000
    34 -0.963867 -2.785142 -0.085346 -0.633346 0.135327 -0.091592
    35 0.028477 -1.403065 0.006271 -0.607988 0.000001 0.000000
    36 0.021414 -0.957780 0.020046 -0.431868 0.000000 0.000000
    37 -0.591283 -1.257737 0.232709 -1.380844 -0.514924 -2.239991
    38 1.522835 0.058679 0.016852 0.001411 -0.224925 -0.046880
    39 1.117948 0.048424 -0.005766 -0.000243 -0.285777 0.065422
    40 0.120152 -0.050266 -0.054488 0.366862 3.144320 1.551255
    41 -1.180679 -2.507216 -0.193860 0.174078 0.013294 -0.477916
    42 -0.024968 -1.123935 0.017595 -0.399958 0.000000 0.000000
    43 -0.020059 -0.890964 0.010094 -0.763707 -0.000000 -0.000000
    44 -0.488518 -2.755600 -0.228259 0.021291 -0.012955 -0.306739
    45 0.039887 -1.479790 0.029853 -0.312801 0.000000 0.000000
    46 0.028784 -1.075732 -0.023109 -0.857892 -0.000000 -0.000000
    47 0.250027 -2.820664 -0.238394 0.058002 -0.058472 -0.078775
    48 -0.049760 -1.680543 0.100480 -0.624477 0.000000 -0.000000
    49 -0.034142 -1.148310 0.084779 -1.037172 0.000000 0.000000
    50 0.957767 -2.746777 -0.090299 -0.148919 -0.139206 0.276765
    51 -0.033420 -1.397126 -0.011255 -0.475157 0.000000 0.000001
    52 -0.022361 -0.957433 0.018785 -0.858670 0.000000 0.000000
    53 0.583509 -1.197273 0.185380 0.498834 -0.339857 -0.429184
    54 1.535925 0.010248 0.005008 -0.002964 -0.491310 0.000890
    55 1.100770 0.004527 -0.010675 -0.002796 -0.975914 0.003459
  time 113
    0 6.801693 -1.709868 -8.033401 0.865689 -2.065330 -0.989971
    1 -0.071920 -8.498732 -0.104134 -0.204041 0.242839 0.104889
    2 -0.480402 -2.843485 2.688040 0.673012 -2.243426 1.543597
    3 -0.104494 0.162746 2.602310 -0.770844 1.119482 1.356683
    4 -0.011142 0.781255 -0.800262 1.771818 0.266097 -0.112841
    5 0.000000 0.718097 -0.000002 0.040509 -0.010966 0.185689
    6 -0.000001 0.897711 1.580295 -0.150667 -0.044153 -0.157780
    7 -0.000000 -0.000000 0.811541 0.569018 -0.134605 0.274998
    8 2.058384 -1.292749 1.947053 -0.483772 0.219655 0.722731
    9 -2.032605 -1.312281 1.954868 2.509233 -0.479906 -0.758548
    10 0.078373 -1.930488 0.825938 -0.176167 0.008544 0.018050
    11 0.072788 -0.612672 2.997954 -0.995400 0.008544 0.018050
    12 1.896215 -0.139594 1.800807 0.513126 0.811034 3.113585
    13 -1.241366 -1.806391 1.056407 1.464656 -0.058715 2.556040
    14 1.243752 -1.814203 1.052501 1.222966 3.056000 0.594110
    15 1.218724 -1.798575 1.272704 1.341670 3.064249 0.567815
    16 0.004859 -0.122106 -0.000735 0.435370 0.041702 0.036316
    17 -1.061022 -1.480885 1.175125 0.212542 0.017190 -0.633333
    18 1.061021 -1.480883 1.175125 -0.338613 0.459444 -1.064039
    19 -0.099419 -2.076593 1.635946 0.231800 -0.019942 3.136894
    20 -1.220244 -1.798577 1.272703 1.364861 -0.096772 -3.703176
    21 -0.004860 0.122106 0.000735 0.246037 0.041702 0.036316
    22 -10.306276 -2.570339 -6.593013 0.305711 2.512253 0.701899
    23 0.096951 -8.450422 -0.009364 -0.332513 -0.485863 -0.190206
    24 -0.139400 -0.111699 0.014398 0.602950 -0.047021 1.569868
    25 1.164474 -2.543937 -0.170327 -0.693854 -0.121661 0.241616
    26 0.024034 -1.129039 0.017807 -0.955509 0.000000 -0.000001
    27 0.014896 -0.883992 -0.019847 -0.957309 0.000000 -0.000000
    28 0.447949 -2.798981 -0.200442 -0.657962 0.047193 0.204345
    29 -0.032909 -1.480206 0.004935 -0.824247 0.000000 0.000000
    30 -0.027023 -1.076921 -0.020212 -0.790272 0.000000 -0.000000
    31 -0.249535 -2.846962 -0.174215 -0.582630 0.073408 0.096039
    32 0.043235 -1.683941 0.096015 -0.793304 0.000001 0.000000
    33 0.031729 -1.160831 0.058834 -0.483344 -0.000000 -0.000000
    34 -0.963867 -2.785142 -0.085346 -0.618635 0.135327 -0.091592
    35 0.028477 -1.403065 0.006271 -0.603976 0.000001 0.000000
    36 0.021414 -0.957780 0.020046 -0.428021 0.000000 0.000000
    37 -0.591283 -1.257737 0.232709 -1.369970 -0.466375 -2.290106
    38 1.522835 0.058679 0.016852 0.001411 -0.226617 -0.046880
    39 1.117948 0.048424 -0.005766 -0.000243 -0.311872 0.065422
    40 0.120152 -0.050266 -0.054488 0.366862 3.144320 1.551255
    41 -1.180679 -2.507216 -0.193860 0.174078 0.013294 -0.477916
    42 -0.024968 -1.123935 0.017595 -0.399958 0.000000 0.000000
    43 -0.020059 -0.890964 0.010094 -0.763707 -0.000000 -0.000000
    44 -0.488518 -2.755600 -0.228259 0.021291 -0.012955 -0.306739
    45 0.039887 -1.479790 0.029853 -0.312801 0.000000 0.000000
    46 0.028784 -1.075732 -0.023109 -0.857892 -0.000000 -0.000000
    47 0.250027 -2.820664 -0.238394 0.058002 -0.058472 -0.078775
    48 -0.049760 -1.680543 0.100480 -0.624477 0.000000 -0.000000
    49 -0.034142 -1.148310 0.084779 -1.037172 0.000000 0.000000
    50 0.957767 -2.746777 -0.090299 -0.146172 -0.139206 0.276765
    51 -0.033420 -1.397126 -0.011255 -0.475355 0.000000 0.000001
    52 -0.022361 -0.957433 0.018785 -0.858670 0.000000 0.000000
    53 0.583509 -1.197273 0.185380 0.498834 -0.339857 -0.429184
    54 1.535925 0.010248 0.005008 -0.002964 -0.491310 0.000890
    55 1.100770 0.004527 -0.010675 -0.002796 -0.975914 0.003459
  time 114
    0 6.766536 -1.705961 -8.006058 0.876066 -2.059606 -1.001636
    1 -0.071920 -8.498732 -0.104134 -0.199685 0.250422 0.103411
    2 -0.480402 -2.843485 2.688040 0.673012 -2.243426 1.543597
    3 -0.104494 0.158840 2.606216 -0.770044 1.116362 1.357064
    4 -0.011142 0.781255 -0.800262 1.775056 0.268038 -0.111835
    5 0.000000 0.718097 -0.000002 0.039438 -0.009983 0.184790
    6 -0.000001 0.897711 1.580295 -0.150667 -0.044153 -0.157780
    7 -0.000000 -0.000000 0.811541 0.569018 -0.134605 0.274998
    8 2.070103 -1.308375 1.954866 -0.483341 0.220637 0.724673
    9 -2.044324 -1.320094 1.962680 2.510371 -0.480086 -0.763702
    10 0.078373 -1.953927 0.833751 -0.176167 0.008544 0.018050
    11 0.072788 -0.632204 3.009673 -0.996910 0.008544 0.018050
    12 1.900122 -0.139594 1.804714 0.513126 0.811034 3.113585
    13 -1.241366 -1.806391 1.056407 1.476168 -0.058623 2.556040
    14 1.243752 -1.810296 1.052501 1.259633 3.053064 0.591533
    15 1.218724 -1.798575 1.272704 1.313892 3.063498 0.566952
    16 0.004859 -0.122106 -0.000735 0.458464 0.041702 0.036316
    17 -1.061022 -1.480885 1.175125 0.186013 0.022101 -0.670388
    18 1.061021 -1.480883 1.175125 -0.379395 0.446305 -1.106191
    19 -0.099419 -2.076593 1.635946 0.231800 -0.019942 3.136894
    20 -1.220244 -1.798577 1.272703 1.341271 -0.098431 -3.702026
    21 -0.004860 0.122106 0.000735 0.267359 0.041702 0.036316
    22 -10.036736 -2.628934 -6.604732 0.336095 2.499738 0.700349
    23 0.096951 -8.450422 -0.009364 -0.318675 -0.454862 -0.164190
    24 -0.139400 -0.111699 0.014398 0.602950 -0.047021 1.569868
    25 1.164474 -2.543937 -0.170327 -0.702388 -0.136510 0.245127
    26 0.024034 -1.129039 0.017807 -0.975197 0.000000 -0.000001
    27 0.014896 -0.883992 -0.019847 -0.961755 0.000000 -0.000000
    28 0.447949 -2.798981 -0.200442 -0.658590 0.047193 0.204345
    29 -0.032909 -1.480206 0.004935 -0.828532 0.000000 0.000000
    30 -0.027023 -1.076921 -0.020212 -0.818828 0.000000 -0.000000
    31 -0.249535 -2.846962 -0.174215 -0.554701 0.073408 0.096039
    32 0.043235 -1.683941 0.096015 -0.791727 0.000001 0.000000
    33 0.031729 -1.160831 0.058834 -0.513752 -0.000000 -0.000000
    34 -0.963867 -2.785142 -0.085346 -0.579033 0.135327 -0.091592
    35 0.028477 -1.403065 0.006271 -0.593179 0.000001 0.000000
    36 0.021414 -0.957780 0.020046 -0.417824 0.000000 0.000000
    37 -0.591283 -1.257737 0.232709 -1.358337 -0.407426 -2.347297
    38 1.522835 0.058679 0.016852 0.001411 -0.228428 -0.046880
    39 1.117948 0.048424 -0.005766 -0.000243 -0.340578 0.065422
    40 0.120152 -0.050266 -0.054488 0.366862 3.144320 1.551255
    41 -1.180679 -2.507216 -0.193860 0.174078 0.013294 -0.477916
    42 -0.024968 -1.123935 0.017595 -0.399958 0.000000 0.000000
    43 -0.020059 -0.890964 0.010094 -0.763707 -0.000000 -0.000000
    44 -0.488518 -2.755600 -0.228259 0.021291 -0.012955 -0.306739
    45 0.039887 -1.479790 0.029853 -0.312801 0.000000 0.000000
    46 0.028784 -1.075732 -0.023109 -0.857892 -0.000000 -0.000000
    47 0.250027 -2.820664 -0.238394 0.058021 -0.058472 -0.078775
    48 -0.049760 -1.680543 0.100480 -0.624477 0.000000 -0.000000
    49 -0.034142 -1.148310 0.084779 -1.037172 0.000000 0.000000
    50 0.957767 -2.746777 -0.090299 -0.143524 -0.139206 0.276765
    51 -0.033420 -1.397126 -0.011255 -0.475553 0.000000 0.000001
    52 -0.022361 -0.957433 0.018785 -0.858670 0.000000 0.000000
    53 0.583509 -1.197273 0.185380 0.498834 -0.339857 -0.429184
    54 1.535925 0.010248 0.005008 -0.002964 -0.491310 0.000890
    55 1.100770 0.004527 -0.010675 -0.002796 -0.975914 0.003459
  time 115
    0 6.731379 -1.698149 -7.982619 0.886972 -2.053716 -1.014035
    1 -0.071920 -8.498732 -0.104134 -0.195330 0.257969 0.101918
    2 -0.480402 -2.843485 2.688040 0.673012 -2.243426 1.543597
    3 -0.116214 0.147121 2.614029 -0.767943 1.108019 1.358015
    4 -0.011142 0.781255 -0.800262 1.780201 0.272245 -0.110720
    5 0.000000 0.718097 -0.000002 0.038148 -0.007251 0.182274
    6 -0.000001 0.897711 1.580295 -0.150667 -0.044153 -0.157780
    7 -0.000000 -0.000000 0.811541 0.569018 -0.134605 0.274998
    8 2.097447 -1.347438 1.982210 -0.482214 0.223274 0.729826
    9 -2.071669 -1.347438 1.982212 2.513451 -0.480505 -0.777436
    10 0.078373 -2.020335 0.853283 -0.176167 0.008544 0.018050
    11 0.072788 -0.682987 3.048737 -1.000949 0.008544 0.018050
    12 1.896215 -0.139594 1.800807 0.513126 0.811034 3.113585
    13 -1.241366 -1.806391 1.056407 1.486071 -0.058530 2.556040
    14 1.239846 -1.810296 1.056407 1.291180 3.050547 0.589316
    15 1.218724 -1.798575 1.272704 1.290019 3.062841 0.566185
    16 0.004859 -0.122106 -0.000735 0.478363 0.041702 0.036316
    17 -1.061022 -1.480885 1.175125 0.158893 0.026565 -0.706785
    18 1.061021 -1.480883 1.175125 -0.416519 0.433442 -1.143686
    19 -0.099419 -2.076593 1.635946 0.231800 -0.019942 3.136894
    20 -1.220244 -1.798577 1.272703 1.320945 -0.099905 -3.700971
    21 -0.004860 0.122106 0.000735 0.285686 0.041702 0.036316
    22 -9.771103 -2.695343 -6.616451 0.365192 2.488454 0.700170
    23 0.096951 -8.450422 -0.009364 -0.300436 -0.425536 -0.140756
    24 -0.139400 -0.111699 0.014398 0.602950 -0.047021 1.569868
    25 1.164474 -2.543937 -0.170327 -0.708327 -0.151491 0.248687
    26 0.024034 -1.129039 0.017807 -0.990107 0.000000 -0.000001
    27 0.014896 -0.883992 -0.019847 -0.962866 0.000000 -0.000000
    28 0.447949 -2.798981 -0.200442 -0.657383 0.047193 0.204345
    29 -0.032909 -1.480206 0.004935 -0.830944 0.000000 0.000000
    30 -0.027023 -1.076921 -0.020212 -0.843180 0.000000 -0.000000
    31 -0.249535 -2.846962 -0.174215 -0.522447 0.073408 0.096039
    32 0.043235 -1.683941 0.096015 -0.789036 0.000001 0.000000
    33 0.031729 -1.160831 0.058834 -0.542122 -0.000000 -0.000000
    34 -0.963867 -2.785142 -0.085346 -0.521420 0.135327 -0.091592
    35 0.028477 -1.403065 0.006271 -0.577480 0.000001 0.000000
    36 0.021414 -0.957780 0.020046 -0.403171 0.000000 0.000000
    37 -0.591283 -1.257737 0.232709 -1.346632 -0.343284 -2.407301
    38 1.522835 0.058679 0.016852 0.001411 -0.230015 -0.046880
    39 1.117948 0.048424 -0.005766 -0.000243 -0.370116 0.065422
    40 0.120152 -0.050266 -0.054488 0.366862 3.144320 1.551255
    41 -1.180679 -2.507216 -0.193860 0.174078 0.013294 -0.477916
    42 -0.024968 -1.123935 0.017595 -0.399958 0.000000 0.000000
    43 -0.020059 -0.890964 0.010094 -0.763707 -0.000000 -0.000000
    44 -0.488518 -2.755600 -0.228259 0.021291 -0.012955 -0.306739
    45 0.039887 -1.479790 0.029853 -0.312801 0.000000 0.000000
    46 0.028784 -1.075732 -0.023109 -0.857892 -0.000000 -0.000000
    47 0.250027 -2.820664 -0.238394 0.058002 -0.058472 -0.078775
    48 -0.049760 -1.680543 0.100480 -0.624477 0.000000 -0.000000
    49 -0.034142 -1.148310 0.084779 -1.037172 0.000000 0.000000
    50 0.957767 -2.746777 -0.090299 -0.141034 -0.139206 0.276765
    51 -0.033420 -1.397126 -0.011255 -0.475736 0.000000 0.000001
    52 -0.022361 -0.957433 0.018785 -0.858670 0.000000 0.000000
    53 0.583509 -1.197273 0.185380 0.498834 -0.339857 -0.429184
    54 1.535925 0.010248 0.005008 -0.002964 -0.491310 0.000890
    55 1.100770 0.004527 -0.010675 -0.002796 -0.975914 0.003459
  time 116
    0 6.696221 -1.694242 -7.959181 0.898106 -2.047826 -1.026617
    1 -0.071920 -8.498732 -0.104134 -0.191122 0.265273 0.100486
    2 -0.480402 -2.843485 2.688040 0.673012 -2.243426 1.543597
    3 -0.127933 0.131495 2.633561 -0.765042 1.095925 1.359375
    4 -0.011142 0.781255 -0.800262 1.786325 0.277698 -0.109641
    5 0.000000 0.718097 -0.000002 0.036760 -0.003080 0.178427
    6 -0.000001 0.897711 1.580295 -0.150667 -0.044153 -0.157780
    7 -0.000000 -0.000000 0.811541 0.569018 -0.134605 0.274998
    8 2.156043 -1.421659 2.032993 -0.479925 0.228487 0.740085
    9 -2.126358 -1.398221 2.021276 2.519659 -0.481104 -0.804737
    10 0.078373 -2.141432 0.892346 -0.176167 0.008544 0.018050
    11 0.072788 -0.784552 3.122958 -1.008967 0.008544 0.018050
    12 1.884496 -0.139594 1.789088 0.513126 0.811034 3.113585
    13 -1.241366 -1.806391 1.056407 1.494197 -0.058438 2.556040
    14 1.239846 -1.806390 1.056407 1.316873 3.048498 0.587506
    15 1.218724 -1.798575 1.272704 1.270584 3.062278 0.565514
    16 0.004859 -0.122106 -0.000735 0.494553 0.041702 0.036316
    17 -1.061022 -1.480885 1.175125 0.131542 0.030593 -0.742179
    18 1.061021 -1.480883 1.175125 -0.449055 0.420915 -1.175352
    19 -0.099419 -2.076593 1.635946 0.231800 -0.019942 3.136894
    20 -1.220244 -1.798577 1.272703 1.304442 -0.101103 -3.700109
    21 -0.004860 0.122106 0.000735 0.300640 0.041702 0.036316
    22 -9.517189 -2.769564 -6.620357 0.392241 2.478767 0.701184
    23 0.096951 -8.450422 -0.009364 -0.277669 -0.399080 -0.120879
    24 -0.139400 -0.111699 0.014398 0.602950 -0.047021 1.569868
    25 1.164474 -2.543937 -0.170327 -0.711316 -0.166028 0.252126
    26 0.024034 -1.129039 0.017807 -0.999538 0.000000 -0.000001
    27 0.014896 -0.883992 -0.019847 -0.959532 0.000000 -0.000000
    28 0.447949 -2.798981 -0.200442 -0.653809 0.047193 0.204345
    29 -0.032909 -1.480206 0.004935 -0.830658 0.000000 0.000000
    30 -0.027023 -1.076921 -0.020212 -0.862189 0.000000 -0.000000
    31 -0.249535 -2.846962 -0.174215 -0.487626 0.073408 0.096039
    32 0.043235 -1.683941 0.096015 -0.784915 0.000001 0.000000
    33 0.031729 -1.160831 0.058834 -0.567386 -0.000000 -0.000000
    34 -0.963867 -2.785142 -0.085346 -0.452641 0.135327 -0.091592
    35 0.028477 -1.403065 0.006271 -0.558763 0.000001 0.000000
    36 0.021414 -0.957780 0.020046 -0.386057 0.000000 0.000000
    37 -0.591283 -1.257737 0.232709 -1.335524 -0.279126 -2.465877
    38 1.522835 0.058679 0.016852 0.001411 -0.231062 -0.046880
    39 1.117948 0.048424 -0.005766 -0.000243 -0.398683 0.065422
    40 0.120152 -0.050266 -0.054488 0.366862 3.144320 1.551255
    41 -1.180679 -2.507216 -0.193860 0.174078 0.013294 -0.477916
    42 -0.024968 -1.123935 0.017595 -0.399958 0.000000 0.000000
    43 -0.020059 -0.890964 0.010094 -0.763707 -0.000000 -0.000000
    44 -0.488518 -2.755600 -0.228259 0.021291 -0.012955 -0.306739
    45 0.039887 -1.479790 0.029853 -0.312801 0.000000 0.000000
    46 0.028784 -1.075732 -0.023109 -0.857892 -0.000000 -0.000000
    47 0.250027 -2.820664 -0.238394 0.058002 -0.058472 -0.078775
    48 -0.049760 -1.680543 0.100480 -0.624477 0.000000 -0.000000
    49 -0.034142 -1.148310 0.084779 -1.037172 0.000000 0.000000
    50 0.957767 -2.746777 -0.090299 -0.138722 -0.139206 0.276765
    51 -0.033420 -1.397126 -0.011255 -0.475906 0.000000 0.000001
    52 -0.022361 -0.957433 0.018785 -0.858670 0.000000 0.000000
    53 0.583509 -1.197273 0.185380 0.498834 -0.339857 -0.429184
    54 1.535925 0.010248 0.005008 -0.002964 -0.491310 0.000890
    55 1.100770 0.004527 -0.010675 -0.002796 -0.975914 0.003459
  time 117
    0 6.661064 -1.690336 -7.939649 0.909164 -2.042228 -1.039108
    1 -0.071920 -8.498732 -0.104134 -0.187135 0.272157 0.099130
    2 -0.480402 -2.843485 2.688040 0.673012 -2.243426 1.543597
    3 -0.139652 0.108057 2.653092 -0.761775 1.081605 1.360897
    4 -0.011142 0.781255 -0.800262 1.792374 0.283391 -0.108707
    5 0.000000 0.718097 -0.000002 0.035324 0.002205 0.173537
    6 -0.000001 0.897711 1.580295 -0.150667 -0.044153 -0.157780
    7 -0.000000 -0.000000 0.811541 0.569018 -0.134605 0.274998
    8 2.230264 -1.531038 2.107214 -0.476485 0.236026 0.755018
    9 -2.204485 -1.468536 2.072059 2.528899 -0.481440 -0.844334
    10 0.082279 -2.325032 0.950942 -0.176167 0.008544 0.018050
    11 0.076694 -0.932994 3.228430 -1.020616 0.008544 0.018050
    12 1.868871 -0.139594 1.769556 0.513126 0.811034 3.113585
    13 -1.241366 -1.806391 1.056407 1.500207 -0.058346 2.556040
    14 1.239846 -1.806390 1.056407 1.336089 3.046964 0.586152
    15 1.218724 -1.798575 1.272704 1.256029 3.061903 0.565131
    16 0.004859 -0.122106 -0.000735 0.506682 0.041702 0.036316
    17 -1.061022 -1.480885 1.175125 0.104356 0.034175 -0.776198
    18 1.061021 -1.480883 1.175125 -0.476007 0.408787 -1.199958
    19 -0.099419 -2.076593 1.635946 0.231800 -0.019942 3.136894
    20 -1.220244 -1.798577 1.272703 1.292041 -0.102024 -3.699533
    21 -0.004860 0.122106 0.000735 0.311822 0.041702 0.036316
    22 -9.274994 -2.843785 -6.624264 0.416506 2.471175 0.703271
    23 0.096951 -8.450422 -0.009364 -0.250214 -0.376639 -0.105603
    24 -0.139400 -0.111699 0.014398 0.602950 -0.047021 1.569868
    25 1.164474 -2.543937 -0.170327 -0.710883 -0.179547 0.255326
    26 0.024034 -1.129039 0.017807 -1.002665 0.000000 -0.000001
    27 0.014896 -0.883992 -0.019847 -0.950679 0.000000 -0.000000
    28 0.447949 -2.798981 -0.200442 -0.647194 0.047193 0.204345
    29 -0.032909 -1.480206 0.004935 -0.826850 0.000000 0.000000
    30 -0.027023 -1.076921 -0.020212 -0.874686 0.000000 -0.000000
    31 -0.249535 -2.846962 -0.174215 -0.451813 0.073408 0.096039
    32 0.043235 -1.683941 0.096015 -0.779070 0.000001 0.000000
    33 0.031729 -1.160831 0.058834 -0.588413 -0.000000 -0.000000
    34 -0.963867 -2.785142 -0.085346 -0.379607 0.135327 -0.091592
    35 0.028477 -1.403065 0.006271 -0.538896 0.000001 0.000000
    36 0.021414 -0.957780 0.020046 -0.368397 0.000000 0.000000
    37 -0.591283 -1.257737 0.232709 -1.325697 -0.220192 -2.518805
    38 1.522835 0.058679 0.016852 0.001411 -0.231227 -0.046880
    39 1.117948 0.048424 -0.005766 -0.000243 -0.424454 0.065422
    40 0.120152 -0.050266 -0.054488 0.366862 3.144320 1.551255
    41 -1.180679 -2.507216 -0.193860 0.174078 0.013294 -0.477916
    42 -0.024968 -1.123935 0.017595 -0.399958 0.000000 0.000000
    43 -0.020059 -0.890964 0.010094 -0.763707 -0.000000 -0.000000
    44 -0.488518 -2.755600 -0.228259 0.021291 -0.012955 -0.306739
    45 0.039887 -1.479790 0.029853 -0.312801 0.000000 0.000000
    46 0.028784 -1.075732 -0.023109 -0.857892 -0.000000 -0.000000
    47 0.250027 -2.820664 -0.238394 0.058002 -0.058472 -0.078775
    48 -0.049760 -1.680543 0.100480 -0.624477 0.000000 -0.000000
    49 -0.034142 -1.148310 0.084779 -1.037172 0.000000 0.000000
    50 0.957767 -2.746777 -0.090299 -0.136647 -0.139206 0.276765
    51 -0.033420 -1.397126 -0.011255 -0.476061 0.000000 0.000001
    52 -0.022361 -0.957433 0.018785 -0.858670 0.000000 0.000000
    53 0.583509 -1.197273 0.185380 0.498834 -0.339857 -0.429184
    54 1.535925 0.010248 0.005008 -0.002964 -0.491310 0.000890
    55 1.100770 0.004527 -0.010675 -0.002796 -0.975914 0.003459
  time 118
    0 6.633719 -1.686430 -7.920117 0.919768 -2.037174 -1.051048
    1 -0.071920 -8.498732 -0.104134 -0.183444 0.278377 0.097881
    2 -0.480402 -2.843485 2.688040 0.673012 -2.243426 1.543597
    3 -0.155277 0.088525 2.676531 -0.758554 1.066514 1.362392
    4 -0.011142 0.781255 -0.800262 1.797368 0.288316 -0.108047
    5 0.000000 0.718097 -0.000002 0.033936 0.008293 0.167880
    6 -0.000001 0.897711 1.580295 -0.150667 -0.044153 -0.157780
    7 -0.000000 -0.000000 0.811541 0.569018 -0.134605 0.274998
    8 2.324017 -1.656041 2.193154 -0.472542 0.244283 0.771568
    9 -2.294332 -1.550569 2.134561 2.539374 -0.481032 -0.888030
    10 0.086186 -2.524257 1.013444 -0.176167 0.008544 0.018050
    11 0.080601 -1.100968 3.349527 -1.033451 0.008544 0.018050
    12 1.849339 -0.139594 1.750024 0.513126 0.811034 3.113585
    13 -1.241366 -1.806391 1.056407 1.503931 -0.058253 2.556040
    14 1.239846 -1.806390 1.056407 1.348096 3.046005 0.585313
    15 1.218724 -1.798575 1.272704 1.246889 3.061621 0.564747
    16 0.004859 -0.122106 -0.000735 0.514263 0.041702 0.036316
    17 -1.061022 -1.480885 1.175125 0.077696 0.037334 -0.808454
    18 1.061021 -1.480883 1.175125 -0.496446 0.397118 -1.216422
    19 -0.099419 -2.076593 1.635946 0.231800 -0.019942 3.136894
    20 -1.220244 -1.798577 1.272703 1.284302 -0.102577 -3.699150
    21 -0.004860 0.122106 0.000735 0.318816 0.041702 0.036316
    22 -9.056238 -2.921912 -6.628170 0.437199 2.466043 0.706371
    23 0.096951 -8.450422 -0.009364 -0.217945 -0.359425 -0.095922
    24 -0.139400 -0.111699 0.014398 0.602950 -0.047021 1.569868
    25 1.164474 -2.543937 -0.170327 -0.706675 -0.191483 0.258155
    26 0.024034 -1.129039 0.017807 -0.998812 0.000000 -0.000001
    27 0.014896 -0.883992 -0.019847 -0.935272 0.000000 -0.000000
    28 0.447949 -2.798981 -0.200442 -0.637004 0.047193 0.204345
    29 -0.032909 -1.480206 0.004935 -0.818725 0.000000 0.000000
    30 -0.027023 -1.076921 -0.020212 -0.879529 0.000000 -0.000000
    31 -0.249535 -2.846962 -0.174215 -0.416632 0.073408 0.096039
    32 0.043235 -1.683941 0.096015 -0.771164 0.000001 0.000000
    33 0.031729 -1.160831 0.058834 -0.604102 -0.000000 -0.000000
    34 -0.963867 -2.785142 -0.085346 -0.309101 0.135327 -0.091592
    35 0.028477 -1.403065 0.006271 -0.519743 0.000001 0.000000
    36 0.021414 -0.957780 0.020046 -0.352146 0.000000 0.000000
    37 -0.591283 -1.257737 0.232709 -1.317840 -0.171643 -2.561866
    38 1.522835 0.058679 0.016852 0.001411 -0.230179 -0.046880
    39 1.117948 0.048424 -0.005766 -0.000243 -0.445649 0.065422
    40 0.120152 -0.050266 -0.054488 0.366862 3.144320 1.551255
    41 -1.180679 -2.507216 -0.193860 0.174078 0.013294 -0.477916
    42 -0.024968 -1.123935 0.017595 -0.399958 0.000000 0.000000
    43 -0.020059 -0.890964 0.010094 -0.763707 -0.000000 -0.000000
    44 -0.488518 -2.755600 -0.228259 0.021291 -0.012955 -0.306739
    45 0.039887 -1.479790 0.029853 -0.312801 0.000000 0.000000
    46 0.028784 -1.075732 -0.023109 -0.857892 -0.000000 -0.000000
    47 0.250027 -2.820664 -0.238394 0.058002 -0.058472 -0.078775
    48 -0.049760 -1.680543 0.100480 -0.624477 0.000000 -0.000000
    49 -0.034142 -1.148310 0.084779 -1.037172 0.000000 0.000000
    50 0.957767 -2.746777 -0.090299 -0.134868 -0.139206 0.276765
    51 -0.033420 -1.397126 -0.011255 -0.476189 0.000000 0.000001
    52 -0.022361 -0.957433 0.018785 -0.858670 0.000000 0.000000
    53 0.583509 -1.197273 0.185380 0.498834 -0.339857 -0.429184
    54 1.535925 0.010248 0.005008 -0.002964 -0.491310 0.000890
    55 1.100770 0.004527 -0.010675 -0.002796 -0.975914 0.003459
  time 119
    0 6.606375 -1.682523 -7.904491 0.929538 -2.032871 -1.062069
    1 -0.071920 -8.498732 -0.104134 -0.180196 0.283758 0.096815
    2 -0.480402 -2.843485 2.688040 0.673012 -2.243426 1.543597
    3 -0.170903 0.068993 2.696063 -0.755653 1.052177 1.363751
    4 -0.011142 0.781255 -0.800262 1.800330 0.291456 -0.107760
    5 0.000000 0.718097 -0.000002 0.032695 0.014885 0.161756
    6 -0.000001 0.897711 1.580295 -0.150667 -0.044153 -0.157780
    7 -0.000000 -0.000000 0.811541 0.569018 -0.134605 0.274998
    8 2.406051 -1.769326 2.271282 -0.468851 0.251701 0.786609
    9 -2.372459 -1.624790 2.193156 2.549057 -0.479990 -0.927603
    10 0.090092 -2.707856 1.072039 -0.176167 0.008544 0.018050
    11 0.084507 -1.249410 3.458906 -1.045088 0.008544 0.018050
    12 1.821994 -0.139594 1.722680 0.513126 0.811034 3.113585
    13 -1.241366 -1.806391 1.056407 1.505286 -0.058253 2.556040
    14 1.239846 -1.806390 1.056407 1.352271 3.045670 0.585025
    15 1.218724 -1.798575 1.272704 1.243694 3.061527 0.564651
    16 0.004859 -0.122106 -0.000735 0.516889 0.041702 0.036316
    17 -1.061022 -1.480885 1.175125 0.051940 0.040058 -0.838577
    18 1.061021 -1.480883 1.175125 -0.509442 0.385970 -1.223513
    19 -0.099419 -2.076593 1.632039 0.231800 -0.019379 3.137026
    20 -1.220244 -1.798577 1.272703 1.281598 -0.102761 -3.699054
    21 -0.004860 0.122106 0.000735 0.321242 0.041702 0.036316
    22 -8.860919 -2.992227 -6.624264 0.453586 2.463870 0.710246
    23 0.096951 -8.450422 -0.009364 -0.180733 -0.348601 -0.092860
    24 -0.139400 -0.111699 0.014398 0.602950 -0.047021 1.569868
    25 1.164474 -2.543937 -0.170327 -0.698259 -0.201251 0.260468
    26 0.024034 -1.129039 0.017807 -0.987155 0.000000 -0.000001
    27 0.014896 -0.883992 -0.019847 -0.912161 0.000000 -0.000000
    28 0.447949 -2.798981 -0.200442 -0.622614 0.047193 0.204345
    29 -0.032909 -1.480206 0.004935 -0.805427 0.000000 0.000000
    30 -0.027023 -1.076921 -0.020212 -0.875577 0.000000 -0.000000
    31 -0.249535 -2.846962 -0.174215 -0.383838 0.073408 0.096039
    32 0.043235 -1.683941 0.096015 -0.760924 0.000001 0.000000
    33 0.031729 -1.160831 0.058834 -0.613418 -0.000000 -0.000000
    34 -0.963867 -2.785142 -0.085346 -0.248064 0.135327 -0.091592
    35 0.028477 -1.403065 0.006271 -0.503189 0.000001 0.000000
    36 0.021414 -0.957780 0.020046 -0.339237 0.000000 0.000000
    37 -0.591283 -1.257737 0.232709 -1.312619 -0.138704 -2.590797
    38 1.522835 0.058679 0.016852 0.001411 -0.227605 -0.046880
    39 1.117948 0.048424 -0.005766 -0.000243 -0.460441 0.065422
    40 0.120152 -0.050266 -0.054488 0.366862 3.144320 1.551255
    41 -1.180679 -2.507216 -0.193860 0.174078 0.013294 -0.477916
    42 -0.024968 -1.123935 0.017595 -0.399958 0.000000 0.000000
    43 -0.020059 -0.890964 0.010094 -0.763707 -0.000000 -0.000000
    44 -0.488518 -2.755600 -0.228259 0.021291 -0.012955 -0.306739
    45 0.039887 -1.479790 0.029853 -0.312801 0.000000 0.000000
    46 0.028784 -1.075732 -0.023109 -0.857892 -0.000000 -0.000000
    47 0.250027 -2.820664 -0.238394 0.058002 -0.058472 -0.078775
    48 -0.049760 -1.680543 0.100480 -0.624477 0.000000 -0.000000
    49 -0.034142 -1.148310 0.084779 -1.037172 0.000000 0.000000
    50 0.957767 -2.746777 -0.090299 -0.133425 -0.139206 0.276765
    51 -0.033420 -1.397126 -0.011255 -0.476288 0.000000 0.000001
    52 -0.022361 -0.957433 0.018785 -0.858670 0.000000 0.000000
    53 0.583509 -1.197273 0.185380 0.498834 -0.339857 -0.429184
    54 1.535925 0.010248 0.005008 -0.002964 -0.491310 0.000890
    55 1.100770 0.004527 -0.010675 -0.002796 -0.975914 0.003459
  time 120
    0 6.586843 -1.682523 -7.896679 0.938021 -2.029654 -1.071713
    1 -0.071920 -8.498732 -0.104134 -0.177538 0.288091 0.095931
    2 -0.480402 -2.843485 2.688040 0.673012 -2.243426 1.543597
    3 -0.182622 0.049462 2.711688 -0.753346 1.040100 1.364839
    4 -0.011142 0.781255 -0.800262 1.800254 0.291816 -0.107988
    5 0.000000 0.718097 -0.000002 0.031697 0.021656 0.155416
    6 -0.000001 0.897711 1.580295 -0.150667 -0.044153 -0.157780
    7 -0.000000 -0.000000 0.811541 0.569018 -0.134605 0.274998
    8 2.460740 -1.847453 2.325971 -0.466239 0.256795 0.797024
    9 -2.431055 -1.675573 2.232220 2.555840 -0.478863 -0.954844
    10 0.090092 -2.832860 1.115009 -0.176167 0.008544 0.018050
    11 0.084507 -1.354882 3.533127 -1.053118 0.008544 0.018050
    12 1.798556 -0.139594 1.695335 0.513126 0.811034 3.113585
    13 -1.241366 -1.806391 1.056407 1.497414 -0.058346 2.556040
    14 1.239846 -1.806390 1.056407 1.327331 3.047659 0.586763
    15 1.218724 -1.798575 1.272704 1.262597 3.062090 0.565322
    16 0.004859 -0.122106 -0.000735 0.501159 0.041702 0.036316
    17 -1.061022 -1.480885 1.175125 0.027433 0.042360 -0.866198
    18 1.061021 -1.480883 1.175125 -0.513934 0.375434 -1.219998
    19 -0.099419 -2.076593 1.620320 0.231800 -0.017797 3.137398
    20 -1.220244 -1.798577 1.272703 1.297729 -0.101563 -3.699821
    21 -0.004860 0.122106 0.000735 0.306724 0.041702 0.036316
    22 -8.700758 -3.062541 -6.612545 0.464904 2.465075 0.714897
    23 0.096951 -8.450422 -0.009364 -0.138452 -0.345344 -0.097428
    24 -0.139400 -0.111699 0.014398 0.602950 -0.047021 1.569868
    25 1.164474 -2.543937 -0.170327 -0.685280 -0.208274 0.262133
    26 0.024034 -1.129039 0.017807 -0.966992 0.000000 -0.000001
    27 0.014896 -0.883992 -0.019847 -0.880350 0.000000 -0.000000
    28 0.447949 -2.798981 -0.200442 -0.603491 0.047193 0.204345
    29 -0.032909 -1.480206 0.004935 -0.786131 0.000000 0.000000
    30 -0.027023 -1.076921 -0.020212 -0.861688 0.000000 -0.000000
    31 -0.249535 -2.846962 -0.174215 -0.355007 0.073408 0.096039
    32 0.043235 -1.683941 0.096015 -0.748035 0.000001 0.000000
    33 0.031729 -1.160831 0.058834 -0.615230 -0.000000 -0.000000
    34 -0.963867 -2.785142 -0.085346 -0.203281 0.135327 -0.091592
    35 0.028477 -1.403065 0.006271 -0.491084 0.000001 0.000000
    36 0.021414 -0.957780 0.020046 -0.331647 0.000000 0.000000
    37 -0.591283 -1.257737 0.232709 -1.310741 -0.126567 -2.601378
    38 1.522835 0.058679 0.016852 0.001411 -0.223174 -0.046880
    39 1.117948 0.048424 -0.005766 -0.000243 -0.467051 0.065422
    40 0.120152 -0.050266 -0.054488 0.366862 3.144320 1.551255
    41 -1.180679 -2.507216 -0.193860 0.174078 0.013294 -0.477916
    42 -0.024968 -1.123935 0.017595 -0.399958 0.000000 0.000000
    43 -0.020059 -0.890964 0.010094 -0.763707 -0.000000 -0.000000
    44 -0.488518 -2.755600 -0.228259 0.021291 -0.012955 -0.306739
    45 0.039887 -1.479790 0.029853 -0.312801 0.000000 0.000000
    46 0.028784 -1.075732 -0.023109 -0.857892 -0.000000 -0.000000
    47 0.250027 -2.820664 -0.238394 0.058002 -0.058472 -0.078775
    48 -0.049760 -1.680543 0.100480 -0.624477 0.000000 -0.000000
    49 -0.034142 -1.148310 0.084779 -1.037172 0.000000 0.000000
    50 0.957767 -2.746777 -0.090299 -0.132358 -0.139206 0.276765
    51 -0.033420 -1.397126 -0.011255 -0.476372 0.000000 0.000001
    52 -0.022361 -0.957433 0.018785 -0.858670 0.000000 0.000000
    53 0.583509 -1.197273 0.185380 0.498834 -0.339857 -0.429184
    54 1.535925 0.010248 0.005008 -0.002964 -0.491310 0.000890
    55 1.100770 0.004527 -0.010675 -0.002796 -0.975914 0.003459
  time 121
    0 6.571218 -1.678617 -7.892773 0.945898 -2.027440 -1.080530
    1 -0.071920 -8.498732 -0.104134 -0.175176 0.291725 0.095169
    2 -0.480402 -2.843485 2.688040 0.673012 -2.243426 1.543597
    3 -0.190435 0.037742 2.723407 -0.751815 1.031740 1.365573
    4 -0.011142 0.781255 -0.800262 1.796138 0.288376 -0.108826
    5 0.000000 0.718097 -0.000002 0.031040 0.028272 0.149172
    6 -0.000001 0.897711 1.580295 -0.150667 -0.044153 -0.157780
    7 -0.000000 -0.000000 0.811541 0.569018 -0.134605 0.274998
    8 2.476365 -1.866985 2.337690 -0.465567 0.258053 0.799636
    9 -2.442774 -1.687292 2.240033 2.557542 -0.478528 -0.961651
    10 0.093998 -2.868017 1.122822 -0.176167 0.008544 0.018050
    11 0.084507 -1.382227 3.552659 -1.055131 0.008544 0.018050
    12 1.775118 -0.139594 1.671897 0.513126 0.811034 3.113585
    13 -1.241366 -1.806391 1.056407 1.476168 -0.058623 2.556040
    14 1.243752 -1.810296 1.052501 1.259633 3.053064 0.591533
    15 1.218724 -1.798575 1.272704 1.313892 3.063498 0.566952
    16 0.004859 -0.122106 -0.000735 0.458464 0.041702 0.036316
    17 -1.061022 -1.480885 1.175125 0.004586 0.044240 -0.890949
    18 1.061021 -1.480883 1.175125 -0.508896 0.364316 -1.201671
    19 -0.099419 -2.076593 1.600788 0.231788 -0.015364 3.137973
    20 -1.220244 -1.798577 1.272703 1.341271 -0.098431 -3.702026
    21 -0.004860 0.122106 0.000735 0.267359 0.041702 0.036316
    22 -8.556223 -3.128950 -6.604732 0.473229 2.469735 0.720561
    23 0.096951 -8.450422 -0.009364 -0.087625 -0.351020 -0.111486
    24 -0.139400 -0.111699 0.014398 0.602950 -0.047021 1.569868
    25 1.164474 -2.543937 -0.170327 -0.668919 -0.213068 0.263272
    26 0.024034 -1.129039 0.017807 -0.935871 0.000000 -0.000001
    27 0.014896 -0.883992 -0.019847 -0.838345 0.000000 -0.000000
    28 0.447949 -2.798981 -0.200442 -0.579877 0.047193 0.204345
    29 -0.032909 -1.480206 0.004935 -0.761028 0.000000 0.000000
    30 -0.027023 -1.076921 -0.020212 -0.835805 0.000000 -0.000000
    31 -0.249535 -2.846962 -0.174215 -0.330367 0.073408 0.096039
    32 0.043235 -1.683941 0.096015 -0.732518 0.000001 0.000000
    33 0.031729 -1.160831 0.058834 -0.607984 -0.000000 -0.000000
    34 -0.963867 -2.785142 -0.085346 -0.175276 0.135327 -0.091592
    35 0.028477 -1.403065 0.006271 -0.483496 0.000001 0.000000
    36 0.021414 -0.957780 0.020046 -0.329839 0.000000 0.000000
    37 -0.591283 -1.257737 0.232709 -1.311409 -0.128483 -2.594302
    38 1.522835 0.058679 0.016852 0.001411 -0.215674 -0.046880
    39 1.117948 0.048424 -0.005766 -0.000243 -0.464994 0.065422
    40 0.120152 -0.050266 -0.054488 0.366862 3.144320 1.551255
    41 -1.180679 -2.507216 -0.193860 0.174078 0.013294 -0.477916
    42 -0.024968 -1.123935 0.017595 -0.399958 0.000000 0.000000
    43 -0.020059 -0.890964 0.010094 -0.763707 -0.000000 -0.000000
    44 -0.488518 -2.755600 -0.228259 0.021291 -0.012955 -0.306739
    45 0.039887 -1.479790 0.029853 -0.312801 0.000000 0.000000
    46 0.028784 -1.075732 -0.023109 -0.857892 -0.000000 -0.000000
    47 0.250027 -2.820664 -0.238394 0.058021 -0.058472 -0.078775
    48 -0.049760 -1.680543 0.100480 -0.624477 0.000000 -0.000000
    49 -0.034142 -1.148310 0.084779 -1.037172 0.000000 0.000000
    50 0.957767 -2.746777 -0.090299 -0.131232 -0.139206 0.276765
    51 -0.033420 -1.397126 -0.011255 -0.476457 0.000000 0.000001
    52 -0.022361 -0.957433 0.018785 -0.858670 0.000000 0.000000
    53 0.583509 -1.197273 0.185380 0.498834 -0.339857 -0.429184
    54 1.535925 0.010248 0.005008 -0.002964 -0.491310 0.000890
    55 1.100770 0.004527 -0.010675 -0.002796 -0.975914 0.003459
  time 122
    0 6.551686 -1.678617 -7.892773 0.953775 -2.025936 -1.089347
    1 -0.071920 -8.498732 -0.104134 -0.172813 0.295220 0.094438
    2 -0.480402 -2.843485 2.688040 0.673012 -2.243426 1.543597
    3 -0.194341 0.033836 2.731220 -0.751244 1.028620 1.365844
    4 -0.011142 0.781255 -0.800262 1.786978 0.280143 -0.110396
    5 0.000000 0.718097 -0.000002 0.030796 0.034444 0.143300
    6 -0.000001 0.897711 1.580295 -0.150667 -0.044153 -0.157780
    7 -0.000000 -0.000000 0.811541 0.569018 -0.134605 0.274998
    8 2.429489 -1.808390 2.298626 -0.467641 0.254074 0.791463
    9 -2.399804 -1.648229 2.212688 2.552209 -0.479498 -0.940295
    10 0.090092 -2.770358 1.091571 -0.176167 0.008544 0.018050
    11 0.084507 -1.300193 3.497969 -1.047761 0.008544 0.018050
    12 1.747773 -0.139594 1.644552 0.513126 0.811034 3.113585
    13 -1.241366 -1.806391 1.056407 1.444849 -0.058900 2.555944
    14 1.247659 -1.818109 1.048594 1.159830 3.061034 0.598556
    15 1.218724 -1.798575 1.272704 1.389504 3.065563 0.569253
    16 0.004859 -0.122106 -0.000735 0.395571 0.041702 0.036316
    17 -1.061022 -1.480885 1.175125 -0.016239 0.045686 -0.912439
    18 1.061021 -1.480883 1.175125 -0.494714 0.351759 -1.167000
    19 -0.099419 -2.080499 1.573444 0.231776 -0.012212 3.138716
    20 -1.220244 -1.798577 1.272703 1.405420 -0.093824 -3.705190
    21 -0.004860 0.122106 0.000735 0.209325 0.041702 0.036316
    22 -8.415593 -3.199265 -6.589106 0.480740 2.477301 0.727596
    23 0.096951 -8.450422 -0.009364 -0.026626 -0.364776 -0.134745
    24 -0.139400 -0.111699 0.014398 0.602950 -0.047021 1.569868
    25 1.164474 -2.543937 -0.170327 -0.650316 -0.216639 0.264123
    26 0.024034 -1.129039 0.017807 -0.893468 0.000000 -0.000001
    27 0.014896 -0.883992 -0.019847 -0.786758 0.000000 -0.000000
    28 0.447949 -2.798981 -0.200442 -0.552690 0.047193 0.204345
    29 -0.032909 -1.480206 0.004935 -0.731100 0.000000 0.000000
    30 -0.027023 -1.076921 -0.020212 -0.798149 0.000000 -0.000000
    31 -0.249535 -2.846962 -0.174215 -0.308339 0.073408 0.096039
    32 0.043235 -1.683941 0.096015 -0.714709 0.000001 0.000000
    33 0.031729 -1.160831 0.058834 -0.591842 -0.000000 -0.000000
    34 -0.963867 -2.785142 -0.085346 -0.158251 0.135327 -0.091592
    35 0.028477 -1.403065 0.006271 -0.478716 0.000001 0.000000
    36 0.021414 -0.957780 0.020046 -0.332383 0.000000 0.000000
    37 -0.591283 -1.257737 0.232709 -1.313342 -0.133721 -2.574914
    38 1.522835 0.058679 0.016852 0.001411 -0.204776 -0.046880
    39 1.117948 0.048424 -0.005766 -0.000243 -0.455888 0.065422
    40 0.120152 -0.050266 -0.054488 0.366862 3.144320 1.551255
    41 -1.180679 -2.507216 -0.193860 0.174078 0.013294 -0.477916
    42 -0.024968 -1.123935 0.017595 -0.399958 0.000000 0.000000
    43 -0.020059 -0.890964 0.010094 -0.763707 -0.000000 -0.000000
    44 -0.488518 -2.755600 -0.228259 0.021291 -0.012955 -0.306739
    45 0.039887 -1.479790 0.029853 -0.312801 0.000000 0.000000
    46 0.028784 -1.075732 -0.023109 -0.857892 -0.000000 -0.000000
    47 0.250027 -2.820664 -0.238394 0.058021 -0.058472 -0.078775
    48 -0.049760 -1.680543 0.100480 -0.624477 0.000000 -0.000000
    49 -0.034142 -1.148310 0.084779 -1.037172 0.000000 0.000000
    50 0.957767 -2.746777 -0.090299 -0.129690 -0.139206 0.276765
    51 -0.033420 -1.397126 -0.011255 -0.476570 0.000000 0.000001
    52 -0.022361 -0.957433 0.018785 -0.858670 0.000000 0.000000
    53 0.583509 -1.197273 0.185380 0.498834 -0.339857 -0.429184
    54 1.535925 0.010248 0.005008 -0.002964 -0.491310 0.000890
    55 1.100770 0.004527 -0.010675 -0.002796 -0.975914 0.003459
  time 123
    0 6.536060 -1.678617 -7.892773 0.961576 -2.025101 -1.097980
    1 -0.071920 -8.498732 -0.104134 -0.170525 0.298469 0.093737
    2 -0.480402 -2.843485 2.688040 0.673012 -2.243426 1.543597
    3 -0.194341 0.037742 2.727314 -0.751701 1.031179 1.365627
    4 -0.011142 0.781255 -0.800262 1.771818 0.266097 -0.112841
    5 0.000000 0.718097 -0.000002 0.033133 0.041610 0.138003
    6 -0.000001 0.897711 1.580295 -0.150667 -0.044153 -0.157780
    7 -0.000000 -0.000000 0.811541 0.569018 -0.134605 0.274998
    8 2.343549 -1.691199 2.216593 -0.471680 0.246057 0.775164
    9 -2.317770 -1.570101 2.150186 2.541675 -0.480841 -0.897510
    10 0.086186 -2.575039 1.029069 -0.176167 0.008544 0.018050
    11 0.080601 -1.143938 3.388591 -1.033020 0.008544 0.018050
    12 1.724335 -0.139594 1.621114 0.513126 0.811034 3.113585
    13 -1.241366 -1.806391 1.056407 1.406760 -0.059361 2.555849
    14 1.251565 -1.825922 1.040781 1.038443 3.070717 0.607065
    15 1.218724 -1.798575 1.272704 1.481357 3.068097 0.572225
    16 0.004859 -0.122106 -0.000735 0.319169 0.041702 0.036316
    17 -1.061022 -1.480885 1.175125 -0.034698 0.046722 -0.930341
    18 1.061021 -1.480883 1.175125 -0.472670 0.338283 -1.118659
    19 -0.103326 -2.080499 1.546099 0.231764 -0.008497 3.139591
    20 -1.220244 -1.798577 1.272703 1.483368 -0.088204 -3.709121
    21 -0.004860 0.122106 0.000735 0.138858 0.041702 0.036316
    22 -8.278871 -3.277392 -6.573481 0.486806 2.487329 0.735943
    23 0.096951 -8.450422 -0.009364 0.042154 -0.384564 -0.164944
    24 -0.139400 -0.111699 0.014398 0.602950 -0.047021 1.569868
    25 1.164474 -2.543937 -0.170327 -0.629078 -0.219168 0.264722
    26 0.024034 -1.129039 0.017807 -0.841985 0.000000 -0.000001
    27 0.014896 -0.883992 -0.019847 -0.727467 0.000000 -0.000000
    28 0.447949 -2.798981 -0.200442 -0.522171 0.047193 0.204345
    29 -0.032909 -1.480206 0.004935 -0.696919 0.000000 0.000000
    30 -0.027023 -1.076921 -0.020212 -0.750974 0.000000 -0.000000
    31 -0.249535 -2.846962 -0.174215 -0.287842 0.073408 0.096039
    32 0.043235 -1.683941 0.096015 -0.694734 0.000001 0.000000
    33 0.031729 -1.160831 0.058834 -0.568518 -0.000000 -0.000000
    34 -0.963867 -2.785142 -0.085346 -0.149584 0.135327 -0.091592
    35 0.028477 -1.403065 0.006271 -0.476135 0.000001 0.000000
    36 0.021414 -0.957780 0.020046 -0.338270 0.000000 0.000000
    37 -0.591283 -1.257737 0.232709 -1.316395 -0.141428 -2.546070
    38 1.522835 0.058679 0.016852 0.001411 -0.191469 -0.046880
    39 1.117948 0.048424 -0.005766 -0.000243 -0.441072 0.065422
    40 0.120152 -0.050266 -0.054488 0.366862 3.144320 1.551255
    41 -1.180679 -2.507216 -0.193860 0.174078 0.013294 -0.477916
    42 -0.024968 -1.123935 0.017595 -0.399958 0.000000 0.000000
    43 -0.020059 -0.890964 0.010094 -0.763707 -0.000000 -0.000000
    44 -0.488518 -2.755600 -0.228259 0.021291 -0.012955 -0.306739
    45 0.039887 -1.479790 0.029853 -0.312801 0.000000 0.000000
    46 0.028784 -1.075732 -0.023109 -0.857892 -0.000000 -0.000000
    47 0.250027 -2.820664 -0.238394 0.058021 -0.058472 -0.078775
    48 -0.049760 -1.680543 0.100480 -0.624477 0.000000 -0.000000
    49 -0.034142 -1.148310 0.084779 -1.037172 0.000000 0.000000
    50 0.957767 -2.746777 -0.090299 -0.127832 -0.139206 0.276765
    51 -0.033420 -1.397126 -0.011255 -0.476698 0.000000 0.000001
    52 -0.022361 -0.957433 0.018785 -0.858670 0.000000 0.000000
    53 0.583509 -1.197273 0.185380 0.498834 -0.339857 -0.429184
    54 1.535925 0.010248 0.005008 -0.002964 -0.491310 0.000890
    55 1.100770 0.004527 -0.010675 -0.002796 -0.975914 0.003459
  time 124
    0 6.520435 -1.682523 -7.896679 0.969226 -2.024850 -1.106430
    1 -0.071920 -8.498732 -0.104134 -0.168273 0.301474 0.093067
    2 -0.480402 -2.843485 2.688040 0.673012 -2.243426 1.543597
    3 -0.186528 0.049462 2.715594 -0.752957 1.038067 1.365029
    4 -0.011142 0.781255 -0.800262 1.733393 0.249043 -0.119241
    5 0.000000 0.718097 -0.000002 0.039292 0.050551 0.132873
    6 -0.000001 0.897711 1.580295 -0.150667 -0.044153 -0.157780
    7 -0.000000 -0.000000 0.811541 0.569018 -0.134605 0.274998
    8 2.238077 -1.554476 2.122840 -0.476246 0.236517 0.756012
    9 -2.216204 -1.476348 2.079872 2.529522 -0.481440 -0.846947
    10 0.082279 -2.344563 0.954848 -0.176167 0.008544 0.018050
    11 0.076694 -0.956432 3.255774 -1.016541 0.008544 0.018050
    12 1.704803 -0.139594 1.597676 0.513126 0.811034 3.113585
    13 -1.241366 -1.806391 1.056407 1.365368 -0.059823 2.555753
    14 1.259378 -1.833735 1.032969 0.906212 3.081240 0.616317
    15 1.218724 -1.798575 1.272704 -1.560345 0.070591 -2.566107
    16 0.004859 -0.122106 -0.000735 0.236052 0.041702 0.036316
    17 -1.061022 -1.480885 1.175125 -0.050395 0.047335 -0.944243
    18 1.061021 -1.480883 1.175125 -0.444049 0.324501 -1.059472
    19 -0.103326 -2.084406 1.514848 0.231764 -0.004386 3.140561
    20 -1.220244 -1.798577 1.272703 1.568122 -0.082031 -3.713339
    21 -0.004860 0.122106 0.000735 0.062175 0.041702 0.036316
    22 -8.153867 -3.359426 -6.553949 0.490798 2.499293 0.745483
    23 0.096951 -8.450422 -0.009364 0.116322 -0.408291 -0.199807
    24 -0.139400 -0.111699 0.014398 0.602950 -0.047021 1.569868
    25 1.164474 -2.543937 -0.170327 -0.604733 -0.220810 0.265106
    26 0.024034 -1.129039 0.017807 -0.783722 0.000000 -0.000001
    27 0.014896 -0.883992 -0.019847 -0.662428 0.000000 -0.000000
    28 0.447949 -2.798981 -0.200442 -0.488561 0.047193 0.204345
    29 -0.032909 -1.480206 0.004935 -0.659057 0.000000 0.000000
    30 -0.027023 -1.076921 -0.020212 -0.696535 0.000000 -0.000000
    31 -0.249535 -2.846962 -0.174215 -0.267841 0.073408 0.096039
    32 0.043235 -1.683941 0.096015 -0.672762 0.000001 0.000000
    33 0.031729 -1.160831 0.058834 -0.539696 -0.000000 -0.000000
    34 -0.963867 -2.785142 -0.085346 -0.146624 0.135327 -0.091592
    35 0.028477 -1.403065 0.006271 -0.475106 0.000001 0.000000
    36 0.021414 -0.957780 0.020046 -0.346553 0.000000 0.000000
    37 -0.591283 -1.257737 0.232709 -1.320423 -0.150781 -2.510539
    38 1.522835 0.058679 0.016852 0.001411 -0.176754 -0.046880
    39 1.117948 0.048424 -0.005766 -0.000243 -0.421842 0.065422
    40 0.120152 -0.050266 -0.054488 0.366862 3.144320 1.551255
    41 -1.180679 -2.507216 -0.193860 0.174078 0.013294 -0.477916
    42 -0.024968 -1.123935 0.017595 -0.399958 0.000000 0.000000
    43 -0.020059 -0.890964 0.010094 -0.763707 -0.000000 -0.000000
    44 -0.488518 -2.755600 -0.228259 0.021317 -0.012955 -0.306739
    45 0.039887 -1.479790 0.029853 -0.312801 0.000000 0.000000
    46 0.028784 -1.075732 -0.023109 -0.857892 -0.000000 -0.000000
    47 0.250027 -2.820664 -0.238394 0.058021 -0.058472 -0.078775
    48 -0.049760 -1.680543 0.100480 -0.624477 0.000000 -0.000000
    49 -0.034142 -1.148310 0.084779 -1.037172 0.000000 0.000000
    50 0.957767 -2.746777 -0.090299 -0.125817 -0.139206 0.276765
    51 -0.033420 -1.397126 -0.011255 -0.476853 0.000000 0.000001
    52 -0.022361 -0.957433 0.018785 -0.858670 0.000000 0.000000
    53 0.583509 -1.197273 0.185380 0.498834 -0.339857 -0.429184
    54 1.535925 0.010248 0.005008 -0.002964 -0.491310 0.000890
    55 1.100770 0.004527 -0.010675 -0.002796 -0.975914 0.003459
  time 125
    0 6.500903 -1.682523 -7.908398 0.976497 -2.025101 -1.114512
    1 -0.071920 -8.498732 -0.104134 -0.166132 0.304270 0.092427
    2 -0.480402 -2.843485 2.688040 0.673012 -2.243426 1.543597
    3 -0.174809 0.061181 2.699969 -0.754899 1.048251 1.364105
    4 -0.011142 0.781255 -0.800262 1.673359 0.230503 -0.129356
    5 0.000000 0.718097 -0.000002 0.048080 0.059875 0.127288
    6 -0.000001 0.897711 1.580295 -0.150667 -0.044153 -0.157780
    7 -0.000000 -0.000000 0.811541 0.569018 -0.134605 0.274998
    8 2.148230 -1.425566 2.032993 -0.480129 0.228044 0.739198
    9 -2.130264 -1.398221 2.021276 2.519120 -0.481068 -0.802352
    10 0.078373 -2.137526 0.888440 -0.176167 0.008544 0.018050
    11 0.072788 -0.784552 3.130771 -1.003969 0.008544 0.018050
    12 1.689178 -0.139594 1.582051 0.513126 0.811034 3.113585
    13 -1.241366 -1.806391 1.056407 1.323977 -0.060284 2.555753
    14 1.267191 -1.841547 1.029062 0.773808 3.091762 0.625557
    15 1.218724 -1.798575 1.272704 -1.460416 0.067870 -2.563039
    16 0.004859 -0.122106 -0.000735 0.152908 0.041702 0.036316
    17 -1.061022 -1.480885 1.175125 -0.062952 0.047540 -0.953779
    18 1.061021 -1.480883 1.175125 -0.410134 0.310872 -0.992294
    19 -0.107232 -2.084406 1.483597 0.231764 -0.000024 3.141592
    20 -1.220244 -1.798577 1.272703 -1.488721 -3.065736 -0.576061
    21 -0.004860 0.122106 0.000735 -0.014489 0.041702 0.036316
    22 -8.040582 -3.445366 -6.534417 0.492058 2.512698 0.756155
    23 0.096951 -8.450422 -0.009364 0.193455 -0.433880 -0.237075
    24 -0.139400 -0.111699 0.014398 0.602950 -0.047021 1.569868
    25 1.164474 -2.543937 -0.170327 -0.576809 -0.221744 0.265333
    26 0.024034 -1.129039 0.017807 -0.720956 0.000000 -0.000001
    27 0.014896 -0.883992 -0.019847 -0.593479 0.000000 -0.000000
    28 0.447949 -2.798981 -0.200442 -0.452151 0.047193 0.204345
    29 -0.032909 -1.480206 0.004935 -0.618022 0.000000 0.000000
    30 -0.027023 -1.076921 -0.020212 -0.637114 0.000000 -0.000000
    31 -0.249535 -2.846962 -0.174215 -0.247255 0.073408 0.096039
    32 0.043235 -1.683941 0.096015 -0.648961 0.000001 0.000000
    33 0.031729 -1.160831 0.058834 -0.507056 -0.000000 -0.000000
    34 -0.963867 -2.785142 -0.085346 -0.146778 0.135327 -0.091592
    35 0.028477 -1.403065 0.006271 -0.475001 0.000001 0.000000
    36 0.021414 -0.957780 0.020046 -0.356245 0.000000 0.000000
    37 -0.591283 -1.257737 0.232709 -1.325282 -0.160958 -2.471157
    38 1.522835 0.058679 0.016852 0.001411 -0.161590 -0.046880
    39 1.117948 0.048424 -0.005766 -0.000243 -0.399469 0.065422
    40 0.120152 -0.050266 -0.054488 0.366862 3.144320 1.551255
    41 -1.180679 -2.507216 -0.193860 0.174078 0.013294 -0.477916
    42 -0.024968 -1.123935 0.017595 -0.399958 0.000000 0.000000
    43 -0.020059 -0.890964 0.010094 -0.763707 -0.000000 -0.000000
    44 -0.488518 -2.755600 -0.228259 0.021291 -0.012955 -0.306739
    45 0.039887 -1.479790 0.029853 -0.312801 0.000000 0.000000
    46 0.028784 -1.075732 -0.023109 -0.857892 -0.000000 -0.000000
    47 0.250027 -2.820664 -0.238394 0.058002 -0.058472 -0.078775
    48 -0.049760 -1.680543 0.100480 -0.624477 0.000000 -0.000000
    49 -0.034142 -1.148310 0.084779 -1.037172 0.000000 0.000000
    50 0.957767 -2.746777 -0.090299 -0.123781 -0.139206 0.276765
    51 -0.033420 -1.397126 -0.011255 -0.477008 0.000000 0.000001
    52 -0.022361 -0.957433 0.018785 -0.858670 0.000000 0.000000
    53 0.583509 -1.197273 0.185380 0.498834 -0.339857 -0.429184
    54 1.535925 0.010248 0.005008 -0.002964 -0.491310 0.000890
    55 1.100770 0.004527 -0.010675 -0.002796 -0.975914 0.003459
  time 126
    0 6.485278 -1.686430 -7.924024 0.983465 -2.025769 -1.122135
    1 -0.071920 -8.498732 -0.104134 -0.164139 0.306786 0.091848
    2 -0.480402 -2.843485 2.688040 0.673012 -2.243426 1.543597
    3 -0.163090 0.080713 2.684343 -0.757343 1.060607 1.362963
    4 -0.011142 0.781255 -0.800262 1.619022 0.207588 -0.138476
    5 0.000000 0.718097 -0.000002 0.058255 0.068228 0.120661
    6 -0.000001 0.897711 1.580295 -0.150667 -0.044153 -0.157780
    7 -0.000000 -0.000000 0.811541 0.569018 -0.134605 0.274998
    8 2.097447 -1.347438 1.982210 -0.482214 0.223274 0.729826
    9 -2.071669 -1.347438 1.982212 2.513451 -0.480505 -0.777436
    10 0.078373 -2.020335 0.853283 -0.176167 0.008544 0.018050
    11 0.072788 -0.682987 3.048737 -1.000949 0.008544 0.018050
    12 1.677459 -0.139594 1.570331 0.513126 0.811034 3.113585
    13 -1.241366 -1.806391 1.056407 1.285972 -0.060654 2.555657
    14 1.271097 -1.853266 1.021250 0.651969 3.101446 0.634054
    15 1.218724 -1.798575 1.272704 -1.368741 0.065336 -2.560067
    16 0.004859 -0.122106 -0.000735 0.076533 0.041702 0.036316
    17 -1.061022 -1.480885 1.175125 -0.072009 0.047335 -0.958598
    18 1.061021 -1.480883 1.175125 -0.372239 0.297916 -0.919948
    19 -0.107232 -2.088312 1.452346 0.231764 0.004434 3.142635
    20 -1.220244 -1.798577 1.272703 -1.411053 -3.071356 -0.579896
    21 -0.004860 0.122106 0.000735 -0.084956 0.041702 0.036316
    22 -7.946829 -3.535212 -6.510979 0.489983 2.527045 0.767841
    23 0.096951 -8.450422 -0.009364 0.271131 -0.459251 -0.274488
    24 -0.139400 -0.111699 0.014398 0.602950 -0.047021 1.569868
    25 1.164474 -2.543937 -0.170327 -0.544874 -0.222128 0.265417
    26 0.024034 -1.129039 0.017807 -0.655988 0.000000 -0.000001
    27 0.014896 -0.883992 -0.019847 -0.522576 0.000000 -0.000000
    28 0.447949 -2.798981 -0.200442 -0.413132 0.047193 0.204345
    29 -0.032909 -1.480206 0.004935 -0.574383 0.000000 0.000000
    30 -0.027023 -1.076921 -0.020212 -0.574966 0.000000 -0.000000
    31 -0.249535 -2.846962 -0.174215 -0.225002 0.073408 0.096039
    32 0.043235 -1.683941 0.096015 -0.623498 0.000001 0.000000
    33 0.031729 -1.160831 0.058834 -0.472248 -0.000000 -0.000000
    34 -0.963867 -2.785142 -0.085346 -0.147425 0.135327 -0.091592
    35 0.028477 -1.403065 0.006271 -0.475193 0.000001 0.000000
    36 0.021414 -0.957780 0.020046 -0.366358 0.000000 0.000000
    37 -0.591283 -1.257737 0.232709 -1.330827 -0.171149 -2.430714
    38 1.522835 0.058679 0.016852 0.001411 -0.146965 -0.046880
    39 1.117948 0.048424 -0.005766 -0.000243 -0.375316 0.065422
    40 0.120152 -0.050266 -0.054488 0.366862 3.144320 1.551255
    41 -1.180679 -2.507216 -0.193860 0.174078 0.013294 -0.477916
    42 -0.024968 -1.123935 0.017595 -0.399958 0.000000 0.000000
    43 -0.020059 -0.890964 0.010094 -0.763707 -0.000000 -0.000000
    44 -0.488518 -2.755600 -0.228259 0.021291 -0.012955 -0.306739
    45 0.039887 -1.479790 0.029853 -0.312801 0.000000 0.000000
    46 0.028784 -1.075732 -0.023109 -0.857892 -0.000000 -0.000000
    47 0.250027 -2.820664 -0.238394 0.058021 -0.058472 -0.078775
    48 -0.049760 -1.680543 0.100480 -0.624477 0.000000 -0.000000
    49 -0.034142 -1.148310 0.084779 -1.037172 0.000000 0.000000
    50 0.957767 -2.746777 -0.090299 -0.121864 -0.139206 0.276765
    51 -0.033420 -1.397126 -0.011255 -0.477136 0.000000 0.000001
    52 -0.022361 -0.957433 0.018785 -0.858670 0.000000 0.000000
    53 0.583509 -1.197273 0.185380 0.498834 -0.339857 -0.429184
    54 1.535925 0.010248 0.005008 -0.002964 -0.491310 0.000890
    55 1.100770 0.004527 -0.010675 -0.002796 -0.975914 0.003459
  time 127
    0 6.473558 -1.690336 -7.939649 0.989979 -2.026772 -1.129207
    1 -0.071920 -8.498732 -0.104134 -0.162256 0.309092 0.091315
    2 -0.480402 -2.843485 2.688040 0.673012 -2.243426 1.543597
    3 -0.147465 0.100244 2.664812 -0.760130 1.074051 1.361658
    4 -0.011142 0.781255 -0.800262 1.597237 0.177303 -0.142036
    5 0.000000 0.718097 -0.000002 0.068577 0.074245 0.112356
    6 -0.000001 0.897711 1.580295 -0.150667 -0.044153 -0.157780
    7 -0.000000 -0.000000 0.811541 0.569018 -0.134605 0.274998
    8 2.097447 -1.324000 1.970491 -0.482154 0.223418 0.730102
    9 -2.056043 -1.339625 1.974400 2.513619 -0.480517 -0.778179
    10 0.078373 -2.000803 0.853283 -0.176167 0.008544 0.018050
    11 0.072788 -0.663455 3.009673 -1.011292 0.008544 0.018050
    12 1.673552 -0.139594 1.566425 0.513126 0.811034 3.113585
    13 -1.241366 -1.806391 1.056407 1.254738 -0.061023 2.555561
    14 1.275003 -1.857173 1.017343 0.551542 3.109416 0.641041
    15 1.218724 -1.798575 1.272704 -1.293218 0.063177 -2.557766
    16 0.004859 -0.122106 -0.000735 0.013640 0.041702 0.036316
    17 -1.061022 -1.480885 1.175125 -0.077186 0.046709 -0.958331
    18 1.061021 -1.480883 1.175125 -0.331682 0.286033 -0.845349
    19 -0.107232 -2.092218 1.425002 0.231764 0.008833 3.143677
    20 -1.220244 -1.798577 1.272703 -1.347091 -3.076055 -0.583156
    21 -0.004860 0.122106 0.000735 -0.142990 0.041702 0.036316
    22 -7.876514 -3.628965 -6.479728 0.483891 2.541864 0.780481
    23 0.096951 -8.450422 -0.009364 0.346989 -0.482312 -0.309784
    24 -0.139400 -0.111699 0.014398 0.602950 -0.047021 1.569868
    25 1.164474 -2.543937 -0.170327 -0.508455 -0.222140 0.265417
    26 0.024034 -1.129039 0.017807 -0.591071 0.000000 -0.000001
    27 0.014896 -0.883992 -0.019847 -0.451596 0.000000 -0.000000
    28 0.447949 -2.798981 -0.200442 -0.371796 0.047193 0.204345
    29 -0.032909 -1.480206 0.004935 -0.528714 0.000000 0.000000
    30 -0.027023 -1.076921 -0.020212 -0.512345 0.000000 -0.000000
    31 -0.249535 -2.846962 -0.174215 -0.200091 0.073408 0.096039
    32 0.043235 -1.683941 0.096015 -0.596501 0.000001 0.000000
    33 0.031729 -1.160831 0.058834 -0.436956 -0.000000 -0.000000
    34 -0.963867 -2.785142 -0.085346 -0.145976 0.135327 -0.091592
    35 0.028477 -1.403065 0.006271 -0.475036 0.000001 0.000000
    36 0.021414 -0.957780 0.020046 -0.375924 0.000000 0.000000
    37 -0.591283 -1.257737 0.232709 -1.336914 -0.180503 -2.392045
    38 1.522835 0.058679 0.016852 0.001411 -0.133882 -0.046880
    39 1.117948 0.048424 -0.005766 -0.000243 -0.350655 0.065422
    40 0.120152 -0.050266 -0.054488 0.366862 3.144320 1.551255
    41 -1.180679 -2.507216 -0.193860 0.174078 0.013294 -0.477916
    42 -0.024968 -1.123935 0.017595 -0.399958 0.000000 0.000000
    43 -0.020059 -0.890964 0.010094 -0.763707 -0.000000 -0.000000
    44 -0.488518 -2.755600 -0.228259 0.021291 -0.012955 -0.306739
    45 0.039887 -1.479790 0.029853 -0.312801 0.000000 0.000000
    46 0.028784 -1.075732 -0.023109 -0.857892 -0.000000 -0.000000
    47 0.250027 -2.820664 -0.238394 0.058002 -0.058472 -0.078775
    48 -0.049760 -1.680543 0.100480 -0.624477 0.000000 -0.000000
    49 -0.034142 -1.148310 0.084779 -1.037172 0.000000 0.000000
    50 0.957767 -2.746777 -0.090299 -0.120184 -0.139206 0.276765
    51 -0.033420 -1.397126 -0.011255 -0.477263 0.000000 0.000001
    52 -0.022361 -0.957433 0.018785 -0.858670 0.000000 0.000000
    53 0.583509 -1.197273 0.185380 0.498834 -0.339857 -0.429184
    54 1.535925 0.010248 0.005008 -0.002964 -0.491310 0.000890
    55 1.100770 0.004527 -0.010675 -0.002796 -0.975914 0.003459
  time 128
    0 6.457933 -1.694242 -7.959181 0.995811 -2.028067 -1.135636
    1 -0.071920 -8.498732 -0.104134 -0.160558 0.311084 0.090827
    2 -0.480402 -2.843485 2.688040 0.673012 -2.243426 1.543597
    3 -0.135745 0.119776 2.645280 -0.763100 1.087512 1.360272
    4 -0.011142 0.781255 -0.800262 1.634056 0.136579 -0.135636
    5 0.000000 0.718097 -0.000002 0.077828 0.076546 0.101761
    6 -0.000001 0.897711 1.580295 -0.150667 -0.044153 -0.157780
    7 -0.000000 -0.000000 0.811541 0.569018 -0.134605 0.274998
    8 2.140418 -1.335719 1.982210 -0.480536 0.227109 0.737364
    9 -2.071669 -1.359157 1.990025 2.518005 -0.480972 -0.797486
    10 0.078373 -2.059399 0.872814 -0.176167 0.008544 0.018050
    11 0.072788 -0.702518 3.001861 -1.032540 0.008544 0.018050
    12 1.673552 -0.139594 1.566425 0.513126 0.811034 3.113585
    13 -1.241366 -1.806391 1.056407 1.233408 -0.061300 2.555561
    14 1.278910 -1.861079 1.013437 0.483349 3.114820 0.645787
    15 1.218724 -1.798575 1.272704 -1.242011 0.061769 -2.556136
    16 0.004859 -0.122106 -0.000735 -0.029055 0.041702 0.036316
    17 -1.061022 -1.480885 1.175125 -0.076841 0.047259 -0.953615
    18 1.061021 -1.480883 1.175125 -0.289809 0.275467 -0.771411
    19 -0.111138 -2.096125 1.401564 0.231776 0.013027 3.144660
    20 -1.220244 -1.798577 1.272703 -1.303642 -3.079187 -0.585265
    21 -0.004860 0.122106 0.000735 -0.182374 0.041702 0.036316
    22 -7.829638 -3.726624 -6.448477 0.473203 2.556630 0.793896
    23 0.096951 -8.450422 -0.009364 0.418575 -0.500999 -0.340705
    24 -0.139400 -0.111699 0.014398 0.602950 -0.047021 1.569868
    25 1.164474 -2.543937 -0.170327 -0.467159 -0.221936 0.265369
    26 0.024034 -1.129039 0.017807 -0.528505 0.000000 -0.000001
    27 0.014896 -0.883992 -0.019847 -0.382455 0.000000 -0.000000
    28 0.447949 -2.798981 -0.200442 -0.328383 0.047193 0.204345
    29 -0.032909 -1.480206 0.004935 -0.481553 0.000000 0.000000
    30 -0.027023 -1.076921 -0.020212 -0.451532 0.000000 -0.000000
    31 -0.249535 -2.846962 -0.174215 -0.171351 0.073408 0.096039
    32 0.043235 -1.683941 0.096015 -0.568158 0.000001 0.000000
    33 0.031729 -1.160831 0.058834 -0.402860 -0.000000 -0.000000
    34 -0.963867 -2.785142 -0.085346 -0.139777 0.135327 -0.091592
    35 0.028477 -1.403065 0.006271 -0.473885 0.000001 0.000000
    36 0.021414 -0.957780 0.020046 -0.383976 0.000000 0.000000
    37 -0.591283 -1.257737 0.232709 -1.343399 -0.188210 -2.357965
    38 1.522835 0.058679 0.016852 0.001411 -0.123313 -0.046880
    39 1.117948 0.048424 -0.005766 -0.000243 -0.326803 0.065422
    40 0.120152 -0.050266 -0.054488 0.366862 3.144320 1.551255
    41 -1.180679 -2.507216 -0.193860 0.174078 0.013294 -0.477916
    42 -0.024968 -1.123935 0.017595 -0.399958 0.000000 0.000000
    43 -0.020059 -0.890964 0.010094 -0.763707 -0.000000 -0.000000
    44 -0.488518 -2.755600 -0.228259 0.021291 -0.012955 -0.306739
    45 0.039887 -1.479790 0.029853 -0.312801 0.000000 0.000000
    46 0.028784 -1.075732 -0.023109 -0.857892 -0.000000 -0.000000
    47 0.250027 -2.820664 -0.238394 0.058002 -0.058472 -0.078775
    48 -0.049760 -1.680543 0.100480 -0.624477 0.000000 -0.000000
    49 -0.034142 -1.148310 0.084779 -1.037172 0.000000 0.000000
    50 0.957767 -2.746777 -0.090299 -0.118899 -0.139206 0.276765
    51 -0.033420 -1.397126 -0.011255 -0.477362 0.000000 0.000001
    52 -0.022361 -0.957433 0.018785 -0.858670 0.000000 0.000000
    53 0.583509 -1.197273 0.185380 0.498834 -0.339857 -0.429184
    54 1.535925 0.010248 0.005008 -0.002964 -0.491310 0.000890
    55 1.100770 0.004527 -0.010675 -0.002796 -0.975914 0.003459
  time 129
    0 6.442307 -1.698149 -7.982619 1.001037 -2.029487 -1.141331
    1 -0.071920 -8.498732 -0.104134 -0.159045 0.312831 0.090416
    2 -0.480402 -2.843485 2.688040 0.673012 -2.243426 1.543597
    3 -0.124026 0.135402 2.625748 -0.765978 1.099851 1.358940
    4 -0.011142 0.781255 -0.800262 1.779423 0.073660 -0.115022
    5 0.000000 0.718097 -0.000002 0.087492 0.070877 0.087212
    6 -0.000001 0.897711 1.580295 -0.150667 -0.044153 -0.157780
    7 -0.000000 -0.000000 0.811541 0.569018 -0.134605 0.274998
    8 2.199013 -1.374783 2.017368 -0.477804 0.233173 0.749361
    9 -2.106826 -1.398221 2.017370 2.525376 -0.481392 -0.829341
    10 0.078373 -2.164871 0.911878 -0.176167 0.008544 0.018050
    11 0.072788 -0.772833 3.013580 -1.060848 0.008544 0.018050
    12 1.673552 -0.139594 1.566425 0.513126 0.811034 3.113585
    13 -1.241366 -1.806391 1.056407 1.225621 -0.061300 2.555561
    14 1.282816 -1.864986 1.009531 0.458194 3.116810 0.647537
    15 1.218724 -1.798575 1.272704 -1.223108 0.061300 -2.555561
    16 0.004859 -0.122106 -0.000735 -0.044785 0.041702 0.036316
    17 -1.061022 -1.480885 1.175125 -0.070464 0.049983 -0.945556
    18 1.061021 -1.480883 1.175125 -0.248064 0.266493 -0.701138
    19 -0.111138 -2.100031 1.382032 0.231788 0.016850 3.145559
    20 -1.220244 -1.798577 1.272703 -1.287698 -3.080293 -0.586032
    21 -0.004860 0.122106 0.000735 -0.196892 0.041702 0.036316
    22 -7.814013 -3.824284 -6.413320 0.457262 2.570899 0.808086
    23 0.096951 -8.450422 -0.009364 0.483527 -0.513219 -0.364973
    24 -0.139400 -0.111699 0.014398 0.602950 -0.047021 1.569868
    25 1.164474 -2.543937 -0.170327 -0.420436 -0.221685 0.265321
    26 0.024034 -1.129039 0.017807 -0.470542 0.000000 -0.000001
    27 0.014896 -0.883992 -0.019847 -0.317071 0.000000 -0.000000
    28 0.447949 -2.798981 -0.200442 -0.283136 0.047193 0.204345
    29 -0.032909 -1.480206 0.004935 -0.433472 0.000000 0.000000
    30 -0.027023 -1.076921 -0.020212 -0.394756 0.000000 -0.000000
    31 -0.249535 -2.846962 -0.174215 -0.137791 0.073408 0.096039
    32 0.043235 -1.683941 0.096015 -0.538595 0.000001 0.000000
    33 0.031729 -1.160831 0.058834 -0.371676 -0.000000 -0.000000
    34 -0.963867 -2.785142 -0.085346 -0.126237 0.135327 -0.091592
    35 0.028477 -1.403065 0.006271 -0.471129 0.000001 0.000000
    36 0.021414 -0.957780 0.020046 -0.389505 0.000000 0.000000
    37 -0.591283 -1.257737 0.232709 -1.350155 -0.193433 -2.331263
    38 1.522835 0.058679 0.016852 0.001411 -0.116248 -0.046880
    39 1.117948 0.048424 -0.005766 -0.000243 -0.305053 0.065422
    40 0.120152 -0.050266 -0.054488 0.366862 3.144320 1.551255
    41 -1.180679 -2.507216 -0.193860 0.174078 0.013294 -0.477916
    42 -0.024968 -1.123935 0.017595 -0.399958 0.000000 0.000000
    43 -0.020059 -0.890964 0.010094 -0.763707 -0.000000 -0.000000
    44 -0.488518 -2.755600 -0.228259 0.021291 -0.012955 -0.306739
    45 0.039887 -1.479790 0.029853 -0.312801 0.000000 0.000000
    46 0.028784 -1.075732 -0.023109 -0.857892 -0.000000 -0.000000
    47 0.250027 -2.820664 -0.238394 0.058002 -0.058472 -0.078775
    48 -0.049760 -1.680543 0.100480 -0.624477 0.000000 -0.000000
    49 -0.034142 -1.148310 0.084779 -1.037172 0.000000 0.000000
    50 0.957767 -2.746777 -0.090299 -0.118148 -0.139206 0.276765
    51 -0.033420 -1.397126 -0.011255 -0.477418 0.000000 0.000001
    52 -0.022361 -0.957433 0.018785 -0.858670 0.000000 0.000000
    53 0.583509 -1.197273 0.185380 0.498834 -0.339857 -0.429184
    54 1.535925 0.010248 0.005008 -0.002964 -0.491310 0.000890
    55 1.100770 0.004527 -0.010675 -0.002796 -0.975914 0.003459
  time 130
    0 6.430589 -1.705961 -8.006058 1.005430 -2.031033 -1.146107
    1 -0.071920 -8.498732 -0.104134 -0.157753 0.314264 0.090050
    2 -0.480402 -2.843485 2.688040 0.673012 -2.243426 1.543597
    3 -0.112307 0.151027 2.610122 -0.768445 1.110035 1.357798
    4 -0.011142 0.781255 -0.800262 1.994638 -0.006025 -0.085361
    5 0.000000 0.718097 -0.000002 0.098860 0.056699 0.068851
    6 -0.000001 0.897711 1.580295 -0.150667 -0.044153 -0.157780
    7 -0.000000 -0.000000 0.811541 0.569018 -0.134605 0.274998
    8 2.281047 -1.425566 2.060338 -0.474400 0.240448 0.763862
    9 -2.145890 -1.449004 2.052527 2.534472 -0.481320 -0.867716
    10 0.082279 -2.301594 0.962661 -0.176167 0.008544 0.018050
    11 0.072788 -0.874399 3.037018 -1.092379 0.008544 0.018050
    12 1.673552 -0.139594 1.566425 0.513126 0.811034 3.113585
    13 -1.241366 -1.806391 1.056407 1.225621 -0.061300 2.555561
    14 1.282816 -1.864986 1.009531 0.465123 3.116810 0.647537
    15 1.218724 -1.798575 1.272704 -1.223108 0.061300 -2.555561
    16 0.004859 -0.122106 -0.000735 -0.044785 0.041702 0.036316
    17 -1.061022 -1.480885 1.175125 -0.059435 0.054127 -0.934380
    18 1.061021 -1.480883 1.175125 -0.207924 0.259204 -0.637534
    19 -0.111138 -2.103938 1.370313 0.231812 0.020158 3.146350
    20 -1.220244 -1.798577 1.272703 -1.287698 -3.080293 -0.586032
    21 -0.004860 0.122106 0.000735 -0.196892 0.041702 0.036316
    22 -7.833544 -3.929755 -6.374256 0.435413 2.584121 0.822932
    23 0.096951 -8.450422 -0.009364 0.539393 -0.516895 -0.380329
    24 -0.139400 -0.111699 0.014398 0.602950 -0.047021 1.569868
    25 1.164474 -2.543937 -0.170327 -0.367892 -0.221577 0.265285
    26 0.024034 -1.129039 0.017807 -0.419484 0.000000 -0.000001
    27 0.014896 -0.883992 -0.019847 -0.257320 0.000000 -0.000000
    28 0.447949 -2.798981 -0.200442 -0.236295 0.047193 0.204345
    29 -0.032909 -1.480206 0.004935 -0.384978 0.000000 0.000000
    30 -0.027023 -1.076921 -0.020212 -0.344325 0.000000 -0.000000
    31 -0.249535 -2.846962 -0.174215 -0.098285 0.073408 0.096039
    32 0.043235 -1.683941 0.096015 -0.508002 0.000001 0.000000
    33 0.031729 -1.160831 0.058834 -0.344988 -0.000000 -0.000000
    34 -0.963867 -2.785142 -0.085346 -0.102735 0.135327 -0.091592
    35 0.028477 -1.403065 0.006271 -0.466105 0.000001 0.000000
    36 0.021414 -0.957780 0.020046 -0.391586 0.000000 0.000000
    37 -0.591283 -1.257737 0.232709 -1.357001 -0.195364 -2.314752
    38 1.522835 0.058679 0.016852 0.001411 -0.113673 -0.046880
    39 1.117948 0.048424 -0.005766 -0.000243 -0.286748 0.065422
    40 0.120152 -0.050266 -0.054488 0.366862 3.144320 1.551255
    41 -1.180679 -2.507216 -0.193860 0.174078 0.013294 -0.477916
    42 -0.024968 -1.123935 0.017595 -0.399958 0.000000 0.000000
    43 -0.020059 -0.890964 0.010094 -0.763707 -0.000000 -0.000000
    44 -0.488518 -2.755600 -0.228259 0.021291 -0.012955 -0.306739
    45 0.039887 -1.479790 0.029853 -0.312801 0.000000 0.000000
    46 0.028784 -1.075732 -0.023109 -0.857892 -0.000000 -0.000000
    47 0.250027 -2.820664 -0.238394 0.058002 -0.058472 -0.078775
    48 -0.049760 -1.680543 0.100480 -0.624477 0.000000 -0.000000
    49 -0.034142 -1.148310 0.084779 -1.037172 0.000000 0.000000
    50 0.957767 -2.746777 -0.090299 -0.118069 -0.139206 0.276765
    51 -0.033420 -1.397126 -0.011255 -0.477418 0.000000 0.000001
    52 -0.022361 -0.957433 0.018785 -0.858670 0.000000 0.000000
    53 0.583509 -1.197273 0.185380 0.498834 -0.339857 -0.429184
    54 1.535925 0.010248 0.005008 -0.002964 -0.491310 0.000890
    55 1.100770 0.004527 -0.010675 -0.002796 -0.975914 0.003459
  time 131
    0 6.418869 -1.709868 -8.033401 1.008914 -2.032578 -1.149872
    1 -0.071920 -8.498732 -0.104134 -0.156720 0.315417 0.089776
    2 -0.480402 -2.843485 2.688040 0.673012 -2.243426 1.543597
    3 -0.104494 0.158840 2.606216 -0.770181 1.116940 1.356982
    4 -0.011142 0.781255 -0.800262 2.176121 -0.079371 -0.055411
    5 0.000000 0.718097 -0.000002 0.110375 0.038267 0.048813
    6 -0.000001 0.897711 1.580295 -0.150667 -0.044153 -0.157780
    7 -0.000000 -0.000000 0.811541 0.569018 -0.134605 0.274998
    8 2.359174 -1.484161 2.107214 -0.470829 0.247759 0.778615
    9 -2.196672 -1.503693 2.091591 2.543892 -0.480625 -0.906582
    10 0.082279 -2.438316 1.013444 -0.176167 0.008544 0.018050
    11 0.076694 -0.979871 3.064363 -1.123300 0.008544 0.018050
    12 1.673552 -0.139594 1.566425 0.513126 0.811034 3.113585
    13 -1.241366 -1.806391 1.056407 1.225621 -0.061300 2.555561
    14 1.282816 -1.864986 1.009531 0.484145 3.116810 0.647537
    15 1.218724 -1.798575 1.272704 -1.223108 0.061300 -2.555561
    16 0.004859 -0.122106 -0.000735 -0.044785 0.041702 0.036316
    17 -1.061022 -1.480885 1.175125 -0.045184 0.058898 -0.920272
    18 1.061021 -1.480883 1.175125 -0.170960 0.253721 -0.583605
    19 -0.111138 -2.111750 1.366406 0.231824 0.022795 3.146973
    20 -1.220244 -1.798577 1.272703 -1.287698 -3.080293 -0.586032
    21 -0.004860 0.122106 0.000735 -0.196892 0.041702 0.036316
    22 -7.888233 -4.039134 -6.323473 0.404925 2.597290 0.839268
    23 0.096951 -8.450422 -0.009364 0.589646 -0.511188 -0.386661
    24 -0.139400 -0.111699 0.014398 0.602950 -0.047021 1.569868
    25 1.164474 -2.543937 -0.170327 -0.300481 -0.221397 0.265249
    26 0.024034 -1.129039 0.017807 -0.371352 0.000000 -0.000001
    27 0.014896 -0.883992 -0.019847 -0.197493 0.000000 -0.000000
    28 0.447949 -2.798981 -0.200442 -0.183369 0.047193 0.204345
    29 -0.032909 -1.480206 0.004935 -0.327567 0.000000 0.000000
    30 -0.027023 -1.076921 -0.020212 -0.294979 0.000000 -0.000000
    31 -0.249535 -2.846962 -0.174215 -0.047607 0.073408 0.096039
    32 0.043235 -1.683941 0.096015 -0.470513 0.000001 0.000000
    33 0.031729 -1.160831 0.058834 -0.321729 -0.000000 -0.000000
    34 -0.963867 -2.785142 -0.085346 -0.062270 0.135327 -0.091592
    35 0.028477 -1.403065 0.006271 -0.440411 0.000001 0.000000
    36 0.021414 -0.957780 0.020046 -0.379435 0.000000 0.000000
    37 -0.591283 -1.257737 0.232709 -1.365274 -0.189722 -2.306356
    38 1.522835 0.058679 0.016852 0.001411 -0.118388 -0.046880
    39 1.117948 0.048424 -0.005766 -0.000243 -0.269598 0.065422
    40 0.120152 -0.050266 -0.054488 0.366862 3.144320 1.551255
    41 -1.180679 -2.507216 -0.193860 0.174078 0.013294 -0.477916
    42 -0.024968 -1.123935 0.017595 -0.399958 0.000000 0.000000
    43 -0.020059 -0.890964 0.010094 -0.763707 -0.000000 -0.000000
    44 -0.488518 -2.755600 -0.228259 0.021291 -0.012955 -0.306739
    45 0.039887 -1.479790 0.029853 -0.312801 0.000000 0.000000
    46 0.028784 -1.075732 -0.023109 -0.857892 -0.000000 -0.000000
    47 0.250027 -2.820664 -0.238394 0.058002 -0.058472 -0.078775
    48 -0.049760 -1.680543 0.100480 -0.624477 0.000000 -0.000000
    49 -0.034142 -1.148310 0.084779 -1.037172 0.000000 0.000000
    50 0.957767 -2.746777 -0.090299 -0.118761 -0.139206 0.276765
    51 -0.033420 -1.397126 -0.011255 -0.477376 0.000000 0.000001
    52 -0.022361 -0.957433 0.018785 -0.858670 0.000000 0.000000
    53 0.583509 -1.197273 0.185380 0.498834 -0.339857 -0.429184
    54 1.535925 0.010248 0.005008 -0.002964 -0.491310 0.000890
    55 1.100770 0.004527 -0.010675 -0.002796 -0.975914 0.003459
  time 132
    0 6.407150 -1.717681 -8.060746 1.011413 -2.034124 -1.152628
    1 -0.071920 -8.498732 -0.104134 -0.155944 0.316221 0.089563
    2 -0.480402 -2.843485 2.688040 0.673012 -2.243426 1.543597
    3 -0.104494 0.162746 2.602310 -0.770844 1.119482 1.356683
    4 -0.011142 0.781255 -0.800262 2.226242 -0.122827 -0.033563
    5 0.000000 0.718097 -0.000002 0.120526 0.019846 0.029242
    6 -0.000001 0.897711 1.580295 -0.150667 -0.044153 -0.157780
    7 -0.000000 -0.000000 0.811541 0.569018 -0.134605 0.274998
    8 2.429489 -1.534944 2.150184 -0.467677 0.254003 0.791307
    9 -2.235736 -1.550569 2.122842 2.552113 -0.479522 -0.939887
    10 0.086186 -2.559414 1.056414 -0.176167 0.008544 0.018050
    11 0.076694 -1.065811 3.091707 -1.149750 0.008544 0.018050
    12 1.673552 -0.139594 1.566425 0.513126 0.811034 3.113585
    13 -1.241366 -1.806391 1.056407 1.225621 -0.061300 2.555561
    14 1.282816 -1.864986 1.009531 0.512744 3.116810 0.647537
    15 1.218724 -1.798575 1.272704 -1.223108 0.061300 -2.555561
    16 0.004859 -0.122106 -0.000735 -0.044785 0.041702 0.036316
    17 -1.061022 -1.480885 1.175125 -0.029060 0.063502 -0.903457
    18 1.061021 -1.480883 1.175125 -0.138713 0.250077 -0.542415
    19 -0.111138 -2.115657 1.366406 0.231836 0.025048 3.147501
    20 -1.220244 -1.798577 1.272703 -1.287698 -3.080293 -0.586032
    21 -0.004860 0.122106 0.000735 -0.196892 0.041702 0.036316
    22 -7.981986 -4.164138 -6.264877 0.365271 2.611428 0.857691
    23 0.096951 -8.450422 -0.009364 0.638464 -0.498099 -0.386516
    24 -0.139400 -0.111699 0.014398 0.602950 -0.047021 1.569868
    25 1.164474 -2.543937 -0.170327 -0.214153 -0.220858 0.265118
    26 0.024034 -1.129039 0.017807 -0.322145 0.000000 -0.000001
    27 0.014896 -0.883992 -0.019847 -0.133105 0.000000 -0.000000
    28 0.447949 -2.798981 -0.200442 -0.121847 0.047193 0.204345
    29 -0.032909 -1.480206 0.004935 -0.256667 0.000000 0.000000
    30 -0.027023 -1.076921 -0.020212 -0.242015 0.000000 -0.000000
    31 -0.249535 -2.846962 -0.174215 0.015864 0.073408 0.096039
    32 0.043235 -1.683941 0.096015 -0.423183 0.000001 0.000000
    33 0.031729 -1.160831 0.058834 -0.299570 -0.000000 -0.000000
    34 -0.963867 -2.785142 -0.085346 -0.003700 0.135327 -0.091592
    35 0.028477 -1.403065 0.006271 -0.383197 0.000001 0.000000
    36 0.021414 -0.957780 0.020046 -0.347037 0.000000 0.000000
    37 -0.591283 -1.257737 0.232709 -1.375714 -0.174831 -2.301423
    38 1.522835 0.058679 0.016852 0.001411 -0.130783 -0.046880
    39 1.117948 0.048424 -0.005766 -0.000243 -0.251247 0.065422
    40 0.120152 -0.050266 -0.054488 0.366862 3.144320 1.551255
    41 -1.180679 -2.507216 -0.193860 0.174078 0.013294 -0.477916
    42 -0.024968 -1.123935 0.017595 -0.399958 0.000000 0.000000
    43 -0.020059 -0.890964 0.010094 -0.763707 -0.000000 -0.000000
    44 -0.488518 -2.755600 -0.228259 0.021291 -0.012955 -0.306739
    45 0.039887 -1.479790 0.029853 -0.312801 0.000000 0.000000
    46 0.028784 -1.075732 -0.023109 -0.857892 -0.000000 -0.000000
    47 0.250027 -2.820664 -0.238394 0.058002 -0.058472 -0.078775
    48 -0.049760 -1.680543 0.100480 -0.624477 0.000000 -0.000000
    49 -0.034142 -1.148310 0.084779 -1.037172 0.000000 0.000000
    50 0.957767 -2.746777 -0.090299 -0.120421 -0.139206 0.276765
    51 -0.033420 -1.397126 -0.011255 -0.477249 0.000000 0.000001
    52 -0.022361 -0.957433 0.018785 -0.858670 0.000000 0.000000
    53 0.583509 -1.197273 0.185380 0.498834 -0.339857 -0.429184
    54 1.535925 0.010248 0.005008 -0.002964 -0.491310 0.000890
    55 1.100770 0.004527 -0.010675 -0.002796 -0.975914 0.003459
  time 133
    0 6.399338 -1.721587 -8.091997 1.012852 -2.035502 -1.154189
    1 -0.071920 -8.498732 -0.104134 -0.155465 0.316745 0.089426
    2 -0.480402 -2.843485 2.688040 0.673012 -2.243426 1.543597
    3 -0.104494 0.158840 2.606216 -0.770044 1.116362 1.357037
    4 -0.011142 0.781255 -0.800262 2.075880 -0.123582 -0.022334
    5 0.000000 0.718097 -0.000002 0.127732 0.005669 0.012260
    6 -0.000001 0.897711 1.580295 -0.150667 -0.044153 -0.157780
    7 -0.000000 -0.000000 0.811541 0.569018 -0.134605 0.274998
    8 2.472459 -1.566195 2.173623 -0.465567 0.258053 0.799636
    9 -2.263081 -1.577914 2.146280 2.557542 -0.478528 -0.961651
    10 0.086186 -2.637541 1.083758 -0.176167 0.008544 0.018050
    11 0.076694 -1.124406 3.103426 -1.167894 0.008544 0.018050
    12 1.673552 -0.139594 1.566425 0.513126 0.811034 3.113585
    13 -1.241366 -1.806391 1.056407 1.225621 -0.061300 2.555561
    14 1.282816 -1.864986 1.009531 0.548335 3.116810 0.647537
    15 1.218724 -1.798575 1.272704 -1.223108 0.061300 -2.555561
    16 0.004859 -0.122106 -0.000735 -0.044785 0.041702 0.036316
    17 -1.061022 -1.480885 1.175125 -0.012475 0.067147 -0.884161
    18 1.061021 -1.480883 1.175125 -0.112884 0.248392 -0.517028
    19 -0.111138 -2.123469 1.370313 0.231848 0.027289 3.148028
    20 -1.220244 -1.798577 1.272703 -1.287698 -3.080293 -0.586032
    21 -0.004860 0.122106 0.000735 -0.196892 0.041702 0.036316
    22 -8.103084 -4.293048 -6.198469 0.319314 2.626010 0.877426
    23 0.096951 -8.450422 -0.009364 0.684668 -0.479830 -0.381595
    24 -0.139400 -0.111699 0.014398 0.602950 -0.047021 1.569868
    25 1.164474 -2.543937 -0.170327 -0.115790 -0.219923 0.264902
    26 0.024034 -1.129039 0.017807 -0.273963 0.000000 -0.000001
    27 0.014896 -0.883992 -0.019847 -0.067989 0.000000 -0.000000
    28 0.447949 -2.798981 -0.200442 -0.054821 0.047193 0.204345
    29 -0.032909 -1.480206 0.004935 -0.178848 0.000000 0.000000
    30 -0.027023 -1.076921 -0.020212 -0.188606 0.000000 -0.000000
    31 -0.249535 -2.846962 -0.174215 0.087669 0.073408 0.096039
    32 0.043235 -1.683941 0.096015 -0.370618 0.000001 0.000000
    33 0.031729 -1.160831 0.058834 -0.278414 -0.000000 -0.000000
    34 -0.963867 -2.785142 -0.085346 0.066805 0.135327 -0.091592
    35 0.028477 -1.403065 0.006271 -0.305243 0.000001 0.000000
    36 0.021414 -0.957780 0.020046 -0.300385 0.000000 0.000000
    37 -0.591283 -1.257737 0.232709 -1.387455 -0.153789 -2.298891
    38 1.522835 0.058679 0.016852 0.001411 -0.148327 -0.046880
    39 1.117948 0.048424 -0.005766 -0.000243 -0.232734 0.065422
    40 0.120152 -0.050266 -0.054488 0.366862 3.144320 1.551255
    41 -1.180679 -2.507216 -0.193860 0.174078 0.013294 -0.477916
    42 -0.024968 -1.123935 0.017595 -0.399958 0.000000 0.000000
    43 -0.020059 -0.890964 0.010094 -0.763707 -0.000000 -0.000000
    44 -0.488518 -2.755600 -0.228259 0.021291 -0.012955 -0.306739
    45 0.039887 -1.479790 0.029853 -0.312801 0.000000 0.000000
    46 0.028784 -1.075732 -0.023109 -0.857892 -0.000000 -0.000000
    47 0.250027 -2.820664 -0.238394 0.058021 -0.058472 -0.078775
    48 -0.049760 -1.680543 0.100480 -0.624477 0.000000 -0.000000
    49 -0.034142 -1.148310 0.084779 -1.037172 0.000000 0.000000
    50 0.957767 -2.746777 -0.090299 -0.123149 -0.139206 0.276765
    51 -0.033420 -1.397126 -0.011255 -0.477051 0.000000 0.000001
    52 -0.022361 -0.957433 0.018785 -0.858670 0.000000 0.000000
    53 0.583509 -1.197273 0.185380 0.498834 -0.339857 -0.429184
    54 1.535925 0.010248 0.005008 -0.002964 -0.491310 0.000890
    55 1.100770 0.004527 -0.010675 -0.002796 -0.975914 0.003459
  time 134
    0 6.391525 -1.729400 -8.123248 1.013079 -2.036630 -1.154373
    1 -0.071920 -8.498732 -0.104134 -0.155280 0.316920 0.089380
    2 -0.480402 -2.843485 2.688040 0.673012 -2.243426 1.543597
    3 -0.116214 0.147121 2.614029 -0.767943 1.108019 1.358015
    4 -0.011142 0.781255 -0.800262 1.832254 -0.102094 -0.016377
    5 0.000000 0.718097 -0.000002 0.130482 0.000000 0.000000
    6 -0.000001 0.897711 1.580295 -0.150667 -0.044153 -0.157780
    7 -0.000000 -0.000000 0.811541 0.569018 -0.134605 0.274998
    8 2.491991 -1.577914 2.185342 -0.464693 0.259719 0.803064
    9 -2.270893 -1.589633 2.154093 2.560143 -0.477988 -0.972018
    10 0.090092 -2.668792 1.095477 -0.176167 0.008544 0.018050
    11 0.076694 -1.147845 3.107332 -1.177326 0.008544 0.018050
    12 1.673552 -0.139594 1.566425 0.513126 0.811034 3.113585
    13 -1.241366 -1.806391 1.056407 1.225621 -0.061300 2.555561
    14 1.282816 -1.864986 1.009531 0.588360 3.116810 0.647537
    15 1.218724 -1.798575 1.272704 -1.223108 0.061300 -2.555561
    16 0.004859 -0.122106 -0.000735 -0.044785 0.041702 0.036316
    17 -1.061022 -1.480885 1.175125 0.003172 0.069066 -0.862630
    18 1.061021 -1.480883 1.175125 -0.094979 0.248790 -0.510418
    19 -0.111138 -2.127376 1.374219 0.231860 0.029518 3.148555
    20 -1.220244 -1.798577 1.272703 -1.287698 -3.080293 -0.586032
    21 -0.004860 0.122106 0.000735 -0.196892 0.041702 0.036316
    22 -8.247620 -4.425864 -6.132061 0.269891 2.640567 0.897757
    23 0.096951 -8.450422 -0.009364 0.726981 -0.458631 -0.373613
    24 -0.139400 -0.111699 0.014398 0.602950 -0.047021 1.569868
    25 1.164474 -2.543937 -0.170327 -0.012236 -0.218557 0.264578
    26 0.024034 -1.129039 0.017807 -0.228959 0.000000 -0.000001
    27 0.014896 -0.883992 -0.019847 -0.006092 0.000000 -0.000000
    28 0.447949 -2.798981 -0.200442 0.014523 0.047193 0.204345
    29 -0.032909 -1.480206 0.004935 -0.100553 0.000000 0.000000
    30 -0.027023 -1.076921 -0.020212 -0.137869 0.000000 -0.000000
    31 -0.249535 -2.846962 -0.174215 0.163348 0.073408 0.096039
    32 0.043235 -1.683941 0.096015 -0.317359 0.000001 0.000000
    33 0.031729 -1.160831 0.058834 -0.258261 -0.000000 -0.000000
    34 -0.963867 -2.785142 -0.085346 0.143048 0.135327 -0.091592
    35 0.028477 -1.403065 0.006271 -0.217312 0.000001 0.000000
    36 0.021414 -0.957780 0.020046 -0.245533 0.000000 0.000000
    37 -0.591283 -1.257737 0.232709 -1.399612 -0.129680 -2.297701
    38 1.522835 0.058679 0.016852 0.001411 -0.168431 -0.046880
    39 1.117948 0.048424 -0.005766 -0.000243 -0.215191 0.065422
    40 0.120152 -0.050266 -0.054488 0.366862 3.144320 1.551255
    41 -1.180679 -2.507216 -0.193860 0.174078 0.013294 -0.477916
    42 -0.024968 -1.123935 0.017595 -0.399958 0.000000 0.000000
    43 -0.020059 -0.890964 0.010094 -0.763707 -0.000000 -0.000000
    44 -0.488518 -2.755600 -0.228259 0.021291 -0.012955 -0.306739
    45 0.039887 -1.479790 0.029853 -0.312801 0.000000 0.000000
    46 0.028784 -1.075732 -0.023109 -0.857892 -0.000000 -0.000000
    47 0.250027 -2.820664 -0.238394 0.058002 -0.058472 -0.078775
    48 -0.049760 -1.680543 0.100480 -0.624477 0.000000 -0.000000
    49 -0.034142 -1.148310 0.084779 -1.037172 0.000000 0.000000
    50 0.957767 -2.746777 -0.090299 -0.127081 -0.139206 0.276765
    51 -0.033420 -1.397126 -0.011255 -0.476754 0.000000 0.000001
    52 -0.022361 -0.957433 0.018785 -0.858670 0.000000 0.000000
    53 0.583509 -1.197273 0.185380 0.498834 -0.339857 -0.429184
    54 1.535925 0.010248 0.005008 -0.002964 -0.491310 0.000890
    55 1.100770 0.004527 -0.010675 -0.002796 -0.975914 0.003459
  time 135
    0 6.383712 -1.733306 -8.150593 1.011868 -2.037758 -1.152995
    1 -0.071920 -8.498732 -0.104134 -0.155760 0.316360 0.089502
    2 -0.480402 -2.843485 2.688040 0.673012 -2.243426 1.543597
    3 -0.127933 0.131495 2.633561 -0.765042 1.095925 1.359375
    4 -0.011142 0.781255 -0.800262 1.664600 -0.084824 -0.012746
    5 0.000000 0.718097 -0.000002 0.126344 0.000132 -0.008857
    6 -0.000001 0.897711 1.580295 -0.150667 -0.044153 -0.157780
    7 -0.000000 -0.000000 0.811541 0.569018 -0.134605 0.274998
    8 2.495897 -1.581820 2.185342 -0.464716 0.259683 0.802992
    9 -2.274800 -1.593539 2.154093 2.561066 -0.477784 -0.975673
    10 0.090092 -2.676605 1.099384 -0.176167 0.008544 0.018050
    11 0.076694 -1.151751 3.103426 -1.180646 0.008544 0.018050
    12 1.673552 -0.139594 1.566425 0.513126 0.811034 3.113585
    13 -1.241366 -1.806391 1.056407 1.225621 -0.061300 2.555561
    14 1.282816 -1.864986 1.009531 0.630235 3.116810 0.647537
    15 1.218724 -1.798575 1.272704 -1.223108 0.061300 -2.555561
    16 0.004859 -0.122106 -0.000735 -0.044785 0.041702 0.036316
    17 -1.061022 -1.480885 1.175125 0.016519 0.068452 -0.839028
    18 1.061021 -1.480883 1.175125 -0.086540 0.251394 -0.525590
    19 -0.111138 -2.135189 1.382032 0.231872 0.031723 3.149082
    20 -1.220244 -1.798577 1.272703 -1.287698 -3.080293 -0.586032
    21 -0.004860 0.122106 0.000735 -0.196892 0.041702 0.036316
    22 -8.407781 -4.558681 -6.065653 0.219864 2.654574 0.918028
    23 0.096951 -8.450422 -0.009364 0.764257 -0.436687 -0.364300
    24 -0.139400 -0.111699 0.014398 0.602950 -0.047021 1.569868
    25 1.164474 -2.543937 -0.170327 0.089588 -0.216735 0.264147
    26 0.024034 -1.129039 0.017807 -0.189283 0.000000 -0.000001
    27 0.014896 -0.883992 -0.019847 0.048791 0.000000 -0.000000
    28 0.447949 -2.798981 -0.200442 0.083047 0.047193 0.204345
    29 -0.032909 -1.480206 0.004935 -0.028321 0.000000 0.000000
    30 -0.027023 -1.076921 -0.020212 -0.092921 0.000000 -0.000000
    31 -0.249535 -2.846962 -0.174215 0.238442 0.073408 0.096039
    32 0.043235 -1.683941 0.096015 -0.267990 0.000001 0.000000
    33 0.031729 -1.160831 0.058834 -0.239046 -0.000000 -0.000000
    34 -0.963867 -2.785142 -0.085346 0.218858 0.135327 -0.091592
    35 0.028477 -1.403065 0.006271 -0.130165 0.000001 0.000000
    36 0.021414 -0.957780 0.020046 -0.188496 0.000000 0.000000
    37 -0.591283 -1.257737 0.232709 -1.411281 -0.105555 -2.296835
    38 1.522835 0.058679 0.016852 0.001411 -0.188535 -0.046880
    39 1.117948 0.048424 -0.005766 -0.000243 -0.199659 0.065422
    40 0.120152 -0.050266 -0.054488 0.366862 3.144320 1.551255
    41 -1.180679 -2.507216 -0.193860 0.174078 0.013294 -0.477916
    42 -0.024968 -1.123935 0.017595 -0.399958 0.000000 0.000000
    43 -0.020059 -0.890964 0.010094 -0.763707 -0.000000 -0.000000
    44 -0.488518 -2.755600 -0.228259 0.021291 -0.012955 -0.306739
    45 0.039887 -1.479790 0.029853 -0.312801 0.000000 0.000000
    46 0.028784 -1.075732 -0.023109 -0.857892 -0.000000 -0.000000
    47 0.250027 -2.820664 -0.238394 0.058002 -0.058472 -0.078775
    48 -0.049760 -1.680543 0.100480 -0.624477 0.000000 -0.000000
    49 -0.034142 -1.148310 0.084779 -1.037172 0.000000 0.000000
    50 0.957767 -2.746777 -0.090299 -0.132358 -0.139206 0.276765
    51 -0.033420 -1.397126 -0.011255 -0.476372 0.000000 0.000001
    52 -0.022361 -0.957433 0.018785 -0.858670 0.000000 0.000000
    53 0.583509 -1.197273 0.185380 0.498834 -0.339857 -0.429184
    54 1.535925 0.010248 0.005008 -0.002964 -0.491310 0.000890
    55 1.100770 0.004527 -0.010675 -0.002796 -0.975914 0.003459
  time 136
    0 6.375899 -1.741119 -8.181844 1.008914 -2.039011 -1.149688
    1 -0.071920 -8.498732 -0.104134 -0.157163 0.314718 0.089822
    2 -0.480402 -2.843485 2.688040 0.673012 -2.243426 1.543597
    3 -0.139652 0.108057 2.653092 -0.761775 1.081605 1.360897
    4 -0.011142 0.781255 -0.800262 1.655690 -0.080989 -0.010852
    5 0.000000 0.718097 -0.000002 0.115024 0.000527 -0.017054
    6 -0.000001 0.897711 1.580295 -0.150667 -0.044153 -0.157780
    7 -0.000000 -0.000000 0.811541 0.569018 -0.134605 0.274998
    8 2.488084 -1.577914 2.181435 -0.465495 0.258209 0.799948
    9 -2.266987 -1.585727 2.150186 2.560503 -0.477904 -0.973420
    10 0.090092 -2.664886 1.095477 -0.176167 0.008544 0.018050
    11 0.076694 -1.143938 3.099520 -1.178597 0.008544 0.018050
    12 1.673552 -0.139594 1.566425 0.513126 0.811034 3.113585
    13 -1.241366 -1.806391 1.056407 1.225621 -0.061300 2.555561
    14 1.282816 -1.864986 1.009531 0.671444 3.116810 0.647537
    15 1.218724 -1.798575 1.272704 -1.223108 0.061300 -2.555561
    16 0.004859 -0.122106 -0.000735 -0.044785 0.041702 0.036316
    17 -1.061022 -1.480885 1.175125 0.026184 0.064525 -0.813621
    18 1.061021 -1.480883 1.175125 -0.086380 0.257182 -0.562995
    19 -0.107232 -2.139095 1.389844 0.231896 0.033892 3.149586
    20 -1.220244 -1.798577 1.272703 -1.287698 -3.080293 -0.586032
    21 -0.004860 0.122106 0.000735 -0.196892 0.041702 0.036316
    22 -8.575754 -4.679778 -6.007057 0.172043 2.667586 0.937585
    23 0.096951 -8.450422 -0.009364 0.795219 -0.416216 -0.355355
    24 -0.139400 -0.111699 0.014398 0.602950 -0.047021 1.569868
    25 1.164474 -2.543937 -0.170327 0.182798 -0.214434 0.263596
    26 0.024034 -1.129039 0.017807 -0.157062 0.000000 -0.000001
    27 0.014896 -0.883992 -0.019847 0.092751 0.000000 -0.000000
    28 0.447949 -2.798981 -0.200442 0.147659 0.047193 0.204345
    29 -0.032909 -1.480206 0.004935 0.031345 0.000000 0.000000
    30 -0.027023 -1.076921 -0.020212 -0.056962 0.000000 -0.000000
    31 -0.249535 -2.846962 -0.174215 0.308400 0.073408 0.096039
    32 0.043235 -1.683941 0.096015 -0.227073 0.000001 0.000000
    33 0.031729 -1.160831 0.058834 -0.220671 -0.000000 -0.000000
    34 -0.963867 -2.785142 -0.085346 0.288068 0.135327 -0.091592
    35 0.028477 -1.403065 0.006271 -0.054584 0.000001 0.000000
    36 0.021414 -0.957780 0.020046 -0.135263 0.000000 0.000000
    37 -0.591283 -1.257737 0.232709 -1.421559 -0.084514 -2.295213
    38 1.522835 0.058679 0.016852 0.001411 -0.206064 -0.046880
    39 1.117948 0.048424 -0.005766 -0.000243 -0.187224 0.065422
    40 0.120152 -0.050266 -0.054488 0.366862 3.144320 1.551255
    41 -1.180679 -2.507216 -0.193860 0.174078 0.013294 -0.477916
    42 -0.024968 -1.123935 0.017595 -0.399958 0.000000 0.000000
    43 -0.020059 -0.890964 0.010094 -0.763707 -0.000000 -0.000000
    44 -0.488518 -2.755600 -0.228259 0.021291 -0.012955 -0.306739
    45 0.039887 -1.479790 0.029853 -0.312801 0.000000 0.000000
    46 0.028784 -1.075732 -0.023109 -0.857892 -0.000000 -0.000000
    47 0.250027 -2.820664 -0.238394 0.058002 -0.058472 -0.078775
    48 -0.049760 -1.680543 0.100480 -0.624477 0.000000 -0.000000
    49 -0.034142 -1.148310 0.084779 -1.037172 0.000000 0.000000
    50 0.957767 -2.746777 -0.090299 -0.140362 -0.139206 0.276765
    51 -0.033420 -1.397126 -0.011255 -0.475779 0.000000 0.000001
    52 -0.022361 -0.957433 0.018785 -0.858670 0.000000 0.000000
    53 0.583509 -1.197273 0.185380 0.498834 -0.339857 -0.429184
    54 1.535925 0.010248 0.005008 -0.002964 -0.491310 0.000890
    55 1.100770 0.004527 -0.010675 -0.002796 -0.975914 0.003459
  time 137
    0 6.371993 -1.748932 -8.213095 1.004445 -2.040432 -1.144821
    1 -0.071920 -8.498732 -0.104134 -0.159340 0.312167 0.090340
    2 -0.480402 -2.843485 2.688040 0.673012 -2.243426 1.543597
    3 -0.155277 0.088525 2.676531 -0.758554 1.066514 1.362392
    4 -0.011142 0.781255 -0.800262 1.722601 -0.081360 -0.011248
    5 0.000000 0.718097 -0.000002 0.098130 0.001115 -0.024544
    6 -0.000001 0.897711 1.580295 -0.150667 -0.044153 -0.157780
    7 -0.000000 -0.000000 0.811541 0.569018 -0.134605 0.274998
    8 2.464646 -1.566195 2.173623 -0.466874 0.255560 0.794495
    9 -2.255268 -1.574008 2.142374 2.558645 -0.478300 -0.966061
    10 0.086186 -2.629729 1.083758 -0.176167 0.008544 0.018050
    11 0.076694 -1.116594 3.091707 -1.171897 0.008544 0.018050
    12 1.673552 -0.139594 1.566425 0.513126 0.811034 3.113585
    13 -1.241366 -1.806391 1.056407 1.225621 -0.061300 2.555561
    14 1.282816 -1.864986 1.009531 0.709381 3.116810 0.647537
    15 1.218724 -1.798575 1.272704 -1.223108 0.061300 -2.555561
    16 0.004859 -0.122106 -0.000735 -0.044785 0.041702 0.036316
    17 -1.061022 -1.480885 1.175125 0.030736 0.056506 -0.786615
    18 1.061021 -1.480883 1.175125 -0.090872 0.265788 -0.615632
    19 -0.107232 -2.146908 1.397657 0.231908 0.035990 3.150089
    20 -1.220244 -1.798577 1.272703 -1.287698 -3.080293 -0.586032
    21 -0.004860 0.122106 0.000735 -0.196892 0.041702 0.036316
    22 -8.743729 -4.785250 -5.956275 0.129264 2.679080 0.955590
    23 0.096951 -8.450422 -0.009364 0.818719 -0.399452 -0.348511
    24 -0.139400 -0.111699 0.014398 0.602950 -0.047021 1.569868
    25 1.164474 -2.543937 -0.170327 0.260513 -0.211629 0.262936
    26 0.024034 -1.129039 0.017807 -0.134422 0.000000 -0.000001
    27 0.014896 -0.883992 -0.019847 0.121994 0.000000 -0.000000
    28 0.447949 -2.798981 -0.200442 0.205220 0.047193 0.204345
    29 -0.032909 -1.480206 0.004935 0.071904 0.000000 0.000000
    30 -0.027023 -1.076921 -0.020212 -0.033082 0.000000 -0.000000
    31 -0.249535 -2.846962 -0.174215 0.368763 0.073408 0.096039
    32 0.043235 -1.683941 0.096015 -0.199172 0.000001 0.000000
    33 0.031729 -1.160831 0.058834 -0.203138 -0.000000 -0.000000
    34 -0.963867 -2.785142 -0.085346 0.344541 0.135327 -0.091592
    35 0.028477 -1.403065 0.006271 -0.001347 0.000001 0.000000
    36 0.021414 -0.957780 0.020046 -0.091912 0.000000 0.000000
    37 -0.591283 -1.257737 0.232709 -1.429579 -0.069638 -2.291794
    38 1.522835 0.058679 0.016852 0.001411 -0.218473 -0.046880
    39 1.117948 0.048424 -0.005766 -0.000243 -0.178973 0.065422
    40 0.120152 -0.050266 -0.054488 0.366862 3.144320 1.551255
    41 -1.180679 -2.507216 -0.193860 0.174078 0.013294 -0.477916
    42 -0.024968 -1.123935 0.017595 -0.399958 0.000000 0.000000
    43 -0.020059 -0.890964 0.010094 -0.763707 -0.000000 -0.000000
    44 -0.488518 -2.755600 -0.228259 0.021291 -0.012955 -0.306739
    45 0.039887 -1.479790 0.029853 -0.312801 0.000000 0.000000
    46 0.028784 -1.075732 -0.023109 -0.857892 -0.000000 -0.000000
    47 0.250027 -2.820664 -0.238394 0.058021 -0.058472 -0.078775
    48 -0.049760 -1.680543 0.100480 -0.624477 0.000000 -0.000000
    49 -0.034142 -1.148310 0.084779 -1.037172 0.000000 0.000000
    50 0.957767 -2.746777 -0.090299 -0.150777 -0.139206 0.276765
    51 -0.033420 -1.397126 -0.011255 -0.475015 0.000000 0.000001
    52 -0.022361 -0.957433 0.018785 -0.858670 0.000000 0.000000
    53 0.583509 -1.197273 0.185380 0.498834 -0.339857 -0.429184
    54 1.535925 0.010248 0.005008 -0.002964 -0.491310 0.000890
    55 1.100770 0.004527 -0.010675 -0.002796 -0.975914 0.003459
  time 138
    0 6.371993 -1.752838 -8.244346 0.998765 -2.041978 -1.138575
    1 -0.071920 -8.498732 -0.104134 -0.162220 0.308813 0.091025
    2 -0.480402 -2.843485 2.688040 0.673012 -2.243426 1.543597
    3 -0.170903 0.068993 2.696063 -0.755653 1.052177 1.363751
    4 -0.011142 0.781255 -0.800262 1.786200 -0.084824 -0.012746
    5 0.000000 0.718097 -0.000002 0.077243 0.001846 -0.031280
    6 -0.000001 0.897711 1.580295 -0.150667 -0.044153 -0.157780
    7 -0.000000 -0.000000 0.811541 0.569018 -0.134605 0.274998
    8 2.433395 -1.550569 2.157997 -0.468719 0.251965 0.787160
    9 -2.235736 -1.554476 2.126748 2.555721 -0.478887 -0.954388
    10 0.086186 -2.582852 1.068133 -0.176167 0.008544 0.018050
    11 0.076694 -1.085343 3.079988 -1.161303 0.008544 0.018050
    12 1.673552 -0.139594 1.566425 0.513126 0.811034 3.113585
    13 -1.241366 -1.806391 1.056407 1.225621 -0.061300 2.555561
    14 1.282816 -1.864986 1.009531 0.741487 3.116810 0.647537
    15 1.218724 -1.798575 1.272704 -1.223108 0.061300 -2.555561
    16 0.004859 -0.122106 -0.000735 -0.044785 0.041702 0.036316
    17 -1.061022 -1.480885 1.175125 0.028813 0.043601 -0.758214
    18 1.061021 -1.480883 1.175125 -0.097899 0.275528 -0.675240
    19 -0.103326 -2.154720 1.405470 0.231932 0.038027 3.150568
    20 -1.220244 -1.798577 1.272703 -1.287698 -3.080293 -0.586032
    21 -0.004860 0.122106 0.000735 -0.196892 0.041702 0.036316
    22 -8.903890 -4.875097 -5.917211 0.094364 2.688584 0.971450
    23 0.096951 -8.450422 -0.009364 0.833483 -0.388596 -0.345449
    24 -0.139400 -0.111699 0.014398 0.602950 -0.047021 1.569868
    25 1.164474 -2.543937 -0.170327 0.315850 -0.208274 0.262133
    26 0.024034 -1.129039 0.017807 -0.123540 0.000000 -0.000001
    27 0.014896 -0.883992 -0.019847 0.132610 0.000000 -0.000000
    28 0.447949 -2.798981 -0.200442 0.252593 0.047193 0.204345
    29 -0.032909 -1.480206 0.004935 0.086884 0.000000 0.000000
    30 -0.027023 -1.076921 -0.020212 -0.024427 0.000000 -0.000000
    31 -0.249535 -2.846962 -0.174215 0.415116 0.073408 0.096039
    32 0.043235 -1.683941 0.096015 -0.188848 0.000001 0.000000
    33 0.031729 -1.160831 0.058834 -0.186382 -0.000000 -0.000000
    34 -0.963867 -2.785142 -0.085346 0.382045 0.135327 -0.091592
    35 0.028477 -1.403065 0.006271 0.018783 0.000001 0.000000
    36 0.021414 -0.957780 0.020046 -0.064412 0.000000 0.000000
    37 -0.591283 -1.257737 0.232709 -1.434438 -0.063981 -2.285540
    38 1.522835 0.058679 0.016852 0.001411 -0.223174 -0.046880
    39 1.117948 0.048424 -0.005766 -0.000243 -0.175968 0.065422
    40 0.120152 -0.050266 -0.054488 0.366862 3.144320 1.551255
    41 -1.180679 -2.507216 -0.193860 0.174078 0.013294 -0.477916
    42 -0.024968 -1.123935 0.017595 -0.399958 0.000000 0.000000
    43 -0.020059 -0.890964 0.010094 -0.763707 -0.000000 -0.000000
    44 -0.488518 -2.755600 -0.228259 0.021291 -0.012955 -0.306739
    45 0.039887 -1.479790 0.029853 -0.312801 0.000000 0.000000
    46 0.028784 -1.075732 -0.023109 -0.857892 -0.000000 -0.000000
    47 0.250027 -2.820664 -0.238394 0.058021 -0.058472 -0.078775
    48 -0.049760 -1.680543 0.100480 -0.624477 0.000000 -0.000000
    49 -0.034142 -1.148310 0.084779 -1.037172 0.000000 0.000000
    50 0.957767 -2.746777 -0.090299 -0.161192 -0.139206 0.276765
    51 -0.033420 -1.397126 -0.011255 -0.474252 0.000000 0.000001
    52 -0.022361 -0.957433 0.018785 -0.858670 0.000000 0.000000
    53 0.583509 -1.197273 0.185380 0.498834 -0.339857 -0.429184
    54 1.535925 0.010248 0.005008 -0.002964 -0.491310 0.000890
    55 1.100770 0.004527 -0.010675 -0.002796 -0.975914 0.003459
  time 139
    0 6.368087 -1.760651 -8.271690 0.991948 -2.043607 -1.131044
    1 -0.071920 -8.498732 -0.104134 -0.165652 0.304759 0.091848
    2 -0.480402 -2.843485 2.688040 0.673012 -2.243426 1.543597
    3 -0.182622 0.049462 2.711688 -0.753346 1.040100 1.364839
    4 -0.011142 0.781255 -0.800262 1.822918 -0.093453 -0.015490
    5 0.000000 0.718097 -0.000002 0.053947 0.002649 -0.037224
    6 -0.000001 0.897711 1.580295 -0.150667 -0.044153 -0.157780
    7 -0.000000 -0.000000 0.811541 0.569018 -0.134605 0.274998
    8 2.394331 -1.531038 2.138465 -0.470853 0.247711 0.778507
    9 -2.216204 -1.527131 2.111123 2.551934 -0.479546 -0.939216
    10 0.086186 -2.520350 1.044695 -0.176167 0.008544 0.018050
    11 0.076694 -1.042372 3.068269 -1.147521 0.008544 0.018050
    12 1.673552 -0.139594 1.566425 0.513126 0.811034 3.113585
    13 -1.241366 -1.806391 1.056407 1.225621 -0.061300 2.555561
    14 1.282816 -1.864986 1.009531 0.765222 3.116810 0.647537
    15 1.218724 -1.798575 1.272704 -1.223108 0.061300 -2.555561
    16 0.004859 -0.122106 -0.000735 -0.044785 0.041702 0.036316
    17 -1.061022 -1.480885 1.175125 0.019034 0.025030 -0.728645
    18 1.061021 -1.480883 1.175125 -0.105504 0.284563 -0.733645
    19 -0.103326 -2.158627 1.417189 0.231944 0.039981 3.151024
    20 -1.220244 -1.798577 1.272703 -1.287698 -3.080293 -0.586032
    21 -0.004860 0.122106 0.000735 -0.196892 0.041702 0.036316
    22 -9.075769 -4.953224 -5.897679 0.067000 2.695940 0.986117
    23 0.096951 -8.450422 -0.009364 0.836831 -0.383680 -0.346299
    24 -0.139400 -0.111699 0.014398 0.602950 -0.047021 1.569868
    25 1.164474 -2.543937 -0.170327 0.355848 -0.204499 0.261247
    26 0.024034 -1.129039 0.017807 -0.119412 0.000000 -0.000001
    27 0.014896 -0.883992 -0.019847 0.132572 0.000000 -0.000000
    28 0.447949 -2.798981 -0.200442 0.294460 0.047193 0.204345
    29 -0.032909 -1.480206 0.004935 0.086789 0.000000 0.000000
    30 -0.027023 -1.076921 -0.020212 -0.024455 0.000000 -0.000000
    31 -0.249535 -2.846962 -0.174215 0.453001 0.073408 0.096039
    32 0.043235 -1.683941 0.096015 -0.188911 0.000001 0.000000
    33 0.031729 -1.160831 0.058834 -0.169366 -0.000000 -0.000000
    34 -0.963867 -2.785142 -0.085346 0.407274 0.135327 -0.091592
    35 0.028477 -1.403065 0.006271 0.018748 0.000001 0.000000
    36 0.021414 -0.957780 0.020046 -0.047383 0.000000 0.000000
    37 -0.591283 -1.257737 0.232709 -1.437292 -0.064041 -2.276755
    38 1.522835 0.058679 0.016852 0.001411 -0.223174 -0.046880
    39 1.117948 0.048424 -0.005766 -0.000243 -0.175992 0.065422
    40 0.120152 -0.050266 -0.054488 0.366862 3.144320 1.551255
    41 -1.180679 -2.507216 -0.193860 0.174078 0.013294 -0.477916
    42 -0.024968 -1.123935 0.017595 -0.399958 0.000000 0.000000
    43 -0.020059 -0.890964 0.010094 -0.763707 -0.000000 -0.000000
    44 -0.488518 -2.755600 -0.228259 0.021291 -0.012955 -0.306739
    45 0.039887 -1.479790 0.029853 -0.312801 0.000000 0.000000
    46 0.028784 -1.075732 -0.023109 -0.857892 -0.000000 -0.000000
    47 0.250027 -2.820664 -0.238394 0.058021 -0.058472 -0.078775
    48 -0.049760 -1.680543 0.100480 -0.624477 0.000000 -0.000000
    49 -0.034142 -1.148310 0.084779 -1.037172 0.000000 0.000000
    50 0.957767 -2.746777 -0.090299 -0.169196 -0.139206 0.276765
    51 -0.033420 -1.397126 -0.011255 -0.473673 0.000000 0.000001
    52 -0.022361 -0.957433 0.018785 -0.858670 0.000000 0.000000
    53 0.583509 -1.197273 0.185380 0.498834 -0.339857 -0.429184
    54 1.535925 0.010248 0.005008 -0.002964 -0.491310 0.000890
    55 1.100770 0.004527 -0.010675 -0.002796 -0.975914 0.003459
  time 140
    0 6.371993 -1.768463 -8.302941 0.984298 -2.045361 -1.122594
    1 -0.071920 -8.498732 -0.104134 -0.169528 0.300112 0.092777
    2 -0.480402 -2.843485 2.688040 0.673012 -2.243426 1.543597
    3 -0.190435 0.037742 2.723407 -0.751815 1.031740 1.365573
    4 -0.011142 0.781255 -0.800262 1.860113 -0.108446 -0.020093
    5 0.000000 0.718097 -0.000002 0.029847 0.003488 -0.042366
    6 -0.000001 0.897711 1.580295 -0.150667 -0.044153 -0.157780
    7 -0.000000 -0.000000 0.811541 0.569018 -0.134605 0.274998
    8 2.351362 -1.507599 2.118933 -0.473142 0.243049 0.769087
    9 -2.192766 -1.499787 2.091591 2.547511 -0.480193 -0.921323
    10 0.082279 -2.453942 1.021256 -0.176167 0.008544 0.018050
    11 0.076694 -0.991590 3.056550 -1.131281 0.008544 0.018050
    12 1.673552 -0.139594 1.566425 0.513126 0.811034 3.113585
    13 -1.241366 -1.806391 1.056407 1.225621 -0.061300 2.555561
    14 1.282816 -1.864986 1.009531 0.778004 3.116810 0.647537
    15 1.218724 -1.798575 1.272704 -1.223108 0.061300 -2.555561
    16 0.004859 -0.122106 -0.000735 -0.044785 0.041702 0.036316
    17 -1.061022 -1.480885 1.175125 0.000000 0.000000 -0.698132
    18 1.061021 -1.480883 1.175125 -0.111889 0.290964 -0.782767
    19 -0.099419 -2.166440 1.425002 0.231968 0.041826 3.151467
    20 -1.220244 -1.798577 1.272703 -1.287698 -3.080293 -0.586032
    21 -0.004860 0.122106 0.000735 -0.196892 0.041702 0.036316
    22 -9.267181 -5.023539 -5.889866 0.044573 2.701465 1.000843
    23 0.096951 -8.450422 -0.009364 0.827743 -0.382967 -0.349761
    24 -0.139400 -0.111699 0.014398 0.602950 -0.047021 1.569868
    25 1.164474 -2.543937 -0.170327 0.392267 -0.200508 0.260300
    26 0.024034 -1.129039 0.017807 -0.115710 0.000000 -0.000001
    27 0.014896 -0.883992 -0.019847 0.132457 0.000000 -0.000000
    28 0.447949 -2.798981 -0.200442 0.337245 0.047193 0.204345
    29 -0.032909 -1.480206 0.004935 0.086376 0.000000 0.000000
    30 -0.027023 -1.076921 -0.020212 -0.024594 0.000000 -0.000000
    31 -0.249535 -2.846962 -0.174215 0.490930 0.073408 0.096039
    32 0.043235 -1.683941 0.096015 -0.189058 0.000001 0.000000
    33 0.031729 -1.160831 0.058834 -0.151283 -0.000000 -0.000000
    34 -0.963867 -2.785142 -0.085346 0.430961 0.135327 -0.091592
    35 0.028477 -1.403065 0.006271 0.018591 0.000001 0.000000
    36 0.021414 -0.957780 0.020046 -0.031405 0.000000 0.000000
    37 -0.591283 -1.257737 0.232709 -1.439875 -0.064220 -2.266649
    38 1.522835 0.058679 0.016852 0.001411 -0.223174 -0.046880
    39 1.117948 0.048424 -0.005766 -0.000243 -0.176015 0.065422
    40 0.120152 -0.050266 -0.054488 0.366862 3.144320 1.551255
    41 -1.180679 -2.507216 -0.193860 0.174078 0.013294 -0.477916
    42 -0.024968 -1.123935 0.017595 -0.399958 0.000000 0.000000
    43 -0.020059 -0.890964 0.010094 -0.763707 -0.000000 -0.000000
    44 -0.488518 -2.755600 -0.228259 0.021291 -0.012955 -0.306739
    45 0.039887 -1.479790 0.029853 -0.312801 0.000000 0.000000
    46 0.028784 -1.075732 -0.023109 -0.857892 -0.000000 -0.000000
    47 0.250027 -2.820664 -0.238394 0.058002 -0.058472 -0.078775
    48 -0.049760 -1.680543 0.100480 -0.624477 0.000000 -0.000000
    49 -0.034142 -1.148310 0.084779 -1.037172 0.000000 0.000000
    50 0.957767 -2.746777 -0.090299 -0.172398 -0.139206 0.276765
    51 -0.033420 -1.397126 -0.011255 -0.473432 0.000000 0.000001
    52 -0.022361 -0.957433 0.018785 -0.858670 0.000000 0.000000
    53 0.583509 -1.197273 0.185380 0.498834 -0.339857 -0.429184
    54 1.535925 0.010248 0.005008 -0.002964 -0.491310 0.000890
    55 1.100770 0.004527 -0.010675 -0.002796 -0.975914 0.003459
  time 141
    0 6.371993 -1.772370 -8.326380 0.975967 -2.047116 -1.113318
    1 -0.071920 -8.498732 -0.104134 -0.173810 0.295010 0.093813
    2 -0.480402 -2.843485 2.688040 0.673012 -2.243426 1.543597
    3 -0.194341 0.033836 2.731220 -0.751244 1.028620 1.365844
    4 -0.011142 0.781255 -0.800262 1.895049 -0.127345 -0.026001
    5 0.000000 0.718097 -0.000002 0.006550 0.004302 -0.046644
    6 -0.000001 0.897711 1.580295 -0.150667 -0.044153 -0.157780
    7 -0.000000 -0.000000 0.811541 0.569018 -0.134605 0.274998
    8 2.304485 -1.480255 2.095495 -0.475443 0.238231 0.759428
    9 -2.169328 -1.472442 2.068152 2.542658 -0.480745 -0.901524
    10 0.082279 -2.379721 0.993912 -0.176167 0.008544 0.018050
    11 0.072788 -0.940807 3.048737 -1.113329 0.008544 0.018050
    12 1.677459 -0.139594 1.570331 0.513126 0.811034 3.113585
    13 -1.241366 -1.806391 1.056407 1.225621 -0.061300 2.555561
    14 1.282816 -1.864986 1.009531 0.783878 3.116810 0.647537
    15 1.218724 -1.798575 1.272704 -1.228166 0.063834 -2.556520
    16 0.004859 -0.122106 -0.000735 -0.038233 0.041702 0.036316
    17 -1.061022 -1.480885 1.175125 -0.033284 -0.035339 -0.664871
    18 1.061021 -1.480883 1.175125 -0.117119 0.293996 -0.820983
    19 -0.099419 -2.174252 1.432814 0.231980 0.043576 3.151875
    20 -1.220244 -1.798577 1.272703 -1.288071 -3.080293 -0.586032
    21 -0.004860 0.122106 0.000735 -0.196494 0.041702 0.036316
    22 -9.478126 -5.086040 -5.893773 0.026689 2.705287 1.015451
    23 0.096951 -8.450422 -0.009364 0.807527 -0.385975 -0.355419
    24 -0.139400 -0.111699 0.014398 0.602950 -0.047021 1.569868
    25 1.164474 -2.543937 -0.170327 0.425185 -0.196289 0.259293
    26 0.024034 -1.129039 0.017807 -0.112383 0.000000 -0.000001
    27 0.014896 -0.883992 -0.019847 0.132265 0.000000 -0.000000
    28 0.447949 -2.798981 -0.200442 0.380464 0.047193 0.204345
    29 -0.032909 -1.480206 0.004935 0.085456 0.000000 0.000000
    30 -0.027023 -1.076921 -0.020212 -0.024872 0.000000 -0.000000
    31 -0.249535 -2.846962 -0.174215 0.528634 0.073408 0.096039
    32 0.043235 -1.683941 0.096015 -0.189311 0.000001 0.000000
    33 0.031729 -1.160831 0.058834 -0.132391 -0.000000 -0.000000
    34 -0.963867 -2.785142 -0.085346 0.453167 0.135327 -0.091592
    35 0.028477 -1.403065 0.006271 0.018329 0.000001 0.000000
    36 0.021414 -0.957780 0.020046 -0.016415 0.000000 0.000000
    37 -0.591283 -1.257737 0.232709 -1.442205 -0.064550 -2.255441
    38 1.522835 0.058679 0.016852 0.001411 -0.223174 -0.046880
    39 1.117948 0.048424 -0.005766 -0.000243 -0.176061 0.065422
    40 0.120152 -0.050266 -0.054488 0.366862 3.144320 1.551255
    41 -1.180679 -2.507216 -0.193860 0.174078 0.013294 -0.477916
    42 -0.024968 -1.123935 0.017595 -0.399958 0.000000 0.000000
    43 -0.020059 -0.890964 0.010094 -0.763707 -0.000000 -0.000000
    44 -0.488518 -2.755600 -0.228259 0.021291 -0.012955 -0.306739
    45 0.039887 -1.479790 0.029853 -0.312801 0.000000 0.000000
    46 0.028784 -1.075732 -0.023109 -0.857892 -0.000000 -0.000000
    47 0.250027 -2.820664 -0.238394 0.058021 -0.058472 -0.078775
    48 -0.049760 -1.680543 0.100480 -0.624477 0.000000 -0.000000
    49 -0.034142 -1.148310 0.084779 -1.037172 0.000000 0.000000
    50 0.957767 -2.746777 -0.090299 -0.172398 -0.139206 0.276765
    51 -0.033420 -1.397126 -0.011255 -0.473432 0.000000 0.000001
    52 -0.022361 -0.957433 0.018785 -0.858670 0.000000 0.000000
    53 0.583509 -1.197273 0.185380 0.498834 -0.339857 -0.429184
    54 1.535925 0.010248 0.005008 -0.002964 -0.491310 0.000890
    55 1.100770 0.004527 -0.010675 -0.002796 -0.975914 0.003459
  time 142
    0 6.375899 -1.776276 -8.353724 0.967105 -2.048954 -1.103583
    1 -0.071920 -8.498732 -0.104134 -0.178276 0.289559 0.094910
    2 -0.480402 -2.843485 2.688040 0.673012 -2.243426 1.543597
    3 -0.194341 0.037742 2.727314 -0.751518 1.030162 1.365709
    4 -0.011142 0.781255 -0.800262 1.924991 -0.147707 -0.032676
    5 0.000000 0.718097 -0.000002 -0.014337 0.005034 -0.050048
    6 -0.000001 0.897711 1.580295 -0.150667 -0.044153 -0.157780
    7 -0.000000 -0.000000 0.811541 0.569018 -0.134605 0.274998
    8 2.257609 -1.452910 2.072057 -0.477636 0.233533 0.750068
    9 -2.145890 -1.445097 2.048621 2.537576 -0.481164 -0.880611
    10 0.082279 -2.301594 0.966567 -0.176167 0.008544 0.018050
    11 0.072788 -0.886118 3.037018 -1.094393 0.008544 0.018050
    12 1.689178 -0.139594 1.582051 0.513126 0.811034 3.113585
    13 -1.241366 -1.806391 1.056407 1.225790 -0.061300 2.555561
    14 1.278910 -1.864986 1.009531 0.788677 3.116810 0.647537
    15 1.218724 -1.798575 1.272704 -1.242455 0.070967 -2.559396
    16 0.004859 -0.122106 -0.000735 -0.020148 0.041702 0.036316
    17 -1.061022 -1.480885 1.175125 -0.081443 -0.081855 -0.627633
    18 1.061021 -1.480883 1.175125 -0.122445 0.294364 -0.852409
    19 -0.095513 -2.182065 1.444534 0.232004 0.045182 3.152258
    20 -1.220244 -1.798577 1.272703 -1.289096 -3.080293 -0.586032
    21 -0.004860 0.122106 0.000735 -0.195376 0.041702 0.036316
    22 -9.704695 -5.140730 -5.905492 0.012929 2.707565 1.029581
    23 0.096951 -8.450422 -0.009364 0.777522 -0.392271 -0.362921
    24 -0.139400 -0.111699 0.014398 0.602950 -0.047021 1.569868
    25 1.164474 -2.543937 -0.170327 0.454761 -0.191891 0.258250
    26 0.024034 -1.129039 0.017807 -0.109431 0.000000 -0.000001
    27 0.014896 -0.883992 -0.019847 0.131997 0.000000 -0.000000
    28 0.447949 -2.798981 -0.200442 0.423587 0.047193 0.204345
    29 -0.032909 -1.480206 0.004935 0.083774 0.000000 0.000000
    30 -0.027023 -1.076921 -0.020212 -0.025262 0.000000 -0.000000
    31 -0.249535 -2.846962 -0.174215 0.565843 0.073408 0.096039
    32 0.043235 -1.683941 0.096015 -0.189710 0.000001 0.000000
    33 0.031729 -1.160831 0.058834 -0.112917 -0.000000 -0.000000
    34 -0.963867 -2.785142 -0.085346 0.473863 0.135327 -0.091592
    35 0.028477 -1.403065 0.006271 0.017928 0.000001 0.000000
    36 0.021414 -0.957780 0.020046 -0.002434 0.000000 0.000000
    37 -0.591283 -1.257737 0.232709 -1.444300 -0.065059 -2.243366
    38 1.522835 0.058679 0.016852 0.001411 -0.223174 -0.046880
    39 1.117948 0.048424 -0.005766 -0.000243 -0.176177 0.065422
    40 0.120152 -0.050266 -0.054488 0.366862 3.144320 1.551255
    41 -1.180679 -2.507216 -0.193860 0.174078 0.013294 -0.477916
    42 -0.024968 -1.123935 0.017595 -0.399958 0.000000 0.000000
    43 -0.020059 -0.890964 0.010094 -0.763707 -0.000000 -0.000000
    44 -0.488518 -2.755600 -0.228259 0.021317 -0.012955 -0.306739
    45 0.039887 -1.479790 0.029853 -0.312801 0.000000 0.000000
    46 0.028784 -1.075732 -0.023109 -0.857892 -0.000000 -0.000000
    47 0.250027 -2.820664 -0.238394 0.058021 -0.058472 -0.078775
    48 -0.049760 -1.680543 0.100480 -0.624477 0.000000 -0.000000
    49 -0.034142 -1.148310 0.084779 -1.037172 0.000000 0.000000
    50 0.957767 -2.746777 -0.090299 -0.172398 -0.139206 0.276765
    51 -0.033420 -1.397126 -0.011255 -0.473432 0.000000 0.000001
    52 -0.022361 -0.957433 0.018785 -0.858670 0.000000 0.000000
    53 0.583509 -1.197273 0.185380 0.498834 -0.339857 -0.429184
    54 1.535925 0.010248 0.005008 -0.002964 -0.491310 0.000890
    55 1.100770 0.004527 -0.010675 -0.002796 -0.975914 0.003459
  time 143
    0 6.383712 -1.784089 -8.377162 0.957941 -2.050792 -1.093480
    1 -0.071920 -8.498732 -0.104134 -0.182927 0.283898 0.096053
    2 -0.480402 -2.843485 2.688040 0.673012 -2.243426 1.543597
    3 -0.190435 0.041649 2.719501 -0.752295 1.034422 1.365355
    4 -0.011142 0.781255 -0.800262 1.947203 -0.167062 -0.039556
    5 0.000000 0.718097 -0.000002 -0.031255 0.005621 -0.052504
    6 -0.000001 0.897711 1.580295 -0.150667 -0.044153 -0.157780
    7 -0.000000 -0.000000 0.811541 0.569018 -0.134605 0.274998
    8 2.214639 -1.425566 2.048619 -0.479589 0.229230 0.741535
    9 -2.126358 -1.413846 2.029089 2.532483 -0.481392 -0.859423
    10 0.078373 -2.231279 0.939223 -0.176167 0.008544 0.018050
    11 0.072788 -0.835335 3.029205 -1.075206 0.008544 0.018050
    12 1.704803 -0.139594 1.597676 0.513126 0.811034 3.113585
    13 -1.241366 -1.806391 1.056407 1.226129 -0.061300 2.555561
    14 1.278910 -1.864986 1.013437 0.792486 3.116810 0.647537
    15 1.218724 -1.798575 1.272704 -1.264552 0.082041 -2.563614
    16 0.004859 -0.122106 -0.000735 0.007197 0.041702 0.036316
    17 -1.061022 -1.480885 1.175125 -0.139366 -0.135880 -0.587585
    18 1.061021 -1.480883 1.175125 -0.127964 0.292250 -0.877646
    19 -0.095513 -2.189878 1.456253 0.232016 0.046668 3.152606
    20 -1.220244 -1.798577 1.272703 -1.290868 -3.080293 -0.586032
    21 -0.004860 0.122106 0.000735 -0.193556 0.041702 0.036316
    22 -9.942984 -5.187606 -5.932836 0.002897 2.708455 1.042996
    23 0.096951 -8.450422 -0.009364 0.739066 -0.401390 -0.371866
    24 -0.139400 -0.111699 0.014398 0.602950 -0.047021 1.569868
    25 1.164474 -2.543937 -0.170327 0.481112 -0.187337 0.257172
    26 0.024034 -1.129039 0.017807 -0.106804 0.000000 -0.000001
    27 0.014896 -0.883992 -0.019847 0.131575 0.000000 -0.000000
    28 0.447949 -2.798981 -0.200442 0.466131 0.047193 0.204345
    29 -0.032909 -1.480206 0.004935 0.081140 0.000000 0.000000
    30 -0.027023 -1.076921 -0.020212 -0.025846 0.000000 -0.000000
    31 -0.249535 -2.846962 -0.174215 0.602286 0.073408 0.096039
    32 0.043235 -1.683941 0.096015 -0.190257 0.000001 0.000000
    33 0.031729 -1.160831 0.058834 -0.093120 -0.000000 -0.000000
    34 -0.963867 -2.785142 -0.085346 0.493108 0.135327 -0.091592
    35 0.028477 -1.403065 0.006271 0.017387 0.000001 0.000000
    36 0.021414 -0.957780 0.020046 0.010559 0.000000 0.000000
    37 -0.591283 -1.257737 0.232709 -1.446179 -0.065792 -2.230621
    38 1.522835 0.058679 0.016852 0.001411 -0.223174 -0.046880
    39 1.117948 0.048424 -0.005766 -0.000243 -0.176315 0.065422
    40 0.120152 -0.050266 -0.054488 0.366862 3.144320 1.551255
    41 -1.180679 -2.507216 -0.193860 0.174078 0.013294 -0.477916
    42 -0.024968 -1.123935 0.017595 -0.399958 0.000000 0.000000
    43 -0.020059 -0.890964 0.010094 -0.763707 -0.000000 -0.000000
    44 -0.488518 -2.755600 -0.228259 0.021291 -0.012955 -0.306739
    45 0.039887 -1.479790 0.029853 -0.312801 0.000000 0.000000
    46 0.028784 -1.075732 -0.023109 -0.857892 -0.000000 -0.000000
    47 0.250027 -2.820664 -0.238394 0.058021 -0.058472 -0.078775
    48 -0.049760 -1.680543 0.100480 -0.624477 0.000000 -0.000000
    49 -0.034142 -1.148310 0.084779 -1.037172 0.000000 0.000000
    50 0.957767 -2.746777 -0.090299 -0.172398 -0.139206 0.276765
    51 -0.033420 -1.397126 -0.011255 -0.473432 0.000000 0.000001
    52 -0.022361 -0.957433 0.018785 -0.858670 0.000000 0.000000
    53 0.583509 -1.197273 0.185380 0.498834 -0.339857 -0.429184
    54 1.535925 0.010248 0.005008 -0.002964 -0.491310 0.000890
    55 1.100770 0.004527 -0.010675 -0.002796 -0.975914 0.003459
  time 144
    0 6.391525 -1.787995 -8.396694 0.948700 -2.052630 -1.083193
    1 -0.071920 -8.498732 -0.104134 -0.187652 0.278132 0.097226
    2 -0.480402 -2.843485 2.688040 0.673012 -2.243426 1.543597
    3 -0.182622 0.053368 2.711688 -0.753483 1.040907 1.364784
    4 -0.011142 0.781255 -0.800262 1.958773 -0.182966 -0.046087
    5 0.000000 0.718097 -0.000002 -0.042575 0.006004 -0.054015
    6 -0.000001 0.897711 1.580295 -0.150667 -0.044153 -0.157780
    7 -0.000000 -0.000000 0.811541 0.569018 -0.134605 0.274998
    8 2.171669 -1.402127 2.025180 -0.481207 0.225587 0.734368
    9 -2.102920 -1.394315 2.013463 2.527581 -0.481428 -0.838749
    10 0.078373 -2.160964 0.911878 -0.176167 0.008544 0.018050
    11 0.072788 -0.784552 3.025299 -1.056474 0.008544 0.018050
    12 1.724335 -0.139594 1.621114 0.513126 0.811034 3.113585
    13 -1.241366 -1.806391 1.056407 1.226467 -0.061300 2.555561
    14 1.278910 -1.861079 1.013437 0.795477 3.116810 0.647537
    15 1.218724 -1.798575 1.272704 -1.293040 0.096494 -2.568887
    16 0.004859 -0.122106 -0.000735 0.041445 0.041702 0.036316
    17 -1.061022 -1.480885 1.175125 -0.201924 -0.193754 -0.545855
    18 1.061021 -1.480883 1.175125 -0.133708 0.287809 -0.897295
    19 -0.091606 -2.197690 1.464065 0.232028 0.047986 3.152917
    20 -1.220244 -1.798577 1.272703 -1.293292 -3.080293 -0.586032
    21 -0.004860 0.122106 0.000735 -0.191073 0.041702 0.036316
    22 -10.189085 -5.226670 -5.964087 -0.003852 2.708115 1.055576
    23 0.096951 -8.450422 -0.009364 0.693501 -0.412882 -0.381900
    24 -0.139400 -0.111699 0.014398 0.602950 -0.047021 1.569868
    25 1.164474 -2.543937 -0.170327 0.504355 -0.182627 0.256057
    26 0.024034 -1.129039 0.017807 -0.104528 0.000000 -0.000001
    27 0.014896 -0.883992 -0.019847 0.131077 0.000000 -0.000000
    28 0.447949 -2.798981 -0.200442 0.507612 0.047193 0.204345
    29 -0.032909 -1.480206 0.004935 0.077268 0.000000 0.000000
    30 -0.027023 -1.076921 -0.020212 -0.026598 0.000000 -0.000000
    31 -0.249535 -2.846962 -0.174215 0.637648 0.073408 0.096039
    32 0.043235 -1.683941 0.096015 -0.190972 0.000001 0.000000
    33 0.031729 -1.160831 0.058834 -0.073225 -0.000000 -0.000000
    34 -0.963867 -2.785142 -0.085346 0.510935 0.135327 -0.091592
    35 0.028477 -1.403065 0.006271 0.016689 0.000001 0.000000
    36 0.021414 -0.957780 0.020046 0.022605 0.000000 0.000000
    37 -0.591283 -1.257737 0.232709 -1.447823 -0.066750 -2.217443
    38 1.522835 0.058679 0.016852 0.001411 -0.223174 -0.046880
    39 1.117948 0.048424 -0.005766 -0.000243 -0.176523 0.065422
    40 0.120152 -0.050266 -0.054488 0.366862 3.144320 1.551255
    41 -1.180679 -2.507216 -0.193860 0.174078 0.013294 -0.477916
    42 -0.024968 -1.123935 0.017595 -0.399958 0.000000 0.000000
    43 -0.020059 -0.890964 0.010094 -0.763707 -0.000000 -0.000000
    44 -0.488518 -2.755600 -0.228259 0.021291 -0.012955 -0.306739
    45 0.039887 -1.479790 0.029853 -0.312801 0.000000 0.000000
    46 0.028784 -1.075732 -0.023109 -0.857892 -0.000000 -0.000000
    47 0.250027 -2.820664 -0.238394 0.058021 -0.058472 -0.078775
    48 -0.049760 -1.680543 0.100480 -0.624477 0.000000 -0.000000
    49 -0.034142 -1.148310 0.084779 -1.037172 0.000000 0.000000
    50 0.957767 -2.746777 -0.090299 -0.172398 -0.139206 0.276765
    51 -0.033420 -1.397126 -0.011255 -0.473432 0.000000 0.000001
    52 -0.022361 -0.957433 0.018785 -0.858670 0.000000 0.000000
    53 0.583509 -1.197273 0.185380 0.498834 -0.339857 -0.429184
    54 1.535925 0.010248 0.005008 -0.002964 -0.491310 0.000890
    55 1.100770 0.004527 -0.010675 -0.002796 -0.975914 0.003459
  time 145
    0 6.403244 -1.791902 -8.412319 0.939536 -2.054426 -1.073090
    1 -0.071920 -8.498732 -0.104134 -0.192266 0.272331 0.098384
    2 -0.480402 -2.843485 2.688040 0.673012 -2.243426 1.543597
    3 -0.174809 0.065087 2.699969 -0.755059 1.049145 1.364023
    4 -0.011142 0.781255 -0.800262 1.956790 -0.192985 -0.051672
    5 0.000000 0.718097 -0.000002 -0.046689 0.006148 -0.054530
    6 -0.000001 0.897711 1.580295 -0.150667 -0.044153 -0.157780
    7 -0.000000 -0.000000 0.811541 0.569018 -0.134605 0.274998
    8 2.140418 -1.382596 2.009555 -0.482370 0.222902 0.729107
    9 -2.087294 -1.370876 1.997838 2.523063 -0.481308 -0.819406
    10 0.078373 -2.106275 0.892346 -0.176167 0.008544 0.018050
    11 0.072788 -0.741582 3.025299 -1.038964 0.008544 0.018050
    12 1.747773 -0.139594 1.644552 0.513126 0.811034 3.113585
    13 -1.241366 -1.806391 1.056407 1.226975 -0.061300 2.555561
    14 1.278910 -1.861079 1.013437 0.797736 3.116810 0.647537
    15 1.218724 -1.798575 1.272704 -1.326586 0.113481 -2.574832
    16 0.004859 -0.122106 -0.000735 0.080323 0.041702 0.036316
    17 -1.061022 -1.480885 1.175125 -0.263972 -0.251782 -0.503572
    18 1.061021 -1.480883 1.175125 -0.139676 0.281224 -0.911956
    19 -0.087700 -2.201597 1.471878 0.232040 0.049149 3.153193
    20 -1.220244 -1.798577 1.272703 -1.296276 -3.080293 -0.586032
    21 -0.004860 0.122106 0.000735 -0.187965 0.041702 0.036316
    22 -10.435186 -5.254014 -5.999245 -0.007712 2.706701 1.066904
    23 0.096951 -8.450422 -0.009364 0.642099 -0.426281 -0.392607
    24 -0.139400 -0.111699 0.014398 0.602950 -0.047021 1.569868
    25 1.164474 -2.543937 -0.170327 0.524610 -0.177809 0.254919
    26 0.024034 -1.129039 0.017807 -0.102551 0.000000 -0.000001
    27 0.014896 -0.883992 -0.019847 0.130425 0.000000 -0.000000
    28 0.447949 -2.798981 -0.200442 0.547499 0.047193 0.204345
    29 -0.032909 -1.480206 0.004935 0.071999 0.000000 0.000000
    30 -0.027023 -1.076921 -0.020212 -0.027544 0.000000 -0.000000
    31 -0.249535 -2.846962 -0.174215 0.671749 0.073408 0.096039
    32 0.043235 -1.683941 0.096015 -0.191876 0.000001 0.000000
    33 0.031729 -1.160831 0.058834 -0.053525 -0.000000 -0.000000
    34 -0.963867 -2.785142 -0.085346 0.527374 0.135327 -0.091592
    35 0.028477 -1.403065 0.006271 0.015835 0.000001 0.000000
    36 0.021414 -0.957780 0.020046 0.033706 0.000000 0.000000
    37 -0.591283 -1.257737 0.232709 -1.449268 -0.067962 -2.204049
    38 1.522835 0.058679 0.016852 0.001411 -0.223174 -0.046880
    39 1.117948 0.048424 -0.005766 -0.000243 -0.176777 0.065422
    40 0.120152 -0.050266 -0.054488 0.366862 3.144320 1.551255
    41 -1.180679 -2.507216 -0.193860 0.174078 0.013294 -0.477916
    42 -0.024968 -1.123935 0.017595 -0.399958 0.000000 0.000000
    43 -0.020059 -0.890964 0.010094 -0.763707 -0.000000 -0.000000
    44 -0.488518 -2.755600 -0.228259 0.021291 -0.012955 -0.306739
    45 0.039887 -1.479790 0.029853 -0.312801 0.000000 0.000000
    46 0.028784 -1.075732 -0.023109 -0.857892 -0.000000 -0.000000
    47 0.250027 -2.820664 -0.238394 0.058021 -0.058472 -0.078775
    48 -0.049760 -1.680543 0.100480 -0.624477 0.000000 -0.000000
    49 -0.034142 -1.148310 0.084779 -1.037172 0.000000 0.000000
    50 0.957767 -2.746777 -0.090299 -0.172398 -0.139206 0.276765
    51 -0.033420 -1.397126 -0.011255 -0.473432 0.000000 0.000001
    52 -0.022361 -0.957433 0.018785 -0.858670 0.000000 0.000000
    53 0.583509 -1.197273 0.185380 0.498834 -0.339857 -0.429184
    54 1.535925 0.010248 0.005008 -0.002964 -0.491310 0.000890
    55 1.100770 0.004527 -0.010675 -0.002796 -0.975914 0.003459
  time 146
    0 6.414963 -1.791902 -8.427945 0.930750 -2.056181 -1.063263
    1 -0.071920 -8.498732 -0.104134 -0.196695 0.266705 0.099542
    2 -0.480402 -2.843485 2.688040 0.673012 -2.243426 1.543597
    3 -0.163090 0.076806 2.688250 -0.756932 1.058609 1.363153
    4 -0.011142 0.781255 -0.800262 1.934604 -0.197299 -0.057053
    5 0.000000 0.718097 -0.000002 -0.038339 0.006136 -0.054434
    6 -0.000001 0.897711 1.580295 -0.150667 -0.044153 -0.157780
    7 -0.000000 -0.000000 0.811541 0.569018 -0.134605 0.274998
    8 2.116979 -1.366970 1.997836 -0.483005 0.221440 0.726231
    9 -2.075575 -1.355251 1.990025 2.519084 -0.481056 -0.802196
    10 0.078373 -2.059399 0.872814 -0.176167 0.008544 0.018050
    11 0.072788 -0.714238 3.025299 -1.023384 0.008544 0.018050
    12 1.775118 -0.139594 1.671897 0.513126 0.811034 3.113585
    13 -1.241366 -1.806391 1.056407 1.227483 -0.061300 2.555561
    14 1.278910 -1.861079 1.013437 0.799372 3.116810 0.647537
    15 1.218724 -1.798575 1.272704 -1.363505 0.132439 -2.581159
    16 0.004859 -0.122106 -0.000735 0.121502 0.041702 0.036316
    17 -1.061022 -1.480885 1.175125 -0.320383 -0.306293 -0.461925
    18 1.061021 -1.480883 1.175125 -0.145933 0.272680 -0.922201
    19 -0.087700 -2.209410 1.479691 0.232052 0.050120 3.153433
    20 -1.220244 -1.798577 1.272703 -1.299819 -3.080293 -0.586032
    21 -0.004860 0.122106 0.000735 -0.184269 0.041702 0.036316
    22 -10.685194 -5.269640 -6.042214 -0.009104 2.704345 1.076861
    23 0.096951 -8.450422 -0.009364 0.586234 -0.441153 -0.403636
    24 -0.139400 -0.111699 0.014398 0.602950 -0.047021 1.569868
    25 1.164474 -2.543937 -0.170327 0.542033 -0.172895 0.253756
    26 0.024034 -1.129039 0.017807 -0.100875 0.000000 -0.000001
    27 0.014896 -0.883992 -0.019847 0.129620 0.000000 -0.000000
    28 0.447949 -2.798981 -0.200442 0.585310 0.047193 0.204345
    29 -0.032909 -1.480206 0.004935 0.065113 0.000000 0.000000
    30 -0.027023 -1.076921 -0.020212 -0.028713 0.000000 -0.000000
    31 -0.249535 -2.846962 -0.174215 0.704273 0.073408 0.096039
    32 0.043235 -1.683941 0.096015 -0.192969 0.000001 0.000000
    33 0.031729 -1.160831 0.058834 -0.034213 -0.000000 -0.000000
    34 -0.963867 -2.785142 -0.085346 0.542425 0.135327 -0.091592
    35 0.028477 -1.403065 0.006271 0.014788 0.000001 0.000000
    36 0.021414 -0.957780 0.020046 0.043861 0.000000 0.000000
    37 -0.591283 -1.257737 0.232709 -1.450532 -0.069473 -2.190655
    38 1.522835 0.058679 0.016852 0.001411 -0.223174 -0.046880
    39 1.117948 0.048424 -0.005766 -0.000243 -0.177124 0.065422
    40 0.120152 -0.050266 -0.054488 0.366862 3.144320 1.551255
    41 -1.180679 -2.507216 -0.193860 0.174078 0.013294 -0.477916
    42 -0.024968 -1.123935 0.017595 -0.399958 0.000000 0.000000
    43 -0.020059 -0.890964 0.010094 -0.763707 -0.000000 -0.000000
    44 -0.488518 -2.755600 -0.228259 0.021291 -0.012955 -0.306739
    45 0.039887 -1.479790 0.029853 -0.312801 0.000000 0.000000
    46 0.028784 -1.075732 -0.023109 -0.857892 -0.000000 -0.000000
    47 0.250027 -2.820664 -0.238394 0.058021 -0.058472 -0.078775
    48 -0.049760 -1.680543 0.100480 -0.624477 0.000000 -0.000000
    49 -0.034142 -1.148310 0.084779 -1.037172 0.000000 0.000000
    50 0.957767 -2.746777 -0.090299 -0.172398 -0.139206 0.276765
    51 -0.033420 -1.397126 -0.011255 -0.473432 0.000000 0.000001
    52 -0.022361 -0.957433 0.018785 -0.858670 0.000000 0.000000
    53 0.583509 -1.197273 0.185380 0.498834 -0.339857 -0.429184
    54 1.535925 0.010248 0.005008 -0.002964 -0.491310 0.000890
    55 1.100770 0.004527 -0.010675 -0.002796 -0.975914 0.003459
  time 147
    0 6.430589 -1.795808 -8.439664 0.922343 -2.057852 -1.053987
    1 -0.071920 -8.498732 -0.104134 -0.200829 0.261289 0.100638
    2 -0.480402 -2.843485 2.688040 0.673012 -2.243426 1.543597
    3 -0.155277 0.092432 2.672624 -0.759034 1.068828 1.362175
    4 -0.011142 0.781255 -0.800262 1.892565 -0.198174 -0.063009
    5 0.000000 0.718097 -0.000002 -0.016795 0.006112 -0.054146
    6 -0.000001 0.897711 1.580295 -0.150667 -0.044153 -0.157780
    7 -0.000000 -0.000000 0.811541 0.569018 -0.134605 0.274998
    8 2.101354 -1.351345 1.986117 -0.482993 0.221476 0.726303
    9 -2.071669 -1.347438 1.982212 2.515824 -0.480769 -0.787935
    10 0.078373 -2.032054 0.861095 -0.176167 0.008544 0.018050
    11 0.072788 -0.690799 3.037018 -1.010465 0.008544 0.018050
    12 1.798556 -0.139594 1.695335 0.513126 0.811034 3.113585
    13 -1.241366 -1.806391 1.056407 1.228160 -0.061300 2.555561
    14 1.278910 -1.861079 1.013437 0.800534 3.116810 0.647537
    15 1.218724 -1.798575 1.272704 -1.402553 0.152617 -2.587391
    16 0.004859 -0.122106 -0.000735 0.162709 0.041702 0.036316
    17 -1.061022 -1.480885 1.175125 -0.366060 -0.353616 -0.422000
    18 1.061021 -1.480883 1.175125 -0.152478 0.262389 -0.928601
    19 -0.083794 -2.217222 1.487504 0.232064 0.050911 3.153613
    20 -1.220244 -1.798577 1.272703 -1.303828 -3.080293 -0.586032
    21 -0.004860 0.122106 0.000735 -0.180043 0.041702 0.036316
    22 -10.923482 -5.273546 -6.085185 -0.008448 2.701229 1.085089
    23 0.096951 -8.450422 -0.009364 0.527244 -0.457018 -0.414600
    24 -0.139400 -0.111699 0.014398 0.602950 -0.047021 1.569868
    25 1.164474 -2.543937 -0.170327 0.556703 -0.167910 0.252570
    26 0.024034 -1.129039 0.017807 -0.099474 0.000000 -0.000001
    27 0.014896 -0.883992 -0.019847 0.128624 0.000000 -0.000000
    28 0.447949 -2.798981 -0.200442 0.620562 0.047193 0.204345
    29 -0.032909 -1.480206 0.004935 0.056353 0.000000 0.000000
    30 -0.027023 -1.076921 -0.020212 -0.030132 0.000000 -0.000000
    31 -0.249535 -2.846962 -0.174215 0.734950 0.073408 0.096039
    32 0.043235 -1.683941 0.096015 -0.194273 0.000001 0.000000
    33 0.031729 -1.160831 0.058834 -0.015612 -0.000000 -0.000000
    34 -0.963867 -2.785142 -0.085346 0.556119 0.135327 -0.091592
    35 0.028477 -1.403065 0.006271 0.013550 0.000001 0.000000
    36 0.021414 -0.957780 0.020046 0.053111 0.000000 0.000000
    37 -0.591283 -1.257737 0.232709 -1.451616 -0.071299 -2.177498
    38 1.522835 0.058679 0.016852 0.001411 -0.223174 -0.046880
    39 1.117948 0.048424 -0.005766 -0.000243 -0.177563 0.065422
    40 0.120152 -0.050266 -0.054488 0.366862 3.144320 1.551255
    41 -1.180679 -2.507216 -0.193860 0.174078 0.013294 -0.477916
    42 -0.024968 -1.123935 0.017595 -0.399958 0.000000 0.000000
    43 -0.020059 -0.890964 0.010094 -0.763707 -0.000000 -0.000000
    44 -0.488518 -2.755600 -0.228259 0.021317 -0.012955 -0.306739
    45 0.039887 -1.479790 0.029853 -0.312801 0.000000 0.000000
    46 0.028784 -1.075732 -0.023109 -0.857892 -0.000000 -0.000000
    47 0.250027 -2.820664 -0.238394 0.058021 -0.058472 -0.078775
    48 -0.049760 -1.680543 0.100480 -0.624477 0.000000 -0.000000
    49 -0.034142 -1.148310 0.084779 -1.037172 0.000000 0.000000
    50 0.957767 -2.746777 -0.090299 -0.172398 -0.139206 0.276765
    51 -0.033420 -1.397126 -0.011255 -0.473432 0.000000 0.000001
    52 -0.022361 -0.957433 0.018785 -0.858670 0.000000 0.000000
    53 0.583509 -1.197273 0.185380 0.498834 -0.339857 -0.429184
    54 1.535925 0.010248 0.005008 -0.002964 -0.491310 0.000890
    55 1.100770 0.004527 -0.010675 -0.002796 -0.975914 0.003459
  time 148
    0 6.446214 -1.795808 -8.447477 0.914617 -2.059439 -1.045445
    1 -0.071920 -8.498732 -0.104134 -0.204558 0.256222 0.101659
    2 -0.480402 -2.843485 2.688040 0.673012 -2.243426 1.543597
    3 -0.143558 0.108057 2.656999 -0.761272 1.079292 1.361115
    4 -0.011142 0.781255 -0.800262 1.838102 -0.196209 -0.068930
    5 0.000000 0.718097 -0.000002 0.012660 0.006052 -0.053667
    6 -0.000001 0.897711 1.580295 -0.150667 -0.044153 -0.157780
    7 -0.000000 -0.000000 0.811541 0.569018 -0.134605 0.274998
    8 2.097447 -1.347438 1.982210 -0.482214 0.223274 0.729826
    9 -2.071669 -1.347438 1.982212 2.513451 -0.480505 -0.777436
    10 0.078373 -2.020335 0.853283 -0.176167 0.008544 0.018050
    11 0.072788 -0.682987 3.048737 -1.000949 0.008544 0.018050
    12 1.821994 -0.139594 1.722680 0.513126 0.811034 3.113585
    13 -1.241366 -1.806391 1.056407 1.228837 -0.061300 2.555561
    14 1.275003 -1.857173 1.017343 0.801330 3.116810 0.647537
    15 1.218724 -1.798575 1.272704 -1.442223 0.173452 -2.593144
    16 0.004859 -0.122106 -0.000735 0.201587 0.041702 0.036316
    17 -1.061022 -1.480885 1.175125 -0.395827 -0.390092 -0.384966
    18 1.061021 -1.480883 1.175125 -0.159345 0.250536 -0.931695
    19 -0.079887 -2.225035 1.491410 0.232076 0.051486 3.153744
    20 -1.220244 -1.798577 1.272703 -1.308397 -3.080293 -0.586032
    21 -0.004860 0.122106 0.000735 -0.175286 0.041702 0.036316
    22 -11.157865 -5.265734 -6.132061 -0.006137 2.697485 1.091469
    23 0.096951 -8.450422 -0.009364 0.466404 -0.473441 -0.425115
    24 -0.139400 -0.111699 0.014398 0.602950 -0.047021 1.569868
    25 1.164474 -2.543937 -0.170327 0.568777 -0.162888 0.251383
    26 0.024034 -1.129039 0.017807 -0.098348 0.000000 -0.000001
    27 0.014896 -0.883992 -0.019847 0.127474 0.000000 -0.000000
    28 0.447949 -2.798981 -0.200442 0.652723 0.047193 0.204345
    29 -0.032909 -1.480206 0.004935 0.045531 0.000000 0.000000
    30 -0.027023 -1.076921 -0.020212 -0.031830 0.000000 -0.000000
    31 -0.249535 -2.846962 -0.174215 0.763555 0.073408 0.096039
    32 0.043235 -1.683941 0.096015 -0.195808 0.000001 0.000000
    33 0.031729 -1.160831 0.058834 0.002115 -0.000000 -0.000000
    34 -0.963867 -2.785142 -0.085346 0.568518 0.135327 -0.091592
    35 0.028477 -1.403065 0.006271 0.012119 0.000001 0.000000
    36 0.021414 -0.957780 0.020046 0.061479 0.000000 0.000000
    37 -0.591283 -1.257737 0.232709 -1.452519 -0.073469 -2.164775
    38 1.522835 0.058679 0.016852 0.001411 -0.223174 -0.046880
    39 1.117948 0.048424 -0.005766 -0.000243 -0.178095 0.065422
    40 0.120152 -0.050266 -0.054488 0.366862 3.144320 1.551255
    41 -1.180679 -2.507216 -0.193860 0.174078 0.013294 -0.477916
    42 -0.024968 -1.123935 0.017595 -0.399958 0.000000 0.000000
    43 -0.020059 -0.890964 0.010094 -0.763707 -0.000000 -0.000000
    44 -0.488518 -2.755600 -0.228259 0.021291 -0.012955 -0.306739
    45 0.039887 -1.479790 0.029853 -0.312801 0.000000 0.000000
    46 0.028784 -1.075732 -0.023109 -0.857892 -0.000000 -0.000000
    47 0.250027 -2.820664 -0.238394 0.058002 -0.058472 -0.078775
    48 -0.049760 -1.680543 0.100480 -0.624477 0.000000 -0.000000
    49 -0.034142 -1.148310 0.084779 -1.037172 0.000000 0.000000
    50 0.957767 -2.746777 -0.090299 -0.172398 -0.139206 0.276765
    51 -0.033420 -1.397126 -0.011255 -0.473432 0.000000 0.000001
    52 -0.022361 -0.957433 0.018785 -0.858670 0.000000 0.000000
    53 0.583509 -1.197273 0.185380 0.498834 -0.339857 -0.429184
    54 1.535925 0.010248 0.005008 -0.002964 -0.491310 0.000890
    55 1.100770 0.004527 -0.010675 -0.002796 -0.975914 0.003459
  time 149
    0 6.465746 -1.799714 -8.451384 0.907725 -2.060901 -1.037822
    1 -0.071920 -8.498732 -0.104134 -0.207806 0.251680 0.102588
    2 -0.480402 -2.843485 2.688040 0.673012 -2.243426 1.543597
    3 -0.131839 0.119776 2.641373 -0.763557 1.089510 1.360054
    4 -0.011142 0.781255 -0.800262 1.778745 -0.192014 -0.074239
    5 0.000000 0.718097 -0.000002 0.044769 0.005980 -0.052972
    6 -0.000001 0.897711 1.580295 -0.150667 -0.044153 -0.157780
    7 -0.000000 -0.000000 0.811541 0.569018 -0.134605 0.274998
    8 2.105260 -1.343532 1.982210 -0.480596 0.226977 0.737113
    9 -2.079481 -1.355251 1.986119 2.511642 -0.480265 -0.769346
    10 0.078373 -2.024241 0.853283 -0.176167 0.008544 0.018050
    11 0.072788 -0.686893 3.068269 -0.993614 0.008544 0.018050
    12 1.849339 -0.139594 1.750024 0.513126 0.811034 3.113585
    13 -1.241366 -1.806391 1.056407 1.229684 -0.061300 2.555561
    14 1.275003 -1.857173 1.017343 0.801868 3.116810 0.647537
    15 1.218724 -1.798575 1.272704 -1.480828 0.194193 -2.598129
    16 0.004859 -0.122106 -0.000735 0.235835 0.041702 0.036316
    17 -1.061022 -1.480885 1.175125 -0.404604 -0.412027 -0.351972
    18 1.061021 -1.480883 1.175125 -0.166500 0.237336 -0.932146
    19 -0.079887 -2.232848 1.495316 0.232076 0.051845 3.153840
    20 -1.220244 -1.798577 1.272703 -1.313432 -3.080293 -0.586032
    21 -0.004860 0.122106 0.000735 -0.170073 0.041702 0.036316
    22 -11.376621 -5.242295 -6.178937 -0.002618 2.693296 1.095642
    23 0.096951 -8.450422 -0.009364 0.405087 -0.489957 -0.434796
    24 -0.139400 -0.111699 0.014398 0.602950 -0.047021 1.569868
    25 1.164474 -2.543937 -0.170327 0.578413 -0.157831 0.250185
    26 0.024034 -1.129039 0.017807 -0.097473 0.000000 -0.000001
    27 0.014896 -0.883992 -0.019847 0.126133 0.000000 -0.000000
    28 0.447949 -2.798981 -0.200442 0.681359 0.047193 0.204345
    29 -0.032909 -1.480206 0.004935 0.032424 0.000000 0.000000
    30 -0.027023 -1.076921 -0.020212 -0.033778 0.000000 -0.000000
    31 -0.249535 -2.846962 -0.174215 0.789772 0.073408 0.096039
    32 0.043235 -1.683941 0.096015 -0.197595 0.000001 0.000000
    33 0.031729 -1.160831 0.058834 0.018678 -0.000000 -0.000000
    34 -0.963867 -2.785142 -0.085346 0.579590 0.135327 -0.091592
    35 0.028477 -1.403065 0.006271 0.010480 0.000001 0.000000
    36 0.021414 -0.957780 0.020046 0.068963 0.000000 0.000000
    37 -0.591283 -1.257737 0.232709 -1.453296 -0.076028 -2.152722
    38 1.522835 0.058679 0.016852 0.001411 -0.223174 -0.046880
    39 1.117948 0.048424 -0.005766 -0.000243 -0.178719 0.065422
    40 0.120152 -0.050266 -0.054488 0.366862 3.144320 1.551255
    41 -1.180679 -2.507216 -0.193860 0.174078 0.013294 -0.477916
    42 -0.024968 -1.123935 0.017595 -0.399958 0.000000 0.000000
    43 -0.020059 -0.890964 0.010094 -0.763707 -0.000000 -0.000000
    44 -0.488518 -2.755600 -0.228259 0.021317 -0.012955 -0.306739
    45 0.039887 -1.479790 0.029853 -0.312801 0.000000 0.000000
    46 0.028784 -1.075732 -0.023109 -0.857892 -0.000000 -0.000000
    47 0.250027 -2.820664 -0.238394 0.058021 -0.058472 -0.078775
    48 -0.049760 -1.680543 0.100480 -0.624477 0.000000 -0.000000
    49 -0.034142 -1.148310 0.084779 -1.037172 0.000000 0.000000
    50 0.957767 -2.746777 -0.090299 -0.172398 -0.139206 0.276765
    51 -0.033420 -1.397126 -0.011255 -0.473432 0.000000 0.000001
    52 -0.022361 -0.957433 0.018785 -0.858670 0.000000 0.000000
    53 0.583509 -1.197273 0.185380 0.498834 -0.339857 -0.429184
    54 1.535925 0.010248 0.005008 -0.002964 -0.491310 0.000890
    55 1.100770 0.004527 -0.010675 -0.002796 -0.975914 0.003459
  time 150
    0 6.489184 -1.799714 -8.451384 0.901893 -2.062238 -1.031301
    1 -0.071920 -8.498732 -0.104134 -0.210427 0.247696 0.103396
    2 -0.480402 -2.843485 2.688040 0.673012 -2.243426 1.543597
    3 -0.124026 0.135402 2.629654 -0.765750 1.098975 1.359048
    4 -0.011142 0.781255 -0.800262 1.721974 -0.186238 -0.078350
    5 0.000000 0.718097 -0.000002 0.074225 0.005872 -0.052061
    6 -0.000001 0.897711 1.580295 -0.150667 -0.044153 -0.157780
    7 -0.000000 -0.000000 0.811541 0.569018 -0.134605 0.274998
    8 2.124792 -1.347438 1.986117 -0.478199 0.232310 0.747635
    9 -2.095107 -1.366970 1.997838 2.509952 -0.480026 -0.761772
    10 0.078373 -2.043773 0.853283 -0.176167 0.008544 0.018050
    11 0.072788 -0.698612 3.095613 -0.986747 0.008544 0.018050
    12 1.868871 -0.139594 1.769556 0.513126 0.811034 3.113585
    13 -1.241366 -1.806391 1.056407 1.230530 -0.061300 2.555561
    14 1.275003 -1.853266 1.017343 0.802277 3.116810 0.647537
    15 1.218724 -1.798575 1.272704 -1.516770 0.214277 -2.601868
    16 0.004859 -0.122106 -0.000735 0.263180 0.041702 0.036316
    17 -1.061022 -1.480885 1.175125 -0.388578 -0.419100 -0.319204
    18 1.061021 -1.480883 1.175125 -0.174008 0.223033 -0.930403
    19 -0.075981 -2.240661 1.495316 0.232076 0.051965 3.153864
    20 -1.220244 -1.798577 1.272703 -1.318840 -3.080293 -0.586032
    21 -0.004860 0.122106 0.000735 -0.164444 0.041702 0.036316
    22 -11.575846 -5.207138 -6.225814 0.001689 2.688793 1.097431
    23 0.096951 -8.450422 -0.009364 0.344630 -0.506117 -0.443260
    24 -0.139400 -0.111699 0.014398 0.602950 -0.047021 1.569868
    25 1.164474 -2.543937 -0.170327 0.585649 -0.152785 0.248986
    26 0.024034 -1.129039 0.017807 -0.096797 0.000000 -0.000001
    27 0.014896 -0.883992 -0.019847 0.124600 0.000000 -0.000000
    28 0.447949 -2.798981 -0.200442 0.705842 0.047193 0.204345
    29 -0.032909 -1.480206 0.004935 0.016777 0.000000 0.000000
    30 -0.027023 -1.076921 -0.020212 -0.036060 0.000000 -0.000000
    31 -0.249535 -2.846962 -0.174215 0.813376 0.073408 0.096039
    32 0.043235 -1.683941 0.096015 -0.199634 0.000001 0.000000
    33 0.031729 -1.160831 0.058834 0.033817 -0.000000 -0.000000
    34 -0.963867 -2.785142 -0.085346 0.589398 0.135327 -0.091592
    35 0.028477 -1.403065 0.006271 0.008596 0.000001 0.000000
    36 0.021414 -0.957780 0.020046 0.075586 0.000000 0.000000
    37 -0.591283 -1.257737 0.232709 -1.453910 -0.078977 -2.141557
    38 1.522835 0.058679 0.016852 0.001411 -0.223174 -0.046880
    39 1.117948 0.048424 -0.005766 -0.000243 -0.179459 0.065422
    40 0.120152 -0.050266 -0.054488 0.366862 3.144320 1.551255
    41 -1.180679 -2.507216 -0.193860 0.174078 0.013294 -0.477916
    42 -0.024968 -1.123935 0.017595 -0.399958 0.000000 0.000000
    43 -0.020059 -0.890964 0.010094 -0.763707 -0.000000 -0.000000
    44 -0.488518 -2.755600 -0.228259 0.021291 -0.012955 -0.306739
    45 0.039887 -1.479790 0.029853 -0.312801 0.000000 0.000000
    46 0.028784 -1.075732 -0.023109 -0.857892 -0.000000 -0.000000
    47 0.250027 -2.820664 -0.238394 0.058002 -0.058472 -0.078775
    48 -0.049760 -1.680543 0.100480 -0.624477 0.000000 -0.000000
    49 -0.034142 -1.148310 0.084779 -1.037172 0.000000 0.000000
    50 0.957767 -2.746777 -0.090299 -0.172398 -0.139206 0.276765
    51 -0.033420 -1.397126 -0.011255 -0.473432 0.000000 0.000001
    52 -0.022361 -0.957433 0.018785 -0.858670 0.000000 0.000000
    53 0.583509 -1.197273 0.185380 0.498834 -0.339857 -0.429184
    54 1.535925 0.010248 0.005008 -0.002964 -0.491310 0.000890
    55 1.100770 0.004527 -0.010675 -0.002796 -0.975914 0.003459
  time 151
    0 6.512622 -1.795808 -8.447477 0.896515 -2.063617 -1.025331
    1 -0.071920 -8.498732 -0.104134 -0.212604 0.243957 0.104158
    2 -0.480402 -2.843485 2.688040 0.673012 -2.243426 1.543597
    3 -0.116214 0.147121 2.617935 -0.767737 1.107195 1.358124
    4 -0.011142 0.781255 -0.800262 1.675342 -0.179478 -0.080699
    5 0.000000 0.718097 -0.000002 0.095769 0.005741 -0.050923
    6 -0.000001 0.897711 1.580295 -0.150667 -0.044153 -0.157780
    7 -0.000000 -0.000000 0.811541 0.569018 -0.134605 0.274998
    8 2.152137 -1.351345 1.993930 -0.475143 0.238866 0.760698
    9 -2.114639 -1.382596 2.009557 2.508382 -0.479774 -0.754713
    10 0.078373 -2.067211 0.857189 -0.176167 0.008544 0.018050
    11 0.072788 -0.718144 3.126864 -0.980348 0.008544 0.018050
    12 1.884496 -0.139594 1.789088 0.513126 0.811034 3.113585
    13 -1.241366 -1.806391 1.056407 1.231377 -0.061300 2.555561
    14 1.275003 -1.853266 1.021250 0.802664 3.116810 0.647537
    15 1.218724 -1.798575 1.272704 -1.548364 0.232860 -2.603977
    16 0.004859 -0.122106 -0.000735 0.281265 0.041702 0.036316
    17 -1.061022 -1.480885 1.175125 -0.350593 -0.414624 -0.283462
    18 1.061021 -1.480883 1.175125 -0.181838 0.207811 -0.927129
    19 -0.072075 -2.244567 1.495316 0.232076 0.051797 3.153816
    20 -1.220244 -1.798577 1.272703 -1.324620 -3.080293 -0.586032
    21 -0.004860 0.122106 0.000735 -0.158417 0.041702 0.036316
    22 -11.755539 -5.156355 -6.264877 0.006416 2.684133 1.096477
    23 0.096951 -8.450422 -0.009364 0.286277 -0.521470 -0.450136
    24 -0.139400 -0.111699 0.014398 0.602950 -0.047021 1.569868
    25 1.164474 -2.543937 -0.170327 0.590683 -0.147764 0.247800
    26 0.024034 -1.129039 0.017807 -0.096347 0.000000 -0.000001
    27 0.014896 -0.883992 -0.019847 0.122837 0.000000 -0.000000
    28 0.447949 -2.798981 -0.200442 0.725786 0.047193 0.204345
    29 -0.032909 -1.480206 0.004935 -0.001598 0.000000 0.000000
    30 -0.027023 -1.076921 -0.020212 -0.038649 0.000000 -0.000000
    31 -0.249535 -2.846962 -0.174215 0.834053 0.073408 0.096039
    32 0.043235 -1.683941 0.096015 -0.201947 0.000001 0.000000
    33 0.031729 -1.160831 0.058834 0.047339 -0.000000 -0.000000
    34 -0.963867 -2.785142 -0.085346 0.597941 0.135327 -0.091592
    35 0.028477 -1.403065 0.006271 0.006468 0.000001 0.000000
    36 0.021414 -0.957780 0.020046 0.081367 0.000000 0.000000
    37 -0.591283 -1.257737 0.232709 -1.454398 -0.082344 -2.131516
    38 1.522835 0.058679 0.016852 0.001411 -0.223174 -0.046880
    39 1.117948 0.048424 -0.005766 -0.000243 -0.180314 0.065422
    40 0.120152 -0.050266 -0.054488 0.366862 3.144320 1.551255
    41 -1.180679 -2.507216 -0.193860 0.174078 0.013294 -0.477916
    42 -0.024968 -1.123935 0.017595 -0.399958 0.000000 0.000000
    43 -0.020059 -0.890964 0.010094 -0.763707 -0.000000 -0.000000
    44 -0.488518 -2.755600 -0.228259 0.021291 -0.012955 -0.306739
    45 0.039887 -1.479790 0.029853 -0.312801 0.000000 0.000000
    46 0.028784 -1.075732 -0.023109 -0.857892 -0.000000 -0.000000
    47 0.250027 -2.820664 -0.238394 0.058021 -0.058472 -0.078775
    48 -0.049760 -1.680543 0.100480 -0.624477 0.000000 -0.000000
    49 -0.034142 -1.148310 0.084779 -1.037172 0.000000 0.000000
    50 0.957767 -2.746777 -0.090299 -0.172398 -0.139206 0.276765
    51 -0.033420 -1.397126 -0.011255 -0.473432 0.000000 0.000001
    52 -0.022361 -0.957433 0.018785 -0.858670 0.000000 0.000000
    53 0.583509 -1.197273 0.185380 0.498834 -0.339857 -0.429184
    54 1.535925 0.010248 0.005008 -0.002964 -0.491310 0.000890
    55 1.100770 0.004527 -0.010675 -0.002796 -0.975914 0.003459
  time 152
    0 6.547780 -1.795808 -8.439664 0.890835 -2.065246 -1.018994
    1 -0.071920 -8.498732 -0.104134 -0.214598 0.240113 0.104950
    2 -0.480402 -2.843485 2.688040 0.673012 -2.243426 1.543597
    3 -0.108401 0.154934 2.606216 -0.769359 1.113698 1.357363
    4 -0.011142 0.781255 -0.800262 1.646429 -0.172359 -0.080723
    5 0.000000 0.718097 -0.000002 0.104119 0.005585 -0.049544
    6 -0.000001 0.897711 1.580295 -0.150667 -0.044153 -0.157780
    7 -0.000000 -0.000000 0.811541 0.569018 -0.134605 0.274998
    8 2.175575 -1.359157 2.005649 -0.471560 0.246296 0.775643
    9 -2.134171 -1.398221 2.021276 2.506943 -0.479522 -0.748194
    10 0.078373 -2.102369 0.865002 -0.176167 0.008544 0.018050
    11 0.072788 -0.737676 3.162022 -0.974427 0.008544 0.018050
    12 1.896215 -0.139594 1.800807 0.513126 0.811034 3.113585
    13 -1.241366 -1.806391 1.056407 1.232392 -0.061300 2.555561
    14 1.271097 -1.853266 1.021250 0.803180 3.116810 0.647537
    15 1.218724 -1.798575 1.272704 1.567619 2.892032 0.537519
    16 0.004859 -0.122106 -0.000735 0.287817 0.041702 0.036316
    17 -1.061022 -1.480885 1.175125 -0.295465 -0.400478 -0.246777
    18 1.061021 -1.480883 1.175125 -0.190020 0.191885 -0.922862
    19 -0.072075 -2.252380 1.495316 0.232064 0.051306 3.153708
    20 -1.220244 -1.798577 1.272703 -1.330774 -3.080293 -0.586032
    21 -0.004860 0.122106 0.000735 -0.152030 0.041702 0.036316
    22 -11.911794 -5.089947 -6.303941 0.011090 2.679473 1.092661
    23 0.096951 -8.450422 -0.009364 0.231464 -0.535536 -0.455041
    24 -0.139400 -0.111699 0.014398 0.602950 -0.047021 1.569868
    25 1.164474 -2.543937 -0.170327 0.593594 -0.142802 0.246625
    26 0.024034 -1.129039 0.017807 -0.096097 0.000000 -0.000001
    27 0.014896 -0.883992 -0.019847 0.120844 0.000000 -0.000000
    28 0.447949 -2.798981 -0.200442 0.740659 0.047193 0.204345
    29 -0.032909 -1.480206 0.004935 -0.022925 0.000000 0.000000
    30 -0.027023 -1.076921 -0.020212 -0.041571 0.000000 -0.000000
    31 -0.249535 -2.846962 -0.174215 0.851576 0.073408 0.096039
    32 0.043235 -1.683941 0.096015 -0.204554 0.000001 0.000000
    33 0.031729 -1.160831 0.058834 0.058919 -0.000000 -0.000000
    34 -0.963867 -2.785142 -0.085346 0.605282 0.135327 -0.091592
    35 0.028477 -1.403065 0.006271 0.004095 0.000001 0.000000
    36 0.021414 -0.957780 0.020046 0.086308 0.000000 0.000000
    37 -0.591283 -1.257737 0.232709 -1.454777 -0.086175 -2.122774
    38 1.522835 0.058679 0.016852 0.001411 -0.223174 -0.046880
    39 1.117948 0.048424 -0.005766 -0.000243 -0.181308 0.065422
    40 0.120152 -0.050266 -0.054488 0.366862 3.144320 1.551255
    41 -1.180679 -2.507216 -0.193860 0.174078 0.013294 -0.477916
    42 -0.024968 -1.123935 0.017595 -0.399958 0.000000 0.000000
    43 -0.020059 -0.890964 0.010094 -0.763707 -0.000000 -0.000000
    44 -0.488518 -2.755600 -0.228259 0.021291 -0.012955 -0.306739
    45 0.039887 -1.479790 0.029853 -0.312801 0.000000 0.000000
    46 0.028784 -1.075732 -0.023109 -0.857892 -0.000000 -0.000000
    47 0.250027 -2.820664 -0.238394 0.058002 -0.058472 -0.078775
    48 -0.049760 -1.680543 0.100480 -0.624477 0.000000 -0.000000
    49 -0.034142 -1.148310 0.084779 -1.037172 0.000000 0.000000
    50 0.957767 -2.746777 -0.090299 -0.172398 -0.139206 0.276765
    51 -0.033420 -1.397126 -0.011255 -0.473432 0.000000 0.000001
    52 -0.022361 -0.957433 0.018785 -0.858670 0.000000 0.000000
    53 0.583509 -1.197273 0.185380 0.498834 -0.339857 -0.429184
    54 1.535925 0.010248 0.005008 -0.002964 -0.491310 0.000890
    55 1.100770 0.004527 -0.010675 -0.002796 -0.975914 0.003459
  time 153
    0 6.586843 -1.795808 -8.431851 0.884927 -2.067084 -1.012289
    1 -0.071920 -8.498732 -0.104134 -0.216406 0.236165 0.105772
    2 -0.480402 -2.843485 2.688040 0.673012 -2.243426 1.543597
    3 -0.104494 0.162746 2.606216 -0.770456 1.117940 1.356847
    4 -0.011142 0.781255 -0.800262 1.637695 -0.163227 -0.077403
    5 0.000000 0.718097 -0.000002 0.104070 0.005417 -0.047998
    6 -0.000001 0.897711 1.580295 -0.150667 -0.044153 -0.157780
    7 -0.000000 -0.000000 0.811541 0.569018 -0.134605 0.274998
    8 2.210732 -1.366970 2.013461 -0.467569 0.254218 0.791762
    9 -2.161515 -1.421659 2.040808 2.505625 -0.479271 -0.742189
    10 0.078373 -2.137526 0.868908 -0.176167 0.008544 0.018050
    11 0.072788 -0.761114 3.201085 -0.968986 0.008544 0.018050
    12 1.900122 -0.139594 1.804714 0.513126 0.811034 3.113585
    13 -1.241366 -1.806391 1.056407 1.233408 -0.061300 2.555561
    14 1.271097 -1.849360 1.021250 0.803912 3.116810 0.647537
    15 1.218724 -1.798575 1.272704 1.546763 2.875139 0.540299
    16 0.004859 -0.122106 -0.000735 0.283864 0.041702 0.036316
    17 -1.061022 -1.480885 1.175125 -0.227992 -0.378530 -0.211158
    18 1.061021 -1.480883 1.175125 -0.198555 0.175469 -0.918145
    19 -0.068168 -2.260192 1.495316 0.232064 0.050503 3.153517
    20 -1.220244 -1.798577 1.272703 -1.337208 -3.080293 -0.586032
    21 -0.004860 0.122106 0.000735 -0.145340 0.041702 0.036316
    22 -12.032891 -5.007914 -6.331286 0.015345 2.674969 1.085685
    23 0.096951 -8.450422 -0.009364 0.181434 -0.547896 -0.457574
    24 -0.139400 -0.111699 0.014398 0.602950 -0.047021 1.569868
    25 1.164474 -2.543937 -0.170327 0.594538 -0.137900 0.245463
    26 0.024034 -1.129039 0.017807 -0.096022 0.000000 -0.000001
    27 0.014896 -0.883992 -0.019847 0.118621 0.000000 -0.000000
    28 0.447949 -2.798981 -0.200442 0.749931 0.047193 0.204345
    29 -0.032909 -1.480206 0.004935 -0.047426 0.000000 0.000000
    30 -0.027023 -1.076921 -0.020212 -0.044855 0.000000 -0.000000
    31 -0.249535 -2.846962 -0.174215 0.865676 0.073408 0.096039
    32 0.043235 -1.683941 0.096015 -0.207477 0.000001 0.000000
    33 0.031729 -1.160831 0.058834 0.068398 -0.000000 -0.000000
    34 -0.963867 -2.785142 -0.085346 0.611419 0.135327 -0.091592
    35 0.028477 -1.403065 0.006271 0.001461 0.000001 0.000000
    36 0.021414 -0.957780 0.020046 0.090450 0.000000 0.000000
    37 -0.591283 -1.257737 0.232709 -1.455048 -0.090500 -2.115612
    38 1.522835 0.058679 0.016852 0.001411 -0.223174 -0.046880
    39 1.117948 0.048424 -0.005766 -0.000243 -0.182440 0.065422
    40 0.120152 -0.050266 -0.054488 0.366862 3.144320 1.551255
    41 -1.180679 -2.507216 -0.193860 0.174078 0.013294 -0.477916
    42 -0.024968 -1.123935 0.017595 -0.399958 0.000000 0.000000
    43 -0.020059 -0.890964 0.010094 -0.763707 -0.000000 -0.000000
    44 -0.488518 -2.755600 -0.228259 0.021291 -0.012955 -0.306739
    45 0.039887 -1.479790 0.029853 -0.312801 0.000000 0.000000
    46 0.028784 -1.075732 -0.023109 -0.857892 -0.000000 -0.000000
    47 0.250027 -2.820664 -0.238394 0.058021 -0.058472 -0.078775
    48 -0.049760 -1.680543 0.100480 -0.624477 0.000000 -0.000000
    49 -0.034142 -1.148310 0.084779 -1.037172 0.000000 0.000000
    50 0.957767 -2.746777 -0.090299 -0.172398 -0.139206 0.276765
    51 -0.033420 -1.397126 -0.011255 -0.473432 0.000000 0.000001
    52 -0.022361 -0.957433 0.018785 -0.858670 0.000000 0.000000
    53 0.583509 -1.197273 0.185380 0.498834 -0.339857 -0.429184
    54 1.535925 0.010248 0.005008 -0.002964 -0.491310 0.000890
    55 1.100770 0.004527 -0.010675 -0.002796 -0.975914 0.003459
  time 154
    0 6.629813 -1.791902 -8.420133 0.878944 -2.069047 -1.005493
    1 -0.071920 -8.498732 -0.104134 -0.218030 0.232251 0.106580
    2 -0.480402 -2.843485 2.688040 0.673012 -2.243426 1.543597
    3 -0.104494 0.162746 2.602310 -0.770844 1.119482 1.356683
    4 -0.011142 0.781255 -0.800262 1.644170 -0.150715 -0.070727
    5 0.000000 0.718097 -0.000002 0.103875 0.005237 -0.046404
    6 -0.000001 0.897711 1.580295 -0.150667 -0.044153 -0.157780
    7 -0.000000 -0.000000 0.811541 0.569018 -0.134605 0.274998
    8 2.245890 -1.374783 2.021274 -0.463326 0.262284 0.808373
    9 -2.184953 -1.445097 2.056433 2.504439 -0.479043 -0.736712
    10 0.078373 -2.176590 0.876721 -0.176167 0.008544 0.018050
    11 0.072788 -0.788459 3.240149 -0.964013 0.008544 0.018050
    12 1.896215 -0.139594 1.800807 0.513126 0.811034 3.113585
    13 -1.241366 -1.806391 1.056407 1.234424 -0.061300 2.555561
    14 1.267191 -1.849360 1.025156 0.804988 3.116810 0.647537
    15 1.218724 -1.798575 1.272704 1.528215 2.856181 0.545956
    16 0.004859 -0.122106 -0.000735 0.273089 0.041702 0.036316
    17 -1.061022 -1.480885 1.175125 -0.152943 -0.350636 -0.178636
    18 1.061021 -1.480883 1.175125 -0.207443 0.158808 -0.913609
    19 -0.064262 -2.271912 1.491410 0.232052 0.049436 3.153265
    20 -1.220244 -1.798577 1.272703 -1.343828 -3.080293 -0.586032
    21 -0.004860 0.122106 0.000735 -0.138384 0.041702 0.036316
    22 -12.122738 -4.910254 -6.354724 0.018732 2.670754 1.075311
    23 0.096951 -8.450422 -0.009364 0.137558 -0.558069 -0.457398
    24 -0.139400 -0.111699 0.014398 0.602950 -0.047021 1.569868
    25 1.164474 -2.543937 -0.170327 0.578019 -0.132687 0.244228
    26 0.024034 -1.129039 0.017807 -0.103827 0.000000 -0.000001
    27 0.014896 -0.883992 -0.019847 0.101451 0.000000 -0.000000
    28 0.447949 -2.798981 -0.200442 0.753166 0.047193 0.204345
    29 -0.032909 -1.480206 0.004935 -0.075323 0.000000 0.000000
    30 -0.027023 -1.076921 -0.020212 -0.048529 0.000000 -0.000000
    31 -0.249535 -2.846962 -0.174215 0.876082 0.073408 0.096039
    32 0.043235 -1.683941 0.096015 -0.210715 0.000001 0.000000
    33 0.031729 -1.160831 0.058834 0.075450 -0.000000 -0.000000
    34 -0.963867 -2.785142 -0.085346 0.616385 0.135327 -0.091592
    35 0.028477 -1.403065 0.006271 -0.001469 0.000001 0.000000
    36 0.021414 -0.957780 0.020046 0.093813 0.000000 0.000000
    37 -0.591283 -1.257737 0.232709 -1.455211 -0.095319 -2.110224
    38 1.522835 0.058679 0.016852 0.001411 -0.223174 -0.046880
    39 1.117948 0.048424 -0.005766 -0.000243 -0.183711 0.065422
    40 0.120152 -0.050266 -0.054488 0.366862 3.144320 1.551255
    41 -1.180679 -2.507216 -0.193860 0.174078 0.013294 -0.477916
    42 -0.024968 -1.123935 0.017595 -0.399958 0.000000 0.000000
    43 -0.020059 -0.890964 0.010094 -0.763707 -0.000000 -0.000000
    44 -0.488518 -2.755600 -0.228259 0.021291 -0.012955 -0.306739
    45 0.039887 -1.479790 0.029853 -0.312801 0.000000 0.000000
    46 0.028784 -1.075732 -0.023109 -0.857892 -0.000000 -0.000000
    47 0.250027 -2.820664 -0.238394 0.058002 -0.058472 -0.078775
    48 -0.049760 -1.680543 0.100480 -0.624477 0.000000 -0.000000
    49 -0.034142 -1.148310 0.084779 -1.037172 0.000000 0.000000
    50 0.957767 -2.746777 -0.090299 -0.172398 -0.139206 0.276765
    51 -0.033420 -1.397126 -0.011255 -0.473432 0.000000 0.000001
    52 -0.022361 -0.957433 0.018785 -0.858670 0.000000 0.000000
    53 0.583509 -1.197273 0.185380 0.498834 -0.339857 -0.429184
    54 1.535925 0.010248 0.005008 -0.002964 -0.491310 0.000890
    55 1.100770 0.004527 -0.010675 -0.002796 -0.975914 0.003459
  time 155
    0 6.672783 -1.787995 -8.412319 0.872885 -2.071136 -0.998696
    1 -0.071920 -8.498732 -0.104134 -0.219507 0.228337 0.107403
    2 -0.480402 -2.843485 2.688040 0.673012 -2.243426 1.543597
    3 -0.104494 0.158840 2.606216 -0.770044 1.116362 1.357037
    4 -0.011142 0.781255 -0.800262 1.662266 -0.135914 -0.061643
    5 0.000000 0.718097 -0.000002 0.103534 0.005046 -0.044738
    6 -0.000001 0.897711 1.580295 -0.150667 -0.044153 -0.157780
    7 -0.000000 -0.000000 0.811541 0.569018 -0.134605 0.274998
    8 2.281047 -1.382596 2.032993 -0.459012 0.270146 0.824756
    9 -2.212298 -1.468536 2.075965 2.503360 -0.478815 -0.731751
    10 0.078373 -2.219560 0.884533 -0.176167 0.008544 0.018050
    11 0.072788 -0.819709 3.279213 -0.959518 0.008544 0.018050
    12 1.884496 -0.139594 1.789088 0.513126 0.811034 3.113585
    13 -1.241366 -1.806391 1.056407 1.235524 -0.061300 2.555561
    14 1.267191 -1.845454 1.025156 0.806516 3.116810 0.647537
    15 1.218724 -1.798575 1.272704 1.512241 2.836191 0.553722
    16 0.004859 -0.122106 -0.000735 0.257251 0.041702 0.036316
    17 -1.061022 -1.480885 1.175125 -0.075132 -0.318661 -0.151240
    18 1.061021 -1.480883 1.175125 -0.216684 0.142055 -0.909823
    19 -0.064262 -2.279724 1.491410 0.232028 0.048118 3.152953
    20 -1.220244 -1.798577 1.272703 -1.350821 -3.080293 -0.586032
    21 -0.004860 0.122106 0.000735 -0.131182 0.041702 0.036316
    22 -12.189146 -4.777438 -6.374256 0.021910 2.666539 1.060048
    23 0.096951 -8.450422 -0.009364 0.095755 -0.567839 -0.455041
    24 -0.139400 -0.111699 0.014398 0.602950 -0.047021 1.569868
    25 1.164474 -2.543937 -0.170327 0.531611 -0.126874 0.242850
    26 0.024034 -1.129039 0.017807 -0.125992 0.000000 -0.000001
    27 0.014896 -0.883992 -0.019847 0.057606 0.000000 -0.000000
    28 0.447949 -2.798981 -0.200442 0.732691 0.047193 0.204345
    29 -0.032909 -1.480206 0.004935 -0.111534 0.000000 0.000000
    30 -0.027023 -1.076921 -0.020212 -0.058215 0.000000 -0.000000
    31 -0.249535 -2.846962 -0.174215 0.882524 0.073408 0.096039
    32 0.043235 -1.683941 0.096015 -0.214290 0.000001 0.000000
    33 0.031729 -1.160831 0.058834 0.079849 -0.000000 -0.000000
    34 -0.963867 -2.785142 -0.085346 0.620179 0.135327 -0.091592
    35 0.028477 -1.403065 0.006271 -0.004679 0.000001 0.000000
    36 0.021414 -0.957780 0.020046 0.096399 0.000000 0.000000
    37 -0.591283 -1.257737 0.232709 -1.455319 -0.100692 -2.106826
    38 1.522835 0.058679 0.016852 0.001411 -0.223174 -0.046880
    39 1.117948 0.048424 -0.005766 -0.000243 -0.185144 0.065422
    40 0.120152 -0.050266 -0.054488 0.366862 3.144320 1.551255
    41 -1.180679 -2.507216 -0.193860 0.174078 0.013294 -0.477916
    42 -0.024968 -1.123935 0.017595 -0.399958 0.000000 0.000000
    43 -0.020059 -0.890964 0.010094 -0.763707 -0.000000 -0.000000
    44 -0.488518 -2.755600 -0.228259 0.021291 -0.012955 -0.306739
    45 0.039887 -1.479790 0.029853 -0.312801 0.000000 0.000000
    46 0.028784 -1.075732 -0.023109 -0.857892 -0.000000 -0.000000
    47 0.250027 -2.820664 -0.238394 0.058021 -0.058472 -0.078775
    48 -0.049760 -1.680543 0.100480 -0.624477 0.000000 -0.000000
    49 -0.034142 -1.148310 0.084779 -1.037172 0.000000 0.000000
    50 0.957767 -2.746777 -0.090299 -0.172398 -0.139206 0.276765
    51 -0.033420 -1.397126 -0.011255 -0.473432 0.000000 0.000001
    52 -0.022361 -0.957433 0.018785 -0.858670 0.000000 0.000000
    53 0.583509 -1.197273 0.185380 0.498834 -0.339857 -0.429184
    54 1.535925 0.010248 0.005008 -0.002964 -0.491310 0.000890
    55 1.100770 0.004527 -0.010675 -0.002796 -0.975914 0.003459
  time 156
    0 6.719660 -1.787995 -8.396694 0.866901 -2.073225 -0.991900
    1 -0.071920 -8.498732 -0.104134 -0.220799 0.224528 0.108180
    2 -0.480402 -2.843485 2.688040 0.673012 -2.243426 1.543597
    3 -0.116214 0.147121 2.614029 -0.767943 1.108019 1.358015
    4 -0.011142 0.781255 -0.800262 1.688393 -0.119903 -0.051061
    5 0.000000 0.718097 -0.000002 0.102999 0.004854 -0.043025
    6 -0.000001 0.897711 1.580295 -0.150667 -0.044153 -0.157780
    7 -0.000000 -0.000000 0.811541 0.569018 -0.134605 0.274998
    8 2.312298 -1.390408 2.044712 -0.454841 0.277444 0.840192
    9 -2.235736 -1.491974 2.091591 2.502401 -0.478599 -0.727316
    10 0.078373 -2.258624 0.892346 -0.176167 0.008544 0.018050
    11 0.072788 -0.847054 3.314370 -0.955491 0.008544 0.018050
    12 1.868871 -0.139594 1.769556 0.513126 0.811034 3.113585
    13 -1.241366 -1.806391 1.056407 1.236624 -0.061300 2.555561
    14 1.267191 -1.841547 1.029062 0.808646 3.116810 0.647537
    15 1.218724 -1.798575 1.272704 1.499106 2.816201 0.562830
    16 0.004859 -0.122106 -0.000735 0.238001 0.041702 0.036316
    17 -1.061022 -1.480885 1.175125 0.000608 -0.284473 -0.130960
    18 1.061021 -1.480883 1.175125 -0.226310 0.125485 -0.907360
    19 -0.060356 -2.287537 1.487504 0.232016 0.046560 3.152582
    20 -1.220244 -1.798577 1.272703 -1.357907 -3.080293 -0.586032
    21 -0.004860 0.122106 0.000735 -0.123791 0.041702 0.036316
    22 -12.232116 -4.613370 -6.389881 0.025796 2.661853 1.039419
    23 0.096951 -8.450422 -0.009364 0.051720 -0.578958 -0.451403
    24 -0.139400 -0.111699 0.014398 0.602950 -0.047021 1.569868
    25 1.164474 -2.543937 -0.170327 0.460149 -0.120607 0.241364
    26 0.024034 -1.129039 0.017807 -0.160464 0.000000 -0.000001
    27 0.014896 -0.883992 -0.019847 -0.008469 0.000000 -0.000000
    28 0.447949 -2.798981 -0.200442 0.675516 0.047193 0.204345
    29 -0.032909 -1.480206 0.004935 -0.159266 0.000000 0.000000
    30 -0.027023 -1.076921 -0.020212 -0.078476 0.000000 -0.000000
    31 -0.249535 -2.846962 -0.174215 0.884731 0.073408 0.096039
    32 0.043235 -1.683941 0.096015 -0.218221 0.000001 0.000000
    33 0.031729 -1.160831 0.058834 0.081402 -0.000000 -0.000000
    34 -0.963867 -2.785142 -0.085346 0.622893 0.135327 -0.091592
    35 0.028477 -1.403065 0.006271 -0.008202 0.000001 0.000000
    36 0.021414 -0.957780 0.020046 0.098207 0.000000 0.000000
    37 -0.591283 -1.257737 0.232709 -1.455355 -0.106618 -2.105636
    38 1.522835 0.058679 0.016852 0.001411 -0.223174 -0.046880
    39 1.117948 0.048424 -0.005766 -0.000243 -0.186739 0.065422
    40 0.120152 -0.050266 -0.054488 0.366862 3.144320 1.551255
    41 -1.180679 -2.507216 -0.193860 0.174078 0.013294 -0.477916
    42 -0.024968 -1.123935 0.017595 -0.399958 0.000000 0.000000
    43 -0.020059 -0.890964 0.010094 -0.763707 -0.000000 -0.000000
    44 -0.488518 -2.755600 -0.228259 0.021291 -0.012955 -0.306739
    45 0.039887 -1.479790 0.029853 -0.312801 0.000000 0.000000
    46 0.028784 -1.075732 -0.023109 -0.857892 -0.000000 -0.000000
    47 0.250027 -2.820664 -0.238394 0.058002 -0.058472 -0.078775
    48 -0.049760 -1.680543 0.100480 -0.624477 0.000000 -0.000000
    49 -0.034142 -1.148310 0.084779 -1.037172 0.000000 0.000000
    50 0.957767 -2.746777 -0.090299 -0.172398 -0.139206 0.276765
    51 -0.033420 -1.397126 -0.011255 -0.473432 0.000000 0.000001
    52 -0.022361 -0.957433 0.018785 -0.858670 0.000000 0.000000
    53 0.583509 -1.197273 0.185380 0.498834 -0.339857 -0.429184
    54 1.535925 0.010248 0.005008 -0.002964 -0.491310 0.000890
    55 1.100770 0.004527 -0.010675 -0.002796 -0.975914 0.003459
  time 157
    0 6.766536 -1.784089 -8.384975 0.861069 -2.075314 -0.985287
    1 -0.071920 -8.498732 -0.104134 -0.221906 0.220859 0.108941
    2 -0.480402 -2.843485 2.688040 0.673012 -2.243426 1.543597
    3 -0.127933 0.131495 2.633561 -0.765042 1.095925 1.359375
    4 -0.011142 0.781255 -0.800262 1.718837 -0.103784 -0.039867
    5 0.000000 0.718097 -0.000002 0.102244 0.004650 -0.041263
    6 -0.000001 0.897711 1.580295 -0.150667 -0.044153 -0.157780
    7 -0.000000 -0.000000 0.811541 0.569018 -0.134605 0.274998
    8 2.343549 -1.398221 2.052525 -0.451030 0.283880 0.853950
    9 -2.259174 -1.511506 2.107216 2.501562 -0.478408 -0.723409
    10 0.078373 -2.293781 0.900159 -0.176167 0.008544 0.018050
    11 0.076694 -0.870492 3.349527 -0.951932 0.008544 0.018050
    12 1.849339 -0.139594 1.750024 0.513126 0.811034 3.113585
    13 -1.241366 -1.806391 1.056407 1.237809 -0.061300 2.555561
    14 1.263284 -1.841547 1.029062 0.811465 3.116810 0.647537
    15 1.218724 -1.798575 1.272704 1.488723 2.797431 0.572609
    16 0.004859 -0.122106 -0.000735 0.217046 0.041702 0.036316
    17 -1.061022 -1.480885 1.175125 0.069543 -0.249941 -0.119825
    18 1.061021 -1.480883 1.175125 -0.236353 0.109253 -0.906789
    19 -0.056449 -2.295350 1.487504 0.231992 0.044798 3.152163
    20 -1.220244 -1.798577 1.272703 -1.365086 -3.080293 -0.586032
    21 -0.004860 0.122106 0.000735 -0.116247 0.041702 0.036316
    22 -12.263367 -4.414145 -6.405507 0.030471 2.656774 1.014377
    23 0.096951 -8.450422 -0.009364 0.006345 -0.590884 -0.446530
    24 -0.139400 -0.111699 0.014398 0.602950 -0.047021 1.569868
    25 1.164474 -2.543937 -0.170327 0.368394 -0.114039 0.239806
    26 0.024034 -1.129039 0.017807 -0.205243 0.000000 -0.000001
    27 0.014896 -0.883992 -0.019847 -0.092211 0.000000 -0.000000
    28 0.447949 -2.798981 -0.200442 0.587628 0.047193 0.204345
    29 -0.032909 -1.480206 0.004935 -0.216234 0.000000 0.000000
    30 -0.027023 -1.076921 -0.020212 -0.107922 0.000000 -0.000000
    31 -0.249535 -2.846962 -0.174215 0.862703 0.073408 0.096039
    32 0.043235 -1.683941 0.096015 -0.230185 0.000001 0.000000
    33 0.031729 -1.160831 0.058834 0.076420 -0.000000 -0.000000
    34 -0.963867 -2.785142 -0.085346 0.624466 0.135327 -0.091592
    35 0.028477 -1.403065 0.006271 -0.012022 0.000001 0.000000
    36 0.021414 -0.957780 0.020046 0.099301 0.000000 0.000000
    37 -0.591283 -1.257737 0.232709 -1.454903 -0.118590 -2.105744
    38 1.522835 0.058679 0.016852 0.001411 -0.223174 -0.046880
    39 1.117948 0.048424 -0.005766 -0.000243 -0.188334 0.065422
    40 0.120152 -0.050266 -0.054488 0.366862 3.144320 1.551255
    41 -1.180679 -2.507216 -0.193860 0.174078 0.013294 -0.477916
    42 -0.024968 -1.123935 0.017595 -0.399958 0.000000 0.000000
    43 -0.020059 -0.890964 0.010094 -0.763707 -0.000000 -0.000000
    44 -0.488518 -2.755600 -0.228259 0.021291 -0.012955 -0.306739
    45 0.039887 -1.479790 0.029853 -0.312801 0.000000 0.000000
    46 0.028784 -1.075732 -0.023109 -0.857892 -0.000000 -0.000000
    47 0.250027 -2.820664 -0.238394 0.058021 -0.058472 -0.078775
    48 -0.049760 -1.680543 0.100480 -0.624477 0.000000 -0.000000
    49 -0.034142 -1.148310 0.084779 -1.037172 0.000000 0.000000
    50 0.957767 -2.746777 -0.090299 -0.172398 -0.139206 0.276765
    51 -0.033420 -1.397126 -0.011255 -0.473432 0.000000 0.000001
    52 -0.022361 -0.957433 0.018785 -0.858670 0.000000 0.000000
    53 0.583509 -1.197273 0.185380 0.498834 -0.339857 -0.429184
    54 1.535925 0.010248 0.005008 -0.002964 -0.491310 0.000890
    55 1.100770 0.004527 -0.010675 -0.002796 -0.975914 0.003459
  time 158
    0 6.813413 -1.780182 -8.369349 0.855464 -2.077361 -0.978858
    1 -0.071920 -8.498732 -0.104134 -0.222903 0.217435 0.109657
    2 -0.480402 -2.843485 2.688040 0.673012 -2.243426 1.543597
    3 -0.139652 0.108057 2.653092 -0.761775 1.081605 1.360897
    4 -0.011142 0.781255 -0.800262 1.749807 -0.088635 -0.028961
    5 0.000000 0.718097 -0.000002 0.101270 0.004446 -0.039453
    6 -0.000001 0.897711 1.580295 -0.150667 -0.044153 -0.157780
    7 -0.000000 -0.000000 0.811541 0.569018 -0.134605 0.274998
    8 2.366987 -1.402127 2.064244 -0.447818 0.289129 0.865288
    9 -2.274800 -1.527131 2.118935 2.500831 -0.478240 -0.720018
    10 0.082279 -2.321126 0.904065 -0.176167 0.008544 0.018050
    11 0.076694 -0.890024 3.376872 -0.948852 0.008544 0.018050
    12 1.821994 -0.139594 1.722680 0.513126 0.811034 3.113585
    13 -1.241366 -1.806391 1.056407 1.238910 -0.061300 2.555561
    14 1.263284 -1.837641 1.029062 0.815123 3.116810 0.647537
    15 1.218724 -1.798575 1.272704 1.481180 2.780913 0.582100
    16 0.004859 -0.122106 -0.000735 0.196091 0.041702 0.036316
    17 -1.061022 -1.480885 1.175125 0.126825 -0.216904 -0.119887
    18 1.061021 -1.480883 1.175125 -0.246813 0.093602 -0.908742
    19 -0.052543 -2.307069 1.483597 0.231980 0.042845 3.151707
    20 -1.220244 -1.798577 1.272703 -1.372452 -3.080293 -0.586032
    21 -0.004860 0.122106 0.000735 -0.108590 0.041702 0.036316
    22 -12.275085 -4.199295 -6.417226 0.036038 2.651302 0.985998
    23 0.096951 -8.450422 -0.009364 -0.039540 -0.603136 -0.440519
    24 -0.139400 -0.111699 0.014398 0.602950 -0.047021 1.569868
    25 1.164474 -2.543937 -0.170327 0.261103 -0.107352 0.238224
    26 0.024034 -1.129039 0.017807 -0.258328 0.000000 -0.000001
    27 0.014896 -0.883992 -0.019847 -0.189253 0.000000 -0.000000
    28 0.447949 -2.798981 -0.200442 0.475257 0.047193 0.204345
    29 -0.032909 -1.480206 0.004935 -0.280215 0.000000 0.000000
    30 -0.027023 -1.076921 -0.020212 -0.145105 0.000000 -0.000000
    31 -0.249535 -2.846962 -0.174215 0.801124 0.073408 0.096039
    32 0.043235 -1.683941 0.096015 -0.256194 0.000001 0.000000
    33 0.031729 -1.160831 0.058834 0.062348 -0.000000 -0.000000
    34 -0.963867 -2.785142 -0.085346 0.624990 0.135327 -0.091592
    35 0.028477 -1.403065 0.006271 -0.016191 0.000001 0.000000
    36 0.021414 -0.957780 0.020046 0.099637 0.000000 0.000000
    37 -0.591283 -1.257737 0.232709 -1.453621 -0.140874 -2.106177
    38 1.522835 0.058679 0.016852 0.001411 -0.223174 -0.046880
    39 1.117948 0.048424 -0.005766 -0.000243 -0.189790 0.065422
    40 0.120152 -0.050266 -0.054488 0.366862 3.144320 1.551255
    41 -1.180679 -2.507216 -0.193860 0.174078 0.013294 -0.477916
    42 -0.024968 -1.123935 0.017595 -0.399958 0.000000 0.000000
    43 -0.020059 -0.890964 0.010094 -0.763707 -0.000000 -0.000000
    44 -0.488518 -2.755600 -0.228259 0.021291 -0.012955 -0.306739
    45 0.039887 -1.479790 0.029853 -0.312801 0.000000 0.000000
    46 0.028784 -1.075732 -0.023109 -0.857892 -0.000000 -0.000000
    47 0.250027 -2.820664 -0.238394 0.058021 -0.058472 -0.078775
    48 -0.049760 -1.680543 0.100480 -0.624477 0.000000 -0.000000
    49 -0.034142 -1.148310 0.084779 -1.037172 0.000000 0.000000
    50 0.957767 -2.746777 -0.090299 -0.172398 -0.139206 0.276765
    51 -0.033420 -1.397126 -0.011255 -0.473432 0.000000 0.000001
    52 -0.022361 -0.957433 0.018785 -0.858670 0.000000 0.000000
    53 0.583509 -1.197273 0.185380 0.498834 -0.339857 -0.429184
    54 1.535925 0.010248 0.005008 -0.002964 -0.491310 0.000890
    55 1.100770 0.004527 -0.010675 -0.002796 -0.975914 0.003459
  time 159
    0 6.856383 -1.776276 -8.353724 0.850238 -2.079282 -0.972980
    1 -0.071920 -8.498732 -0.104134 -0.223715 0.214255 0.110328
    2 -0.480402 -2.843485 2.688040 0.673012 -2.243426 1.543597
    3 -0.155277 0.088525 2.676531 -0.758554 1.066514 1.362392
    4 -0.011142 0.781255 -0.800262 1.777440 -0.075596 -0.019206
    5 0.000000 0.718097 -0.000002 0.100029 0.004243 -0.037620
    6 -0.000001 0.897711 1.580295 -0.150667 -0.044153 -0.157780
    7 -0.000000 -0.000000 0.811541 0.569018 -0.134605 0.274998
    8 2.386519 -1.406034 2.068151 -0.445481 0.292881 0.873449
    9 -2.290425 -1.538850 2.126748 2.500220 -0.478084 -0.717154
    10 0.082279 -2.340657 0.907972 -0.176167 0.008544 0.018050
    11 0.076694 -0.905650 3.396404 -0.946251 0.008544 0.018050
    12 1.798556 -0.139594 1.695335 0.513126 0.811034 3.113585
    13 -1.241366 -1.806391 1.056407 1.240095 -0.061300 2.555561
    14 1.259378 -1.837641 1.032969 0.819707 3.116810 0.647537
    15 1.218724 -1.798575 1.272704 1.476210 2.767868 -5.692552
    16 0.004859 -0.122106 -0.000735 0.176841 0.041702 0.036316
    17 -1.061022 -1.480885 1.175125 0.167686 -0.187257 -0.133134
    18 1.061021 -1.480883 1.175125 -0.257658 0.078717 -0.913819
    19 -0.048636 -2.314882 1.479691 0.231956 0.040736 3.151204
    20 -1.220244 -1.798577 1.272703 -1.379911 -3.080293 -0.586032
    21 -0.004860 0.122106 0.000735 -0.100858 0.041702 0.036316
    22 -12.271179 -3.964913 -6.428945 0.042525 2.645463 0.955233
    23 0.096951 -8.450422 -0.009364 -0.085042 -0.615170 -0.433418
    24 -0.139400 -0.111699 0.014398 0.602950 -0.047021 1.569868
    25 1.164474 -2.543937 -0.170327 0.143154 -0.100700 0.236642
    26 0.024034 -1.129039 0.017807 -0.317742 0.000000 -0.000001
    27 0.014896 -0.883992 -0.019847 -0.295033 0.000000 -0.000000
    28 0.447949 -2.798981 -0.200442 0.344488 0.047193 0.204345
    29 -0.032909 -1.480206 0.004935 -0.348894 0.000000 0.000000
    30 -0.027023 -1.076921 -0.020212 -0.188550 0.000000 -0.000000
    31 -0.249535 -2.846962 -0.174215 0.706525 0.073408 0.096039
    32 0.043235 -1.683941 0.096015 -0.293873 0.000001 0.000000
    33 0.031729 -1.160831 0.058834 0.040287 -0.000000 -0.000000
    34 -0.963867 -2.785142 -0.085346 0.606670 0.135327 -0.091592
    35 0.028477 -1.403065 0.006271 -0.028541 0.000001 0.000000
    36 0.021414 -0.957780 0.020046 0.091900 0.000000 0.000000
    37 -0.591283 -1.257737 0.232709 -1.451562 -0.171673 -2.106999
    38 1.522835 0.058679 0.016852 0.001411 -0.223174 -0.046880
    39 1.117948 0.048424 -0.005766 -0.000243 -0.191292 0.065422
    40 0.120152 -0.050266 -0.054488 0.366862 3.144320 1.551255
    41 -1.180679 -2.507216 -0.193860 0.174078 0.013294 -0.477916
    42 -0.024968 -1.123935 0.017595 -0.399958 0.000000 0.000000
    43 -0.020059 -0.890964 0.010094 -0.763707 -0.000000 -0.000000
    44 -0.488518 -2.755600 -0.228259 0.021291 -0.012955 -0.306739
    45 0.039887 -1.479790 0.029853 -0.312801 0.000000 0.000000
    46 0.028784 -1.075732 -0.023109 -0.857892 -0.000000 -0.000000
    47 0.250027 -2.820664 -0.238394 0.058002 -0.058472 -0.078775
    48 -0.049760 -1.680543 0.100480 -0.624477 0.000000 -0.000000
    49 -0.034142 -1.148310 0.084779 -1.037172 0.000000 0.000000
    50 0.957767 -2.746777 -0.090299 -0.172398 -0.139206 0.276765
    51 -0.033420 -1.397126 -0.011255 -0.473432 0.000000 0.000001
    52 -0.022361 -0.957433 0.018785 -0.858670 0.000000 0.000000
    53 0.583509 -1.197273 0.185380 0.498834 -0.339857 -0.429184
    54 1.535925 0.010248 0.005008 -0.002964 -0.491310 0.000890
    55 1.100770 0.004527 -0.010675 -0.002796 -0.975914 0.003459
  time 160
    0 6.895446 -1.772370 -8.334192 0.845467 -2.081037 -0.967469
    1 -0.071920 -8.498732 -0.104134 -0.224416 0.211424 0.110922
    2 -0.480402 -2.843485 2.688040 0.673012 -2.243426 1.543597
    3 -0.170903 0.068993 2.696063 -0.755653 1.052177 1.363751
    4 -0.011142 0.781255 -0.800262 1.797795 -0.065733 -0.011488
    5 0.000000 0.718097 -0.000002 0.098495 0.004027 -0.035750
    6 -0.000001 0.897711 1.580295 -0.150667 -0.044153 -0.157780
    7 -0.000000 -0.000000 0.811541 0.569018 -0.134605 0.274998
    8 2.398238 -1.409940 2.072057 -0.443827 0.295481 0.879166
    9 -2.298238 -1.546663 2.134561 2.499717 -0.477964 -0.714805
    10 0.082279 -2.356283 0.911878 -0.176167 0.008544 0.018050
    11 0.076694 -0.913462 3.412029 -0.944118 0.008544 0.018050
    12 1.775118 -0.139594 1.671897 0.513126 0.811034 3.113585
    13 -1.241366 -1.806391 1.056407 1.241280 -0.061300 2.555561
    14 1.259378 -1.833735 1.032969 0.825366 3.116810 0.647537
    15 1.218724 -1.798575 1.272704 1.473636 2.759233 -5.686128
    16 0.004859 -0.122106 -0.000735 0.160976 0.041702 0.036316
    17 -1.061022 -1.480885 1.175125 0.194938 -0.157316 -0.163995
    18 1.061021 -1.480883 1.175125 -0.269915 0.062301 -0.920188
    19 -0.044730 -2.322694 1.475785 0.231932 0.038495 3.150676
    20 -1.220244 -1.798577 1.272703 -1.387370 -3.080293 -0.586032
    21 -0.004860 0.122106 0.000735 -0.093068 0.041702 0.036316
    22 -12.255554 -3.730531 -6.440664 0.050062 2.639284 0.923216
    23 0.096951 -8.450422 -0.009364 -0.129268 -0.626475 -0.425291
    24 -0.139400 -0.111699 0.014398 0.602950 -0.047021 1.569868
    25 1.164474 -2.543937 -0.170327 0.019306 -0.094216 0.235108
    26 0.024034 -1.129039 0.017807 -0.381434 0.000000 -0.000001
    27 0.014896 -0.883992 -0.019847 -0.405106 0.000000 -0.000000
    28 0.447949 -2.798981 -0.200442 0.201454 0.047193 0.204345
    29 -0.032909 -1.480206 0.004935 -0.420016 0.000000 0.000000
    30 -0.027023 -1.076921 -0.020212 -0.236866 0.000000 -0.000000
    31 -0.249535 -2.846962 -0.174215 0.585574 0.073408 0.096039
    32 0.043235 -1.683941 0.096015 -0.340845 0.000001 0.000000
    33 0.031729 -1.160831 0.058834 0.011464 -0.000000 -0.000000
    34 -0.963867 -2.785142 -0.085346 0.555286 0.135327 -0.091592
    35 0.028477 -1.403065 0.006271 -0.055334 0.000001 0.000000
    36 0.021414 -0.957780 0.020046 0.070204 0.000000 0.000000
    37 -0.591283 -1.257737 0.232709 -1.448816 -0.209207 -2.108384
    38 1.522835 0.058679 0.016852 0.001411 -0.223174 -0.046880
    39 1.117948 0.048424 -0.005766 -0.000243 -0.192933 0.065422
    40 0.120152 -0.050266 -0.054488 0.366862 3.144320 1.551255
    41 -1.180679 -2.507216 -0.193860 0.174078 0.013294 -0.477916
    42 -0.024968 -1.123935 0.017595 -0.399958 0.000000 0.000000
    43 -0.020059 -0.890964 0.010094 -0.763707 -0.000000 -0.000000
    44 -0.488518 -2.755600 -0.228259 0.021291 -0.012955 -0.306739
    45 0.039887 -1.479790 0.029853 -0.312801 0.000000 0.000000
    46 0.028784 -1.075732 -0.023109 -0.857892 -0.000000 -0.000000
    47 0.250027 -2.820664 -0.238394 0.058002 -0.058472 -0.078775
    48 -0.049760 -1.680543 0.100480 -0.624477 0.000000 -0.000000
    49 -0.034142 -1.148310 0.084779 -1.037172 0.000000 0.000000
    50 0.957767 -2.746777 -0.090299 -0.172398 -0.139206 0.276765
    51 -0.033420 -1.397126 -0.011255 -0.473432 0.000000 0.000001
    52 -0.022361 -0.957433 0.018785 -0.858670 0.000000 0.000000
    53 0.583509 -1.197273 0.185380 0.498834 -0.339857 -0.429184
    54 1.535925 0.010248 0.005008 -0.002964 -0.491310 0.000890
    55 1.100770 0.004527 -0.010675 -0.002796 -0.975914 0.003459
  time 161
    0 6.926697 -1.768463 -8.318567 0.841150 -2.082582 -0.962602
    1 -0.071920 -8.498732 -0.104134 -0.224970 0.208978 0.111424
    2 -0.480402 -2.843485 2.688040 0.673012 -2.243426 1.543597
    3 -0.182622 0.049462 2.711688 -0.753346 1.040100 1.364839
    4 -0.011142 0.781255 -0.800262 1.806905 -0.060160 -0.006646
    5 0.000000 0.718097 -0.000002 0.096645 0.003823 -0.033856
    6 -0.000001 0.897711 1.580295 -0.150667 -0.044153 -0.157780
    7 -0.000000 -0.000000 0.811541 0.569018 -0.134605 0.274998
    8 2.409957 -1.413846 2.075963 -0.442521 0.297495 0.883612
    9 -2.306051 -1.554476 2.142374 2.499333 -0.477868 -0.712983
    10 0.082279 -2.368002 0.915784 -0.176167 0.008544 0.018050
    11 0.076694 -0.921275 3.423748 -0.942464 0.008544 0.018050
    12 1.747773 -0.139594 1.644552 0.513126 0.811034 3.113585
    13 -1.241366 -1.806391 1.056407 1.242465 -0.061300 2.555561
    14 1.259378 -1.833735 1.036875 0.832188 3.116810 0.647537
    15 1.218724 -1.798575 1.272704 1.473370 2.756230 -5.682485
    16 0.004859 -0.122106 -0.000735 0.150201 0.041702 0.036316
    17 -1.061022 -1.480885 1.175125 0.215172 -0.123205 -0.212532
    18 1.061021 -1.480883 1.175125 -0.283841 0.043129 -0.926017
    19 -0.044730 -2.334414 1.471878 0.231908 0.036122 3.150113
    20 -1.220244 -1.798577 1.272703 -1.394830 -3.080293 -0.586032
    21 -0.004860 0.122106 0.000735 -0.085297 0.041702 0.036316
    22 -12.220397 -3.492242 -6.452383 0.058675 2.632818 0.890900
    23 0.096951 -8.450422 -0.009364 -0.171359 -0.636556 -0.416235
    24 -0.139400 -0.111699 0.014398 0.602950 -0.047021 1.569868
    25 1.164474 -2.543937 -0.170327 -0.105683 -0.088092 0.233658
    26 0.024034 -1.129039 0.017807 -0.447452 0.000000 -0.000001
    27 0.014896 -0.883992 -0.019847 -0.515064 0.000000 -0.000000
    28 0.447949 -2.798981 -0.200442 0.052334 0.047193 0.204345
    29 -0.032909 -1.480206 0.004935 -0.491265 0.000000 0.000000
    30 -0.027023 -1.076921 -0.020212 -0.288550 0.000000 -0.000000
    31 -0.249535 -2.846962 -0.174215 0.444802 0.073408 0.096039
    32 0.043235 -1.683941 0.096015 -0.394693 0.000001 0.000000
    33 0.031729 -1.160831 0.058834 -0.022955 -0.000000 -0.000000
    34 -0.963867 -2.785142 -0.085346 0.476423 0.135327 -0.091592
    35 0.028477 -1.403065 0.006271 -0.094075 0.000001 0.000000
    36 0.021414 -0.957780 0.020046 0.036881 0.000000 0.000000
    37 -0.591283 -1.257737 0.232709 -1.445420 -0.251664 -2.110418
    38 1.522835 0.058679 0.016852 0.001411 -0.223174 -0.046880
    39 1.117948 0.048424 -0.005766 -0.000243 -0.194898 0.065422
    40 0.120152 -0.050266 -0.054488 0.366862 3.144320 1.551255
    41 -1.180679 -2.507216 -0.193860 0.174078 0.013294 -0.477916
    42 -0.024968 -1.123935 0.017595 -0.399958 0.000000 0.000000
    43 -0.020059 -0.890964 0.010094 -0.763707 -0.000000 -0.000000
    44 -0.488518 -2.755600 -0.228259 0.021291 -0.012955 -0.306739
    45 0.039887 -1.479790 0.029853 -0.312801 0.000000 0.000000
    46 0.028784 -1.075732 -0.023109 -0.857892 -0.000000 -0.000000
    47 0.250027 -2.820664 -0.238394 0.058002 -0.058472 -0.078775
    48 -0.049760 -1.680543 0.100480 -0.624477 0.000000 -0.000000
    49 -0.034142 -1.148310 0.084779 -1.037172 0.000000 0.000000
    50 0.957767 -2.746777 -0.090299 -0.172259 -0.139206 0.276765
    51 -0.033420 -1.397126 -0.011255 -0.473446 0.000000 0.000001
    52 -0.022361 -0.957433 0.018785 -0.858670 0.000000 0.000000
    53 0.583509 -1.197273 0.185380 0.498834 -0.339857 -0.429184
    54 1.535925 0.010248 0.005008 -0.002964 -0.491310 0.000890
    55 1.100770 0.004527 -0.010675 -0.002796 -0.975914 0.003459
  time 162
    0 6.957948 -1.768463 -8.299035 0.837514 -2.083878 -0.958377
    1 -0.071920 -8.498732 -0.104134 -0.225376 0.206952 0.111851
    2 -0.480402 -2.843485 2.688040 0.673012 -2.243426 1.543597
    3 -0.190435 0.037742 2.723407 -0.751815 1.031740 1.365573
    4 -0.011142 0.781255 -0.800262 1.803894 -0.059537 -0.004752
    5 0.000000 0.718097 -0.000002 0.094454 0.003607 -0.031963
    6 -0.000001 0.897711 1.580295 -0.150667 -0.044153 -0.157780
    7 -0.000000 -0.000000 0.811541 0.569018 -0.134605 0.274998
    8 2.417770 -1.413846 2.079870 -0.441586 0.298933 0.886788
    9 -2.313863 -1.562289 2.146280 2.499058 -0.477796 -0.711677
    10 0.082279 -2.375814 0.915784 -0.176167 0.008544 0.018050
    11 0.076694 -0.929088 3.431561 -0.941278 0.008544 0.018050
    12 1.724335 -0.139594 1.621114 0.513126 0.811034 3.113585
    13 -1.241366 -1.806391 1.056407 1.243650 -0.061300 2.555561
    14 1.255471 -1.829828 1.036875 0.841548 3.116510 0.647034
    15 1.218724 -1.798575 1.272704 1.476653 2.758952 -5.680855
    16 0.004859 -0.122106 -0.000735 0.142701 0.041702 0.036316
    17 -1.061022 -1.480885 1.175125 0.229291 -0.086537 -0.274153
    18 1.061021 -1.480883 1.175125 -0.298472 0.022976 -0.931695
    19 -0.040824 -2.342226 1.467972 0.231896 0.033665 3.149538
    20 -1.220244 -1.798577 1.272703 -1.402289 -3.080293 -0.586032
    21 -0.004860 0.122106 0.000735 -0.077546 0.041702 0.036316
    22 -12.169614 -3.265673 -6.460196 0.068444 2.626063 0.859301
    23 0.096951 -8.450422 -0.009364 -0.210388 -0.644883 -0.406280
    24 -0.139400 -0.111699 0.014398 0.602950 -0.047021 1.569868
    25 1.164474 -2.543937 -0.170327 -0.227014 -0.082472 0.232328
    26 0.024034 -1.129039 0.017807 -0.513770 0.000000 -0.000001
    27 0.014896 -0.883992 -0.019847 -0.620346 0.000000 -0.000000
    28 0.447949 -2.798981 -0.200442 -0.096833 0.047193 0.204345
    29 -0.032909 -1.480206 0.004935 -0.560419 0.000000 0.000000
    30 -0.027023 -1.076921 -0.020212 -0.342209 0.000000 -0.000000
    31 -0.249535 -2.846962 -0.174215 0.290831 0.073408 0.096039
    32 0.043235 -1.683941 0.096015 -0.453019 0.000001 0.000000
    33 0.031729 -1.160831 0.058834 -0.061774 -0.000000 -0.000000
    34 -0.963867 -2.785142 -0.085346 0.375537 0.135327 -0.091592
    35 0.028477 -1.403065 0.006271 -0.142341 0.000001 0.000000
    36 0.021414 -0.957780 0.020046 -0.005735 0.000000 0.000000
    37 -0.591283 -1.257737 0.232709 -1.441464 -0.297249 -2.113210
    38 1.522835 0.058679 0.016852 0.001411 -0.223174 -0.046880
    39 1.117948 0.048424 -0.005766 -0.000243 -0.197278 0.065422
    40 0.120152 -0.050266 -0.054488 0.366862 3.144320 1.551255
    41 -1.180679 -2.507216 -0.193860 0.174078 0.013294 -0.477916
    42 -0.024968 -1.123935 0.017595 -0.399958 0.000000 0.000000
    43 -0.020059 -0.890964 0.010094 -0.763707 -0.000000 -0.000000
    44 -0.488518 -2.755600 -0.228259 0.021291 -0.012955 -0.306739
    45 0.039887 -1.479790 0.029853 -0.312801 0.000000 0.000000
    46 0.028784 -1.075732 -0.023109 -0.857892 -0.000000 -0.000000
    47 0.250027 -2.820664 -0.238394 0.058002 -0.058472 -0.078775
    48 -0.049760 -1.680543 0.100480 -0.624477 0.000000 -0.000000
    49 -0.034142 -1.148310 0.084779 -1.037172 0.000000 0.000000
    50 0.957767 -2.746777 -0.090299 -0.171825 -0.139206 0.276765
    51 -0.033420 -1.397126 -0.011255 -0.473475 0.000000 0.000001
    52 -0.022361 -0.957433 0.018785 -0.858670 0.000000 0.000000
    53 0.583509 -1.197273 0.185380 0.498834 -0.339857 -0.429184
    54 1.535925 0.010248 0.005008 -0.002964 -0.491310 0.000890
    55 1.100770 0.004527 -0.010675 -0.002796 -0.975914 0.003459
  time 163
    0 6.977480 -1.764557 -8.283409 0.834560 -2.084838 -0.954979
    1 -0.071920 -8.498732 -0.104134 -0.225671 0.205449 0.112171
    2 -0.480402 -2.843485 2.688040 0.673012 -2.243426 1.543597
    3 -0.194341 0.033836 2.731220 -0.751244 1.028620 1.365844
    4 -0.011142 0.781255 -0.800262 1.792248 -0.063108 -0.004944
    5 0.000000 0.718097 -0.000002 0.091898 0.003392 -0.030045
    6 -0.000001 0.897711 1.580295 -0.150667 -0.044153 -0.157780
    7 -0.000000 -0.000000 0.811541 0.569018 -0.134605 0.274998
    8 2.421676 -1.417753 2.079870 -0.441035 0.299796 0.888694
    9 -2.317770 -1.566195 2.146280 2.498890 -0.477749 -0.710898
    10 0.082279 -2.383627 0.915784 -0.176167 0.008544 0.018050
    11 0.076694 -0.932994 3.439374 -0.940571 0.008544 0.018050
    12 1.704803 -0.139594 1.597676 0.513126 0.811034 3.113585
    13 -1.241366 -1.806391 1.056407 1.244835 -0.061300 2.555561
    14 1.255471 -1.825922 1.040781 0.854438 3.115684 0.645631
    15 1.218724 -1.798575 1.272704 1.484641 2.766554 -5.679800
    16 0.004859 -0.122106 -0.000735 0.135554 0.041702 0.036316
    17 -1.061022 -1.480885 1.175125 0.238167 -0.048896 -0.344242
    18 1.061021 -1.480883 1.175125 -0.312815 0.003711 -0.937674
    19 -0.036917 -2.353945 1.464065 0.231872 0.031148 3.148939
    20 -1.220244 -1.798577 1.272703 -1.409655 -3.080293 -0.586032
    21 -0.004860 0.122106 0.000735 -0.069889 0.041702 0.036316
    22 -12.103206 -3.058635 -6.471915 0.079447 2.619046 0.829490
    23 0.096951 -8.450422 -0.009364 -0.245527 -0.650932 -0.395541
    24 -0.139400 -0.111699 0.014398 0.602950 -0.047021 1.569868
    25 1.164474 -2.543937 -0.170327 -0.339850 -0.077522 0.231153
    26 0.024034 -1.129039 0.017807 -0.578387 0.000000 -0.000001
    27 0.014896 -0.883992 -0.019847 -0.716506 0.000000 -0.000000
    28 0.447949 -2.798981 -0.200442 -0.239868 0.047193 0.204345
    29 -0.032909 -1.480206 0.004935 -0.625162 0.000000 0.000000
    30 -0.027023 -1.076921 -0.020212 -0.396370 0.000000 -0.000000
    31 -0.249535 -2.846962 -0.174215 0.130239 0.073408 0.096039
    32 0.043235 -1.683941 0.096015 -0.513448 0.000001 0.000000
    33 0.031729 -1.160831 0.058834 -0.103892 -0.000000 -0.000000
    34 -0.963867 -2.785142 -0.085346 0.258121 0.135327 -0.091592
    35 0.028477 -1.403065 0.006271 -0.197671 0.000001 0.000000
    36 0.021414 -0.957780 0.020046 -0.055309 0.000000 0.000000
    37 -0.591283 -1.257737 0.232709 -1.437003 -0.344196 -2.116910
    38 1.522835 0.058679 0.016852 0.001411 -0.223174 -0.046880
    39 1.117948 0.048424 -0.005766 -0.000243 -0.200260 0.065422
    40 0.120152 -0.050266 -0.054488 0.366862 3.144320 1.551255
    41 -1.180679 -2.507216 -0.193860 0.174078 0.013294 -0.477916
    42 -0.024968 -1.123935 0.017595 -0.399958 0.000000 0.000000
    43 -0.020059 -0.890964 0.010094 -0.763707 -0.000000 -0.000000
    44 -0.488518 -2.755600 -0.228259 0.021291 -0.012955 -0.306739
    45 0.039887 -1.479790 0.029853 -0.312801 0.000000 0.000000
    46 0.028784 -1.075732 -0.023109 -0.857892 -0.000000 -0.000000
    47 0.250027 -2.820664 -0.238394 0.058002 -0.058472 -0.078775
    48 -0.049760 -1.680543 0.100480 -0.624477 0.000000 -0.000000
    49 -0.034142 -1.148310 0.084779 -1.037172 0.000000 0.000000
    50 0.957767 -2.746777 -0.090299 -0.171113 -0.139206 0.276765
    51 -0.033420 -1.397126 -0.011255 -0.473531 0.000000 0.000001
    52 -0.022361 -0.957433 0.018785 -0.858670 0.000000 0.000000
    53 0.583509 -1.197273 0.185380 0.498834 -0.339857 -0.429184
    54 1.535925 0.010248 0.005008 -0.002964 -0.491310 0.000890
    55 1.100770 0.004527 -0.010675 -0.002796 -0.975914 0.003459
  time 164
    0 6.989199 -1.760651 -8.263878 0.832439 -2.085465 -0.952591
    1 -0.071920 -8.498732 -0.104134 -0.225819 0.204506 0.112369
    2 -0.480402 -2.843485 2.688040 0.673012 -2.243426 1.543597
    3 -0.194341 0.033836 2.727314 -0.748982 1.030601 1.368835
    4 -0.011142 0.781255 -0.800262 1.774403 -0.069807 -0.006730
    5 0.000000 0.718097 -0.000002 0.088953 0.003176 -0.028140
    6 -0.000001 0.897711 1.580295 -0.150667 -0.044153 -0.157780
    7 -0.000000 -0.000000 0.811541 0.569018 -0.134605 0.274998
    8 2.425582 -1.421659 2.083776 -0.440843 0.300083 0.889329
    9 -2.321676 -1.566195 2.150186 2.498830 -0.477737 -0.710634
    10 0.082279 -2.387534 0.915784 -0.176167 0.008544 0.018050
    11 0.076694 -0.932994 3.443280 -0.940331 0.008544 0.018050
    12 1.689178 -0.139594 1.582051 0.513126 0.811034 3.113585
    13 -1.241366 -1.806391 1.056407 1.245935 -0.061300 2.555561
    14 1.251565 -1.825922 1.040781 0.870362 3.114365 0.643414
    15 1.218724 -1.798575 1.272704 1.496710 2.778285 -5.679417
    16 0.004859 -0.122106 -0.000735 0.128758 0.041702 0.036316
    17 -1.061022 -1.480885 1.175125 0.242703 -0.011882 -0.418206
    18 1.061021 -1.480883 1.175125 -0.325874 -0.012827 -0.944344
    19 -0.033011 -2.361758 1.460159 0.231860 0.028571 3.148327
    20 -1.220244 -1.798577 1.272703 -1.416927 -3.080293 -0.586032
    21 -0.004860 0.122106 0.000735 -0.062345 0.041702 0.036316
    22 -12.025078 -2.871130 -6.479728 0.091790 2.611820 0.802481
    23 0.096951 -8.450422 -0.009364 -0.275851 -0.654204 -0.384048
    24 -0.139400 -0.111699 0.014398 0.602950 -0.047021 1.569868
    25 1.164474 -2.543937 -0.170327 -0.439393 -0.073387 0.230183
    26 0.024034 -1.129039 0.017807 -0.639302 0.000000 -0.000001
    27 0.014896 -0.883992 -0.019847 -0.799099 0.000000 -0.000000
    28 0.447949 -2.798981 -0.200442 -0.370637 0.047193 0.204345
    29 -0.032909 -1.480206 0.004935 -0.683241 0.000000 0.000000
    30 -0.027023 -1.076921 -0.020212 -0.449612 0.000000 -0.000000
    31 -0.249535 -2.846962 -0.174215 -0.030309 0.073408 0.096039
    32 0.043235 -1.683941 0.096015 -0.573603 0.000001 0.000000
    33 0.031729 -1.160831 0.058834 -0.148048 -0.000000 -0.000000
    34 -0.963867 -2.785142 -0.085346 0.129724 0.135327 -0.091592
    35 0.028477 -1.403065 0.006271 -0.257588 0.000001 0.000000
    36 0.021414 -0.957780 0.020046 -0.109551 0.000000 0.000000
    37 -0.591283 -1.257737 0.232709 -1.432126 -0.390694 -2.121627
    38 1.522835 0.058679 0.016852 0.001411 -0.223174 -0.046880
    39 1.117948 0.048424 -0.005766 -0.000243 -0.203935 0.065422
    40 0.120152 -0.050266 -0.054488 0.366862 3.144320 1.551255
    41 -1.180679 -2.507216 -0.193860 0.174078 0.013294 -0.477916
    42 -0.024968 -1.123935 0.017595 -0.399958 0.000000 0.000000
    43 -0.020059 -0.890964 0.010094 -0.763707 -0.000000 -0.000000
    44 -0.488518 -2.755600 -0.228259 0.021291 -0.012955 -0.306739
    45 0.039887 -1.479790 0.029853 -0.312801 0.000000 0.000000
    46 0.028784 -1.075732 -0.023109 -0.857892 -0.000000 -0.000000
    47 0.250027 -2.820664 -0.238394 0.058002 -0.058472 -0.078775
    48 -0.049760 -1.680543 0.100480 -0.624477 0.000000 -0.000000
    49 -0.034142 -1.148310 0.084779 -1.037172 0.000000 0.000000
    50 0.957767 -2.746777 -0.090299 -0.170165 -0.139206 0.276765
    51 -0.033420 -1.397126 -0.011255 -0.473602 0.000000 0.000001
    52 -0.022361 -0.957433 0.018785 -0.858670 0.000000 0.000000
    53 0.583509 -1.197273 0.185380 0.498834 -0.339857 -0.429184
    54 1.535925 0.010248 0.005008 -0.002964 -0.491310 0.000890
    55 1.100770 0.004527 -0.010675 -0.002796 -0.975914 0.003459
  time 165
    0 6.993106 -1.756744 -8.248252 0.831228 -2.085632 -0.951121
    1 -0.071920 -8.498732 -0.104134 -0.225893 0.204191 0.112430
    2 -0.480402 -2.843485 2.688040 0.673012 -2.243426 1.543597
    3 -0.190435 0.037742 2.723407 -0.742426 1.036192 1.377452
    4 -0.011142 0.781255 -0.800262 1.752970 -0.078604 -0.009642
    5 0.000000 0.718097 -0.000002 0.085593 0.002960 -0.026222
    6 -0.000001 0.897711 1.580295 -0.150667 -0.044153 -0.157780
    7 -0.000000 -0.000000 0.811541 0.569018 -0.134605 0.274998
    8 2.425582 -1.421659 2.083776 -0.441035 0.299796 0.888694
    9 -2.321676 -1.566195 2.150186 2.498890 -0.477749 -0.710898
    10 0.082279 -2.391440 0.919691 -0.176167 0.008544 0.018050
    11 0.076694 -0.932994 3.443280 -0.940571 0.008544 0.018050
    12 1.677459 -0.139594 1.570331 0.513126 0.811034 3.113585
    13 -1.241366 -1.806391 1.056407 1.247036 -0.061300 2.555561
    14 1.251565 -1.822016 1.044688 0.888868 3.112627 0.640502
    15 1.218724 -1.798575 1.272704 1.512418 2.793676 -5.679417
    16 0.004859 -0.122106 -0.000735 0.122315 0.041702 0.036316
    17 -1.061022 -1.480885 1.175125 0.243755 0.022920 -0.491494
    18 1.061021 -1.480883 1.175125 -0.336559 -0.024833 -0.952125
    19 -0.029105 -2.369571 1.456253 0.231836 0.025983 3.147716
    20 -1.220244 -1.798577 1.272703 -1.424013 -3.080293 -0.586032
    21 -0.004860 0.122106 0.000735 -0.054954 0.041702 0.036316
    22 -11.927419 -2.722687 -6.491447 0.105498 2.604411 0.779229
    23 0.096951 -8.450422 -0.009364 -0.300499 -0.654188 -0.371882
    24 -0.139400 -0.111699 0.014398 0.602950 -0.047021 1.569868
    25 1.164474 -2.543937 -0.170327 -0.520922 -0.070235 0.229428
    26 0.024034 -1.129039 0.017807 -0.694513 0.000000 -0.000001
    27 0.014896 -0.883992 -0.019847 -0.863602 0.000000 -0.000000
    28 0.447949 -2.798981 -0.200442 -0.483008 0.047193 0.204345
    29 -0.032909 -1.480206 0.004935 -0.732369 0.000000 0.000000
    30 -0.027023 -1.076921 -0.020212 -0.500488 0.000000 -0.000000
    31 -0.249535 -2.846962 -0.174215 -0.184279 0.073408 0.096039
    32 0.043235 -1.683941 0.096015 -0.631046 0.000001 0.000000
    33 0.031729 -1.160831 0.058834 -0.193110 -0.000000 -0.000000
    34 -0.963867 -2.785142 -0.085346 -0.004194 0.135327 -0.091592
    35 0.028477 -1.403065 0.006271 -0.319669 0.000001 0.000000
    36 0.021414 -0.957780 0.020046 -0.166105 0.000000 0.000000
    37 -0.591283 -1.257737 0.232709 -1.426869 -0.434963 -2.127470
    38 1.522835 0.058679 0.016852 0.001411 -0.223174 -0.046880
    39 1.117948 0.048424 -0.005766 -0.000243 -0.208465 0.065422
    40 0.120152 -0.050266 -0.054488 0.366862 3.144320 1.551255
    41 -1.180679 -2.507216 -0.193860 0.174078 0.013294 -0.477916
    42 -0.024968 -1.123935 0.017595 -0.399958 0.000000 0.000000
    43 -0.020059 -0.890964 0.010094 -0.763707 -0.000000 -0.000000
    44 -0.488518 -2.755600 -0.228259 0.021291 -0.012955 -0.306739
    45 0.039887 -1.479790 0.029853 -0.312801 0.000000 0.000000
    46 0.028784 -1.075732 -0.023109 -0.857892 -0.000000 -0.000000
    47 0.250027 -2.820664 -0.238394 0.058002 -0.058472 -0.078775
    48 -0.049760 -1.680543 0.100480 -0.624477 0.000000 -0.000000
    49 -0.034142 -1.148310 0.084779 -1.037172 0.000000 0.000000
    50 0.957767 -2.746777 -0.090299 -0.168959 -0.139206 0.276765
    51 -0.033420 -1.397126 -0.011255 -0.473687 0.000000 0.000001
    52 -0.022361 -0.957433 0.018785 -0.858670 0.000000 0.000000
    53 0.583509 -1.197273 0.185380 0.498834 -0.339857 -0.429184
    54 1.535925 0.010248 0.005008 -0.002964 -0.491310 0.000890
    55 1.100770 0.004527 -0.010675 -0.002796 -0.975914 0.003459
  time 166
    0 6.997012 -1.752838 -8.228721 0.831000 -2.085381 -0.950846
    1 -0.071920 -8.498732 -0.104134 -0.225597 0.204645 0.112339
    2 -0.480402 -2.843485 2.688040 0.673012 -2.243426 1.543597
    3 -0.186528 0.045555 2.719501 -0.731872 1.044833 1.391208
    4 -0.011142 0.781255 -0.800262 1.730407 -0.088455 -0.013189
    5 0.000000 0.718097 -0.000002 0.081796 0.002744 -0.024329
    6 -0.000001 0.897711 1.580295 -0.150667 -0.044153 -0.157780
    7 -0.000000 -0.000000 0.811541 0.569018 -0.134605 0.274998
    8 2.425582 -1.421659 2.083776 -0.441586 0.298933 0.886788
    9 -2.321676 -1.566195 2.150186 2.499058 -0.477796 -0.711677
    10 0.082279 -2.387534 0.915784 -0.176167 0.008544 0.018050
    11 0.076694 -0.932994 3.443280 -0.941278 0.008544 0.018050
    12 1.673552 -0.139594 1.566425 0.513126 0.811034 3.113585
    13 -1.241366 -1.806391 1.056407 1.248136 -0.061300 2.555561
    14 1.251565 -1.822016 1.044688 0.909504 3.110554 0.637002
    15 1.218724 -1.798575 1.272704 1.531144 2.812165 -5.679896
    16 0.004859 -0.122106 -0.000735 0.116223 0.041702 0.036316
    17 -1.061022 -1.480885 1.175125 0.242243 0.053935 -0.559471
    18 1.061021 -1.480883 1.175125 -0.343939 -0.030438 -0.961439
    19 -0.025198 -2.377383 1.452346 0.231824 0.023382 3.147105
    20 -1.220244 -1.798577 1.272703 -1.430913 -3.080293 -0.586032
    21 -0.004860 0.122106 0.000735 -0.047752 0.041702 0.036316
    22 -11.818041 -2.609403 -6.499260 0.120651 2.596818 0.760865
    23 0.096951 -8.450422 -0.009364 -0.318611 -0.650342 -0.359122
    24 -0.139400 -0.111699 0.014398 0.602950 -0.047021 1.569868
    25 1.164474 -2.543937 -0.170327 -0.579602 -0.068234 0.228960
    26 0.024034 -1.129039 0.017807 -0.741994 0.000000 -0.000001
    27 0.014896 -0.883992 -0.019847 -0.905607 0.000000 -0.000000
    28 0.447949 -2.798981 -0.200442 -0.570847 0.047193 0.204345
    29 -0.032909 -1.480206 0.004935 -0.770295 0.000000 0.000000
    30 -0.027023 -1.076921 -0.020212 -0.547552 0.000000 -0.000000
    31 -0.249535 -2.846962 -0.174215 -0.325051 0.073408 0.096039
    32 0.043235 -1.683941 0.096015 -0.683422 0.000001 0.000000
    33 0.031729 -1.160831 0.058834 -0.237913 -0.000000 -0.000000
    34 -0.963867 -2.785142 -0.085346 -0.138111 0.135327 -0.091592
    35 0.028477 -1.403065 0.006271 -0.381435 0.000001 0.000000
    36 0.021414 -0.957780 0.020046 -0.222659 0.000000 0.000000
    37 -0.591283 -1.257737 0.232709 -1.421324 -0.475190 -2.134567
    38 1.522835 0.058679 0.016852 0.001411 -0.223174 -0.046880
    39 1.117948 0.048424 -0.005766 -0.000243 -0.213989 0.065422
    40 0.120152 -0.050266 -0.054488 0.366862 3.144320 1.551255
    41 -1.180679 -2.507216 -0.193860 0.174078 0.013294 -0.477916
    42 -0.024968 -1.123935 0.017595 -0.399958 0.000000 0.000000
    43 -0.020059 -0.890964 0.010094 -0.763707 -0.000000 -0.000000
    44 -0.488518 -2.755600 -0.228259 0.021291 -0.012955 -0.306739
    45 0.039887 -1.479790 0.029853 -0.312801 0.000000 0.000000
    46 0.028784 -1.075732 -0.023109 -0.857892 -0.000000 -0.000000
    47 0.250027 -2.820664 -0.238394 0.058002 -0.058472 -0.078775
    48 -0.049760 -1.680543 0.100480 -0.624477 0.000000 -0.000000
    49 -0.034142 -1.148310 0.084779 -1.037172 0.000000 0.000000
    50 0.957767 -2.746777 -0.090299 -0.167536 -0.139206 0.276765
    51 -0.033420 -1.397126 -0.011255 -0.473786 0.000000 0.000001
    52 -0.022361 -0.957433 0.018785 -0.858670 0.000000 0.000000
    53 0.583509 -1.197273 0.185380 0.498834 -0.339857 -0.429184
    54 1.535925 0.010248 0.005008 -0.002964 -0.491310 0.000890
    55 1.100770 0.004527 -0.010675 -0.002796 -0.975914 0.003459
  time 167
    0 6.993106 -1.748932 -8.209188 0.831909 -2.084588 -0.951764
    1 -0.071920 -8.498732 -0.104134 -0.224785 0.205973 0.112080
    2 -0.480402 -2.843485 2.688040 0.673012 -2.243426 1.543597
    3 -0.178715 0.053368 2.711688 -0.717481 1.055998 1.409802
    4 -0.011142 0.781255 -0.800262 1.709249 -0.098343 -0.016905
    5 0.000000 0.718097 -0.000002 0.077511 0.002529 -0.022447
    6 -0.000001 0.897711 1.580295 -0.150667 -0.044153 -0.157780
    7 -0.000000 -0.000000 0.811541 0.569018 -0.134605 0.274998
    8 2.417770 -1.421659 2.083776 -0.442521 0.297495 0.883612
    9 -2.317770 -1.566195 2.146280 2.499333 -0.477868 -0.712983
    10 0.082279 -2.383627 0.915784 -0.176167 0.008544 0.018050
    11 0.076694 -0.929088 3.439374 -0.942464 0.008544 0.018050
    12 1.673552 -0.139594 1.566425 0.513126 0.811034 3.113585
    13 -1.241366 -1.806391 1.056407 1.249152 -0.061300 2.555561
    14 1.247659 -1.818109 1.044688 0.931776 3.108181 0.633024
    15 1.218724 -1.798575 1.272704 1.552354 2.833188 -5.680759
    16 0.004859 -0.122106 -0.000735 0.110510 0.041702 0.036316
    17 -1.061022 -1.480885 1.175125 0.239038 0.079553 -0.617564
    18 1.061021 -1.480883 1.175125 -0.348303 -0.030223 -0.972135
    19 -0.021292 -2.389102 1.448440 0.231812 0.020817 3.146506
    20 -1.220244 -1.798577 1.272703 -1.437626 -3.080293 -0.586032
    21 -0.004860 0.122106 0.000735 -0.040796 0.041702 0.036316
    22 -11.696943 -2.531275 -6.510979 0.137195 2.589043 0.746139
    23 0.096951 -8.450422 -0.009364 -0.331174 -0.643302 -0.345690
    24 -0.139400 -0.111699 0.014398 0.602950 -0.047021 1.569868
    25 1.164474 -2.543937 -0.170327 -0.610633 -0.067527 0.228792
    26 0.024034 -1.129039 0.017807 -0.779769 0.000000 -0.000001
    27 0.014896 -0.883992 -0.019847 -0.920593 0.000000 -0.000000
    28 0.447949 -2.798981 -0.200442 -0.628071 0.047193 0.204345
    29 -0.032909 -1.480206 0.004935 -0.794700 0.000000 0.000000
    30 -0.027023 -1.076921 -0.020212 -0.589355 0.000000 -0.000000
    31 -0.249535 -2.846962 -0.174215 -0.446047 0.073408 0.096039
    32 0.043235 -1.683941 0.096015 -0.728334 0.000001 0.000000
    33 0.031729 -1.160831 0.058834 -0.281228 -0.000000 -0.000000
    34 -0.963867 -2.785142 -0.085346 -0.266508 0.135327 -0.091592
    35 0.028477 -1.403065 0.006271 -0.440428 0.000001 0.000000
    36 0.021414 -0.957780 0.020046 -0.276901 0.000000 0.000000
    37 -0.591283 -1.257737 0.232709 -1.415562 -0.509611 -2.143028
    38 1.522835 0.058679 0.016852 0.001411 -0.223174 -0.046880
    39 1.117948 0.048424 -0.005766 -0.000243 -0.220646 0.065422
    40 0.120152 -0.050266 -0.054488 0.366862 3.144320 1.551255
    41 -1.180679 -2.507216 -0.193860 0.174078 0.013294 -0.477916
    42 -0.024968 -1.123935 0.017595 -0.399958 0.000000 0.000000
    43 -0.020059 -0.890964 0.010094 -0.763707 -0.000000 -0.000000
    44 -0.488518 -2.755600 -0.228259 0.021291 -0.012955 -0.306739
    45 0.039887 -1.479790 0.029853 -0.312801 0.000000 0.000000
    46 0.028784 -1.075732 -0.023109 -0.857892 -0.000000 -0.000000
    47 0.250027 -2.820664 -0.238394 0.058002 -0.058472 -0.078775
    48 -0.049760 -1.680543 0.100480 -0.624477 0.000000 -0.000000
    49 -0.034142 -1.148310 0.084779 -1.037172 0.000000 0.000000
    50 0.957767 -2.746777 -0.090299 -0.165896 -0.139206 0.276765
    51 -0.033420 -1.397126 -0.011255 -0.473913 0.000000 0.000001
    52 -0.022361 -0.957433 0.018785 -0.858670 0.000000 0.000000
    53 0.583509 -1.197273 0.185380 0.498834 -0.339857 -0.429184
    54 1.535925 0.010248 0.005008 -0.002964 -0.491310 0.000890
    55 1.100770 0.004527 -0.010675 -0.002796 -0.975914 0.003459
  time 168
    0 6.985293 -1.741119 -8.189656 0.833954 -2.083251 -0.954060
    1 -0.071920 -8.498732 -0.104134 -0.223420 0.208175 0.111653
    2 -0.480402 -2.843485 2.688040 0.673012 -2.243426 1.543597
    3 -0.170903 0.061181 2.703875 -0.699389 1.069073 1.432908
    4 -0.011142 0.781255 -0.800262 1.691982 -0.107199 -0.020296
    5 0.000000 0.718097 -0.000002 0.072740 0.002313 -0.020590
    6 -0.000001 0.897711 1.580295 -0.150667 -0.044153 -0.157780
    7 -0.000000 -0.000000 0.811541 0.569018 -0.134605 0.274998
    8 2.413863 -1.421659 2.083776 -0.443827 0.295481 0.879166
    9 -2.313863 -1.562289 2.146280 2.499717 -0.477964 -0.714805
    10 0.082279 -2.379721 0.915784 -0.176167 0.008544 0.018050
    11 0.076694 -0.925181 3.431561 -0.944118 0.008544 0.018050
    12 1.677459 -0.139594 1.570331 0.513126 0.811034 3.113585
    13 -1.241366 -1.806391 1.056407 1.250167 -0.061300 2.555561
    14 1.247659 -1.818109 1.048594 0.955231 3.105592 0.628649
    15 1.218724 -1.798575 1.272704 -1.566025 0.285322 -2.540413
    16 0.004859 -0.122106 -0.000735 0.105204 0.041702 0.036316
    17 -1.061022 -1.480885 1.175125 0.235027 0.098188 -0.661180
    18 1.061021 -1.480883 1.175125 -0.350645 -0.026089 -0.983762
    19 -0.021292 -2.396915 1.444534 0.231800 0.018288 3.145906
    20 -1.220244 -1.798577 1.272703 -1.444060 -3.080293 -0.586032
    21 -0.004860 0.122106 0.000735 -0.034106 0.041702 0.036316
    22 -11.556314 -2.468773 -6.518792 0.154974 2.581005 0.733141
    23 0.096951 -8.450422 -0.009364 -0.339815 -0.633981 -0.331440
    24 -0.139400 -0.111699 0.014398 0.602950 -0.047021 1.569868
    25 1.164474 -2.543937 -0.170327 -0.627544 -0.068593 0.229044
    26 0.024034 -1.129039 0.017807 -0.810564 0.000000 -0.000001
    27 0.014896 -0.883992 -0.019847 -0.922777 0.000000 -0.000000
    28 0.447949 -2.798981 -0.200442 -0.648497 0.047193 0.204345
    29 -0.032909 -1.480206 0.004935 -0.803333 0.000000 0.000000
    30 -0.027023 -1.076921 -0.020212 -0.624451 0.000000 -0.000000
    31 -0.249535 -2.846962 -0.174215 -0.540601 0.073408 0.096039
    32 0.043235 -1.683941 0.096015 -0.763363 0.000001 0.000000
    33 0.031729 -1.160831 0.058834 -0.321956 -0.000000 -0.000000
    34 -0.963867 -2.785142 -0.085346 -0.383925 0.135327 -0.091592
    35 0.028477 -1.403065 0.006271 -0.494206 0.000001 0.000000
    36 0.021414 -0.957780 0.020046 -0.326496 0.000000 0.000000
    37 -0.591283 -1.257737 0.232709 -1.409637 -0.536414 -2.152982
    38 1.522835 0.058679 0.016852 0.001411 -0.223174 -0.046880
    39 1.117948 0.048424 -0.005766 -0.000243 -0.228550 0.065422
    40 0.120152 -0.050266 -0.054488 0.366862 3.144320 1.551255
    41 -1.180679 -2.507216 -0.193860 0.174078 0.013294 -0.477916
    42 -0.024968 -1.123935 0.017595 -0.399958 0.000000 0.000000
    43 -0.020059 -0.890964 0.010094 -0.763707 -0.000000 -0.000000
    44 -0.488518 -2.755600 -0.228259 0.021291 -0.012955 -0.306739
    45 0.039887 -1.479790 0.029853 -0.312801 0.000000 0.000000
    46 0.028784 -1.075732 -0.023109 -0.857892 -0.000000 -0.000000
    47 0.250027 -2.820664 -0.238394 0.058002 -0.058472 -0.078775
    48 -0.049760 -1.680543 0.100480 -0.624477 0.000000 -0.000000
    49 -0.034142 -1.148310 0.084779 -1.037172 0.000000 0.000000
    50 0.957767 -2.746777 -0.090299 -0.164078 -0.139206 0.276765
    51 -0.033420 -1.397126 -0.011255 -0.474040 0.000000 0.000001
    52 -0.022361 -0.957433 0.018785 -0.858670 0.000000 0.000000
    53 0.583509 -1.197273 0.185380 0.498834 -0.339857 -0.429184
    54 1.535925 0.010248 0.005008 -0.002964 -0.491310 0.000890
    55 1.100770 0.004527 -0.010675 -0.002796 -0.975914 0.003459
  time 169
    0 6.977480 -1.737212 -8.166219 0.837287 -2.081246 -0.957734
    1 -0.071920 -8.498732 -0.104134 -0.221574 0.211215 0.111059
    2 -0.480402 -2.843485 2.688040 0.673012 -2.243426 1.543597
    3 -0.163090 0.072900 2.692156 -0.677733 1.083481 1.460283
    4 -0.011142 0.781255 -0.800262 1.681039 -0.113994 -0.022897
    5 0.000000 0.718097 -0.000002 0.067433 0.002109 -0.018768
    6 -0.000001 0.897711 1.580295 -0.150667 -0.044153 -0.157780
    7 -0.000000 -0.000000 0.811541 0.569018 -0.134605 0.274998
    8 2.406051 -1.421659 2.079870 -0.445481 0.292881 0.873449
    9 -2.309957 -1.554476 2.142374 2.500220 -0.478084 -0.717154
    10 0.082279 -2.368002 0.915784 -0.176167 0.008544 0.018050
    11 0.076694 -0.917369 3.419842 -0.946251 0.008544 0.018050
    12 1.685272 -0.139594 1.578144 0.513126 0.811034 3.113585
    13 -1.241366 -1.806391 1.056407 1.251183 -0.061300 2.555561
    14 1.247659 -1.814203 1.048594 0.979439 3.102836 0.624023
    15 1.218724 -1.798575 1.272704 -1.541531 0.260921 -2.541755
    16 0.004859 -0.122106 -0.000735 0.100249 0.041702 0.036316
    17 -1.061022 -1.480885 1.175125 0.229620 0.110914 -0.693375
    18 1.061021 -1.480883 1.175125 -0.350998 -0.017973 -0.996320
    19 -0.017385 -2.404728 1.440627 0.231788 0.015832 3.145319
    20 -1.220244 -1.798577 1.272703 -1.450120 -3.080293 -0.586032
    21 -0.004860 0.122106 0.000735 -0.027718 0.041702 0.036316
    22 -11.400059 -2.421897 -6.530511 0.173987 2.572706 0.721932
    23 0.096951 -8.450422 -0.009364 -0.344567 -0.622397 -0.316372
    24 -0.139400 -0.111699 0.014398 0.602950 -0.047021 1.569868
    25 1.164474 -2.543937 -0.170327 -0.646304 -0.071697 0.229775
    26 0.024034 -1.129039 0.017807 -0.838482 0.000000 -0.000001
    27 0.014896 -0.883992 -0.019847 -0.928526 0.000000 -0.000000
    28 0.447949 -2.798981 -0.200442 -0.651588 0.047193 0.204345
    29 -0.032909 -1.480206 0.004935 -0.804983 0.000000 0.000000
    30 -0.027023 -1.076921 -0.020212 -0.654648 0.000000 -0.000000
    31 -0.249535 -2.846962 -0.174215 -0.602180 0.073408 0.096039
    32 0.043235 -1.683941 0.096015 -0.786134 0.000001 0.000000
    33 0.031729 -1.160831 0.058834 -0.358833 -0.000000 -0.000000
    34 -0.963867 -2.785142 -0.085346 -0.484779 0.135327 -0.091592
    35 0.028477 -1.403065 0.006271 -0.540308 0.000001 0.000000
    36 0.021414 -0.957780 0.020046 -0.369112 0.000000 0.000000
    37 -0.591283 -1.257737 0.232709 -1.403622 -0.553804 -2.164515
    38 1.522835 0.058679 0.016852 0.001411 -0.223174 -0.046880
    39 1.117948 0.048424 -0.005766 -0.000243 -0.237888 0.065422
    40 0.120152 -0.050266 -0.054488 0.366862 3.144320 1.551255
    41 -1.180679 -2.507216 -0.193860 0.174078 0.013294 -0.477916
    42 -0.024968 -1.123935 0.017595 -0.399958 0.000000 0.000000
    43 -0.020059 -0.890964 0.010094 -0.763707 -0.000000 -0.000000
    44 -0.488518 -2.755600 -0.228259 0.021291 -0.012955 -0.306739
    45 0.039887 -1.479790 0.029853 -0.312801 0.000000 0.000000
    46 0.028784 -1.075732 -0.023109 -0.857892 -0.000000 -0.000000
    47 0.250027 -2.820664 -0.238394 0.058002 -0.058472 -0.078775
    48 -0.049760 -1.680543 0.100480 -0.624477 0.000000 -0.000000
    49 -0.034142 -1.148310 0.084779 -1.037172 0.000000 0.000000
    50 0.957767 -2.746777 -0.090299 -0.162062 -0.139206 0.276765
    51 -0.033420 -1.397126 -0.011255 -0.474196 0.000000 0.000001
    52 -0.022361 -0.957433 0.018785 -0.858670 0.000000 0.000000
    53 0.583509 -1.197273 0.185380 0.498834 -0.339857 -0.429184
    54 1.535925 0.010248 0.005008 -0.002964 -0.491310 0.000890
    55 1.100770 0.004527 -0.010675 -0.002796 -0.975914 0.003459
  time 170
    0 6.961855 -1.733306 -8.146687 0.841983 -2.078614 -0.963061
    1 -0.071920 -8.498732 -0.104134 -0.219285 0.215024 0.110328
    2 -0.480402 -2.843485 2.688040 0.673012 -2.243426 1.543597
    3 -0.155277 0.084619 2.684343 -0.652673 1.098660 1.491490
    4 -0.011142 0.781255 -0.800262 1.678881 -0.117698 -0.024191
    5 0.000000 0.718097 -0.000002 0.061591 0.001906 -0.016970
    6 -0.000001 0.897711 1.580295 -0.150667 -0.044153 -0.157780
    7 -0.000000 -0.000000 0.811541 0.569018 -0.134605 0.274998
    8 2.394331 -1.421659 2.079870 -0.447483 0.289681 0.866486
    9 -2.302144 -1.550569 2.134561 2.500831 -0.478240 -0.720018
    10 0.082279 -2.360189 0.911878 -0.176167 0.008544 0.018050
    11 0.076694 -0.909556 3.408123 -0.948852 0.008544 0.018050
    12 1.693084 -0.139594 1.585957 0.513126 0.811034 3.113585
    13 -1.241366 -1.806391 1.056407 1.252114 -0.061300 2.555561
    14 1.243752 -1.814203 1.052501 1.003885 3.099984 0.619229
    15 1.218724 -1.798575 1.272704 -1.516149 0.235675 -2.543289
    16 0.004859 -0.122106 -0.000735 0.095701 0.041702 0.036316
    17 -1.061022 -1.480885 1.175125 0.221631 0.119829 -0.720258
    18 1.061021 -1.480883 1.175125 -0.349362 -0.005905 -1.009780
    19 -0.013479 -2.408634 1.436721 0.231776 0.013471 3.144768
    20 -1.220244 -1.798577 1.272703 -1.455901 -3.080293 -0.586032
    21 -0.004860 0.122106 0.000735 -0.021691 0.041702 0.036316
    22 -11.232085 -2.394552 -6.538323 0.194260 2.564171 0.712452
    23 0.096951 -8.450422 -0.009364 -0.345396 -0.608548 -0.300519
    24 -0.139400 -0.111699 0.014398 0.602950 -0.047021 1.569868
    25 1.164474 -2.543937 -0.170327 -0.665969 -0.076731 0.230974
    26 0.024034 -1.129039 0.017807 -0.863524 0.000000 -0.000001
    27 0.014896 -0.883992 -0.019847 -0.936651 0.000000 -0.000000
    28 0.447949 -2.798981 -0.200442 -0.659508 0.047193 0.204345
    29 -0.032909 -1.480206 0.004935 -0.809331 0.000000 0.000000
    30 -0.027023 -1.076921 -0.020212 -0.682731 0.000000 -0.000000
    31 -0.249535 -2.846962 -0.174215 -0.624163 0.073408 0.096039
    32 0.043235 -1.683941 0.096015 -0.794251 0.000001 0.000000
    33 0.031729 -1.160831 0.058834 -0.390729 -0.000000 -0.000000
    34 -0.963867 -2.785142 -0.085346 -0.563643 0.135327 -0.091592
    35 0.028477 -1.403065 0.006271 -0.576259 0.000001 0.000000
    36 0.021414 -0.957780 0.020046 -0.402414 0.000000 0.000000
    37 -0.591283 -1.257737 0.232709 -1.397589 -0.559985 -2.177779
    38 1.522835 0.058679 0.016852 0.001411 -0.223174 -0.046880
    39 1.117948 0.048424 -0.005766 -0.000243 -0.248751 0.065422
    40 0.120152 -0.050266 -0.054488 0.366862 3.144320 1.551255
    41 -1.180679 -2.507216 -0.193860 0.174078 0.013294 -0.477916
    42 -0.024968 -1.123935 0.017595 -0.399958 0.000000 0.000000
    43 -0.020059 -0.890964 0.010094 -0.763707 -0.000000 -0.000000
    44 -0.488518 -2.755600 -0.228259 0.021291 -0.012955 -0.306739
    45 0.039887 -1.479790 0.029853 -0.312801 0.000000 0.000000
    46 0.028784 -1.075732 -0.023109 -0.857892 -0.000000 -0.000000
    47 0.250027 -2.820664 -0.238394 0.058002 -0.058472 -0.078775
    48 -0.049760 -1.680543 0.100480 -0.624477 0.000000 -0.000000
    49 -0.034142 -1.148310 0.084779 -1.037172 0.000000 0.000000
    50 0.957767 -2.746777 -0.090299 -0.159888 -0.139206 0.276765
    51 -0.033420 -1.397126 -0.011255 -0.474351 0.000000 0.000001
    52 -0.022361 -0.957433 0.018785 -0.858670 0.000000 0.000000
    53 0.583509 -1.197273 0.185380 0.498834 -0.339857 -0.429184
    54 1.535925 0.010248 0.005008 -0.002964 -0.491310 0.000890
    55 1.100770 0.004527 -0.010675 -0.002796 -0.975914 0.003459
  time 171
    0 6.942323 -1.729400 -8.123248 0.847815 -2.075439 -0.969582
    1 -0.071920 -8.498732 -0.104134 -0.216554 0.219566 0.109429
    2 -0.480402 -2.843485 2.688040 0.673012 -2.243426 1.543597
    3 -0.147465 0.096338 2.672624 -0.624530 1.114066 1.526150
    4 -0.011142 0.781255 -0.800262 1.683850 -0.119004 -0.024515
    5 0.000000 0.718097 -0.000002 0.053022 0.001690 -0.015065
    6 -0.000001 0.897711 1.580295 -0.150667 -0.044153 -0.157780
    7 -0.000000 -0.000000 0.811541 0.569018 -0.134605 0.274998
    8 2.378706 -1.421659 2.075963 -0.449808 0.285893 0.858277
    9 -2.290425 -1.542757 2.130654 2.501562 -0.478408 -0.723409
    10 0.082279 -2.344563 0.907972 -0.176167 0.008544 0.018050
    11 0.076694 -0.901743 3.392498 -0.951932 0.008544 0.018050
    12 1.704803 -0.139594 1.597676 0.513126 0.811034 3.113585
    13 -1.241366 -1.806391 1.056407 1.252961 -0.061300 2.555561
    14 1.243752 -1.810296 1.052501 1.028136 3.097107 0.614376
    15 1.218724 -1.798575 1.272704 -1.490501 0.210148 -2.544919
    16 0.004859 -0.122106 -0.000735 0.091532 0.041702 0.036316
    17 -1.061022 -1.480885 1.175125 0.211063 0.124945 -0.741871
    18 1.061021 -1.480883 1.175125 -0.345704 0.010113 -1.024141
    19 -0.013479 -2.416447 1.432814 0.231776 0.011218 3.144241
    20 -1.220244 -1.798577 1.272703 -1.461309 -3.080293 -0.586032
    21 -0.004860 0.122106 0.000735 -0.016062 0.041702 0.036316
    22 -11.048486 -2.382833 -6.546136 0.215741 2.555400 0.704761
    23 0.096951 -8.450422 -0.009364 -0.342335 -0.592435 -0.283833
    24 -0.139400 -0.111699 0.014398 0.602950 -0.047021 1.569868
    25 1.164474 -2.543937 -0.170327 -0.685477 -0.083574 0.232591
    26 0.024034 -1.129039 0.017807 -0.885763 0.000000 -0.000001
    27 0.014896 -0.883992 -0.019847 -0.945888 0.000000 -0.000000
    28 0.447949 -2.798981 -0.200442 -0.670566 0.047193 0.204345
    29 -0.032909 -1.480206 0.004935 -0.815329 0.000000 0.000000
    30 -0.027023 -1.076921 -0.020212 -0.708725 0.000000 -0.000000
    31 -0.249535 -2.846962 -0.174215 -0.624073 0.073408 0.096039
    32 0.043235 -1.683941 0.096015 -0.795092 0.000001 0.000000
    33 0.031729 -1.160831 0.058834 -0.418937 -0.000000 -0.000000
    34 -0.963867 -2.785142 -0.085346 -0.615026 0.135327 -0.091592
    35 0.028477 -1.403065 0.006271 -0.599650 0.000001 0.000000
    36 0.021414 -0.957780 0.020046 -0.424110 0.000000 0.000000
    37 -0.591283 -1.257737 0.232709 -1.390273 -0.547863 -2.201128
    38 1.522835 0.058679 0.016852 0.001411 -0.223174 -0.046880
    39 1.117948 0.048424 -0.005766 -0.000243 -0.261694 0.065422
    40 0.120152 -0.050266 -0.054488 0.366862 3.144320 1.551255
    41 -1.180679 -2.507216 -0.193860 0.174078 0.013294 -0.477916
    42 -0.024968 -1.123935 0.017595 -0.399958 0.000000 0.000000
    43 -0.020059 -0.890964 0.010094 -0.763707 -0.000000 -0.000000
    44 -0.488518 -2.755600 -0.228259 0.021291 -0.012955 -0.306739
    45 0.039887 -1.479790 0.029853 -0.312801 0.000000 0.000000
    46 0.028784 -1.075732 -0.023109 -0.857892 -0.000000 -0.000000
    47 0.250027 -2.820664 -0.238394 0.058002 -0.058472 -0.078775
    48 -0.049760 -1.680543 0.100480 -0.624477 0.000000 -0.000000
    49 -0.034142 -1.148310 0.084779 -1.037172 0.000000 0.000000
    50 0.957767 -2.746777 -0.090299 -0.157556 -0.139206 0.276765
    51 -0.033420 -1.397126 -0.011255 -0.474521 0.000000 0.000001
    52 -0.022361 -0.957433 0.018785 -0.858670 0.000000 0.000000
    53 0.583509 -1.197273 0.185380 0.498834 -0.339857 -0.429184
    54 1.535925 0.010248 0.005008 -0.002964 -0.491310 0.000890
    55 1.100770 0.004527 -0.010675 -0.002796 -0.975914 0.003459
  time 172
    0 6.918885 -1.725493 -8.099810 0.854480 -2.071888 -0.977113
    1 -0.071920 -8.498732 -0.104134 -0.213453 0.224808 0.108408
    2 -0.480402 -2.843485 2.688040 0.673012 -2.243426 1.543597
    3 -0.135745 0.108057 2.660905 -0.593782 1.129157 1.563529
    4 -0.011142 0.781255 -0.800262 1.692634 -0.119280 -0.024515
    5 0.000000 0.718097 -0.000002 0.040363 0.001450 -0.012943
    6 -0.000001 0.897711 1.580295 -0.150667 -0.044153 -0.157780
    7 -0.000000 -0.000000 0.811541 0.569018 -0.134605 0.274998
    8 2.363081 -1.421659 2.072057 -0.452456 0.281495 0.848821
    9 -2.278706 -1.531038 2.122842 2.502401 -0.478599 -0.727316
    10 0.082279 -2.328938 0.907972 -0.176167 0.008544 0.018050
    11 0.076694 -0.890024 3.372966 -0.955491 0.008544 0.018050
    12 1.712616 -0.139594 1.609395 0.513126 0.811034 3.113585
    13 -1.241366 -1.806391 1.056407 1.253723 -0.061300 2.555561
    14 1.243752 -1.810296 1.052501 1.051742 3.094255 0.609582
    15 1.218724 -1.798575 1.272704 -1.465120 0.184902 -2.546645
    16 0.004859 -0.122106 -0.000735 0.087795 0.041702 0.036316
    17 -1.061022 -1.480885 1.175125 0.197930 0.126262 -0.758194
    18 1.061021 -1.480883 1.175125 -0.340089 0.030143 -1.039373
    19 -0.009573 -2.424260 1.428908 0.231764 0.009108 3.143737
    20 -1.220244 -1.798577 1.272703 -1.466344 -3.080293 -0.586032
    21 -0.004860 0.122106 0.000735 -0.010850 0.041702 0.036316
    22 -10.845355 -2.390646 -6.557855 0.238483 2.546367 0.698859
    23 0.096951 -8.450422 -0.009364 -0.335319 -0.574042 -0.266361
    24 -0.139400 -0.111699 0.014398 0.602950 -0.047021 1.569868
    25 1.164474 -2.543937 -0.170327 -0.703765 -0.092131 0.234617
    26 0.024034 -1.129039 0.017807 -0.905226 0.000000 -0.000001
    27 0.014896 -0.883992 -0.019847 -0.955048 0.000000 -0.000000
    28 0.447949 -2.798981 -0.200442 -0.682783 0.047193 0.204345
    29 -0.032909 -1.480206 0.004935 -0.822089 0.000000 0.000000
    30 -0.027023 -1.076921 -0.020212 -0.732744 0.000000 -0.000000
    31 -0.249535 -2.846962 -0.174215 -0.622722 0.073408 0.096039
    32 0.043235 -1.683941 0.096015 -0.797026 0.000001 0.000000
    33 0.031729 -1.160831 0.058834 -0.445560 -0.000000 -0.000000
    34 -0.963867 -2.785142 -0.085346 -0.633346 0.135327 -0.091592
    35 0.028477 -1.403065 0.006271 -0.607988 0.000001 0.000000
    36 0.021414 -0.957780 0.020046 -0.431868 0.000000 0.000000
    37 -0.591283 -1.257737 0.232709 -1.380844 -0.514924 -2.239991
    38 1.522835 0.058679 0.016852 0.001411 -0.223174 -0.046880
    39 1.117948 0.048424 -0.005766 -0.000243 -0.277087 0.065422
    40 0.120152 -0.050266 -0.054488 0.366862 3.144320 1.551255
    41 -1.180679 -2.507216 -0.193860 0.174078 0.013294 -0.477916
    42 -0.024968 -1.123935 0.017595 -0.399958 0.000000 0.000000
    43 -0.020059 -0.890964 0.010094 -0.763707 -0.000000 -0.000000
    44 -0.488518 -2.755600 -0.228259 0.021291 -0.012955 -0.306739
    45 0.039887 -1.479790 0.029853 -0.312801 0.000000 0.000000
    46 0.028784 -1.075732 -0.023109 -0.857892 -0.000000 -0.000000
    47 0.250027 -2.820664 -0.238394 0.058002 -0.058472 -0.078775
    48 -0.049760 -1.680543 0.100480 -0.624477 0.000000 -0.000000
    49 -0.034142 -1.148310 0.084779 -1.037172 0.000000 0.000000
    50 0.957767 -2.746777 -0.090299 -0.155105 -0.139206 0.276765
    51 -0.033420 -1.397126 -0.011255 -0.474705 0.000000 0.000001
    52 -0.022361 -0.957433 0.018785 -0.858670 0.000000 0.000000
    53 0.583509 -1.197273 0.185380 0.498834 -0.339857 -0.429184
    54 1.535925 0.010248 0.005008 -0.002964 -0.491310 0.000890
    55 1.100770 0.004527 -0.010675 -0.002796 -0.975914 0.003459
  time 173
    0 6.891540 -1.717681 -8.076372 0.861978 -2.067919 -0.985655
    1 -0.071920 -8.498732 -0.104134 -0.209947 0.230748 0.107235
    2 -0.480402 -2.843485 2.688040 0.673012 -2.243426 1.543597
    3 -0.127933 0.119776 2.649186 -0.561115 1.143460 1.602783
    4 -0.011142 0.781255 -0.800262 1.705259 -0.118537 -0.024179
    5 0.000000 0.718097 -0.000002 0.024759 0.001198 -0.010702
    6 -0.000001 0.897711 1.580295 -0.150667 -0.044153 -0.157780
    7 -0.000000 -0.000000 0.811541 0.569018 -0.134605 0.274998
    8 2.347455 -1.417753 2.068151 -0.455404 0.276486 0.838143
    9 -2.266987 -1.519318 2.115029 2.503360 -0.478815 -0.731751
    10 0.082279 -2.309406 0.904065 -0.176167 0.008544 0.018050
    11 0.076694 -0.874399 3.349527 -0.959518 0.008544 0.018050
    12 1.724335 -0.139594 1.621114 0.513126 0.811034 3.113585
    13 -1.241366 -1.806391 1.056407 1.254400 -0.061300 2.555561
    14 1.239846 -1.810296 1.056407 1.074250 3.091499 0.604944
    15 1.218724 -1.798575 1.272704 -1.440626 0.160500 -2.548275
    16 0.004859 -0.122106 -0.000735 0.084465 0.041702 0.036316
    17 -1.061022 -1.480885 1.175125 0.182216 0.123781 -0.769205
    18 1.061021 -1.480883 1.175125 -0.332452 0.054093 -1.055477
    19 -0.005666 -2.428166 1.425002 0.231764 0.007167 3.143282
    20 -1.220244 -1.798577 1.272703 -1.470913 -3.080293 -0.586032
    21 -0.004860 0.122106 0.000735 -0.006112 0.041702 0.036316
    22 -10.630505 -2.414084 -6.565668 0.262433 2.537073 0.694685
    23 0.096951 -8.450422 -0.009364 -0.324414 -0.553385 -0.248071
    24 -0.139400 -0.111699 0.014398 0.602950 -0.047021 1.569868
    25 1.164474 -2.543937 -0.170327 -0.719890 -0.102270 0.237026
    26 0.024034 -1.129039 0.017807 -0.921962 0.000000 -0.000001
    27 0.014896 -0.883992 -0.019847 -0.962943 0.000000 -0.000000
    28 0.447949 -2.798981 -0.200442 -0.694373 0.047193 0.204345
    29 -0.032909 -1.480206 0.004935 -0.828595 0.000000 0.000000
    30 -0.027023 -1.076921 -0.020212 -0.754870 0.000000 -0.000000
    31 -0.249535 -2.846962 -0.174215 -0.618307 0.073408 0.096039
    32 0.043235 -1.683941 0.096015 -0.799213 0.000001 0.000000
    33 0.031729 -1.160831 0.058834 -0.470728 -0.000000 -0.000000
    34 -0.963867 -2.785142 -0.085346 -0.626469 0.135327 -0.091592
    35 0.028477 -1.403065 0.006271 -0.606820 0.000001 0.000000
    36 0.021414 -0.957780 0.020046 -0.430943 0.000000 0.000000
    37 -0.591283 -1.257737 0.232709 -1.369970 -0.466375 -2.290106
    38 1.522835 0.058679 0.016852 0.001411 -0.223174 -0.046880
    39 1.117948 0.048424 -0.005766 -0.000243 -0.294745 0.065422
    40 0.120152 -0.050266 -0.054488 0.366862 3.144320 1.551255
    41 -1.180679 -2.507216 -0.193860 0.174078 0.013294 -0.477916
    42 -0.024968 -1.123935 0.017595 -0.399958 0.000000 0.000000
    43 -0.020059 -0.890964 0.010094 -0.763707 -0.000000 -0.000000
    44 -0.488518 -2.755600 -0.228259 0.021291 -0.012955 -0.306739
    45 0.039887 -1.479790 0.029853 -0.312801 0.000000 0.000000
    46 0.028784 -1.075732 -0.023109 -0.857892 -0.000000 -0.000000
    47 0.250027 -2.820664 -0.238394 0.058002 -0.058472 -0.078775
    48 -0.049760 -1.680543 0.100480 -0.624477 0.000000 -0.000000
    49 -0.034142 -1.148310 0.084779 -1.037172 0.000000 0.000000
    50 0.957767 -2.746777 -0.090299 -0.152516 -0.139206 0.276765
    51 -0.033420 -1.397126 -0.011255 -0.474888 0.000000 0.000001
    52 -0.022361 -0.957433 0.018785 -0.858670 0.000000 0.000000
    53 0.583509 -1.197273 0.185380 0.498834 -0.339857 -0.429184
    54 1.535925 0.010248 0.005008 -0.002964 -0.491310 0.000890
    55 1.100770 0.004527 -0.010675 -0.002796 -0.975914 0.003459
  time 174
    0 6.860289 -1.713774 -8.052934 0.870309 -2.063617 -0.995115
    1 -0.071920 -8.498732 -0.104134 -0.206108 0.237318 0.105955
    2 -0.480402 -2.843485 2.688040 0.673012 -2.243426 1.543597
    3 -0.116214 0.131495 2.641373 -0.527535 1.156587 1.642717
    4 -0.011142 0.781255 -0.800262 1.721698 -0.116775 -0.023520
    5 0.000000 0.718097 -0.000002 0.007402 0.000947 -0.008449
    6 -0.000001 0.897711 1.580295 -0.150667 -0.044153 -0.157780
    7 -0.000000 -0.000000 0.811541 0.569018 -0.134605 0.274998
    8 2.327923 -1.417753 2.064244 -0.458616 0.270841 0.826230
    9 -2.251361 -1.507599 2.103310 2.504439 -0.479043 -0.736712
    10 0.078373 -2.285968 0.900159 -0.176167 0.008544 0.018050
    11 0.076694 -0.858773 3.326089 -0.964013 0.008544 0.018050
    12 1.736054 -0.139594 1.632833 0.513126 0.811034 3.113585
    13 -1.241366 -1.806391 1.056407 1.255077 -0.061300 2.555561
    14 1.239846 -1.806390 1.056407 1.095210 3.088910 0.600569
    15 1.218724 -1.798575 1.272704 -1.417463 0.137601 -2.549905
    16 0.004859 -0.122106 -0.000735 0.081541 0.041702 0.036316
    17 -1.061022 -1.480885 1.175125 0.163906 0.117501 -0.774947
    18 1.061021 -1.480883 1.175125 -0.322858 0.082056 -1.072361
    19 -0.005666 -2.435979 1.425002 0.231764 0.005393 3.142862
    20 -1.220244 -1.798577 1.272703 -1.475015 -3.080293 -0.586032
    21 -0.004860 0.122106 0.000735 -0.001867 0.041702 0.036316
    22 -10.400028 -2.453148 -6.573481 0.287644 2.527543 0.692300
    23 0.096951 -8.450422 -0.009364 -0.309587 -0.530464 -0.228981
    24 -0.139400 -0.111699 0.014398 0.602950 -0.047021 1.569868
    25 1.164474 -2.543937 -0.170327 -0.732790 -0.113895 0.239770
    26 0.024034 -1.129039 0.017807 -0.936046 0.000000 -0.000001
    27 0.014896 -0.883992 -0.019847 -0.968309 0.000000 -0.000000
    28 0.447949 -2.798981 -0.200442 -0.703548 0.047193 0.204345
    29 -0.032909 -1.480206 0.004935 -0.833895 0.000000 0.000000
    30 -0.027023 -1.076921 -0.020212 -0.775132 0.000000 -0.000000
    31 -0.249535 -2.846962 -0.174215 -0.609118 0.073408 0.096039
    32 0.043235 -1.683941 0.096015 -0.800727 0.000001 0.000000
    33 0.031729 -1.160831 0.058834 -0.494537 -0.000000 -0.000000
    34 -0.963867 -2.785142 -0.085346 -0.605897 0.135327 -0.091592
    35 0.028477 -1.403065 0.006271 -0.602965 0.000001 0.000000
    36 0.021414 -0.957780 0.020046 -0.427790 0.000000 0.000000
    37 -0.591283 -1.257737 0.232709 -1.358337 -0.407426 -2.347297
    38 1.522835 0.058679 0.016852 0.001411 -0.223174 -0.046880
    39 1.117948 0.048424 -0.005766 -0.000243 -0.314483 0.065422
    40 0.120152 -0.050266 -0.054488 0.366862 3.144320 1.551255
    41 -1.180679 -2.507216 -0.193860 0.174078 0.013294 -0.477916
    42 -0.024968 -1.123935 0.017595 -0.399958 0.000000 0.000000
    43 -0.020059 -0.890964 0.010094 -0.763707 -0.000000 -0.000000
    44 -0.488518 -2.755600 -0.228259 0.021291 -0.012955 -0.306739
    45 0.039887 -1.479790 0.029853 -0.312801 0.000000 0.000000
    46 0.028784 -1.075732 -0.023109 -0.857892 -0.000000 -0.000000
    47 0.250027 -2.820664 -0.238394 0.058021 -0.058472 -0.078775
    48 -0.049760 -1.680543 0.100480 -0.624477 0.000000 -0.000000
    49 -0.034142 -1.148310 0.084779 -1.037172 0.000000 0.000000
    50 0.957767 -2.746777 -0.090299 -0.149848 -0.139206 0.276765
    51 -0.033420 -1.397126 -0.011255 -0.475086 0.000000 0.000001
    52 -0.022361 -0.957433 0.018785 -0.858670 0.000000 0.000000
    53 0.583509 -1.197273 0.185380 0.498834 -0.339857 -0.429184
    54 1.535925 0.010248 0.005008 -0.002964 -0.491310 0.000890
    55 1.100770 0.004527 -0.010675 -0.002796 -0.975914 0.003459
  time 175
    0 6.825132 -1.709868 -8.029495 0.879474 -2.058896 -1.005493
    1 -0.071920 -8.498732 -0.104134 -0.201937 0.244481 0.104538
    2 -0.480402 -2.843485 2.688040 0.673012 -2.243426 1.543597
    3 -0.108401 0.143214 2.629654 -0.494320 1.168208 1.681862
    4 -0.011142 0.781255 -0.800262 1.741952 -0.114006 -0.022537
    5 0.000000 0.718097 -0.000002 -0.010515 0.000707 -0.006268
    6 -0.000001 0.897711 1.580295 -0.150667 -0.044153 -0.157780
    7 -0.000000 -0.000000 0.811541 0.569018 -0.134605 0.274998
    8 2.304485 -1.413846 2.056431 -0.462092 0.264573 0.813119
    9 -2.235736 -1.491974 2.091591 2.505625 -0.479271 -0.742189
    10 0.078373 -2.262530 0.896253 -0.176167 0.008544 0.018050
    11 0.072788 -0.843148 3.298745 -0.968986 0.008544 0.018050
    12 1.747773 -0.139594 1.640646 0.513126 0.811034 3.113585
    13 -1.241366 -1.806391 1.056407 1.255669 -0.061300 2.555561
    14 1.239846 -1.806390 1.056407 1.114167 3.086537 0.596578
    15 1.218724 -1.798575 1.272704 -1.396341 0.116578 -2.551439
    16 0.004859 -0.122106 -0.000735 0.079078 0.041702 0.036316
    17 -1.061022 -1.480885 1.175125 0.143031 0.107410 -0.775378
    18 1.061021 -1.480883 1.175125 -0.311307 0.114000 -1.090087
    19 -0.005666 -2.439885 1.421095 0.231764 0.003847 3.142491
    20 -1.220244 -1.798577 1.272703 -1.478558 -3.080293 -0.586032
    21 -0.004860 0.122106 0.000735 0.001829 0.041702 0.036316
    22 -10.153928 -2.511744 -6.581294 0.314088 2.517751 0.691644
    23 0.096951 -8.450422 -0.009364 -0.290838 -0.505279 -0.209072
    24 -0.139400 -0.111699 0.014398 0.602950 -0.047021 1.569868
    25 1.164474 -2.543937 -0.170327 -0.741482 -0.126874 0.242850
    26 0.024034 -1.129039 0.017807 -0.947504 0.000000 -0.000001
    27 0.014896 -0.883992 -0.019847 -0.969995 0.000000 -0.000000
    28 0.447949 -2.798981 -0.200442 -0.708377 0.047193 0.204345
    29 -0.032909 -1.480206 0.004935 -0.837005 0.000000 0.000000
    30 -0.027023 -1.076921 -0.020212 -0.793612 0.000000 -0.000000
    31 -0.249535 -2.846962 -0.174215 -0.593351 0.073408 0.096039
    32 0.043235 -1.683941 0.096015 -0.800769 0.000001 0.000000
    33 0.031729 -1.160831 0.058834 -0.517084 -0.000000 -0.000000
    34 -0.963867 -2.785142 -0.085346 -0.571785 0.135327 -0.091592
    35 0.028477 -1.403065 0.006271 -0.595813 0.000001 0.000000
    36 0.021414 -0.957780 0.020046 -0.421882 0.000000 0.000000
    37 -0.591283 -1.257737 0.232709 -1.346632 -0.343284 -2.407301
    38 1.522835 0.058679 0.016852 0.001411 -0.223174 -0.046880
    39 1.117948 0.048424 -0.005766 -0.000243 -0.336140 0.065422
    40 0.120152 -0.050266 -0.054488 0.366862 3.144320 1.551255
    41 -1.180679 -2.507216 -0.193860 0.174078 0.013294 -0.477916
    42 -0.024968 -1.123935 0.017595 -0.399958 0.000000 0.000000
    43 -0.020059 -0.890964 0.010094 -0.763707 -0.000000 -0.000000
    44 -0.488518 -2.755600 -0.228259 0.021291 -0.012955 -0.306739
    45 0.039887 -1.479790 0.029853 -0.312801 0.000000 0.000000
    46 0.028784 -1.075732 -0.023109 -0.857892 -0.000000 -0.000000
    47 0.250027 -2.820664 -0.238394 0.058002 -0.058472 -0.078775
    48 -0.049760 -1.680543 0.100480 -0.624477 0.000000 -0.000000
    49 -0.034142 -1.148310 0.084779 -1.037172 0.000000 0.000000
    50 0.957767 -2.746777 -0.090299 -0.147062 -0.139206 0.276765
    51 -0.033420 -1.397126 -0.011255 -0.475298 0.000000 0.000001
    52 -0.022361 -0.957433 0.018785 -0.858670 0.000000 0.000000
    53 0.583509 -1.197273 0.185380 0.498834 -0.339857 -0.429184
    54 1.535925 0.010248 0.005008 -0.002964 -0.491310 0.000890
    55 1.100770 0.004527 -0.010675 -0.002796 -0.975914 0.003459
  time 176
    0 6.786068 -1.702055 -8.002151 0.889547 -2.053800 -1.016790
    1 -0.071920 -8.498732 -0.104134 -0.197507 0.252204 0.103015
    2 -0.480402 -2.843485 2.688040 0.673012 -2.243426 1.543597
    3 -0.100588 0.154934 2.621841 -0.463002 1.178041 1.718480
    4 -0.011142 0.781255 -0.800262 1.766046 -0.110207 -0.021231
    5 0.000000 0.718097 -0.000002 -0.027823 0.000479 -0.004267
    6 -0.000001 0.897711 1.580295 -0.150667 -0.044153 -0.157780
    7 -0.000000 -0.000000 0.811541 0.569018 -0.134605 0.274998
    8 2.277141 -1.409940 2.052525 -0.465783 0.257658 0.798797
    9 -2.216204 -1.476348 2.079872 2.506943 -0.479522 -0.748194
    10 0.078373 -2.235185 0.892346 -0.176167 0.008544 0.018050
    11 0.072788 -0.823616 3.267494 -0.974427 0.008544 0.018050
    12 1.755586 -0.139594 1.652365 0.513126 0.811034 3.113585
    13 -1.241366 -1.806391 1.056407 1.256093 -0.061300 2.555561
    14 1.239846 -1.806390 1.056407 1.130672 3.084452 0.593067
    15 1.218724 -1.798575 1.272704 -1.377704 0.098183 -2.552781
    16 0.004859 -0.122106 -0.000735 0.077020 0.041702 0.036316
    17 -1.061022 -1.480885 1.175125 0.119576 0.093533 -0.770518
    18 1.061021 -1.480883 1.175125 -0.297766 0.149926 -1.108564
    19 -0.001760 -2.443792 1.421095 0.231764 0.002517 3.142179
    20 -1.220244 -1.798577 1.272703 -1.481542 -3.080293 -0.586032
    21 -0.004860 0.122106 0.000735 0.004937 0.041702 0.036316
    22 -9.896107 -2.585964 -6.589106 0.341767 2.507724 0.692777
    23 0.096951 -8.450422 -0.009364 -0.268198 -0.477830 -0.188362
    24 -0.139400 -0.111699 0.014398 0.602950 -0.047021 1.569868
    25 1.164474 -2.543937 -0.170327 -0.744864 -0.141100 0.246218
    26 0.024034 -1.129039 0.017807 -0.956385 0.000000 -0.000001
    27 0.014896 -0.883992 -0.019847 -0.966737 0.000000 -0.000000
    28 0.447949 -2.798981 -0.200442 -0.707073 0.047193 0.204345
    29 -0.032909 -1.480206 0.004935 -0.837005 0.000000 0.000000
    30 -0.027023 -1.076921 -0.020212 -0.810367 0.000000 -0.000000
    31 -0.249535 -2.846962 -0.174215 -0.569341 0.073408 0.096039
    32 0.043235 -1.683941 0.096015 -0.798435 0.000001 0.000000
    33 0.031729 -1.160831 0.058834 -0.538531 -0.000000 -0.000000
    34 -0.963867 -2.785142 -0.085346 -0.524288 0.135327 -0.091592
    35 0.028477 -1.403065 0.006271 -0.584824 0.000001 0.000000
    36 0.021414 -0.957780 0.020046 -0.412631 0.000000 0.000000
    37 -0.591283 -1.257737 0.232709 -1.335524 -0.279126 -2.465877
    38 1.522835 0.058679 0.016852 0.001411 -0.223174 -0.046880
    39 1.117948 0.048424 -0.005766 -0.000243 -0.359530 0.065422
    40 0.120152 -0.050266 -0.054488 0.366862 3.144320 1.551255
    41 -1.180679 -2.507216 -0.193860 0.174078 0.013294 -0.477916
    42 -0.024968 -1.123935 0.017595 -0.399958 0.000000 0.000000
    43 -0.020059 -0.890964 0.010094 -0.763707 -0.000000 -0.000000
    44 -0.488518 -2.755600 -0.228259 0.021291 -0.012955 -0.306739
    45 0.039887 -1.479790 0.029853 -0.312801 0.000000 0.000000
    46 0.028784 -1.075732 -0.023109 -0.857892 -0.000000 -0.000000
    47 0.250027 -2.820664 -0.238394 0.058002 -0.058472 -0.078775
    48 -0.049760 -1.680543 0.100480 -0.624477 0.000000 -0.000000
    49 -0.034142 -1.148310 0.084779 -1.037172 0.000000 0.000000
    50 0.957767 -2.746777 -0.090299 -0.144216 -0.139206 0.276765
    51 -0.033420 -1.397126 -0.011255 -0.475496 0.000000 0.000001
    52 -0.022361 -0.957433 0.018785 -0.858670 0.000000 0.000000
    53 0.583509 -1.197273 0.185380 0.498834 -0.339857 -0.429184
    54 1.535925 0.010248 0.005008 -0.002964 -0.491310 0.000890
    55 1.100770 0.004527 -0.010675 -0.002796 -0.975914 0.003459
  time 177
    0 6.743098 -1.698149 -7.978713 0.900378 -2.048327 -1.029097
    1 -0.071920 -8.498732 -0.104134 -0.192820 0.260485 0.101385
    2 -0.480402 -2.843485 2.688040 0.673012 -2.243426 1.543597
    3 -0.096682 0.162746 2.614029 -0.435406 1.185911 1.750557
    4 -0.011142 0.781255 -0.800262 1.793980 -0.105390 -0.019589
    5 0.000000 0.718097 -0.000002 -0.043330 0.000288 -0.002553
    6 -0.000001 0.897711 1.580295 -0.150667 -0.044153 -0.157780
    7 -0.000000 -0.000000 0.811541 0.569018 -0.134605 0.274998
    8 2.249796 -1.409940 2.044712 -0.469678 0.250072 0.783301
    9 -2.196672 -1.456817 2.068152 2.508382 -0.479774 -0.754713
    10 0.078373 -2.207841 0.884533 -0.176167 0.008544 0.018050
    11 0.072788 -0.800178 3.236243 -0.980348 0.008544 0.018050
    12 1.763399 -0.139594 1.660178 0.513126 0.811034 3.113585
    13 -1.241366 -1.806391 1.056407 1.256516 -0.061300 2.555561
    14 1.239846 -1.806390 1.056407 1.144294 3.082726 0.590143
    15 1.218724 -1.798575 1.272704 -1.362174 0.082886 -2.553931
    16 0.004859 -0.122106 -0.000735 0.075423 0.041702 0.036316
    17 -1.061022 -1.480885 1.175125 0.093557 0.075844 -0.760347
    18 1.061021 -1.480883 1.175125 -0.282236 0.189833 -1.127763
    19 -0.001760 -2.443792 1.417189 0.231764 0.001450 3.141927
    20 -1.220244 -1.798577 1.272703 -1.483873 -3.080293 -0.586032
    21 -0.004860 0.122106 0.000735 0.007420 0.041702 0.036316
    22 -9.618755 -2.679717 -6.593013 0.370707 2.497435 0.695639
    23 0.096951 -8.450422 -0.009364 -0.241637 -0.448101 -0.166835
    24 -0.139400 -0.111699 0.014398 0.602950 -0.047021 1.569868
    25 1.164474 -2.543937 -0.170327 -0.741954 -0.156476 0.249861
    26 0.024034 -1.129039 0.017807 -0.962714 0.000000 -0.000001
    27 0.014896 -0.883992 -0.019847 -0.957386 0.000000 -0.000000
    28 0.447949 -2.798981 -0.200442 -0.697753 0.047193 0.204345
    29 -0.032909 -1.480206 0.004935 -0.832880 0.000000 0.000000
    30 -0.027023 -1.076921 -0.020212 -0.825507 0.000000 -0.000000
    31 -0.249535 -2.846962 -0.174215 -0.535240 0.073408 0.096039
    32 0.043235 -1.683941 0.096015 -0.792863 0.000001 0.000000
    33 0.031729 -1.160831 0.058834 -0.558943 -0.000000 -0.000000
    34 -0.963867 -2.785142 -0.085346 -0.463559 0.135327 -0.091592
    35 0.028477 -1.403065 0.006271 -0.569439 0.000001 0.000000
    36 0.021414 -0.957780 0.020046 -0.399554 0.000000 0.000000
    37 -0.591283 -1.257737 0.232709 -1.325697 -0.220192 -2.518805
    38 1.522835 0.058679 0.016852 0.001411 -0.223174 -0.046880
    39 1.117948 0.048424 -0.005766 -0.000243 -0.384492 0.065422
    40 0.120152 -0.050266 -0.054488 0.366862 3.144320 1.551255
    41 -1.180679 -2.507216 -0.193860 0.174078 0.013294 -0.477916
    42 -0.024968 -1.123935 0.017595 -0.399958 0.000000 0.000000
    43 -0.020059 -0.890964 0.010094 -0.763707 -0.000000 -0.000000
    44 -0.488518 -2.755600 -0.228259 0.021291 -0.012955 -0.306739
    45 0.039887 -1.479790 0.029853 -0.312801 0.000000 0.000000
    46 0.028784 -1.075732 -0.023109 -0.857892 -0.000000 -0.000000
    47 0.250027 -2.820664 -0.238394 0.058002 -0.058472 -0.078775
    48 -0.049760 -1.680543 0.100480 -0.624477 0.000000 -0.000000
    49 -0.034142 -1.148310 0.084779 -1.037172 0.000000 0.000000
    50 0.957767 -2.746777 -0.090299 -0.141311 -0.139206 0.276765
    51 -0.033420 -1.397126 -0.011255 -0.475722 0.000000 0.000001
    52 -0.022361 -0.957433 0.018785 -0.858670 0.000000 0.000000
    53 0.583509 -1.197273 0.185380 0.498834 -0.339857 -0.429184
    54 1.535925 0.010248 0.005008 -0.002964 -0.491310 0.000890
    55 1.100770 0.004527 -0.010675 -0.002796 -0.975914 0.003459
  time 178
    0 6.696221 -1.694242 -7.951368 0.912118 -2.042479 -1.042323
    1 -0.071920 -8.498732 -0.104134 -0.187910 0.269256 0.099663
    2 -0.480402 -2.843485 2.688040 0.673012 -2.243426 1.543597
    3 -0.092775 0.166653 2.610122 -0.413408 1.191695 1.776002
    4 -0.011142 0.781255 -0.800262 1.825779 -0.099553 -0.017636
    5 0.000000 0.718097 -0.000002 -0.055867 0.000132 -0.001198
    6 -0.000001 0.897711 1.580295 -0.150667 -0.044153 -0.157780
    7 -0.000000 -0.000000 0.811541 0.569018 -0.134605 0.274998
    8 2.222451 -1.406034 2.036900 -0.473741 0.241826 0.766631
    9 -2.177140 -1.437285 2.052527 2.509952 -0.480026 -0.761772
    10 0.078373 -2.176590 0.880627 -0.176167 0.008544 0.018050
    11 0.072788 -0.780646 3.201085 -0.986747 0.008544 0.018050
    12 1.771212 -0.139594 1.667991 0.513126 0.811034 3.113585
    13 -1.241366 -1.806391 1.056407 1.256770 -0.061300 2.555561
    14 1.239846 -1.806390 1.056407 1.154558 3.081419 0.587926
    15 1.218724 -1.798575 1.272704 -1.350459 0.071248 -2.554794
    16 0.004859 -0.122106 -0.000735 0.074259 0.041702 0.036316
    17 -1.061022 -1.480885 1.175125 0.064941 0.054357 -0.744906
    18 1.061021 -1.480883 1.175125 -0.264749 0.233752 -1.147712
    19 -0.001760 -2.447698 1.417189 0.231764 0.000659 3.141748
    20 -1.220244 -1.798577 1.272703 -1.485644 -3.080293 -0.586032
    21 -0.004860 0.122106 0.000735 0.009240 0.041702 0.036316
    22 -9.325777 -2.789096 -6.600825 0.400854 2.486883 0.700289
    23 0.096951 -8.450422 -0.009364 -0.211153 -0.416107 -0.144506
    24 -0.139400 -0.111699 0.014398 0.602950 -0.047021 1.569868
    25 1.164474 -2.543937 -0.170327 -0.731728 -0.172871 0.253744
    26 0.024034 -1.129039 0.017807 -0.966566 0.000000 -0.000001
    27 0.014896 -0.883992 -0.019847 -0.940675 0.000000 -0.000000
    28 0.447949 -2.798981 -0.200442 -0.678630 0.047193 0.204345
    29 -0.032909 -1.480206 0.004935 -0.823676 0.000000 0.000000
    30 -0.027023 -1.076921 -0.020212 -0.839061 0.000000 -0.000000
    31 -0.249535 -2.846962 -0.174215 -0.489293 0.073408 0.096039
    32 0.043235 -1.683941 0.096015 -0.783170 0.000001 0.000000
    33 0.031729 -1.160831 0.058834 -0.578449 -0.000000 -0.000000
    34 -0.963867 -2.785142 -0.085346 -0.389692 0.135327 -0.091592
    35 0.028477 -1.403065 0.006271 -0.549065 0.000001 0.000000
    36 0.021414 -0.957780 0.020046 -0.382063 0.000000 0.000000
    37 -0.591283 -1.257737 0.232709 -1.317840 -0.171643 -2.561866
    38 1.522835 0.058679 0.016852 0.001411 -0.223174 -0.046880
    39 1.117948 0.048424 -0.005766 -0.000243 -0.410841 0.065422
    40 0.120152 -0.050266 -0.054488 0.366862 3.144320 1.551255
    41 -1.180679 -2.507216 -0.193860 0.174078 0.013294 -0.477916
    42 -0.024968 -1.123935 0.017595 -0.399958 0.000000 0.000000
    43 -0.020059 -0.890964 0.010094 -0.763707 -0.000000 -0.000000
    44 -0.488518 -2.755600 -0.228259 0.021291 -0.012955 -0.306739
    45 0.039887 -1.479790 0.029853 -0.312801 0.000000 0.000000
    46 0.028784 -1.075732 -0.023109 -0.857892 -0.000000 -0.000000
    47 0.250027 -2.820664 -0.238394 0.058002 -0.058472 -0.078775
    48 -0.049760 -1.680543 0.100480 -0.624477 0.000000 -0.000000
    49 -0.034142 -1.148310 0.084779 -1.037172 0.000000 0.000000
    50 0.957767 -2.746777 -0.090299 -0.138346 -0.139206 0.276765
    51 -0.033420 -1.397126 -0.011255 -0.475934 0.000000 0.000001
    52 -0.022361 -0.957433 0.018785 -0.858670 0.000000 0.000000
    53 0.583509 -1.197273 0.185380 0.498834 -0.339857 -0.429184
    54 1.535925 0.010248 0.005008 -0.002964 -0.491310 0.000890
    55 1.100770 0.004527 -0.010675 -0.002796 -0.975914 0.003459
  time 179
    0 6.641532 -1.686430 -7.924024 0.924691 -2.036254 -1.056558
    1 -0.071920 -8.498732 -0.104134 -0.182780 0.278481 0.097835
    2 -0.480402 -2.843485 2.688040 0.673012 -2.243426 1.543597
    3 -0.088869 0.170559 2.606216 -0.398948 1.195288 1.792693
    4 -0.011142 0.781255 -0.800262 1.861393 -0.092698 -0.015347
    5 0.000000 0.718097 -0.000002 -0.064265 0.000036 -0.000312
    6 -0.000001 0.897711 1.580295 -0.150667 -0.044153 -0.157780
    7 -0.000000 -0.000000 0.811541 0.569018 -0.134605 0.274998
    8 2.187294 -1.402127 2.029087 -0.477924 0.232898 0.748798
    9 -2.153702 -1.417753 2.036901 2.511642 -0.480277 -0.769346
    10 0.078373 -2.141432 0.872814 -0.176167 0.008544 0.018050
    11 0.072788 -0.753301 3.162022 -0.993614 0.008544 0.018050
    12 1.775118 -0.139594 1.671897 0.513126 0.811034 3.113585
    13 -1.241366 -1.806391 1.056407 1.256939 -0.061300 2.555561
    14 1.239846 -1.806390 1.056407 1.161057 3.080580 0.586523
    15 1.218724 -1.798575 1.272704 -1.342916 0.063834 -2.555369
    16 0.004859 -0.122106 -0.000735 0.073555 0.041702 0.036316
    17 -1.061022 -1.480885 1.175125 0.033761 0.029071 -0.724154
    18 1.061021 -1.480883 1.175125 -0.245305 0.281684 -1.168322
    19 -0.001760 -2.447698 1.417189 0.231764 0.000168 3.141628
    20 -1.220244 -1.798577 1.272703 -1.486763 -3.080293 -0.586032
    21 -0.004860 0.122106 0.000735 0.010358 0.041702 0.036316
    22 -9.021080 -2.918006 -6.608638 0.432262 2.476123 0.706729
    23 0.096951 -8.450422 -0.009364 -0.176748 -0.381850 -0.121360
    24 -0.139400 -0.111699 0.014398 0.602950 -0.047021 1.569868
    25 1.164474 -2.543937 -0.170327 -0.713164 -0.190165 0.257843
    26 0.024034 -1.129039 0.017807 -0.967992 0.000000 -0.000001
    27 0.014896 -0.883992 -0.019847 -0.915380 0.000000 -0.000000
    28 0.447949 -2.798981 -0.200442 -0.647821 0.047193 0.204345
    29 -0.032909 -1.480206 0.004935 -0.808411 0.000000 0.000000
    30 -0.027023 -1.076921 -0.020212 -0.851085 0.000000 -0.000000
    31 -0.249535 -2.846962 -0.174215 -0.429785 0.073408 0.096039
    32 0.043235 -1.683941 0.096015 -0.768536 0.000001 0.000000
    33 0.031729 -1.160831 0.058834 -0.597179 -0.000000 -0.000000
    34 -0.963867 -2.785142 -0.085346 -0.302902 0.135327 -0.091592
    35 0.028477 -1.403065 0.006271 -0.523144 0.000001 0.000000
    36 0.021414 -0.957780 0.020046 -0.359609 0.000000 0.000000
    37 -0.591283 -1.257737 0.232709 -1.312619 -0.138704 -2.590797
    38 1.522835 0.058679 0.016852 0.001411 -0.223174 -0.046880
    39 1.117948 0.048424 -0.005766 -0.000243 -0.438414 0.065422
    40 0.120152 -0.050266 -0.054488 0.366862 3.144320 1.551255
    41 -1.180679 -2.507216 -0.193860 0.174078 0.013294 -0.477916
    42 -0.024968 -1.123935 0.017595 -0.399958 0.000000 0.000000
    43 -0.020059 -0.890964 0.010094 -0.763707 -0.000000 -0.000000
    44 -0.488518 -2.755600 -0.228259 0.021291 -0.012955 -0.306739
    45 0.039887 -1.479790 0.029853 -0.312801 0.000000 0.000000
    46 0.028784 -1.075732 -0.023109 -0.857892 -0.000000 -0.000000
    47 0.250027 -2.820664 -0.238394 0.058002 -0.058472 -0.078775
    48 -0.049760 -1.680543 0.100480 -0.624477 0.000000 -0.000000
    49 -0.034142 -1.148310 0.084779 -1.037172 0.000000 0.000000
    50 0.957767 -2.746777 -0.090299 -0.135362 -0.139206 0.276765
    51 -0.033420 -1.397126 -0.011255 -0.476146 0.000000 0.000001
    52 -0.022361 -0.957433 0.018785 -0.858670 0.000000 0.000000
    53 0.583509 -1.197273 0.185380 0.498834 -0.339857 -0.429184
    54 1.535925 0.010248 0.005008 -0.002964 -0.491310 0.000890
    55 1.100770 0.004527 -0.010675 -0.002796 -0.975914 0.003459
  time 180
    0 6.586843 -1.682523 -7.896679 0.938021 -2.029654 -1.071713
    1 -0.071920 -8.498732 -0.104134 -0.177538 0.288091 0.095931
    2 -0.480402 -2.843485 2.688040 0.673012 -2.243426 1.543597
    3 -0.088869 0.170559 2.606216 -0.393785 1.196515 1.798619
    4 -0.011142 0.781255 -0.800262 1.900872 -0.084824 -0.012746
    5 0.000000 0.718097 -0.000002 -0.067308 0.000000 0.000000
    6 -0.000001 0.897711 1.580295 -0.150667 -0.044153 -0.157780
    7 -0.000000 -0.000000 0.811541 0.569018 -0.134605 0.274998
    8 2.156043 -1.398221 2.021274 -0.482214 0.223274 0.729826
    9 -2.130264 -1.398221 2.021276 2.513451 -0.480505 -0.777436
    10 0.078373 -2.106275 0.868908 -0.176167 0.008544 0.018050
    11 0.072788 -0.729863 3.122958 -1.000949 0.008544 0.018050
    12 1.775118 -0.139594 1.671897 0.513126 0.811034 3.113585
    13 -1.241366 -1.806391 1.056407 1.256939 -0.061300 2.555561
    14 1.239846 -1.806390 1.056407 1.163316 3.080293 0.586032
    15 1.218724 -1.798575 1.272704 -1.340342 0.061300 -2.555561
    16 0.004859 -0.122106 -0.000735 0.073338 0.041702 0.036316
    17 -1.061022 -1.480885 1.175125 0.000000 0.000000 -0.698132
    18 1.061021 -1.480883 1.175125 -0.223871 0.333597 -1.189563
    19 -0.001760 -2.447698 1.417189 0.231764 0.000000 3.141592
    20 -1.220244 -1.798577 1.272703 -1.487043 -3.080293 -0.586032
    21 -0.004860 0.122106 0.000735 0.010737 0.041702 0.036316
    22 -8.700758 -3.062541 -6.612545 0.464904 2.465075 0.714897
    23 0.096951 -8.450422 -0.009364 -0.138452 -0.345344 -0.097428
    24 -0.139400 -0.111699 0.014398 0.602950 -0.047021 1.569868
    25 1.164474 -2.543937 -0.170327 -0.685280 -0.208274 0.262133
    26 0.024034 -1.129039 0.017807 -0.966992 0.000000 -0.000001
    27 0.014896 -0.883992 -0.019847 -0.880350 0.000000 -0.000000
    28 0.447949 -2.798981 -0.200442 -0.603491 0.047193 0.204345
    29 -0.032909 -1.480206 0.004935 -0.786131 0.000000 0.000000
    30 -0.027023 -1.076921 -0.020212 -0.861688 0.000000 -0.000000
    31 -0.249535 -2.846962 -0.174215 -0.355007 0.073408 0.096039
    32 0.043235 -1.683941 0.096015 -0.748035 0.000001 0.000000
    33 0.031729 -1.160831 0.058834 -0.615230 -0.000000 -0.000000
    34 -0.963867 -2.785142 -0.085346 -0.203281 0.135327 -0.091592
    35 0.028477 -1.403065 0.006271 -0.491084 0.000001 0.000000
    36 0.021414 -0.957780 0.020046 -0.331647 0.000000 0.000000
    37 -0.591283 -1.257737 0.232709 -1.310741 -0.126567 -2.601378
    38 1.522835 0.058679 0.016852 0.001411 -0.223174 -0.046880
    39 1.117948 0.048424 -0.005766 -0.000243 -0.467051 0.065422
    40 0.120152 -0.050266 -0.054488 0.366862 3.144320 1.551255
    41 -1.180679 -2.507216 -0.193860 0.174078 0.013294 -0.477916
    42 -0.024968 -1.123935 0.017595 -0.399958 0.000000 0.000000
    43 -0.020059 -0.890964 0.010094 -0.763707 -0.000000 -0.000000
    44 -0.488518 -2.755600 -0.228259 0.021291 -0.012955 -0.306739
    45 0.039887 -1.479790 0.029853 -0.312801 0.000000 0.000000
    46 0.028784 -1.075732 -0.023109 -0.857892 -0.000000 -0.000000
    47 0.250027 -2.820664 -0.238394 0.058002 -0.058472 -0.078775
    48 -0.049760 -1.680543 0.100480 -0.624477 0.000000 -0.000000
    49 -0.034142 -1.148310 0.084779 -1.037172 0.000000 0.000000
    50 0.957767 -2.746777 -0.090299 -0.132358 -0.139206 0.276765
    51 -0.033420 -1.397126 -0.011255 -0.476372 0.000000 0.000001
    52 -0.022361 -0.957433 0.018785 -0.858670 0.000000 0.000000
    53 0.583509 -1.197273 0.185380 0.498834 -0.339857 -0.429184
    54 1.535925 0.010248 0.005008 -0.002964 -0.491310 0.000890
    55 1.100770 0.004527 -0.010675 -0.002796 -0.975914 0.003459
end
