version 1
nodes
  0 "Bone01" -1
  1 "Bone_Lefthand" 0
  2 "Bone_Root" 1
  3 "Bone_Head_Top" 2
  4 "Bone_Mouth00" 2
  5 "Bone_Mouth01" 4
  6 "Bone_Toung" 4
  7 "Bone_Toung01" 6
  8 "Bone_Bol_L" 4
  9 "Bone_Bol_R" 4
  10 "Bone_Bol_Bottom" 4
  11 "Bone_Bol_M" 4
  12 "Bone_Head_L" 2
  13 "Bone_EyeCover_R_B" 2
  14 "Bone_EyeCover_L_B" 2
  15 "Bone_EyeCover_L_Top00" 2
  16 "Bone_EyeCover_L_Top01" 15
  17 "Bone_EyeL" 2
  18 "Bone_EyeR" 2
  19 "Bone_MiGan" 2
  20 "Bone_EyeCover_R_Top00" 2
  21 "Bone_EyeCover_R_Top01" 20
  22 "Bone04" -1
  23 "Bone_Righthand" 22
  24 "Bone_Se_Hand-R" 23
  25 "Bone43" 23
  26 "Bone44" 25
  27 "Bone45" 26
  28 "Bone39" 23
  29 "Bone40" 28
  30 "Bone41" 29
  31 "Bone35" 23
  32 "Bone36" 31
  33 "Bone37" 32
  34 "Bone31" 23
  35 "Bone32" 34
  36 "Bone33" 35
  37 "Bone27" 23
  38 "Bone28" 37
  39 "Bone29" 38
  40 "Bone_Se_Hand-L" 1
  41 "Bone09" 1
  42 "Bone10" 41
  43 "Bone11" 42
  44 "Bone13" 1
  45 "Bone14" 44
  46 "Bone15" 45
  47 "Bone17" 1
  48 "Bone18" 47
  49 "Bone19" 48
  50 "Bone21" 1
  51 "Bone22" 50
  52 "Bone23" 51
  53 "Bone05" 1
  54 "Bone06" 53
  55 "Bone07" 54
end
skeleton
  time 0
    0 6.586843 -1.682523 -7.896679 0.938021 -2.029654 -1.071713
    1 -0.071920 -8.498732 -0.104134 -0.177538 0.288091 0.095931
    2 -0.480402 -2.843485 2.688040 0.673012 -2.243426 1.543597
    3 -0.088869 0.170559 2.606216 -0.393785 1.196515 1.798619
    4 -0.011142 0.781255 -0.800262 1.900872 -0.084824 -0.012746
    5 0.000000 0.718097 -0.000002 -0.067308 0.000000 0.000000
    6 -0.000001 0.897711 1.580295 -0.150667 -0.044153 -0.157780
    7 -0.000000 -0.000000 0.811541 0.569018 -0.134605 0.274998
    8 2.156043 -1.398221 2.021274 -0.482214 0.223274 0.729826
    9 -2.130264 -1.398221 2.021276 2.513451 -0.480505 -0.777436
    10 0.078373 -2.106275 0.868908 -0.176167 0.008544 0.018050
    11 0.072788 -0.729863 3.122958 -1.000949 0.008544 0.018050
    12 1.775118 -0.139594 1.671897 0.513126 0.811034 3.113585
    13 -1.241366 -1.806391 1.056407 1.256939 -0.061300 2.555561
    14 1.239846 -1.806390 1.056407 1.163316 3.080293 0.586032
    15 1.218724 -1.798575 1.272704 -1.340342 0.061300 -2.555561
    16 0.004859 -0.122106 -0.000735 0.073338 0.041702 0.036316
    17 -1.061022 -1.480885 1.175125 0.000000 0.000000 -0.698132
    18 1.061021 -1.480883 1.175125 -0.223871 0.333597 -1.189563
    19 -0.001760 -2.447698 1.417189 0.231764 -0.000000 3.141592
    20 -1.220244 -1.798577 1.272703 -1.487043 -3.080293 -0.586032
    21 -0.004860 0.122106 0.000735 0.010737 0.041702 0.036316
    22 -8.700758 -3.062541 -6.612545 0.464904 2.465075 0.714897
    23 0.096951 -8.450422 -0.009364 -0.138452 -0.345344 -0.097428
    24 -0.139400 -0.111699 0.014398 0.602950 -0.047021 1.569868
    25 1.164474 -2.543937 -0.170327 -0.685280 -0.208274 0.262133
    26 0.024034 -1.129039 0.017807 -0.966992 0.000000 -0.000001
    27 0.014896 -0.883992 -0.019847 -0.880350 0.000000 -0.000000
    28 0.447949 -2.798981 -0.200442 -0.603491 0.047193 0.204345
    29 -0.032909 -1.480206 0.004935 -0.786131 0.000000 0.000000
    30 -0.027023 -1.076921 -0.020212 -0.861688 0.000000 -0.000000
    31 -0.249535 -2.846962 -0.174215 -0.355007 0.073408 0.096039
    32 0.043235 -1.683941 0.096015 -0.748035 0.000001 0.000000
    33 0.031729 -1.160831 0.058834 -0.615230 -0.000000 -0.000000
    34 -0.963867 -2.785142 -0.085346 -0.203281 0.135327 -0.091592
    35 0.028477 -1.403065 0.006271 -0.491084 0.000001 0.000000
    36 0.021414 -0.957780 0.020046 -0.331647 0.000000 0.000000
    37 -0.591283 -1.257737 0.232709 -1.310741 -0.126567 -2.601378
    38 1.522835 0.058679 0.016852 0.001411 -0.223174 -0.046880
    39 1.117948 0.048424 -0.005766 -0.000243 -0.467051 0.065422
    40 0.120152 -0.050266 -0.054488 0.366862 3.144320 1.551255
    41 -1.180679 -2.507216 -0.193860 0.174078 0.013294 -0.477916
    42 -0.024968 -1.123935 0.017595 -0.399958 0.000000 0.000000
    43 -0.020059 -0.890964 0.010094 -0.763707 -0.000000 -0.000000
    44 -0.488518 -2.755600 -0.228259 0.021291 -0.012955 -0.306739
    45 0.039887 -1.479790 0.029853 -0.312801 0.000000 0.000000
    46 0.028784 -1.075732 -0.023109 -0.857892 -0.000000 -0.000000
    47 0.250027 -2.820664 -0.238394 0.058002 -0.058472 -0.078775
    48 -0.049760 -1.680543 0.100480 -0.624477 0.000000 -0.000000
    49 -0.034142 -1.148310 0.084779 -1.037172 0.000000 0.000000
    50 0.957767 -2.746777 -0.090299 -0.132358 -0.139206 0.276765
    51 -0.033420 -1.397126 -0.011255 -0.476372 0.000000 0.000001
    52 -0.022361 -0.957433 0.018785 -0.858670 0.000000 0.000000
    53 0.583509 -1.197273 0.185380 0.498834 -0.339857 -0.429184
    54 1.535925 0.010248 0.005008 -0.002964 -0.491310 0.000890
    55 1.100770 0.004527 -0.010675 -0.002796 -0.975914 0.003459
  time 1
    0 6.821225 -2.010658 -7.627140 0.801235 -2.004840 -0.935324
    1 -0.071920 -8.498732 -0.104134 -0.073298 0.318946 0.192624
    2 -0.480402 -2.843485 2.688040 0.673012 -2.243426 1.543597
    3 -0.084963 0.147121 2.668718 -0.471043 1.182213 1.715381
    4 -0.011142 0.781255 -0.800262 1.880116 -0.084824 -0.012746
    5 0.000000 0.718097 -0.000002 -0.086515 -0.003176 -0.032310
    6 -0.000001 0.897711 1.580295 -0.150667 -0.044153 -0.157780
    7 -0.000000 -0.000000 0.811541 0.569018 -0.134605 0.274998
    8 2.187294 -1.425566 2.040806 -0.482214 0.223274 0.729826
    9 -2.130264 -1.398221 2.021276 2.513451 -0.480505 -0.777436
    10 0.078373 -2.051586 0.861095 -0.176167 0.008544 0.018050
    11 0.072788 -0.745488 3.150302 -1.000949 0.008544 0.018050
    12 1.841526 -0.139594 1.734399 0.503119 0.793656 3.099671
    13 -1.241366 -1.806391 1.056407 1.240772 -0.061300 2.555561
    14 1.239846 -1.806390 1.056407 1.152428 3.080293 0.586032
    15 1.218724 -1.798575 1.272704 -1.333420 0.061300 -2.555561
    16 0.004859 -0.122106 -0.000735 0.073338 0.041702 0.036316
    17 -1.061022 -1.480885 1.175125 0.066618 -0.014747 -0.590025
    18 1.061021 -1.480883 1.175125 -0.164479 0.354669 -1.069447
    19 -0.001760 -2.385196 1.405470 0.240129 -0.000000 3.141592
    20 -1.220244 -1.798577 1.272703 -1.487043 -3.080293 -0.586032
    21 -0.004860 0.122106 0.000735 0.010737 0.041702 0.036316
    22 -8.517159 -2.761751 -6.612545 0.474122 2.534507 0.641085
    23 0.096951 -8.450422 -0.009364 -0.184624 -0.277496 -0.139313
    24 -0.139400 -0.111699 0.014398 0.602950 -0.047021 1.569868
    25 1.164474 -2.543937 -0.170327 -0.685280 -0.208274 0.262133
    26 0.024034 -1.129039 0.017807 -0.966992 0.000000 -0.000001
    27 0.014896 -0.883992 -0.019847 -0.880350 0.000000 -0.000000
    28 0.447949 -2.798981 -0.200442 -0.487547 0.047193 0.204345
    29 -0.032909 -1.480206 0.004935 -0.670197 0.000000 0.000000
    30 -0.027023 -1.076921 -0.020212 -0.745769 0.000000 -0.000000
    31 -0.249535 -2.846962 -0.174215 -0.362485 0.073408 0.096039
    32 0.043235 -1.683941 0.096015 -0.755542 0.000001 0.000000
    33 0.031729 -1.160831 0.058834 -0.622735 -0.000000 -0.000000
    34 -0.963867 -2.785142 -0.085346 -0.167874 0.135327 -0.091592
    35 0.028477 -1.403065 0.006271 -0.449673 0.000001 0.000000
    36 0.021414 -0.957780 0.020046 -0.331647 0.000000 0.000000
    37 -0.591283 -1.257737 0.232709 -1.313649 -0.177375 -2.619792
    38 1.522835 0.058679 0.016852 0.001411 -0.220225 -0.046880
    39 1.117948 0.048424 -0.005766 -0.000243 -0.509671 0.065422
    40 0.120152 -0.050266 -0.054488 0.366862 3.144320 1.551255
    41 -1.180679 -2.507216 -0.193860 0.174078 0.013294 -0.477916
    42 -0.024968 -1.123935 0.017595 -0.399958 0.000000 0.000000
    43 -0.020059 -0.890964 0.010094 -0.763707 -0.000000 -0.000000
    44 -0.488518 -2.755600 -0.228259 0.021291 -0.012955 -0.306739
    45 0.039887 -1.479790 0.029853 -0.312801 0.000000 0.000000
    46 0.028784 -1.075732 -0.023109 -0.857892 -0.000000 -0.000000
    47 0.250027 -2.820664 -0.238394 0.058002 -0.058472 -0.078775
    48 -0.049760 -1.680543 0.100480 -0.624477 0.000000 -0.000000
    49 -0.034142 -1.148310 0.084779 -1.037172 0.000000 0.000000
    50 0.957767 -2.746777 -0.090299 -0.132358 -0.139206 0.276765
    51 -0.033420 -1.397126 -0.011255 -0.476372 0.000000 0.000001
    52 -0.022361 -0.957433 0.018785 -0.858670 0.000000 0.000000
    53 0.583509 -1.197273 0.185380 0.498834 -0.339857 -0.429184
    54 1.535925 0.010248 0.005008 -0.002964 -0.491310 0.000890
    55 1.100770 0.004527 -0.010675 -0.002796 -0.975914 0.003459
  time 2
    0 7.043889 -2.319262 -7.369319 0.667326 -1.980276 -0.808487
    1 -0.071920 -8.498732 -0.104134 0.024555 0.340716 0.280786
    2 -0.480402 -2.843485 2.688040 0.673012 -2.243426 1.543597
    3 -0.081056 0.123683 2.735126 -0.547204 1.164352 1.632795
    4 -0.011142 0.781255 -0.800262 1.859335 -0.084824 -0.012746
    5 0.000000 0.718097 -0.000002 -0.098054 -0.005081 -0.051714
    6 -0.000001 0.897711 1.580295 -0.150667 -0.044153 -0.157780
    7 -0.000000 -0.000000 0.811541 0.569018 -0.134605 0.274998
    8 2.226358 -1.456817 2.068151 -0.482214 0.223274 0.729826
    9 -2.134171 -1.398221 2.021276 2.513451 -0.480505 -0.777436
    10 0.078373 -1.985178 0.849376 -0.176167 0.008544 0.018050
    11 0.072788 -0.757208 3.185460 -1.000949 0.008544 0.018050
    12 1.919654 -0.143500 1.800807 0.492501 0.774050 3.084618
    13 -1.241366 -1.806391 1.056407 1.223081 -0.061300 2.555561
    14 1.239846 -1.806390 1.056407 1.140549 3.080293 0.586032
    15 1.218724 -1.798575 1.272704 -1.325788 0.061300 -2.555561
    16 0.004859 -0.122106 -0.000735 0.073338 0.041702 0.036316
    17 -1.061022 -1.480885 1.175125 0.137854 -0.031540 -0.466969
    18 1.061021 -1.480883 1.175125 -0.096487 0.378588 -0.933107
    19 -0.001760 -2.314882 1.385938 0.249034 -0.000000 3.141592
    20 -1.220244 -1.798577 1.272703 -1.487043 -3.080293 -0.586032
    21 -0.004860 0.122106 0.000735 0.010737 0.041702 0.036316
    22 -8.345279 -2.480493 -6.612545 0.478481 2.604516 0.578542
    23 0.096951 -8.450422 -0.009364 -0.213991 -0.213463 -0.174561
    24 -0.139400 -0.111699 0.014398 0.602950 -0.047021 1.569868
    25 1.164474 -2.543937 -0.170327 -0.685280 -0.208274 0.262133
    26 0.024034 -1.129039 0.017807 -0.966992 0.000000 -0.000001
    27 0.014896 -0.883992 -0.019847 -0.880350 0.000000 -0.000000
    28 0.447949 -2.798981 -0.200442 -0.390871 0.047193 0.204345
    29 -0.032909 -1.480206 0.004935 -0.573558 0.000000 0.000000
    30 -0.027023 -1.076921 -0.020212 -0.649082 0.000000 -0.000000
    31 -0.249535 -2.846962 -0.174215 -0.361674 0.073408 0.096039
    32 0.043235 -1.683941 0.096015 -0.754722 0.000001 0.000000
    33 0.031729 -1.160831 0.058834 -0.621926 -0.000000 -0.000000
    34 -0.963867 -2.785142 -0.085346 -0.133361 0.135327 -0.091592
    35 0.028477 -1.403065 0.006271 -0.409292 0.000001 0.000000
    36 0.021414 -0.957780 0.020046 -0.331647 0.000000 0.000000
    37 -0.591283 -1.257737 0.232709 -1.314895 -0.227300 -2.636584
    38 1.522835 0.058679 0.016852 0.001411 -0.218653 -0.046880
    39 1.117948 0.048424 -0.005766 -0.000243 -0.532322 0.065422
    40 0.120152 -0.050266 -0.054488 0.366862 3.144320 1.551255
    41 -1.180679 -2.507216 -0.193860 0.174078 0.013294 -0.477916
    42 -0.024968 -1.123935 0.017595 -0.399958 0.000000 0.000000
    43 -0.020059 -0.890964 0.010094 -0.763707 -0.000000 -0.000000
    44 -0.488518 -2.755600 -0.228259 0.021291 -0.012955 -0.306739
    45 0.039887 -1.479790 0.029853 -0.312801 0.000000 0.000000
    46 0.028784 -1.075732 -0.023109 -0.857892 -0.000000 -0.000000
    47 0.250027 -2.820664 -0.238394 0.058002 -0.058472 -0.078775
    48 -0.049760 -1.680543 0.100480 -0.624477 0.000000 -0.000000
    49 -0.034142 -1.148310 0.084779 -1.037172 0.000000 0.000000
    50 0.957767 -2.746777 -0.090299 -0.132358 -0.139206 0.276765
    51 -0.033420 -1.397126 -0.011255 -0.476372 0.000000 0.000001
    52 -0.022361 -0.957433 0.018785 -0.858670 0.000000 0.000000
    53 0.583509 -1.197273 0.185380 0.498834 -0.339857 -0.429184
    54 1.535925 0.010248 0.005008 -0.002964 -0.491310 0.000890
    55 1.100770 0.004527 -0.010675 -0.002796 -0.975914 0.003459
  time 3
    0 7.258739 -2.600520 -7.131031 0.542885 -1.957175 -0.695335
    1 -0.071920 -8.498732 -0.104134 0.115765 0.354938 0.359640
    2 -0.480402 -2.843485 2.688040 0.673012 -2.243426 1.543597
    3 -0.073244 0.096338 2.805441 -0.620121 1.143004 1.553063
    4 -0.011142 0.781255 -0.800262 1.849898 -0.084824 -0.012746
    5 0.000000 0.718097 -0.000002 -0.078555 -0.003535 -0.035846
    6 -0.000001 0.897711 1.580295 -0.150667 -0.044153 -0.157780
    7 -0.000000 -0.000000 0.811541 0.569018 -0.134605 0.274998
    8 2.265421 -1.495880 2.095495 -0.482214 0.223274 0.729826
    9 -2.134171 -1.398221 2.025182 2.513451 -0.480505 -0.777436
    10 0.078373 -1.918769 0.837657 -0.176167 0.008544 0.018050
    11 0.072788 -0.768927 3.220617 -1.000949 0.008544 0.018050
    12 1.997781 -0.143500 1.867216 0.481810 0.752981 3.069170
    13 -1.241366 -1.806391 1.056407 1.204206 -0.061300 2.555561
    14 1.239846 -1.806390 1.056407 1.127918 3.080293 0.586032
    15 1.218724 -1.798575 1.272704 -1.317712 0.061300 -2.555561
    16 0.004859 -0.122106 -0.000735 0.073338 0.041702 0.036316
    17 -1.061022 -1.480885 1.175125 0.206773 -0.047310 -0.351398
    18 1.061021 -1.480883 1.175125 -0.032057 0.403641 -0.805480
    19 -0.001760 -2.244567 1.370313 0.258418 -0.000000 3.141592
    20 -1.220244 -1.798577 1.272703 -1.487043 -3.080293 -0.586032
    21 -0.004860 0.122106 0.000735 0.010737 0.041702 0.036316
    22 -8.185118 -2.214859 -6.612545 0.478586 2.674996 0.526492
    23 0.096951 -8.450422 -0.009364 -0.229520 -0.154330 -0.203606
    24 -0.139400 -0.111699 0.014398 0.602950 -0.047021 1.569868
    25 1.164474 -2.543937 -0.170327 -0.685280 -0.208274 0.262133
    26 0.024034 -1.129039 0.017807 -0.966992 0.000000 -0.000001
    27 0.014896 -0.883992 -0.019847 -0.880350 0.000000 -0.000000
    28 0.447949 -2.798981 -0.200442 -0.311723 0.047193 0.204345
    29 -0.032909 -1.480206 0.004935 -0.494407 0.000000 0.000000
    30 -0.027023 -1.076921 -0.020212 -0.569956 0.000000 -0.000000
    31 -0.249535 -2.846962 -0.174215 -0.357485 0.073408 0.096039
    32 0.043235 -1.683941 0.096015 -0.750537 0.000001 0.000000
    33 0.031729 -1.160831 0.058834 -0.617753 -0.000000 -0.000000
    34 -0.963867 -2.785142 -0.085346 -0.100607 0.135327 -0.091592
    35 0.028477 -1.403065 0.006271 -0.370969 0.000001 0.000000
    36 0.021414 -0.957780 0.020046 -0.331647 0.000000 0.000000
    37 -0.591283 -1.257737 0.232709 -1.314570 -0.275160 -2.651623
    38 1.522835 0.058679 0.016852 0.001411 -0.218189 -0.046880
    39 1.117948 0.048424 -0.005766 -0.000243 -0.538978 0.065422
    40 0.120152 -0.050266 -0.054488 0.366862 3.144320 1.551255
    41 -1.180679 -2.507216 -0.193860 0.174078 0.013294 -0.477916
    42 -0.024968 -1.123935 0.017595 -0.399958 0.000000 0.000000
    43 -0.020059 -0.890964 0.010094 -0.763707 -0.000000 -0.000000
    44 -0.488518 -2.755600 -0.228259 0.021291 -0.012955 -0.306739
    45 0.039887 -1.479790 0.029853 -0.312801 0.000000 0.000000
    46 0.028784 -1.075732 -0.023109 -0.857892 -0.000000 -0.000000
    47 0.250027 -2.820664 -0.238394 0.058002 -0.058472 -0.078775
    48 -0.049760 -1.680543 0.100480 -0.624477 0.000000 -0.000000
    49 -0.034142 -1.148310 0.084779 -1.037172 0.000000 0.000000
    50 0.957767 -2.746777 -0.090299 -0.132358 -0.139206 0.276765
    51 -0.033420 -1.397126 -0.011255 -0.476372 0.000000 0.000001
    52 -0.022361 -0.957433 0.018785 -0.858670 0.000000 0.000000
    53 0.583509 -1.197273 0.185380 0.498834 -0.339857 -0.429184
    54 1.535925 0.010248 0.005008 -0.002964 -0.491310 0.000890
    55 1.100770 0.004527 -0.010675 -0.002796 -0.975914 0.003459
  time 4
    0 7.457963 -2.838809 -6.912274 0.434653 -1.936914 -0.600000
    1 -0.071920 -8.498732 -0.104134 0.200072 0.362940 0.428439
    2 -0.480402 -2.843485 2.688040 0.673012 -2.243426 1.543597
    3 -0.069337 0.072900 2.867943 -0.688287 1.118378 1.477735
    4 -0.011142 0.781255 -0.800262 1.879288 -0.084824 -0.012746
    5 0.000000 0.718097 -0.000002 -0.042356 -0.000647 -0.006388
    6 -0.000001 0.897711 1.580295 -0.150667 -0.044153 -0.157780
    7 -0.000000 -0.000000 0.811541 0.569018 -0.134605 0.274998
    8 2.304485 -1.531038 2.118933 -0.482214 0.223274 0.729826
    9 -2.138077 -1.402127 2.025182 2.513451 -0.480505 -0.777436
    10 0.074467 -1.848455 0.825938 -0.176167 0.008544 0.018050
    11 0.072788 -0.780646 3.255774 -1.000949 0.008544 0.018050
    12 2.068096 -0.147407 1.933624 0.471527 0.731265 3.053950
    13 -1.241366 -1.806391 1.056407 1.184568 -0.061300 2.555561
    14 1.239846 -1.806390 1.056407 1.114705 3.080293 0.586032
    15 1.218724 -1.798575 1.272704 -1.309281 0.061300 -2.555561
    16 0.004859 -0.122106 -0.000735 0.073338 0.041702 0.036316
    17 -1.061022 -1.480885 1.175125 0.266487 -0.059013 -0.265643
    18 1.061021 -1.480883 1.175125 0.016105 0.426979 -0.711232
    19 -0.001760 -2.178159 1.354687 0.268185 -0.000000 3.141592
    20 -1.220244 -1.798577 1.272703 -1.487043 -3.080293 -0.586032
    21 -0.004860 0.122106 0.000735 0.010737 0.041702 0.036316
    22 -8.040582 -1.968758 -6.612545 0.475067 2.745920 0.484279
    23 0.096951 -8.450422 -0.009364 -0.234303 -0.101246 -0.226929
    24 -0.139400 -0.111699 0.014398 0.602950 -0.047021 1.569868
    25 1.164474 -2.543937 -0.170327 -0.685280 -0.208274 0.262133
    26 0.024034 -1.129039 0.017807 -0.966992 0.000000 -0.000001
    27 0.014896 -0.883992 -0.019847 -0.880350 0.000000 -0.000000
    28 0.447949 -2.798981 -0.200442 -0.248367 0.047193 0.204345
    29 -0.032909 -1.480206 0.004935 -0.431028 0.000000 0.000000
    30 -0.027023 -1.076921 -0.020212 -0.506584 0.000000 -0.000000
    31 -0.249535 -2.846962 -0.174215 -0.355007 0.073408 0.096039
    32 0.043235 -1.683941 0.096015 -0.748035 0.000001 0.000000
    33 0.031729 -1.160831 0.058834 -0.615230 -0.000000 -0.000000
    34 -0.963867 -2.785142 -0.085346 -0.070474 0.135327 -0.091592
    35 0.028477 -1.403065 0.006271 -0.335717 0.000001 0.000000
    36 0.021414 -0.957780 0.020046 -0.331647 0.000000 0.000000
    37 -0.591283 -1.257737 0.232709 -1.312728 -0.319773 -2.664757
    38 1.522835 0.058679 0.016852 0.001411 -0.218548 -0.046880
    39 1.117948 0.048424 -0.005766 -0.000243 -0.533639 0.065422
    40 0.120152 -0.050266 -0.054488 0.366862 3.144320 1.551255
    41 -1.180679 -2.507216 -0.193860 0.174078 0.013294 -0.477916
    42 -0.024968 -1.123935 0.017595 -0.399958 0.000000 0.000000
    43 -0.020059 -0.890964 0.010094 -0.763707 -0.000000 -0.000000
    44 -0.488518 -2.755600 -0.228259 0.021291 -0.012955 -0.306739
    45 0.039887 -1.479790 0.029853 -0.312801 0.000000 0.000000
    46 0.028784 -1.075732 -0.023109 -0.857892 -0.000000 -0.000000
    47 0.250027 -2.820664 -0.238394 0.058002 -0.058472 -0.078775
    48 -0.049760 -1.680543 0.100480 -0.624477 0.000000 -0.000000
    49 -0.034142 -1.148310 0.084779 -1.037172 0.000000 0.000000
    50 0.957767 -2.746777 -0.090299 -0.132358 -0.139206 0.276765
    51 -0.033420 -1.397126 -0.011255 -0.476372 0.000000 0.000001
    52 -0.022361 -0.957433 0.018785 -0.858670 0.000000 0.000000
    53 0.583509 -1.197273 0.185380 0.498834 -0.339857 -0.429184
    54 1.535925 0.010248 0.005008 -0.002964 -0.491310 0.000890
    55 1.100770 0.004527 -0.010675 -0.002796 -0.975914 0.003459
  time 5
    0 7.645469 -3.022408 -6.720862 0.349142 -1.920789 -0.526800
    1 -0.071920 -8.498732 -0.104134 0.277144 0.366260 0.486422
    2 -0.480402 -2.843485 2.688040 0.673012 -2.243426 1.543597
    3 -0.061524 0.049462 2.922632 -0.750787 1.090807 1.407763
    4 -0.011142 0.781255 -0.800262 1.949386 -0.084824 -0.012746
    5 0.000000 0.718097 -0.000002 -0.022881 0.000887 0.009456
    6 -0.000001 0.897711 1.580295 -0.150667 -0.044153 -0.157780
    7 -0.000000 -0.000000 0.811541 0.569018 -0.134605 0.274998
    8 2.339643 -1.562289 2.146278 -0.482214 0.223274 0.729826
    9 -2.138077 -1.402127 2.025182 2.513451 -0.480505 -0.777436
    10 0.074467 -1.785953 0.814219 -0.176167 0.008544 0.018050
    11 0.072788 -0.792365 3.290932 -1.000949 0.008544 0.018050
    12 2.114972 -0.147407 1.992219 0.461988 0.709704 3.039496
    13 -1.241366 -1.806391 1.056407 1.164253 -0.061300 2.555561
    14 1.239846 -1.806390 1.056407 1.101106 3.080293 0.586032
    15 1.218724 -1.798575 1.272704 -1.300584 0.061300 -2.555561
    16 0.004859 -0.122106 -0.000735 0.073338 0.041702 0.036316
    17 -1.061022 -1.480885 1.175125 0.310044 -0.063591 -0.232074
    18 1.061021 -1.480883 1.175125 0.034747 0.445080 -0.675180
    19 -0.001760 -2.131282 1.342968 0.278288 -0.000000 3.141592
    20 -1.220244 -1.798577 1.272703 -1.487043 -3.080293 -0.586032
    21 -0.004860 0.122106 0.000735 0.010737 0.041702 0.036316
    22 -7.911672 -1.746095 -6.612545 0.468555 2.817186 0.451249
    23 0.096951 -8.450422 -0.009364 -0.231401 -0.055280 -0.244962
    24 -0.139400 -0.111699 0.014398 0.602950 -0.047021 1.569868
    25 1.164474 -2.543937 -0.170327 -0.685280 -0.208274 0.262133
    26 0.024034 -1.129039 0.017807 -0.966992 0.000000 -0.000001
    27 0.014896 -0.883992 -0.019847 -0.880350 0.000000 -0.000000
    28 0.447949 -2.798981 -0.200442 -0.199015 0.047193 0.204345
    29 -0.032909 -1.480206 0.004935 -0.381678 0.000000 0.000000
    30 -0.027023 -1.076921 -0.020212 -0.457238 0.000000 -0.000000
    31 -0.249535 -2.846962 -0.174215 -0.341223 0.073408 0.096039
    32 0.043235 -1.683941 0.096015 -0.734305 0.000001 0.000000
    33 0.031729 -1.160831 0.058834 -0.601482 -0.000000 -0.000000
    34 -0.963867 -2.785142 -0.085346 -0.043857 0.135327 -0.091592
    35 0.028477 -1.403065 0.006271 -0.304580 0.000001 0.000000
    36 0.021414 -0.957780 0.020046 -0.331647 0.000000 0.000000
    37 -0.591283 -1.257737 0.232709 -1.309440 -0.359985 -2.675837
    38 1.522835 0.058679 0.016852 0.001411 -0.219476 -0.046880
    39 1.117948 0.048424 -0.005766 -0.000243 -0.520326 0.065422
    40 0.120152 -0.050266 -0.054488 0.366862 3.144320 1.551255
    41 -1.180679 -2.507216 -0.193860 0.174078 0.013294 -0.477916
    42 -0.024968 -1.123935 0.017595 -0.399958 0.000000 0.000000
    43 -0.020059 -0.890964 0.010094 -0.763707 -0.000000 -0.000000
    44 -0.488518 -2.755600 -0.228259 0.021291 -0.012955 -0.306739
    45 0.039887 -1.479790 0.029853 -0.312801 0.000000 0.000000
    46 0.028784 -1.075732 -0.023109 -0.857892 -0.000000 -0.000000
    47 0.250027 -2.820664 -0.238394 0.058002 -0.058472 -0.078775
    48 -0.049760 -1.680543 0.100480 -0.624477 0.000000 -0.000000
    49 -0.034142 -1.148310 0.084779 -1.037172 0.000000 0.000000
    50 0.957767 -2.746777 -0.090299 -0.132358 -0.139206 0.276765
    51 -0.033420 -1.397126 -0.011255 -0.476372 0.000000 0.000001
    52 -0.022361 -0.957433 0.018785 -0.858670 0.000000 0.000000
    53 0.583509 -1.197273 0.185380 0.498834 -0.339857 -0.429184
    54 1.535925 0.010248 0.005008 -0.002964 -0.491310 0.000890
    55 1.100770 0.004527 -0.010675 -0.002796 -0.975914 0.003459
  time 6
    0 7.809537 -3.143505 -6.564607 0.292943 -1.910053 -0.479776
    1 -0.071920 -8.498732 -0.104134 0.346723 0.366330 0.532841
    2 -0.480402 -2.843485 2.688040 0.673012 -2.243426 1.543597
    3 -0.057618 0.033836 2.969508 -0.807211 1.060730 1.343662
    4 -0.011142 0.781255 -0.800262 2.033038 -0.084824 -0.012746
    5 0.000000 0.718097 -0.000002 -0.056986 0.000887 0.009420
    6 -0.000001 0.897711 1.580295 -0.150667 -0.044153 -0.157780
    7 -0.000000 -0.000000 0.811541 0.569018 -0.134605 0.274998
    8 2.374800 -1.593539 2.169716 -0.482214 0.223274 0.729826
    9 -2.141983 -1.402127 2.029089 2.513451 -0.480505 -0.777436
    10 0.074467 -1.727357 0.802500 -0.176167 0.008544 0.018050
    11 0.072788 -0.807990 3.318276 -1.000949 0.008544 0.018050
    12 2.134504 -0.147407 2.050815 0.453467 0.689139 3.026253
    13 -1.241366 -1.806391 1.056407 1.143770 -0.061300 2.555561
    14 1.239846 -1.806390 1.056407 1.087334 3.080293 0.586032
    15 1.218724 -1.798575 1.272704 -1.291709 0.061300 -2.555561
    16 0.004859 -0.122106 -0.000735 0.073338 0.041702 0.036316
    17 -1.061022 -1.480885 1.175125 0.342621 -0.063528 -0.234002
    18 1.061021 -1.480883 1.175125 0.029260 0.459628 -0.685545
    19 -0.001760 -2.111750 1.339062 0.288655 -0.000000 3.141592
    20 -1.220244 -1.798577 1.272703 -1.487043 -3.080293 -0.586032
    21 -0.004860 0.122106 0.000735 0.010737 0.041702 0.036316
    22 -7.806200 -1.550777 -6.612545 0.459705 2.888765 0.426685
    23 0.096951 -8.450422 -0.009364 -0.223812 -0.017579 -0.258202
    24 -0.139400 -0.111699 0.014398 0.602950 -0.047021 1.569868
    25 1.164474 -2.543937 -0.170327 -0.685280 -0.208274 0.262133
    26 0.024034 -1.129039 0.017807 -0.966992 0.000000 -0.000001
    27 0.014896 -0.883992 -0.019847 -0.880350 0.000000 -0.000000
    28 0.447949 -2.798981 -0.200442 -0.161928 0.047193 0.204345
    29 -0.032909 -1.480206 0.004935 -0.344577 0.000000 0.000000
    30 -0.027023 -1.076921 -0.020212 -0.420138 0.000000 -0.000000
    31 -0.249535 -2.846962 -0.174215 -0.305005 0.073408 0.096039
    32 0.043235 -1.683941 0.096015 -0.698056 0.000001 0.000000
    33 0.031729 -1.160831 0.058834 -0.565251 -0.000000 -0.000000
    34 -0.963867 -2.785142 -0.085346 -0.021620 0.135327 -0.091592
    35 0.028477 -1.403065 0.006271 -0.278555 0.000001 0.000000
    36 0.021414 -0.957780 0.020046 -0.331647 0.000000 0.000000
    37 -0.591283 -1.257737 0.232709 -1.304780 -0.394600 -2.684708
    38 1.522835 0.058679 0.016852 0.001411 -0.220674 -0.046880
    39 1.117948 0.048424 -0.005766 -0.000243 -0.503015 0.065422
    40 0.120152 -0.050266 -0.054488 0.366862 3.144320 1.551255
    41 -1.180679 -2.507216 -0.193860 0.174078 0.013294 -0.477916
    42 -0.024968 -1.123935 0.017595 -0.399958 0.000000 0.000000
    43 -0.020059 -0.890964 0.010094 -0.763707 -0.000000 -0.000000
    44 -0.488518 -2.755600 -0.228259 0.021291 -0.012955 -0.306739
    45 0.039887 -1.479790 0.029853 -0.312801 0.000000 0.000000
    46 0.028784 -1.075732 -0.023109 -0.857892 -0.000000 -0.000000
    47 0.250027 -2.820664 -0.238394 0.058002 -0.058472 -0.078775
    48 -0.049760 -1.680543 0.100480 -0.624477 0.000000 -0.000000
    49 -0.034142 -1.148310 0.084779 -1.037172 0.000000 0.000000
    50 0.957767 -2.746777 -0.090299 -0.132358 -0.139206 0.276765
    51 -0.033420 -1.397126 -0.011255 -0.476372 0.000000 0.000001
    52 -0.022361 -0.957433 0.018785 -0.858670 0.000000 0.000000
    53 0.583509 -1.197273 0.185380 0.498834 -0.339857 -0.429184
    54 1.535925 0.010248 0.005008 -0.002964 -0.491310 0.000890
    55 1.100770 0.004527 -0.010675 -0.002796 -0.975914 0.003459
  time 7
    0 7.954072 -3.182569 -6.439603 0.272796 -1.906043 -0.463152
    1 -0.071920 -8.498732 -0.104134 0.408588 0.364583 0.566936
    2 -0.480402 -2.843485 2.688040 0.673012 -2.243426 1.543597
    3 -0.057618 0.022117 3.004666 -0.857536 1.028620 1.285460
    4 -0.011142 0.781255 -0.800262 2.103161 -0.084824 -0.012746
    5 0.000000 0.718097 -0.000002 -0.120328 0.000875 0.009324
    6 -0.000001 0.897711 1.580295 -0.150667 -0.044153 -0.157780
    7 -0.000000 -0.000000 0.811541 0.569018 -0.134605 0.274998
    8 2.402144 -1.613071 2.185342 -0.482214 0.223274 0.729826
    9 -2.145890 -1.406034 2.032995 2.513451 -0.480505 -0.777436
    10 0.070560 -1.684387 0.794687 -0.176167 0.008544 0.018050
    11 0.072788 -0.827522 3.341715 -1.000949 0.008544 0.018050
    12 2.122785 -0.135688 2.105504 0.446156 0.670407 3.014628
    13 -1.241366 -1.806391 1.056407 1.123201 -0.061300 2.555561
    14 1.239846 -1.806390 1.056407 1.073540 3.080293 0.586032
    15 1.218724 -1.798575 1.272704 -1.282923 0.061300 -2.555561
    16 0.004859 -0.122106 -0.000735 0.073338 0.041702 0.036316
    17 -1.061022 -1.480885 1.175125 0.373752 -0.063374 -0.239272
    18 1.061021 -1.480883 1.175125 0.015206 0.474421 -0.711653
    19 0.006053 -2.103938 1.354687 0.299225 -0.000000 3.141592
    20 -1.220244 -1.798577 1.272703 -1.487043 -3.080293 -0.586032
    21 -0.004860 0.122106 0.000735 0.010737 0.041702 0.036316
    22 -7.724166 -1.378896 -6.612545 0.449148 2.960580 0.409991
    23 0.096951 -8.450422 -0.009364 -0.214629 0.010769 -0.267082
    24 -0.139400 -0.111699 0.014398 0.602950 -0.047021 1.569868
    25 1.164474 -2.543937 -0.170327 -0.685280 -0.208274 0.262133
    26 0.024034 -1.129039 0.017807 -0.966992 0.000000 -0.000001
    27 0.014896 -0.883992 -0.019847 -0.880350 0.000000 -0.000000
    28 0.447949 -2.798981 -0.200442 -0.135320 0.047193 0.204345
    29 -0.032909 -1.480206 0.004935 -0.318014 0.000000 0.000000
    30 -0.027023 -1.076921 -0.020212 -0.393559 0.000000 -0.000000
    31 -0.249535 -2.846962 -0.174215 -0.253742 0.073408 0.096039
    32 0.043235 -1.683941 0.096015 -0.646795 0.000001 0.000000
    33 0.031729 -1.160831 0.058834 -0.514011 -0.000000 -0.000000
    34 -0.963867 -2.785142 -0.085346 -0.004656 0.135327 -0.091592
    35 0.028477 -1.403065 0.006271 -0.258722 0.000001 0.000000
    36 0.021414 -0.957780 0.020046 -0.331647 0.000000 0.000000
    37 -0.591283 -1.257737 0.232709 -1.298783 -0.422436 -2.691222
    38 1.522835 0.058679 0.016852 0.001411 -0.221886 -0.046880
    39 1.117948 0.048424 -0.005766 -0.000243 -0.485680 0.065422
    40 0.120152 -0.050266 -0.054488 0.366862 3.144320 1.551255
    41 -1.180679 -2.507216 -0.193860 0.174078 0.013294 -0.477916
    42 -0.024968 -1.123935 0.017595 -0.399958 0.000000 0.000000
    43 -0.020059 -0.890964 0.010094 -0.763707 -0.000000 -0.000000
    44 -0.488518 -2.755600 -0.228259 0.021291 -0.012955 -0.306739
    45 0.039887 -1.479790 0.029853 -0.312801 0.000000 0.000000
    46 0.028784 -1.075732 -0.023109 -0.857892 -0.000000 -0.000000
    47 0.250027 -2.820664 -0.238394 0.058002 -0.058472 -0.078775
    48 -0.049760 -1.680543 0.100480 -0.624477 0.000000 -0.000000
    49 -0.034142 -1.148310 0.084779 -1.037172 0.000000 0.000000
    50 0.957767 -2.746777 -0.090299 -0.132358 -0.139206 0.276765
    51 -0.033420 -1.397126 -0.011255 -0.476372 0.000000 0.000001
    52 -0.022361 -0.957433 0.018785 -0.858670 0.000000 0.000000
    53 0.583509 -1.197273 0.185380 0.498834 -0.339857 -0.429184
    54 1.535925 0.010248 0.005008 -0.002964 -0.491310 0.000890
    55 1.100770 0.004527 -0.010675 -0.002796 -0.975914 0.003459
  time 8
    0 8.086889 -3.159131 -6.345850 0.274463 -1.905834 -0.472153
    1 -0.071920 -8.498732 -0.104134 0.462369 0.362451 0.587945
    2 -0.480402 -2.843485 2.688040 0.673012 -2.243426 1.543597
    3 -0.053712 0.010398 3.039823 -0.902036 0.994950 1.232995
    4 -0.011142 0.781255 -0.800262 2.132551 -0.084824 -0.012746
    5 0.000000 0.718097 -0.000002 -0.154433 0.000863 0.009216
    6 -0.000001 0.897711 1.580295 -0.150667 -0.044153 -0.157780
    7 -0.000000 -0.000000 0.811541 0.569018 -0.134605 0.274998
    8 2.417770 -1.628697 2.197061 -0.482214 0.223274 0.729826
    9 -2.149796 -1.406034 2.032995 2.513451 -0.480505 -0.777436
    10 0.070560 -1.653136 0.790781 -0.176167 0.008544 0.018050
    11 0.076694 -0.854867 3.357340 -1.000949 0.008544 0.018050
    12 2.095440 -0.100530 2.160193 0.440212 0.654347 3.004969
    13 -1.241366 -1.806391 1.056407 1.102971 -0.061300 2.555561
    14 1.239846 -1.806390 1.056407 1.059941 3.080293 0.586032
    15 1.218724 -1.798575 1.272704 -1.274226 0.061300 -2.555561
    16 0.004859 -0.122106 -0.000735 0.073338 0.041702 0.036316
    17 -1.061022 -1.480885 1.175125 0.403059 -0.063144 -0.247167
    18 1.061021 -1.480883 1.175125 -0.005361 0.489153 -0.749839
    19 0.025585 -2.100031 1.397657 0.309940 -0.000000 3.141592
    20 -1.220244 -1.798577 1.272703 -1.487043 -3.080293 -0.586032
    21 -0.004860 0.122106 0.000735 0.010737 0.041702 0.036316
    22 -7.673383 -1.234361 -6.612545 0.437488 3.032579 0.400511
    23 0.096951 -8.450422 -0.009364 -0.206912 0.028635 -0.272083
    24 -0.139400 -0.111699 0.014398 0.602950 -0.047021 1.569868
    25 1.164474 -2.543937 -0.170327 -0.685280 -0.208274 0.262133
    26 0.024034 -1.129039 0.017807 -0.966992 0.000000 -0.000001
    27 0.014896 -0.883992 -0.019847 -0.880350 0.000000 -0.000000
    28 0.447949 -2.798981 -0.200442 -0.117550 0.047193 0.204345
    29 -0.032909 -1.480206 0.004935 -0.300209 0.000000 0.000000
    30 -0.027023 -1.076921 -0.020212 -0.375747 0.000000 -0.000000
    31 -0.249535 -2.846962 -0.174215 -0.195000 0.073408 0.096039
    32 0.043235 -1.683941 0.096015 -0.588048 0.000001 0.000000
    33 0.031729 -1.160831 0.058834 -0.455265 -0.000000 -0.000000
    34 -0.963867 -2.785142 -0.085346 0.006169 0.135327 -0.091592
    35 0.028477 -1.403065 0.006271 -0.246058 0.000001 0.000000
    36 0.021414 -0.957780 0.020046 -0.331647 0.000000 0.000000
    37 -0.591283 -1.257737 0.232709 -1.291558 -0.442341 -2.695246
    38 1.522835 0.058679 0.016852 0.001411 -0.222799 -0.046880
    39 1.117948 0.048424 -0.005766 -0.000243 -0.472367 0.065422
    40 0.120152 -0.050266 -0.054488 0.366862 3.144320 1.551255
    41 -1.180679 -2.507216 -0.193860 0.174078 0.013294 -0.477916
    42 -0.024968 -1.123935 0.017595 -0.399958 0.000000 0.000000
    43 -0.020059 -0.890964 0.010094 -0.763707 -0.000000 -0.000000
    44 -0.488518 -2.755600 -0.228259 0.021291 -0.012955 -0.306739
    45 0.039887 -1.479790 0.029853 -0.312801 0.000000 0.000000
    46 0.028784 -1.075732 -0.023109 -0.857892 -0.000000 -0.000000
    47 0.250027 -2.820664 -0.238394 0.058002 -0.058472 -0.078775
    48 -0.049760 -1.680543 0.100480 -0.624477 0.000000 -0.000000
    49 -0.034142 -1.148310 0.084779 -1.037172 0.000000 0.000000
    50 0.957767 -2.746777 -0.090299 -0.132358 -0.139206 0.276765
    51 -0.033420 -1.397126 -0.011255 -0.476372 0.000000 0.000001
    52 -0.022361 -0.957433 0.018785 -0.858670 0.000000 0.000000
    53 0.583509 -1.197273 0.185380 0.498834 -0.339857 -0.429184
    54 1.535925 0.010248 0.005008 -0.002964 -0.491310 0.000890
    55 1.100770 0.004527 -0.010675 -0.002796 -0.975914 0.003459
  time 9
    0 8.219706 -3.096629 -6.267723 0.279310 -1.905709 -0.497410
    1 -0.071920 -8.498732 -0.104134 0.507844 0.361438 0.595105
    2 -0.480402 -2.843485 2.688040 0.673012 -2.243426 1.543597
    3 -0.053712 0.006491 3.067168 -0.941098 0.960263 1.185912
    4 -0.011142 0.781255 -0.800262 2.126051 -0.084824 -0.012746
    5 0.000000 0.718097 -0.000002 -0.142432 0.000863 0.009144
    6 -0.000001 0.897711 1.580295 -0.150667 -0.044153 -0.157780
    7 -0.000000 -0.000000 0.811541 0.569018 -0.134605 0.274998
    8 2.425582 -1.636510 2.200967 -0.482214 0.223274 0.729826
    9 -2.157609 -1.409940 2.040808 2.513451 -0.480505 -0.777436
    10 0.070560 -1.641417 0.786874 -0.176167 0.008544 0.018050
    11 0.076694 -0.882211 3.365153 -1.000949 0.008544 0.018050
    12 2.052470 -0.053654 2.207070 0.435777 0.641836 2.997622
    13 -1.241366 -1.806391 1.056407 1.083249 -0.061300 2.555561
    14 1.239846 -1.806390 1.056407 1.046728 3.080293 0.586032
    15 1.218724 -1.798575 1.272704 -1.265795 0.061300 -2.555561
    16 0.004859 -0.122106 -0.000735 0.073338 0.041702 0.036316
    17 -1.061022 -1.480885 1.175125 0.430228 -0.062850 -0.256907
    18 1.061021 -1.480883 1.175125 -0.030453 0.503609 -0.796497
    19 0.056836 -2.100031 1.448440 0.320702 -0.000000 3.141592
    20 -1.220244 -1.798577 1.272703 -1.487043 -3.080293 -0.586032
    21 -0.004860 0.122106 0.000735 0.010737 0.041702 0.036316
    22 -7.657758 -1.121076 -6.612545 0.425408 3.104682 0.397470
    23 0.096951 -8.450422 -0.009364 -0.203628 0.034931 -0.273638
    24 -0.139400 -0.111699 0.014398 0.602950 -0.047021 1.569868
    25 1.164474 -2.543937 -0.170327 -0.685280 -0.208274 0.262133
    26 0.024034 -1.129039 0.017807 -0.966992 0.000000 -0.000001
    27 0.014896 -0.883992 -0.019847 -0.880350 0.000000 -0.000000
    28 0.447949 -2.798981 -0.200442 -0.106733 0.047193 0.204345
    29 -0.032909 -1.480206 0.004935 -0.289387 0.000000 0.000000
    30 -0.027023 -1.076921 -0.020212 -0.364948 0.000000 -0.000000
    31 -0.249535 -2.846962 -0.174215 -0.136259 0.073408 0.096039
    32 0.043235 -1.683941 0.096015 -0.529302 0.000001 0.000000
    33 0.031729 -1.160831 0.058834 -0.396520 -0.000000 -0.000000
    34 -0.963867 -2.785142 -0.085346 0.009963 0.135327 -0.091592
    35 0.028477 -1.403065 0.006271 -0.241610 0.000001 0.000000
    36 0.021414 -0.957780 0.020046 -0.331647 0.000000 0.000000
    37 -0.591283 -1.257737 0.232709 -1.283140 -0.453131 -2.696610
    38 1.522835 0.058679 0.016852 0.001411 -0.223174 -0.046880
    39 1.117948 0.048424 -0.005766 -0.000243 -0.467051 0.065422
    40 0.120152 -0.050266 -0.054488 0.366862 3.144320 1.551255
    41 -1.180679 -2.507216 -0.193860 0.174078 0.013294 -0.477916
    42 -0.024968 -1.123935 0.017595 -0.399958 0.000000 0.000000
    43 -0.020059 -0.890964 0.010094 -0.763707 -0.000000 -0.000000
    44 -0.488518 -2.755600 -0.228259 0.021291 -0.012955 -0.306739
    45 0.039887 -1.479790 0.029853 -0.312801 0.000000 0.000000
    46 0.028784 -1.075732 -0.023109 -0.857892 -0.000000 -0.000000
    47 0.250027 -2.820664 -0.238394 0.058002 -0.058472 -0.078775
    48 -0.049760 -1.680543 0.100480 -0.624477 0.000000 -0.000000
    49 -0.034142 -1.148310 0.084779 -1.037172 0.000000 0.000000
    50 0.957767 -2.746777 -0.090299 -0.132358 -0.139206 0.276765
    51 -0.033420 -1.397126 -0.011255 -0.476372 0.000000 0.000001
    52 -0.022361 -0.957433 0.018785 -0.858670 0.000000 0.000000
    53 0.583509 -1.197273 0.185380 0.498834 -0.339857 -0.429184
    54 1.535925 0.010248 0.005008 -0.002964 -0.491310 0.000890
    55 1.100770 0.004527 -0.010675 -0.002796 -0.975914 0.003459
  time 10
    0 8.348616 -2.998970 -6.205221 0.286733 -1.905583 -0.535985
    1 -0.071920 -8.498732 -0.104134 0.544424 0.350745 0.587183
    2 -0.480402 -2.843485 2.688040 0.673012 -2.243426 1.543597
    3 -0.053712 0.002585 3.090606 -0.975181 0.925051 1.143776
    4 -0.011142 0.781255 -0.800262 2.108457 -0.084824 -0.012746
    5 0.000000 0.718097 -0.000002 -0.112368 0.000851 0.009096
    6 -0.000001 0.897711 1.580295 -0.150667 -0.044153 -0.157780
    7 -0.000000 -0.000000 0.811541 0.569018 -0.134605 0.274998
    8 2.413863 -1.628697 2.197061 -0.482214 0.223274 0.729826
    9 -2.224017 -1.421659 2.060340 2.513451 -0.480505 -0.777436
    10 0.070560 -1.672668 0.794687 -0.176167 0.008544 0.018050
    11 0.076694 -0.929088 3.349527 -1.000949 0.008544 0.018050
    12 2.009500 -0.014590 2.238321 0.432985 0.633710 2.992924
    13 -1.241366 -1.806391 1.056407 1.064458 -0.061300 2.555561
    14 1.239846 -1.806390 1.056407 1.034097 3.080293 0.586032
    15 1.218724 -1.798575 1.272704 -1.257630 0.061300 -2.555561
    16 0.004859 -0.122106 -0.000735 0.073338 0.041702 0.036316
    17 -1.061022 -1.480885 1.175125 0.454900 -0.062530 -0.267775
    18 1.061021 -1.480883 1.175125 -0.058080 0.517575 -0.848083
    19 0.088086 -2.100031 1.518755 0.331476 -0.000000 3.141592
    20 -1.220244 -1.798577 1.272703 -1.477999 -3.080293 -0.586032
    21 -0.004860 0.122106 0.000735 0.010737 0.041702 0.036316
    22 -7.661664 -1.035136 -6.612545 0.402193 3.179953 0.414999
    23 0.096951 -8.450422 -0.009364 -0.168266 0.035040 -0.266088
    24 -0.139400 -0.111699 0.014398 0.602950 -0.047021 1.569868
    25 1.164474 -2.543937 -0.170327 -0.685280 -0.208274 0.262133
    26 0.024034 -1.129039 0.017807 -0.966992 0.000000 -0.000001
    27 0.014896 -0.883992 -0.019847 -0.880350 0.000000 -0.000000
    28 0.447949 -2.798981 -0.200442 -0.101179 0.047193 0.204345
    29 -0.032909 -1.480206 0.004935 -0.283833 0.000000 0.000000
    30 -0.027023 -1.076921 -0.020212 -0.359382 0.000000 -0.000000
    31 -0.249535 -2.846962 -0.174215 -0.084996 0.073408 0.096039
    32 0.043235 -1.683941 0.096015 -0.478061 0.000001 0.000000
    33 0.031729 -1.160831 0.058834 -0.345247 -0.000000 -0.000000
    34 -0.963867 -2.785142 -0.085346 0.009963 0.135327 -0.091592
    35 0.028477 -1.403065 0.006271 -0.241610 0.000001 0.000000
    36 0.021414 -0.957780 0.020046 -0.331647 0.000000 0.000000
    37 -0.591283 -1.257737 0.232709 -1.271092 -0.458070 -2.694381
    38 1.522835 0.058679 0.016852 0.001411 -0.225239 -0.046880
    39 1.117948 0.048424 -0.005766 -0.000243 -0.423391 0.065422
    40 0.120152 -0.050266 -0.054488 0.366862 3.144320 1.551255
    41 -1.180679 -2.507216 -0.193860 0.174078 0.013294 -0.477916
    42 -0.024968 -1.123935 0.017595 -0.399958 0.000000 0.000000
    43 -0.020059 -0.890964 0.010094 -0.763707 -0.000000 -0.000000
    44 -0.488518 -2.755600 -0.228259 0.021291 -0.012955 -0.306739
    45 0.039887 -1.479790 0.029853 -0.312801 0.000000 0.000000
    46 0.028784 -1.075732 -0.023109 -0.857892 -0.000000 -0.000000
    47 0.250027 -2.820664 -0.238394 0.058002 -0.058472 -0.078775
    48 -0.049760 -1.680543 0.100480 -0.624477 0.000000 -0.000000
    49 -0.034142 -1.148310 0.084779 -1.037172 0.000000 0.000000
    50 0.957767 -2.746777 -0.090299 -0.132358 -0.139206 0.276765
    51 -0.033420 -1.397126 -0.011255 -0.476372 0.000000 0.000001
    52 -0.022361 -0.957433 0.018785 -0.858670 0.000000 0.000000
    53 0.583509 -1.197273 0.185380 0.498834 -0.339857 -0.429184
    54 1.535925 0.010248 0.005008 -0.002964 -0.491310 0.000890
    55 1.100770 0.004527 -0.010675 -0.002796 -0.975914 0.003459
  time 11
    0 8.473619 -2.877872 -6.154438 0.296427 -1.905500 -0.585305
    1 -0.071920 -8.498732 -0.104134 0.572477 0.321357 0.565428
    2 -0.480402 -2.843485 2.688040 0.673012 -2.243426 1.543597
    3 -0.053712 -0.005228 3.110137 -1.004787 0.889785 1.106207
    4 -0.011142 0.781255 -0.800262 2.082506 -0.084824 -0.012746
    5 0.000000 0.718097 -0.000002 -0.073321 0.000851 0.009036
    6 -0.000001 0.897711 1.580295 -0.150667 -0.044153 -0.157780
    7 -0.000000 -0.000000 0.811541 0.569018 -0.134605 0.274998
    8 2.390425 -1.605259 2.177529 -0.482214 0.223274 0.729826
    9 -2.360740 -1.437285 2.107216 2.513451 -0.480505 -0.777436
    10 0.074467 -1.754702 0.806406 -0.176167 0.008544 0.018050
    11 0.076694 -0.991590 3.314370 -1.000949 0.008544 0.018050
    12 1.962624 0.004942 2.250040 0.432002 0.630822 2.991270
    13 -1.241366 -1.806391 1.056407 1.046767 -0.061300 2.555561
    14 1.239846 -1.806390 1.056407 1.022240 3.080293 0.586032
    15 1.218724 -1.798575 1.272704 -1.250087 0.061300 -2.555561
    16 0.004859 -0.122106 -0.000735 0.073338 0.041702 0.036316
    17 -1.061022 -1.480885 1.175125 0.476728 -0.062197 -0.279012
    18 1.061021 -1.480883 1.175125 -0.086380 0.530683 -0.901020
    19 0.123244 -2.096125 1.585163 0.342178 -0.000000 3.141592
    20 -1.220244 -1.798577 1.272703 -1.453757 -3.080293 -0.586032
    21 -0.004860 0.122106 0.000735 0.010737 0.041702 0.036316
    22 -7.677289 -0.964821 -6.612545 0.364404 3.258758 0.456734
    23 0.096951 -8.450422 -0.009364 -0.083894 0.035117 -0.246869
    24 -0.139400 -0.111699 0.014398 0.602950 -0.047021 1.569868
    25 1.164474 -2.543937 -0.170327 -0.685280 -0.208274 0.262133
    26 0.024034 -1.129039 0.017807 -0.966992 0.000000 -0.000001
    27 0.014896 -0.883992 -0.019847 -0.880350 0.000000 -0.000000
    28 0.447949 -2.798981 -0.200442 -0.099151 0.047193 0.204345
    29 -0.032909 -1.480206 0.004935 -0.281802 0.000000 0.000000
    30 -0.027023 -1.076921 -0.020212 -0.357350 0.000000 -0.000000
    31 -0.249535 -2.846962 -0.174215 -0.048778 0.073408 0.096039
    32 0.043235 -1.683941 0.096015 -0.441812 0.000001 0.000000
    33 0.031729 -1.160831 0.058834 -0.309016 -0.000000 -0.000000
    34 -0.963867 -2.785142 -0.085346 0.009963 0.135327 -0.091592
    35 0.028477 -1.403065 0.006271 -0.241610 0.000001 0.000000
    36 0.021414 -0.957780 0.020046 -0.331647 0.000000 0.000000
    37 -0.591283 -1.257737 0.232709 -1.253787 -0.461437 -2.688214
    38 1.522835 0.058679 0.016852 0.001411 -0.230928 -0.046880
    39 1.117948 0.048424 -0.005766 -0.000243 -0.319337 0.065422
    40 0.120152 -0.050266 -0.054488 0.366862 3.144320 1.551255
    41 -1.180679 -2.507216 -0.193860 0.174078 0.013294 -0.477916
    42 -0.024968 -1.123935 0.017595 -0.399958 0.000000 0.000000
    43 -0.020059 -0.890964 0.010094 -0.763707 -0.000000 -0.000000
    44 -0.488518 -2.755600 -0.228259 0.021291 -0.012955 -0.306739
    45 0.039887 -1.479790 0.029853 -0.312801 0.000000 0.000000
    46 0.028784 -1.075732 -0.023109 -0.857892 -0.000000 -0.000000
    47 0.250027 -2.820664 -0.238394 0.058002 -0.058472 -0.078775
    48 -0.049760 -1.680543 0.100480 -0.624477 0.000000 -0.000000
    49 -0.034142 -1.148310 0.084779 -1.037172 0.000000 0.000000
    50 0.957767 -2.746777 -0.090299 -0.132358 -0.139206 0.276765
    51 -0.033420 -1.397126 -0.011255 -0.476372 0.000000 0.000001
    52 -0.022361 -0.957433 0.018785 -0.858670 0.000000 0.000000
    53 0.583509 -1.197273 0.185380 0.498834 -0.339857 -0.429184
    54 1.535925 0.010248 0.005008 -0.002964 -0.491310 0.000890
    55 1.100770 0.004527 -0.010675 -0.002796 -0.975914 0.003459
  time 12
    0 8.586905 -2.741149 -6.115375 0.307864 -1.905458 -0.642616
    1 -0.071920 -8.498732 -0.104134 0.593259 0.277468 0.532857
    2 -0.480402 -2.843485 2.688040 0.673012 -2.243426 1.543597
    3 -0.049805 -0.009134 3.125763 -1.030417 0.854941 1.072743
    4 -0.011142 0.781255 -0.800262 2.050983 -0.084824 -0.012746
    5 0.000000 0.718097 -0.000002 -0.034298 0.000839 0.008964
    6 -0.000001 0.897711 1.580295 -0.150667 -0.044153 -0.157780
    7 -0.000000 -0.000000 0.811541 0.569018 -0.134605 0.274998
    8 2.355268 -1.574008 2.154091 -0.482214 0.223274 0.729826
    9 -2.497463 -1.452910 2.150186 2.513451 -0.480505 -0.777436
    10 0.074467 -1.871893 0.829844 -0.176167 0.008544 0.018050
    11 0.076694 -1.057998 3.263587 -1.000949 0.008544 0.018050
    12 1.911841 0.004942 2.230508 0.426010 0.653820 2.981802
    13 -1.241366 -1.806391 1.056407 1.030516 -0.061300 2.555561
    14 1.239846 -1.806390 1.056407 1.011330 3.080293 0.586032
    15 1.218724 -1.798575 1.272704 -1.243076 0.061300 -2.555561
    16 0.004859 -0.122106 -0.000735 0.073338 0.041702 0.036316
    17 -1.061022 -1.480885 1.175125 0.495367 -0.061878 -0.289881
    18 1.061021 -1.480883 1.175125 -0.113429 0.542536 -0.951885
    19 0.154495 -2.096125 1.643758 0.352748 -0.000000 3.141592
    20 -1.220244 -1.798577 1.272703 -1.418606 -3.080293 -0.586032
    21 -0.004860 0.122106 0.000735 0.010737 0.041702 0.036316
    22 -7.700727 -0.914038 -6.612545 0.323332 3.336962 0.506578
    23 0.096951 -8.450422 -0.009364 0.016772 0.035148 -0.221158
    24 -0.139400 -0.111699 0.014398 0.602950 -0.047021 1.569868
    25 1.164474 -2.543937 -0.170327 -0.685280 -0.208274 0.262133
    26 0.024034 -1.129039 0.017807 -0.966992 0.000000 -0.000001
    27 0.014896 -0.883992 -0.019847 -0.880350 0.000000 -0.000000
    28 0.447949 -2.798981 -0.200442 -0.098861 0.047193 0.204345
    29 -0.032909 -1.480206 0.004935 -0.281517 0.000000 0.000000
    30 -0.027023 -1.076921 -0.020212 -0.357072 0.000000 -0.000000
    31 -0.249535 -2.846962 -0.174215 -0.034994 0.073408 0.096039
    32 0.043235 -1.683941 0.096015 -0.428061 0.000001 0.000000
    33 0.031729 -1.160831 0.058834 -0.295268 -0.000000 -0.000000
    34 -0.963867 -2.785142 -0.085346 0.009963 0.135327 -0.091592
    35 0.028477 -1.403065 0.006271 -0.241610 0.000001 0.000000
    36 0.021414 -0.957780 0.020046 -0.331647 0.000000 0.000000
    37 -0.591283 -1.257737 0.232709 -1.232383 -0.463547 -2.678909
    38 1.522835 0.058679 0.016852 0.001411 -0.239535 -0.046880
    39 1.117948 0.048424 -0.005766 -0.000243 -0.195106 0.065422
    40 0.120152 -0.050266 -0.054488 0.366862 3.144320 1.551255
    41 -1.180679 -2.507216 -0.193860 0.174078 0.013294 -0.477916
    42 -0.024968 -1.123935 0.017595 -0.399958 0.000000 0.000000
    43 -0.020059 -0.890964 0.010094 -0.763707 -0.000000 -0.000000
    44 -0.488518 -2.755600 -0.228259 0.021291 -0.012955 -0.306739
    45 0.039887 -1.479790 0.029853 -0.312801 0.000000 0.000000
    46 0.028784 -1.075732 -0.023109 -0.857892 -0.000000 -0.000000
    47 0.250027 -2.820664 -0.238394 0.058002 -0.058472 -0.078775
    48 -0.049760 -1.680543 0.100480 -0.624477 0.000000 -0.000000
    49 -0.034142 -1.148310 0.084779 -1.037172 0.000000 0.000000
    50 0.957767 -2.746777 -0.090299 -0.132358 -0.139206 0.276765
    51 -0.033420 -1.397126 -0.011255 -0.476372 0.000000 0.000001
    52 -0.022361 -0.957433 0.018785 -0.858670 0.000000 0.000000
    53 0.583509 -1.197273 0.185380 0.498834 -0.339857 -0.429184
    54 1.535925 0.010248 0.005008 -0.002964 -0.491310 0.000890
    55 1.100770 0.004527 -0.010675 -0.002796 -0.975914 0.003459
  time 13
    0 8.692376 -2.604426 -6.088030 0.320664 -1.905375 -0.705162
    1 -0.071920 -8.498732 -0.104134 0.607950 0.222991 0.492500
    2 -0.480402 -2.843485 2.688040 0.673012 -2.243426 1.543597
    3 -0.049805 -0.020853 3.133576 -1.052485 0.820990 1.043085
    4 -0.011142 0.781255 -0.800262 2.016699 -0.084824 -0.012746
    5 0.000000 0.718097 -0.000002 -0.004234 0.000827 0.008845
    6 -0.000001 0.897711 1.580295 -0.150667 -0.044153 -0.157780
    7 -0.000000 -0.000000 0.811541 0.569018 -0.134605 0.274998
    8 2.312298 -1.538850 2.126746 -0.482214 0.223274 0.729826
    9 -2.556058 -1.460723 2.165812 2.513451 -0.480505 -0.777436
    10 0.078373 -2.004709 0.853283 -0.176167 0.008544 0.018050
    11 0.080601 -1.132219 3.204992 -1.000949 0.008544 0.018050
    12 1.849339 0.008848 2.183631 0.410154 0.711106 2.955940
    13 -1.241366 -1.806391 1.056407 1.015957 -0.061300 2.555561
    14 1.239846 -1.806390 1.056407 1.001582 3.080293 0.586032
    15 1.218724 -1.798575 1.272704 -1.236863 0.061300 -2.555561
    16 0.004859 -0.122106 -0.000735 0.073338 0.041702 0.036316
    17 -1.061022 -1.480885 1.175125 0.510472 -0.061583 -0.299621
    18 1.061021 -1.480883 1.175125 -0.137494 0.552704 -0.997281
    19 0.174027 -2.092218 1.682822 0.363115 -0.000000 3.141592
    20 -1.220244 -1.798577 1.272703 -1.376834 -3.080293 -0.586032
    21 -0.004860 0.122106 0.000735 0.010737 0.041702 0.036316
    22 -7.728072 -0.874975 -6.612545 0.290375 3.410426 0.548313
    23 0.096951 -8.450422 -0.009364 0.101144 0.035179 -0.194117
    24 -0.139400 -0.111699 0.014398 0.602950 -0.047021 1.569868
    25 1.164474 -2.543937 -0.170327 -0.685280 -0.208274 0.262133
    26 0.024034 -1.129039 0.017807 -0.966992 0.000000 -0.000001
    27 0.014896 -0.883992 -0.019847 -0.880350 0.000000 -0.000000
    28 0.447949 -2.798981 -0.200442 -0.129477 0.047193 0.204345
    29 -0.032909 -1.480206 0.004935 -0.318902 0.000000 0.000000
    30 -0.027023 -1.076921 -0.020212 -0.394450 0.000000 -0.000000
    31 -0.249535 -2.846962 -0.174215 -0.051301 0.073408 0.096039
    32 0.043235 -1.683941 0.096015 -0.445218 0.000001 0.000000
    33 0.031729 -1.160831 0.058834 -0.318947 -0.000000 -0.000000
    34 -0.963867 -2.785142 -0.085346 0.009963 0.135327 -0.091592
    35 0.028477 -1.403065 0.006271 -0.241610 0.000001 0.000000
    36 0.021414 -0.957780 0.020046 -0.331647 0.000000 0.000000
    37 -0.591283 -1.257737 0.232709 -1.208105 -0.464744 -2.667246
    38 1.522835 0.058679 0.016852 0.001411 -0.250328 -0.046880
    39 1.117948 0.048424 -0.005766 -0.000243 -0.091052 0.065422
    40 0.120152 -0.050266 -0.054488 0.366862 3.144320 1.551255
    41 -1.180679 -2.507216 -0.193860 0.174078 0.013294 -0.477916
    42 -0.024968 -1.123935 0.017595 -0.399958 0.000000 0.000000
    43 -0.020059 -0.890964 0.010094 -0.763707 -0.000000 -0.000000
    44 -0.488518 -2.755600 -0.228259 0.021291 -0.012955 -0.306739
    45 0.039887 -1.479790 0.029853 -0.312801 0.000000 0.000000
    46 0.028784 -1.075732 -0.023109 -0.857892 -0.000000 -0.000000
    47 0.250027 -2.820664 -0.238394 0.058002 -0.058472 -0.078775
    48 -0.049760 -1.680543 0.100480 -0.624477 0.000000 -0.000000
    49 -0.034142 -1.148310 0.084779 -1.037172 0.000000 0.000000
    50 0.957767 -2.746777 -0.090299 -0.132358 -0.139206 0.276765
    51 -0.033420 -1.397126 -0.011255 -0.476372 0.000000 0.000001
    52 -0.022361 -0.957433 0.018785 -0.858670 0.000000 0.000000
    53 0.583509 -1.197273 0.185380 0.498834 -0.339857 -0.429184
    54 1.535925 0.010248 0.005008 -0.002964 -0.491310 0.000890
    55 1.100770 0.004527 -0.010675 -0.002796 -0.975914 0.003459
  time 14
    0 8.786129 -2.471610 -6.068498 0.334297 -1.905333 -0.770188
    1 -0.071920 -8.498732 -0.104134 0.617768 0.162084 0.447376
    2 -0.480402 -2.843485 2.688040 0.673012 -2.243426 1.543597
    3 -0.041993 -0.032572 3.137482 -1.071399 0.788372 1.016825
    4 -0.011142 0.781255 -0.800262 1.982415 -0.084824 -0.012746
    5 0.000000 0.718097 -0.000002 0.007767 0.000815 0.008653
    6 -0.000001 0.897711 1.580295 -0.150667 -0.044153 -0.157780
    7 -0.000000 -0.000000 0.811541 0.569018 -0.134605 0.274998
    8 2.269328 -1.499787 2.099401 -0.482214 0.223274 0.729826
    9 -2.489650 -1.402127 2.099403 2.513451 -0.480505 -0.777436
    10 0.078373 -2.137526 0.872814 -0.176167 0.008544 0.018050
    11 0.080601 -1.202534 3.142490 -1.000949 0.008544 0.018050
    12 1.782931 0.008848 2.117223 0.387036 0.784980 2.917050
    13 -1.241366 -1.806391 1.056407 1.003429 -0.061300 2.555561
    14 1.239846 -1.806390 1.056407 0.993168 3.080293 0.586032
    15 1.218724 -1.798575 1.272704 -1.231450 0.061300 -2.555561
    16 0.004859 -0.122106 -0.000735 0.073338 0.041702 0.036316
    17 -1.061022 -1.480885 1.175125 0.521682 -0.061353 -0.307516
    18 1.061021 -1.480883 1.175125 -0.156842 0.560667 -1.033815
    19 0.181839 -2.084406 1.698448 0.373230 -0.000000 3.141592
    20 -1.220244 -1.798577 1.272703 -1.333012 -3.080293 -0.586032
    21 -0.004860 0.122106 0.000735 0.010737 0.041702 0.036316
    22 -7.755417 -0.851537 -6.612545 0.276877 3.475041 0.565842
    23 0.096951 -8.450422 -0.009364 0.136506 0.035195 -0.170907
    24 -0.139400 -0.111699 0.014398 0.602950 -0.047021 1.569868
    25 1.164474 -2.543937 -0.170327 -0.685280 -0.208274 0.262133
    26 0.024034 -1.129039 0.017807 -0.966992 0.000000 -0.000001
    27 0.014896 -0.883992 -0.019847 -0.880350 0.000000 -0.000000
    28 0.447949 -2.798981 -0.200442 -0.208045 0.047193 0.204345
    29 -0.032909 -1.480206 0.004935 -0.412336 0.000000 0.000000
    30 -0.027023 -1.076921 -0.020212 -0.487881 0.000000 -0.000000
    31 -0.249535 -2.846962 -0.174215 -0.094320 0.073408 0.096039
    32 0.043235 -1.683941 0.096015 -0.490067 0.000001 0.000000
    33 0.031729 -1.160831 0.058834 -0.378210 -0.000000 -0.000000
    34 -0.963867 -2.785142 -0.085346 0.009963 0.135327 -0.091592
    35 0.028477 -1.403065 0.006271 -0.241610 0.000001 0.000000
    36 0.021414 -0.957780 0.020046 -0.331647 0.000000 0.000000
    37 -0.591283 -1.257737 0.232709 -1.182185 -0.465328 -2.654003
    38 1.522835 0.058679 0.016852 0.001411 -0.262573 -0.046880
    39 1.117948 0.048424 -0.005766 -0.000243 -0.047415 0.065422
    40 0.120152 -0.050266 -0.054488 0.366862 3.144320 1.551255
    41 -1.180679 -2.507216 -0.193860 0.174078 0.013294 -0.477916
    42 -0.024968 -1.123935 0.017595 -0.399958 0.000000 0.000000
    43 -0.020059 -0.890964 0.010094 -0.763707 -0.000000 -0.000000
    44 -0.488518 -2.755600 -0.228259 0.021291 -0.012955 -0.306739
    45 0.039887 -1.479790 0.029853 -0.312801 0.000000 0.000000
    46 0.028784 -1.075732 -0.023109 -0.857892 -0.000000 -0.000000
    47 0.250027 -2.820664 -0.238394 0.058002 -0.058472 -0.078775
    48 -0.049760 -1.680543 0.100480 -0.624477 0.000000 -0.000000
    49 -0.034142 -1.148310 0.084779 -1.037172 0.000000 0.000000
    50 0.957767 -2.746777 -0.090299 -0.132358 -0.139206 0.276765
    51 -0.033420 -1.397126 -0.011255 -0.476372 0.000000 0.000001
    52 -0.022361 -0.957433 0.018785 -0.858670 0.000000 0.000000
    53 0.583509 -1.197273 0.185380 0.498834 -0.339857 -0.429184
    54 1.535925 0.010248 0.005008 -0.002964 -0.491310 0.000890
    55 1.100770 0.004527 -0.010675 -0.002796 -0.975914 0.003459
  time 15
    0 8.860350 -2.350513 -6.052873 0.348385 -1.905291 -0.834938
    1 -0.071920 -8.498732 -0.104134 0.623859 0.098836 0.400499
    2 -0.480402 -2.843485 2.688040 0.673012 -2.243426 1.543597
    3 -0.034180 -0.048198 3.125763 -1.087504 0.757524 0.993773
    4 -0.011142 0.781255 -0.800262 1.950892 -0.084824 -0.012746
    5 0.000000 0.718097 -0.000002 -0.016601 0.000731 0.007850
    6 -0.000001 0.897711 1.580295 -0.150667 -0.044153 -0.157780
    7 -0.000000 -0.000000 0.811541 0.569018 -0.134605 0.274998
    8 2.234170 -1.464629 2.072057 -0.482214 0.223274 0.729826
    9 -2.341208 -1.277124 1.950961 2.513451 -0.480505 -0.777436
    10 0.078373 -2.250811 0.892346 -0.176167 0.008544 0.018050
    11 0.080601 -1.257223 3.095613 -1.000949 0.008544 0.018050
    12 1.728242 0.012754 2.054721 0.359891 0.857894 2.871125
    13 -1.241366 -1.806391 1.056407 0.993187 -0.061300 2.555561
    14 1.239846 -1.806390 1.056407 0.986282 3.080293 0.586032
    15 1.218724 -1.798575 1.272704 -1.227101 0.061300 -2.555561
    16 0.004859 -0.122106 -0.000735 0.073338 0.041702 0.036316
    17 -1.061022 -1.480885 1.175125 0.528667 -0.061200 -0.312786
    18 1.061021 -1.480883 1.175125 -0.169709 0.565874 -1.058211
    19 0.181839 -2.068780 1.690635 0.382998 -0.000000 3.141592
    20 -1.220244 -1.798577 1.272703 -1.291334 -3.080293 -0.586032
    21 -0.004860 0.122106 0.000735 0.010737 0.041702 0.036316
    22 -7.782762 -0.835911 -6.612545 0.279004 3.532928 0.560476
    23 0.096951 -8.450422 -0.009364 0.115397 0.035226 -0.148418
    24 -0.139400 -0.111699 0.014398 0.602950 -0.047021 1.569868
    25 1.164474 -2.543937 -0.170327 -0.685280 -0.208274 0.262133
    26 0.024034 -1.129039 0.017807 -0.966992 0.000000 -0.000001
    27 0.014896 -0.883992 -0.019847 -0.880350 0.000000 -0.000000
    28 0.447949 -2.798981 -0.200442 -0.314669 0.047193 0.204345
    29 -0.032909 -1.480206 0.004935 -0.533824 0.000000 0.000000
    30 -0.027023 -1.076921 -0.020212 -0.609366 0.000000 -0.000000
    31 -0.249535 -2.846962 -0.174215 -0.155089 0.073408 0.096039
    32 0.043235 -1.683941 0.096015 -0.552682 0.000001 0.000000
    33 0.031729 -1.160831 0.058834 -0.455265 -0.000000 -0.000000
    34 -0.963867 -2.785142 -0.085346 0.009963 0.135327 -0.091592
    35 0.028477 -1.403065 0.006271 -0.241610 0.000001 0.000000
    36 0.021414 -0.957780 0.020046 -0.331647 0.000000 0.000000
    37 -0.591283 -1.257737 0.232709 -1.155794 -0.465657 -2.639960
    38 1.522835 0.058679 0.016852 0.001411 -0.275551 -0.046880
    39 1.117948 0.048424 -0.005766 -0.000243 -0.102239 0.065422
    40 0.120152 -0.050266 -0.054488 0.366862 3.144320 1.551255
    41 -1.180679 -2.507216 -0.193860 0.174078 0.013294 -0.477916
    42 -0.024968 -1.123935 0.017595 -0.399958 0.000000 0.000000
    43 -0.020059 -0.890964 0.010094 -0.763707 -0.000000 -0.000000
    44 -0.488518 -2.755600 -0.228259 0.021291 -0.012955 -0.306739
    45 0.039887 -1.479790 0.029853 -0.312801 0.000000 0.000000
    46 0.028784 -1.075732 -0.023109 -0.857892 -0.000000 -0.000000
    47 0.250027 -2.820664 -0.238394 0.058002 -0.058472 -0.078775
    48 -0.049760 -1.680543 0.100480 -0.624477 0.000000 -0.000000
    49 -0.034142 -1.148310 0.084779 -1.037172 0.000000 0.000000
    50 0.957767 -2.746777 -0.090299 -0.132358 -0.139206 0.276765
    51 -0.033420 -1.397126 -0.011255 -0.476372 0.000000 0.000001
    52 -0.022361 -0.957433 0.018785 -0.858670 0.000000 0.000000
    53 0.583509 -1.197273 0.185380 0.498834 -0.339857 -0.429184
    54 1.535925 0.010248 0.005008 -0.002964 -0.491310 0.000890
    55 1.100770 0.004527 -0.010675 -0.002796 -0.975914 0.003459
  time 16
    0 8.918945 -2.252853 -6.045060 0.362473 -1.905207 -0.896749
    1 -0.071920 -8.498732 -0.104134 0.627439 0.037335 0.354933
    2 -0.480402 -2.843485 2.688040 0.673012 -2.243426 1.543597
    3 -0.026367 -0.075542 3.094512 -1.101096 0.728849 0.973683
    4 -0.011142 0.781255 -0.800262 1.924966 -0.084824 -0.012746
    5 0.000000 0.718097 -0.000002 -0.052824 0.000635 0.006735
    6 -0.000001 0.897711 1.580295 -0.150667 -0.044153 -0.157780
    7 -0.000000 -0.000000 0.811541 0.569018 -0.134605 0.274998
    8 2.202919 -1.441191 2.052525 -0.482214 0.223274 0.729826
    9 -2.192766 -1.152120 1.798613 2.513451 -0.480505 -0.777436
    10 0.082279 -2.332844 0.907972 -0.176167 0.008544 0.018050
    11 0.080601 -1.296287 3.060456 -1.000949 0.008544 0.018050
    12 1.685272 0.012754 2.003938 0.335179 0.913155 2.830006
    13 -1.241366 -1.806391 1.056407 0.985569 -0.061300 2.555561
    14 1.239846 -1.806390 1.056407 0.981139 3.080293 0.586032
    15 1.218724 -1.798575 1.272704 -1.223729 0.061300 -2.555561
    16 0.004859 -0.122106 -0.000735 0.073338 0.041702 0.036316
    17 -1.061022 -1.480885 1.175125 0.531067 -0.061136 -0.314713
    18 1.061021 -1.480883 1.175125 -0.174393 0.567711 -1.067074
    19 0.181839 -2.033623 1.667197 0.392370 -0.000000 3.141592
    20 -1.220244 -1.798577 1.272703 -1.256183 -3.080293 -0.586032
    21 -0.004860 0.122106 0.000735 0.010737 0.041702 0.036316
    22 -7.806200 -0.824192 -6.612545 0.283678 3.583851 0.548790
    23 0.096951 -8.450422 -0.009364 0.068938 0.035241 -0.124374
    24 -0.139400 -0.111699 0.014398 0.602950 -0.047021 1.569868
    25 1.164474 -2.543937 -0.170327 -0.685280 -0.208274 0.262133
    26 0.024034 -1.129039 0.017807 -0.966992 0.000000 -0.000001
    27 0.014896 -0.883992 -0.019847 -0.880350 0.000000 -0.000000
    28 0.447949 -2.798981 -0.200442 -0.429406 0.047193 0.204345
    29 -0.032909 -1.480206 0.004935 -0.655312 0.000000 0.000000
    30 -0.027023 -1.076921 -0.020212 -0.730852 0.000000 -0.000000
    31 -0.249535 -2.846962 -0.174215 -0.224732 0.073408 0.096039
    32 0.043235 -1.683941 0.096015 -0.623183 0.000001 0.000000
    33 0.031729 -1.160831 0.058834 -0.532288 -0.000000 -0.000000
    34 -0.963867 -2.785142 -0.085346 0.009963 0.135327 -0.091592
    35 0.028477 -1.403065 0.006271 -0.241610 0.000001 0.000000
    36 0.021414 -0.957780 0.020046 -0.331647 0.000000 0.000000
    37 -0.591283 -1.257737 0.232709 -1.130145 -0.466046 -2.625938
    38 1.522835 0.058679 0.016852 0.001411 -0.288530 -0.046880
    39 1.117948 0.048424 -0.005766 -0.000243 -0.243689 0.065422
    40 0.120152 -0.050266 -0.054488 0.366862 3.144320 1.551255
    41 -1.180679 -2.507216 -0.193860 0.174078 0.013294 -0.477916
    42 -0.024968 -1.123935 0.017595 -0.399958 0.000000 0.000000
    43 -0.020059 -0.890964 0.010094 -0.763707 -0.000000 -0.000000
    44 -0.488518 -2.755600 -0.228259 0.021291 -0.012955 -0.306739
    45 0.039887 -1.479790 0.029853 -0.312801 0.000000 0.000000
    46 0.028784 -1.075732 -0.023109 -0.857892 -0.000000 -0.000000
    47 0.250027 -2.820664 -0.238394 0.058002 -0.058472 -0.078775
    48 -0.049760 -1.680543 0.100480 -0.624477 0.000000 -0.000000
    49 -0.034142 -1.148310 0.084779 -1.037172 0.000000 0.000000
    50 0.957767 -2.746777 -0.090299 -0.132358 -0.139206 0.276765
    51 -0.033420 -1.397126 -0.011255 -0.476372 0.000000 0.000001
    52 -0.022361 -0.957433 0.018785 -0.858670 0.000000 0.000000
    53 0.583509 -1.197273 0.185380 0.498834 -0.339857 -0.429184
    54 1.535925 0.010248 0.005008 -0.002964 -0.491310 0.000890
    55 1.100770 0.004527 -0.010675 -0.002796 -0.975914 0.003459
  time 17
    0 8.954103 -2.186445 -6.045060 0.376182 -1.905082 -0.952774
    1 -0.071920 -8.498732 -0.104134 0.629728 -0.018365 0.313647
    2 -0.480402 -2.843485 2.688040 0.673012 -2.243426 1.543597
    3 -0.014648 -0.098980 3.047636 -1.112449 0.702768 0.956367
    4 -0.011142 0.781255 -0.800262 1.907347 -0.084824 -0.012746
    5 0.000000 0.718097 -0.000002 -0.075901 0.000563 0.005992
    6 -0.000001 0.897711 1.580295 -0.150667 -0.044153 -0.157780
    7 -0.000000 -0.000000 0.811541 0.569018 -0.134605 0.274998
    8 2.187294 -1.425566 2.044712 -0.482214 0.223274 0.729826
    9 -2.126358 -1.093524 1.728298 2.513451 -0.480505 -0.777436
    10 0.082279 -2.364095 0.911878 -0.176167 0.008544 0.018050
    11 0.080601 -1.311912 3.044831 -1.000949 0.008544 0.018050
    12 1.669646 0.012754 1.984407 0.324117 0.935015 2.811909
    13 -1.241366 -1.806391 1.056407 0.980745 -0.061300 2.555561
    14 1.239846 -1.806390 1.056407 0.977912 3.080293 0.586032
    15 1.218724 -1.798575 1.272704 -1.221688 0.061300 -2.555561
    16 0.004859 -0.122106 -0.000735 0.073338 0.041702 0.036316
    17 -1.061022 -1.480885 1.175125 0.531067 -0.061136 -0.314713
    18 1.061021 -1.480883 1.175125 -0.174393 0.567711 -1.067074
    19 0.177933 -1.986747 1.639852 0.401274 -0.000000 3.141592
    20 -1.220244 -1.798577 1.272703 -1.231848 -3.080293 -0.586032
    21 -0.004860 0.122106 0.000735 0.010737 0.041702 0.036316
    22 -7.821825 -0.820286 -6.612545 0.288379 3.620059 0.537104
    23 0.096951 -8.450422 -0.009364 0.022512 0.035241 -0.105235
    24 -0.139400 -0.111699 0.014398 0.602950 -0.047021 1.569868
    25 1.164474 -2.543937 -0.170327 -0.685280 -0.208274 0.262133
    26 0.024034 -1.129039 0.017807 -0.966992 0.000000 -0.000001
    27 0.014896 -0.883992 -0.019847 -0.880350 0.000000 -0.000000
    28 0.447949 -2.798981 -0.200442 -0.532312 0.047193 0.204345
    29 -0.032909 -1.480206 0.004935 -0.748777 0.000000 0.000000
    30 -0.027023 -1.076921 -0.020212 -0.824310 0.000000 -0.000000
    31 -0.249535 -2.846962 -0.174215 -0.294329 0.073408 0.096039
    32 0.043235 -1.683941 0.096015 -0.691601 0.000001 0.000000
    33 0.031729 -1.160831 0.058834 -0.591551 -0.000000 -0.000000
    34 -0.963867 -2.785142 -0.085346 0.009963 0.135327 -0.091592
    35 0.028477 -1.403065 0.006271 -0.241610 0.000001 0.000000
    36 0.021414 -0.957780 0.020046 -0.331647 0.000000 0.000000
    37 -0.591283 -1.257737 0.232709 -1.106446 -0.466809 -2.612695
    38 1.522835 0.058679 0.016852 0.001411 -0.300775 -0.046880
    39 1.117948 0.048424 -0.005766 -0.000243 -0.437074 0.065422
    40 0.120152 -0.050266 -0.054488 0.366862 3.144320 1.551255
    41 -1.180679 -2.507216 -0.193860 0.174078 0.013294 -0.477916
    42 -0.024968 -1.123935 0.017595 -0.399958 0.000000 0.000000
    43 -0.020059 -0.890964 0.010094 -0.763707 -0.000000 -0.000000
    44 -0.488518 -2.755600 -0.228259 0.021291 -0.012955 -0.306739
    45 0.039887 -1.479790 0.029853 -0.312801 0.000000 0.000000
    46 0.028784 -1.075732 -0.023109 -0.857892 -0.000000 -0.000000
    47 0.250027 -2.820664 -0.238394 0.058002 -0.058472 -0.078775
    48 -0.049760 -1.680543 0.100480 -0.624477 0.000000 -0.000000
    49 -0.034142 -1.148310 0.084779 -1.037172 0.000000 0.000000
    50 0.957767 -2.746777 -0.090299 -0.132358 -0.139206 0.276765
    51 -0.033420 -1.397126 -0.011255 -0.476372 0.000000 0.000001
    52 -0.022361 -0.957433 0.018785 -0.858670 0.000000 0.000000
    53 0.583509 -1.197273 0.185380 0.498834 -0.339857 -0.429184
    54 1.535925 0.010248 0.005008 -0.002964 -0.491310 0.000890
    55 1.100770 0.004527 -0.010675 -0.002796 -0.975914 0.003459
  time 18
    0 8.965822 -2.163007 -6.041153 0.388906 -1.904957 -1.000350
    1 -0.071920 -8.498732 -0.104134 0.631906 -0.064212 0.279720
    2 -0.480402 -2.843485 2.688040 0.673012 -2.243426 1.543597
    3 0.000977 -0.130231 2.989040 -1.121770 0.679667 0.941742
    4 -0.011142 0.781255 -0.800262 1.900872 -0.084824 -0.012746
    5 0.000000 0.718097 -0.000002 -0.087148 0.000503 0.005393
    6 -0.000001 0.897711 1.580295 -0.150667 -0.044153 -0.157780
    7 -0.000000 -0.000000 0.811541 0.569018 -0.134605 0.274998
    8 2.183388 -1.421659 2.040806 -0.482214 0.223274 0.729826
    9 -2.165421 -1.132588 1.775175 2.513451 -0.480505 -0.777436
    10 0.082279 -2.364095 0.911878 -0.176167 0.008544 0.018050
    11 0.080601 -1.308006 3.048737 -1.000949 0.008544 0.018050
    12 1.696991 0.001035 1.996126 0.319970 0.917349 2.807331
    13 -1.241366 -1.806391 1.056407 0.979052 -0.061300 2.555561
    14 1.239846 -1.806390 1.056407 0.976793 3.080293 0.586032
    15 1.218724 -1.798575 1.272704 -1.220978 0.061300 -2.555561
    16 0.004859 -0.122106 -0.000735 0.073338 0.041702 0.036316
    17 -1.061022 -1.480885 1.175125 0.531067 -0.061136 -0.314713
    18 1.061021 -1.480883 1.175125 -0.174393 0.567711 -1.067074
    19 0.174027 -1.939870 1.604695 0.409651 -0.000000 3.141592
    20 -1.220244 -1.798577 1.272703 -1.222803 -3.080293 -0.586032
    21 -0.004860 0.122106 0.000735 0.010737 0.041702 0.036316
    22 -7.825731 -0.820286 -6.612545 0.290506 3.633831 0.531798
    23 0.096951 -8.450422 -0.009364 0.001403 0.035241 -0.097428
    24 -0.139400 -0.111699 0.014398 0.602950 -0.047021 1.569868
    25 1.164474 -2.543937 -0.170327 -0.685280 -0.208274 0.262133
    26 0.024034 -1.129039 0.017807 -0.966992 0.000000 -0.000001
    27 0.014896 -0.883992 -0.019847 -0.880350 0.000000 -0.000000
    28 0.447949 -2.798981 -0.200442 -0.603491 0.047193 0.204345
    29 -0.032909 -1.480206 0.004935 -0.786131 0.000000 0.000000
    30 -0.027023 -1.076921 -0.020212 -0.861688 0.000000 -0.000000
    31 -0.249535 -2.846962 -0.174215 -0.355007 0.073408 0.096039
    32 0.043235 -1.683941 0.096015 -0.748035 0.000001 0.000000
    33 0.031729 -1.160831 0.058834 -0.615230 -0.000000 -0.000000
    34 -0.963867 -2.785142 -0.085346 0.009963 0.135327 -0.091592
    35 0.028477 -1.403065 0.006271 -0.241610 0.000001 0.000000
    36 0.021414 -0.957780 0.020046 -0.331647 0.000000 0.000000
    37 -0.591283 -1.257737 0.232709 -1.085926 -0.468306 -2.601010
    38 1.522835 0.058679 0.016852 0.001411 -0.311568 -0.046880
    39 1.117948 0.048424 -0.005766 -0.000243 -0.647770 0.065422
    40 0.120152 -0.050266 -0.054488 0.366862 3.144320 1.551255
    41 -1.180679 -2.507216 -0.193860 0.174078 0.013294 -0.477916
    42 -0.024968 -1.123935 0.017595 -0.399958 0.000000 0.000000
    43 -0.020059 -0.890964 0.010094 -0.763707 -0.000000 -0.000000
    44 -0.488518 -2.755600 -0.228259 0.021291 -0.012955 -0.306739
    45 0.039887 -1.479790 0.029853 -0.312801 0.000000 0.000000
    46 0.028784 -1.075732 -0.023109 -0.857892 -0.000000 -0.000000
    47 0.250027 -2.820664 -0.238394 0.058002 -0.058472 -0.078775
    48 -0.049760 -1.680543 0.100480 -0.624477 0.000000 -0.000000
    49 -0.034142 -1.148310 0.084779 -1.037172 0.000000 0.000000
    50 0.957767 -2.746777 -0.090299 -0.132358 -0.139206 0.276765
    51 -0.033420 -1.397126 -0.011255 -0.476372 0.000000 0.000001
    52 -0.022361 -0.957433 0.018785 -0.858670 0.000000 0.000000
    53 0.583509 -1.197273 0.185380 0.498834 -0.339857 -0.429184
    54 1.535925 0.010248 0.005008 -0.002964 -0.491310 0.000890
    55 1.100770 0.004527 -0.010675 -0.002796 -0.975914 0.003459
  time 19
    0 8.965822 -2.163007 -6.084124 0.401479 -1.901448 -1.026801
    1 -0.071920 -8.498732 -0.104134 0.633862 -0.094368 0.257417
    2 -0.480402 -2.843485 2.688040 0.673012 -2.243426 1.543597
    3 0.012697 -0.157576 2.926538 -1.129217 0.659931 0.929726
    4 -0.011142 0.781255 -0.800262 1.919018 -0.069819 -0.006346
    5 0.000000 0.718097 -0.000002 -0.044547 0.000455 0.004914
    6 -0.000001 0.897711 1.580295 -0.150667 -0.044153 -0.157780
    7 -0.000000 -0.000000 0.811541 0.569018 -0.134605 0.274998
    8 2.179481 -1.417753 2.036900 -0.482214 0.223274 0.729826
    9 -2.255268 -1.214622 1.876740 2.513451 -0.480505 -0.777436
    10 0.082279 -2.356283 0.911878 -0.176167 0.008544 0.018050
    11 0.080601 -1.288474 3.048737 -1.000949 0.008544 0.018050
    12 1.767305 -0.034122 2.019564 0.310910 0.871616 2.797168
    13 -1.241366 -1.806391 1.056407 0.977444 -0.120938 2.594859
    14 1.239846 -1.806390 1.056407 1.234112 3.080293 0.586032
    15 1.218724 -1.798575 1.272704 -1.299785 0.015501 -2.571572
    16 0.004859 -0.122106 -0.000735 0.073338 0.041702 0.036316
    17 -1.061022 -1.480885 1.175125 0.531067 -0.061136 -0.314713
    18 1.061021 -1.480883 1.175125 -0.174393 0.567711 -1.067074
    19 0.166214 -1.900806 1.577350 0.417429 -0.000000 3.141592
    20 -1.220244 -1.798577 1.272703 -1.377674 -3.080293 -0.586032
    21 -0.004860 0.122106 0.000735 0.010737 0.041702 0.036316
    22 -7.931203 -0.871068 -7.225844 0.315769 3.593093 0.526969
    23 0.096951 -8.450422 -0.009364 0.022129 0.035241 -0.097428
    24 -0.139400 -0.111699 0.014398 0.602950 -0.047021 1.569868
    25 1.164474 -2.543937 -0.170327 -0.685280 -0.208274 0.262133
    26 0.024034 -1.129039 0.017807 -0.966992 0.000000 -0.000001
    27 0.014896 -0.883992 -0.019847 -0.880350 0.000000 -0.000000
    28 0.447949 -2.798981 -0.200442 -0.638453 0.016896 0.165047
    29 -0.032909 -1.480206 0.004935 -0.786131 0.000000 0.000000
    30 -0.027023 -1.076921 -0.020212 -0.861688 0.000000 -0.000000
    31 -0.249535 -2.846962 -0.174215 -0.419785 0.073408 0.096039
    32 0.043235 -1.683941 0.096015 -0.796059 0.000001 0.000000
    33 0.031729 -1.160831 0.058834 -0.615230 -0.000000 -0.000000
    34 -0.963867 -2.785142 -0.085346 -0.011349 0.135327 -0.091592
    35 0.028477 -1.403065 0.006271 -0.345921 0.000001 0.000000
    36 0.021414 -0.957780 0.020046 -0.331647 0.000000 0.000000
    37 -0.591283 -1.257737 0.232709 -1.069777 -0.470820 -2.591706
    38 1.522835 0.058679 0.016852 0.001411 -0.320175 -0.046880
    39 1.117948 0.048424 -0.005766 -0.000243 -0.841155 0.065422
    40 0.120152 -0.050266 -0.054488 0.366862 3.144320 1.551255
    41 -1.180679 -2.507216 -0.193860 0.174078 0.013294 -0.477916
    42 -0.024968 -1.123935 0.017595 -0.399958 0.000000 0.000000
    43 -0.020059 -0.890964 0.010094 -0.763707 -0.000000 -0.000000
    44 -0.488518 -2.755600 -0.228259 0.021291 -0.012955 -0.306739
    45 0.039887 -1.479790 0.029853 -0.312801 0.000000 0.000000
    46 0.028784 -1.075732 -0.023109 -0.857892 -0.000000 -0.000000
    47 0.250027 -2.820664 -0.238394 0.058002 -0.058472 -0.078775
    48 -0.049760 -1.680543 0.100480 -0.624477 0.000000 -0.000000
    49 -0.034142 -1.148310 0.084779 -1.037172 0.000000 0.000000
    50 0.957767 -2.746777 -0.090299 -0.132358 -0.139206 0.276765
    51 -0.033420 -1.397126 -0.011255 -0.476372 0.000000 0.000001
    52 -0.022361 -0.957433 0.018785 -0.858670 0.000000 0.000000
    53 0.583509 -1.197273 0.185380 0.498834 -0.339857 -0.429184
    54 1.535925 0.010248 0.005008 -0.002964 -0.491310 0.000890
    55 1.100770 0.004527 -0.010675 -0.002796 -0.975914 0.003459
  time 20
    0 8.965822 -2.163007 -6.158345 0.417990 -1.889208 -1.037547
    1 -0.071920 -8.498732 -0.104134 0.634822 -0.108975 0.246692
    2 -0.480402 -2.843485 2.688040 0.673012 -2.243426 1.543597
    3 0.024416 -0.181014 2.864036 -1.134950 0.643946 0.920321
    4 -0.011142 0.781255 -0.800262 1.937339 -0.045838 0.002271
    5 0.000000 0.718097 -0.000002 -0.001922 0.000419 0.004506
    6 -0.000001 0.897711 1.580295 -0.150667 -0.044153 -0.157780
    7 -0.000000 -0.000000 0.811541 0.569018 -0.134605 0.274998
    8 2.175575 -1.413846 2.032993 -0.482214 0.223274 0.729826
    9 -2.345114 -1.300562 1.974400 2.513451 -0.480505 -0.777436
    10 0.082279 -2.344563 0.907972 -0.176167 0.008544 0.018050
    11 0.080601 -1.265036 3.052643 -1.000949 0.008544 0.018050
    12 1.857152 -0.077092 2.050815 0.301634 0.808769 2.786322
    13 -1.241366 -1.806391 1.056407 0.981591 -0.180392 2.634827
    14 1.239846 -1.806390 1.056407 1.491453 3.080293 0.586032
    15 1.218724 -1.798575 1.272704 -1.442578 -0.069528 -2.601485
    16 0.004859 -0.122106 -0.000735 0.073338 0.041702 0.036316
    17 -1.061022 -1.480885 1.175125 0.531067 -0.061136 -0.314713
    18 1.061021 -1.480883 1.175125 -0.174393 0.567711 -1.067074
    19 0.150588 -1.869555 1.553912 0.424536 -0.000000 3.141592
    20 -1.220244 -1.798577 1.272703 -1.532357 -3.080293 -0.586032
    21 -0.004860 0.122106 0.000735 0.010737 0.041702 0.036316
    22 -7.958548 -1.082012 -7.589137 0.313799 3.558219 0.538595
    23 0.096951 -8.450422 -0.009364 0.060648 0.035241 -0.097428
    24 -0.139400 -0.111699 0.014398 0.602950 -0.047021 1.569868
    25 1.164474 -2.543937 -0.170327 -0.685280 -0.208274 0.262133
    26 0.024034 -1.129039 0.017807 -0.966992 0.000000 -0.000001
    27 0.014896 -0.883992 -0.019847 -0.880350 0.000000 -0.000000
    28 0.447949 -2.798981 -0.200442 -0.652457 -0.039396 0.092049
    29 -0.032909 -1.480206 0.004935 -0.786131 0.000000 0.000000
    30 -0.027023 -1.076921 -0.020212 -0.861688 0.000000 -0.000000
    31 -0.249535 -2.846962 -0.174215 -0.484427 0.073408 0.096039
    32 0.043235 -1.683941 0.096015 -0.835861 0.000001 0.000000
    33 0.031729 -1.160831 0.058834 -0.615230 -0.000000 -0.000000
    34 -0.963867 -2.785142 -0.085346 -0.050889 0.135327 -0.091592
    35 0.028477 -1.403065 0.006271 -0.539628 0.000001 0.000000
    36 0.021414 -0.957780 0.020046 -0.331647 0.000000 0.000000
    37 -0.591283 -1.257737 0.232709 -1.059192 -0.474726 -2.585538
    38 1.522835 0.058679 0.016852 0.001411 -0.325863 -0.046880
    39 1.117948 0.048424 -0.005766 -0.000243 -0.982582 0.065422
    40 0.120152 -0.050266 -0.054488 0.366862 3.144320 1.551255
    41 -1.180679 -2.507216 -0.193860 0.174078 0.013294 -0.477916
    42 -0.024968 -1.123935 0.017595 -0.399958 0.000000 0.000000
    43 -0.020059 -0.890964 0.010094 -0.763707 -0.000000 -0.000000
    44 -0.488518 -2.755600 -0.228259 0.021291 -0.012955 -0.306739
    45 0.039887 -1.479790 0.029853 -0.312801 0.000000 0.000000
    46 0.028784 -1.075732 -0.023109 -0.857892 -0.000000 -0.000000
    47 0.250027 -2.820664 -0.238394 0.058002 -0.058472 -0.078775
    48 -0.049760 -1.680543 0.100480 -0.624477 0.000000 -0.000000
    49 -0.034142 -1.148310 0.084779 -1.037172 0.000000 0.000000
    50 0.957767 -2.746777 -0.090299 -0.132358 -0.139206 0.276765
    51 -0.033420 -1.397126 -0.011255 -0.476372 0.000000 0.000001
    52 -0.022361 -0.957433 0.018785 -0.858670 0.000000 0.000000
    53 0.583509 -1.197273 0.185380 0.498834 -0.339857 -0.429184
    54 1.535925 0.010248 0.005008 -0.002964 -0.491310 0.000890
    55 1.100770 0.004527 -0.010675 -0.002796 -0.975914 0.003459
  time 21
    0 8.965822 -2.163007 -6.197408 0.443136 -1.865062 -1.057385
    1 -0.071920 -8.498732 -0.104134 0.635080 -0.112783 0.243904
    2 -0.480402 -2.843485 2.688040 0.673012 -2.243426 1.543597
    3 0.032228 -0.200546 2.801534 -1.139017 0.632098 0.913470
    4 -0.011142 0.781255 -0.800262 1.908753 -0.025572 0.007172
    5 0.000000 0.718097 -0.000002 -0.070497 0.000384 0.004099
    6 -0.000001 0.897711 1.580295 -0.150667 -0.044153 -0.157780
    7 -0.000000 -0.000000 0.811541 0.569018 -0.134605 0.274998
    8 2.171669 -1.409940 2.029087 -0.482214 0.223274 0.729826
    9 -2.388084 -1.339625 2.021276 2.513451 -0.480505 -0.777436
    10 0.082279 -2.328938 0.907972 -0.176167 0.008544 0.018050
    11 0.080601 -1.229878 3.056550 -1.000949 0.008544 0.018050
    12 1.958717 -0.123969 2.082066 0.295234 0.739774 2.778184
    13 -1.241366 -1.806391 1.056407 1.240857 -0.176884 2.632431
    14 1.239846 -1.806390 1.056407 1.391370 3.080293 0.586032
    15 1.218724 -1.798575 1.272704 -1.517569 -0.115234 -2.617783
    16 0.004859 -0.122106 -0.000735 0.073338 0.041702 0.036316
    17 -1.061022 -1.480885 1.175125 0.531067 -0.061136 -0.314713
    18 1.061021 -1.480883 1.175125 -0.174393 0.567711 -1.067074
    19 0.134963 -1.857836 1.546099 0.430912 -0.000000 3.141592
    20 -1.220244 -1.798577 1.272703 -1.449654 -3.080293 -0.586032
    21 -0.004860 0.122106 0.000735 0.010737 0.041702 0.036316
    22 -7.864795 -0.992166 -6.979743 0.250642 3.544029 0.555468
    23 0.096951 -8.450422 -0.009364 0.081406 0.035241 -0.097428
    24 -0.139400 -0.111699 0.014398 0.602950 -0.047021 1.569868
    25 1.164474 -2.543937 -0.170327 -0.685280 -0.208274 0.262133
    26 0.024034 -1.129039 0.017807 -0.966992 0.000000 -0.000001
    27 0.014896 -0.883992 -0.019847 -0.880350 0.000000 -0.000000
    28 0.447949 -2.798981 -0.200442 -0.654968 -0.069717 0.052752
    29 -0.032909 -1.480206 0.004935 -0.786131 0.000000 0.000000
    30 -0.027023 -1.076921 -0.020212 -0.861688 0.000000 -0.000000
    31 -0.249535 -2.846962 -0.174215 -0.513798 0.073408 0.096039
    32 0.043235 -1.683941 0.096015 -0.852430 0.000001 0.000000
    33 0.031729 -1.160831 0.058834 -0.615230 -0.000000 -0.000000
    34 -0.963867 -2.785142 -0.085346 -0.072201 0.135327 -0.091592
    35 0.028477 -1.403065 0.006271 -0.643921 0.000001 0.000000
    36 0.021414 -0.957780 0.020046 -0.331647 0.000000 0.000000
    37 -0.591283 -1.257737 0.232709 -1.055399 -0.480308 -2.583310
    38 1.522835 0.058679 0.016852 0.001411 -0.327929 -0.046880
    39 1.117948 0.048424 -0.005766 -0.000243 -1.037429 0.065422
    40 0.120152 -0.050266 -0.054488 0.366862 3.144320 1.551255
    41 -1.180679 -2.507216 -0.193860 0.174078 0.013294 -0.477916
    42 -0.024968 -1.123935 0.017595 -0.399958 0.000000 0.000000
    43 -0.020059 -0.890964 0.010094 -0.763707 -0.000000 -0.000000
    44 -0.488518 -2.755600 -0.228259 0.021291 -0.012955 -0.306739
    45 0.039887 -1.479790 0.029853 -0.312801 0.000000 0.000000
    46 0.028784 -1.075732 -0.023109 -0.857892 -0.000000 -0.000000
    47 0.250027 -2.820664 -0.238394 0.058002 -0.058472 -0.078775
    48 -0.049760 -1.680543 0.100480 -0.624477 0.000000 -0.000000
    49 -0.034142 -1.148310 0.084779 -1.037172 0.000000 0.000000
    50 0.957767 -2.746777 -0.090299 -0.132358 -0.139206 0.276765
    51 -0.033420 -1.397126 -0.011255 -0.476372 0.000000 0.000001
    52 -0.022361 -0.957433 0.018785 -0.858670 0.000000 0.000000
    53 0.583509 -1.197273 0.185380 0.498834 -0.339857 -0.429184
    54 1.535925 0.010248 0.005008 -0.002964 -0.491310 0.000890
    55 1.100770 0.004527 -0.010675 -0.002796 -0.975914 0.003459
  time 22
    0 8.985353 -2.190351 -5.974745 0.493276 -1.799183 -1.109920
    1 -0.071920 -8.498732 -0.104134 0.634342 -0.102790 0.251292
    2 -0.480402 -2.843485 2.688040 0.673012 -2.243426 1.543597
    3 0.040041 -0.216172 2.746845 -1.141484 0.624718 0.909284
    4 -0.011142 0.781255 -0.800262 1.880166 -0.014271 0.009869
    5 0.000000 0.718097 -0.000002 -0.139097 0.000348 0.003679
    6 -0.000001 0.897711 1.580295 -0.150667 -0.044153 -0.157780
    7 -0.000000 -0.000000 0.811541 0.569018 -0.134605 0.274998
    8 2.167762 -1.409940 2.029087 -0.482214 0.223274 0.729826
    9 -2.263081 -1.312281 1.950961 2.513451 -0.480505 -0.777436
    10 0.082279 -2.309406 0.904065 -0.176167 0.008544 0.018050
    11 0.076694 -1.190814 3.064363 -1.000949 0.008544 0.018050
    12 2.056376 -0.163032 2.113317 0.293221 0.675728 2.774864
    13 -1.241366 -1.806391 1.056407 1.490388 -0.173284 2.630035
    14 1.239846 -1.806390 1.056407 1.205471 3.080293 0.586032
    15 1.218724 -1.798575 1.272704 -1.446572 -0.052353 -2.595349
    16 0.004859 -0.122106 -0.000735 0.073338 0.041702 0.036316
    17 -1.061022 -1.480885 1.175125 0.531067 -0.061136 -0.314713
    18 1.061021 -1.480883 1.175125 -0.174393 0.567711 -1.067074
    19 0.099806 -1.924245 1.550006 0.436497 -0.000000 3.141592
    20 -1.220244 -1.798577 1.272703 -1.366858 -3.080293 -0.586032
    21 -0.004860 0.122106 0.000735 0.010737 0.041702 0.036316
    22 -7.700727 -0.757784 -5.464072 0.142027 3.551909 0.578720
    23 0.096951 -8.450422 -0.009364 0.081215 0.035241 -0.097428
    24 -0.139400 -0.111699 0.014398 0.602950 -0.047021 1.569868
    25 1.164474 -2.543937 -0.170327 -0.685280 -0.208274 0.262133
    26 0.024034 -1.129039 0.017807 -0.966992 0.000000 -0.000001
    27 0.014896 -0.883992 -0.019847 -0.880350 0.000000 -0.000000
    28 0.447949 -2.798981 -0.200442 -0.654968 -0.069717 0.052752
    29 -0.032909 -1.480206 0.004935 -0.786131 0.000000 0.000000
    30 -0.027023 -1.076921 -0.020212 -0.861688 0.000000 -0.000000
    31 -0.249535 -2.846962 -0.174215 -0.513798 0.073408 0.096039
    32 0.043235 -1.683941 0.096015 -0.852430 0.000001 0.000000
    33 0.031729 -1.160831 0.058834 -0.615230 -0.000000 -0.000000
    34 -0.963867 -2.785142 -0.085346 -0.072201 0.135327 -0.091592
    35 0.028477 -1.403065 0.006271 -0.643921 0.000001 0.000000
    36 0.021414 -0.957780 0.020046 -0.331647 0.000000 0.000000
    37 -0.591283 -1.257737 0.232709 -1.060511 -0.489572 -2.584392
    38 1.522835 0.058679 0.016852 0.001411 -0.325504 -0.046880
    39 1.117948 0.048424 -0.005766 -0.000243 -1.025826 0.065422
    40 0.120152 -0.050266 -0.054488 0.366862 3.144320 1.551255
    41 -1.180679 -2.507216 -0.193860 0.174078 0.013294 -0.477916
    42 -0.024968 -1.123935 0.017595 -0.399958 0.000000 0.000000
    43 -0.020059 -0.890964 0.010094 -0.763707 -0.000000 -0.000000
    44 -0.488518 -2.755600 -0.228259 0.021291 -0.012955 -0.306739
    45 0.039887 -1.479790 0.029853 -0.312801 0.000000 0.000000
    46 0.028784 -1.075732 -0.023109 -0.857892 -0.000000 -0.000000
    47 0.250027 -2.820664 -0.238394 0.058002 -0.058472 -0.078775
    48 -0.049760 -1.680543 0.100480 -0.624477 0.000000 -0.000000
    49 -0.034142 -1.148310 0.084779 -1.037172 0.000000 0.000000
    50 0.957767 -2.746777 -0.090299 -0.132358 -0.139206 0.276765
    51 -0.033420 -1.397126 -0.011255 -0.476372 0.000000 0.000001
    52 -0.022361 -0.957433 0.018785 -0.858670 0.000000 0.000000
    53 0.583509 -1.197273 0.185380 0.498834 -0.339857 -0.429184
    54 1.535925 0.010248 0.005008 -0.002964 -0.491310 0.000890
    55 1.100770 0.004527 -0.010675 -0.002796 -0.975914 0.003459
  time 23
    0 9.004886 -2.233321 -5.755989 0.544021 -1.748887 -1.162914
    1 -0.071920 -8.498732 -0.104134 0.633567 -0.092796 0.258681
    2 -0.480402 -2.843485 2.688040 0.673012 -2.243426 1.543597
    3 0.043948 -0.220078 2.707782 -1.142329 0.622177 0.907843
    4 -0.011142 0.781255 -0.800262 1.920172 -0.015841 0.012146
    5 0.000000 0.718097 -0.000002 -0.103434 0.000300 0.003272
    6 -0.000001 0.897711 1.580295 -0.150667 -0.044153 -0.157780
    7 -0.000000 -0.000000 0.811541 0.569018 -0.134605 0.274998
    8 2.167762 -1.406034 2.029087 -0.482214 0.223274 0.729826
    9 -2.032605 -1.245873 1.822051 2.513451 -0.480505 -0.777436
    10 0.078373 -2.289875 0.900159 -0.176167 0.008544 0.018050
    11 0.076694 -1.143938 3.068269 -1.000949 0.008544 0.018050
    12 2.126691 -0.194283 2.136755 0.296241 0.627622 2.778220
    13 -1.241366 -1.806391 1.056407 1.402358 -0.187131 2.663774
    14 1.239846 -1.806390 1.056407 1.105388 3.080293 0.586032
    15 1.218724 -1.798575 1.272704 -1.308216 0.064303 -2.554411
    16 0.004859 -0.122106 -0.000735 0.073338 0.041702 0.036316
    17 -1.061022 -1.480885 1.175125 0.531067 -0.061136 -0.314713
    18 1.061021 -1.480883 1.175125 -0.174393 0.567711 -1.067074
    19 0.052929 -2.096125 1.561725 0.441207 -0.000000 3.141592
    20 -1.220244 -1.798577 1.272703 1.565045 -0.061300 -3.727624
    21 -0.004860 0.122106 0.000735 0.010737 0.041702 0.036316
    22 -7.767136 -0.824192 -5.100780 0.122647 3.561204 0.591420
    23 0.096951 -8.450422 -0.009364 0.080673 0.035241 -0.097428
    24 -0.139400 -0.111699 0.014398 0.602950 -0.047021 1.569868
    25 1.164474 -2.543937 -0.170327 -0.685280 -0.208274 0.262133
    26 0.024034 -1.129039 0.017807 -0.966992 0.000000 -0.000001
    27 0.014896 -0.883992 -0.019847 -0.880350 0.000000 -0.000000
    28 0.447949 -2.798981 -0.200442 -0.654968 -0.069717 0.052752
    29 -0.032909 -1.480206 0.004935 -0.786131 0.000000 0.000000
    30 -0.027023 -1.076921 -0.020212 -0.861688 0.000000 -0.000000
    31 -0.249535 -2.846962 -0.174215 -0.513798 0.073408 0.096039
    32 0.043235 -1.683941 0.096015 -0.852430 0.000001 0.000000
    33 0.031729 -1.160831 0.058834 -0.615230 -0.000000 -0.000000
    34 -0.963867 -2.785142 -0.085346 -0.072201 0.135327 -0.091592
    35 0.028477 -1.403065 0.006271 -0.643921 0.000001 0.000000
    36 0.021414 -0.957780 0.020046 -0.331647 0.000000 0.000000
    37 -0.591283 -1.257737 0.232709 -1.074636 -0.503535 -2.587421
    38 1.522835 0.058679 0.016852 0.001411 -0.318783 -0.046880
    39 1.117948 0.048424 -0.005766 -0.000243 -0.993792 0.065422
    40 0.120152 -0.050266 -0.054488 0.366862 3.144320 1.551255
    41 -1.180679 -2.507216 -0.193860 0.174078 0.013294 -0.477916
    42 -0.024968 -1.123935 0.017595 -0.399958 0.000000 0.000000
    43 -0.020059 -0.890964 0.010094 -0.763707 -0.000000 -0.000000
    44 -0.488518 -2.755600 -0.228259 0.021291 -0.012955 -0.306739
    45 0.039887 -1.479790 0.029853 -0.312801 0.000000 0.000000
    46 0.028784 -1.075732 -0.023109 -0.857892 -0.000000 -0.000000
    47 0.250027 -2.820664 -0.238394 0.058002 -0.058472 -0.078775
    48 -0.049760 -1.680543 0.100480 -0.624477 0.000000 -0.000000
    49 -0.034142 -1.148310 0.084779 -1.037172 0.000000 0.000000
    50 0.957767 -2.746777 -0.090299 -0.132358 -0.139206 0.276765
    51 -0.033420 -1.397126 -0.011255 -0.476372 0.000000 0.000001
    52 -0.022361 -0.957433 0.018785 -0.858670 0.000000 0.000000
    53 0.583509 -1.197273 0.185380 0.498834 -0.339857 -0.429184
    54 1.535925 0.010248 0.005008 -0.002964 -0.491310 0.000890
    55 1.100770 0.004527 -0.010675 -0.002796 -0.975914 0.003459
  time 24
    0 8.911133 -2.280198 -5.763802 0.566137 -1.770401 -1.185232
    1 -0.071920 -8.498732 -0.104134 0.636815 -0.127145 0.233087
    2 -0.480402 -2.843485 2.688040 0.673012 -2.243426 1.543597
    3 0.040041 -0.208359 2.680437 -1.135544 0.642228 0.919315
    4 -0.011142 0.781255 -0.800262 1.960153 -0.020922 0.013560
    5 0.000000 0.718097 -0.000002 -0.037244 0.000264 0.002864
    6 -0.000001 0.897711 1.580295 -0.150667 -0.044153 -0.157780
    7 -0.000000 -0.000000 0.811541 0.569018 -0.134605 0.274998
    8 2.163856 -1.406034 2.025180 -0.482214 0.223274 0.729826
    9 -1.903695 -1.183371 1.755643 2.513451 -0.480505 -0.777436
    10 0.078373 -2.266436 0.896253 -0.176167 0.008544 0.018050
    11 0.076694 -1.093155 3.076082 -1.000949 0.008544 0.018050
    12 2.154036 -0.206002 2.144568 0.305002 0.606349 2.790684
    13 -1.241366 -1.806391 1.056407 1.236032 -0.211965 2.726938
    14 1.239846 -1.806390 1.056407 1.294214 2.938671 0.574131
    15 1.218724 -1.798575 1.272704 -1.230119 0.127277 -2.532168
    16 0.004859 -0.122106 -0.000735 0.073338 0.041702 0.036316
    17 -1.061022 -1.480885 1.175125 0.531067 -0.061136 -0.314713
    18 1.061021 -1.480883 1.175125 -0.174393 0.567711 -1.067074
    19 -0.001760 -2.322694 1.577350 0.444994 -0.000000 3.141592
    20 -1.220244 -1.798577 1.272703 1.355350 -0.061300 -3.727624
    21 -0.004860 0.122106 0.000735 0.010737 0.041702 0.036316
    22 -8.134335 -1.218735 -6.221908 0.211487 3.537641 0.588856
    23 0.096951 -8.450422 -0.009364 0.079907 0.035241 -0.097428
    24 -0.139400 -0.111699 0.014398 0.602950 -0.047021 1.569868
    25 1.164474 -2.543937 -0.170327 -0.685280 -0.208274 0.262133
    26 0.024034 -1.129039 0.017807 -0.966992 0.000000 -0.000001
    27 0.014896 -0.883992 -0.019847 -0.880350 0.000000 -0.000000
    28 0.447949 -2.798981 -0.200442 -0.654968 -0.069717 0.052752
    29 -0.032909 -1.480206 0.004935 -0.786131 0.000000 0.000000
    30 -0.027023 -1.076921 -0.020212 -0.861688 0.000000 -0.000000
    31 -0.249535 -2.846962 -0.174215 -0.513798 0.073408 0.096039
    32 0.043235 -1.683941 0.096015 -0.852430 0.000001 0.000000
    33 0.031729 -1.160831 0.058834 -0.615230 -0.000000 -0.000000
    34 -0.963867 -2.785142 -0.085346 -0.072201 0.135327 -0.091592
    35 0.028477 -1.403065 0.006271 -0.643921 0.000001 0.000000
    36 0.021414 -0.957780 0.020046 -0.331647 0.000000 0.000000
    37 -0.591283 -1.257737 0.232709 -1.095969 -0.521164 -2.592138
    38 1.522835 0.058679 0.016852 0.001411 -0.308634 -0.046880
    39 1.117948 0.048424 -0.005766 -0.000243 -0.945370 0.065422
    40 0.120152 -0.050266 -0.054488 0.366862 3.144320 1.551255
    41 -1.180679 -2.507216 -0.193860 0.174078 0.013294 -0.477916
    42 -0.024968 -1.123935 0.017595 -0.399958 0.000000 0.000000
    43 -0.020059 -0.890964 0.010094 -0.763707 -0.000000 -0.000000
    44 -0.488518 -2.755600 -0.228259 0.021291 -0.012955 -0.306739
    45 0.039887 -1.479790 0.029853 -0.312801 0.000000 0.000000
    46 0.028784 -1.075732 -0.023109 -0.857892 -0.000000 -0.000000
    47 0.250027 -2.820664 -0.238394 0.058002 -0.058472 -0.078775
    48 -0.049760 -1.680543 0.100480 -0.624477 0.000000 -0.000000
    49 -0.034142 -1.148310 0.084779 -1.037172 0.000000 0.000000
    50 0.957767 -2.746777 -0.090299 -0.132358 -0.139206 0.276765
    51 -0.033420 -1.397126 -0.011255 -0.476372 0.000000 0.000001
    52 -0.022361 -0.957433 0.018785 -0.858670 0.000000 0.000000
    53 0.583509 -1.197273 0.185380 0.498834 -0.339857 -0.429184
    54 1.535925 0.010248 0.005008 -0.002964 -0.491310 0.000890
    55 1.100770 0.004527 -0.010675 -0.002796 -0.975914 0.003459
  time 25
    0 8.813474 -2.307542 -5.814584 0.572121 -1.802567 -1.190835
    1 -0.071920 -8.498732 -0.104134 0.640063 -0.161460 0.207493
    2 -0.480402 -2.843485 2.688040 0.673012 -2.243426 1.543597
    3 0.028322 -0.177108 2.660905 -1.114962 0.696686 0.952480
    4 -0.011142 0.781255 -0.800262 1.928003 -0.112460 -0.019469
    5 0.000000 0.718097 -0.000002 -0.001581 0.000228 0.002457
    6 -0.000001 0.897711 1.580295 -0.150667 -0.044153 -0.157780
    7 -0.000000 -0.000000 0.811541 0.569018 -0.134605 0.274998
    8 2.163856 -1.406034 2.025180 -0.482214 0.223274 0.729826
    9 -1.993541 -1.128682 1.993931 2.513451 -0.480505 -0.777436
    10 0.078373 -2.242998 0.892346 -0.176167 0.008544 0.018050
    11 0.076694 -1.038466 3.083894 -1.000949 0.008544 0.018050
    12 2.138410 -0.202096 2.128942 0.320162 0.611802 2.814078
    13 -1.241366 -1.806391 1.056407 1.144785 -0.224705 2.761251
    14 1.239846 -1.806390 1.056407 1.485902 2.797145 0.562231
    15 1.218724 -1.798575 1.272704 -1.295969 0.081760 -2.536866
    16 0.004859 -0.122106 -0.000735 0.073338 0.041702 0.036316
    17 -1.061022 -1.480885 1.175125 0.531067 -0.061136 -0.314713
    18 1.061021 -1.480883 1.175125 -0.174393 0.567711 -1.067074
    19 -0.052543 -2.541451 1.592976 0.447774 -0.000000 3.141592
    20 -1.220244 -1.798577 1.272703 1.492039 -0.061300 -3.727624
    21 -0.004860 0.122106 0.000735 0.010737 0.041702 0.036316
    22 -8.497627 -1.593747 -6.354724 0.240584 3.612598 0.603762
    23 0.096951 -8.450422 -0.009364 0.078919 0.035241 -0.097428
    24 -0.139400 -0.111699 0.014398 0.602950 -0.047021 1.569868
    25 1.164474 -2.543937 -0.170327 -0.685280 -0.208274 0.262133
    26 0.024034 -1.129039 0.017807 -0.966992 0.000000 -0.000001
    27 0.014896 -0.883992 -0.019847 -0.880350 0.000000 -0.000000
    28 0.447949 -2.798981 -0.200442 -0.654968 -0.069717 0.052752
    29 -0.032909 -1.480206 0.004935 -0.786131 0.000000 0.000000
    30 -0.027023 -1.076921 -0.020212 -0.861688 0.000000 -0.000000
    31 -0.249535 -2.846962 -0.174215 -0.513798 0.073408 0.096039
    32 0.043235 -1.683941 0.096015 -0.852430 0.000001 0.000000
    33 0.031729 -1.160831 0.058834 -0.615230 -0.000000 -0.000000
    34 -0.963867 -2.785142 -0.085346 -0.072201 0.135327 -0.091592
    35 0.028477 -1.403065 0.006271 -0.643921 0.000001 0.000000
    36 0.021414 -0.957780 0.020046 -0.331647 0.000000 0.000000
    37 -0.591283 -1.257737 0.232709 -1.122721 -0.541398 -2.598219
    38 1.522835 0.058679 0.016852 0.001411 -0.295910 -0.046880
    39 1.117948 0.048424 -0.005766 -0.000243 -0.884676 0.065422
    40 0.120152 -0.050266 -0.054488 0.366862 3.144320 1.551255
    41 -1.180679 -2.507216 -0.193860 0.174078 0.013294 -0.477916
    42 -0.024968 -1.123935 0.017595 -0.399958 0.000000 0.000000
    43 -0.020059 -0.890964 0.010094 -0.763707 -0.000000 -0.000000
    44 -0.488518 -2.755600 -0.228259 0.021291 -0.012955 -0.306739
    45 0.039887 -1.479790 0.029853 -0.312801 0.000000 0.000000
    46 0.028784 -1.075732 -0.023109 -0.857892 -0.000000 -0.000000
    47 0.250027 -2.820664 -0.238394 0.058002 -0.058472 -0.078775
    48 -0.049760 -1.680543 0.100480 -0.624477 0.000000 -0.000000
    49 -0.034142 -1.148310 0.084779 -1.037172 0.000000 0.000000
    50 0.957767 -2.746777 -0.090299 -0.132358 -0.139206 0.276765
    51 -0.033420 -1.397126 -0.011255 -0.476372 0.000000 0.000001
    52 -0.022361 -0.957433 0.018785 -0.858670 0.000000 0.000000
    53 0.583509 -1.197273 0.185380 0.498834 -0.339857 -0.429184
    54 1.535925 0.010248 0.005008 -0.002964 -0.491310 0.000890
    55 1.100770 0.004527 -0.010675 -0.002796 -0.975914 0.003459
  time 26
    0 8.911133 -2.268479 -6.025528 0.544703 -1.818650 -1.162639
    1 -0.071920 -8.498732 -0.104134 0.639214 -0.154122 0.213023
    2 -0.480402 -2.843485 2.688040 0.673012 -2.243426 1.543597
    3 0.012697 -0.130231 2.649186 -1.077750 0.776576 1.007827
    4 -0.011142 0.781255 -0.800262 1.899768 -0.200415 -0.052211
    5 0.000000 0.718097 -0.000002 -0.072006 0.000192 0.002037
    6 -0.000001 0.897711 1.580295 -0.150667 -0.044153 -0.157780
    7 -0.000000 -0.000000 0.811541 0.569018 -0.134605 0.274998
    8 2.163856 -1.402127 2.025180 -0.482214 0.223274 0.729826
    9 -2.138077 -1.097431 2.228313 2.513451 -0.480505 -0.777436
    10 0.078373 -2.219560 0.888440 -0.176167 0.008544 0.018050
    11 0.076694 -0.983777 3.091707 -1.000949 0.008544 0.018050
    12 2.099347 -0.194283 2.078159 0.341207 0.633362 2.847335
    13 -1.241366 -1.806391 1.056407 1.231715 -0.215289 2.748503
    14 1.239846 -1.806390 1.056407 1.468450 2.891847 0.581298
    15 1.218724 -1.798575 1.272704 -1.417463 -0.002519 -2.545974
    16 0.004859 -0.122106 -0.000735 0.073338 0.041702 0.036316
    17 -1.061022 -1.480885 1.175125 0.531067 -0.061136 -0.314713
    18 1.061021 -1.480883 1.175125 -0.174393 0.567711 -1.067074
    19 -0.091606 -2.713331 1.608601 0.449488 -0.000000 3.141592
    20 -1.220244 -1.798577 1.272703 -1.512777 -3.080293 -0.586032
    21 -0.004860 0.122106 0.000735 0.010737 0.041702 0.036316
    22 -8.470283 -1.570308 -6.104716 0.227244 3.711982 0.609962
    23 0.096951 -8.450422 -0.009364 0.077771 0.035241 -0.097428
    24 -0.139400 -0.111699 0.014398 0.602950 -0.047021 1.569868
    25 1.164474 -2.543937 -0.170327 -0.685280 -0.208274 0.262133
    26 0.024034 -1.129039 0.017807 -0.966992 0.000000 -0.000001
    27 0.014896 -0.883992 -0.019847 -0.880350 0.000000 -0.000000
    28 0.447949 -2.798981 -0.200442 -0.654968 -0.069717 0.052752
    29 -0.032909 -1.480206 0.004935 -0.786131 0.000000 0.000000
    30 -0.027023 -1.076921 -0.020212 -0.861688 0.000000 -0.000000
    31 -0.249535 -2.846962 -0.174215 -0.513798 0.073408 0.096039
    32 0.043235 -1.683941 0.096015 -0.852430 0.000001 0.000000
    33 0.031729 -1.160831 0.058834 -0.615230 -0.000000 -0.000000
    34 -0.963867 -2.785142 -0.085346 -0.072201 0.135327 -0.091592
    35 0.028477 -1.403065 0.006271 -0.643921 0.000001 0.000000
    36 0.021414 -0.957780 0.020046 -0.331647 0.000000 0.000000
    37 -0.591283 -1.257737 0.232709 -1.153085 -0.563188 -2.605381
    38 1.522835 0.058679 0.016852 0.001411 -0.281479 -0.046880
    39 1.117948 0.048424 -0.005766 -0.000243 -0.815823 0.065422
    40 0.120152 -0.050266 -0.054488 0.366862 3.144320 1.551255
    41 -1.180679 -2.507216 -0.193860 0.174078 0.013294 -0.477916
    42 -0.024968 -1.123935 0.017595 -0.399958 0.000000 0.000000
    43 -0.020059 -0.890964 0.010094 -0.763707 -0.000000 -0.000000
    44 -0.488518 -2.755600 -0.228259 0.021291 -0.012955 -0.306739
    45 0.039887 -1.479790 0.029853 -0.312801 0.000000 0.000000
    46 0.028784 -1.075732 -0.023109 -0.857892 -0.000000 -0.000000
    47 0.250027 -2.820664 -0.238394 0.058002 -0.058472 -0.078775
    48 -0.049760 -1.680543 0.100480 -0.624477 0.000000 -0.000000
    49 -0.034142 -1.148310 0.084779 -1.037172 0.000000 0.000000
    50 0.957767 -2.746777 -0.090299 -0.132358 -0.139206 0.276765
    51 -0.033420 -1.397126 -0.011255 -0.476372 0.000000 0.000001
    52 -0.022361 -0.957433 0.018785 -0.858670 0.000000 0.000000
    53 0.583509 -1.197273 0.185380 0.498834 -0.339857 -0.429184
    54 1.535925 0.010248 0.005008 -0.002964 -0.491310 0.000890
    55 1.100770 0.004527 -0.010675 -0.002796 -0.975914 0.003459
  time 27
    0 9.004886 -2.233321 -6.197408 0.497593 -1.834399 -1.113961
    1 -0.071920 -8.498732 -0.104134 0.638365 -0.146749 0.218554
    2 -0.480402 -2.843485 2.688040 0.673012 -2.243426 1.543597
    3 -0.006835 -0.071636 2.637467 -1.018082 0.872276 1.088999
    4 -0.011142 0.781255 -0.800262 1.918541 -0.126387 -0.023652
    5 0.000000 0.718097 -0.000002 -0.142456 0.000144 0.001630
    6 -0.000001 0.897711 1.580295 -0.150667 -0.044153 -0.157780
    7 -0.000000 -0.000000 0.811541 0.569018 -0.134605 0.274998
    8 2.159949 -1.402127 2.025180 -0.482214 0.223274 0.729826
    9 -2.294332 -1.347438 2.087684 2.513451 -0.480505 -0.777436
    10 0.078373 -2.196122 0.884533 -0.176167 0.008544 0.018050
    11 0.072788 -0.929088 3.099520 -1.000949 0.008544 0.018050
    12 2.044657 -0.186470 2.007845 0.367849 0.665996 2.889605
    13 -1.241366 -1.806391 1.056407 1.394655 -0.192486 2.718311
    14 1.239846 -1.806390 1.056407 1.423906 3.068440 0.613872
    15 1.218724 -1.798575 1.272704 -1.482514 -0.047849 -2.552110
    16 0.004859 -0.122106 -0.000735 0.073338 0.041702 0.036316
    17 -1.061022 -1.480885 1.175125 0.531067 -0.061136 -0.314713
    18 1.061021 -1.480883 1.175125 -0.174393 0.567711 -1.067074
    19 -0.107232 -2.779739 1.612507 0.450087 -0.000000 3.141592
    20 -1.220244 -1.798577 1.272703 1.523647 -0.061300 -3.727624
    21 -0.004860 0.122106 0.000735 0.010737 0.041702 0.036316
    22 -8.263245 -1.503900 -6.905522 0.266924 3.628804 0.590585
    23 0.096951 -8.450422 -0.009364 0.076591 0.035241 -0.097428
    24 -0.139400 -0.111699 0.014398 0.602950 -0.047021 1.569868
    25 1.164474 -2.543937 -0.170327 -0.685280 -0.208274 0.262133
    26 0.024034 -1.129039 0.017807 -0.966992 0.000000 -0.000001
    27 0.014896 -0.883992 -0.019847 -0.880350 0.000000 -0.000000
    28 0.447949 -2.798981 -0.200442 -0.654968 -0.069717 0.052752
    29 -0.032909 -1.480206 0.004935 -0.786131 0.000000 0.000000
    30 -0.027023 -1.076921 -0.020212 -0.861688 0.000000 -0.000000
    31 -0.249535 -2.846962 -0.174215 -0.513798 0.073408 0.096039
    32 0.043235 -1.683941 0.096015 -0.852430 0.000001 0.000000
    33 0.031729 -1.160831 0.058834 -0.615230 -0.000000 -0.000000
    34 -0.963867 -2.785142 -0.085346 -0.072201 0.135327 -0.091592
    35 0.028477 -1.403065 0.006271 -0.643921 0.000001 0.000000
    36 0.021414 -0.957780 0.020046 -0.331647 0.000000 0.000000
    37 -0.591283 -1.257737 0.232709 -1.185237 -0.585486 -2.613344
    38 1.522835 0.058679 0.016852 0.001411 -0.266181 -0.046880
    39 1.117948 0.048424 -0.005766 -0.000243 -0.742879 0.065422
    40 0.120152 -0.050266 -0.054488 0.366862 3.144320 1.551255
    41 -1.180679 -2.507216 -0.193860 0.174078 0.013294 -0.477916
    42 -0.024968 -1.123935 0.017595 -0.399958 0.000000 0.000000
    43 -0.020059 -0.890964 0.010094 -0.763707 -0.000000 -0.000000
    44 -0.488518 -2.755600 -0.228259 0.021291 -0.012955 -0.306739
    45 0.039887 -1.479790 0.029853 -0.312801 0.000000 0.000000
    46 0.028784 -1.075732 -0.023109 -0.857892 -0.000000 -0.000000
    47 0.250027 -2.820664 -0.238394 0.058002 -0.058472 -0.078775
    48 -0.049760 -1.680543 0.100480 -0.624477 0.000000 -0.000000
    49 -0.034142 -1.148310 0.084779 -1.037172 0.000000 0.000000
    50 0.957767 -2.746777 -0.090299 -0.132358 -0.139206 0.276765
    51 -0.033420 -1.397126 -0.011255 -0.476372 0.000000 0.000001
    52 -0.022361 -0.957433 0.018785 -0.858670 0.000000 0.000000
    53 0.583509 -1.197273 0.185380 0.498834 -0.339857 -0.429184
    54 1.535925 0.010248 0.005008 -0.002964 -0.491310 0.000890
    55 1.100770 0.004527 -0.010675 -0.002796 -0.975914 0.003459
  time 28
    0 8.911133 -2.268479 -6.009902 0.445711 -1.865020 -1.059957
    1 -0.071920 -8.498732 -0.104134 0.644271 -0.187982 0.187049
    2 -0.480402 -2.843485 2.688040 0.673012 -2.243426 1.543597
    3 -0.030273 -0.009134 2.629654 -0.927049 0.973356 1.202956
    4 -0.011142 0.781255 -0.800262 1.940477 -0.020575 0.012230
    5 0.000000 0.718097 -0.000002 -0.019424 0.000108 0.001222
    6 -0.000001 0.897711 1.580295 -0.150667 -0.044153 -0.157780
    7 -0.000000 -0.000000 0.811541 0.569018 -0.134605 0.274998
    8 2.159949 -1.402127 2.021274 -0.482214 0.223274 0.729826
    9 -2.388084 -1.597446 1.950961 2.513451 -0.480505 -0.777436
    10 0.078373 -2.168777 0.876721 -0.176167 0.008544 0.018050
    11 0.072788 -0.874399 3.103426 -1.000949 0.008544 0.018050
    12 1.974343 -0.174751 1.925811 0.399716 0.704719 2.939760
    13 -1.241366 -1.806391 1.056407 1.487087 -0.164790 2.682656
    14 1.239846 -1.806390 1.056407 1.369464 3.165431 0.625581
    15 1.218724 -1.798575 1.272704 -1.384804 -0.033959 -2.553740
    16 0.004859 -0.122106 -0.000735 0.073338 0.041702 0.036316
    17 -1.061022 -1.480885 1.175125 0.531067 -0.061136 -0.314713
    18 1.061021 -1.480883 1.175125 -0.174393 0.567711 -1.067074
    19 -0.095513 -2.744582 1.589069 0.426202 -0.000000 3.141592
    20 -1.220244 -1.798577 1.272703 1.418473 -0.061300 -3.727624
    21 -0.004860 0.122106 0.000735 0.010737 0.041702 0.036316
    22 -8.134335 -1.804691 -8.214156 0.350328 3.467527 0.583669
    23 0.096951 -8.450422 -0.009364 0.075411 0.035241 -0.097428
    24 -0.139400 -0.111699 0.014398 0.602950 -0.047021 1.569868
    25 1.164474 -2.543937 -0.170327 -0.685280 -0.208274 0.262133
    26 0.024034 -1.129039 0.017807 -0.966992 0.000000 -0.000001
    27 0.014896 -0.883992 -0.019847 -0.880350 0.000000 -0.000000
    28 0.447949 -2.798981 -0.200442 -0.654968 -0.069717 0.052752
    29 -0.032909 -1.480206 0.004935 -0.786131 0.000000 0.000000
    30 -0.027023 -1.076921 -0.020212 -0.861688 0.000000 -0.000000
    31 -0.249535 -2.846962 -0.174215 -0.513798 0.073408 0.096039
    32 0.043235 -1.683941 0.096015 -0.852430 0.000001 0.000000
    33 0.031729 -1.160831 0.058834 -0.615230 -0.000000 -0.000000
    34 -0.963867 -2.785142 -0.085346 -0.072201 0.135327 -0.091592
    35 0.028477 -1.403065 0.006271 -0.643921 0.000001 0.000000
    36 0.021414 -0.957780 0.020046 -0.331647 0.000000 0.000000
    37 -0.591283 -1.257737 0.232709 -1.217408 -0.607231 -2.621783
    38 1.522835 0.058679 0.016852 0.001411 -0.250897 -0.046880
    39 1.117948 0.048424 -0.005766 -0.000243 -0.669912 0.065422
    40 0.120152 -0.050266 -0.054488 0.366862 3.144320 1.551255
    41 -1.180679 -2.507216 -0.193860 0.174078 0.013294 -0.477916
    42 -0.024968 -1.123935 0.017595 -0.399958 0.000000 0.000000
    43 -0.020059 -0.890964 0.010094 -0.763707 -0.000000 -0.000000
    44 -0.488518 -2.755600 -0.228259 0.021291 -0.012955 -0.306739
    45 0.039887 -1.479790 0.029853 -0.312801 0.000000 0.000000
    46 0.028784 -1.075732 -0.023109 -0.857892 -0.000000 -0.000000
    47 0.250027 -2.820664 -0.238394 0.058002 -0.058472 -0.078775
    48 -0.049760 -1.680543 0.100480 -0.624477 0.000000 -0.000000
    49 -0.034142 -1.148310 0.084779 -1.037172 0.000000 0.000000
    50 0.957767 -2.746777 -0.090299 -0.132358 -0.139206 0.276765
    51 -0.033420 -1.397126 -0.011255 -0.476372 0.000000 0.000001
    52 -0.022361 -0.957433 0.018785 -0.858670 0.000000 0.000000
    53 0.583509 -1.197273 0.185380 0.498834 -0.339857 -0.429184
    54 1.535925 0.010248 0.005008 -0.002964 -0.491310 0.000890
    55 1.100770 0.004527 -0.010675 -0.002796 -0.975914 0.003459
  time 29
    0 8.813474 -2.307542 -5.818491 0.413673 -1.885323 -1.026433
    1 -0.071920 -8.498732 -0.104134 0.650177 -0.229216 0.155544
    2 -0.480402 -2.843485 2.688040 0.673012 -2.243426 1.543597
    3 -0.049805 0.057274 2.621841 -0.793688 1.068460 1.359130
    4 -0.011142 0.781255 -0.800262 1.904285 0.030012 0.024466
    5 0.000000 0.718097 -0.000002 0.103632 0.000072 0.000815
    6 -0.000001 0.897711 1.580295 -0.150667 -0.044153 -0.157780
    7 -0.000000 -0.000000 0.811541 0.569018 -0.134605 0.274998
    8 2.159949 -1.398221 2.021274 -0.482214 0.223274 0.729826
    9 -2.341208 -1.562289 1.962680 2.513451 -0.480505 -0.777436
    10 0.078373 -2.145339 0.872814 -0.176167 0.008544 0.018050
    11 0.072788 -0.819709 3.111239 -1.000949 0.008544 0.018050
    12 1.904028 -0.159126 1.832058 0.435957 0.744735 2.996028
    13 -1.241366 -1.806391 1.056407 1.449589 -0.133771 2.643646
    14 1.239846 -1.806390 1.056407 1.308072 3.151146 0.613680
    15 1.218724 -1.798575 1.272704 -1.203672 -0.003082 -2.554411
    16 0.004859 -0.122106 -0.000735 0.073338 0.041702 0.036316
    17 -1.061022 -1.480885 1.175125 0.531067 -0.061136 -0.314713
    18 1.061021 -1.480883 1.175125 -0.174393 0.567711 -1.067074
    19 -0.064262 -2.654736 1.538286 0.368209 -0.000000 3.141592
    20 -1.220244 -1.798577 1.272703 1.509381 -0.061300 -3.727624
    21 -0.004860 0.122106 0.000735 0.010737 0.041702 0.036316
    22 -8.040582 -1.937507 -8.421193 0.361016 3.374794 0.597859
    23 0.096951 -8.450422 -0.009364 0.074263 0.035241 -0.097428
    24 -0.139400 -0.111699 0.014398 0.602950 -0.047021 1.569868
    25 1.164474 -2.543937 -0.170327 -0.685280 -0.208274 0.262133
    26 0.024034 -1.129039 0.017807 -0.966992 0.000000 -0.000001
    27 0.014896 -0.883992 -0.019847 -0.880350 0.000000 -0.000000
    28 0.447949 -2.798981 -0.200442 -0.654968 -0.069717 0.052752
    29 -0.032909 -1.480206 0.004935 -0.786131 0.000000 0.000000
    30 -0.027023 -1.076921 -0.020212 -0.861688 0.000000 -0.000000
    31 -0.249535 -2.846962 -0.174215 -0.513798 0.073408 0.096039
    32 0.043235 -1.683941 0.096015 -0.852430 0.000001 0.000000
    33 0.031729 -1.160831 0.058834 -0.615230 -0.000000 -0.000000
    34 -0.963867 -2.785142 -0.085346 -0.072201 0.135327 -0.091592
    35 0.028477 -1.403065 0.006271 -0.643921 0.000001 0.000000
    36 0.021414 -0.957780 0.020046 -0.331647 0.000000 0.000000
    37 -0.591283 -1.257737 0.232709 -1.247754 -0.627390 -2.630439
    38 1.522835 0.058679 0.016852 0.001411 -0.236451 -0.046880
    39 1.117948 0.048424 -0.005766 -0.000243 -0.601059 0.065422
    40 0.120152 -0.050266 -0.054488 0.366862 3.144320 1.551255
    41 -1.180679 -2.507216 -0.193860 0.174078 0.013294 -0.477916
    42 -0.024968 -1.123935 0.017595 -0.399958 0.000000 0.000000
    43 -0.020059 -0.890964 0.010094 -0.763707 -0.000000 -0.000000
    44 -0.488518 -2.755600 -0.228259 0.021291 -0.012955 -0.306739
    45 0.039887 -1.479790 0.029853 -0.312801 0.000000 0.000000
    46 0.028784 -1.075732 -0.023109 -0.857892 -0.000000 -0.000000
    47 0.250027 -2.820664 -0.238394 0.058002 -0.058472 -0.078775
    48 -0.049760 -1.680543 0.100480 -0.624477 0.000000 -0.000000
    49 -0.034142 -1.148310 0.084779 -1.037172 0.000000 0.000000
    50 0.957767 -2.746777 -0.090299 -0.132358 -0.139206 0.276765
    51 -0.033420 -1.397126 -0.011255 -0.476372 0.000000 0.000001
    52 -0.022361 -0.957433 0.018785 -0.858670 0.000000 0.000000
    53 0.583509 -1.197273 0.185380 0.498834 -0.339857 -0.429184
    54 1.535925 0.010248 0.005008 -0.002964 -0.491310 0.000890
    55 1.100770 0.004527 -0.010675 -0.002796 -0.975914 0.003459
  time 30
    0 9.012698 -2.268479 -6.009902 0.450180 -1.855788 -1.061426
    1 -0.071920 -8.498732 -0.104134 0.641060 -0.171629 0.207950
    2 -0.480402 -2.843485 2.688040 0.673012 -2.243426 1.543597
    3 -0.073244 0.119776 2.614029 -0.611235 1.145861 1.562822
    4 -0.011142 0.781255 -0.800262 1.867667 0.049044 0.028229
    5 0.000000 0.718097 -0.000002 0.004018 0.000036 0.000407
    6 -0.000001 0.897711 1.580295 -0.150667 -0.044153 -0.157780
    7 -0.000000 -0.000000 0.811541 0.569018 -0.134605 0.274998
    8 2.156043 -1.398221 2.021274 -0.482214 0.223274 0.729826
    9 -2.235736 -1.480255 1.993931 2.513451 -0.480505 -0.777436
    10 0.078373 -2.125807 0.868908 -0.176167 0.008544 0.018050
    11 0.072788 -0.772833 3.119051 -1.000949 0.008544 0.018050
    12 1.833714 -0.147407 1.746118 0.474799 0.781528 3.055448
    13 -1.241366 -1.806391 1.056407 1.354788 -0.097674 2.599459
    14 1.239846 -1.806390 1.056407 1.235984 3.115719 0.599862
    15 1.218724 -1.798575 1.272704 -1.106051 0.028921 -2.555082
    16 0.004859 -0.122106 -0.000735 0.073338 0.041702 0.036316
    17 -1.061022 -1.480885 1.175125 0.531067 -0.061136 -0.314713
    18 1.061021 -1.480883 1.175125 -0.174393 0.567711 -1.067074
    19 -0.033011 -2.545357 1.471878 0.296577 -0.000000 3.141592
    20 -1.220244 -1.798577 1.272703 -1.432312 -3.080293 -0.586032
    21 -0.004860 0.122106 0.000735 0.010737 0.041702 0.036316
    22 -7.704634 -1.253893 -6.925054 0.260516 3.426580 0.577886
    23 0.096951 -8.450422 -0.009364 0.073275 0.035241 -0.097428
    24 -0.139400 -0.111699 0.014398 0.602950 -0.047021 1.569868
    25 1.164474 -2.543937 -0.170327 -0.685280 -0.208274 0.262133
    26 0.024034 -1.129039 0.017807 -0.966992 0.000000 -0.000001
    27 0.014896 -0.883992 -0.019847 -0.880350 0.000000 -0.000000
    28 0.447949 -2.798981 -0.200442 -0.654968 -0.069717 0.052752
    29 -0.032909 -1.480206 0.004935 -0.786131 0.000000 0.000000
    30 -0.027023 -1.076921 -0.020212 -0.861688 0.000000 -0.000000
    31 -0.249535 -2.846962 -0.174215 -0.513798 0.073408 0.096039
    32 0.043235 -1.683941 0.096015 -0.852430 0.000001 0.000000
    33 0.031729 -1.160831 0.058834 -0.615230 -0.000000 -0.000000
    34 -0.963867 -2.785142 -0.085346 -0.072201 0.135327 -0.091592
    35 0.028477 -1.403065 0.006271 -0.643921 0.000001 0.000000
    36 0.021414 -0.957780 0.020046 -0.331647 0.000000 0.000000
    37 -0.591283 -1.257737 0.232709 -1.274506 -0.644900 -2.639008
    38 1.522835 0.058679 0.016852 0.001411 -0.223742 -0.046880
    39 1.117948 0.048424 -0.005766 -0.000243 -0.540365 0.065422
    40 0.120152 -0.050266 -0.054488 0.366862 3.144320 1.551255
    41 -1.180679 -2.507216 -0.193860 0.174078 0.013294 -0.477916
    42 -0.024968 -1.123935 0.017595 -0.399958 0.000000 0.000000
    43 -0.020059 -0.890964 0.010094 -0.763707 -0.000000 -0.000000
    44 -0.488518 -2.755600 -0.228259 0.021291 -0.012955 -0.306739
    45 0.039887 -1.479790 0.029853 -0.312801 0.000000 0.000000
    46 0.028784 -1.075732 -0.023109 -0.857892 -0.000000 -0.000000
    47 0.250027 -2.820664 -0.238394 0.058002 -0.058472 -0.078775
    48 -0.049760 -1.680543 0.100480 -0.624477 0.000000 -0.000000
    49 -0.034142 -1.148310 0.084779 -1.037172 0.000000 0.000000
    50 0.957767 -2.746777 -0.090299 -0.132358 -0.139206 0.276765
    51 -0.033420 -1.397126 -0.011255 -0.476372 0.000000 0.000001
    52 -0.022361 -0.957433 0.018785 -0.858670 0.000000 0.000000
    53 0.583509 -1.197273 0.185380 0.498834 -0.339857 -0.429184
    54 1.535925 0.010248 0.005008 -0.002964 -0.491310 0.000890
    55 1.100770 0.004527 -0.010675 -0.002796 -0.975914 0.003459
  time 31
    0 9.340834 -2.233321 -6.197408 0.514559 -1.826253 -1.131503
    1 -0.071920 -8.498732 -0.104134 0.631906 -0.064212 0.279720
    2 -0.480402 -2.843485 2.688040 0.673012 -2.243426 1.543597
    3 -0.088869 0.170559 2.606216 -0.393785 1.196515 1.798619
    4 -0.011142 0.781255 -0.800262 1.972727 -0.034141 0.004608
    5 0.000000 0.718097 -0.000002 -0.161980 0.000000 0.000000
    6 -0.000001 0.897711 1.580295 -0.150667 -0.044153 -0.157780
    7 -0.000000 -0.000000 0.811541 0.569018 -0.134605 0.274998
    8 2.156043 -1.398221 2.021274 -0.482214 0.223274 0.729826
    9 -2.130264 -1.398221 2.021276 2.513451 -0.480505 -0.777436
    10 0.078373 -2.106275 0.868908 -0.176167 0.008544 0.018050
    11 0.072788 -0.729863 3.122958 -1.000949 0.008544 0.018050
    12 1.775118 -0.139594 1.671897 0.513126 0.811034 3.113585
    13 -1.241366 -1.806391 1.056407 1.256939 -0.061300 2.555561
    14 1.239846 -1.806390 1.056407 1.163316 3.080293 0.586032
    15 1.218724 -1.798575 1.272704 -1.340342 0.061300 -2.555561
    16 0.004859 -0.122106 -0.000735 0.073338 0.041702 0.036316
    17 -1.061022 -1.480885 1.175125 0.531067 -0.061136 -0.314713
    18 1.061021 -1.480883 1.175125 -0.174393 0.567711 -1.067074
    19 -0.001760 -2.447698 1.417189 0.231764 -0.000000 3.141592
    20 -1.220244 -1.798577 1.272703 -1.232500 -3.080293 -0.586032
    21 -0.004860 0.122106 0.000735 0.010737 0.041702 0.036316
    22 -7.528847 -0.863256 -6.608638 0.273174 3.608304 0.543365
    23 0.096951 -8.450422 -0.009364 0.072510 0.035241 -0.097428
    24 -0.139400 -0.111699 0.014398 0.602950 -0.047021 1.569868
    25 1.164474 -2.543937 -0.170327 -0.685280 -0.208274 0.262133
    26 0.024034 -1.129039 0.017807 -0.966992 0.000000 -0.000001
    27 0.014896 -0.883992 -0.019847 -0.880350 0.000000 -0.000000
    28 0.447949 -2.798981 -0.200442 -0.654968 -0.069717 0.052752
    29 -0.032909 -1.480206 0.004935 -0.786131 0.000000 0.000000
    30 -0.027023 -1.076921 -0.020212 -0.861688 0.000000 -0.000000
    31 -0.249535 -2.846962 -0.174215 -0.513798 0.073408 0.096039
    32 0.043235 -1.683941 0.096015 -0.852430 0.000001 0.000000
    33 0.031729 -1.160831 0.058834 -0.615230 -0.000000 -0.000000
    34 -0.963867 -2.785142 -0.085346 -0.072201 0.135327 -0.091592
    35 0.028477 -1.403065 0.006271 -0.643921 0.000001 0.000000
    36 0.021414 -0.957780 0.020046 -0.331647 0.000000 0.000000
    37 -0.591283 -1.257737 0.232709 -1.295857 -0.658713 -2.647187
    38 1.522835 0.058679 0.016852 0.001411 -0.213593 -0.046880
    39 1.117948 0.048424 -0.005766 -0.000243 -0.491944 0.065422
    40 0.120152 -0.050266 -0.054488 0.366862 3.144320 1.551255
    41 -1.180679 -2.507216 -0.193860 0.174078 0.013294 -0.477916
    42 -0.024968 -1.123935 0.017595 -0.399958 0.000000 0.000000
    43 -0.020059 -0.890964 0.010094 -0.763707 -0.000000 -0.000000
    44 -0.488518 -2.755600 -0.228259 0.021291 -0.012955 -0.306739
    45 0.039887 -1.479790 0.029853 -0.312801 0.000000 0.000000
    46 0.028784 -1.075732 -0.023109 -0.857892 -0.000000 -0.000000
    47 0.250027 -2.820664 -0.238394 0.058002 -0.058472 -0.078775
    48 -0.049760 -1.680543 0.100480 -0.624477 0.000000 -0.000000
    49 -0.034142 -1.148310 0.084779 -1.037172 0.000000 0.000000
    50 0.957767 -2.746777 -0.090299 -0.132358 -0.139206 0.276765
    51 -0.033420 -1.397126 -0.011255 -0.476372 0.000000 0.000001
    52 -0.022361 -0.957433 0.018785 -0.858670 0.000000 0.000000
    53 0.583509 -1.197273 0.185380 0.498834 -0.339857 -0.429184
    54 1.535925 0.010248 0.005008 -0.002964 -0.491310 0.000890
    55 1.100770 0.004527 -0.010675 -0.002796 -0.975914 0.003459
  time 32
    0 9.606466 -2.268479 -6.005996 0.589617 -1.878764 -1.237308
    1 -0.071920 -8.498732 -0.104134 0.744192 0.069623 0.293279
    2 -0.480402 -2.843485 2.688040 0.673012 -2.243426 1.543597
    3 -0.088869 0.170559 2.606216 -0.393785 1.196515 1.798619
    4 -0.011142 0.781255 -0.800262 1.984850 -0.065828 -0.006226
    5 0.000000 0.718097 -0.000002 -0.191922 0.000000 0.000000
    6 -0.000001 0.897711 1.580295 -0.150667 -0.044153 -0.157780
    7 -0.000000 -0.000000 0.811541 0.569018 -0.134605 0.274998
    8 2.156043 -1.398221 2.021274 -0.482214 0.223274 0.729826
    9 -2.130264 -1.398221 2.021276 2.513451 -0.480505 -0.777436
    10 0.078373 -2.106275 0.868908 -0.176167 0.008544 0.018050
    11 0.072788 -0.729863 3.122958 -1.000949 0.008544 0.018050
    12 1.775118 -0.139594 1.671897 0.513126 0.811034 3.113585
    13 -1.241366 -1.806391 1.056407 1.256939 -0.061300 2.555561
    14 1.239846 -1.806390 1.056407 1.163316 3.080293 0.586032
    15 1.218724 -1.798575 1.272704 -1.340342 0.061300 -2.555561
    16 0.004859 -0.122106 -0.000735 0.073338 0.041702 0.036316
    17 -1.061022 -1.480885 1.175125 -0.003748 -0.047451 -0.422513
    18 1.061021 -1.480883 1.175125 0.002339 -0.052428 -0.912437
    19 -0.001760 -2.447698 1.417189 0.231764 -0.000000 3.141592
    20 -1.220244 -1.798577 1.272703 -1.391566 -3.080293 -0.586032
    21 -0.004860 0.122106 0.000735 0.010737 0.041702 0.036316
    22 -7.774949 -0.871068 -4.120281 0.169207 3.754421 0.617415
    23 0.096951 -8.450422 -0.009364 0.071968 0.035241 -0.097428
    24 -0.139400 -0.111699 0.014398 0.602950 -0.047021 1.569868
    25 1.164474 -2.543937 -0.170327 -0.685280 -0.208274 0.262133
    26 0.024034 -1.129039 0.017807 -0.966992 0.000000 -0.000001
    27 0.014896 -0.883992 -0.019847 -0.880350 0.000000 -0.000000
    28 0.447949 -2.798981 -0.200442 -0.654968 -0.069717 0.052752
    29 -0.032909 -1.480206 0.004935 -0.786131 0.000000 0.000000
    30 -0.027023 -1.076921 -0.020212 -0.861688 0.000000 -0.000000
    31 -0.249535 -2.846962 -0.174215 -0.513798 0.073408 0.096039
    32 0.043235 -1.683941 0.096015 -0.852430 0.000001 0.000000
    33 0.031729 -1.160831 0.058834 -0.615230 -0.000000 -0.000000
    34 -0.963867 -2.785142 -0.085346 -0.072201 0.135327 -0.091592
    35 0.028477 -1.403065 0.006271 -0.643921 0.000001 0.000000
    36 0.021414 -0.957780 0.020046 -0.331647 0.000000 0.000000
    37 -0.591283 -1.257737 0.232709 -1.309982 -0.667767 -2.654717
    38 1.522835 0.058679 0.016852 0.001411 -0.206872 -0.046880
    39 1.117948 0.048424 -0.005766 -0.000243 -0.459909 0.065422
    40 0.120152 -0.050266 -0.054488 0.366862 3.144320 1.551255
    41 -1.180679 -2.507216 -0.193860 0.174078 0.013294 -0.477916
    42 -0.024968 -1.123935 0.017595 -0.399958 0.000000 0.000000
    43 -0.020059 -0.890964 0.010094 -0.763707 -0.000000 -0.000000
    44 -0.488518 -2.755600 -0.228259 0.021291 -0.012955 -0.306739
    45 0.039887 -1.479790 0.029853 -0.312801 0.000000 0.000000
    46 0.028784 -1.075732 -0.023109 -0.857892 -0.000000 -0.000000
    47 0.250027 -2.820664 -0.238394 0.058002 -0.058472 -0.078775
    48 -0.049760 -1.680543 0.100480 -0.624477 0.000000 -0.000000
    49 -0.034142 -1.148310 0.084779 -1.037172 0.000000 0.000000
    50 0.957767 -2.746777 -0.090299 -0.132358 -0.139206 0.276765
    51 -0.033420 -1.397126 -0.011255 -0.476372 0.000000 0.000001
    52 -0.022361 -0.957433 0.018785 -0.858670 0.000000 0.000000
    53 0.583509 -1.197273 0.185380 0.498834 -0.339857 -0.429184
    54 1.535925 0.010248 0.005008 -0.002964 -0.491310 0.000890
    55 1.100770 0.004527 -0.010675 -0.002796 -0.975914 0.003459
  time 33
    0 9.856474 -2.307542 -5.810678 0.636803 -1.931233 -1.307936
    1 -0.071920 -8.498732 -0.104134 0.632016 -0.066413 0.278105
    2 -0.480402 -2.843485 2.688040 0.673012 -2.243426 1.543597
    3 -0.088869 0.170559 2.606216 -0.393785 1.196515 1.798619
    4 -0.011142 0.781255 -0.800262 2.723256 -0.084824 -0.012746
    5 0.000000 0.718097 -0.000002 -0.864994 0.000000 0.000000
    6 -0.000001 0.897711 1.580295 -0.150667 -0.044153 -0.157780
    7 -0.000000 -0.000000 0.811541 0.569018 -0.134605 0.274998
    8 2.156043 -1.398221 2.021274 -0.482214 0.223274 0.729826
    9 -2.130264 -1.398221 2.021276 2.513451 -0.480505 -0.777436
    10 0.078373 -2.106275 0.868908 -0.176167 0.008544 0.018050
    11 0.072788 -0.729863 3.122958 -1.000949 0.008544 0.018050
    12 1.775118 -0.139594 1.671897 0.513126 0.811034 3.113585
    13 -1.241366 -1.806391 1.056407 1.256939 -0.061300 2.555561
    14 1.239846 -1.806390 1.056407 1.163316 3.080293 0.586032
    15 1.218724 -1.798575 1.272704 -1.340342 0.061300 -2.555561
    16 0.004859 -0.122106 -0.000735 0.073338 0.041702 0.036316
    17 -1.061022 -1.480885 1.175125 -0.538595 -0.033765 -0.530312
    18 1.061021 -1.480883 1.175125 0.157221 -0.669964 -0.737070
    19 -0.001760 -2.447698 1.417189 0.231764 -0.000000 3.141592
    20 -1.220244 -1.798577 1.272703 -1.487043 -3.080293 -0.586032
    21 -0.004860 0.122106 0.000735 0.010737 0.041702 0.036316
    22 -7.251495 -7.047038 -14.589351 1.168748 3.601628 0.361160
    23 0.096951 -8.450422 -0.009364 0.071776 0.035241 -0.097428
    24 -0.139400 -0.111699 0.014398 0.602950 -0.047021 1.569868
    25 1.164474 -2.543937 -0.170327 -0.685280 -0.208274 0.262133
    26 0.024034 -1.129039 0.017807 -0.966992 0.000000 -0.000001
    27 0.014896 -0.883992 -0.019847 -0.880350 0.000000 -0.000000
    28 0.447949 -2.798981 -0.200442 -0.654968 -0.069717 0.052752
    29 -0.032909 -1.480206 0.004935 -0.786131 0.000000 0.000000
    30 -0.027023 -1.076921 -0.020212 -0.861688 0.000000 -0.000000
    31 -0.249535 -2.846962 -0.174215 -0.513798 0.073408 0.096039
    32 0.043235 -1.683941 0.096015 -0.852430 0.000001 0.000000
    33 0.031729 -1.160831 0.058834 -0.615230 -0.000000 -0.000000
    34 -0.963867 -2.785142 -0.085346 -0.072201 0.135327 -0.091592
    35 0.028477 -1.403065 0.006271 -0.643921 0.000001 0.000000
    36 0.021414 -0.957780 0.020046 -0.331647 0.000000 0.000000
    37 -0.591283 -1.257737 0.232709 -1.315076 -0.671015 -2.661252
    38 1.522835 0.058679 0.016852 0.001411 -0.204447 -0.046880
    39 1.117948 0.048424 -0.005766 -0.000243 -0.448307 0.065422
    40 0.120152 -0.050266 -0.054488 0.366862 3.144320 1.551255
    41 -1.180679 -2.507216 -0.193860 0.174078 0.013294 -0.477916
    42 -0.024968 -1.123935 0.017595 -0.399958 0.000000 0.000000
    43 -0.020059 -0.890964 0.010094 -0.763707 -0.000000 -0.000000
    44 -0.488518 -2.755600 -0.228259 0.021291 -0.012955 -0.306739
    45 0.039887 -1.479790 0.029853 -0.312801 0.000000 0.000000
    46 0.028784 -1.075732 -0.023109 -0.857892 -0.000000 -0.000000
    47 0.250027 -2.820664 -0.238394 0.058002 -0.058472 -0.078775
    48 -0.049760 -1.680543 0.100480 -0.624477 0.000000 -0.000000
    49 -0.034142 -1.148310 0.084779 -1.037172 0.000000 0.000000
    50 0.957767 -2.746777 -0.090299 -0.132358 -0.139206 0.276765
    51 -0.033420 -1.397126 -0.011255 -0.476372 0.000000 0.000001
    52 -0.022361 -0.957433 0.018785 -0.858670 0.000000 0.000000
    53 0.583509 -1.197273 0.185380 0.498834 -0.339857 -0.429184
    54 1.535925 0.010248 0.005008 -0.002964 -0.491310 0.000890
    55 1.100770 0.004527 -0.010675 -0.002796 -0.975914 0.003459
  time 34
    0 10.126014 -2.272385 -5.834116 0.572272 -1.900905 -1.241992
    1 -0.071920 -8.498732 -0.104134 0.466060 -0.213666 0.243538
    2 -0.480402 -2.843485 2.688040 0.673012 -2.243426 1.543597
    3 -0.088869 0.170559 2.606216 -0.393785 1.196515 1.798619
    4 -0.011142 0.781255 -0.800262 2.723256 -0.084824 -0.012746
    5 0.000000 0.718097 -0.000002 -0.864970 0.000000 0.000000
    6 -0.000001 0.897711 1.580295 -0.150667 -0.044153 -0.157780
    7 -0.000000 -0.000000 0.811541 0.569018 -0.134605 0.274998
    8 2.156043 -1.398221 2.021274 -0.482214 0.223274 0.729826
    9 -2.130264 -1.398221 2.021276 2.513451 -0.480505 -0.777436
    10 0.078373 -2.106275 0.868908 -0.176167 0.008544 0.018050
    11 0.072788 -0.729863 3.122958 -1.000949 0.008544 0.018050
    12 1.775118 -0.139594 1.671897 0.513126 0.811034 3.113585
    13 -1.241366 -1.806391 1.056407 1.256939 -0.061300 2.555561
    14 1.239846 -1.806390 1.056407 1.163316 3.080293 0.586032
    15 1.218724 -1.798575 1.272704 -1.340342 0.061300 -2.555561
    16 0.004859 -0.122106 -0.000735 0.073338 0.041702 0.036316
    17 -1.061022 -1.480885 1.175125 -0.538595 -0.033765 -0.530312
    18 1.061021 -1.480883 1.175125 0.157221 -0.669995 -0.737070
    19 -0.001760 -2.447698 1.417189 0.231764 -0.000000 3.141592
    20 -1.220244 -1.798577 1.272703 -1.487043 -3.080293 -0.586032
    21 -0.004860 0.122106 0.000735 0.010737 0.041702 0.036316
    22 -7.536660 -4.031321 -14.249496 0.631083 3.582987 0.419351
    23 0.096951 -8.450422 -0.009364 0.745125 0.035241 -0.097428
    24 -0.139400 -0.111699 0.014398 0.602950 -0.047021 1.569868
    25 1.164474 -2.543937 -0.170327 -0.685280 -0.208274 0.262133
    26 0.024034 -1.129039 0.017807 -0.966992 0.000000 -0.000001
    27 0.014896 -0.883992 -0.019847 -0.880350 0.000000 -0.000000
    28 0.447949 -2.798981 -0.200442 -0.654968 -0.069717 0.052752
    29 -0.032909 -1.480206 0.004935 -0.786131 0.000000 0.000000
    30 -0.027023 -1.076921 -0.020212 -0.861688 0.000000 -0.000000
    31 -0.249535 -2.846962 -0.174215 -0.513798 0.073408 0.096039
    32 0.043235 -1.683941 0.096015 -0.852430 0.000001 0.000000
    33 0.031729 -1.160831 0.058834 -0.615230 -0.000000 -0.000000
    34 -0.963867 -2.785142 -0.085346 -0.072201 0.135327 -0.091592
    35 0.028477 -1.403065 0.006271 -0.643921 0.000001 0.000000
    36 0.021414 -0.957780 0.020046 -0.331647 0.000000 0.000000
    37 -0.591283 -1.257737 0.232709 -1.313306 -0.658952 -2.667592
    38 1.522835 0.058679 0.016852 0.001411 -0.205480 -0.046880
    39 1.117948 0.048424 -0.005766 -0.000243 -0.449347 0.065422
    40 0.120152 -0.050266 -0.054488 0.366862 3.144320 1.551255
    41 -1.180679 -2.507216 -0.193860 0.174078 0.013294 -0.477916
    42 -0.024968 -1.123935 0.017595 -0.399958 0.000000 0.000000
    43 -0.020059 -0.890964 0.010094 -0.763707 -0.000000 -0.000000
    44 -0.488518 -2.755600 -0.228259 0.021291 -0.012955 -0.306739
    45 0.039887 -1.479790 0.029853 -0.312801 0.000000 0.000000
    46 0.028784 -1.075732 -0.023109 -0.857892 -0.000000 -0.000000
    47 0.250027 -2.820664 -0.238394 0.058002 -0.058472 -0.078775
    48 -0.049760 -1.680543 0.100480 -0.624477 0.000000 -0.000000
    49 -0.034142 -1.148310 0.084779 -1.037172 0.000000 0.000000
    50 0.957767 -2.746777 -0.090299 -0.132358 -0.139206 0.276765
    51 -0.033420 -1.397126 -0.011255 -0.476372 0.000000 0.000001
    52 -0.022361 -0.957433 0.018785 -0.858670 0.000000 0.000000
    53 0.583509 -1.197273 0.185380 0.498834 -0.339857 -0.429184
    54 1.535925 0.010248 0.005008 -0.002964 -0.491310 0.000890
    55 1.100770 0.004527 -0.010675 -0.002796 -0.975914 0.003459
  time 35
    0 10.430711 -2.186445 -5.888805 0.405872 -1.822619 -1.071988
    1 -0.071920 -8.498732 -0.104134 0.295785 -0.361862 0.205589
    2 -0.480402 -2.843485 2.688040 0.673012 -2.243426 1.543597
    3 -0.088869 0.170559 2.606216 -0.393785 1.196515 1.798619
    4 -0.011142 0.781255 -0.800262 2.723256 -0.084824 -0.012746
    5 0.000000 0.718097 -0.000002 -0.864970 0.000000 0.000000
    6 -0.000001 0.897711 1.580295 -0.150667 -0.044153 -0.157780
    7 -0.000000 -0.000000 0.811541 0.569018 -0.134605 0.274998
    8 2.156043 -1.398221 2.021274 -0.482214 0.223274 0.729826
    9 -2.130264 -1.398221 2.021276 2.513451 -0.480505 -0.777436
    10 0.078373 -2.106275 0.868908 -0.176167 0.008544 0.018050
    11 0.072788 -0.729863 3.122958 -1.000949 0.008544 0.018050
    12 1.775118 -0.139594 1.671897 0.513126 0.811034 3.113585
    13 -1.241366 -1.806391 1.056407 1.256939 -0.061300 2.555561
    14 1.239846 -1.806390 1.056407 1.163316 3.080293 0.586032
    15 1.218724 -1.798575 1.272704 -1.340342 0.061300 -2.555561
    16 0.004859 -0.122106 -0.000735 0.073338 0.041702 0.036316
    17 -1.061022 -1.480885 1.175125 -0.538595 -0.033765 -0.530312
    18 1.061021 -1.480883 1.175125 0.157221 -0.669995 -0.737070
    19 -0.001760 -2.447698 1.417189 0.231764 -0.000000 3.141592
    20 -1.220244 -1.798577 1.272703 -1.487043 -3.080293 -0.586032
    21 -0.004860 0.122106 0.000735 0.010737 0.041702 0.036316
    22 -10.775040 -0.984353 -25.824068 -0.033343 3.155919 0.204295
    23 0.096951 -8.450422 -0.009364 0.071776 0.035241 -0.097428
    24 -0.139400 -0.111699 0.014398 0.602950 -0.047021 1.569868
    25 1.164474 -2.543937 -0.170327 -0.685280 -0.208274 0.262133
    26 0.024034 -1.129039 0.017807 -0.966992 0.000000 -0.000001
    27 0.014896 -0.883992 -0.019847 -0.880350 0.000000 -0.000000
    28 0.447949 -2.798981 -0.200442 -0.654968 -0.069717 0.052752
    29 -0.032909 -1.480206 0.004935 -0.786131 0.000000 0.000000
    30 -0.027023 -1.076921 -0.020212 -0.861688 0.000000 -0.000000
    31 -0.249535 -2.846962 -0.174215 -0.513798 0.073408 0.096039
    32 0.043235 -1.683941 0.096015 -0.852430 0.000001 0.000000
    33 0.031729 -1.160831 0.058834 -0.615230 -0.000000 -0.000000
    34 -0.963867 -2.785142 -0.085346 -0.072201 0.135327 -0.091592
    35 0.028477 -1.403065 0.006271 -0.643921 0.000001 0.000000
    36 0.021414 -0.957780 0.020046 -0.331647 0.000000 0.000000
    37 -0.591283 -1.257737 0.232709 -1.308754 -0.627824 -2.674344
    38 1.522835 0.058679 0.016852 0.001411 -0.208159 -0.046880
    39 1.117948 0.048424 -0.005766 -0.000243 -0.452028 0.065422
    40 0.120152 -0.050266 -0.054488 0.366862 3.144320 1.551255
    41 -1.180679 -2.507216 -0.193860 0.174078 0.013294 -0.477916
    42 -0.024968 -1.123935 0.017595 -0.399958 0.000000 0.000000
    43 -0.020059 -0.890964 0.010094 -0.763707 -0.000000 -0.000000
    44 -0.488518 -2.755600 -0.228259 0.021291 -0.012955 -0.306739
    45 0.039887 -1.479790 0.029853 -0.312801 0.000000 0.000000
    46 0.028784 -1.075732 -0.023109 -0.857892 -0.000000 -0.000000
    47 0.250027 -2.820664 -0.238394 0.058002 -0.058472 -0.078775
    48 -0.049760 -1.680543 0.100480 -0.624477 0.000000 -0.000000
    49 -0.034142 -1.148310 0.084779 -1.037172 0.000000 0.000000
    50 0.957767 -2.746777 -0.090299 -0.132358 -0.139206 0.276765
    51 -0.033420 -1.397126 -0.011255 -0.476372 0.000000 0.000001
    52 -0.022361 -0.957433 0.018785 -0.858670 0.000000 0.000000
    53 0.583509 -1.197273 0.185380 0.498834 -0.339857 -0.429184
    54 1.535925 0.010248 0.005008 -0.002964 -0.491310 0.000890
    55 1.100770 0.004527 -0.010675 -0.002796 -0.975914 0.003459
  time 36
    0 10.743220 -2.065347 -5.963026 0.178349 -1.715634 -0.839622
    1 -0.071920 -8.498732 -0.104134 0.217605 -0.490979 0.171494
    2 -0.480402 -2.843485 2.688040 0.673012 -2.243426 1.543597
    3 -0.088869 0.170559 2.606216 -0.393785 1.196515 1.798619
    4 -0.011142 0.781255 -0.800262 2.723256 -0.084824 -0.012746
    5 0.000000 0.718097 -0.000002 -0.864994 0.000000 0.000000
    6 -0.000001 0.897711 1.580295 -0.150667 -0.044153 -0.157780
    7 -0.000000 -0.000000 0.811541 0.569018 -0.134605 0.274998
    8 2.156043 -1.398221 2.021274 -0.482214 0.223274 0.729826
    9 -2.130264 -1.398221 2.021276 2.513451 -0.480505 -0.777436
    10 0.078373 -2.106275 0.868908 -0.176167 0.008544 0.018050
    11 0.072788 -0.729863 3.122958 -1.000949 0.008544 0.018050
    12 1.775118 -0.139594 1.671897 0.513126 0.811034 3.113585
    13 -1.241366 -1.806391 1.056407 1.256939 -0.061300 2.555561
    14 1.239846 -1.806390 1.056407 1.163316 3.080293 0.586032
    15 1.218724 -1.798575 1.272704 -1.340342 0.061300 -2.555561
    16 0.004859 -0.122106 -0.000735 0.073338 0.041702 0.036316
    17 -1.061022 -1.480885 1.175125 -0.538595 -0.033765 -0.530312
    18 1.061021 -1.480883 1.175125 0.157221 -0.669995 -0.737070
    19 -0.001760 -2.447698 1.417189 0.231764 -0.000000 3.141592
    20 -1.220244 -1.798577 1.272703 -1.487043 -3.080293 -0.586032
    21 -0.004860 0.122106 0.000735 0.010737 0.041702 0.036316
    22 -7.431188 1.007895 -27.722563 -0.088386 3.010141 0.186110
    23 0.096951 -8.450422 -0.009364 0.071776 0.035241 -0.097428
    24 -0.139400 -0.111699 0.014398 0.602950 -0.047021 1.569868
    25 1.164474 -2.543937 -0.170327 -0.685280 -0.208274 0.262133
    26 0.024034 -1.129039 0.017807 -0.966992 0.000000 -0.000001
    27 0.014896 -0.883992 -0.019847 -0.880350 0.000000 -0.000000
    28 0.447949 -2.798981 -0.200442 -0.654968 -0.069717 0.052752
    29 -0.032909 -1.480206 0.004935 -0.786131 0.000000 0.000000
    30 -0.027023 -1.076921 -0.020212 -0.861688 0.000000 -0.000000
    31 -0.249535 -2.846962 -0.174215 -0.513798 0.073408 0.096039
    32 0.043235 -1.683941 0.096015 -0.852430 0.000001 0.000000
    33 0.031729 -1.160831 0.058834 -0.615230 -0.000000 -0.000000
    34 -0.963867 -2.785142 -0.085346 -0.072201 0.135327 -0.091592
    35 0.028477 -1.403065 0.006271 -0.643921 0.000001 0.000000
    36 0.021414 -0.957780 0.020046 -0.331647 0.000000 0.000000
    37 -0.591283 -1.257737 0.232709 -1.302504 -0.585262 -2.681008
    38 1.522835 0.058679 0.016852 0.001411 -0.211812 -0.046880
    39 1.117948 0.048424 -0.005766 -0.000243 -0.455680 0.065422
    40 0.120152 -0.050266 -0.054488 0.366862 3.144320 1.551255
    41 -1.180679 -2.507216 -0.193860 0.174078 0.013294 -0.477916
    42 -0.024968 -1.123935 0.017595 -0.399958 0.000000 0.000000
    43 -0.020059 -0.890964 0.010094 -0.763707 -0.000000 -0.000000
    44 -0.488518 -2.755600 -0.228259 0.021291 -0.012955 -0.306739
    45 0.039887 -1.479790 0.029853 -0.312801 0.000000 0.000000
    46 0.028784 -1.075732 -0.023109 -0.857892 -0.000000 -0.000000
    47 0.250027 -2.820664 -0.238394 0.058002 -0.058472 -0.078775
    48 -0.049760 -1.680543 0.100480 -0.624477 0.000000 -0.000000
    49 -0.034142 -1.148310 0.084779 -1.037172 0.000000 0.000000
    50 0.957767 -2.746777 -0.090299 -0.132358 -0.139206 0.276765
    51 -0.033420 -1.397126 -0.011255 -0.476372 0.000000 0.000001
    52 -0.022361 -0.957433 0.018785 -0.858670 0.000000 0.000000
    53 0.583509 -1.197273 0.185380 0.498834 -0.339857 -0.429184
    54 1.535925 0.010248 0.005008 -0.002964 -0.491310 0.000890
    55 1.100770 0.004527 -0.010675 -0.002796 -0.975914 0.003459
  time 37
    0 11.032291 -1.936437 -6.045060 -0.069548 -1.599083 -0.586407
    1 -0.071920 -8.498732 -0.104134 0.260423 -0.611710 0.138877
    2 -0.480402 -2.843485 2.688040 0.673012 -2.243426 1.543597
    3 -0.088869 0.170559 2.606216 -0.393785 1.196515 1.798619
    4 -0.011142 0.781255 -0.800262 2.723256 -0.084824 -0.012746
    5 0.000000 0.718097 -0.000002 -0.864994 0.000000 0.000000
    6 -0.000001 0.897711 1.580295 -0.150667 -0.044153 -0.157780
    7 -0.000000 -0.000000 0.811541 0.569018 -0.134605 0.274998
    8 2.156043 -1.398221 2.021274 -0.482214 0.223274 0.729826
    9 -2.130264 -1.398221 2.021276 2.513451 -0.480505 -0.777436
    10 0.078373 -2.106275 0.868908 -0.176167 0.008544 0.018050
    11 0.072788 -0.729863 3.122958 -1.000949 0.008544 0.018050
    12 1.775118 -0.139594 1.671897 0.513126 0.811034 3.113585
    13 -1.241366 -1.806391 1.056407 1.256939 -0.061300 2.555561
    14 1.239846 -1.806390 1.056407 1.163316 3.080293 0.586032
    15 1.218724 -1.798575 1.272704 -1.340342 0.061300 -2.555561
    16 0.004859 -0.122106 -0.000735 0.073338 0.041702 0.036316
    17 -1.061022 -1.480885 1.175125 -0.538595 -0.033765 -0.530312
    18 1.061021 -1.480883 1.175125 0.157221 -0.669964 -0.737070
    19 -0.001760 -2.447698 1.417189 0.231764 -0.000000 3.141592
    20 -1.220244 -1.798577 1.272703 -1.487043 -3.080293 -0.586032
    21 -0.004860 0.122106 0.000735 0.010737 0.041702 0.036316
    22 -7.286653 0.875079 -28.038979 -0.110839 2.985741 0.245434
    23 0.096951 -8.450422 -0.009364 0.071776 0.035241 -0.097428
    24 -0.139400 -0.111699 0.014398 0.602950 -0.047021 1.569868
    25 1.164474 -2.543937 -0.170327 -0.685280 -0.208274 0.262133
    26 0.024034 -1.129039 0.017807 -0.966992 0.000000 -0.000001
    27 0.014896 -0.883992 -0.019847 -0.880350 0.000000 -0.000000
    28 0.447949 -2.798981 -0.200442 -0.654968 -0.069717 0.052752
    29 -0.032909 -1.480206 0.004935 -0.786131 0.000000 0.000000
    30 -0.027023 -1.076921 -0.020212 -0.861688 0.000000 -0.000000
    31 -0.249535 -2.846962 -0.174215 -0.513798 0.073408 0.096039
    32 0.043235 -1.683941 0.096015 -0.852430 0.000001 0.000000
    33 0.031729 -1.160831 0.058834 -0.615230 -0.000000 -0.000000
    34 -0.963867 -2.785142 -0.085346 -0.072201 0.135327 -0.091592
    35 0.028477 -1.403065 0.006271 -0.643921 0.000001 0.000000
    36 0.021414 -0.957780 0.020046 -0.331647 0.000000 0.000000
    37 -0.591283 -1.257737 0.232709 -1.295712 -0.538899 -2.687089
    38 1.522835 0.058679 0.016852 0.001411 -0.215794 -0.046880
    39 1.117948 0.048424 -0.005766 -0.000243 -0.459678 0.065422
    40 0.120152 -0.050266 -0.054488 0.366862 3.144320 1.551255
    41 -1.180679 -2.507216 -0.193860 0.174078 0.013294 -0.477916
    42 -0.024968 -1.123935 0.017595 -0.399958 0.000000 0.000000
    43 -0.020059 -0.890964 0.010094 -0.763707 -0.000000 -0.000000
    44 -0.488518 -2.755600 -0.228259 0.021291 -0.012955 -0.306739
    45 0.039887 -1.479790 0.029853 -0.312801 0.000000 0.000000
    46 0.028784 -1.075732 -0.023109 -0.857892 -0.000000 -0.000000
    47 0.250027 -2.820664 -0.238394 0.058002 -0.058472 -0.078775
    48 -0.049760 -1.680543 0.100480 -0.624477 0.000000 -0.000000
    49 -0.034142 -1.148310 0.084779 -1.037172 0.000000 0.000000
    50 0.957767 -2.746777 -0.090299 -0.132358 -0.139206 0.276765
    51 -0.033420 -1.397126 -0.011255 -0.476372 0.000000 0.000001
    52 -0.022361 -0.957433 0.018785 -0.858670 0.000000 0.000000
    53 0.583509 -1.197273 0.185380 0.498834 -0.339857 -0.429184
    54 1.535925 0.010248 0.005008 -0.002964 -0.491310 0.000890
    55 1.100770 0.004527 -0.010675 -0.002796 -0.975914 0.003459
  time 38
    0 11.278393 -1.819246 -6.123187 -0.297071 -1.492056 -0.353949
    1 -0.071920 -8.498732 -0.104134 0.354696 -0.730414 0.105803
    2 -0.480402 -2.843485 2.688040 0.673012 -2.243426 1.543597
    3 -0.088869 0.170559 2.606216 -0.393785 1.196515 1.798619
    4 -0.011142 0.781255 -0.800262 2.723256 -0.084824 -0.012746
    5 0.000000 0.718097 -0.000002 -0.864970 0.000000 0.000000
    6 -0.000001 0.897711 1.580295 -0.150667 -0.044153 -0.157780
    7 -0.000000 -0.000000 0.811541 0.569018 -0.134605 0.274998
    8 2.156043 -1.398221 2.021274 -0.482214 0.223274 0.729826
    9 -2.130264 -1.398221 2.021276 2.513451 -0.480505 -0.777436
    10 0.078373 -2.106275 0.868908 -0.176167 0.008544 0.018050
    11 0.072788 -0.729863 3.122958 -1.000949 0.008544 0.018050
    12 1.775118 -0.139594 1.671897 0.513126 0.811034 3.113585
    13 -1.241366 -1.806391 1.056407 1.256939 -0.061300 2.555561
    14 1.239846 -1.806390 1.056407 1.163316 3.080293 0.586032
    15 1.218724 -1.798575 1.272704 -1.340342 0.061300 -2.555561
    16 0.004859 -0.122106 -0.000735 0.073338 0.041702 0.036316
    17 -1.061022 -1.480885 1.175125 -0.538595 -0.033765 -0.530312
    18 1.061021 -1.480883 1.175125 0.157221 -0.669995 -0.737070
    19 -0.001760 -2.447698 1.417189 0.231764 -0.000000 3.141592
    20 -1.220244 -1.798577 1.272703 -1.487043 -3.080293 -0.586032
    21 -0.004860 0.122106 0.000735 0.010737 0.041702 0.036316
    22 -8.380436 -1.246080 -27.902256 -0.078669 3.022578 0.343929
    23 0.096951 -8.450422 -0.009364 0.071776 0.035241 -0.097428
    24 -0.139400 -0.111699 0.014398 0.602950 -0.047021 1.569868
    25 1.164474 -2.543937 -0.170327 -0.685280 -0.208274 0.262133
    26 0.024034 -1.129039 0.017807 -0.966992 0.000000 -0.000001
    27 0.014896 -0.883992 -0.019847 -0.880350 0.000000 -0.000000
    28 0.447949 -2.798981 -0.200442 -0.654968 -0.069717 0.052752
    29 -0.032909 -1.480206 0.004935 -0.786131 0.000000 0.000000
    30 -0.027023 -1.076921 -0.020212 -0.861688 0.000000 -0.000000
    31 -0.249535 -2.846962 -0.174215 -0.513798 0.073408 0.096039
    32 0.043235 -1.683941 0.096015 -0.852430 0.000001 0.000000
    33 0.031729 -1.160831 0.058834 -0.615230 -0.000000 -0.000000
    34 -0.963867 -2.785142 -0.085346 -0.072201 0.135327 -0.091592
    35 0.028477 -1.403065 0.006271 -0.643921 0.000001 0.000000
    36 0.021414 -0.957780 0.020046 -0.331647 0.000000 0.000000
    37 -0.591283 -1.257737 0.232709 -1.289462 -0.496336 -2.692044
    38 1.522835 0.058679 0.016852 0.001411 -0.219461 -0.046880
    39 1.117948 0.048424 -0.005766 -0.000243 -0.463330 0.065422
    40 0.120152 -0.050266 -0.054488 0.366862 3.144320 1.551255
    41 -1.180679 -2.507216 -0.193860 0.174078 0.013294 -0.477916
    42 -0.024968 -1.123935 0.017595 -0.399958 0.000000 0.000000
    43 -0.020059 -0.890964 0.010094 -0.763707 -0.000000 -0.000000
    44 -0.488518 -2.755600 -0.228259 0.021291 -0.012955 -0.306739
    45 0.039887 -1.479790 0.029853 -0.312801 0.000000 0.000000
    46 0.028784 -1.075732 -0.023109 -0.857892 -0.000000 -0.000000
    47 0.250027 -2.820664 -0.238394 0.058002 -0.058472 -0.078775
    48 -0.049760 -1.680543 0.100480 -0.624477 0.000000 -0.000000
    49 -0.034142 -1.148310 0.084779 -1.037172 0.000000 0.000000
    50 0.957767 -2.746777 -0.090299 -0.132358 -0.139206 0.276765
    51 -0.033420 -1.397126 -0.011255 -0.476372 0.000000 0.000001
    52 -0.022361 -0.957433 0.018785 -0.858670 0.000000 0.000000
    53 0.583509 -1.197273 0.185380 0.498834 -0.339857 -0.429184
    54 1.535925 0.010248 0.005008 -0.002964 -0.491310 0.000890
    55 1.100770 0.004527 -0.010675 -0.002796 -0.975914 0.003459
  time 39
    0 11.442460 -1.729400 -6.177876 -0.463472 -1.413813 -0.184037
    1 -0.071920 -8.498732 -0.104134 0.448933 -0.820918 0.080163
    2 -0.480402 -2.843485 2.688040 0.673012 -2.243426 1.543597
    3 -0.088869 0.170559 2.606216 -0.393785 1.196515 1.798619
    4 -0.011142 0.781255 -0.800262 2.723256 -0.084824 -0.012746
    5 0.000000 0.718097 -0.000002 -0.864970 0.000000 0.000000
    6 -0.000001 0.897711 1.580295 -0.150667 -0.044153 -0.157780
    7 -0.000000 -0.000000 0.811541 0.569018 -0.134605 0.274998
    8 2.156043 -1.398221 2.021274 -0.482214 0.223274 0.729826
    9 -2.130264 -1.398221 2.021276 2.513451 -0.480505 -0.777436
    10 0.078373 -2.106275 0.868908 -0.176167 0.008544 0.018050
    11 0.072788 -0.729863 3.122958 -1.000949 0.008544 0.018050
    12 1.775118 -0.139594 1.671897 0.513126 0.811034 3.113585
    13 -1.241366 -1.806391 1.056407 1.256939 -0.061300 2.555561
    14 1.239846 -1.806390 1.056407 1.163316 3.080293 0.586032
    15 1.218724 -1.798575 1.272704 -1.340342 0.061300 -2.555561
    16 0.004859 -0.122106 -0.000735 0.073338 0.041702 0.036316
    17 -1.061022 -1.480885 1.175125 -0.538595 -0.033765 -0.530312
    18 1.061021 -1.480883 1.175125 0.157221 -0.669964 -0.737070
    19 -0.001760 -2.447698 1.417189 0.231764 -0.000000 3.141592
    20 -1.220244 -1.798577 1.272703 -1.487043 -3.080293 -0.586032
    21 -0.004860 0.122106 0.000735 0.010737 0.041702 0.036316
    22 -9.462500 -4.093823 -27.445211 -0.025596 3.082978 0.436403
    23 0.096951 -8.450422 -0.009364 0.071776 0.035241 -0.097428
    24 -0.139400 -0.111699 0.014398 0.602950 -0.047021 1.569868
    25 1.164474 -2.543937 -0.170327 -0.685280 -0.208274 0.262133
    26 0.024034 -1.129039 0.017807 -0.966992 0.000000 -0.000001
    27 0.014896 -0.883992 -0.019847 -0.880350 0.000000 -0.000000
    28 0.447949 -2.798981 -0.200442 -0.654968 -0.069717 0.052752
    29 -0.032909 -1.480206 0.004935 -0.786131 0.000000 0.000000
    30 -0.027023 -1.076921 -0.020212 -0.861688 0.000000 -0.000000
    31 -0.249535 -2.846962 -0.174215 -0.513798 0.073408 0.096039
    32 0.043235 -1.683941 0.096015 -0.852430 0.000001 0.000000
    33 0.031729 -1.160831 0.058834 -0.615230 -0.000000 -0.000000
    34 -0.963867 -2.785142 -0.085346 -0.072201 0.135327 -0.091592
    35 0.028477 -1.403065 0.006271 -0.643921 0.000001 0.000000
    36 0.021414 -0.957780 0.020046 -0.331647 0.000000 0.000000
    37 -0.591283 -1.257737 0.232709 -1.284910 -0.465208 -2.695398
    38 1.522835 0.058679 0.016852 0.001411 -0.222141 -0.046880
    39 1.117948 0.048424 -0.005766 -0.000243 -0.466011 0.065422
    40 0.120152 -0.050266 -0.054488 0.366862 3.144320 1.551255
    41 -1.180679 -2.507216 -0.193860 0.174078 0.013294 -0.477916
    42 -0.024968 -1.123935 0.017595 -0.399958 0.000000 0.000000
    43 -0.020059 -0.890964 0.010094 -0.763707 -0.000000 -0.000000
    44 -0.488518 -2.755600 -0.228259 0.021291 -0.012955 -0.306739
    45 0.039887 -1.479790 0.029853 -0.312801 0.000000 0.000000
    46 0.028784 -1.075732 -0.023109 -0.857892 -0.000000 -0.000000
    47 0.250027 -2.820664 -0.238394 0.058002 -0.058472 -0.078775
    48 -0.049760 -1.680543 0.100480 -0.624477 0.000000 -0.000000
    49 -0.034142 -1.148310 0.084779 -1.037172 0.000000 0.000000
    50 0.957767 -2.746777 -0.090299 -0.132358 -0.139206 0.276765
    51 -0.033420 -1.397126 -0.011255 -0.476372 0.000000 0.000001
    52 -0.022361 -0.957433 0.018785 -0.858670 0.000000 0.000000
    53 0.583509 -1.197273 0.185380 0.498834 -0.339857 -0.429184
    54 1.535925 0.010248 0.005008 -0.002964 -0.491310 0.000890
    55 1.100770 0.004527 -0.010675 -0.002796 -0.975914 0.003459
  time 40
    0 11.504962 -1.698149 -6.197408 -0.528003 -1.383484 -0.118093
    1 -0.071920 -8.498732 -0.104134 0.491788 -0.856945 0.069865
    2 -0.480402 -2.843485 2.688040 0.673012 -2.243426 1.543597
    3 -0.088869 0.170559 2.606216 -0.393785 1.196515 1.798619
    4 -0.011142 0.781255 -0.800262 2.723256 -0.084824 -0.012746
    5 0.000000 0.718097 -0.000002 -0.864970 0.000000 0.000000
    6 -0.000001 0.897711 1.580295 -0.150667 -0.044153 -0.157780
    7 -0.000000 -0.000000 0.811541 0.569018 -0.134605 0.274998
    8 2.156043 -1.398221 2.021274 -0.482214 0.223274 0.729826
    9 -2.130264 -1.398221 2.021276 2.513451 -0.480505 -0.777436
    10 0.078373 -2.106275 0.868908 -0.176167 0.008544 0.018050
    11 0.072788 -0.729863 3.122958 -1.000949 0.008544 0.018050
    12 1.775118 -0.139594 1.671897 0.513126 0.811034 3.113585
    13 -1.241366 -1.806391 1.056407 1.256939 -0.061300 2.555561
    14 1.239846 -1.806390 1.056407 1.163316 3.080293 0.586032
    15 1.218724 -1.798575 1.272704 -1.340342 0.061300 -2.555561
    16 0.004859 -0.122106 -0.000735 0.073338 0.041702 0.036316
    17 -1.061022 -1.480885 1.175125 -0.538595 -0.033765 -0.530312
    18 1.061021 -1.480883 1.175125 0.157221 -0.669995 -0.737070
    19 -0.001760 -2.447698 1.417189 0.231764 -0.000000 3.141592
    20 -1.220244 -1.798577 1.272703 -1.487043 -3.080293 -0.586032
    21 -0.004860 0.122106 0.000735 0.010737 0.041702 0.036316
    22 -9.876575 -5.527461 -27.136608 0.001216 3.114892 0.476707
    23 0.096951 -8.450422 -0.009364 0.071776 0.035241 -0.097428
    24 -0.139400 -0.111699 0.014398 0.602950 -0.047021 1.569868
    25 1.164474 -2.543937 -0.170327 -0.685280 -0.208274 0.262133
    26 0.024034 -1.129039 0.017807 -0.966992 0.000000 -0.000001
    27 0.014896 -0.883992 -0.019847 -0.880350 0.000000 -0.000000
    28 0.447949 -2.798981 -0.200442 -0.654968 -0.069717 0.052752
    29 -0.032909 -1.480206 0.004935 -0.786131 0.000000 0.000000
    30 -0.027023 -1.076921 -0.020212 -0.861688 0.000000 -0.000000
    31 -0.249535 -2.846962 -0.174215 -0.513798 0.073408 0.096039
    32 0.043235 -1.683941 0.096015 -0.852430 0.000001 0.000000
    33 0.031729 -1.160831 0.058834 -0.615230 -0.000000 -0.000000
    34 -0.963867 -2.785142 -0.085346 -0.072201 0.135327 -0.091592
    35 0.028477 -1.403065 0.006271 -0.643921 0.000001 0.000000
    36 0.021414 -0.957780 0.020046 -0.331647 0.000000 0.000000
    37 -0.591283 -1.257737 0.232709 -1.283140 -0.453131 -2.696610
    38 1.522835 0.058679 0.016852 0.001411 -0.223174 -0.046880
    39 1.117948 0.048424 -0.005766 -0.000243 -0.467051 0.065422
    40 0.120152 -0.050266 -0.054488 0.366862 3.144320 1.551255
    41 -1.180679 -2.507216 -0.193860 0.174078 0.013294 -0.477916
    42 -0.024968 -1.123935 0.017595 -0.399958 0.000000 0.000000
    43 -0.020059 -0.890964 0.010094 -0.763707 -0.000000 -0.000000
    44 -0.488518 -2.755600 -0.228259 0.021291 -0.012955 -0.306739
    45 0.039887 -1.479790 0.029853 -0.312801 0.000000 0.000000
    46 0.028784 -1.075732 -0.023109 -0.857892 -0.000000 -0.000000
    47 0.250027 -2.820664 -0.238394 0.058002 -0.058472 -0.078775
    48 -0.049760 -1.680543 0.100480 -0.624477 0.000000 -0.000000
    49 -0.034142 -1.148310 0.084779 -1.037172 0.000000 0.000000
    50 0.957767 -2.746777 -0.090299 -0.132358 -0.139206 0.276765
    51 -0.033420 -1.397126 -0.011255 -0.476372 0.000000 0.000001
    52 -0.022361 -0.957433 0.018785 -0.858670 0.000000 0.000000
    53 0.583509 -1.197273 0.185380 0.498834 -0.339857 -0.429184
    54 1.535925 0.010248 0.005008 -0.002964 -0.491310 0.000890
    55 1.100770 0.004527 -0.010675 -0.002796 -0.975914 0.003459
end
