version 1
nodes
  0 "Bip01" -1
  1 "Bip01 L Forearm" 0
  2 "Bip01 L Hand" 1
  3 "Bip01 L Finger3" 2
  4 "Bip01 L Finger31" 3
  5 "Bip01 L Finger32" 4
  6 "Bip01 L Finger2" 2
  7 "Bip01 L Finger21" 6
  8 "Bip01 L Finger22" 7
  9 "Bip01 L Finger1" 2
  10 "Bip01 L Finger11" 9
  11 "Bip01 L Finger12" 10
  12 "Bip01 L Finger4" 2
  13 "Bip01 L Finger41" 12
  14 "Bip01 L Finger42" 13
  15 "Bip01 L Finger0" 2
  16 "Bip01 L Finger01" 15
  17 "Bip01 L Finger02" 16
  18 "Bip01 R Forearm" 0
  19 "Bip01 R Hand" 18
  20 "Bip01 R Finger3" 19
  21 "Bip01 R Finger31" 20
  22 "Bip01 R Finger32" 21
  23 "Bip01 R Finger2" 19
  24 "Bip01 R Finger21" 23
  25 "Bip01 R Finger22" 24
  26 "Bip01 R Finger1" 19
  27 "Bip01 R Finger11" 26
  28 "Bip01 R Finger12" 27
  29 "Bip01 R Finger4" 19
  30 "Bip01 R Finger41" 29
  31 "Bip01 R Finger42" 30
  32 "Bip01 R Finger0" 19
  33 "Bip01 R Finger01" 32
  34 "Bip01 R Finger02" 33
  35 "Bip01 L Finger3Nub" 5
  36 "Bip01 L Finger2Nub" 8
  37 "Bip01 L Finger1Nub" 11
  38 "Bip01 L Finger4Nub" 14
  39 "Bip01 L Finger0Nub" 17
  40 "Bip01 R Finger3Nub" 22
  41 "Bip01 R Finger2Nub" 25
  42 "Bip01 R Finger1Nub" 28
  43 "Bip01 R Finger4Nub" 31
  44 "Bip01 R Finger0Nub" 34
end
skeleton
  time 0
    0 0.000000 0.000000 0.000000 0.000000 -0.000000 0.000219
    1 9.609007 0.117237 0.000000 0.000000 -0.000000 -0.000219
    2 8.499675 0.000000 0.000000 0.000000 -0.000000 -0.081624
    3 2.718800 0.701578 0.000000 0.000000 -0.000000 0.321251
    4 1.480628 -0.000000 0.000000 0.000000 -0.000000 -0.007798
    5 1.076366 -0.000000 0.000000 0.000000 -0.000000 0.000000
    6 2.841740 0.000000 0.000000 0.000000 -0.000000 0.077356
    7 1.684282 0.000000 0.000000 0.000000 -0.000000 0.005336
    8 1.151941 0.000000 0.000000 0.000000 -0.000000 -0.000000
    9 2.818906 -0.723885 0.000000 0.000000 -0.000000 -0.100049
    10 1.397574 -0.000000 0.000000 0.000000 -0.000000 -0.000282
    11 0.957881 0.000000 0.000000 0.000000 -0.000000 0.000000
    12 2.427188 1.351469 0.000000 0.000000 -0.000000 0.564650
    13 1.124349 0.000000 0.000000 0.000000 -0.000000 -0.001199
    14 0.891249 0.000000 0.000000 0.000000 -0.000000 -0.000000
    15 1.230969 -0.541324 0.000000 0.000000 -0.000000 -1.175202
    16 1.535969 -0.000000 0.000000 0.000000 -0.000000 -0.020854
    17 1.100831 0.000000 0.000000 0.000000 -0.000000 -0.000000
    18 -9.608955 0.121446 0.000000 0.000000 -0.000000 3.141374
    19 8.450979 -0.000000 0.000000 0.000000 -0.000000 0.081624
    20 2.760989 -0.672379 0.000000 0.000000 -0.000000 -0.321251
    21 1.480578 0.000000 0.000000 0.000000 -0.000000 0.007798
    22 1.077447 0.000000 0.000000 0.000000 -0.000000 -0.000000
    23 2.863182 0.000000 0.000000 0.000000 -0.000000 -0.077356
    24 1.687230 0.000000 0.000000 0.000000 -0.000000 -0.005336
    25 1.162753 0.000000 0.000000 0.000000 -0.000000 0.000000
    26 2.860921 0.713075 0.000000 0.000000 -0.000000 0.100049
    27 1.403372 0.000000 0.000000 0.000000 -0.000000 0.000282
    28 0.958228 0.000000 0.000000 0.000000 -0.000000 -0.000000
    29 2.460362 -1.342852 0.000000 0.000000 -0.000000 -0.564650
    30 1.129438 0.000000 0.000000 0.000000 -0.000000 0.001199
    31 0.884337 0.000000 0.000000 0.000000 -0.000000 0.000000
    32 1.302049 0.536595 0.000000 0.000000 -0.000000 1.175202
    33 1.524058 -0.000000 0.000000 0.000000 -0.000000 0.020854
    34 1.119011 0.000000 0.000000 0.000000 -0.000000 0.000000
    35 0.753456 0.000000 0.000000 0.000000 -0.000000 0.000000
    36 0.806359 0.000000 0.000000 0.000000 -0.000000 -0.000000
    37 0.670517 0.000000 0.000000 0.000000 -0.000000 0.000000
    38 0.623874 0.000000 0.000000 0.000000 -0.000000 0.000000
    39 0.770582 0.000000 0.000000 0.000000 -0.000000 -0.000000
    40 0.754213 -0.000000 0.000000 0.000000 -0.000000 -0.000000
    41 0.813927 0.000000 0.000000 0.000000 -0.000000 0.000000
    42 0.670760 0.000000 0.000000 0.000000 -0.000000 0.000000
    43 0.619036 -0.000000 0.000000 0.000000 -0.000000 -0.000000
    44 0.783308 0.000000 0.000000 0.000000 -0.000000 -0.000000
end
triangles
female.bmp
  2 17.760716 -0.617448 -0.453791 -0.018835 -0.455180 -0.890200 0.121331 0.019569
  1 16.107752 -0.395854 -0.619564 0.050426 -0.431926 -0.900498 0.138943 0.123288
  2 17.864190 -0.327160 -0.550364 -0.019459 -0.413680 -0.910215 0.140900 0.013699
female.bmp
  2 17.864190 -0.327160 -0.550364 -0.019459 -0.413680 -0.910215 0.140900 0.013699
  1 16.107752 -0.395854 -0.619564 0.050426 -0.431926 -0.900498 0.138943 0.123288
  2 17.777791 -0.186378 -0.632921 -0.033360 -0.144997 -0.988870 0.154599 0.021526
female.bmp
  1 16.107752 -0.395854 -0.619564 0.050426 -0.431926 -0.900498 0.138943 0.123288
  1 16.108002 -0.235878 -0.709607 0.052563 -0.162693 -0.985276 0.152642 0.123288
  2 17.777791 -0.186378 -0.632921 -0.033360 -0.144997 -0.988870 0.154599 0.021526
female.bmp
  2 17.777791 -0.186378 -0.632921 -0.033360 -0.144997 -0.988870 0.154599 0.021526
  1 16.108002 -0.235878 -0.709607 0.052563 -0.162693 -0.985276 0.152642 0.123288
  2 17.752279 -0.036625 -0.579786 -0.015003 0.181316 -0.983310 0.166341 0.023483
female.bmp
  1 16.108002 -0.235878 -0.709607 0.052563 -0.162693 -0.985276 0.152642 0.123288
  1 16.099555 -0.095792 -0.679530 0.058285 -0.015512 -0.998179 0.162427 0.123288
  2 17.752279 -0.036625 -0.579786 -0.015003 0.181316 -0.983310 0.166341 0.023483
female.bmp
  2 17.752279 -0.036625 -0.579786 -0.015003 0.181316 -0.983310 0.166341 0.023483
  1 16.099555 -0.095792 -0.679530 0.058285 -0.015512 -0.998179 0.162427 0.123288
  2 17.681786 0.243677 -0.592477 -0.015003 0.181316 -0.983310 0.189824 0.029354
female.bmp
  1 16.099555 -0.095792 -0.679530 0.058285 -0.015512 -0.998179 0.162427 0.123288
  1 16.091199 0.214265 -0.759496 0.068791 0.174481 -0.982255 0.187867 0.125245
  2 17.681786 0.243677 -0.592477 -0.015003 0.181316 -0.983310 0.189824 0.029354
female.bmp
  2 17.681786 0.243677 -0.592477 -0.015003 0.181316 -0.983310 0.189824 0.029354
  1 16.091199 0.214265 -0.759496 0.068791 0.174481 -0.982255 0.187867 0.125245
  1 16.104192 0.394199 -0.639682 0.058054 0.647465 -0.759880 0.211350 0.129159
female.bmp
  1 16.091199 0.214265 -0.759496 0.068791 0.174481 -0.982255 0.187867 0.125245
  1 13.969597 0.232179 -0.883515 0.055951 0.223117 -0.973185 0.187867 0.242661
  1 16.104192 0.394199 -0.639682 0.058054 0.647465 -0.759880 0.211350 0.129159
female.bmp
  1 16.104192 0.394199 -0.639682 0.058054 0.647465 -0.759880 0.211350 0.129159
  1 13.969597 0.232179 -0.883515 0.055951 0.223117 -0.973185 0.187867 0.242661
  1 14.019814 0.831904 -0.464221 0.082775 0.831292 -0.549637 0.242661 0.246575
female.bmp
  1 13.969597 0.232179 -0.883515 0.055951 0.223117 -0.973185 0.187867 0.242661
  1 12.578682 0.894062 -0.586585 0.028315 0.781190 -0.623651 0.236791 0.360078
  1 14.019814 0.831904 -0.464221 0.082775 0.831292 -0.549637 0.242661 0.246575
female.bmp
  1 14.019814 0.831904 -0.464221 0.082775 0.831292 -0.549637 0.242661 0.246575
  1 12.578682 0.894062 -0.586585 0.028315 0.781190 -0.623651 0.236791 0.360078
  1 12.650782 1.093719 0.262554 0.068776 0.986582 0.148073 0.287671 0.360078
female.bmp
  1 12.578682 0.894062 -0.586585 0.028315 0.781190 -0.623651 0.236791 0.360078
  1 9.683165 1.158886 0.438914 0.033003 0.991884 0.122785 0.281800 0.536204
  1 12.650782 1.093719 0.262554 0.068776 0.986582 0.148073 0.287671 0.360078
female.bmp
  1 12.650782 1.093719 0.262554 0.068776 0.986582 0.148073 0.287671 0.360078
  1 9.683165 1.158886 0.438914 0.033003 0.991884 0.122785 0.281800 0.536204
  1 12.716204 0.663376 1.001896 0.105430 0.621483 0.776301 0.336595 0.360078
female.bmp
  1 9.683165 1.158886 0.438914 0.033003 0.991884 0.122785 0.281800 0.536204
  1 9.688809 0.769047 1.168978 0.105430 0.621483 0.776301 0.336595 0.536204
  1 12.716204 0.663376 1.001896 0.105430 0.621483 0.776301 0.336595 0.360078
female.bmp
  1 12.716204 0.663376 1.001896 0.105430 0.621483 0.776301 0.336595 0.360078
  1 9.688809 0.769047 1.168978 0.105430 0.621483 0.776301 0.336595 0.536204
  1 9.695279 0.019036 1.399068 0.027306 0.083907 0.996099 0.381605 0.536204
female.bmp
  1 9.688809 0.769047 1.168978 0.105430 0.621483 0.776301 0.336595 0.536204
  1 9.761769 -0.164498 1.396119 0.030683 0.037868 0.998812 0.381605 0.565558
  1 9.695279 0.019036 1.399068 0.027306 0.083907 0.996099 0.381605 0.536204
female.bmp
  1 9.695279 0.019036 1.399068 0.027306 0.083907 0.996099 0.381605 0.536204
  1 9.761769 -0.164498 1.396119 0.030683 0.037868 0.998812 0.381605 0.565558
  1 9.832306 -0.855441 1.305441 0.066288 -0.416584 0.906677 0.432485 0.567515
female.bmp
  1 9.761769 -0.164498 1.396119 0.030683 0.037868 0.998812 0.381605 0.565558
  1 9.200928 -0.987585 1.341483 0.117811 -0.428729 0.895718 0.432485 0.590998
  1 9.832306 -0.855441 1.305441 0.066288 -0.416584 0.906677 0.432485 0.567515
female.bmp
  1 9.832306 -0.855441 1.305441 0.066288 -0.416584 0.906677 0.432485 0.567515
  1 9.200928 -0.987585 1.341483 0.117811 -0.428729 0.895718 0.432485 0.590998
  1 9.268492 -1.548539 0.770812 0.192194 -0.884548 0.425013 0.471624 0.590998
female.bmp
  1 9.200928 -0.987585 1.341483 0.117811 -0.428729 0.895718 0.432485 0.590998
  1 5.816515 -1.425457 1.493868 0.066288 -0.416584 0.906677 0.430528 0.729941
  1 9.268492 -1.548539 0.770812 0.192194 -0.884548 0.425013 0.471624 0.590998
female.bmp
  1 9.268492 -1.548539 0.770812 0.192194 -0.884548 0.425013 0.471624 0.590998
  1 5.816515 -1.425457 1.493868 0.066288 -0.416584 0.906677 0.430528 0.729941
  1 5.881379 -2.126400 0.823218 0.123829 -0.892453 0.433812 0.471624 0.729941
female.bmp
  1 5.816515 -1.425457 1.493868 0.066288 -0.416584 0.906677 0.430528 0.729941
  1 2.009112 -1.918095 1.410288 0.035349 -0.436562 0.898980 0.424658 0.855186
  1 5.881379 -2.126400 0.823218 0.123829 -0.892453 0.433812 0.471624 0.729941
female.bmp
  1 5.881379 -2.126400 0.823218 0.123829 -0.892453 0.433812 0.471624 0.729941
  1 2.009112 -1.918095 1.410288 0.035349 -0.436562 0.898980 0.424658 0.855186
  1 2.066648 -2.488923 0.849712 0.123829 -0.892453 0.433812 0.463796 0.855186
female.bmp
  19 -17.876068 -0.369379 -0.619316 0.005935 -0.414998 -0.909803 0.140900 0.013699
  19 -17.790699 -0.219400 -0.704278 0.020797 -0.146523 -0.988989 0.154599 0.021526
  18 -16.112071 -0.448524 -0.682902 -0.055629 -0.431624 -0.900337 0.138943 0.123288
female.bmp
  18 -16.112071 -0.448524 -0.682902 -0.055629 -0.431624 -0.900337 0.138943 0.123288
  19 -17.790699 -0.219400 -0.704278 0.020797 -0.146523 -0.988989 0.154599 0.021526
  18 -16.113807 -0.287645 -0.771304 -0.056707 -0.162379 -0.985098 0.152642 0.123288
female.bmp
  19 -17.790699 -0.219400 -0.704278 0.020797 -0.146523 -0.988989 0.154599 0.021526
  19 -17.753749 -0.079665 -0.641757 0.004792 0.179917 -0.983670 0.166341 0.023483
  18 -16.113807 -0.287645 -0.771304 -0.056707 -0.162379 -0.985098 0.152642 0.123288
female.bmp
  18 -16.113807 -0.287645 -0.771304 -0.056707 -0.162379 -0.985098 0.152642 0.123288
  19 -17.753749 -0.079665 -0.641757 0.004792 0.179917 -0.983670 0.166341 0.023483
  18 -16.105435 -0.147746 -0.749899 -0.061739 -0.015171 -0.997977 0.162427 0.123288
female.bmp
  19 -17.753749 -0.079665 -0.641757 0.004792 0.179917 -0.983670 0.166341 0.023483
  19 -17.691926 0.200203 -0.657620 0.004792 0.179917 -0.983670 0.189824 0.029354
  18 -16.105435 -0.147746 -0.749899 -0.061739 -0.015171 -0.997977 0.162427 0.123288
female.bmp
  18 -16.105435 -0.147746 -0.749899 -0.061739 -0.015171 -0.997977 0.162427 0.123288
  19 -17.691926 0.200203 -0.657620 0.004792 0.179917 -0.983670 0.189824 0.029354
  18 -16.089019 0.173244 -0.826685 -0.071242 0.174872 -0.982010 0.187867 0.125245
female.bmp
  19 -17.691926 0.200203 -0.657620 0.004792 0.179917 -0.983670 0.189824 0.029354
  18 -16.101216 0.351912 -0.704910 -0.057392 0.647785 -0.759659 0.211350 0.129159
  18 -16.089019 0.173244 -0.826685 -0.071242 0.174872 -0.982010 0.187867 0.125245
female.bmp
  18 -16.089019 0.173244 -0.826685 -0.071242 0.174872 -0.982010 0.187867 0.125245
  18 -16.101216 0.351912 -0.704910 -0.057392 0.647785 -0.759659 0.211350 0.129159
  18 -13.968671 0.168838 -0.954385 -0.058129 0.223442 -0.972982 0.187867 0.242661
female.bmp
  18 -16.101216 0.351912 -0.704910 -0.057392 0.647785 -0.759659 0.211350 0.129159
  18 -14.016121 0.774222 -0.538382 -0.080484 0.831722 -0.549327 0.242661 0.246575
  18 -13.968671 0.168838 -0.954385 -0.058129 0.223442 -0.972982 0.187867 0.242661
female.bmp
  18 -13.968671 0.168838 -0.954385 -0.058129 0.223442 -0.972982 0.187867 0.242661
  18 -14.016121 0.774222 -0.538382 -0.080484 0.831722 -0.549327 0.242661 0.246575
  18 -12.576531 0.832015 -0.666217 -0.026525 0.781352 -0.623527 0.236791 0.360078
female.bmp
  18 -14.016121 0.774222 -0.538382 -0.080484 0.831722 -0.549327 0.242661 0.246575
  18 -12.649877 1.032715 0.185746 -0.063349 0.986906 0.148338 0.287671 0.360078
  18 -12.576531 0.832015 -0.666217 -0.026525 0.781352 -0.623527 0.236791 0.360078
female.bmp
  18 -12.576531 0.832015 -0.666217 -0.026525 0.781352 -0.623527 0.236791 0.360078
  18 -12.649877 1.032715 0.185746 -0.063349 0.986906 0.148338 0.287671 0.360078
  18 -9.680366 1.075154 0.349468 -0.027635 0.992031 0.122926 0.281800 0.536204
female.bmp
  18 -12.649877 1.032715 0.185746 -0.063349 0.986906 0.148338 0.287671 0.360078
  18 -12.705875 0.604698 0.921454 -0.099699 0.621963 0.776674 0.336595 0.360078
  18 -9.680366 1.075154 0.349468 -0.027635 0.992031 0.122926 0.281800 0.536204
female.bmp
  18 -9.680366 1.075154 0.349468 -0.027635 0.992031 0.122926 0.281800 0.536204
  18 -12.705875 0.604698 0.921454 -0.099699 0.621963 0.776674 0.336595 0.360078
  18 -9.686815 0.687804 1.075636 -0.099699 0.621963 0.776674 0.336595 0.536204
female.bmp
  18 -12.705875 0.604698 0.921454 -0.099699 0.621963 0.776674 0.336595 0.360078
  18 -9.698476 -0.064731 1.308132 -0.022853 0.084487 0.996162 0.381605 0.536204
  18 -9.686815 0.687804 1.075636 -0.099699 0.621963 0.776674 0.336595 0.536204
female.bmp
  18 -9.686815 0.687804 1.075636 -0.099699 0.621963 0.776674 0.336595 0.536204
  18 -9.698476 -0.064731 1.308132 -0.022853 0.084487 0.996162 0.381605 0.536204
  18 -9.759044 -0.232159 1.350494 -0.027134 0.037971 0.998910 0.381605 0.565558
female.bmp
  18 -9.698476 -0.064731 1.308132 -0.022853 0.084487 0.996162 0.381605 0.536204
  18 -9.833334 -0.922737 1.260031 -0.065318 -0.416294 0.906881 0.432485 0.567515
  18 -9.759044 -0.232159 1.350494 -0.027134 0.037971 0.998910 0.381605 0.565558
female.bmp
  18 -9.759044 -0.232159 1.350494 -0.027134 0.037971 0.998910 0.381605 0.565558
  18 -9.833334 -0.922737 1.260031 -0.065318 -0.416294 0.906881 0.432485 0.567515
  18 -9.202505 -1.058033 1.293947 -0.116938 -0.428181 0.896095 0.432485 0.590998
female.bmp
  18 -9.833334 -0.922737 1.260031 -0.065318 -0.416294 0.906881 0.432485 0.567515
  18 -9.264787 -1.618539 0.723549 -0.195176 -0.883599 0.425628 0.471624 0.590998
  18 -9.202505 -1.058033 1.293947 -0.116938 -0.428181 0.896095 0.432485 0.590998
female.bmp
  18 -9.202505 -1.058033 1.293947 -0.116938 -0.428181 0.896095 0.432485 0.590998
  18 -9.264787 -1.618539 0.723549 -0.195176 -0.883599 0.425628 0.471624 0.590998
  18 -5.809829 -1.512728 1.435004 -0.065318 -0.416294 0.906881 0.430528 0.729941
female.bmp
  18 -9.264787 -1.618539 0.723549 -0.195176 -0.883599 0.425628 0.471624 0.590998
  18 -5.890444 -2.213380 0.764490 -0.126824 -0.891846 0.434196 0.471624 0.729941
  18 -5.809829 -1.512728 1.435004 -0.065318 -0.416294 0.906881 0.430528 0.729941
female.bmp
  18 -5.809829 -1.512728 1.435004 -0.065318 -0.416294 0.906881 0.430528 0.729941
  18 -5.890444 -2.213380 0.764490 -0.126824 -0.891846 0.434196 0.471624 0.729941
  18 -2.005234 -2.024363 1.338613 -0.034506 -0.436426 0.899078 0.424658 0.855186
female.bmp
  18 -5.890444 -2.213380 0.764490 -0.126824 -0.891846 0.434196 0.471624 0.729941
  18 -2.077503 -2.594944 0.778153 -0.126824 -0.891846 0.434196 0.463796 0.855186
  18 -2.005234 -2.024363 1.338613 -0.034506 -0.436426 0.899078 0.424658 0.855186
female.bmp
  1 2.009112 -1.918095 1.410288 0.035349 -0.436562 0.898980 0.424658 0.855186
  1 5.816515 -1.425457 1.493868 0.066288 -0.416584 0.906677 0.430528 0.729941
  1 1.928950 -1.197030 1.501058 -0.033508 0.078062 0.996385 0.381605 0.855186
female.bmp
  1 1.928950 -1.197030 1.501058 -0.033508 0.078062 0.996385 0.381605 0.855186
  1 5.816515 -1.425457 1.493868 0.066288 -0.416584 0.906677 0.430528 0.729941
  1 5.736478 -0.694393 1.584636 -0.000852 0.111839 0.993726 0.381605 0.727984
female.bmp
  1 5.816515 -1.425457 1.493868 0.066288 -0.416584 0.906677 0.430528 0.729941
  1 9.200928 -0.987585 1.341483 0.117811 -0.428729 0.895718 0.432485 0.590998
  1 5.736478 -0.694393 1.584636 -0.000852 0.111839 0.993726 0.381605 0.727984
female.bmp
  1 5.736478 -0.694393 1.584636 -0.000852 0.111839 0.993726 0.381605 0.727984
  1 9.200928 -0.987585 1.341483 0.117811 -0.428729 0.895718 0.432485 0.590998
  1 9.080771 -0.266022 1.432636 0.037429 0.091731 0.995080 0.381605 0.592955
female.bmp
  1 9.200928 -0.987585 1.341483 0.117811 -0.428729 0.895718 0.432485 0.590998
  1 9.761769 -0.164498 1.396119 0.030683 0.037868 0.998812 0.381605 0.565558
  1 9.080771 -0.266022 1.432636 0.037429 0.091731 0.995080 0.381605 0.592955
female.bmp
  1 9.080771 -0.266022 1.432636 0.037429 0.091731 0.995080 0.381605 0.592955
  1 9.761769 -0.164498 1.396119 0.030683 0.037868 0.998812 0.381605 0.565558
  1 8.957647 0.455541 1.213802 -0.109498 0.610139 0.784691 0.342466 0.592955
female.bmp
  1 9.761769 -0.164498 1.396119 0.030683 0.037868 0.998812 0.381605 0.565558
  1 9.680334 0.546567 1.366896 -0.003941 0.509793 0.860288 0.340509 0.565558
  1 8.957647 0.455541 1.213802 -0.109498 0.610139 0.784691 0.342466 0.592955
female.bmp
  1 8.957647 0.455541 1.213802 -0.109498 0.610139 0.784691 0.342466 0.592955
  1 9.680334 0.546567 1.366896 -0.003941 0.509793 0.860288 0.340509 0.565558
  1 8.815508 0.837254 0.495129 -0.149811 0.981315 0.120737 0.289628 0.598826
female.bmp
  1 9.680334 0.546567 1.366896 -0.003941 0.509793 0.860288 0.340509 0.565558
  1 9.636272 1.027027 0.317269 -0.080918 0.996622 -0.014029 0.279843 0.565558
  1 8.815508 0.837254 0.495129 -0.149811 0.981315 0.120737 0.289628 0.598826
female.bmp
  1 8.815508 0.837254 0.495129 -0.149811 0.981315 0.120737 0.289628 0.598826
  1 9.636272 1.027027 0.317269 -0.080918 0.996622 -0.014029 0.279843 0.565558
  1 9.635991 0.746923 -0.392761 -0.098212 0.801319 -0.590121 0.234834 0.561644
female.bmp
  1 9.636272 1.027027 0.317269 -0.080918 0.996622 -0.014029 0.279843 0.565558
  1 9.683165 1.158886 0.438914 0.033003 0.991884 0.122785 0.281800 0.536204
  1 9.635991 0.746923 -0.392761 -0.098212 0.801319 -0.590121 0.234834 0.561644
female.bmp
  1 9.635991 0.746923 -0.392761 -0.098212 0.801319 -0.590121 0.234834 0.561644
  1 9.683165 1.158886 0.438914 0.033003 0.991884 0.122785 0.281800 0.536204
  1 9.649988 0.918879 -0.470700 -0.055623 0.801714 -0.595114 0.228963 0.534247
female.bmp
  1 9.683165 1.158886 0.438914 0.033003 0.991884 0.122785 0.281800 0.536204
  1 12.578682 0.894062 -0.586585 0.028315 0.781190 -0.623651 0.236791 0.360078
  1 9.649988 0.918879 -0.470700 -0.055623 0.801714 -0.595114 0.228963 0.534247
female.bmp
  1 9.649988 0.918879 -0.470700 -0.055623 0.801714 -0.595114 0.228963 0.534247
  1 12.578682 0.894062 -0.586585 0.028315 0.781190 -0.623651 0.236791 0.360078
  1 9.606474 0.089056 -1.000038 -0.060529 0.166532 -0.984176 0.174168 0.532290
female.bmp
  1 12.578682 0.894062 -0.586585 0.028315 0.781190 -0.623651 0.236791 0.360078
  1 12.507556 0.114523 -0.955584 0.027539 0.092671 -0.995316 0.176125 0.360078
  1 9.606474 0.089056 -1.000038 -0.060529 0.166532 -0.984176 0.174168 0.532290
female.bmp
  1 9.606474 0.089056 -1.000038 -0.060529 0.166532 -0.984176 0.174168 0.532290
  1 12.507556 0.114523 -0.955584 0.027539 0.092671 -0.995316 0.176125 0.360078
  1 9.621544 -0.841032 -0.760016 0.045142 -0.583792 -0.810647 0.105675 0.534247
female.bmp
  1 12.507556 0.114523 -0.955584 0.027539 0.092671 -0.995316 0.176125 0.360078
  1 12.553532 -0.635835 -0.765981 0.027664 -0.489415 -0.871612 0.119374 0.358121
  1 9.621544 -0.841032 -0.760016 0.045142 -0.583792 -0.810647 0.105675 0.534247
female.bmp
  1 9.621544 -0.841032 -0.760016 0.045142 -0.583792 -0.810647 0.105675 0.534247
  1 12.553532 -0.635835 -0.765981 0.027664 -0.489415 -0.871612 0.119374 0.358121
  1 9.666760 -1.281207 -0.030427 0.048051 -0.968713 -0.243487 0.060665 0.536204
female.bmp
  1 12.553532 -0.635835 -0.765981 0.027664 -0.489415 -0.871612 0.119374 0.358121
  1 12.645598 -1.216460 -0.196949 0.027865 -0.909793 -0.414125 0.068493 0.352250
  1 9.666760 -1.281207 -0.030427 0.048051 -0.968713 -0.243487 0.060665 0.536204
female.bmp
  1 9.666760 -1.281207 -0.030427 0.048051 -0.968713 -0.243487 0.060665 0.536204
  1 12.645598 -1.216460 -0.196949 0.027865 -0.909793 -0.414125 0.068493 0.352250
  1 9.706737 -1.231305 0.749132 0.015885 -0.916635 0.399409 0.017613 0.536204
female.bmp
  1 12.645598 -1.216460 -0.196949 0.027865 -0.909793 -0.414125 0.068493 0.352250
  1 12.775086 -1.267310 0.611535 0.051682 -0.948270 0.313230 0.025440 0.344423
  1 9.706737 -1.231305 0.749132 0.015885 -0.916635 0.399409 0.017613 0.536204
female.bmp
  18 -12.783204 -1.332536 0.532035 -0.055355 -0.948016 0.313372 0.025440 0.344423
  18 -12.652774 -1.282975 -0.277367 -0.033807 -0.909622 -0.414059 0.068493 0.352250
  18 -9.713312 -1.318549 0.655582 -0.019113 -0.916565 0.399428 0.017613 0.536204
female.bmp
  18 -9.713312 -1.318549 0.655582 -0.019113 -0.916565 0.399428 0.017613 0.536204
  18 -12.652774 -1.282975 -0.277367 -0.033807 -0.909622 -0.414059 0.068493 0.352250
  18 -9.671887 -1.360407 -0.114829 -0.053709 -0.968449 -0.243357 0.060665 0.536204
female.bmp
  18 -12.652774 -1.282975 -0.277367 -0.033807 -0.909622 -0.414059 0.068493 0.352250
  18 -12.568687 -0.706327 -0.841553 -0.033056 -0.489227 -0.871530 0.119374 0.358121
  18 -9.671887 -1.360407 -0.114829 -0.053709 -0.968449 -0.243357 0.060665 0.536204
female.bmp
  18 -9.671887 -1.360407 -0.114829 -0.053709 -0.968449 -0.243357 0.060665 0.536204
  18 -12.568687 -0.706327 -0.841553 -0.033056 -0.489227 -0.871530 0.119374 0.358121
  18 -9.636118 -0.912622 -0.850361 -0.050791 -0.583518 -0.810510 0.105675 0.534247
female.bmp
  18 -12.568687 -0.706327 -0.841553 -0.033056 -0.489227 -0.871530 0.119374 0.358121
  18 -12.507188 0.056382 -1.033891 -0.030443 0.092857 -0.995214 0.176125 0.360078
  18 -9.636118 -0.912622 -0.850361 -0.050791 -0.583518 -0.810510 0.105675 0.534247
female.bmp
  18 -9.636118 -0.912622 -0.850361 -0.050791 -0.583518 -0.810510 0.105675 0.534247
  18 -12.507188 0.056382 -1.033891 -0.030443 0.092857 -0.995214 0.176125 0.360078
  18 -9.606397 0.010222 -1.091140 0.058036 0.166276 -0.984370 0.174168 0.532290
female.bmp
  18 -12.507188 0.056382 -1.033891 -0.030443 0.092857 -0.995214 0.176125 0.360078
  18 -12.576531 0.832015 -0.666217 -0.026525 0.781352 -0.623527 0.236791 0.360078
  18 -9.606397 0.010222 -1.091140 0.058036 0.166276 -0.984370 0.174168 0.532290
female.bmp
  18 -9.606397 0.010222 -1.091140 0.058036 0.166276 -0.984370 0.174168 0.532290
  18 -12.576531 0.832015 -0.666217 -0.026525 0.781352 -0.623527 0.236791 0.360078
  18 -9.646607 0.844598 -0.562839 0.057617 0.801455 -0.595273 0.228963 0.534247
female.bmp
  18 -12.576531 0.832015 -0.666217 -0.026525 0.781352 -0.623527 0.236791 0.360078
  18 -9.680366 1.075154 0.349468 -0.027635 0.992031 0.122926 0.281800 0.536204
  18 -9.646607 0.844598 -0.562839 0.057617 0.801455 -0.595273 0.228963 0.534247
female.bmp
  18 -9.646607 0.844598 -0.562839 0.057617 0.801455 -0.595273 0.228963 0.534247
  18 -9.680366 1.075154 0.349468 -0.027635 0.992031 0.122926 0.281800 0.536204
  18 -9.634730 0.678711 -0.438769 0.100226 0.800847 -0.590422 0.234834 0.561644
female.bmp
  18 -9.680366 1.075154 0.349468 -0.027635 0.992031 0.122926 0.281800 0.536204
  18 -9.621289 0.958852 0.281328 0.085845 0.996206 -0.014268 0.279843 0.565558
  18 -9.634730 0.678711 -0.438769 0.100226 0.800847 -0.590422 0.234834 0.561644
female.bmp
  18 -9.634730 0.678711 -0.438769 0.100226 0.800847 -0.590422 0.234834 0.561644
  18 -9.621289 0.958852 0.281328 0.085845 0.996206 -0.014268 0.279843 0.565558
  18 -8.810827 0.764901 0.446361 0.155112 0.980549 0.120266 0.289628 0.598826
female.bmp
  18 -9.621289 0.958852 0.281328 0.085845 0.996206 -0.014268 0.279843 0.565558
  18 -9.674158 0.478492 1.321020 0.009375 0.509723 0.860288 0.340509 0.565558
  18 -8.810827 0.764901 0.446361 0.155112 0.980549 0.120266 0.289628 0.598826
female.bmp
  18 -8.810827 0.764901 0.446361 0.155112 0.980549 0.120266 0.289628 0.598826
  18 -9.674158 0.478492 1.321020 0.009375 0.509723 0.860288 0.340509 0.565558
  18 -8.952454 0.383867 1.165496 0.115179 0.609546 0.784339 0.342466 0.592955
female.bmp
  18 -9.674158 0.478492 1.321020 0.009375 0.509723 0.860288 0.340509 0.565558
  18 -9.759044 -0.232159 1.350494 -0.027134 0.037971 0.998910 0.381605 0.565558
  18 -8.952454 0.383867 1.165496 0.115179 0.609546 0.784339 0.342466 0.592955
female.bmp
  18 -8.952454 0.383867 1.165496 0.115179 0.609546 0.784339 0.342466 0.592955
  18 -9.759044 -0.232159 1.350494 -0.027134 0.037971 0.998910 0.381605 0.565558
  18 -9.068442 -0.337008 1.384780 -0.033625 0.091867 0.995203 0.381605 0.592955
female.bmp
  18 -9.759044 -0.232159 1.350494 -0.027134 0.037971 0.998910 0.381605 0.565558
  18 -9.202505 -1.058033 1.293947 -0.116938 -0.428181 0.896095 0.432485 0.590998
  18 -9.068442 -0.337008 1.384780 -0.033625 0.091867 0.995203 0.381605 0.592955
female.bmp
  18 -9.068442 -0.337008 1.384780 -0.033625 0.091867 0.995203 0.381605 0.592955
  18 -9.202505 -1.058033 1.293947 -0.116938 -0.428181 0.896095 0.432485 0.590998
  18 -5.725838 -0.782076 1.525527 0.004749 0.111784 0.993721 0.381605 0.727984
female.bmp
  18 -9.202505 -1.058033 1.293947 -0.116938 -0.428181 0.896095 0.432485 0.590998
  18 -5.809829 -1.512728 1.435004 -0.065318 -0.416294 0.906881 0.430528 0.729941
  18 -5.725838 -0.782076 1.525527 0.004749 0.111784 0.993721 0.381605 0.727984
female.bmp
  18 -5.725838 -0.782076 1.525527 0.004749 0.111784 0.993721 0.381605 0.727984
  18 -5.809829 -1.512728 1.435004 -0.065318 -0.416294 0.906881 0.430528 0.729941
  18 -1.931168 -1.303786 1.429074 0.037246 0.077844 0.996270 0.381605 0.855186
female.bmp
  18 -5.809829 -1.512728 1.435004 -0.065318 -0.416294 0.906881 0.430528 0.729941
  18 -2.005234 -2.024363 1.338613 -0.034506 -0.436426 0.899078 0.424658 0.855186
  18 -1.931168 -1.303786 1.429074 0.037246 0.077844 0.996270 0.381605 0.855186
female.bmp
  26 -22.177863 -1.386047 -0.014612 0.080961 -0.957336 0.277403 0.636008 0.031311
  26 -21.036247 -1.066616 0.329299 -0.083031 -0.550552 0.830662 0.735812 0.076321
  26 -22.182545 -1.205712 0.194570 -0.087235 -0.473090 0.876685 0.630137 0.050881
female.bmp
  26 -22.182545 -1.205712 0.194570 -0.087235 -0.473090 0.876685 0.630137 0.050881
  26 -21.036247 -1.066616 0.329299 -0.083031 -0.550552 0.830662 0.735812 0.076321
  26 -21.088049 -0.809981 0.407112 -0.153777 0.133043 0.979108 0.727984 0.101761
female.bmp
  26 -21.036247 -1.066616 0.329299 -0.083031 -0.550552 0.830662 0.735812 0.076321
  19 -20.449836 -1.154324 0.486185 -0.109003 -0.404349 0.908086 0.786693 0.080235
  26 -21.088049 -0.809981 0.407112 -0.153777 0.133043 0.979108 0.727984 0.101761
female.bmp
  26 -21.088049 -0.809981 0.407112 -0.153777 0.133043 0.979108 0.727984 0.101761
  19 -20.449836 -1.154324 0.486185 -0.109003 -0.404349 0.908086 0.786693 0.080235
  19 -20.533325 -0.585085 0.542731 -0.120859 -0.020737 0.992453 0.772994 0.127202
female.bmp
  19 -20.449836 -1.154324 0.486185 -0.109003 -0.404349 0.908086 0.786693 0.080235
  19 -19.871102 -0.827999 0.588062 -0.014648 -0.151362 0.988370 0.833659 0.113503
  19 -20.533325 -0.585085 0.542731 -0.120859 -0.020737 0.992453 0.772994 0.127202
female.bmp
  19 -20.533325 -0.585085 0.542731 -0.120859 -0.020737 0.992453 0.772994 0.127202
  19 -19.871102 -0.827999 0.588062 -0.014648 -0.151362 0.988370 0.833659 0.113503
  19 -20.544316 0.094830 0.552428 -0.157118 0.201166 0.966874 0.765166 0.183953
female.bmp
  19 -19.871102 -0.827999 0.588062 -0.014648 -0.151362 0.988370 0.833659 0.113503
  19 -18.817662 -0.179379 0.595697 0.077196 0.069150 0.994615 0.915851 0.181996
  19 -20.544316 0.094830 0.552428 -0.157118 0.201166 0.966874 0.765166 0.183953
female.bmp
  19 -20.544316 0.094830 0.552428 -0.157118 0.201166 0.966874 0.765166 0.183953
  19 -18.817662 -0.179379 0.595697 0.077196 0.069150 0.994615 0.915851 0.181996
  19 -20.546603 0.643182 0.360840 -0.153131 0.434798 0.887413 0.757339 0.232877
female.bmp
  19 -18.817662 -0.179379 0.595697 0.077196 0.069150 0.994615 0.915851 0.181996
  19 -19.056767 0.381061 0.473900 0.065249 0.406945 0.911120 0.884540 0.232877
  19 -20.546603 0.643182 0.360840 -0.153131 0.434798 0.887413 0.757339 0.232877
female.bmp
  19 -20.546603 0.643182 0.360840 -0.153131 0.434798 0.887413 0.757339 0.232877
  19 -19.056767 0.381061 0.473900 0.065249 0.406945 0.911120 0.884540 0.232877
  19 -19.247434 0.890138 0.141353 0.137596 0.706238 0.694474 0.859100 0.270059
female.bmp
  19 -19.056767 0.381061 0.473900 0.065249 0.406945 0.911120 0.884540 0.232877
  19 -18.680610 0.730579 0.112177 0.327632 0.724437 0.606505 0.913894 0.264188
  19 -19.247434 0.890138 0.141353 0.137596 0.706238 0.694474 0.859100 0.270059
female.bmp
  19 -19.247434 0.890138 0.141353 0.137596 0.706238 0.694474 0.859100 0.270059
  19 -18.680610 0.730579 0.112177 0.327632 0.724437 0.606505 0.913894 0.264188
  19 -19.281125 1.234274 -0.359282 0.309449 0.947751 0.077523 0.845401 0.299413
female.bmp
  19 -18.680610 0.730579 0.112177 0.327632 0.724437 0.606505 0.913894 0.264188
  19 -18.601655 0.937583 -0.390830 0.439749 0.897269 -0.039108 0.915851 0.289628
  19 -19.281125 1.234274 -0.359282 0.309449 0.947751 0.077523 0.845401 0.299413
female.bmp
  19 -19.281125 1.234274 -0.359282 0.309449 0.947751 0.077523 0.845401 0.299413
  19 -18.601655 0.937583 -0.390830 0.439749 0.897269 -0.039108 0.915851 0.289628
  19 -19.150265 0.920425 -0.789368 0.264678 0.670896 -0.692708 0.857143 0.326810
female.bmp
  19 -18.601655 0.937583 -0.390830 0.439749 0.897269 -0.039108 0.915851 0.289628
  19 -18.589758 0.732400 -0.737613 0.366722 0.684720 -0.629820 0.921722 0.309198
  19 -19.150265 0.920425 -0.789368 0.264678 0.670896 -0.692708 0.857143 0.326810
female.bmp
  19 -19.150265 0.920425 -0.789368 0.264678 0.670896 -0.692708 0.857143 0.326810
  19 -18.589758 0.732400 -0.737613 0.366722 0.684720 -0.629820 0.921722 0.309198
  19 -18.582119 0.485621 -0.905368 0.301498 0.299844 -0.905093 0.923679 0.322896
female.bmp
  19 -18.589758 0.732400 -0.737613 0.366722 0.684720 -0.629820 0.921722 0.309198
  19 -18.201279 0.541666 -0.665508 -0.572327 0.529743 -0.625950 0.943249 0.301370
  19 -18.582119 0.485621 -0.905368 0.301498 0.299844 -0.905093 0.923679 0.322896
female.bmp
  19 -18.582119 0.485621 -0.905368 0.301498 0.299844 -0.905093 0.923679 0.322896
  19 -18.201279 0.541666 -0.665508 -0.572327 0.529743 -0.625950 0.943249 0.301370
  19 -18.203123 0.232085 -0.826619 -0.614509 0.115127 -0.780464 0.945205 0.315068
female.bmp
  9 22.175007 -1.189480 0.235206 0.095107 -0.475408 0.874610 0.630137 0.050881
  9 21.085151 -0.788575 0.461457 0.165987 0.130151 0.977501 0.727984 0.101761
  9 21.031109 -1.044772 0.383727 0.089962 -0.552750 0.828477 0.735812 0.076321
female.bmp
  9 21.031109 -1.044772 0.383727 0.089962 -0.552750 0.828477 0.735812 0.076321
  9 21.085151 -0.788575 0.461457 0.165987 0.130151 0.977501 0.727984 0.101761
  2 20.459113 -1.128887 0.497367 0.126995 -0.406324 0.904861 0.786693 0.080235
female.bmp
  9 21.085151 -0.788575 0.461457 0.165987 0.130151 0.977501 0.727984 0.101761
  2 20.546009 -0.562988 0.543267 0.142911 -0.022914 0.989470 0.772994 0.127202
  2 20.459113 -1.128887 0.497367 0.126995 -0.406324 0.904861 0.786693 0.080235
female.bmp
  2 20.459113 -1.128887 0.497367 0.126995 -0.406324 0.904861 0.786693 0.080235
  2 20.546009 -0.562988 0.543267 0.142911 -0.022914 0.989470 0.772994 0.127202
  2 19.884763 -0.809059 0.615399 0.035895 -0.152930 0.987585 0.833659 0.113503
female.bmp
  2 20.546009 -0.562988 0.543267 0.142911 -0.022914 0.989470 0.772994 0.127202
  2 20.562144 0.119612 0.563202 0.179849 0.198820 0.963392 0.765166 0.183953
  2 19.884763 -0.809059 0.615399 0.035895 -0.152930 0.987585 0.833659 0.113503
female.bmp
  2 19.884763 -0.809059 0.615399 0.035895 -0.152930 0.987585 0.833659 0.113503
  2 20.562144 0.119612 0.563202 0.179849 0.198820 0.963392 0.765166 0.183953
  2 18.834292 -0.147683 0.635177 -0.054533 0.068086 0.996188 0.915851 0.181996
female.bmp
  2 20.562144 0.119612 0.563202 0.179849 0.198820 0.963392 0.765166 0.183953
  2 20.563257 0.668229 0.372368 0.175412 0.432589 0.884363 0.757339 0.232877
  2 18.834292 -0.147683 0.635177 -0.054533 0.068086 0.996188 0.915851 0.181996
female.bmp
  2 18.834292 -0.147683 0.635177 -0.054533 0.068086 0.996188 0.915851 0.181996
  2 20.563257 0.668229 0.372368 0.175412 0.432589 0.884363 0.757339 0.232877
  2 19.073790 0.411582 0.508832 -0.042537 0.405934 0.912912 0.884540 0.232877
female.bmp
  2 20.563257 0.668229 0.372368 0.175412 0.432589 0.884363 0.757339 0.232877
  2 19.260926 0.922846 0.182352 -0.118012 0.705957 0.698353 0.859100 0.270059
  2 19.073790 0.411582 0.508832 -0.042537 0.405934 0.912912 0.884540 0.232877
female.bmp
  2 19.073790 0.411582 0.508832 -0.042537 0.405934 0.912912 0.884540 0.232877
  2 19.260926 0.922846 0.182352 -0.118012 0.705957 0.698353 0.859100 0.270059
  2 18.692693 0.766535 0.165649 -0.309864 0.725361 0.614684 0.913894 0.264188
female.bmp
  2 19.260926 0.922846 0.182352 -0.118012 0.705957 0.698353 0.859100 0.270059
  2 19.274350 1.264973 -0.326930 -0.302251 0.949365 0.085738 0.845401 0.299413
  2 18.692693 0.766535 0.165649 -0.309864 0.725361 0.614684 0.913894 0.264188
female.bmp
  2 18.692693 0.766535 0.165649 -0.309864 0.725361 0.614684 0.913894 0.264188
  2 19.274350 1.264973 -0.326930 -0.302251 0.949365 0.085738 0.845401 0.299413
  2 18.603682 0.974739 -0.335178 -0.435415 0.899794 -0.028019 0.915851 0.289628
female.bmp
  2 19.274350 1.264973 -0.326930 -0.302251 0.949365 0.085738 0.845401 0.299413
  2 19.143132 0.955084 -0.745918 -0.276295 0.673422 -0.685685 0.857143 0.326810
  2 18.603682 0.974739 -0.335178 -0.435415 0.899794 -0.028019 0.915851 0.289628
female.bmp
  2 18.603682 0.974739 -0.335178 -0.435415 0.899794 -0.028019 0.915851 0.289628
  2 19.143132 0.955084 -0.745918 -0.276295 0.673422 -0.685685 0.857143 0.326810
  2 18.571854 0.767581 -0.690386 -0.376828 0.687727 -0.620509 0.921722 0.309198
female.bmp
  2 19.143132 0.955084 -0.745918 -0.276295 0.673422 -0.685685 0.857143 0.326810
  2 18.570074 0.523670 -0.849772 -0.319966 0.302903 -0.897704 0.923679 0.322896
  2 18.571854 0.767581 -0.690386 -0.376828 0.687727 -0.620509 0.921722 0.309198
female.bmp
  2 18.571854 0.767581 -0.690386 -0.376828 0.687727 -0.620509 0.921722 0.309198
  2 18.570074 0.523670 -0.849772 -0.319966 0.302903 -0.897704 0.923679 0.322896
  2 18.202794 0.582197 -0.611338 0.568675 0.526602 -0.631901 0.943249 0.301370
female.bmp
  2 18.570074 0.523670 -0.849772 -0.319966 0.302903 -0.897704 0.923679 0.322896
  2 18.200010 0.273142 -0.763582 0.606147 0.111909 -0.787441 0.945205 0.315068
  2 18.202794 0.582197 -0.611338 0.568675 0.526602 -0.631901 0.943249 0.301370
female.bmp
  2 17.613852 -1.191355 0.246252 -0.030204 -0.962551 0.269412 0.954990 0.473581
  2 17.601010 -1.189516 -0.043631 -0.091478 -0.969528 -0.227259 0.925636 0.473581
  2 17.959928 -1.092005 0.179462 -0.581522 -0.747863 0.320207 0.947162 0.426614
female.bmp
  2 17.959928 -1.092005 0.179462 -0.581522 -0.747863 0.320207 0.947162 0.426614
  2 17.601010 -1.189516 -0.043631 -0.091478 -0.969528 -0.227259 0.925636 0.473581
  2 17.930202 -1.120371 -0.069157 -0.657952 -0.748853 -0.079490 0.919765 0.424658
female.bmp
  2 17.601010 -1.189516 -0.043631 -0.091478 -0.969528 -0.227259 0.925636 0.473581
  2 17.909429 -0.968638 -0.337384 -0.628390 -0.651422 -0.425177 0.892368 0.424658
  2 17.930202 -1.120371 -0.069157 -0.657952 -0.748853 -0.079490 0.919765 0.424658
female.bmp
  2 17.930202 -1.120371 -0.069157 -0.657952 -0.748853 -0.079490 0.919765 0.424658
  2 17.909429 -0.968638 -0.337384 -0.628390 -0.651422 -0.425177 0.892368 0.424658
  2 17.928506 -1.160241 -0.089343 -0.657952 -0.748853 -0.079490 0.923679 0.420744
female.bmp
  2 17.909429 -0.968638 -0.337384 -0.628390 -0.651422 -0.425177 0.892368 0.424658
  2 17.906977 -0.998444 -0.367477 -0.710967 -0.565341 -0.418228 0.898239 0.420744
  2 17.928506 -1.160241 -0.089343 -0.657952 -0.748853 -0.079490 0.923679 0.420744
female.bmp
  2 17.928506 -1.160241 -0.089343 -0.657952 -0.748853 -0.079490 0.923679 0.420744
  2 17.906977 -0.998444 -0.367477 -0.710967 -0.565341 -0.418228 0.898239 0.420744
  2 18.223612 -1.170694 -0.162852 0.545981 -0.800210 -0.248128 0.925636 0.375734
female.bmp
  2 17.906977 -0.998444 -0.367477 -0.710967 -0.565341 -0.418228 0.898239 0.420744
  2 18.202050 -1.018897 -0.441047 0.476768 -0.637375 -0.605348 0.900196 0.377691
  2 18.223612 -1.170694 -0.162852 0.545981 -0.800210 -0.248128 0.925636 0.375734
female.bmp
  2 18.223612 -1.170694 -0.162852 0.545981 -0.800210 -0.248128 0.925636 0.375734
  2 18.202050 -1.018897 -0.441047 0.476768 -0.637375 -0.605348 0.900196 0.377691
  2 18.227680 -0.959401 -0.372466 0.461759 -0.619247 -0.635068 0.900196 0.369863
female.bmp
  2 18.202050 -1.018897 -0.441047 0.476768 -0.637375 -0.605348 0.900196 0.377691
  2 18.183115 -0.734352 -0.650664 0.485693 -0.434826 -0.758307 0.857143 0.377691
  2 18.227680 -0.959401 -0.372466 0.461759 -0.619247 -0.635068 0.900196 0.369863
female.bmp
  2 18.227680 -0.959401 -0.372466 0.461759 -0.619247 -0.635068 0.900196 0.369863
  2 18.183115 -0.734352 -0.650664 0.485693 -0.434826 -0.758307 0.857143 0.377691
  2 18.210189 -0.686537 -0.594266 0.485693 -0.434826 -0.758307 0.857143 0.369863
female.bmp
  2 18.183115 -0.734352 -0.650664 0.485693 -0.434826 -0.758307 0.857143 0.377691
  2 18.177189 -0.406725 -0.776200 0.455804 -0.190207 -0.869519 0.816047 0.377691
  2 18.210189 -0.686537 -0.594266 0.485693 -0.434826 -0.758307 0.857143 0.369863
female.bmp
  2 18.210189 -0.686537 -0.594266 0.485693 -0.434826 -0.758307 0.857143 0.369863
  2 18.177189 -0.406725 -0.776200 0.455804 -0.190207 -0.869519 0.816047 0.377691
  2 18.200396 -0.367035 -0.737649 0.455804 -0.190207 -0.869519 0.816047 0.369863
female.bmp
  2 18.177189 -0.406725 -0.776200 0.455804 -0.190207 -0.869519 0.816047 0.377691
  2 18.195290 0.273528 -0.823395 0.589446 0.156688 -0.792466 0.710372 0.373777
  2 18.200396 -0.367035 -0.737649 0.455804 -0.190207 -0.869519 0.816047 0.369863
female.bmp
  2 18.200396 -0.367035 -0.737649 0.455804 -0.190207 -0.869519 0.816047 0.369863
  2 18.195290 0.273528 -0.823395 0.589446 0.156688 -0.792466 0.710372 0.373777
  2 18.200010 0.273142 -0.763582 0.606147 0.111909 -0.787441 0.712329 0.365949
female.bmp
  2 18.195290 0.273528 -0.823395 0.589446 0.156688 -0.792466 0.710372 0.373777
  2 18.200527 0.612389 -0.641059 0.618001 0.505010 -0.602528 0.673190 0.373777
  2 18.200010 0.273142 -0.763582 0.606147 0.111909 -0.787441 0.712329 0.365949
female.bmp
  2 18.200010 0.273142 -0.763582 0.606147 0.111909 -0.787441 0.712329 0.365949
  2 18.200527 0.612389 -0.641059 0.618001 0.505010 -0.602528 0.673190 0.373777
  2 18.202794 0.582197 -0.611338 0.568675 0.526602 -0.631901 0.673190 0.363992
female.bmp
  2 18.200527 0.612389 -0.641059 0.618001 0.505010 -0.602528 0.673190 0.373777
  2 18.226159 0.760326 -0.321126 0.666257 0.728559 -0.159073 0.634051 0.363992
  2 18.202794 0.582197 -0.611338 0.568675 0.526602 -0.631901 0.673190 0.363992
female.bmp
  19 -18.216550 0.720985 -0.385489 -0.662950 0.733007 -0.152307 0.634051 0.363992
  19 -18.198912 0.581762 -0.705342 -0.621448 0.508540 -0.595978 0.673190 0.373777
  19 -18.201279 0.541666 -0.665508 -0.572327 0.529743 -0.625950 0.673190 0.363992
female.bmp
  19 -18.201279 0.541666 -0.665508 -0.572327 0.529743 -0.625950 0.673190 0.363992
  19 -18.198912 0.581762 -0.705342 -0.621448 0.508540 -0.595978 0.673190 0.373777
  19 -18.203123 0.232085 -0.826619 -0.614509 0.115127 -0.780464 0.712329 0.365949
female.bmp
  19 -18.198912 0.581762 -0.705342 -0.621448 0.508540 -0.595978 0.673190 0.373777
  19 -18.200277 0.242207 -0.876514 -0.597551 0.159781 -0.785750 0.710372 0.373777
  19 -18.203123 0.232085 -0.826619 -0.614509 0.115127 -0.780464 0.712329 0.365949
female.bmp
  19 -18.203123 0.232085 -0.826619 -0.614509 0.115127 -0.780464 0.712329 0.365949
  19 -18.200277 0.242207 -0.876514 -0.597551 0.159781 -0.785750 0.710372 0.373777
  19 -18.206594 -0.397982 -0.798297 -0.467255 -0.188141 -0.863873 0.816047 0.369863
female.bmp
  19 -18.200277 0.242207 -0.876514 -0.597551 0.159781 -0.785750 0.710372 0.373777
  19 -18.184513 -0.447945 -0.837236 -0.467255 -0.188141 -0.863873 0.816047 0.377691
  19 -18.206594 -0.397982 -0.798297 -0.467255 -0.188141 -0.863873 0.816047 0.369863
female.bmp
  19 -18.206594 -0.397982 -0.798297 -0.467255 -0.188141 -0.863873 0.816047 0.369863
  19 -18.184513 -0.447945 -0.837236 -0.467255 -0.188141 -0.863873 0.816047 0.377691
  19 -18.215416 -0.728320 -0.659374 -0.497546 -0.432401 -0.751982 0.857143 0.369863
female.bmp
  19 -18.184513 -0.447945 -0.837236 -0.467255 -0.188141 -0.863873 0.816047 0.377691
  19 -18.192771 -0.778258 -0.708297 -0.497546 -0.432401 -0.751982 0.857143 0.377691
  19 -18.215416 -0.728320 -0.659374 -0.497546 -0.432401 -0.751982 0.857143 0.369863
female.bmp
  19 -18.215416 -0.728320 -0.659374 -0.497546 -0.432401 -0.751982 0.857143 0.369863
  19 -18.192771 -0.778258 -0.708297 -0.497546 -0.432401 -0.751982 0.857143 0.377691
  19 -18.228577 -0.998851 -0.440423 -0.473474 -0.616824 -0.628770 0.900196 0.369863
female.bmp
  19 -18.192771 -0.778258 -0.708297 -0.497546 -0.432401 -0.751982 0.857143 0.377691
  19 -18.205397 -1.058764 -0.499355 -0.488256 -0.634808 -0.598853 0.900196 0.377691
  19 -18.228577 -0.998851 -0.440423 -0.473474 -0.616824 -0.628770 0.900196 0.369863
female.bmp
  19 -18.228577 -0.998851 -0.440423 -0.473474 -0.616824 -0.628770 0.900196 0.369863
  19 -18.205397 -1.058764 -0.499355 -0.488256 -0.634808 -0.598853 0.900196 0.377691
  19 -18.231584 -1.209412 -0.220753 -0.554430 -0.796684 -0.240627 0.925636 0.375734
female.bmp
  19 -18.205397 -1.058764 -0.499355 -0.488256 -0.634808 -0.598853 0.900196 0.377691
  19 -17.918621 -1.039746 -0.433043 0.702050 -0.570873 -0.425710 0.898239 0.420744
  19 -18.231584 -1.209412 -0.220753 -0.554430 -0.796684 -0.240627 0.925636 0.375734
female.bmp
  19 -18.231584 -1.209412 -0.220753 -0.554430 -0.796684 -0.240627 0.925636 0.375734
  19 -17.918621 -1.039746 -0.433043 0.702050 -0.570873 -0.425710 0.898239 0.420744
  19 -17.934851 -1.200424 -0.153903 0.651724 -0.753552 -0.086113 0.923679 0.420744
female.bmp
  19 -17.918621 -1.039746 -0.433043 0.702050 -0.570873 -0.425710 0.898239 0.420744
  19 -17.910242 -1.009849 -0.402449 0.618794 -0.656381 -0.431576 0.892368 0.424658
  19 -17.934851 -1.200424 -0.153903 0.651724 -0.753552 -0.086113 0.923679 0.420744
female.bmp
  19 -17.934851 -1.200424 -0.153903 0.651724 -0.753552 -0.086113 0.923679 0.420744
  19 -17.910242 -1.009849 -0.402449 0.618794 -0.656381 -0.431576 0.892368 0.424658
  19 -17.935865 -1.160472 -0.133831 0.651724 -0.753552 -0.086113 0.919765 0.424658
female.bmp
  19 -17.910242 -1.009849 -0.402449 0.618794 -0.656381 -0.431576 0.892368 0.424658
  19 -17.606589 -1.231451 -0.115418 0.082026 -0.970444 -0.226959 0.925636 0.473581
  19 -17.935865 -1.160472 -0.133831 0.651724 -0.753552 -0.086113 0.919765 0.424658
female.bmp
  19 -17.935865 -1.160472 -0.133831 0.651724 -0.753552 -0.086113 0.919765 0.424658
  19 -17.606589 -1.231451 -0.115418 0.082026 -0.970444 -0.226959 0.925636 0.473581
  19 -17.959852 -1.131049 0.115285 0.579972 -0.751504 0.314441 0.947162 0.426614
female.bmp
  19 -17.606589 -1.231451 -0.115418 0.082026 -0.970444 -0.226959 0.925636 0.473581
  19 -17.623495 -1.232178 0.184105 0.026607 -0.962386 0.270381 0.954990 0.473581
  19 -17.959852 -1.131049 0.115285 0.579972 -0.751504 0.314441 0.947162 0.426614
female.bmp
  8 24.773006 -0.350520 0.270062 0.777907 -0.574862 0.253762 0.571429 0.277886
  8 24.730103 -0.349311 0.341181 0.297197 -0.552909 0.778438 0.571429 0.295499
  8 24.662699 -0.404955 0.250845 0.170442 -0.951827 0.254903 0.583170 0.317025
female.bmp
  8 24.662699 -0.404955 0.250845 0.170442 -0.951827 0.254903 0.583170 0.317025
  8 24.730103 -0.349311 0.341181 0.297197 -0.552909 0.778438 0.571429 0.295499
  8 24.290535 -0.341412 0.323346 -0.057909 -0.553954 0.830531 0.565558 0.363992
female.bmp
  8 24.730103 -0.349311 0.341181 0.297197 -0.552909 0.778438 0.571429 0.295499
  8 24.780364 -0.268986 0.371542 -0.054846 -0.082487 0.995082 0.557730 0.289628
  8 24.290535 -0.341412 0.323346 -0.057909 -0.553954 0.830531 0.565558 0.363992
female.bmp
  8 24.290535 -0.341412 0.323346 -0.057909 -0.553954 0.830531 0.565558 0.363992
  8 24.780364 -0.268986 0.371542 -0.054846 -0.082487 0.995082 0.557730 0.289628
  8 24.263346 -0.148483 0.338815 -0.119230 -0.159717 0.979936 0.542074 0.367906
female.bmp
  8 24.780364 -0.268986 0.371542 -0.054846 -0.082487 0.995082 0.557730 0.289628
  8 24.812233 -0.177547 0.366714 -0.041695 0.260975 0.964445 0.544031 0.283757
  8 24.263346 -0.148483 0.338815 -0.119230 -0.159717 0.979936 0.542074 0.367906
female.bmp
  8 24.812233 -0.177547 0.366714 -0.041695 0.260975 0.964445 0.544031 0.283757
  8 24.785229 -0.105872 0.323895 -0.011959 0.613699 0.789450 0.530333 0.289628
  8 24.263346 -0.148483 0.338815 -0.623490 0.404770 0.668896 0.542074 0.367906
female.bmp
  8 24.785229 -0.105872 0.323895 -0.011959 0.613699 0.789450 0.530333 0.289628
  8 24.320244 -0.015543 0.228864 0.017023 0.885780 0.463793 0.516634 0.363992
  8 24.263346 -0.148483 0.338815 -0.334811 0.634073 0.697031 0.542074 0.367906
female.bmp
  8 24.263346 -0.148483 0.338815 -0.334811 0.634073 0.697031 0.542074 0.367906
  8 24.320244 -0.015543 0.228864 0.017023 0.885780 0.463793 0.516634 0.363992
  7 23.863145 -0.155142 0.325618 -0.035143 0.256272 0.965966 0.542074 0.420744
female.bmp
  8 24.320244 -0.015543 0.228864 0.017023 0.885780 0.463793 0.516634 0.363992
  7 23.874208 -0.004966 0.198634 0.006070 0.866319 0.499455 0.518591 0.422701
  7 23.863145 -0.155142 0.325618 -0.035143 0.256272 0.965966 0.542074 0.420744
female.bmp
  7 23.863145 -0.155142 0.325618 -0.035143 0.256272 0.965966 0.542074 0.420744
  7 23.874208 -0.004966 0.198634 0.006070 0.866319 0.499455 0.518591 0.422701
  7 22.724919 -0.097903 0.262655 0.048543 0.309862 0.949541 0.540117 0.551859
female.bmp
  7 23.874208 -0.004966 0.198634 0.006070 0.866319 0.499455 0.518591 0.422701
  7 22.724988 0.045562 0.147252 0.091310 0.870187 0.484187 0.518591 0.551859
  7 22.724919 -0.097903 0.262655 0.048543 0.309862 0.949541 0.540117 0.551859
female.bmp
  7 22.724919 -0.097903 0.262655 0.048543 0.309862 0.949541 0.540117 0.551859
  7 22.724988 0.045562 0.147252 0.091310 0.870187 0.484187 0.518591 0.551859
  6 22.575983 -0.106955 0.286159 0.141457 0.275175 0.950930 0.540117 0.567515
female.bmp
  7 22.724988 0.045562 0.147252 0.091310 0.870187 0.484187 0.518591 0.551859
  6 22.585881 0.058417 0.175461 0.166994 0.832999 0.527470 0.516634 0.569472
  6 22.575983 -0.106955 0.286159 0.141457 0.275175 0.950930 0.540117 0.567515
female.bmp
  2 17.528393 0.782136 -0.265930 -0.228859 0.966849 -0.113251 0.714286 0.909980
  2 17.585746 0.669000 0.210316 -0.079398 0.888197 0.452550 0.749511 0.909980
  2 17.904792 0.761346 -0.325857 -0.662605 0.748602 -0.023458 0.720157 0.857143
female.bmp
  2 17.904792 0.761346 -0.325857 -0.662605 0.748602 -0.023458 0.720157 0.857143
  2 17.585746 0.669000 0.210316 -0.079398 0.888197 0.452550 0.749511 0.909980
  2 17.975106 0.597929 0.189167 -0.562467 0.668174 0.487007 0.765166 0.859100
female.bmp
  2 17.585746 0.669000 0.210316 -0.079398 0.888197 0.452550 0.749511 0.909980
  2 17.641449 0.275934 0.674855 0.041549 0.508972 0.859780 0.798434 0.908023
  2 17.975106 0.597929 0.189167 -0.562467 0.668174 0.487007 0.765166 0.859100
female.bmp
  2 17.975106 0.597929 0.189167 -0.562467 0.668174 0.487007 0.765166 0.859100
  2 17.641449 0.275934 0.674855 0.041549 0.508972 0.859780 0.798434 0.908023
  2 18.020646 0.225699 0.524237 -0.479923 0.395795 0.782956 0.806262 0.859100
female.bmp
  2 17.641449 0.275934 0.674855 0.041549 0.508972 0.859780 0.798434 0.908023
  2 17.660734 -0.274979 0.810217 0.025123 0.018143 0.999520 0.864971 0.908023
  2 18.020646 0.225699 0.524237 -0.479923 0.395795 0.782956 0.806262 0.859100
female.bmp
  2 18.020646 0.225699 0.524237 -0.479923 0.395795 0.782956 0.806262 0.859100
  2 17.660734 -0.274979 0.810217 0.025123 0.018143 0.999520 0.864971 0.908023
  2 18.031659 -0.285318 0.680571 -0.518750 0.043022 0.853843 0.864971 0.861057
female.bmp
  2 17.660734 -0.274979 0.810217 0.025123 0.018143 0.999520 0.864971 0.908023
  2 17.657625 -0.944088 0.665708 0.033819 -0.598190 0.800641 0.945205 0.908023
  2 18.031659 -0.285318 0.680571 -0.518750 0.043022 0.853843 0.864971 0.861057
female.bmp
  2 18.031659 -0.285318 0.680571 -0.518750 0.043022 0.853843 0.864971 0.861057
  2 17.657625 -0.944088 0.665708 0.033819 -0.598190 0.800641 0.945205 0.908023
  2 18.008042 -0.884312 0.528101 -0.552371 -0.471690 0.687310 0.941292 0.863014
female.bmp
  2 17.657625 -0.944088 0.665708 0.033819 -0.598190 0.800641 0.945205 0.908023
  2 17.959928 -1.092005 0.179462 -0.581522 -0.747863 0.320207 0.976517 0.863014
  2 18.008042 -0.884312 0.528101 -0.552371 -0.471690 0.687310 0.941292 0.863014
female.bmp
  2 18.008042 -0.884312 0.528101 -0.552371 -0.471690 0.687310 0.941292 0.863014
  2 17.959928 -1.092005 0.179462 -0.581522 -0.747863 0.320207 0.976517 0.863014
  2 18.022668 -0.904724 0.587003 -0.475130 -0.491000 0.730185 0.941292 0.859100
female.bmp
  2 17.959928 -1.092005 0.179462 -0.581522 -0.747863 0.320207 0.976517 0.863014
  2 17.969712 -1.152029 0.178303 -0.581522 -0.747863 0.320207 0.984344 0.859100
  2 18.022668 -0.904724 0.587003 -0.475130 -0.491000 0.730185 0.941292 0.859100
female.bmp
  2 18.022668 -0.904724 0.587003 -0.475130 -0.491000 0.730185 0.941292 0.859100
  2 17.969712 -1.152029 0.178303 -0.581522 -0.747863 0.320207 0.984344 0.859100
  2 18.311074 -0.875410 0.554405 0.691093 -0.443398 0.570779 0.937378 0.821918
female.bmp
  2 17.969712 -1.152029 0.178303 -0.581522 -0.747863 0.320207 0.984344 0.859100
  2 18.254878 -1.152457 0.105644 0.675279 -0.725959 0.130315 0.984344 0.821918
  2 18.311074 -0.875410 0.554405 0.691093 -0.443398 0.570779 0.937378 0.821918
female.bmp
  2 18.311074 -0.875410 0.554405 0.691093 -0.443398 0.570779 0.937378 0.821918
  2 18.254878 -1.152457 0.105644 0.675279 -0.725959 0.130315 0.984344 0.821918
  2 18.305661 -0.844961 0.484810 0.773368 -0.393002 0.497445 0.937378 0.816047
female.bmp
  2 18.254878 -1.152457 0.105644 0.675279 -0.725959 0.130315 0.984344 0.821918
  2 18.264338 -1.062422 0.095447 0.618971 -0.761350 0.192927 0.982387 0.816047
  2 18.305661 -0.844961 0.484810 0.773368 -0.393002 0.497445 0.937378 0.816047
female.bmp
  23 -22.588591 0.039723 0.166664 -0.166482 0.833563 0.526741 0.516634 0.569472
  24 -22.724848 0.030757 0.139272 -0.105981 0.869716 0.482039 0.518591 0.551859
  23 -22.569067 -0.122352 0.286874 -0.144202 0.275720 0.950360 0.540117 0.567515
female.bmp
  23 -22.569067 -0.122352 0.286874 -0.144202 0.275720 0.950360 0.540117 0.567515
  24 -22.724848 0.030757 0.139272 -0.105981 0.869716 0.482039 0.518591 0.551859
  24 -22.726803 -0.112700 0.254667 -0.071466 0.309500 0.948210 0.540117 0.551859
female.bmp
  24 -22.724848 0.030757 0.139272 -0.105981 0.869716 0.482039 0.518591 0.551859
  24 -23.874208 -0.021792 0.174054 -0.021094 0.866204 0.499246 0.518591 0.422701
  24 -22.726803 -0.112700 0.254667 -0.071466 0.309500 0.948210 0.540117 0.551859
female.bmp
  24 -22.726803 -0.112700 0.254667 -0.071466 0.309500 0.948210 0.540117 0.551859
  24 -23.874208 -0.021792 0.174054 -0.021094 0.866204 0.499246 0.518591 0.422701
  24 -23.865917 -0.174733 0.291698 0.012050 0.256258 0.966533 0.542074 0.420744
female.bmp
  24 -23.874208 -0.021792 0.174054 -0.021094 0.866204 0.499246 0.518591 0.422701
  25 -24.321840 -0.042973 0.192096 -0.031313 0.885625 0.463345 0.516634 0.363992
  24 -23.865917 -0.174733 0.291698 0.012050 0.256258 0.966533 0.542074 0.420744
female.bmp
  24 -23.865917 -0.174733 0.291698 0.012050 0.256258 0.966533 0.542074 0.420744
  25 -24.321840 -0.042973 0.192096 -0.031313 0.885625 0.463345 0.516634 0.363992
  25 -24.268345 -0.178937 0.293841 0.042556 0.828337 0.558612 0.542074 0.367906
female.bmp
  25 -24.321840 -0.042973 0.192096 -0.031313 0.885625 0.463345 0.516634 0.363992
  25 -24.789591 -0.121923 0.272568 -0.008613 0.613615 0.789559 0.530333 0.289628
  25 -24.268345 -0.178937 0.293841 0.042556 0.828337 0.558612 0.542074 0.367906
female.bmp
  25 -24.789591 -0.121923 0.272568 -0.008613 0.613615 0.789559 0.530333 0.289628
  25 -24.817940 -0.193492 0.314688 0.018615 0.260990 0.965162 0.544031 0.283757
  25 -24.268345 -0.178937 0.293841 0.841700 -0.021911 0.539500 0.542074 0.367906
female.bmp
  25 -24.817940 -0.193492 0.314688 0.018615 0.260990 0.965162 0.544031 0.283757
  25 -24.786481 -0.297459 0.313523 0.032510 -0.082418 0.996067 0.557730 0.289628
  25 -24.268345 -0.178937 0.293841 0.036391 -0.510139 0.859322 0.542074 0.367906
female.bmp
  25 -24.268345 -0.178937 0.293841 0.036391 -0.510139 0.859322 0.542074 0.367906
  25 -24.786481 -0.297459 0.313523 0.032510 -0.082418 0.996067 0.557730 0.289628
  25 -24.296054 -0.362165 0.274871 0.041307 -0.553843 0.831596 0.565558 0.363992
female.bmp
  25 -24.786481 -0.297459 0.313523 0.032510 -0.082418 0.996067 0.557730 0.289628
  25 -24.735851 -0.365570 0.291221 -0.312521 -0.554282 0.771429 0.571429 0.295499
  25 -24.296054 -0.362165 0.274871 0.041307 -0.553843 0.831596 0.565558 0.363992
female.bmp
  25 -24.296054 -0.362165 0.274871 0.041307 -0.553843 0.831596 0.565558 0.363992
  25 -24.735851 -0.365570 0.291221 -0.312521 -0.554282 0.771429 0.571429 0.295499
  25 -24.666513 -0.424286 0.193013 -0.172194 -0.952577 0.250889 0.583170 0.317025
female.bmp
  25 -24.735851 -0.365570 0.291221 -0.312521 -0.554282 0.771429 0.571429 0.295499
  25 -24.776774 -0.376214 0.221852 -0.781058 -0.578171 0.235936 0.571429 0.277886
  25 -24.666513 -0.424286 0.193013 -0.172194 -0.952577 0.250889 0.583170 0.317025
female.bmp
  19 -18.265893 -1.099984 0.037991 -0.621995 -0.756732 0.201195 0.982387 0.816047
  19 -18.266147 -1.189983 0.037759 -0.678778 -0.721031 0.139194 0.984344 0.821918
  19 -18.307189 -0.870871 0.426838 -0.770248 -0.386908 0.506971 0.937378 0.816047
female.bmp
  19 -18.307189 -0.870871 0.426838 -0.770248 -0.386908 0.506971 0.937378 0.816047
  19 -18.266147 -1.189983 0.037759 -0.678778 -0.721031 0.139194 0.984344 0.821918
  19 -18.311246 -0.911041 0.496623 -0.687476 -0.437785 0.579414 0.937378 0.821918
female.bmp
  19 -18.266147 -1.189983 0.037759 -0.678778 -0.721031 0.139194 0.984344 0.821918
  19 -17.970006 -1.191018 0.114567 0.579972 -0.751504 0.314441 0.984344 0.859100
  19 -18.311246 -0.911041 0.496623 -0.687476 -0.437785 0.579414 0.937378 0.821918
female.bmp
  19 -18.311246 -0.911041 0.496623 -0.687476 -0.437785 0.579414 0.937378 0.821918
  19 -17.970006 -1.191018 0.114567 0.579972 -0.751504 0.314441 0.984344 0.859100
  19 -18.022357 -0.941926 0.522870 0.480178 -0.493362 0.725274 0.941292 0.859100
female.bmp
  19 -17.970006 -1.191018 0.114567 0.579972 -0.751504 0.314441 0.984344 0.859100
  19 -17.959852 -1.131049 0.115285 0.579972 -0.751504 0.314441 0.976517 0.863014
  19 -18.022357 -0.941926 0.522870 0.480178 -0.493362 0.725274 0.941292 0.859100
female.bmp
  19 -18.022357 -0.941926 0.522870 0.480178 -0.493362 0.725274 0.941292 0.859100
  19 -17.959852 -1.131049 0.115285 0.579972 -0.751504 0.314441 0.976517 0.863014
  19 -17.999515 -0.921864 0.474129 0.557047 -0.474649 0.681474 0.941292 0.863014
female.bmp
  19 -17.959852 -1.131049 0.115285 0.579972 -0.751504 0.314441 0.976517 0.863014
  19 -17.656440 -0.983168 0.603519 -0.028659 -0.596887 0.801813 0.945205 0.908023
  19 -17.999515 -0.921864 0.474129 0.557047 -0.474649 0.681474 0.941292 0.863014
female.bmp
  19 -17.999515 -0.921864 0.474129 0.557047 -0.474649 0.681474 0.941292 0.863014
  19 -17.656440 -0.983168 0.603519 -0.028659 -0.596887 0.801813 0.945205 0.908023
  19 -18.025677 -0.322148 0.614331 0.528941 0.040498 0.847692 0.864971 0.861057
female.bmp
  19 -17.656440 -0.983168 0.603519 -0.028659 -0.596887 0.801813 0.945205 0.908023
  19 -17.641905 -0.313547 0.736173 -0.013328 0.019629 0.999718 0.864971 0.908023
  19 -18.025677 -0.322148 0.614331 0.528941 0.040498 0.847692 0.864971 0.861057
female.bmp
  19 -18.025677 -0.322148 0.614331 0.528941 0.040498 0.847692 0.864971 0.861057
  19 -17.641905 -0.313547 0.736173 -0.013328 0.019629 0.999718 0.864971 0.908023
  19 -18.015219 0.188236 0.455905 0.491784 0.393446 0.776755 0.806262 0.859100
female.bmp
  19 -17.641905 -0.313547 0.736173 -0.013328 0.019629 0.999718 0.864971 0.908023
  19 -17.633024 0.236763 0.607803 -0.027943 0.510378 0.859496 0.798434 0.908023
  19 -18.015219 0.188236 0.455905 0.491784 0.393446 0.776755 0.806262 0.859100
female.bmp
  19 -18.015219 0.188236 0.455905 0.491784 0.393446 0.776755 0.806262 0.859100
  19 -17.633024 0.236763 0.607803 -0.027943 0.510378 0.859496 0.798434 0.908023
  19 -17.965061 0.558968 0.119095 0.572793 0.664839 0.479476 0.765166 0.859100
female.bmp
  19 -17.633024 0.236763 0.607803 -0.027943 0.510378 0.859496 0.798434 0.908023
  19 -17.575485 0.627810 0.141250 0.090894 0.888211 0.450354 0.749511 0.909980
  19 -17.965061 0.558968 0.119095 0.572793 0.664839 0.479476 0.765166 0.859100
female.bmp
  19 -17.965061 0.558968 0.119095 0.572793 0.664839 0.479476 0.765166 0.859100
  19 -17.575485 0.627810 0.141250 0.090894 0.888211 0.450354 0.749511 0.909980
  19 -17.905325 0.730139 -0.397948 0.667514 0.743900 -0.032226 0.720157 0.857143
female.bmp
  19 -17.575485 0.627810 0.141250 0.090894 0.888211 0.450354 0.749511 0.909980
  19 -17.518172 0.738885 -0.336011 0.234286 0.965070 -0.117260 0.714286 0.909980
  19 -17.905325 0.730139 -0.397948 0.667514 0.743900 -0.032226 0.720157 0.857143
female.bmp
  15 19.389909 -2.007010 -0.516253 -0.417863 -0.371619 -0.829029 0.890411 0.798434
  15 19.145680 -1.456119 -0.580062 -0.457515 -0.199268 -0.866587 0.896282 0.755382
  15 20.039025 -1.770471 -0.526050 0.367142 -0.085559 -0.926222 0.833659 0.798434
female.bmp
  15 20.039025 -1.770471 -0.526050 0.367142 -0.085559 -0.926222 0.833659 0.798434
  15 19.145680 -1.456119 -0.580062 -0.457515 -0.199268 -0.866587 0.896282 0.755382
  2 20.155986 -0.889073 -0.606581 0.355461 0.054847 -0.933081 0.819961 0.727984
female.bmp
  15 19.145680 -1.456119 -0.580062 -0.457515 -0.199268 -0.866587 0.896282 0.755382
  15 19.006379 -0.848980 -0.550455 -0.314490 -0.258771 -0.913309 0.900196 0.694716
  2 20.155986 -0.889073 -0.606581 0.355461 0.054847 -0.933081 0.819961 0.727984
female.bmp
  2 20.155986 -0.889073 -0.606581 0.355461 0.054847 -0.933081 0.819961 0.727984
  15 19.006379 -0.848980 -0.550455 -0.314490 -0.258771 -0.913309 0.900196 0.694716
  2 19.830590 -0.070591 -0.608828 0.226250 -0.230101 -0.946501 0.833659 0.649706
female.bmp
  15 19.006379 -0.848980 -0.550455 -0.314490 -0.258771 -0.913309 0.900196 0.694716
  2 19.081233 -0.103404 -0.840106 0.113715 -0.172769 -0.978376 0.896282 0.639922
  2 19.830590 -0.070591 -0.608828 0.226250 -0.230101 -0.946501 0.833659 0.649706
female.bmp
  2 19.830590 -0.070591 -0.608828 0.226250 -0.230101 -0.946501 0.833659 0.649706
  2 19.081233 -0.103404 -0.840106 0.113715 -0.172769 -0.978376 0.896282 0.639922
  2 19.616438 0.262076 -0.890912 0.173288 -0.350615 -0.920348 0.843444 0.618395
female.bmp
  2 19.081233 -0.103404 -0.840106 0.113715 -0.172769 -0.978376 0.896282 0.639922
  2 19.040311 0.554866 -0.974289 -0.129728 0.167234 -0.977345 0.884540 0.573386
  2 19.616438 0.262076 -0.890912 0.173288 -0.350615 -0.920348 0.843444 0.618395
female.bmp
  2 19.616438 0.262076 -0.890912 0.173288 -0.350615 -0.920348 0.843444 0.618395
  2 19.040311 0.554866 -0.974289 -0.129728 0.167234 -0.977345 0.884540 0.573386
  2 19.321317 0.615099 -0.991805 -0.051501 0.126084 -0.990682 0.857143 0.573386
female.bmp
  2 19.040311 0.554866 -0.974289 -0.129728 0.167234 -0.977345 0.884540 0.573386
  2 19.143132 0.955084 -0.745918 -0.276295 0.673422 -0.685685 0.868885 0.532290
  2 19.321317 0.615099 -0.991805 -0.051501 0.126084 -0.990682 0.857143 0.573386
female.bmp
  2 19.321317 0.615099 -0.991805 -0.051501 0.126084 -0.990682 0.857143 0.573386
  2 19.143132 0.955084 -0.745918 -0.276295 0.673422 -0.685685 0.868885 0.532290
  2 20.206570 1.080089 -0.890742 -0.056645 0.187715 -0.980589 0.774951 0.549902
female.bmp
  2 19.143132 0.955084 -0.745918 -0.276295 0.673422 -0.685685 0.868885 0.532290
  2 20.225482 1.480457 -0.694917 -0.238596 0.842063 -0.483737 0.769080 0.508806
  2 20.206570 1.080089 -0.890742 -0.056645 0.187715 -0.980589 0.774951 0.549902
female.bmp
  2 20.206570 1.080089 -0.890742 -0.056645 0.187715 -0.980589 0.774951 0.549902
  2 20.225482 1.480457 -0.694917 -0.238596 0.842063 -0.483737 0.769080 0.508806
  12 20.718737 1.352753 -0.483282 0.047741 0.358125 -0.932452 0.737769 0.536204
female.bmp
  2 20.225482 1.480457 -0.694917 -0.238596 0.842063 -0.483737 0.769080 0.508806
  12 20.666711 1.598463 -0.183416 -0.191827 0.939787 -0.282849 0.733855 0.495108
  12 20.718737 1.352753 -0.483282 0.047741 0.358125 -0.932452 0.737769 0.536204
female.bmp
  12 20.718737 1.352753 -0.483282 0.047741 0.358125 -0.932452 0.737769 0.536204
  12 20.666711 1.598463 -0.183416 -0.191827 0.939787 -0.282849 0.733855 0.495108
  12 21.532890 1.832949 -0.139239 0.245309 0.886354 -0.392683 0.657534 0.487280
female.bmp
  31 -23.203836 2.159396 0.064204 -0.915803 -0.262802 0.303710 0.571429 0.277886
  31 -23.139454 2.279726 0.111905 -0.670507 0.471072 0.573159 0.544031 0.273973
  31 -23.206255 2.286350 0.019744 -0.911611 0.408748 0.043467 0.544031 0.266145
female.bmp
  31 -23.206255 2.286350 0.019744 -0.911611 0.408748 0.043467 0.544031 0.266145
  31 -23.139454 2.279726 0.111905 -0.670507 0.471072 0.573159 0.544031 0.273973
  31 -23.136325 2.357412 -0.012815 -0.490974 0.855688 -0.163530 0.522505 0.272016
female.bmp
  31 -23.139454 2.279726 0.111905 -0.670507 0.471072 0.573159 0.544031 0.273973
  31 -23.062117 2.360296 0.045365 0.093446 0.926962 0.363332 0.518591 0.295499
  31 -23.136325 2.357412 -0.012815 -0.490974 0.855688 -0.163530 0.522505 0.272016
female.bmp
  31 -23.136325 2.357412 -0.012815 -0.490974 0.855688 -0.163530 0.522505 0.272016
  31 -23.062117 2.360296 0.045365 0.093446 0.926962 0.363332 0.518591 0.295499
  31 -23.034056 2.359486 -0.028200 0.122691 0.946855 -0.297343 0.504892 0.313112
female.bmp
  31 -23.062117 2.360296 0.045365 0.093446 0.926962 0.363332 0.518591 0.295499
  31 -22.757558 2.252503 0.040387 0.315832 0.854686 0.412022 0.516634 0.363992
  31 -23.034056 2.359486 -0.028200 0.122691 0.946855 -0.297343 0.504892 0.313112
female.bmp
  31 -23.034056 2.359486 -0.028200 0.122691 0.946855 -0.297343 0.504892 0.313112
  31 -22.757558 2.252503 0.040387 0.315832 0.854686 0.412022 0.516634 0.363992
  30 -22.396924 2.129929 -0.058193 0.328301 0.905177 -0.269950 0.504892 0.432485
female.bmp
  31 -22.757558 2.252503 0.040387 0.315832 0.854686 0.412022 0.516634 0.363992
  30 -22.447164 2.123767 0.072336 0.314168 0.798206 0.513971 0.518591 0.422701
  30 -22.396924 2.129929 -0.058193 0.328301 0.905177 -0.269950 0.504892 0.432485
female.bmp
  30 -22.396924 2.129929 -0.058193 0.328301 0.905177 -0.269950 0.504892 0.432485
  30 -22.447164 2.123767 0.072336 0.314168 0.798206 0.513971 0.518591 0.422701
  29 -21.674689 1.833446 0.024350 0.328495 0.831610 0.447790 0.518591 0.551859
female.bmp
  30 -22.447164 2.123767 0.072336 0.314168 0.798206 0.513971 0.518591 0.422701
  29 -21.754570 1.692716 0.118234 0.198802 0.239514 0.950321 0.540117 0.551859
  29 -21.674689 1.833446 0.024350 0.328495 0.831610 0.447790 0.518591 0.551859
female.bmp
  29 -21.674689 1.833446 0.024350 0.328495 0.831610 0.447790 0.518591 0.551859
  29 -21.754570 1.692716 0.118234 0.198802 0.239514 0.950321 0.540117 0.551859
  29 -21.675510 1.650095 0.106703 0.198802 0.239514 0.950321 0.540117 0.567515
female.bmp
  29 -21.754570 1.692716 0.118234 0.198802 0.239514 0.950321 0.540117 0.551859
  29 -21.790678 1.553564 0.133496 -0.139309 -0.240154 0.960687 0.565558 0.551859
  29 -21.675510 1.650095 0.106703 0.198802 0.239514 0.950321 0.540117 0.567515
female.bmp
  29 -21.675510 1.650095 0.106703 0.198802 0.239514 0.950321 0.540117 0.567515
  29 -21.790678 1.553564 0.133496 -0.139309 -0.240154 0.960687 0.565558 0.551859
  29 -21.726858 1.524252 0.141728 -0.241771 -0.180678 0.953364 0.567515 0.565558
female.bmp
  29 -21.790678 1.553564 0.133496 -0.139309 -0.240154 0.960687 0.565558 0.551859
  29 -21.827587 1.397032 0.008054 -0.457110 -0.833016 0.311664 0.590998 0.559687
  29 -21.726858 1.524252 0.141728 -0.241771 -0.180678 0.953364 0.567515 0.565558
female.bmp
  29 -21.726858 1.524252 0.141728 -0.241771 -0.180678 0.953364 0.567515 0.565558
  29 -21.827587 1.397032 0.008054 -0.457110 -0.833016 0.311664 0.590998 0.559687
  29 -21.769382 1.356894 0.009128 -0.514565 -0.812552 0.273830 0.590998 0.571429
female.bmp
  33 -20.359052 -3.061555 -0.218871 -0.573328 -0.146987 -0.806034 0.712329 0.980431
  34 -20.450986 -3.210717 -0.119197 -0.874732 0.012906 -0.484434 0.700587 0.951076
  33 -20.467290 -3.024898 -0.025116 -0.989916 0.039879 -0.135927 0.694716 0.984344
female.bmp
  33 -20.467290 -3.024898 -0.025116 -0.989916 0.039879 -0.135927 0.694716 0.984344
  34 -20.450986 -3.210717 -0.119197 -0.874732 0.012906 -0.484434 0.700587 0.951076
  34 -20.455142 -3.217155 0.130886 -0.957767 0.058361 0.281562 0.681018 0.964775
female.bmp
  34 -20.450986 -3.210717 -0.119197 -0.874732 0.012906 -0.484434 0.700587 0.951076
  34 -20.498496 -3.678317 0.184271 -0.973112 0.045409 0.225813 0.659491 0.908023
  34 -20.455142 -3.217155 0.130886 -0.957767 0.058361 0.281562 0.681018 0.964775
female.bmp
  34 -20.455142 -3.217155 0.130886 -0.957767 0.058361 0.281562 0.681018 0.964775
  34 -20.498496 -3.678317 0.184271 -0.973112 0.045409 0.225813 0.659491 0.908023
  34 -20.410691 -3.585152 0.326083 -0.542063 0.076270 0.836870 0.647750 0.921722
female.bmp
  34 -20.498496 -3.678317 0.184271 -0.973112 0.045409 0.225813 0.659491 0.908023
  34 -20.454581 -4.139204 0.325885 -0.793590 -0.340900 0.503987 0.636008 0.878669
  34 -20.410691 -3.585152 0.326083 -0.542063 0.076270 0.836870 0.647750 0.921722
female.bmp
  34 -20.410691 -3.585152 0.326083 -0.542063 0.076270 0.836870 0.647750 0.921722
  34 -20.454581 -4.139204 0.325885 -0.793590 -0.340900 0.503987 0.636008 0.878669
  34 -20.342342 -4.156963 0.392871 -0.053495 -0.391642 0.918561 0.618395 0.878669
female.bmp
  34 -20.454581 -4.139204 0.325885 -0.793590 -0.340900 0.503987 0.636008 0.878669
  34 -20.240066 -4.280890 0.255826 -0.002294 -0.975951 0.217976 0.602740 0.864971
  34 -20.342342 -4.156963 0.392871 -0.053495 -0.391642 0.918561 0.618395 0.878669
female.bmp
  34 -20.342342 -4.156963 0.392871 -0.053495 -0.391642 0.918561 0.618395 0.878669
  34 -20.240066 -4.280890 0.255826 -0.002294 -0.975951 0.217976 0.602740 0.864971
  34 -20.201592 -4.262831 0.285720 0.536024 -0.660892 0.525262 0.602740 0.870841
female.bmp
  34 -20.240066 -4.280890 0.255826 -0.002294 -0.975951 0.217976 0.602740 0.864971
  34 -20.143030 -4.222814 0.075794 0.724249 -0.639263 -0.258469 0.581213 0.880626
  34 -20.201592 -4.262831 0.285720 0.536024 -0.660892 0.525262 0.602740 0.870841
female.bmp
  34 -20.201592 -4.262831 0.285720 0.536024 -0.660892 0.525262 0.602740 0.870841
  34 -20.143030 -4.222814 0.075794 0.724249 -0.639263 -0.258469 0.581213 0.880626
  34 -20.076964 -3.711900 0.214005 0.763386 -0.325919 0.557690 0.600783 0.921722
female.bmp
  34 -20.143030 -4.222814 0.075794 0.724249 -0.639263 -0.258469 0.581213 0.880626
  34 -20.018225 -3.703482 0.002868 0.930885 -0.328051 -0.160736 0.581213 0.925636
  34 -20.076964 -3.711900 0.214005 0.763386 -0.325919 0.557690 0.600783 0.921722
female.bmp
  34 -20.076964 -3.711900 0.214005 0.763386 -0.325919 0.557690 0.600783 0.921722
  34 -20.018225 -3.703482 0.002868 0.930885 -0.328051 -0.160736 0.581213 0.925636
  34 -20.039310 -3.661097 0.215139 0.741141 -0.422438 0.521782 0.600783 0.929550
female.bmp
  34 -20.018225 -3.703482 0.002868 0.930885 -0.328051 -0.160736 0.581213 0.925636
  34 -19.838055 -3.246132 -0.013553 0.928990 -0.346381 -0.130377 0.577299 0.980431
  34 -20.039310 -3.661097 0.215139 0.741141 -0.422438 0.521782 0.600783 0.929550
female.bmp
  34 -20.039310 -3.661097 0.215139 0.741141 -0.422438 0.521782 0.600783 0.929550
  34 -19.838055 -3.246132 -0.013553 0.928990 -0.346381 -0.130377 0.577299 0.980431
  34 -19.881039 -3.207432 0.209055 0.850720 -0.274018 0.448541 0.602740 0.982387
female.bmp
  26 -22.155490 -1.355250 -0.290204 0.058806 -0.798231 -0.599474 0.645793 0.013699
  26 -21.164005 -1.303274 -0.026469 -0.068171 -0.962093 0.264062 0.727984 0.052838
  26 -22.177863 -1.386047 -0.014612 0.080961 -0.957336 0.277403 0.636008 0.031311
female.bmp
  26 -22.177863 -1.386047 -0.014612 0.080961 -0.957336 0.277403 0.636008 0.031311
  26 -21.164005 -1.303274 -0.026469 -0.068171 -0.962093 0.264062 0.727984 0.052838
  26 -21.036247 -1.066616 0.329299 -0.083031 -0.550552 0.830662 0.735812 0.076321
female.bmp
  26 -21.164005 -1.303274 -0.026469 -0.068171 -0.962093 0.264062 0.727984 0.052838
  26 -20.813519 -1.368416 0.028451 -0.285746 -0.881096 0.376853 0.765166 0.052838
  26 -21.036247 -1.066616 0.329299 -0.083031 -0.550552 0.830662 0.735812 0.076321
female.bmp
  26 -21.036247 -1.066616 0.329299 -0.083031 -0.550552 0.830662 0.735812 0.076321
  26 -20.813519 -1.368416 0.028451 -0.285746 -0.881096 0.376853 0.765166 0.052838
  19 -20.449836 -1.154324 0.486185 -0.109003 -0.404349 0.908086 0.786693 0.080235
female.bmp
  26 -20.813519 -1.368416 0.028451 -0.285746 -0.881096 0.376853 0.765166 0.052838
  32 -20.364081 -1.426664 0.402097 -0.646012 -0.276158 0.711622 0.814090 0.039139
  19 -20.449836 -1.154324 0.486185 -0.109003 -0.404349 0.908086 0.786693 0.080235
female.bmp
  19 -20.449836 -1.154324 0.486185 -0.109003 -0.404349 0.908086 0.786693 0.080235
  32 -20.364081 -1.426664 0.402097 -0.646012 -0.276158 0.711622 0.814090 0.039139
  19 -19.871102 -0.827999 0.588062 -0.014648 -0.151362 0.988370 0.833659 0.113503
female.bmp
  32 -20.364081 -1.426664 0.402097 -0.646012 -0.276158 0.711622 0.814090 0.039139
  32 -20.024754 -1.437059 0.628258 -0.313874 -0.084167 0.945727 0.847358 0.046967
  19 -19.871102 -0.827999 0.588062 -0.014648 -0.151362 0.988370 0.833659 0.113503
female.bmp
  19 -19.871102 -0.827999 0.588062 -0.014648 -0.151362 0.988370 0.833659 0.113503
  32 -20.024754 -1.437059 0.628258 -0.313874 -0.084167 0.945727 0.847358 0.046967
  19 -18.900835 -0.829531 0.506333 0.161705 -0.337652 0.927277 0.915851 0.119374
female.bmp
  32 -20.024754 -1.437059 0.628258 -0.313874 -0.084167 0.945727 0.847358 0.046967
  32 -19.360150 -1.229127 0.691237 0.143997 -0.253387 0.956588 0.902153 0.062622
  19 -18.900835 -0.829531 0.506333 0.161705 -0.337652 0.927277 0.915851 0.119374
female.bmp
  19 -18.900835 -0.829531 0.506333 0.161705 -0.337652 0.927277 0.915851 0.119374
  32 -19.360150 -1.229127 0.691237 0.143997 -0.253387 0.956588 0.902153 0.062622
  19 -18.684440 -1.260532 0.034304 0.472656 -0.738395 0.481008 0.943249 0.080235
female.bmp
  32 -19.360150 -1.229127 0.691237 0.143997 -0.253387 0.956588 0.902153 0.062622
  32 -19.150488 -1.769143 0.401366 0.570296 -0.459686 0.680772 0.921722 0.031311
  19 -18.684440 -1.260532 0.034304 0.472656 -0.738395 0.481008 0.943249 0.080235
female.bmp
  19 -18.684440 -1.260532 0.034304 0.472656 -0.738395 0.481008 0.943249 0.080235
  32 -19.150488 -1.769143 0.401366 0.570296 -0.459686 0.680772 0.921722 0.031311
  19 -18.669988 -1.332034 -0.246728 0.695245 -0.718368 -0.024100 0.954990 0.070450
female.bmp
  32 -19.150488 -1.769143 0.401366 0.570296 -0.459686 0.680772 0.921722 0.031311
  32 -18.945443 -1.830945 0.002447 0.850925 -0.524335 -0.031605 0.943249 0.021526
  19 -18.669988 -1.332034 -0.246728 0.695245 -0.718368 -0.024100 0.954990 0.070450
female.bmp
  19 -18.669988 -1.332034 -0.246728 0.695245 -0.718368 -0.024100 0.954990 0.070450
  32 -18.945443 -1.830945 0.002447 0.850925 -0.524335 -0.031605 0.943249 0.021526
  19 -18.668004 -1.207304 -0.533848 0.590589 -0.478773 -0.649601 0.964775 0.060665
female.bmp
  19 -17.641905 -0.313547 0.736173 -0.013328 0.019629 0.999718 0.166341 0.870841
  19 -17.656440 -0.983168 0.603519 -0.028659 -0.596887 0.801813 0.150685 0.927593
  19 -17.611361 -0.303612 0.727905 0.810501 0.001459 0.585736 0.162427 0.868885
female.bmp
  19 -17.611361 -0.303612 0.727905 0.810501 0.001459 0.585736 0.162427 0.868885
  19 -17.656440 -0.983168 0.603519 -0.028659 -0.596887 0.801813 0.150685 0.927593
  19 -17.615912 -0.973263 0.595814 0.756466 -0.325454 0.567308 0.146771 0.923679
female.bmp
  19 -17.656440 -0.983168 0.603519 -0.028659 -0.596887 0.801813 0.150685 0.927593
  19 -17.623495 -1.232178 0.184105 0.026607 -0.962386 0.270381 0.113503 0.945205
  19 -17.615912 -0.973263 0.595814 0.756466 -0.325454 0.567308 0.146771 0.923679
female.bmp
  19 -17.615912 -0.973263 0.595814 0.756466 -0.325454 0.567308 0.146771 0.923679
  19 -17.623495 -1.232178 0.184105 0.026607 -0.962386 0.270381 0.113503 0.945205
  19 -17.583503 -1.212297 0.186410 0.815233 -0.540343 0.208384 0.111546 0.941292
female.bmp
  19 -17.623495 -1.232178 0.184105 0.026607 -0.962386 0.270381 0.113503 0.945205
  19 -17.606589 -1.231451 -0.115418 0.082026 -0.970444 -0.226959 0.088063 0.943249
  19 -17.583503 -1.212297 0.186410 0.815233 -0.540343 0.208384 0.111546 0.941292
female.bmp
  19 -17.583503 -1.212297 0.186410 0.815233 -0.540343 0.208384 0.111546 0.941292
  19 -17.606589 -1.231451 -0.115418 0.082026 -0.970444 -0.226959 0.088063 0.943249
  19 -17.566624 -1.221570 -0.113138 0.833657 -0.539047 -0.120188 0.088063 0.939335
female.bmp
  19 -17.606589 -1.231451 -0.115418 0.082026 -0.970444 -0.226959 0.088063 0.943249
  19 -17.569207 -1.050784 -0.413347 0.870284 -0.440584 -0.220208 0.064579 0.923679
  19 -17.566624 -1.221570 -0.113138 0.833657 -0.539047 -0.120188 0.088063 0.939335
female.bmp
  19 -17.566624 -1.221570 -0.113138 0.833657 -0.539047 -0.120188 0.088063 0.939335
  19 -17.569207 -1.050784 -0.413347 0.870284 -0.440584 -0.220208 0.064579 0.923679
  19 -17.577031 -1.171565 -0.103589 0.908525 0.398002 0.127186 0.088063 0.935421
female.bmp
  19 -17.569207 -1.050784 -0.413347 0.870284 -0.440584 -0.220208 0.064579 0.923679
  19 -17.570220 -1.010833 -0.393276 0.895396 0.314758 0.314950 0.064579 0.919765
  19 -17.577031 -1.171565 -0.103589 0.908525 0.398002 0.127186 0.088063 0.935421
female.bmp
  19 -17.577031 -1.171565 -0.103589 0.908525 0.398002 0.127186 0.088063 0.935421
  19 -17.570220 -1.010833 -0.393276 0.895396 0.314758 0.314950 0.064579 0.919765
  19 -17.734050 -0.860554 -0.322030 0.676591 0.548118 0.491723 0.072407 0.909980
female.bmp
  19 -17.570220 -1.010833 -0.393276 0.895396 0.314758 0.314950 0.064579 0.919765
  19 -17.548907 -0.790404 -0.581841 0.843088 0.247863 0.477250 0.050881 0.902153
  19 -17.734050 -0.860554 -0.322030 0.676591 0.548118 0.491723 0.072407 0.909980
female.bmp
  19 -17.734050 -0.860554 -0.322030 0.676591 0.548118 0.491723 0.072407 0.909980
  19 -17.548907 -0.790404 -0.581841 0.843088 0.247863 0.477250 0.050881 0.902153
  19 -17.763784 -0.640024 -0.493445 0.542496 0.445637 0.712113 0.058708 0.892368
female.bmp
  19 -17.548907 -0.790404 -0.581841 0.843088 0.247863 0.477250 0.050881 0.902153
  19 -17.531397 -0.520144 -0.700387 0.718594 0.654780 0.234278 0.043053 0.878669
  19 -17.763784 -0.640024 -0.493445 0.542496 0.445637 0.712113 0.058708 0.892368
female.bmp
  19 -17.763784 -0.640024 -0.493445 0.542496 0.445637 0.712113 0.058708 0.892368
  19 -17.531397 -0.520144 -0.700387 0.718594 0.654780 0.234278 0.043053 0.878669
  19 -17.806771 -0.379611 -0.605414 0.750061 0.075610 0.657033 0.050881 0.868885
female.bmp
  18 -5.890444 -2.213380 0.764490 -0.126824 -0.891846 0.434196 0.009785 0.726027
  18 -5.864946 -2.293228 -0.025367 -0.128635 -0.969442 -0.208889 0.054795 0.722114
  18 -2.077503 -2.594944 0.778153 -0.126824 -0.891846 0.434196 0.013699 0.853229
female.bmp
  18 -2.077503 -2.594944 0.778153 -0.126824 -0.891846 0.434196 0.013699 0.853229
  18 -5.864946 -2.293228 -0.025367 -0.128635 -0.969442 -0.208889 0.054795 0.722114
  18 -2.052439 -2.674792 0.058295 -0.128635 -0.969442 -0.208889 0.060665 0.847358
female.bmp
  18 -5.864946 -2.293228 -0.025367 -0.128635 -0.969442 -0.208889 0.054795 0.722114
  18 -5.793120 -1.772720 -0.944938 -0.069323 -0.586289 -0.807130 0.099804 0.722114
  18 -2.052439 -2.674792 0.058295 -0.128635 -0.969442 -0.208889 0.060665 0.847358
female.bmp
  18 -2.052439 -2.674792 0.058295 -0.128635 -0.969442 -0.208889 0.060665 0.847358
  18 -5.793120 -1.772720 -0.944938 -0.069323 -0.586289 -0.807130 0.099804 0.722114
  18 -1.990597 -2.264356 -0.731336 -0.035127 -0.613627 -0.788814 0.103718 0.849315
female.bmp
  18 -5.793120 -1.772720 -0.944938 -0.069323 -0.586289 -0.807130 0.099804 0.722114
  18 -5.679145 -0.781853 -1.164235 0.037445 0.201245 -0.978825 0.176125 0.720157
  18 -1.990597 -2.264356 -0.731336 -0.035127 -0.613627 -0.788814 0.103718 0.849315
female.bmp
  18 -1.990597 -2.264356 -0.731336 -0.035127 -0.613627 -0.788814 0.103718 0.849315
  18 -5.679145 -0.781853 -1.164235 0.037445 0.201245 -0.978825 0.176125 0.720157
  18 -1.876387 -1.313487 -0.940632 0.079261 0.179060 -0.980640 0.168297 0.847358
female.bmp
  18 -5.679145 -0.781853 -1.164235 0.037445 0.201245 -0.978825 0.176125 0.720157
  18 -5.599960 0.118794 -0.503731 0.123054 0.814256 -0.567313 0.232877 0.726027
  18 -1.876387 -1.313487 -0.940632 0.079261 0.179060 -0.980640 0.168297 0.847358
female.bmp
  18 -1.876387 -1.313487 -0.940632 0.079261 0.179060 -0.980640 0.168297 0.847358
  18 -5.599960 0.118794 -0.503731 0.123054 0.814256 -0.567313 0.232877 0.726027
  18 -1.805562 -0.532912 -0.400182 0.152015 0.798208 -0.582886 0.236791 0.851272
female.bmp
  18 -5.599960 0.118794 -0.503731 0.123054 0.814256 -0.567313 0.232877 0.726027
  18 -5.587921 0.378936 0.466362 0.144876 0.986295 0.078948 0.289628 0.727984
  18 -1.805562 -0.532912 -0.400182 0.152015 0.798208 -0.582886 0.236791 0.851272
female.bmp
  18 -1.805562 -0.532912 -0.400182 0.152015 0.798208 -0.582886 0.236791 0.851272
  18 -5.587921 0.378936 0.466362 0.144876 0.986295 0.078948 0.289628 0.727984
  18 -1.792950 -0.282770 0.489914 0.144876 0.986295 0.078948 0.289628 0.853229
female.bmp
  18 -5.587921 0.378936 0.466362 0.144876 0.986295 0.078948 0.289628 0.727984
  18 -5.640172 0.048572 1.226053 0.088271 0.677803 0.729925 0.342466 0.727984
  18 -1.792950 -0.282770 0.489914 0.144876 0.986295 0.078948 0.289628 0.853229
female.bmp
  18 -1.792950 -0.282770 0.489914 0.144876 0.986295 0.078948 0.289628 0.853229
  18 -5.640172 0.048572 1.226053 0.088271 0.677803 0.729925 0.342466 0.727984
  18 -1.845104 -0.593134 1.209604 0.120132 0.650622 0.749839 0.338552 0.853229
female.bmp
  18 -5.640172 0.048572 1.226053 0.088271 0.677803 0.729925 0.342466 0.727984
  18 -5.725838 -0.782076 1.525527 0.004749 0.111784 0.993721 0.381605 0.727984
  18 -1.845104 -0.593134 1.209604 0.120132 0.650622 0.749839 0.338552 0.853229
female.bmp
  18 -1.845104 -0.593134 1.209604 0.120132 0.650622 0.749839 0.338552 0.853229
  18 -5.725838 -0.782076 1.525527 0.004749 0.111784 0.993721 0.381605 0.727984
  18 -1.931168 -1.303786 1.429074 0.037246 0.077844 0.996270 0.381605 0.855186
female.bmp
  16 20.449536 -3.016300 -0.022071 0.991711 0.008349 -0.128216 0.694716 0.984344
  17 20.423799 -3.203240 0.138266 0.956862 0.031624 0.288818 0.681018 0.964775
  17 20.429955 -3.203021 -0.111658 0.878499 -0.018267 -0.477395 0.700587 0.951076
female.bmp
  17 20.429955 -3.203021 -0.111658 0.878499 -0.018267 -0.477395 0.700587 0.951076
  17 20.423799 -3.203240 0.138266 0.956862 0.031624 0.288818 0.681018 0.964775
  17 20.447292 -3.665869 0.198457 0.972241 0.017703 0.233310 0.659491 0.908023
female.bmp
  17 20.423799 -3.203240 0.138266 0.956862 0.031624 0.288818 0.681018 0.964775
  17 20.364167 -3.575173 0.336532 0.537550 0.067301 0.840542 0.647750 0.921722
  17 20.447292 -3.665869 0.198457 0.972241 0.017703 0.233310 0.659491 0.908023
female.bmp
  17 20.447292 -3.665869 0.198457 0.972241 0.017703 0.233310 0.659491 0.908023
  17 20.364167 -3.575173 0.336532 0.537550 0.067301 0.840542 0.647750 0.921722
  17 20.405614 -4.126791 0.337069 0.778787 -0.360384 0.513434 0.636008 0.878669
female.bmp
  17 20.364167 -3.575173 0.336532 0.537550 0.067301 0.840542 0.647750 0.921722
  17 20.283275 -4.142444 0.404064 0.034247 -0.384695 0.922408 0.618395 0.878669
  17 20.405614 -4.126791 0.337069 0.778787 -0.360384 0.513434 0.636008 0.878669
female.bmp
  17 20.405614 -4.126791 0.337069 0.778787 -0.360384 0.513434 0.636008 0.878669
  17 20.283275 -4.142444 0.404064 0.034247 -0.384695 0.922408 0.618395 0.878669
  17 20.185232 -4.256536 0.271510 -0.029320 -0.973536 0.226645 0.602740 0.864971
female.bmp
  17 20.283275 -4.142444 0.404064 0.034247 -0.384695 0.922408 0.618395 0.878669
  17 20.140430 -4.248997 0.300422 -0.560134 -0.639378 0.526731 0.602740 0.870841
  17 20.185232 -4.256536 0.271510 -0.029320 -0.973536 0.226645 0.602740 0.864971
female.bmp
  17 20.185232 -4.256536 0.271510 -0.029320 -0.973536 0.226645 0.602740 0.864971
  17 20.140430 -4.248997 0.300422 -0.560134 -0.639378 0.526731 0.602740 0.870841
  17 20.080393 -4.205855 0.088917 -0.741440 -0.619160 -0.258667 0.581213 0.880626
female.bmp
  17 20.140430 -4.248997 0.300422 -0.560134 -0.639378 0.526731 0.602740 0.870841
  17 20.037751 -3.695533 0.218353 -0.777373 -0.297333 0.554333 0.600783 0.921722
  17 20.080393 -4.205855 0.088917 -0.741440 -0.619160 -0.258667 0.581213 0.880626
female.bmp
  17 20.080393 -4.205855 0.088917 -0.741440 -0.619160 -0.258667 0.581213 0.880626
  17 20.037751 -3.695533 0.218353 -0.777373 -0.297333 0.554333 0.600783 0.921722
  17 19.976826 -3.684001 0.006799 -0.939206 -0.300897 -0.165390 0.581213 0.925636
female.bmp
  17 20.037751 -3.695533 0.218353 -0.777373 -0.297333 0.554333 0.600783 0.921722
  17 19.998108 -3.634328 0.227434 -0.757815 -0.394809 0.519464 0.600783 0.929550
  17 19.976826 -3.684001 0.006799 -0.939206 -0.300897 -0.165390 0.581213 0.925636
female.bmp
  17 19.976826 -3.684001 0.006799 -0.939206 -0.300897 -0.165390 0.581213 0.925636
  17 19.998108 -3.634328 0.227434 -0.757815 -0.394809 0.519464 0.600783 0.929550
  17 19.816130 -3.220760 -0.006757 -0.938111 -0.319000 -0.134855 0.577299 0.980431
female.bmp
  17 19.998108 -3.634328 0.227434 -0.757815 -0.394809 0.519464 0.600783 0.929550
  17 19.853016 -3.187327 0.204244 -0.862216 -0.243781 0.444020 0.602740 0.982387
  17 19.816130 -3.220760 -0.006757 -0.938111 -0.319000 -0.134855 0.577299 0.980431
female.bmp
  14 23.199860 2.308877 0.114049 0.908537 0.410562 0.077456 0.544031 0.266145
  14 23.130719 2.380242 0.080488 0.492909 0.859503 -0.135264 0.522505 0.272016
  14 23.130318 2.300629 0.204026 0.651286 0.463943 0.600486 0.544031 0.273973
female.bmp
  14 23.130318 2.300629 0.204026 0.651286 0.463943 0.600486 0.544031 0.273973
  14 23.130719 2.380242 0.080488 0.492909 0.859503 -0.135264 0.522505 0.272016
  14 23.054772 2.382011 0.136426 -0.107440 0.920919 0.374652 0.518591 0.295499
female.bmp
  14 23.130719 2.380242 0.080488 0.492909 0.859503 -0.135264 0.522505 0.272016
  14 23.038685 2.384148 0.051947 -0.116707 0.951031 -0.286215 0.504892 0.313112
  14 23.054772 2.382011 0.136426 -0.107440 0.920919 0.374652 0.518591 0.295499
female.bmp
  14 23.054772 2.382011 0.136426 -0.107440 0.920919 0.374652 0.518591 0.295499
  14 23.038685 2.384148 0.051947 -0.116707 0.951031 -0.286215 0.504892 0.313112
  14 22.750858 2.273460 0.120529 -0.330962 0.847272 0.415445 0.516634 0.363992
female.bmp
  14 23.038685 2.384148 0.051947 -0.116707 0.951031 -0.286215 0.504892 0.313112
  13 22.389449 2.156995 0.016479 -0.322915 0.908358 -0.265727 0.504892 0.432485
  14 22.750858 2.273460 0.120529 -0.330962 0.847272 0.415445 0.516634 0.363992
female.bmp
  14 22.750858 2.273460 0.120529 -0.330962 0.847272 0.415445 0.516634 0.363992
  13 22.389449 2.156995 0.016479 -0.322915 0.908358 -0.265727 0.504892 0.432485
  13 22.436998 2.146759 0.138685 -0.332207 0.789214 0.516508 0.518591 0.422701
female.bmp
  13 22.389449 2.156995 0.016479 -0.322915 0.908358 -0.265727 0.504892 0.432485
  12 21.676076 1.850065 0.072668 -0.327756 0.831854 0.447878 0.518591 0.551859
  13 22.436998 2.146759 0.138685 -0.332207 0.789214 0.516508 0.518591 0.422701
female.bmp
  13 22.436998 2.146759 0.138685 -0.332207 0.789214 0.516508 0.518591 0.422701
  12 21.676076 1.850065 0.072668 -0.327756 0.831854 0.447878 0.518591 0.551859
  12 21.752832 1.715762 0.154347 -0.198647 0.239570 0.950340 0.540117 0.551859
female.bmp
  12 21.676076 1.850065 0.072668 -0.327756 0.831854 0.447878 0.518591 0.551859
  12 21.676722 1.666704 0.154997 -0.198647 0.239570 0.950340 0.540117 0.567515
  12 21.752832 1.715762 0.154347 -0.198647 0.239570 0.950340 0.540117 0.551859
female.bmp
  12 21.752832 1.715762 0.154347 -0.198647 0.239570 0.950340 0.540117 0.551859
  12 21.676722 1.666704 0.154997 -0.198647 0.239570 0.950340 0.540117 0.567515
  12 21.797744 1.581062 0.169800 0.139021 -0.240408 0.960665 0.565558 0.551859
female.bmp
  12 21.676722 1.666704 0.154997 -0.198647 0.239570 0.950340 0.540117 0.567515
  12 21.724963 1.547321 0.177817 0.241541 -0.181026 0.953356 0.567515 0.565558
  12 21.797744 1.581062 0.169800 0.139021 -0.240408 0.960665 0.565558 0.551859
female.bmp
  12 21.797744 1.581062 0.169800 0.139021 -0.240408 0.960665 0.565558 0.551859
  12 21.724963 1.547321 0.177817 0.241541 -0.181026 0.953356 0.567515 0.565558
  12 21.825583 1.420026 0.044133 0.456316 -0.833482 0.311582 0.590998 0.559687
female.bmp
  12 21.724963 1.547321 0.177817 0.241541 -0.181026 0.953356 0.567515 0.565558
  12 21.766032 1.382100 0.054873 0.513793 -0.813066 0.273752 0.590998 0.571429
  12 21.825583 1.420026 0.044133 0.456316 -0.833482 0.311582 0.590998 0.559687
female.bmp
  11 23.955904 -1.634224 0.018554 0.043364 -0.965655 0.256182 0.500978 0.624266
  11 23.940434 -1.638935 -0.202667 0.256824 -0.875754 -0.408774 0.514677 0.626223
  11 24.075773 -1.598030 0.013920 0.633740 -0.767547 0.096153 0.514677 0.608611
female.bmp
  11 24.075773 -1.598030 0.013920 0.633740 -0.767547 0.096153 0.514677 0.608611
  11 23.940434 -1.638935 -0.202667 0.256824 -0.875754 -0.408774 0.514677 0.626223
  11 24.153085 -1.474651 -0.022141 0.985542 -0.164740 -0.039589 0.532290 0.600783
female.bmp
  11 23.940434 -1.638935 -0.202667 0.256824 -0.875754 -0.408774 0.514677 0.626223
  11 24.029569 -1.510409 -0.259553 0.681442 -0.285715 -0.673798 0.534247 0.618395
  11 24.153085 -1.474651 -0.022141 0.985542 -0.164740 -0.039589 0.532290 0.600783
female.bmp
  11 24.153085 -1.474651 -0.022141 0.985542 -0.164740 -0.039589 0.532290 0.600783
  11 24.029569 -1.510409 -0.259553 0.681442 -0.285715 -0.673798 0.534247 0.618395
  11 23.981265 -1.400512 -0.283830 0.488558 0.386427 -0.782295 0.547945 0.626223
female.bmp
  11 24.029569 -1.510409 -0.259553 0.681442 -0.285715 -0.673798 0.534247 0.618395
  11 23.737506 -1.503842 -0.361319 0.033302 -0.338549 -0.940359 0.530333 0.643836
  11 23.981265 -1.400512 -0.283830 0.488558 0.386427 -0.782295 0.547945 0.626223
female.bmp
  11 23.981265 -1.400512 -0.283830 0.488558 0.386427 -0.782295 0.547945 0.626223
  11 23.737506 -1.503842 -0.361319 0.033302 -0.338549 -0.940359 0.530333 0.643836
  11 23.346757 -1.264161 -0.331864 0.112035 0.352214 -0.929190 0.547945 0.726027
female.bmp
  11 23.737506 -1.503842 -0.361319 0.033302 -0.338549 -0.940359 0.530333 0.643836
  11 23.286342 -1.499849 -0.261143 -0.100464 -0.752607 -0.650761 0.516634 0.731898
  11 23.346757 -1.264161 -0.331864 0.112035 0.352214 -0.929190 0.547945 0.726027
female.bmp
  11 23.346757 -1.264161 -0.331864 0.112035 0.352214 -0.929190 0.547945 0.726027
  11 23.286342 -1.499849 -0.261143 -0.100464 -0.752607 -0.650761 0.516634 0.731898
  10 23.178969 -1.244996 -0.355749 0.123871 0.248361 -0.960715 0.547945 0.747554
female.bmp
  11 23.286342 -1.499849 -0.261143 -0.100464 -0.752607 -0.650761 0.516634 0.731898
  10 23.118740 -1.479437 -0.275068 -0.070745 -0.746595 -0.661506 0.514677 0.753425
  10 23.178969 -1.244996 -0.355749 0.123871 0.248361 -0.960715 0.547945 0.747554
female.bmp
  10 23.178969 -1.244996 -0.355749 0.123871 0.248361 -0.960715 0.547945 0.747554
  10 23.118740 -1.479437 -0.275068 -0.070745 -0.746595 -0.661506 0.514677 0.753425
  10 22.352352 -1.094120 -0.362128 0.037860 0.217186 -0.975396 0.547945 0.831703
female.bmp
  10 23.118740 -1.479437 -0.275068 -0.070745 -0.746595 -0.661506 0.514677 0.753425
  10 22.288109 -1.346716 -0.269023 -0.127808 -0.751213 -0.647568 0.518591 0.831703
  10 22.352352 -1.094120 -0.362128 0.037860 0.217186 -0.975396 0.547945 0.831703
female.bmp
  10 22.352352 -1.094120 -0.362128 0.037860 0.217186 -0.975396 0.547945 0.831703
  10 22.288109 -1.346716 -0.269023 -0.127808 -0.751213 -0.647568 0.518591 0.831703
  9 22.209932 -1.057075 -0.356697 0.056816 0.240093 -0.969086 0.547945 0.841487
female.bmp
  10 22.288109 -1.346716 -0.269023 -0.127808 -0.751213 -0.647568 0.518591 0.831703
  9 22.151259 -1.339887 -0.249575 -0.069999 -0.796631 -0.600399 0.514677 0.843444
  9 22.209932 -1.057075 -0.356697 0.056816 0.240093 -0.969086 0.547945 0.841487
female.bmp
  5 24.246889 0.944920 0.175859 0.358032 -0.873858 0.328915 0.500978 0.624266
  5 24.259561 0.956084 -0.014179 0.603779 -0.689102 -0.400737 0.514677 0.626223
  5 24.341706 1.020500 0.200303 0.833565 -0.479599 0.274144 0.514677 0.608611
female.bmp
  5 24.341706 1.020500 0.200303 0.833565 -0.479599 0.274144 0.514677 0.608611
  5 24.259561 0.956084 -0.014179 0.603779 -0.689102 -0.400737 0.514677 0.626223
  5 24.377854 1.155908 0.152784 0.980901 0.186834 0.054100 0.532290 0.600783
female.bmp
  5 24.259561 0.956084 -0.014179 0.603779 -0.689102 -0.400737 0.514677 0.626223
  5 24.294807 1.096996 -0.042491 0.798338 -0.017703 -0.601950 0.534247 0.618395
  5 24.377854 1.155908 0.152784 0.980901 0.186834 0.054100 0.532290 0.600783
female.bmp
  5 24.377854 1.155908 0.152784 0.980901 0.186834 0.054100 0.532290 0.600783
  5 24.294807 1.096996 -0.042491 0.798338 -0.017703 -0.601950 0.534247 0.618395
  5 24.234336 1.167832 -0.076039 0.406590 0.495632 -0.767485 0.547945 0.626223
female.bmp
  5 24.294807 1.096996 -0.042491 0.798338 -0.017703 -0.601950 0.534247 0.618395
  5 23.996987 0.994225 -0.193624 0.197346 -0.198603 -0.960006 0.530333 0.643836
  5 24.234336 1.167832 -0.076039 0.406590 0.495632 -0.767485 0.547945 0.626223
female.bmp
  5 24.234336 1.167832 -0.076039 0.406590 0.495632 -0.767485 0.547945 0.626223
  5 23.996987 0.994225 -0.193624 0.197346 -0.198603 -0.960006 0.530333 0.643836
  5 23.480471 1.037090 -0.167662 -0.011292 0.347027 -0.937787 0.547945 0.726027
female.bmp
  5 23.996987 0.994225 -0.193624 0.197346 -0.198603 -0.960006 0.530333 0.643836
  5 23.513097 0.797487 -0.097474 0.142069 -0.775354 -0.615339 0.516634 0.731898
  5 23.480471 1.037090 -0.167662 -0.011292 0.347027 -0.937787 0.547945 0.726027
female.bmp
  5 23.480471 1.037090 -0.167662 -0.011292 0.347027 -0.937787 0.547945 0.726027
  5 23.513097 0.797487 -0.097474 0.142069 -0.775354 -0.615339 0.516634 0.731898
  4 23.337788 1.002458 -0.188355 0.005689 0.247647 -0.968834 0.547945 0.747554
female.bmp
  5 23.513097 0.797487 -0.097474 0.142069 -0.775354 -0.615339 0.516634 0.731898
  4 23.369551 0.768387 -0.098900 0.147183 -0.752433 -0.642014 0.514677 0.753425
  4 23.337788 1.002458 -0.188355 0.005689 0.247647 -0.968834 0.547945 0.747554
female.bmp
  4 23.337788 1.002458 -0.188355 0.005689 0.247647 -0.968834 0.547945 0.747554
  4 23.369551 0.768387 -0.098900 0.147183 -0.752433 -0.642014 0.514677 0.753425
  3 22.277344 0.827715 -0.188835 -0.116011 0.219573 -0.968674 0.547945 0.831703
female.bmp
  4 23.369551 0.768387 -0.098900 0.147183 -0.752433 -0.642014 0.514677 0.753425
  3 22.341404 0.556324 -0.108561 0.148103 -0.711369 -0.687037 0.518591 0.831703
  3 22.277344 0.827715 -0.188835 -0.116011 0.219573 -0.968674 0.547945 0.831703
female.bmp
  3 22.277344 0.827715 -0.188835 -0.116011 0.219573 -0.968674 0.547945 0.831703
  3 22.341404 0.556324 -0.108561 0.148103 -0.711369 -0.687037 0.518591 0.831703
  3 22.266020 0.528277 -0.097135 0.717728 -0.374050 -0.587328 0.514677 0.843444
female.bmp
  3 22.341404 0.556324 -0.108561 0.148103 -0.711369 -0.687037 0.518591 0.831703
  3 22.328451 0.477954 0.182454 0.856704 -0.504258 0.108545 0.497065 0.841487
  3 22.266020 0.528277 -0.097135 0.717728 -0.374050 -0.587328 0.514677 0.843444
female.bmp
  9 22.175007 -1.189480 0.235206 0.095107 -0.475408 0.874610 0.567515 0.565558
  10 22.311710 -1.229404 0.199786 0.012002 -0.492985 0.869955 0.565558 0.551859
  9 22.220478 -1.021557 0.253490 0.250490 0.298224 0.921041 0.540117 0.567515
female.bmp
  9 22.220478 -1.021557 0.253490 0.250490 0.298224 0.921041 0.540117 0.567515
  10 22.311710 -1.229404 0.199786 0.012002 -0.492985 0.869955 0.565558 0.551859
  10 22.360139 -1.040520 0.225806 0.174532 0.308081 0.935214 0.540117 0.551859
female.bmp
  10 22.311710 -1.229404 0.199786 0.012002 -0.492985 0.869955 0.565558 0.551859
  10 23.307818 -1.253051 0.189259 0.129406 0.288190 0.948789 0.542074 0.420744
  10 22.360139 -1.040520 0.225806 0.174532 0.308081 0.935214 0.540117 0.551859
female.bmp
  10 22.360139 -1.040520 0.225806 0.174532 0.308081 0.935214 0.540117 0.551859
  10 23.307818 -1.253051 0.189259 0.129406 0.288190 0.948789 0.542074 0.420744
  10 22.380296 -0.908081 0.087771 0.235246 0.835795 0.496091 0.518591 0.551859
female.bmp
  10 23.307818 -1.253051 0.189259 0.129406 0.288190 0.948789 0.542074 0.420744
  10 23.325985 -1.129053 0.062395 0.235246 0.835795 0.496091 0.518591 0.422701
  10 22.380296 -0.908081 0.087771 0.235246 0.835795 0.496091 0.518591 0.551859
female.bmp
  10 22.380296 -0.908081 0.087771 0.235246 0.835795 0.496091 0.518591 0.551859
  10 23.325985 -1.129053 0.062395 0.235246 0.835795 0.496091 0.518591 0.422701
  10 23.349394 -1.083427 -0.104849 0.248481 0.945176 -0.211897 0.504892 0.432485
female.bmp
  10 23.325985 -1.129053 0.062395 0.235246 0.835795 0.496091 0.518591 0.422701
  11 23.723160 -1.225661 0.016185 0.260155 0.855425 0.447848 0.516634 0.363992
  10 23.349394 -1.083427 -0.104849 0.248481 0.945176 -0.211897 0.504892 0.432485
female.bmp
  10 23.349394 -1.083427 -0.104849 0.248481 0.945176 -0.211897 0.504892 0.432485
  11 23.723160 -1.225661 0.016185 0.260155 0.855425 0.447848 0.516634 0.363992
  11 24.046358 -1.304698 -0.074348 0.457825 0.859216 -0.228353 0.504892 0.313112
female.bmp
  11 23.723160 -1.225661 0.016185 0.260155 0.855425 0.447848 0.516634 0.363992
  11 24.089225 -1.333637 0.010062 0.535237 0.739773 0.407746 0.518591 0.295499
  11 24.046358 -1.304698 -0.074348 0.457825 0.859216 -0.228353 0.504892 0.313112
female.bmp
  11 24.046358 -1.304698 -0.074348 0.457825 0.859216 -0.228353 0.504892 0.313112
  11 24.089225 -1.333637 0.010062 0.535237 0.739773 0.407746 0.518591 0.295499
  11 24.134163 -1.372055 -0.055548 0.901587 0.385734 -0.195831 0.522505 0.272016
female.bmp
  11 24.089225 -1.333637 0.010062 0.535237 0.739773 0.407746 0.518591 0.295499
  11 24.109834 -1.473250 0.078495 0.901167 -0.193726 0.387774 0.544031 0.273973
  11 24.134163 -1.372055 -0.055548 0.901587 0.385734 -0.195831 0.522505 0.272016
female.bmp
  11 24.134163 -1.372055 -0.055548 0.901587 0.385734 -0.195831 0.522505 0.272016
  11 24.109834 -1.473250 0.078495 0.901167 -0.193726 0.387774 0.544031 0.273973
  11 24.153085 -1.474651 -0.022141 0.985542 -0.164740 -0.039589 0.544031 0.266145
female.bmp
  11 24.109834 -1.473250 0.078495 0.901167 -0.193726 0.387774 0.544031 0.273973
  11 24.075773 -1.598030 0.013920 0.633740 -0.767547 0.096153 0.571429 0.277886
  11 24.153085 -1.474651 -0.022141 0.985542 -0.164740 -0.039589 0.544031 0.266145
female.bmp
  15 20.345514 -1.573014 -0.285892 0.670010 -0.305682 -0.676495 0.816047 0.792564
  2 20.155986 -0.889073 -0.606581 0.355461 0.054847 -0.933081 0.819961 0.727984
  9 20.833812 -1.336543 -0.279934 0.351485 -0.764636 -0.540176 0.774951 0.782779
female.bmp
  9 20.833812 -1.336543 -0.279934 0.351485 -0.764636 -0.540176 0.774951 0.782779
  2 20.155986 -0.889073 -0.606581 0.355461 0.054847 -0.933081 0.819961 0.727984
  2 20.866354 -0.606979 -0.411900 0.113715 -0.172769 -0.978376 0.755382 0.716243
female.bmp
  2 20.155986 -0.889073 -0.606581 0.355461 0.054847 -0.933081 0.819961 0.727984
  2 19.830590 -0.070591 -0.608828 0.226250 -0.230101 -0.946501 0.833659 0.649706
  2 20.866354 -0.606979 -0.411900 0.113715 -0.172769 -0.978376 0.755382 0.716243
female.bmp
  2 20.866354 -0.606979 -0.411900 0.113715 -0.172769 -0.978376 0.755382 0.716243
  2 19.830590 -0.070591 -0.608828 0.226250 -0.230101 -0.946501 0.833659 0.649706
  2 20.874170 0.037893 -0.558120 0.133563 -0.231033 -0.963735 0.741683 0.659491
female.bmp
  2 19.830590 -0.070591 -0.608828 0.226250 -0.230101 -0.946501 0.833659 0.649706
  2 20.597517 0.646692 -0.819128 0.180810 -0.235518 -0.954903 0.753425 0.602740
  2 20.874170 0.037893 -0.558120 0.133563 -0.231033 -0.963735 0.741683 0.659491
female.bmp
  2 20.874170 0.037893 -0.558120 0.133563 -0.231033 -0.963735 0.741683 0.659491
  2 20.597517 0.646692 -0.819128 0.180810 -0.235518 -0.954903 0.753425 0.602740
  3 21.277914 0.736123 -0.408495 0.328684 0.331445 -0.884370 0.696673 0.604697
female.bmp
  2 20.597517 0.646692 -0.819128 0.180810 -0.235518 -0.954903 0.753425 0.602740
  12 21.067716 0.914381 -0.245283 0.870687 0.144401 -0.470163 0.714286 0.587084
  3 21.277914 0.736123 -0.408495 0.328684 0.331445 -0.884370 0.696673 0.604697
female.bmp
  3 21.277914 0.736123 -0.408495 0.328684 0.331445 -0.884370 0.696673 0.604697
  12 21.067716 0.914381 -0.245283 0.870687 0.144401 -0.470163 0.714286 0.587084
  2 20.965886 0.966739 -0.157331 0.777057 0.528040 0.342572 0.698630 0.579256
female.bmp
  12 21.067716 0.914381 -0.245283 0.870687 0.144401 -0.470163 0.714286 0.587084
  2 20.984850 1.107234 -0.860041 0.340093 -0.448098 -0.826768 0.710372 0.569472
  2 20.965886 0.966739 -0.157331 0.777057 0.528040 0.342572 0.698630 0.579256
female.bmp
  2 20.965886 0.966739 -0.157331 0.777057 0.528040 0.342572 0.698630 0.579256
  2 20.984850 1.107234 -0.860041 0.340093 -0.448098 -0.826768 0.710372 0.569472
  12 21.774287 1.342924 0.064728 0.839301 -0.515505 0.172710 0.630137 0.567515
female.bmp
  2 20.984850 1.107234 -0.860041 0.340093 -0.448098 -0.826768 0.710372 0.569472
  12 21.696420 1.381364 -0.305756 0.677771 -0.380016 -0.629455 0.643836 0.544031
  12 21.774287 1.342924 0.064728 0.839301 -0.515505 0.172710 0.630137 0.567515
female.bmp
  12 21.774287 1.342924 0.064728 0.839301 -0.515505 0.172710 0.630137 0.567515
  12 21.696420 1.381364 -0.305756 0.677771 -0.380016 -0.629455 0.643836 0.544031
  12 21.720008 1.420937 -0.249386 0.935161 0.076785 -0.345802 0.637965 0.542074
female.bmp
  12 21.696420 1.381364 -0.305756 0.677771 -0.380016 -0.629455 0.643836 0.544031
  12 21.610924 1.618064 -0.297778 0.851760 0.405483 -0.331796 0.647750 0.518591
  12 21.720008 1.420937 -0.249386 0.935161 0.076785 -0.345802 0.637965 0.542074
female.bmp
  12 21.594699 1.833668 0.075655 0.580553 0.781256 0.229342 0.645793 0.338552
  12 21.560013 1.857184 0.096722 0.123010 0.896551 0.425518 0.653620 0.336595
  12 21.676722 1.666704 0.154997 0.843032 0.475137 0.252077 0.641879 0.322896
female.bmp
  12 21.676722 1.666704 0.154997 0.843032 0.475137 0.252077 0.641879 0.322896
  12 21.560013 1.857184 0.096722 0.123010 0.896551 0.425518 0.653620 0.336595
  12 21.647043 1.701182 0.205299 0.451761 0.502496 0.737163 0.645793 0.320939
female.bmp
  12 21.560013 1.857184 0.096722 0.123010 0.896551 0.425518 0.653620 0.336595
  12 20.747470 1.374542 0.218501 -0.111640 0.555642 0.823892 0.726027 0.295499
  12 21.647043 1.701182 0.205299 0.451761 0.502496 0.737163 0.645793 0.320939
female.bmp
  12 21.647043 1.701182 0.205299 0.451761 0.502496 0.737163 0.645793 0.320939
  12 20.747470 1.374542 0.218501 -0.111640 0.555642 0.823892 0.726027 0.295499
  12 21.727984 1.516779 0.226377 0.655725 0.021512 0.754693 0.641879 0.299413
female.bmp
  12 20.747470 1.374542 0.218501 -0.111640 0.555642 0.823892 0.726027 0.295499
  12 20.840170 1.159653 0.392656 0.171475 0.409420 0.896087 0.722114 0.270059
  12 21.727984 1.516779 0.226377 0.655725 0.021512 0.754693 0.641879 0.299413
female.bmp
  12 21.727984 1.516779 0.226377 0.655725 0.021512 0.754693 0.641879 0.299413
  12 20.840170 1.159653 0.392656 0.171475 0.409420 0.896087 0.722114 0.270059
  2 20.965886 0.966739 -0.157331 0.777057 0.528040 0.342572 0.714286 0.258317
female.bmp
  12 20.840170 1.159653 0.392656 0.171475 0.409420 0.896087 0.722114 0.270059
  12 20.940044 0.888152 0.518401 0.116187 0.664767 0.737961 0.714286 0.246575
  2 20.965886 0.966739 -0.157331 0.777057 0.528040 0.342572 0.714286 0.258317
female.bmp
  2 20.965886 0.966739 -0.157331 0.777057 0.528040 0.342572 0.714286 0.258317
  12 20.940044 0.888152 0.518401 0.116187 0.664767 0.737961 0.714286 0.246575
  3 22.202205 1.040453 0.266463 0.323076 0.839715 0.436464 0.612524 0.254403
female.bmp
  12 20.940044 0.888152 0.518401 0.116187 0.664767 0.737961 0.714286 0.246575
  3 21.127030 0.682171 0.415230 0.068337 0.213747 0.974496 0.704501 0.225049
  3 22.202205 1.040453 0.266463 0.323076 0.839715 0.436464 0.612524 0.254403
female.bmp
  3 22.202205 1.040453 0.266463 0.323076 0.839715 0.436464 0.612524 0.254403
  3 21.127030 0.682171 0.415230 0.068337 0.213747 0.974496 0.704501 0.225049
  3 22.239967 0.861674 0.391811 0.473622 0.383211 0.792989 0.610568 0.240705
female.bmp
  3 21.127030 0.682171 0.415230 0.068337 0.213747 0.974496 0.704501 0.225049
  3 22.279164 0.644547 0.423738 0.494612 -0.186553 0.848857 0.608611 0.221135
  3 22.239967 0.861674 0.391811 0.473622 0.383211 0.792989 0.610568 0.240705
female.bmp
  3 22.239967 0.861674 0.391811 0.473622 0.383211 0.792989 0.610568 0.240705
  3 22.279164 0.644547 0.423738 0.494612 -0.186553 0.848857 0.608611 0.221135
  3 22.262647 0.856467 0.353619 0.885617 0.289739 0.362952 0.606654 0.240705
female.bmp
  3 22.279164 0.644547 0.423738 0.494612 -0.186553 0.848857 0.608611 0.221135
  3 22.294219 0.667138 0.377231 0.868529 -0.025227 0.494996 0.604697 0.223092
  3 22.262647 0.856467 0.353619 0.885617 0.289739 0.362952 0.606654 0.240705
female.bmp
  9 22.280334 -0.824317 -0.115311 0.257241 0.922762 -0.286945 0.634051 0.759295
  9 21.388535 -0.929475 -0.377296 0.226955 0.182665 -0.956622 0.718200 0.751468
  9 21.179538 -0.476804 0.158158 0.652233 -0.065589 0.755175 0.700587 0.727984
female.bmp
  9 21.179538 -0.476804 0.158158 0.652233 -0.065589 0.755175 0.700587 0.727984
  9 21.388535 -0.929475 -0.377296 0.226955 0.182665 -0.956622 0.718200 0.751468
  9 21.320651 -0.668148 -0.377075 0.768453 -0.225219 -0.598963 0.718200 0.727984
female.bmp
  9 21.388535 -0.929475 -0.377296 0.226955 0.182665 -0.956622 0.718200 0.751468
  2 20.866354 -0.606979 -0.411900 0.113715 -0.172769 -0.978376 0.755382 0.716243
  9 21.320651 -0.668148 -0.377075 0.768453 -0.225219 -0.598963 0.718200 0.727984
female.bmp
  9 21.320651 -0.668148 -0.377075 0.768453 -0.225219 -0.598963 0.718200 0.727984
  2 20.866354 -0.606979 -0.411900 0.113715 -0.172769 -0.978376 0.755382 0.716243
  6 21.537934 -0.456570 -0.321726 0.278107 -0.728699 -0.625822 0.698630 0.714286
female.bmp
  2 20.866354 -0.606979 -0.411900 0.113715 -0.172769 -0.978376 0.755382 0.716243
  2 20.874170 0.037893 -0.558120 0.133563 -0.231033 -0.963735 0.741683 0.659491
  6 21.537934 -0.456570 -0.321726 0.278107 -0.728699 -0.625822 0.698630 0.714286
female.bmp
  6 21.537934 -0.456570 -0.321726 0.278107 -0.728699 -0.625822 0.698630 0.714286
  2 20.874170 0.037893 -0.558120 0.133563 -0.231033 -0.963735 0.741683 0.659491
  6 21.531683 -0.084922 -0.441888 0.292511 0.224447 -0.929549 0.690802 0.681018
female.bmp
  2 20.874170 0.037893 -0.558120 0.133563 -0.231033 -0.963735 0.741683 0.659491
  6 21.402613 0.149595 -0.403902 0.875993 0.047231 -0.480006 0.698630 0.657534
  6 21.531683 -0.084922 -0.441888 0.292511 0.224447 -0.929549 0.690802 0.681018
female.bmp
  6 21.531683 -0.084922 -0.441888 0.292511 0.224447 -0.929549 0.690802 0.681018
  6 21.402613 0.149595 -0.403902 0.875993 0.047231 -0.480006 0.698630 0.657534
  3 21.197883 0.282437 0.312797 0.659955 0.323765 0.677965 0.682975 0.653620
female.bmp
  6 21.402613 0.149595 -0.403902 0.875993 0.047231 -0.480006 0.698630 0.657534
  3 21.538529 0.462608 -0.226923 0.362934 -0.636892 -0.680182 0.686888 0.628180
  3 21.197883 0.282437 0.312797 0.659955 0.323765 0.677965 0.682975 0.653620
female.bmp
  3 21.197883 0.282437 0.312797 0.659955 0.323765 0.677965 0.682975 0.653620
  3 21.538529 0.462608 -0.226923 0.362934 -0.636892 -0.680182 0.686888 0.628180
  3 22.323577 0.419644 0.208457 0.665869 -0.711059 0.225863 0.616438 0.657534
female.bmp
  3 21.538529 0.462608 -0.226923 0.362934 -0.636892 -0.680182 0.686888 0.628180
  3 22.242765 0.464659 -0.144167 0.537497 -0.612419 -0.579689 0.618395 0.634051
  3 22.323577 0.419644 0.208457 0.665869 -0.711059 0.225863 0.616438 0.657534
female.bmp
  3 22.323577 0.419644 0.208457 0.665869 -0.711059 0.225863 0.616438 0.657534
  3 22.242765 0.464659 -0.144167 0.537497 -0.612419 -0.579689 0.618395 0.634051
  3 22.266020 0.528277 -0.097135 0.717728 -0.374050 -0.587328 0.614481 0.630137
female.bmp
  3 22.242765 0.464659 -0.144167 0.537497 -0.612419 -0.579689 0.618395 0.634051
  3 22.187244 0.815521 -0.183072 0.993944 0.058432 -0.093061 0.612524 0.600783
  3 22.266020 0.528277 -0.097135 0.717728 -0.374050 -0.587328 0.614481 0.630137
female.bmp
  15 18.954646 -1.823022 -0.007534 -0.843611 -0.535912 -0.033457 0.943249 0.021526
  15 19.164688 -1.762383 0.389083 -0.560266 -0.475523 0.678219 0.921722 0.031311
  2 18.661265 -1.298216 -0.205320 -0.699681 -0.714392 -0.009527 0.954990 0.070450
female.bmp
  2 18.661265 -1.298216 -0.205320 -0.699681 -0.714392 -0.009527 0.954990 0.070450
  15 19.164688 -1.762383 0.389083 -0.560266 -0.475523 0.678219 0.921722 0.031311
  2 18.683474 -1.224446 0.084964 -0.465966 -0.736436 0.490446 0.943249 0.080235
female.bmp
  15 19.164688 -1.762383 0.389083 -0.560266 -0.475523 0.678219 0.921722 0.031311
  15 19.365497 -1.220474 0.688265 -0.135502 -0.266413 0.954287 0.902153 0.062622
  2 18.683474 -1.224446 0.084964 -0.465966 -0.736436 0.490446 0.943249 0.080235
female.bmp
  2 18.683474 -1.224446 0.084964 -0.465966 -0.736436 0.490446 0.943249 0.080235
  15 19.365497 -1.220474 0.688265 -0.135502 -0.266413 0.954287 0.902153 0.062622
  2 18.912820 -0.795385 0.552626 -0.142835 -0.338128 0.930198 0.915851 0.119374
female.bmp
  15 19.365497 -1.220474 0.688265 -0.135502 -0.266413 0.954287 0.902153 0.062622
  15 20.034850 -1.419985 0.616422 0.319880 -0.090624 0.943114 0.847358 0.046967
  2 18.912820 -0.795385 0.552626 -0.142835 -0.338128 0.930198 0.915851 0.119374
female.bmp
  2 18.912820 -0.795385 0.552626 -0.142835 -0.338128 0.930198 0.915851 0.119374
  15 20.034850 -1.419985 0.616422 0.319880 -0.090624 0.943114 0.847358 0.046967
  2 19.884763 -0.809059 0.615399 0.035895 -0.152930 0.987585 0.833659 0.113503
female.bmp
  15 20.034850 -1.419985 0.616422 0.319880 -0.090624 0.943114 0.847358 0.046967
  15 20.370275 -1.393722 0.396194 0.653481 -0.275186 0.705149 0.814090 0.039139
  2 19.884763 -0.809059 0.615399 0.035895 -0.152930 0.987585 0.833659 0.113503
female.bmp
  2 19.884763 -0.809059 0.615399 0.035895 -0.152930 0.987585 0.833659 0.113503
  15 20.370275 -1.393722 0.396194 0.653481 -0.275186 0.705149 0.814090 0.039139
  2 20.459113 -1.128887 0.497367 0.126995 -0.406324 0.904861 0.786693 0.080235
female.bmp
  15 20.370275 -1.393722 0.396194 0.653481 -0.275186 0.705149 0.814090 0.039139
  9 20.802991 -1.345995 0.074976 0.285606 -0.883360 0.371623 0.765166 0.052838
  2 20.459113 -1.128887 0.497367 0.126995 -0.406324 0.904861 0.786693 0.080235
female.bmp
  2 20.459113 -1.128887 0.497367 0.126995 -0.406324 0.904861 0.786693 0.080235
  9 20.802991 -1.345995 0.074976 0.285606 -0.883360 0.371623 0.765166 0.052838
  9 21.031109 -1.044772 0.383727 0.089962 -0.552750 0.828477 0.735812 0.076321
female.bmp
  9 20.802991 -1.345995 0.074976 0.285606 -0.883360 0.371623 0.765166 0.052838
  9 21.163231 -1.283372 0.025935 0.066298 -0.962995 0.261237 0.727984 0.052838
  9 21.031109 -1.044772 0.383727 0.089962 -0.552750 0.828477 0.735812 0.076321
female.bmp
  9 21.031109 -1.044772 0.383727 0.089962 -0.552750 0.828477 0.735812 0.076321
  9 21.163231 -1.283372 0.025935 0.066298 -0.962995 0.261237 0.727984 0.052838
  9 22.166929 -1.369340 0.025719 -0.082649 -0.957498 0.276345 0.636008 0.031311
female.bmp
  9 21.163231 -1.283372 0.025935 0.066298 -0.962995 0.261237 0.727984 0.052838
  9 22.151259 -1.339887 -0.249575 -0.069999 -0.796631 -0.600399 0.645793 0.013699
  9 22.166929 -1.369340 0.025719 -0.082649 -0.957498 0.276345 0.636008 0.031311
female.bmp
  2 17.619316 -0.264747 0.793488 -0.803577 0.006319 0.595168 0.162427 0.868885
  2 17.616994 -0.933921 0.658948 -0.752066 -0.320937 0.575670 0.146771 0.923679
  2 17.657625 -0.944088 0.665708 0.033819 -0.598190 0.800641 0.150685 0.927593
female.bmp
  2 17.657625 -0.944088 0.665708 0.033819 -0.598190 0.800641 0.150685 0.927593
  2 17.616994 -0.933921 0.658948 -0.752066 -0.320937 0.575670 0.146771 0.923679
  2 17.613852 -1.191355 0.246252 -0.030204 -0.962551 0.269412 0.113503 0.945205
female.bmp
  2 17.616994 -0.933921 0.658948 -0.752066 -0.320937 0.575670 0.146771 0.923679
  2 17.574037 -1.171252 0.249523 -0.816520 -0.534909 0.217180 0.111546 0.941292
  2 17.613852 -1.191355 0.246252 -0.030204 -0.962551 0.269412 0.113503 0.945205
female.bmp
  2 17.613852 -1.191355 0.246252 -0.030204 -0.962551 0.269412 0.113503 0.945205
  2 17.574037 -1.171252 0.249523 -0.816520 -0.534909 0.217180 0.111546 0.941292
  2 17.601010 -1.189516 -0.043631 -0.091478 -0.969528 -0.227259 0.088063 0.943249
female.bmp
  2 17.574037 -1.171252 0.249523 -0.816520 -0.534909 0.217180 0.111546 0.941292
  2 17.561165 -1.179413 -0.040422 -0.838764 -0.533029 -0.111152 0.088063 0.939335
  2 17.601010 -1.189516 -0.043631 -0.091478 -0.969528 -0.227259 0.088063 0.943249
female.bmp
  2 17.601010 -1.189516 -0.043631 -0.091478 -0.969528 -0.227259 0.088063 0.943249
  2 17.561165 -1.179413 -0.040422 -0.838764 -0.533029 -0.111152 0.088063 0.939335
  2 17.557245 -1.007475 -0.349973 -0.875863 -0.434173 -0.210615 0.064579 0.923679
female.bmp
  2 17.561165 -1.179413 -0.040422 -0.838764 -0.533029 -0.111152 0.088063 0.939335
  2 17.571289 -1.129440 -0.040898 -0.904164 0.404176 0.138308 0.088063 0.935421
  2 17.557245 -1.007475 -0.349973 -0.875863 -0.434173 -0.210615 0.064579 0.923679
female.bmp
  2 17.557245 -1.007475 -0.349973 -0.875863 -0.434173 -0.210615 0.064579 0.923679
  2 17.571289 -1.129440 -0.040898 -0.904164 0.404176 0.138308 0.088063 0.935421
  2 17.568911 -0.967630 -0.330573 -0.889431 0.320582 0.325791 0.064579 0.919765
female.bmp
  2 17.571289 -1.129440 -0.040898 -0.904164 0.404176 0.138308 0.088063 0.935421
  2 17.725986 -0.818600 -0.251724 -0.666944 0.552159 0.500307 0.072407 0.909980
  2 17.568911 -0.967630 -0.330573 -0.889431 0.320582 0.325791 0.064579 0.919765
female.bmp
  2 17.568911 -0.967630 -0.330573 -0.889431 0.320582 0.325791 0.064579 0.919765
  2 17.725986 -0.818600 -0.251724 -0.666944 0.552159 0.500307 0.072407 0.909980
  2 17.534706 -0.746362 -0.517042 -0.835706 0.253092 0.487380 0.050881 0.902153
female.bmp
  2 17.725986 -0.818600 -0.251724 -0.666944 0.552159 0.500307 0.072407 0.909980
  2 17.762351 -0.597577 -0.433730 -0.531015 0.448431 0.718980 0.058708 0.892368
  2 17.534706 -0.746362 -0.517042 -0.835706 0.253092 0.487380 0.050881 0.902153
female.bmp
  2 17.534706 -0.746362 -0.517042 -0.835706 0.253092 0.487380 0.050881 0.902153
  2 17.762351 -0.597577 -0.433730 -0.531015 0.448431 0.718980 0.058708 0.892368
  2 17.516131 -0.475570 -0.634204 -0.711192 0.659474 0.243516 0.043053 0.878669
female.bmp
  2 17.762351 -0.597577 -0.433730 -0.531015 0.448431 0.718980 0.058708 0.892368
  2 17.804345 -0.337005 -0.545706 -0.741796 0.079946 0.665844 0.050881 0.868885
  2 17.516131 -0.475570 -0.634204 -0.711192 0.659474 0.243516 0.043053 0.878669
female.bmp
  1 2.066648 -2.488923 0.849712 0.123829 -0.892453 0.433812 0.013699 0.853229
  1 2.048766 -2.568794 0.129851 0.123091 -0.970079 -0.209272 0.060665 0.847358
  1 5.852828 -2.206146 0.033454 0.123091 -0.970079 -0.209272 0.054795 0.722114
female.bmp
  1 5.852828 -2.206146 0.033454 0.123091 -0.970079 -0.209272 0.054795 0.722114
  1 2.048766 -2.568794 0.129851 0.123091 -0.970079 -0.209272 0.060665 0.847358
  1 5.780510 -1.685316 -0.885897 0.063681 -0.586655 -0.807330 0.099804 0.722114
female.bmp
  1 2.048766 -2.568794 0.129851 0.123091 -0.970079 -0.209272 0.060665 0.847358
  1 1.976322 -2.157955 -0.659493 0.029411 -0.613821 -0.788897 0.103718 0.849315
  1 5.780510 -1.685316 -0.885897 0.063681 -0.586655 -0.807330 0.099804 0.722114
female.bmp
  1 5.780510 -1.685316 -0.885897 0.063681 -0.586655 -0.807330 0.099804 0.722114
  1 1.976322 -2.157955 -0.659493 0.029411 -0.613821 -0.788897 0.103718 0.849315
  1 5.670749 -0.693899 -1.104858 -0.039731 0.201396 -0.978704 0.176125 0.720157
female.bmp
  1 1.976322 -2.157955 -0.659493 0.029411 -0.613821 -0.788897 0.103718 0.849315
  1 1.876156 -1.206659 -0.868546 -0.081662 0.179421 -0.980377 0.168297 0.847358
  1 5.670749 -0.693899 -1.104858 -0.039731 0.201396 -0.978704 0.176125 0.720157
female.bmp
  1 5.670749 -0.693899 -1.104858 -0.039731 0.201396 -0.978704 0.176125 0.720157
  1 1.876156 -1.206659 -0.868546 -0.081662 0.179421 -0.980377 0.168297 0.847358
  1 5.598281 0.207152 -0.444136 -0.120894 0.814842 -0.566937 0.232877 0.726027
female.bmp
  1 1.876156 -1.206659 -0.868546 -0.081662 0.179421 -0.980377 0.168297 0.847358
  1 1.801046 -0.425599 -0.327803 -0.149987 0.798938 -0.582411 0.236791 0.851272
  1 5.598281 0.207152 -0.444136 -0.120894 0.814842 -0.566937 0.232877 0.726027
female.bmp
  1 5.598281 0.207152 -0.444136 -0.120894 0.814842 -0.566937 0.232877 0.726027
  1 1.801046 -0.425599 -0.327803 -0.149987 0.798938 -0.582411 0.236791 0.851272
  1 5.590800 0.467384 0.525980 -0.139685 0.987009 0.079385 0.289628 0.727984
female.bmp
  1 1.801046 -0.425599 -0.327803 -0.149987 0.798938 -0.582411 0.236791 0.851272
  1 1.792675 -0.175367 0.562317 -0.139685 0.987009 0.079385 0.289628 0.853229
  1 5.590800 0.467384 0.525980 -0.139685 0.987009 0.079385 0.289628 0.727984
female.bmp
  1 5.590800 0.467384 0.525980 -0.139685 0.987009 0.079385 0.289628 0.727984
  1 1.792675 -0.175367 0.562317 -0.139685 0.987009 0.079385 0.289628 0.853229
  1 5.643859 0.136788 1.275506 -0.082432 0.678259 0.730184 0.342466 0.727984
female.bmp
  1 1.792675 -0.175367 0.562317 -0.139685 0.987009 0.079385 0.289628 0.853229
  1 1.845697 -0.485965 1.281842 -0.114361 0.651239 0.750206 0.338552 0.853229
  1 5.643859 0.136788 1.275506 -0.082432 0.678259 0.730184 0.342466 0.727984
female.bmp
  1 5.643859 0.136788 1.275506 -0.082432 0.678259 0.730184 0.342466 0.727984
  1 1.845697 -0.485965 1.281842 -0.114361 0.651239 0.750206 0.338552 0.853229
  1 5.736478 -0.694393 1.584636 -0.000852 0.111839 0.993726 0.381605 0.727984
female.bmp
  1 1.845697 -0.485965 1.281842 -0.114361 0.651239 0.750206 0.338552 0.853229
  1 1.928950 -1.197030 1.501058 -0.033508 0.078062 0.996385 0.381605 0.855186
  1 5.736478 -0.694393 1.584636 -0.000852 0.111839 0.993726 0.381605 0.727984
female.bmp
  28 -24.084098 -1.607587 -0.023104 -0.634518 -0.766792 0.097041 0.571429 0.277886
  28 -24.115941 -1.493751 0.032819 -0.900946 -0.192607 0.388842 0.544031 0.273973
  28 -24.159294 -1.493840 -0.057848 -0.985776 -0.163614 -0.038425 0.544031 0.266145
female.bmp
  28 -24.159294 -1.493840 -0.057848 -0.985776 -0.163614 -0.038425 0.544031 0.266145
  28 -24.115941 -1.493751 0.032819 -0.900946 -0.192607 0.388842 0.544031 0.273973
  28 -24.130498 -1.389278 -0.091574 -0.901368 0.386728 -0.194878 0.522505 0.272016
female.bmp
  28 -24.115941 -1.493751 0.032819 -0.900946 -0.192607 0.388842 0.544031 0.273973
  28 -24.097234 -1.341897 -0.017085 -0.533918 0.740473 0.408205 0.518591 0.295499
  28 -24.130498 -1.389278 -0.091574 -0.901368 0.386728 -0.194878 0.522505 0.272016
female.bmp
  28 -24.130498 -1.389278 -0.091574 -0.901368 0.386728 -0.194878 0.522505 0.272016
  28 -24.097234 -1.341897 -0.017085 -0.533918 0.740473 0.408205 0.518591 0.295499
  28 -24.044652 -1.312312 -0.111742 -0.457095 0.859696 -0.228006 0.504892 0.313112
female.bmp
  28 -24.097234 -1.341897 -0.017085 -0.533918 0.740473 0.408205 0.518591 0.295499
  28 -23.729022 -1.244057 -0.010159 -0.258653 0.855818 0.447968 0.516634 0.363992
  28 -24.044652 -1.312312 -0.111742 -0.457095 0.859696 -0.228006 0.504892 0.313112
female.bmp
  28 -24.044652 -1.312312 -0.111742 -0.457095 0.859696 -0.228006 0.504892 0.313112
  28 -23.729022 -1.244057 -0.010159 -0.258653 0.855818 0.447968 0.516634 0.363992
  27 -23.354956 -1.102387 -0.140490 -0.247636 0.945417 -0.211808 0.504892 0.432485
female.bmp
  28 -23.729022 -1.244057 -0.010159 -0.258653 0.855818 0.447968 0.516634 0.363992
  27 -23.333420 -1.138290 0.025482 -0.233993 0.842395 0.485406 0.518591 0.422701
  27 -23.354956 -1.102387 -0.140490 -0.247636 0.945417 -0.211808 0.504892 0.432485
female.bmp
  27 -23.354956 -1.102387 -0.140490 -0.247636 0.945417 -0.211808 0.504892 0.432485
  27 -23.333420 -1.138290 0.025482 -0.233993 0.842395 0.485406 0.518591 0.422701
  27 -22.385433 -0.928118 0.050970 -0.233993 0.842395 0.485406 0.518591 0.551859
female.bmp
  27 -23.333420 -1.138290 0.025482 -0.233993 0.842395 0.485406 0.518591 0.422701
  27 -23.315227 -1.263556 0.142433 -0.127979 0.288536 0.948877 0.542074 0.420744
  27 -22.385433 -0.928118 0.050970 -0.233993 0.842395 0.485406 0.518591 0.551859
female.bmp
  27 -22.385433 -0.928118 0.050970 -0.233993 0.842395 0.485406 0.518591 0.551859
  27 -23.315227 -1.263556 0.142433 -0.127979 0.288536 0.948877 0.542074 0.420744
  27 -22.365248 -1.061825 0.179091 -0.173095 0.308479 0.935350 0.540117 0.551859
female.bmp
  27 -23.315227 -1.263556 0.142433 -0.127979 0.288536 0.948877 0.542074 0.420744
  27 -22.319104 -1.239783 0.161721 -0.011569 -0.492791 0.870071 0.565558 0.551859
  27 -22.365248 -1.061825 0.179091 -0.173095 0.308479 0.935350 0.540117 0.551859
female.bmp
  27 -22.365248 -1.061825 0.179091 -0.173095 0.308479 0.935350 0.540117 0.551859
  27 -22.319104 -1.239783 0.161721 -0.011569 -0.492791 0.870071 0.565558 0.551859
  26 -22.217134 -1.035520 0.212957 -0.238071 0.301430 0.923289 0.540117 0.567515
female.bmp
  27 -22.319104 -1.239783 0.161721 -0.011569 -0.492791 0.870071 0.565558 0.551859
  26 -22.182545 -1.205712 0.194570 -0.087235 -0.473090 0.876685 0.567515 0.565558
  26 -22.217134 -1.035520 0.212957 -0.238071 0.301430 0.923289 0.540117 0.567515
female.bmp
  26 -22.155490 -1.355250 -0.290204 0.058806 -0.798231 -0.599474 0.514677 0.843444
  27 -22.296181 -1.357219 -0.307090 0.126189 -0.751494 -0.647559 0.518591 0.831703
  26 -22.223762 -1.074360 -0.397162 -0.067001 0.238365 -0.968862 0.547945 0.841487
female.bmp
  26 -22.223762 -1.074360 -0.397162 -0.067001 0.238365 -0.968862 0.547945 0.841487
  27 -22.296181 -1.357219 -0.307090 0.126189 -0.751494 -0.647559 0.518591 0.831703
  27 -22.360240 -1.104570 -0.400174 -0.038734 0.217031 -0.975396 0.547945 0.831703
female.bmp
  27 -22.296181 -1.357219 -0.307090 0.126189 -0.751494 -0.647559 0.518591 0.831703
  27 -23.124934 -1.499973 -0.320811 0.069121 -0.746813 -0.661432 0.514677 0.753425
  27 -22.360240 -1.104570 -0.400174 -0.038734 0.217031 -0.975396 0.547945 0.831703
female.bmp
  27 -22.360240 -1.104570 -0.400174 -0.038734 0.217031 -0.975396 0.547945 0.831703
  27 -23.124934 -1.499973 -0.320811 0.069121 -0.746813 -0.661432 0.514677 0.753425
  27 -23.175213 -1.262204 -0.391789 -0.124694 0.248305 -0.960623 0.547945 0.747554
female.bmp
  27 -23.124934 -1.499973 -0.320811 0.069121 -0.746813 -0.661432 0.514677 0.753425
  28 -23.292860 -1.520090 -0.297854 0.098847 -0.752858 -0.650718 0.516634 0.731898
  27 -23.175213 -1.262204 -0.391789 -0.124694 0.248305 -0.960623 0.547945 0.747554
female.bmp
  27 -23.175213 -1.262204 -0.391789 -0.124694 0.248305 -0.960623 0.547945 0.747554
  28 -23.292860 -1.520090 -0.297854 0.098847 -0.752858 -0.650718 0.516634 0.731898
  28 -23.355099 -1.274632 -0.369807 -0.112701 0.352150 -0.929133 0.547945 0.726027
female.bmp
  28 -23.292860 -1.520090 -0.297854 0.098847 -0.752858 -0.650718 0.516634 0.731898
  28 -23.744145 -1.523584 -0.397504 -0.034778 -0.338705 -0.940250 0.530333 0.643836
  28 -23.355099 -1.274632 -0.369807 -0.112701 0.352150 -0.929133 0.547945 0.726027
female.bmp
  28 -23.355099 -1.274632 -0.369807 -0.112701 0.352150 -0.929133 0.547945 0.726027
  28 -23.744145 -1.523584 -0.397504 -0.034778 -0.338705 -0.940250 0.530333 0.643836
  28 -23.987694 -1.419955 -0.319753 -0.489017 0.386826 -0.781811 0.547945 0.626223
female.bmp
  28 -23.744145 -1.523584 -0.397504 -0.034778 -0.338705 -0.940250 0.530333 0.643836
  28 -24.036096 -1.529792 -0.295398 -0.682549 -0.285071 -0.672950 0.534247 0.618395
  28 -23.987694 -1.419955 -0.319753 -0.489017 0.386826 -0.781811 0.547945 0.626223
female.bmp
  28 -23.987694 -1.419955 -0.319753 -0.489017 0.386826 -0.781811 0.547945 0.626223
  28 -24.036096 -1.529792 -0.295398 -0.682549 -0.285071 -0.672950 0.534247 0.618395
  28 -24.159294 -1.493840 -0.057848 -0.985776 -0.163614 -0.038425 0.532290 0.600783
female.bmp
  28 -24.036096 -1.529792 -0.295398 -0.682549 -0.285071 -0.672950 0.534247 0.618395
  28 -23.939279 -1.647980 -0.250031 -0.258306 -0.875542 -0.408295 0.514677 0.626223
  28 -24.159294 -1.493840 -0.057848 -0.985776 -0.163614 -0.038425 0.532290 0.600783
female.bmp
  28 -24.159294 -1.493840 -0.057848 -0.985776 -0.163614 -0.038425 0.532290 0.600783
  28 -23.939279 -1.647980 -0.250031 -0.258306 -0.875542 -0.408295 0.514677 0.626223
  28 -24.084098 -1.607587 -0.023104 -0.634518 -0.766792 0.097041 0.514677 0.608611
female.bmp
  28 -23.939279 -1.647980 -0.250031 -0.258306 -0.875542 -0.408295 0.514677 0.626223
  28 -23.964282 -1.645200 -0.028520 -0.044183 -0.965551 0.256434 0.500978 0.624266
  28 -24.084098 -1.607587 -0.023104 -0.634518 -0.766792 0.097041 0.514677 0.608611
female.bmp
  20 -22.327495 0.445760 0.127504 -0.853206 -0.512268 0.098086 0.497065 0.841487
  20 -22.340141 0.511043 -0.170788 -0.131315 -0.715115 -0.686562 0.518591 0.831703
  20 -22.262182 0.493011 -0.160943 -0.705564 -0.383063 -0.596190 0.514677 0.843444
female.bmp
  20 -22.262182 0.493011 -0.160943 -0.705564 -0.383063 -0.596190 0.514677 0.843444
  20 -22.340141 0.511043 -0.170788 -0.131315 -0.715115 -0.686562 0.518591 0.831703
  20 -22.274922 0.792014 -0.253868 0.127715 0.217410 -0.967689 0.547945 0.831703
female.bmp
  20 -22.340141 0.511043 -0.170788 -0.131315 -0.715115 -0.686562 0.518591 0.831703
  21 -23.368136 0.739567 -0.159305 -0.148126 -0.752144 -0.642136 0.514677 0.753425
  20 -22.274922 0.792014 -0.253868 0.127715 0.217410 -0.967689 0.547945 0.831703
female.bmp
  20 -22.274922 0.792014 -0.253868 0.127715 0.217410 -0.967689 0.547945 0.831703
  21 -23.368136 0.739567 -0.159305 -0.148126 -0.752144 -0.642136 0.514677 0.753425
  21 -23.339289 0.964439 -0.245908 -0.009085 0.248392 -0.968617 0.547945 0.747554
female.bmp
  21 -23.368136 0.739567 -0.159305 -0.148126 -0.752144 -0.642136 0.514677 0.753425
  22 -23.524803 0.762913 -0.158169 -0.142895 -0.775078 -0.615496 0.516634 0.731898
  21 -23.339289 0.964439 -0.245908 -0.009085 0.248392 -0.968617 0.547945 0.747554
female.bmp
  21 -23.339289 0.964439 -0.245908 -0.009085 0.248392 -0.968617 0.547945 0.747554
  22 -23.524803 0.762913 -0.158169 -0.142895 -0.775078 -0.615496 0.516634 0.731898
  22 -23.482906 1.000107 -0.228051 0.007852 0.347773 -0.937546 0.547945 0.726027
female.bmp
  22 -23.524803 0.762913 -0.158169 -0.142895 -0.775078 -0.615496 0.516634 0.731898
  22 -23.999460 0.956822 -0.252505 -0.200077 -0.198138 -0.959537 0.530333 0.643836
  22 -23.482906 1.000107 -0.228051 0.007852 0.347773 -0.937546 0.547945 0.726027
female.bmp
  22 -23.482906 1.000107 -0.228051 0.007852 0.347773 -0.937546 0.547945 0.726027
  22 -23.999460 0.956822 -0.252505 -0.200077 -0.198138 -0.959537 0.530333 0.643836
  22 -24.246288 1.132630 -0.134319 -0.409701 0.495652 -0.765816 0.547945 0.626223
female.bmp
  22 -23.999460 0.956822 -0.252505 -0.200077 -0.198138 -0.959537 0.530333 0.643836
  22 -24.306600 1.061719 -0.100642 -0.800199 -0.018365 -0.599453 0.534247 0.618395
  22 -24.246288 1.132630 -0.134319 -0.409701 0.495652 -0.765816 0.547945 0.626223
female.bmp
  22 -24.246288 1.132630 -0.134319 -0.409701 0.495652 -0.765816 0.547945 0.626223
  22 -24.306600 1.061719 -0.100642 -0.800199 -0.018365 -0.599453 0.534247 0.618395
  22 -24.379430 1.117935 0.095152 -0.980991 0.185391 0.057328 0.532290 0.600783
female.bmp
  22 -24.306600 1.061719 -0.100642 -0.800199 -0.018365 -0.599453 0.534247 0.618395
  22 -24.271150 0.920817 -0.072537 -0.604053 -0.689652 -0.399375 0.514677 0.626223
  22 -24.379430 1.117935 0.095152 -0.980991 0.185391 0.057328 0.532290 0.600783
female.bmp
  22 -24.379430 1.117935 0.095152 -0.980991 0.185391 0.057328 0.532290 0.600783
  22 -24.271150 0.920817 -0.072537 -0.604053 -0.689652 -0.399375 0.514677 0.626223
  22 -24.353188 0.982264 0.132632 -0.832014 -0.481001 0.276388 0.514677 0.608611
female.bmp
  22 -24.271150 0.920817 -0.072537 -0.604053 -0.689652 -0.399375 0.514677 0.626223
  22 -24.248220 0.907042 0.117685 -0.355747 -0.874625 0.329356 0.500978 0.624266
  22 -24.353188 0.982264 0.132632 -0.832014 -0.481001 0.276388 0.514677 0.608611
female.bmp
  32 -20.039171 -1.797555 -0.512765 -0.370497 -0.101464 -0.923275 0.833659 0.798434
  19 -20.180107 -0.917906 -0.625459 -0.375940 0.055579 -0.924976 0.819961 0.727984
  32 -19.150665 -1.477436 -0.578944 0.455971 -0.202850 -0.866569 0.896282 0.755382
female.bmp
  32 -19.150665 -1.477436 -0.578944 0.455971 -0.202850 -0.866569 0.896282 0.755382
  19 -20.180107 -0.917906 -0.625459 -0.375940 0.055579 -0.924976 0.819961 0.727984
  32 -19.009893 -0.872668 -0.553656 0.313574 -0.264899 -0.911866 0.900196 0.694716
female.bmp
  19 -20.180107 -0.917906 -0.625459 -0.375940 0.055579 -0.924976 0.819961 0.727984
  19 -19.841101 -0.098348 -0.625821 -0.248671 -0.230118 -0.940855 0.833659 0.649706
  32 -19.009893 -0.872668 -0.553656 0.313574 -0.264899 -0.911866 0.900196 0.694716
female.bmp
  32 -19.009893 -0.872668 -0.553656 0.313574 -0.264899 -0.911866 0.900196 0.694716
  19 -19.841101 -0.098348 -0.625821 -0.248671 -0.230118 -0.940855 0.833659 0.649706
  19 -19.097217 -0.126134 -0.876551 -0.136555 -0.173469 -0.975326 0.896282 0.639922
female.bmp
  19 -19.841101 -0.098348 -0.625821 -0.248671 -0.230118 -0.940855 0.833659 0.649706
  19 -19.641405 0.232559 -0.913957 -0.195817 -0.350895 -0.915712 0.843444 0.618395
  19 -19.097217 -0.126134 -0.876551 -0.136555 -0.173469 -0.975326 0.896282 0.639922
female.bmp
  19 -19.097217 -0.126134 -0.876551 -0.136555 -0.173469 -0.975326 0.896282 0.639922
  19 -19.641405 0.232559 -0.913957 -0.195817 -0.350895 -0.915712 0.843444 0.618395
  19 -19.064806 0.519167 -1.020210 0.108765 0.165147 -0.980253 0.884540 0.573386
female.bmp
  19 -19.641405 0.232559 -0.913957 -0.195817 -0.350895 -0.915712 0.843444 0.618395
  19 -19.346629 0.583761 -1.021959 0.030029 0.124423 -0.991775 0.857143 0.573386
  19 -19.064806 0.519167 -1.020210 0.108765 0.165147 -0.980253 0.884540 0.573386
female.bmp
  19 -19.064806 0.519167 -1.020210 0.108765 0.165147 -0.980253 0.884540 0.573386
  19 -19.346629 0.583761 -1.021959 0.030029 0.124423 -0.991775 0.857143 0.573386
  19 -19.150265 0.920425 -0.789368 0.264678 0.670896 -0.692708 0.868885 0.532290
female.bmp
  19 -19.346629 0.583761 -1.021959 0.030029 0.124423 -0.991775 0.857143 0.573386
  19 -20.225920 1.051117 -0.911383 0.035745 0.186039 -0.981892 0.774951 0.549902
  19 -19.150265 0.920425 -0.789368 0.264678 0.670896 -0.692708 0.868885 0.532290
female.bmp
  19 -19.150265 0.920425 -0.789368 0.264678 0.670896 -0.692708 0.868885 0.532290
  19 -20.225920 1.051117 -0.911383 0.035745 0.186039 -0.981892 0.774951 0.549902
  19 -20.228131 1.461606 -0.717750 0.232461 0.840027 -0.490222 0.769080 0.508806
female.bmp
  19 -20.225920 1.051117 -0.911383 0.035745 0.186039 -0.981892 0.774951 0.549902
  29 -20.722079 1.326506 -0.528955 -0.047343 0.358043 -0.932504 0.737769 0.536204
  19 -20.228131 1.461606 -0.717750 0.232461 0.840027 -0.490222 0.769080 0.508806
female.bmp
  19 -20.228131 1.461606 -0.717750 0.232461 0.840027 -0.490222 0.769080 0.508806
  29 -20.722079 1.326506 -0.528955 -0.047343 0.358043 -0.932504 0.737769 0.536204
  29 -20.659607 1.569871 -0.219648 0.192718 0.939570 -0.282962 0.733855 0.495108
female.bmp
  29 -20.722079 1.326506 -0.528955 -0.047343 0.358043 -0.932504 0.737769 0.536204
  29 -21.535810 1.807502 -0.185029 -0.244467 0.886526 -0.392819 0.657534 0.487280
  29 -20.659607 1.569871 -0.219648 0.192718 0.939570 -0.282962 0.733855 0.495108
female.bmp
  29 -21.609728 1.601335 -0.346061 -0.851365 0.406223 -0.331903 0.647750 0.518591
  29 -21.699748 1.356045 -0.351497 -0.678076 -0.379476 -0.629453 0.643836 0.544031
  29 -21.723302 1.395647 -0.295133 -0.935064 0.077591 -0.345882 0.637965 0.542074
female.bmp
  29 -21.723302 1.395647 -0.295133 -0.935064 0.077591 -0.345882 0.637965 0.542074
  29 -21.699748 1.356045 -0.351497 -0.678076 -0.379476 -0.629453 0.643836 0.544031
  29 -21.777675 1.317727 0.018988 -0.839790 -0.514704 0.172721 0.630137 0.567515
female.bmp
  29 -21.699748 1.356045 -0.351497 -0.678076 -0.379476 -0.629453 0.643836 0.544031
  19 -20.993187 1.082873 -0.862488 -0.361036 -0.447299 -0.818277 0.710372 0.569472
  29 -21.777675 1.317727 0.018988 -0.839790 -0.514704 0.172721 0.630137 0.567515
female.bmp
  29 -21.777675 1.317727 0.018988 -0.839790 -0.514704 0.172721 0.630137 0.567515
  19 -20.993187 1.082873 -0.862488 -0.361036 -0.447299 -0.818277 0.710372 0.569472
  29 -20.949831 0.949735 0.247366 -0.708820 0.513356 0.483777 0.698630 0.579256
female.bmp
  19 -20.993187 1.082873 -0.862488 -0.361036 -0.447299 -0.818277 0.710372 0.569472
  20 -21.033881 0.861152 -0.528706 -0.825559 0.117542 -0.551939 0.714286 0.587084
  29 -20.949831 0.949735 0.247366 -0.708820 0.513356 0.483777 0.698630 0.579256
female.bmp
  29 -20.949831 0.949735 0.247366 -0.708820 0.513356 0.483777 0.698630 0.579256
  20 -21.033881 0.861152 -0.528706 -0.825559 0.117542 -0.551939 0.714286 0.587084
  20 -21.271622 0.708883 -0.458755 -0.319209 0.325204 -0.890139 0.696673 0.604697
female.bmp
  20 -21.033881 0.861152 -0.528706 -0.825559 0.117542 -0.551939 0.714286 0.587084
  19 -20.607642 0.620196 -0.829557 -0.203462 -0.235804 -0.950263 0.753425 0.602740
  20 -21.271622 0.708883 -0.458755 -0.319209 0.325204 -0.890139 0.696673 0.604697
female.bmp
  20 -21.271622 0.708883 -0.458755 -0.319209 0.325204 -0.890139 0.696673 0.604697
  19 -20.607642 0.620196 -0.829557 -0.203462 -0.235804 -0.950263 0.753425 0.602740
  19 -20.881728 0.022939 -0.564302 -0.156399 -0.231600 -0.960157 0.741683 0.659491
female.bmp
  19 -20.607642 0.620196 -0.829557 -0.203462 -0.235804 -0.950263 0.753425 0.602740
  19 -19.841101 -0.098348 -0.625821 -0.248671 -0.230118 -0.940855 0.833659 0.649706
  19 -20.881728 0.022939 -0.564302 -0.156399 -0.231600 -0.960157 0.741683 0.659491
female.bmp
  19 -20.881728 0.022939 -0.564302 -0.156399 -0.231600 -0.960157 0.741683 0.659491
  19 -19.841101 -0.098348 -0.625821 -0.248671 -0.230118 -0.940855 0.833659 0.649706
  19 -20.874371 -0.631366 -0.414529 -0.136555 -0.173469 -0.975326 0.755382 0.716243
female.bmp
  19 -19.841101 -0.098348 -0.625821 -0.248671 -0.230118 -0.940855 0.833659 0.649706
  19 -20.180107 -0.917906 -0.625459 -0.375940 0.055579 -0.924976 0.819961 0.727984
  19 -20.874371 -0.631366 -0.414529 -0.136555 -0.173469 -0.975326 0.755382 0.716243
female.bmp
  19 -20.874371 -0.631366 -0.414529 -0.136555 -0.173469 -0.975326 0.755382 0.716243
  19 -20.180107 -0.917906 -0.625459 -0.375940 0.055579 -0.924976 0.819961 0.727984
  26 -20.848290 -1.360783 -0.336011 -0.361760 -0.763930 -0.534360 0.774951 0.782779
female.bmp
  19 -20.180107 -0.917906 -0.625459 -0.375940 0.055579 -0.924976 0.819961 0.727984
  32 -20.339050 -1.606620 -0.269832 -0.668975 -0.322917 -0.669475 0.816047 0.792564
  26 -20.848290 -1.360783 -0.336011 -0.361760 -0.763930 -0.534360 0.774951 0.782779
female.bmp
  20 -22.184806 0.780671 -0.246761 -0.993035 0.048363 -0.107440 0.612524 0.600783
  20 -22.237665 0.429449 -0.207406 -0.523147 -0.619623 -0.585136 0.618395 0.634051
  20 -22.262182 0.493011 -0.160943 -0.705564 -0.383063 -0.596190 0.614481 0.630137
female.bmp
  20 -22.262182 0.493011 -0.160943 -0.705564 -0.383063 -0.596190 0.614481 0.630137
  20 -22.237665 0.429449 -0.207406 -0.523147 -0.619623 -0.585136 0.618395 0.634051
  20 -22.322463 0.387586 0.153782 -0.662059 -0.716787 0.218848 0.616438 0.657534
female.bmp
  20 -22.237665 0.429449 -0.207406 -0.523147 -0.619623 -0.585136 0.618395 0.634051
  20 -21.532318 0.433604 -0.279985 -0.346935 -0.642725 -0.683038 0.686888 0.628180
  20 -22.322463 0.387586 0.153782 -0.662059 -0.716787 0.218848 0.616438 0.657534
female.bmp
  20 -22.322463 0.387586 0.153782 -0.662059 -0.716787 0.218848 0.616438 0.657534
  20 -21.532318 0.433604 -0.279985 -0.346935 -0.642725 -0.683038 0.686888 0.628180
  20 -21.197874 0.258440 0.265235 -0.672712 0.319580 0.667328 0.682975 0.653620
female.bmp
  20 -21.532318 0.433604 -0.279985 -0.346935 -0.642725 -0.683038 0.686888 0.628180
  23 -21.402326 0.128383 -0.398945 -0.874039 0.049783 -0.483299 0.698630 0.657534
  20 -21.197874 0.258440 0.265235 -0.672712 0.319580 0.667328 0.682975 0.653620
female.bmp
  20 -21.197874 0.258440 0.265235 -0.672712 0.319580 0.667328 0.682975 0.653620
  23 -21.402326 0.128383 -0.398945 -0.874039 0.049783 -0.483299 0.698630 0.657534
  23 -21.532509 -0.108714 -0.446245 -0.288350 0.225199 -0.930666 0.690802 0.681018
female.bmp
  23 -21.402326 0.128383 -0.398945 -0.874039 0.049783 -0.483299 0.698630 0.657534
  19 -20.881728 0.022939 -0.564302 -0.156399 -0.231600 -0.960157 0.741683 0.659491
  23 -21.532509 -0.108714 -0.446245 -0.288350 0.225199 -0.930666 0.690802 0.681018
female.bmp
  23 -21.532509 -0.108714 -0.446245 -0.288350 0.225199 -0.930666 0.690802 0.681018
  19 -20.881728 0.022939 -0.564302 -0.156399 -0.231600 -0.960157 0.741683 0.659491
  23 -21.529786 -0.476984 -0.315980 -0.277936 -0.727945 -0.626776 0.698630 0.714286
female.bmp
  19 -20.881728 0.022939 -0.564302 -0.156399 -0.231600 -0.960157 0.741683 0.659491
  19 -20.874371 -0.631366 -0.414529 -0.136555 -0.173469 -0.975326 0.755382 0.716243
  23 -21.529786 -0.476984 -0.315980 -0.277936 -0.727945 -0.626776 0.698630 0.714286
female.bmp
  23 -21.529786 -0.476984 -0.315980 -0.277936 -0.727945 -0.626776 0.698630 0.714286
  19 -20.874371 -0.631366 -0.414529 -0.136555 -0.173469 -0.975326 0.755382 0.716243
  26 -21.322994 -0.688084 -0.428915 -0.776611 -0.222482 -0.589386 0.718200 0.727984
female.bmp
  19 -20.874371 -0.631366 -0.414529 -0.136555 -0.173469 -0.975326 0.755382 0.716243
  26 -21.392220 -0.949056 -0.427776 -0.237275 0.181846 -0.954271 0.718200 0.751468
  26 -21.322994 -0.688084 -0.428915 -0.776611 -0.222482 -0.589386 0.718200 0.727984
female.bmp
  26 -21.322994 -0.688084 -0.428915 -0.776611 -0.222482 -0.589386 0.718200 0.727984
  26 -21.392220 -0.949056 -0.427776 -0.237275 0.181846 -0.954271 0.718200 0.751468
  26 -21.174600 -0.496359 0.104209 -0.643610 -0.060639 0.762947 0.700587 0.727984
female.bmp
  26 -21.392220 -0.949056 -0.427776 -0.237275 0.181846 -0.954271 0.718200 0.751468
  26 -22.280316 -0.838740 -0.155533 -0.255843 0.923484 -0.285871 0.634051 0.759295
  26 -21.174600 -0.496359 0.104209 -0.643610 -0.060639 0.762947 0.700587 0.727984
female.bmp
  20 -22.301004 0.623960 0.315235 -0.875243 -0.032051 0.482621 0.604697 0.223092
  20 -22.283921 0.610947 0.359267 -0.504871 -0.188507 0.842360 0.608611 0.221135
  20 -22.268335 0.822769 0.288637 -0.893509 0.282274 0.349233 0.606654 0.240705
female.bmp
  20 -22.268335 0.822769 0.288637 -0.893509 0.282274 0.349233 0.606654 0.240705
  20 -22.283921 0.610947 0.359267 -0.504871 -0.188507 0.842360 0.608611 0.221135
  20 -22.246259 0.828315 0.327133 -0.488641 0.381241 0.784784 0.610568 0.240705
female.bmp
  20 -22.283921 0.610947 0.359267 -0.504871 -0.188507 0.842360 0.608611 0.221135
  20 -21.132178 0.659160 0.367250 -0.084355 0.216376 0.972659 0.704501 0.225049
  20 -22.246259 0.828315 0.327133 -0.488641 0.381241 0.784784 0.610568 0.240705
female.bmp
  20 -22.246259 0.828315 0.327133 -0.488641 0.381241 0.784784 0.610568 0.240705
  20 -21.132178 0.659160 0.367250 -0.084355 0.216376 0.972659 0.704501 0.225049
  20 -22.210824 0.997724 0.204473 -0.337476 0.837981 0.428833 0.612524 0.254403
female.bmp
  20 -21.132178 0.659160 0.367250 -0.084355 0.216376 0.972659 0.704501 0.225049
  29 -20.942572 0.864401 0.482451 -0.115624 0.664974 0.737863 0.714286 0.246575
  20 -22.210824 0.997724 0.204473 -0.337476 0.837981 0.428833 0.612524 0.254403
female.bmp
  20 -22.210824 0.997724 0.204473 -0.337476 0.837981 0.428833 0.612524 0.254403
  29 -20.942572 0.864401 0.482451 -0.115624 0.664974 0.737863 0.714286 0.246575
  29 -20.949831 0.949735 0.247366 -0.708820 0.513356 0.483777 0.714286 0.258317
female.bmp
  29 -20.942572 0.864401 0.482451 -0.115624 0.664974 0.737863 0.714286 0.246575
  29 -20.843749 1.133635 0.347000 -0.171160 0.409700 0.896019 0.722114 0.270059
  29 -20.949831 0.949735 0.247366 -0.708820 0.513356 0.483777 0.714286 0.258317
female.bmp
  29 -20.949831 0.949735 0.247366 -0.708820 0.513356 0.483777 0.714286 0.258317
  29 -20.843749 1.133635 0.347000 -0.171160 0.409700 0.896019 0.722114 0.270059
  29 -21.729910 1.493720 0.190292 -0.655763 0.022225 0.754639 0.641879 0.299413
female.bmp
  29 -20.843749 1.133635 0.347000 -0.171160 0.409700 0.896019 0.722114 0.270059
  29 -20.749529 1.350573 0.182499 0.112096 0.555650 0.823825 0.726027 0.295499
  29 -21.729910 1.493720 0.190292 -0.655763 0.022225 0.754639 0.641879 0.299413
female.bmp
  29 -21.729910 1.493720 0.190292 -0.655763 0.022225 0.754639 0.641879 0.299413
  29 -20.749529 1.350573 0.182499 0.112096 0.555650 0.823825 0.726027 0.295499
  29 -21.650108 1.675886 0.159519 -0.451344 0.503014 0.737066 0.645793 0.320939
female.bmp
  29 -20.749529 1.350573 0.182499 0.112096 0.555650 0.823825 0.726027 0.295499
  29 -21.552686 1.829456 0.060396 -0.122205 0.896722 0.425390 0.653620 0.336595
  29 -21.650108 1.675886 0.159519 -0.451344 0.503014 0.737066 0.645793 0.320939
female.bmp
  29 -21.650108 1.675886 0.159519 -0.451344 0.503014 0.737066 0.645793 0.320939
  29 -21.552686 1.829456 0.060396 -0.122205 0.896722 0.425390 0.653620 0.336595
  29 -21.675510 1.650095 0.106703 -0.842605 0.475951 0.251967 0.641879 0.322896
female.bmp
  29 -21.552686 1.829456 0.060396 -0.122205 0.896722 0.425390 0.653620 0.336595
  29 -21.597633 1.808306 0.029860 -0.579838 0.781826 0.229207 0.645793 0.338552
  29 -21.675510 1.650095 0.106703 -0.842605 0.475951 0.251967 0.641879 0.322896
female.bmp
  3 22.274556 1.015665 0.009071 -0.126225 0.925789 -0.356344 0.499022 0.557730
  3 22.321772 1.023627 0.208838 -0.045976 0.905797 0.421211 0.518591 0.551859
  4 23.360885 1.176404 0.012665 -0.116210 0.926200 -0.358676 0.504892 0.432485
female.bmp
  4 23.360885 1.176404 0.012665 -0.116210 0.926200 -0.358676 0.504892 0.432485
  3 22.321772 1.023627 0.208838 -0.045976 0.905797 0.421211 0.518591 0.551859
  4 23.382369 1.193869 0.196060 -0.105229 0.927505 0.358695 0.518591 0.422701
female.bmp
  3 22.321772 1.023627 0.208838 -0.045976 0.905797 0.421211 0.518591 0.551859
  3 22.370327 0.880642 0.335715 0.042059 0.377005 0.925256 0.540117 0.551859
  4 23.382369 1.193869 0.196060 -0.105229 0.927505 0.358695 0.518591 0.422701
female.bmp
  4 23.382369 1.193869 0.196060 -0.105229 0.927505 0.358695 0.518591 0.422701
  3 22.370327 0.880642 0.335715 0.042059 0.377005 0.925256 0.540117 0.551859
  4 23.439363 1.068574 0.338723 0.013268 0.326794 0.945002 0.542074 0.420744
female.bmp
  3 22.370327 0.880642 0.335715 0.042059 0.377005 0.925256 0.540117 0.551859
  4 23.458591 0.869170 0.303113 0.120451 -0.491793 0.862341 0.565558 0.424658
  4 23.439363 1.068574 0.338723 0.013268 0.326794 0.945002 0.542074 0.420744
female.bmp
  4 23.439363 1.068574 0.338723 0.013268 0.326794 0.945002 0.542074 0.420744
  4 23.458591 0.869170 0.303113 0.120451 -0.491793 0.862341 0.565558 0.424658
  5 23.885398 0.955649 0.280781 0.141043 -0.322822 0.935892 0.565558 0.363992
female.bmp
  4 23.458591 0.869170 0.303113 0.120451 -0.491793 0.862341 0.565558 0.424658
  5 24.246889 0.944920 0.175859 0.358032 -0.873858 0.328915 0.583170 0.317025
  5 23.885398 0.955649 0.280781 0.141043 -0.322822 0.935892 0.565558 0.363992
female.bmp
  5 23.885398 0.955649 0.280781 0.141043 -0.322822 0.935892 0.565558 0.363992
  5 24.246889 0.944920 0.175859 0.358032 -0.873858 0.328915 0.583170 0.317025
  5 24.294897 1.048357 0.263016 0.340863 -0.351509 0.871926 0.571429 0.295499
female.bmp
  5 24.246889 0.944920 0.175859 0.358032 -0.873858 0.328915 0.583170 0.317025
  5 24.341706 1.020500 0.200303 0.833565 -0.479599 0.274144 0.571429 0.277886
  5 24.294897 1.048357 0.263016 0.340863 -0.351509 0.871926 0.571429 0.295499
female.bmp
  5 24.294897 1.048357 0.263016 0.340863 -0.351509 0.871926 0.571429 0.295499
  5 24.341706 1.020500 0.200303 0.833565 -0.479599 0.274144 0.571429 0.277886
  5 24.315264 1.168463 0.250380 0.830100 0.270121 0.487820 0.544031 0.273973
female.bmp
  5 24.341706 1.020500 0.200303 0.833565 -0.479599 0.274144 0.571429 0.277886
  5 24.377854 1.155908 0.152784 0.980901 0.186834 0.054100 0.544031 0.266145
  5 24.315264 1.168463 0.250380 0.830100 0.270121 0.487820 0.544031 0.273973
female.bmp
  5 24.315264 1.168463 0.250380 0.830100 0.270121 0.487820 0.544031 0.273973
  5 24.377854 1.155908 0.152784 0.980901 0.186834 0.054100 0.544031 0.266145
  5 24.307064 1.266635 0.117735 0.689679 0.703783 -0.170386 0.522505 0.272016
female.bmp
  14 23.129743 2.111392 0.148448 0.543126 -0.764804 0.346538 0.500978 0.624266
  14 23.142166 2.115605 -0.017165 0.743907 -0.560177 -0.364423 0.514677 0.626223
  14 23.196510 2.181238 0.156441 0.907027 -0.264956 0.327263 0.514677 0.608611
female.bmp
  14 23.196510 2.181238 0.156441 0.907027 -0.264956 0.327263 0.514677 0.608611
  14 23.142166 2.115605 -0.017165 0.743907 -0.560177 -0.364423 0.514677 0.626223
  14 23.199860 2.308877 0.114049 0.908537 0.410562 0.077456 0.532290 0.600783
female.bmp
  14 23.142166 2.115605 -0.017165 0.743907 -0.560177 -0.364423 0.514677 0.626223
  14 23.140795 2.230242 -0.056619 0.745491 0.145509 -0.650439 0.534247 0.618395
  14 23.199860 2.308877 0.114049 0.908537 0.410562 0.077456 0.532290 0.600783
female.bmp
  14 23.199860 2.308877 0.114049 0.908537 0.410562 0.077456 0.532290 0.600783
  14 23.140795 2.230242 -0.056619 0.745491 0.145509 -0.650439 0.534247 0.618395
  14 23.062207 2.275602 -0.084305 0.233143 0.536918 -0.810780 0.547945 0.626223
female.bmp
  14 23.140795 2.230242 -0.056619 0.745491 0.145509 -0.650439 0.534247 0.618395
  14 22.884253 2.060031 -0.167141 0.288237 -0.276013 -0.916917 0.530333 0.643836
  14 23.062207 2.275602 -0.084305 0.233143 0.536918 -0.810780 0.547945 0.626223
female.bmp
  14 23.062207 2.275602 -0.084305 0.233143 0.536918 -0.810780 0.547945 0.626223
  14 22.884253 2.060031 -0.167141 0.288237 -0.276013 -0.916917 0.530333 0.643836
  13 22.523693 2.029514 -0.174903 -0.026408 0.300630 -0.953375 0.547945 0.726027
female.bmp
  14 22.884253 2.060031 -0.167141 0.288237 -0.276013 -0.916917 0.530333 0.643836
  13 22.591968 1.844875 -0.093372 0.422936 -0.719913 -0.550319 0.516634 0.731898
  13 22.523693 2.029514 -0.174903 -0.026408 0.300630 -0.953375 0.547945 0.726027
female.bmp
  13 22.523693 2.029514 -0.174903 -0.026408 0.300630 -0.953375 0.547945 0.726027
  13 22.591968 1.844875 -0.093372 0.422936 -0.719913 -0.550319 0.516634 0.731898
  13 22.423534 1.984721 -0.198601 0.048301 0.279264 -0.958999 0.547945 0.747554
female.bmp
  13 22.591968 1.844875 -0.093372 0.422936 -0.719913 -0.550319 0.516634 0.731898
  13 22.505039 1.795869 -0.114388 0.473924 -0.667725 -0.574056 0.514677 0.753425
  13 22.423534 1.984721 -0.198601 0.048301 0.279264 -0.958999 0.547945 0.747554
female.bmp
  13 22.423534 1.984721 -0.198601 0.048301 0.279264 -0.958999 0.547945 0.747554
  13 22.505039 1.795869 -0.114388 0.473924 -0.667725 -0.574056 0.514677 0.753425
  12 21.770995 1.452179 -0.228790 0.512288 -0.573520 -0.639247 0.518591 0.831703
female.bmp
  13 22.505039 1.795869 -0.114388 0.473924 -0.667725 -0.574056 0.514677 0.753425
  12 21.825583 1.420026 0.044133 0.456316 -0.833482 0.311582 0.500978 0.827789
  12 21.770995 1.452179 -0.228790 0.512288 -0.573520 -0.639247 0.518591 0.831703
female.bmp
  12 21.770995 1.452179 -0.228790 0.512288 -0.573520 -0.639247 0.518591 0.831703
  12 21.825583 1.420026 0.044133 0.456316 -0.833482 0.311582 0.500978 0.827789
  12 21.766032 1.382100 0.054873 0.513793 -0.813066 0.273752 0.497065 0.841487
female.bmp
  2 17.626139 -0.264516 0.752826 -0.909412 -0.021398 -0.415345 0.019569 0.868885
  2 17.608304 0.246270 0.637154 -0.927740 -0.245339 -0.281262 0.027397 0.923679
  2 17.765478 -0.254067 0.611493 -0.718171 -0.043405 -0.694512 0.029354 0.870841
female.bmp
  2 17.765478 -0.254067 0.611493 -0.718171 -0.043405 -0.694512 0.029354 0.870841
  2 17.608304 0.246270 0.637154 -0.927740 -0.245339 -0.281262 0.027397 0.923679
  2 17.755731 0.156823 0.474476 -0.774876 -0.394980 -0.493516 0.041096 0.915851
female.bmp
  2 17.608304 0.246270 0.637154 -0.927740 -0.245339 -0.281262 0.027397 0.923679
  2 17.554837 0.599143 0.202272 -0.910680 -0.402649 -0.092393 0.068493 0.964775
  2 17.755731 0.156823 0.474476 -0.774876 -0.394980 -0.493516 0.041096 0.915851
female.bmp
  2 17.755731 0.156823 0.474476 -0.774876 -0.394980 -0.493516 0.041096 0.915851
  2 17.554837 0.599143 0.202272 -0.910680 -0.402649 -0.092393 0.068493 0.964775
  2 17.706830 0.459311 0.099096 -0.732599 -0.646262 -0.213645 0.082192 0.951076
female.bmp
  2 17.554837 0.599143 0.202272 -0.910680 -0.402649 -0.092393 0.068493 0.964775
  2 17.500599 0.702022 -0.234161 -0.874507 -0.469803 0.120508 0.115460 0.978474
  2 17.706830 0.459311 0.099096 -0.732599 -0.646262 -0.213645 0.082192 0.951076
female.bmp
  2 17.706830 0.459311 0.099096 -0.732599 -0.646262 -0.213645 0.082192 0.951076
  2 17.500599 0.702022 -0.234161 -0.874507 -0.469803 0.120508 0.115460 0.978474
  2 17.668915 0.581650 -0.258249 -0.582775 -0.801033 0.136817 0.117417 0.966732
female.bmp
  2 17.500599 0.702022 -0.234161 -0.874507 -0.469803 0.120508 0.115460 0.978474
  2 17.475722 0.544020 -0.544188 -0.849488 -0.347748 0.396789 0.148728 0.964775
  2 17.668915 0.581650 -0.258249 -0.582775 -0.801033 0.136817 0.117417 0.966732
female.bmp
  2 17.668915 0.581650 -0.258249 -0.582775 -0.801033 0.136817 0.117417 0.966732
  2 17.475722 0.544020 -0.544188 -0.849488 -0.347748 0.396789 0.148728 0.964775
  2 17.651997 0.453004 -0.468401 -0.552866 -0.536060 0.637949 0.140900 0.954990
female.bmp
  2 17.475722 0.544020 -0.544188 -0.849488 -0.347748 0.396789 0.148728 0.964775
  2 17.493570 0.204850 -0.688222 -0.825735 -0.112647 0.552696 0.168297 0.927593
  2 17.651997 0.453004 -0.468401 -0.552866 -0.536060 0.637949 0.140900 0.954990
female.bmp
  2 17.651997 0.453004 -0.468401 -0.552866 -0.536060 0.637949 0.140900 0.954990
  2 17.493570 0.204850 -0.688222 -0.825735 -0.112647 0.552696 0.168297 0.927593
  2 17.642697 0.243716 -0.579362 -0.507082 -0.231957 0.830099 0.156556 0.929550
female.bmp
  2 17.493570 0.204850 -0.688222 -0.825735 -0.112647 0.552696 0.168297 0.927593
  2 17.513540 -0.295317 -0.672962 -0.659656 -0.497006 0.563772 0.181996 0.878669
  2 17.642697 0.243716 -0.579362 -0.507082 -0.231957 0.830099 0.156556 0.929550
female.bmp
  2 17.642697 0.243716 -0.579362 -0.507082 -0.231957 0.830099 0.156556 0.929550
  2 17.513540 -0.295317 -0.672962 -0.659656 -0.497006 0.563772 0.181996 0.878669
  2 17.804345 -0.337005 -0.545706 -0.741796 0.079946 0.665844 0.170254 0.874755
female.bmp
  2 17.973939 -0.385887 -0.810184 -0.807553 0.284115 0.516852 0.322896 0.882583
  2 17.972335 -0.395758 -0.830184 -0.889944 -0.270125 -0.367468 0.309198 0.882583
  2 17.978411 -0.466271 -0.750868 -0.829192 0.302500 0.470037 0.322896 0.911937
female.bmp
  2 17.978411 -0.466271 -0.750868 -0.829192 0.302500 0.470037 0.322896 0.911937
  2 17.972335 -0.395758 -0.830184 -0.889944 -0.270125 -0.367468 0.309198 0.882583
  2 17.975990 -0.486078 -0.780899 -0.871941 -0.323948 -0.367119 0.309198 0.911937
female.bmp
  2 17.972335 -0.395758 -0.830184 -0.889944 -0.270125 -0.367468 0.309198 0.882583
  2 18.000638 -0.405707 -0.852544 -0.062379 -0.529481 -0.846026 0.293542 0.882583
  2 17.975990 -0.486078 -0.780899 -0.871941 -0.323948 -0.367119 0.309198 0.911937
female.bmp
  2 17.975990 -0.486078 -0.780899 -0.871941 -0.323948 -0.367119 0.309198 0.911937
  2 18.000638 -0.405707 -0.852544 -0.062379 -0.529481 -0.846026 0.293542 0.882583
  2 18.005079 -0.496091 -0.793290 -0.058885 -0.598611 -0.798873 0.293542 0.911937
female.bmp
  2 18.000638 -0.405707 -0.852544 -0.062379 -0.529481 -0.846026 0.293542 0.882583
  2 18.042117 -0.395939 -0.835692 0.823093 -0.272006 -0.498528 0.277886 0.882583
  2 18.005079 -0.496091 -0.793290 -0.058885 -0.598611 -0.798873 0.293542 0.911937
female.bmp
  2 18.005079 -0.496091 -0.793290 -0.058885 -0.598611 -0.798873 0.293542 0.911937
  2 18.042117 -0.395939 -0.835692 0.823093 -0.272006 -0.498528 0.277886 0.882583
  2 18.045773 -0.486259 -0.786406 0.805251 -0.325640 -0.495509 0.277886 0.911937
female.bmp
  2 18.042117 -0.395939 -0.835692 0.823093 -0.272006 -0.498528 0.277886 0.882583
  2 18.043721 -0.386068 -0.815692 0.882786 0.277154 0.379308 0.264188 0.882583
  2 18.045773 -0.486259 -0.786406 0.805251 -0.325640 -0.495509 0.277886 0.911937
female.bmp
  2 18.045773 -0.486259 -0.786406 0.805251 -0.325640 -0.495509 0.277886 0.911937
  2 18.043721 -0.386068 -0.815692 0.882786 0.277154 0.379308 0.264188 0.882583
  2 18.048194 -0.466452 -0.756375 0.896745 0.295224 0.329684 0.264188 0.911937
female.bmp
  2 18.043721 -0.386068 -0.815692 0.882786 0.277154 0.379308 0.264188 0.882583
  2 18.005449 -0.376094 -0.792546 0.073717 0.529448 0.845133 0.248532 0.882583
  2 18.048194 -0.466452 -0.756375 0.896745 0.295224 0.329684 0.264188 0.911937
female.bmp
  2 18.048194 -0.466452 -0.756375 0.896745 0.295224 0.329684 0.264188 0.911937
  2 18.005449 -0.376094 -0.792546 0.073717 0.529448 0.845133 0.248532 0.882583
  2 18.009135 -0.456413 -0.743198 0.070173 0.598954 0.797703 0.248532 0.911937
female.bmp
  2 18.005449 -0.376094 -0.792546 0.073717 0.529448 0.845133 0.248532 0.882583
  2 17.973939 -0.385887 -0.810184 -0.807553 0.284115 0.516852 0.234834 0.882583
  2 18.009135 -0.456413 -0.743198 0.070173 0.598954 0.797703 0.248532 0.911937
female.bmp
  2 18.009135 -0.456413 -0.743198 0.070173 0.598954 0.797703 0.248532 0.911937
  2 17.973939 -0.385887 -0.810184 -0.807553 0.284115 0.516852 0.234834 0.882583
  2 17.978411 -0.466271 -0.750868 -0.829192 0.302500 0.470037 0.234834 0.911937
female.bmp
  2 17.978411 -0.466271 -0.750868 -0.829192 0.302500 0.470037 0.322896 0.911937
  2 17.975990 -0.486078 -0.780899 -0.871941 -0.323948 -0.367119 0.309198 0.911937
  2 17.983670 -0.546719 -0.681584 -0.848367 0.376174 0.372514 0.322896 0.941292
female.bmp
  2 17.983670 -0.546719 -0.681584 -0.848367 0.376174 0.372514 0.322896 0.941292
  2 17.975990 -0.486078 -0.780899 -0.871941 -0.323948 -0.367119 0.309198 0.911937
  2 17.982035 -0.566591 -0.701645 -0.846385 -0.458684 -0.270633 0.309198 0.941292
female.bmp
  2 17.975990 -0.486078 -0.780899 -0.871941 -0.323948 -0.367119 0.309198 0.911937
  2 18.005079 -0.496091 -0.793290 -0.058885 -0.598611 -0.798873 0.293542 0.911937
  2 17.982035 -0.566591 -0.701645 -0.846385 -0.458684 -0.270633 0.309198 0.941292
female.bmp
  2 17.982035 -0.566591 -0.701645 -0.846385 -0.458684 -0.270633 0.309198 0.941292
  2 18.005079 -0.496091 -0.793290 -0.058885 -0.598611 -0.798873 0.293542 0.911937
  2 18.011094 -0.586603 -0.714099 -0.046992 -0.801024 -0.596785 0.293542 0.941292
female.bmp
  2 18.005079 -0.496091 -0.793290 -0.058885 -0.598611 -0.798873 0.293542 0.911937
  2 18.045773 -0.486259 -0.786406 0.805251 -0.325640 -0.495509 0.277886 0.911937
  2 18.011094 -0.586603 -0.714099 -0.046992 -0.801024 -0.596785 0.293542 0.941292
female.bmp
  2 18.011094 -0.586603 -0.714099 -0.046992 -0.801024 -0.596785 0.293542 0.941292
  2 18.045773 -0.486259 -0.786406 0.805251 -0.325640 -0.495509 0.277886 0.911937
  2 18.051818 -0.566772 -0.707152 0.796300 -0.452481 -0.401455 0.277886 0.941292
female.bmp
  2 18.045773 -0.486259 -0.786406 0.805251 -0.325640 -0.495509 0.277886 0.911937
  2 18.048194 -0.466452 -0.756375 0.896745 0.295224 0.329684 0.264188 0.911937
  2 18.051818 -0.566772 -0.707152 0.796300 -0.452481 -0.401455 0.277886 0.941292
female.bmp
  2 18.051818 -0.566772 -0.707152 0.796300 -0.452481 -0.401455 0.277886 0.941292
  2 18.048194 -0.466452 -0.756375 0.896745 0.295224 0.329684 0.264188 0.911937
  2 18.053453 -0.546900 -0.687090 0.901052 0.367838 0.229785 0.264188 0.941292
female.bmp
  2 18.048194 -0.466452 -0.756375 0.896745 0.295224 0.329684 0.264188 0.911937
  2 18.009135 -0.456413 -0.743198 0.070173 0.598954 0.797703 0.248532 0.911937
  2 18.053453 -0.546900 -0.687090 0.901052 0.367838 0.229785 0.264188 0.941292
female.bmp
  2 18.053453 -0.546900 -0.687090 0.901052 0.367838 0.229785 0.264188 0.941292
  2 18.009135 -0.456413 -0.743198 0.070173 0.598954 0.797703 0.248532 0.911937
  2 18.014425 -0.526861 -0.673851 0.056395 0.774315 0.630282 0.248532 0.941292
female.bmp
  2 18.009135 -0.456413 -0.743198 0.070173 0.598954 0.797703 0.248532 0.911937
  2 17.978411 -0.466271 -0.750868 -0.829192 0.302500 0.470037 0.234834 0.911937
  2 18.014425 -0.526861 -0.673851 0.056395 0.774315 0.630282 0.248532 0.941292
female.bmp
  2 18.014425 -0.526861 -0.673851 0.056395 0.774315 0.630282 0.248532 0.941292
  2 17.978411 -0.466271 -0.750868 -0.829192 0.302500 0.470037 0.234834 0.911937
  2 17.983670 -0.546719 -0.681584 -0.848367 0.376174 0.372514 0.234834 0.941292
female.bmp
  2 17.983670 -0.546719 -0.681584 -0.848367 0.376174 0.372514 0.322896 0.941292
  2 17.982035 -0.566591 -0.701645 -0.846385 -0.458684 -0.270633 0.309198 0.941292
  2 17.991381 -0.597361 -0.582206 -0.895419 0.353371 0.270838 0.322896 0.970646
female.bmp
  2 17.991381 -0.597361 -0.582206 -0.895419 0.353371 0.270838 0.322896 0.970646
  2 17.982035 -0.566591 -0.701645 -0.846385 -0.458684 -0.270633 0.309198 0.941292
  2 17.991289 -0.627360 -0.582392 -0.802099 -0.560542 -0.205983 0.309198 0.970646
female.bmp
  2 17.982035 -0.566591 -0.701645 -0.846385 -0.458684 -0.270633 0.309198 0.941292
  2 18.011094 -0.586603 -0.714099 -0.046992 -0.801024 -0.596785 0.293542 0.941292
  2 17.991289 -0.627360 -0.582392 -0.802099 -0.560542 -0.205983 0.309198 0.970646
female.bmp
  2 17.991289 -0.627360 -0.582392 -0.802099 -0.560542 -0.205983 0.309198 0.970646
  2 18.011094 -0.586603 -0.714099 -0.046992 -0.801024 -0.596785 0.293542 0.941292
  2 18.021921 -0.647502 -0.574908 -0.035996 -0.905431 -0.422964 0.293542 0.970646
female.bmp
  2 18.011094 -0.586603 -0.714099 -0.046992 -0.801024 -0.596785 0.293542 0.941292
  2 18.051818 -0.566772 -0.707152 0.796300 -0.452481 -0.401455 0.277886 0.941292
  2 18.021921 -0.647502 -0.574908 -0.035996 -0.905431 -0.422964 0.293542 0.970646
female.bmp
  2 18.021921 -0.647502 -0.574908 -0.035996 -0.905431 -0.422964 0.293542 0.970646
  2 18.051818 -0.566772 -0.707152 0.796300 -0.452481 -0.401455 0.277886 0.941292
  2 18.061072 -0.627541 -0.587899 0.771701 -0.555124 -0.310346 0.277886 0.970646
female.bmp
  2 18.051818 -0.566772 -0.707152 0.796300 -0.452481 -0.401455 0.277886 0.941292
  2 18.053453 -0.546900 -0.687090 0.901052 0.367838 0.229785 0.264188 0.941292
  2 18.061072 -0.627541 -0.587899 0.771701 -0.555124 -0.310346 0.277886 0.970646
female.bmp
  2 18.061072 -0.627541 -0.587899 0.771701 -0.555124 -0.310346 0.277886 0.970646
  2 18.053453 -0.546900 -0.687090 0.901052 0.367838 0.229785 0.264188 0.941292
  2 18.061164 -0.597542 -0.587713 0.931017 0.342519 0.126045 0.264188 0.970646
female.bmp
  2 18.053453 -0.546900 -0.687090 0.901052 0.367838 0.229785 0.264188 0.941292
  2 18.014425 -0.526861 -0.673851 0.056395 0.774315 0.630282 0.248532 0.941292
  2 18.061164 -0.597542 -0.587713 0.931017 0.342519 0.126045 0.264188 0.970646
female.bmp
  2 18.061164 -0.597542 -0.587713 0.931017 0.342519 0.126045 0.264188 0.970646
  2 18.014425 -0.526861 -0.673851 0.056395 0.774315 0.630282 0.248532 0.941292
  2 18.021319 -0.587439 -0.584504 0.044778 0.866986 0.496316 0.248532 0.970646
female.bmp
  2 18.014425 -0.526861 -0.673851 0.056395 0.774315 0.630282 0.248532 0.941292
  2 17.983670 -0.546719 -0.681584 -0.848367 0.376174 0.372514 0.234834 0.941292
  2 18.021319 -0.587439 -0.584504 0.044778 0.866986 0.496316 0.248532 0.970646
female.bmp
  2 18.021319 -0.587439 -0.584504 0.044778 0.866986 0.496316 0.248532 0.970646
  2 17.983670 -0.546719 -0.681584 -0.848367 0.376174 0.372514 0.234834 0.941292
  2 17.991381 -0.597361 -0.582206 -0.895419 0.353371 0.270838 0.234834 0.970646
female.bmp
  8 24.662699 -0.404955 0.250845 0.170442 -0.951827 0.254903 0.500978 0.624266
  8 24.701107 -0.391749 0.050220 0.485047 -0.805176 -0.341204 0.514677 0.626223
  8 24.773006 -0.350520 0.270062 0.777907 -0.574862 0.253762 0.514677 0.608611
female.bmp
  8 24.773006 -0.350520 0.270062 0.777907 -0.574862 0.253762 0.514677 0.608611
  8 24.701107 -0.391749 0.050220 0.485047 -0.805176 -0.341204 0.514677 0.626223
  8 24.754205 -0.287103 0.021417 0.814711 -0.196110 -0.545698 0.534247 0.618395
female.bmp
  8 24.701107 -0.391749 0.050220 0.485047 -0.805176 -0.341204 0.514677 0.626223
  8 24.440900 -0.322372 -0.166988 0.243987 -0.282082 -0.927847 0.530333 0.643836
  8 24.754205 -0.287103 0.021417 0.814711 -0.196110 -0.545698 0.534247 0.618395
female.bmp
  8 24.754205 -0.287103 0.021417 0.814711 -0.196110 -0.545698 0.534247 0.618395
  8 24.440900 -0.322372 -0.166988 0.243987 -0.282082 -0.927847 0.530333 0.643836
  8 24.698036 -0.173698 -0.024239 0.518953 0.421890 -0.743436 0.547945 0.626223
female.bmp
  8 24.440900 -0.322372 -0.166988 0.243987 -0.282082 -0.927847 0.530333 0.643836
  8 23.953695 -0.165189 -0.178135 0.064435 0.318164 -0.945843 0.547945 0.726027
  8 24.698036 -0.173698 -0.024239 0.518953 0.421890 -0.743436 0.547945 0.626223
female.bmp
  8 24.698036 -0.173698 -0.024239 0.518953 0.421890 -0.743436 0.547945 0.626223
  8 23.953695 -0.165189 -0.178135 0.064435 0.318164 -0.945843 0.547945 0.726027
  7 23.888321 0.026729 0.023146 0.070758 0.951248 -0.300200 0.571429 0.737769
female.bmp
  8 23.953695 -0.165189 -0.178135 0.064435 0.318164 -0.945843 0.547945 0.726027
  7 23.763968 -0.179897 -0.197403 0.048016 0.208365 -0.976872 0.547945 0.747554
  7 23.888321 0.026729 0.023146 0.070758 0.951248 -0.300200 0.571429 0.737769
female.bmp
  7 23.888321 0.026729 0.023146 0.070758 0.951248 -0.300200 0.571429 0.737769
  7 23.763968 -0.179897 -0.197403 0.048016 0.208365 -0.976872 0.547945 0.747554
  7 22.720642 0.071757 -0.048949 0.045050 0.926708 -0.373073 0.573386 0.827789
female.bmp
  7 23.763968 -0.179897 -0.197403 0.048016 0.208365 -0.976872 0.547945 0.747554
  7 22.733060 -0.146541 -0.224138 0.048016 0.208365 -0.976872 0.547945 0.831703
  7 22.720642 0.071757 -0.048949 0.045050 0.926708 -0.373073 0.573386 0.827789
female.bmp
  7 22.720642 0.071757 -0.048949 0.045050 0.926708 -0.373073 0.573386 0.827789
  7 22.733060 -0.146541 -0.224138 0.048016 0.208365 -0.976872 0.547945 0.831703
  6 22.619633 0.081316 -0.027607 0.101606 0.932303 -0.347114 0.573386 0.837573
female.bmp
  7 22.733060 -0.146541 -0.224138 0.048016 0.208365 -0.976872 0.547945 0.831703
  6 22.569923 -0.134894 -0.238514 0.146130 0.219181 -0.964679 0.547945 0.841487
  6 22.619633 0.081316 -0.027607 0.101606 0.932303 -0.347114 0.573386 0.837573
female.bmp
  15 20.345514 -1.573014 -0.285892 0.670010 -0.305682 -0.676495 0.457926 0.031311
  15 20.486069 -1.483168 -0.001161 0.791200 -0.601603 0.109897 0.475538 0.021526
  16 20.377193 -1.980484 -0.176191 0.877617 -0.061498 -0.475401 0.463796 0.050881
female.bmp
  16 20.377193 -1.980484 -0.176191 0.877617 -0.061498 -0.475401 0.463796 0.050881
  15 20.486069 -1.483168 -0.001161 0.791200 -0.601603 0.109897 0.475538 0.021526
  16 20.453171 -1.980935 0.105637 0.973696 -0.042945 0.223768 0.487280 0.045010
female.bmp
  15 20.486069 -1.483168 -0.001161 0.791200 -0.601603 0.109897 0.475538 0.021526
  16 20.155418 -2.034217 0.488134 0.480403 -0.119830 0.868823 0.522505 0.052838
  16 20.453171 -1.980935 0.105637 0.973696 -0.042945 0.223768 0.487280 0.045010
female.bmp
  16 20.453171 -1.980935 0.105637 0.973696 -0.042945 0.223768 0.487280 0.045010
  16 20.155418 -2.034217 0.488134 0.480403 -0.119830 0.868823 0.522505 0.052838
  16 20.413289 -2.537475 0.145302 0.948351 0.058342 0.311812 0.495108 0.088063
female.bmp
  16 20.155418 -2.034217 0.488134 0.480403 -0.119830 0.868823 0.522505 0.052838
  16 20.241606 -2.551338 0.451296 0.446660 -0.024463 0.894369 0.516634 0.091977
  16 20.413289 -2.537475 0.145302 0.948351 0.058342 0.311812 0.495108 0.088063
female.bmp
  16 20.413289 -2.537475 0.145302 0.948351 0.058342 0.311812 0.495108 0.088063
  16 20.241606 -2.551338 0.451296 0.446660 -0.024463 0.894369 0.516634 0.091977
  17 20.266476 -3.050557 0.404606 0.444127 -0.636979 0.630086 0.516634 0.129159
female.bmp
  16 20.241606 -2.551338 0.451296 0.446660 -0.024463 0.894369 0.516634 0.091977
  16 19.927322 -2.647103 0.392521 -0.282543 -0.170120 0.944049 0.544031 0.093933
  17 20.266476 -3.050557 0.404606 0.444127 -0.636979 0.630086 0.516634 0.129159
female.bmp
  17 20.266476 -3.050557 0.404606 0.444127 -0.636979 0.630086 0.516634 0.129159
  16 19.927322 -2.647103 0.392521 -0.282543 -0.170120 0.944049 0.544031 0.093933
  17 19.983435 -3.115349 0.387575 -0.336086 -0.164710 0.927317 0.536204 0.129159
female.bmp
  16 19.927322 -2.647103 0.392521 -0.282543 -0.170120 0.944049 0.544031 0.093933
  17 19.829260 -3.183606 0.273684 -0.441920 -0.759128 0.477944 0.549902 0.133072
  17 19.983435 -3.115349 0.387575 -0.336086 -0.164710 0.927317 0.536204 0.129159
female.bmp
  17 19.983435 -3.115349 0.387575 -0.336086 -0.164710 0.927317 0.536204 0.129159
  17 19.829260 -3.183606 0.273684 -0.441920 -0.759128 0.477944 0.549902 0.133072
  17 19.853016 -3.187327 0.204244 0.325511 -0.939368 0.107847 0.547945 0.138943
female.bmp
  17 19.829260 -3.183606 0.273684 -0.441920 -0.759128 0.477944 0.549902 0.133072
  17 19.816130 -3.220760 -0.006757 -0.870909 -0.490229 -0.034549 0.561644 0.138943
  17 19.853016 -3.187327 0.204244 0.325511 -0.939368 0.107847 0.547945 0.138943
female.bmp
  2 17.775040 0.459259 0.073652 0.140003 0.874968 0.463499 0.285714 0.031311
  1 16.188049 0.323848 0.539393 0.142791 0.633502 0.760451 0.326810 0.131115
  2 17.784096 0.166873 0.452240 0.174016 0.595891 0.783985 0.330724 0.033268
female.bmp
  2 17.784096 0.166873 0.452240 0.174016 0.595891 0.783985 0.330724 0.033268
  1 16.188049 0.323848 0.539393 0.142791 0.633502 0.760451 0.326810 0.131115
  1 16.176675 -0.186001 0.779654 0.139039 0.097760 0.985450 0.369863 0.131115
female.bmp
  1 16.188049 0.323848 0.539393 0.142791 0.633502 0.760451 0.326810 0.131115
  1 14.123156 0.541414 0.824669 0.142791 0.633502 0.760451 0.332681 0.244618
  1 16.176675 -0.186001 0.779654 0.139039 0.097760 0.985450 0.369863 0.131115
female.bmp
  1 16.176675 -0.186001 0.779654 0.139039 0.097760 0.985450 0.369863 0.131115
  1 14.123156 0.541414 0.824669 0.142791 0.633502 0.760451 0.332681 0.244618
  1 14.120588 -0.138509 1.084858 0.139039 0.097760 0.985450 0.377691 0.244618
female.bmp
  1 14.123156 0.541414 0.824669 0.142791 0.633502 0.760451 0.332681 0.244618
  1 12.722412 -0.146628 1.252002 0.089334 0.072463 0.993362 0.385519 0.358121
  1 14.120588 -0.138509 1.084858 0.139039 0.097760 0.985450 0.377691 0.244618
female.bmp
  1 14.120588 -0.138509 1.084858 0.139039 0.097760 0.985450 0.377691 0.244618
  1 12.722412 -0.146628 1.252002 0.089334 0.072463 0.993362 0.385519 0.358121
  1 12.775680 -0.797132 1.151473 0.073519 -0.479516 0.874448 0.438356 0.354207
female.bmp
  1 12.722412 -0.146628 1.252002 0.089334 0.072463 0.993362 0.385519 0.358121
  1 9.695279 0.019036 1.399068 0.027306 0.083907 0.996099 0.381605 0.536204
  1 12.775680 -0.797132 1.151473 0.073519 -0.479516 0.874448 0.438356 0.354207
female.bmp
  1 12.775680 -0.797132 1.151473 0.073519 -0.479516 0.874448 0.438356 0.354207
  1 9.695279 0.019036 1.399068 0.027306 0.083907 0.996099 0.381605 0.536204
  1 9.698131 -0.681044 1.299168 0.017014 -0.439597 0.898034 0.430528 0.538160
female.bmp
  1 9.695279 0.019036 1.399068 0.027306 0.083907 0.996099 0.381605 0.536204
  1 9.832306 -0.855441 1.305441 0.066288 -0.416584 0.906677 0.432485 0.567515
  1 9.698131 -0.681044 1.299168 0.017014 -0.439597 0.898034 0.430528 0.538160
female.bmp
  1 9.698131 -0.681044 1.299168 0.017014 -0.439597 0.898034 0.430528 0.538160
  1 9.832306 -0.855441 1.305441 0.066288 -0.416584 0.906677 0.432485 0.567515
  1 9.810073 -1.415274 0.755630 0.123829 -0.892453 0.433812 0.471624 0.567515
female.bmp
  1 9.832306 -0.855441 1.305441 0.066288 -0.416584 0.906677 0.432485 0.567515
  1 9.268492 -1.548539 0.770812 0.192194 -0.884548 0.425013 0.471624 0.590998
  1 9.810073 -1.415274 0.755630 0.123829 -0.892453 0.433812 0.471624 0.567515
female.bmp
  29 -21.609728 1.601335 -0.346061 0.019985 0.325623 -0.945289 0.547945 0.841487
  29 -21.675233 1.626296 -0.332426 0.019985 0.325623 -0.945289 0.547945 0.831703
  29 -21.595735 1.753806 -0.154602 0.364402 0.778977 -0.510300 0.573386 0.837573
female.bmp
  29 -21.595735 1.753806 -0.154602 0.364402 0.778977 -0.510300 0.573386 0.837573
  29 -21.675233 1.626296 -0.332426 0.019985 0.325623 -0.945289 0.547945 0.831703
  29 -21.655625 1.789594 -0.133807 0.349470 0.827760 -0.438959 0.573386 0.827789
female.bmp
  29 -21.675233 1.626296 -0.332426 0.019985 0.325623 -0.945289 0.547945 0.831703
  30 -22.414053 1.952125 -0.261643 -0.019938 0.264208 -0.964260 0.547945 0.747554
  29 -21.655625 1.789594 -0.133807 0.349470 0.827760 -0.438959 0.573386 0.827789
female.bmp
  29 -21.655625 1.789594 -0.133807 0.349470 0.827760 -0.438959 0.573386 0.827789
  30 -22.414053 1.952125 -0.261643 -0.019938 0.264208 -0.964260 0.547945 0.747554
  30 -22.396924 2.129929 -0.058193 0.328301 0.905177 -0.269950 0.571429 0.737769
female.bmp
  30 -22.414053 1.952125 -0.261643 -0.019938 0.264208 -0.964260 0.547945 0.747554
  30 -22.523970 2.001390 -0.241870 0.054503 0.285899 -0.956709 0.547945 0.726027
  30 -22.396924 2.129929 -0.058193 0.328301 0.905177 -0.269950 0.571429 0.737769
female.bmp
  30 -22.396924 2.129929 -0.058193 0.328301 0.905177 -0.269950 0.571429 0.737769
  30 -22.523970 2.001390 -0.241870 0.054503 0.285899 -0.956709 0.547945 0.726027
  31 -23.062549 2.250452 -0.173802 -0.209916 0.523520 -0.825749 0.547945 0.626223
female.bmp
  30 -22.523970 2.001390 -0.241870 0.054503 0.285899 -0.956709 0.547945 0.726027
  31 -22.876893 2.021265 -0.244549 -0.259492 -0.291131 -0.920818 0.530333 0.643836
  31 -23.062549 2.250452 -0.173802 -0.209916 0.523520 -0.825749 0.547945 0.626223
female.bmp
  31 -23.062549 2.250452 -0.173802 -0.209916 0.523520 -0.825749 0.547945 0.626223
  31 -22.876893 2.021265 -0.244549 -0.259492 -0.291131 -0.920818 0.530333 0.643836
  31 -23.146148 2.196619 -0.145288 -0.725804 0.132977 -0.674926 0.534247 0.618395
female.bmp
  31 -22.876893 2.021265 -0.244549 -0.259492 -0.291131 -0.920818 0.530333 0.643836
  31 -23.135061 2.086968 -0.105867 -0.730935 -0.568182 -0.378025 0.514677 0.626223
  31 -23.146148 2.196619 -0.145288 -0.725804 0.132977 -0.674926 0.534247 0.618395
female.bmp
  31 -23.146148 2.196619 -0.145288 -0.725804 0.132977 -0.674926 0.534247 0.618395
  31 -23.135061 2.086968 -0.105867 -0.730935 -0.568182 -0.378025 0.514677 0.626223
  31 -23.206255 2.286350 0.019744 -0.911611 0.408748 0.043467 0.532290 0.600783
female.bmp
  31 -23.135061 2.086968 -0.105867 -0.730935 -0.568182 -0.378025 0.514677 0.626223
  31 -23.203836 2.159396 0.064204 -0.915803 -0.262802 0.303710 0.514677 0.608611
  31 -23.206255 2.286350 0.019744 -0.911611 0.408748 0.043467 0.532290 0.600783
female.bmp
  23 -22.561116 -0.151976 -0.237683 -0.141855 0.219491 -0.965247 0.547945 0.841487
  24 -22.723649 -0.161400 -0.232177 -0.026627 0.208322 -0.977698 0.547945 0.831703
  23 -22.621510 0.062076 -0.036600 -0.097515 0.932557 -0.347604 0.573386 0.837573
female.bmp
  23 -22.621510 0.062076 -0.036600 -0.097515 0.932557 -0.347604 0.573386 0.837573
  24 -22.723649 -0.161400 -0.232177 -0.026627 0.208322 -0.977698 0.547945 0.831703
  24 -22.715635 0.059779 -0.047203 -0.040439 0.926571 -0.373940 0.573386 0.827789
female.bmp
  24 -22.723649 -0.161400 -0.232177 -0.026627 0.208322 -0.977698 0.547945 0.831703
  24 -23.754241 -0.196279 -0.219345 -0.026627 0.208322 -0.977698 0.547945 0.747554
  24 -22.715635 0.059779 -0.047203 -0.040439 0.926571 -0.373940 0.573386 0.827789
female.bmp
  24 -22.715635 0.059779 -0.047203 -0.040439 0.926571 -0.373940 0.573386 0.827789
  24 -23.754241 -0.196279 -0.219345 -0.026627 0.208322 -0.977698 0.547945 0.747554
  24 -23.884962 0.007014 -0.011296 -0.067906 0.950991 -0.301671 0.571429 0.737769
female.bmp
  24 -23.754241 -0.196279 -0.219345 -0.026627 0.208322 -0.977698 0.547945 0.747554
  25 -23.946013 -0.187246 -0.217952 -0.044213 0.318044 -0.947045 0.547945 0.726027
  24 -23.884962 0.007014 -0.011296 -0.067906 0.950991 -0.301671 0.571429 0.737769
female.bmp
  24 -23.884962 0.007014 -0.011296 -0.067906 0.950991 -0.301671 0.571429 0.737769
  25 -23.946013 -0.187246 -0.217952 -0.044213 0.318044 -0.947045 0.547945 0.726027
  25 -24.693736 -0.199689 -0.070455 -0.503658 0.419823 -0.755035 0.547945 0.626223
female.bmp
  25 -23.946013 -0.187246 -0.217952 -0.044213 0.318044 -0.947045 0.547945 0.726027
  25 -24.433943 -0.342564 -0.219095 -0.221597 -0.282954 -0.933184 0.530333 0.643836
  25 -24.693736 -0.199689 -0.070455 -0.503658 0.419823 -0.755035 0.547945 0.626223
female.bmp
  25 -24.693736 -0.199689 -0.070455 -0.503658 0.419823 -0.755035 0.547945 0.626223
  25 -24.433943 -0.342564 -0.219095 -0.221597 -0.282954 -0.933184 0.530333 0.643836
  25 -24.751471 -0.312877 -0.026237 -0.801236 -0.199447 -0.564130 0.534247 0.618395
female.bmp
  25 -24.433943 -0.342564 -0.219095 -0.221597 -0.282954 -0.933184 0.530333 0.643836
  25 -24.699516 -0.417724 0.003889 -0.473754 -0.807154 -0.352221 0.514677 0.626223
  25 -24.751471 -0.312877 -0.026237 -0.801236 -0.199447 -0.564130 0.534247 0.618395
female.bmp
  25 -24.751471 -0.312877 -0.026237 -0.801236 -0.199447 -0.564130 0.534247 0.618395
  25 -24.699516 -0.417724 0.003889 -0.473754 -0.807154 -0.352221 0.514677 0.626223
  25 -24.776774 -0.376214 0.221852 -0.781058 -0.578171 0.235936 0.514677 0.608611
female.bmp
  25 -24.699516 -0.417724 0.003889 -0.473754 -0.807154 -0.352221 0.514677 0.626223
  25 -24.666513 -0.424286 0.193013 -0.172194 -0.952577 0.250889 0.500978 0.624266
  25 -24.776774 -0.376214 0.221852 -0.781058 -0.578171 0.235936 0.514677 0.608611
female.bmp
  22 -24.379430 1.117935 0.095152 -0.980991 0.185391 0.057328 0.544031 0.266145
  22 -24.353188 0.982264 0.132632 -0.832014 -0.481001 0.276388 0.571429 0.277886
  22 -24.317038 1.127728 0.182967 -0.828947 0.268554 0.490638 0.544031 0.273973
female.bmp
  22 -24.317038 1.127728 0.182967 -0.828947 0.268554 0.490638 0.544031 0.273973
  22 -24.353188 0.982264 0.132632 -0.832014 -0.481001 0.276388 0.571429 0.277886
  22 -24.298982 0.998341 0.198231 -0.337618 -0.352672 0.872718 0.571429 0.295499
female.bmp
  22 -24.353188 0.982264 0.132632 -0.832014 -0.481001 0.276388 0.571429 0.277886
  22 -24.248220 0.907042 0.117685 -0.355747 -0.874625 0.329356 0.583170 0.317025
  22 -24.298982 0.998341 0.198231 -0.337618 -0.352672 0.872718 0.571429 0.295499
female.bmp
  22 -24.298982 0.998341 0.198231 -0.337618 -0.352672 0.872718 0.571429 0.295499
  22 -24.248220 0.907042 0.117685 -0.355747 -0.874625 0.329356 0.583170 0.317025
  22 -23.886903 0.915255 0.211933 -0.137641 -0.323748 0.936078 0.565558 0.363992
female.bmp
  22 -24.248220 0.907042 0.117685 -0.355747 -0.874625 0.329356 0.583170 0.317025
  21 -23.468653 0.830426 0.235969 -0.117041 -0.492635 0.862329 0.565558 0.424658
  22 -23.886903 0.915255 0.211933 -0.137641 -0.323748 0.936078 0.565558 0.363992
female.bmp
  22 -23.886903 0.915255 0.211933 -0.137641 -0.323748 0.936078 0.565558 0.363992
  21 -23.468653 0.830426 0.235969 -0.117041 -0.492635 0.862329 0.565558 0.424658
  21 -23.439803 1.027340 0.271915 -0.010766 0.326039 0.945295 0.542074 0.420744
female.bmp
  21 -23.468653 0.830426 0.235969 -0.117041 -0.492635 0.862329 0.565558 0.424658
  20 -22.366303 0.843300 0.269124 -0.058966 0.379712 0.923224 0.540117 0.551859
  21 -23.439803 1.027340 0.271915 -0.010766 0.326039 0.945295 0.542074 0.420744
female.bmp
  21 -23.439803 1.027340 0.271915 -0.010766 0.326039 0.945295 0.542074 0.420744
  20 -22.366303 0.843300 0.269124 -0.058966 0.379712 0.923224 0.540117 0.551859
  21 -23.382884 1.155536 0.138776 0.105032 0.927375 0.359088 0.518591 0.422701
female.bmp
  20 -22.366303 0.843300 0.269124 -0.058966 0.379712 0.923224 0.540117 0.551859
  20 -22.326890 0.988877 0.142421 0.031109 0.907629 0.418619 0.518591 0.551859
  21 -23.382884 1.155536 0.138776 0.105032 0.927375 0.359088 0.518591 0.422701
female.bmp
  21 -23.382884 1.155536 0.138776 0.105032 0.927375 0.359088 0.518591 0.422701
  20 -22.326890 0.988877 0.142421 0.031109 0.907629 0.418619 0.518591 0.551859
  21 -23.371160 1.143453 -0.035340 0.113763 0.926644 -0.358314 0.504892 0.432485
female.bmp
  20 -22.326890 0.988877 0.142421 0.031109 0.907629 0.418619 0.518591 0.551859
  20 -22.276030 0.983344 -0.047007 0.122278 0.925767 -0.357776 0.499022 0.557730
  21 -23.371160 1.143453 -0.035340 0.113763 0.926644 -0.358314 0.504892 0.432485
female.bmp
  34 -19.838055 -3.246132 -0.013553 0.855767 -0.516360 -0.032174 0.561644 0.138943
  34 -19.857643 -3.206418 0.268651 0.414606 -0.776527 0.474456 0.549902 0.133072
  34 -19.881039 -3.207432 0.209055 -0.354932 -0.929877 0.096708 0.547945 0.138943
female.bmp
  34 -19.881039 -3.207432 0.209055 -0.354932 -0.929877 0.096708 0.547945 0.138943
  34 -19.857643 -3.206418 0.268651 0.414606 -0.776527 0.474456 0.549902 0.133072
  34 -20.010613 -3.138932 0.384607 0.323338 -0.183160 0.928388 0.536204 0.129159
female.bmp
  34 -19.857643 -3.206418 0.268651 0.414606 -0.776527 0.474456 0.549902 0.133072
  33 -19.948682 -2.664743 0.395162 0.269519 -0.187077 0.944649 0.544031 0.093933
  34 -20.010613 -3.138932 0.384607 0.323338 -0.183160 0.928388 0.536204 0.129159
female.bmp
  34 -20.010613 -3.138932 0.384607 0.323338 -0.183160 0.928388 0.536204 0.129159
  33 -19.948682 -2.664743 0.395162 0.269519 -0.187077 0.944649 0.544031 0.093933
  34 -20.292181 -3.068444 0.403335 -0.468506 -0.628643 0.620734 0.516634 0.129159
female.bmp
  33 -19.948682 -2.664743 0.395162 0.269519 -0.187077 0.944649 0.544031 0.093933
  33 -20.252487 -2.566861 0.445375 -0.454461 -0.018710 0.890570 0.516634 0.091977
  34 -20.292181 -3.068444 0.403335 -0.468506 -0.628643 0.620734 0.516634 0.129159
female.bmp
  34 -20.292181 -3.068444 0.403335 -0.468506 -0.628643 0.620734 0.516634 0.129159
  33 -20.252487 -2.566861 0.445375 -0.454461 -0.018710 0.890570 0.516634 0.091977
  33 -20.423559 -2.552155 0.150386 -0.948631 0.084598 0.304864 0.495108 0.088063
female.bmp
  33 -20.252487 -2.566861 0.445375 -0.454461 -0.018710 0.890570 0.516634 0.091977
  33 -20.151439 -2.056332 0.499687 -0.490896 -0.112766 0.863889 0.522505 0.052838
  33 -20.423559 -2.552155 0.150386 -0.948631 0.084598 0.304864 0.495108 0.088063
female.bmp
  33 -20.423559 -2.552155 0.150386 -0.948631 0.084598 0.304864 0.495108 0.088063
  33 -20.151439 -2.056332 0.499687 -0.490896 -0.112766 0.863889 0.522505 0.052838
  33 -20.434204 -1.981496 0.108734 -0.976342 -0.015077 0.215704 0.487280 0.045010
female.bmp
  33 -20.151439 -2.056332 0.499687 -0.490896 -0.112766 0.863889 0.522505 0.052838
  32 -20.480084 -1.522429 0.016388 -0.782057 -0.611369 0.120891 0.475538 0.021526
  33 -20.434204 -1.981496 0.108734 -0.976342 -0.015077 0.215704 0.487280 0.045010
female.bmp
  33 -20.434204 -1.981496 0.108734 -0.976342 -0.015077 0.215704 0.487280 0.045010
  32 -20.480084 -1.522429 0.016388 -0.782057 -0.611369 0.120891 0.475538 0.021526
  33 -20.362075 -1.987760 -0.163585 -0.875189 -0.030360 -0.482828 0.463796 0.050881
female.bmp
  32 -20.480084 -1.522429 0.016388 -0.782057 -0.611369 0.120891 0.475538 0.021526
  32 -20.339050 -1.606620 -0.269832 -0.668975 -0.322917 -0.669475 0.457926 0.031311
  33 -20.362075 -1.987760 -0.163585 -0.875189 -0.030360 -0.482828 0.463796 0.050881
female.bmp
  19 -17.760934 -0.292702 0.539201 0.709695 -0.049355 -0.702778 0.029354 0.870841
  19 -17.752450 0.117611 0.410469 0.766276 -0.401056 -0.501972 0.041096 0.915851
  19 -17.600903 0.206772 0.569478 0.922655 -0.252211 -0.291715 0.027397 0.923679
female.bmp
  19 -17.600903 0.206772 0.569478 0.922655 -0.252211 -0.291715 0.027397 0.923679
  19 -17.752450 0.117611 0.410469 0.766276 -0.401056 -0.501972 0.041096 0.915851
  19 -17.545167 0.557747 0.132775 0.906698 -0.409150 -0.102449 0.068493 0.964775
female.bmp
  19 -17.752450 0.117611 0.410469 0.766276 -0.401056 -0.501972 0.041096 0.915851
  19 -17.699672 0.418464 0.023557 0.725511 -0.651668 -0.221275 0.082192 0.951076
  19 -17.545167 0.557747 0.132775 0.906698 -0.409150 -0.102449 0.068493 0.964775
female.bmp
  19 -17.545167 0.557747 0.132775 0.906698 -0.409150 -0.102449 0.068493 0.964775
  19 -17.699672 0.418464 0.023557 0.725511 -0.651668 -0.221275 0.082192 0.951076
  19 -17.490136 0.658724 -0.304575 0.872541 -0.475774 0.110954 0.115460 0.978474
female.bmp
  19 -17.699672 0.418464 0.023557 0.725511 -0.651668 -0.221275 0.082192 0.951076
  19 -17.659613 0.549253 -0.324423 0.578708 -0.804924 0.131127 0.117417 0.966732
  19 -17.490136 0.658724 -0.304575 0.872541 -0.475774 0.110954 0.115460 0.978474
female.bmp
  19 -17.490136 0.658724 -0.304575 0.872541 -0.475774 0.110954 0.115460 0.978474
  19 -17.659613 0.549253 -0.324423 0.578708 -0.804924 0.131127 0.117417 0.966732
  19 -17.483103 0.499505 -0.615059 0.851613 -0.353174 0.387329 0.148728 0.964775
female.bmp
  19 -17.659613 0.549253 -0.324423 0.578708 -0.804924 0.131127 0.117417 0.966732
  19 -17.648146 0.419763 -0.534424 0.556505 -0.539092 0.632204 0.140900 0.954990
  19 -17.483103 0.499505 -0.615059 0.851613 -0.353174 0.387329 0.148728 0.964775
female.bmp
  19 -17.483103 0.499505 -0.615059 0.851613 -0.353174 0.387329 0.148728 0.964775
  19 -17.648146 0.419763 -0.534424 0.556505 -0.539092 0.632204 0.140900 0.954990
  19 -17.496143 0.159907 -0.756843 0.831328 -0.117716 0.543173 0.168297 0.927593
female.bmp
  19 -17.648146 0.419763 -0.534424 0.556505 -0.539092 0.632204 0.140900 0.954990
  19 -17.652553 0.200061 -0.645382 0.515101 -0.234422 0.824450 0.156556 0.929550
  19 -17.496143 0.159907 -0.756843 0.831328 -0.117716 0.543173 0.168297 0.927593
female.bmp
  19 -17.496143 0.159907 -0.756843 0.831328 -0.117716 0.543173 0.168297 0.927593
  19 -17.652553 0.200061 -0.645382 0.515101 -0.234422 0.824450 0.156556 0.929550
  19 -17.518087 -0.340055 -0.749279 0.662704 -0.500884 0.556722 0.181996 0.878669
female.bmp
  19 -17.652553 0.200061 -0.645382 0.515101 -0.234422 0.824450 0.156556 0.929550
  19 -17.806771 -0.379611 -0.605414 0.750061 0.075610 0.657033 0.170254 0.874755
  19 -17.518087 -0.340055 -0.749279 0.662704 -0.500884 0.556722 0.181996 0.878669
female.bmp
  19 -17.985536 -0.498562 -0.816112 0.836733 0.297273 0.459899 0.322896 0.911937
  19 -17.983902 -0.518489 -0.846116 0.865296 -0.330555 -0.376824 0.309198 0.911937
  19 -17.980858 -0.438369 -0.895830 0.883677 -0.276848 -0.377451 0.309198 0.882583
female.bmp
  19 -17.980858 -0.438369 -0.895830 0.883677 -0.276848 -0.377451 0.309198 0.882583
  19 -17.983902 -0.518489 -0.846116 0.865296 -0.330555 -0.376824 0.309198 0.911937
  19 -18.010275 -0.448256 -0.907530 0.048767 -0.531017 -0.845956 0.293542 0.882583
female.bmp
  19 -17.983902 -0.518489 -0.846116 0.865296 -0.330555 -0.376824 0.309198 0.911937
  19 -18.023303 -0.528346 -0.858380 0.045365 -0.600055 -0.798672 0.293542 0.911937
  19 -18.010275 -0.448256 -0.907530 0.048767 -0.531017 -0.845956 0.293542 0.882583
female.bmp
  19 -18.010275 -0.448256 -0.907530 0.048767 -0.531017 -0.845956 0.293542 0.882583
  19 -18.023303 -0.528346 -0.858380 0.045365 -0.600055 -0.798672 0.293542 0.911937
  19 -18.050747 -0.438161 -0.899774 -0.830741 -0.266872 -0.488518 0.277886 0.882583
female.bmp
  19 -18.023303 -0.528346 -0.858380 0.045365 -0.600055 -0.798672 0.293542 0.911937
  19 -18.053791 -0.518281 -0.850060 -0.813250 -0.320623 -0.485618 0.277886 0.911937
  19 -18.050747 -0.438161 -0.899774 -0.830741 -0.266872 -0.488518 0.277886 0.882583
female.bmp
  19 -18.050747 -0.438161 -0.899774 -0.830741 -0.266872 -0.488518 0.277886 0.882583
  19 -18.053791 -0.518281 -0.850060 -0.813250 -0.320623 -0.485618 0.277886 0.911937
  19 -18.052381 -0.418233 -0.869770 -0.876337 0.283839 0.389189 0.264188 0.882583
female.bmp
  19 -18.053791 -0.518281 -0.850060 -0.813250 -0.320623 -0.485618 0.277886 0.911937
  19 -18.055425 -0.498355 -0.820056 -0.890737 0.301950 0.339726 0.264188 0.911937
  19 -18.052381 -0.418233 -0.869770 -0.876337 0.283839 0.389189 0.264188 0.882583
female.bmp
  19 -18.052381 -0.418233 -0.869770 -0.876337 0.283839 0.389189 0.264188 0.882583
  19 -18.055425 -0.498355 -0.820056 -0.890737 0.301950 0.339726 0.264188 0.911937
  19 -18.022964 -0.408347 -0.858069 -0.060144 0.531061 0.845196 0.248532 0.882583
female.bmp
  19 -18.055425 -0.498355 -0.820056 -0.890737 0.301950 0.339726 0.264188 0.911937
  19 -18.026036 -0.498468 -0.808382 -0.056663 0.600478 0.797631 0.248532 0.911937
  19 -18.022964 -0.408347 -0.858069 -0.060144 0.531061 0.845196 0.248532 0.882583
female.bmp
  19 -18.022964 -0.408347 -0.858069 -0.060144 0.531061 0.845196 0.248532 0.882583
  19 -18.026036 -0.498468 -0.808382 -0.056663 0.600478 0.797631 0.248532 0.911937
  19 -17.982493 -0.418441 -0.865825 0.815495 0.279130 0.507005 0.234834 0.882583
female.bmp
  19 -18.026036 -0.498468 -0.808382 -0.056663 0.600478 0.797631 0.248532 0.911937
  19 -17.985536 -0.498562 -0.816112 0.836733 0.297273 0.459899 0.234834 0.911937
  19 -17.982493 -0.418441 -0.865825 0.815495 0.279130 0.507005 0.234834 0.882583
female.bmp
  19 -17.989707 -0.578731 -0.746430 0.855273 0.370700 0.362063 0.322896 0.941292
  19 -17.988665 -0.608682 -0.766476 0.839938 -0.464961 -0.279850 0.309198 0.941292
  19 -17.983902 -0.518489 -0.846116 0.865296 -0.330555 -0.376824 0.309198 0.911937
female.bmp
  19 -17.983902 -0.518489 -0.846116 0.865296 -0.330555 -0.376824 0.309198 0.911937
  19 -17.988665 -0.608682 -0.766476 0.839938 -0.464961 -0.279850 0.309198 0.941292
  19 -18.023303 -0.528346 -0.858380 0.045365 -0.600055 -0.798672 0.293542 0.911937
female.bmp
  19 -17.988665 -0.608682 -0.766476 0.839938 -0.464961 -0.279850 0.309198 0.941292
  19 -18.028066 -0.618539 -0.778739 0.034414 -0.802116 -0.596176 0.293542 0.941292
  19 -18.023303 -0.528346 -0.858380 0.045365 -0.600055 -0.798672 0.293542 0.911937
female.bmp
  19 -18.023303 -0.528346 -0.858380 0.045365 -0.600055 -0.798672 0.293542 0.911937
  19 -18.028066 -0.618539 -0.778739 0.034414 -0.802116 -0.596176 0.293542 0.941292
  19 -18.053791 -0.518281 -0.850060 -0.813250 -0.320623 -0.485618 0.277886 0.911937
female.bmp
  19 -18.028066 -0.618539 -0.778739 0.034414 -0.802116 -0.596176 0.293542 0.941292
  19 -18.058553 -0.608475 -0.770420 -0.804079 -0.447412 -0.391509 0.277886 0.941292
  19 -18.053791 -0.518281 -0.850060 -0.813250 -0.320623 -0.485618 0.277886 0.911937
female.bmp
  19 -18.053791 -0.518281 -0.850060 -0.813250 -0.320623 -0.485618 0.277886 0.911937
  19 -18.058553 -0.608475 -0.770420 -0.804079 -0.447412 -0.391509 0.277886 0.941292
  19 -18.055425 -0.498355 -0.820056 -0.890737 0.301950 0.339726 0.264188 0.911937
female.bmp
  19 -18.058553 -0.608475 -0.770420 -0.804079 -0.447412 -0.391509 0.277886 0.941292
  19 -18.059595 -0.578523 -0.750375 -0.895710 0.374452 0.239769 0.264188 0.941292
  19 -18.055425 -0.498355 -0.820056 -0.890737 0.301950 0.339726 0.264188 0.911937
female.bmp
  19 -18.055425 -0.498355 -0.820056 -0.890737 0.301950 0.339726 0.264188 0.911937
  19 -18.059595 -0.578523 -0.750375 -0.895710 0.374452 0.239769 0.264188 0.941292
  19 -18.026036 -0.498468 -0.808382 -0.056663 0.600478 0.797631 0.248532 0.911937
female.bmp
  19 -18.059595 -0.578523 -0.750375 -0.895710 0.374452 0.239769 0.264188 0.941292
  19 -18.030179 -0.568637 -0.738674 -0.043587 0.775516 0.629822 0.248532 0.941292
  19 -18.026036 -0.498468 -0.808382 -0.056663 0.600478 0.797631 0.248532 0.911937
female.bmp
  19 -18.026036 -0.498468 -0.808382 -0.056663 0.600478 0.797631 0.248532 0.911937
  19 -18.030179 -0.568637 -0.738674 -0.043587 0.775516 0.629822 0.248532 0.941292
  19 -17.985536 -0.498562 -0.816112 0.836733 0.297273 0.459899 0.234834 0.911937
female.bmp
  19 -18.030179 -0.568637 -0.738674 -0.043587 0.775516 0.629822 0.248532 0.941292
  19 -17.989707 -0.578731 -0.746430 0.855273 0.370700 0.362063 0.234834 0.941292
  19 -17.985536 -0.498562 -0.816112 0.836733 0.297273 0.459899 0.234834 0.911937
female.bmp
  19 -18.005496 -0.638944 -0.647308 0.900976 0.347432 0.259870 0.322896 0.970646
  19 -18.005552 -0.658944 -0.647360 0.795694 -0.566425 -0.214552 0.309198 0.970646
  19 -17.988665 -0.608682 -0.766476 0.839938 -0.464961 -0.279850 0.309198 0.941292
female.bmp
  19 -17.988665 -0.608682 -0.766476 0.839938 -0.464961 -0.279850 0.309198 0.941292
  19 -18.005552 -0.658944 -0.647360 0.795694 -0.566425 -0.214552 0.309198 0.970646
  19 -18.028066 -0.618539 -0.778739 0.034414 -0.802116 -0.596176 0.293542 0.941292
female.bmp
  19 -18.005552 -0.658944 -0.647360 0.795694 -0.566425 -0.214552 0.309198 0.970646
  19 -18.036153 -0.688878 -0.639144 0.024716 -0.906216 -0.422092 0.293542 0.970646
  19 -18.028066 -0.618539 -0.778739 0.034414 -0.802116 -0.596176 0.293542 0.941292
female.bmp
  19 -18.028066 -0.618539 -0.778739 0.034414 -0.802116 -0.596176 0.293542 0.941292
  19 -18.036153 -0.688878 -0.639144 0.024716 -0.906216 -0.422092 0.293542 0.970646
  19 -18.058553 -0.608475 -0.770420 -0.804079 -0.447412 -0.391509 0.277886 0.941292
female.bmp
  19 -18.036153 -0.688878 -0.639144 0.024716 -0.906216 -0.422092 0.293542 0.970646
  19 -18.065457 -0.658766 -0.650740 -0.779143 -0.550102 -0.300539 0.277886 0.970646
  19 -18.058553 -0.608475 -0.770420 -0.804079 -0.447412 -0.391509 0.277886 0.941292
female.bmp
  19 -18.058553 -0.608475 -0.770420 -0.804079 -0.447412 -0.391509 0.277886 0.941292
  19 -18.065457 -0.658766 -0.650740 -0.779143 -0.550102 -0.300539 0.277886 0.970646
  19 -18.059595 -0.578523 -0.750375 -0.895710 0.374452 0.239769 0.264188 0.941292
female.bmp
  19 -18.065457 -0.658766 -0.650740 -0.779143 -0.550102 -0.300539 0.277886 0.970646
  19 -18.065400 -0.638766 -0.650689 -0.927057 0.349214 0.136436 0.264188 0.970646
  19 -18.059595 -0.578523 -0.750375 -0.895710 0.374452 0.239769 0.264188 0.941292
female.bmp
  19 -18.059595 -0.578523 -0.750375 -0.895710 0.374452 0.239769 0.264188 0.941292
  19 -18.065400 -0.638766 -0.650689 -0.927057 0.349214 0.136436 0.264188 0.970646
  19 -18.030179 -0.568637 -0.738674 -0.043587 0.775516 0.629822 0.248532 0.941292
female.bmp
  19 -18.065400 -0.638766 -0.650689 -0.927057 0.349214 0.136436 0.264188 0.970646
  19 -18.035392 -0.618855 -0.648947 -0.032905 0.867931 0.495594 0.248532 0.970646
  19 -18.030179 -0.568637 -0.738674 -0.043587 0.775516 0.629822 0.248532 0.941292
female.bmp
  19 -18.030179 -0.568637 -0.738674 -0.043587 0.775516 0.629822 0.248532 0.941292
  19 -18.035392 -0.618855 -0.648947 -0.032905 0.867931 0.495594 0.248532 0.970646
  19 -17.989707 -0.578731 -0.746430 0.855273 0.370700 0.362063 0.234834 0.941292
female.bmp
  19 -18.035392 -0.618855 -0.648947 -0.032905 0.867931 0.495594 0.248532 0.970646
  19 -18.005496 -0.638944 -0.647308 0.900976 0.347432 0.259870 0.234834 0.970646
  19 -17.989707 -0.578731 -0.746430 0.855273 0.370700 0.362063 0.234834 0.941292
female.bmp
  19 -17.749821 -1.001673 0.127454 -0.060648 -0.958602 0.278217 0.448141 0.037182
  18 -16.256623 -1.019051 0.201295 -0.055355 -0.948016 0.313372 0.455969 0.123288
  19 -17.766781 -0.822425 0.437427 -0.135849 -0.593059 0.793615 0.410959 0.037182
female.bmp
  19 -17.766781 -0.822425 0.437427 -0.135849 -0.593059 0.793615 0.410959 0.037182
  18 -16.256623 -1.019051 0.201295 -0.055355 -0.948016 0.313372 0.455969 0.123288
  18 -16.239787 -0.782539 0.573690 -0.112537 -0.565191 0.817248 0.418787 0.125245
female.bmp
  18 -16.256623 -1.019051 0.201295 -0.055355 -0.948016 0.313372 0.455969 0.123288
  18 -14.194469 -1.217513 0.411612 -0.098532 -0.956765 0.273664 0.473581 0.238748
  18 -16.239787 -0.782539 0.573690 -0.112537 -0.565191 0.817248 0.418787 0.125245
female.bmp
  18 -16.239787 -0.782539 0.573690 -0.112537 -0.565191 0.817248 0.418787 0.125245
  18 -14.194469 -1.217513 0.411612 -0.098532 -0.956765 0.273664 0.473581 0.238748
  18 -14.179236 -0.852012 0.885296 -0.132099 -0.510397 0.849732 0.430528 0.240705
female.bmp
  18 -14.194469 -1.217513 0.411612 -0.098532 -0.956765 0.273664 0.473581 0.238748
  18 -12.783204 -1.332536 0.532035 -0.055355 -0.948016 0.313372 0.483366 0.352250
  18 -14.179236 -0.852012 0.885296 -0.132099 -0.510397 0.849732 0.430528 0.240705
female.bmp
  18 -14.179236 -0.852012 0.885296 -0.132099 -0.510397 0.849732 0.430528 0.240705
  18 -12.783204 -1.332536 0.532035 -0.055355 -0.948016 0.313372 0.483366 0.352250
  18 -12.769184 -0.867645 1.066712 -0.073657 -0.479596 0.874392 0.438356 0.354207
female.bmp
  18 -12.783204 -1.332536 0.532035 -0.055355 -0.948016 0.313372 0.483366 0.352250
  18 -9.713312 -1.318549 0.655582 -0.019113 -0.916565 0.399428 0.471624 0.540117
  18 -12.769184 -0.867645 1.066712 -0.073657 -0.479596 0.874392 0.438356 0.354207
female.bmp
  18 -12.769184 -0.867645 1.066712 -0.073657 -0.479596 0.874392 0.438356 0.354207
  18 -9.713312 -1.318549 0.655582 -0.019113 -0.916565 0.399428 0.471624 0.540117
  18 -9.700347 -0.763868 1.211154 -0.015376 -0.440023 0.897855 0.430528 0.538160
female.bmp
  18 -9.713312 -1.318549 0.655582 -0.019113 -0.916565 0.399428 0.471624 0.540117
  18 -9.815744 -1.482647 0.710129 -0.126824 -0.891846 0.434196 0.471624 0.567515
  18 -9.700347 -0.763868 1.211154 -0.015376 -0.440023 0.897855 0.430528 0.538160
female.bmp
  18 -9.700347 -0.763868 1.211154 -0.015376 -0.440023 0.897855 0.430528 0.538160
  18 -9.815744 -1.482647 0.710129 -0.126824 -0.891846 0.434196 0.471624 0.567515
  18 -9.833334 -0.922737 1.260031 -0.065318 -0.416294 0.906881 0.432485 0.567515
female.bmp
  18 -9.815744 -1.482647 0.710129 -0.126824 -0.891846 0.434196 0.471624 0.567515
  18 -9.264787 -1.618539 0.723549 -0.195176 -0.883599 0.425628 0.471624 0.590998
  18 -9.833334 -0.922737 1.260031 -0.065318 -0.416294 0.906881 0.432485 0.567515
female.bmp
  15 18.954646 -1.823022 -0.007534 -0.843611 -0.535912 -0.033457 0.350294 0.992172
  15 19.389909 -2.007010 -0.516253 -0.417863 -0.371619 -0.829029 0.362035 0.939335
  16 19.321180 -2.337024 -0.036131 -0.827265 -0.560228 -0.042142 0.397260 0.976517
female.bmp
  16 19.321180 -2.337024 -0.036131 -0.827265 -0.560228 -0.042142 0.397260 0.976517
  15 19.389909 -2.007010 -0.516253 -0.417863 -0.371619 -0.829029 0.362035 0.939335
  16 19.649688 -2.347228 -0.449021 -0.364824 -0.354552 -0.860928 0.403131 0.935421
female.bmp
  15 19.389909 -2.007010 -0.516253 -0.417863 -0.371619 -0.829029 0.362035 0.939335
  15 20.039025 -1.770471 -0.526050 0.367142 -0.085559 -0.926222 0.367906 0.884540
  16 19.649688 -2.347228 -0.449021 -0.364824 -0.354552 -0.860928 0.403131 0.935421
female.bmp
  16 19.649688 -2.347228 -0.449021 -0.364824 -0.354552 -0.860928 0.403131 0.935421
  15 20.039025 -1.770471 -0.526050 0.367142 -0.085559 -0.926222 0.367906 0.884540
  16 20.094191 -2.189657 -0.486283 0.373322 -0.079260 -0.924310 0.399217 0.890411
female.bmp
  15 20.039025 -1.770471 -0.526050 0.367142 -0.085559 -0.926222 0.367906 0.884540
  16 20.377193 -1.980484 -0.176191 0.877617 -0.061498 -0.475401 0.395303 0.874755
  16 20.094191 -2.189657 -0.486283 0.373322 -0.079260 -0.924310 0.399217 0.890411
female.bmp
  16 20.094191 -2.189657 -0.486283 0.373322 -0.079260 -0.924310 0.399217 0.890411
  16 20.377193 -1.980484 -0.176191 0.877617 -0.061498 -0.475401 0.395303 0.874755
  16 20.186989 -2.706058 -0.392906 0.311340 -0.075208 -0.947318 0.444227 0.898239
female.bmp
  16 20.377193 -1.980484 -0.176191 0.877617 -0.061498 -0.475401 0.395303 0.874755
  16 20.332101 -2.610522 -0.267944 0.733118 0.046106 -0.678537 0.442270 0.886497
  16 20.186989 -2.706058 -0.392906 0.311340 -0.075208 -0.947318 0.444227 0.898239
female.bmp
  16 20.186989 -2.706058 -0.392906 0.311340 -0.075208 -0.947318 0.444227 0.898239
  16 20.332101 -2.610522 -0.267944 0.733118 0.046106 -0.678537 0.442270 0.886497
  16 20.312966 -3.055123 -0.325948 0.475033 -0.566925 -0.673008 0.477495 0.898239
female.bmp
  16 20.332101 -2.610522 -0.267944 0.733118 0.046106 -0.678537 0.442270 0.886497
  16 20.475960 -2.997447 -0.051163 0.888988 -0.443333 -0.114705 0.479452 0.882583
  16 20.312966 -3.055123 -0.325948 0.475033 -0.566925 -0.673008 0.477495 0.898239
female.bmp
  16 20.312966 -3.055123 -0.325948 0.475033 -0.566925 -0.673008 0.477495 0.898239
  16 20.475960 -2.997447 -0.051163 0.888988 -0.443333 -0.114705 0.479452 0.882583
  16 20.449536 -3.016300 -0.022071 0.489754 -0.868410 0.077490 0.483366 0.882583
female.bmp
  6 22.601966 -0.461559 0.110144 0.025770 -0.962350 0.270588 0.585127 0.105675
  6 22.572940 -0.271723 0.292681 0.146467 -0.351621 0.924614 0.579256 0.127202
  9 21.179538 -0.476804 0.158158 0.652233 -0.065589 0.755175 0.716243 0.129159
female.bmp
  9 21.179538 -0.476804 0.158158 0.652233 -0.065589 0.755175 0.716243 0.129159
  6 22.572940 -0.271723 0.292681 0.146467 -0.351621 0.924614 0.579256 0.127202
  6 21.131317 -0.244652 0.426441 0.199525 -0.212200 0.956640 0.716243 0.142857
female.bmp
  6 22.572940 -0.271723 0.292681 0.146467 -0.351621 0.924614 0.579256 0.127202
  6 21.206308 -0.001427 0.411670 0.141457 0.275175 0.950930 0.706458 0.166341
  6 21.131317 -0.244652 0.426441 0.199525 -0.212200 0.956640 0.716243 0.142857
female.bmp
  6 21.131317 -0.244652 0.426441 0.199525 -0.212200 0.956640 0.716243 0.142857
  6 21.206308 -0.001427 0.411670 0.141457 0.275175 0.950930 0.706458 0.166341
  2 20.562144 0.119612 0.563202 0.179849 0.198820 0.963392 0.765166 0.183953
female.bmp
  6 21.206308 -0.001427 0.411670 0.141457 0.275175 0.950930 0.706458 0.166341
  6 21.147711 0.203427 0.285175 0.266149 0.634361 0.725776 0.708415 0.187867
  2 20.562144 0.119612 0.563202 0.179849 0.198820 0.963392 0.765166 0.183953
female.bmp
  2 20.562144 0.119612 0.563202 0.179849 0.198820 0.963392 0.765166 0.183953
  6 21.147711 0.203427 0.285175 0.266149 0.634361 0.725776 0.708415 0.187867
  3 21.100205 0.406606 0.384498 0.300670 0.089742 0.949497 0.710372 0.201566
female.bmp
  6 21.147711 0.203427 0.285175 0.266149 0.634361 0.725776 0.708415 0.187867
  3 21.197883 0.282437 0.312797 0.659955 0.323765 0.677965 0.698630 0.195695
  3 21.100205 0.406606 0.384498 0.300670 0.089742 0.949497 0.710372 0.201566
female.bmp
  3 21.100205 0.406606 0.384498 0.300670 0.089742 0.949497 0.710372 0.201566
  3 21.197883 0.282437 0.312797 0.659955 0.323765 0.677965 0.698630 0.195695
  3 22.279164 0.644547 0.423738 0.494612 -0.186553 0.848857 0.608611 0.221135
female.bmp
  3 21.197883 0.282437 0.312797 0.659955 0.323765 0.677965 0.698630 0.195695
  3 22.323577 0.419644 0.208457 0.665869 -0.711059 0.225863 0.608611 0.203523
  3 22.279164 0.644547 0.423738 0.494612 -0.186553 0.848857 0.608611 0.221135
female.bmp
  3 22.279164 0.644547 0.423738 0.494612 -0.186553 0.848857 0.608611 0.221135
  3 22.323577 0.419644 0.208457 0.665869 -0.711059 0.225863 0.608611 0.203523
  3 22.328451 0.477954 0.182454 0.856704 -0.504258 0.108545 0.602740 0.203523
female.bmp
  12 21.592763 1.779195 -0.108815 0.764388 0.577415 -0.286885 0.651663 0.352250
  12 21.532890 1.832949 -0.139239 0.245309 0.886354 -0.392683 0.657534 0.352250
  12 21.594699 1.833668 0.075655 0.580553 0.781256 0.229342 0.645793 0.338552
female.bmp
  12 21.594699 1.833668 0.075655 0.580553 0.781256 0.229342 0.645793 0.338552
  12 21.532890 1.832949 -0.139239 0.245309 0.886354 -0.392683 0.657534 0.352250
  12 21.560013 1.857184 0.096722 0.123010 0.896551 0.425518 0.653620 0.336595
female.bmp
  12 21.532890 1.832949 -0.139239 0.245309 0.886354 -0.392683 0.657534 0.352250
  12 20.666711 1.598463 -0.183416 -0.191827 0.939787 -0.282849 0.735812 0.328767
  12 21.560013 1.857184 0.096722 0.123010 0.896551 0.425518 0.653620 0.336595
female.bmp
  12 21.560013 1.857184 0.096722 0.123010 0.896551 0.425518 0.653620 0.336595
  12 20.666711 1.598463 -0.183416 -0.191827 0.939787 -0.282849 0.735812 0.328767
  12 20.686241 1.592024 0.079029 -0.259819 0.815934 0.516474 0.731898 0.315068
female.bmp
  12 20.666711 1.598463 -0.183416 -0.191827 0.939787 -0.282849 0.735812 0.328767
  2 20.225482 1.480457 -0.694917 -0.238596 0.842063 -0.483737 0.765166 0.328767
  12 20.686241 1.592024 0.079029 -0.259819 0.815934 0.516474 0.731898 0.315068
female.bmp
  12 20.686241 1.592024 0.079029 -0.259819 0.815934 0.516474 0.731898 0.315068
  2 20.225482 1.480457 -0.694917 -0.238596 0.842063 -0.483737 0.765166 0.328767
  2 20.308087 1.472492 -0.293403 -0.172464 0.858292 0.483312 0.763209 0.309198
female.bmp
  2 20.225482 1.480457 -0.694917 -0.238596 0.842063 -0.483737 0.765166 0.328767
  2 19.274350 1.264973 -0.326930 -0.302251 0.949365 0.085738 0.845401 0.299413
  2 20.308087 1.472492 -0.293403 -0.172464 0.858292 0.483312 0.763209 0.309198
female.bmp
  2 20.308087 1.472492 -0.293403 -0.172464 0.858292 0.483312 0.763209 0.309198
  2 19.274350 1.264973 -0.326930 -0.302251 0.949365 0.085738 0.845401 0.299413
  2 20.496006 1.110330 0.031598 0.038613 0.634775 0.771732 0.753425 0.277886
female.bmp
  2 19.274350 1.264973 -0.326930 -0.302251 0.949365 0.085738 0.845401 0.299413
  2 19.260926 0.922846 0.182352 -0.118012 0.705957 0.698353 0.859100 0.270059
  2 20.496006 1.110330 0.031598 0.038613 0.634775 0.771732 0.753425 0.277886
female.bmp
  2 20.496006 1.110330 0.031598 0.038613 0.634775 0.771732 0.753425 0.277886
  2 19.260926 0.922846 0.182352 -0.118012 0.705957 0.698353 0.859100 0.270059
  2 20.563257 0.668229 0.372368 0.175412 0.432589 0.884363 0.757339 0.232877
female.bmp
  23 -22.621510 0.062076 -0.036600 -0.097515 0.932557 -0.347604 0.565558 0.180039
  23 -22.588591 0.039723 0.166664 -0.166482 0.833563 0.526741 0.569472 0.162427
  20 -21.197874 0.258440 0.265235 -0.672712 0.319580 0.667328 0.698630 0.195695
female.bmp
  20 -21.197874 0.258440 0.265235 -0.672712 0.319580 0.667328 0.698630 0.195695
  23 -22.588591 0.039723 0.166664 -0.166482 0.833563 0.526741 0.569472 0.162427
  23 -21.149860 0.183647 0.290915 -0.266972 0.635245 0.724700 0.708415 0.187867
female.bmp
  23 -22.588591 0.039723 0.166664 -0.166482 0.833563 0.526741 0.569472 0.162427
  23 -21.210101 -0.023475 0.408265 -0.144202 0.275720 0.950360 0.706458 0.166341
  23 -21.149860 0.183647 0.290915 -0.266972 0.635245 0.724700 0.708415 0.187867
female.bmp
  23 -21.149860 0.183647 0.290915 -0.266972 0.635245 0.724700 0.708415 0.187867
  23 -21.210101 -0.023475 0.408265 -0.144202 0.275720 0.950360 0.706458 0.166341
  19 -20.544316 0.094830 0.552428 -0.157118 0.201166 0.966874 0.765166 0.183953
female.bmp
  23 -21.210101 -0.023475 0.408265 -0.144202 0.275720 0.950360 0.706458 0.166341
  23 -21.135337 -0.264028 0.433659 -0.203745 -0.211475 0.955911 0.716243 0.142857
  19 -20.544316 0.094830 0.552428 -0.157118 0.201166 0.966874 0.765166 0.183953
female.bmp
  19 -20.544316 0.094830 0.552428 -0.157118 0.201166 0.966874 0.765166 0.183953
  23 -21.135337 -0.264028 0.433659 -0.203745 -0.211475 0.955911 0.716243 0.142857
  19 -20.533325 -0.585085 0.542731 -0.120859 -0.020737 0.992453 0.772994 0.127202
female.bmp
  23 -21.135337 -0.264028 0.433659 -0.203745 -0.211475 0.955911 0.716243 0.142857
  26 -21.006650 -0.563147 0.276931 -0.360363 0.202347 0.910601 0.729941 0.129159
  19 -20.533325 -0.585085 0.542731 -0.120859 -0.020737 0.992453 0.772994 0.127202
female.bmp
  19 -20.533325 -0.585085 0.542731 -0.120859 -0.020737 0.992453 0.772994 0.127202
  26 -21.006650 -0.563147 0.276931 -0.360363 0.202347 0.910601 0.729941 0.129159
  26 -21.088049 -0.809981 0.407112 -0.153777 0.133043 0.979108 0.727984 0.101761
female.bmp
  26 -21.006650 -0.563147 0.276931 -0.360363 0.202347 0.910601 0.729941 0.129159
  26 -22.277832 -0.893667 0.052978 -0.291256 0.822904 0.487851 0.614481 0.080235
  26 -21.088049 -0.809981 0.407112 -0.153777 0.133043 0.979108 0.727984 0.101761
female.bmp
  26 -21.088049 -0.809981 0.407112 -0.153777 0.133043 0.979108 0.727984 0.101761
  26 -22.277832 -0.893667 0.052978 -0.291256 0.822904 0.487851 0.614481 0.080235
  26 -22.217134 -1.035520 0.212957 -0.238071 0.301430 0.923289 0.620352 0.066536
female.bmp
  19 -17.518172 0.738885 -0.336011 0.234286 0.965070 -0.117260 0.643836 0.477495
  19 -17.500084 0.559686 -0.665951 0.239800 0.655192 -0.716394 0.675147 0.479452
  19 -17.905325 0.730139 -0.397948 0.667514 0.743900 -0.032226 0.647750 0.422701
female.bmp
  19 -17.905325 0.730139 -0.397948 0.667514 0.743900 -0.032226 0.647750 0.422701
  19 -17.500084 0.559686 -0.665951 0.239800 0.655192 -0.716394 0.675147 0.479452
  19 -17.889519 0.540842 -0.687978 0.715982 0.465229 -0.520511 0.682975 0.422701
female.bmp
  19 -17.500084 0.559686 -0.665951 0.239800 0.655192 -0.716394 0.675147 0.479452
  19 -17.522601 0.200140 -0.818334 0.203995 0.160004 -0.965808 0.722114 0.477495
  19 -17.889519 0.540842 -0.687978 0.715982 0.465229 -0.520511 0.682975 0.422701
female.bmp
  19 -17.889519 0.540842 -0.687978 0.715982 0.465229 -0.520511 0.682975 0.422701
  19 -17.522601 0.200140 -0.818334 0.203995 0.160004 -0.965808 0.722114 0.477495
  19 -17.882591 0.201185 -0.828634 0.806818 0.087717 -0.584252 0.724070 0.424658
female.bmp
  19 -17.522601 0.200140 -0.818334 0.203995 0.160004 -0.965808 0.722114 0.477495
  19 -17.889442 -0.429029 -0.740408 0.815074 -0.139793 -0.562238 0.814090 0.426614
  19 -17.882591 0.201185 -0.828634 0.806818 0.087717 -0.584252 0.724070 0.424658
female.bmp
  19 -17.882591 0.201185 -0.828634 0.806818 0.087717 -0.584252 0.724070 0.424658
  19 -17.889442 -0.429029 -0.740408 0.815074 -0.139793 -0.562238 0.814090 0.426614
  19 -17.887273 -0.458932 -0.780422 0.764876 -0.167966 -0.621894 0.818004 0.422701
female.bmp
  19 -17.889442 -0.429029 -0.740408 0.815074 -0.139793 -0.562238 0.814090 0.426614
  19 -17.897673 -0.749342 -0.611442 0.628884 -0.369780 -0.683935 0.853229 0.426614
  19 -17.887273 -0.458932 -0.780422 0.764876 -0.167966 -0.621894 0.818004 0.422701
female.bmp
  19 -17.887273 -0.458932 -0.780422 0.764876 -0.167966 -0.621894 0.818004 0.422701
  19 -17.897673 -0.749342 -0.611442 0.628884 -0.369780 -0.683935 0.853229 0.426614
  19 -17.896067 -0.779268 -0.641473 0.745333 -0.369417 -0.554986 0.857143 0.422701
female.bmp
  19 -17.897673 -0.749342 -0.611442 0.628884 -0.369780 -0.683935 0.853229 0.426614
  19 -17.910242 -1.009849 -0.402449 0.618794 -0.656381 -0.431576 0.892368 0.424658
  19 -17.896067 -0.779268 -0.641473 0.745333 -0.369417 -0.554986 0.857143 0.422701
female.bmp
  19 -17.896067 -0.779268 -0.641473 0.745333 -0.369417 -0.554986 0.857143 0.422701
  19 -17.910242 -1.009849 -0.402449 0.618794 -0.656381 -0.431576 0.892368 0.424658
  19 -17.918621 -1.039746 -0.433043 0.702050 -0.570873 -0.425710 0.898239 0.420744
female.bmp
  19 -17.766781 -0.822425 0.437427 -0.135849 -0.593059 0.793615 0.410959 0.037182
  18 -16.176246 -0.233096 0.709246 -0.135214 0.098404 0.985918 0.369863 0.131115
  19 -17.780931 -0.302642 0.538049 -0.179844 0.067677 0.981364 0.367906 0.035225
female.bmp
  19 -17.780931 -0.302642 0.538049 -0.179844 0.067677 0.981364 0.367906 0.035225
  18 -16.176246 -0.233096 0.709246 -0.135214 0.098404 0.985918 0.369863 0.131115
  19 -17.781247 0.127748 0.388836 -0.160674 0.598124 0.785131 0.330724 0.033268
female.bmp
  18 -16.176246 -0.233096 0.709246 -0.135214 0.098404 0.985918 0.369863 0.131115
  18 -16.181830 0.279238 0.474335 -0.137052 0.634169 0.760951 0.326810 0.131115
  19 -17.781247 0.127748 0.388836 -0.160674 0.598124 0.785131 0.330724 0.033268
female.bmp
  19 -17.781247 0.127748 0.388836 -0.160674 0.598124 0.785131 0.330724 0.033268
  18 -16.181830 0.279238 0.474335 -0.137052 0.634169 0.760951 0.326810 0.131115
  19 -17.768996 0.418696 0.009628 -0.128453 0.876535 0.463881 0.285714 0.031311
female.bmp
  18 -16.181830 0.279238 0.474335 -0.137052 0.634169 0.760951 0.326810 0.131115
  18 -16.184669 0.573591 0.037244 -0.116384 0.935443 0.333768 0.281800 0.133072
  19 -17.768996 0.418696 0.009628 -0.128453 0.876535 0.463881 0.285714 0.031311
female.bmp
  19 -17.768996 0.418696 0.009628 -0.128453 0.876535 0.463881 0.285714 0.031311
  18 -16.184669 0.573591 0.037244 -0.116384 0.935443 0.333768 0.281800 0.133072
  19 -17.689002 0.549366 -0.336097 -0.062503 0.994238 -0.087091 0.240705 0.031311
female.bmp
  18 -16.184669 0.573591 0.037244 -0.116384 0.935443 0.333768 0.281800 0.133072
  18 -16.114530 0.608776 -0.402349 -0.083099 0.940810 -0.328590 0.248532 0.133072
  19 -17.689002 0.549366 -0.336097 -0.062503 0.994238 -0.087091 0.240705 0.031311
female.bmp
  19 -17.689002 0.549366 -0.336097 -0.062503 0.994238 -0.087091 0.240705 0.031311
  18 -16.114530 0.608776 -0.402349 -0.083099 0.940810 -0.328590 0.248532 0.133072
  19 -17.687490 0.429905 -0.546636 0.003571 0.682813 -0.730585 0.215264 0.029354
female.bmp
  18 -16.114530 0.608776 -0.402349 -0.083099 0.940810 -0.328590 0.248532 0.133072
  18 -16.101216 0.351912 -0.704910 -0.057392 0.647785 -0.759659 0.211350 0.129159
  19 -17.687490 0.429905 -0.546636 0.003571 0.682813 -0.730585 0.215264 0.029354
female.bmp
  19 -17.687490 0.429905 -0.546636 0.003571 0.682813 -0.730585 0.215264 0.029354
  18 -16.101216 0.351912 -0.704910 -0.057392 0.647785 -0.759659 0.211350 0.129159
  19 -17.691926 0.200203 -0.657620 0.004792 0.179917 -0.983670 0.189824 0.029354
female.bmp
  18 -5.864946 -2.293228 -0.025367 -0.128635 -0.969442 -0.208889 0.054795 0.722114
  18 -9.167634 -1.287877 -0.825878 -0.139162 -0.596637 -0.790353 0.099804 0.585127
  18 -5.793120 -1.772720 -0.944938 -0.069323 -0.586289 -0.807130 0.099804 0.722114
female.bmp
  18 -5.793120 -1.772720 -0.944938 -0.069323 -0.586289 -0.807130 0.099804 0.722114
  18 -9.167634 -1.287877 -0.825878 -0.139162 -0.596637 -0.790353 0.099804 0.585127
  18 -5.679145 -0.781853 -1.164235 0.037445 0.201245 -0.978825 0.176125 0.720157
female.bmp
  18 -9.167634 -1.287877 -0.825878 -0.139162 -0.596637 -0.790353 0.099804 0.585127
  18 -8.983278 -0.356486 -1.034738 -0.013029 0.172906 -0.984852 0.176125 0.589041
  18 -5.679145 -0.781853 -1.164235 0.037445 0.201245 -0.978825 0.176125 0.720157
female.bmp
  18 -5.679145 -0.781853 -1.164235 0.037445 0.201245 -0.978825 0.176125 0.720157
  18 -8.983278 -0.356486 -1.034738 -0.013029 0.172906 -0.984852 0.176125 0.589041
  18 -5.599960 0.118794 -0.503731 0.123054 0.814256 -0.567313 0.232877 0.726027
female.bmp
  18 -8.983278 -0.356486 -1.034738 -0.013029 0.172906 -0.984852 0.176125 0.589041
  18 -8.803191 0.514908 -0.483609 0.100226 0.800847 -0.590422 0.232877 0.596869
  18 -5.599960 0.118794 -0.503731 0.123054 0.814256 -0.567313 0.232877 0.726027
female.bmp
  18 -5.599960 0.118794 -0.503731 0.123054 0.814256 -0.567313 0.232877 0.726027
  18 -8.803191 0.514908 -0.483609 0.100226 0.800847 -0.590422 0.232877 0.596869
  18 -5.587921 0.378936 0.466362 0.144876 0.986295 0.078948 0.289628 0.727984
female.bmp
  18 -8.803191 0.514908 -0.483609 0.100226 0.800847 -0.590422 0.232877 0.596869
  18 -8.810827 0.764901 0.446361 0.155112 0.980549 0.120266 0.289628 0.598826
  18 -5.587921 0.378936 0.466362 0.144876 0.986295 0.078948 0.289628 0.727984
female.bmp
  18 -5.587921 0.378936 0.466362 0.144876 0.986295 0.078948 0.289628 0.727984
  18 -8.810827 0.764901 0.446361 0.155112 0.980549 0.120266 0.289628 0.598826
  18 -5.640172 0.048572 1.226053 0.088271 0.677803 0.729925 0.342466 0.727984
female.bmp
  18 -8.810827 0.764901 0.446361 0.155112 0.980549 0.120266 0.289628 0.598826
  18 -8.952454 0.383867 1.165496 0.115179 0.609546 0.784339 0.342466 0.592955
  18 -5.640172 0.048572 1.226053 0.088271 0.677803 0.729925 0.342466 0.727984
female.bmp
  18 -5.640172 0.048572 1.226053 0.088271 0.677803 0.729925 0.342466 0.727984
  18 -8.952454 0.383867 1.165496 0.115179 0.609546 0.784339 0.342466 0.592955
  18 -9.068442 -0.337008 1.384780 -0.033625 0.091867 0.995203 0.381605 0.592955
female.bmp
  2 19.143132 0.955084 -0.745918 -0.276295 0.673422 -0.685685 0.868885 0.532290
  2 19.040311 0.554866 -0.974289 -0.129728 0.167234 -0.977345 0.884540 0.573386
  2 18.570074 0.523670 -0.849772 -0.319966 0.302903 -0.897704 0.931507 0.571429
female.bmp
  2 18.570074 0.523670 -0.849772 -0.319966 0.302903 -0.897704 0.931507 0.571429
  2 19.040311 0.554866 -0.974289 -0.129728 0.167234 -0.977345 0.884540 0.573386
  2 18.595067 -0.185792 -0.856037 -0.105332 -0.152605 -0.982658 0.945205 0.639922
female.bmp
  2 19.040311 0.554866 -0.974289 -0.129728 0.167234 -0.977345 0.884540 0.573386
  2 19.081233 -0.103404 -0.840106 0.113715 -0.172769 -0.978376 0.896282 0.639922
  2 18.595067 -0.185792 -0.856037 -0.105332 -0.152605 -0.982658 0.945205 0.639922
female.bmp
  2 18.595067 -0.185792 -0.856037 -0.105332 -0.152605 -0.982658 0.945205 0.639922
  2 19.081233 -0.103404 -0.840106 0.113715 -0.172769 -0.978376 0.896282 0.639922
  2 18.607721 -0.671833 -0.737277 -0.191340 -0.358876 -0.913563 0.953033 0.682975
female.bmp
  2 19.081233 -0.103404 -0.840106 0.113715 -0.172769 -0.978376 0.896282 0.639922
  15 19.006379 -0.848980 -0.550455 -0.314490 -0.258771 -0.913309 0.900196 0.694716
  2 18.607721 -0.671833 -0.737277 -0.191340 -0.358876 -0.913563 0.953033 0.682975
female.bmp
  2 18.607721 -0.671833 -0.737277 -0.191340 -0.358876 -0.913563 0.953033 0.682975
  15 19.006379 -0.848980 -0.550455 -0.314490 -0.258771 -0.913309 0.900196 0.694716
  2 18.654634 -1.170271 -0.482604 -0.607684 -0.474451 -0.636880 0.960861 0.733855
female.bmp
  15 19.006379 -0.848980 -0.550455 -0.314490 -0.258771 -0.913309 0.900196 0.694716
  15 19.145680 -1.456119 -0.580062 -0.457515 -0.199268 -0.866587 0.896282 0.755382
  2 18.654634 -1.170271 -0.482604 -0.607684 -0.474451 -0.636880 0.960861 0.733855
female.bmp
  2 18.654634 -1.170271 -0.482604 -0.607684 -0.474451 -0.636880 0.960861 0.733855
  15 19.145680 -1.456119 -0.580062 -0.457515 -0.199268 -0.866587 0.896282 0.755382
  15 18.954646 -1.823022 -0.007534 -0.843611 -0.535912 -0.033457 0.945205 0.790607
female.bmp
  15 19.145680 -1.456119 -0.580062 -0.457515 -0.199268 -0.866587 0.896282 0.755382
  15 19.389909 -2.007010 -0.516253 -0.417863 -0.371619 -0.829029 0.890411 0.798434
  15 18.954646 -1.823022 -0.007534 -0.843611 -0.535912 -0.033457 0.945205 0.790607
female.bmp
  2 17.904792 0.761346 -0.325857 -0.662605 0.748602 -0.023458 0.647750 0.422701
  2 17.880641 0.583281 -0.626039 -0.718716 0.470961 -0.511510 0.682975 0.422701
  2 17.501882 0.604263 -0.596019 -0.243535 0.657852 -0.712686 0.675147 0.479452
female.bmp
  2 17.501882 0.604263 -0.596019 -0.243535 0.657852 -0.712686 0.675147 0.479452
  2 17.880641 0.583281 -0.626039 -0.718716 0.470961 -0.511510 0.682975 0.422701
  2 17.518850 0.235158 -0.750209 -0.214118 0.162774 -0.963150 0.722114 0.477495
female.bmp
  2 17.880641 0.583281 -0.626039 -0.718716 0.470961 -0.511510 0.682975 0.422701
  2 17.879306 0.234099 -0.758593 -0.812936 0.094180 -0.574688 0.724070 0.424658
  2 17.518850 0.235158 -0.750209 -0.214118 0.162774 -0.963150 0.722114 0.477495
female.bmp
  2 17.518850 0.235158 -0.750209 -0.214118 0.162774 -0.963150 0.722114 0.477495
  2 17.879306 0.234099 -0.758593 -0.812936 0.094180 -0.574688 0.724070 0.424658
  2 17.883656 -0.396400 -0.682754 -0.822533 -0.133302 -0.552874 0.814090 0.426614
female.bmp
  2 17.879306 0.234099 -0.758593 -0.812936 0.094180 -0.574688 0.724070 0.424658
  2 17.871266 -0.416181 -0.711998 -0.773234 -0.161742 -0.613147 0.818004 0.422701
  2 17.883656 -0.396400 -0.682754 -0.822533 -0.133302 -0.552874 0.814090 0.426614
female.bmp
  2 17.883656 -0.396400 -0.682754 -0.822533 -0.133302 -0.552874 0.814090 0.426614
  2 17.871266 -0.416181 -0.711998 -0.773234 -0.161742 -0.613147 0.818004 0.422701
  2 17.893712 -0.707293 -0.545115 -0.639393 -0.364419 -0.677034 0.853229 0.426614
female.bmp
  2 17.871266 -0.416181 -0.711998 -0.773234 -0.161742 -0.613147 0.818004 0.422701
  2 17.890474 -0.737035 -0.585176 -0.754327 -0.363418 -0.546735 0.857143 0.422701
  2 17.893712 -0.707293 -0.545115 -0.639393 -0.364419 -0.677034 0.853229 0.426614
female.bmp
  2 17.893712 -0.707293 -0.545115 -0.639393 -0.364419 -0.677034 0.853229 0.426614
  2 17.890474 -0.737035 -0.585176 -0.754327 -0.363418 -0.546735 0.857143 0.422701
  2 17.909429 -0.968638 -0.337384 -0.628390 -0.651422 -0.425177 0.892368 0.424658
female.bmp
  2 17.890474 -0.737035 -0.585176 -0.754327 -0.363418 -0.546735 0.857143 0.422701
  2 17.906977 -0.998444 -0.367477 -0.710967 -0.565341 -0.418228 0.898239 0.420744
  2 17.909429 -0.968638 -0.337384 -0.628390 -0.651422 -0.425177 0.892368 0.424658
female.bmp
  2 17.619316 -0.264747 0.793488 -0.803577 0.006319 0.595168 0.015656 0.868885
  2 17.600756 0.266102 0.667971 -0.774685 0.277974 0.567973 0.023483 0.925636
  2 17.626139 -0.264516 0.752826 -0.909412 -0.021398 -0.415345 0.019569 0.868885
female.bmp
  2 17.626139 -0.264516 0.752826 -0.909412 -0.021398 -0.415345 0.019569 0.868885
  2 17.600756 0.266102 0.667971 -0.774685 0.277974 0.567973 0.023483 0.925636
  2 17.608304 0.246270 0.637154 -0.927740 -0.245339 -0.281262 0.027397 0.923679
female.bmp
  2 17.600756 0.266102 0.667971 -0.774685 0.277974 0.567973 0.023483 0.925636
  2 17.545808 0.649103 0.213338 -0.806470 0.471051 0.357375 0.068493 0.970646
  2 17.608304 0.246270 0.637154 -0.927740 -0.245339 -0.281262 0.027397 0.923679
female.bmp
  2 17.608304 0.246270 0.637154 -0.927740 -0.245339 -0.281262 0.027397 0.923679
  2 17.545808 0.649103 0.213338 -0.806470 0.471051 0.357375 0.068493 0.970646
  2 17.554837 0.599143 0.202272 -0.910680 -0.402649 -0.092393 0.068493 0.964775
female.bmp
  2 17.545808 0.649103 0.213338 -0.806470 0.471051 0.357375 0.068493 0.970646
  2 17.489242 0.762176 -0.252939 -0.851792 0.523130 0.028009 0.117417 0.984344
  2 17.554837 0.599143 0.202272 -0.910680 -0.402649 -0.092393 0.068493 0.964775
female.bmp
  2 17.554837 0.599143 0.202272 -0.910680 -0.402649 -0.092393 0.068493 0.964775
  2 17.489242 0.762176 -0.252939 -0.851792 0.523130 0.028009 0.117417 0.984344
  2 17.500599 0.702022 -0.234161 -0.874507 -0.469803 0.120508 0.115460 0.978474
female.bmp
  2 17.489242 0.762176 -0.252939 -0.851792 0.523130 0.028009 0.117417 0.984344
  2 17.462731 0.584302 -0.583028 -0.864666 0.340899 -0.368973 0.150685 0.968689
  2 17.500599 0.702022 -0.234161 -0.874507 -0.469803 0.120508 0.115460 0.978474
female.bmp
  2 17.500599 0.702022 -0.234161 -0.874507 -0.469803 0.120508 0.115460 0.978474
  2 17.462731 0.584302 -0.583028 -0.864666 0.340899 -0.368973 0.150685 0.968689
  2 17.475722 0.544020 -0.544188 -0.849488 -0.347748 0.396789 0.148728 0.964775
female.bmp
  2 17.462731 0.584302 -0.583028 -0.864666 0.340899 -0.368973 0.150685 0.968689
  2 17.493570 0.204850 -0.688222 -0.825735 -0.112647 0.552696 0.168297 0.927593
  2 17.475722 0.544020 -0.544188 -0.849488 -0.347748 0.396789 0.148728 0.964775
female.bmp
  1 12.553532 -0.635835 -0.765981 0.027664 -0.489415 -0.871612 0.119374 0.358121
  1 14.025038 -0.668246 -0.633994 0.045142 -0.583792 -0.810647 0.119374 0.238748
  1 12.645598 -1.216460 -0.196949 0.027865 -0.909793 -0.414125 0.068493 0.352250
female.bmp
  1 12.645598 -1.216460 -0.196949 0.027865 -0.909793 -0.414125 0.068493 0.352250
  1 14.025038 -0.668246 -0.633994 0.045142 -0.583792 -0.810647 0.119374 0.238748
  1 14.097395 -1.098724 -0.144756 0.065687 -0.913369 -0.401799 0.076321 0.232877
female.bmp
  1 14.025038 -0.668246 -0.633994 0.045142 -0.583792 -0.810647 0.119374 0.238748
  1 16.146810 -0.666161 -0.509980 0.045142 -0.583792 -0.810647 0.121331 0.119374
  1 14.097395 -1.098724 -0.144756 0.065687 -0.913369 -0.401799 0.076321 0.232877
female.bmp
  1 14.097395 -1.098724 -0.144756 0.065687 -0.913369 -0.401799 0.076321 0.232877
  1 16.146810 -0.666161 -0.509980 0.045142 -0.583792 -0.810647 0.121331 0.119374
  1 16.188620 -0.886431 -0.210425 0.030476 -0.822099 -0.568528 0.097847 0.115460
female.bmp
  1 16.146810 -0.666161 -0.509980 0.045142 -0.583792 -0.810647 0.121331 0.119374
  2 17.704414 -0.838419 -0.270212 -0.016331 -0.756130 -0.654218 0.099804 0.021526
  1 16.188620 -0.886431 -0.210425 0.030476 -0.822099 -0.568528 0.097847 0.115460
female.bmp
  1 16.188620 -0.886431 -0.210425 0.030476 -0.822099 -0.568528 0.097847 0.115460
  2 17.704414 -0.838419 -0.270212 -0.016331 -0.756130 -0.654218 0.099804 0.021526
  1 16.219646 -0.996648 -0.050771 0.048051 -0.968713 -0.243487 0.082192 0.113503
female.bmp
  2 17.704414 -0.838419 -0.270212 -0.016331 -0.756130 -0.654218 0.099804 0.021526
  2 17.722859 -0.979960 -0.031829 0.005112 -0.973992 -0.226525 0.076321 0.017613
  1 16.219646 -0.996648 -0.050771 0.048051 -0.968713 -0.243487 0.082192 0.113503
female.bmp
  1 16.219646 -0.996648 -0.050771 0.048051 -0.968713 -0.243487 0.082192 0.113503
  2 17.722859 -0.979960 -0.031829 0.005112 -0.973992 -0.226525 0.076321 0.017613
  1 16.243733 -0.976753 0.268953 0.051682 -0.948270 0.313230 0.056751 0.111546
female.bmp
  2 17.722859 -0.979960 -0.031829 0.005112 -0.973992 -0.226525 0.076321 0.017613
  2 17.750194 -0.961401 0.186822 0.057159 -0.959389 0.276234 0.050881 0.013699
  1 16.243733 -0.976753 0.268953 0.051682 -0.948270 0.313230 0.056751 0.111546
female.bmp
  1 5.590800 0.467384 0.525980 -0.139685 0.987009 0.079385 0.289628 0.727984
  1 8.803499 0.587272 -0.434799 -0.098212 0.801319 -0.590121 0.232877 0.596869
  1 5.598281 0.207152 -0.444136 -0.120894 0.814842 -0.566937 0.232877 0.726027
female.bmp
  1 5.598281 0.207152 -0.444136 -0.120894 0.814842 -0.566937 0.232877 0.726027
  1 8.803499 0.587272 -0.434799 -0.098212 0.801319 -0.590121 0.232877 0.596869
  1 8.977380 -0.285028 -0.986486 0.010582 0.172806 -0.984899 0.176125 0.589041
female.bmp
  1 8.803499 0.587272 -0.434799 -0.098212 0.801319 -0.590121 0.232877 0.596869
  1 9.709071 -0.174128 -0.963484 -0.040767 0.165630 -0.985345 0.176125 0.557730
  1 8.977380 -0.285028 -0.986486 0.010582 0.172806 -0.984899 0.176125 0.589041
female.bmp
  1 8.977380 -0.285028 -0.986486 0.010582 0.172806 -0.984899 0.176125 0.589041
  1 9.709071 -0.174128 -0.963484 -0.040767 0.165630 -0.985345 0.176125 0.557730
  1 9.809611 -1.095426 -0.754436 0.133524 -0.597350 -0.790787 0.099804 0.559687
female.bmp
  1 9.709071 -0.174128 -0.963484 -0.040767 0.165630 -0.985345 0.176125 0.557730
  1 9.621544 -0.841032 -0.760016 0.045142 -0.583792 -0.810647 0.105675 0.534247
  1 9.809611 -1.095426 -0.754436 0.133524 -0.597350 -0.790787 0.099804 0.559687
female.bmp
  1 9.809611 -1.095426 -0.754436 0.133524 -0.597350 -0.790787 0.099804 0.559687
  1 9.621544 -0.841032 -0.760016 0.045142 -0.583792 -0.810647 0.105675 0.534247
  1 9.811737 -1.485395 -0.024422 0.123091 -0.970079 -0.209272 0.054795 0.559687
female.bmp
  1 9.621544 -0.841032 -0.760016 0.045142 -0.583792 -0.810647 0.105675 0.534247
  1 9.666760 -1.281207 -0.030427 0.048051 -0.968713 -0.243487 0.060665 0.536204
  1 9.811737 -1.485395 -0.024422 0.123091 -0.970079 -0.209272 0.054795 0.559687
female.bmp
  1 9.811737 -1.485395 -0.024422 0.123091 -0.970079 -0.209272 0.054795 0.559687
  1 9.666760 -1.281207 -0.030427 0.048051 -0.968713 -0.243487 0.060665 0.536204
  1 9.810073 -1.415274 0.755630 0.123829 -0.892453 0.433812 0.009785 0.563601
female.bmp
  1 9.666760 -1.281207 -0.030427 0.048051 -0.968713 -0.243487 0.060665 0.536204
  1 9.706737 -1.231305 0.749132 0.015885 -0.916635 0.399409 0.017613 0.536204
  1 9.810073 -1.415274 0.755630 0.123829 -0.892453 0.433812 0.009785 0.563601
female.bmp
  1 9.810073 -1.415274 0.755630 0.123829 -0.892453 0.433812 0.471624 0.567515
  1 9.706737 -1.231305 0.749132 0.015885 -0.916635 0.399409 0.471624 0.540117
  1 9.698131 -0.681044 1.299168 0.017014 -0.439597 0.898034 0.430528 0.538160
female.bmp
  1 9.698131 -0.681044 1.299168 0.017014 -0.439597 0.898034 0.430528 0.538160
  1 9.706737 -1.231305 0.749132 0.015885 -0.916635 0.399409 0.471624 0.540117
  1 12.775680 -0.797132 1.151473 0.073519 -0.479516 0.874448 0.438356 0.354207
female.bmp
  1 9.706737 -1.231305 0.749132 0.015885 -0.916635 0.399409 0.471624 0.540117
  1 12.775086 -1.267310 0.611535 0.051682 -0.948270 0.313230 0.483366 0.352250
  1 12.775680 -0.797132 1.151473 0.073519 -0.479516 0.874448 0.438356 0.354207
female.bmp
  1 12.775680 -0.797132 1.151473 0.073519 -0.479516 0.874448 0.438356 0.354207
  1 12.775086 -1.267310 0.611535 0.051682 -0.948270 0.313230 0.483366 0.352250
  1 14.173489 -0.789020 0.954332 0.132423 -0.511022 0.849306 0.430528 0.240705
female.bmp
  1 12.775086 -1.267310 0.611535 0.051682 -0.948270 0.313230 0.483366 0.352250
  1 14.184598 -1.159271 0.484235 0.094679 -0.957236 0.273376 0.473581 0.238748
  1 14.173489 -0.789020 0.954332 0.132423 -0.511022 0.849306 0.430528 0.240705
female.bmp
  1 14.173489 -0.789020 0.954332 0.132423 -0.511022 0.849306 0.430528 0.240705
  1 14.184598 -1.159271 0.484235 0.094679 -0.957236 0.273376 0.473581 0.238748
  1 16.230422 -0.736516 0.649096 0.112477 -0.565719 0.816891 0.418787 0.125245
female.bmp
  1 14.184598 -1.159271 0.484235 0.094679 -0.957236 0.273376 0.473581 0.238748
  1 16.243733 -0.976753 0.268953 0.051682 -0.948270 0.313230 0.455969 0.123288
  1 16.230422 -0.736516 0.649096 0.112477 -0.565719 0.816891 0.418787 0.125245
female.bmp
  1 16.230422 -0.736516 0.649096 0.112477 -0.565719 0.816891 0.418787 0.125245
  1 16.243733 -0.976753 0.268953 0.051682 -0.948270 0.313230 0.455969 0.123288
  2 17.775917 -0.783463 0.506941 0.140932 -0.595100 0.791198 0.410959 0.037182
female.bmp
  1 16.243733 -0.976753 0.268953 0.051682 -0.948270 0.313230 0.455969 0.123288
  2 17.750194 -0.961401 0.186822 0.057159 -0.959389 0.276234 0.448141 0.037182
  2 17.775917 -0.783463 0.506941 0.140932 -0.595100 0.791198 0.410959 0.037182
female.bmp
  31 -23.203836 2.159396 0.064204 -0.915803 -0.262802 0.303710 0.514677 0.608611
  31 -23.135061 2.086968 -0.105867 -0.730935 -0.568182 -0.378025 0.514677 0.626223
  31 -23.127662 2.085365 0.060092 -0.551263 -0.761105 0.341801 0.500978 0.624266
female.bmp
  31 -23.127662 2.085365 0.060092 -0.551263 -0.761105 0.341801 0.500978 0.624266
  31 -23.135061 2.086968 -0.105867 -0.730935 -0.568182 -0.378025 0.514677 0.626223
  30 -22.515578 1.759544 0.053325 -0.415152 -0.855630 0.309104 0.497065 0.741683
female.bmp
  31 -23.135061 2.086968 -0.105867 -0.730935 -0.568182 -0.378025 0.514677 0.626223
  30 -22.595141 1.815484 -0.169251 -0.404021 -0.729734 -0.551593 0.516634 0.731898
  30 -22.515578 1.759544 0.053325 -0.415152 -0.855630 0.309104 0.497065 0.741683
female.bmp
  30 -22.515578 1.759544 0.053325 -0.415152 -0.855630 0.309104 0.497065 0.741683
  30 -22.595141 1.815484 -0.169251 -0.404021 -0.729734 -0.551593 0.516634 0.731898
  30 -22.498518 1.762003 -0.186681 -0.454410 -0.678086 -0.577676 0.514677 0.753425
female.bmp
  30 -22.595141 1.815484 -0.169251 -0.404021 -0.729734 -0.551593 0.516634 0.731898
  30 -22.414053 1.952125 -0.261643 -0.019938 0.264208 -0.964260 0.547945 0.747554
  30 -22.498518 1.762003 -0.186681 -0.454410 -0.678086 -0.577676 0.514677 0.753425
female.bmp
  30 -22.498518 1.762003 -0.186681 -0.454410 -0.678086 -0.577676 0.514677 0.753425
  30 -22.414053 1.952125 -0.261643 -0.019938 0.264208 -0.964260 0.547945 0.747554
  29 -21.772952 1.429098 -0.264868 -0.512771 -0.573135 -0.639204 0.518591 0.831703
female.bmp
  30 -22.414053 1.952125 -0.261643 -0.019938 0.264208 -0.964260 0.547945 0.747554
  29 -21.675233 1.626296 -0.332426 0.019985 0.325623 -0.945289 0.547945 0.831703
  29 -21.772952 1.429098 -0.264868 -0.512771 -0.573135 -0.639204 0.518591 0.831703
female.bmp
  29 -21.772952 1.429098 -0.264868 -0.512771 -0.573135 -0.639204 0.518591 0.831703
  29 -21.675233 1.626296 -0.332426 0.019985 0.325623 -0.945289 0.547945 0.831703
  29 -21.723302 1.395647 -0.295133 -0.580292 -0.409082 -0.704211 0.514677 0.843444
female.bmp
  29 -21.675233 1.626296 -0.332426 0.019985 0.325623 -0.945289 0.547945 0.831703
  29 -21.609728 1.601335 -0.346061 0.019985 0.325623 -0.945289 0.547945 0.841487
  29 -21.723302 1.395647 -0.295133 -0.580292 -0.409082 -0.704211 0.514677 0.843444
female.bmp
  33 -19.321224 -2.378372 -0.019190 0.810071 -0.584914 -0.040745 0.397260 0.976517
  33 -19.653705 -2.373210 -0.439701 0.360811 -0.357903 -0.861232 0.403131 0.935421
  32 -19.378027 -2.035961 -0.500485 0.418946 -0.375296 -0.826823 0.362035 0.939335
female.bmp
  32 -19.378027 -2.035961 -0.500485 0.418946 -0.375296 -0.826823 0.362035 0.939335
  33 -19.653705 -2.373210 -0.439701 0.360811 -0.357903 -0.861232 0.403131 0.935421
  32 -20.039171 -1.797555 -0.512765 -0.370497 -0.101464 -0.923275 0.367906 0.884540
female.bmp
  33 -19.653705 -2.373210 -0.439701 0.360811 -0.357903 -0.861232 0.403131 0.935421
  33 -20.076123 -2.203179 -0.475077 -0.368036 -0.059574 -0.927901 0.399217 0.890411
  32 -20.039171 -1.797555 -0.512765 -0.370497 -0.101464 -0.923275 0.367906 0.884540
female.bmp
  32 -20.039171 -1.797555 -0.512765 -0.370497 -0.101464 -0.923275 0.367906 0.884540
  33 -20.076123 -2.203179 -0.475077 -0.368036 -0.059574 -0.927901 0.399217 0.890411
  33 -20.362075 -1.987760 -0.163585 -0.875189 -0.030360 -0.482828 0.395303 0.874755
female.bmp
  33 -20.076123 -2.203179 -0.475077 -0.368036 -0.059574 -0.927901 0.399217 0.890411
  33 -20.192485 -2.710743 -0.388830 -0.305770 -0.057218 -0.950384 0.444227 0.898239
  33 -20.362075 -1.987760 -0.163585 -0.875189 -0.030360 -0.482828 0.395303 0.874755
female.bmp
  33 -20.362075 -1.987760 -0.163585 -0.875189 -0.030360 -0.482828 0.395303 0.874755
  33 -20.192485 -2.710743 -0.388830 -0.305770 -0.057218 -0.950384 0.444227 0.898239
  33 -20.341277 -2.621988 -0.263199 -0.725817 0.074569 -0.683834 0.442270 0.886497
female.bmp
  33 -20.192485 -2.710743 -0.388830 -0.305770 -0.057218 -0.950384 0.444227 0.898239
  33 -20.330712 -3.057725 -0.329695 -0.486646 -0.546106 -0.681868 0.477495 0.898239
  33 -20.341277 -2.621988 -0.263199 -0.725817 0.074569 -0.683834 0.442270 0.886497
female.bmp
  33 -20.341277 -2.621988 -0.263199 -0.725817 0.074569 -0.683834 0.442270 0.886497
  33 -20.330712 -3.057725 -0.329695 -0.486646 -0.546106 -0.681868 0.477495 0.898239
  33 -20.504424 -3.004902 -0.053772 -0.901159 -0.414853 -0.125733 0.479452 0.882583
female.bmp
  33 -20.330712 -3.057725 -0.329695 -0.486646 -0.546106 -0.681868 0.477495 0.898239
  33 -20.467290 -3.024898 -0.025116 -0.516685 -0.853651 0.065708 0.483366 0.882583
  33 -20.504424 -3.004902 -0.053772 -0.901159 -0.414853 -0.125733 0.479452 0.882583
female.bmp
  32 -19.378027 -2.035961 -0.500485 0.418946 -0.375296 -0.826823 0.890411 0.798434
  32 -19.150665 -1.477436 -0.578944 0.455971 -0.202850 -0.866569 0.896282 0.755382
  32 -18.945443 -1.830945 0.002447 0.850925 -0.524335 -0.031605 0.945205 0.790607
female.bmp
  32 -18.945443 -1.830945 0.002447 0.850925 -0.524335 -0.031605 0.945205 0.790607
  32 -19.150665 -1.477436 -0.578944 0.455971 -0.202850 -0.866569 0.896282 0.755382
  19 -18.668004 -1.207304 -0.533848 0.590589 -0.478773 -0.649601 0.960861 0.733855
female.bmp
  32 -19.150665 -1.477436 -0.578944 0.455971 -0.202850 -0.866569 0.896282 0.755382
  32 -19.009893 -0.872668 -0.553656 0.313574 -0.264899 -0.911866 0.900196 0.694716
  19 -18.668004 -1.207304 -0.533848 0.590589 -0.478773 -0.649601 0.960861 0.733855
female.bmp
  19 -18.668004 -1.207304 -0.533848 0.590589 -0.478773 -0.649601 0.960861 0.733855
  32 -19.009893 -0.872668 -0.553656 0.313574 -0.264899 -0.911866 0.900196 0.694716
  19 -18.624827 -0.706701 -0.780692 0.168817 -0.361216 -0.917074 0.953033 0.682975
female.bmp
  32 -19.009893 -0.872668 -0.553656 0.313574 -0.264899 -0.911866 0.900196 0.694716
  19 -19.097217 -0.126134 -0.876551 -0.136555 -0.173469 -0.975326 0.896282 0.639922
  19 -18.624827 -0.706701 -0.780692 0.168817 -0.361216 -0.917074 0.953033 0.682975
female.bmp
  19 -18.624827 -0.706701 -0.780692 0.168817 -0.361216 -0.917074 0.953033 0.682975
  19 -19.097217 -0.126134 -0.876551 -0.136555 -0.173469 -0.975326 0.896282 0.639922
  19 -18.611252 -0.223696 -0.910002 0.082451 -0.154556 -0.984538 0.945205 0.639922
female.bmp
  19 -19.097217 -0.126134 -0.876551 -0.136555 -0.173469 -0.975326 0.896282 0.639922
  19 -19.064806 0.519167 -1.020210 0.108765 0.165147 -0.980253 0.884540 0.573386
  19 -18.611252 -0.223696 -0.910002 0.082451 -0.154556 -0.984538 0.945205 0.639922
female.bmp
  19 -18.611252 -0.223696 -0.910002 0.082451 -0.154556 -0.984538 0.945205 0.639922
  19 -19.064806 0.519167 -1.020210 0.108765 0.165147 -0.980253 0.884540 0.573386
  19 -18.582119 0.485621 -0.905368 0.301498 0.299844 -0.905093 0.931507 0.571429
female.bmp
  19 -19.064806 0.519167 -1.020210 0.108765 0.165147 -0.980253 0.884540 0.573386
  19 -19.150265 0.920425 -0.789368 0.264678 0.670896 -0.692708 0.868885 0.532290
  19 -18.582119 0.485621 -0.905368 0.301498 0.299844 -0.905093 0.931507 0.571429
female.bmp
  29 -21.597633 1.808306 0.029860 -0.579838 0.781826 0.229207 0.645793 0.338552
  29 -21.552686 1.829456 0.060396 -0.122205 0.896722 0.425390 0.653620 0.336595
  29 -21.535810 1.807502 -0.185029 -0.244467 0.886526 -0.392819 0.657534 0.352250
female.bmp
  29 -21.535810 1.807502 -0.185029 -0.244467 0.886526 -0.392819 0.657534 0.352250
  29 -21.552686 1.829456 0.060396 -0.122205 0.896722 0.425390 0.653620 0.336595
  29 -20.659607 1.569871 -0.219648 0.192718 0.939570 -0.282962 0.735812 0.328767
female.bmp
  29 -21.552686 1.829456 0.060396 -0.122205 0.896722 0.425390 0.653620 0.336595
  29 -20.679159 1.563484 0.042795 0.260538 0.815763 0.516382 0.731898 0.315068
  29 -20.659607 1.569871 -0.219648 0.192718 0.939570 -0.282962 0.735812 0.328767
female.bmp
  29 -20.659607 1.569871 -0.219648 0.192718 0.939570 -0.282962 0.735812 0.328767
  29 -20.679159 1.563484 0.042795 0.260538 0.815763 0.516382 0.731898 0.315068
  19 -20.228131 1.461606 -0.717750 0.232461 0.840027 -0.490222 0.765166 0.328767
female.bmp
  29 -20.679159 1.563484 0.042795 0.260538 0.815763 0.516382 0.731898 0.315068
  19 -20.311825 1.444914 -0.312513 0.188080 0.857965 0.478039 0.763209 0.309198
  19 -20.228131 1.461606 -0.717750 0.232461 0.840027 -0.490222 0.765166 0.328767
female.bmp
  19 -20.228131 1.461606 -0.717750 0.232461 0.840027 -0.490222 0.765166 0.328767
  19 -20.311825 1.444914 -0.312513 0.188080 0.857965 0.478039 0.763209 0.309198
  19 -19.281125 1.234274 -0.359282 0.309449 0.947751 0.077523 0.845401 0.299413
female.bmp
  19 -20.311825 1.444914 -0.312513 0.188080 0.857965 0.478039 0.763209 0.309198
  19 -20.485339 1.087215 0.027552 -0.017747 0.636049 0.771445 0.753425 0.277886
  19 -19.281125 1.234274 -0.359282 0.309449 0.947751 0.077523 0.845401 0.299413
female.bmp
  19 -19.281125 1.234274 -0.359282 0.309449 0.947751 0.077523 0.845401 0.299413
  19 -20.485339 1.087215 0.027552 -0.017747 0.636049 0.771445 0.753425 0.277886
  19 -19.247434 0.890138 0.141353 0.137596 0.706238 0.694474 0.859100 0.270059
female.bmp
  19 -20.485339 1.087215 0.027552 -0.017747 0.636049 0.771445 0.753425 0.277886
  19 -20.546603 0.643182 0.360840 -0.153131 0.434798 0.887413 0.757339 0.232877
  19 -19.247434 0.890138 0.141353 0.137596 0.706238 0.694474 0.859100 0.270059
female.bmp
  19 -17.496143 0.159907 -0.756843 0.831328 -0.117716 0.543173 0.168297 0.927593
  19 -17.460739 0.549543 -0.653739 0.862662 0.334342 -0.379513 0.150685 0.968689
  19 -17.483103 0.499505 -0.615059 0.851613 -0.353174 0.387329 0.148728 0.964775
female.bmp
  19 -17.483103 0.499505 -0.615059 0.851613 -0.353174 0.387329 0.148728 0.964775
  19 -17.460739 0.549543 -0.653739 0.862662 0.334342 -0.379513 0.150685 0.968689
  19 -17.490136 0.658724 -0.304575 0.872541 -0.475774 0.110954 0.115460 0.978474
female.bmp
  19 -17.460739 0.549543 -0.653739 0.862662 0.334342 -0.379513 0.150685 0.968689
  19 -17.478856 0.718742 -0.323824 0.855705 0.517173 0.017344 0.117417 0.984344
  19 -17.490136 0.658724 -0.304575 0.872541 -0.475774 0.110954 0.115460 0.978474
female.bmp
  19 -17.490136 0.658724 -0.304575 0.872541 -0.475774 0.110954 0.115460 0.978474
  19 -17.478856 0.718742 -0.323824 0.855705 0.517173 0.017344 0.117417 0.984344
  19 -17.545167 0.557747 0.132775 0.906698 -0.409150 -0.102449 0.068493 0.964775
female.bmp
  19 -17.478856 0.718742 -0.323824 0.855705 0.517173 0.017344 0.117417 0.984344
  19 -17.535605 0.607692 0.143452 0.813865 0.465850 0.347287 0.068493 0.970646
  19 -17.545167 0.557747 0.132775 0.906698 -0.409150 -0.102449 0.068493 0.964775
female.bmp
  19 -17.545167 0.557747 0.132775 0.906698 -0.409150 -0.102449 0.068493 0.964775
  19 -17.535605 0.607692 0.143452 0.813865 0.465850 0.347287 0.068493 0.970646
  19 -17.600903 0.206772 0.569478 0.922655 -0.252211 -0.291715 0.027397 0.923679
female.bmp
  19 -17.535605 0.607692 0.143452 0.813865 0.465850 0.347287 0.068493 0.970646
  19 -17.592553 0.226669 0.600047 0.783188 0.273276 0.558513 0.023483 0.925636
  19 -17.600903 0.206772 0.569478 0.922655 -0.252211 -0.291715 0.027397 0.923679
female.bmp
  19 -17.600903 0.206772 0.569478 0.922655 -0.252211 -0.291715 0.027397 0.923679
  19 -17.592553 0.226669 0.600047 0.783188 0.273276 0.558513 0.023483 0.925636
  19 -17.609107 -0.303516 0.687968 0.904323 -0.028327 -0.425908 0.019569 0.868885
female.bmp
  19 -17.592553 0.226669 0.600047 0.783188 0.273276 0.558513 0.023483 0.925636
  19 -17.611361 -0.303612 0.727905 0.810501 0.001459 0.585736 0.015656 0.868885
  19 -17.609107 -0.303516 0.687968 0.904323 -0.028327 -0.425908 0.019569 0.868885
female.bmp
  19 -17.749821 -1.001673 0.127454 -0.060648 -0.958602 0.278217 0.050881 0.013699
  19 -17.726931 -1.021145 -0.101668 -0.014576 -0.974228 -0.225093 0.076321 0.017613
  18 -16.256623 -1.019051 0.201295 -0.055355 -0.948016 0.313372 0.056751 0.111546
female.bmp
  18 -16.256623 -1.019051 0.201295 -0.055355 -0.948016 0.313372 0.056751 0.111546
  19 -17.726931 -1.021145 -0.101668 -0.014576 -0.974228 -0.225093 0.076321 0.017613
  18 -16.225938 -1.045613 -0.108952 -0.053709 -0.968449 -0.243357 0.082192 0.113503
female.bmp
  19 -17.726931 -1.021145 -0.101668 -0.014576 -0.974228 -0.225093 0.076321 0.017613
  19 -17.703027 -0.880594 -0.340360 0.003396 -0.757083 -0.653310 0.099804 0.021526
  18 -16.225938 -1.045613 -0.108952 -0.053709 -0.968449 -0.243357 0.082192 0.113503
female.bmp
  18 -16.225938 -1.045613 -0.108952 -0.053709 -0.968449 -0.243357 0.082192 0.113503
  19 -17.703027 -0.880594 -0.340360 0.003396 -0.757083 -0.653310 0.099804 0.021526
  18 -16.197012 -0.933587 -0.277811 -0.036503 -0.821909 -0.568449 0.097847 0.115460
female.bmp
  19 -17.703027 -0.880594 -0.340360 0.003396 -0.757083 -0.653310 0.099804 0.021526
  18 -16.159092 -0.720162 -0.575657 -0.050791 -0.583518 -0.810510 0.121331 0.119374
  18 -16.197012 -0.933587 -0.277811 -0.036503 -0.821909 -0.568449 0.097847 0.115460
female.bmp
  18 -16.197012 -0.933587 -0.277811 -0.036503 -0.821909 -0.568449 0.097847 0.115460
  18 -16.159092 -0.720162 -0.575657 -0.050791 -0.583518 -0.810510 0.121331 0.119374
  18 -14.104351 -1.160206 -0.217749 -0.071605 -0.913010 -0.401604 0.076321 0.232877
female.bmp
  18 -16.159092 -0.720162 -0.575657 -0.050791 -0.583518 -0.810510 0.121331 0.119374
  18 -14.028746 -0.724454 -0.703345 -0.050791 -0.583518 -0.810510 0.119374 0.238748
  18 -14.104351 -1.160206 -0.217749 -0.071605 -0.913010 -0.401604 0.076321 0.232877
female.bmp
  18 -14.104351 -1.160206 -0.217749 -0.071605 -0.913010 -0.401604 0.076321 0.232877
  18 -14.028746 -0.724454 -0.703345 -0.050791 -0.583518 -0.810510 0.119374 0.238748
  18 -12.652774 -1.282975 -0.277367 -0.033807 -0.909622 -0.414059 0.068493 0.352250
female.bmp
  18 -14.028746 -0.724454 -0.703345 -0.050791 -0.583518 -0.810510 0.119374 0.238748
  18 -12.568687 -0.706327 -0.841553 -0.033056 -0.489227 -0.871530 0.119374 0.358121
  18 -12.652774 -1.282975 -0.277367 -0.033807 -0.909622 -0.414059 0.068493 0.352250
female.bmp
  11 24.029569 -1.510409 -0.259553 0.681442 -0.285715 -0.673798 0.534247 0.618395
  11 23.940434 -1.638935 -0.202667 0.256824 -0.875754 -0.408774 0.514677 0.626223
  11 23.737506 -1.503842 -0.361319 0.033302 -0.338549 -0.940359 0.530333 0.643836
female.bmp
  11 23.737506 -1.503842 -0.361319 0.033302 -0.338549 -0.940359 0.530333 0.643836
  11 23.940434 -1.638935 -0.202667 0.256824 -0.875754 -0.408774 0.514677 0.626223
  11 23.286342 -1.499849 -0.261143 -0.100464 -0.752607 -0.650761 0.516634 0.731898
female.bmp
  11 23.940434 -1.638935 -0.202667 0.256824 -0.875754 -0.408774 0.514677 0.626223
  10 23.240581 -1.550969 0.005891 -0.148181 -0.958178 0.244820 0.497065 0.741683
  11 23.286342 -1.499849 -0.261143 -0.100464 -0.752607 -0.650761 0.516634 0.731898
female.bmp
  11 23.286342 -1.499849 -0.261143 -0.100464 -0.752607 -0.650761 0.516634 0.731898
  10 23.240581 -1.550969 0.005891 -0.148181 -0.958178 0.244820 0.497065 0.741683
  10 23.118740 -1.479437 -0.275068 -0.070745 -0.746595 -0.661506 0.514677 0.753425
female.bmp
  10 23.240581 -1.550969 0.005891 -0.148181 -0.958178 0.244820 0.497065 0.741683
  10 22.263091 -1.386792 0.018497 -0.130106 -0.951989 0.277110 0.500978 0.827789
  10 23.118740 -1.479437 -0.275068 -0.070745 -0.746595 -0.661506 0.514677 0.753425
female.bmp
  10 23.118740 -1.479437 -0.275068 -0.070745 -0.746595 -0.661506 0.514677 0.753425
  10 22.263091 -1.386792 0.018497 -0.130106 -0.951989 0.277110 0.500978 0.827789
  10 22.288109 -1.346716 -0.269023 -0.127808 -0.751213 -0.647568 0.518591 0.831703
female.bmp
  10 22.263091 -1.386792 0.018497 -0.130106 -0.951989 0.277110 0.500978 0.827789
  9 22.166929 -1.369340 0.025719 -0.082649 -0.957498 0.276345 0.497065 0.841487
  10 22.288109 -1.346716 -0.269023 -0.127808 -0.751213 -0.647568 0.518591 0.831703
female.bmp
  10 22.288109 -1.346716 -0.269023 -0.127808 -0.751213 -0.647568 0.518591 0.831703
  9 22.166929 -1.369340 0.025719 -0.082649 -0.957498 0.276345 0.497065 0.841487
  9 22.151259 -1.339887 -0.249575 -0.069999 -0.796631 -0.600399 0.514677 0.843444
female.bmp
  8 24.662699 -0.404955 0.250845 0.170442 -0.951827 0.254903 0.500978 0.624266
  7 23.866549 -0.451806 0.130991 -0.003553 -0.978399 0.206694 0.497065 0.741683
  8 24.701107 -0.391749 0.050220 0.485047 -0.805176 -0.341204 0.514677 0.626223
female.bmp
  8 24.701107 -0.391749 0.050220 0.485047 -0.805176 -0.341204 0.514677 0.626223
  7 23.866549 -0.451806 0.130991 -0.003553 -0.978399 0.206694 0.497065 0.741683
  8 23.936265 -0.414477 -0.105669 0.003318 -0.785430 -0.618942 0.516634 0.731898
female.bmp
  7 23.866549 -0.451806 0.130991 -0.003553 -0.978399 0.206694 0.497065 0.741683
  7 23.755910 -0.394948 -0.113807 0.011585 -0.743389 -0.668759 0.514677 0.753425
  8 23.936265 -0.414477 -0.105669 0.003318 -0.785430 -0.618942 0.516634 0.731898
female.bmp
  8 23.936265 -0.414477 -0.105669 0.003318 -0.785430 -0.618942 0.516634 0.731898
  7 23.755910 -0.394948 -0.113807 0.011585 -0.743389 -0.668759 0.514677 0.753425
  7 23.763968 -0.179897 -0.197403 0.048016 0.208365 -0.976872 0.547945 0.747554
female.bmp
  7 23.755910 -0.394948 -0.113807 0.011585 -0.743389 -0.668759 0.514677 0.753425
  7 22.735589 -0.396076 -0.150478 0.011585 -0.743389 -0.668759 0.518591 0.831703
  7 23.763968 -0.179897 -0.197403 0.048016 0.208365 -0.976872 0.547945 0.747554
female.bmp
  7 23.763968 -0.179897 -0.197403 0.048016 0.208365 -0.976872 0.547945 0.747554
  7 22.735589 -0.396076 -0.150478 0.011585 -0.743389 -0.668759 0.518591 0.831703
  7 22.733060 -0.146541 -0.224138 0.048016 0.208365 -0.976872 0.547945 0.831703
female.bmp
  7 22.735589 -0.396076 -0.150478 0.011585 -0.743389 -0.668759 0.518591 0.831703
  6 22.570570 -0.381667 -0.155433 0.080370 -0.716671 -0.692765 0.514677 0.843444
  7 22.733060 -0.146541 -0.224138 0.048016 0.208365 -0.976872 0.547945 0.831703
female.bmp
  7 22.733060 -0.146541 -0.224138 0.048016 0.208365 -0.976872 0.547945 0.831703
  6 22.570570 -0.381667 -0.155433 0.080370 -0.716671 -0.692765 0.514677 0.843444
  6 22.569923 -0.134894 -0.238514 0.146130 0.219181 -0.964679 0.547945 0.841487
female.bmp
  11 24.123012 -1.554414 0.109136 0.086547 -0.094331 0.991772 0.557730 0.289628
  11 23.650593 -1.517064 0.114256 -0.077904 -0.602804 0.794077 0.565558 0.363992
  11 24.036574 -1.578484 0.102133 0.215574 -0.615558 0.758035 0.571429 0.295499
female.bmp
  11 24.036574 -1.578484 0.102133 0.215574 -0.615558 0.758035 0.571429 0.295499
  11 23.650593 -1.517064 0.114256 -0.077904 -0.602804 0.794077 0.565558 0.363992
  11 23.955904 -1.634224 0.018554 0.043364 -0.965655 0.256182 0.583170 0.317025
female.bmp
  11 23.650593 -1.517064 0.114256 -0.077904 -0.602804 0.794077 0.565558 0.363992
  10 23.282989 -1.427807 0.151262 -0.042215 -0.500178 0.864893 0.565558 0.424658
  11 23.955904 -1.634224 0.018554 0.043364 -0.965655 0.256182 0.583170 0.317025
female.bmp
  11 23.955904 -1.634224 0.018554 0.043364 -0.965655 0.256182 0.583170 0.317025
  10 23.282989 -1.427807 0.151262 -0.042215 -0.500178 0.864893 0.565558 0.424658
  10 23.240581 -1.550969 0.005891 -0.148181 -0.958178 0.244820 0.585127 0.434442
female.bmp
  10 23.282989 -1.427807 0.151262 -0.042215 -0.500178 0.864893 0.565558 0.424658
  10 22.311710 -1.229404 0.199786 0.012002 -0.492985 0.869955 0.565558 0.551859
  10 23.240581 -1.550969 0.005891 -0.148181 -0.958178 0.244820 0.585127 0.434442
female.bmp
  10 23.240581 -1.550969 0.005891 -0.148181 -0.958178 0.244820 0.585127 0.434442
  10 22.311710 -1.229404 0.199786 0.012002 -0.492985 0.869955 0.565558 0.551859
  10 22.263091 -1.386792 0.018497 -0.130106 -0.951989 0.277110 0.590998 0.559687
female.bmp
  10 22.311710 -1.229404 0.199786 0.012002 -0.492985 0.869955 0.565558 0.551859
  9 22.175007 -1.189480 0.235206 0.095107 -0.475408 0.874610 0.567515 0.565558
  10 22.263091 -1.386792 0.018497 -0.130106 -0.951989 0.277110 0.590998 0.559687
female.bmp
  10 22.263091 -1.386792 0.018497 -0.130106 -0.951989 0.277110 0.590998 0.559687
  9 22.175007 -1.189480 0.235206 0.095107 -0.475408 0.874610 0.567515 0.565558
  9 22.166929 -1.369340 0.025719 -0.082649 -0.957498 0.276345 0.590998 0.571429
female.bmp
  3 22.213358 1.011506 0.015191 -0.126225 0.925789 -0.356344 0.499022 0.571429
  3 22.231655 1.010090 0.246196 0.107968 0.858775 0.500847 0.516634 0.569472
  3 22.274556 1.015665 0.009071 -0.126225 0.925789 -0.356344 0.499022 0.557730
female.bmp
  3 22.274556 1.015665 0.009071 -0.126225 0.925789 -0.356344 0.499022 0.557730
  3 22.231655 1.010090 0.246196 0.107968 0.858775 0.500847 0.516634 0.569472
  3 22.321772 1.023627 0.208838 -0.045976 0.905797 0.421211 0.518591 0.551859
female.bmp
  3 22.231655 1.010090 0.246196 0.107968 0.858775 0.500847 0.516634 0.569472
  3 22.262647 0.856467 0.353619 0.098722 0.399087 0.911583 0.540117 0.567515
  3 22.321772 1.023627 0.208838 -0.045976 0.905797 0.421211 0.518591 0.551859
female.bmp
  3 22.321772 1.023627 0.208838 -0.045976 0.905797 0.421211 0.518591 0.551859
  3 22.262647 0.856467 0.353619 0.098722 0.399087 0.911583 0.540117 0.567515
  3 22.370327 0.880642 0.335715 0.042059 0.377005 0.925256 0.540117 0.551859
female.bmp
  3 22.262647 0.856467 0.353619 0.098722 0.399087 0.911583 0.540117 0.567515
  3 22.294219 0.667138 0.377231 0.411361 -0.246967 0.877376 0.567515 0.565558
  3 22.370327 0.880642 0.335715 0.042059 0.377005 0.925256 0.540117 0.551859
female.bmp
  3 22.370327 0.880642 0.335715 0.042059 0.377005 0.925256 0.540117 0.551859
  3 22.294219 0.667138 0.377231 0.411361 -0.246967 0.877376 0.567515 0.565558
  3 22.394823 0.680713 0.330385 0.306852 -0.364597 0.879153 0.565558 0.551859
female.bmp
  3 22.294219 0.667138 0.377231 0.411361 -0.246967 0.877376 0.567515 0.565558
  3 22.328451 0.477954 0.182454 0.856704 -0.504258 0.108545 0.590998 0.571429
  3 22.394823 0.680713 0.330385 0.306852 -0.364597 0.879153 0.565558 0.551859
female.bmp
  3 22.394823 0.680713 0.330385 0.306852 -0.364597 0.879153 0.565558 0.551859
  3 22.328451 0.477954 0.182454 0.856704 -0.504258 0.108545 0.590998 0.571429
  4 22.428570 0.520211 0.159294 0.333099 -0.911900 0.239756 0.590998 0.559687
female.bmp
  2 18.022668 -0.904724 0.587003 -0.475130 -0.491000 0.730185 0.941292 0.859100
  2 18.044774 -0.285601 0.719660 -0.489093 0.031323 0.871669 0.866928 0.857143
  2 18.008042 -0.884312 0.528101 -0.552371 -0.471690 0.687310 0.941292 0.863014
female.bmp
  2 18.008042 -0.884312 0.528101 -0.552371 -0.471690 0.687310 0.941292 0.863014
  2 18.044774 -0.285601 0.719660 -0.489093 0.031323 0.871669 0.866928 0.857143
  2 18.031659 -0.285318 0.680571 -0.518750 0.043022 0.853843 0.864971 0.861057
female.bmp
  2 18.044774 -0.285601 0.719660 -0.489093 0.031323 0.871669 0.866928 0.857143
  2 18.033067 0.255480 0.553543 -0.479923 0.395795 0.782956 0.802348 0.857143
  2 18.031659 -0.285318 0.680571 -0.518750 0.043022 0.853843 0.864971 0.861057
female.bmp
  2 18.031659 -0.285318 0.680571 -0.518750 0.043022 0.853843 0.864971 0.861057
  2 18.033067 0.255480 0.553543 -0.479923 0.395795 0.782956 0.802348 0.857143
  2 18.020646 0.225699 0.524237 -0.479923 0.395795 0.782956 0.806262 0.859100
female.bmp
  2 18.033067 0.255480 0.553543 -0.479923 0.395795 0.782956 0.802348 0.857143
  2 17.986772 0.637773 0.208567 -0.517137 0.686439 0.511244 0.759295 0.857143
  2 18.020646 0.225699 0.524237 -0.479923 0.395795 0.782956 0.806262 0.859100
female.bmp
  2 18.020646 0.225699 0.524237 -0.479923 0.395795 0.782956 0.806262 0.859100
  2 17.986772 0.637773 0.208567 -0.517137 0.686439 0.511244 0.759295 0.857143
  2 17.975106 0.597929 0.189167 -0.562467 0.668174 0.487007 0.765166 0.859100
female.bmp
  2 17.986772 0.637773 0.208567 -0.517137 0.686439 0.511244 0.759295 0.857143
  2 17.914098 0.801384 -0.336364 -0.568655 0.819081 -0.075744 0.714286 0.855186
  2 17.975106 0.597929 0.189167 -0.562467 0.668174 0.487007 0.765166 0.859100
female.bmp
  2 17.975106 0.597929 0.189167 -0.562467 0.668174 0.487007 0.765166 0.859100
  2 17.914098 0.801384 -0.336364 -0.568655 0.819081 -0.075744 0.714286 0.855186
  2 17.904792 0.761346 -0.325857 -0.662605 0.748602 -0.023458 0.720157 0.857143
female.bmp
  2 18.305661 -0.844961 0.484810 0.773368 -0.393002 0.497445 0.937378 0.816047
  2 18.326101 -0.255708 0.597343 0.791281 -0.029439 0.610743 0.863014 0.814090
  2 18.311074 -0.875410 0.554405 0.691093 -0.443398 0.570779 0.937378 0.821918
female.bmp
  2 18.311074 -0.875410 0.554405 0.691093 -0.443398 0.570779 0.937378 0.821918
  2 18.326101 -0.255708 0.597343 0.791281 -0.029439 0.610743 0.863014 0.814090
  2 18.342393 -0.246249 0.676369 0.762067 0.039391 0.646299 0.861057 0.819961
female.bmp
  2 18.326101 -0.255708 0.597343 0.791281 -0.029439 0.610743 0.863014 0.814090
  2 18.337293 0.225064 0.469156 0.646091 0.392520 0.654594 0.804305 0.814090
  2 18.342393 -0.246249 0.676369 0.762067 0.039391 0.646299 0.861057 0.819961
female.bmp
  2 18.342393 -0.246249 0.676369 0.762067 0.039391 0.646299 0.861057 0.819961
  2 18.337293 0.225064 0.469156 0.646091 0.392520 0.654594 0.804305 0.814090
  2 18.328990 0.254961 0.490065 0.713064 0.396096 0.578487 0.802348 0.818004
female.bmp
  2 18.337293 0.225064 0.469156 0.646091 0.392520 0.654594 0.804305 0.814090
  2 18.281723 0.577321 0.134749 0.659799 0.645659 0.384435 0.759295 0.812133
  2 18.328990 0.254961 0.490065 0.713064 0.396096 0.578487 0.802348 0.818004
female.bmp
  2 18.328990 0.254961 0.490065 0.713064 0.396096 0.578487 0.802348 0.818004
  2 18.281723 0.577321 0.134749 0.659799 0.645659 0.384435 0.759295 0.812133
  2 18.284299 0.647126 0.165090 0.688796 0.641368 0.337944 0.759295 0.818004
female.bmp
  2 18.281723 0.577321 0.134749 0.659799 0.645659 0.384435 0.759295 0.812133
  2 18.226159 0.760326 -0.321126 0.666257 0.728559 -0.159073 0.710372 0.810176
  2 18.284299 0.647126 0.165090 0.688796 0.641368 0.337944 0.759295 0.818004
female.bmp
  2 18.284299 0.647126 0.165090 0.688796 0.641368 0.337944 0.759295 0.818004
  2 18.226159 0.760326 -0.321126 0.666257 0.728559 -0.159073 0.710372 0.810176
  2 18.224802 0.830453 -0.340629 0.578892 0.800927 -0.152973 0.708415 0.816047
female.bmp
  2 17.822331 -0.376117 -0.697847 -0.706826 0.689638 -0.157470 0.986301 0.549902
  2 17.835101 -0.827264 -0.521202 -0.640297 -0.722864 0.259782 0.908023 0.549902
  2 17.889095 -0.757716 -0.474857 -0.266091 -0.028336 0.963531 0.911937 0.545988
female.bmp
  2 17.889095 -0.757716 -0.474857 -0.266091 -0.028336 0.963531 0.911937 0.545988
  2 17.835101 -0.827264 -0.521202 -0.640297 -0.722864 0.259782 0.908023 0.549902
  2 18.224863 -0.768337 -0.541543 0.621975 -0.118768 0.773978 0.911937 0.485323
female.bmp
  2 17.835101 -0.827264 -0.521202 -0.640297 -0.722864 0.259782 0.908023 0.549902
  2 18.230776 -0.808041 -0.592422 0.729487 -0.672712 0.123720 0.908023 0.481409
  2 18.224863 -0.768337 -0.541543 0.621975 -0.118768 0.773978 0.911937 0.485323
female.bmp
  2 18.224863 -0.768337 -0.541543 0.621975 -0.118768 0.773978 0.911937 0.485323
  2 18.230776 -0.808041 -0.592422 0.729487 -0.672712 0.123720 0.908023 0.481409
  2 18.202725 -0.377228 -0.707805 0.560060 0.703953 0.436788 0.982387 0.485323
female.bmp
  2 18.230776 -0.808041 -0.592422 0.729487 -0.672712 0.123720 0.908023 0.481409
  2 18.207975 -0.376868 -0.768405 0.658782 0.640907 -0.394011 0.986301 0.481409
  2 18.202725 -0.377228 -0.707805 0.560060 0.703953 0.436788 0.982387 0.485323
female.bmp
  2 18.202725 -0.377228 -0.707805 0.560060 0.703953 0.436788 0.982387 0.485323
  2 18.207975 -0.376868 -0.768405 0.658782 0.640907 -0.394011 0.986301 0.481409
  2 17.856957 -0.376580 -0.640394 -0.323677 0.724655 0.608366 0.982387 0.545988
female.bmp
  2 18.207975 -0.376868 -0.768405 0.658782 0.640907 -0.394011 0.986301 0.481409
  2 17.822331 -0.376117 -0.697847 -0.706826 0.689638 -0.157470 0.986301 0.549902
  2 17.856957 -0.376580 -0.640394 -0.323677 0.724655 0.608366 0.982387 0.545988
female.bmp
  2 17.856957 -0.376580 -0.640394 -0.323677 0.724655 0.608366 0.982387 0.545988
  2 17.822331 -0.376117 -0.697847 -0.706826 0.689638 -0.157470 0.986301 0.549902
  2 17.889095 -0.757716 -0.474857 -0.266091 -0.028336 0.963531 0.911937 0.545988
female.bmp
  2 17.856957 -0.376580 -0.640394 -0.323677 0.724655 0.608366 0.982387 0.545988
  2 17.889095 -0.757716 -0.474857 -0.266091 -0.028336 0.963531 0.911937 0.545988
  2 17.927521 -0.717692 -0.497693 0.344188 0.547519 0.762730 0.919765 0.538160
female.bmp
  2 17.927521 -0.717692 -0.497693 0.344188 0.547519 0.762730 0.919765 0.538160
  2 17.889095 -0.757716 -0.474857 -0.266091 -0.028336 0.963531 0.911937 0.545988
  2 18.174385 -0.718145 -0.547268 -0.005746 0.558175 0.829704 0.919765 0.493151
female.bmp
  2 17.889095 -0.757716 -0.474857 -0.266091 -0.028336 0.963531 0.911937 0.545988
  2 18.224863 -0.768337 -0.541543 0.621975 -0.118768 0.773978 0.911937 0.485323
  2 18.174385 -0.718145 -0.547268 -0.005746 0.558175 0.829704 0.919765 0.493151
female.bmp
  2 18.174385 -0.718145 -0.547268 -0.005746 0.558175 0.829704 0.919765 0.493151
  2 18.224863 -0.768337 -0.541543 0.621975 -0.118768 0.773978 0.911937 0.485323
  2 18.154299 -0.427225 -0.684244 -0.011491 0.201619 0.979397 0.974560 0.493151
female.bmp
  2 18.224863 -0.768337 -0.541543 0.621975 -0.118768 0.773978 0.911937 0.485323
  2 18.202725 -0.377228 -0.707805 0.560060 0.703953 0.436788 0.982387 0.485323
  2 18.154299 -0.427225 -0.684244 -0.011491 0.201619 0.979397 0.974560 0.493151
female.bmp
  2 18.154299 -0.427225 -0.684244 -0.011491 0.201619 0.979397 0.974560 0.493151
  2 18.202725 -0.377228 -0.707805 0.560060 0.703953 0.436788 0.982387 0.485323
  2 17.907465 -0.416773 -0.634607 0.390505 0.194531 0.899813 0.974560 0.538160
female.bmp
  2 18.202725 -0.377228 -0.707805 0.560060 0.703953 0.436788 0.982387 0.485323
  2 17.856957 -0.376580 -0.640394 -0.323677 0.724655 0.608366 0.982387 0.545988
  2 17.907465 -0.416773 -0.634607 0.390505 0.194531 0.899813 0.974560 0.538160
female.bmp
  2 17.907465 -0.416773 -0.634607 0.390505 0.194531 0.899813 0.974560 0.538160
  2 17.856957 -0.376580 -0.640394 -0.323677 0.724655 0.608366 0.982387 0.545988
  2 17.927521 -0.717692 -0.497693 0.344188 0.547519 0.762730 0.919765 0.538160
female.bmp
  2 17.907465 -0.416773 -0.634607 0.390505 0.194531 0.899813 0.974560 0.538160
  2 17.927521 -0.717692 -0.497693 0.344188 0.547519 0.762730 0.919765 0.538160
  2 17.941953 -0.717293 -0.569049 0.658782 0.640907 -0.394011 0.923679 0.534247
female.bmp
  2 17.941953 -0.717293 -0.569049 0.658782 0.640907 -0.394011 0.923679 0.534247
  2 17.927521 -0.717692 -0.497693 0.344188 0.547519 0.762730 0.919765 0.538160
  2 18.139759 -0.717682 -0.604721 -0.728698 0.673507 -0.124044 0.923679 0.497065
female.bmp
  2 17.927521 -0.717692 -0.497693 0.344188 0.547519 0.762730 0.919765 0.538160
  2 18.174385 -0.718145 -0.547268 -0.005746 0.558175 0.829704 0.919765 0.493151
  2 18.139759 -0.717682 -0.604721 -0.728698 0.673507 -0.124044 0.923679 0.497065
female.bmp
  2 18.139759 -0.717682 -0.604721 -0.728698 0.673507 -0.124044 0.923679 0.497065
  2 18.174385 -0.718145 -0.547268 -0.005746 0.558175 0.829704 0.919765 0.493151
  2 18.121123 -0.466891 -0.722008 -0.657923 -0.641642 0.394250 0.970646 0.497065
female.bmp
  2 18.174385 -0.718145 -0.547268 -0.005746 0.558175 0.829704 0.919765 0.493151
  2 18.154299 -0.427225 -0.684244 -0.011491 0.201619 0.979397 0.974560 0.493151
  2 18.121123 -0.466891 -0.722008 -0.657923 -0.641642 0.394250 0.970646 0.497065
female.bmp
  2 18.121123 -0.466891 -0.722008 -0.657923 -0.641642 0.394250 0.970646 0.497065
  2 18.154299 -0.427225 -0.684244 -0.011491 0.201619 0.979397 0.974560 0.493151
  2 17.924134 -0.456566 -0.676304 0.729487 -0.672712 0.123720 0.970646 0.534247
female.bmp
  2 18.154299 -0.427225 -0.684244 -0.011491 0.201619 0.979397 0.974560 0.493151
  2 17.907465 -0.416773 -0.634607 0.390505 0.194531 0.899813 0.974560 0.538160
  2 17.924134 -0.456566 -0.676304 0.729487 -0.672712 0.123720 0.970646 0.534247
female.bmp
  2 17.924134 -0.456566 -0.676304 0.729487 -0.672712 0.123720 0.970646 0.534247
  2 17.907465 -0.416773 -0.634607 0.390505 0.194531 0.899813 0.974560 0.538160
  2 17.941953 -0.717293 -0.569049 0.658782 0.640907 -0.394011 0.923679 0.534247
female.bmp
  2 17.924134 -0.456566 -0.676304 0.729487 -0.672712 0.123720 0.951076 0.974560
  2 17.941953 -0.717293 -0.569049 0.658782 0.640907 -0.394011 0.898239 0.974560
  2 17.908777 -0.756957 -0.606811 0.014987 -0.204131 -0.978829 0.896282 0.978474
female.bmp
  2 17.908777 -0.756957 -0.606811 0.014987 -0.204131 -0.978829 0.896282 0.978474
  2 17.941953 -0.717293 -0.569049 0.658782 0.640907 -0.394011 0.898239 0.974560
  2 18.155611 -0.767410 -0.656449 -0.387363 -0.192261 -0.901657 0.894325 0.929550
female.bmp
  2 17.941953 -0.717293 -0.569049 0.658782 0.640907 -0.394011 0.898239 0.974560
  2 18.139759 -0.717682 -0.604721 -0.728698 0.673507 -0.124044 0.898239 0.933464
  2 18.155611 -0.767410 -0.656449 -0.387363 -0.192261 -0.901657 0.894325 0.929550
female.bmp
  2 18.155611 -0.767410 -0.656449 -0.387363 -0.192261 -0.901657 0.894325 0.929550
  2 18.139759 -0.717682 -0.604721 -0.728698 0.673507 -0.124044 0.898239 0.933464
  2 18.136342 -0.466556 -0.783394 -0.340727 -0.550078 -0.762443 0.956947 0.929550
female.bmp
  2 18.139759 -0.717682 -0.604721 -0.728698 0.673507 -0.124044 0.898239 0.933464
  2 18.121123 -0.466891 -0.722008 -0.657923 -0.641642 0.394250 0.951076 0.933464
  2 18.136342 -0.466556 -0.783394 -0.340727 -0.550078 -0.762443 0.956947 0.929550
female.bmp
  2 18.136342 -0.466556 -0.783394 -0.340727 -0.550078 -0.762443 0.956947 0.929550
  2 18.121123 -0.466891 -0.722008 -0.657923 -0.641642 0.394250 0.951076 0.933464
  2 17.889508 -0.456103 -0.733757 0.008910 -0.555712 -0.831327 0.956947 0.978474
female.bmp
  2 18.121123 -0.466891 -0.722008 -0.657923 -0.641642 0.394250 0.951076 0.933464
  2 17.924134 -0.456566 -0.676304 0.729487 -0.672712 0.123720 0.951076 0.974560
  2 17.889508 -0.456103 -0.733757 0.008910 -0.555712 -0.831327 0.956947 0.978474
female.bmp
  2 17.889508 -0.456103 -0.733757 0.008910 -0.555712 -0.831327 0.956947 0.978474
  2 17.924134 -0.456566 -0.676304 0.729487 -0.672712 0.123720 0.951076 0.974560
  2 17.908777 -0.756957 -0.606811 0.014987 -0.204131 -0.978829 0.896282 0.978474
female.bmp
  2 17.889508 -0.456103 -0.733757 0.008910 -0.555712 -0.831327 0.956947 0.978474
  2 17.908777 -0.756957 -0.606811 0.014987 -0.204131 -0.978829 0.896282 0.978474
  2 17.861168 -0.797020 -0.573220 -0.422219 -0.592452 -0.686099 0.886497 0.988258
female.bmp
  2 17.861168 -0.797020 -0.573220 -0.422219 -0.592452 -0.686099 0.886497 0.988258
  2 17.908777 -0.756957 -0.606811 0.014987 -0.204131 -0.978829 0.896282 0.978474
  2 18.196936 -0.807641 -0.639906 0.323818 -0.723919 -0.609166 0.886497 0.921722
female.bmp
  2 17.908777 -0.756957 -0.606811 0.014987 -0.204131 -0.978829 0.896282 0.978474
  2 18.155611 -0.767410 -0.656449 -0.387363 -0.192261 -0.901657 0.894325 0.929550
  2 18.196936 -0.807641 -0.639906 0.323818 -0.723919 -0.609166 0.886497 0.921722
female.bmp
  2 18.196936 -0.807641 -0.639906 0.323818 -0.723919 -0.609166 0.886497 0.921722
  2 18.155611 -0.767410 -0.656449 -0.387363 -0.192261 -0.901657 0.894325 0.929550
  2 18.174768 -0.426532 -0.806230 0.281521 0.112426 -0.952946 0.964775 0.919765
female.bmp
  2 18.155611 -0.767410 -0.656449 -0.387363 -0.192261 -0.901657 0.894325 0.929550
  2 18.136342 -0.466556 -0.783394 -0.340727 -0.550078 -0.762443 0.956947 0.929550
  2 18.174768 -0.426532 -0.806230 0.281521 0.112426 -0.952946 0.964775 0.919765
female.bmp
  2 18.174768 -0.426532 -0.806230 0.281521 0.112426 -0.952946 0.964775 0.919765
  2 18.136342 -0.466556 -0.783394 -0.340727 -0.550078 -0.762443 0.956947 0.929550
  2 17.839000 -0.415911 -0.739544 -0.598675 0.142361 -0.788240 0.966732 0.988258
female.bmp
  2 18.136342 -0.466556 -0.783394 -0.340727 -0.550078 -0.762443 0.956947 0.929550
  2 17.889508 -0.456103 -0.733757 0.008910 -0.555712 -0.831327 0.956947 0.978474
  2 17.839000 -0.415911 -0.739544 -0.598675 0.142361 -0.788240 0.966732 0.988258
female.bmp
  2 17.839000 -0.415911 -0.739544 -0.598675 0.142361 -0.788240 0.966732 0.988258
  2 17.889508 -0.456103 -0.733757 0.008910 -0.555712 -0.831327 0.956947 0.978474
  2 17.861168 -0.797020 -0.573220 -0.422219 -0.592452 -0.686099 0.886497 0.988258
female.bmp
  2 17.839000 -0.415911 -0.739544 -0.598675 0.142361 -0.788240 0.966732 0.988258
  2 17.861168 -0.797020 -0.573220 -0.422219 -0.592452 -0.686099 0.886497 0.988258
  2 17.835101 -0.827264 -0.521202 -0.640297 -0.722864 0.259782 0.880626 0.992172
female.bmp
  2 17.835101 -0.827264 -0.521202 -0.640297 -0.722864 0.259782 0.880626 0.992172
  2 17.861168 -0.797020 -0.573220 -0.422219 -0.592452 -0.686099 0.886497 0.988258
  2 18.230776 -0.808041 -0.592422 0.729487 -0.672712 0.123720 0.880626 0.915851
female.bmp
  2 17.861168 -0.797020 -0.573220 -0.422219 -0.592452 -0.686099 0.886497 0.988258
  2 18.196936 -0.807641 -0.639906 0.323818 -0.723919 -0.609166 0.886497 0.921722
  2 18.230776 -0.808041 -0.592422 0.729487 -0.672712 0.123720 0.880626 0.915851
female.bmp
  2 18.230776 -0.808041 -0.592422 0.729487 -0.672712 0.123720 0.880626 0.915851
  2 18.196936 -0.807641 -0.639906 0.323818 -0.723919 -0.609166 0.886497 0.921722
  2 18.207975 -0.376868 -0.768405 0.658782 0.640907 -0.394011 0.968689 0.915851
female.bmp
  2 18.196936 -0.807641 -0.639906 0.323818 -0.723919 -0.609166 0.886497 0.921722
  2 18.174768 -0.426532 -0.806230 0.281521 0.112426 -0.952946 0.964775 0.919765
  2 18.207975 -0.376868 -0.768405 0.658782 0.640907 -0.394011 0.968689 0.915851
female.bmp
  2 18.207975 -0.376868 -0.768405 0.658782 0.640907 -0.394011 0.968689 0.915851
  2 18.174768 -0.426532 -0.806230 0.281521 0.112426 -0.952946 0.964775 0.919765
  2 17.822331 -0.376117 -0.697847 -0.706826 0.689638 -0.157470 0.968689 0.992172
female.bmp
  2 18.174768 -0.426532 -0.806230 0.281521 0.112426 -0.952946 0.964775 0.919765
  2 17.839000 -0.415911 -0.739544 -0.598675 0.142361 -0.788240 0.966732 0.988258
  2 17.822331 -0.376117 -0.697847 -0.706826 0.689638 -0.157470 0.968689 0.992172
female.bmp
  2 17.822331 -0.376117 -0.697847 -0.706826 0.689638 -0.157470 0.968689 0.992172
  2 17.839000 -0.415911 -0.739544 -0.598675 0.142361 -0.788240 0.966732 0.988258
  2 17.835101 -0.827264 -0.521202 -0.640297 -0.722864 0.259782 0.880626 0.992172
female.bmp
  2 17.704414 -0.838419 -0.270212 -0.016331 -0.756130 -0.654218 0.099804 0.021526
  1 16.146810 -0.666161 -0.509980 0.045142 -0.583792 -0.810647 0.121331 0.119374
  2 17.760716 -0.617448 -0.453791 -0.018835 -0.455180 -0.890200 0.121331 0.019569
female.bmp
  2 17.760716 -0.617448 -0.453791 -0.018835 -0.455180 -0.890200 0.121331 0.019569
  1 16.146810 -0.666161 -0.509980 0.045142 -0.583792 -0.810647 0.121331 0.119374
  1 16.107752 -0.395854 -0.619564 0.050426 -0.431926 -0.900498 0.138943 0.123288
female.bmp
  1 16.146810 -0.666161 -0.509980 0.045142 -0.583792 -0.810647 0.121331 0.119374
  1 14.025038 -0.668246 -0.633994 0.045142 -0.583792 -0.810647 0.119374 0.238748
  1 16.107752 -0.395854 -0.619564 0.050426 -0.431926 -0.900498 0.138943 0.123288
female.bmp
  1 16.107752 -0.395854 -0.619564 0.050426 -0.431926 -0.900498 0.138943 0.123288
  1 14.025038 -0.668246 -0.633994 0.045142 -0.583792 -0.810647 0.119374 0.238748
  1 16.108002 -0.235878 -0.709607 0.052563 -0.162693 -0.985276 0.152642 0.123288
female.bmp
  1 14.025038 -0.668246 -0.633994 0.045142 -0.583792 -0.810647 0.119374 0.238748
  1 13.985929 -0.287959 -0.823605 0.047621 -0.265928 -0.962816 0.146771 0.242661
  1 16.108002 -0.235878 -0.709607 0.052563 -0.162693 -0.985276 0.152642 0.123288
female.bmp
  1 16.108002 -0.235878 -0.709607 0.052563 -0.162693 -0.985276 0.152642 0.123288
  1 13.985929 -0.287959 -0.823605 0.047621 -0.265928 -0.962816 0.146771 0.242661
  1 16.099555 -0.095792 -0.679530 0.058285 -0.015512 -0.998179 0.162427 0.123288
female.bmp
  1 13.985929 -0.287959 -0.823605 0.047621 -0.265928 -0.962816 0.146771 0.242661
  1 13.969597 0.232179 -0.883515 0.055951 0.223117 -0.973185 0.187867 0.242661
  1 16.099555 -0.095792 -0.679530 0.058285 -0.015512 -0.998179 0.162427 0.123288
female.bmp
  1 16.099555 -0.095792 -0.679530 0.058285 -0.015512 -0.998179 0.162427 0.123288
  1 13.969597 0.232179 -0.883515 0.055951 0.223117 -0.973185 0.187867 0.242661
  1 16.091199 0.214265 -0.759496 0.068791 0.174481 -0.982255 0.187867 0.125245
female.bmp
  25 -24.776774 -0.376214 0.221852 -0.781058 -0.578171 0.235936 0.571429 0.277886
  25 -24.768381 -0.204028 0.275535 -0.846495 0.134712 0.515072 0.544031 0.273973
  25 -24.829158 -0.239768 0.192897 -0.985165 -0.024826 0.169807 0.544031 0.266145
female.bmp
  25 -24.829158 -0.239768 0.192897 -0.985165 -0.024826 0.169807 0.544031 0.266145
  25 -24.768381 -0.204028 0.275535 -0.846495 0.134712 0.515072 0.544031 0.273973
  25 -24.801702 -0.120218 0.136735 -0.864640 0.488168 -0.118700 0.522505 0.272016
female.bmp
  25 -24.768381 -0.204028 0.275535 -0.846495 0.134712 0.515072 0.544031 0.273973
  25 -24.741212 -0.077694 0.206968 -0.403354 0.832733 0.379291 0.518591 0.295499
  25 -24.801702 -0.120218 0.136735 -0.864640 0.488168 -0.118700 0.522505 0.272016
female.bmp
  25 -24.801702 -0.120218 0.136735 -0.864640 0.488168 -0.118700 0.522505 0.272016
  25 -24.741212 -0.077694 0.206968 -0.403354 0.832733 0.379291 0.518591 0.295499
  25 -24.702904 -0.064041 0.108754 -0.330830 0.911620 -0.243927 0.504892 0.313112
female.bmp
  25 -24.741212 -0.077694 0.206968 -0.403354 0.832733 0.379291 0.518591 0.295499
  25 -24.321840 -0.042973 0.192096 -0.031313 0.885625 0.463345 0.516634 0.363992
  25 -24.702904 -0.064041 0.108754 -0.330830 0.911620 -0.243927 0.504892 0.313112
female.bmp
  25 -24.702904 -0.064041 0.108754 -0.330830 0.911620 -0.243927 0.504892 0.313112
  25 -24.321840 -0.042973 0.192096 -0.031313 0.885625 0.463345 0.516634 0.363992
  24 -23.884962 0.007014 -0.011296 -0.067906 0.950991 -0.301671 0.504892 0.432485
female.bmp
  25 -24.321840 -0.042973 0.192096 -0.031313 0.885625 0.463345 0.516634 0.363992
  24 -23.874208 -0.021792 0.174054 -0.021094 0.866204 0.499246 0.518591 0.422701
  24 -23.884962 0.007014 -0.011296 -0.067906 0.950991 -0.301671 0.504892 0.432485
female.bmp
  24 -23.884962 0.007014 -0.011296 -0.067906 0.950991 -0.301671 0.504892 0.432485
  24 -23.874208 -0.021792 0.174054 -0.021094 0.866204 0.499246 0.518591 0.422701
  24 -22.724848 0.030757 0.139272 -0.105981 0.869716 0.482039 0.518591 0.551859
female.bmp
  19 -18.022357 -0.941926 0.522870 0.480178 -0.493362 0.725274 0.941292 0.859100
  19 -18.038478 -0.322240 0.663688 0.499422 0.029032 0.865872 0.866928 0.857143
  19 -18.311246 -0.911041 0.496623 -0.687476 -0.437785 0.579414 0.937378 0.821918
female.bmp
  19 -18.311246 -0.911041 0.496623 -0.687476 -0.437785 0.579414 0.937378 0.821918
  19 -18.038478 -0.322240 0.663688 0.499422 0.029032 0.865872 0.866928 0.857143
  19 -18.326213 -0.281307 0.617498 -0.754180 0.045586 0.655083 0.861057 0.819961
female.bmp
  19 -18.038478 -0.322240 0.663688 0.499422 0.029032 0.865872 0.866928 0.857143
  19 -18.026809 0.218193 0.485372 0.491784 0.393446 0.776755 0.802348 0.857143
  19 -18.326213 -0.281307 0.617498 -0.754180 0.045586 0.655083 0.861057 0.819961
female.bmp
  19 -18.326213 -0.281307 0.617498 -0.754180 0.045586 0.655083 0.861057 0.819961
  19 -18.026809 0.218193 0.485372 0.491784 0.393446 0.776755 0.802348 0.857143
  19 -18.324077 0.219179 0.428531 -0.703459 0.401857 0.586222 0.802348 0.818004
female.bmp
  19 -18.026809 0.218193 0.485372 0.491784 0.393446 0.776755 0.802348 0.857143
  19 -17.976623 0.598925 0.148586 0.527875 0.683457 0.504217 0.759295 0.857143
  19 -18.324077 0.219179 0.428531 -0.703459 0.401857 0.586222 0.802348 0.818004
female.bmp
  19 -18.324077 0.219179 0.428531 -0.703459 0.401857 0.586222 0.802348 0.818004
  19 -17.976623 0.598925 0.148586 0.527875 0.683457 0.504217 0.759295 0.857143
  19 -18.274990 0.609864 0.111741 -0.680299 0.646627 0.345061 0.759295 0.818004
female.bmp
  19 -17.976623 0.598925 0.148586 0.527875 0.683457 0.504217 0.759295 0.857143
  19 -17.914660 0.760192 -0.408417 0.573456 0.814969 -0.083512 0.714286 0.855186
  19 -18.274990 0.609864 0.111741 -0.680299 0.646627 0.345061 0.759295 0.818004
female.bmp
  19 -18.274990 0.609864 0.111741 -0.680299 0.646627 0.345061 0.759295 0.818004
  19 -17.914660 0.760192 -0.408417 0.573456 0.814969 -0.083512 0.714286 0.855186
  19 -18.225209 0.791063 -0.405840 -0.575014 0.804770 -0.147326 0.708415 0.816047
female.bmp
  19 -17.849218 -0.869538 -0.588968 0.638204 -0.727002 0.253306 0.908023 0.549902
  19 -17.838338 -0.409128 -0.757506 0.709748 0.684455 -0.166668 0.986301 0.549902
  19 -17.891775 -0.799540 -0.541120 0.277121 -0.028940 0.960399 0.911937 0.545988
female.bmp
  19 -17.891775 -0.799540 -0.541120 0.277121 -0.028940 0.960399 0.911937 0.545988
  19 -17.838338 -0.409128 -0.757506 0.709748 0.684455 -0.166668 0.986301 0.549902
  19 -17.871109 -0.409161 -0.709277 0.335830 0.723160 0.603538 0.982387 0.545988
female.bmp
  19 -17.838338 -0.409128 -0.757506 0.709748 0.684455 -0.166668 0.986301 0.549902
  19 -18.214944 -0.417880 -0.828865 -0.658840 0.644991 -0.387191 0.986301 0.481409
  19 -17.871109 -0.409161 -0.709277 0.335830 0.723160 0.603538 0.982387 0.545988
female.bmp
  19 -17.871109 -0.409161 -0.709277 0.335830 0.723160 0.603538 0.982387 0.545988
  19 -18.214944 -0.417880 -0.828865 -0.658840 0.644991 -0.387191 0.986301 0.481409
  19 -18.208341 -0.418055 -0.768396 -0.549987 0.708436 0.442305 0.982387 0.485323
female.bmp
  19 -18.214944 -0.417880 -0.828865 -0.658840 0.644991 -0.387191 0.986301 0.481409
  19 -18.246271 -0.848253 -0.651390 -0.732681 -0.667417 0.133164 0.908023 0.481409
  19 -18.208341 -0.418055 -0.768396 -0.549987 0.708436 0.442305 0.982387 0.485323
female.bmp
  19 -18.208341 -0.418055 -0.768396 -0.549987 0.708436 0.442305 0.982387 0.485323
  19 -18.246271 -0.848253 -0.651390 -0.732681 -0.667417 0.133164 0.908023 0.481409
  19 -18.228979 -0.798435 -0.600214 -0.613729 -0.113389 0.781332 0.911937 0.485323
female.bmp
  19 -18.246271 -0.848253 -0.651390 -0.732681 -0.667417 0.133164 0.908023 0.481409
  19 -17.849218 -0.869538 -0.588968 0.638204 -0.727002 0.253306 0.908023 0.549902
  19 -18.228979 -0.798435 -0.600214 -0.613729 -0.113389 0.781332 0.911937 0.485323
female.bmp
  19 -18.228979 -0.798435 -0.600214 -0.613729 -0.113389 0.781332 0.911937 0.485323
  19 -17.849218 -0.869538 -0.588968 0.638204 -0.727002 0.253306 0.908023 0.549902
  19 -17.891775 -0.799540 -0.541120 0.277121 -0.028940 0.960399 0.911937 0.545988
female.bmp
  19 -17.891775 -0.799540 -0.541120 0.277121 -0.028940 0.960399 0.911937 0.545988
  19 -17.871109 -0.409161 -0.709277 0.335830 0.723160 0.603538 0.982387 0.545988
  19 -17.940427 -0.749344 -0.563777 -0.331418 0.550925 0.765927 0.919765 0.538160
female.bmp
  19 -17.940427 -0.749344 -0.563777 -0.331418 0.550925 0.765927 0.919765 0.538160
  19 -17.871109 -0.409161 -0.709277 0.335830 0.723160 0.603538 0.982387 0.545988
  19 -17.912314 -0.459090 -0.691692 -0.378600 0.198449 0.904035 0.974560 0.538160
female.bmp
  19 -17.871109 -0.409161 -0.709277 0.335830 0.723160 0.603538 0.982387 0.545988
  19 -18.208341 -0.418055 -0.768396 -0.549987 0.708436 0.442305 0.982387 0.485323
  19 -17.912314 -0.459090 -0.691692 -0.378600 0.198449 0.904035 0.974560 0.538160
female.bmp
  19 -17.912314 -0.459090 -0.691692 -0.378600 0.198449 0.904035 0.974560 0.538160
  19 -18.208341 -0.418055 -0.768396 -0.549987 0.708436 0.442305 0.982387 0.485323
  19 -18.159660 -0.458252 -0.745715 0.024338 0.202812 0.978915 0.974560 0.493151
female.bmp
  19 -18.208341 -0.418055 -0.768396 -0.549987 0.708436 0.442305 0.982387 0.485323
  19 -18.228979 -0.798435 -0.600214 -0.613729 -0.113389 0.781332 0.911937 0.485323
  19 -18.159660 -0.458252 -0.745715 0.024338 0.202812 0.978915 0.974560 0.493151
female.bmp
  19 -18.159660 -0.458252 -0.745715 0.024338 0.202812 0.978915 0.974560 0.493151
  19 -18.228979 -0.798435 -0.600214 -0.613729 -0.113389 0.781332 0.911937 0.485323
  19 -18.178382 -0.758559 -0.607277 0.019336 0.559203 0.828805 0.919765 0.493151
female.bmp
  19 -18.228979 -0.798435 -0.600214 -0.613729 -0.113389 0.781332 0.911937 0.485323
  19 -17.891775 -0.799540 -0.541120 0.277121 -0.028940 0.960399 0.911937 0.545988
  19 -18.178382 -0.758559 -0.607277 0.019336 0.559203 0.828805 0.919765 0.493151
female.bmp
  19 -18.178382 -0.758559 -0.607277 0.019336 0.559203 0.828805 0.919765 0.493151
  19 -17.891775 -0.799540 -0.541120 0.277121 -0.028940 0.960399 0.911937 0.545988
  19 -17.940427 -0.749344 -0.563777 -0.331418 0.550925 0.765927 0.919765 0.538160
female.bmp
  19 -17.940427 -0.749344 -0.563777 -0.331418 0.550925 0.765927 0.919765 0.538160
  19 -17.912314 -0.459090 -0.691692 -0.378600 0.198449 0.904035 0.974560 0.538160
  19 -17.946466 -0.749144 -0.634228 -0.658840 0.644991 -0.387191 0.923679 0.534247
female.bmp
  19 -17.946466 -0.749144 -0.634228 -0.658840 0.644991 -0.387191 0.923679 0.534247
  19 -17.912314 -0.459090 -0.691692 -0.378600 0.198449 0.904035 0.974560 0.538160
  19 -17.929576 -0.498910 -0.742843 -0.732681 -0.667417 0.133164 0.970646 0.534247
female.bmp
  19 -17.912314 -0.459090 -0.691692 -0.378600 0.198449 0.904035 0.974560 0.538160
  19 -18.159660 -0.458252 -0.745715 0.024338 0.202812 0.978915 0.974560 0.493151
  19 -17.929576 -0.498910 -0.742843 -0.732681 -0.667417 0.133164 0.970646 0.534247
female.bmp
  19 -17.929576 -0.498910 -0.742843 -0.732681 -0.667417 0.133164 0.970646 0.534247
  19 -18.159660 -0.458252 -0.745715 0.024338 0.202812 0.978915 0.974560 0.493151
  19 -18.127596 -0.508243 -0.784090 0.657974 -0.645727 0.387438 0.970646 0.497065
female.bmp
  19 -18.159660 -0.458252 -0.745715 0.024338 0.202812 0.978915 0.974560 0.493151
  19 -18.178382 -0.758559 -0.607277 0.019336 0.559203 0.828805 0.919765 0.493151
  19 -18.127596 -0.508243 -0.784090 0.657974 -0.645727 0.387438 0.970646 0.497065
female.bmp
  19 -18.127596 -0.508243 -0.784090 0.657974 -0.645727 0.387438 0.970646 0.497065
  19 -18.178382 -0.758559 -0.607277 0.019336 0.559203 0.828805 0.919765 0.493151
  19 -18.145048 -0.758502 -0.665491 0.731885 0.668229 -0.133470 0.923679 0.497065
female.bmp
  19 -18.178382 -0.758559 -0.607277 0.019336 0.559203 0.828805 0.919765 0.493151
  19 -17.940427 -0.749344 -0.563777 -0.331418 0.550925 0.765927 0.919765 0.538160
  19 -18.145048 -0.758502 -0.665491 0.731885 0.668229 -0.133470 0.923679 0.497065
female.bmp
  19 -18.145048 -0.758502 -0.665491 0.731885 0.668229 -0.133470 0.923679 0.497065
  19 -17.940427 -0.749344 -0.563777 -0.331418 0.550925 0.765927 0.919765 0.538160
  19 -17.946466 -0.749144 -0.634228 -0.658840 0.644991 -0.387191 0.923679 0.534247
female.bmp
  19 -17.946466 -0.749144 -0.634228 -0.658840 0.644991 -0.387191 0.898239 0.974560
  19 -17.929576 -0.498910 -0.742843 -0.732681 -0.667417 0.133164 0.951076 0.974560
  19 -17.914401 -0.799137 -0.672603 -0.027845 -0.205301 -0.978303 0.896282 0.978474
female.bmp
  19 -17.914401 -0.799137 -0.672603 -0.027845 -0.205301 -0.978303 0.896282 0.978474
  19 -17.929576 -0.498910 -0.742843 -0.732681 -0.667417 0.133164 0.951076 0.974560
  19 -17.896243 -0.498854 -0.801057 -0.022504 -0.556724 -0.830393 0.956947 0.978474
female.bmp
  19 -17.929576 -0.498910 -0.742843 -0.732681 -0.667417 0.133164 0.951076 0.974560
  19 -18.127596 -0.508243 -0.784090 0.657974 -0.645727 0.387438 0.951076 0.933464
  19 -17.896243 -0.498854 -0.801057 -0.022504 -0.556724 -0.830393 0.956947 0.978474
female.bmp
  19 -17.896243 -0.498854 -0.801057 -0.022504 -0.556724 -0.830393 0.956947 0.978474
  19 -18.127596 -0.508243 -0.784090 0.657974 -0.645727 0.387438 0.951076 0.933464
  19 -18.144183 -0.508038 -0.845121 0.327942 -0.553453 -0.765601 0.956947 0.929550
female.bmp
  19 -18.127596 -0.508243 -0.784090 0.657974 -0.645727 0.387438 0.951076 0.933464
  19 -18.145048 -0.758502 -0.665491 0.731885 0.668229 -0.133470 0.898239 0.933464
  19 -18.144183 -0.508038 -0.845121 0.327942 -0.553453 -0.765601 0.956947 0.929550
female.bmp
  19 -18.144183 -0.508038 -0.845121 0.327942 -0.553453 -0.765601 0.956947 0.929550
  19 -18.145048 -0.758502 -0.665491 0.731885 0.668229 -0.133470 0.898239 0.933464
  19 -18.162312 -0.798322 -0.716642 0.375454 -0.196160 -0.905845 0.894325 0.929550
female.bmp
  19 -18.145048 -0.758502 -0.665491 0.731885 0.668229 -0.133470 0.898239 0.933464
  19 -17.946466 -0.749144 -0.634228 -0.658840 0.644991 -0.387191 0.898239 0.974560
  19 -18.162312 -0.798322 -0.716642 0.375454 -0.196160 -0.905845 0.894325 0.929550
female.bmp
  19 -18.162312 -0.798322 -0.716642 0.375454 -0.196160 -0.905845 0.894325 0.929550
  19 -17.946466 -0.749144 -0.634228 -0.658840 0.644991 -0.387191 0.898239 0.974560
  19 -17.914401 -0.799137 -0.672603 -0.027845 -0.205301 -0.978303 0.896282 0.978474
female.bmp
  19 -17.914401 -0.799137 -0.672603 -0.027845 -0.205301 -0.978303 0.896282 0.978474
  19 -17.896243 -0.498854 -0.801057 -0.022504 -0.556724 -0.830393 0.956947 0.978474
  19 -17.876268 -0.839328 -0.640500 0.410041 -0.596295 -0.690144 0.886497 0.988258
female.bmp
  19 -17.876268 -0.839328 -0.640500 0.410041 -0.596295 -0.690144 0.886497 0.988258
  19 -17.896243 -0.498854 -0.801057 -0.022504 -0.556724 -0.830393 0.956947 0.978474
  19 -17.845646 -0.458978 -0.808120 0.590420 0.137123 -0.795363 0.966732 0.988258
female.bmp
  19 -17.896243 -0.498854 -0.801057 -0.022504 -0.556724 -0.830393 0.956947 0.978474
  19 -18.144183 -0.508038 -0.845121 0.327942 -0.553453 -0.765601 0.956947 0.929550
  19 -17.845646 -0.458978 -0.808120 0.590420 0.137123 -0.795363 0.966732 0.988258
female.bmp
  19 -17.845646 -0.458978 -0.808120 0.590420 0.137123 -0.795363 0.966732 0.988258
  19 -18.144183 -0.508038 -0.845121 0.327942 -0.553453 -0.765601 0.956947 0.929550
  19 -18.182851 -0.457871 -0.867214 -0.291840 0.113148 -0.949751 0.964775 0.919765
female.bmp
  19 -18.144183 -0.508038 -0.845121 0.327942 -0.553453 -0.765601 0.956947 0.929550
  19 -18.162312 -0.798322 -0.716642 0.375454 -0.196160 -0.905845 0.894325 0.929550
  19 -18.182851 -0.457871 -0.867214 -0.291840 0.113148 -0.949751 0.964775 0.919765
female.bmp
  19 -18.182851 -0.457871 -0.867214 -0.291840 0.113148 -0.949751 0.964775 0.919765
  19 -18.162312 -0.798322 -0.716642 0.375454 -0.196160 -0.905845 0.894325 0.929550
  19 -18.212937 -0.848198 -0.709605 -0.335974 -0.722426 -0.604336 0.886497 0.921722
female.bmp
  19 -18.162312 -0.798322 -0.716642 0.375454 -0.196160 -0.905845 0.894325 0.929550
  19 -17.914401 -0.799137 -0.672603 -0.027845 -0.205301 -0.978303 0.896282 0.978474
  19 -18.212937 -0.848198 -0.709605 -0.335974 -0.722426 -0.604336 0.886497 0.921722
female.bmp
  19 -18.212937 -0.848198 -0.709605 -0.335974 -0.722426 -0.604336 0.886497 0.921722
  19 -17.914401 -0.799137 -0.672603 -0.027845 -0.205301 -0.978303 0.896282 0.978474
  19 -17.876268 -0.839328 -0.640500 0.410041 -0.596295 -0.690144 0.886497 0.988258
female.bmp
  19 -17.876268 -0.839328 -0.640500 0.410041 -0.596295 -0.690144 0.886497 0.988258
  19 -17.845646 -0.458978 -0.808120 0.590420 0.137123 -0.795363 0.966732 0.988258
  19 -17.849218 -0.869538 -0.588968 0.638204 -0.727002 0.253306 0.880626 0.992172
female.bmp
  19 -17.849218 -0.869538 -0.588968 0.638204 -0.727002 0.253306 0.880626 0.992172
  19 -17.845646 -0.458978 -0.808120 0.590420 0.137123 -0.795363 0.966732 0.988258
  19 -17.838338 -0.409128 -0.757506 0.709748 0.684455 -0.166668 0.968689 0.992172
female.bmp
  19 -17.845646 -0.458978 -0.808120 0.590420 0.137123 -0.795363 0.966732 0.988258
  19 -18.182851 -0.457871 -0.867214 -0.291840 0.113148 -0.949751 0.964775 0.919765
  19 -17.838338 -0.409128 -0.757506 0.709748 0.684455 -0.166668 0.968689 0.992172
female.bmp
  19 -17.838338 -0.409128 -0.757506 0.709748 0.684455 -0.166668 0.968689 0.992172
  19 -18.182851 -0.457871 -0.867214 -0.291840 0.113148 -0.949751 0.964775 0.919765
  19 -18.214944 -0.417880 -0.828865 -0.658840 0.644991 -0.387191 0.968689 0.915851
female.bmp
  19 -18.182851 -0.457871 -0.867214 -0.291840 0.113148 -0.949751 0.964775 0.919765
  19 -18.212937 -0.848198 -0.709605 -0.335974 -0.722426 -0.604336 0.886497 0.921722
  19 -18.214944 -0.417880 -0.828865 -0.658840 0.644991 -0.387191 0.968689 0.915851
female.bmp
  19 -18.214944 -0.417880 -0.828865 -0.658840 0.644991 -0.387191 0.968689 0.915851
  19 -18.212937 -0.848198 -0.709605 -0.335974 -0.722426 -0.604336 0.886497 0.921722
  19 -18.246271 -0.848253 -0.651390 -0.732681 -0.667417 0.133164 0.880626 0.915851
female.bmp
  19 -18.212937 -0.848198 -0.709605 -0.335974 -0.722426 -0.604336 0.886497 0.921722
  19 -17.876268 -0.839328 -0.640500 0.410041 -0.596295 -0.690144 0.886497 0.988258
  19 -18.246271 -0.848253 -0.651390 -0.732681 -0.667417 0.133164 0.880626 0.915851
female.bmp
  19 -18.246271 -0.848253 -0.651390 -0.732681 -0.667417 0.133164 0.880626 0.915851
  19 -17.876268 -0.839328 -0.640500 0.410041 -0.596295 -0.690144 0.886497 0.988258
  19 -17.849218 -0.869538 -0.588968 0.638204 -0.727002 0.253306 0.880626 0.992172
female.bmp
  18 -5.890444 -2.213380 0.764490 -0.126824 -0.891846 0.434196 0.009785 0.726027
  18 -9.249536 -1.698463 -0.026371 -0.198002 -0.961904 -0.188507 0.054795 0.583170
  18 -5.864946 -2.293228 -0.025367 -0.128635 -0.969442 -0.208889 0.054795 0.722114
female.bmp
  18 -5.864946 -2.293228 -0.025367 -0.128635 -0.969442 -0.208889 0.054795 0.722114
  18 -9.249536 -1.698463 -0.026371 -0.198002 -0.961904 -0.188507 0.054795 0.583170
  18 -9.167634 -1.287877 -0.825878 -0.139162 -0.596637 -0.790353 0.099804 0.585127
female.bmp
  18 -9.249536 -1.698463 -0.026371 -0.198002 -0.961904 -0.188507 0.054795 0.583170
  18 -9.818759 -1.162730 -0.799918 -0.139162 -0.596637 -0.790353 0.099804 0.559687
  18 -9.167634 -1.287877 -0.825878 -0.139162 -0.596637 -0.790353 0.099804 0.585127
female.bmp
  18 -9.167634 -1.287877 -0.825878 -0.139162 -0.596637 -0.790353 0.099804 0.585127
  18 -9.818759 -1.162730 -0.799918 -0.139162 -0.596637 -0.790353 0.099804 0.559687
  18 -8.983278 -0.356486 -1.034738 -0.013029 0.172906 -0.984852 0.176125 0.589041
female.bmp
  18 -9.818759 -1.162730 -0.799918 -0.139162 -0.596637 -0.790353 0.099804 0.559687
  18 -9.714387 -0.241935 -0.999274 0.038279 0.165474 -0.985471 0.176125 0.557730
  18 -8.983278 -0.356486 -1.034738 -0.013029 0.172906 -0.984852 0.176125 0.589041
female.bmp
  18 -8.983278 -0.356486 -1.034738 -0.013029 0.172906 -0.984852 0.176125 0.589041
  18 -9.714387 -0.241935 -0.999274 0.038279 0.165474 -0.985471 0.176125 0.557730
  18 -8.803191 0.514908 -0.483609 0.100226 0.800847 -0.590422 0.232877 0.596869
female.bmp
  18 -9.714387 -0.241935 -0.999274 0.038279 0.165474 -0.985471 0.176125 0.557730
  18 -9.634730 0.678711 -0.438769 0.100226 0.800847 -0.590422 0.234834 0.561644
  18 -8.803191 0.514908 -0.483609 0.100226 0.800847 -0.590422 0.232877 0.596869
female.bmp
  18 -8.803191 0.514908 -0.483609 0.100226 0.800847 -0.590422 0.232877 0.596869
  18 -9.634730 0.678711 -0.438769 0.100226 0.800847 -0.590422 0.234834 0.561644
  18 -8.810827 0.764901 0.446361 0.155112 0.980549 0.120266 0.289628 0.598826
female.bmp
  14 23.130318 2.300629 0.204026 0.651286 0.463943 0.600486 0.544031 0.273973
  14 23.133133 2.181100 0.224141 0.388203 -0.328728 0.860951 0.571429 0.295499
  14 23.196510 2.181238 0.156441 0.907027 -0.264956 0.327263 0.571429 0.277886
female.bmp
  14 23.196510 2.181238 0.156441 0.907027 -0.264956 0.327263 0.571429 0.277886
  14 23.133133 2.181100 0.224141 0.388203 -0.328728 0.860951 0.571429 0.295499
  14 23.129743 2.111392 0.148448 0.543126 -0.764804 0.346538 0.583170 0.317025
female.bmp
  14 23.133133 2.181100 0.224141 0.388203 -0.328728 0.860951 0.571429 0.295499
  14 22.842071 2.046513 0.215793 0.165636 -0.284012 0.944406 0.565558 0.363992
  14 23.129743 2.111392 0.148448 0.543126 -0.764804 0.346538 0.583170 0.317025
female.bmp
  14 23.129743 2.111392 0.148448 0.543126 -0.764804 0.346538 0.583170 0.317025
  14 22.842071 2.046513 0.215793 0.165636 -0.284012 0.944406 0.565558 0.363992
  13 22.539548 1.892693 0.240343 0.168034 -0.426917 0.888542 0.565558 0.424658
female.bmp
  14 22.842071 2.046513 0.215793 0.165636 -0.284012 0.944406 0.565558 0.363992
  13 22.505998 2.049448 0.241978 -0.133785 0.293037 0.946695 0.542074 0.420744
  13 22.539548 1.892693 0.240343 0.168034 -0.426917 0.888542 0.565558 0.424658
female.bmp
  13 22.539548 1.892693 0.240343 0.168034 -0.426917 0.888542 0.565558 0.424658
  13 22.505998 2.049448 0.241978 -0.133785 0.293037 0.946695 0.542074 0.420744
  12 21.752832 1.715762 0.154347 -0.198647 0.239570 0.950340 0.540117 0.551859
female.bmp
  13 22.505998 2.049448 0.241978 -0.133785 0.293037 0.946695 0.542074 0.420744
  13 22.436998 2.146759 0.138685 -0.332207 0.789214 0.516508 0.518591 0.422701
  12 21.752832 1.715762 0.154347 -0.198647 0.239570 0.950340 0.540117 0.551859
female.bmp
  5 24.294807 1.096996 -0.042491 0.798338 -0.017703 -0.601950 0.534247 0.618395
  5 24.259561 0.956084 -0.014179 0.603779 -0.689102 -0.400737 0.514677 0.626223
  5 23.996987 0.994225 -0.193624 0.197346 -0.198603 -0.960006 0.530333 0.643836
female.bmp
  5 23.996987 0.994225 -0.193624 0.197346 -0.198603 -0.960006 0.530333 0.643836
  5 24.259561 0.956084 -0.014179 0.603779 -0.689102 -0.400737 0.514677 0.626223
  5 23.513097 0.797487 -0.097474 0.142069 -0.775354 -0.615339 0.516634 0.731898
female.bmp
  5 24.259561 0.956084 -0.014179 0.603779 -0.689102 -0.400737 0.514677 0.626223
  4 23.474351 0.749303 0.140374 0.203886 -0.946444 0.250350 0.497065 0.741683
  5 23.513097 0.797487 -0.097474 0.142069 -0.775354 -0.615339 0.516634 0.731898
female.bmp
  5 23.513097 0.797487 -0.097474 0.142069 -0.775354 -0.615339 0.516634 0.731898
  4 23.474351 0.749303 0.140374 0.203886 -0.946444 0.250350 0.497065 0.741683
  4 23.369551 0.768387 -0.098900 0.147183 -0.752433 -0.642014 0.514677 0.753425
female.bmp
  4 23.474351 0.749303 0.140374 0.203886 -0.946444 0.250350 0.497065 0.741683
  4 22.428570 0.520211 0.159294 0.333099 -0.911900 0.239756 0.500978 0.827789
  4 23.369551 0.768387 -0.098900 0.147183 -0.752433 -0.642014 0.514677 0.753425
female.bmp
  4 23.369551 0.768387 -0.098900 0.147183 -0.752433 -0.642014 0.514677 0.753425
  4 22.428570 0.520211 0.159294 0.333099 -0.911900 0.239756 0.500978 0.827789
  3 22.341404 0.556324 -0.108561 0.148103 -0.711369 -0.687037 0.518591 0.831703
female.bmp
  4 22.428570 0.520211 0.159294 0.333099 -0.911900 0.239756 0.500978 0.827789
  3 22.328451 0.477954 0.182454 0.856704 -0.504258 0.108545 0.497065 0.841487
  3 22.341404 0.556324 -0.108561 0.148103 -0.711369 -0.687037 0.518591 0.831703
female.bmp
  17 20.405614 -4.126791 0.337069 0.778787 -0.360384 0.513434 0.636008 0.878669
  17 20.185232 -4.256536 0.271510 -0.029320 -0.973536 0.226645 0.602740 0.864971
  17 20.367976 -4.264662 0.165970 0.594819 -0.797758 -0.098858 0.602740 0.853229
female.bmp
  17 20.367976 -4.264662 0.165970 0.594819 -0.797758 -0.098858 0.602740 0.853229
  17 20.185232 -4.256536 0.271510 -0.029320 -0.973536 0.226645 0.602740 0.864971
  17 20.233938 -4.222682 0.002657 0.076040 -0.698644 -0.711417 0.567515 0.876712
female.bmp
  17 20.185232 -4.256536 0.271510 -0.029320 -0.973536 0.226645 0.602740 0.864971
  17 20.080393 -4.205855 0.088917 -0.741440 -0.619160 -0.258667 0.581213 0.880626
  17 20.233938 -4.222682 0.002657 0.076040 -0.698644 -0.711417 0.567515 0.876712
female.bmp
  17 20.233938 -4.222682 0.002657 0.076040 -0.698644 -0.711417 0.567515 0.876712
  17 20.080393 -4.205855 0.088917 -0.741440 -0.619160 -0.258667 0.581213 0.880626
  17 20.082489 -3.674050 -0.160642 -0.446671 -0.304394 -0.841326 0.553816 0.921722
female.bmp
  17 20.080393 -4.205855 0.088917 -0.741440 -0.619160 -0.258667 0.581213 0.880626
  17 19.976826 -3.684001 0.006799 -0.939206 -0.300897 -0.165390 0.581213 0.925636
  17 20.082489 -3.674050 -0.160642 -0.446671 -0.304394 -0.841326 0.553816 0.921722
female.bmp
  17 20.082489 -3.674050 -0.160642 -0.446671 -0.304394 -0.841326 0.553816 0.921722
  17 19.976826 -3.684001 0.006799 -0.939206 -0.300897 -0.165390 0.581213 0.925636
  17 19.911449 -3.172477 -0.224433 -0.578359 -0.286521 -0.763810 0.549902 0.982387
female.bmp
  17 19.976826 -3.684001 0.006799 -0.939206 -0.300897 -0.165390 0.581213 0.925636
  17 19.816130 -3.220760 -0.006757 -0.938111 -0.319000 -0.134855 0.577299 0.980431
  17 19.911449 -3.172477 -0.224433 -0.578359 -0.286521 -0.763810 0.549902 0.982387
female.bmp
  17 20.169894 -3.623494 0.331704 -0.298057 -0.072225 0.951812 0.620352 0.923679
  17 20.283275 -4.142444 0.404064 0.034247 -0.384695 0.922408 0.618395 0.878669
  17 20.364167 -3.575173 0.336532 0.537550 0.067301 0.840542 0.647750 0.921722
female.bmp
  17 20.169894 -3.623494 0.331704 -0.298057 -0.072225 0.951812 0.620352 0.923679
  17 20.140430 -4.248997 0.300422 -0.560134 -0.639378 0.526731 0.602740 0.870841
  17 20.283275 -4.142444 0.404064 0.034247 -0.384695 0.922408 0.618395 0.878669
female.bmp
  17 20.169894 -3.623494 0.331704 -0.298057 -0.072225 0.951812 0.620352 0.923679
  17 20.037751 -3.695533 0.218353 -0.777373 -0.297333 0.554333 0.600783 0.921722
  17 20.140430 -4.248997 0.300422 -0.560134 -0.639378 0.526731 0.602740 0.870841
female.bmp
  17 20.169894 -3.623494 0.331704 -0.298057 -0.072225 0.951812 0.620352 0.923679
  17 19.998108 -3.634328 0.227434 -0.757815 -0.394809 0.519464 0.600783 0.929550
  17 20.037751 -3.695533 0.218353 -0.777373 -0.297333 0.554333 0.600783 0.921722
female.bmp
  17 20.169894 -3.623494 0.331704 -0.298057 -0.072225 0.951812 0.620352 0.923679
  17 19.983435 -3.115349 0.387575 -0.336086 -0.164710 0.927317 0.620352 0.984344
  17 19.998108 -3.634328 0.227434 -0.757815 -0.394809 0.519464 0.600783 0.929550
female.bmp
  17 20.169894 -3.623494 0.331704 -0.298057 -0.072225 0.951812 0.620352 0.923679
  17 20.245183 -3.046748 0.374077 0.385520 0.011455 0.922628 0.651663 0.982387
  17 19.983435 -3.115349 0.387575 -0.336086 -0.164710 0.927317 0.620352 0.984344
female.bmp
  17 20.169894 -3.623494 0.331704 -0.298057 -0.072225 0.951812 0.620352 0.923679
  17 20.364167 -3.575173 0.336532 0.537550 0.067301 0.840542 0.647750 0.921722
  17 20.245183 -3.046748 0.374077 0.385520 0.011455 0.922628 0.651663 0.982387
female.bmp
  8 24.826624 -0.214277 0.242441 0.981136 -0.020671 0.192213 0.544031 0.266145
  8 24.801051 -0.094627 0.185608 0.865059 0.491795 -0.099047 0.522505 0.272016
  8 24.763922 -0.178300 0.323522 0.833967 0.138308 0.534201 0.544031 0.273973
female.bmp
  8 24.763922 -0.178300 0.323522 0.833967 0.138308 0.534201 0.544031 0.273973
  8 24.801051 -0.094627 0.185608 0.865059 0.491795 -0.099047 0.522505 0.272016
  8 24.738349 -0.058651 0.266689 0.391095 0.834450 0.388249 0.518591 0.295499
female.bmp
  8 24.801051 -0.094627 0.185608 0.865059 0.491795 -0.099047 0.522505 0.272016
  8 24.703204 -0.038074 0.155147 0.332463 0.912988 -0.236476 0.504892 0.313112
  8 24.738349 -0.058651 0.266689 0.391095 0.834450 0.388249 0.518591 0.295499
female.bmp
  8 24.738349 -0.058651 0.266689 0.391095 0.834450 0.388249 0.518591 0.295499
  8 24.703204 -0.038074 0.155147 0.332463 0.912988 -0.236476 0.504892 0.313112
  8 24.320244 -0.015543 0.228864 0.017023 0.885780 0.463793 0.516634 0.363992
female.bmp
  8 24.703204 -0.038074 0.155147 0.332463 0.912988 -0.236476 0.504892 0.313112
  7 23.888321 0.026729 0.023146 0.070758 0.951248 -0.300200 0.504892 0.432485
  8 24.320244 -0.015543 0.228864 0.017023 0.885780 0.463793 0.516634 0.363992
female.bmp
  8 24.320244 -0.015543 0.228864 0.017023 0.885780 0.463793 0.516634 0.363992
  7 23.888321 0.026729 0.023146 0.070758 0.951248 -0.300200 0.504892 0.432485
  7 23.874208 -0.004966 0.198634 0.006070 0.866319 0.499455 0.518591 0.422701
female.bmp
  7 23.888321 0.026729 0.023146 0.070758 0.951248 -0.300200 0.504892 0.432485
  7 22.724988 0.045562 0.147252 0.091310 0.870187 0.484187 0.518591 0.551859
  7 23.874208 -0.004966 0.198634 0.006070 0.866319 0.499455 0.518591 0.422701
female.bmp
  5 23.820414 1.234964 0.156042 -0.100094 0.895975 0.432677 0.516634 0.363992
  4 23.439363 1.068574 0.338723 0.013268 0.326794 0.945002 0.542074 0.420744
  5 23.825668 1.104721 0.256088 -0.265248 0.366773 0.891695 0.542074 0.367906
female.bmp
  5 23.820414 1.234964 0.156042 -0.100094 0.895975 0.432677 0.516634 0.363992
  4 23.382369 1.193869 0.196060 -0.105229 0.927505 0.358695 0.518591 0.422701
  4 23.439363 1.068574 0.338723 0.013268 0.326794 0.945002 0.542074 0.420744
female.bmp
  5 23.820414 1.234964 0.156042 -0.100094 0.895975 0.432677 0.516634 0.363992
  4 23.360885 1.176404 0.012665 -0.116210 0.926200 -0.358676 0.504892 0.432485
  4 23.382369 1.193869 0.196060 -0.105229 0.927505 0.358695 0.518591 0.422701
female.bmp
  5 23.820414 1.234964 0.156042 -0.100094 0.895975 0.432677 0.516634 0.363992
  5 24.196360 1.291901 0.084474 0.067016 0.954007 -0.292198 0.504892 0.313112
  4 23.360885 1.176404 0.012665 -0.116210 0.926200 -0.358676 0.504892 0.432485
female.bmp
  5 23.820414 1.234964 0.156042 -0.100094 0.895975 0.432677 0.516634 0.363992
  5 24.260256 1.294492 0.180447 0.192725 0.886456 0.420777 0.518591 0.295499
  5 24.196360 1.291901 0.084474 0.067016 0.954007 -0.292198 0.504892 0.313112
female.bmp
  5 23.820414 1.234964 0.156042 -0.100094 0.895975 0.432677 0.516634 0.363992
  5 24.324122 1.252975 0.236992 -0.114219 0.550792 0.826790 0.530333 0.289628
  5 24.260256 1.294492 0.180447 0.192725 0.886456 0.420777 0.518591 0.295499
female.bmp
  5 23.820414 1.234964 0.156042 -0.100094 0.895975 0.432677 0.516634 0.363992
  5 23.825668 1.104721 0.256088 -0.265248 0.366773 0.891695 0.542074 0.367906
  5 24.324122 1.252975 0.236992 -0.114219 0.550792 0.826790 0.530333 0.289628
female.bmp
  17 19.816130 -3.220760 -0.006757 -0.870909 -0.490229 -0.034549 0.561644 0.138943
  17 19.829260 -3.183606 0.273684 -0.441920 -0.759128 0.477944 0.549902 0.133072
  16 19.657591 -2.819534 -0.046697 -0.907145 -0.406750 -0.107903 0.581213 0.095890
female.bmp
  16 19.657591 -2.819534 -0.046697 -0.907145 -0.406750 -0.107903 0.581213 0.095890
  17 19.829260 -3.183606 0.273684 -0.441920 -0.759128 0.477944 0.549902 0.133072
  16 19.710121 -2.743503 0.235898 -0.728853 -0.322039 0.604206 0.563601 0.095890
female.bmp
  17 19.829260 -3.183606 0.273684 -0.441920 -0.759128 0.477944 0.549902 0.133072
  16 19.927322 -2.647103 0.392521 -0.282543 -0.170120 0.944049 0.544031 0.093933
  16 19.710121 -2.743503 0.235898 -0.728853 -0.322039 0.604206 0.563601 0.095890
female.bmp
  16 19.710121 -2.743503 0.235898 -0.728853 -0.322039 0.604206 0.563601 0.095890
  16 19.927322 -2.647103 0.392521 -0.282543 -0.170120 0.944049 0.544031 0.093933
  16 19.744505 -2.129008 0.507216 -0.194585 -0.291883 0.936451 0.559687 0.058708
female.bmp
  16 19.927322 -2.647103 0.392521 -0.282543 -0.170120 0.944049 0.544031 0.093933
  16 20.155418 -2.034217 0.488134 0.480403 -0.119830 0.868823 0.522505 0.052838
  16 19.744505 -2.129008 0.507216 -0.194585 -0.291883 0.936451 0.559687 0.058708
female.bmp
  16 19.744505 -2.129008 0.507216 -0.194585 -0.291883 0.936451 0.559687 0.058708
  16 20.155418 -2.034217 0.488134 0.480403 -0.119830 0.868823 0.522505 0.052838
  15 20.034850 -1.419985 0.616422 0.319880 -0.090624 0.943114 0.530333 0.005871
female.bmp
  16 20.155418 -2.034217 0.488134 0.480403 -0.119830 0.868823 0.522505 0.052838
  15 20.370275 -1.393722 0.396194 0.653481 -0.275186 0.705149 0.500978 0.011742
  15 20.034850 -1.419985 0.616422 0.319880 -0.090624 0.943114 0.530333 0.005871
female.bmp
  2 18.311074 -0.875410 0.554405 0.691093 -0.443398 0.570779 0.937378 0.821918
  2 18.342393 -0.246249 0.676369 0.762067 0.039391 0.646299 0.861057 0.819961
  2 18.044774 -0.285601 0.719660 -0.489093 0.031323 0.871669 0.866928 0.857143
female.bmp
  2 18.044774 -0.285601 0.719660 -0.489093 0.031323 0.871669 0.866928 0.857143
  2 18.342393 -0.246249 0.676369 0.762067 0.039391 0.646299 0.861057 0.819961
  2 18.033067 0.255480 0.553543 -0.479923 0.395795 0.782956 0.802348 0.857143
female.bmp
  2 18.342393 -0.246249 0.676369 0.762067 0.039391 0.646299 0.861057 0.819961
  2 18.328990 0.254961 0.490065 0.713064 0.396096 0.578487 0.802348 0.818004
  2 18.033067 0.255480 0.553543 -0.479923 0.395795 0.782956 0.802348 0.857143
female.bmp
  2 18.033067 0.255480 0.553543 -0.479923 0.395795 0.782956 0.802348 0.857143
  2 18.328990 0.254961 0.490065 0.713064 0.396096 0.578487 0.802348 0.818004
  2 17.986772 0.637773 0.208567 -0.517137 0.686439 0.511244 0.759295 0.857143
female.bmp
  2 18.328990 0.254961 0.490065 0.713064 0.396096 0.578487 0.802348 0.818004
  2 18.284299 0.647126 0.165090 0.688796 0.641368 0.337944 0.759295 0.818004
  2 17.986772 0.637773 0.208567 -0.517137 0.686439 0.511244 0.759295 0.857143
female.bmp
  2 17.986772 0.637773 0.208567 -0.517137 0.686439 0.511244 0.759295 0.857143
  2 18.284299 0.647126 0.165090 0.688796 0.641368 0.337944 0.759295 0.818004
  2 17.914098 0.801384 -0.336364 -0.568655 0.819081 -0.075744 0.714286 0.855186
female.bmp
  2 18.284299 0.647126 0.165090 0.688796 0.641368 0.337944 0.759295 0.818004
  2 18.224802 0.830453 -0.340629 0.578892 0.800927 -0.152973 0.708415 0.816047
  2 17.914098 0.801384 -0.336364 -0.568655 0.819081 -0.075744 0.714286 0.855186
female.bmp
  2 18.183115 -0.734352 -0.650664 0.485693 -0.434826 -0.758307 0.857143 0.377691
  2 17.871266 -0.416181 -0.711998 -0.773234 -0.161742 -0.613147 0.818004 0.422701
  2 18.177189 -0.406725 -0.776200 0.455804 -0.190207 -0.869519 0.816047 0.377691
female.bmp
  2 18.177189 -0.406725 -0.776200 0.455804 -0.190207 -0.869519 0.816047 0.377691
  2 17.871266 -0.416181 -0.711998 -0.773234 -0.161742 -0.613147 0.818004 0.422701
  2 18.195290 0.273528 -0.823395 0.589446 0.156688 -0.792466 0.710372 0.373777
female.bmp
  2 17.871266 -0.416181 -0.711998 -0.773234 -0.161742 -0.613147 0.818004 0.422701
  2 17.875435 0.254420 -0.808313 -0.698833 0.117935 -0.705495 0.726027 0.418787
  2 18.195290 0.273528 -0.823395 0.589446 0.156688 -0.792466 0.710372 0.373777
female.bmp
  2 18.195290 0.273528 -0.823395 0.589446 0.156688 -0.792466 0.710372 0.373777
  2 17.875435 0.254420 -0.808313 -0.698833 0.117935 -0.705495 0.726027 0.418787
  2 18.200527 0.612389 -0.641059 0.618001 0.505010 -0.602528 0.673190 0.373777
female.bmp
  2 17.875435 0.254420 -0.808313 -0.698833 0.117935 -0.705495 0.726027 0.418787
  2 17.889098 0.603383 -0.646639 -0.600168 0.537404 -0.592448 0.681018 0.418787
  2 18.200527 0.612389 -0.641059 0.618001 0.505010 -0.602528 0.673190 0.373777
female.bmp
  2 18.200527 0.612389 -0.641059 0.618001 0.505010 -0.602528 0.673190 0.373777
  2 17.889098 0.603383 -0.646639 -0.600168 0.537404 -0.592448 0.681018 0.418787
  2 17.914098 0.801384 -0.336364 -0.568655 0.819081 -0.075744 0.641879 0.416830
female.bmp
  2 17.889098 0.603383 -0.646639 -0.600168 0.537404 -0.592448 0.681018 0.418787
  2 17.904792 0.761346 -0.325857 -0.662605 0.748602 -0.023458 0.647750 0.422701
  2 17.914098 0.801384 -0.336364 -0.568655 0.819081 -0.075744 0.641879 0.416830
female.bmp
  2 17.513540 -0.295317 -0.672962 -0.659656 -0.497006 0.563772 0.181996 0.878669
  2 17.493570 0.204850 -0.688222 -0.825735 -0.112647 0.552696 0.168297 0.927593
  2 17.499607 -0.304970 -0.722082 -0.789659 -0.542025 -0.287483 0.185910 0.878669
female.bmp
  2 17.499607 -0.304970 -0.722082 -0.789659 -0.542025 -0.287483 0.185910 0.878669
  2 17.493570 0.204850 -0.688222 -0.825735 -0.112647 0.552696 0.168297 0.927593
  2 17.480547 0.235133 -0.727124 -0.871693 0.048809 -0.487615 0.172211 0.931507
female.bmp
  2 17.493570 0.204850 -0.688222 -0.825735 -0.112647 0.552696 0.168297 0.927593
  2 17.462731 0.584302 -0.583028 -0.864666 0.340899 -0.368973 0.150685 0.968689
  2 17.480547 0.235133 -0.727124 -0.871693 0.048809 -0.487615 0.172211 0.931507
female.bmp
  2 17.480547 0.235133 -0.727124 -0.871693 0.048809 -0.487615 0.172211 0.931507
  2 17.462731 0.584302 -0.583028 -0.864666 0.340899 -0.368973 0.150685 0.968689
  2 17.501882 0.604263 -0.596019 -0.243535 0.657852 -0.712686 0.154599 0.974560
female.bmp
  2 17.462731 0.584302 -0.583028 -0.864666 0.340899 -0.368973 0.150685 0.968689
  2 17.489242 0.762176 -0.252939 -0.851792 0.523130 0.028009 0.117417 0.984344
  2 17.501882 0.604263 -0.596019 -0.243535 0.657852 -0.712686 0.154599 0.974560
female.bmp
  2 17.501882 0.604263 -0.596019 -0.243535 0.657852 -0.712686 0.154599 0.974560
  2 17.489242 0.762176 -0.252939 -0.851792 0.523130 0.028009 0.117417 0.984344
  2 17.528393 0.782136 -0.265930 -0.228859 0.966849 -0.113251 0.117417 0.992172
female.bmp
  2 17.489242 0.762176 -0.252939 -0.851792 0.523130 0.028009 0.117417 0.984344
  2 17.585746 0.669000 0.210316 -0.079398 0.888197 0.452550 0.066536 0.976517
  2 17.528393 0.782136 -0.265930 -0.228859 0.966849 -0.113251 0.117417 0.992172
female.bmp
  2 17.513540 -0.295317 -0.672962 -0.659656 -0.497006 0.563772 0.810176 0.475538
  2 17.883656 -0.396400 -0.682754 -0.822533 -0.133302 -0.552874 0.814090 0.426614
  2 17.804345 -0.337005 -0.545706 -0.741796 0.079946 0.665844 0.812133 0.448141
female.bmp
  2 17.804345 -0.337005 -0.545706 -0.741796 0.079946 0.665844 0.812133 0.448141
  2 17.883656 -0.396400 -0.682754 -0.822533 -0.133302 -0.552874 0.814090 0.426614
  2 17.542043 -0.495325 -0.686532 -0.218800 0.326651 -0.919470 0.821918 0.475538
female.bmp
  2 17.883656 -0.396400 -0.682754 -0.822533 -0.133302 -0.552874 0.814090 0.426614
  2 17.893712 -0.707293 -0.545115 -0.639393 -0.364419 -0.677034 0.853229 0.426614
  2 17.542043 -0.495325 -0.686532 -0.218800 0.326651 -0.919470 0.821918 0.475538
female.bmp
  2 17.542043 -0.495325 -0.686532 -0.218800 0.326651 -0.919470 0.821918 0.475538
  2 17.893712 -0.707293 -0.545115 -0.639393 -0.364419 -0.677034 0.853229 0.426614
  2 17.567195 -0.845883 -0.610529 -0.357311 -0.521463 -0.774859 0.857143 0.475538
female.bmp
  2 17.893712 -0.707293 -0.545115 -0.639393 -0.364419 -0.677034 0.853229 0.426614
  2 17.909429 -0.968638 -0.337384 -0.628390 -0.651422 -0.425177 0.892368 0.424658
  2 17.567195 -0.845883 -0.610529 -0.357311 -0.521463 -0.774859 0.857143 0.475538
female.bmp
  2 17.567195 -0.845883 -0.610529 -0.357311 -0.521463 -0.774859 0.857143 0.475538
  2 17.909429 -0.968638 -0.337384 -0.628390 -0.651422 -0.425177 0.892368 0.424658
  2 17.597059 -1.027578 -0.353244 -0.124693 -0.846956 -0.516834 0.894325 0.475538
female.bmp
  2 17.909429 -0.968638 -0.337384 -0.628390 -0.651422 -0.425177 0.892368 0.424658
  2 17.601010 -1.189516 -0.043631 -0.091478 -0.969528 -0.227259 0.925636 0.473581
  2 17.597059 -1.027578 -0.353244 -0.124693 -0.846956 -0.516834 0.894325 0.475538
female.bmp
  2 17.691117 0.462964 -0.481455 -0.007300 0.683838 -0.729597 0.215264 0.029354
  1 16.120066 0.654165 -0.339908 0.086682 0.940373 -0.328916 0.248532 0.133072
  2 17.698035 0.581637 -0.270578 0.068459 0.993896 -0.086510 0.240705 0.031311
female.bmp
  2 17.698035 0.581637 -0.270578 0.068459 0.993896 -0.086510 0.240705 0.031311
  1 16.120066 0.654165 -0.339908 0.086682 0.940373 -0.328916 0.248532 0.133072
  1 16.185319 0.623750 0.109333 0.122180 0.934861 0.333327 0.281800 0.133072
female.bmp
  1 16.120066 0.654165 -0.339908 0.086682 0.940373 -0.328916 0.248532 0.133072
  1 14.077770 0.961590 0.095085 0.117303 0.983538 0.137451 0.277886 0.246575
  1 16.185319 0.623750 0.109333 0.122180 0.934861 0.333327 0.281800 0.133072
female.bmp
  1 16.185319 0.623750 0.109333 0.122180 0.934861 0.333327 0.281800 0.133072
  1 14.077770 0.961590 0.095085 0.117303 0.983538 0.137451 0.277886 0.246575
  1 14.123156 0.541414 0.824669 0.142791 0.633502 0.760451 0.332681 0.244618
female.bmp
  1 14.077770 0.961590 0.095085 0.117303 0.983538 0.137451 0.277886 0.246575
  1 12.716204 0.663376 1.001896 0.105430 0.621483 0.776301 0.336595 0.360078
  1 14.123156 0.541414 0.824669 0.142791 0.633502 0.760451 0.332681 0.244618
female.bmp
  1 14.123156 0.541414 0.824669 0.142791 0.633502 0.760451 0.332681 0.244618
  1 12.716204 0.663376 1.001896 0.105430 0.621483 0.776301 0.336595 0.360078
  1 12.722412 -0.146628 1.252002 0.089334 0.072463 0.993362 0.385519 0.358121
female.bmp
  1 12.716204 0.663376 1.001896 0.105430 0.621483 0.776301 0.336595 0.360078
  1 9.695279 0.019036 1.399068 0.027306 0.083907 0.996099 0.381605 0.536204
  1 12.722412 -0.146628 1.252002 0.089334 0.072463 0.993362 0.385519 0.358121
female.bmp
  1 5.598281 0.207152 -0.444136 -0.120894 0.814842 -0.566937 0.232877 0.726027
  1 8.977380 -0.285028 -0.986486 0.010582 0.172806 -0.984899 0.176125 0.589041
  1 5.670749 -0.693899 -1.104858 -0.039731 0.201396 -0.978704 0.176125 0.720157
female.bmp
  1 5.670749 -0.693899 -1.104858 -0.039731 0.201396 -0.978704 0.176125 0.720157
  1 8.977380 -0.285028 -0.986486 0.010582 0.172806 -0.984899 0.176125 0.589041
  1 9.157785 -1.217322 -0.778201 0.133524 -0.597350 -0.790787 0.099804 0.585127
female.bmp
  1 8.977380 -0.285028 -0.986486 0.010582 0.172806 -0.984899 0.176125 0.589041
  1 9.809611 -1.095426 -0.754436 0.133524 -0.597350 -0.790787 0.099804 0.559687
  1 9.157785 -1.217322 -0.778201 0.133524 -0.597350 -0.790787 0.099804 0.585127
female.bmp
  1 9.157785 -1.217322 -0.778201 0.133524 -0.597350 -0.790787 0.099804 0.585127
  1 9.809611 -1.095426 -0.754436 0.133524 -0.597350 -0.790787 0.099804 0.559687
  1 9.240322 -1.628285 0.021047 0.192563 -0.962887 -0.189124 0.054795 0.583170
female.bmp
  1 9.809611 -1.095426 -0.754436 0.133524 -0.597350 -0.790787 0.099804 0.559687
  1 9.811737 -1.485395 -0.024422 0.123091 -0.970079 -0.209272 0.054795 0.559687
  1 9.240322 -1.628285 0.021047 0.192563 -0.962887 -0.189124 0.054795 0.583170
female.bmp
  1 9.240322 -1.628285 0.021047 0.192563 -0.962887 -0.189124 0.054795 0.583170
  1 9.811737 -1.485395 -0.024422 0.123091 -0.970079 -0.209272 0.054795 0.559687
  1 9.268492 -1.548539 0.770812 0.192194 -0.884548 0.425013 0.009785 0.589041
female.bmp
  1 9.811737 -1.485395 -0.024422 0.123091 -0.970079 -0.209272 0.054795 0.559687
  1 9.810073 -1.415274 0.755630 0.123829 -0.892453 0.433812 0.009785 0.563601
  1 9.268492 -1.548539 0.770812 0.192194 -0.884548 0.425013 0.009785 0.589041
female.bmp
  30 -22.515578 1.759544 0.053325 -0.415152 -0.855630 0.309104 0.585127 0.434442
  30 -22.548677 1.877295 0.162593 -0.193744 -0.413637 0.889588 0.565558 0.424658
  31 -23.127662 2.085365 0.060092 -0.551263 -0.761105 0.341801 0.583170 0.317025
female.bmp
  31 -23.127662 2.085365 0.060092 -0.551263 -0.761105 0.341801 0.583170 0.317025
  30 -22.548677 1.877295 0.162593 -0.193744 -0.413637 0.889588 0.565558 0.424658
  31 -22.850990 2.026764 0.136370 -0.193441 -0.269871 0.943266 0.565558 0.363992
female.bmp
  30 -22.548677 1.877295 0.162593 -0.193744 -0.413637 0.889588 0.565558 0.424658
  30 -22.519965 2.025511 0.165319 0.104160 0.308113 0.945631 0.542074 0.420744
  31 -22.850990 2.026764 0.136370 -0.193441 -0.269871 0.943266 0.565558 0.363992
female.bmp
  31 -22.850990 2.026764 0.136370 -0.193441 -0.269871 0.943266 0.565558 0.363992
  30 -22.519965 2.025511 0.165319 0.104160 0.308113 0.945631 0.542074 0.420744
  31 -22.752615 2.141141 0.142730 0.107927 0.379633 0.918820 0.542074 0.367906
female.bmp
  30 -22.519965 2.025511 0.165319 0.104160 0.308113 0.945631 0.542074 0.420744
  31 -22.757558 2.252503 0.040387 0.315832 0.854686 0.412022 0.516634 0.363992
  31 -22.752615 2.141141 0.142730 0.107927 0.379633 0.918820 0.542074 0.367906
female.bmp
  31 -22.752615 2.141141 0.142730 0.107927 0.379633 0.918820 0.542074 0.367906
  31 -22.757558 2.252503 0.040387 0.315832 0.854686 0.412022 0.516634 0.363992
  31 -23.136118 2.353156 0.091979 0.248282 0.635379 0.731197 0.530333 0.289628
female.bmp
  31 -22.757558 2.252503 0.040387 0.315832 0.854686 0.412022 0.516634 0.363992
  31 -23.062117 2.360296 0.045365 0.093446 0.926962 0.363332 0.518591 0.295499
  31 -23.136118 2.353156 0.091979 0.248282 0.635379 0.731197 0.530333 0.289628
female.bmp
  28 -24.032980 -1.597069 0.056120 -0.215410 -0.615151 0.758412 0.571429 0.295499
  28 -23.964282 -1.645200 -0.028520 -0.044183 -0.965551 0.256434 0.583170 0.317025
  28 -23.658709 -1.527091 0.076720 0.078125 -0.602730 0.794111 0.565558 0.363992
female.bmp
  28 -23.658709 -1.527091 0.076720 0.078125 -0.602730 0.794111 0.565558 0.363992
  28 -23.964282 -1.645200 -0.028520 -0.044183 -0.965551 0.256434 0.583170 0.317025
  27 -23.278856 -1.444789 0.115380 0.042636 -0.500047 0.864948 0.565558 0.424658
female.bmp
  28 -23.964282 -1.645200 -0.028520 -0.044183 -0.965551 0.256434 0.583170 0.317025
  27 -23.248568 -1.560317 -0.031031 0.147358 -0.958298 0.244850 0.585127 0.434442
  27 -23.278856 -1.444789 0.115380 0.042636 -0.500047 0.864948 0.565558 0.424658
female.bmp
  27 -23.278856 -1.444789 0.115380 0.042636 -0.500047 0.864948 0.565558 0.424658
  27 -23.248568 -1.560317 -0.031031 0.147358 -0.958298 0.244850 0.585127 0.434442
  27 -22.319104 -1.239783 0.161721 -0.011569 -0.492791 0.870071 0.565558 0.551859
female.bmp
  27 -23.248568 -1.560317 -0.031031 0.147358 -0.958298 0.244850 0.585127 0.434442
  27 -22.270875 -1.397264 -0.019590 0.129318 -0.952081 0.277161 0.590998 0.559687
  27 -22.319104 -1.239783 0.161721 -0.011569 -0.492791 0.870071 0.565558 0.551859
female.bmp
  27 -22.319104 -1.239783 0.161721 -0.011569 -0.492791 0.870071 0.565558 0.551859
  27 -22.270875 -1.397264 -0.019590 0.129318 -0.952081 0.277161 0.590998 0.559687
  26 -22.182545 -1.205712 0.194570 -0.087235 -0.473090 0.876685 0.567515 0.565558
female.bmp
  27 -22.270875 -1.397264 -0.019590 0.129318 -0.952081 0.277161 0.590998 0.559687
  26 -22.177863 -1.386047 -0.014612 0.080961 -0.957336 0.277403 0.590998 0.571429
  26 -22.182545 -1.205712 0.194570 -0.087235 -0.473090 0.876685 0.567515 0.565558
female.bmp
  34 -20.240066 -4.280890 0.255826 -0.002294 -0.975951 0.217976 0.602740 0.864971
  34 -20.287134 -4.236095 -0.011715 -0.091565 -0.689640 -0.718341 0.567515 0.876712
  34 -20.143030 -4.222814 0.075794 0.724249 -0.639263 -0.258469 0.581213 0.880626
female.bmp
  34 -20.143030 -4.222814 0.075794 0.724249 -0.639263 -0.258469 0.581213 0.880626
  34 -20.287134 -4.236095 -0.011715 -0.091565 -0.689640 -0.718341 0.567515 0.876712
  34 -20.113597 -3.688106 -0.164667 0.443988 -0.310452 -0.840532 0.553816 0.921722
female.bmp
  34 -20.287134 -4.236095 -0.011715 -0.091565 -0.689640 -0.718341 0.567515 0.876712
  34 -20.346944 -3.759509 -0.152390 -0.398632 -0.244072 -0.884037 0.544031 0.906067
  34 -20.113597 -3.688106 -0.164667 0.443988 -0.310452 -0.840532 0.553816 0.921722
female.bmp
  34 -20.113597 -3.688106 -0.164667 0.443988 -0.310452 -0.840532 0.553816 0.921722
  34 -20.346944 -3.759509 -0.152390 -0.398632 -0.244072 -0.884037 0.544031 0.906067
  34 -20.245107 -3.241954 -0.264930 -0.250139 -0.055523 -0.966617 0.530333 0.968689
female.bmp
  34 -20.346944 -3.759509 -0.152390 -0.398632 -0.244072 -0.884037 0.544031 0.906067
  34 -20.450986 -3.210717 -0.119197 -0.874732 0.012906 -0.484434 0.504892 0.958904
  34 -20.245107 -3.241954 -0.264930 -0.250139 -0.055523 -0.966617 0.530333 0.968689
female.bmp
  34 -20.245107 -3.241954 -0.264930 -0.250139 -0.055523 -0.966617 0.530333 0.968689
  34 -20.450986 -3.210717 -0.119197 -0.874732 0.012906 -0.484434 0.504892 0.958904
  33 -20.203070 -3.090695 -0.273830 -0.190734 -0.066215 -0.979406 0.512720 0.984344
female.bmp
  34 -20.450986 -3.210717 -0.119197 -0.874732 0.012906 -0.484434 0.504892 0.958904
  33 -20.359052 -3.061555 -0.218871 -0.573328 -0.146987 -0.806034 0.495108 0.982387
  33 -20.203070 -3.090695 -0.273830 -0.190734 -0.066215 -0.979406 0.512720 0.984344
female.bmp
  25 -24.699516 -0.417724 0.003889 -0.473754 -0.807154 -0.352221 0.514677 0.626223
  25 -23.931262 -0.433788 -0.135490 0.014091 -0.785337 -0.618908 0.516634 0.731898
  24 -23.863636 -0.471419 0.097089 0.002964 -0.978409 0.206656 0.497065 0.741683
female.bmp
  24 -23.863636 -0.471419 0.097089 0.002964 -0.978409 0.206656 0.497065 0.741683
  25 -23.931262 -0.433788 -0.135490 0.014091 -0.785337 -0.618908 0.516634 0.731898
  24 -23.747691 -0.414108 -0.145134 0.006783 -0.743321 -0.668900 0.514677 0.753425
female.bmp
  25 -23.931262 -0.433788 -0.135490 0.014091 -0.785337 -0.618908 0.516634 0.731898
  24 -23.754241 -0.196279 -0.219345 -0.026627 0.208322 -0.977698 0.547945 0.747554
  24 -23.747691 -0.414108 -0.145134 0.006783 -0.743321 -0.668900 0.514677 0.753425
female.bmp
  24 -23.747691 -0.414108 -0.145134 0.006783 -0.743321 -0.668900 0.514677 0.753425
  24 -23.754241 -0.196279 -0.219345 -0.026627 0.208322 -0.977698 0.547945 0.747554
  24 -22.726804 -0.410939 -0.158556 0.006783 -0.743321 -0.668900 0.518591 0.831703
female.bmp
  24 -23.754241 -0.196279 -0.219345 -0.026627 0.208322 -0.977698 0.547945 0.747554
  24 -22.723649 -0.161400 -0.232177 -0.026627 0.208322 -0.977698 0.547945 0.831703
  24 -22.726804 -0.410939 -0.158556 0.006783 -0.743321 -0.668900 0.518591 0.831703
female.bmp
  24 -22.726804 -0.410939 -0.158556 0.006783 -0.743321 -0.668900 0.518591 0.831703
  24 -22.723649 -0.161400 -0.232177 -0.026627 0.208322 -0.977698 0.547945 0.831703
  23 -22.573349 -0.401453 -0.162775 -0.079912 -0.716518 -0.692976 0.514677 0.843444
female.bmp
  24 -22.723649 -0.161400 -0.232177 -0.026627 0.208322 -0.977698 0.547945 0.831703
  23 -22.561116 -0.151976 -0.237683 -0.141855 0.219491 -0.965247 0.547945 0.841487
  23 -22.573349 -0.401453 -0.162775 -0.079912 -0.716518 -0.692976 0.514677 0.843444
female.bmp
  34 -20.217324 -3.638013 0.329936 0.287958 -0.089775 0.953426 0.620352 0.923679
  34 -20.410691 -3.585152 0.326083 -0.542063 0.076270 0.836870 0.647750 0.921722
  34 -20.342342 -4.156963 0.392871 -0.053495 -0.391642 0.918561 0.618395 0.878669
female.bmp
  34 -20.217324 -3.638013 0.329936 0.287958 -0.089775 0.953426 0.620352 0.923679
  34 -20.270709 -3.063997 0.373017 -0.392487 0.015067 0.919634 0.651663 0.982387
  34 -20.410691 -3.585152 0.326083 -0.542063 0.076270 0.836870 0.647750 0.921722
female.bmp
  34 -20.217324 -3.638013 0.329936 0.287958 -0.089775 0.953426 0.620352 0.923679
  34 -20.010613 -3.138932 0.384607 0.323338 -0.183160 0.928388 0.620352 0.984344
  34 -20.270709 -3.063997 0.373017 -0.392487 0.015067 0.919634 0.651663 0.982387
female.bmp
  34 -20.217324 -3.638013 0.329936 0.287958 -0.089775 0.953426 0.620352 0.923679
  34 -20.039310 -3.661097 0.215139 0.741141 -0.422438 0.521782 0.600783 0.929550
  34 -20.010613 -3.138932 0.384607 0.323338 -0.183160 0.928388 0.620352 0.984344
female.bmp
  34 -20.217324 -3.638013 0.329936 0.287958 -0.089775 0.953426 0.620352 0.923679
  34 -20.076964 -3.711900 0.214005 0.763386 -0.325919 0.557690 0.600783 0.921722
  34 -20.039310 -3.661097 0.215139 0.741141 -0.422438 0.521782 0.600783 0.929550
female.bmp
  34 -20.217324 -3.638013 0.329936 0.287958 -0.089775 0.953426 0.620352 0.923679
  34 -20.201592 -4.262831 0.285720 0.536024 -0.660892 0.525262 0.602740 0.870841
  34 -20.076964 -3.711900 0.214005 0.763386 -0.325919 0.557690 0.600783 0.921722
female.bmp
  34 -20.217324 -3.638013 0.329936 0.287958 -0.089775 0.953426 0.620352 0.923679
  34 -20.342342 -4.156963 0.392871 -0.053495 -0.391642 0.918561 0.618395 0.878669
  34 -20.201592 -4.262831 0.285720 0.536024 -0.660892 0.525262 0.602740 0.870841
female.bmp
  22 -23.822050 1.197461 0.096807 0.100174 0.895781 0.433060 0.516634 0.363992
  22 -23.826897 1.067142 0.196774 0.268043 0.367861 0.890411 0.542074 0.367906
  21 -23.439803 1.027340 0.271915 -0.010766 0.326039 0.945295 0.542074 0.420744
female.bmp
  22 -23.822050 1.197461 0.096807 0.100174 0.895781 0.433060 0.516634 0.363992
  22 -24.326007 1.212241 0.169666 0.116030 0.550312 0.826858 0.530333 0.289628
  22 -23.826897 1.067142 0.196774 0.268043 0.367861 0.890411 0.542074 0.367906
female.bmp
  22 -23.822050 1.197461 0.096807 0.100174 0.895781 0.433060 0.516634 0.363992
  22 -24.261867 1.256598 0.122565 -0.192669 0.885852 0.422073 0.518591 0.295499
  22 -24.326007 1.212241 0.169666 0.116030 0.550312 0.826858 0.530333 0.289628
female.bmp
  22 -23.822050 1.197461 0.096807 0.100174 0.895781 0.433060 0.516634 0.363992
  22 -24.198257 1.254130 0.026400 -0.069297 0.954138 -0.291238 0.504892 0.313112
  22 -24.261867 1.256598 0.122565 -0.192669 0.885852 0.422073 0.518591 0.295499
female.bmp
  22 -23.822050 1.197461 0.096807 0.100174 0.895781 0.433060 0.516634 0.363992
  21 -23.371160 1.143453 -0.035340 0.113763 0.926644 -0.358314 0.504892 0.432485
  22 -24.198257 1.254130 0.026400 -0.069297 0.954138 -0.291238 0.504892 0.313112
female.bmp
  22 -23.822050 1.197461 0.096807 0.100174 0.895781 0.433060 0.516634 0.363992
  21 -23.382884 1.155536 0.138776 0.105032 0.927375 0.359088 0.518591 0.422701
  21 -23.371160 1.143453 -0.035340 0.113763 0.926644 -0.358314 0.504892 0.432485
female.bmp
  22 -23.822050 1.197461 0.096807 0.100174 0.895781 0.433060 0.516634 0.363992
  21 -23.439803 1.027340 0.271915 -0.010766 0.326039 0.945295 0.542074 0.420744
  21 -23.382884 1.155536 0.138776 0.105032 0.927375 0.359088 0.518591 0.422701
female.bmp
  28 -23.744145 -1.523584 -0.397504 -0.034778 -0.338705 -0.940250 0.530333 0.643836
  28 -23.292860 -1.520090 -0.297854 0.098847 -0.752858 -0.650718 0.516634 0.731898
  28 -23.939279 -1.647980 -0.250031 -0.258306 -0.875542 -0.408295 0.514677 0.626223
female.bmp
  28 -23.939279 -1.647980 -0.250031 -0.258306 -0.875542 -0.408295 0.514677 0.626223
  28 -23.292860 -1.520090 -0.297854 0.098847 -0.752858 -0.650718 0.516634 0.731898
  27 -23.248568 -1.560317 -0.031031 0.147358 -0.958298 0.244850 0.497065 0.741683
female.bmp
  28 -23.292860 -1.520090 -0.297854 0.098847 -0.752858 -0.650718 0.516634 0.731898
  27 -23.124934 -1.499973 -0.320811 0.069121 -0.746813 -0.661432 0.514677 0.753425
  27 -23.248568 -1.560317 -0.031031 0.147358 -0.958298 0.244850 0.497065 0.741683
female.bmp
  27 -23.248568 -1.560317 -0.031031 0.147358 -0.958298 0.244850 0.497065 0.741683
  27 -23.124934 -1.499973 -0.320811 0.069121 -0.746813 -0.661432 0.514677 0.753425
  27 -22.270875 -1.397264 -0.019590 0.129318 -0.952081 0.277161 0.500978 0.827789
female.bmp
  27 -23.124934 -1.499973 -0.320811 0.069121 -0.746813 -0.661432 0.514677 0.753425
  27 -22.296181 -1.357219 -0.307090 0.126189 -0.751494 -0.647559 0.518591 0.831703
  27 -22.270875 -1.397264 -0.019590 0.129318 -0.952081 0.277161 0.500978 0.827789
female.bmp
  27 -22.270875 -1.397264 -0.019590 0.129318 -0.952081 0.277161 0.500978 0.827789
  27 -22.296181 -1.357219 -0.307090 0.126189 -0.751494 -0.647559 0.518591 0.831703
  26 -22.177863 -1.386047 -0.014612 0.080961 -0.957336 0.277403 0.497065 0.841487
female.bmp
  27 -22.296181 -1.357219 -0.307090 0.126189 -0.751494 -0.647559 0.518591 0.831703
  26 -22.155490 -1.355250 -0.290204 0.058806 -0.798231 -0.599474 0.514677 0.843444
  26 -22.177863 -1.386047 -0.014612 0.080961 -0.957336 0.277403 0.497065 0.841487
female.bmp
  20 -22.276030 0.983344 -0.047007 0.122278 0.925767 -0.357776 0.499022 0.557730
  20 -22.326890 0.988877 0.142421 0.031109 0.907629 0.418619 0.518591 0.551859
  20 -22.237202 0.976300 0.181123 -0.123493 0.859371 0.496216 0.516634 0.569472
female.bmp
  20 -22.237202 0.976300 0.181123 -0.123493 0.859371 0.496216 0.516634 0.569472
  20 -22.326890 0.988877 0.142421 0.031109 0.907629 0.418619 0.518591 0.551859
  20 -22.268335 0.822769 0.288637 -0.115641 0.401194 0.908664 0.540117 0.567515
female.bmp
  20 -22.326890 0.988877 0.142421 0.031109 0.907629 0.418619 0.518591 0.551859
  20 -22.366303 0.843300 0.269124 -0.058966 0.379712 0.923224 0.540117 0.551859
  20 -22.268335 0.822769 0.288637 -0.115641 0.401194 0.908664 0.540117 0.567515
female.bmp
  20 -22.268335 0.822769 0.288637 -0.115641 0.401194 0.908664 0.540117 0.567515
  20 -22.366303 0.843300 0.269124 -0.058966 0.379712 0.923224 0.540117 0.551859
  20 -22.301004 0.623960 0.315235 -0.421435 -0.248008 0.872287 0.567515 0.565558
female.bmp
  20 -22.366303 0.843300 0.269124 -0.058966 0.379712 0.923224 0.540117 0.551859
  20 -22.398544 0.645725 0.264126 -0.315826 -0.364603 0.875967 0.565558 0.551859
  20 -22.301004 0.623960 0.315235 -0.421435 -0.248008 0.872287 0.567515 0.565558
female.bmp
  20 -22.301004 0.623960 0.315235 -0.421435 -0.248008 0.872287 0.567515 0.565558
  20 -22.398544 0.645725 0.264126 -0.315826 -0.364603 0.875967 0.565558 0.551859
  20 -22.327495 0.445760 0.127504 -0.853206 -0.512268 0.098086 0.590998 0.571429
female.bmp
  20 -22.398544 0.645725 0.264126 -0.315826 -0.364603 0.875967 0.565558 0.551859
  21 -22.418946 0.480231 0.098929 -0.331053 -0.912559 0.240083 0.590998 0.559687
  20 -22.327495 0.445760 0.127504 -0.853206 -0.512268 0.098086 0.590998 0.571429
female.bmp
  20 -22.327495 0.445760 0.127504 -0.853206 -0.512268 0.098086 0.497065 0.841487
  21 -22.418946 0.480231 0.098929 -0.331053 -0.912559 0.240083 0.500978 0.827789
  20 -22.340141 0.511043 -0.170788 -0.131315 -0.715115 -0.686562 0.518591 0.831703
female.bmp
  20 -22.340141 0.511043 -0.170788 -0.131315 -0.715115 -0.686562 0.518591 0.831703
  21 -22.418946 0.480231 0.098929 -0.331053 -0.912559 0.240083 0.500978 0.827789
  21 -23.368136 0.739567 -0.159305 -0.148126 -0.752144 -0.642136 0.514677 0.753425
female.bmp
  21 -22.418946 0.480231 0.098929 -0.331053 -0.912559 0.240083 0.500978 0.827789
  21 -23.474200 0.713684 0.092648 -0.201749 -0.946928 0.250247 0.497065 0.741683
  21 -23.368136 0.739567 -0.159305 -0.148126 -0.752144 -0.642136 0.514677 0.753425
female.bmp
  21 -23.368136 0.739567 -0.159305 -0.148126 -0.752144 -0.642136 0.514677 0.753425
  21 -23.474200 0.713684 0.092648 -0.201749 -0.946928 0.250247 0.497065 0.741683
  22 -23.524803 0.762913 -0.158169 -0.142895 -0.775078 -0.615496 0.516634 0.731898
female.bmp
  21 -23.474200 0.713684 0.092648 -0.201749 -0.946928 0.250247 0.497065 0.741683
  22 -24.271150 0.920817 -0.072537 -0.604053 -0.689652 -0.399375 0.514677 0.626223
  22 -23.524803 0.762913 -0.158169 -0.142895 -0.775078 -0.615496 0.516634 0.731898
female.bmp
  22 -23.524803 0.762913 -0.158169 -0.142895 -0.775078 -0.615496 0.516634 0.731898
  22 -24.271150 0.920817 -0.072537 -0.604053 -0.689652 -0.399375 0.514677 0.626223
  22 -23.999460 0.956822 -0.252505 -0.200077 -0.198138 -0.959537 0.530333 0.643836
female.bmp
  22 -24.271150 0.920817 -0.072537 -0.604053 -0.689652 -0.399375 0.514677 0.626223
  22 -24.306600 1.061719 -0.100642 -0.800199 -0.018365 -0.599453 0.534247 0.618395
  22 -23.999460 0.956822 -0.252505 -0.200077 -0.198138 -0.959537 0.530333 0.643836
female.bmp
  29 -20.843749 1.133635 0.347000 -0.171160 0.409700 0.896019 0.722114 0.270059
  29 -20.942572 0.864401 0.482451 -0.115624 0.664974 0.737863 0.714286 0.246575
  19 -20.485339 1.087215 0.027552 -0.017747 0.636049 0.771445 0.753425 0.277886
female.bmp
  19 -20.485339 1.087215 0.027552 -0.017747 0.636049 0.771445 0.753425 0.277886
  29 -20.942572 0.864401 0.482451 -0.115624 0.664974 0.737863 0.714286 0.246575
  19 -20.546603 0.643182 0.360840 -0.153131 0.434798 0.887413 0.757339 0.232877
female.bmp
  29 -20.942572 0.864401 0.482451 -0.115624 0.664974 0.737863 0.714286 0.246575
  20 -21.132178 0.659160 0.367250 -0.084355 0.216376 0.972659 0.704501 0.225049
  19 -20.546603 0.643182 0.360840 -0.153131 0.434798 0.887413 0.757339 0.232877
female.bmp
  19 -20.546603 0.643182 0.360840 -0.153131 0.434798 0.887413 0.757339 0.232877
  20 -21.132178 0.659160 0.367250 -0.084355 0.216376 0.972659 0.704501 0.225049
  20 -21.102385 0.383750 0.337893 -0.315086 0.090014 0.944785 0.710372 0.201566
female.bmp
  20 -21.132178 0.659160 0.367250 -0.084355 0.216376 0.972659 0.704501 0.225049
  20 -22.283921 0.610947 0.359267 -0.504871 -0.188507 0.842360 0.608611 0.221135
  20 -21.102385 0.383750 0.337893 -0.315086 0.090014 0.944785 0.710372 0.201566
female.bmp
  20 -21.102385 0.383750 0.337893 -0.315086 0.090014 0.944785 0.710372 0.201566
  20 -22.283921 0.610947 0.359267 -0.504871 -0.188507 0.842360 0.608611 0.221135
  20 -21.197874 0.258440 0.265235 -0.672712 0.319580 0.667328 0.698630 0.195695
female.bmp
  20 -22.283921 0.610947 0.359267 -0.504871 -0.188507 0.842360 0.608611 0.221135
  20 -22.322463 0.387586 0.153782 -0.662059 -0.716787 0.218848 0.608611 0.203523
  20 -21.197874 0.258440 0.265235 -0.672712 0.319580 0.667328 0.698630 0.195695
female.bmp
  33 -19.743809 -2.160535 0.516411 0.177947 -0.306013 0.935249 0.559687 0.058708
  33 -19.723280 -2.772842 0.237022 0.713726 -0.349571 0.606956 0.563601 0.095890
  33 -19.452642 -2.284942 0.286097 0.616264 -0.466697 0.634360 0.581213 0.058708
female.bmp
  33 -19.743809 -2.160535 0.516411 0.177947 -0.306013 0.935249 0.559687 0.058708
  33 -19.948682 -2.664743 0.395162 0.269519 -0.187077 0.944649 0.544031 0.093933
  33 -19.723280 -2.772842 0.237022 0.713726 -0.349571 0.606956 0.563601 0.095890
female.bmp
  33 -19.743809 -2.160535 0.516411 0.177947 -0.306013 0.935249 0.559687 0.058708
  33 -20.151439 -2.056332 0.499687 -0.490896 -0.112766 0.863889 0.522505 0.052838
  33 -19.948682 -2.664743 0.395162 0.269519 -0.187077 0.944649 0.544031 0.093933
female.bmp
  33 -19.743809 -2.160535 0.516411 0.177947 -0.306013 0.935249 0.559687 0.058708
  32 -20.024754 -1.437059 0.628258 -0.313874 -0.084167 0.945727 0.530333 0.005871
  33 -20.151439 -2.056332 0.499687 -0.490896 -0.112766 0.863889 0.522505 0.052838
female.bmp
  33 -19.743809 -2.160535 0.516411 0.177947 -0.306013 0.935249 0.559687 0.058708
  32 -19.541887 -1.677335 0.617879 0.178676 -0.250739 0.951423 0.571429 0.017613
  32 -20.024754 -1.437059 0.628258 -0.313874 -0.084167 0.945727 0.530333 0.005871
female.bmp
  33 -19.743809 -2.160535 0.516411 0.177947 -0.306013 0.935249 0.559687 0.058708
  32 -19.150488 -1.769143 0.401366 0.570296 -0.459686 0.680772 0.596869 0.023483
  32 -19.541887 -1.677335 0.617879 0.178676 -0.250739 0.951423 0.571429 0.017613
female.bmp
  33 -19.743809 -2.160535 0.516411 0.177947 -0.306013 0.935249 0.559687 0.058708
  33 -19.452642 -2.284942 0.286097 0.616264 -0.466697 0.634360 0.581213 0.058708
  32 -19.150488 -1.769143 0.401366 0.570296 -0.459686 0.680772 0.596869 0.023483
female.bmp
  19 -17.999515 -0.921864 0.474129 0.557047 -0.474649 0.681474 0.941292 0.863014
  19 -18.025677 -0.322148 0.614331 0.528941 0.040498 0.847692 0.864971 0.861057
  19 -18.038478 -0.322240 0.663688 0.499422 0.029032 0.865872 0.866928 0.857143
female.bmp
  19 -18.038478 -0.322240 0.663688 0.499422 0.029032 0.865872 0.866928 0.857143
  19 -18.025677 -0.322148 0.614331 0.528941 0.040498 0.847692 0.864971 0.861057
  19 -18.026809 0.218193 0.485372 0.491784 0.393446 0.776755 0.802348 0.857143
female.bmp
  19 -18.025677 -0.322148 0.614331 0.528941 0.040498 0.847692 0.864971 0.861057
  19 -18.015219 0.188236 0.455905 0.491784 0.393446 0.776755 0.806262 0.859100
  19 -18.026809 0.218193 0.485372 0.491784 0.393446 0.776755 0.802348 0.857143
female.bmp
  19 -18.026809 0.218193 0.485372 0.491784 0.393446 0.776755 0.802348 0.857143
  19 -18.015219 0.188236 0.455905 0.491784 0.393446 0.776755 0.806262 0.859100
  19 -17.976623 0.598925 0.148586 0.527875 0.683457 0.504217 0.759295 0.857143
female.bmp
  19 -18.015219 0.188236 0.455905 0.491784 0.393446 0.776755 0.806262 0.859100
  19 -17.965061 0.558968 0.119095 0.572793 0.664839 0.479476 0.765166 0.859100
  19 -17.976623 0.598925 0.148586 0.527875 0.683457 0.504217 0.759295 0.857143
female.bmp
  19 -17.976623 0.598925 0.148586 0.527875 0.683457 0.504217 0.759295 0.857143
  19 -17.965061 0.558968 0.119095 0.572793 0.664839 0.479476 0.765166 0.859100
  19 -17.914660 0.760192 -0.408417 0.573456 0.814969 -0.083512 0.714286 0.855186
female.bmp
  19 -17.965061 0.558968 0.119095 0.572793 0.664839 0.479476 0.765166 0.859100
  19 -17.905325 0.730139 -0.397948 0.667514 0.743900 -0.032226 0.720157 0.857143
  19 -17.914660 0.760192 -0.408417 0.573456 0.814969 -0.083512 0.714286 0.855186
female.bmp
  19 -18.311246 -0.911041 0.496623 -0.687476 -0.437785 0.579414 0.937378 0.821918
  19 -18.326213 -0.281307 0.617498 -0.754180 0.045586 0.655083 0.861057 0.819961
  19 -18.321733 -0.291113 0.537600 -0.784292 -0.023086 0.619962 0.863014 0.814090
female.bmp
  19 -18.321733 -0.291113 0.537600 -0.784292 -0.023086 0.619962 0.863014 0.814090
  19 -18.326213 -0.281307 0.617498 -0.754180 0.045586 0.655083 0.861057 0.819961
  19 -18.323034 0.189229 0.408485 -0.635625 0.397912 0.661549 0.804305 0.814090
female.bmp
  19 -18.326213 -0.281307 0.617498 -0.754180 0.045586 0.655083 0.861057 0.819961
  19 -18.324077 0.219179 0.428531 -0.703459 0.401857 0.586222 0.802348 0.818004
  19 -18.323034 0.189229 0.408485 -0.635625 0.397912 0.661549 0.804305 0.814090
female.bmp
  19 -18.323034 0.189229 0.408485 -0.635625 0.397912 0.661549 0.804305 0.814090
  19 -18.324077 0.219179 0.428531 -0.703459 0.401857 0.586222 0.802348 0.818004
  19 -18.272933 0.539962 0.071623 -0.650733 0.650773 0.391204 0.759295 0.812133
female.bmp
  19 -18.324077 0.219179 0.428531 -0.703459 0.401857 0.586222 0.802348 0.818004
  19 -18.274990 0.609864 0.111741 -0.680299 0.646627 0.345061 0.759295 0.818004
  19 -18.272933 0.539962 0.071623 -0.650733 0.650773 0.391204 0.759295 0.812133
female.bmp
  19 -18.272933 0.539962 0.071623 -0.650733 0.650773 0.391204 0.759295 0.812133
  19 -18.274990 0.609864 0.111741 -0.680299 0.646627 0.345061 0.759295 0.818004
  19 -18.216550 0.720985 -0.385489 -0.662950 0.733007 -0.152307 0.710372 0.810176
female.bmp
  19 -18.274990 0.609864 0.111741 -0.680299 0.646627 0.345061 0.759295 0.818004
  19 -18.225209 0.791063 -0.405840 -0.575014 0.804770 -0.147326 0.708415 0.816047
  19 -18.216550 0.720985 -0.385489 -0.662950 0.733007 -0.152307 0.710372 0.810176
female.bmp
  19 -17.905325 0.730139 -0.397948 0.667514 0.743900 -0.032226 0.647750 0.422701
  19 -17.887772 0.560916 -0.717878 0.596965 0.532397 -0.600155 0.681018 0.418787
  19 -17.914660 0.760192 -0.408417 0.573456 0.814969 -0.083512 0.641879 0.416830
female.bmp
  19 -17.914660 0.760192 -0.408417 0.573456 0.814969 -0.083512 0.641879 0.416830
  19 -17.887772 0.560916 -0.717878 0.596965 0.532397 -0.600155 0.681018 0.418787
  19 -18.198912 0.581762 -0.705342 -0.621448 0.508540 -0.595978 0.673190 0.373777
female.bmp
  19 -17.887772 0.560916 -0.717878 0.596965 0.532397 -0.600155 0.681018 0.418787
  19 -17.879745 0.211306 -0.878529 0.691363 0.112101 -0.713758 0.726027 0.418787
  19 -18.198912 0.581762 -0.705342 -0.621448 0.508540 -0.595978 0.673190 0.373777
female.bmp
  19 -18.198912 0.581762 -0.705342 -0.621448 0.508540 -0.595978 0.673190 0.373777
  19 -17.879745 0.211306 -0.878529 0.691363 0.112101 -0.713758 0.726027 0.418787
  19 -18.200277 0.242207 -0.876514 -0.597551 0.159781 -0.785750 0.710372 0.373777
female.bmp
  19 -17.879745 0.211306 -0.878529 0.691363 0.112101 -0.713758 0.726027 0.418787
  19 -17.887273 -0.458932 -0.780422 0.764876 -0.167966 -0.621894 0.818004 0.422701
  19 -18.200277 0.242207 -0.876514 -0.597551 0.159781 -0.785750 0.710372 0.373777
female.bmp
  19 -18.200277 0.242207 -0.876514 -0.597551 0.159781 -0.785750 0.710372 0.373777
  19 -17.887273 -0.458932 -0.780422 0.764876 -0.167966 -0.621894 0.818004 0.422701
  19 -18.184513 -0.447945 -0.837236 -0.467255 -0.188141 -0.863873 0.816047 0.377691
female.bmp
  19 -17.887273 -0.458932 -0.780422 0.764876 -0.167966 -0.621894 0.818004 0.422701
  19 -18.192771 -0.778258 -0.708297 -0.497546 -0.432401 -0.751982 0.857143 0.377691
  19 -18.184513 -0.447945 -0.837236 -0.467255 -0.188141 -0.863873 0.816047 0.377691
female.bmp
  19 -17.611361 -0.303612 0.727905 0.810501 0.001459 0.585736 0.015656 0.868885
  19 -17.592553 0.226669 0.600047 0.783188 0.273276 0.558513 0.023483 0.925636
  19 -17.641905 -0.313547 0.736173 -0.013328 0.019629 0.999718 0.007828 0.868885
female.bmp
  19 -17.641905 -0.313547 0.736173 -0.013328 0.019629 0.999718 0.007828 0.868885
  19 -17.592553 0.226669 0.600047 0.783188 0.273276 0.558513 0.023483 0.925636
  19 -17.633024 0.236763 0.607803 -0.027943 0.510378 0.859496 0.019569 0.929550
female.bmp
  19 -17.592553 0.226669 0.600047 0.783188 0.273276 0.558513 0.023483 0.925636
  19 -17.535605 0.607692 0.143452 0.813865 0.465850 0.347287 0.068493 0.970646
  19 -17.633024 0.236763 0.607803 -0.027943 0.510378 0.859496 0.019569 0.929550
female.bmp
  19 -17.633024 0.236763 0.607803 -0.027943 0.510378 0.859496 0.019569 0.929550
  19 -17.535605 0.607692 0.143452 0.813865 0.465850 0.347287 0.068493 0.970646
  19 -17.575485 0.627810 0.141250 0.090894 0.888211 0.450354 0.066536 0.976517
female.bmp
  19 -17.535605 0.607692 0.143452 0.813865 0.465850 0.347287 0.068493 0.970646
  19 -17.478856 0.718742 -0.323824 0.855705 0.517173 0.017344 0.117417 0.984344
  19 -17.575485 0.627810 0.141250 0.090894 0.888211 0.450354 0.066536 0.976517
female.bmp
  19 -17.575485 0.627810 0.141250 0.090894 0.888211 0.450354 0.066536 0.976517
  19 -17.478856 0.718742 -0.323824 0.855705 0.517173 0.017344 0.117417 0.984344
  19 -17.518172 0.738885 -0.336011 0.234286 0.965070 -0.117260 0.117417 0.992172
female.bmp
  19 -17.478856 0.718742 -0.323824 0.855705 0.517173 0.017344 0.117417 0.984344
  19 -17.500084 0.559686 -0.665951 0.239800 0.655192 -0.716394 0.154599 0.974560
  19 -17.518172 0.738885 -0.336011 0.234286 0.965070 -0.117260 0.117417 0.992172
female.bmp
  19 -17.606589 -1.231451 -0.115418 0.082026 -0.970444 -0.226959 0.925636 0.473581
  19 -17.910242 -1.009849 -0.402449 0.618794 -0.656381 -0.431576 0.892368 0.424658
  19 -17.608608 -1.060642 -0.425611 0.112716 -0.848487 -0.517073 0.894325 0.475538
female.bmp
  19 -17.608608 -1.060642 -0.425611 0.112716 -0.848487 -0.517073 0.894325 0.475538
  19 -17.910242 -1.009849 -0.402449 0.618794 -0.656381 -0.431576 0.892368 0.424658
  19 -17.583462 -0.880043 -0.684168 0.344580 -0.524974 -0.778246 0.857143 0.475538
female.bmp
  19 -17.910242 -1.009849 -0.402449 0.618794 -0.656381 -0.431576 0.892368 0.424658
  19 -17.897673 -0.749342 -0.611442 0.628884 -0.369780 -0.683935 0.853229 0.426614
  19 -17.583462 -0.880043 -0.684168 0.344580 -0.524974 -0.778246 0.857143 0.475538
female.bmp
  19 -17.583462 -0.880043 -0.684168 0.344580 -0.524974 -0.778246 0.857143 0.475538
  19 -17.897673 -0.749342 -0.611442 0.628884 -0.369780 -0.683935 0.853229 0.426614
  19 -17.557997 -0.529911 -0.762008 0.210333 0.323900 -0.922415 0.821918 0.475538
female.bmp
  19 -17.897673 -0.749342 -0.611442 0.628884 -0.369780 -0.683935 0.853229 0.426614
  19 -17.889442 -0.429029 -0.740408 0.815074 -0.139793 -0.562238 0.814090 0.426614
  19 -17.557997 -0.529911 -0.762008 0.210333 0.323900 -0.922415 0.821918 0.475538
female.bmp
  19 -17.557997 -0.529911 -0.762008 0.210333 0.323900 -0.922415 0.821918 0.475538
  19 -17.889442 -0.429029 -0.740408 0.815074 -0.139793 -0.562238 0.814090 0.426614
  19 -17.806771 -0.379611 -0.605414 0.750061 0.075610 0.657033 0.812133 0.448141
female.bmp
  19 -17.889442 -0.429029 -0.740408 0.815074 -0.139793 -0.562238 0.814090 0.426614
  19 -17.518087 -0.340055 -0.749279 0.662704 -0.500884 0.556722 0.810176 0.475538
  19 -17.806771 -0.379611 -0.605414 0.750061 0.075610 0.657033 0.812133 0.448141
female.bmp
  19 -17.762686 -0.649976 -0.513439 0.005252 -0.456468 -0.889725 0.121331 0.019569
  18 -16.112071 -0.448524 -0.682902 -0.055629 -0.431624 -0.900337 0.138943 0.123288
  18 -16.159092 -0.720162 -0.575657 -0.050791 -0.583518 -0.810510 0.121331 0.119374
female.bmp
  18 -16.159092 -0.720162 -0.575657 -0.050791 -0.583518 -0.810510 0.121331 0.119374
  18 -16.112071 -0.448524 -0.682902 -0.055629 -0.431624 -0.900337 0.138943 0.123288
  18 -14.028746 -0.724454 -0.703345 -0.050791 -0.583518 -0.810510 0.119374 0.238748
female.bmp
  18 -16.112071 -0.448524 -0.682902 -0.055629 -0.431624 -0.900337 0.138943 0.123288
  18 -16.113807 -0.287645 -0.771304 -0.056707 -0.162379 -0.985098 0.152642 0.123288
  18 -14.028746 -0.724454 -0.703345 -0.050791 -0.583518 -0.810510 0.119374 0.238748
female.bmp
  18 -14.028746 -0.724454 -0.703345 -0.050791 -0.583518 -0.810510 0.119374 0.238748
  18 -16.113807 -0.287645 -0.771304 -0.056707 -0.162379 -0.985098 0.152642 0.123288
  18 -13.982783 -0.352029 -0.889591 -0.052206 -0.265638 -0.962658 0.146771 0.242661
female.bmp
  18 -16.113807 -0.287645 -0.771304 -0.056707 -0.162379 -0.985098 0.152642 0.123288
  18 -16.105435 -0.147746 -0.749899 -0.061739 -0.015171 -0.997977 0.162427 0.123288
  18 -13.982783 -0.352029 -0.889591 -0.052206 -0.265638 -0.962658 0.146771 0.242661
female.bmp
  18 -13.982783 -0.352029 -0.889591 -0.052206 -0.265638 -0.962658 0.146771 0.242661
  18 -16.105435 -0.147746 -0.749899 -0.061739 -0.015171 -0.997977 0.162427 0.123288
  18 -13.968671 0.168838 -0.954385 -0.058129 0.223442 -0.972982 0.187867 0.242661
female.bmp
  18 -16.105435 -0.147746 -0.749899 -0.061739 -0.015171 -0.997977 0.162427 0.123288
  18 -16.089019 0.173244 -0.826685 -0.071242 0.174872 -0.982010 0.187867 0.125245
  18 -13.968671 0.168838 -0.954385 -0.058129 0.223442 -0.972982 0.187867 0.242661
female.bmp
  18 -14.114342 0.480147 0.758644 -0.137052 0.634169 0.760951 0.332681 0.244618
  18 -12.705875 0.604698 0.921454 -0.099699 0.621963 0.776674 0.336595 0.360078
  18 -14.068229 0.898051 0.022824 -0.111927 0.984105 0.137879 0.277886 0.246575
female.bmp
  18 -14.114342 0.480147 0.758644 -0.137052 0.634169 0.760951 0.332681 0.244618
  18 -12.716870 -0.208030 1.173352 -0.086482 0.073496 0.993539 0.385519 0.358121
  18 -12.705875 0.604698 0.921454 -0.099699 0.621963 0.776674 0.336595 0.360078
female.bmp
  18 -14.114342 0.480147 0.758644 -0.137052 0.634169 0.760951 0.332681 0.244618
  18 -14.116933 -0.192383 1.001947 -0.135214 0.098404 0.985918 0.377691 0.244618
  18 -12.716870 -0.208030 1.173352 -0.086482 0.073496 0.993539 0.385519 0.358121
female.bmp
  18 -14.114342 0.480147 0.758644 -0.137052 0.634169 0.760951 0.332681 0.244618
  18 -16.176246 -0.233096 0.709246 -0.135214 0.098404 0.985918 0.369863 0.131115
  18 -14.116933 -0.192383 1.001947 -0.135214 0.098404 0.985918 0.377691 0.244618
female.bmp
  18 -14.114342 0.480147 0.758644 -0.137052 0.634169 0.760951 0.332681 0.244618
  18 -16.181830 0.279238 0.474335 -0.137052 0.634169 0.760951 0.326810 0.131115
  18 -16.176246 -0.233096 0.709246 -0.135214 0.098404 0.985918 0.369863 0.131115
female.bmp
  18 -14.114342 0.480147 0.758644 -0.137052 0.634169 0.760951 0.332681 0.244618
  18 -16.184669 0.573591 0.037244 -0.116384 0.935443 0.333768 0.281800 0.133072
  18 -16.181830 0.279238 0.474335 -0.137052 0.634169 0.760951 0.326810 0.131115
female.bmp
  18 -14.114342 0.480147 0.758644 -0.137052 0.634169 0.760951 0.332681 0.244618
  18 -14.068229 0.898051 0.022824 -0.111927 0.984105 0.137879 0.277886 0.246575
  18 -16.184669 0.573591 0.037244 -0.116384 0.935443 0.333768 0.281800 0.133072
female.bmp
  18 -9.698476 -0.064731 1.308132 -0.022853 0.084487 0.996162 0.381605 0.536204
  18 -12.716870 -0.208030 1.173352 -0.086482 0.073496 0.993539 0.385519 0.358121
  18 -9.700347 -0.763868 1.211154 -0.015376 -0.440023 0.897855 0.430528 0.538160
female.bmp
  18 -9.700347 -0.763868 1.211154 -0.015376 -0.440023 0.897855 0.430528 0.538160
  18 -12.716870 -0.208030 1.173352 -0.086482 0.073496 0.993539 0.385519 0.358121
  18 -12.769184 -0.867645 1.066712 -0.073657 -0.479596 0.874392 0.438356 0.354207
female.bmp
  18 -12.716870 -0.208030 1.173352 -0.086482 0.073496 0.993539 0.385519 0.358121
  18 -14.116933 -0.192383 1.001947 -0.135214 0.098404 0.985918 0.377691 0.244618
  18 -12.769184 -0.867645 1.066712 -0.073657 -0.479596 0.874392 0.438356 0.354207
female.bmp
  18 -12.769184 -0.867645 1.066712 -0.073657 -0.479596 0.874392 0.438356 0.354207
  18 -14.116933 -0.192383 1.001947 -0.135214 0.098404 0.985918 0.377691 0.244618
  18 -14.179236 -0.852012 0.885296 -0.132099 -0.510397 0.849732 0.430528 0.240705
female.bmp
  18 -14.116933 -0.192383 1.001947 -0.135214 0.098404 0.985918 0.377691 0.244618
  18 -16.176246 -0.233096 0.709246 -0.135214 0.098404 0.985918 0.369863 0.131115
  18 -14.179236 -0.852012 0.885296 -0.132099 -0.510397 0.849732 0.430528 0.240705
female.bmp
  18 -14.179236 -0.852012 0.885296 -0.132099 -0.510397 0.849732 0.430528 0.240705
  18 -16.176246 -0.233096 0.709246 -0.135214 0.098404 0.985918 0.369863 0.131115
  18 -16.239787 -0.782539 0.573690 -0.112537 -0.565191 0.817248 0.418787 0.125245
female.bmp
  18 -16.176246 -0.233096 0.709246 -0.135214 0.098404 0.985918 0.369863 0.131115
  19 -17.766781 -0.822425 0.437427 -0.135849 -0.593059 0.793615 0.410959 0.037182
  18 -16.239787 -0.782539 0.573690 -0.112537 -0.565191 0.817248 0.418787 0.125245
female.bmp
  18 -9.646607 0.844598 -0.562839 0.057617 0.801455 -0.595273 0.228963 0.534247
  18 -9.714387 -0.241935 -0.999274 0.038279 0.165474 -0.985471 0.176125 0.557730
  18 -9.606397 0.010222 -1.091140 0.058036 0.166276 -0.984370 0.174168 0.532290
female.bmp
  18 -9.606397 0.010222 -1.091140 0.058036 0.166276 -0.984370 0.174168 0.532290
  18 -9.714387 -0.241935 -0.999274 0.038279 0.165474 -0.985471 0.176125 0.557730
  18 -9.636118 -0.912622 -0.850361 -0.050791 -0.583518 -0.810510 0.105675 0.534247
female.bmp
  18 -9.714387 -0.241935 -0.999274 0.038279 0.165474 -0.985471 0.176125 0.557730
  18 -9.818759 -1.162730 -0.799918 -0.139162 -0.596637 -0.790353 0.099804 0.559687
  18 -9.636118 -0.912622 -0.850361 -0.050791 -0.583518 -0.810510 0.105675 0.534247
female.bmp
  18 -9.636118 -0.912622 -0.850361 -0.050791 -0.583518 -0.810510 0.105675 0.534247
  18 -9.818759 -1.162730 -0.799918 -0.139162 -0.596637 -0.790353 0.099804 0.559687
  18 -9.820380 -1.552719 -0.069914 -0.128635 -0.969442 -0.208889 0.054795 0.559687
female.bmp
  18 -9.818759 -1.162730 -0.799918 -0.139162 -0.596637 -0.790353 0.099804 0.559687
  18 -9.249536 -1.698463 -0.026371 -0.198002 -0.961904 -0.188507 0.054795 0.583170
  18 -9.820380 -1.552719 -0.069914 -0.128635 -0.969442 -0.208889 0.054795 0.559687
female.bmp
  18 -9.820380 -1.552719 -0.069914 -0.128635 -0.969442 -0.208889 0.054795 0.559687
  18 -9.249536 -1.698463 -0.026371 -0.198002 -0.961904 -0.188507 0.054795 0.583170
  18 -9.264787 -1.618539 0.723549 -0.195176 -0.883599 0.425628 0.009785 0.589041
female.bmp
  18 -9.249536 -1.698463 -0.026371 -0.198002 -0.961904 -0.188507 0.054795 0.583170
  18 -5.890444 -2.213380 0.764490 -0.126824 -0.891846 0.434196 0.009785 0.726027
  18 -9.264787 -1.618539 0.723549 -0.195176 -0.883599 0.425628 0.009785 0.589041
female.bmp
  12 21.673463 1.649476 -0.296326 -0.019615 0.325765 -0.945247 0.547945 0.831703
  12 21.610924 1.618064 -0.297778 -0.019615 0.325765 -0.945247 0.547945 0.841487
  12 21.592763 1.779195 -0.108815 -0.363644 0.779381 -0.510223 0.573386 0.837573
female.bmp
  12 21.673463 1.649476 -0.296326 -0.019615 0.325765 -0.945247 0.547945 0.831703
  12 21.720008 1.420937 -0.249386 0.579965 -0.409522 -0.704225 0.514677 0.843444
  12 21.610924 1.618064 -0.297778 -0.019615 0.325765 -0.945247 0.547945 0.841487
female.bmp
  12 21.673463 1.649476 -0.296326 -0.019615 0.325765 -0.945247 0.547945 0.831703
  12 21.770995 1.452179 -0.228790 0.512288 -0.573520 -0.639247 0.518591 0.831703
  12 21.720008 1.420937 -0.249386 0.579965 -0.409522 -0.704225 0.514677 0.843444
female.bmp
  12 21.673463 1.649476 -0.296326 -0.019615 0.325765 -0.945247 0.547945 0.831703
  13 22.423534 1.984721 -0.198601 0.048301 0.279264 -0.958999 0.547945 0.747554
  12 21.770995 1.452179 -0.228790 0.512288 -0.573520 -0.639247 0.518591 0.831703
female.bmp
  12 21.673463 1.649476 -0.296326 -0.019615 0.325765 -0.945247 0.547945 0.831703
  12 21.653994 1.812766 -0.097688 -0.348672 0.828142 -0.438873 0.573386 0.827789
  13 22.423534 1.984721 -0.198601 0.048301 0.279264 -0.958999 0.547945 0.747554
female.bmp
  12 21.673463 1.649476 -0.296326 -0.019615 0.325765 -0.945247 0.547945 0.831703
  12 21.592763 1.779195 -0.108815 -0.363644 0.779381 -0.510223 0.573386 0.837573
  12 21.653994 1.812766 -0.097688 -0.348672 0.828142 -0.438873 0.573386 0.827789
female.bmp
  14 22.752184 2.164826 0.220514 -0.136969 0.364953 0.920896 0.542074 0.367906
  13 22.505998 2.049448 0.241978 -0.133785 0.293037 0.946695 0.542074 0.420744
  14 22.842071 2.046513 0.215793 0.165636 -0.284012 0.944406 0.565558 0.363992
female.bmp
  14 22.752184 2.164826 0.220514 -0.136969 0.364953 0.920896 0.542074 0.367906
  14 22.750858 2.273460 0.120529 -0.330962 0.847272 0.415445 0.516634 0.363992
  13 22.505998 2.049448 0.241978 -0.133785 0.293037 0.946695 0.542074 0.420744
female.bmp
  14 22.752184 2.164826 0.220514 -0.136969 0.364953 0.920896 0.542074 0.367906
  14 23.127348 2.374351 0.185149 -0.272404 0.623203 0.733085 0.530333 0.289628
  14 22.750858 2.273460 0.120529 -0.330962 0.847272 0.415445 0.516634 0.363992
female.bmp
  14 22.752184 2.164826 0.220514 -0.136969 0.364953 0.920896 0.542074 0.367906
  14 23.168903 2.338268 0.228407 -0.136969 0.364953 0.920896 0.544031 0.283757
  14 23.127348 2.374351 0.185149 -0.272404 0.623203 0.733085 0.530333 0.289628
female.bmp
  14 22.752184 2.164826 0.220514 -0.136969 0.364953 0.920896 0.542074 0.367906
  14 23.172594 2.262101 0.237615 -0.037334 0.029630 0.998863 0.557730 0.289628
  14 23.168903 2.338268 0.228407 -0.136969 0.364953 0.920896 0.544031 0.283757
female.bmp
  14 22.752184 2.164826 0.220514 -0.136969 0.364953 0.920896 0.542074 0.367906
  14 22.842071 2.046513 0.215793 0.165636 -0.284012 0.944406 0.565558 0.363992
  14 23.172594 2.262101 0.237615 -0.037334 0.029630 0.998863 0.557730 0.289628
female.bmp
  7 23.853772 -0.328310 0.302705 -0.040182 -0.524631 0.850381 0.565558 0.424658
  8 24.662699 -0.404955 0.250845 0.170442 -0.951827 0.254903 0.583170 0.317025
  8 24.290535 -0.341412 0.323346 -0.057909 -0.553954 0.830531 0.565558 0.363992
female.bmp
  7 23.853772 -0.328310 0.302705 -0.040182 -0.524631 0.850381 0.565558 0.424658
  7 23.866549 -0.451806 0.130991 -0.003553 -0.978399 0.206694 0.585127 0.434442
  8 24.662699 -0.404955 0.250845 0.170442 -0.951827 0.254903 0.583170 0.317025
female.bmp
  7 23.853772 -0.328310 0.302705 -0.040182 -0.524631 0.850381 0.565558 0.424658
  7 22.704618 -0.465559 0.108005 -0.004672 -0.958775 0.284128 0.590998 0.559687
  7 23.866549 -0.451806 0.130991 -0.003553 -0.978399 0.206694 0.585127 0.434442
female.bmp
  7 23.853772 -0.328310 0.302705 -0.040182 -0.524631 0.850381 0.565558 0.424658
  7 22.714520 -0.277849 0.252112 0.079276 -0.365933 0.927258 0.565558 0.551859
  7 22.704618 -0.465559 0.108005 -0.004672 -0.958775 0.284128 0.590998 0.559687
female.bmp
  7 23.853772 -0.328310 0.302705 -0.040182 -0.524631 0.850381 0.565558 0.424658
  7 23.863145 -0.155142 0.325618 -0.035143 0.256272 0.965966 0.542074 0.420744
  7 22.714520 -0.277849 0.252112 0.079276 -0.365933 0.927258 0.565558 0.551859
female.bmp
  7 23.853772 -0.328310 0.302705 -0.040182 -0.524631 0.850381 0.565558 0.424658
  8 24.290535 -0.341412 0.323346 -0.057909 -0.553954 0.830531 0.565558 0.363992
  7 23.863145 -0.155142 0.325618 -0.035143 0.256272 0.965966 0.542074 0.420744
female.bmp
  11 23.645812 -1.333685 0.171259 0.118094 0.244916 0.962325 0.542074 0.367906
  10 23.307818 -1.253051 0.189259 0.129406 0.288190 0.948789 0.542074 0.420744
  11 23.650593 -1.517064 0.114256 -0.077904 -0.602804 0.794077 0.565558 0.363992
female.bmp
  11 23.645812 -1.333685 0.171259 0.118094 0.244916 0.962325 0.542074 0.367906
  11 23.723160 -1.225661 0.016185 0.260155 0.855425 0.447848 0.516634 0.363992
  10 23.307818 -1.253051 0.189259 0.129406 0.288190 0.948789 0.542074 0.420744
female.bmp
  11 23.645812 -1.333685 0.171259 0.118094 0.244916 0.962325 0.542074 0.367906
  11 24.157435 -1.393139 0.058091 0.226671 0.543151 0.808460 0.530333 0.287671
  11 23.723160 -1.225661 0.016185 0.260155 0.855425 0.447848 0.516634 0.363992
female.bmp
  11 23.645812 -1.333685 0.171259 0.118094 0.244916 0.962325 0.542074 0.367906
  11 24.170610 -1.473023 0.098650 0.186020 0.233172 0.954477 0.544031 0.283757
  11 24.157435 -1.393139 0.058091 0.226671 0.543151 0.808460 0.530333 0.287671
female.bmp
  11 23.645812 -1.333685 0.171259 0.118094 0.244916 0.962325 0.542074 0.367906
  11 24.123012 -1.554414 0.109136 0.086547 -0.094331 0.991772 0.557730 0.289628
  11 24.170610 -1.473023 0.098650 0.186020 0.233172 0.954477 0.544031 0.283757
female.bmp
  11 23.645812 -1.333685 0.171259 0.118094 0.244916 0.962325 0.542074 0.367906
  11 23.650593 -1.517064 0.114256 -0.077904 -0.602804 0.794077 0.565558 0.363992
  11 24.123012 -1.554414 0.109136 0.086547 -0.094331 0.991772 0.557730 0.289628
female.bmp
  5 23.825668 1.104721 0.256088 -0.737862 0.670139 0.080455 0.542074 0.367906
  5 24.360300 1.195721 0.265509 -0.060445 0.268677 0.961332 0.544031 0.283757
  5 24.324122 1.252975 0.236992 -0.114219 0.550792 0.826790 0.530333 0.289628
female.bmp
  5 23.825668 1.104721 0.256088 -0.737862 0.670139 0.080455 0.542074 0.367906
  5 24.349426 1.117742 0.266518 -0.017777 -0.019260 0.999656 0.557730 0.289628
  5 24.360300 1.195721 0.265509 -0.060445 0.268677 0.961332 0.544031 0.283757
female.bmp
  5 23.825668 1.104721 0.256088 -0.737862 0.670139 0.080455 0.542074 0.367906
  5 24.294897 1.048357 0.263016 0.340863 -0.351509 0.871926 0.571429 0.295499
  5 24.349426 1.117742 0.266518 -0.017777 -0.019260 0.999656 0.557730 0.289628
female.bmp
  5 23.825668 1.104721 0.256088 -0.737862 0.670139 0.080455 0.542074 0.367906
  5 23.885398 0.955649 0.280781 0.141043 -0.322822 0.935892 0.565558 0.363992
  5 24.294897 1.048357 0.263016 0.340863 -0.351509 0.871926 0.571429 0.295499
female.bmp
  16 19.802765 -2.855622 -0.354142 -0.505992 -0.289418 -0.812533 0.446184 0.937378
  16 19.657591 -2.819534 -0.046697 -0.907145 -0.406750 -0.107903 0.442270 0.958904
  16 19.649688 -2.347228 -0.449021 -0.364824 -0.354552 -0.860928 0.403131 0.935421
female.bmp
  16 19.802765 -2.855622 -0.354142 -0.505992 -0.289418 -0.812533 0.446184 0.937378
  17 19.873271 -3.215631 -0.265424 -0.184099 -0.880177 -0.437488 0.479452 0.939335
  16 19.657591 -2.819534 -0.046697 -0.907145 -0.406750 -0.107903 0.442270 0.958904
female.bmp
  16 19.802765 -2.855622 -0.354142 -0.505992 -0.289418 -0.812533 0.446184 0.937378
  16 20.312966 -3.055123 -0.325948 0.475033 -0.566925 -0.673008 0.477495 0.898239
  17 19.873271 -3.215631 -0.265424 -0.184099 -0.880177 -0.437488 0.479452 0.939335
female.bmp
  16 19.802765 -2.855622 -0.354142 -0.505992 -0.289418 -0.812533 0.446184 0.937378
  16 20.186989 -2.706058 -0.392906 0.311340 -0.075208 -0.947318 0.444227 0.898239
  16 20.312966 -3.055123 -0.325948 0.475033 -0.566925 -0.673008 0.477495 0.898239
female.bmp
  16 19.802765 -2.855622 -0.354142 -0.505992 -0.289418 -0.812533 0.446184 0.937378
  16 20.094191 -2.189657 -0.486283 0.373322 -0.079260 -0.924310 0.399217 0.890411
  16 20.186989 -2.706058 -0.392906 0.311340 -0.075208 -0.947318 0.444227 0.898239
female.bmp
  16 19.802765 -2.855622 -0.354142 -0.505992 -0.289418 -0.812533 0.446184 0.937378
  16 19.649688 -2.347228 -0.449021 -0.364824 -0.354552 -0.860928 0.403131 0.935421
  16 20.094191 -2.189657 -0.486283 0.373322 -0.079260 -0.924310 0.399217 0.890411
female.bmp
  12 20.747470 1.374542 0.218501 -0.111640 0.555642 0.823892 0.726027 0.295499
  2 20.496006 1.110330 0.031598 0.038613 0.634775 0.771732 0.753425 0.277886
  12 20.840170 1.159653 0.392656 0.171475 0.409420 0.896087 0.722114 0.270059
female.bmp
  12 20.840170 1.159653 0.392656 0.171475 0.409420 0.896087 0.722114 0.270059
  2 20.496006 1.110330 0.031598 0.038613 0.634775 0.771732 0.753425 0.277886
  12 20.940044 0.888152 0.518401 0.116187 0.664767 0.737961 0.714286 0.246575
female.bmp
  2 20.496006 1.110330 0.031598 0.038613 0.634775 0.771732 0.753425 0.277886
  2 20.563257 0.668229 0.372368 0.175412 0.432589 0.884363 0.757339 0.232877
  12 20.940044 0.888152 0.518401 0.116187 0.664767 0.737961 0.714286 0.246575
female.bmp
  12 20.940044 0.888152 0.518401 0.116187 0.664767 0.737961 0.714286 0.246575
  2 20.563257 0.668229 0.372368 0.175412 0.432589 0.884363 0.757339 0.232877
  3 21.127030 0.682171 0.415230 0.068337 0.213747 0.974496 0.704501 0.225049
female.bmp
  2 20.563257 0.668229 0.372368 0.175412 0.432589 0.884363 0.757339 0.232877
  3 21.100205 0.406606 0.384498 0.300670 0.089742 0.949497 0.710372 0.201566
  3 21.127030 0.682171 0.415230 0.068337 0.213747 0.974496 0.704501 0.225049
female.bmp
  3 21.127030 0.682171 0.415230 0.068337 0.213747 0.974496 0.704501 0.225049
  3 21.100205 0.406606 0.384498 0.300670 0.089742 0.949497 0.710372 0.201566
  3 22.279164 0.644547 0.423738 0.494612 -0.186553 0.848857 0.608611 0.221135
female.bmp
  12 21.586707 1.624313 -0.354120 0.434849 0.414094 -0.799645 0.651663 0.520548
  12 21.610924 1.618064 -0.297778 0.851760 0.405483 -0.331796 0.647750 0.518591
  12 21.696420 1.381364 -0.305756 0.677771 -0.380016 -0.629455 0.643836 0.544031
female.bmp
  12 21.586707 1.624313 -0.354120 0.434849 0.414094 -0.799645 0.651663 0.520548
  12 21.592763 1.779195 -0.108815 0.764388 0.577415 -0.286885 0.651663 0.487280
  12 21.610924 1.618064 -0.297778 0.851760 0.405483 -0.331796 0.647750 0.518591
female.bmp
  12 21.586707 1.624313 -0.354120 0.434849 0.414094 -0.799645 0.651663 0.520548
  12 21.532890 1.832949 -0.139239 0.245309 0.886354 -0.392683 0.657534 0.487280
  12 21.592763 1.779195 -0.108815 0.764388 0.577415 -0.286885 0.651663 0.487280
female.bmp
  12 21.586707 1.624313 -0.354120 0.434849 0.414094 -0.799645 0.651663 0.520548
  12 20.718737 1.352753 -0.483282 0.047741 0.358125 -0.932452 0.737769 0.536204
  12 21.532890 1.832949 -0.139239 0.245309 0.886354 -0.392683 0.657534 0.487280
female.bmp
  12 21.586707 1.624313 -0.354120 0.434849 0.414094 -0.799645 0.651663 0.520548
  2 20.984850 1.107234 -0.860041 0.340093 -0.448098 -0.826768 0.710372 0.569472
  12 20.718737 1.352753 -0.483282 0.047741 0.358125 -0.932452 0.737769 0.536204
female.bmp
  12 21.586707 1.624313 -0.354120 0.434849 0.414094 -0.799645 0.651663 0.520548
  12 21.696420 1.381364 -0.305756 0.677771 -0.380016 -0.629455 0.643836 0.544031
  2 20.984850 1.107234 -0.860041 0.340093 -0.448098 -0.826768 0.710372 0.569472
female.bmp
  3 22.187277 0.818210 -0.246260 0.609172 0.219724 -0.761992 0.616438 0.602740
  3 21.277914 0.736123 -0.408495 0.328684 0.331445 -0.884370 0.696673 0.604697
  3 22.189329 1.061782 -0.011169 0.468041 0.831391 -0.299542 0.614481 0.575342
female.bmp
  3 22.187277 0.818210 -0.246260 0.609172 0.219724 -0.761992 0.616438 0.602740
  3 21.538529 0.462608 -0.226923 0.362934 -0.636892 -0.680182 0.686888 0.628180
  3 21.277914 0.736123 -0.408495 0.328684 0.331445 -0.884370 0.696673 0.604697
female.bmp
  3 22.187277 0.818210 -0.246260 0.609172 0.219724 -0.761992 0.616438 0.602740
  3 22.242765 0.464659 -0.144167 0.537497 -0.612419 -0.579689 0.618395 0.634051
  3 21.538529 0.462608 -0.226923 0.362934 -0.636892 -0.680182 0.686888 0.628180
female.bmp
  3 22.187277 0.818210 -0.246260 0.609172 0.219724 -0.761992 0.616438 0.602740
  3 22.187244 0.815521 -0.183072 0.993944 0.058432 -0.093061 0.612524 0.600783
  3 22.242765 0.464659 -0.144167 0.537497 -0.612419 -0.579689 0.618395 0.634051
female.bmp
  3 22.187277 0.818210 -0.246260 0.609172 0.219724 -0.761992 0.616438 0.602740
  3 22.213358 1.011506 0.015191 0.918289 0.369964 -0.140968 0.610568 0.579256
  3 22.187244 0.815521 -0.183072 0.993944 0.058432 -0.093061 0.612524 0.600783
female.bmp
  3 22.187277 0.818210 -0.246260 0.609172 0.219724 -0.761992 0.616438 0.602740
  3 22.189329 1.061782 -0.011169 0.468041 0.831391 -0.299542 0.614481 0.575342
  3 22.213358 1.011506 0.015191 0.918289 0.369964 -0.140968 0.610568 0.579256
female.bmp
  2 18.760819 0.346417 0.510411 -0.160523 0.445151 0.880950 0.915851 0.230920
  2 18.834292 -0.147683 0.635177 -0.054533 0.068086 0.996188 0.915851 0.181996
  2 19.073790 0.411582 0.508832 -0.042537 0.405934 0.912912 0.884540 0.232877
female.bmp
  2 18.760819 0.346417 0.510411 -0.160523 0.445151 0.880950 0.915851 0.230920
  2 18.326101 -0.255708 0.597343 0.791281 -0.029439 0.610743 0.953033 0.180039
  2 18.834292 -0.147683 0.635177 -0.054533 0.068086 0.996188 0.915851 0.181996
female.bmp
  2 18.760819 0.346417 0.510411 -0.160523 0.445151 0.880950 0.915851 0.230920
  2 18.337293 0.225064 0.469156 0.646091 0.392520 0.654594 0.945205 0.227006
  2 18.326101 -0.255708 0.597343 0.791281 -0.029439 0.610743 0.953033 0.180039
female.bmp
  2 18.760819 0.346417 0.510411 -0.160523 0.445151 0.880950 0.915851 0.230920
  2 18.281723 0.577321 0.134749 0.659799 0.645659 0.384435 0.941292 0.258317
  2 18.337293 0.225064 0.469156 0.646091 0.392520 0.654594 0.945205 0.227006
female.bmp
  2 18.760819 0.346417 0.510411 -0.160523 0.445151 0.880950 0.915851 0.230920
  2 18.692693 0.766535 0.165649 -0.309864 0.725361 0.614684 0.913894 0.264188
  2 18.281723 0.577321 0.134749 0.659799 0.645659 0.384435 0.941292 0.258317
female.bmp
  2 18.760819 0.346417 0.510411 -0.160523 0.445151 0.880950 0.915851 0.230920
  2 19.073790 0.411582 0.508832 -0.042537 0.405934 0.912912 0.884540 0.232877
  2 18.692693 0.766535 0.165649 -0.309864 0.725361 0.614684 0.913894 0.264188
female.bmp
  2 20.597517 0.646692 -0.819128 0.180810 -0.235518 -0.954903 0.753425 0.602740
  2 20.984850 1.107234 -0.860041 0.340093 -0.448098 -0.826768 0.710372 0.569472
  12 21.067716 0.914381 -0.245283 0.870687 0.144401 -0.470163 0.714286 0.587084
female.bmp
  2 20.597517 0.646692 -0.819128 0.180810 -0.235518 -0.954903 0.753425 0.602740
  12 20.718737 1.352753 -0.483282 0.047741 0.358125 -0.932452 0.737769 0.536204
  2 20.984850 1.107234 -0.860041 0.340093 -0.448098 -0.826768 0.710372 0.569472
female.bmp
  2 20.597517 0.646692 -0.819128 0.180810 -0.235518 -0.954903 0.753425 0.602740
  2 20.206570 1.080089 -0.890742 -0.056645 0.187715 -0.980589 0.774951 0.549902
  12 20.718737 1.352753 -0.483282 0.047741 0.358125 -0.932452 0.737769 0.536204
female.bmp
  2 20.597517 0.646692 -0.819128 0.180810 -0.235518 -0.954903 0.753425 0.602740
  2 19.321317 0.615099 -0.991805 -0.051501 0.126084 -0.990682 0.857143 0.573386
  2 20.206570 1.080089 -0.890742 -0.056645 0.187715 -0.980589 0.774951 0.549902
female.bmp
  2 20.597517 0.646692 -0.819128 0.180810 -0.235518 -0.954903 0.753425 0.602740
  2 19.616438 0.262076 -0.890912 0.173288 -0.350615 -0.920348 0.843444 0.618395
  2 19.321317 0.615099 -0.991805 -0.051501 0.126084 -0.990682 0.857143 0.573386
female.bmp
  2 20.597517 0.646692 -0.819128 0.180810 -0.235518 -0.954903 0.753425 0.602740
  2 19.830590 -0.070591 -0.608828 0.226250 -0.230101 -0.946501 0.833659 0.649706
  2 19.616438 0.262076 -0.890912 0.173288 -0.350615 -0.920348 0.843444 0.618395
female.bmp
  2 17.624727 -0.893754 0.628503 -0.940486 0.226458 -0.253382 0.144814 0.919765
  2 17.619316 -0.264747 0.793488 -0.803577 0.006319 0.595168 0.162427 0.868885
  2 17.626139 -0.264516 0.752826 -0.909412 -0.021398 -0.415345 0.158513 0.868885
female.bmp
  2 17.624727 -0.893754 0.628503 -0.940486 0.226458 -0.253382 0.144814 0.919765
  2 17.616994 -0.933921 0.658948 -0.752066 -0.320937 0.575670 0.146771 0.923679
  2 17.619316 -0.264747 0.793488 -0.803577 0.006319 0.595168 0.162427 0.868885
female.bmp
  2 17.624727 -0.893754 0.628503 -0.940486 0.226458 -0.253382 0.144814 0.919765
  2 17.583374 -1.121215 0.239078 -0.910021 0.412006 -0.045969 0.111546 0.935421
  2 17.616994 -0.933921 0.658948 -0.752066 -0.320937 0.575670 0.146771 0.923679
female.bmp
  2 17.624727 -0.893754 0.628503 -0.940486 0.226458 -0.253382 0.144814 0.919765
  2 17.740980 -0.971439 0.197516 -0.706826 0.689638 -0.157470 0.109589 0.925636
  2 17.583374 -1.121215 0.239078 -0.910021 0.412006 -0.045969 0.111546 0.935421
female.bmp
  2 17.624727 -0.893754 0.628503 -0.940486 0.226458 -0.253382 0.144814 0.919765
  2 17.776766 -0.763528 0.517034 -0.743548 0.353746 -0.567451 0.138943 0.909980
  2 17.740980 -0.971439 0.197516 -0.706826 0.689638 -0.157470 0.109589 0.925636
female.bmp
  2 17.624727 -0.893754 0.628503 -0.940486 0.226458 -0.253382 0.144814 0.919765
  2 17.626139 -0.264516 0.752826 -0.909412 -0.021398 -0.415345 0.158513 0.868885
  2 17.776766 -0.763528 0.517034 -0.743548 0.353746 -0.567451 0.138943 0.909980
female.bmp
  2 17.601010 -1.189516 -0.043631 -0.091478 -0.969528 -0.227259 0.088063 0.943249
  2 17.557245 -1.007475 -0.349973 -0.875863 -0.434173 -0.210615 0.064579 0.923679
  2 17.597059 -1.027578 -0.353244 -0.124693 -0.846956 -0.516834 0.062622 0.927593
female.bmp
  2 17.597059 -1.027578 -0.353244 -0.124693 -0.846956 -0.516834 0.062622 0.927593
  2 17.557245 -1.007475 -0.349973 -0.875863 -0.434173 -0.210615 0.064579 0.923679
  2 17.567195 -0.845883 -0.610529 -0.357311 -0.521463 -0.774859 0.045010 0.906067
female.bmp
  2 17.557245 -1.007475 -0.349973 -0.875863 -0.434173 -0.210615 0.064579 0.923679
  2 17.532254 -0.776168 -0.547135 -0.993973 -0.104863 -0.031958 0.048924 0.904110
  2 17.567195 -0.845883 -0.610529 -0.357311 -0.521463 -0.774859 0.045010 0.906067
female.bmp
  2 17.567195 -0.845883 -0.610529 -0.357311 -0.521463 -0.774859 0.045010 0.906067
  2 17.532254 -0.776168 -0.547135 -0.993973 -0.104863 -0.031958 0.048924 0.904110
  2 17.502954 -0.495286 -0.673417 -0.797853 0.395431 -0.455044 0.039139 0.880626
female.bmp
  2 17.532254 -0.776168 -0.547135 -0.993973 -0.104863 -0.031958 0.048924 0.904110
  2 17.534706 -0.746362 -0.517042 -0.835706 0.253092 0.487380 0.050881 0.902153
  2 17.502954 -0.495286 -0.673417 -0.797853 0.395431 -0.455044 0.039139 0.880626
female.bmp
  2 17.502954 -0.495286 -0.673417 -0.797853 0.395431 -0.455044 0.039139 0.880626
  2 17.534706 -0.746362 -0.517042 -0.835706 0.253092 0.487380 0.050881 0.902153
  2 17.516131 -0.475570 -0.634204 -0.711192 0.659474 0.243516 0.043053 0.878669
female.bmp
  1 12.716204 0.663376 1.001896 0.105430 0.621483 0.776301 0.336595 0.360078
  1 14.077770 0.961590 0.095085 0.117303 0.983538 0.137451 0.277886 0.246575
  1 12.650782 1.093719 0.262554 0.068776 0.986582 0.148073 0.287671 0.360078
female.bmp
  1 12.650782 1.093719 0.262554 0.068776 0.986582 0.148073 0.287671 0.360078
  1 14.077770 0.961590 0.095085 0.117303 0.983538 0.137451 0.277886 0.246575
  1 14.019814 0.831904 -0.464221 0.082775 0.831292 -0.549637 0.242661 0.246575
female.bmp
  1 14.077770 0.961590 0.095085 0.117303 0.983538 0.137451 0.277886 0.246575
  1 16.120066 0.654165 -0.339908 0.086682 0.940373 -0.328916 0.248532 0.133072
  1 14.019814 0.831904 -0.464221 0.082775 0.831292 -0.549637 0.242661 0.246575
female.bmp
  1 14.019814 0.831904 -0.464221 0.082775 0.831292 -0.549637 0.242661 0.246575
  1 16.120066 0.654165 -0.339908 0.086682 0.940373 -0.328916 0.248532 0.133072
  1 16.104192 0.394199 -0.639682 0.058054 0.647465 -0.759880 0.211350 0.129159
female.bmp
  1 16.120066 0.654165 -0.339908 0.086682 0.940373 -0.328916 0.248532 0.133072
  2 17.691117 0.462964 -0.481455 -0.007300 0.683838 -0.729597 0.215264 0.029354
  1 16.104192 0.394199 -0.639682 0.058054 0.647465 -0.759880 0.211350 0.129159
female.bmp
  1 16.104192 0.394199 -0.639682 0.058054 0.647465 -0.759880 0.211350 0.129159
  2 17.691117 0.462964 -0.481455 -0.007300 0.683838 -0.729597 0.215264 0.029354
  2 17.681786 0.243677 -0.592477 -0.015003 0.181316 -0.983310 0.189824 0.029354
female.bmp
  1 5.643859 0.136788 1.275506 -0.082432 0.678259 0.730184 0.342466 0.727984
  1 8.815508 0.837254 0.495129 -0.149811 0.981315 0.120737 0.289628 0.598826
  1 5.590800 0.467384 0.525980 -0.139685 0.987009 0.079385 0.289628 0.727984
female.bmp
  1 5.590800 0.467384 0.525980 -0.139685 0.987009 0.079385 0.289628 0.727984
  1 8.815508 0.837254 0.495129 -0.149811 0.981315 0.120737 0.289628 0.598826
  1 8.803499 0.587272 -0.434799 -0.098212 0.801319 -0.590121 0.232877 0.596869
female.bmp
  1 8.815508 0.837254 0.495129 -0.149811 0.981315 0.120737 0.289628 0.598826
  1 9.635991 0.746923 -0.392761 -0.098212 0.801319 -0.590121 0.234834 0.561644
  1 8.803499 0.587272 -0.434799 -0.098212 0.801319 -0.590121 0.232877 0.596869
female.bmp
  1 8.803499 0.587272 -0.434799 -0.098212 0.801319 -0.590121 0.232877 0.596869
  1 9.635991 0.746923 -0.392761 -0.098212 0.801319 -0.590121 0.234834 0.561644
  1 9.709071 -0.174128 -0.963484 -0.040767 0.165630 -0.985345 0.176125 0.557730
female.bmp
  1 9.635991 0.746923 -0.392761 -0.098212 0.801319 -0.590121 0.234834 0.561644
  1 9.649988 0.918879 -0.470700 -0.055623 0.801714 -0.595114 0.228963 0.534247
  1 9.709071 -0.174128 -0.963484 -0.040767 0.165630 -0.985345 0.176125 0.557730
female.bmp
  1 9.709071 -0.174128 -0.963484 -0.040767 0.165630 -0.985345 0.176125 0.557730
  1 9.649988 0.918879 -0.470700 -0.055623 0.801714 -0.595114 0.228963 0.534247
  1 9.606474 0.089056 -1.000038 -0.060529 0.166532 -0.984176 0.174168 0.532290
female.bmp
  24 -23.855294 -0.347862 0.269031 0.023009 -0.524595 0.851041 0.565558 0.424658
  25 -24.296054 -0.362165 0.274871 0.041307 -0.553843 0.831596 0.565558 0.363992
  25 -24.666513 -0.424286 0.193013 -0.172194 -0.952577 0.250889 0.583170 0.317025
female.bmp
  24 -23.855294 -0.347862 0.269031 0.023009 -0.524595 0.851041 0.565558 0.424658
  24 -23.865917 -0.174733 0.291698 0.012050 0.256258 0.966533 0.542074 0.420744
  25 -24.296054 -0.362165 0.274871 0.041307 -0.553843 0.831596 0.565558 0.363992
female.bmp
  24 -23.855294 -0.347862 0.269031 0.023009 -0.524595 0.851041 0.565558 0.424658
  24 -22.715408 -0.292602 0.244391 -0.098838 -0.366416 0.925187 0.565558 0.551859
  24 -23.865917 -0.174733 0.291698 0.012050 0.256258 0.966533 0.542074 0.420744
female.bmp
  24 -23.855294 -0.347862 0.269031 0.023009 -0.524595 0.851041 0.565558 0.424658
  24 -22.701436 -0.480276 0.100576 0.002234 -0.958793 0.284095 0.590998 0.559687
  24 -22.715408 -0.292602 0.244391 -0.098838 -0.366416 0.925187 0.565558 0.551859
female.bmp
  24 -23.855294 -0.347862 0.269031 0.023009 -0.524595 0.851041 0.565558 0.424658
  24 -23.863636 -0.471419 0.097089 0.002964 -0.978409 0.206656 0.585127 0.434442
  24 -22.701436 -0.480276 0.100576 0.002234 -0.958793 0.284095 0.590998 0.559687
female.bmp
  24 -23.855294 -0.347862 0.269031 0.023009 -0.524595 0.851041 0.565558 0.424658
  25 -24.666513 -0.424286 0.193013 -0.172194 -0.952577 0.250889 0.583170 0.317025
  24 -23.863636 -0.471419 0.097089 0.002964 -0.978409 0.206656 0.585127 0.434442
female.bmp
  26 -22.223762 -1.074360 -0.397162 -0.067001 0.238365 -0.968862 0.547945 0.841487
  27 -22.360240 -1.104570 -0.400174 -0.038734 0.217031 -0.975396 0.547945 0.831703
  26 -22.280316 -0.838740 -0.155533 -0.255843 0.923484 -0.285871 0.573386 0.837573
female.bmp
  26 -22.280316 -0.838740 -0.155533 -0.255843 0.923484 -0.285871 0.573386 0.837573
  27 -22.360240 -1.104570 -0.400174 -0.038734 0.217031 -0.975396 0.547945 0.831703
  27 -22.401117 -0.875880 -0.157417 -0.239852 0.933942 -0.264996 0.573386 0.827789
female.bmp
  27 -22.360240 -1.104570 -0.400174 -0.038734 0.217031 -0.975396 0.547945 0.831703
  27 -23.175213 -1.262204 -0.391789 -0.124694 0.248305 -0.960623 0.547945 0.747554
  27 -22.401117 -0.875880 -0.157417 -0.239852 0.933942 -0.264996 0.573386 0.827789
female.bmp
  27 -22.401117 -0.875880 -0.157417 -0.239852 0.933942 -0.264996 0.573386 0.827789
  27 -23.175213 -1.262204 -0.391789 -0.124694 0.248305 -0.960623 0.547945 0.747554
  27 -23.354956 -1.102387 -0.140490 -0.247636 0.945417 -0.211808 0.571429 0.737769
female.bmp
  27 -23.175213 -1.262204 -0.391789 -0.124694 0.248305 -0.960623 0.547945 0.747554
  28 -23.355099 -1.274632 -0.369807 -0.112701 0.352150 -0.929133 0.547945 0.726027
  27 -23.354956 -1.102387 -0.140490 -0.247636 0.945417 -0.211808 0.571429 0.737769
female.bmp
  27 -23.354956 -1.102387 -0.140490 -0.247636 0.945417 -0.211808 0.571429 0.737769
  28 -23.355099 -1.274632 -0.369807 -0.112701 0.352150 -0.929133 0.547945 0.726027
  28 -23.987694 -1.419955 -0.319753 -0.489017 0.386826 -0.781811 0.547945 0.626223
female.bmp
  28 -23.653649 -1.343705 0.133678 -0.116701 0.245251 0.962410 0.542074 0.367906
  28 -23.658709 -1.527091 0.076720 0.078125 -0.602730 0.794111 0.565558 0.363992
  27 -23.315227 -1.263556 0.142433 -0.127979 0.288536 0.948877 0.542074 0.420744
female.bmp
  28 -23.653649 -1.343705 0.133678 -0.116701 0.245251 0.962410 0.542074 0.367906
  28 -24.131175 -1.563896 0.072158 -0.085512 -0.094025 0.991891 0.557730 0.289628
  28 -23.658709 -1.527091 0.076720 0.078125 -0.602730 0.794111 0.565558 0.363992
female.bmp
  28 -23.653649 -1.343705 0.133678 -0.116701 0.245251 0.962410 0.542074 0.367906
  28 -24.176677 -1.492167 0.062962 -0.184651 0.233584 0.954642 0.544031 0.283757
  28 -24.131175 -1.563896 0.072158 -0.085512 -0.094025 0.991891 0.557730 0.289628
female.bmp
  28 -23.653649 -1.343705 0.133678 -0.116701 0.245251 0.962410 0.542074 0.367906
  28 -24.163457 -1.412307 0.022371 -0.225111 0.543580 0.808607 0.530333 0.287671
  28 -24.176677 -1.492167 0.062962 -0.184651 0.233584 0.954642 0.544031 0.283757
female.bmp
  28 -23.653649 -1.343705 0.133678 -0.116701 0.245251 0.962410 0.542074 0.367906
  28 -23.729022 -1.244057 -0.010159 -0.258653 0.855818 0.447968 0.516634 0.363992
  28 -24.163457 -1.412307 0.022371 -0.225111 0.543580 0.808607 0.530333 0.287671
female.bmp
  28 -23.653649 -1.343705 0.133678 -0.116701 0.245251 0.962410 0.542074 0.367906
  27 -23.315227 -1.263556 0.142433 -0.127979 0.288536 0.948877 0.542074 0.420744
  28 -23.729022 -1.244057 -0.010159 -0.258653 0.855818 0.447968 0.516634 0.363992
female.bmp
  20 -22.184806 0.780671 -0.246761 0.216497 0.232127 -0.948286 0.547945 0.841487
  20 -22.274922 0.792014 -0.253868 0.127715 0.217410 -0.967689 0.547945 0.831703
  20 -22.205232 0.977180 -0.039959 0.122278 0.925767 -0.357776 0.573386 0.837573
female.bmp
  20 -22.205232 0.977180 -0.039959 0.122278 0.925767 -0.357776 0.573386 0.837573
  20 -22.274922 0.792014 -0.253868 0.127715 0.217410 -0.967689 0.547945 0.831703
  20 -22.276030 0.983344 -0.047007 0.122278 0.925767 -0.357776 0.573386 0.827789
female.bmp
  20 -22.274922 0.792014 -0.253868 0.127715 0.217410 -0.967689 0.547945 0.831703
  21 -23.339289 0.964439 -0.245908 -0.009085 0.248392 -0.968617 0.547945 0.747554
  20 -22.276030 0.983344 -0.047007 0.122278 0.925767 -0.357776 0.573386 0.827789
female.bmp
  20 -22.276030 0.983344 -0.047007 0.122278 0.925767 -0.357776 0.573386 0.827789
  21 -23.339289 0.964439 -0.245908 -0.009085 0.248392 -0.968617 0.547945 0.747554
  21 -23.371160 1.143453 -0.035340 0.113763 0.926644 -0.358314 0.571429 0.737769
female.bmp
  21 -23.339289 0.964439 -0.245908 -0.009085 0.248392 -0.968617 0.547945 0.747554
  22 -23.482906 1.000107 -0.228051 0.007852 0.347773 -0.937546 0.547945 0.726027
  21 -23.371160 1.143453 -0.035340 0.113763 0.926644 -0.358314 0.571429 0.737769
female.bmp
  21 -23.371160 1.143453 -0.035340 0.113763 0.926644 -0.358314 0.571429 0.737769
  22 -23.482906 1.000107 -0.228051 0.007852 0.347773 -0.937546 0.547945 0.726027
  22 -24.246288 1.132630 -0.134319 -0.409701 0.495652 -0.765816 0.547945 0.626223
female.bmp
  29 -21.827587 1.397032 0.008054 -0.457110 -0.833016 0.311664 0.590998 0.559687
  29 -21.790678 1.553564 0.133496 -0.139309 -0.240154 0.960687 0.565558 0.551859
  30 -22.515578 1.759544 0.053325 -0.415152 -0.855630 0.309104 0.585127 0.434442
female.bmp
  30 -22.515578 1.759544 0.053325 -0.415152 -0.855630 0.309104 0.585127 0.434442
  29 -21.790678 1.553564 0.133496 -0.139309 -0.240154 0.960687 0.565558 0.551859
  30 -22.548677 1.877295 0.162593 -0.193744 -0.413637 0.889588 0.565558 0.424658
female.bmp
  29 -21.790678 1.553564 0.133496 -0.139309 -0.240154 0.960687 0.565558 0.551859
  29 -21.754570 1.692716 0.118234 0.198802 0.239514 0.950321 0.540117 0.551859
  30 -22.548677 1.877295 0.162593 -0.193744 -0.413637 0.889588 0.565558 0.424658
female.bmp
  30 -22.548677 1.877295 0.162593 -0.193744 -0.413637 0.889588 0.565558 0.424658
  29 -21.754570 1.692716 0.118234 0.198802 0.239514 0.950321 0.540117 0.551859
  30 -22.519965 2.025511 0.165319 0.104160 0.308113 0.945631 0.542074 0.420744
female.bmp
  29 -21.754570 1.692716 0.118234 0.198802 0.239514 0.950321 0.540117 0.551859
  30 -22.447164 2.123767 0.072336 0.314168 0.798206 0.513971 0.518591 0.422701
  30 -22.519965 2.025511 0.165319 0.104160 0.308113 0.945631 0.542074 0.420744
female.bmp
  30 -22.519965 2.025511 0.165319 0.104160 0.308113 0.945631 0.542074 0.420744
  30 -22.447164 2.123767 0.072336 0.314168 0.798206 0.513971 0.518591 0.422701
  31 -22.757558 2.252503 0.040387 0.315832 0.854686 0.412022 0.516634 0.363992
female.bmp
  22 -23.826897 1.067142 0.196774 0.736562 0.671833 0.078207 0.542074 0.367906
  22 -24.298982 0.998341 0.198231 -0.337618 -0.352672 0.872718 0.571429 0.295499
  22 -23.886903 0.915255 0.211933 -0.137641 -0.323748 0.936078 0.565558 0.363992
female.bmp
  22 -23.826897 1.067142 0.196774 0.736562 0.671833 0.078207 0.542074 0.367906
  22 -24.350631 1.079712 0.208772 0.020944 -0.020012 0.999580 0.557730 0.289628
  22 -24.298982 0.998341 0.198231 -0.337618 -0.352672 0.872718 0.571429 0.295499
female.bmp
  22 -23.826897 1.067142 0.196774 0.736562 0.671833 0.078207 0.542074 0.367906
  22 -24.361574 1.157682 0.207853 0.063081 0.268015 0.961347 0.544031 0.283757
  22 -24.350631 1.079712 0.208772 0.020944 -0.020012 0.999580 0.557730 0.289628
female.bmp
  22 -23.826897 1.067142 0.196774 0.736562 0.671833 0.078207 0.542074 0.367906
  22 -24.326007 1.212241 0.169666 0.116030 0.550312 0.826858 0.530333 0.289628
  22 -24.361574 1.157682 0.207853 0.063081 0.268015 0.961347 0.544031 0.283757
female.bmp
  33 -19.321224 -2.378372 -0.019190 0.810071 -0.584914 -0.040745 0.397260 0.976517
  33 -19.671233 -2.856477 -0.045815 0.895136 -0.433378 -0.104473 0.442270 0.958904
  33 -19.653705 -2.373210 -0.439701 0.360811 -0.357903 -0.861232 0.403131 0.935421
female.bmp
  33 -19.653705 -2.373210 -0.439701 0.360811 -0.357903 -0.861232 0.403131 0.935421
  33 -19.671233 -2.856477 -0.045815 0.895136 -0.433378 -0.104473 0.442270 0.958904
  33 -19.820674 -2.878250 -0.341946 0.503504 -0.297556 -0.811138 0.446184 0.937378
female.bmp
  33 -19.671233 -2.856477 -0.045815 0.895136 -0.433378 -0.104473 0.442270 0.958904
  34 -19.897128 -3.240100 -0.262298 0.160659 -0.881484 -0.444044 0.479452 0.939335
  33 -19.820674 -2.878250 -0.341946 0.503504 -0.297556 -0.811138 0.446184 0.937378
female.bmp
  33 -19.820674 -2.878250 -0.341946 0.503504 -0.297556 -0.811138 0.446184 0.937378
  34 -19.897128 -3.240100 -0.262298 0.160659 -0.881484 -0.444044 0.479452 0.939335
  33 -20.330712 -3.057725 -0.329695 -0.486646 -0.546106 -0.681868 0.477495 0.898239
female.bmp
  34 -19.897128 -3.240100 -0.262298 0.160659 -0.881484 -0.444044 0.479452 0.939335
  33 -20.203070 -3.090695 -0.273830 -0.369175 -0.839579 0.398517 0.483366 0.937378
  33 -20.330712 -3.057725 -0.329695 -0.486646 -0.546106 -0.681868 0.477495 0.898239
female.bmp
  33 -20.330712 -3.057725 -0.329695 -0.486646 -0.546106 -0.681868 0.477495 0.898239
  33 -20.203070 -3.090695 -0.273830 -0.369175 -0.839579 0.398517 0.483366 0.937378
  33 -20.359052 -3.061555 -0.218871 -0.517559 -0.841112 -0.157047 0.481409 0.898239
female.bmp
  34 -19.838055 -3.246132 -0.013553 0.855767 -0.516360 -0.032174 0.561644 0.138943
  33 -19.671233 -2.856477 -0.045815 0.895136 -0.433378 -0.104473 0.581213 0.095890
  34 -19.857643 -3.206418 0.268651 0.414606 -0.776527 0.474456 0.549902 0.133072
female.bmp
  34 -19.857643 -3.206418 0.268651 0.414606 -0.776527 0.474456 0.549902 0.133072
  33 -19.671233 -2.856477 -0.045815 0.895136 -0.433378 -0.104473 0.581213 0.095890
  33 -19.723280 -2.772842 0.237022 0.713726 -0.349571 0.606956 0.563601 0.095890
female.bmp
  33 -19.671233 -2.856477 -0.045815 0.895136 -0.433378 -0.104473 0.581213 0.095890
  33 -19.321224 -2.378372 -0.019190 0.810071 -0.584914 -0.040745 0.598826 0.064579
  33 -19.723280 -2.772842 0.237022 0.713726 -0.349571 0.606956 0.563601 0.095890
female.bmp
  33 -19.723280 -2.772842 0.237022 0.713726 -0.349571 0.606956 0.563601 0.095890
  33 -19.321224 -2.378372 -0.019190 0.810071 -0.584914 -0.040745 0.598826 0.064579
  33 -19.452642 -2.284942 0.286097 0.616264 -0.466697 0.634360 0.581213 0.058708
female.bmp
  33 -19.321224 -2.378372 -0.019190 0.810071 -0.584914 -0.040745 0.598826 0.064579
  32 -18.945443 -1.830945 0.002447 0.850925 -0.524335 -0.031605 0.616438 0.033268
  33 -19.452642 -2.284942 0.286097 0.616264 -0.466697 0.634360 0.581213 0.058708
female.bmp
  33 -19.452642 -2.284942 0.286097 0.616264 -0.466697 0.634360 0.581213 0.058708
  32 -18.945443 -1.830945 0.002447 0.850925 -0.524335 -0.031605 0.616438 0.033268
  32 -19.150488 -1.769143 0.401366 0.570296 -0.459686 0.680772 0.596869 0.023483
female.bmp
  19 -18.684440 -1.260532 0.034304 0.472656 -0.738395 0.481008 0.943249 0.080235
  19 -18.307189 -0.870871 0.426838 -0.770248 -0.386908 0.506971 0.962818 0.119374
  19 -18.900835 -0.829531 0.506333 0.161705 -0.337652 0.927277 0.915851 0.119374
female.bmp
  19 -18.900835 -0.829531 0.506333 0.161705 -0.337652 0.927277 0.915851 0.119374
  19 -18.307189 -0.870871 0.426838 -0.770248 -0.386908 0.506971 0.962818 0.119374
  19 -18.817662 -0.179379 0.595697 0.077196 0.069150 0.994615 0.915851 0.181996
female.bmp
  19 -18.307189 -0.870871 0.426838 -0.770248 -0.386908 0.506971 0.962818 0.119374
  19 -18.321733 -0.291113 0.537600 -0.784292 -0.023086 0.619962 0.953033 0.180039
  19 -18.817662 -0.179379 0.595697 0.077196 0.069150 0.994615 0.915851 0.181996
female.bmp
  19 -18.817662 -0.179379 0.595697 0.077196 0.069150 0.994615 0.915851 0.181996
  19 -18.321733 -0.291113 0.537600 -0.784292 -0.023086 0.619962 0.953033 0.180039
  19 -18.753248 0.320783 0.455384 0.182706 0.445447 0.876468 0.915851 0.230920
female.bmp
  19 -18.321733 -0.291113 0.537600 -0.784292 -0.023086 0.619962 0.953033 0.180039
  19 -18.323034 0.189229 0.408485 -0.635625 0.397912 0.661549 0.945205 0.227006
  19 -18.753248 0.320783 0.455384 0.182706 0.445447 0.876468 0.915851 0.230920
female.bmp
  19 -18.753248 0.320783 0.455384 0.182706 0.445447 0.876468 0.915851 0.230920
  19 -18.323034 0.189229 0.408485 -0.635625 0.397912 0.661549 0.945205 0.227006
  19 -18.272933 0.539962 0.071623 -0.650733 0.650773 0.391204 0.941292 0.258317
female.bmp
  29 -21.609728 1.601335 -0.346061 -0.851365 0.406223 -0.331903 0.647750 0.518591
  29 -21.585501 1.607553 -0.402404 -0.434411 0.414389 -0.799731 0.651663 0.520548
  29 -21.699748 1.356045 -0.351497 -0.678076 -0.379476 -0.629453 0.643836 0.544031
female.bmp
  29 -21.699748 1.356045 -0.351497 -0.678076 -0.379476 -0.629453 0.643836 0.544031
  29 -21.585501 1.607553 -0.402404 -0.434411 0.414389 -0.799731 0.651663 0.520548
  19 -20.993187 1.082873 -0.862488 -0.361036 -0.447299 -0.818277 0.710372 0.569472
female.bmp
  29 -21.585501 1.607553 -0.402404 -0.434411 0.414389 -0.799731 0.651663 0.520548
  29 -20.722079 1.326506 -0.528955 -0.047343 0.358043 -0.932504 0.737769 0.536204
  19 -20.993187 1.082873 -0.862488 -0.361036 -0.447299 -0.818277 0.710372 0.569472
female.bmp
  19 -20.993187 1.082873 -0.862488 -0.361036 -0.447299 -0.818277 0.710372 0.569472
  29 -20.722079 1.326506 -0.528955 -0.047343 0.358043 -0.932504 0.737769 0.536204
  19 -20.607642 0.620196 -0.829557 -0.203462 -0.235804 -0.950263 0.753425 0.602740
female.bmp
  29 -20.722079 1.326506 -0.528955 -0.047343 0.358043 -0.932504 0.737769 0.536204
  19 -20.225920 1.051117 -0.911383 0.035745 0.186039 -0.981892 0.774951 0.549902
  19 -20.607642 0.620196 -0.829557 -0.203462 -0.235804 -0.950263 0.753425 0.602740
female.bmp
  19 -20.607642 0.620196 -0.829557 -0.203462 -0.235804 -0.950263 0.753425 0.602740
  19 -20.225920 1.051117 -0.911383 0.035745 0.186039 -0.981892 0.774951 0.549902
  19 -19.346629 0.583761 -1.021959 0.030029 0.124423 -0.991775 0.857143 0.573386
female.bmp
  20 -22.186447 0.773862 -0.307184 -0.600321 0.211153 -0.771381 0.616438 0.602740
  20 -22.181286 1.027585 -0.066149 -0.471789 0.825743 -0.309133 0.614481 0.575342
  20 -21.271622 0.708883 -0.458755 -0.319209 0.325204 -0.890139 0.696673 0.604697
female.bmp
  20 -22.186447 0.773862 -0.307184 -0.600321 0.211153 -0.771381 0.616438 0.602740
  20 -22.205232 0.977180 -0.039959 -0.919740 0.360468 -0.155375 0.610568 0.579256
  20 -22.181286 1.027585 -0.066149 -0.471789 0.825743 -0.309133 0.614481 0.575342
female.bmp
  20 -22.186447 0.773862 -0.307184 -0.600321 0.211153 -0.771381 0.616438 0.602740
  20 -22.184806 0.780671 -0.246761 -0.993035 0.048363 -0.107440 0.612524 0.600783
  20 -22.205232 0.977180 -0.039959 -0.919740 0.360468 -0.155375 0.610568 0.579256
female.bmp
  20 -22.186447 0.773862 -0.307184 -0.600321 0.211153 -0.771381 0.616438 0.602740
  20 -22.237665 0.429449 -0.207406 -0.523147 -0.619623 -0.585136 0.618395 0.634051
  20 -22.184806 0.780671 -0.246761 -0.993035 0.048363 -0.107440 0.612524 0.600783
female.bmp
  20 -22.186447 0.773862 -0.307184 -0.600321 0.211153 -0.771381 0.616438 0.602740
  20 -21.532318 0.433604 -0.279985 -0.346935 -0.642725 -0.683038 0.686888 0.628180
  20 -22.237665 0.429449 -0.207406 -0.523147 -0.619623 -0.585136 0.618395 0.634051
female.bmp
  20 -22.186447 0.773862 -0.307184 -0.600321 0.211153 -0.771381 0.616438 0.602740
  20 -21.271622 0.708883 -0.458755 -0.319209 0.325204 -0.890139 0.696673 0.604697
  20 -21.532318 0.433604 -0.279985 -0.346935 -0.642725 -0.683038 0.686888 0.628180
female.bmp
  19 -17.623529 -0.933137 0.555418 0.939029 0.219517 -0.264646 0.144814 0.919765
  19 -17.609107 -0.303516 0.687968 0.904323 -0.028327 -0.425908 0.158513 0.868885
  19 -17.611361 -0.303612 0.727905 0.810501 0.001459 0.585736 0.162427 0.868885
female.bmp
  19 -17.623529 -0.933137 0.555418 0.939029 0.219517 -0.264646 0.144814 0.919765
  19 -17.767288 -0.802451 0.447462 0.739329 0.347778 -0.576579 0.138943 0.909980
  19 -17.609107 -0.303516 0.687968 0.904323 -0.028327 -0.425908 0.158513 0.868885
female.bmp
  19 -17.623529 -0.933137 0.555418 0.939029 0.219517 -0.264646 0.144814 0.919765
  19 -17.739865 -1.011703 0.127992 0.709748 0.684455 -0.166668 0.109589 0.925636
  19 -17.767288 -0.802451 0.447462 0.739329 0.347778 -0.576579 0.138943 0.909980
female.bmp
  19 -17.623529 -0.933137 0.555418 0.939029 0.219517 -0.264646 0.144814 0.919765
  19 -17.582234 -1.162249 0.166571 0.912285 0.405547 -0.057159 0.111546 0.935421
  19 -17.739865 -1.011703 0.127992 0.709748 0.684455 -0.166668 0.109589 0.925636
female.bmp
  19 -17.623529 -0.933137 0.555418 0.939029 0.219517 -0.264646 0.144814 0.919765
  19 -17.615912 -0.973263 0.595814 0.756466 -0.325454 0.567308 0.146771 0.923679
  19 -17.582234 -1.162249 0.166571 0.912285 0.405547 -0.057159 0.111546 0.935421
female.bmp
  19 -17.623529 -0.933137 0.555418 0.939029 0.219517 -0.264646 0.144814 0.919765
  19 -17.611361 -0.303612 0.727905 0.810501 0.001459 0.585736 0.162427 0.868885
  19 -17.615912 -0.973263 0.595814 0.756466 -0.325454 0.567308 0.146771 0.923679
female.bmp
  14 23.140795 2.230242 -0.056619 0.745491 0.145509 -0.650439 0.534247 0.618395
  14 23.142166 2.115605 -0.017165 0.743907 -0.560177 -0.364423 0.514677 0.626223
  14 22.884253 2.060031 -0.167141 0.288237 -0.276013 -0.916917 0.530333 0.643836
female.bmp
  14 22.884253 2.060031 -0.167141 0.288237 -0.276013 -0.916917 0.530333 0.643836
  14 23.142166 2.115605 -0.017165 0.743907 -0.560177 -0.364423 0.514677 0.626223
  13 22.591968 1.844875 -0.093372 0.422936 -0.719913 -0.550319 0.516634 0.731898
female.bmp
  14 23.142166 2.115605 -0.017165 0.743907 -0.560177 -0.364423 0.514677 0.626223
  13 22.516090 1.787534 0.116282 0.408378 -0.859185 0.308265 0.497065 0.741683
  13 22.591968 1.844875 -0.093372 0.422936 -0.719913 -0.550319 0.516634 0.731898
female.bmp
  13 22.591968 1.844875 -0.093372 0.422936 -0.719913 -0.550319 0.516634 0.731898
  13 22.516090 1.787534 0.116282 0.408378 -0.859185 0.308265 0.497065 0.741683
  13 22.505039 1.795869 -0.114388 0.473924 -0.667725 -0.574056 0.514677 0.753425
female.bmp
  13 22.516090 1.787534 0.116282 0.408378 -0.859185 0.308265 0.497065 0.741683
  12 21.825583 1.420026 0.044133 0.456316 -0.833482 0.311582 0.500978 0.827789
  13 22.505039 1.795869 -0.114388 0.473924 -0.667725 -0.574056 0.514677 0.753425
female.bmp
  8 24.773006 -0.350520 0.270062 0.777907 -0.574862 0.253762 0.514677 0.608611
  8 24.754205 -0.287103 0.021417 0.814711 -0.196110 -0.545698 0.534247 0.618395
  8 24.826624 -0.214277 0.242441 0.981136 -0.020671 0.192213 0.532290 0.600783
female.bmp
  8 24.826624 -0.214277 0.242441 0.981136 -0.020671 0.192213 0.532290 0.600783
  8 24.754205 -0.287103 0.021417 0.814711 -0.196110 -0.545698 0.534247 0.618395
  8 24.801051 -0.094627 0.185608 0.865059 0.491795 -0.099047 0.553816 0.604697
female.bmp
  8 24.754205 -0.287103 0.021417 0.814711 -0.196110 -0.545698 0.534247 0.618395
  8 24.698036 -0.173698 -0.024239 0.518953 0.421890 -0.743436 0.547945 0.626223
  8 24.801051 -0.094627 0.185608 0.865059 0.491795 -0.099047 0.553816 0.604697
female.bmp
  8 24.801051 -0.094627 0.185608 0.865059 0.491795 -0.099047 0.553816 0.604697
  8 24.698036 -0.173698 -0.024239 0.518953 0.421890 -0.743436 0.547945 0.626223
  8 24.703204 -0.038074 0.155147 0.332463 0.912988 -0.236476 0.565558 0.622309
female.bmp
  8 24.698036 -0.173698 -0.024239 0.518953 0.421890 -0.743436 0.547945 0.626223
  7 23.888321 0.026729 0.023146 0.070758 0.951248 -0.300200 0.571429 0.737769
  8 24.703204 -0.038074 0.155147 0.332463 0.912988 -0.236476 0.565558 0.622309
female.bmp
  9 22.280334 -0.824317 -0.115311 0.257241 0.922762 -0.286945 0.573386 0.837573
  10 22.393774 -0.865530 -0.119371 0.240631 0.933719 -0.265078 0.573386 0.827789
  10 22.352352 -1.094120 -0.362128 0.037860 0.217186 -0.975396 0.547945 0.831703
female.bmp
  10 22.352352 -1.094120 -0.362128 0.037860 0.217186 -0.975396 0.547945 0.831703
  10 22.393774 -0.865530 -0.119371 0.240631 0.933719 -0.265078 0.573386 0.827789
  10 23.178969 -1.244996 -0.355749 0.123871 0.248361 -0.960715 0.547945 0.747554
female.bmp
  10 22.393774 -0.865530 -0.119371 0.240631 0.933719 -0.265078 0.573386 0.827789
  10 23.349394 -1.083427 -0.104849 0.248481 0.945176 -0.211897 0.571429 0.737769
  10 23.178969 -1.244996 -0.355749 0.123871 0.248361 -0.960715 0.547945 0.747554
female.bmp
  10 23.178969 -1.244996 -0.355749 0.123871 0.248361 -0.960715 0.547945 0.747554
  10 23.349394 -1.083427 -0.104849 0.248481 0.945176 -0.211897 0.571429 0.737769
  11 23.346757 -1.264161 -0.331864 0.112035 0.352214 -0.929190 0.547945 0.726027
female.bmp
  10 23.349394 -1.083427 -0.104849 0.248481 0.945176 -0.211897 0.571429 0.737769
  11 23.981265 -1.400512 -0.283830 0.488558 0.386427 -0.782295 0.547945 0.626223
  11 23.346757 -1.264161 -0.331864 0.112035 0.352214 -0.929190 0.547945 0.726027
female.bmp
  3 22.213358 1.011506 0.015191 -0.126225 0.925789 -0.356344 0.573386 0.837573
  3 22.274556 1.015665 0.009071 -0.126225 0.925789 -0.356344 0.573386 0.827789
  3 22.277344 0.827715 -0.188835 -0.116011 0.219573 -0.968674 0.547945 0.831703
female.bmp
  3 22.277344 0.827715 -0.188835 -0.116011 0.219573 -0.968674 0.547945 0.831703
  3 22.274556 1.015665 0.009071 -0.126225 0.925789 -0.356344 0.573386 0.827789
  4 23.337788 1.002458 -0.188355 0.005689 0.247647 -0.968834 0.547945 0.747554
female.bmp
  3 22.274556 1.015665 0.009071 -0.126225 0.925789 -0.356344 0.573386 0.827789
  4 23.360885 1.176404 0.012665 -0.116210 0.926200 -0.358676 0.571429 0.737769
  4 23.337788 1.002458 -0.188355 0.005689 0.247647 -0.968834 0.547945 0.747554
female.bmp
  4 23.337788 1.002458 -0.188355 0.005689 0.247647 -0.968834 0.547945 0.747554
  4 23.360885 1.176404 0.012665 -0.116210 0.926200 -0.358676 0.571429 0.737769
  5 23.480471 1.037090 -0.167662 -0.011292 0.347027 -0.937787 0.547945 0.726027
female.bmp
  4 23.360885 1.176404 0.012665 -0.116210 0.926200 -0.358676 0.571429 0.737769
  5 24.234336 1.167832 -0.076039 0.406590 0.495632 -0.767485 0.547945 0.626223
  5 23.480471 1.037090 -0.167662 -0.011292 0.347027 -0.937787 0.547945 0.726027
female.bmp
  17 20.221125 -3.225389 -0.266867 0.255912 -0.071973 -0.964017 0.530333 0.968689
  17 20.082489 -3.674050 -0.160642 -0.446671 -0.304394 -0.841326 0.553816 0.921722
  17 19.911449 -3.172477 -0.224433 -0.578359 -0.286521 -0.763810 0.549902 0.982387
female.bmp
  17 20.221125 -3.225389 -0.266867 0.255912 -0.071973 -0.964017 0.530333 0.968689
  17 20.304568 -3.753068 -0.145238 0.397906 -0.264200 -0.878561 0.544031 0.906067
  17 20.082489 -3.674050 -0.160642 -0.446671 -0.304394 -0.841326 0.553816 0.921722
female.bmp
  17 20.221125 -3.225389 -0.266867 0.255912 -0.071973 -0.964017 0.530333 0.968689
  17 20.429955 -3.203021 -0.111658 0.878499 -0.018267 -0.477395 0.504892 0.958904
  17 20.304568 -3.753068 -0.145238 0.397906 -0.264200 -0.878561 0.544031 0.906067
female.bmp
  17 20.221125 -3.225389 -0.266867 0.255912 -0.071973 -0.964017 0.530333 0.968689
  16 20.181488 -3.075080 -0.269245 0.196313 -0.080968 -0.977193 0.512720 0.984344
  17 20.429955 -3.203021 -0.111658 0.878499 -0.018267 -0.477395 0.504892 0.958904
female.bmp
  17 20.221125 -3.225389 -0.266867 0.255912 -0.071973 -0.964017 0.530333 0.968689
  17 19.911449 -3.172477 -0.224433 -0.131231 -0.093174 -0.986964 0.549902 0.982387
  16 20.181488 -3.075080 -0.269245 0.196313 -0.080968 -0.977193 0.512720 0.984344
female.bmp
  16 19.657591 -2.819534 -0.046697 -0.907145 -0.406750 -0.107903 0.581213 0.095890
  16 19.710121 -2.743503 0.235898 -0.728853 -0.322039 0.604206 0.563601 0.095890
  16 19.321180 -2.337024 -0.036131 -0.827265 -0.560228 -0.042142 0.598826 0.064579
female.bmp
  16 19.321180 -2.337024 -0.036131 -0.827265 -0.560228 -0.042142 0.598826 0.064579
  16 19.710121 -2.743503 0.235898 -0.728853 -0.322039 0.604206 0.563601 0.095890
  16 19.452426 -2.247641 0.278488 -0.635241 -0.441835 0.633443 0.581213 0.058708
female.bmp
  16 19.710121 -2.743503 0.235898 -0.728853 -0.322039 0.604206 0.563601 0.095890
  16 19.744505 -2.129008 0.507216 -0.194585 -0.291883 0.936451 0.559687 0.058708
  16 19.452426 -2.247641 0.278488 -0.635241 -0.441835 0.633443 0.581213 0.058708
female.bmp
  16 19.452426 -2.247641 0.278488 -0.635241 -0.441835 0.633443 0.581213 0.058708
  16 19.744505 -2.129008 0.507216 -0.194585 -0.291883 0.936451 0.559687 0.058708
  15 19.164688 -1.762383 0.389083 -0.560266 -0.475523 0.678219 0.596869 0.023483
female.bmp
  16 19.744505 -2.129008 0.507216 -0.194585 -0.291883 0.936451 0.559687 0.058708
  15 19.556996 -1.662942 0.611133 -0.170239 -0.264198 0.949325 0.571429 0.017613
  15 19.164688 -1.762383 0.389083 -0.560266 -0.475523 0.678219 0.596869 0.023483
female.bmp
  2 20.562144 0.119612 0.563202 0.179849 0.198820 0.963392 0.765166 0.183953
  2 20.546009 -0.562988 0.543267 0.142911 -0.022914 0.989470 0.772994 0.127202
  6 21.131317 -0.244652 0.426441 0.199525 -0.212200 0.956640 0.716243 0.142857
female.bmp
  6 21.131317 -0.244652 0.426441 0.199525 -0.212200 0.956640 0.716243 0.142857
  2 20.546009 -0.562988 0.543267 0.142911 -0.022914 0.989470 0.772994 0.127202
  9 21.003505 -0.541047 0.332758 0.372109 0.198535 0.906708 0.729941 0.129159
female.bmp
  2 20.546009 -0.562988 0.543267 0.142911 -0.022914 0.989470 0.772994 0.127202
  9 21.085151 -0.788575 0.461457 0.165987 0.130151 0.977501 0.727984 0.101761
  9 21.003505 -0.541047 0.332758 0.372109 0.198535 0.906708 0.729941 0.129159
female.bmp
  9 21.003505 -0.541047 0.332758 0.372109 0.198535 0.906708 0.729941 0.129159
  9 21.085151 -0.788575 0.461457 0.165987 0.130151 0.977501 0.727984 0.101761
  9 22.280020 -0.879677 0.093100 0.301244 0.820344 0.486094 0.614481 0.080235
female.bmp
  9 21.085151 -0.788575 0.461457 0.165987 0.130151 0.977501 0.727984 0.101761
  9 22.220478 -1.021557 0.253490 0.250490 0.298224 0.921041 0.620352 0.066536
  9 22.280020 -0.879677 0.093100 0.301244 0.820344 0.486094 0.614481 0.080235
female.bmp
  16 20.413289 -2.537475 0.145302 0.948351 0.058342 0.311812 0.495108 0.088063
  16 20.377193 -1.980484 -0.176191 0.877617 -0.061498 -0.475401 0.463796 0.050881
  16 20.453171 -1.980935 0.105637 0.973696 -0.042945 0.223768 0.487280 0.045010
female.bmp
  16 20.413289 -2.537475 0.145302 0.948351 0.058342 0.311812 0.495108 0.088063
  16 20.436543 -2.590594 -0.105173 0.966814 0.068449 -0.246142 0.475538 0.088063
  16 20.377193 -1.980484 -0.176191 0.877617 -0.061498 -0.475401 0.463796 0.050881
female.bmp
  16 20.413289 -2.537475 0.145302 0.948351 0.058342 0.311812 0.495108 0.088063
  16 20.475960 -2.997447 -0.051163 0.888988 -0.443333 -0.114705 0.479452 0.119374
  16 20.436543 -2.590594 -0.105173 0.966814 0.068449 -0.246142 0.475538 0.088063
female.bmp
  16 20.413289 -2.537475 0.145302 0.948351 0.058342 0.311812 0.495108 0.088063
  16 20.433503 -2.981283 0.168236 0.916806 -0.024483 0.398582 0.497065 0.121331
  16 20.475960 -2.997447 -0.051163 0.888988 -0.443333 -0.114705 0.479452 0.119374
female.bmp
  16 20.413289 -2.537475 0.145302 0.948351 0.058342 0.311812 0.495108 0.088063
  17 20.266476 -3.050557 0.404606 0.444127 -0.636979 0.630086 0.516634 0.129159
  16 20.433503 -2.981283 0.168236 0.916806 -0.024483 0.398582 0.497065 0.121331
female.bmp
  9 22.151259 -1.339887 -0.249575 -0.069999 -0.796631 -0.600399 0.645793 0.013699
  9 21.163231 -1.283372 0.025935 0.066298 -0.962995 0.261237 0.727984 0.052838
  9 21.196385 -1.262988 -0.320309 0.027153 -0.731541 -0.681257 0.718200 0.029354
female.bmp
  9 21.196385 -1.262988 -0.320309 0.027153 -0.731541 -0.681257 0.718200 0.029354
  9 21.163231 -1.283372 0.025935 0.066298 -0.962995 0.261237 0.727984 0.052838
  9 20.833812 -1.336543 -0.279934 0.351485 -0.764636 -0.540176 0.747554 0.031311
female.bmp
  9 21.163231 -1.283372 0.025935 0.066298 -0.962995 0.261237 0.727984 0.052838
  9 20.802991 -1.345995 0.074976 0.285606 -0.883360 0.371623 0.765166 0.052838
  9 20.833812 -1.336543 -0.279934 0.351485 -0.764636 -0.540176 0.747554 0.031311
female.bmp
  9 20.833812 -1.336543 -0.279934 0.351485 -0.764636 -0.540176 0.747554 0.031311
  9 20.802991 -1.345995 0.074976 0.285606 -0.883360 0.371623 0.765166 0.052838
  15 20.345514 -1.573014 -0.285892 0.670010 -0.305682 -0.676495 0.769080 0.015656
female.bmp
  9 20.802991 -1.345995 0.074976 0.285606 -0.883360 0.371623 0.765166 0.052838
  15 20.486069 -1.483168 -0.001161 0.791200 -0.601603 0.109897 0.788650 0.027397
  15 20.345514 -1.573014 -0.285892 0.670010 -0.305682 -0.676495 0.769080 0.015656
female.bmp
  6 22.601966 -0.461559 0.110144 0.025770 -0.962350 0.270588 0.614481 0.741683
  6 21.537934 -0.456570 -0.321726 0.278107 -0.728699 -0.625822 0.698630 0.714286
  6 22.570570 -0.381667 -0.155433 0.080370 -0.716671 -0.692765 0.620352 0.726027
female.bmp
  6 22.570570 -0.381667 -0.155433 0.080370 -0.716671 -0.692765 0.620352 0.726027
  6 21.537934 -0.456570 -0.321726 0.278107 -0.728699 -0.625822 0.698630 0.714286
  6 22.569923 -0.134894 -0.238514 0.146130 0.219181 -0.964679 0.614481 0.696673
female.bmp
  6 21.537934 -0.456570 -0.321726 0.278107 -0.728699 -0.625822 0.698630 0.714286
  6 21.531683 -0.084922 -0.441888 0.292511 0.224447 -0.929549 0.690802 0.681018
  6 22.569923 -0.134894 -0.238514 0.146130 0.219181 -0.964679 0.614481 0.696673
female.bmp
  6 22.569923 -0.134894 -0.238514 0.146130 0.219181 -0.964679 0.614481 0.696673
  6 21.531683 -0.084922 -0.441888 0.292511 0.224447 -0.929549 0.690802 0.681018
  6 22.619633 0.081316 -0.027607 0.101606 0.932303 -0.347114 0.600783 0.675147
female.bmp
  6 21.531683 -0.084922 -0.441888 0.292511 0.224447 -0.929549 0.690802 0.681018
  3 21.197883 0.282437 0.312797 0.659955 0.323765 0.677965 0.682975 0.653620
  6 22.619633 0.081316 -0.027607 0.101606 0.932303 -0.347114 0.600783 0.675147
female.bmp
  2 18.570074 0.523670 -0.849772 -0.319966 0.302903 -0.897704 0.931507 0.571429
  2 18.595067 -0.185792 -0.856037 -0.105332 -0.152605 -0.982658 0.945205 0.639922
  2 18.200010 0.273142 -0.763582 0.606147 0.111909 -0.787441 0.958904 0.581213
female.bmp
  2 18.200010 0.273142 -0.763582 0.606147 0.111909 -0.787441 0.958904 0.581213
  2 18.595067 -0.185792 -0.856037 -0.105332 -0.152605 -0.982658 0.945205 0.639922
  2 18.200396 -0.367035 -0.737649 0.455804 -0.190207 -0.869519 0.974560 0.647750
female.bmp
  2 18.595067 -0.185792 -0.856037 -0.105332 -0.152605 -0.982658 0.945205 0.639922
  2 18.607721 -0.671833 -0.737277 -0.191340 -0.358876 -0.913563 0.953033 0.682975
  2 18.200396 -0.367035 -0.737649 0.455804 -0.190207 -0.869519 0.974560 0.647750
female.bmp
  2 18.200396 -0.367035 -0.737649 0.455804 -0.190207 -0.869519 0.974560 0.647750
  2 18.607721 -0.671833 -0.737277 -0.191340 -0.358876 -0.913563 0.953033 0.682975
  2 18.210189 -0.686537 -0.594266 0.485693 -0.434826 -0.758307 0.982387 0.679061
female.bmp
  2 18.607721 -0.671833 -0.737277 -0.191340 -0.358876 -0.913563 0.953033 0.682975
  2 18.227680 -0.959401 -0.372466 0.461759 -0.619247 -0.635068 0.988258 0.710372
  2 18.210189 -0.686537 -0.594266 0.485693 -0.434826 -0.758307 0.982387 0.679061
female.bmp
  17 19.816130 -3.220760 -0.006757 -0.870909 -0.490229 -0.034549 0.481409 0.953033
  17 19.873271 -3.215631 -0.265424 -0.184099 -0.880177 -0.437488 0.479452 0.939335
  17 19.911449 -3.172477 -0.224433 0.521720 -0.726653 0.446972 0.483366 0.951076
female.bmp
  17 19.911449 -3.172477 -0.224433 0.521720 -0.726653 0.446972 0.483366 0.951076
  17 19.873271 -3.215631 -0.265424 -0.184099 -0.880177 -0.437488 0.479452 0.939335
  16 20.181488 -3.075080 -0.269245 0.340134 -0.846801 0.408945 0.483366 0.937378
female.bmp
  17 19.873271 -3.215631 -0.265424 -0.184099 -0.880177 -0.437488 0.479452 0.939335
  16 20.312966 -3.055123 -0.325948 0.475033 -0.566925 -0.673008 0.477495 0.898239
  16 20.181488 -3.075080 -0.269245 0.340134 -0.846801 0.408945 0.483366 0.937378
female.bmp
  16 20.181488 -3.075080 -0.269245 0.340134 -0.846801 0.408945 0.483366 0.937378
  16 20.312966 -3.055123 -0.325948 0.475033 -0.566925 -0.673008 0.477495 0.898239
  16 20.342077 -3.057767 -0.215288 0.492765 -0.857937 -0.145352 0.481409 0.898239
female.bmp
  16 20.312966 -3.055123 -0.325948 0.475033 -0.566925 -0.673008 0.477495 0.898239
  16 20.449536 -3.016300 -0.022071 0.489754 -0.868410 0.077490 0.483366 0.882583
  16 20.342077 -3.057767 -0.215288 0.492765 -0.857937 -0.145352 0.481409 0.898239
female.bmp
  2 18.236156 -1.100915 -0.133297 0.559979 -0.809989 -0.174189 0.978474 0.086106
  2 18.683474 -1.224446 0.084964 -0.465966 -0.736436 0.490446 0.943249 0.080235
  2 18.264338 -1.062422 0.095447 0.618971 -0.761350 0.192927 0.972603 0.097847
female.bmp
  2 18.264338 -1.062422 0.095447 0.618971 -0.761350 0.192927 0.972603 0.097847
  2 18.683474 -1.224446 0.084964 -0.465966 -0.736436 0.490446 0.943249 0.080235
  2 18.305661 -0.844961 0.484810 0.773368 -0.393002 0.497445 0.962818 0.119374
female.bmp
  2 18.683474 -1.224446 0.084964 -0.465966 -0.736436 0.490446 0.943249 0.080235
  2 18.912820 -0.795385 0.552626 -0.142835 -0.338128 0.930198 0.915851 0.119374
  2 18.305661 -0.844961 0.484810 0.773368 -0.393002 0.497445 0.962818 0.119374
female.bmp
  2 18.305661 -0.844961 0.484810 0.773368 -0.393002 0.497445 0.962818 0.119374
  2 18.912820 -0.795385 0.552626 -0.142835 -0.338128 0.930198 0.915851 0.119374
  2 18.834292 -0.147683 0.635177 -0.054533 0.068086 0.996188 0.915851 0.181996
female.bmp
  2 18.912820 -0.795385 0.552626 -0.142835 -0.338128 0.930198 0.915851 0.119374
  2 19.884763 -0.809059 0.615399 0.035895 -0.152930 0.987585 0.833659 0.113503
  2 18.834292 -0.147683 0.635177 -0.054533 0.068086 0.996188 0.915851 0.181996
female.bmp
  2 17.489242 0.762176 -0.252939 -0.851792 0.523130 0.028009 0.117417 0.984344
  2 17.545808 0.649103 0.213338 -0.806470 0.471051 0.357375 0.068493 0.970646
  2 17.585746 0.669000 0.210316 -0.079398 0.888197 0.452550 0.066536 0.976517
female.bmp
  2 17.585746 0.669000 0.210316 -0.079398 0.888197 0.452550 0.066536 0.976517
  2 17.545808 0.649103 0.213338 -0.806470 0.471051 0.357375 0.068493 0.970646
  2 17.641449 0.275934 0.674855 0.041549 0.508972 0.859780 0.019569 0.929550
female.bmp
  2 17.545808 0.649103 0.213338 -0.806470 0.471051 0.357375 0.068493 0.970646
  2 17.600756 0.266102 0.667971 -0.774685 0.277974 0.567973 0.023483 0.925636
  2 17.641449 0.275934 0.674855 0.041549 0.508972 0.859780 0.019569 0.929550
female.bmp
  2 17.641449 0.275934 0.674855 0.041549 0.508972 0.859780 0.019569 0.929550
  2 17.600756 0.266102 0.667971 -0.774685 0.277974 0.567973 0.023483 0.925636
  2 17.660734 -0.274979 0.810217 0.025123 0.018143 0.999520 0.007828 0.868885
female.bmp
  2 17.600756 0.266102 0.667971 -0.774685 0.277974 0.567973 0.023483 0.925636
  2 17.619316 -0.264747 0.793488 -0.803577 0.006319 0.595168 0.015656 0.868885
  2 17.660734 -0.274979 0.810217 0.025123 0.018143 0.999520 0.007828 0.868885
female.bmp
  2 17.959928 -1.092005 0.179462 -0.581522 -0.747863 0.320207 0.947162 0.426614
  2 17.928506 -1.160241 -0.089343 -0.657952 -0.748853 -0.079490 0.923679 0.420744
  2 17.969712 -1.152029 0.178303 -0.581522 -0.747863 0.320207 0.951076 0.418787
female.bmp
  2 17.969712 -1.152029 0.178303 -0.581522 -0.747863 0.320207 0.951076 0.418787
  2 17.928506 -1.160241 -0.089343 -0.657952 -0.748853 -0.079490 0.923679 0.420744
  2 18.254878 -1.152457 0.105644 0.675279 -0.725959 0.130315 0.951076 0.373777
female.bmp
  2 17.928506 -1.160241 -0.089343 -0.657952 -0.748853 -0.079490 0.923679 0.420744
  2 18.223612 -1.170694 -0.162852 0.545981 -0.800210 -0.248128 0.925636 0.375734
  2 18.254878 -1.152457 0.105644 0.675279 -0.725959 0.130315 0.951076 0.373777
female.bmp
  2 18.254878 -1.152457 0.105644 0.675279 -0.725959 0.130315 0.951076 0.373777
  2 18.223612 -1.170694 -0.162852 0.545981 -0.800210 -0.248128 0.925636 0.375734
  2 18.264338 -1.062422 0.095447 0.618971 -0.761350 0.192927 0.949119 0.365949
female.bmp
  2 18.223612 -1.170694 -0.162852 0.545981 -0.800210 -0.248128 0.925636 0.375734
  2 18.236156 -1.100915 -0.133297 0.559979 -0.809989 -0.174189 0.925636 0.367906
  2 18.264338 -1.062422 0.095447 0.618971 -0.761350 0.192927 0.949119 0.365949
female.bmp
  1 16.176675 -0.186001 0.779654 0.139039 0.097760 0.985450 0.369863 0.131115
  2 17.795355 -0.264145 0.609071 0.191748 0.065049 0.979286 0.367906 0.035225
  2 17.784096 0.166873 0.452240 0.174016 0.595891 0.783985 0.330724 0.033268
female.bmp
  1 16.176675 -0.186001 0.779654 0.139039 0.097760 0.985450 0.369863 0.131115
  2 17.775917 -0.783463 0.506941 0.140932 -0.595100 0.791198 0.410959 0.037182
  2 17.795355 -0.264145 0.609071 0.191748 0.065049 0.979286 0.367906 0.035225
female.bmp
  1 16.176675 -0.186001 0.779654 0.139039 0.097760 0.985450 0.369863 0.131115
  1 16.230422 -0.736516 0.649096 0.112477 -0.565719 0.816891 0.418787 0.125245
  2 17.775917 -0.783463 0.506941 0.140932 -0.595100 0.791198 0.410959 0.037182
female.bmp
  1 16.176675 -0.186001 0.779654 0.139039 0.097760 0.985450 0.369863 0.131115
  1 14.173489 -0.789020 0.954332 0.132423 -0.511022 0.849306 0.430528 0.240705
  1 16.230422 -0.736516 0.649096 0.112477 -0.565719 0.816891 0.418787 0.125245
female.bmp
  1 16.176675 -0.186001 0.779654 0.139039 0.097760 0.985450 0.369863 0.131115
  1 14.120588 -0.138509 1.084858 0.139039 0.097760 0.985450 0.377691 0.244618
  1 14.173489 -0.789020 0.954332 0.132423 -0.511022 0.849306 0.430528 0.240705
female.bmp
  1 5.670749 -0.693899 -1.104858 -0.039731 0.201396 -0.978704 0.176125 0.720157
  1 9.157785 -1.217322 -0.778201 0.133524 -0.597350 -0.790787 0.099804 0.585127
  1 5.780510 -1.685316 -0.885897 0.063681 -0.586655 -0.807330 0.099804 0.722114
female.bmp
  1 5.780510 -1.685316 -0.885897 0.063681 -0.586655 -0.807330 0.099804 0.722114
  1 9.157785 -1.217322 -0.778201 0.133524 -0.597350 -0.790787 0.099804 0.585127
  1 5.852828 -2.206146 0.033454 0.123091 -0.970079 -0.209272 0.054795 0.722114
female.bmp
  1 9.157785 -1.217322 -0.778201 0.133524 -0.597350 -0.790787 0.099804 0.585127
  1 9.240322 -1.628285 0.021047 0.192563 -0.962887 -0.189124 0.054795 0.583170
  1 5.852828 -2.206146 0.033454 0.123091 -0.970079 -0.209272 0.054795 0.722114
female.bmp
  1 5.852828 -2.206146 0.033454 0.123091 -0.970079 -0.209272 0.054795 0.722114
  1 9.240322 -1.628285 0.021047 0.192563 -0.962887 -0.189124 0.054795 0.583170
  1 5.881379 -2.126400 0.823218 0.123829 -0.892453 0.433812 0.009785 0.726027
female.bmp
  1 9.240322 -1.628285 0.021047 0.192563 -0.962887 -0.189124 0.054795 0.583170
  1 9.268492 -1.548539 0.770812 0.192194 -0.884548 0.425013 0.009785 0.589041
  1 5.881379 -2.126400 0.823218 0.123829 -0.892453 0.433812 0.009785 0.726027
female.bmp
  31 -23.127662 2.085365 0.060092 -0.551263 -0.761105 0.341801 0.583170 0.317025
  31 -22.850990 2.026764 0.136370 -0.193441 -0.269871 0.943266 0.565558 0.363992
  31 -23.133542 2.156226 0.134551 -0.413246 -0.316604 0.853809 0.571429 0.295499
female.bmp
  31 -23.133542 2.156226 0.134551 -0.413246 -0.316604 0.853809 0.571429 0.295499
  31 -22.850990 2.026764 0.136370 -0.193441 -0.269871 0.943266 0.565558 0.363992
  31 -23.182623 2.241585 0.144795 0.006905 0.045234 0.998953 0.557730 0.289628
female.bmp
  31 -22.850990 2.026764 0.136370 -0.193441 -0.269871 0.943266 0.565558 0.363992
  31 -22.752615 2.141141 0.142730 0.107927 0.379633 0.918820 0.542074 0.367906
  31 -23.182623 2.241585 0.144795 0.006905 0.045234 0.998953 0.557730 0.289628
female.bmp
  31 -23.182623 2.241585 0.144795 0.006905 0.045234 0.998953 0.557730 0.289628
  31 -22.752615 2.141141 0.142730 0.107927 0.379633 0.918820 0.542074 0.367906
  31 -23.178866 2.317614 0.134516 0.107927 0.379633 0.918820 0.544031 0.283757
female.bmp
  31 -22.752615 2.141141 0.142730 0.107927 0.379633 0.918820 0.542074 0.367906
  31 -23.136118 2.353156 0.091979 0.248282 0.635379 0.731197 0.530333 0.289628
  31 -23.178866 2.317614 0.134516 0.107927 0.379633 0.918820 0.544031 0.283757
female.bmp
  24 -23.884962 0.007014 -0.011296 -0.067906 0.950991 -0.301671 0.571429 0.737769
  25 -24.693736 -0.199689 -0.070455 -0.503658 0.419823 -0.755035 0.547945 0.626223
  25 -24.702904 -0.064041 0.108754 -0.330830 0.911620 -0.243927 0.565558 0.622309
female.bmp
  25 -24.702904 -0.064041 0.108754 -0.330830 0.911620 -0.243927 0.565558 0.622309
  25 -24.693736 -0.199689 -0.070455 -0.503658 0.419823 -0.755035 0.547945 0.626223
  25 -24.801702 -0.120218 0.136735 -0.864640 0.488168 -0.118700 0.553816 0.604697
female.bmp
  25 -24.693736 -0.199689 -0.070455 -0.503658 0.419823 -0.755035 0.547945 0.626223
  25 -24.751471 -0.312877 -0.026237 -0.801236 -0.199447 -0.564130 0.534247 0.618395
  25 -24.801702 -0.120218 0.136735 -0.864640 0.488168 -0.118700 0.553816 0.604697
female.bmp
  25 -24.801702 -0.120218 0.136735 -0.864640 0.488168 -0.118700 0.553816 0.604697
  25 -24.751471 -0.312877 -0.026237 -0.801236 -0.199447 -0.564130 0.534247 0.618395
  25 -24.829158 -0.239768 0.192897 -0.985165 -0.024826 0.169807 0.532290 0.600783
female.bmp
  25 -24.751471 -0.312877 -0.026237 -0.801236 -0.199447 -0.564130 0.534247 0.618395
  25 -24.776774 -0.376214 0.221852 -0.781058 -0.578171 0.235936 0.514677 0.608611
  25 -24.829158 -0.239768 0.192897 -0.985165 -0.024826 0.169807 0.532290 0.600783
female.bmp
  34 -20.010613 -3.138932 0.384607 0.323338 -0.183160 0.928388 0.536204 0.129159
  34 -20.292181 -3.068444 0.403335 -0.468506 -0.628643 0.620734 0.516634 0.129159
  34 -20.270709 -3.063997 0.373017 -0.216035 -0.947623 -0.235242 0.514677 0.135029
female.bmp
  34 -20.270709 -3.063997 0.373017 -0.216035 -0.947623 -0.235242 0.514677 0.135029
  34 -20.292181 -3.068444 0.403335 -0.468506 -0.628643 0.620734 0.516634 0.129159
  33 -20.451888 -2.988827 0.165047 -0.920339 0.000076 0.391121 0.497065 0.121331
female.bmp
  34 -20.292181 -3.068444 0.403335 -0.468506 -0.628643 0.620734 0.516634 0.129159
  33 -20.423559 -2.552155 0.150386 -0.948631 0.084598 0.304864 0.495108 0.088063
  33 -20.451888 -2.988827 0.165047 -0.920339 0.000076 0.391121 0.497065 0.121331
female.bmp
  33 -20.451888 -2.988827 0.165047 -0.920339 0.000076 0.391121 0.497065 0.121331
  33 -20.423559 -2.552155 0.150386 -0.948631 0.084598 0.304864 0.495108 0.088063
  33 -20.504424 -3.004902 -0.053772 -0.901159 -0.414853 -0.125733 0.479452 0.119374
female.bmp
  33 -20.423559 -2.552155 0.150386 -0.948631 0.084598 0.304864 0.495108 0.088063
  33 -20.443174 -2.597068 -0.099810 -0.962234 0.100221 -0.253102 0.475538 0.088063
  33 -20.504424 -3.004902 -0.053772 -0.901159 -0.414853 -0.125733 0.479452 0.119374
female.bmp
  32 -20.480084 -1.522429 0.016388 -0.782057 -0.611369 0.120891 0.788650 0.027397
  26 -20.813519 -1.368416 0.028451 -0.285746 -0.881096 0.376853 0.765166 0.052838
  32 -20.339050 -1.606620 -0.269832 -0.668975 -0.322917 -0.669475 0.769080 0.015656
female.bmp
  32 -20.339050 -1.606620 -0.269832 -0.668975 -0.322917 -0.669475 0.769080 0.015656
  26 -20.813519 -1.368416 0.028451 -0.285746 -0.881096 0.376853 0.765166 0.052838
  26 -20.848290 -1.360783 -0.336011 -0.361760 -0.763930 -0.534360 0.747554 0.031311
female.bmp
  26 -20.813519 -1.368416 0.028451 -0.285746 -0.881096 0.376853 0.765166 0.052838
  26 -21.164005 -1.303274 -0.026469 -0.068171 -0.962093 0.264062 0.727984 0.052838
  26 -20.848290 -1.360783 -0.336011 -0.361760 -0.763930 -0.534360 0.747554 0.031311
female.bmp
  26 -20.848290 -1.360783 -0.336011 -0.361760 -0.763930 -0.534360 0.747554 0.031311
  26 -21.164005 -1.303274 -0.026469 -0.068171 -0.962093 0.264062 0.727984 0.052838
  26 -21.201133 -1.283440 -0.372342 -0.038953 -0.732807 -0.679320 0.718200 0.029354
female.bmp
  26 -21.164005 -1.303274 -0.026469 -0.068171 -0.962093 0.264062 0.727984 0.052838
  26 -22.155490 -1.355250 -0.290204 0.058806 -0.798231 -0.599474 0.645793 0.013699
  26 -21.201133 -1.283440 -0.372342 -0.038953 -0.732807 -0.679320 0.718200 0.029354
female.bmp
  26 -21.006650 -0.563147 0.276931 -0.360363 0.202347 0.910601 0.729941 0.129159
  23 -21.135337 -0.264028 0.433659 -0.203745 -0.211475 0.955911 0.716243 0.142857
  26 -21.174600 -0.496359 0.104209 -0.643610 -0.060639 0.762947 0.716243 0.129159
female.bmp
  26 -21.174600 -0.496359 0.104209 -0.643610 -0.060639 0.762947 0.716243 0.129159
  23 -21.135337 -0.264028 0.433659 -0.203745 -0.211475 0.955911 0.716243 0.142857
  23 -22.577077 -0.290079 0.284977 -0.150986 -0.351061 0.924099 0.579256 0.127202
female.bmp
  23 -21.135337 -0.264028 0.433659 -0.203745 -0.211475 0.955911 0.716243 0.142857
  23 -21.210101 -0.023475 0.408265 -0.144202 0.275720 0.950360 0.706458 0.166341
  23 -22.577077 -0.290079 0.284977 -0.150986 -0.351061 0.924099 0.579256 0.127202
female.bmp
  23 -22.577077 -0.290079 0.284977 -0.150986 -0.351061 0.924099 0.579256 0.127202
  23 -21.210101 -0.023475 0.408265 -0.144202 0.275720 0.950360 0.706458 0.166341
  23 -22.569067 -0.122352 0.286874 -0.144202 0.275720 0.950360 0.575342 0.148728
female.bmp
  23 -21.210101 -0.023475 0.408265 -0.144202 0.275720 0.950360 0.706458 0.166341
  23 -22.588591 0.039723 0.166664 -0.166482 0.833563 0.526741 0.569472 0.162427
  23 -22.569067 -0.122352 0.286874 -0.144202 0.275720 0.950360 0.575342 0.148728
female.bmp
  19 -18.307189 -0.870871 0.426838 -0.770248 -0.386908 0.506971 0.962818 0.119374
  19 -18.684440 -1.260532 0.034304 0.472656 -0.738395 0.481008 0.943249 0.080235
  19 -18.265893 -1.099984 0.037991 -0.621995 -0.756732 0.201195 0.972603 0.097847
female.bmp
  19 -18.265893 -1.099984 0.037991 -0.621995 -0.756732 0.201195 0.972603 0.097847
  19 -18.684440 -1.260532 0.034304 0.472656 -0.738395 0.481008 0.943249 0.080235
  19 -18.243061 -1.139456 -0.191183 -0.567628 -0.806270 -0.166515 0.978474 0.086106
female.bmp
  19 -18.684440 -1.260532 0.034304 0.472656 -0.738395 0.481008 0.943249 0.080235
  19 -18.669988 -1.332034 -0.246728 0.695245 -0.718368 -0.024100 0.954990 0.070450
  19 -18.243061 -1.139456 -0.191183 -0.567628 -0.806270 -0.166515 0.978474 0.086106
female.bmp
  19 -18.243061 -1.139456 -0.191183 -0.567628 -0.806270 -0.166515 0.978474 0.086106
  19 -18.669988 -1.332034 -0.246728 0.695245 -0.718368 -0.024100 0.954990 0.070450
  19 -18.228577 -0.998851 -0.440423 -0.473474 -0.616824 -0.628770 0.984344 0.076321
female.bmp
  19 -18.669988 -1.332034 -0.246728 0.695245 -0.718368 -0.024100 0.954990 0.070450
  19 -18.668004 -1.207304 -0.533848 0.590589 -0.478773 -0.649601 0.964775 0.060665
  19 -18.228577 -0.998851 -0.440423 -0.473474 -0.616824 -0.628770 0.984344 0.076321
female.bmp
  19 -18.228577 -0.998851 -0.440423 -0.473474 -0.616824 -0.628770 0.988258 0.710372
  19 -18.624827 -0.706701 -0.780692 0.168817 -0.361216 -0.917074 0.953033 0.682975
  19 -18.215416 -0.728320 -0.659374 -0.497546 -0.432401 -0.751982 0.982387 0.679061
female.bmp
  19 -18.215416 -0.728320 -0.659374 -0.497546 -0.432401 -0.751982 0.982387 0.679061
  19 -18.624827 -0.706701 -0.780692 0.168817 -0.361216 -0.917074 0.953033 0.682975
  19 -18.206594 -0.397982 -0.798297 -0.467255 -0.188141 -0.863873 0.974560 0.647750
female.bmp
  19 -18.624827 -0.706701 -0.780692 0.168817 -0.361216 -0.917074 0.953033 0.682975
  19 -18.611252 -0.223696 -0.910002 0.082451 -0.154556 -0.984538 0.945205 0.639922
  19 -18.206594 -0.397982 -0.798297 -0.467255 -0.188141 -0.863873 0.974560 0.647750
female.bmp
  19 -18.206594 -0.397982 -0.798297 -0.467255 -0.188141 -0.863873 0.974560 0.647750
  19 -18.611252 -0.223696 -0.910002 0.082451 -0.154556 -0.984538 0.945205 0.639922
  19 -18.203123 0.232085 -0.826619 -0.614509 0.115127 -0.780464 0.958904 0.581213
female.bmp
  19 -18.611252 -0.223696 -0.910002 0.082451 -0.154556 -0.984538 0.945205 0.639922
  19 -18.582119 0.485621 -0.905368 0.301498 0.299844 -0.905093 0.931507 0.571429
  19 -18.203123 0.232085 -0.826619 -0.614509 0.115127 -0.780464 0.958904 0.581213
female.bmp
  23 -21.529786 -0.476984 -0.315980 -0.277936 -0.727945 -0.626776 0.698630 0.714286
  23 -22.561116 -0.151976 -0.237683 -0.141855 0.219491 -0.965247 0.614481 0.696673
  23 -21.532509 -0.108714 -0.446245 -0.288350 0.225199 -0.930666 0.690802 0.681018
female.bmp
  23 -21.529786 -0.476984 -0.315980 -0.277936 -0.727945 -0.626776 0.698630 0.714286
  23 -22.573349 -0.401453 -0.162775 -0.079912 -0.716518 -0.692976 0.620352 0.726027
  23 -22.561116 -0.151976 -0.237683 -0.141855 0.219491 -0.965247 0.614481 0.696673
female.bmp
  23 -21.529786 -0.476984 -0.315980 -0.277936 -0.727945 -0.626776 0.698630 0.714286
  23 -22.605426 -0.477561 0.112505 -0.029662 -0.962233 0.270605 0.614481 0.741683
  23 -22.573349 -0.401453 -0.162775 -0.079912 -0.716518 -0.692976 0.620352 0.726027
female.bmp
  23 -21.529786 -0.476984 -0.315980 -0.277936 -0.727945 -0.626776 0.698630 0.714286
  26 -21.174600 -0.496359 0.104209 -0.643610 -0.060639 0.762947 0.700587 0.727984
  23 -22.605426 -0.477561 0.112505 -0.029662 -0.962233 0.270605 0.614481 0.741683
female.bmp
  23 -21.529786 -0.476984 -0.315980 -0.277936 -0.727945 -0.626776 0.698630 0.714286
  26 -21.322994 -0.688084 -0.428915 -0.776611 -0.222482 -0.589386 0.718200 0.727984
  26 -21.174600 -0.496359 0.104209 -0.643610 -0.060639 0.762947 0.700587 0.727984
female.bmp
  19 -18.243061 -1.139456 -0.191183 -0.567628 -0.806270 -0.166515 0.925636 0.367906
  19 -18.231584 -1.209412 -0.220753 -0.554430 -0.796684 -0.240627 0.925636 0.375734
  19 -18.265893 -1.099984 0.037991 -0.621995 -0.756732 0.201195 0.949119 0.365949
female.bmp
  19 -18.265893 -1.099984 0.037991 -0.621995 -0.756732 0.201195 0.949119 0.365949
  19 -18.231584 -1.209412 -0.220753 -0.554430 -0.796684 -0.240627 0.925636 0.375734
  19 -18.266147 -1.189983 0.037759 -0.678778 -0.721031 0.139194 0.951076 0.373777
female.bmp
  19 -18.231584 -1.209412 -0.220753 -0.554430 -0.796684 -0.240627 0.925636 0.375734
  19 -17.934851 -1.200424 -0.153903 0.651724 -0.753552 -0.086113 0.923679 0.420744
  19 -18.266147 -1.189983 0.037759 -0.678778 -0.721031 0.139194 0.951076 0.373777
female.bmp
  19 -18.266147 -1.189983 0.037759 -0.678778 -0.721031 0.139194 0.951076 0.373777
  19 -17.934851 -1.200424 -0.153903 0.651724 -0.753552 -0.086113 0.923679 0.420744
  19 -17.970006 -1.191018 0.114567 0.579972 -0.751504 0.314441 0.951076 0.418787
female.bmp
  19 -17.934851 -1.200424 -0.153903 0.651724 -0.753552 -0.086113 0.923679 0.420744
  19 -17.959852 -1.131049 0.115285 0.579972 -0.751504 0.314441 0.947162 0.426614
  19 -17.970006 -1.191018 0.114567 0.579972 -0.751504 0.314441 0.951076 0.418787
female.bmp
  19 -17.537317 -0.820361 -0.611308 0.992774 -0.111877 -0.043401 0.048924 0.904110
  19 -17.570220 -1.010833 -0.393276 0.895396 0.314758 0.314950 0.064579 0.919765
  19 -17.569207 -1.050784 -0.413347 0.870284 -0.440584 -0.220208 0.064579 0.923679
female.bmp
  19 -17.537317 -0.820361 -0.611308 0.992774 -0.111877 -0.043401 0.048924 0.904110
  19 -17.548907 -0.790404 -0.581841 0.843088 0.247863 0.477250 0.050881 0.902153
  19 -17.570220 -1.010833 -0.393276 0.895396 0.314758 0.314950 0.064579 0.919765
female.bmp
  19 -17.537317 -0.820361 -0.611308 0.992774 -0.111877 -0.043401 0.048924 0.904110
  19 -17.519187 -0.530078 -0.739786 0.795233 0.389221 -0.464879 0.039139 0.880626
  19 -17.548907 -0.790404 -0.581841 0.843088 0.247863 0.477250 0.050881 0.902153
female.bmp
  19 -17.537317 -0.820361 -0.611308 0.992774 -0.111877 -0.043401 0.048924 0.904110
  19 -17.583462 -0.880043 -0.684168 0.344580 -0.524974 -0.778246 0.045010 0.906067
  19 -17.519187 -0.530078 -0.739786 0.795233 0.389221 -0.464879 0.039139 0.880626
female.bmp
  19 -17.537317 -0.820361 -0.611308 0.992774 -0.111877 -0.043401 0.048924 0.904110
  19 -17.569207 -1.050784 -0.413347 0.870284 -0.440584 -0.220208 0.064579 0.923679
  19 -17.583462 -0.880043 -0.684168 0.344580 -0.524974 -0.778246 0.045010 0.906067
female.bmp
  19 -17.483256 0.189997 -0.806122 0.866257 0.042051 -0.497825 0.172211 0.931507
  19 -17.496143 0.159907 -0.756843 0.831328 -0.117716 0.543173 0.168297 0.927593
  19 -17.505877 -0.349988 -0.788678 0.782430 -0.547933 -0.295927 0.185910 0.878669
female.bmp
  19 -17.483256 0.189997 -0.806122 0.866257 0.042051 -0.497825 0.172211 0.931507
  19 -17.460739 0.549543 -0.653739 0.862662 0.334342 -0.379513 0.150685 0.968689
  19 -17.496143 0.159907 -0.756843 0.831328 -0.117716 0.543173 0.168297 0.927593
female.bmp
  19 -17.483256 0.189997 -0.806122 0.866257 0.042051 -0.497825 0.172211 0.931507
  19 -17.500084 0.559686 -0.665951 0.239800 0.655192 -0.716394 0.154599 0.974560
  19 -17.460739 0.549543 -0.653739 0.862662 0.334342 -0.379513 0.150685 0.968689
female.bmp
  19 -17.483256 0.189997 -0.806122 0.866257 0.042051 -0.497825 0.172211 0.931507
  19 -17.522601 0.200140 -0.818334 0.203995 0.160004 -0.965808 0.176125 0.935421
  19 -17.500084 0.559686 -0.665951 0.239800 0.655192 -0.716394 0.154599 0.974560
female.bmp
  19 -17.483256 0.189997 -0.806122 0.866257 0.042051 -0.497825 0.172211 0.931507
  19 -17.505877 -0.349988 -0.788678 0.782430 -0.547933 -0.295927 0.185910 0.878669
  19 -17.522601 0.200140 -0.818334 0.203995 0.160004 -0.965808 0.176125 0.935421
female.bmp
  13 22.423534 1.984721 -0.198601 0.048301 0.279264 -0.958999 0.547945 0.747554
  13 22.389449 2.156995 0.016479 -0.322915 0.908358 -0.265727 0.571429 0.737769
  13 22.523693 2.029514 -0.174903 -0.026408 0.300630 -0.953375 0.547945 0.726027
female.bmp
  13 22.523693 2.029514 -0.174903 -0.026408 0.300630 -0.953375 0.547945 0.726027
  13 22.389449 2.156995 0.016479 -0.322915 0.908358 -0.265727 0.571429 0.737769
  14 23.062207 2.275602 -0.084305 0.233143 0.536918 -0.810780 0.547945 0.626223
female.bmp
  13 22.389449 2.156995 0.016479 -0.322915 0.908358 -0.265727 0.571429 0.737769
  14 23.038685 2.384148 0.051947 -0.116707 0.951031 -0.286215 0.565558 0.622309
  14 23.062207 2.275602 -0.084305 0.233143 0.536918 -0.810780 0.547945 0.626223
female.bmp
  14 23.062207 2.275602 -0.084305 0.233143 0.536918 -0.810780 0.547945 0.626223
  14 23.038685 2.384148 0.051947 -0.116707 0.951031 -0.286215 0.565558 0.622309
  14 23.130719 2.380242 0.080488 0.492909 0.859503 -0.135264 0.553816 0.604697
female.bmp
  7 23.866549 -0.451806 0.130991 -0.003553 -0.978399 0.206694 0.497065 0.741683
  7 22.704618 -0.465559 0.108005 -0.004672 -0.958775 0.284128 0.500978 0.827789
  7 23.755910 -0.394948 -0.113807 0.011585 -0.743389 -0.668759 0.514677 0.753425
female.bmp
  7 23.755910 -0.394948 -0.113807 0.011585 -0.743389 -0.668759 0.514677 0.753425
  7 22.704618 -0.465559 0.108005 -0.004672 -0.958775 0.284128 0.500978 0.827789
  7 22.735589 -0.396076 -0.150478 0.011585 -0.743389 -0.668759 0.518591 0.831703
female.bmp
  7 22.704618 -0.465559 0.108005 -0.004672 -0.958775 0.284128 0.500978 0.827789
  6 22.601966 -0.461559 0.110144 0.025770 -0.962350 0.270588 0.497065 0.841487
  7 22.735589 -0.396076 -0.150478 0.011585 -0.743389 -0.668759 0.518591 0.831703
female.bmp
  7 22.735589 -0.396076 -0.150478 0.011585 -0.743389 -0.668759 0.518591 0.831703
  6 22.601966 -0.461559 0.110144 0.025770 -0.962350 0.270588 0.497065 0.841487
  6 22.570570 -0.381667 -0.155433 0.080370 -0.716671 -0.692765 0.514677 0.843444
female.bmp
  14 23.130318 2.300629 0.204026 0.572216 -0.126346 -0.810312 0.544031 0.273973
  14 23.172594 2.262101 0.237615 0.572216 -0.126346 -0.810312 0.557730 0.289628
  14 23.133133 2.181100 0.224141 0.572216 -0.126346 -0.810312 0.571429 0.295499
female.bmp
  14 23.130318 2.300629 0.204026 0.572216 -0.126346 -0.810312 0.544031 0.273973
  14 23.168903 2.338268 0.228407 0.615601 -0.098329 -0.781899 0.544031 0.283757
  14 23.172594 2.262101 0.237615 0.572216 -0.126346 -0.810312 0.557730 0.289628
female.bmp
  14 23.130318 2.300629 0.204026 0.572216 -0.126346 -0.810312 0.544031 0.273973
  14 23.127348 2.374351 0.185149 0.572216 -0.126346 -0.810312 0.530333 0.289628
  14 23.168903 2.338268 0.228407 0.615601 -0.098329 -0.781899 0.544031 0.283757
female.bmp
  14 23.130318 2.300629 0.204026 0.572216 -0.126346 -0.810312 0.544031 0.273973
  14 23.054772 2.382011 0.136426 0.538739 -0.129413 -0.832474 0.518591 0.295499
  14 23.127348 2.374351 0.185149 0.572216 -0.126346 -0.810312 0.530333 0.289628
female.bmp
  8 24.763922 -0.178300 0.323522 0.661800 -0.214116 -0.718453 0.544031 0.273973
  8 24.780364 -0.268986 0.371542 0.632623 -0.202675 -0.747470 0.557730 0.289628
  8 24.730103 -0.349311 0.341181 0.632623 -0.202675 -0.747470 0.571429 0.295499
female.bmp
  8 24.763922 -0.178300 0.323522 0.661800 -0.214116 -0.718453 0.544031 0.273973
  8 24.812233 -0.177547 0.366714 0.661800 -0.214116 -0.718453 0.544031 0.283757
  8 24.780364 -0.268986 0.371542 0.632623 -0.202675 -0.747470 0.557730 0.289628
female.bmp
  8 24.763922 -0.178300 0.323522 0.661800 -0.214116 -0.718453 0.544031 0.273973
  8 24.785229 -0.105872 0.323895 0.683691 -0.238671 -0.689640 0.530333 0.289628
  8 24.812233 -0.177547 0.366714 0.661800 -0.214116 -0.718453 0.544031 0.283757
female.bmp
  8 24.763922 -0.178300 0.323522 0.661800 -0.214116 -0.718453 0.544031 0.273973
  8 24.738349 -0.058651 0.266689 0.683691 -0.238671 -0.689640 0.518591 0.295499
  8 24.785229 -0.105872 0.323895 0.683691 -0.238671 -0.689640 0.530333 0.289628
female.bmp
  11 24.109834 -1.473250 0.078495 0.337049 -0.354258 -0.872296 0.544031 0.273973
  11 24.123012 -1.554414 0.109136 0.277716 -0.371910 -0.885752 0.557730 0.289628
  11 24.036574 -1.578484 0.102133 0.227723 -0.382646 -0.895390 0.571429 0.295499
female.bmp
  11 24.109834 -1.473250 0.078495 0.337049 -0.354258 -0.872296 0.544031 0.273973
  11 24.170610 -1.473023 0.098650 0.380439 -0.353118 -0.854736 0.544031 0.283757
  11 24.123012 -1.554414 0.109136 0.277716 -0.371910 -0.885752 0.557730 0.289628
female.bmp
  11 24.109834 -1.473250 0.078495 0.337049 -0.354258 -0.872296 0.544031 0.273973
  11 24.157435 -1.393139 0.058091 0.337049 -0.354258 -0.872296 0.530333 0.287671
  11 24.170610 -1.473023 0.098650 0.380439 -0.353118 -0.854736 0.544031 0.283757
female.bmp
  11 24.109834 -1.473250 0.078495 0.337049 -0.354258 -0.872296 0.544031 0.273973
  11 24.089225 -1.333637 0.010062 0.297690 -0.322350 -0.898594 0.518591 0.295499
  11 24.157435 -1.393139 0.058091 0.337049 -0.354258 -0.872296 0.530333 0.287671
female.bmp
  5 24.315264 1.168463 0.250380 0.501318 -0.142598 -0.853432 0.544031 0.273973
  5 24.349426 1.117742 0.266518 0.434673 -0.158172 -0.886590 0.557730 0.289628
  5 24.294897 1.048357 0.263016 0.399493 -0.185640 -0.897743 0.571429 0.295499
female.bmp
  5 24.315264 1.168463 0.250380 0.501318 -0.142598 -0.853432 0.544031 0.273973
  5 24.360300 1.195721 0.265509 0.543070 -0.139194 -0.828070 0.544031 0.283757
  5 24.349426 1.117742 0.266518 0.434673 -0.158172 -0.886590 0.557730 0.289628
female.bmp
  5 24.315264 1.168463 0.250380 0.501318 -0.142598 -0.853432 0.544031 0.273973
  5 24.324122 1.252975 0.236992 0.501318 -0.142598 -0.853432 0.530333 0.289628
  5 24.360300 1.195721 0.265509 0.543070 -0.139194 -0.828070 0.544031 0.283757
female.bmp
  5 24.315264 1.168463 0.250380 0.501318 -0.142598 -0.853432 0.544031 0.273973
  5 24.260256 1.294492 0.180447 0.501318 -0.142598 -0.853432 0.518591 0.295499
  5 24.324122 1.252975 0.236992 0.501318 -0.142598 -0.853432 0.530333 0.289628
female.bmp
  9 22.280020 -0.879677 0.093100 0.301244 0.820344 0.486094 0.516634 0.569472
  10 22.393774 -0.865530 -0.119371 0.240631 0.933719 -0.265078 0.499022 0.557730
  9 22.280334 -0.824317 -0.115311 0.257241 0.922762 -0.286945 0.499022 0.571429
female.bmp
  9 22.280020 -0.879677 0.093100 0.301244 0.820344 0.486094 0.516634 0.569472
  10 22.380296 -0.908081 0.087771 0.235246 0.835795 0.496091 0.518591 0.551859
  10 22.393774 -0.865530 -0.119371 0.240631 0.933719 -0.265078 0.499022 0.557730
female.bmp
  9 22.280020 -0.879677 0.093100 0.301244 0.820344 0.486094 0.516634 0.569472
  10 22.360139 -1.040520 0.225806 0.174532 0.308081 0.935214 0.540117 0.551859
  10 22.380296 -0.908081 0.087771 0.235246 0.835795 0.496091 0.518591 0.551859
female.bmp
  9 22.280020 -0.879677 0.093100 0.301244 0.820344 0.486094 0.516634 0.569472
  9 22.220478 -1.021557 0.253490 0.250490 0.298224 0.921041 0.540117 0.567515
  10 22.360139 -1.040520 0.225806 0.174532 0.308081 0.935214 0.540117 0.551859
female.bmp
  7 22.714520 -0.277849 0.252112 0.079276 -0.365933 0.927258 0.565558 0.551859
  6 22.572940 -0.271723 0.292681 0.146467 -0.351621 0.924614 0.567515 0.565558
  7 22.704618 -0.465559 0.108005 -0.004672 -0.958775 0.284128 0.590998 0.559687
female.bmp
  7 22.714520 -0.277849 0.252112 0.079276 -0.365933 0.927258 0.565558 0.551859
  6 22.575983 -0.106955 0.286159 0.141457 0.275175 0.950930 0.540117 0.567515
  6 22.572940 -0.271723 0.292681 0.146467 -0.351621 0.924614 0.567515 0.565558
female.bmp
  7 22.714520 -0.277849 0.252112 0.079276 -0.365933 0.927258 0.565558 0.551859
  7 22.724919 -0.097903 0.262655 0.048543 0.309862 0.949541 0.540117 0.551859
  6 22.575983 -0.106955 0.286159 0.141457 0.275175 0.950930 0.540117 0.567515
female.bmp
  7 22.714520 -0.277849 0.252112 0.079276 -0.365933 0.927258 0.565558 0.551859
  7 23.863145 -0.155142 0.325618 -0.035143 0.256272 0.965966 0.542074 0.420744
  7 22.724919 -0.097903 0.262655 0.048543 0.309862 0.949541 0.540117 0.551859
female.bmp
  6 22.585881 0.058417 0.175461 0.166994 0.832999 0.527470 0.569472 0.162427
  6 21.206308 -0.001427 0.411670 0.141457 0.275175 0.950930 0.706458 0.166341
  6 22.575983 -0.106955 0.286159 0.141457 0.275175 0.950930 0.575342 0.148728
female.bmp
  6 22.585881 0.058417 0.175461 0.166994 0.832999 0.527470 0.569472 0.162427
  6 21.147711 0.203427 0.285175 0.266149 0.634361 0.725776 0.708415 0.187867
  6 21.206308 -0.001427 0.411670 0.141457 0.275175 0.950930 0.706458 0.166341
female.bmp
  6 22.585881 0.058417 0.175461 0.166994 0.832999 0.527470 0.569472 0.162427
  3 21.197883 0.282437 0.312797 0.659955 0.323765 0.677965 0.698630 0.195695
  6 21.147711 0.203427 0.285175 0.266149 0.634361 0.725776 0.708415 0.187867
female.bmp
  6 22.585881 0.058417 0.175461 0.166994 0.832999 0.527470 0.569472 0.162427
  6 22.619633 0.081316 -0.027607 0.101606 0.932303 -0.347114 0.565558 0.180039
  3 21.197883 0.282437 0.312797 0.659955 0.323765 0.677965 0.698630 0.195695
female.bmp
  9 21.196385 -1.262988 -0.320309 0.027153 -0.731541 -0.681257 0.741683 0.782779
  9 22.209932 -1.057075 -0.356697 0.056816 0.240093 -0.969086 0.649706 0.776908
  9 22.151259 -1.339887 -0.249575 -0.069999 -0.796631 -0.600399 0.667319 0.804305
female.bmp
  9 21.196385 -1.262988 -0.320309 0.027153 -0.731541 -0.681257 0.741683 0.782779
  9 21.388535 -0.929475 -0.377296 0.226955 0.182665 -0.956622 0.718200 0.751468
  9 22.209932 -1.057075 -0.356697 0.056816 0.240093 -0.969086 0.649706 0.776908
female.bmp
  9 21.196385 -1.262988 -0.320309 0.027153 -0.731541 -0.681257 0.741683 0.782779
  2 20.866354 -0.606979 -0.411900 0.113715 -0.172769 -0.978376 0.755382 0.716243
  9 21.388535 -0.929475 -0.377296 0.226955 0.182665 -0.956622 0.718200 0.751468
female.bmp
  9 21.196385 -1.262988 -0.320309 0.027153 -0.731541 -0.681257 0.741683 0.782779
  9 20.833812 -1.336543 -0.279934 0.351485 -0.764636 -0.540176 0.774951 0.782779
  2 20.866354 -0.606979 -0.411900 0.113715 -0.172769 -0.978376 0.755382 0.716243
female.bmp
  3 22.202205 1.040453 0.266463 0.323076 0.839715 0.436464 0.612524 0.254403
  3 22.189329 1.061782 -0.011169 0.468041 0.831391 -0.299542 0.616438 0.268102
  2 20.965886 0.966739 -0.157331 0.777057 0.528040 0.342572 0.714286 0.258317
female.bmp
  3 22.202205 1.040453 0.266463 0.323076 0.839715 0.436464 0.612524 0.254403
  3 22.213358 1.011506 0.015191 0.918289 0.369964 -0.140968 0.610568 0.268102
  3 22.189329 1.061782 -0.011169 0.468041 0.831391 -0.299542 0.616438 0.268102
female.bmp
  3 22.202205 1.040453 0.266463 0.323076 0.839715 0.436464 0.612524 0.254403
  3 22.231655 1.010090 0.246196 0.727455 0.656629 0.199117 0.608611 0.254403
  3 22.213358 1.011506 0.015191 0.918289 0.369964 -0.140968 0.610568 0.268102
female.bmp
  3 22.202205 1.040453 0.266463 0.323076 0.839715 0.436464 0.612524 0.254403
  3 22.239967 0.861674 0.391811 0.473622 0.383211 0.792989 0.610568 0.240705
  3 22.231655 1.010090 0.246196 0.727455 0.656629 0.199117 0.608611 0.254403
female.bmp
  2 18.661265 -1.298216 -0.205320 -0.699681 -0.714392 -0.009527 0.954990 0.070450
  2 18.654634 -1.170271 -0.482604 -0.607684 -0.474451 -0.636880 0.964775 0.060665
  15 18.954646 -1.823022 -0.007534 -0.843611 -0.535912 -0.033457 0.943249 0.021526
female.bmp
  2 18.661265 -1.298216 -0.205320 -0.699681 -0.714392 -0.009527 0.954990 0.070450
  2 18.227680 -0.959401 -0.372466 0.461759 -0.619247 -0.635068 0.984344 0.076321
  2 18.654634 -1.170271 -0.482604 -0.607684 -0.474451 -0.636880 0.964775 0.060665
female.bmp
  2 18.661265 -1.298216 -0.205320 -0.699681 -0.714392 -0.009527 0.954990 0.070450
  2 18.236156 -1.100915 -0.133297 0.559979 -0.809989 -0.174189 0.978474 0.086106
  2 18.227680 -0.959401 -0.372466 0.461759 -0.619247 -0.635068 0.984344 0.076321
female.bmp
  2 18.661265 -1.298216 -0.205320 -0.699681 -0.714392 -0.009527 0.954990 0.070450
  2 18.683474 -1.224446 0.084964 -0.465966 -0.736436 0.490446 0.943249 0.080235
  2 18.236156 -1.100915 -0.133297 0.559979 -0.809989 -0.174189 0.978474 0.086106
female.bmp
  12 21.727984 1.516779 0.226377 0.655725 0.021512 0.754693 0.641879 0.299413
  12 21.724963 1.547321 0.177817 0.926322 0.299308 0.228783 0.637965 0.307241
  12 21.647043 1.701182 0.205299 0.451761 0.502496 0.737163 0.645793 0.320939
female.bmp
  12 21.727984 1.516779 0.226377 0.655725 0.021512 0.754693 0.641879 0.299413
  12 21.766032 1.382100 0.054873 0.990767 0.135570 -0.000824 0.634051 0.293542
  12 21.724963 1.547321 0.177817 0.926322 0.299308 0.228783 0.637965 0.307241
female.bmp
  12 21.727984 1.516779 0.226377 0.655725 0.021512 0.754693 0.641879 0.299413
  12 21.774287 1.342924 0.064728 0.839301 -0.515505 0.172710 0.637965 0.287671
  12 21.766032 1.382100 0.054873 0.990767 0.135570 -0.000824 0.634051 0.293542
female.bmp
  12 21.727984 1.516779 0.226377 0.655725 0.021512 0.754693 0.641879 0.299413
  2 20.965886 0.966739 -0.157331 0.777057 0.528040 0.342572 0.714286 0.258317
  12 21.774287 1.342924 0.064728 0.839301 -0.515505 0.172710 0.637965 0.287671
female.bmp
  2 17.904792 0.761346 -0.325857 -0.662605 0.748602 -0.023458 0.647750 0.422701
  2 17.889098 0.603383 -0.646639 -0.600168 0.537404 -0.592448 0.681018 0.418787
  2 17.880641 0.583281 -0.626039 -0.718716 0.470961 -0.511510 0.682975 0.422701
female.bmp
  2 17.880641 0.583281 -0.626039 -0.718716 0.470961 -0.511510 0.682975 0.422701
  2 17.889098 0.603383 -0.646639 -0.600168 0.537404 -0.592448 0.681018 0.418787
  2 17.879306 0.234099 -0.758593 -0.812936 0.094180 -0.574688 0.724070 0.424658
female.bmp
  2 17.889098 0.603383 -0.646639 -0.600168 0.537404 -0.592448 0.681018 0.418787
  2 17.875435 0.254420 -0.808313 -0.698833 0.117935 -0.705495 0.726027 0.418787
  2 17.879306 0.234099 -0.758593 -0.812936 0.094180 -0.574688 0.724070 0.424658
female.bmp
  2 17.879306 0.234099 -0.758593 -0.812936 0.094180 -0.574688 0.724070 0.424658
  2 17.875435 0.254420 -0.808313 -0.698833 0.117935 -0.705495 0.726027 0.418787
  2 17.871266 -0.416181 -0.711998 -0.773234 -0.161742 -0.613147 0.818004 0.422701
female.bmp
  2 17.583374 -1.121215 0.239078 -0.910021 0.412006 -0.045969 0.111546 0.935421
  2 17.574037 -1.171252 0.249523 -0.816520 -0.534909 0.217180 0.111546 0.941292
  2 17.616994 -0.933921 0.658948 -0.752066 -0.320937 0.575670 0.146771 0.923679
female.bmp
  2 17.583374 -1.121215 0.239078 -0.910021 0.412006 -0.045969 0.111546 0.935421
  2 17.561165 -1.179413 -0.040422 -0.838764 -0.533029 -0.111152 0.088063 0.939335
  2 17.574037 -1.171252 0.249523 -0.816520 -0.534909 0.217180 0.111546 0.941292
female.bmp
  2 17.583374 -1.121215 0.239078 -0.910021 0.412006 -0.045969 0.111546 0.935421
  2 17.571289 -1.129440 -0.040898 -0.904164 0.404176 0.138308 0.088063 0.935421
  2 17.561165 -1.179413 -0.040422 -0.838764 -0.533029 -0.111152 0.088063 0.939335
female.bmp
  2 17.583374 -1.121215 0.239078 -0.910021 0.412006 -0.045969 0.111546 0.935421
  2 17.740980 -0.971439 0.197516 -0.706826 0.689638 -0.157470 0.109589 0.925636
  2 17.571289 -1.129440 -0.040898 -0.904164 0.404176 0.138308 0.088063 0.935421
female.bmp
  2 18.226159 0.760326 -0.321126 0.666257 0.728559 -0.159073 0.941292 0.287671
  2 18.571854 0.767581 -0.690386 -0.376828 0.687727 -0.620509 0.921722 0.309198
  2 18.202794 0.582197 -0.611338 0.568675 0.526602 -0.631901 0.943249 0.301370
female.bmp
  2 18.226159 0.760326 -0.321126 0.666257 0.728559 -0.159073 0.941292 0.287671
  2 18.603682 0.974739 -0.335178 -0.435415 0.899794 -0.028019 0.915851 0.289628
  2 18.571854 0.767581 -0.690386 -0.376828 0.687727 -0.620509 0.921722 0.309198
female.bmp
  2 18.226159 0.760326 -0.321126 0.666257 0.728559 -0.159073 0.941292 0.287671
  2 18.692693 0.766535 0.165649 -0.309864 0.725361 0.614684 0.913894 0.264188
  2 18.603682 0.974739 -0.335178 -0.435415 0.899794 -0.028019 0.915851 0.289628
female.bmp
  2 18.226159 0.760326 -0.321126 0.666257 0.728559 -0.159073 0.941292 0.287671
  2 18.281723 0.577321 0.134749 0.659799 0.645659 0.384435 0.941292 0.258317
  2 18.692693 0.766535 0.165649 -0.309864 0.725361 0.614684 0.913894 0.264188
female.bmp
  1 12.645598 -1.216460 -0.196949 0.027865 -0.909793 -0.414125 0.068493 0.352250
  1 14.097395 -1.098724 -0.144756 0.065687 -0.913369 -0.401799 0.076321 0.232877
  1 12.775086 -1.267310 0.611535 0.051682 -0.948270 0.313230 0.025440 0.344423
female.bmp
  1 12.775086 -1.267310 0.611535 0.051682 -0.948270 0.313230 0.025440 0.344423
  1 14.097395 -1.098724 -0.144756 0.065687 -0.913369 -0.401799 0.076321 0.232877
  1 14.184598 -1.159271 0.484235 0.094679 -0.957236 0.273376 0.037182 0.228963
female.bmp
  1 14.097395 -1.098724 -0.144756 0.065687 -0.913369 -0.401799 0.076321 0.232877
  1 16.219646 -0.996648 -0.050771 0.048051 -0.968713 -0.243487 0.082192 0.113503
  1 14.184598 -1.159271 0.484235 0.094679 -0.957236 0.273376 0.037182 0.228963
female.bmp
  1 14.184598 -1.159271 0.484235 0.094679 -0.957236 0.273376 0.037182 0.228963
  1 16.219646 -0.996648 -0.050771 0.048051 -0.968713 -0.243487 0.082192 0.113503
  1 16.243733 -0.976753 0.268953 0.051682 -0.948270 0.313230 0.056751 0.111546
female.bmp
  1 14.025038 -0.668246 -0.633994 0.045142 -0.583792 -0.810647 0.119374 0.238748
  1 12.553532 -0.635835 -0.765981 0.027664 -0.489415 -0.871612 0.119374 0.358121
  1 13.985929 -0.287959 -0.823605 0.047621 -0.265928 -0.962816 0.146771 0.242661
female.bmp
  1 13.985929 -0.287959 -0.823605 0.047621 -0.265928 -0.962816 0.146771 0.242661
  1 12.553532 -0.635835 -0.765981 0.027664 -0.489415 -0.871612 0.119374 0.358121
  1 13.969597 0.232179 -0.883515 0.055951 0.223117 -0.973185 0.187867 0.242661
female.bmp
  1 12.553532 -0.635835 -0.765981 0.027664 -0.489415 -0.871612 0.119374 0.358121
  1 12.507556 0.114523 -0.955584 0.027539 0.092671 -0.995316 0.176125 0.360078
  1 13.969597 0.232179 -0.883515 0.055951 0.223117 -0.973185 0.187867 0.242661
female.bmp
  1 13.969597 0.232179 -0.883515 0.055951 0.223117 -0.973185 0.187867 0.242661
  1 12.507556 0.114523 -0.955584 0.027539 0.092671 -0.995316 0.176125 0.360078
  1 12.578682 0.894062 -0.586585 0.028315 0.781190 -0.623651 0.236791 0.360078
female.bmp
  31 -23.062549 2.250452 -0.173802 -0.209916 0.523520 -0.825749 0.547945 0.626223
  31 -23.034056 2.359486 -0.028200 0.122691 0.946855 -0.297343 0.565558 0.622309
  30 -22.396924 2.129929 -0.058193 0.328301 0.905177 -0.269950 0.571429 0.737769
female.bmp
  31 -23.062549 2.250452 -0.173802 -0.209916 0.523520 -0.825749 0.547945 0.626223
  31 -23.136325 2.357412 -0.012815 -0.490974 0.855688 -0.163530 0.553816 0.604697
  31 -23.034056 2.359486 -0.028200 0.122691 0.946855 -0.297343 0.565558 0.622309
female.bmp
  31 -23.062549 2.250452 -0.173802 -0.209916 0.523520 -0.825749 0.547945 0.626223
  31 -23.206255 2.286350 0.019744 -0.911611 0.408748 0.043467 0.532290 0.600783
  31 -23.136325 2.357412 -0.012815 -0.490974 0.855688 -0.163530 0.553816 0.604697
female.bmp
  31 -23.062549 2.250452 -0.173802 -0.209916 0.523520 -0.825749 0.547945 0.626223
  31 -23.146148 2.196619 -0.145288 -0.725804 0.132977 -0.674926 0.534247 0.618395
  31 -23.206255 2.286350 0.019744 -0.911611 0.408748 0.043467 0.532290 0.600783
female.bmp
  24 -22.715408 -0.292602 0.244391 -0.098838 -0.366416 0.925187 0.565558 0.551859
  24 -22.726803 -0.112700 0.254667 -0.071466 0.309500 0.948210 0.540117 0.551859
  24 -23.865917 -0.174733 0.291698 0.012050 0.256258 0.966533 0.542074 0.420744
female.bmp
  24 -22.715408 -0.292602 0.244391 -0.098838 -0.366416 0.925187 0.565558 0.551859
  23 -22.569067 -0.122352 0.286874 -0.144202 0.275720 0.950360 0.540117 0.567515
  24 -22.726803 -0.112700 0.254667 -0.071466 0.309500 0.948210 0.540117 0.551859
female.bmp
  24 -22.715408 -0.292602 0.244391 -0.098838 -0.366416 0.925187 0.565558 0.551859
  23 -22.577077 -0.290079 0.284977 -0.150986 -0.351061 0.924099 0.567515 0.565558
  23 -22.569067 -0.122352 0.286874 -0.144202 0.275720 0.950360 0.540117 0.567515
female.bmp
  24 -22.715408 -0.292602 0.244391 -0.098838 -0.366416 0.925187 0.565558 0.551859
  24 -22.701436 -0.480276 0.100576 0.002234 -0.958793 0.284095 0.590998 0.559687
  23 -22.577077 -0.290079 0.284977 -0.150986 -0.351061 0.924099 0.567515 0.565558
female.bmp
  27 -23.354956 -1.102387 -0.140490 -0.247636 0.945417 -0.211808 0.504892 0.432485
  27 -22.385433 -0.928118 0.050970 -0.233993 0.842395 0.485406 0.518591 0.551859
  27 -22.401117 -0.875880 -0.157417 -0.239852 0.933942 -0.264996 0.499022 0.557730
female.bmp
  27 -22.401117 -0.875880 -0.157417 -0.239852 0.933942 -0.264996 0.499022 0.557730
  27 -22.385433 -0.928118 0.050970 -0.233993 0.842395 0.485406 0.518591 0.551859
  26 -22.277832 -0.893667 0.052978 -0.291256 0.822904 0.487851 0.516634 0.569472
female.bmp
  27 -22.385433 -0.928118 0.050970 -0.233993 0.842395 0.485406 0.518591 0.551859
  27 -22.365248 -1.061825 0.179091 -0.173095 0.308479 0.935350 0.540117 0.551859
  26 -22.277832 -0.893667 0.052978 -0.291256 0.822904 0.487851 0.516634 0.569472
female.bmp
  26 -22.277832 -0.893667 0.052978 -0.291256 0.822904 0.487851 0.516634 0.569472
  27 -22.365248 -1.061825 0.179091 -0.173095 0.308479 0.935350 0.540117 0.551859
  26 -22.217134 -1.035520 0.212957 -0.238071 0.301430 0.923289 0.540117 0.567515
female.bmp
  31 -23.139454 2.279726 0.111905 -0.546990 -0.140759 -0.825220 0.544031 0.273973
  31 -23.136118 2.353156 0.091979 -0.546990 -0.140759 -0.825220 0.530333 0.289628
  31 -23.062117 2.360296 0.045365 -0.512847 -0.144069 -0.846305 0.518591 0.295499
female.bmp
  31 -23.139454 2.279726 0.111905 -0.546990 -0.140759 -0.825220 0.544031 0.273973
  31 -23.178866 2.317614 0.134516 -0.591300 -0.112452 -0.798573 0.544031 0.283757
  31 -23.136118 2.353156 0.091979 -0.546990 -0.140759 -0.825220 0.530333 0.289628
female.bmp
  31 -23.139454 2.279726 0.111905 -0.546990 -0.140759 -0.825220 0.544031 0.273973
  31 -23.182623 2.241585 0.144795 -0.546990 -0.140759 -0.825220 0.557730 0.289628
  31 -23.178866 2.317614 0.134516 -0.591300 -0.112452 -0.798573 0.544031 0.283757
female.bmp
  31 -23.139454 2.279726 0.111905 -0.546990 -0.140759 -0.825220 0.544031 0.273973
  31 -23.133542 2.156226 0.134551 -0.546990 -0.140759 -0.825220 0.571429 0.295499
  31 -23.182623 2.241585 0.144795 -0.546990 -0.140759 -0.825220 0.557730 0.289628
female.bmp
  25 -24.768381 -0.204028 0.275535 -0.644351 -0.216781 -0.733361 0.544031 0.273973
  25 -24.789591 -0.121923 0.272568 -0.666793 -0.241433 -0.705051 0.530333 0.289628
  25 -24.741212 -0.077694 0.206968 -0.666793 -0.241433 -0.705051 0.518591 0.295499
female.bmp
  25 -24.768381 -0.204028 0.275535 -0.644351 -0.216781 -0.733361 0.544031 0.273973
  25 -24.817940 -0.193492 0.314688 -0.644351 -0.216781 -0.733361 0.544031 0.283757
  25 -24.789591 -0.121923 0.272568 -0.666793 -0.241433 -0.705051 0.530333 0.289628
female.bmp
  25 -24.768381 -0.204028 0.275535 -0.644351 -0.216781 -0.733361 0.544031 0.273973
  25 -24.786481 -0.297459 0.313523 -0.614566 -0.205212 -0.761706 0.557730 0.289628
  25 -24.817940 -0.193492 0.314688 -0.644351 -0.216781 -0.733361 0.544031 0.283757
female.bmp
  25 -24.768381 -0.204028 0.275535 -0.644351 -0.216781 -0.733361 0.544031 0.273973
  25 -24.735851 -0.365570 0.291221 -0.614566 -0.205212 -0.761706 0.571429 0.295499
  25 -24.786481 -0.297459 0.313523 -0.614566 -0.205212 -0.761706 0.557730 0.289628
female.bmp
  28 -24.115941 -1.493751 0.032819 -0.338462 -0.354049 -0.871833 0.544031 0.273973
  28 -24.163457 -1.412307 0.022371 -0.338462 -0.354049 -0.871833 0.530333 0.287671
  28 -24.097234 -1.341897 -0.017085 -0.299100 -0.322194 -0.898182 0.518591 0.295499
female.bmp
  28 -24.115941 -1.493751 0.032819 -0.338462 -0.354049 -0.871833 0.544031 0.273973
  28 -24.176677 -1.492167 0.062962 -0.381830 -0.352855 -0.854224 0.544031 0.283757
  28 -24.163457 -1.412307 0.022371 -0.338462 -0.354049 -0.871833 0.530333 0.287671
female.bmp
  28 -24.115941 -1.493751 0.032819 -0.338462 -0.354049 -0.871833 0.544031 0.273973
  28 -24.131175 -1.563896 0.072158 -0.279166 -0.371771 -0.885354 0.557730 0.289628
  28 -24.176677 -1.492167 0.062962 -0.381830 -0.352855 -0.854224 0.544031 0.283757
female.bmp
  28 -24.115941 -1.493751 0.032819 -0.338462 -0.354049 -0.871833 0.544031 0.273973
  28 -24.032980 -1.597069 0.056120 -0.229197 -0.382567 -0.895048 0.571429 0.295499
  28 -24.131175 -1.563896 0.072158 -0.279166 -0.371771 -0.885354 0.557730 0.289628
female.bmp
  22 -24.317038 1.127728 0.182967 -0.503790 -0.142650 -0.851966 0.544031 0.273973
  22 -24.326007 1.212241 0.169666 -0.503790 -0.142650 -0.851966 0.530333 0.289628
  22 -24.261867 1.256598 0.122565 -0.503790 -0.142650 -0.851966 0.518591 0.295499
female.bmp
  22 -24.317038 1.127728 0.182967 -0.503790 -0.142650 -0.851966 0.544031 0.273973
  22 -24.361574 1.157682 0.207853 -0.545465 -0.139325 -0.826473 0.544031 0.283757
  22 -24.326007 1.212241 0.169666 -0.503790 -0.142650 -0.851966 0.530333 0.289628
female.bmp
  22 -24.317038 1.127728 0.182967 -0.503790 -0.142650 -0.851966 0.544031 0.273973
  22 -24.350631 1.079712 0.208772 -0.437226 -0.158103 -0.885346 0.557730 0.289628
  22 -24.361574 1.157682 0.207853 -0.545465 -0.139325 -0.826473 0.544031 0.283757
female.bmp
  22 -24.317038 1.127728 0.182967 -0.503790 -0.142650 -0.851966 0.544031 0.273973
  22 -24.298982 0.998341 0.198231 -0.402042 -0.185511 -0.896631 0.571429 0.295499
  22 -24.350631 1.079712 0.208772 -0.437226 -0.158103 -0.885346 0.557730 0.289628
female.bmp
  26 -20.848290 -1.360783 -0.336011 -0.361760 -0.763930 -0.534360 0.774951 0.782779
  26 -21.201133 -1.283440 -0.372342 -0.038953 -0.732807 -0.679320 0.741683 0.782779
  19 -20.874371 -0.631366 -0.414529 -0.136555 -0.173469 -0.975326 0.755382 0.716243
female.bmp
  19 -20.874371 -0.631366 -0.414529 -0.136555 -0.173469 -0.975326 0.755382 0.716243
  26 -21.201133 -1.283440 -0.372342 -0.038953 -0.732807 -0.679320 0.741683 0.782779
  26 -21.392220 -0.949056 -0.427776 -0.237275 0.181846 -0.954271 0.718200 0.751468
female.bmp
  26 -21.201133 -1.283440 -0.372342 -0.038953 -0.732807 -0.679320 0.741683 0.782779
  26 -22.223762 -1.074360 -0.397162 -0.067001 0.238365 -0.968862 0.649706 0.776908
  26 -21.392220 -0.949056 -0.427776 -0.237275 0.181846 -0.954271 0.718200 0.751468
female.bmp
  26 -21.392220 -0.949056 -0.427776 -0.237275 0.181846 -0.954271 0.718200 0.751468
  26 -22.223762 -1.074360 -0.397162 -0.067001 0.238365 -0.968862 0.649706 0.776908
  26 -22.280316 -0.838740 -0.155533 -0.255843 0.923484 -0.285871 0.634051 0.759295
female.bmp
  29 -21.729910 1.493720 0.190292 -0.655763 0.022225 0.754639 0.641879 0.299413
  29 -21.777675 1.317727 0.018988 -0.839790 -0.514704 0.172721 0.637965 0.287671
  29 -20.949831 0.949735 0.247366 -0.708820 0.513356 0.483777 0.714286 0.258317
female.bmp
  29 -21.729910 1.493720 0.190292 -0.655763 0.022225 0.754639 0.641879 0.299413
  29 -21.769382 1.356894 0.009128 -0.990641 0.136492 -0.000913 0.634051 0.293542
  29 -21.777675 1.317727 0.018988 -0.839790 -0.514704 0.172721 0.637965 0.287671
female.bmp
  29 -21.729910 1.493720 0.190292 -0.655763 0.022225 0.754639 0.641879 0.299413
  29 -21.726858 1.524252 0.141728 -0.926062 0.300202 0.228665 0.637965 0.307241
  29 -21.769382 1.356894 0.009128 -0.990641 0.136492 -0.000913 0.634051 0.293542
female.bmp
  29 -21.729910 1.493720 0.190292 -0.655763 0.022225 0.754639 0.641879 0.299413
  29 -21.650108 1.675886 0.159519 -0.451344 0.503014 0.737066 0.645793 0.320939
  29 -21.726858 1.524252 0.141728 -0.926062 0.300202 0.228665 0.637965 0.307241
female.bmp
  29 -20.749529 1.350573 0.182499 0.112096 0.555650 0.823825 0.726027 0.295499
  29 -20.679159 1.563484 0.042795 0.260538 0.815763 0.516382 0.731898 0.315068
  29 -21.552686 1.829456 0.060396 -0.122205 0.896722 0.425390 0.653620 0.336595
female.bmp
  29 -20.749529 1.350573 0.182499 0.112096 0.555650 0.823825 0.726027 0.295499
  19 -20.311825 1.444914 -0.312513 0.188080 0.857965 0.478039 0.763209 0.309198
  29 -20.679159 1.563484 0.042795 0.260538 0.815763 0.516382 0.731898 0.315068
female.bmp
  29 -20.749529 1.350573 0.182499 0.112096 0.555650 0.823825 0.726027 0.295499
  19 -20.485339 1.087215 0.027552 -0.017747 0.636049 0.771445 0.753425 0.277886
  19 -20.311825 1.444914 -0.312513 0.188080 0.857965 0.478039 0.763209 0.309198
female.bmp
  29 -20.749529 1.350573 0.182499 0.112096 0.555650 0.823825 0.726027 0.295499
  29 -20.843749 1.133635 0.347000 -0.171160 0.409700 0.896019 0.722114 0.270059
  19 -20.485339 1.087215 0.027552 -0.017747 0.636049 0.771445 0.753425 0.277886
female.bmp
  19 -18.817662 -0.179379 0.595697 0.077196 0.069150 0.994615 0.915851 0.181996
  19 -18.753248 0.320783 0.455384 0.182706 0.445447 0.876468 0.915851 0.230920
  19 -19.056767 0.381061 0.473900 0.065249 0.406945 0.911120 0.884540 0.232877
female.bmp
  19 -19.056767 0.381061 0.473900 0.065249 0.406945 0.911120 0.884540 0.232877
  19 -18.753248 0.320783 0.455384 0.182706 0.445447 0.876468 0.915851 0.230920
  19 -18.680610 0.730579 0.112177 0.327632 0.724437 0.606505 0.913894 0.264188
female.bmp
  19 -18.753248 0.320783 0.455384 0.182706 0.445447 0.876468 0.915851 0.230920
  19 -18.272933 0.539962 0.071623 -0.650733 0.650773 0.391204 0.941292 0.258317
  19 -18.680610 0.730579 0.112177 0.327632 0.724437 0.606505 0.913894 0.264188
female.bmp
  19 -18.680610 0.730579 0.112177 0.327632 0.724437 0.606505 0.913894 0.264188
  19 -18.272933 0.539962 0.071623 -0.650733 0.650773 0.391204 0.941292 0.258317
  19 -18.216550 0.720985 -0.385489 -0.662950 0.733007 -0.152307 0.941292 0.287671
female.bmp
  20 -22.210824 0.997724 0.204473 -0.337476 0.837981 0.428833 0.612524 0.254403
  20 -22.237202 0.976300 0.181123 -0.736621 0.650119 0.186375 0.608611 0.254403
  20 -22.246259 0.828315 0.327133 -0.488641 0.381241 0.784784 0.610568 0.240705
female.bmp
  20 -22.210824 0.997724 0.204473 -0.337476 0.837981 0.428833 0.612524 0.254403
  20 -22.205232 0.977180 -0.039959 -0.919740 0.360468 -0.155375 0.610568 0.268102
  20 -22.237202 0.976300 0.181123 -0.736621 0.650119 0.186375 0.608611 0.254403
female.bmp
  20 -22.210824 0.997724 0.204473 -0.337476 0.837981 0.428833 0.612524 0.254403
  20 -22.181286 1.027585 -0.066149 -0.471789 0.825743 -0.309133 0.616438 0.268102
  20 -22.205232 0.977180 -0.039959 -0.919740 0.360468 -0.155375 0.610568 0.268102
female.bmp
  20 -22.210824 0.997724 0.204473 -0.337476 0.837981 0.428833 0.612524 0.254403
  29 -20.949831 0.949735 0.247366 -0.708820 0.513356 0.483777 0.714286 0.258317
  20 -22.181286 1.027585 -0.066149 -0.471789 0.825743 -0.309133 0.616438 0.268102
female.bmp
  19 -17.577031 -1.171565 -0.103589 0.908525 0.398002 0.127186 0.088063 0.935421
  19 -17.582234 -1.162249 0.166571 0.912285 0.405547 -0.057159 0.111546 0.935421
  19 -17.566624 -1.221570 -0.113138 0.833657 -0.539047 -0.120188 0.088063 0.939335
female.bmp
  19 -17.577031 -1.171565 -0.103589 0.908525 0.398002 0.127186 0.088063 0.935421
  19 -17.739865 -1.011703 0.127992 0.709748 0.684455 -0.166668 0.109589 0.925636
  19 -17.582234 -1.162249 0.166571 0.912285 0.405547 -0.057159 0.111546 0.935421
female.bmp
  19 -17.577031 -1.171565 -0.103589 0.908525 0.398002 0.127186 0.088063 0.935421
  19 -17.737450 -1.011140 -0.092222 0.689363 0.683615 0.239686 0.090020 0.925636
  19 -17.739865 -1.011703 0.127992 0.709748 0.684455 -0.166668 0.109589 0.925636
female.bmp
  19 -17.577031 -1.171565 -0.103589 0.908525 0.398002 0.127186 0.088063 0.935421
  19 -17.734050 -0.860554 -0.322030 0.676591 0.548118 0.491723 0.072407 0.909980
  19 -17.737450 -1.011140 -0.092222 0.689363 0.683615 0.239686 0.090020 0.925636
female.bmp
  18 -14.068229 0.898051 0.022824 -0.111927 0.984105 0.137879 0.277886 0.246575
  18 -16.114530 0.608776 -0.402349 -0.083099 0.940810 -0.328590 0.248532 0.133072
  18 -16.184669 0.573591 0.037244 -0.116384 0.935443 0.333768 0.281800 0.133072
female.bmp
  18 -14.068229 0.898051 0.022824 -0.111927 0.984105 0.137879 0.277886 0.246575
  18 -14.016121 0.774222 -0.538382 -0.080484 0.831722 -0.549327 0.242661 0.246575
  18 -16.114530 0.608776 -0.402349 -0.083099 0.940810 -0.328590 0.248532 0.133072
female.bmp
  18 -14.068229 0.898051 0.022824 -0.111927 0.984105 0.137879 0.277886 0.246575
  18 -12.649877 1.032715 0.185746 -0.063349 0.986906 0.148338 0.287671 0.360078
  18 -14.016121 0.774222 -0.538382 -0.080484 0.831722 -0.549327 0.242661 0.246575
female.bmp
  18 -14.068229 0.898051 0.022824 -0.111927 0.984105 0.137879 0.277886 0.246575
  18 -12.705875 0.604698 0.921454 -0.099699 0.621963 0.776674 0.336595 0.360078
  18 -12.649877 1.032715 0.185746 -0.063349 0.986906 0.148338 0.287671 0.360078
female.bmp
  18 -14.104351 -1.160206 -0.217749 -0.071605 -0.913010 -0.401604 0.076321 0.232877
  18 -16.225938 -1.045613 -0.108952 -0.053709 -0.968449 -0.243357 0.082192 0.113503
  18 -16.197012 -0.933587 -0.277811 -0.036503 -0.821909 -0.568449 0.097847 0.115460
female.bmp
  18 -14.104351 -1.160206 -0.217749 -0.071605 -0.913010 -0.401604 0.076321 0.232877
  18 -14.194469 -1.217513 0.411612 -0.098532 -0.956765 0.273664 0.037182 0.228963
  18 -16.225938 -1.045613 -0.108952 -0.053709 -0.968449 -0.243357 0.082192 0.113503
female.bmp
  18 -14.104351 -1.160206 -0.217749 -0.071605 -0.913010 -0.401604 0.076321 0.232877
  18 -12.783204 -1.332536 0.532035 -0.055355 -0.948016 0.313372 0.025440 0.344423
  18 -14.194469 -1.217513 0.411612 -0.098532 -0.956765 0.273664 0.037182 0.228963
female.bmp
  18 -14.104351 -1.160206 -0.217749 -0.071605 -0.913010 -0.401604 0.076321 0.232877
  18 -12.652774 -1.282975 -0.277367 -0.033807 -0.909622 -0.414059 0.068493 0.352250
  18 -12.783204 -1.332536 0.532035 -0.055355 -0.948016 0.313372 0.025440 0.344423
female.bmp
  14 23.129743 2.111392 0.148448 0.543126 -0.764804 0.346538 0.583170 0.317025
  13 22.539548 1.892693 0.240343 0.168034 -0.426917 0.888542 0.565558 0.424658
  13 22.516090 1.787534 0.116282 0.408378 -0.859185 0.308265 0.585127 0.434442
female.bmp
  13 22.516090 1.787534 0.116282 0.408378 -0.859185 0.308265 0.585127 0.434442
  13 22.539548 1.892693 0.240343 0.168034 -0.426917 0.888542 0.565558 0.424658
  12 21.797744 1.581062 0.169800 0.139021 -0.240408 0.960665 0.565558 0.551859
female.bmp
  13 22.539548 1.892693 0.240343 0.168034 -0.426917 0.888542 0.565558 0.424658
  12 21.752832 1.715762 0.154347 -0.198647 0.239570 0.950340 0.540117 0.551859
  12 21.797744 1.581062 0.169800 0.139021 -0.240408 0.960665 0.565558 0.551859
female.bmp
  13 22.389449 2.156995 0.016479 -0.322915 0.908358 -0.265727 0.504892 0.432485
  12 21.653994 1.812766 -0.097688 -0.348672 0.828142 -0.438873 0.499022 0.557730
  12 21.676076 1.850065 0.072668 -0.327756 0.831854 0.447878 0.518591 0.551859
female.bmp
  12 21.676076 1.850065 0.072668 -0.327756 0.831854 0.447878 0.518591 0.551859
  12 21.653994 1.812766 -0.097688 -0.348672 0.828142 -0.438873 0.499022 0.557730
  12 21.594699 1.833668 0.075655 -0.282929 0.866934 0.410338 0.516634 0.569472
female.bmp
  12 21.653994 1.812766 -0.097688 -0.348672 0.828142 -0.438873 0.499022 0.557730
  12 21.592763 1.779195 -0.108815 -0.363644 0.779381 -0.510223 0.499022 0.571429
  12 21.594699 1.833668 0.075655 -0.282929 0.866934 0.410338 0.516634 0.569472
female.bmp
  8 24.290535 -0.341412 0.323346 -0.057909 -0.553954 0.830531 0.565558 0.363992
  8 24.263346 -0.148483 0.338815 -0.119230 -0.159717 0.979936 0.542074 0.367906
  7 23.863145 -0.155142 0.325618 -0.035143 0.256272 0.965966 0.542074 0.420744
female.bmp
  7 23.888321 0.026729 0.023146 0.070758 0.951248 -0.300200 0.504892 0.432485
  7 22.720642 0.071757 -0.048949 0.045050 0.926708 -0.373073 0.499022 0.557730
  7 22.724988 0.045562 0.147252 0.091310 0.870187 0.484187 0.518591 0.551859
female.bmp
  7 22.724988 0.045562 0.147252 0.091310 0.870187 0.484187 0.518591 0.551859
  7 22.720642 0.071757 -0.048949 0.045050 0.926708 -0.373073 0.499022 0.557730
  6 22.585881 0.058417 0.175461 0.166994 0.832999 0.527470 0.516634 0.569472
female.bmp
  7 22.720642 0.071757 -0.048949 0.045050 0.926708 -0.373073 0.499022 0.557730
  6 22.619633 0.081316 -0.027607 0.101606 0.932303 -0.347114 0.499022 0.571429
  6 22.585881 0.058417 0.175461 0.166994 0.832999 0.527470 0.516634 0.569472
female.bmp
  5 24.246889 0.944920 0.175859 0.358032 -0.873858 0.328915 0.583170 0.317025
  4 23.458591 0.869170 0.303113 0.120451 -0.491793 0.862341 0.565558 0.424658
  4 23.474351 0.749303 0.140374 0.203886 -0.946444 0.250350 0.585127 0.434442
female.bmp
  4 23.474351 0.749303 0.140374 0.203886 -0.946444 0.250350 0.585127 0.434442
  4 23.458591 0.869170 0.303113 0.120451 -0.491793 0.862341 0.565558 0.424658
  3 22.394823 0.680713 0.330385 0.306852 -0.364597 0.879153 0.565558 0.551859
female.bmp
  4 23.458591 0.869170 0.303113 0.120451 -0.491793 0.862341 0.565558 0.424658
  3 22.370327 0.880642 0.335715 0.042059 0.377005 0.925256 0.540117 0.551859
  3 22.394823 0.680713 0.330385 0.306852 -0.364597 0.879153 0.565558 0.551859
female.bmp
  17 20.429955 -3.203021 -0.111658 0.878499 -0.018267 -0.477395 0.504892 0.958904
  17 20.446416 -3.750961 0.008304 0.919383 -0.162552 -0.358207 0.520548 0.904110
  17 20.304568 -3.753068 -0.145238 0.397906 -0.264200 -0.878561 0.544031 0.906067
female.bmp
  17 20.304568 -3.753068 -0.145238 0.397906 -0.264200 -0.878561 0.544031 0.906067
  17 20.446416 -3.750961 0.008304 0.919383 -0.162552 -0.358207 0.520548 0.904110
  17 20.233938 -4.222682 0.002657 0.076040 -0.698644 -0.711417 0.567515 0.876712
female.bmp
  17 20.446416 -3.750961 0.008304 0.919383 -0.162552 -0.358207 0.520548 0.904110
  17 20.367976 -4.264662 0.165970 0.594819 -0.797758 -0.098858 0.544031 0.870841
  17 20.233938 -4.222682 0.002657 0.076040 -0.698644 -0.711417 0.567515 0.876712
female.bmp
  11 24.153085 -1.474651 -0.022141 0.985542 -0.164740 -0.039589 0.532290 0.600783
  11 23.981265 -1.400512 -0.283830 0.488558 0.386427 -0.782295 0.547945 0.626223
  11 24.134163 -1.372055 -0.055548 0.901587 0.385734 -0.195831 0.553816 0.604697
female.bmp
  11 24.134163 -1.372055 -0.055548 0.901587 0.385734 -0.195831 0.553816 0.604697
  11 23.981265 -1.400512 -0.283830 0.488558 0.386427 -0.782295 0.547945 0.626223
  11 24.046358 -1.304698 -0.074348 0.457825 0.859216 -0.228353 0.565558 0.622309
female.bmp
  11 23.981265 -1.400512 -0.283830 0.488558 0.386427 -0.782295 0.547945 0.626223
  10 23.349394 -1.083427 -0.104849 0.248481 0.945176 -0.211897 0.571429 0.737769
  11 24.046358 -1.304698 -0.074348 0.457825 0.859216 -0.228353 0.565558 0.622309
female.bmp
  5 24.377854 1.155908 0.152784 0.980901 0.186834 0.054100 0.532290 0.600783
  5 24.234336 1.167832 -0.076039 0.406590 0.495632 -0.767485 0.547945 0.626223
  5 24.307064 1.266635 0.117735 0.689679 0.703783 -0.170386 0.553816 0.604697
female.bmp
  5 24.307064 1.266635 0.117735 0.689679 0.703783 -0.170386 0.553816 0.604697
  5 24.234336 1.167832 -0.076039 0.406590 0.495632 -0.767485 0.547945 0.626223
  5 24.196360 1.291901 0.084474 0.067016 0.954007 -0.292198 0.565558 0.622309
female.bmp
  5 24.234336 1.167832 -0.076039 0.406590 0.495632 -0.767485 0.547945 0.626223
  4 23.360885 1.176404 0.012665 -0.116210 0.926200 -0.358676 0.571429 0.737769
  5 24.196360 1.291901 0.084474 0.067016 0.954007 -0.292198 0.565558 0.622309
female.bmp
  17 20.367976 -4.264662 0.165970 0.594819 -0.797758 -0.098858 0.647750 0.859100
  17 20.446416 -3.750961 0.008304 0.919383 -0.162552 -0.358207 0.681018 0.894325
  17 20.405614 -4.126791 0.337069 0.778787 -0.360384 0.513434 0.636008 0.878669
female.bmp
  17 20.405614 -4.126791 0.337069 0.778787 -0.360384 0.513434 0.636008 0.878669
  17 20.446416 -3.750961 0.008304 0.919383 -0.162552 -0.358207 0.681018 0.894325
  17 20.447292 -3.665869 0.198457 0.972241 0.017703 0.233310 0.659491 0.908023
female.bmp
  17 20.446416 -3.750961 0.008304 0.919383 -0.162552 -0.358207 0.681018 0.894325
  17 20.429955 -3.203021 -0.111658 0.878499 -0.018267 -0.477395 0.700587 0.951076
  17 20.447292 -3.665869 0.198457 0.972241 0.017703 0.233310 0.659491 0.908023
female.bmp
  8 24.701107 -0.391749 0.050220 0.485047 -0.805176 -0.341204 0.514677 0.626223
  8 23.936265 -0.414477 -0.105669 0.003318 -0.785430 -0.618942 0.516634 0.731898
  8 24.440900 -0.322372 -0.166988 0.243987 -0.282082 -0.927847 0.530333 0.643836
female.bmp
  8 24.440900 -0.322372 -0.166988 0.243987 -0.282082 -0.927847 0.530333 0.643836
  8 23.936265 -0.414477 -0.105669 0.003318 -0.785430 -0.618942 0.516634 0.731898
  8 23.953695 -0.165189 -0.178135 0.064435 0.318164 -0.945843 0.547945 0.726027
female.bmp
  8 23.936265 -0.414477 -0.105669 0.003318 -0.785430 -0.618942 0.516634 0.731898
  7 23.763968 -0.179897 -0.197403 0.048016 0.208365 -0.976872 0.547945 0.747554
  8 23.953695 -0.165189 -0.178135 0.064435 0.318164 -0.945843 0.547945 0.726027
female.bmp
  2 20.496006 1.110330 0.031598 0.038613 0.634775 0.771732 0.753425 0.277886
  12 20.747470 1.374542 0.218501 -0.111640 0.555642 0.823892 0.726027 0.295499
  2 20.308087 1.472492 -0.293403 -0.172464 0.858292 0.483312 0.763209 0.309198
female.bmp
  2 20.308087 1.472492 -0.293403 -0.172464 0.858292 0.483312 0.763209 0.309198
  12 20.747470 1.374542 0.218501 -0.111640 0.555642 0.823892 0.726027 0.295499
  12 20.686241 1.592024 0.079029 -0.259819 0.815934 0.516474 0.731898 0.315068
female.bmp
  12 20.747470 1.374542 0.218501 -0.111640 0.555642 0.823892 0.726027 0.295499
  12 21.560013 1.857184 0.096722 0.123010 0.896551 0.425518 0.653620 0.336595
  12 20.686241 1.592024 0.079029 -0.259819 0.815934 0.516474 0.731898 0.315068
female.bmp
  9 22.280334 -0.824317 -0.115311 0.257241 0.922762 -0.286945 0.612524 0.090020
  9 21.179538 -0.476804 0.158158 0.652233 -0.065589 0.755175 0.716243 0.129159
  9 22.280020 -0.879677 0.093100 0.301244 0.820344 0.486094 0.614481 0.080235
female.bmp
  9 22.280020 -0.879677 0.093100 0.301244 0.820344 0.486094 0.614481 0.080235
  9 21.179538 -0.476804 0.158158 0.652233 -0.065589 0.755175 0.716243 0.129159
  9 21.003505 -0.541047 0.332758 0.372109 0.198535 0.906708 0.729941 0.129159
female.bmp
  9 21.179538 -0.476804 0.158158 0.652233 -0.065589 0.755175 0.716243 0.129159
  6 21.131317 -0.244652 0.426441 0.199525 -0.212200 0.956640 0.716243 0.142857
  9 21.003505 -0.541047 0.332758 0.372109 0.198535 0.906708 0.729941 0.129159
female.bmp
  2 17.518850 0.235158 -0.750209 -0.214118 0.162774 -0.963150 0.722114 0.477495
  2 17.883656 -0.396400 -0.682754 -0.822533 -0.133302 -0.552874 0.814090 0.426614
  2 17.538666 -0.315009 -0.735259 -0.211642 -0.629979 -0.747218 0.798434 0.477495
female.bmp
  2 17.538666 -0.315009 -0.735259 -0.211642 -0.629979 -0.747218 0.798434 0.477495
  2 17.883656 -0.396400 -0.682754 -0.822533 -0.133302 -0.552874 0.814090 0.426614
  2 17.499607 -0.304970 -0.722082 -0.789659 -0.542025 -0.287483 0.804305 0.479452
female.bmp
  2 17.883656 -0.396400 -0.682754 -0.822533 -0.133302 -0.552874 0.814090 0.426614
  2 17.513540 -0.295317 -0.672962 -0.659656 -0.497006 0.563772 0.810176 0.475538
  2 17.499607 -0.304970 -0.722082 -0.789659 -0.542025 -0.287483 0.804305 0.479452
female.bmp
  2 18.177189 -0.406725 -0.776200 -0.131974 -0.400807 -0.906607 0.749511 0.974560
  2 17.871266 -0.416181 -0.711998 -0.131974 -0.400807 -0.906607 0.755382 0.925636
  2 18.093124 0.064731 -0.967151 -0.131974 -0.400807 -0.906607 0.819961 0.972603
female.bmp
  2 18.093124 0.064731 -0.967151 -0.131974 -0.400807 -0.906607 0.819961 0.972603
  2 17.871266 -0.416181 -0.711998 -0.131974 -0.400807 -0.906607 0.755382 0.925636
  2 17.912295 0.125324 -0.972555 -0.166579 -0.399569 -0.901441 0.829746 0.954990
female.bmp
  2 17.871266 -0.416181 -0.711998 -0.131974 -0.400807 -0.906607 0.755382 0.925636
  2 17.787140 0.035276 -0.903073 -0.240839 -0.388428 -0.889449 0.823875 0.931507
  2 17.912295 0.125324 -0.972555 -0.166579 -0.399569 -0.901441 0.829746 0.954990
female.bmp
  2 18.005449 -0.376094 -0.792546 -0.041990 0.827896 -0.559308 0.524462 0.172211
  2 18.043721 -0.386068 -0.815692 -0.041990 0.827896 -0.559308 0.545988 0.183953
  2 17.973939 -0.385887 -0.810184 -0.041990 0.827896 -0.559308 0.502935 0.183953
female.bmp
  2 17.973939 -0.385887 -0.810184 -0.041990 0.827896 -0.559308 0.502935 0.183953
  2 18.043721 -0.386068 -0.815692 -0.041990 0.827896 -0.559308 0.545988 0.183953
  2 18.000638 -0.405707 -0.852544 -0.041990 0.827896 -0.559308 0.524462 0.221135
female.bmp
  2 18.043721 -0.386068 -0.815692 -0.041990 0.827896 -0.559308 0.545988 0.183953
  2 18.042117 -0.395939 -0.835692 -0.041990 0.827896 -0.559308 0.545988 0.209393
  2 18.000638 -0.405707 -0.852544 -0.041990 0.827896 -0.559308 0.524462 0.221135
female.bmp
  2 17.501882 0.604263 -0.596019 -0.243535 0.657852 -0.712686 0.154599 0.974560
  2 17.518850 0.235158 -0.750209 -0.214118 0.162774 -0.963150 0.176125 0.935421
  2 17.480547 0.235133 -0.727124 -0.871693 0.048809 -0.487615 0.172211 0.931507
female.bmp
  2 17.480547 0.235133 -0.727124 -0.871693 0.048809 -0.487615 0.172211 0.931507
  2 17.518850 0.235158 -0.750209 -0.214118 0.162774 -0.963150 0.176125 0.935421
  2 17.499607 -0.304970 -0.722082 -0.789659 -0.542025 -0.287483 0.185910 0.878669
female.bmp
  2 17.518850 0.235158 -0.750209 -0.214118 0.162774 -0.963150 0.176125 0.935421
  2 17.538666 -0.315009 -0.735259 -0.211642 -0.629979 -0.747218 0.189824 0.878669
  2 17.499607 -0.304970 -0.722082 -0.789659 -0.542025 -0.287483 0.185910 0.878669
female.bmp
  2 17.906977 -0.998444 -0.367477 -0.710967 -0.565341 -0.418228 0.898239 0.420744
  2 17.890474 -0.737035 -0.585176 -0.754327 -0.363418 -0.546735 0.857143 0.422701
  2 18.202050 -1.018897 -0.441047 0.476768 -0.637375 -0.605348 0.900196 0.377691
female.bmp
  2 18.202050 -1.018897 -0.441047 0.476768 -0.637375 -0.605348 0.900196 0.377691
  2 17.890474 -0.737035 -0.585176 -0.754327 -0.363418 -0.546735 0.857143 0.422701
  2 18.183115 -0.734352 -0.650664 0.485693 -0.434826 -0.758307 0.857143 0.377691
female.bmp
  2 17.890474 -0.737035 -0.585176 -0.754327 -0.363418 -0.546735 0.857143 0.422701
  2 17.871266 -0.416181 -0.711998 -0.773234 -0.161742 -0.613147 0.818004 0.422701
  2 18.183115 -0.734352 -0.650664 0.485693 -0.434826 -0.758307 0.857143 0.377691
female.bmp
  2 17.698035 0.581637 -0.270578 0.068459 0.993896 -0.086510 0.240705 0.031311
  1 16.185319 0.623750 0.109333 0.122180 0.934861 0.333327 0.281800 0.133072
  2 17.775040 0.459259 0.073652 0.140003 0.874968 0.463499 0.285714 0.031311
female.bmp
  2 17.775040 0.459259 0.073652 0.140003 0.874968 0.463499 0.285714 0.031311
  1 16.185319 0.623750 0.109333 0.122180 0.934861 0.333327 0.281800 0.133072
  1 16.188049 0.323848 0.539393 0.142791 0.633502 0.760451 0.326810 0.131115
female.bmp
  1 16.185319 0.623750 0.109333 0.122180 0.934861 0.333327 0.281800 0.133072
  1 14.123156 0.541414 0.824669 0.142791 0.633502 0.760451 0.332681 0.244618
  1 16.188049 0.323848 0.539393 0.142791 0.633502 0.760451 0.326810 0.131115
female.bmp
  1 8.815508 0.837254 0.495129 -0.149811 0.981315 0.120737 0.289628 0.598826
  1 5.643859 0.136788 1.275506 -0.082432 0.678259 0.730184 0.342466 0.727984
  1 8.957647 0.455541 1.213802 -0.109498 0.610139 0.784691 0.342466 0.592955
female.bmp
  1 8.957647 0.455541 1.213802 -0.109498 0.610139 0.784691 0.342466 0.592955
  1 5.643859 0.136788 1.275506 -0.082432 0.678259 0.730184 0.342466 0.727984
  1 9.080771 -0.266022 1.432636 0.037429 0.091731 0.995080 0.381605 0.592955
female.bmp
  1 5.643859 0.136788 1.275506 -0.082432 0.678259 0.730184 0.342466 0.727984
  1 5.736478 -0.694393 1.584636 -0.000852 0.111839 0.993726 0.381605 0.727984
  1 9.080771 -0.266022 1.432636 0.037429 0.091731 0.995080 0.381605 0.592955
female.bmp
  1 9.636272 1.027027 0.317269 -0.080918 0.996622 -0.014029 0.279843 0.565558
  1 9.680334 0.546567 1.366896 -0.003941 0.509793 0.860288 0.340509 0.565558
  1 9.683165 1.158886 0.438914 0.033003 0.991884 0.122785 0.281800 0.536204
female.bmp
  1 9.683165 1.158886 0.438914 0.033003 0.991884 0.122785 0.281800 0.536204
  1 9.680334 0.546567 1.366896 -0.003941 0.509793 0.860288 0.340509 0.565558
  1 9.688809 0.769047 1.168978 0.105430 0.621483 0.776301 0.336595 0.536204
female.bmp
  1 9.680334 0.546567 1.366896 -0.003941 0.509793 0.860288 0.340509 0.565558
  1 9.761769 -0.164498 1.396119 0.030683 0.037868 0.998812 0.381605 0.565558
  1 9.688809 0.769047 1.168978 0.105430 0.621483 0.776301 0.336595 0.536204
female.bmp
  30 -22.396924 2.129929 -0.058193 0.328301 0.905177 -0.269950 0.504892 0.432485
  29 -21.674689 1.833446 0.024350 0.328495 0.831610 0.447790 0.518591 0.551859
  29 -21.655625 1.789594 -0.133807 0.349470 0.827760 -0.438959 0.499022 0.557730
female.bmp
  29 -21.655625 1.789594 -0.133807 0.349470 0.827760 -0.438959 0.499022 0.557730
  29 -21.674689 1.833446 0.024350 0.328495 0.831610 0.447790 0.518591 0.551859
  29 -21.597633 1.808306 0.029860 0.283704 0.866726 0.410241 0.516634 0.569472
female.bmp
  29 -21.674689 1.833446 0.024350 0.328495 0.831610 0.447790 0.518591 0.551859
  29 -21.675510 1.650095 0.106703 0.198802 0.239514 0.950321 0.540117 0.567515
  29 -21.597633 1.808306 0.029860 0.283704 0.866726 0.410241 0.516634 0.569472
female.bmp
  27 -23.354956 -1.102387 -0.140490 -0.247636 0.945417 -0.211808 0.571429 0.737769
  28 -23.987694 -1.419955 -0.319753 -0.489017 0.386826 -0.781811 0.547945 0.626223
  28 -24.044652 -1.312312 -0.111742 -0.457095 0.859696 -0.228006 0.565558 0.622309
female.bmp
  28 -24.044652 -1.312312 -0.111742 -0.457095 0.859696 -0.228006 0.565558 0.622309
  28 -23.987694 -1.419955 -0.319753 -0.489017 0.386826 -0.781811 0.547945 0.626223
  28 -24.130498 -1.389278 -0.091574 -0.901368 0.386728 -0.194878 0.553816 0.604697
female.bmp
  28 -23.987694 -1.419955 -0.319753 -0.489017 0.386826 -0.781811 0.547945 0.626223
  28 -24.159294 -1.493840 -0.057848 -0.985776 -0.163614 -0.038425 0.532290 0.600783
  28 -24.130498 -1.389278 -0.091574 -0.901368 0.386728 -0.194878 0.553816 0.604697
female.bmp
  21 -23.371160 1.143453 -0.035340 0.113763 0.926644 -0.358314 0.571429 0.737769
  22 -24.246288 1.132630 -0.134319 -0.409701 0.495652 -0.765816 0.547945 0.626223
  22 -24.198257 1.254130 0.026400 -0.069297 0.954138 -0.291238 0.565558 0.622309
female.bmp
  22 -24.198257 1.254130 0.026400 -0.069297 0.954138 -0.291238 0.565558 0.622309
  22 -24.246288 1.132630 -0.134319 -0.409701 0.495652 -0.765816 0.547945 0.626223
  22 -24.309316 1.226002 0.050368 -0.691218 0.702926 -0.167668 0.553816 0.604697
female.bmp
  22 -24.246288 1.132630 -0.134319 -0.409701 0.495652 -0.765816 0.547945 0.626223
  22 -24.379430 1.117935 0.095152 -0.980991 0.185391 0.057328 0.532290 0.600783
  22 -24.309316 1.226002 0.050368 -0.691218 0.702926 -0.167668 0.553816 0.604697
female.bmp
  22 -24.248220 0.907042 0.117685 -0.355747 -0.874625 0.329356 0.583170 0.317025
  21 -23.474200 0.713684 0.092648 -0.201749 -0.946928 0.250247 0.585127 0.434442
  21 -23.468653 0.830426 0.235969 -0.117041 -0.492635 0.862329 0.565558 0.424658
female.bmp
  21 -23.468653 0.830426 0.235969 -0.117041 -0.492635 0.862329 0.565558 0.424658
  21 -23.474200 0.713684 0.092648 -0.201749 -0.946928 0.250247 0.585127 0.434442
  20 -22.398544 0.645725 0.264126 -0.315826 -0.364603 0.875967 0.565558 0.551859
female.bmp
  21 -23.474200 0.713684 0.092648 -0.201749 -0.946928 0.250247 0.585127 0.434442
  21 -22.418946 0.480231 0.098929 -0.331053 -0.912559 0.240083 0.590998 0.559687
  20 -22.398544 0.645725 0.264126 -0.315826 -0.364603 0.875967 0.565558 0.551859
female.bmp
  34 -20.450986 -3.210717 -0.119197 -0.874732 0.012906 -0.484434 0.700587 0.951076
  34 -20.486307 -3.749964 -0.008908 -0.920976 -0.131121 -0.366893 0.681018 0.894325
  34 -20.498496 -3.678317 0.184271 -0.973112 0.045409 0.225813 0.659491 0.908023
female.bmp
  34 -20.498496 -3.678317 0.184271 -0.973112 0.045409 0.225813 0.659491 0.908023
  34 -20.486307 -3.749964 -0.008908 -0.920976 -0.131121 -0.366893 0.681018 0.894325
  34 -20.454581 -4.139204 0.325885 -0.793590 -0.340900 0.503987 0.636008 0.878669
female.bmp
  34 -20.486307 -3.749964 -0.008908 -0.920976 -0.131121 -0.366893 0.681018 0.894325
  34 -20.429000 -4.268412 0.150241 -0.618103 -0.778248 -0.110810 0.647750 0.859100
  34 -20.454581 -4.139204 0.325885 -0.793590 -0.340900 0.503987 0.636008 0.878669
female.bmp
  34 -19.838055 -3.246132 -0.013553 0.928990 -0.346381 -0.130377 0.577299 0.980431
  34 -20.018225 -3.703482 0.002868 0.930885 -0.328051 -0.160736 0.581213 0.925636
  34 -19.931564 -3.187750 -0.229533 0.575530 -0.297311 -0.761821 0.549902 0.982387
female.bmp
  34 -19.931564 -3.187750 -0.229533 0.575530 -0.297311 -0.761821 0.549902 0.982387
  34 -20.018225 -3.703482 0.002868 0.930885 -0.328051 -0.160736 0.581213 0.925636
  34 -20.113597 -3.688106 -0.164667 0.443988 -0.310452 -0.840532 0.553816 0.921722
female.bmp
  34 -20.018225 -3.703482 0.002868 0.930885 -0.328051 -0.160736 0.581213 0.925636
  34 -20.143030 -4.222814 0.075794 0.724249 -0.639263 -0.258469 0.581213 0.880626
  34 -20.113597 -3.688106 -0.164667 0.443988 -0.310452 -0.840532 0.553816 0.921722
female.bmp
  30 -22.498518 1.762003 -0.186681 -0.454410 -0.678086 -0.577676 0.514677 0.753425
  29 -21.772952 1.429098 -0.264868 -0.512771 -0.573135 -0.639204 0.518591 0.831703
  29 -21.827587 1.397032 0.008054 -0.457110 -0.833016 0.311664 0.500978 0.827789
female.bmp
  29 -21.827587 1.397032 0.008054 -0.457110 -0.833016 0.311664 0.500978 0.827789
  29 -21.772952 1.429098 -0.264868 -0.512771 -0.573135 -0.639204 0.518591 0.831703
  29 -21.769382 1.356894 0.009128 -0.514565 -0.812552 0.273830 0.497065 0.841487
female.bmp
  29 -21.772952 1.429098 -0.264868 -0.512771 -0.573135 -0.639204 0.518591 0.831703
  29 -21.723302 1.395647 -0.295133 -0.580292 -0.409082 -0.704211 0.514677 0.843444
  29 -21.769382 1.356894 0.009128 -0.514565 -0.812552 0.273830 0.497065 0.841487
female.bmp
  24 -23.747691 -0.414108 -0.145134 0.006783 -0.743321 -0.668900 0.514677 0.753425
  24 -22.726804 -0.410939 -0.158556 0.006783 -0.743321 -0.668900 0.518591 0.831703
  24 -22.701436 -0.480276 0.100576 0.002234 -0.958793 0.284095 0.500978 0.827789
female.bmp
  24 -22.701436 -0.480276 0.100576 0.002234 -0.958793 0.284095 0.500978 0.827789
  24 -22.726804 -0.410939 -0.158556 0.006783 -0.743321 -0.668900 0.518591 0.831703
  23 -22.605426 -0.477561 0.112505 -0.029662 -0.962233 0.270605 0.497065 0.841487
female.bmp
  24 -22.726804 -0.410939 -0.158556 0.006783 -0.743321 -0.668900 0.518591 0.831703
  23 -22.573349 -0.401453 -0.162775 -0.079912 -0.716518 -0.692976 0.514677 0.843444
  23 -22.605426 -0.477561 0.112505 -0.029662 -0.962233 0.270605 0.497065 0.841487
female.bmp
  30 -22.414053 1.952125 -0.261643 -0.019938 0.264208 -0.964260 0.547945 0.747554
  30 -22.595141 1.815484 -0.169251 -0.404021 -0.729734 -0.551593 0.516634 0.731898
  30 -22.523970 2.001390 -0.241870 0.054503 0.285899 -0.956709 0.547945 0.726027
female.bmp
  30 -22.523970 2.001390 -0.241870 0.054503 0.285899 -0.956709 0.547945 0.726027
  30 -22.595141 1.815484 -0.169251 -0.404021 -0.729734 -0.551593 0.516634 0.731898
  31 -22.876893 2.021265 -0.244549 -0.259492 -0.291131 -0.920818 0.530333 0.643836
female.bmp
  30 -22.595141 1.815484 -0.169251 -0.404021 -0.729734 -0.551593 0.516634 0.731898
  31 -23.135061 2.086968 -0.105867 -0.730935 -0.568182 -0.378025 0.514677 0.626223
  31 -22.876893 2.021265 -0.244549 -0.259492 -0.291131 -0.920818 0.530333 0.643836
female.bmp
  24 -23.754241 -0.196279 -0.219345 -0.026627 0.208322 -0.977698 0.547945 0.747554
  25 -23.931262 -0.433788 -0.135490 0.014091 -0.785337 -0.618908 0.516634 0.731898
  25 -23.946013 -0.187246 -0.217952 -0.044213 0.318044 -0.947045 0.547945 0.726027
female.bmp
  25 -23.946013 -0.187246 -0.217952 -0.044213 0.318044 -0.947045 0.547945 0.726027
  25 -23.931262 -0.433788 -0.135490 0.014091 -0.785337 -0.618908 0.516634 0.731898
  25 -24.433943 -0.342564 -0.219095 -0.221597 -0.282954 -0.933184 0.530333 0.643836
female.bmp
  25 -23.931262 -0.433788 -0.135490 0.014091 -0.785337 -0.618908 0.516634 0.731898
  25 -24.699516 -0.417724 0.003889 -0.473754 -0.807154 -0.352221 0.514677 0.626223
  25 -24.433943 -0.342564 -0.219095 -0.221597 -0.282954 -0.933184 0.530333 0.643836
female.bmp
  25 -24.268345 -0.178937 0.293841 0.036391 -0.510139 0.859322 0.542074 0.367906
  25 -24.296054 -0.362165 0.274871 0.041307 -0.553843 0.831596 0.565558 0.363992
  24 -23.865917 -0.174733 0.291698 0.012050 0.256258 0.966533 0.542074 0.420744
female.bmp
  34 -20.429000 -4.268412 0.150241 -0.618103 -0.778248 -0.110810 0.544031 0.870841
  34 -20.486307 -3.749964 -0.008908 -0.920976 -0.131121 -0.366893 0.520548 0.904110
  34 -20.287134 -4.236095 -0.011715 -0.091565 -0.689640 -0.718341 0.567515 0.876712
female.bmp
  34 -20.287134 -4.236095 -0.011715 -0.091565 -0.689640 -0.718341 0.567515 0.876712
  34 -20.486307 -3.749964 -0.008908 -0.920976 -0.131121 -0.366893 0.520548 0.904110
  34 -20.346944 -3.759509 -0.152390 -0.398632 -0.244072 -0.884037 0.544031 0.906067
female.bmp
  34 -20.486307 -3.749964 -0.008908 -0.920976 -0.131121 -0.366893 0.520548 0.904110
  34 -20.450986 -3.210717 -0.119197 -0.874732 0.012906 -0.484434 0.504892 0.958904
  34 -20.346944 -3.759509 -0.152390 -0.398632 -0.244072 -0.884037 0.544031 0.906067
female.bmp
  22 -24.198257 1.254130 0.026400 -0.069297 0.954138 -0.291238 0.504892 0.313112
  22 -24.309316 1.226002 0.050368 -0.691218 0.702926 -0.167668 0.522505 0.272016
  22 -24.261867 1.256598 0.122565 -0.192669 0.885852 0.422073 0.518591 0.295499
female.bmp
  22 -24.261867 1.256598 0.122565 -0.192669 0.885852 0.422073 0.518591 0.295499
  22 -24.309316 1.226002 0.050368 -0.691218 0.702926 -0.167668 0.522505 0.272016
  22 -24.317038 1.127728 0.182967 -0.828947 0.268554 0.490638 0.544031 0.273973
female.bmp
  22 -24.309316 1.226002 0.050368 -0.691218 0.702926 -0.167668 0.522505 0.272016
  22 -24.379430 1.117935 0.095152 -0.980991 0.185391 0.057328 0.544031 0.266145
  22 -24.317038 1.127728 0.182967 -0.828947 0.268554 0.490638 0.544031 0.273973
female.bmp
  23 -22.621510 0.062076 -0.036600 -0.097515 0.932557 -0.347604 0.499022 0.571429
  24 -22.715635 0.059779 -0.047203 -0.040439 0.926571 -0.373940 0.499022 0.557730
  23 -22.588591 0.039723 0.166664 -0.166482 0.833563 0.526741 0.516634 0.569472
female.bmp
  23 -22.588591 0.039723 0.166664 -0.166482 0.833563 0.526741 0.516634 0.569472
  24 -22.715635 0.059779 -0.047203 -0.040439 0.926571 -0.373940 0.499022 0.557730
  24 -22.724848 0.030757 0.139272 -0.105981 0.869716 0.482039 0.518591 0.551859
female.bmp
  24 -22.715635 0.059779 -0.047203 -0.040439 0.926571 -0.373940 0.499022 0.557730
  24 -23.884962 0.007014 -0.011296 -0.067906 0.950991 -0.301671 0.504892 0.432485
  24 -22.724848 0.030757 0.139272 -0.105981 0.869716 0.482039 0.518591 0.551859
female.bmp
  19 -20.546603 0.643182 0.360840 -0.153131 0.434798 0.887413 0.757339 0.232877
  20 -21.102385 0.383750 0.337893 -0.315086 0.090014 0.944785 0.710372 0.201566
  19 -20.544316 0.094830 0.552428 -0.157118 0.201166 0.966874 0.765166 0.183953
female.bmp
  19 -20.544316 0.094830 0.552428 -0.157118 0.201166 0.966874 0.765166 0.183953
  20 -21.102385 0.383750 0.337893 -0.315086 0.090014 0.944785 0.710372 0.201566
  23 -21.149860 0.183647 0.290915 -0.266972 0.635245 0.724700 0.708415 0.187867
female.bmp
  20 -21.102385 0.383750 0.337893 -0.315086 0.090014 0.944785 0.710372 0.201566
  20 -21.197874 0.258440 0.265235 -0.672712 0.319580 0.667328 0.698630 0.195695
  23 -21.149860 0.183647 0.290915 -0.266972 0.635245 0.724700 0.708415 0.187867
female.bmp
  33 -19.653705 -2.373210 -0.439701 0.360811 -0.357903 -0.861232 0.403131 0.935421
  33 -19.820674 -2.878250 -0.341946 0.503504 -0.297556 -0.811138 0.446184 0.937378
  33 -20.076123 -2.203179 -0.475077 -0.368036 -0.059574 -0.927901 0.399217 0.890411
female.bmp
  33 -20.076123 -2.203179 -0.475077 -0.368036 -0.059574 -0.927901 0.399217 0.890411
  33 -19.820674 -2.878250 -0.341946 0.503504 -0.297556 -0.811138 0.446184 0.937378
  33 -20.192485 -2.710743 -0.388830 -0.305770 -0.057218 -0.950384 0.444227 0.898239
female.bmp
  33 -19.820674 -2.878250 -0.341946 0.503504 -0.297556 -0.811138 0.446184 0.937378
  33 -20.330712 -3.057725 -0.329695 -0.486646 -0.546106 -0.681868 0.477495 0.898239
  33 -20.192485 -2.710743 -0.388830 -0.305770 -0.057218 -0.950384 0.444227 0.898239
female.bmp
  29 -20.722079 1.326506 -0.528955 -0.047343 0.358043 -0.932504 0.737769 0.536204
  29 -21.585501 1.607553 -0.402404 -0.434411 0.414389 -0.799731 0.651663 0.520548
  29 -21.535810 1.807502 -0.185029 -0.244467 0.886526 -0.392819 0.657534 0.487280
female.bmp
  29 -21.535810 1.807502 -0.185029 -0.244467 0.886526 -0.392819 0.657534 0.487280
  29 -21.585501 1.607553 -0.402404 -0.434411 0.414389 -0.799731 0.651663 0.520548
  29 -21.595735 1.753806 -0.154602 -0.763841 0.578075 -0.287012 0.651663 0.487280
female.bmp
  29 -21.585501 1.607553 -0.402404 -0.434411 0.414389 -0.799731 0.651663 0.520548
  29 -21.609728 1.601335 -0.346061 -0.851365 0.406223 -0.331903 0.647750 0.518591
  29 -21.595735 1.753806 -0.154602 -0.763841 0.578075 -0.287012 0.651663 0.487280
female.bmp
  19 -18.680610 0.730579 0.112177 0.327632 0.724437 0.606505 0.913894 0.264188
  19 -18.216550 0.720985 -0.385489 -0.662950 0.733007 -0.152307 0.941292 0.287671
  19 -18.601655 0.937583 -0.390830 0.439749 0.897269 -0.039108 0.915851 0.289628
female.bmp
  19 -18.601655 0.937583 -0.390830 0.439749 0.897269 -0.039108 0.915851 0.289628
  19 -18.216550 0.720985 -0.385489 -0.662950 0.733007 -0.152307 0.941292 0.287671
  19 -18.589758 0.732400 -0.737613 0.366722 0.684720 -0.629820 0.921722 0.309198
female.bmp
  19 -18.216550 0.720985 -0.385489 -0.662950 0.733007 -0.152307 0.941292 0.287671
  19 -18.201279 0.541666 -0.665508 -0.572327 0.529743 -0.625950 0.943249 0.301370
  19 -18.589758 0.732400 -0.737613 0.366722 0.684720 -0.629820 0.921722 0.309198
female.bmp
  33 -20.203070 -3.090695 -0.273830 -0.369175 -0.839579 0.398517 0.483366 0.937378
  34 -19.897128 -3.240100 -0.262298 0.160659 -0.881484 -0.444044 0.479452 0.939335
  34 -19.931564 -3.187750 -0.229533 -0.547310 -0.714265 0.436207 0.483366 0.951076
female.bmp
  34 -19.931564 -3.187750 -0.229533 -0.547310 -0.714265 0.436207 0.483366 0.951076
  34 -19.897128 -3.240100 -0.262298 0.160659 -0.881484 -0.444044 0.479452 0.939335
  34 -19.838055 -3.246132 -0.013553 0.855767 -0.516360 -0.032174 0.481409 0.953033
female.bmp
  34 -19.897128 -3.240100 -0.262298 0.160659 -0.881484 -0.444044 0.479452 0.939335
  33 -19.671233 -2.856477 -0.045815 0.895136 -0.433378 -0.104473 0.442270 0.958904
  34 -19.838055 -3.246132 -0.013553 0.855767 -0.516360 -0.032174 0.481409 0.953033
female.bmp
  19 -17.887273 -0.458932 -0.780422 0.764876 -0.167966 -0.621894 0.818004 0.422701
  19 -17.896067 -0.779268 -0.641473 0.745333 -0.369417 -0.554986 0.857143 0.422701
  19 -18.192771 -0.778258 -0.708297 -0.497546 -0.432401 -0.751982 0.857143 0.377691
female.bmp
  19 -18.192771 -0.778258 -0.708297 -0.497546 -0.432401 -0.751982 0.857143 0.377691
  19 -17.896067 -0.779268 -0.641473 0.745333 -0.369417 -0.554986 0.857143 0.422701
  19 -18.205397 -1.058764 -0.499355 -0.488256 -0.634808 -0.598853 0.900196 0.377691
female.bmp
  19 -17.896067 -0.779268 -0.641473 0.745333 -0.369417 -0.554986 0.857143 0.422701
  19 -17.918621 -1.039746 -0.433043 0.702050 -0.570873 -0.425710 0.898239 0.420744
  19 -18.205397 -1.058764 -0.499355 -0.488256 -0.634808 -0.598853 0.900196 0.377691
female.bmp
  19 -17.795393 0.001288 -0.964421 0.227718 -0.391275 -0.891655 0.823875 0.931507
  19 -17.887273 -0.458932 -0.780422 0.118570 -0.402913 -0.907526 0.755382 0.925636
  19 -17.920987 0.091843 -1.041402 0.153244 -0.401910 -0.902765 0.829746 0.954990
female.bmp
  19 -17.920987 0.091843 -1.041402 0.153244 -0.401910 -0.902765 0.829746 0.954990
  19 -17.887273 -0.458932 -0.780422 0.118570 -0.402913 -0.907526 0.755382 0.925636
  19 -18.111981 0.032359 -1.032295 0.118570 -0.402913 -0.907526 0.819961 0.972603
female.bmp
  19 -17.887273 -0.458932 -0.780422 0.118570 -0.402913 -0.907526 0.755382 0.925636
  19 -18.184513 -0.447945 -0.837236 0.118570 -0.402913 -0.907526 0.749511 0.974560
  19 -18.111981 0.032359 -1.032295 0.118570 -0.402913 -0.907526 0.819961 0.972603
female.bmp
  19 -17.518087 -0.340055 -0.749279 0.662704 -0.500884 0.556722 0.810176 0.475538
  19 -17.889442 -0.429029 -0.740408 0.815074 -0.139793 -0.562238 0.814090 0.426614
  19 -17.505877 -0.349988 -0.788678 0.782430 -0.547933 -0.295927 0.804305 0.479452
female.bmp
  19 -17.505877 -0.349988 -0.788678 0.782430 -0.547933 -0.295927 0.804305 0.479452
  19 -17.889442 -0.429029 -0.740408 0.815074 -0.139793 -0.562238 0.814090 0.426614
  19 -17.545250 -0.349845 -0.800916 0.198488 -0.632430 -0.748756 0.798434 0.477495
female.bmp
  19 -17.889442 -0.429029 -0.740408 0.815074 -0.139793 -0.562238 0.814090 0.426614
  19 -17.522601 0.200140 -0.818334 0.203995 0.160004 -0.965808 0.722114 0.477495
  19 -17.545250 -0.349845 -0.800916 0.198488 -0.632430 -0.748756 0.798434 0.477495
female.bmp
  19 -18.022964 -0.408347 -0.858069 0.041254 0.826847 -0.560912 0.524462 0.172211
  19 -17.982493 -0.418441 -0.865825 0.041254 0.826847 -0.560912 0.502935 0.183953
  19 -18.052381 -0.418233 -0.869770 0.041254 0.826847 -0.560912 0.545988 0.183953
female.bmp
  19 -18.052381 -0.418233 -0.869770 0.041254 0.826847 -0.560912 0.545988 0.183953
  19 -17.982493 -0.418441 -0.865825 0.041254 0.826847 -0.560912 0.502935 0.183953
  19 -18.010275 -0.448256 -0.907530 0.041254 0.826847 -0.560912 0.524462 0.221135
female.bmp
  19 -17.982493 -0.418441 -0.865825 0.041254 0.826847 -0.560912 0.502935 0.183953
  19 -17.980858 -0.438369 -0.895830 0.041254 0.826847 -0.560912 0.502935 0.209393
  19 -18.010275 -0.448256 -0.907530 0.041254 0.826847 -0.560912 0.524462 0.221135
female.bmp
  19 -17.889519 0.540842 -0.687978 0.715982 0.465229 -0.520511 0.682975 0.422701
  19 -17.882591 0.201185 -0.828634 0.806818 0.087717 -0.584252 0.724070 0.424658
  19 -17.887772 0.560916 -0.717878 0.596965 0.532397 -0.600155 0.681018 0.418787
female.bmp
  19 -17.887772 0.560916 -0.717878 0.596965 0.532397 -0.600155 0.681018 0.418787
  19 -17.882591 0.201185 -0.828634 0.806818 0.087717 -0.584252 0.724070 0.424658
  19 -17.879745 0.211306 -0.878529 0.691363 0.112101 -0.713758 0.726027 0.418787
female.bmp
  19 -17.882591 0.201185 -0.828634 0.806818 0.087717 -0.584252 0.724070 0.424658
  19 -17.887273 -0.458932 -0.780422 0.764876 -0.167966 -0.621894 0.818004 0.422701
  19 -17.879745 0.211306 -0.878529 0.691363 0.112101 -0.713758 0.726027 0.418787
female.bmp
  18 -12.507188 0.056382 -1.033891 -0.030443 0.092857 -0.995214 0.176125 0.360078
  18 -12.568687 -0.706327 -0.841553 -0.033056 -0.489227 -0.871530 0.119374 0.358121
  18 -13.968671 0.168838 -0.954385 -0.058129 0.223442 -0.972982 0.187867 0.242661
female.bmp
  18 -13.968671 0.168838 -0.954385 -0.058129 0.223442 -0.972982 0.187867 0.242661
  18 -12.568687 -0.706327 -0.841553 -0.033056 -0.489227 -0.871530 0.119374 0.358121
  18 -13.982783 -0.352029 -0.889591 -0.052206 -0.265638 -0.962658 0.146771 0.242661
female.bmp
  18 -12.568687 -0.706327 -0.841553 -0.033056 -0.489227 -0.871530 0.119374 0.358121
  18 -14.028746 -0.724454 -0.703345 -0.050791 -0.583518 -0.810510 0.119374 0.238748
  18 -13.982783 -0.352029 -0.889591 -0.052206 -0.265638 -0.962658 0.146771 0.242661
female.bmp
  18 -9.759044 -0.232159 1.350494 -0.027134 0.037971 0.998910 0.381605 0.565558
  18 -9.674158 0.478492 1.321020 0.009375 0.509723 0.860288 0.340509 0.565558
  18 -9.686815 0.687804 1.075636 -0.099699 0.621963 0.776674 0.336595 0.536204
female.bmp
  18 -9.686815 0.687804 1.075636 -0.099699 0.621963 0.776674 0.336595 0.536204
  18 -9.674158 0.478492 1.321020 0.009375 0.509723 0.860288 0.340509 0.565558
  18 -9.680366 1.075154 0.349468 -0.027635 0.992031 0.122926 0.281800 0.536204
female.bmp
  18 -9.674158 0.478492 1.321020 0.009375 0.509723 0.860288 0.340509 0.565558
  18 -9.621289 0.958852 0.281328 0.085845 0.996206 -0.014268 0.279843 0.565558
  18 -9.680366 1.075154 0.349468 -0.027635 0.992031 0.122926 0.281800 0.536204
female.bmp
  18 -9.264787 -1.618539 0.723549 -0.195176 -0.883599 0.425628 0.009785 0.589041
  18 -9.815744 -1.482647 0.710129 -0.126824 -0.891846 0.434196 0.009785 0.563601
  18 -9.820380 -1.552719 -0.069914 -0.128635 -0.969442 -0.208889 0.054795 0.559687
female.bmp
  18 -9.820380 -1.552719 -0.069914 -0.128635 -0.969442 -0.208889 0.054795 0.559687
  18 -9.815744 -1.482647 0.710129 -0.126824 -0.891846 0.434196 0.009785 0.563601
  18 -9.671887 -1.360407 -0.114829 -0.053709 -0.968449 -0.243357 0.060665 0.536204
female.bmp
  18 -9.815744 -1.482647 0.710129 -0.126824 -0.891846 0.434196 0.009785 0.563601
  18 -9.713312 -1.318549 0.655582 -0.019113 -0.916565 0.399428 0.017613 0.536204
  18 -9.671887 -1.360407 -0.114829 -0.053709 -0.968449 -0.243357 0.060665 0.536204
female.bmp
  8 24.826624 -0.214277 0.242441 0.981136 -0.020671 0.192213 0.544031 0.266145
  8 24.763922 -0.178300 0.323522 0.833967 0.138308 0.534201 0.544031 0.273973
  8 24.773006 -0.350520 0.270062 0.777907 -0.574862 0.253762 0.571429 0.277886
female.bmp
  8 24.773006 -0.350520 0.270062 0.777907 -0.574862 0.253762 0.571429 0.277886
  8 24.763922 -0.178300 0.323522 0.833967 0.138308 0.534201 0.544031 0.273973
  8 24.730103 -0.349311 0.341181 0.297197 -0.552909 0.778438 0.571429 0.295499
female.bmp
  11 24.109834 -1.473250 0.078495 0.901167 -0.193726 0.387774 0.544031 0.273973
  11 24.036574 -1.578484 0.102133 0.215574 -0.615558 0.758035 0.571429 0.295499
  11 24.075773 -1.598030 0.013920 0.633740 -0.767547 0.096153 0.571429 0.277886
female.bmp
  11 24.075773 -1.598030 0.013920 0.633740 -0.767547 0.096153 0.571429 0.277886
  11 24.036574 -1.578484 0.102133 0.215574 -0.615558 0.758035 0.571429 0.295499
  11 23.955904 -1.634224 0.018554 0.043364 -0.965655 0.256182 0.583170 0.317025
female.bmp
  11 23.650593 -1.517064 0.114256 -0.077904 -0.602804 0.794077 0.565558 0.363992
  10 23.307818 -1.253051 0.189259 0.129406 0.288190 0.948789 0.542074 0.420744
  10 23.282989 -1.427807 0.151262 -0.042215 -0.500178 0.864893 0.565558 0.424658
female.bmp
  10 23.282989 -1.427807 0.151262 -0.042215 -0.500178 0.864893 0.565558 0.424658
  10 23.307818 -1.253051 0.189259 0.129406 0.288190 0.948789 0.542074 0.420744
  10 22.311710 -1.229404 0.199786 0.012002 -0.492985 0.869955 0.565558 0.551859
female.bmp
  3 22.213358 1.011506 0.015191 -0.126225 0.925789 -0.356344 0.573386 0.837573
  3 22.277344 0.827715 -0.188835 -0.116011 0.219573 -0.968674 0.547945 0.831703
  3 22.187244 0.815521 -0.183072 -0.205200 0.233357 -0.950493 0.547945 0.841487
female.bmp
  3 22.187244 0.815521 -0.183072 -0.205200 0.233357 -0.950493 0.547945 0.841487
  3 22.277344 0.827715 -0.188835 -0.116011 0.219573 -0.968674 0.547945 0.831703
  3 22.266020 0.528277 -0.097135 0.717728 -0.374050 -0.587328 0.514677 0.843444
female.bmp
  5 24.315264 1.168463 0.250380 0.830100 0.270121 0.487820 0.544031 0.273973
  5 24.307064 1.266635 0.117735 0.689679 0.703783 -0.170386 0.522505 0.272016
  5 24.260256 1.294492 0.180447 0.192725 0.886456 0.420777 0.518591 0.295499
female.bmp
  5 24.260256 1.294492 0.180447 0.192725 0.886456 0.420777 0.518591 0.295499
  5 24.307064 1.266635 0.117735 0.689679 0.703783 -0.170386 0.522505 0.272016
  5 24.196360 1.291901 0.084474 0.067016 0.954007 -0.292198 0.504892 0.313112
female.bmp
  16 20.449536 -3.016300 -0.022071 0.991711 0.008349 -0.128216 0.694716 0.984344
  16 20.433503 -2.981283 0.168236 0.915433 -0.069566 0.396412 0.675147 0.982387
  17 20.423799 -3.203240 0.138266 0.956862 0.031624 0.288818 0.681018 0.964775
female.bmp
  17 20.423799 -3.203240 0.138266 0.956862 0.031624 0.288818 0.681018 0.964775
  16 20.433503 -2.981283 0.168236 0.915433 -0.069566 0.396412 0.675147 0.982387
  17 20.245183 -3.046748 0.374077 0.763895 -0.098763 0.637738 0.651663 0.982387
female.bmp
  17 19.983435 -3.115349 0.387575 -0.336086 -0.164710 0.927317 0.536204 0.129159
  17 20.245183 -3.046748 0.374077 0.188738 -0.955891 -0.225057 0.514677 0.135029
  17 20.266476 -3.050557 0.404606 0.444127 -0.636979 0.630086 0.516634 0.129159
female.bmp
  17 20.266476 -3.050557 0.404606 0.444127 -0.636979 0.630086 0.516634 0.129159
  17 20.245183 -3.046748 0.374077 0.188738 -0.955891 -0.225057 0.514677 0.135029
  16 20.433503 -2.981283 0.168236 0.916806 -0.024483 0.398582 0.497065 0.121331
female.bmp
  16 19.321180 -2.337024 -0.036131 -0.827265 -0.560228 -0.042142 0.598826 0.064579
  16 19.452426 -2.247641 0.278488 -0.635241 -0.441835 0.633443 0.581213 0.058708
  15 18.954646 -1.823022 -0.007534 -0.843611 -0.535912 -0.033457 0.616438 0.033268
female.bmp
  15 18.954646 -1.823022 -0.007534 -0.843611 -0.535912 -0.033457 0.616438 0.033268
  16 19.452426 -2.247641 0.278488 -0.635241 -0.441835 0.633443 0.581213 0.058708
  15 19.164688 -1.762383 0.389083 -0.560266 -0.475523 0.678219 0.596869 0.023483
female.bmp
  6 22.601966 -0.461559 0.110144 0.025770 -0.962350 0.270588 0.614481 0.741683
  9 21.179538 -0.476804 0.158158 0.652233 -0.065589 0.755175 0.700587 0.727984
  6 21.537934 -0.456570 -0.321726 0.278107 -0.728699 -0.625822 0.698630 0.714286
female.bmp
  6 21.537934 -0.456570 -0.321726 0.278107 -0.728699 -0.625822 0.698630 0.714286
  9 21.179538 -0.476804 0.158158 0.652233 -0.065589 0.755175 0.700587 0.727984
  9 21.320651 -0.668148 -0.377075 0.768453 -0.225219 -0.598963 0.718200 0.727984
female.bmp
  3 21.277914 0.736123 -0.408495 0.328684 0.331445 -0.884370 0.696673 0.604697
  3 21.538529 0.462608 -0.226923 0.362934 -0.636892 -0.680182 0.686888 0.628180
  2 20.874170 0.037893 -0.558120 0.133563 -0.231033 -0.963735 0.741683 0.659491
female.bmp
  2 20.874170 0.037893 -0.558120 0.133563 -0.231033 -0.963735 0.741683 0.659491
  3 21.538529 0.462608 -0.226923 0.362934 -0.636892 -0.680182 0.686888 0.628180
  6 21.402613 0.149595 -0.403902 0.875993 0.047231 -0.480006 0.698630 0.657534
female.bmp
  16 20.475960 -2.997447 -0.051163 0.888988 -0.443333 -0.114705 0.479452 0.882583
  16 20.332101 -2.610522 -0.267944 0.733118 0.046106 -0.678537 0.442270 0.886497
  16 20.436543 -2.590594 -0.105173 0.966814 0.068449 -0.246142 0.442270 0.872798
female.bmp
  16 20.436543 -2.590594 -0.105173 0.966814 0.068449 -0.246142 0.442270 0.872798
  16 20.332101 -2.610522 -0.267944 0.733118 0.046106 -0.678537 0.442270 0.886497
  16 20.377193 -1.980484 -0.176191 0.877617 -0.061498 -0.475401 0.395303 0.874755
female.bmp
  15 19.164688 -1.762383 0.389083 -0.560266 -0.475523 0.678219 0.921722 0.031311
  15 19.556996 -1.662942 0.611133 -0.170239 -0.264198 0.949325 0.894325 0.035225
  15 19.365497 -1.220474 0.688265 -0.135502 -0.266413 0.954287 0.902153 0.062622
female.bmp
  15 19.365497 -1.220474 0.688265 -0.135502 -0.266413 0.954287 0.902153 0.062622
  15 19.556996 -1.662942 0.611133 -0.170239 -0.264198 0.949325 0.894325 0.035225
  15 20.034850 -1.419985 0.616422 0.319880 -0.090624 0.943114 0.847358 0.046967
female.bmp
  2 17.557245 -1.007475 -0.349973 -0.875863 -0.434173 -0.210615 0.064579 0.923679
  2 17.568911 -0.967630 -0.330573 -0.889431 0.320582 0.325791 0.064579 0.919765
  2 17.532254 -0.776168 -0.547135 -0.993973 -0.104863 -0.031958 0.048924 0.904110
female.bmp
  2 17.532254 -0.776168 -0.547135 -0.993973 -0.104863 -0.031958 0.048924 0.904110
  2 17.568911 -0.967630 -0.330573 -0.889431 0.320582 0.325791 0.064579 0.919765
  2 17.534706 -0.746362 -0.517042 -0.835706 0.253092 0.487380 0.050881 0.902153
female.bmp
  2 17.740980 -0.971439 0.197516 -0.706826 0.689638 -0.157470 0.109589 0.925636
  2 17.733614 -0.980050 -0.022647 -0.681707 0.688090 0.248612 0.090020 0.925636
  2 17.571289 -1.129440 -0.040898 -0.904164 0.404176 0.138308 0.088063 0.935421
female.bmp
  2 17.571289 -1.129440 -0.040898 -0.904164 0.404176 0.138308 0.088063 0.935421
  2 17.733614 -0.980050 -0.022647 -0.681707 0.688090 0.248612 0.090020 0.925636
  2 17.725986 -0.818600 -0.251724 -0.666944 0.552159 0.500307 0.072407 0.909980
female.bmp
  2 17.502954 -0.495286 -0.673417 -0.797853 0.395431 -0.455044 0.818004 0.479452
  2 17.516131 -0.475570 -0.634204 -0.711192 0.659474 0.243516 0.812133 0.475538
  2 17.542043 -0.495325 -0.686532 -0.218800 0.326651 -0.919470 0.821918 0.475538
female.bmp
  2 17.542043 -0.495325 -0.686532 -0.218800 0.326651 -0.919470 0.821918 0.475538
  2 17.516131 -0.475570 -0.634204 -0.711192 0.659474 0.243516 0.812133 0.475538
  2 17.804345 -0.337005 -0.545706 -0.741796 0.079946 0.665844 0.812133 0.448141
female.bmp
  2 17.914098 0.801384 -0.336364 -0.568655 0.819081 -0.075744 0.641879 0.416830
  2 18.224802 0.830453 -0.340629 0.578892 0.800927 -0.152973 0.634051 0.371820
  2 18.200527 0.612389 -0.641059 0.618001 0.505010 -0.602528 0.673190 0.373777
female.bmp
  2 18.200527 0.612389 -0.641059 0.618001 0.505010 -0.602528 0.673190 0.373777
  2 18.224802 0.830453 -0.340629 0.578892 0.800927 -0.152973 0.634051 0.371820
  2 18.226159 0.760326 -0.321126 0.666257 0.728559 -0.159073 0.634051 0.363992
female.bmp
  31 -23.139454 2.279726 0.111905 -0.670507 0.471072 0.573159 0.544031 0.273973
  31 -23.203836 2.159396 0.064204 -0.915803 -0.262802 0.303710 0.571429 0.277886
  31 -23.133542 2.156226 0.134551 -0.413246 -0.316604 0.853809 0.571429 0.295499
female.bmp
  31 -23.133542 2.156226 0.134551 -0.413246 -0.316604 0.853809 0.571429 0.295499
  31 -23.203836 2.159396 0.064204 -0.915803 -0.262802 0.303710 0.571429 0.277886
  31 -23.127662 2.085365 0.060092 -0.551263 -0.761105 0.341801 0.583170 0.317025
female.bmp
  28 -24.115941 -1.493751 0.032819 -0.900946 -0.192607 0.388842 0.544031 0.273973
  28 -24.084098 -1.607587 -0.023104 -0.634518 -0.766792 0.097041 0.571429 0.277886
  28 -24.032980 -1.597069 0.056120 -0.215410 -0.615151 0.758412 0.571429 0.295499
female.bmp
  28 -24.032980 -1.597069 0.056120 -0.215410 -0.615151 0.758412 0.571429 0.295499
  28 -24.084098 -1.607587 -0.023104 -0.634518 -0.766792 0.097041 0.571429 0.277886
  28 -23.964282 -1.645200 -0.028520 -0.044183 -0.965551 0.256434 0.583170 0.317025
female.bmp
  28 -23.658709 -1.527091 0.076720 0.078125 -0.602730 0.794111 0.565558 0.363992
  27 -23.278856 -1.444789 0.115380 0.042636 -0.500047 0.864948 0.565558 0.424658
  27 -23.315227 -1.263556 0.142433 -0.127979 0.288536 0.948877 0.542074 0.420744
female.bmp
  27 -23.315227 -1.263556 0.142433 -0.127979 0.288536 0.948877 0.542074 0.420744
  27 -23.278856 -1.444789 0.115380 0.042636 -0.500047 0.864948 0.565558 0.424658
  27 -22.319104 -1.239783 0.161721 -0.011569 -0.492791 0.870071 0.565558 0.551859
female.bmp
  34 -20.454581 -4.139204 0.325885 -0.793590 -0.340900 0.503987 0.636008 0.878669
  34 -20.429000 -4.268412 0.150241 -0.618103 -0.778248 -0.110810 0.602740 0.853229
  34 -20.240066 -4.280890 0.255826 -0.002294 -0.975951 0.217976 0.602740 0.864971
female.bmp
  34 -20.240066 -4.280890 0.255826 -0.002294 -0.975951 0.217976 0.602740 0.864971
  34 -20.429000 -4.268412 0.150241 -0.618103 -0.778248 -0.110810 0.602740 0.853229
  34 -20.287134 -4.236095 -0.011715 -0.091565 -0.689640 -0.718341 0.567515 0.876712
female.bmp
  33 -20.467290 -3.024898 -0.025116 -0.989916 0.039879 -0.135927 0.694716 0.984344
  34 -20.455142 -3.217155 0.130886 -0.957767 0.058361 0.281562 0.681018 0.964775
  33 -20.451888 -2.988827 0.165047 -0.920328 -0.045003 0.388550 0.675147 0.982387
female.bmp
  33 -20.451888 -2.988827 0.165047 -0.920328 -0.045003 0.388550 0.675147 0.982387
  34 -20.455142 -3.217155 0.130886 -0.957767 0.058361 0.281562 0.681018 0.964775
  34 -20.270709 -3.063997 0.373017 -0.771724 -0.080971 0.630781 0.651663 0.982387
female.bmp
  33 -20.434204 -1.981496 0.108734 -0.976342 -0.015077 0.215704 0.487280 0.045010
  33 -20.362075 -1.987760 -0.163585 -0.875189 -0.030360 -0.482828 0.463796 0.050881
  33 -20.423559 -2.552155 0.150386 -0.948631 0.084598 0.304864 0.495108 0.088063
female.bmp
  33 -20.423559 -2.552155 0.150386 -0.948631 0.084598 0.304864 0.495108 0.088063
  33 -20.362075 -1.987760 -0.163585 -0.875189 -0.030360 -0.482828 0.463796 0.050881
  33 -20.443174 -2.597068 -0.099810 -0.962234 0.100221 -0.253102 0.475538 0.088063
female.bmp
  26 -21.006650 -0.563147 0.276931 -0.360363 0.202347 0.910601 0.729941 0.129159
  26 -21.174600 -0.496359 0.104209 -0.643610 -0.060639 0.762947 0.716243 0.129159
  26 -22.277832 -0.893667 0.052978 -0.291256 0.822904 0.487851 0.614481 0.080235
female.bmp
  26 -22.277832 -0.893667 0.052978 -0.291256 0.822904 0.487851 0.614481 0.080235
  26 -21.174600 -0.496359 0.104209 -0.643610 -0.060639 0.762947 0.716243 0.129159
  26 -22.280316 -0.838740 -0.155533 -0.255843 0.923484 -0.285871 0.612524 0.090020
female.bmp
  20 -21.271622 0.708883 -0.458755 -0.319209 0.325204 -0.890139 0.696673 0.604697
  19 -20.881728 0.022939 -0.564302 -0.156399 -0.231600 -0.960157 0.741683 0.659491
  20 -21.532318 0.433604 -0.279985 -0.346935 -0.642725 -0.683038 0.686888 0.628180
female.bmp
  20 -21.532318 0.433604 -0.279985 -0.346935 -0.642725 -0.683038 0.686888 0.628180
  19 -20.881728 0.022939 -0.564302 -0.156399 -0.231600 -0.960157 0.741683 0.659491
  23 -21.402326 0.128383 -0.398945 -0.874039 0.049783 -0.483299 0.698630 0.657534
female.bmp
  33 -20.504424 -3.004902 -0.053772 -0.901159 -0.414853 -0.125733 0.479452 0.882583
  33 -20.443174 -2.597068 -0.099810 -0.962234 0.100221 -0.253102 0.442270 0.872798
  33 -20.341277 -2.621988 -0.263199 -0.725817 0.074569 -0.683834 0.442270 0.886497
female.bmp
  33 -20.341277 -2.621988 -0.263199 -0.725817 0.074569 -0.683834 0.442270 0.886497
  33 -20.443174 -2.597068 -0.099810 -0.962234 0.100221 -0.253102 0.442270 0.872798
  33 -20.362075 -1.987760 -0.163585 -0.875189 -0.030360 -0.482828 0.395303 0.874755
female.bmp
  23 -22.561116 -0.151976 -0.237683 -0.141855 0.219491 -0.965247 0.614481 0.696673
  23 -22.621510 0.062076 -0.036600 -0.097515 0.932557 -0.347604 0.600783 0.675147
  23 -21.532509 -0.108714 -0.446245 -0.288350 0.225199 -0.930666 0.690802 0.681018
female.bmp
  23 -21.532509 -0.108714 -0.446245 -0.288350 0.225199 -0.930666 0.690802 0.681018
  23 -22.621510 0.062076 -0.036600 -0.097515 0.932557 -0.347604 0.600783 0.675147
  20 -21.197874 0.258440 0.265235 -0.672712 0.319580 0.667328 0.682975 0.653620
female.bmp
  20 -22.322463 0.387586 0.153782 -0.662059 -0.716787 0.218848 0.608611 0.203523
  20 -22.283921 0.610947 0.359267 -0.504871 -0.188507 0.842360 0.608611 0.221135
  20 -22.327495 0.445760 0.127504 -0.853206 -0.512268 0.098086 0.602740 0.203523
female.bmp
  20 -22.327495 0.445760 0.127504 -0.853206 -0.512268 0.098086 0.602740 0.203523
  20 -22.283921 0.610947 0.359267 -0.504871 -0.188507 0.842360 0.608611 0.221135
  20 -22.301004 0.623960 0.315235 -0.875243 -0.032051 0.482621 0.604697 0.223092
female.bmp
  32 -20.480084 -1.522429 0.016388 -0.782057 -0.611369 0.120891 0.475538 0.021526
  33 -20.151439 -2.056332 0.499687 -0.490896 -0.112766 0.863889 0.522505 0.052838
  32 -20.364081 -1.426664 0.402097 -0.646012 -0.276158 0.711622 0.500978 0.011742
female.bmp
  32 -20.364081 -1.426664 0.402097 -0.646012 -0.276158 0.711622 0.500978 0.011742
  33 -20.151439 -2.056332 0.499687 -0.490896 -0.112766 0.863889 0.522505 0.052838
  32 -20.024754 -1.437059 0.628258 -0.313874 -0.084167 0.945727 0.530333 0.005871
female.bmp
  32 -19.150488 -1.769143 0.401366 0.570296 -0.459686 0.680772 0.921722 0.031311
  32 -19.360150 -1.229127 0.691237 0.143997 -0.253387 0.956588 0.902153 0.062622
  32 -19.541887 -1.677335 0.617879 0.178676 -0.250739 0.951423 0.894325 0.035225
female.bmp
  32 -19.541887 -1.677335 0.617879 0.178676 -0.250739 0.951423 0.894325 0.035225
  32 -19.360150 -1.229127 0.691237 0.143997 -0.253387 0.956588 0.902153 0.062622
  32 -20.024754 -1.437059 0.628258 -0.313874 -0.084167 0.945727 0.847358 0.046967
female.bmp
  19 -19.841101 -0.098348 -0.625821 -0.248671 -0.230118 -0.940855 0.833659 0.649706
  19 -20.607642 0.620196 -0.829557 -0.203462 -0.235804 -0.950263 0.753425 0.602740
  19 -19.641405 0.232559 -0.913957 -0.195817 -0.350895 -0.915712 0.843444 0.618395
female.bmp
  19 -19.641405 0.232559 -0.913957 -0.195817 -0.350895 -0.915712 0.843444 0.618395
  19 -20.607642 0.620196 -0.829557 -0.203462 -0.235804 -0.950263 0.753425 0.602740
  19 -19.346629 0.583761 -1.021959 0.030029 0.124423 -0.991775 0.857143 0.573386
female.bmp
  19 -17.615912 -0.973263 0.595814 0.756466 -0.325454 0.567308 0.146771 0.923679
  19 -17.583503 -1.212297 0.186410 0.815233 -0.540343 0.208384 0.111546 0.941292
  19 -17.582234 -1.162249 0.166571 0.912285 0.405547 -0.057159 0.111546 0.935421
female.bmp
  19 -17.582234 -1.162249 0.166571 0.912285 0.405547 -0.057159 0.111546 0.935421
  19 -17.583503 -1.212297 0.186410 0.815233 -0.540343 0.208384 0.111546 0.941292
  19 -17.566624 -1.221570 -0.113138 0.833657 -0.539047 -0.120188 0.088063 0.939335
female.bmp
  19 -17.519187 -0.530078 -0.739786 0.795233 0.389221 -0.464879 0.818004 0.479452
  19 -17.557997 -0.529911 -0.762008 0.210333 0.323900 -0.922415 0.821918 0.475538
  19 -17.531397 -0.520144 -0.700387 0.718594 0.654780 0.234278 0.812133 0.475538
female.bmp
  19 -17.531397 -0.520144 -0.700387 0.718594 0.654780 0.234278 0.812133 0.475538
  19 -17.557997 -0.529911 -0.762008 0.210333 0.323900 -0.922415 0.821918 0.475538
  19 -17.806771 -0.379611 -0.605414 0.750061 0.075610 0.657033 0.812133 0.448141
female.bmp
  19 -17.606589 -1.231451 -0.115418 0.082026 -0.970444 -0.226959 0.088063 0.943249
  19 -17.608608 -1.060642 -0.425611 0.112716 -0.848487 -0.517073 0.062622 0.927593
  19 -17.569207 -1.050784 -0.413347 0.870284 -0.440584 -0.220208 0.064579 0.923679
female.bmp
  19 -17.569207 -1.050784 -0.413347 0.870284 -0.440584 -0.220208 0.064579 0.923679
  19 -17.608608 -1.060642 -0.425611 0.112716 -0.848487 -0.517073 0.062622 0.927593
  19 -17.583462 -0.880043 -0.684168 0.344580 -0.524974 -0.778246 0.045010 0.906067
female.bmp
  19 -17.914660 0.760192 -0.408417 0.573456 0.814969 -0.083512 0.641879 0.416830
  19 -18.198912 0.581762 -0.705342 -0.621448 0.508540 -0.595978 0.673190 0.373777
  19 -18.225209 0.791063 -0.405840 -0.575014 0.804770 -0.147326 0.634051 0.371820
female.bmp
  19 -18.225209 0.791063 -0.405840 -0.575014 0.804770 -0.147326 0.634051 0.371820
  19 -18.198912 0.581762 -0.705342 -0.621448 0.508540 -0.595978 0.673190 0.373777
  19 -18.216550 0.720985 -0.385489 -0.662950 0.733007 -0.152307 0.634051 0.363992
female.bmp
  14 23.130318 2.300629 0.204026 0.651286 0.463943 0.600486 0.544031 0.273973
  14 23.196510 2.181238 0.156441 0.907027 -0.264956 0.327263 0.571429 0.277886
  14 23.199860 2.308877 0.114049 0.908537 0.410562 0.077456 0.544031 0.266145
female.bmp
  9 22.280334 -0.824317 -0.115311 0.257241 0.922762 -0.286945 0.573386 0.837573
  10 22.352352 -1.094120 -0.362128 0.037860 0.217186 -0.975396 0.547945 0.831703
  9 22.209932 -1.057075 -0.356697 0.056816 0.240093 -0.969086 0.547945 0.841487
female.bmp
  10 22.380296 -0.908081 0.087771 0.235246 0.835795 0.496091 0.518591 0.551859
  10 23.349394 -1.083427 -0.104849 0.248481 0.945176 -0.211897 0.504892 0.432485
  10 22.393774 -0.865530 -0.119371 0.240631 0.933719 -0.265078 0.499022 0.557730
female.bmp
  4 23.439363 1.068574 0.338723 0.013268 0.326794 0.945002 0.542074 0.420744
  5 23.885398 0.955649 0.280781 0.141043 -0.322822 0.935892 0.565558 0.363992
  5 23.825668 1.104721 0.256088 -0.265248 0.366773 0.891695 0.542074 0.367906
female.bmp
  17 20.429955 -3.203021 -0.111658 0.878499 -0.018267 -0.477395 0.700587 0.951076
  16 20.342077 -3.057767 -0.215288 0.574878 -0.171813 -0.799998 0.712329 0.980431
  16 20.449536 -3.016300 -0.022071 0.991711 0.008349 -0.128216 0.694716 0.984344
female.bmp
  17 20.364167 -3.575173 0.336532 0.537550 0.067301 0.840542 0.647750 0.921722
  17 20.423799 -3.203240 0.138266 0.956862 0.031624 0.288818 0.681018 0.964775
  17 20.245183 -3.046748 0.374077 0.385520 0.011455 0.922628 0.651663 0.982387
female.bmp
  13 22.516090 1.787534 0.116282 0.408378 -0.859185 0.308265 0.497065 0.741683
  14 23.142166 2.115605 -0.017165 0.743907 -0.560177 -0.364423 0.514677 0.626223
  14 23.129743 2.111392 0.148448 0.543126 -0.764804 0.346538 0.500978 0.624266
female.bmp
  13 22.516090 1.787534 0.116282 0.408378 -0.859185 0.308265 0.585127 0.434442
  12 21.797744 1.581062 0.169800 0.139021 -0.240408 0.960665 0.565558 0.551859
  12 21.825583 1.420026 0.044133 0.456316 -0.833482 0.311582 0.590998 0.559687
female.bmp
  10 23.240581 -1.550969 0.005891 -0.148181 -0.958178 0.244820 0.497065 0.741683
  11 23.940434 -1.638935 -0.202667 0.256824 -0.875754 -0.408774 0.514677 0.626223
  11 23.955904 -1.634224 0.018554 0.043364 -0.965655 0.256182 0.500978 0.624266
female.bmp
  4 23.474351 0.749303 0.140374 0.203886 -0.946444 0.250350 0.497065 0.741683
  5 24.259561 0.956084 -0.014179 0.603779 -0.689102 -0.400737 0.514677 0.626223
  5 24.246889 0.944920 0.175859 0.358032 -0.873858 0.328915 0.500978 0.624266
female.bmp
  4 23.474351 0.749303 0.140374 0.203886 -0.946444 0.250350 0.585127 0.434442
  3 22.394823 0.680713 0.330385 0.306852 -0.364597 0.879153 0.565558 0.551859
  4 22.428570 0.520211 0.159294 0.333099 -0.911900 0.239756 0.590998 0.559687
female.bmp
  17 19.998108 -3.634328 0.227434 -0.757815 -0.394809 0.519464 0.600783 0.929550
  17 19.983435 -3.115349 0.387575 -0.336086 -0.164710 0.927317 0.620352 0.984344
  17 19.853016 -3.187327 0.204244 -0.862216 -0.243781 0.444020 0.602740 0.982387
female.bmp
  10 23.307818 -1.253051 0.189259 0.129406 0.288190 0.948789 0.542074 0.420744
  11 23.723160 -1.225661 0.016185 0.260155 0.855425 0.447848 0.516634 0.363992
  10 23.325985 -1.129053 0.062395 0.235246 0.835795 0.496091 0.518591 0.422701
female.bmp
  14 23.199860 2.308877 0.114049 0.908537 0.410562 0.077456 0.532290 0.600783
  14 23.062207 2.275602 -0.084305 0.233143 0.536918 -0.810780 0.547945 0.626223
  14 23.130719 2.380242 0.080488 0.492909 0.859503 -0.135264 0.553816 0.604697
female.bmp
  14 23.172594 2.262101 0.237615 -0.037334 0.029630 0.998863 0.557730 0.289628
  14 22.842071 2.046513 0.215793 0.165636 -0.284012 0.944406 0.565558 0.363992
  14 23.133133 2.181100 0.224141 0.388203 -0.328728 0.860951 0.571429 0.295499
female.bmp
  14 22.750858 2.273460 0.120529 -0.330962 0.847272 0.415445 0.516634 0.363992
  14 23.127348 2.374351 0.185149 -0.272404 0.623203 0.733085 0.530333 0.289628
  14 23.054772 2.382011 0.136426 -0.107440 0.920919 0.374652 0.518591 0.295499
female.bmp
  8 24.738349 -0.058651 0.266689 0.391095 0.834450 0.388249 0.518591 0.295499
  8 24.320244 -0.015543 0.228864 0.017023 0.885780 0.463793 0.516634 0.363992
  8 24.785229 -0.105872 0.323895 -0.011959 0.613699 0.789450 0.530333 0.289628
female.bmp
  17 20.082489 -3.674050 -0.160642 -0.446671 -0.304394 -0.841326 0.553816 0.921722
  17 20.304568 -3.753068 -0.145238 0.397906 -0.264200 -0.878561 0.544031 0.906067
  17 20.233938 -4.222682 0.002657 0.076040 -0.698644 -0.711417 0.567515 0.876712
female.bmp
  16 20.181488 -3.075080 -0.269245 0.196313 -0.080968 -0.977193 0.512720 0.984344
  16 20.342077 -3.057767 -0.215288 0.574878 -0.171813 -0.799998 0.495108 0.982387
  17 20.429955 -3.203021 -0.111658 0.878499 -0.018267 -0.477395 0.504892 0.958904
female.bmp
  13 22.505998 2.049448 0.241978 -0.133785 0.293037 0.946695 0.542074 0.420744
  14 22.750858 2.273460 0.120529 -0.330962 0.847272 0.415445 0.516634 0.363992
  13 22.436998 2.146759 0.138685 -0.332207 0.789214 0.516508 0.518591 0.422701
female.bmp
  13 22.423534 1.984721 -0.198601 0.048301 0.279264 -0.958999 0.547945 0.747554
  12 21.653994 1.812766 -0.097688 -0.348672 0.828142 -0.438873 0.573386 0.827789
  13 22.389449 2.156995 0.016479 -0.322915 0.908358 -0.265727 0.571429 0.737769
female.bmp
  12 21.676722 1.666704 0.154997 -0.198647 0.239570 0.950340 0.540117 0.567515
  12 21.676076 1.850065 0.072668 -0.327756 0.831854 0.447878 0.518591 0.551859
  12 21.594699 1.833668 0.075655 -0.282929 0.866934 0.410338 0.516634 0.569472
female.bmp
  12 21.770995 1.452179 -0.228790 0.512288 -0.573520 -0.639247 0.518591 0.831703
  12 21.766032 1.382100 0.054873 0.513793 -0.813066 0.273752 0.497065 0.841487
  12 21.720008 1.420937 -0.249386 0.579965 -0.409522 -0.704225 0.514677 0.843444
female.bmp
  7 22.704618 -0.465559 0.108005 -0.004672 -0.958775 0.284128 0.590998 0.559687
  6 22.572940 -0.271723 0.292681 0.146467 -0.351621 0.924614 0.567515 0.565558
  6 22.601966 -0.461559 0.110144 0.025770 -0.962350 0.270588 0.590998 0.571429
female.bmp
  2 19.143132 0.955084 -0.745918 -0.276295 0.673422 -0.685685 0.857143 0.326810
  2 19.274350 1.264973 -0.326930 -0.302251 0.949365 0.085738 0.845401 0.299413
  2 20.225482 1.480457 -0.694917 -0.238596 0.842063 -0.483737 0.765166 0.328767
female.bmp
  16 19.649688 -2.347228 -0.449021 -0.364824 -0.354552 -0.860928 0.403131 0.935421
  16 19.657591 -2.819534 -0.046697 -0.907145 -0.406750 -0.107903 0.442270 0.958904
  16 19.321180 -2.337024 -0.036131 -0.827265 -0.560228 -0.042142 0.397260 0.976517
female.bmp
  3 21.100205 0.406606 0.384498 0.300670 0.089742 0.949497 0.710372 0.201566
  2 20.563257 0.668229 0.372368 0.175412 0.432589 0.884363 0.757339 0.232877
  2 20.562144 0.119612 0.563202 0.179849 0.198820 0.963392 0.765166 0.183953
female.bmp
  16 20.155418 -2.034217 0.488134 0.480403 -0.119830 0.868823 0.522505 0.052838
  16 19.927322 -2.647103 0.392521 -0.282543 -0.170120 0.944049 0.544031 0.093933
  16 20.241606 -2.551338 0.451296 0.446660 -0.024463 0.894369 0.516634 0.091977
female.bmp
  16 20.475960 -2.997447 -0.051163 0.888988 -0.443333 -0.114705 0.479452 0.119374
  16 20.433503 -2.981283 0.168236 0.916806 -0.024483 0.398582 0.497065 0.121331
  16 20.449536 -3.016300 -0.022071 0.489754 -0.868410 0.077490 0.479452 0.125245
female.bmp
  2 20.155986 -0.889073 -0.606581 0.355461 0.054847 -0.933081 0.819961 0.727984
  15 20.345514 -1.573014 -0.285892 0.670010 -0.305682 -0.676495 0.816047 0.792564
  15 20.039025 -1.770471 -0.526050 0.367142 -0.085559 -0.926222 0.833659 0.798434
female.bmp
  9 21.085151 -0.788575 0.461457 0.165987 0.130151 0.977501 0.727984 0.101761
  9 22.175007 -1.189480 0.235206 0.095107 -0.475408 0.874610 0.630137 0.050881
  9 22.220478 -1.021557 0.253490 0.250490 0.298224 0.921041 0.620352 0.066536
female.bmp
  6 21.206308 -0.001427 0.411670 0.141457 0.275175 0.950930 0.706458 0.166341
  6 22.572940 -0.271723 0.292681 0.146467 -0.351621 0.924614 0.579256 0.127202
  6 22.575983 -0.106955 0.286159 0.141457 0.275175 0.950930 0.575342 0.148728
female.bmp
  2 17.959928 -1.092005 0.179462 -0.581522 -0.747863 0.320207 0.976517 0.863014
  2 17.657625 -0.944088 0.665708 0.033819 -0.598190 0.800641 0.945205 0.908023
  2 17.613852 -1.191355 0.246252 -0.030204 -0.962551 0.269412 0.986301 0.906067
female.bmp
  9 21.388535 -0.929475 -0.377296 0.226955 0.182665 -0.956622 0.718200 0.751468
  9 22.280334 -0.824317 -0.115311 0.257241 0.922762 -0.286945 0.634051 0.759295
  9 22.209932 -1.057075 -0.356697 0.056816 0.240093 -0.969086 0.649706 0.776908
female.bmp
  12 21.774287 1.342924 0.064728 0.839301 -0.515505 0.172710 0.630137 0.567515
  12 21.720008 1.420937 -0.249386 0.935161 0.076785 -0.345802 0.637965 0.542074
  12 21.766032 1.382100 0.054873 0.990767 0.135570 -0.000824 0.626223 0.563601
female.bmp
  3 22.189329 1.061782 -0.011169 0.468041 0.831391 -0.299542 0.614481 0.575342
  3 21.277914 0.736123 -0.408495 0.328684 0.331445 -0.884370 0.696673 0.604697
  2 20.965886 0.966739 -0.157331 0.777057 0.528040 0.342572 0.698630 0.579256
female.bmp
  2 18.607721 -0.671833 -0.737277 -0.191340 -0.358876 -0.913563 0.953033 0.682975
  2 18.654634 -1.170271 -0.482604 -0.607684 -0.474451 -0.636880 0.960861 0.733855
  2 18.227680 -0.959401 -0.372466 0.461759 -0.619247 -0.635068 0.988258 0.710372
female.bmp
  2 18.305661 -0.844961 0.484810 0.773368 -0.393002 0.497445 0.962818 0.119374
  2 18.834292 -0.147683 0.635177 -0.054533 0.068086 0.996188 0.915851 0.181996
  2 18.326101 -0.255708 0.597343 0.791281 -0.029439 0.610743 0.953033 0.180039
female.bmp
  3 22.328451 0.477954 0.182454 0.856704 -0.504258 0.108545 0.610568 0.655577
  3 22.323577 0.419644 0.208457 0.665869 -0.711059 0.225863 0.616438 0.657534
  3 22.266020 0.528277 -0.097135 0.717728 -0.374050 -0.587328 0.614481 0.630137
female.bmp
  2 17.904792 0.761346 -0.325857 -0.662605 0.748602 -0.023458 0.647750 0.422701
  2 17.501882 0.604263 -0.596019 -0.243535 0.657852 -0.712686 0.675147 0.479452
  2 17.528393 0.782136 -0.265930 -0.228859 0.966849 -0.113251 0.643836 0.477495
female.bmp
  12 21.647043 1.701182 0.205299 0.451761 0.502496 0.737163 0.645793 0.320939
  12 21.724963 1.547321 0.177817 0.926322 0.299308 0.228783 0.637965 0.307241
  12 21.676722 1.666704 0.154997 0.843032 0.475137 0.252077 0.641879 0.322896
female.bmp
  9 21.031109 -1.044772 0.383727 0.089962 -0.552750 0.828477 0.735812 0.076321
  9 22.166929 -1.369340 0.025719 -0.082649 -0.957498 0.276345 0.636008 0.031311
  9 22.175007 -1.189480 0.235206 0.095107 -0.475408 0.874610 0.630137 0.050881
female.bmp
  3 22.279164 0.644547 0.423738 0.494612 -0.186553 0.848857 0.608611 0.221135
  3 22.328451 0.477954 0.182454 0.856704 -0.504258 0.108545 0.602740 0.203523
  3 22.294219 0.667138 0.377231 0.868529 -0.025227 0.494996 0.604697 0.223092
female.bmp
  9 20.802991 -1.345995 0.074976 0.285606 -0.883360 0.371623 0.765166 0.052838
  15 20.370275 -1.393722 0.396194 0.653481 -0.275186 0.705149 0.814090 0.039139
  15 20.486069 -1.483168 -0.001161 0.791200 -0.601603 0.109897 0.788650 0.027397
female.bmp
  16 20.377193 -1.980484 -0.176191 0.877617 -0.061498 -0.475401 0.395303 0.874755
  15 20.039025 -1.770471 -0.526050 0.367142 -0.085559 -0.926222 0.367906 0.884540
  15 20.345514 -1.573014 -0.285892 0.670010 -0.305682 -0.676495 0.365949 0.864971
female.bmp
  16 20.155418 -2.034217 0.488134 0.480403 -0.119830 0.868823 0.522505 0.052838
  15 20.486069 -1.483168 -0.001161 0.791200 -0.601603 0.109897 0.475538 0.021526
  15 20.370275 -1.393722 0.396194 0.653481 -0.275186 0.705149 0.500978 0.011742
female.bmp
  16 19.744505 -2.129008 0.507216 -0.194585 -0.291883 0.936451 0.559687 0.058708
  15 20.034850 -1.419985 0.616422 0.319880 -0.090624 0.943114 0.530333 0.005871
  15 19.556996 -1.662942 0.611133 -0.170239 -0.264198 0.949325 0.571429 0.017613
female.bmp
  16 19.657591 -2.819534 -0.046697 -0.907145 -0.406750 -0.107903 0.442270 0.958904
  17 19.873271 -3.215631 -0.265424 -0.184099 -0.880177 -0.437488 0.479452 0.939335
  17 19.816130 -3.220760 -0.006757 -0.870909 -0.490229 -0.034549 0.481409 0.953033
female.bmp
  3 22.231655 1.010090 0.246196 0.727455 0.656629 0.199117 0.608611 0.254403
  3 22.239967 0.861674 0.391811 0.473622 0.383211 0.792989 0.610568 0.240705
  3 22.262647 0.856467 0.353619 0.885617 0.289739 0.362952 0.606654 0.240705
female.bmp
  2 18.311074 -0.875410 0.554405 0.691093 -0.443398 0.570779 0.937378 0.821918
  2 18.044774 -0.285601 0.719660 -0.489093 0.031323 0.871669 0.866928 0.857143
  2 18.022668 -0.904724 0.587003 -0.475130 -0.491000 0.730185 0.941292 0.859100
female.bmp
  2 17.776766 -0.763528 0.517034 -0.743548 0.353746 -0.567451 0.138943 0.909980
  2 17.626139 -0.264516 0.752826 -0.909412 -0.021398 -0.415345 0.158513 0.868885
  2 17.765478 -0.254067 0.611493 -0.718171 -0.043405 -0.694512 0.150685 0.866928
female.bmp
  2 17.619316 -0.264747 0.793488 -0.803577 0.006319 0.595168 0.162427 0.868885
  2 17.657625 -0.944088 0.665708 0.033819 -0.598190 0.800641 0.150685 0.927593
  2 17.660734 -0.274979 0.810217 0.025123 0.018143 0.999520 0.166341 0.870841
female.bmp
  2 17.567195 -0.845883 -0.610529 -0.357311 -0.521463 -0.774859 0.045010 0.906067
  2 17.502954 -0.495286 -0.673417 -0.797853 0.395431 -0.455044 0.039139 0.880626
  2 17.542043 -0.495325 -0.686532 -0.218800 0.326651 -0.919470 0.035225 0.880626
female.bmp
  2 17.972335 -0.395758 -0.830184 -0.041990 0.827896 -0.559308 0.502935 0.209393
  2 17.973939 -0.385887 -0.810184 -0.041990 0.827896 -0.559308 0.502935 0.183953
  2 18.000638 -0.405707 -0.852544 -0.041990 0.827896 -0.559308 0.524462 0.221135
female.bmp
  2 17.928506 -1.160241 -0.089343 -0.657952 -0.748853 -0.079490 0.923679 0.420744
  2 17.959928 -1.092005 0.179462 -0.581522 -0.747863 0.320207 0.947162 0.426614
  2 17.930202 -1.120371 -0.069157 -0.657952 -0.748853 -0.079490 0.919765 0.424658
female.bmp
  2 18.223612 -1.170694 -0.162852 0.545981 -0.800210 -0.248128 0.925636 0.375734
  2 18.227680 -0.959401 -0.372466 0.461759 -0.619247 -0.635068 0.900196 0.369863
  2 18.236156 -1.100915 -0.133297 0.559979 -0.809989 -0.174189 0.925636 0.367906
female.bmp
  1 14.120588 -0.138509 1.084858 0.139039 0.097760 0.985450 0.377691 0.244618
  1 12.775680 -0.797132 1.151473 0.073519 -0.479516 0.874448 0.438356 0.354207
  1 14.173489 -0.789020 0.954332 0.132423 -0.511022 0.849306 0.430528 0.240705
female.bmp
  1 16.188620 -0.886431 -0.210425 0.030476 -0.822099 -0.568528 0.097847 0.115460
  1 16.219646 -0.996648 -0.050771 0.048051 -0.968713 -0.243487 0.082192 0.113503
  1 14.097395 -1.098724 -0.144756 0.065687 -0.913369 -0.401799 0.076321 0.232877
female.bmp
  11 23.723160 -1.225661 0.016185 0.260155 0.855425 0.447848 0.516634 0.363992
  11 24.157435 -1.393139 0.058091 0.226671 0.543151 0.808460 0.530333 0.287671
  11 24.089225 -1.333637 0.010062 0.535237 0.739773 0.407746 0.518591 0.295499
female.bmp
  1 2.066648 -2.488923 0.849712 0.123829 -0.892453 0.433812 0.013699 0.853229
  1 5.852828 -2.206146 0.033454 0.123091 -0.970079 -0.209272 0.054795 0.722114
  1 5.881379 -2.126400 0.823218 0.123829 -0.892453 0.433812 0.009785 0.726027
female.bmp
  1 9.621544 -0.841032 -0.760016 0.045142 -0.583792 -0.810647 0.105675 0.534247
  1 9.709071 -0.174128 -0.963484 -0.040767 0.165630 -0.985345 0.176125 0.557730
  1 9.606474 0.089056 -1.000038 -0.060529 0.166532 -0.984176 0.174168 0.532290
female.bmp
  25 -24.735851 -0.365570 0.291221 -0.312521 -0.554282 0.771429 0.571429 0.295499
  25 -24.768381 -0.204028 0.275535 -0.846495 0.134712 0.515072 0.544031 0.273973
  25 -24.776774 -0.376214 0.221852 -0.781058 -0.578171 0.235936 0.571429 0.277886
female.bmp
  28 -24.036096 -1.529792 -0.295398 -0.682549 -0.285071 -0.672950 0.534247 0.618395
  28 -23.744145 -1.523584 -0.397504 -0.034778 -0.338705 -0.940250 0.530333 0.643836
  28 -23.939279 -1.647980 -0.250031 -0.258306 -0.875542 -0.408295 0.514677 0.626223
female.bmp
  22 -23.826897 1.067142 0.196774 0.268043 0.367861 0.890411 0.542074 0.367906
  22 -23.886903 0.915255 0.211933 -0.137641 -0.323748 0.936078 0.565558 0.363992
  21 -23.439803 1.027340 0.271915 -0.010766 0.326039 0.945295 0.542074 0.420744
female.bmp
  20 -22.398544 0.645725 0.264126 -0.315826 -0.364603 0.875967 0.565558 0.551859
  20 -22.366303 0.843300 0.269124 -0.058966 0.379712 0.923224 0.540117 0.551859
  21 -23.468653 0.830426 0.235969 -0.117041 -0.492635 0.862329 0.565558 0.424658
female.bmp
  34 -20.270709 -3.063997 0.373017 -0.392487 0.015067 0.919634 0.651663 0.982387
  34 -20.455142 -3.217155 0.130886 -0.957767 0.058361 0.281562 0.681018 0.964775
  34 -20.410691 -3.585152 0.326083 -0.542063 0.076270 0.836870 0.647750 0.921722
female.bmp
  34 -19.931564 -3.187750 -0.229533 0.575530 -0.297311 -0.761821 0.549902 0.982387
  34 -20.113597 -3.688106 -0.164667 0.443988 -0.310452 -0.840532 0.553816 0.921722
  34 -20.245107 -3.241954 -0.264930 -0.250139 -0.055523 -0.966617 0.530333 0.968689
female.bmp
  30 -22.515578 1.759544 0.053325 -0.415152 -0.855630 0.309104 0.497065 0.741683
  30 -22.498518 1.762003 -0.186681 -0.454410 -0.678086 -0.577676 0.514677 0.753425
  29 -21.827587 1.397032 0.008054 -0.457110 -0.833016 0.311664 0.500978 0.827789
female.bmp
  24 -23.863636 -0.471419 0.097089 0.002964 -0.978409 0.206656 0.497065 0.741683
  24 -23.747691 -0.414108 -0.145134 0.006783 -0.743321 -0.668900 0.514677 0.753425
  24 -22.701436 -0.480276 0.100576 0.002234 -0.958793 0.284095 0.500978 0.827789
female.bmp
  25 -24.666513 -0.424286 0.193013 -0.172194 -0.952577 0.250889 0.500978 0.624266
  25 -24.699516 -0.417724 0.003889 -0.473754 -0.807154 -0.352221 0.514677 0.626223
  24 -23.863636 -0.471419 0.097089 0.002964 -0.978409 0.206656 0.497065 0.741683
female.bmp
  28 -23.964282 -1.645200 -0.028520 -0.044183 -0.965551 0.256434 0.500978 0.624266
  28 -23.939279 -1.647980 -0.250031 -0.258306 -0.875542 -0.408295 0.514677 0.626223
  27 -23.248568 -1.560317 -0.031031 0.147358 -0.958298 0.244850 0.497065 0.741683
female.bmp
  22 -24.248220 0.907042 0.117685 -0.355747 -0.874625 0.329356 0.500978 0.624266
  22 -24.271150 0.920817 -0.072537 -0.604053 -0.689652 -0.399375 0.514677 0.626223
  21 -23.474200 0.713684 0.092648 -0.201749 -0.946928 0.250247 0.497065 0.741683
female.bmp
  34 -19.881039 -3.207432 0.209055 0.850720 -0.274018 0.448541 0.602740 0.982387
  34 -20.010613 -3.138932 0.384607 0.323338 -0.183160 0.928388 0.620352 0.984344
  34 -20.039310 -3.661097 0.215139 0.741141 -0.422438 0.521782 0.600783 0.929550
female.bmp
  27 -23.333420 -1.138290 0.025482 -0.233993 0.842395 0.485406 0.518591 0.422701
  28 -23.729022 -1.244057 -0.010159 -0.258653 0.855818 0.447968 0.516634 0.363992
  27 -23.315227 -1.263556 0.142433 -0.127979 0.288536 0.948877 0.542074 0.420744
female.bmp
  20 -22.184806 0.780671 -0.246761 0.216497 0.232127 -0.948286 0.547945 0.841487
  20 -22.262182 0.493011 -0.160943 -0.705564 -0.383063 -0.596190 0.514677 0.843444
  20 -22.274922 0.792014 -0.253868 0.127715 0.217410 -0.967689 0.547945 0.831703
female.bmp
  25 -24.789591 -0.121923 0.272568 -0.008613 0.613615 0.789559 0.530333 0.289628
  25 -24.321840 -0.042973 0.192096 -0.031313 0.885625 0.463345 0.516634 0.363992
  25 -24.741212 -0.077694 0.206968 -0.403354 0.832733 0.379291 0.518591 0.295499
female.bmp
  28 -24.032980 -1.597069 0.056120 -0.215410 -0.615151 0.758412 0.571429 0.295499
  28 -23.658709 -1.527091 0.076720 0.078125 -0.602730 0.794111 0.565558 0.363992
  28 -24.131175 -1.563896 0.072158 -0.085512 -0.094025 0.991891 0.557730 0.289628
female.bmp
  34 -20.245107 -3.241954 -0.264930 -0.250139 -0.055523 -0.966617 0.530333 0.968689
  33 -20.203070 -3.090695 -0.273830 -0.190734 -0.066215 -0.979406 0.512720 0.984344
  34 -19.931564 -3.187750 -0.229533 0.136348 -0.088367 -0.986712 0.549902 0.982387
female.bmp
  29 -21.595735 1.753806 -0.154602 0.364402 0.778977 -0.510300 0.499022 0.571429
  29 -21.655625 1.789594 -0.133807 0.349470 0.827760 -0.438959 0.499022 0.557730
  29 -21.597633 1.808306 0.029860 0.283704 0.866726 0.410241 0.516634 0.569472
female.bmp
  26 -22.280316 -0.838740 -0.155533 -0.255843 0.923484 -0.285871 0.499022 0.571429
  27 -22.401117 -0.875880 -0.157417 -0.239852 0.933942 -0.264996 0.499022 0.557730
  26 -22.277832 -0.893667 0.052978 -0.291256 0.822904 0.487851 0.516634 0.569472
female.bmp
  20 -22.205232 0.977180 -0.039959 0.122278 0.925767 -0.357776 0.499022 0.571429
  20 -22.276030 0.983344 -0.047007 0.122278 0.925767 -0.357776 0.499022 0.557730
  20 -22.237202 0.976300 0.181123 -0.123493 0.859371 0.496216 0.516634 0.569472
female.bmp
  23 -22.605426 -0.477561 0.112505 -0.029662 -0.962233 0.270605 0.590998 0.571429
  23 -22.577077 -0.290079 0.284977 -0.150986 -0.351061 0.924099 0.567515 0.565558
  24 -22.701436 -0.480276 0.100576 0.002234 -0.958793 0.284095 0.590998 0.559687
female.bmp
  19 -20.228131 1.461606 -0.717750 0.232461 0.840027 -0.490222 0.765166 0.328767
  19 -19.281125 1.234274 -0.359282 0.309449 0.947751 0.077523 0.845401 0.299413
  19 -19.150265 0.920425 -0.789368 0.264678 0.670896 -0.692708 0.857143 0.326810
female.bmp
  32 -19.378027 -2.035961 -0.500485 0.418946 -0.375296 -0.826823 0.890411 0.798434
  32 -20.039171 -1.797555 -0.512765 -0.370497 -0.101464 -0.923275 0.833659 0.798434
  32 -19.150665 -1.477436 -0.578944 0.455971 -0.202850 -0.866569 0.896282 0.755382
female.bmp
  32 -18.945443 -1.830945 0.002447 0.850925 -0.524335 -0.031605 0.350294 0.992172
  33 -19.321224 -2.378372 -0.019190 0.810071 -0.584914 -0.040745 0.397260 0.976517
  32 -19.378027 -2.035961 -0.500485 0.418946 -0.375296 -0.826823 0.362035 0.939335
female.bmp
  33 -19.723280 -2.772842 0.237022 0.713726 -0.349571 0.606956 0.563601 0.095890
  33 -19.948682 -2.664743 0.395162 0.269519 -0.187077 0.944649 0.544031 0.093933
  34 -19.857643 -3.206418 0.268651 0.414606 -0.776527 0.474456 0.549902 0.133072
female.bmp
  33 -20.252487 -2.566861 0.445375 -0.454461 -0.018710 0.890570 0.516634 0.091977
  33 -19.948682 -2.664743 0.395162 0.269519 -0.187077 0.944649 0.544031 0.093933
  33 -20.151439 -2.056332 0.499687 -0.490896 -0.112766 0.863889 0.522505 0.052838
female.bmp
  33 -20.467290 -3.024898 -0.025116 -0.516685 -0.853651 0.065708 0.479452 0.125245
  33 -20.451888 -2.988827 0.165047 -0.920339 0.000076 0.391121 0.497065 0.121331
  33 -20.504424 -3.004902 -0.053772 -0.901159 -0.414853 -0.125733 0.479452 0.119374
female.bmp
  32 -20.039171 -1.797555 -0.512765 -0.370497 -0.101464 -0.923275 0.833659 0.798434
  32 -20.339050 -1.606620 -0.269832 -0.668975 -0.322917 -0.669475 0.816047 0.792564
  19 -20.180107 -0.917906 -0.625459 -0.375940 0.055579 -0.924976 0.819961 0.727984
female.bmp
  26 -22.155490 -1.355250 -0.290204 0.058806 -0.798231 -0.599474 0.667319 0.804305
  26 -22.223762 -1.074360 -0.397162 -0.067001 0.238365 -0.968862 0.649706 0.776908
  26 -21.201133 -1.283440 -0.372342 -0.038953 -0.732807 -0.679320 0.741683 0.782779
female.bmp
  26 -22.217134 -1.035520 0.212957 -0.238071 0.301430 0.923289 0.620352 0.066536
  26 -22.182545 -1.205712 0.194570 -0.087235 -0.473090 0.876685 0.630137 0.050881
  26 -21.088049 -0.809981 0.407112 -0.153777 0.133043 0.979108 0.727984 0.101761
female.bmp
  23 -22.605426 -0.477561 0.112505 -0.029662 -0.962233 0.270605 0.585127 0.105675
  26 -21.174600 -0.496359 0.104209 -0.643610 -0.060639 0.762947 0.716243 0.129159
  23 -22.577077 -0.290079 0.284977 -0.150986 -0.351061 0.924099 0.579256 0.127202
female.bmp
  19 -17.623495 -1.232178 0.184105 0.026607 -0.962386 0.270381 0.986301 0.906067
  19 -17.656440 -0.983168 0.603519 -0.028659 -0.596887 0.801813 0.945205 0.908023
  19 -17.959852 -1.131049 0.115285 0.579972 -0.751504 0.314441 0.976517 0.863014
female.bmp
  29 -21.769382 1.356894 0.009128 -0.990641 0.136492 -0.000913 0.626223 0.563601
  29 -21.723302 1.395647 -0.295133 -0.935064 0.077591 -0.345882 0.637965 0.542074
  29 -21.777675 1.317727 0.018988 -0.839790 -0.514704 0.172721 0.630137 0.567515
female.bmp
  29 -20.949831 0.949735 0.247366 -0.708820 0.513356 0.483777 0.698630 0.579256
  20 -21.271622 0.708883 -0.458755 -0.319209 0.325204 -0.890139 0.696673 0.604697
  20 -22.181286 1.027585 -0.066149 -0.471789 0.825743 -0.309133 0.614481 0.575342
female.bmp
  19 -18.228577 -0.998851 -0.440423 -0.473474 -0.616824 -0.628770 0.988258 0.710372
  19 -18.668004 -1.207304 -0.533848 0.590589 -0.478773 -0.649601 0.960861 0.733855
  19 -18.624827 -0.706701 -0.780692 0.168817 -0.361216 -0.917074 0.953033 0.682975
female.bmp
  33 -20.467290 -3.024898 -0.025116 -0.516685 -0.853651 0.065708 0.483366 0.882583
  33 -20.330712 -3.057725 -0.329695 -0.486646 -0.546106 -0.681868 0.477495 0.898239
  33 -20.359052 -3.061555 -0.218871 -0.517559 -0.841112 -0.157047 0.481409 0.898239
female.bmp
  20 -22.262182 0.493011 -0.160943 -0.705564 -0.383063 -0.596190 0.614481 0.630137
  20 -22.322463 0.387586 0.153782 -0.662059 -0.716787 0.218848 0.616438 0.657534
  20 -22.327495 0.445760 0.127504 -0.853206 -0.512268 0.098086 0.610568 0.655577
female.bmp
  29 -21.675510 1.650095 0.106703 -0.842605 0.475951 0.251967 0.641879 0.322896
  29 -21.726858 1.524252 0.141728 -0.926062 0.300202 0.228665 0.637965 0.307241
  29 -21.650108 1.675886 0.159519 -0.451344 0.503014 0.737066 0.645793 0.320939
female.bmp
  29 -21.595735 1.753806 -0.154602 -0.763841 0.578075 -0.287012 0.651663 0.352250
  29 -21.597633 1.808306 0.029860 -0.579838 0.781826 0.229207 0.645793 0.338552
  29 -21.535810 1.807502 -0.185029 -0.244467 0.886526 -0.392819 0.657534 0.352250
female.bmp
  19 -18.817662 -0.179379 0.595697 0.077196 0.069150 0.994615 0.915851 0.181996
  19 -19.871102 -0.827999 0.588062 -0.014648 -0.151362 0.988370 0.833659 0.113503
  19 -18.900835 -0.829531 0.506333 0.161705 -0.337652 0.927277 0.915851 0.119374
female.bmp
  32 -20.480084 -1.522429 0.016388 -0.782057 -0.611369 0.120891 0.788650 0.027397
  32 -20.364081 -1.426664 0.402097 -0.646012 -0.276158 0.711622 0.814090 0.039139
  26 -20.813519 -1.368416 0.028451 -0.285746 -0.881096 0.376853 0.765166 0.052838
female.bmp
  32 -20.339050 -1.606620 -0.269832 -0.668975 -0.322917 -0.669475 0.365949 0.864971
  32 -20.039171 -1.797555 -0.512765 -0.370497 -0.101464 -0.923275 0.367906 0.884540
  33 -20.362075 -1.987760 -0.163585 -0.875189 -0.030360 -0.482828 0.395303 0.874755
female.bmp
  19 -20.607642 0.620196 -0.829557 -0.203462 -0.235804 -0.950263 0.753425 0.602740
  20 -21.033881 0.861152 -0.528706 -0.825559 0.117542 -0.551939 0.714286 0.587084
  19 -20.993187 1.082873 -0.862488 -0.361036 -0.447299 -0.818277 0.710372 0.569472
female.bmp
  20 -22.268335 0.822769 0.288637 -0.893509 0.282274 0.349233 0.606654 0.240705
  20 -22.246259 0.828315 0.327133 -0.488641 0.381241 0.784784 0.610568 0.240705
  20 -22.237202 0.976300 0.181123 -0.736621 0.650119 0.186375 0.608611 0.254403
female.bmp
  19 -18.022357 -0.941926 0.522870 0.480178 -0.493362 0.725274 0.941292 0.859100
  19 -17.999515 -0.921864 0.474129 0.557047 -0.474649 0.681474 0.941292 0.863014
  19 -18.038478 -0.322240 0.663688 0.499422 0.029032 0.865872 0.866928 0.857143
female.bmp
  19 -18.307189 -0.870871 0.426838 -0.770248 -0.386908 0.506971 0.937378 0.816047
  19 -18.311246 -0.911041 0.496623 -0.687476 -0.437785 0.579414 0.937378 0.821918
  19 -18.321733 -0.291113 0.537600 -0.784292 -0.023086 0.619962 0.863014 0.814090
female.bmp
  19 -17.889519 0.540842 -0.687978 0.715982 0.465229 -0.520511 0.682975 0.422701
  19 -17.887772 0.560916 -0.717878 0.596965 0.532397 -0.600155 0.681018 0.418787
  19 -17.905325 0.730139 -0.397948 0.667514 0.743900 -0.032226 0.647750 0.422701
female.bmp
  19 -17.518087 -0.340055 -0.749279 0.662704 -0.500884 0.556722 0.181996 0.878669
  19 -17.505877 -0.349988 -0.788678 0.782430 -0.547933 -0.295927 0.185910 0.878669
  19 -17.496143 0.159907 -0.756843 0.831328 -0.117716 0.543173 0.168297 0.927593
female.bmp
  19 -17.760934 -0.292702 0.539201 0.709695 -0.049355 -0.702778 0.150685 0.866928
  19 -17.609107 -0.303516 0.687968 0.904323 -0.028327 -0.425908 0.158513 0.868885
  19 -17.767288 -0.802451 0.447462 0.739329 0.347778 -0.576579 0.138943 0.909980
female.bmp
  19 -17.609107 -0.303516 0.687968 0.904323 -0.028327 -0.425908 0.019569 0.868885
  19 -17.760934 -0.292702 0.539201 0.709695 -0.049355 -0.702778 0.029354 0.870841
  19 -17.600903 0.206772 0.569478 0.922655 -0.252211 -0.291715 0.027397 0.923679
female.bmp
  19 -17.557997 -0.529911 -0.762008 0.210333 0.323900 -0.922415 0.035225 0.880626
  19 -17.519187 -0.530078 -0.739786 0.795233 0.389221 -0.464879 0.039139 0.880626
  19 -17.583462 -0.880043 -0.684168 0.344580 -0.524974 -0.778246 0.045010 0.906067
female.bmp
  19 -17.545250 -0.349845 -0.800916 0.198488 -0.632430 -0.748756 0.189824 0.878669
  19 -17.522601 0.200140 -0.818334 0.203995 0.160004 -0.965808 0.176125 0.935421
  19 -17.505877 -0.349988 -0.788678 0.782430 -0.547933 -0.295927 0.185910 0.878669
female.bmp
  19 -17.460739 0.549543 -0.653739 0.862662 0.334342 -0.379513 0.150685 0.968689
  19 -17.500084 0.559686 -0.665951 0.239800 0.655192 -0.716394 0.154599 0.974560
  19 -17.478856 0.718742 -0.323824 0.855705 0.517173 0.017344 0.117417 0.984344
female.bmp
  19 -17.982493 -0.418441 -0.865825 0.815495 0.279130 0.507005 0.322896 0.882583
  19 -17.985536 -0.498562 -0.816112 0.836733 0.297273 0.459899 0.322896 0.911937
  19 -17.980858 -0.438369 -0.895830 0.883677 -0.276848 -0.377451 0.309198 0.882583
female.bmp
  19 -17.985536 -0.498562 -0.816112 0.836733 0.297273 0.459899 0.322896 0.911937
  19 -17.989707 -0.578731 -0.746430 0.855273 0.370700 0.362063 0.322896 0.941292
  19 -17.983902 -0.518489 -0.846116 0.865296 -0.330555 -0.376824 0.309198 0.911937
female.bmp
  19 -17.989707 -0.578731 -0.746430 0.855273 0.370700 0.362063 0.322896 0.941292
  19 -18.005496 -0.638944 -0.647308 0.900976 0.347432 0.259870 0.322896 0.970646
  19 -17.988665 -0.608682 -0.766476 0.839938 -0.464961 -0.279850 0.309198 0.941292
female.bmp
  19 -18.050747 -0.438161 -0.899774 0.041254 0.826847 -0.560912 0.545988 0.209393
  19 -18.052381 -0.418233 -0.869770 0.041254 0.826847 -0.560912 0.545988 0.183953
  19 -18.010275 -0.448256 -0.907530 0.041254 0.826847 -0.560912 0.524462 0.221135
female.bmp
  19 -17.935865 -1.160472 -0.133831 0.651724 -0.753552 -0.086113 0.919765 0.424658
  19 -17.959852 -1.131049 0.115285 0.579972 -0.751504 0.314441 0.947162 0.426614
  19 -17.934851 -1.200424 -0.153903 0.651724 -0.753552 -0.086113 0.923679 0.420744
female.bmp
  19 -18.243061 -1.139456 -0.191183 -0.567628 -0.806270 -0.166515 0.925636 0.367906
  19 -18.228577 -0.998851 -0.440423 -0.473474 -0.616824 -0.628770 0.900196 0.369863
  19 -18.231584 -1.209412 -0.220753 -0.554430 -0.796684 -0.240627 0.925636 0.375734
female.bmp
  19 -17.531397 -0.520144 -0.700387 0.718594 0.654780 0.234278 0.043053 0.878669
  19 -17.548907 -0.790404 -0.581841 0.843088 0.247863 0.477250 0.050881 0.902153
  19 -17.519187 -0.530078 -0.739786 0.795233 0.389221 -0.464879 0.039139 0.880626
female.bmp
  19 -17.876068 -0.369379 -0.619316 0.005935 -0.414998 -0.909803 0.140900 0.013699
  18 -16.112071 -0.448524 -0.682902 -0.055629 -0.431624 -0.900337 0.138943 0.123288
  19 -17.762686 -0.649976 -0.513439 0.005252 -0.456468 -0.889725 0.121331 0.019569
female.bmp
  18 -12.716870 -0.208030 1.173352 -0.086482 0.073496 0.993539 0.385519 0.358121
  18 -9.698476 -0.064731 1.308132 -0.022853 0.084487 0.996162 0.381605 0.536204
  18 -12.705875 0.604698 0.921454 -0.099699 0.621963 0.776674 0.336595 0.360078
female.bmp
  19 -17.762686 -0.649976 -0.513439 0.005252 -0.456468 -0.889725 0.121331 0.019569
  18 -16.159092 -0.720162 -0.575657 -0.050791 -0.583518 -0.810510 0.121331 0.119374
  19 -17.703027 -0.880594 -0.340360 0.003396 -0.757083 -0.653310 0.099804 0.021526
female.bmp
  18 -16.114530 0.608776 -0.402349 -0.083099 0.940810 -0.328590 0.248532 0.133072
  18 -14.016121 0.774222 -0.538382 -0.080484 0.831722 -0.549327 0.242661 0.246575
  18 -16.101216 0.351912 -0.704910 -0.057392 0.647785 -0.759659 0.211350 0.129159
female.bmp
  18 -16.256623 -1.019051 0.201295 -0.055355 -0.948016 0.313372 0.056751 0.111546
  18 -16.225938 -1.045613 -0.108952 -0.053709 -0.968449 -0.243357 0.082192 0.113503
  18 -14.194469 -1.217513 0.411612 -0.098532 -0.956765 0.273664 0.037182 0.228963
female.bmp
  18 -12.507188 0.056382 -1.033891 -0.030443 0.092857 -0.995214 0.176125 0.360078
  18 -13.968671 0.168838 -0.954385 -0.058129 0.223442 -0.972982 0.187867 0.242661
  18 -12.576531 0.832015 -0.666217 -0.026525 0.781352 -0.623527 0.236791 0.360078
female.bmp
  28 -24.097234 -1.341897 -0.017085 -0.533918 0.740473 0.408205 0.518591 0.295499
  28 -24.163457 -1.412307 0.022371 -0.225111 0.543580 0.808607 0.530333 0.287671
  28 -23.729022 -1.244057 -0.010159 -0.258653 0.855818 0.447968 0.516634 0.363992
female.bmp
  18 -9.700347 -0.763868 1.211154 -0.015376 -0.440023 0.897855 0.430528 0.538160
  18 -9.833334 -0.922737 1.260031 -0.065318 -0.416294 0.906881 0.432485 0.567515
  18 -9.698476 -0.064731 1.308132 -0.022853 0.084487 0.996162 0.381605 0.536204
female.bmp
  18 -5.725838 -0.782076 1.525527 0.004749 0.111784 0.993721 0.381605 0.727984
  18 -5.640172 0.048572 1.226053 0.088271 0.677803 0.729925 0.342466 0.727984
  18 -9.068442 -0.337008 1.384780 -0.033625 0.091867 0.995203 0.381605 0.592955
female.bmp
  18 -9.634730 0.678711 -0.438769 0.100226 0.800847 -0.590422 0.234834 0.561644
  18 -9.714387 -0.241935 -0.999274 0.038279 0.165474 -0.985471 0.176125 0.557730
  18 -9.646607 0.844598 -0.562839 0.057617 0.801455 -0.595273 0.228963 0.534247
female.bmp
  18 -9.671887 -1.360407 -0.114829 -0.053709 -0.968449 -0.243357 0.060665 0.536204
  18 -9.636118 -0.912622 -0.850361 -0.050791 -0.583518 -0.810510 0.105675 0.534247
  18 -9.820380 -1.552719 -0.069914 -0.128635 -0.969442 -0.208889 0.054795 0.559687
end
