version 1
nodes
  0 "Bip01" -1
  1 "Bip01 L Forearm" 0
  2 "Bip01 L Hand" 1
  3 "Bip01 L Finger3" 2
  4 "Bip01 L Finger31" 3
  5 "Bip01 L Finger32" 4
  6 "Bip01 L Finger2" 2
  7 "Bip01 L Finger21" 6
  8 "Bip01 L Finger22" 7
  9 "Bip01 L Finger1" 2
  10 "Bip01 L Finger11" 9
  11 "Bip01 L Finger12" 10
  12 "Bip01 L Finger4" 2
  13 "Bip01 L Finger41" 12
  14 "Bip01 L Finger42" 13
  15 "Bip01 L Finger0" 2
  16 "Bip01 L Finger01" 15
  17 "Bip01 L Finger02" 16
  18 "Bip01 R Forearm" 0
  19 "Bip01 R Hand" 18
  20 "Bip01 R Finger3" 19
  21 "Bip01 R Finger31" 20
  22 "Bip01 R Finger32" 21
  23 "Bip01 R Finger2" 19
  24 "Bip01 R Finger21" 23
  25 "Bip01 R Finger22" 24
  26 "Bip01 R Finger1" 19
  27 "Bip01 R Finger11" 26
  28 "Bip01 R Finger12" 27
  29 "Bip01 R Finger4" 19
  30 "Bip01 R Finger41" 29
  31 "Bip01 R Finger42" 30
  32 "Bip01 R Finger0" 19
  33 "Bip01 R Finger01" 32
  34 "Bip01 R Finger02" 33
  35 "Bip01 L Finger3Nub" 5
  36 "Bip01 L Finger2Nub" 8
  37 "Bip01 L Finger1Nub" 11
  38 "Bip01 L Finger4Nub" 14
  39 "Bip01 L Finger0Nub" 17
  40 "Bip01 R Finger3Nub" 22
  41 "Bip01 R Finger2Nub" 25
  42 "Bip01 R Finger1Nub" 28
  43 "Bip01 R Finger4Nub" 31
  44 "Bip01 R Finger0Nub" 34
end
skeleton
  time 0
    0 0.000000 0.000000 0.000000 0.000000 -0.000000 0.000219
    1 9.609007 0.117237 0.000000 0.000000 -0.000000 -0.000219
    2 8.499675 0.000000 0.000000 0.000000 -0.000000 -0.081624
    3 2.718800 0.701578 0.000000 0.000000 -0.000000 0.321251
    4 1.480628 -0.000000 0.000000 0.000000 -0.000000 -0.007798
    5 1.076366 -0.000000 0.000000 0.000000 -0.000000 0.000000
    6 2.841740 0.000000 0.000000 0.000000 -0.000000 0.077356
    7 1.684282 0.000000 0.000000 0.000000 -0.000000 0.005336
    8 1.151941 0.000000 0.000000 0.000000 -0.000000 -0.000000
    9 2.818906 -0.723885 0.000000 0.000000 -0.000000 -0.100049
    10 1.397574 -0.000000 0.000000 0.000000 -0.000000 -0.000282
    11 0.957881 0.000000 0.000000 0.000000 -0.000000 0.000000
    12 2.427188 1.351469 0.000000 0.000000 -0.000000 0.564650
    13 1.124349 0.000000 0.000000 0.000000 -0.000000 -0.001199
    14 0.891249 0.000000 0.000000 0.000000 -0.000000 -0.000000
    15 1.230969 -0.541324 0.000000 0.000000 -0.000000 -1.175202
    16 1.535969 -0.000000 0.000000 0.000000 -0.000000 -0.020854
    17 1.100831 0.000000 0.000000 0.000000 -0.000000 -0.000000
    18 -9.608955 0.121446 0.000000 0.000000 -0.000000 3.141374
    19 8.450979 -0.000000 0.000000 0.000000 -0.000000 0.081624
    20 2.760989 -0.672379 0.000000 0.000000 -0.000000 -0.321251
    21 1.480578 0.000000 0.000000 0.000000 -0.000000 0.007798
    22 1.077447 0.000000 0.000000 0.000000 -0.000000 -0.000000
    23 2.863182 0.000000 0.000000 0.000000 -0.000000 -0.077356
    24 1.687230 0.000000 0.000000 0.000000 -0.000000 -0.005336
    25 1.162753 0.000000 0.000000 0.000000 -0.000000 0.000000
    26 2.860921 0.713075 0.000000 0.000000 -0.000000 0.100049
    27 1.403372 0.000000 0.000000 0.000000 -0.000000 0.000282
    28 0.958228 0.000000 0.000000 0.000000 -0.000000 -0.000000
    29 2.460362 -1.342852 0.000000 0.000000 -0.000000 -0.564650
    30 1.129438 0.000000 0.000000 0.000000 -0.000000 0.001199
    31 0.884337 0.000000 0.000000 0.000000 -0.000000 0.000000
    32 1.302049 0.536595 0.000000 0.000000 -0.000000 1.175202
    33 1.524058 -0.000000 0.000000 0.000000 -0.000000 0.020854
    34 1.119011 0.000000 0.000000 0.000000 -0.000000 0.000000
    35 0.753456 0.000000 0.000000 0.000000 -0.000000 0.000000
    36 0.806359 0.000000 0.000000 0.000000 -0.000000 -0.000000
    37 0.670517 0.000000 0.000000 0.000000 -0.000000 0.000000
    38 0.623874 0.000000 0.000000 0.000000 -0.000000 0.000000
    39 0.770582 0.000000 0.000000 0.000000 -0.000000 -0.000000
    40 0.754213 -0.000000 0.000000 0.000000 -0.000000 -0.000000
    41 0.813927 0.000000 0.000000 0.000000 -0.000000 0.000000
    42 0.670760 0.000000 0.000000 0.000000 -0.000000 0.000000
    43 0.619036 -0.000000 0.000000 0.000000 -0.000000 -0.000000
    44 0.783308 0.000000 0.000000 0.000000 -0.000000 -0.000000
end
triangles
male.bmp
  2 17.794459 -1.152696 0.372689 0.106945 -0.902555 0.417081 0.426614 0.037182
  2 17.762189 -0.894734 0.717963 0.181536 -0.552775 0.813317 0.393346 0.037182
  1 16.334350 -1.207464 0.477906 0.107831 -0.907656 0.405626 0.434442 0.119374
male.bmp
  1 16.334350 -1.207464 0.477906 0.107831 -0.907656 0.405626 0.434442 0.119374
  2 17.762189 -0.894734 0.717963 0.181536 -0.552775 0.813317 0.393346 0.037182
  1 16.252713 -0.856626 0.918868 0.153940 -0.516951 0.842059 0.401174 0.119374
male.bmp
  2 17.762189 -0.894734 0.717963 0.181536 -0.552775 0.813317 0.393346 0.037182
  1 16.181019 -0.135938 1.099614 0.179355 0.095410 0.979147 0.354207 0.125245
  1 16.252713 -0.856626 0.918868 0.153940 -0.516951 0.842059 0.401174 0.119374
male.bmp
  1 16.252713 -0.856626 0.918868 0.153940 -0.516951 0.842059 0.401174 0.119374
  1 16.181019 -0.135938 1.099614 0.179355 0.095410 0.979147 0.354207 0.125245
  1 14.426621 -0.881068 1.271273 0.146693 -0.482643 0.863445 0.412916 0.227006
male.bmp
  1 16.181019 -0.135938 1.099614 0.179355 0.095410 0.979147 0.354207 0.125245
  1 14.355781 -0.030389 1.431980 0.179355 0.095410 0.979147 0.362035 0.230920
  1 14.426621 -0.881068 1.271273 0.146693 -0.482643 0.863445 0.412916 0.227006
male.bmp
  1 14.426621 -0.881068 1.271273 0.146693 -0.482643 0.863445 0.412916 0.227006
  1 14.355781 -0.030389 1.431980 0.179355 0.095410 0.979147 0.362035 0.230920
  1 12.590960 -0.825433 1.603777 0.054163 -0.455587 0.888542 0.424658 0.334638
male.bmp
  1 14.355781 -0.030389 1.431980 0.179355 0.095410 0.979147 0.362035 0.230920
  1 12.529094 0.005148 1.694373 0.045822 0.150264 0.987583 0.373777 0.338552
  1 12.590960 -0.825433 1.603777 0.054163 -0.455587 0.888542 0.424658 0.334638
male.bmp
  1 12.590960 -0.825433 1.603777 0.054163 -0.455587 0.888542 0.424658 0.334638
  1 12.529094 0.005148 1.694373 0.045822 0.150264 0.987583 0.373777 0.338552
  1 9.798924 -0.861845 1.487983 -0.047155 -0.468485 0.882212 0.428571 0.475538
male.bmp
  1 12.529094 0.005148 1.694373 0.045822 0.150264 0.987583 0.373777 0.338552
  1 9.757132 -0.051429 1.598340 -0.015146 0.072786 0.997233 0.377691 0.473581
  1 9.798924 -0.861845 1.487983 -0.047155 -0.468485 0.882212 0.428571 0.475538
male.bmp
  1 9.798924 -0.861845 1.487983 -0.047155 -0.468485 0.882212 0.428571 0.475538
  1 9.757132 -0.051429 1.598340 -0.015146 0.072786 0.997233 0.377691 0.473581
  1 9.214880 -0.777726 1.481356 0.076113 -0.402769 0.912131 0.430528 0.504892
male.bmp
  1 9.757132 -0.051429 1.598340 -0.015146 0.072786 0.997233 0.377691 0.473581
  1 9.125936 0.033457 1.582210 0.067385 0.054402 0.996243 0.377691 0.502935
  1 9.214880 -0.777726 1.481356 0.076113 -0.402769 0.912131 0.430528 0.504892
male.bmp
  1 9.214880 -0.777726 1.481356 0.076113 -0.402769 0.912131 0.430528 0.504892
  1 9.125936 0.033457 1.582210 0.067385 0.054402 0.996243 0.377691 0.502935
  1 8.485755 -0.048566 1.678339 0.090824 0.099672 0.990867 0.377691 0.532290
male.bmp
  1 9.125936 0.033457 1.582210 0.067385 0.054402 0.996243 0.377691 0.502935
  1 8.334150 0.833358 1.409775 -0.110112 0.598317 0.793657 0.338552 0.532290
  1 8.485755 -0.048566 1.678339 0.090824 0.099672 0.990867 0.377691 0.532290
male.bmp
  1 8.485755 -0.048566 1.678339 0.090824 0.099672 0.990867 0.377691 0.532290
  1 8.334150 0.833358 1.409775 -0.110112 0.598317 0.793657 0.338552 0.532290
  1 5.031366 0.564476 1.511376 -0.067131 0.679946 0.730183 0.338552 0.677104
male.bmp
  1 8.334150 0.833358 1.409775 -0.110112 0.598317 0.793657 0.338552 0.532290
  1 8.161480 1.295438 0.531387 -0.152217 0.981930 0.112445 0.285714 0.540117
  1 5.031366 0.564476 1.511376 -0.067131 0.679946 0.730183 0.338552 0.677104
male.bmp
  1 5.031366 0.564476 1.511376 -0.067131 0.679946 0.730183 0.338552 0.677104
  1 8.161480 1.295438 0.531387 -0.152217 0.981930 0.112445 0.285714 0.540117
  1 4.957487 0.975315 0.572040 -0.125990 0.988866 0.079190 0.285714 0.675147
male.bmp
  1 8.161480 1.295438 0.531387 -0.152217 0.981930 0.112445 0.285714 0.540117
  1 8.156838 0.995334 -0.608621 -0.054384 0.797513 -0.600845 0.228963 0.536204
  1 4.957487 0.975315 0.572040 -0.125990 0.988866 0.079190 0.285714 0.675147
male.bmp
  1 4.957487 0.975315 0.572040 -0.125990 0.988866 0.079190 0.285714 0.675147
  1 8.156838 0.995334 -0.608621 -0.054384 0.797513 -0.600845 0.228963 0.536204
  1 4.971923 0.654964 -0.638153 -0.106785 0.816055 -0.568023 0.228963 0.673190
male.bmp
  1 8.156838 0.995334 -0.608621 -0.054384 0.797513 -0.600845 0.228963 0.536204
  1 8.367201 -0.067449 -1.280663 0.072583 0.182565 -0.980511 0.174168 0.528376
  1 4.971923 0.654964 -0.638153 -0.106785 0.816055 -0.568023 0.228963 0.673190
male.bmp
  1 4.971923 0.654964 -0.638153 -0.106785 0.816055 -0.568023 0.228963 0.673190
  1 8.367201 -0.067449 -1.280663 0.072583 0.182565 -0.980511 0.174168 0.528376
  1 5.059900 -0.476320 -1.469031 -0.023871 0.202910 -0.978906 0.172211 0.669276
male.bmp
  1 8.367201 -0.067449 -1.280663 0.072583 0.182565 -0.980511 0.174168 0.528376
  1 8.585464 -1.210224 -1.022737 0.202800 -0.582097 -0.787423 0.095890 0.524462
  1 5.059900 -0.476320 -1.469031 -0.023871 0.202910 -0.978906 0.172211 0.669276
male.bmp
  1 5.059900 -0.476320 -1.469031 -0.023871 0.202910 -0.978906 0.172211 0.669276
  1 8.585464 -1.210224 -1.022737 0.202800 -0.582097 -0.787423 0.095890 0.524462
  1 5.197243 -1.708092 -1.190331 0.078439 -0.584271 -0.807759 0.095890 0.671233
male.bmp
  1 8.585464 -1.210224 -1.022737 0.202800 -0.582097 -0.787423 0.095890 0.524462
  1 5.290139 -2.359160 -0.041166 0.136788 -0.968264 -0.209176 0.052838 0.669276
  1 5.197243 -1.708092 -1.190331 0.078439 -0.584271 -0.807759 0.095890 0.671233
male.bmp
  1 5.197243 -1.708092 -1.190331 0.078439 -0.584271 -0.807759 0.095890 0.671233
  1 5.290139 -2.359160 -0.041166 0.136788 -0.968264 -0.209176 0.052838 0.669276
  1 1.485483 -2.761805 0.045236 0.103213 -0.974735 -0.198088 0.056751 0.804305
male.bmp
  1 5.290139 -2.359160 -0.041166 0.136788 -0.968264 -0.209176 0.052838 0.669276
  1 1.515718 -2.662060 0.984989 0.099382 -0.895747 0.433313 0.011742 0.808219
  1 1.485483 -2.761805 0.045236 0.103213 -0.974735 -0.198088 0.056751 0.804305
male.bmp
  18 -1.526993 -2.770835 0.911572 -0.102396 -0.895261 0.433616 0.011742 0.808219
  18 -5.293282 -2.448971 -0.101821 -0.142323 -0.967558 -0.208745 0.052838 0.669276
  18 -1.500414 -2.870683 -0.028282 -0.108742 -0.974198 -0.197772 0.056751 0.804305
male.bmp
  18 -1.500414 -2.870683 -0.028282 -0.108742 -0.974198 -0.197772 0.056751 0.804305
  18 -5.293282 -2.448971 -0.101821 -0.142323 -0.967558 -0.208745 0.052838 0.669276
  18 -5.210998 -1.798392 -1.251332 -0.084070 -0.583833 -0.807509 0.095890 0.671233
male.bmp
  18 -5.293282 -2.448971 -0.101821 -0.142323 -0.967558 -0.208745 0.052838 0.669276
  18 -8.596109 -1.283625 -1.072336 -0.208349 -0.581038 -0.786756 0.095890 0.524462
  18 -5.210998 -1.798392 -1.251332 -0.084070 -0.583833 -0.807509 0.095890 0.671233
male.bmp
  18 -5.210998 -1.798392 -1.251332 -0.084070 -0.583833 -0.807509 0.095890 0.671233
  18 -8.596109 -1.283625 -1.072336 -0.208349 -0.581038 -0.786756 0.095890 0.524462
  18 -5.068445 -0.567307 -1.530452 0.021593 0.202836 -0.978975 0.172211 0.669276
male.bmp
  18 -8.596109 -1.283625 -1.072336 -0.208349 -0.581038 -0.786756 0.095890 0.524462
  18 -8.373011 -0.141940 -1.330956 -0.074966 0.182973 -0.980255 0.174168 0.528376
  18 -5.068445 -0.567307 -1.530452 0.021593 0.202836 -0.978975 0.172211 0.669276
male.bmp
  18 -5.068445 -0.567307 -1.530452 0.021593 0.202836 -0.978975 0.172211 0.669276
  18 -8.373011 -0.141940 -1.330956 -0.074966 0.182973 -0.980255 0.174168 0.528376
  18 -4.972031 0.563482 -0.699838 0.108949 0.815540 -0.568353 0.228963 0.673190
male.bmp
  18 -8.373011 -0.141940 -1.330956 -0.074966 0.182973 -0.980255 0.174168 0.528376
  18 -8.155089 0.919746 -0.659591 0.056345 0.797261 -0.600999 0.228963 0.536204
  18 -4.972031 0.563482 -0.699838 0.108949 0.815540 -0.568353 0.228963 0.673190
male.bmp
  18 -4.972031 0.563482 -0.699838 0.108949 0.815540 -0.568353 0.228963 0.673190
  18 -8.155089 0.919746 -0.659591 0.056345 0.797261 -0.600999 0.228963 0.536204
  18 -4.951928 0.883697 0.510310 0.131190 0.988221 0.078798 0.285714 0.675147
male.bmp
  18 -8.155089 0.919746 -0.659591 0.056345 0.797261 -0.600999 0.228963 0.536204
  18 -8.154402 1.219812 0.480436 0.157493 0.981152 0.111965 0.285714 0.540117
  18 -4.951928 0.883697 0.510310 0.131190 0.988221 0.078798 0.285714 0.675147
male.bmp
  18 -4.951928 0.883697 0.510310 0.131190 0.988221 0.078798 0.285714 0.675147
  18 -8.154402 1.219812 0.480436 0.157493 0.981152 0.111965 0.285714 0.540117
  18 -5.024700 0.473185 1.449877 0.072978 0.679567 0.729974 0.338552 0.677104
male.bmp
  18 -8.154402 1.219812 0.480436 0.157493 0.981152 0.111965 0.285714 0.540117
  18 -8.326423 0.758557 1.359385 0.115764 0.597721 0.793302 0.338552 0.532290
  18 -5.024700 0.473185 1.449877 0.072978 0.679567 0.729974 0.338552 0.677104
male.bmp
  18 -5.024700 0.473185 1.449877 0.072978 0.679567 0.729974 0.338552 0.677104
  18 -8.326423 0.758557 1.359385 0.115764 0.597721 0.793302 0.338552 0.532290
  18 -8.481526 -0.122612 1.628428 -0.086995 0.100076 0.991169 0.377691 0.532290
male.bmp
  18 -8.326423 0.758557 1.359385 0.115764 0.597721 0.793302 0.338552 0.532290
  18 -9.121609 -0.037390 1.534453 -0.063765 0.054689 0.996465 0.377691 0.502935
  18 -8.481526 -0.122612 1.628428 -0.086995 0.100076 0.991169 0.377691 0.532290
male.bmp
  18 -8.481526 -0.122612 1.628428 -0.086995 0.100076 0.991169 0.377691 0.532290
  18 -9.121609 -0.037390 1.534453 -0.063765 0.054689 0.996465 0.377691 0.502935
  18 -9.204941 -0.848039 1.433934 -0.077928 -0.398784 0.913728 0.430528 0.504892
male.bmp
  18 -9.121609 -0.037390 1.534453 -0.063765 0.054689 0.996465 0.377691 0.502935
  18 -9.758176 -0.117905 1.557548 0.018859 0.072661 0.997178 0.377691 0.473581
  18 -9.204941 -0.848039 1.433934 -0.077928 -0.398784 0.913728 0.430528 0.504892
male.bmp
  18 -9.204941 -0.848039 1.433934 -0.077928 -0.398784 0.913728 0.430528 0.504892
  18 -9.758176 -0.117905 1.557548 0.018859 0.072661 0.997178 0.377691 0.473581
  18 -9.798644 -0.937286 1.439328 0.047777 -0.468759 0.882033 0.428571 0.475538
male.bmp
  18 -9.758176 -0.117905 1.557548 0.018859 0.072661 0.997178 0.377691 0.473581
  18 -12.519262 -0.050642 1.665165 -0.041751 0.150442 0.987737 0.373777 0.338552
  18 -9.798644 -0.937286 1.439328 0.047777 -0.468759 0.882033 0.428571 0.475538
male.bmp
  18 -9.798644 -0.937286 1.439328 0.047777 -0.468759 0.882033 0.428571 0.475538
  18 -12.519262 -0.050642 1.665165 -0.041751 0.150442 0.987737 0.373777 0.338552
  18 -12.589750 -0.870567 1.566907 -0.053451 -0.455354 0.888704 0.424658 0.334638
male.bmp
  18 -12.519262 -0.050642 1.665165 -0.041751 0.150442 0.987737 0.373777 0.338552
  18 -14.348852 -0.069021 1.402941 -0.175585 0.096256 0.979747 0.362035 0.230920
  18 -12.589750 -0.870567 1.566907 -0.053451 -0.455354 0.888704 0.424658 0.334638
male.bmp
  18 -12.589750 -0.870567 1.566907 -0.053451 -0.455354 0.888704 0.424658 0.334638
  18 -14.348852 -0.069021 1.402941 -0.175585 0.096256 0.979747 0.362035 0.230920
  18 -14.428815 -0.928458 1.244276 -0.146199 -0.481947 0.863917 0.412916 0.227006
male.bmp
  18 -14.348852 -0.069021 1.402941 -0.175585 0.096256 0.979747 0.362035 0.230920
  18 -16.177333 -0.176692 1.069825 -0.175585 0.096256 0.979747 0.354207 0.125245
  18 -14.428815 -0.928458 1.244276 -0.146199 -0.481947 0.863917 0.412916 0.227006
male.bmp
  18 -14.428815 -0.928458 1.244276 -0.146199 -0.481947 0.863917 0.412916 0.227006
  18 -16.177333 -0.176692 1.069825 -0.175585 0.096256 0.979747 0.354207 0.125245
  18 -16.258890 -0.896045 0.902553 -0.153688 -0.516218 0.842555 0.401174 0.119374
male.bmp
  18 -16.177333 -0.176692 1.069825 -0.175585 0.096256 0.979747 0.354207 0.125245
  19 -17.751200 -0.923119 0.688460 -0.166426 -0.550612 0.818003 0.393346 0.037182
  18 -16.258890 -0.896045 0.902553 -0.153688 -0.516218 0.842555 0.401174 0.119374
male.bmp
  18 -16.258890 -0.896045 0.902553 -0.153688 -0.516218 0.842555 0.401174 0.119374
  19 -17.751200 -0.923119 0.688460 -0.166426 -0.550612 0.818003 0.393346 0.037182
  18 -16.344381 -1.242649 0.458981 -0.110999 -0.907126 0.405957 0.434442 0.119374
male.bmp
  19 -17.751200 -0.923119 0.688460 -0.166426 -0.550612 0.818003 0.393346 0.037182
  19 -17.793242 -1.182140 0.354932 -0.102689 -0.901357 0.420726 0.426614 0.037182
  18 -16.344381 -1.242649 0.458981 -0.110999 -0.907126 0.405957 0.434442 0.119374
male.bmp
  2 17.736661 -0.677073 -0.502435 0.016368 -0.462586 -0.886423 0.121331 0.021526
  1 16.096112 -0.415793 -0.739427 0.096705 -0.428504 -0.898350 0.136986 0.117417
  2 17.887866 -0.306723 -0.632351 0.012820 -0.412245 -0.910983 0.140900 0.015656
male.bmp
  2 17.887866 -0.306723 -0.632351 0.012820 -0.412245 -0.910983 0.140900 0.015656
  1 16.096112 -0.415793 -0.739427 0.096705 -0.428504 -0.898350 0.136986 0.117417
  2 17.769355 -0.115673 -0.742144 -0.003524 -0.129768 -0.991538 0.152642 0.021526
male.bmp
  1 16.096112 -0.415793 -0.739427 0.096705 -0.428504 -0.898350 0.136986 0.117417
  1 16.086420 -0.205740 -0.859360 0.096163 -0.157589 -0.982811 0.150685 0.119374
  2 17.769355 -0.115673 -0.742144 -0.003524 -0.129768 -0.991538 0.152642 0.021526
male.bmp
  2 17.769355 -0.115673 -0.742144 -0.003524 -0.129768 -0.991538 0.152642 0.021526
  1 16.086420 -0.205740 -0.859360 0.096163 -0.157589 -0.982811 0.150685 0.119374
  2 17.735540 0.063977 -0.668097 -0.008102 0.166242 -0.986052 0.164384 0.023483
male.bmp
  1 16.086420 -0.205740 -0.859360 0.096163 -0.157589 -0.982811 0.150685 0.119374
  1 16.078397 -0.015656 -0.829298 0.098058 -0.015913 -0.995054 0.160470 0.119374
  2 17.735540 0.063977 -0.668097 -0.008102 0.166242 -0.986052 0.164384 0.023483
male.bmp
  2 17.735540 0.063977 -0.668097 -0.008102 0.166242 -0.986052 0.164384 0.023483
  1 16.078397 -0.015656 -0.829298 0.098058 -0.015913 -0.995054 0.160470 0.119374
  2 17.644384 0.364394 -0.689061 0.038933 -0.002023 -0.999240 0.185910 0.029354
male.bmp
  1 16.078397 -0.015656 -0.829298 0.098058 -0.015913 -0.995054 0.160470 0.119374
  1 16.070642 0.394394 -0.929294 0.098291 0.172259 -0.980136 0.183953 0.119374
  2 17.644384 0.364394 -0.689061 0.038933 -0.002023 -0.999240 0.185910 0.029354
male.bmp
  2 17.644384 0.364394 -0.689061 0.038933 -0.002023 -0.999240 0.185910 0.029354
  1 16.070642 0.394394 -0.929294 0.098291 0.172259 -0.980136 0.183953 0.119374
  2 17.646666 0.594261 -0.667695 0.019810 0.349404 -0.936763 0.197652 0.029354
male.bmp
  1 16.070642 0.394394 -0.929294 0.098291 0.172259 -0.980136 0.183953 0.119374
  1 16.084632 0.634332 -0.769502 0.065441 0.580243 -0.811810 0.205479 0.123288
  2 17.646666 0.594261 -0.667695 0.019810 0.349404 -0.936763 0.197652 0.029354
male.bmp
  2 17.646666 0.594261 -0.667695 0.019810 0.349404 -0.936763 0.197652 0.029354
  1 16.084632 0.634332 -0.769502 0.065441 0.580243 -0.811810 0.205479 0.123288
  2 17.645056 0.753640 -0.566227 -0.005032 0.689690 -0.724087 0.209393 0.031311
male.bmp
  1 16.084632 0.634332 -0.769502 0.065441 0.580243 -0.811810 0.205479 0.123288
  1 16.098575 0.854275 -0.599704 0.079975 0.754127 -0.651841 0.223092 0.125245
  2 17.645056 0.753640 -0.566227 -0.005032 0.689690 -0.724087 0.209393 0.031311
male.bmp
  2 17.645056 0.753640 -0.566227 -0.005032 0.689690 -0.724087 0.209393 0.031311
  1 16.098575 0.854275 -0.599704 0.079975 0.754127 -0.651841 0.223092 0.125245
  2 17.656345 0.842737 -0.426105 0.024600 0.922831 -0.384420 0.221135 0.031311
male.bmp
  1 16.098575 0.854275 -0.599704 0.079975 0.754127 -0.651841 0.223092 0.125245
  1 16.102285 0.974315 -0.379757 0.108117 0.956790 -0.269931 0.240705 0.127202
  2 17.656345 0.842737 -0.426105 0.024600 0.922831 -0.384420 0.221135 0.031311
male.bmp
  2 17.656345 0.842737 -0.426105 0.024600 0.922831 -0.384420 0.221135 0.031311
  1 16.102285 0.974315 -0.379757 0.108117 0.956790 -0.269931 0.240705 0.127202
  2 17.659053 0.871734 -0.265631 0.112752 0.992456 0.048147 0.234834 0.031311
male.bmp
  1 16.102285 0.974315 -0.379757 0.108117 0.956790 -0.269931 0.240705 0.127202
  1 16.189713 0.983759 0.219215 0.160290 0.934264 0.318524 0.272016 0.127202
  2 17.659053 0.871734 -0.265631 0.112752 0.992456 0.048147 0.234834 0.031311
male.bmp
  2 17.659053 0.871734 -0.265631 0.112752 0.992456 0.048147 0.234834 0.031311
  1 16.189713 0.983759 0.219215 0.160290 0.934264 0.318524 0.272016 0.127202
  2 17.762951 0.708726 0.166496 0.193175 0.865616 0.461944 0.275930 0.033268
male.bmp
  1 16.189713 0.983759 0.219215 0.160290 0.934264 0.318524 0.272016 0.127202
  1 16.192889 0.533891 0.789310 0.184231 0.609588 0.771013 0.315068 0.125245
  2 17.762951 0.708726 0.166496 0.193175 0.865616 0.461944 0.275930 0.033268
male.bmp
  2 17.762951 0.708726 0.166496 0.193175 0.865616 0.461944 0.275930 0.033268
  1 16.192889 0.533891 0.789310 0.184231 0.609588 0.771013 0.315068 0.125245
  2 17.781200 0.335571 0.664213 0.209832 0.593263 0.777180 0.317025 0.033268
male.bmp
  1 16.192889 0.533891 0.789310 0.184231 0.609588 0.771013 0.315068 0.125245
  1 16.181019 -0.135938 1.099614 0.179355 0.095410 0.979147 0.354207 0.125245
  2 17.781200 0.335571 0.664213 0.209832 0.593263 0.777180 0.317025 0.033268
male.bmp
  2 17.781200 0.335571 0.664213 0.209832 0.593263 0.777180 0.317025 0.033268
  1 16.181019 -0.135938 1.099614 0.179355 0.095410 0.979147 0.354207 0.125245
  2 17.786052 -0.215741 0.870931 0.231365 0.051062 0.971526 0.352250 0.035225
male.bmp
  1 16.181019 -0.135938 1.099614 0.179355 0.095410 0.979147 0.354207 0.125245
  2 17.762189 -0.894734 0.717963 0.181536 -0.552775 0.813317 0.393346 0.037182
  2 17.786052 -0.215741 0.870931 0.231365 0.051062 0.971526 0.352250 0.035225
male.bmp
  19 -17.751200 -0.923119 0.688460 -0.166426 -0.550612 0.818003 0.393346 0.037182
  18 -16.177333 -0.176692 1.069825 -0.175585 0.096256 0.979747 0.354207 0.125245
  19 -17.767715 -0.243459 0.839417 -0.209294 0.053716 0.976376 0.352250 0.035225
male.bmp
  19 -17.767715 -0.243459 0.839417 -0.209294 0.053716 0.976376 0.352250 0.035225
  18 -16.177333 -0.176692 1.069825 -0.175585 0.096256 0.979747 0.354207 0.125245
  19 -17.764875 0.307051 0.640595 -0.189050 0.595518 0.780781 0.317025 0.033268
male.bmp
  18 -16.177333 -0.176692 1.069825 -0.175585 0.096256 0.979747 0.354207 0.125245
  18 -16.184675 0.496321 0.766510 -0.178593 0.610462 0.771648 0.315068 0.125245
  19 -17.764875 0.307051 0.640595 -0.189050 0.595518 0.780781 0.317025 0.033268
male.bmp
  19 -17.764875 0.307051 0.640595 -0.189050 0.595518 0.780781 0.317025 0.033268
  18 -16.184675 0.496321 0.766510 -0.178593 0.610462 0.771648 0.315068 0.125245
  19 -17.755620 0.678320 0.141221 -0.177907 0.867336 0.464841 0.275930 0.033268
male.bmp
  18 -16.184675 0.496321 0.766510 -0.178593 0.610462 0.771648 0.315068 0.125245
  18 -16.189195 0.952052 0.191020 -0.154552 0.935037 0.319091 0.272016 0.127202
  19 -17.755620 0.678320 0.141221 -0.177907 0.867336 0.464841 0.275930 0.033268
male.bmp
  19 -17.755620 0.678320 0.141221 -0.177907 0.867336 0.464841 0.275930 0.033268
  18 -16.189195 0.952052 0.191020 -0.154552 0.935037 0.319091 0.272016 0.127202
  19 -17.660455 0.849178 -0.293694 -0.106040 0.993146 0.049158 0.234834 0.031311
male.bmp
  18 -16.189195 0.952052 0.191020 -0.154552 0.935037 0.319091 0.272016 0.127202
  18 -16.098317 0.938967 -0.399039 -0.104246 0.957332 -0.269535 0.240705 0.127202
  19 -17.660455 0.849178 -0.293694 -0.106040 0.993146 0.049158 0.234834 0.031311
male.bmp
  19 -17.660455 0.849178 -0.293694 -0.106040 0.993146 0.049158 0.234834 0.031311
  18 -16.098317 0.938967 -0.399039 -0.104246 0.957332 -0.269535 0.240705 0.127202
  19 -17.661508 0.819595 -0.454080 -0.027976 0.922424 -0.385164 0.221135 0.031311
male.bmp
  18 -16.098317 0.938967 -0.399039 -0.104246 0.957332 -0.269535 0.240705 0.127202
  18 -16.096582 0.811176 -0.620323 -0.078398 0.754549 -0.651544 0.223092 0.125245
  19 -17.661508 0.819595 -0.454080 -0.027976 0.922424 -0.385164 0.221135 0.031311
male.bmp
  19 -17.661508 0.819595 -0.454080 -0.027976 0.922424 -0.385164 0.221135 0.031311
  18 -16.096582 0.811176 -0.620323 -0.078398 0.754549 -0.651544 0.223092 0.125245
  19 -17.653901 0.719935 -0.594116 -0.007262 0.688650 -0.725058 0.209393 0.031311
male.bmp
  18 -16.096582 0.811176 -0.620323 -0.078398 0.754549 -0.651544 0.223092 0.125245
  18 -16.083986 0.603010 -0.792393 -0.065271 0.580603 -0.811567 0.205479 0.123288
  19 -17.653901 0.719935 -0.594116 -0.007262 0.688650 -0.725058 0.209393 0.031311
male.bmp
  19 -17.653901 0.719935 -0.594116 -0.007262 0.688650 -0.725058 0.209393 0.031311
  18 -16.083986 0.603010 -0.792393 -0.065271 0.580603 -0.811567 0.205479 0.123288
  19 -17.648718 0.560179 -0.694371 -0.038775 0.348217 -0.936612 0.197652 0.029354
male.bmp
  18 -16.083986 0.603010 -0.792393 -0.065271 0.580603 -0.811567 0.205479 0.123288
  18 -16.071056 0.364747 -0.954762 -0.100723 0.172796 -0.979794 0.183953 0.119374
  19 -17.648718 0.560179 -0.694371 -0.038775 0.348217 -0.936612 0.197652 0.029354
male.bmp
  19 -17.648718 0.560179 -0.694371 -0.038775 0.348217 -0.936612 0.197652 0.029354
  18 -16.071056 0.364747 -0.954762 -0.100723 0.172796 -0.979794 0.183953 0.119374
  19 -17.657633 0.340283 -0.725456 -0.061274 -0.003181 -0.998116 0.185910 0.029354
male.bmp
  18 -16.071056 0.364747 -0.954762 -0.100723 0.172796 -0.979794 0.183953 0.119374
  18 -16.086358 -0.056531 -0.848974 -0.101479 -0.015375 -0.994719 0.160470 0.119374
  19 -17.657633 0.340283 -0.725456 -0.061274 -0.003181 -0.998116 0.185910 0.029354
male.bmp
  19 -17.657633 0.340283 -0.725456 -0.061274 -0.003181 -0.998116 0.185910 0.029354
  18 -16.086358 -0.056531 -0.848974 -0.101479 -0.015375 -0.994719 0.160470 0.119374
  19 -17.750620 0.030456 -0.691392 -0.013005 0.164833 -0.986236 0.164384 0.023483
male.bmp
  18 -16.086358 -0.056531 -0.848974 -0.101479 -0.015375 -0.994719 0.160470 0.119374
  18 -16.094133 -0.246224 -0.890876 -0.100250 -0.157059 -0.982488 0.150685 0.119374
  19 -17.750620 0.030456 -0.691392 -0.013005 0.164833 -0.986236 0.164384 0.023483
male.bmp
  19 -17.750620 0.030456 -0.691392 -0.013005 0.164833 -0.986236 0.164384 0.023483
  18 -16.094133 -0.246224 -0.890876 -0.100250 -0.157059 -0.982488 0.150685 0.119374
  19 -17.787121 -0.149255 -0.764001 -0.019377 -0.131153 -0.991173 0.152642 0.021526
male.bmp
  18 -16.094133 -0.246224 -0.890876 -0.100250 -0.157059 -0.982488 0.150685 0.119374
  18 -16.101868 -0.457611 -0.762985 -0.101860 -0.427972 -0.898034 0.136986 0.117417
  19 -17.787121 -0.149255 -0.764001 -0.019377 -0.131153 -0.991173 0.152642 0.021526
male.bmp
  19 -17.787121 -0.149255 -0.764001 -0.019377 -0.131153 -0.991173 0.152642 0.021526
  18 -16.101868 -0.457611 -0.762985 -0.101860 -0.427972 -0.898034 0.136986 0.117417
  19 -17.893697 -0.339223 -0.660303 -0.035511 -0.413423 -0.909846 0.140900 0.015656
male.bmp
  18 -16.101868 -0.457611 -0.762985 -0.101860 -0.427972 -0.898034 0.136986 0.117417
  19 -17.751716 -0.699957 -0.532973 -0.038794 -0.463709 -0.885138 0.121331 0.021526
  19 -17.893697 -0.339223 -0.660303 -0.035511 -0.413423 -0.909846 0.140900 0.015656
male.bmp
  26 -22.121194 -1.321609 -0.243384 -0.498273 -0.649888 -0.573907 0.637965 0.029354
  26 -22.122002 -1.407481 0.049576 -0.292992 -0.932994 0.208992 0.636008 0.048924
  26 -22.159362 -1.374602 0.044773 -0.703255 -0.708353 0.060570 0.628180 0.048924
male.bmp
  26 -22.159362 -1.374602 0.044773 -0.703255 -0.708353 0.060570 0.628180 0.048924
  26 -22.122002 -1.407481 0.049576 -0.292992 -0.932994 0.208992 0.636008 0.048924
  26 -22.215939 -1.188335 0.302658 -0.472671 -0.514547 0.715418 0.626223 0.068493
male.bmp
  26 -22.122002 -1.407481 0.049576 -0.292992 -0.932994 0.208992 0.636008 0.048924
  19 -21.045409 -1.058403 0.510503 -0.100114 -0.531117 0.841363 0.733855 0.088063
  26 -22.215939 -1.188335 0.302658 -0.472671 -0.514547 0.715418 0.626223 0.068493
male.bmp
  26 -22.215939 -1.188335 0.302658 -0.472671 -0.514547 0.715418 0.626223 0.068493
  19 -21.045409 -1.058403 0.510503 -0.100114 -0.531117 0.841363 0.733855 0.088063
  19 -21.106251 -0.755250 0.583963 -0.166240 0.098351 0.981168 0.726027 0.115460
male.bmp
  19 -21.045409 -1.058403 0.510503 -0.100114 -0.531117 0.841363 0.733855 0.088063
  19 -20.456280 -1.103187 0.554329 -0.100616 -0.363495 0.926147 0.788650 0.088063
  19 -21.106251 -0.755250 0.583963 -0.166240 0.098351 0.981168 0.726027 0.115460
male.bmp
  19 -21.106251 -0.755250 0.583963 -0.166240 0.098351 0.981168 0.726027 0.115460
  19 -20.456280 -1.103187 0.554329 -0.100616 -0.363495 0.926147 0.788650 0.088063
  19 -20.538930 -0.536741 0.601309 -0.114685 -0.022541 0.993146 0.776908 0.138943
male.bmp
  19 -20.456280 -1.103187 0.554329 -0.100616 -0.363495 0.926147 0.788650 0.088063
  19 -19.867581 -0.776712 0.657035 -0.056458 -0.155889 0.986160 0.839530 0.119374
  19 -20.538930 -0.536741 0.601309 -0.114685 -0.022541 0.993146 0.776908 0.138943
male.bmp
  19 -20.538930 -0.536741 0.601309 -0.114685 -0.022541 0.993146 0.776908 0.138943
  19 -19.867581 -0.776712 0.657035 -0.056458 -0.155889 0.986160 0.839530 0.119374
  19 -20.540796 0.146116 0.621401 -0.171775 0.198098 0.965013 0.772994 0.199609
male.bmp
  19 -19.867581 -0.776712 0.657035 -0.056458 -0.155889 0.986160 0.839530 0.119374
  19 -18.810316 -0.137208 0.740843 -0.067768 0.061091 0.995829 0.931507 0.183953
  19 -20.540796 0.146116 0.621401 -0.171775 0.198098 0.965013 0.772994 0.199609
male.bmp
  19 -20.540796 0.146116 0.621401 -0.171775 0.198098 0.965013 0.772994 0.199609
  19 -18.810316 -0.137208 0.740843 -0.067768 0.061091 0.995829 0.931507 0.183953
  19 -20.543082 0.694467 0.429815 -0.191001 0.400980 0.895954 0.769080 0.250489
male.bmp
  19 -18.810316 -0.137208 0.740843 -0.067768 0.061091 0.995829 0.931507 0.183953
  19 -19.070226 0.514929 0.611371 0.025626 0.389755 0.920562 0.904110 0.240705
  19 -20.543082 0.694467 0.429815 -0.191001 0.400980 0.895954 0.769080 0.250489
male.bmp
  19 -20.543082 0.694467 0.429815 -0.191001 0.400980 0.895954 0.769080 0.250489
  19 -19.070226 0.514929 0.611371 0.025626 0.389755 0.920562 0.904110 0.240705
  19 -19.279450 1.078523 0.250832 0.098670 0.700490 0.706809 0.878669 0.281800
male.bmp
  19 -19.070226 0.514929 0.611371 0.025626 0.389755 0.920562 0.904110 0.240705
  19 -18.662054 0.907318 0.219036 0.232015 0.756909 0.610949 0.935421 0.272016
  19 -19.279450 1.078523 0.250832 0.098670 0.700490 0.706809 0.878669 0.281800
male.bmp
  19 -19.279450 1.078523 0.250832 0.098670 0.700490 0.706809 0.878669 0.281800
  19 -18.662054 0.907318 0.219036 0.232015 0.756909 0.610949 0.935421 0.272016
  19 -19.309429 1.449900 -0.299242 0.274101 0.958965 0.072493 0.866928 0.315068
male.bmp
  19 -18.662054 0.907318 0.219036 0.232015 0.756909 0.610949 0.935421 0.272016
  19 -18.569512 1.132109 -0.329786 0.340242 0.940292 -0.009315 0.941292 0.299413
  19 -19.309429 1.449900 -0.299242 0.274101 0.958965 0.072493 0.866928 0.315068
male.bmp
  19 -19.309429 1.449900 -0.299242 0.274101 0.958965 0.072493 0.866928 0.315068
  19 -18.569512 1.132109 -0.329786 0.340242 0.940292 -0.009315 0.941292 0.299413
  19 -19.175303 1.115282 -0.764796 0.241802 0.672387 -0.699591 0.882583 0.342466
male.bmp
  19 -18.569512 1.132109 -0.329786 0.340242 0.940292 -0.009315 0.941292 0.299413
  19 -18.552163 1.044682 -0.522284 0.267877 0.849178 -0.455125 0.945205 0.307241
  19 -19.175303 1.115282 -0.764796 0.241802 0.672387 -0.699591 0.882583 0.342466
male.bmp
  19 -19.175303 1.115282 -0.764796 0.241802 0.672387 -0.699591 0.882583 0.342466
  19 -18.552163 1.044682 -0.522284 0.267877 0.849178 -0.455125 0.945205 0.307241
  19 -18.555188 0.908951 -0.702472 0.269755 0.629440 -0.728723 0.947162 0.317025
male.bmp
  19 -18.552163 1.044682 -0.522284 0.267877 0.849178 -0.455125 0.945205 0.307241
  19 -18.268985 0.971453 -0.508032 -0.663804 0.644099 -0.380132 0.968689 0.301370
  19 -18.555188 0.908951 -0.702472 0.269755 0.629440 -0.728723 0.947162 0.317025
male.bmp
  19 -18.555188 0.908951 -0.702472 0.269755 0.629440 -0.728723 0.947162 0.317025
  19 -18.268985 0.971453 -0.508032 -0.663804 0.644099 -0.380132 0.968689 0.301370
  19 -18.260956 0.821818 -0.658181 -0.616991 0.473513 -0.628576 0.970646 0.309198
male.bmp
  9 22.155421 -1.375783 0.036946 0.700244 -0.712093 0.050813 0.628180 0.048924
  9 22.208232 -1.178602 0.293325 0.478382 -0.518506 0.708733 0.626223 0.068493
  9 22.118255 -1.407261 0.052038 0.290598 -0.934936 0.203586 0.636008 0.048924
male.bmp
  9 22.118255 -1.407261 0.052038 0.290598 -0.934936 0.203586 0.636008 0.048924
  9 22.208232 -1.178602 0.293325 0.478382 -0.518506 0.708733 0.626223 0.068493
  2 21.060217 -1.050435 0.459687 0.115874 -0.532940 0.838181 0.733855 0.088063
male.bmp
  9 22.208232 -1.178602 0.293325 0.478382 -0.518506 0.708733 0.626223 0.068493
  2 21.114463 -0.747536 0.533238 0.188682 0.095932 0.977341 0.726027 0.115460
  2 21.060217 -1.050435 0.459687 0.115874 -0.532940 0.838181 0.733855 0.088063
male.bmp
  2 21.060217 -1.050435 0.459687 0.115874 -0.532940 0.838181 0.733855 0.088063
  2 21.114463 -0.747536 0.533238 0.188682 0.095932 0.977341 0.726027 0.115460
  2 20.462028 -1.091753 0.517678 0.119223 -0.365452 0.923163 0.788650 0.088063
male.bmp
  2 21.114463 -0.747536 0.533238 0.188682 0.095932 0.977341 0.726027 0.115460
  2 20.549992 -0.523081 0.573126 0.136722 -0.024685 0.990302 0.776908 0.138943
  2 20.462028 -1.091753 0.517678 0.119223 -0.365452 0.923163 0.788650 0.088063
male.bmp
  2 20.462028 -1.091753 0.517678 0.119223 -0.365452 0.923163 0.788650 0.088063
  2 20.549992 -0.523081 0.573126 0.136722 -0.024685 0.990302 0.776908 0.138943
  2 19.887580 -0.762319 0.632931 0.077597 -0.157691 0.984435 0.839530 0.119374
male.bmp
  2 20.549992 -0.523081 0.573126 0.136722 -0.024685 0.990302 0.776908 0.138943
  2 20.555116 0.156951 0.584565 0.194421 0.195670 0.961204 0.772994 0.199609
  2 19.887580 -0.762319 0.632931 0.077597 -0.157691 0.984435 0.839530 0.119374
male.bmp
  2 19.887580 -0.762319 0.632931 0.077597 -0.157691 0.984435 0.839530 0.119374
  2 20.555116 0.156951 0.584565 0.194421 0.195670 0.961204 0.772994 0.199609
  2 18.826161 -0.116778 0.742317 0.090352 0.059206 0.994148 0.931507 0.183953
male.bmp
  2 20.555116 0.156951 0.584565 0.194421 0.195670 0.961204 0.772994 0.199609
  2 20.556229 0.705568 0.393731 0.213251 0.398545 0.892012 0.769080 0.250489
  2 18.826161 -0.116778 0.742317 0.090352 0.059206 0.994148 0.931507 0.183953
male.bmp
  2 18.826161 -0.116778 0.742317 0.090352 0.059206 0.994148 0.931507 0.183953
  2 20.556229 0.705568 0.393731 0.213251 0.398545 0.892012 0.769080 0.250489
  2 19.086808 0.534076 0.607958 -0.002833 0.388507 0.921441 0.904110 0.240705
male.bmp
  2 20.556229 0.705568 0.393731 0.213251 0.398545 0.892012 0.769080 0.250489
  2 19.291109 1.097022 0.243606 -0.078868 0.699970 0.709804 0.878669 0.281800
  2 19.086808 0.534076 0.607958 -0.002833 0.388507 0.921441 0.904110 0.240705
male.bmp
  2 19.086808 0.534076 0.607958 -0.002833 0.388507 0.921441 0.904110 0.240705
  2 19.291109 1.097022 0.243606 -0.078868 0.699970 0.709804 0.878669 0.281800
  2 18.672194 0.929353 0.225399 -0.213999 0.757286 0.617027 0.935421 0.272016
male.bmp
  2 19.291109 1.097022 0.243606 -0.078868 0.699970 0.709804 0.878669 0.281800
  2 19.310883 1.469050 -0.306488 -0.266961 0.960387 0.079926 0.866928 0.315068
  2 18.672194 0.929353 0.225399 -0.213999 0.757286 0.617027 0.935421 0.272016
male.bmp
  2 18.672194 0.929353 0.225399 -0.213999 0.757286 0.617027 0.935421 0.272016
  2 19.310883 1.469050 -0.306488 -0.266961 0.960387 0.079926 0.866928 0.315068
  2 18.568676 1.155489 -0.320903 -0.335016 0.942212 -0.000409 0.941292 0.299413
male.bmp
  2 19.310883 1.469050 -0.306488 -0.266961 0.960387 0.079926 0.866928 0.315068
  2 19.164477 1.135898 -0.769386 -0.253553 0.674796 -0.693081 0.882583 0.342466
  2 18.568676 1.155489 -0.320903 -0.335016 0.942212 -0.000409 0.941292 0.299413
male.bmp
  2 18.568676 1.155489 -0.320903 -0.335016 0.942212 -0.000409 0.941292 0.299413
  2 19.164477 1.135898 -0.769386 -0.253553 0.674796 -0.693081 0.882583 0.342466
  2 18.546528 1.068452 -0.513086 -0.273153 0.851362 -0.447850 0.945205 0.307241
male.bmp
  2 19.164477 1.135898 -0.769386 -0.253553 0.674796 -0.693081 0.882583 0.342466
  2 18.544749 0.932977 -0.693483 -0.282394 0.632051 -0.721641 0.947162 0.317025
  2 18.546528 1.068452 -0.513086 -0.273153 0.851362 -0.447850 0.945205 0.307241
male.bmp
  2 18.546528 1.068452 -0.513086 -0.273153 0.851362 -0.447850 0.945205 0.307241
  2 18.544749 0.932977 -0.693483 -0.282394 0.632051 -0.721641 0.947162 0.317025
  2 18.263342 0.991285 -0.493101 0.658794 0.640910 -0.393985 0.968689 0.301370
male.bmp
  2 18.544749 0.932977 -0.693483 -0.282394 0.632051 -0.721641 0.947162 0.317025
  2 18.251112 0.852254 -0.643502 0.605482 0.470961 -0.641550 0.970646 0.309198
  2 18.263342 0.991285 -0.493101 0.658794 0.640910 -0.393985 0.968689 0.301370
male.bmp
  1 1.515718 -2.662060 0.984989 0.099382 -0.895747 0.433313 0.011742 0.808219
  1 5.290139 -2.359160 -0.041166 0.136788 -0.968264 -0.209176 0.052838 0.669276
  1 5.320853 -2.259416 0.948585 0.137581 -0.890861 0.432940 0.007828 0.675147
male.bmp
  1 5.320853 -2.259416 0.948585 0.137581 -0.890861 0.432940 0.007828 0.675147
  1 5.290139 -2.359160 -0.041166 0.136788 -0.968264 -0.209176 0.052838 0.669276
  1 8.688600 -1.711429 -0.043678 0.263226 -0.946154 -0.188427 0.052838 0.522505
male.bmp
  1 5.290139 -2.359160 -0.041166 0.136788 -0.968264 -0.209176 0.052838 0.669276
  1 8.585464 -1.210224 -1.022737 0.202800 -0.582097 -0.787423 0.095890 0.524462
  1 8.688600 -1.711429 -0.043678 0.263226 -0.946154 -0.188427 0.052838 0.522505
male.bmp
  1 8.688600 -1.711429 -0.043678 0.263226 -0.946154 -0.188427 0.052838 0.522505
  1 8.585464 -1.210224 -1.022737 0.202800 -0.582097 -0.787423 0.095890 0.524462
  1 9.178341 -1.057583 -0.928405 0.202800 -0.582097 -0.787423 0.095890 0.497065
male.bmp
  1 8.585464 -1.210224 -1.022737 0.202800 -0.582097 -0.787423 0.095890 0.524462
  1 8.367201 -0.067449 -1.280663 0.072583 0.182565 -0.980511 0.174168 0.528376
  1 9.178341 -1.057583 -0.928405 0.202800 -0.582097 -0.787423 0.095890 0.497065
male.bmp
  1 9.178341 -1.057583 -0.928405 0.202800 -0.582097 -0.787423 0.095890 0.497065
  1 8.367201 -0.067449 -1.280663 0.072583 0.182565 -0.980511 0.174168 0.528376
  1 9.059413 0.023952 -1.177279 0.003705 0.161956 -0.986791 0.172211 0.495108
male.bmp
  1 8.367201 -0.067449 -1.280663 0.072583 0.182565 -0.980511 0.174168 0.528376
  1 8.156838 0.995334 -0.608621 -0.054384 0.797513 -0.600845 0.228963 0.536204
  1 9.059413 0.023952 -1.177279 0.003705 0.161956 -0.986791 0.172211 0.495108
male.bmp
  1 9.059413 0.023952 -1.177279 0.003705 0.161956 -0.986791 0.172211 0.495108
  1 8.156838 0.995334 -0.608621 -0.054384 0.797513 -0.600845 0.228963 0.536204
  1 8.979063 1.095114 -0.516482 -0.104260 0.792612 -0.600747 0.232877 0.500978
male.bmp
  1 8.156838 0.995334 -0.608621 -0.054384 0.797513 -0.600845 0.228963 0.536204
  1 8.161480 1.295438 0.531387 -0.152217 0.981930 0.112445 0.285714 0.540117
  1 8.979063 1.095114 -0.516482 -0.104260 0.792612 -0.600747 0.232877 0.500978
male.bmp
  1 8.979063 1.095114 -0.516482 -0.104260 0.792612 -0.600747 0.232877 0.500978
  1 8.161480 1.295438 0.531387 -0.152217 0.981930 0.112445 0.285714 0.540117
  1 8.972551 1.525332 0.333618 -0.080168 0.995013 -0.059346 0.277886 0.502935
male.bmp
  1 8.161480 1.295438 0.531387 -0.152217 0.981930 0.112445 0.285714 0.540117
  1 9.037117 0.954631 1.553057 0.019389 0.523339 0.851904 0.338552 0.502935
  1 8.972551 1.525332 0.333618 -0.080168 0.995013 -0.059346 0.277886 0.502935
male.bmp
  1 8.972551 1.525332 0.333618 -0.080168 0.995013 -0.059346 0.277886 0.502935
  1 9.037117 0.954631 1.553057 0.019389 0.523339 0.851904 0.338552 0.502935
  1 9.705447 1.428706 0.438586 0.043965 0.989911 0.134695 0.277886 0.471624
male.bmp
  1 9.037117 0.954631 1.553057 0.019389 0.523339 0.851904 0.338552 0.502935
  1 9.721659 0.888820 1.318563 0.138227 0.591443 0.794411 0.334638 0.473581
  1 9.705447 1.428706 0.438586 0.043965 0.989911 0.134695 0.277886 0.471624
male.bmp
  1 9.705447 1.428706 0.438586 0.043965 0.989911 0.134695 0.277886 0.471624
  1 9.721659 0.888820 1.318563 0.138227 0.591443 0.794411 0.334638 0.473581
  1 12.433607 1.455564 0.245140 0.043965 0.989911 0.134695 0.279843 0.340509
male.bmp
  1 9.721659 0.888820 1.318563 0.138227 0.591443 0.794411 0.334638 0.473581
  1 12.512035 0.975196 1.264353 0.046668 0.696449 0.716088 0.326810 0.340509
  1 12.433607 1.455564 0.245140 0.043965 0.989911 0.134695 0.279843 0.340509
male.bmp
  1 12.433607 1.455564 0.245140 0.043965 0.989911 0.134695 0.279843 0.340509
  1 12.512035 0.975196 1.264353 0.046668 0.696449 0.716088 0.326810 0.340509
  1 14.291528 1.319812 0.152398 0.117826 0.984029 0.133430 0.268102 0.232877
male.bmp
  1 12.512035 0.975196 1.264353 0.046668 0.696449 0.716088 0.326810 0.340509
  1 14.358591 0.779515 1.101757 0.162238 0.646900 0.745117 0.318982 0.232877
  1 14.291528 1.319812 0.152398 0.117826 0.984029 0.133430 0.268102 0.232877
male.bmp
  1 14.291528 1.319812 0.152398 0.117826 0.984029 0.133430 0.268102 0.232877
  1 14.358591 0.779515 1.101757 0.162238 0.646900 0.745117 0.318982 0.232877
  1 16.189713 0.983759 0.219215 0.160290 0.934264 0.318524 0.272016 0.127202
male.bmp
  1 14.358591 0.779515 1.101757 0.162238 0.646900 0.745117 0.318982 0.232877
  1 16.192889 0.533891 0.789310 0.184231 0.609588 0.771013 0.315068 0.125245
  1 16.189713 0.983759 0.219215 0.160290 0.934264 0.318524 0.272016 0.127202
male.bmp
  18 -16.184675 0.496321 0.766510 -0.178593 0.610462 0.771648 0.315068 0.125245
  18 -14.347665 0.734291 1.080935 -0.156502 0.647665 0.745679 0.318982 0.232877
  18 -16.189195 0.952052 0.191020 -0.154552 0.935037 0.319091 0.272016 0.127202
male.bmp
  18 -16.189195 0.952052 0.191020 -0.154552 0.935037 0.319091 0.272016 0.127202
  18 -14.347665 0.734291 1.080935 -0.156502 0.647665 0.745679 0.318982 0.232877
  18 -14.282685 1.274603 0.126346 -0.112462 0.984599 0.133857 0.268102 0.232877
male.bmp
  18 -14.347665 0.734291 1.080935 -0.156502 0.647665 0.745679 0.318982 0.232877
  18 -12.509891 0.923962 1.224869 -0.040784 0.696638 0.716263 0.326810 0.340509
  18 -14.282685 1.274603 0.126346 -0.112462 0.984599 0.133857 0.268102 0.232877
male.bmp
  18 -14.282685 1.274603 0.126346 -0.112462 0.984599 0.133857 0.268102 0.232877
  18 -12.509891 0.923962 1.224869 -0.040784 0.696638 0.716263 0.326810 0.340509
  18 -12.424045 1.395109 0.209611 -0.038569 0.990112 0.134873 0.279843 0.340509
male.bmp
  18 -12.509891 0.923962 1.224869 -0.040784 0.696638 0.716263 0.326810 0.340509
  18 -9.708642 0.825566 1.276995 -0.132603 0.592087 0.794889 0.334638 0.473581
  18 -12.424045 1.395109 0.209611 -0.038569 0.990112 0.134873 0.279843 0.340509
male.bmp
  18 -12.424045 1.395109 0.209611 -0.038569 0.990112 0.134873 0.279843 0.340509
  18 -9.708642 0.825566 1.276995 -0.132603 0.592087 0.794889 0.334638 0.473581
  18 -9.693737 1.364607 0.392341 -0.038569 0.990112 0.134873 0.277886 0.471624
male.bmp
  18 -9.708642 0.825566 1.276995 -0.132603 0.592087 0.794889 0.334638 0.473581
  18 -9.018291 0.883405 1.505094 -0.013914 0.523387 0.851981 0.338552 0.502935
  18 -9.693737 1.364607 0.392341 -0.038569 0.990112 0.134873 0.277886 0.471624
male.bmp
  18 -9.693737 1.364607 0.392341 -0.038569 0.990112 0.134873 0.277886 0.471624
  18 -9.018291 0.883405 1.505094 -0.013914 0.523387 0.851981 0.338552 0.502935
  18 -8.964975 1.453763 0.285401 0.084935 0.994603 -0.059583 0.277886 0.502935
male.bmp
  18 -9.018291 0.883405 1.505094 -0.013914 0.523387 0.851981 0.338552 0.502935
  18 -8.154402 1.219812 0.480436 0.157493 0.981152 0.111965 0.285714 0.540117
  18 -8.964975 1.453763 0.285401 0.084935 0.994603 -0.059583 0.277886 0.502935
male.bmp
  18 -8.964975 1.453763 0.285401 0.084935 0.994603 -0.059583 0.277886 0.502935
  18 -8.154402 1.219812 0.480436 0.157493 0.981152 0.111965 0.285714 0.540117
  18 -8.976553 1.023625 -0.554687 0.106197 0.792110 -0.601068 0.232877 0.500978
male.bmp
  18 -8.154402 1.219812 0.480436 0.157493 0.981152 0.111965 0.285714 0.540117
  18 -8.155089 0.919746 -0.659591 0.056345 0.797261 -0.600999 0.228963 0.536204
  18 -8.976553 1.023625 -0.554687 0.106197 0.792110 -0.601068 0.232877 0.500978
male.bmp
  18 -8.976553 1.023625 -0.554687 0.106197 0.792110 -0.601068 0.232877 0.500978
  18 -8.155089 0.919746 -0.659591 0.056345 0.797261 -0.600999 0.228963 0.536204
  18 -9.064409 -0.047091 -1.225245 -0.006211 0.162020 -0.986768 0.172211 0.495108
male.bmp
  18 -8.155089 0.919746 -0.659591 0.056345 0.797261 -0.600999 0.228963 0.536204
  18 -8.373011 -0.141940 -1.330956 -0.074966 0.182973 -0.980255 0.174168 0.528376
  18 -9.064409 -0.047091 -1.225245 -0.006211 0.162020 -0.986768 0.172211 0.495108
male.bmp
  18 -9.064409 -0.047091 -1.225245 -0.006211 0.162020 -0.986768 0.172211 0.495108
  18 -8.373011 -0.141940 -1.330956 -0.074966 0.182973 -0.980255 0.174168 0.528376
  18 -9.187896 -1.128031 -0.976006 -0.208349 -0.581038 -0.786756 0.095890 0.497065
male.bmp
  18 -8.373011 -0.141940 -1.330956 -0.074966 0.182973 -0.980255 0.174168 0.528376
  18 -8.596109 -1.283625 -1.072336 -0.208349 -0.581038 -0.786756 0.095890 0.524462
  18 -9.187896 -1.128031 -0.976006 -0.208349 -0.581038 -0.786756 0.095890 0.497065
male.bmp
  18 -9.187896 -1.128031 -0.976006 -0.208349 -0.581038 -0.786756 0.095890 0.497065
  18 -8.596109 -1.283625 -1.072336 -0.208349 -0.581038 -0.786756 0.095890 0.524462
  18 -8.688457 -1.784282 -0.092891 -0.268581 -0.944818 -0.187572 0.052838 0.522505
male.bmp
  18 -8.596109 -1.283625 -1.072336 -0.208349 -0.581038 -0.786756 0.095890 0.524462
  18 -5.293282 -2.448971 -0.101821 -0.142323 -0.967558 -0.208745 0.052838 0.669276
  18 -8.688457 -1.784282 -0.092891 -0.268581 -0.944818 -0.187572 0.052838 0.522505
male.bmp
  18 -8.688457 -1.784282 -0.092891 -0.268581 -0.944818 -0.187572 0.052838 0.522505
  18 -5.293282 -2.448971 -0.101821 -0.142323 -0.967558 -0.208745 0.052838 0.669276
  18 -5.330170 -2.349198 0.887969 -0.140572 -0.890185 0.433371 0.007828 0.675147
male.bmp
  18 -5.293282 -2.448971 -0.101821 -0.142323 -0.967558 -0.208745 0.052838 0.669276
  18 -1.526993 -2.770835 0.911572 -0.102396 -0.895261 0.433616 0.011742 0.808219
  18 -5.330170 -2.349198 0.887969 -0.140572 -0.890185 0.433371 0.007828 0.675147
male.bmp
  9 22.116164 -1.312267 -0.251888 0.488121 -0.651213 -0.581085 0.637965 0.029354
  9 22.118255 -1.407261 0.052038 0.290598 -0.934936 0.203586 0.636008 0.048924
  9 22.058505 -1.343303 -0.266457 0.168228 -0.772931 -0.611782 0.643836 0.029354
male.bmp
  9 22.058505 -1.343303 -0.266457 0.168228 -0.772931 -0.611782 0.643836 0.029354
  9 22.118255 -1.407261 0.052038 0.290598 -0.934936 0.203586 0.636008 0.048924
  9 21.152028 -1.288596 0.047083 0.068664 -0.968186 0.240627 0.722114 0.064579
male.bmp
  9 22.118255 -1.407261 0.052038 0.290598 -0.934936 0.203586 0.636008 0.048924
  2 21.060217 -1.050435 0.459687 0.115874 -0.532940 0.838181 0.733855 0.088063
  9 21.152028 -1.288596 0.047083 0.068664 -0.968186 0.240627 0.722114 0.064579
male.bmp
  9 21.152028 -1.288596 0.047083 0.068664 -0.968186 0.240627 0.722114 0.064579
  2 21.060217 -1.050435 0.459687 0.115874 -0.532940 0.838181 0.733855 0.088063
  9 20.799548 -1.362980 0.097329 0.302940 -0.866771 0.396151 0.763209 0.060665
male.bmp
  2 21.060217 -1.050435 0.459687 0.115874 -0.532940 0.838181 0.733855 0.088063
  2 20.462028 -1.091753 0.517678 0.119223 -0.365452 0.923163 0.788650 0.088063
  9 20.799548 -1.362980 0.097329 0.302940 -0.866771 0.396151 0.763209 0.060665
male.bmp
  9 20.799548 -1.362980 0.097329 0.302940 -0.866771 0.396151 0.763209 0.060665
  2 20.462028 -1.091753 0.517678 0.119223 -0.365452 0.923163 0.788650 0.088063
  15 20.143082 -1.499656 0.699116 0.307497 -0.384103 0.870581 0.814090 0.041096
male.bmp
  2 20.462028 -1.091753 0.517678 0.119223 -0.365452 0.923163 0.788650 0.088063
  2 19.887580 -0.762319 0.632931 0.077597 -0.157691 0.984435 0.839530 0.119374
  15 20.143082 -1.499656 0.699116 0.307497 -0.384103 0.870581 0.814090 0.041096
male.bmp
  15 20.143082 -1.499656 0.699116 0.307497 -0.384103 0.870581 0.814090 0.041096
  2 19.887580 -0.762319 0.632931 0.077597 -0.157691 0.984435 0.839530 0.119374
  15 19.739652 -1.464790 0.757669 -0.058451 -0.227736 0.971967 0.849315 0.046967
male.bmp
  2 19.887580 -0.762319 0.632931 0.077597 -0.157691 0.984435 0.839530 0.119374
  2 18.913077 -0.827865 0.656284 -0.010348 -0.331648 0.943346 0.927593 0.119374
  15 19.739652 -1.464790 0.757669 -0.058451 -0.227736 0.971967 0.849315 0.046967
male.bmp
  15 19.739652 -1.464790 0.757669 -0.058451 -0.227736 0.971967 0.849315 0.046967
  2 18.913077 -0.827865 0.656284 -0.010348 -0.331648 0.943346 0.927593 0.119374
  15 19.113320 -1.378090 0.650006 -0.384357 -0.409750 0.827269 0.908023 0.060665
male.bmp
  2 18.913077 -0.827865 0.656284 -0.010348 -0.331648 0.943346 0.927593 0.119374
  15 18.656873 -1.277811 0.357261 -0.429063 -0.652637 0.624475 0.953033 0.074364
  15 19.113320 -1.378090 0.650006 -0.384357 -0.409750 0.827269 0.908023 0.060665
male.bmp
  15 19.113320 -1.378090 0.650006 -0.384357 -0.409750 0.827269 0.908023 0.060665
  15 18.656873 -1.277811 0.357261 -0.429063 -0.652637 0.624475 0.953033 0.074364
  15 19.025223 -1.893761 0.174166 -0.717451 -0.566854 0.404895 0.925636 0.025440
male.bmp
  15 18.656873 -1.277811 0.357261 -0.429063 -0.652637 0.624475 0.953033 0.074364
  15 18.655936 -1.384183 0.166515 -0.640462 -0.741466 0.200091 0.958904 0.068493
  15 19.025223 -1.893761 0.174166 -0.717451 -0.566854 0.404895 0.925636 0.025440
male.bmp
  15 19.025223 -1.893761 0.174166 -0.717451 -0.566854 0.404895 0.925636 0.025440
  15 18.655936 -1.384183 0.166515 -0.640462 -0.741466 0.200091 0.958904 0.068493
  15 19.014289 -1.940159 0.003498 -0.796171 -0.603187 0.047727 0.933464 0.021526
male.bmp
  15 18.655936 -1.384183 0.166515 -0.640462 -0.741466 0.200091 0.958904 0.068493
  15 18.679541 -1.398401 -0.103004 -0.700722 -0.682556 -0.207620 0.966732 0.058708
  15 19.014289 -1.940159 0.003498 -0.796171 -0.603187 0.047727 0.933464 0.021526
male.bmp
  15 19.014289 -1.940159 0.003498 -0.796171 -0.603187 0.047727 0.933464 0.021526
  15 18.679541 -1.398401 -0.103004 -0.700722 -0.682556 -0.207620 0.966732 0.058708
  15 19.002009 -1.891989 -0.116622 -0.817432 -0.575551 -0.023386 0.941292 0.017613
male.bmp
  15 18.679541 -1.398401 -0.103004 -0.700722 -0.682556 -0.207620 0.966732 0.058708
  15 18.996867 -1.894243 -0.266851 -0.733730 -0.518009 -0.439667 0.947162 0.011742
  15 19.002009 -1.891989 -0.116622 -0.817432 -0.575551 -0.023386 0.941292 0.017613
male.bmp
  2 17.807297 -0.316452 -0.636088 -0.748851 0.070578 0.658970 0.598826 0.720157
  2 17.468359 -0.484824 -0.730807 -0.705853 0.658847 0.260178 0.592955 0.729941
  2 17.747478 -0.657164 -0.493128 -0.496635 0.454170 0.739650 0.608611 0.739726
male.bmp
  2 17.747478 -0.657164 -0.493128 -0.496635 0.454170 0.739650 0.608611 0.739726
  2 17.468359 -0.484824 -0.730807 -0.705853 0.658847 0.260178 0.592955 0.729941
  2 17.499077 -0.815832 -0.584897 -0.825674 0.263194 0.498991 0.602740 0.749511
male.bmp
  2 17.468359 -0.484824 -0.730807 -0.705853 0.658847 0.260178 0.592955 0.729941
  2 17.455213 -0.494541 -0.769958 -0.800894 0.335625 -0.495908 0.589041 0.729941
  2 17.499077 -0.815832 -0.584897 -0.825674 0.263194 0.498991 0.602740 0.749511
male.bmp
  2 17.499077 -0.815832 -0.584897 -0.825674 0.263194 0.498991 0.602740 0.749511
  2 17.455213 -0.494541 -0.769958 -0.800894 0.335625 -0.495908 0.589041 0.729941
  2 17.486656 -0.845612 -0.614203 -0.876732 -0.307618 -0.369745 0.600783 0.753425
male.bmp
  2 17.455213 -0.494541 -0.769958 -0.800894 0.335625 -0.495908 0.589041 0.729941
  2 17.535653 -0.865677 -0.628230 -0.039777 -0.540006 -0.840720 0.596869 0.755382
  2 17.486656 -0.845612 -0.614203 -0.876732 -0.307618 -0.369745 0.600783 0.753425
male.bmp
  2 17.486656 -0.845612 -0.614203 -0.876732 -0.307618 -0.369745 0.600783 0.753425
  2 17.535653 -0.865677 -0.628230 -0.039777 -0.540006 -0.840720 0.596869 0.755382
  2 17.515394 -1.137240 -0.367571 -0.872024 -0.374501 -0.315156 0.616438 0.771037
male.bmp
  2 17.535653 -0.865677 -0.628230 -0.039777 -0.540006 -0.840720 0.596869 0.755382
  2 17.565178 -1.157368 -0.371628 -0.026853 -0.728413 -0.684612 0.614481 0.774951
  2 17.515394 -1.137240 -0.367571 -0.872024 -0.374501 -0.315156 0.616438 0.771037
male.bmp
  2 17.515394 -1.137240 -0.367571 -0.872024 -0.374501 -0.315156 0.616438 0.771037
  2 17.565178 -1.157368 -0.371628 -0.026853 -0.728413 -0.684612 0.614481 0.774951
  2 17.522962 -1.318688 -0.138618 -0.855245 -0.469240 -0.219932 0.632094 0.778865
male.bmp
  2 17.565178 -1.157368 -0.371628 -0.026853 -0.728413 -0.684612 0.614481 0.774951
  2 17.572745 -1.338817 -0.142676 -0.029564 -0.896321 -0.442420 0.632094 0.782779
  2 17.522962 -1.318688 -0.138618 -0.855245 -0.469240 -0.219932 0.632094 0.778865
male.bmp
  2 17.522962 -1.318688 -0.138618 -0.855245 -0.469240 -0.219932 0.632094 0.778865
  2 17.572745 -1.338817 -0.142676 -0.029564 -0.896321 -0.442420 0.632094 0.782779
  2 17.528702 -1.410757 0.191367 -0.834870 -0.549327 0.035097 0.651663 0.782779
male.bmp
  2 17.572745 -1.338817 -0.142676 -0.029564 -0.896321 -0.442420 0.632094 0.782779
  2 17.578485 -1.430886 0.187309 0.003871 -0.999660 -0.025792 0.653620 0.786693
  2 17.528702 -1.410757 0.191367 -0.834870 -0.549327 0.035097 0.651663 0.782779
male.bmp
  2 17.528702 -1.410757 0.191367 -0.834870 -0.549327 0.035097 0.651663 0.782779
  2 17.578485 -1.430886 0.187309 0.003871 -0.999660 -0.025792 0.653620 0.786693
  2 17.556916 -1.362264 0.420173 -0.813679 -0.498899 0.298373 0.663405 0.782779
male.bmp
  2 17.578485 -1.430886 0.187309 0.003871 -0.999660 -0.025792 0.653620 0.786693
  2 17.607486 -1.382457 0.426084 0.052209 -0.924493 0.377606 0.665362 0.786693
  2 17.556916 -1.362264 0.420173 -0.813679 -0.498899 0.298373 0.663405 0.782779
male.bmp
  2 17.556916 -1.362264 0.420173 -0.813679 -0.498899 0.298373 0.663405 0.782779
  2 17.607486 -1.382457 0.426084 0.052209 -0.924493 0.377606 0.665362 0.786693
  2 17.594870 -1.045294 0.890694 -0.758051 -0.303778 0.577129 0.694716 0.763209
male.bmp
  2 17.607486 -1.382457 0.426084 0.052209 -0.924493 0.377606 0.665362 0.786693
  2 17.645440 -1.065488 0.896605 0.080897 -0.577226 0.812567 0.698630 0.767123
  2 17.594870 -1.045294 0.890694 -0.758051 -0.303778 0.577129 0.694716 0.763209
male.bmp
  2 17.594870 -1.045294 0.890694 -0.758051 -0.303778 0.577129 0.694716 0.763209
  2 17.645440 -1.065488 0.896605 0.080897 -0.577226 0.812567 0.698630 0.767123
  2 17.590075 -0.216291 1.056922 -0.803597 0.006319 0.595140 0.704501 0.710372
male.bmp
  2 17.645440 -1.065488 0.896605 0.080897 -0.577226 0.812567 0.698630 0.767123
  2 17.641462 -0.226549 1.072864 0.051370 0.016895 0.998537 0.708415 0.710372
  2 17.590075 -0.216291 1.056922 -0.803597 0.006319 0.595140 0.704501 0.710372
male.bmp
  2 17.460504 1.053802 -0.499573 -0.183419 0.878790 -0.440551 0.039139 0.947162
  2 17.868358 0.853558 -0.663451 -0.623579 0.530642 -0.574080 0.060665 0.890411
  2 17.445883 0.904963 -0.679943 -0.175347 0.649802 -0.739602 0.054795 0.947162
male.bmp
  2 17.445883 0.904963 -0.679943 -0.175347 0.649802 -0.739602 0.054795 0.947162
  2 17.868358 0.853558 -0.663451 -0.623579 0.530642 -0.574080 0.060665 0.890411
  2 17.454856 0.665753 -0.812600 -0.166803 0.346740 -0.923010 0.078278 0.947162
male.bmp
  2 17.868358 0.853558 -0.663451 -0.623579 0.530642 -0.574080 0.060665 0.890411
  2 17.858242 0.634334 -0.784443 -0.703247 0.248849 -0.665971 0.084149 0.890411
  2 17.454856 0.665753 -0.812600 -0.166803 0.346740 -0.923010 0.078278 0.947162
male.bmp
  2 17.454856 0.665753 -0.812600 -0.166803 0.346740 -0.923010 0.078278 0.947162
  2 17.858242 0.634334 -0.784443 -0.703247 0.248849 -0.665971 0.084149 0.890411
  2 17.470091 0.416029 -0.865571 -0.141139 0.058429 -0.988264 0.101761 0.945205
male.bmp
  2 17.858242 0.634334 -0.784443 -0.703247 0.248849 -0.665971 0.084149 0.890411
  2 17.864356 0.404571 -0.826532 -0.741762 0.014516 -0.670506 0.105675 0.890411
  2 17.470091 0.416029 -0.865571 -0.141139 0.058429 -0.988264 0.101761 0.945205
male.bmp
  2 17.470091 0.416029 -0.865571 -0.141139 0.058429 -0.988264 0.101761 0.945205
  2 17.864356 0.404571 -0.826532 -0.741762 0.014516 -0.670506 0.105675 0.890411
  2 17.860696 -0.356093 -0.720807 -0.795600 -0.132539 -0.591147 0.197652 0.894325
male.bmp
  2 17.864356 0.404571 -0.826532 -0.741762 0.014516 -0.670506 0.105675 0.890411
  2 17.856640 -0.395770 -0.770900 -0.773226 -0.161737 -0.613158 0.201566 0.890411
  2 17.860696 -0.356093 -0.720807 -0.795600 -0.132539 -0.591147 0.197652 0.894325
male.bmp
  2 17.860696 -0.356093 -0.720807 -0.795600 -0.132539 -0.591147 0.197652 0.894325
  2 17.856640 -0.395770 -0.770900 -0.773226 -0.161737 -0.613158 0.201566 0.890411
  2 17.872109 -0.737112 -0.563665 -0.623860 -0.416189 -0.661503 0.238748 0.892368
male.bmp
  2 17.856640 -0.395770 -0.770900 -0.773226 -0.161737 -0.613158 0.201566 0.890411
  2 17.868870 -0.766854 -0.603727 -0.754317 -0.363413 -0.546752 0.242661 0.888454
  2 17.872109 -0.737112 -0.563665 -0.623860 -0.416189 -0.661503 0.238748 0.892368
male.bmp
  2 17.872109 -0.737112 -0.563665 -0.623860 -0.416189 -0.661503 0.238748 0.892368
  2 17.868870 -0.766854 -0.603727 -0.754317 -0.363413 -0.546752 0.242661 0.888454
  2 17.890786 -1.058713 -0.316432 -0.567798 -0.609827 -0.552917 0.279843 0.892368
male.bmp
  2 17.868870 -0.766854 -0.603727 -0.754317 -0.363413 -0.546752 0.242661 0.888454
  2 17.897517 -1.088480 -0.357280 -0.731802 -0.509601 -0.452518 0.283757 0.888454
  2 17.890786 -1.058713 -0.316432 -0.567798 -0.609827 -0.552917 0.279843 0.892368
male.bmp
  2 17.890786 -1.058713 -0.316432 -0.567798 -0.609827 -0.552917 0.279843 0.892368
  2 17.897517 -1.088480 -0.357280 -0.731802 -0.509601 -0.452518 0.283757 0.888454
  2 17.913510 -1.259827 -0.148991 -0.684952 -0.672771 -0.279677 0.303327 0.886497
male.bmp
  2 17.897517 -1.088480 -0.357280 -0.731802 -0.509601 -0.452518 0.283757 0.888454
  2 18.267612 -1.280371 -0.237250 0.519100 -0.738943 -0.429533 0.305284 0.841487
  2 17.913510 -1.259827 -0.148991 -0.684952 -0.672771 -0.279677 0.303327 0.886497
male.bmp
  2 17.913510 -1.259827 -0.148991 -0.684952 -0.672771 -0.279677 0.303327 0.886497
  2 18.267612 -1.280371 -0.237250 0.519100 -0.738943 -0.429533 0.305284 0.841487
  2 18.300961 -1.352325 0.060593 0.603989 -0.791678 -0.091881 0.326810 0.839530
male.bmp
  2 18.267612 -1.280371 -0.237250 0.519100 -0.738943 -0.429533 0.305284 0.841487
  2 18.311238 -1.252353 0.060427 0.619680 -0.784784 -0.010515 0.324853 0.831703
  2 18.300961 -1.352325 0.060593 0.603989 -0.791678 -0.091881 0.326810 0.839530
male.bmp
  2 18.300961 -1.352325 0.060593 0.603989 -0.791678 -0.091881 0.326810 0.839530
  2 18.311238 -1.252353 0.060427 0.619680 -0.784784 -0.010515 0.324853 0.831703
  2 18.326846 -1.293638 0.259555 0.707699 -0.673425 0.213684 0.340509 0.839530
male.bmp
  2 18.311238 -1.252353 0.060427 0.619680 -0.784784 -0.010515 0.324853 0.831703
  2 18.337154 -1.183667 0.259452 0.652455 -0.698152 0.294766 0.338552 0.829746
  2 18.326846 -1.293638 0.259555 0.707699 -0.673425 0.213684 0.340509 0.839530
male.bmp
  32 -18.987935 -1.904736 -0.266160 0.737539 -0.513077 -0.439076 0.947162 0.011742
  32 -18.674573 -1.409609 -0.098074 0.707160 -0.676432 -0.205825 0.966732 0.058708
  32 -18.994071 -1.911910 -0.115791 0.823420 -0.566976 -0.022751 0.941292 0.017613
male.bmp
  32 -18.994071 -1.911910 -0.115791 0.823420 -0.566976 -0.022751 0.941292 0.017613
  32 -18.674573 -1.409609 -0.098074 0.707160 -0.676432 -0.205825 0.966732 0.058708
  32 -19.009180 -1.947920 0.014880 0.802722 -0.594367 0.048628 0.933464 0.021526
male.bmp
  32 -18.674573 -1.409609 -0.098074 0.707160 -0.676432 -0.205825 0.966732 0.058708
  32 -18.651091 -1.403184 0.171198 0.649069 -0.733285 0.202493 0.958904 0.068493
  32 -19.009180 -1.947920 0.014880 0.802722 -0.594367 0.048628 0.933464 0.021526
male.bmp
  32 -19.009180 -1.947920 0.014880 0.802722 -0.594367 0.048628 0.933464 0.021526
  32 -18.651091 -1.403184 0.171198 0.649069 -0.733285 0.202493 0.958904 0.068493
  32 -19.013656 -1.913899 0.175263 0.724968 -0.556514 0.405849 0.925636 0.025440
male.bmp
  32 -18.651091 -1.403184 0.171198 0.649069 -0.733285 0.202493 0.958904 0.068493
  32 -18.652245 -1.286775 0.351608 0.438339 -0.643906 0.627092 0.953033 0.074364
  32 -19.013656 -1.913899 0.175263 0.724968 -0.556514 0.405849 0.925636 0.025440
male.bmp
  32 -19.013656 -1.913899 0.175263 0.724968 -0.556514 0.405849 0.925636 0.025440
  32 -18.652245 -1.286775 0.351608 0.438339 -0.643906 0.627092 0.953033 0.074364
  32 -19.104271 -1.384867 0.650356 0.391816 -0.400174 0.828457 0.908023 0.060665
male.bmp
  32 -18.652245 -1.286775 0.351608 0.438339 -0.643906 0.627092 0.953033 0.074364
  19 -18.903149 -0.847908 0.657848 0.029562 -0.330400 0.943378 0.927593 0.119374
  32 -19.104271 -1.384867 0.650356 0.391816 -0.400174 0.828457 0.908023 0.060665
male.bmp
  32 -19.104271 -1.384867 0.650356 0.391816 -0.400174 0.828457 0.908023 0.060665
  19 -18.903149 -0.847908 0.657848 0.029562 -0.330400 0.943378 0.927593 0.119374
  32 -19.731568 -1.487259 0.766178 0.064537 -0.220679 0.973209 0.849315 0.046967
male.bmp
  19 -18.903149 -0.847908 0.657848 0.029562 -0.330400 0.943378 0.927593 0.119374
  19 -19.867581 -0.776712 0.657035 -0.056458 -0.155889 0.986160 0.839530 0.119374
  32 -19.731568 -1.487259 0.766178 0.064537 -0.220679 0.973209 0.849315 0.046967
male.bmp
  32 -19.731568 -1.487259 0.766178 0.064537 -0.220679 0.973209 0.849315 0.046967
  19 -19.867581 -0.776712 0.657035 -0.056458 -0.155889 0.986160 0.839530 0.119374
  32 -20.130962 -1.530947 0.712550 -0.300104 -0.381590 0.874258 0.814090 0.041096
male.bmp
  19 -19.867581 -0.776712 0.657035 -0.056458 -0.155889 0.986160 0.839530 0.119374
  19 -20.456280 -1.103187 0.554329 -0.100616 -0.363495 0.926147 0.788650 0.088063
  32 -20.130962 -1.530947 0.712550 -0.300104 -0.381590 0.874258 0.814090 0.041096
male.bmp
  32 -20.130962 -1.530947 0.712550 -0.300104 -0.381590 0.874258 0.814090 0.041096
  19 -20.456280 -1.103187 0.554329 -0.100616 -0.363495 0.926147 0.788650 0.088063
  26 -20.810448 -1.381647 0.080561 -0.302718 -0.864364 0.401543 0.763209 0.060665
male.bmp
  19 -20.456280 -1.103187 0.554329 -0.100616 -0.363495 0.926147 0.788650 0.088063
  19 -21.045409 -1.058403 0.510503 -0.100114 -0.531117 0.841363 0.733855 0.088063
  26 -20.810448 -1.381647 0.080561 -0.302718 -0.864364 0.401543 0.763209 0.060665
male.bmp
  26 -20.810448 -1.381647 0.080561 -0.302718 -0.864364 0.401543 0.763209 0.060665
  19 -21.045409 -1.058403 0.510503 -0.100114 -0.531117 0.841363 0.733855 0.088063
  26 -21.165284 -1.294585 0.042979 -0.070803 -0.967314 0.243495 0.722114 0.064579
male.bmp
  19 -21.045409 -1.058403 0.510503 -0.100114 -0.531117 0.841363 0.733855 0.088063
  26 -22.122002 -1.407481 0.049576 -0.292992 -0.932994 0.208992 0.636008 0.048924
  26 -21.165284 -1.294585 0.042979 -0.070803 -0.967314 0.243495 0.722114 0.064579
male.bmp
  26 -21.165284 -1.294585 0.042979 -0.070803 -0.967314 0.243495 0.722114 0.064579
  26 -22.122002 -1.407481 0.049576 -0.292992 -0.932994 0.208992 0.636008 0.048924
  26 -22.065682 -1.344496 -0.269738 -0.179394 -0.773323 -0.608103 0.643836 0.029354
male.bmp
  26 -22.122002 -1.407481 0.049576 -0.292992 -0.932994 0.208992 0.636008 0.048924
  26 -22.121194 -1.321609 -0.243384 -0.498273 -0.649888 -0.573907 0.637965 0.029354
  26 -22.065682 -1.344496 -0.269738 -0.179394 -0.773323 -0.608103 0.643836 0.029354
male.bmp
  19 -18.337943 -1.210314 0.243992 -0.649637 -0.694025 0.310324 0.338552 0.829746
  19 -18.317449 -1.279883 0.054676 -0.624183 -0.781265 0.004520 0.324853 0.831703
  19 -18.328270 -1.320342 0.244270 -0.706536 -0.669099 0.230463 0.340509 0.839530
male.bmp
  19 -18.328270 -1.320342 0.244270 -0.706536 -0.669099 0.230463 0.340509 0.839530
  19 -18.317449 -1.279883 0.054676 -0.624183 -0.781265 0.004520 0.324853 0.831703
  19 -18.306621 -1.379863 0.035013 -0.610355 -0.788361 -0.077166 0.326810 0.839530
male.bmp
  19 -18.317449 -1.279883 0.054676 -0.624183 -0.781265 0.004520 0.324853 0.831703
  19 -18.280632 -1.299215 -0.243771 -0.532734 -0.736578 -0.416710 0.305284 0.841487
  19 -18.306621 -1.379863 0.035013 -0.610355 -0.788361 -0.077166 0.326810 0.839530
male.bmp
  19 -18.306621 -1.379863 0.035013 -0.610355 -0.788361 -0.077166 0.326810 0.839530
  19 -18.280632 -1.299215 -0.243771 -0.532734 -0.736578 -0.416710 0.305284 0.841487
  19 -17.923995 -1.290404 -0.173540 0.674713 -0.677040 -0.293902 0.303327 0.886497
male.bmp
  19 -18.280632 -1.299215 -0.243771 -0.532734 -0.736578 -0.416710 0.305284 0.841487
  19 -17.912244 -1.119921 -0.372782 0.718613 -0.514372 -0.467992 0.283757 0.888454
  19 -17.923995 -1.290404 -0.173540 0.674713 -0.677040 -0.293902 0.303327 0.886497
male.bmp
  19 -17.923995 -1.290404 -0.173540 0.674713 -0.677040 -0.293902 0.303327 0.886497
  19 -17.912244 -1.119921 -0.372782 0.718613 -0.514372 -0.467992 0.283757 0.888454
  19 -17.904401 -1.080048 -0.332178 0.551841 -0.613804 -0.564549 0.279843 0.892368
male.bmp
  19 -17.912244 -1.119921 -0.372782 0.718613 -0.514372 -0.467992 0.283757 0.888454
  19 -17.886703 -0.799322 -0.630977 0.739835 -0.368448 -0.562930 0.242661 0.888454
  19 -17.904401 -1.080048 -0.332178 0.551841 -0.613804 -0.564549 0.279843 0.892368
male.bmp
  19 -17.904401 -1.080048 -0.332178 0.551841 -0.613804 -0.564549 0.279843 0.892368
  19 -17.886703 -0.799322 -0.630977 0.739835 -0.368448 -0.562930 0.242661 0.888454
  19 -17.888872 -0.769420 -0.590963 0.606546 -0.420642 -0.674657 0.238748 0.892368
male.bmp
  19 -17.886703 -0.799322 -0.630977 0.739835 -0.368448 -0.562930 0.242661 0.888454
  19 -17.876612 -0.418937 -0.789738 0.758398 -0.166972 -0.630042 0.201566 0.890411
  19 -17.888872 -0.769420 -0.590963 0.606546 -0.420642 -0.674657 0.238748 0.892368
male.bmp
  19 -17.888872 -0.769420 -0.590963 0.606546 -0.420642 -0.674657 0.238748 0.892368
  19 -17.876612 -0.418937 -0.789738 0.758398 -0.166972 -0.630042 0.201566 0.890411
  19 -17.878782 -0.389035 -0.749725 0.781423 -0.137872 -0.608580 0.197652 0.894325
male.bmp
  19 -17.876612 -0.418937 -0.789738 0.758398 -0.166972 -0.630042 0.201566 0.890411
  19 -17.870999 0.371202 -0.847600 0.726655 0.009375 -0.686938 0.105675 0.890411
  19 -17.878782 -0.389035 -0.749725 0.781423 -0.137872 -0.608580 0.197652 0.894325
male.bmp
  19 -17.878782 -0.389035 -0.749725 0.781423 -0.137872 -0.608580 0.197652 0.894325
  19 -17.870999 0.371202 -0.847600 0.726655 0.009375 -0.686938 0.105675 0.890411
  19 -17.487632 0.380244 -0.896051 0.119337 0.056262 -0.991258 0.101761 0.945205
male.bmp
  19 -17.870999 0.371202 -0.847600 0.726655 0.009375 -0.686938 0.105675 0.890411
  19 -17.872011 0.611128 -0.817027 0.689577 0.243931 -0.681896 0.084149 0.890411
  19 -17.487632 0.380244 -0.896051 0.119337 0.056262 -0.991258 0.101761 0.945205
male.bmp
  19 -17.487632 0.380244 -0.896051 0.119337 0.056262 -0.991258 0.101761 0.945205
  19 -17.872011 0.611128 -0.817027 0.689577 0.243931 -0.681896 0.084149 0.890411
  19 -17.469183 0.640086 -0.854314 0.148082 0.344514 -0.927028 0.078278 0.947162
male.bmp
  19 -17.872011 0.611128 -0.817027 0.689577 0.243931 -0.681896 0.084149 0.890411
  19 -17.878744 0.820811 -0.686690 0.613576 0.526299 -0.588672 0.060665 0.890411
  19 -17.469183 0.640086 -0.854314 0.148082 0.344514 -0.927028 0.078278 0.947162
male.bmp
  19 -17.469183 0.640086 -0.854314 0.148082 0.344514 -0.927028 0.078278 0.947162
  19 -17.878744 0.820811 -0.686690 0.613576 0.526299 -0.588672 0.060665 0.890411
  19 -17.456453 0.869686 -0.712815 0.162435 0.647775 -0.744314 0.054795 0.947162
male.bmp
  19 -17.878744 0.820811 -0.686690 0.613576 0.526299 -0.588672 0.060665 0.890411
  19 -17.466174 1.019248 -0.532714 0.178489 0.877124 -0.445864 0.039139 0.947162
  19 -17.456453 0.869686 -0.712815 0.162435 0.647775 -0.744314 0.054795 0.947162
male.bmp
  19 -17.619269 -0.254419 1.048088 -0.028933 0.018565 0.999409 0.708415 0.710372
  19 -17.631467 -1.093916 0.865074 -0.065972 -0.575634 0.815042 0.698630 0.767123
  19 -17.568193 -0.244518 1.030963 0.816727 0.002576 0.577019 0.704501 0.710372
male.bmp
  19 -17.568193 -0.244518 1.030963 0.816727 0.002576 0.577019 0.704501 0.710372
  19 -17.631467 -1.093916 0.865074 -0.065972 -0.575634 0.815042 0.698630 0.767123
  19 -17.580927 -1.074041 0.857960 0.769038 -0.307281 0.560498 0.694716 0.763209
male.bmp
  19 -17.631467 -1.093916 0.865074 -0.065972 -0.575634 0.815042 0.698630 0.767123
  19 -17.605886 -1.412775 0.394995 -0.048977 -0.923660 0.380071 0.665362 0.786693
  19 -17.580927 -1.074041 0.857960 0.769038 -0.307281 0.560498 0.694716 0.763209
male.bmp
  19 -17.580927 -1.074041 0.857960 0.769038 -0.307281 0.560498 0.694716 0.763209
  19 -17.605886 -1.412775 0.394995 -0.048977 -0.923660 0.380071 0.665362 0.786693
  19 -17.555909 -1.392923 0.397863 0.817321 -0.503093 0.280863 0.663405 0.782779
male.bmp
  19 -17.605886 -1.412775 0.394995 -0.048977 -0.923660 0.380071 0.665362 0.786693
  19 -17.582518 -1.462223 0.155811 -0.010090 -0.999656 -0.024193 0.653620 0.786693
  19 -17.555909 -1.392923 0.397863 0.817321 -0.503093 0.280863 0.663405 0.782779
male.bmp
  19 -17.555909 -1.392923 0.397863 0.817321 -0.503093 0.280863 0.663405 0.782779
  19 -17.582518 -1.462223 0.155811 -0.010090 -0.999656 -0.024193 0.653620 0.786693
  19 -17.532541 -1.442371 0.158680 0.832330 -0.554012 0.017258 0.651663 0.782779
male.bmp
  19 -17.582518 -1.462223 0.155811 -0.010090 -0.999656 -0.024193 0.653620 0.786693
  19 -17.583635 -1.371364 -0.174558 0.014606 -0.897084 -0.441618 0.632094 0.782779
  19 -17.532541 -1.442371 0.158680 0.832330 -0.554012 0.017258 0.651663 0.782779
male.bmp
  19 -17.532541 -1.442371 0.158680 0.832330 -0.554012 0.017258 0.651663 0.782779
  19 -17.583635 -1.371364 -0.174558 0.014606 -0.897084 -0.441618 0.632094 0.782779
  19 -17.534222 -1.351537 -0.161705 0.847452 -0.474391 -0.238282 0.632094 0.778865
male.bmp
  19 -17.583635 -1.371364 -0.174558 0.014606 -0.897084 -0.441618 0.632094 0.782779
  19 -17.580149 -1.190778 -0.404289 0.007423 -0.729498 -0.683942 0.614481 0.774951
  19 -17.534222 -1.351537 -0.161705 0.847452 -0.474391 -0.238282 0.632094 0.778865
male.bmp
  19 -17.534222 -1.351537 -0.161705 0.847452 -0.474391 -0.238282 0.632094 0.778865
  19 -17.580149 -1.190778 -0.404289 0.007423 -0.729498 -0.683942 0.614481 0.774951
  19 -17.530736 -1.170951 -0.391436 0.862630 -0.379886 -0.334001 0.616438 0.771037
male.bmp
  19 -17.580149 -1.190778 -0.404289 0.007423 -0.729498 -0.683942 0.614481 0.774951
  19 -17.544681 -0.890209 -0.661972 0.017921 -0.541384 -0.840585 0.596869 0.755382
  19 -17.530736 -1.170951 -0.391436 0.862630 -0.379886 -0.334001 0.616438 0.771037
male.bmp
  19 -17.530736 -1.170951 -0.391436 0.862630 -0.379886 -0.334001 0.616438 0.771037
  19 -17.544681 -0.890209 -0.661972 0.017921 -0.541384 -0.840585 0.596869 0.755382
  19 -17.505280 -0.880352 -0.649708 0.866495 -0.313103 -0.388784 0.600783 0.753425
male.bmp
  19 -17.544681 -0.890209 -0.661972 0.017921 -0.541384 -0.840585 0.596869 0.755382
  19 -17.475870 -0.530051 -0.797437 0.791488 0.330385 -0.514191 0.589041 0.729941
  19 -17.505280 -0.880352 -0.649708 0.866495 -0.313103 -0.388784 0.600783 0.753425
male.bmp
  19 -17.505280 -0.880352 -0.649708 0.866495 -0.313103 -0.388784 0.600783 0.753425
  19 -17.475870 -0.530051 -0.797437 0.791488 0.330385 -0.514191 0.589041 0.729941
  19 -17.507421 -0.840450 -0.609669 0.838096 0.259190 0.480016 0.602740 0.749511
male.bmp
  19 -17.475870 -0.530051 -0.797437 0.791488 0.330385 -0.514191 0.589041 0.729941
  19 -17.488052 -0.510119 -0.758013 0.715203 0.655186 0.243344 0.592955 0.729941
  19 -17.507421 -0.840450 -0.609669 0.838096 0.259190 0.480016 0.602740 0.749511
male.bmp
  19 -17.507421 -0.840450 -0.609669 0.838096 0.259190 0.480016 0.602740 0.749511
  19 -17.488052 -0.510119 -0.758013 0.715203 0.655186 0.243344 0.592955 0.729941
  19 -17.762770 -0.679976 -0.513516 0.515605 0.452363 0.727681 0.608611 0.739726
male.bmp
  19 -17.488052 -0.510119 -0.758013 0.715203 0.655186 0.243344 0.592955 0.729941
  19 -17.823837 -0.349431 -0.656384 0.763784 0.067232 0.641961 0.598826 0.720157
  19 -17.762770 -0.679976 -0.513516 0.515605 0.452363 0.727681 0.608611 0.739726
male.bmp
  9 22.198465 -1.014130 -0.361620 0.627749 -0.094654 -0.772640 0.551859 0.684932
  9 22.164173 -0.981674 -0.404872 0.314879 0.164331 -0.934798 0.553816 0.681018
  9 22.321859 -0.772197 -0.122996 0.882752 0.251395 -0.396926 0.534247 0.669276
male.bmp
  9 22.321859 -0.772197 -0.122996 0.882752 0.251395 -0.396926 0.534247 0.669276
  9 22.164173 -0.981674 -0.404872 0.314879 0.164331 -0.934798 0.553816 0.681018
  9 22.313031 -0.717102 -0.109334 0.636777 0.717821 -0.281509 0.532290 0.663405
male.bmp
  9 22.164173 -0.981674 -0.404872 0.314879 0.164331 -0.934798 0.553816 0.681018
  9 21.385440 -0.895853 -0.361172 0.178328 0.198239 -0.963795 0.614481 0.647750
  9 22.313031 -0.717102 -0.109334 0.636777 0.717821 -0.281509 0.532290 0.663405
male.bmp
  9 22.313031 -0.717102 -0.109334 0.636777 0.717821 -0.281509 0.532290 0.663405
  9 21.385440 -0.895853 -0.361172 0.178328 0.198239 -0.963795 0.614481 0.647750
  6 21.160520 -0.390479 0.251851 0.604660 -0.053834 0.794662 0.592955 0.626223
male.bmp
  9 21.385440 -0.895853 -0.361172 0.178328 0.198239 -0.963795 0.614481 0.647750
  6 21.331751 -0.623269 -0.274827 0.809585 -0.215985 -0.545823 0.612524 0.624266
  6 21.160520 -0.390479 0.251851 0.604660 -0.053834 0.794662 0.592955 0.626223
male.bmp
  6 21.160520 -0.390479 0.251851 0.604660 -0.053834 0.794662 0.592955 0.626223
  6 21.331751 -0.623269 -0.274827 0.809585 -0.215985 -0.545823 0.612524 0.624266
  6 21.537190 -0.419336 -0.301401 0.242025 -0.745921 -0.620504 0.589041 0.614481
male.bmp
  6 21.331751 -0.623269 -0.274827 0.809585 -0.215985 -0.545823 0.612524 0.624266
  2 20.869171 -0.560238 -0.394367 0.146470 -0.160349 -0.976133 0.643836 0.606654
  6 21.537190 -0.419336 -0.301401 0.242025 -0.745921 -0.620504 0.589041 0.614481
male.bmp
  6 21.537190 -0.419336 -0.301401 0.242025 -0.745921 -0.620504 0.589041 0.614481
  2 20.869171 -0.560238 -0.394367 0.146470 -0.160349 -0.976133 0.643836 0.606654
  2 20.867046 0.084837 -0.539534 0.133585 -0.231032 -0.963732 0.622309 0.551859
male.bmp
  2 20.869171 -0.560238 -0.394367 0.146470 -0.160349 -0.976133 0.643836 0.606654
  2 19.833504 -0.033456 -0.588517 0.252166 -0.219947 -0.942356 0.710372 0.528376
  2 20.867046 0.084837 -0.539534 0.133585 -0.231032 -0.963732 0.622309 0.551859
male.bmp
  2 20.867046 0.084837 -0.539534 0.133585 -0.231032 -0.963732 0.622309 0.551859
  2 19.833504 -0.033456 -0.588517 0.252166 -0.219947 -0.942356 0.710372 0.528376
  2 20.590489 0.684032 -0.797765 0.188575 -0.232567 -0.954124 0.622309 0.495108
male.bmp
  2 19.833504 -0.033456 -0.588517 0.252166 -0.219947 -0.942356 0.710372 0.528376
  2 19.619352 0.299211 -0.870600 0.208419 -0.361928 -0.908609 0.714286 0.495108
  2 20.590489 0.684032 -0.797765 0.188575 -0.232567 -0.954124 0.622309 0.495108
male.bmp
  2 20.590489 0.684032 -0.797765 0.188575 -0.232567 -0.954124 0.622309 0.495108
  2 19.619352 0.299211 -0.870600 0.208419 -0.361928 -0.908609 0.714286 0.495108
  2 19.360701 0.761142 -1.028142 -0.020804 0.113616 -0.993307 0.720157 0.448141
male.bmp
  2 19.619352 0.299211 -0.870600 0.208419 -0.361928 -0.908609 0.714286 0.495108
  2 19.059809 0.701318 -1.008520 -0.133441 0.172368 -0.975952 0.747554 0.444227
  2 19.360701 0.761142 -1.028142 -0.020804 0.113616 -0.993307 0.720157 0.448141
male.bmp
  2 19.360701 0.761142 -1.028142 -0.020804 0.113616 -0.993307 0.720157 0.448141
  2 19.059809 0.701318 -1.008520 -0.133441 0.172368 -0.975952 0.747554 0.444227
  2 19.164477 1.135898 -0.769386 -0.253553 0.674796 -0.693081 0.726027 0.407045
male.bmp
  2 19.059809 0.701318 -1.008520 -0.133441 0.172368 -0.975952 0.747554 0.444227
  2 18.538208 0.617568 -0.883942 -0.250720 0.258642 -0.932869 0.794521 0.432485
  2 19.164477 1.135898 -0.769386 -0.253553 0.674796 -0.693081 0.726027 0.407045
male.bmp
  2 17.478779 1.112322 -0.269917 -0.173010 0.984765 -0.017483 0.585127 0.315068
  2 17.546264 0.968350 0.335737 -0.047524 0.887967 0.457446 0.577299 0.275930
  2 17.897321 1.061236 -0.303270 -0.582398 0.810048 0.068075 0.526419 0.317025
male.bmp
  2 17.897321 1.061236 -0.303270 -0.582398 0.810048 0.068075 0.526419 0.317025
  2 17.546264 0.968350 0.335737 -0.047524 0.887967 0.457446 0.577299 0.275930
  2 17.976195 0.867112 0.321226 -0.539958 0.671922 0.506918 0.522505 0.268102
male.bmp
  2 17.546264 0.968350 0.335737 -0.047524 0.887967 0.457446 0.577299 0.275930
  2 17.620218 0.454554 0.908402 0.070179 0.498502 0.864043 0.569472 0.223092
  2 17.976195 0.867112 0.321226 -0.539958 0.671922 0.506918 0.522505 0.268102
male.bmp
  2 17.976195 0.867112 0.321226 -0.539958 0.671922 0.506918 0.522505 0.268102
  2 17.620218 0.454554 0.908402 0.070179 0.498502 0.864043 0.569472 0.223092
  2 18.036901 0.394409 0.724669 -0.447952 0.392174 0.803454 0.514677 0.223092
male.bmp
  2 17.620218 0.454554 0.908402 0.070179 0.498502 0.864043 0.569472 0.223092
  2 17.641462 -0.226549 1.072864 0.051370 0.016895 0.998537 0.557730 0.150685
  2 18.036901 0.394409 0.724669 -0.447952 0.392174 0.803454 0.514677 0.223092
male.bmp
  2 18.036901 0.394409 0.724669 -0.447952 0.392174 0.803454 0.514677 0.223092
  2 17.641462 -0.226549 1.072864 0.051370 0.016895 0.998537 0.557730 0.150685
  2 18.049934 -0.226798 0.910226 -0.493810 0.047342 0.868280 0.506849 0.156556
male.bmp
  2 17.641462 -0.226549 1.072864 0.051370 0.016895 0.998537 0.557730 0.150685
  2 17.645440 -1.065488 0.896605 0.080897 -0.577226 0.812567 0.544031 0.062622
  2 18.049934 -0.226798 0.910226 -0.493810 0.047342 0.868280 0.506849 0.156556
male.bmp
  2 18.049934 -0.226798 0.910226 -0.493810 0.047342 0.868280 0.506849 0.156556
  2 17.645440 -1.065488 0.896605 0.080897 -0.577226 0.812567 0.544031 0.062622
  2 18.014375 -0.955636 0.737798 -0.487230 -0.461993 0.741059 0.495108 0.076321
male.bmp
  2 17.645440 -1.065488 0.896605 0.080897 -0.577226 0.812567 0.544031 0.062622
  2 17.973685 -1.223160 0.358094 -0.498530 -0.744808 0.443541 0.489237 0.037182
  2 18.014375 -0.955636 0.737798 -0.487230 -0.461993 0.741059 0.495108 0.076321
male.bmp
  2 18.014375 -0.955636 0.737798 -0.487230 -0.461993 0.741059 0.495108 0.076321
  2 17.973685 -1.223160 0.358094 -0.498530 -0.744808 0.443541 0.489237 0.037182
  2 18.038970 -0.976073 0.795913 -0.487230 -0.461993 0.741059 0.491194 0.076321
male.bmp
  2 17.973685 -1.223160 0.358094 -0.498530 -0.744808 0.443541 0.489237 0.037182
  2 17.982651 -1.293119 0.346904 -0.555142 -0.717587 0.420579 0.485323 0.029354
  2 18.038970 -0.976073 0.795913 -0.487230 -0.461993 0.741059 0.491194 0.076321
male.bmp
  2 18.038970 -0.976073 0.795913 -0.487230 -0.461993 0.741059 0.491194 0.076321
  2 17.982651 -1.293119 0.346904 -0.555142 -0.717587 0.420579 0.485323 0.029354
  2 18.387221 -0.936915 0.758657 0.696097 -0.417957 0.583748 0.452055 0.086106
male.bmp
  2 17.982651 -1.293119 0.346904 -0.555142 -0.717587 0.420579 0.485323 0.029354
  2 18.326846 -1.293638 0.259555 0.707699 -0.673425 0.213684 0.444227 0.035225
  2 18.387221 -0.936915 0.758657 0.696097 -0.417957 0.583748 0.452055 0.086106
male.bmp
  2 18.387221 -0.936915 0.758657 0.696097 -0.417957 0.583748 0.452055 0.086106
  2 18.326846 -1.293638 0.259555 0.707699 -0.673425 0.213684 0.444227 0.035225
  2 18.381052 -0.896401 0.679155 0.825010 -0.328917 0.459535 0.446184 0.086106
male.bmp
  2 18.326846 -1.293638 0.259555 0.707699 -0.673425 0.213684 0.444227 0.035225
  2 18.337154 -1.183667 0.259452 0.652455 -0.698152 0.294766 0.438356 0.037182
  2 18.381052 -0.896401 0.679155 0.825010 -0.328917 0.459535 0.446184 0.086106
male.bmp
  15 20.396027 -1.565574 0.045760 0.892715 -0.229269 -0.387937 0.422701 0.847358
  15 20.408919 -1.539053 0.366432 0.721470 -0.614509 0.319154 0.444227 0.835616
  16 20.394648 -1.925554 0.095245 0.995606 -0.026750 -0.089742 0.430528 0.874755
male.bmp
  16 20.394648 -1.925554 0.095245 0.995606 -0.026750 -0.089742 0.430528 0.874755
  15 20.408919 -1.539053 0.366432 0.721470 -0.614509 0.319154 0.444227 0.835616
  16 20.346144 -1.964236 0.383605 0.801158 -0.111992 0.587881 0.461840 0.866928
male.bmp
  15 20.408919 -1.539053 0.366432 0.721470 -0.614509 0.319154 0.444227 0.835616
  16 19.930469 -2.062591 0.612602 0.124955 -0.242907 0.961968 0.504892 0.874755
  16 20.346144 -1.964236 0.383605 0.801158 -0.111992 0.587881 0.461840 0.866928
male.bmp
  16 20.346144 -1.964236 0.383605 0.801158 -0.111992 0.587881 0.461840 0.866928
  16 19.930469 -2.062591 0.612602 0.124955 -0.242907 0.961968 0.504892 0.874755
  16 20.311234 -2.528808 0.333210 0.739582 -0.004483 0.673052 0.471624 0.921722
male.bmp
  16 19.930469 -2.062591 0.612602 0.124955 -0.242907 0.961968 0.504892 0.874755
  16 20.027121 -2.576106 0.536047 0.088808 -0.139355 0.986252 0.499022 0.925636
  16 20.311234 -2.528808 0.333210 0.739582 -0.004483 0.673052 0.471624 0.921722
male.bmp
  16 20.311234 -2.528808 0.333210 0.739582 -0.004483 0.673052 0.471624 0.921722
  16 20.027121 -2.576106 0.536047 0.088808 -0.139355 0.986252 0.499022 0.925636
  16 20.093159 -3.057065 0.449346 0.185281 -0.724317 0.664105 0.499022 0.974560
male.bmp
  16 20.027121 -2.576106 0.536047 0.088808 -0.139355 0.986252 0.499022 0.925636
  16 19.722411 -2.657177 0.347686 -0.584828 -0.326959 0.742344 0.534247 0.929550
  16 20.093159 -3.057065 0.449346 0.185281 -0.724317 0.664105 0.499022 0.974560
male.bmp
  16 20.093159 -3.057065 0.449346 0.185281 -0.724317 0.664105 0.499022 0.974560
  16 19.722411 -2.657177 0.347686 -0.584828 -0.326959 0.742344 0.534247 0.929550
  16 19.841960 -3.111689 0.302664 -0.619967 -0.355034 0.699708 0.524462 0.976517
male.bmp
  16 19.722411 -2.657177 0.347686 -0.584828 -0.326959 0.742344 0.534247 0.929550
  16 19.746538 -3.160128 0.129609 -0.516318 -0.813809 0.266702 0.542074 0.980431
  16 19.841960 -3.111689 0.302664 -0.619967 -0.355034 0.699708 0.524462 0.976517
male.bmp
  16 19.841960 -3.111689 0.302664 -0.619967 -0.355034 0.699708 0.524462 0.976517
  16 19.746538 -3.160128 0.129609 -0.516318 -0.813809 0.266702 0.542074 0.980431
  16 19.798393 -3.154201 0.080866 0.589380 -0.744738 0.313044 0.538160 0.988258
male.bmp
  16 19.746538 -3.160128 0.129609 -0.516318 -0.813809 0.266702 0.542074 0.980431
  16 19.785507 -3.209937 0.029607 -0.030455 -0.994154 -0.103586 0.547945 0.982387
  16 19.798393 -3.154201 0.080866 0.589380 -0.744738 0.313044 0.538160 0.988258
male.bmp
  16 19.798393 -3.154201 0.080866 0.589380 -0.744738 0.313044 0.538160 0.988258
  16 19.785507 -3.209937 0.029607 -0.030455 -0.994154 -0.103586 0.547945 0.982387
  16 19.816534 -3.168357 -0.039011 -0.295314 -0.930306 -0.217531 0.551859 0.984344
male.bmp
  16 19.785507 -3.209937 0.029607 -0.030455 -0.994154 -0.103586 0.547945 0.982387
  16 19.628423 -2.754860 -0.086277 -0.821829 -0.510763 -0.252422 0.573386 0.933464
  16 19.816534 -3.168357 -0.039011 -0.295314 -0.930306 -0.217531 0.551859 0.984344
male.bmp
  16 19.816534 -3.168357 -0.039011 -0.295314 -0.930306 -0.217531 0.551859 0.984344
  16 19.628423 -2.754860 -0.086277 -0.821829 -0.510763 -0.252422 0.573386 0.933464
  16 19.646110 -2.769356 -0.186162 -0.744839 -0.456843 -0.486322 0.581213 0.931507
male.bmp
  16 19.628423 -2.754860 -0.086277 -0.821829 -0.510763 -0.252422 0.573386 0.933464
  16 19.313226 -2.326996 -0.236221 -0.722153 -0.554813 -0.413132 0.604697 0.892368
  16 19.646110 -2.769356 -0.186162 -0.744839 -0.456843 -0.486322 0.581213 0.931507
male.bmp
  1 1.485483 -2.761805 0.045236 0.103213 -0.974735 -0.198088 0.056751 0.804305
  1 1.392269 -2.220727 -0.993921 0.041301 -0.613250 -0.788808 0.101761 0.804305
  1 5.197243 -1.708092 -1.190331 0.078439 -0.584271 -0.807759 0.095890 0.671233
male.bmp
  1 5.197243 -1.708092 -1.190331 0.078439 -0.584271 -0.807759 0.095890 0.671233
  1 1.392269 -2.220727 -0.993921 0.041301 -0.613250 -0.788808 0.101761 0.804305
  1 5.059900 -0.476320 -1.469031 -0.023871 0.202910 -0.978906 0.172211 0.669276
male.bmp
  1 1.392269 -2.220727 -0.993921 0.041301 -0.613250 -0.788808 0.101761 0.804305
  1 1.255050 -0.978957 -1.272623 -0.070504 0.181510 -0.980859 0.164384 0.802348
  1 5.059900 -0.476320 -1.469031 -0.023871 0.202910 -0.978906 0.172211 0.669276
male.bmp
  1 5.059900 -0.476320 -1.469031 -0.023871 0.202910 -0.978906 0.172211 0.669276
  1 1.255050 -0.978957 -1.272623 -0.070504 0.181510 -0.980859 0.164384 0.802348
  1 4.971923 0.654964 -0.638153 -0.106785 0.816055 -0.568023 0.228963 0.673190
male.bmp
  1 1.255050 -0.978957 -1.272623 -0.070504 0.181510 -0.980859 0.164384 0.802348
  1 1.164777 0.052335 -0.551728 -0.137580 0.800573 -0.583228 0.232877 0.806262
  1 4.971923 0.654964 -0.638153 -0.106785 0.816055 -0.568023 0.228963 0.673190
male.bmp
  1 4.971923 0.654964 -0.638153 -0.106785 0.816055 -0.568023 0.228963 0.673190
  1 1.164777 0.052335 -0.551728 -0.137580 0.800573 -0.583228 0.232877 0.806262
  1 4.957487 0.975315 0.572040 -0.125990 0.988866 0.079190 0.285714 0.675147
male.bmp
  1 1.164777 0.052335 -0.551728 -0.137580 0.800573 -0.583228 0.232877 0.806262
  1 1.159985 0.382560 0.608371 -0.125990 0.988866 0.079190 0.285714 0.808219
  1 4.957487 0.975315 0.572040 -0.125990 0.988866 0.079190 0.285714 0.675147
male.bmp
  1 4.957487 0.975315 0.572040 -0.125990 0.988866 0.079190 0.285714 0.675147
  1 1.159985 0.382560 0.608371 -0.125990 0.988866 0.079190 0.285714 0.808219
  1 5.031366 0.564476 1.511376 -0.067131 0.679946 0.730183 0.338552 0.677104
male.bmp
  1 1.159985 0.382560 0.608371 -0.125990 0.988866 0.079190 0.285714 0.808219
  1 1.223866 -0.028154 1.547803 -0.103201 0.653493 0.749865 0.334638 0.810176
  1 5.031366 0.564476 1.511376 -0.067131 0.679946 0.730183 0.338552 0.677104
male.bmp
  1 5.031366 0.564476 1.511376 -0.067131 0.679946 0.730183 0.338552 0.677104
  1 1.223866 -0.028154 1.547803 -0.103201 0.653493 0.749865 0.334638 0.810176
  1 5.142256 -0.466938 1.900335 0.012932 0.112741 0.993540 0.377691 0.677104
male.bmp
  1 1.223866 -0.028154 1.547803 -0.103201 0.653493 0.749865 0.334638 0.810176
  1 1.334796 -0.979574 1.836757 -0.025363 0.079279 0.996530 0.377691 0.810176
  1 5.142256 -0.466938 1.900335 0.012932 0.112741 0.993540 0.377691 0.677104
male.bmp
  1 5.142256 -0.466938 1.900335 0.012932 0.112741 0.993540 0.377691 0.677104
  1 1.334796 -0.979574 1.836757 -0.025363 0.079279 0.996530 0.377691 0.810176
  1 5.239639 -1.388237 1.779399 0.076113 -0.402769 0.912131 0.428571 0.677104
male.bmp
  1 1.334796 -0.979574 1.836757 -0.025363 0.079279 0.996530 0.377691 0.810176
  1 1.432177 -1.900873 1.715821 0.044231 -0.436053 0.898833 0.422701 0.810176
  1 5.239639 -1.388237 1.779399 0.076113 -0.402769 0.912131 0.428571 0.677104
male.bmp
  1 5.239639 -1.388237 1.779399 0.076113 -0.402769 0.912131 0.428571 0.677104
  1 1.432177 -1.900873 1.715821 0.044231 -0.436053 0.898833 0.422701 0.810176
  1 5.320853 -2.259416 0.948585 0.137581 -0.890861 0.432940 0.467710 0.679061
male.bmp
  1 1.432177 -1.900873 1.715821 0.044231 -0.436053 0.898833 0.422701 0.810176
  1 1.515718 -2.662060 0.984989 0.099382 -0.895747 0.433313 0.461840 0.812133
  1 5.320853 -2.259416 0.948585 0.137581 -0.890861 0.432940 0.467710 0.679061
male.bmp
  33 -19.315150 -2.368188 -0.229330 0.706749 -0.573351 -0.414458 0.604697 0.892368
  33 -19.642915 -2.780871 -0.085588 0.806341 -0.534960 -0.252255 0.573386 0.933464
  33 -19.660446 -2.796365 -0.185350 0.733441 -0.475209 -0.486046 0.581213 0.931507
male.bmp
  33 -19.660446 -2.796365 -0.185350 0.733441 -0.475209 -0.486046 0.581213 0.931507
  33 -19.642915 -2.780871 -0.085588 0.806341 -0.534960 -0.252255 0.573386 0.933464
  33 -19.847464 -3.183038 -0.045320 0.265551 -0.936741 -0.228032 0.551859 0.984344
male.bmp
  33 -19.642915 -2.780871 -0.085588 0.806341 -0.534960 -0.252255 0.573386 0.933464
  33 -19.816593 -3.232666 0.023120 -0.002381 -0.993084 -0.117381 0.547945 0.982387
  33 -19.847464 -3.183038 -0.045320 0.265551 -0.936741 -0.228032 0.551859 0.984344
male.bmp
  33 -19.847464 -3.183038 -0.045320 0.265551 -0.936741 -0.228032 0.551859 0.984344
  33 -19.816593 -3.232666 0.023120 -0.002381 -0.993084 -0.117381 0.547945 0.982387
  33 -19.831828 -3.177516 0.074367 -0.617290 -0.728455 0.297164 0.538160 0.988258
male.bmp
  33 -19.816593 -3.232666 0.023120 -0.002381 -0.993084 -0.117381 0.547945 0.982387
  33 -19.781955 -3.190576 0.122762 0.485813 -0.834570 0.259766 0.542074 0.980431
  33 -19.831828 -3.177516 0.074367 -0.617290 -0.728455 0.297164 0.538160 0.988258
male.bmp
  33 -19.831828 -3.177516 0.074367 -0.617290 -0.728455 0.297164 0.538160 0.988258
  33 -19.781955 -3.190576 0.122762 0.485813 -0.834570 0.259766 0.542074 0.980431
  34 -19.876361 -3.138167 0.301687 0.600902 -0.385642 0.700141 0.524462 0.976517
male.bmp
  33 -19.781955 -3.190576 0.122762 0.485813 -0.834570 0.259766 0.542074 0.980431
  33 -19.729353 -2.689472 0.348433 0.566338 -0.356977 0.742851 0.534247 0.929550
  34 -19.876361 -3.138167 0.301687 0.600902 -0.385642 0.700141 0.524462 0.976517
male.bmp
  34 -19.876361 -3.138167 0.301687 0.600902 -0.385642 0.700141 0.524462 0.976517
  33 -19.729353 -2.689472 0.348433 0.566338 -0.356977 0.742851 0.534247 0.929550
  33 -20.126361 -3.084153 0.444412 -0.216057 -0.726708 0.652086 0.499022 0.974560
male.bmp
  33 -19.729353 -2.689472 0.348433 0.566338 -0.356977 0.742851 0.534247 0.929550
  33 -20.050946 -2.598315 0.539139 -0.102804 -0.149895 0.983343 0.499022 0.925636
  33 -20.126361 -3.084153 0.444412 -0.216057 -0.726708 0.652086 0.499022 0.974560
male.bmp
  33 -20.126361 -3.084153 0.444412 -0.216057 -0.726708 0.652086 0.499022 0.974560
  33 -20.050946 -2.598315 0.539139 -0.102804 -0.149895 0.983343 0.499022 0.925636
  33 -20.320994 -2.538322 0.337707 -0.745631 0.011429 0.666261 0.471624 0.921722
male.bmp
  33 -20.050946 -2.598315 0.539139 -0.102804 -0.149895 0.983343 0.499022 0.925636
  33 -19.927475 -2.083322 0.612875 -0.142219 -0.251808 0.957270 0.504892 0.874755
  33 -20.320994 -2.538322 0.337707 -0.745631 0.011429 0.666261 0.471624 0.921722
male.bmp
  33 -20.320994 -2.538322 0.337707 -0.745631 0.011429 0.666261 0.471624 0.921722
  33 -19.927475 -2.083322 0.612875 -0.142219 -0.251808 0.957270 0.504892 0.874755
  33 -20.341190 -1.976152 0.386259 -0.810018 -0.092729 0.579028 0.461840 0.866928
male.bmp
  33 -19.927475 -2.083322 0.612875 -0.142219 -0.251808 0.957270 0.504892 0.874755
  32 -20.405643 -1.570984 0.383540 -0.713681 -0.620013 0.325949 0.444227 0.835616
  33 -20.341190 -1.976152 0.386259 -0.810018 -0.092729 0.579028 0.461840 0.866928
male.bmp
  33 -20.341190 -1.976152 0.386259 -0.810018 -0.092729 0.579028 0.461840 0.866928
  32 -20.405643 -1.570984 0.383540 -0.713681 -0.620013 0.325949 0.444227 0.835616
  33 -20.380910 -1.933105 0.097868 -0.995048 0.008476 -0.099035 0.430528 0.874755
male.bmp
  32 -20.405643 -1.570984 0.383540 -0.713681 -0.620013 0.325949 0.444227 0.835616
  32 -20.383527 -1.590888 0.052308 -0.891681 -0.241293 -0.382991 0.422701 0.847358
  33 -20.380910 -1.933105 0.097868 -0.995048 0.008476 -0.099035 0.430528 0.874755
male.bmp
  19 -18.554692 0.593248 -0.892554 0.231257 0.255927 -0.938627 0.794521 0.432485
  19 -19.078469 0.679786 -1.005557 0.112560 0.170260 -0.978949 0.747554 0.444227
  19 -19.175303 1.115282 -0.764796 0.241802 0.672387 -0.699591 0.726027 0.407045
male.bmp
  19 -19.175303 1.115282 -0.764796 0.241802 0.672387 -0.699591 0.726027 0.407045
  19 -19.078469 0.679786 -1.005557 0.112560 0.170260 -0.978949 0.747554 0.444227
  19 -19.379381 0.741290 -1.018533 -0.000767 0.112125 -0.993694 0.720157 0.448141
male.bmp
  19 -19.078469 0.679786 -1.005557 0.112560 0.170260 -0.978949 0.747554 0.444227
  19 -19.637045 0.281053 -0.854548 -0.230722 -0.361992 -0.903177 0.714286 0.495108
  19 -19.379381 0.741290 -1.018533 -0.000767 0.112125 -0.993694 0.720157 0.448141
male.bmp
  19 -19.379381 0.741290 -1.018533 -0.000767 0.112125 -0.993694 0.720157 0.448141
  19 -19.637045 0.281053 -0.854548 -0.230722 -0.361992 -0.903177 0.714286 0.495108
  19 -20.604122 0.671482 -0.760583 -0.211168 -0.232810 -0.949320 0.622309 0.495108
male.bmp
  19 -19.637045 0.281053 -0.854548 -0.230722 -0.361992 -0.903177 0.714286 0.495108
  19 -19.846617 -0.040402 -0.570037 -0.274410 -0.219812 -0.936153 0.710372 0.528376
  19 -20.604122 0.671482 -0.760583 -0.211168 -0.232810 -0.949320 0.622309 0.495108
male.bmp
  19 -20.604122 0.671482 -0.760583 -0.211168 -0.232810 -0.949320 0.622309 0.495108
  19 -19.846617 -0.040402 -0.570037 -0.274410 -0.219812 -0.936153 0.710372 0.528376
  19 -20.878208 0.074224 -0.495328 -0.156400 -0.231599 -0.960157 0.622309 0.551859
male.bmp
  19 -19.846617 -0.040402 -0.570037 -0.274410 -0.219812 -0.936153 0.710372 0.528376
  19 -20.880726 -0.570628 -0.349179 -0.169161 -0.160862 -0.972372 0.643836 0.606654
  19 -20.878208 0.074224 -0.495328 -0.156400 -0.231599 -0.960157 0.622309 0.551859
male.bmp
  19 -20.878208 0.074224 -0.495328 -0.156400 -0.231599 -0.960157 0.622309 0.551859
  19 -20.880726 -0.570628 -0.349179 -0.169161 -0.160862 -0.972372 0.643836 0.606654
  23 -21.526780 -0.428304 -0.257489 -0.241911 -0.745276 -0.621323 0.589041 0.614481
male.bmp
  19 -20.880726 -0.570628 -0.349179 -0.169161 -0.160862 -0.972372 0.643836 0.606654
  23 -21.322349 -0.623176 -0.232328 -0.808163 -0.213643 -0.548844 0.612524 0.624266
  23 -21.526780 -0.428304 -0.257489 -0.241911 -0.745276 -0.621323 0.589041 0.614481
male.bmp
  23 -21.526780 -0.428304 -0.257489 -0.241911 -0.745276 -0.621323 0.589041 0.614481
  23 -21.322349 -0.623176 -0.232328 -0.808163 -0.213643 -0.548844 0.612524 0.624266
  23 -21.152110 -0.398811 0.297085 -0.607811 -0.051923 0.792382 0.592955 0.626223
male.bmp
  23 -21.322349 -0.623176 -0.232328 -0.808163 -0.213643 -0.548844 0.612524 0.624266
  26 -21.391667 -0.899491 -0.363409 -0.188637 0.197148 -0.962054 0.614481 0.647750
  23 -21.152110 -0.398811 0.297085 -0.607811 -0.051923 0.792382 0.592955 0.626223
male.bmp
  23 -21.152110 -0.398811 0.297085 -0.607811 -0.051923 0.792382 0.592955 0.626223
  26 -21.391667 -0.899491 -0.363409 -0.188637 0.197148 -0.962054 0.614481 0.647750
  26 -22.315293 -0.715418 -0.101049 -0.636341 0.720519 -0.275540 0.532290 0.663405
male.bmp
  26 -21.391667 -0.899491 -0.363409 -0.188637 0.197148 -0.962054 0.614481 0.647750
  26 -22.169300 -0.991092 -0.396499 -0.325008 0.164012 -0.931381 0.553816 0.681018
  26 -22.315293 -0.715418 -0.101049 -0.636341 0.720519 -0.275540 0.532290 0.663405
male.bmp
  26 -22.315293 -0.715418 -0.101049 -0.636341 0.720519 -0.275540 0.532290 0.663405
  26 -22.169300 -0.991092 -0.396499 -0.325008 0.164012 -0.931381 0.553816 0.681018
  26 -22.324565 -0.770495 -0.114489 -0.886055 0.255133 -0.387056 0.534247 0.669276
male.bmp
  26 -22.169300 -0.991092 -0.396499 -0.325008 0.164012 -0.931381 0.553816 0.681018
  26 -22.205057 -1.014803 -0.363952 -0.637277 -0.093013 -0.765001 0.551859 0.684932
  26 -22.324565 -0.770495 -0.114489 -0.886055 0.255133 -0.387056 0.534247 0.669276
male.bmp
  19 -18.337943 -1.210314 0.243992 -0.649637 -0.694025 0.310324 0.438356 0.037182
  19 -18.328270 -1.320342 0.244270 -0.706536 -0.669099 0.230463 0.444227 0.035225
  19 -18.371339 -0.921328 0.673494 -0.816370 -0.323595 0.478358 0.446184 0.086106
male.bmp
  19 -18.371339 -0.921328 0.673494 -0.816370 -0.323595 0.478358 0.446184 0.086106
  19 -18.328270 -1.320342 0.244270 -0.706536 -0.669099 0.230463 0.444227 0.035225
  19 -18.375961 -0.961522 0.753263 -0.685219 -0.413191 0.599791 0.452055 0.086106
male.bmp
  19 -18.328270 -1.320342 0.244270 -0.706536 -0.669099 0.230463 0.444227 0.035225
  19 -17.982208 -1.321527 0.323896 0.560339 -0.720151 0.409149 0.485323 0.029354
  19 -18.375961 -0.961522 0.753263 -0.685219 -0.413191 0.599791 0.452055 0.086106
male.bmp
  19 -18.375961 -0.961522 0.753263 -0.685219 -0.413191 0.599791 0.452055 0.086106
  19 -17.982208 -1.321527 0.323896 0.560339 -0.720151 0.409149 0.485323 0.029354
  19 -18.017211 -1.002614 0.783428 0.501058 -0.463730 0.730681 0.491194 0.076321
male.bmp
  19 -17.982208 -1.321527 0.323896 0.560339 -0.720151 0.409149 0.485323 0.029354
  19 -17.972590 -1.251581 0.334625 0.504101 -0.747019 0.433411 0.489237 0.037182
  19 -18.017211 -1.002614 0.783428 0.501058 -0.463730 0.730681 0.491194 0.076321
male.bmp
  19 -18.017211 -1.002614 0.783428 0.501058 -0.463730 0.730681 0.491194 0.076321
  19 -17.972590 -1.251581 0.334625 0.504101 -0.747019 0.433411 0.489237 0.037182
  19 -18.003197 -0.972475 0.714180 0.501058 -0.463730 0.730681 0.495108 0.076321
male.bmp
  19 -17.972590 -1.251581 0.334625 0.504101 -0.747019 0.433411 0.489237 0.037182
  19 -17.631467 -1.093916 0.865074 -0.065972 -0.575634 0.815042 0.544031 0.062622
  19 -18.003197 -0.972475 0.714180 0.501058 -0.463730 0.730681 0.495108 0.076321
male.bmp
  19 -18.003197 -0.972475 0.714180 0.501058 -0.463730 0.730681 0.495108 0.076321
  19 -17.631467 -1.093916 0.865074 -0.065972 -0.575634 0.815042 0.544031 0.062622
  19 -18.020727 -0.252862 0.885209 0.513366 0.045737 0.856950 0.506849 0.156556
male.bmp
  19 -17.631467 -1.093916 0.865074 -0.065972 -0.575634 0.815042 0.544031 0.062622
  19 -17.619269 -0.254419 1.048088 -0.028933 0.018565 0.999409 0.557730 0.150685
  19 -18.020727 -0.252862 0.885209 0.513366 0.045737 0.856950 0.506849 0.156556
male.bmp
  19 -18.020727 -0.252862 0.885209 0.513366 0.045737 0.856950 0.506849 0.156556
  19 -17.619269 -0.254419 1.048088 -0.028933 0.018565 0.999409 0.557730 0.150685
  19 -18.018251 0.367623 0.696553 0.468001 0.390734 0.792655 0.514677 0.223092
male.bmp
  19 -17.619269 -0.254419 1.048088 -0.028933 0.018565 0.999409 0.557730 0.150685
  19 -17.597755 0.435959 0.880707 -0.048031 0.500085 0.864643 0.569472 0.223092
  19 -18.018251 0.367623 0.696553 0.468001 0.390734 0.792655 0.514677 0.223092
male.bmp
  19 -18.018251 0.367623 0.696553 0.468001 0.390734 0.792655 0.514677 0.223092
  19 -17.597755 0.435959 0.880707 -0.048031 0.500085 0.864643 0.569472 0.223092
  19 -17.964429 0.838500 0.300096 0.554950 0.669539 0.493709 0.522505 0.268102
male.bmp
  19 -17.597755 0.435959 0.880707 -0.048031 0.500085 0.864643 0.569472 0.223092
  19 -17.533676 0.947272 0.304640 0.062749 0.888313 0.454932 0.577299 0.275930
  19 -17.964429 0.838500 0.300096 0.554950 0.669539 0.493709 0.522505 0.268102
male.bmp
  19 -17.964429 0.838500 0.300096 0.554950 0.669539 0.493709 0.522505 0.268102
  19 -17.533676 0.947272 0.304640 0.062749 0.888313 0.454932 0.577299 0.275930
  19 -17.898409 1.039937 -0.326694 0.588362 0.806804 0.053819 0.526419 0.317025
male.bmp
  19 -17.533676 0.947272 0.304640 0.062749 0.888313 0.454932 0.577299 0.275930
  19 -17.478937 1.088691 -0.302899 0.178136 0.983741 -0.022829 0.585127 0.315068
  19 -17.898409 1.039937 -0.326694 0.588362 0.806804 0.053819 0.526419 0.317025
male.bmp
  18 -1.526993 -2.770835 0.911572 -0.102396 -0.895261 0.433616 0.461840 0.812133
  18 -1.437259 -2.010110 1.652143 -0.043387 -0.435871 0.898963 0.422701 0.810176
  18 -5.330170 -2.349198 0.887969 -0.140572 -0.890185 0.433371 0.467710 0.679061
male.bmp
  18 -5.330170 -2.349198 0.887969 -0.140572 -0.890185 0.433371 0.467710 0.679061
  18 -1.437259 -2.010110 1.652143 -0.043387 -0.435871 0.898963 0.422701 0.810176
  18 -5.241817 -1.478477 1.718534 -0.077928 -0.398784 0.913728 0.428571 0.677104
male.bmp
  18 -1.437259 -2.010110 1.652143 -0.043387 -0.435871 0.898963 0.422701 0.810176
  18 -1.334873 -1.089315 1.772781 0.029107 0.079102 0.996441 0.377691 0.810176
  18 -5.241817 -1.478477 1.718534 -0.077928 -0.398784 0.913728 0.428571 0.677104
male.bmp
  18 -5.241817 -1.478477 1.718534 -0.077928 -0.398784 0.913728 0.428571 0.677104
  18 -1.334873 -1.089315 1.772781 0.029107 0.079102 0.996441 0.377691 0.810176
  18 -5.129431 -0.557607 1.839234 -0.009030 0.112756 0.993582 0.377691 0.677104
male.bmp
  18 -1.334873 -1.089315 1.772781 0.029107 0.079102 0.996441 0.377691 0.810176
  18 -1.220104 -0.138446 1.473487 0.108982 0.652933 0.749534 0.334638 0.810176
  18 -5.129431 -0.557607 1.839234 -0.009030 0.112756 0.993582 0.377691 0.677104
male.bmp
  18 -5.129431 -0.557607 1.839234 -0.009030 0.112756 0.993582 0.377691 0.677104
  18 -1.220104 -0.138446 1.473487 0.108982 0.652933 0.749534 0.334638 0.810176
  18 -5.024700 0.473185 1.449877 0.072978 0.679567 0.729974 0.338552 0.677104
male.bmp
  18 -1.220104 -0.138446 1.473487 0.108982 0.652933 0.749534 0.334638 0.810176
  18 -1.157332 0.271990 0.533859 0.131190 0.988221 0.078798 0.285714 0.808219
  18 -5.024700 0.473185 1.449877 0.072978 0.679567 0.729974 0.338552 0.677104
male.bmp
  18 -5.024700 0.473185 1.449877 0.072978 0.679567 0.729974 0.338552 0.677104
  18 -1.157332 0.271990 0.533859 0.131190 0.988221 0.078798 0.285714 0.808219
  18 -4.951928 0.883697 0.510310 0.131190 0.988221 0.078798 0.285714 0.675147
male.bmp
  18 -1.157332 0.271990 0.533859 0.131190 0.988221 0.078798 0.285714 0.808219
  18 -1.167671 -0.058150 -0.626228 0.139614 0.799904 -0.583662 0.232877 0.806262
  18 -4.951928 0.883697 0.510310 0.131190 0.988221 0.078798 0.285714 0.675147
male.bmp
  18 -4.951928 0.883697 0.510310 0.131190 0.988221 0.078798 0.285714 0.675147
  18 -1.167671 -0.058150 -0.626228 0.139614 0.799904 -0.583662 0.232877 0.806262
  18 -4.972031 0.563482 -0.699838 0.108949 0.815540 -0.568353 0.228963 0.673190
male.bmp
  18 -1.167671 -0.058150 -0.626228 0.139614 0.799904 -0.583662 0.232877 0.806262
  18 -1.265514 -1.088942 -1.346849 0.068113 0.181204 -0.981084 0.164384 0.802348
  18 -4.972031 0.563482 -0.699838 0.108949 0.815540 -0.568353 0.228963 0.673190
male.bmp
  18 -4.972031 0.563482 -0.699838 0.108949 0.815540 -0.568353 0.228963 0.673190
  18 -1.265514 -1.088942 -1.346849 0.068113 0.181204 -0.981084 0.164384 0.802348
  18 -5.068445 -0.567307 -1.530452 0.021593 0.202836 -0.978975 0.172211 0.669276
male.bmp
  18 -1.265514 -1.088942 -1.346849 0.068113 0.181204 -0.981084 0.164384 0.802348
  18 -1.407993 -2.330027 -1.067728 -0.047013 -0.612997 -0.788685 0.101761 0.804305
  18 -5.068445 -0.567307 -1.530452 0.021593 0.202836 -0.978975 0.172211 0.669276
male.bmp
  18 -5.068445 -0.567307 -1.530452 0.021593 0.202836 -0.978975 0.172211 0.669276
  18 -1.407993 -2.330027 -1.067728 -0.047013 -0.612997 -0.788685 0.101761 0.804305
  18 -5.210998 -1.798392 -1.251332 -0.084070 -0.583833 -0.807509 0.095890 0.671233
male.bmp
  18 -1.407993 -2.330027 -1.067728 -0.047013 -0.612997 -0.788685 0.101761 0.804305
  18 -1.500414 -2.870683 -0.028282 -0.108742 -0.974198 -0.197772 0.056751 0.804305
  18 -5.210998 -1.798392 -1.251332 -0.084070 -0.583833 -0.807509 0.095890 0.671233
male.bmp
  8 24.723676 0.077197 0.195065 0.853267 0.511886 -0.099544 0.898239 0.667319
  8 24.674397 -0.036241 0.372557 0.971451 0.064246 0.228374 0.923679 0.671233
  8 24.758381 -0.071417 0.260712 0.981343 0.002596 0.192247 0.925636 0.661448
male.bmp
  8 24.758381 -0.071417 0.260712 0.981343 0.002596 0.192247 0.925636 0.661448
  8 24.674397 -0.036241 0.372557 0.971451 0.064246 0.228374 0.923679 0.671233
  8 24.703280 -0.243228 0.309134 0.791196 -0.556153 0.254369 0.956947 0.673190
male.bmp
  8 24.674397 -0.036241 0.372557 0.971451 0.064246 0.228374 0.923679 0.671233
  8 24.639720 -0.236036 0.398624 0.331807 -0.508352 0.794658 0.956947 0.688845
  8 24.703280 -0.243228 0.309134 0.791196 -0.556153 0.254369 0.956947 0.673190
male.bmp
  8 24.703280 -0.243228 0.309134 0.791196 -0.556153 0.254369 0.956947 0.673190
  8 24.639720 -0.236036 0.398624 0.331807 -0.508352 0.794658 0.956947 0.688845
  8 24.553404 -0.312163 0.271917 0.147769 -0.942858 0.298634 0.968689 0.706458
male.bmp
  8 24.639720 -0.236036 0.398624 0.331807 -0.508352 0.794658 0.956947 0.688845
  8 24.291938 -0.209404 0.347257 -0.038269 -0.338092 0.940335 0.949119 0.747554
  8 24.553404 -0.312163 0.271917 0.147769 -0.942858 0.298634 0.968689 0.706458
male.bmp
  8 24.553404 -0.312163 0.271917 0.147769 -0.942858 0.298634 0.968689 0.706458
  8 24.291938 -0.209404 0.347257 -0.038269 -0.338092 0.940335 0.949119 0.747554
  7 23.860404 -0.219491 0.354803 -0.012628 -0.509607 0.860314 0.949119 0.818004
male.bmp
  8 24.291938 -0.209404 0.347257 -0.038269 -0.338092 0.940335 0.949119 0.747554
  7 23.849388 -0.033777 0.382900 -0.009266 0.251470 0.967821 0.921722 0.814090
  7 23.860404 -0.219491 0.354803 -0.012628 -0.509607 0.860314 0.949119 0.818004
male.bmp
  7 23.860404 -0.219491 0.354803 -0.012628 -0.509607 0.860314 0.949119 0.818004
  7 23.849388 -0.033777 0.382900 -0.009266 0.251470 0.967821 0.921722 0.814090
  7 22.721319 -0.191035 0.300249 -0.039982 -0.347453 0.936845 0.951076 0.964775
male.bmp
  7 23.849388 -0.033777 0.382900 -0.009266 0.251470 0.967821 0.921722 0.814090
  7 22.721010 -0.008206 0.319569 -0.107760 0.290882 0.950671 0.919765 0.964775
  7 22.721319 -0.191035 0.300249 -0.039982 -0.347453 0.936845 0.951076 0.964775
male.bmp
  7 22.721319 -0.191035 0.300249 -0.039982 -0.347453 0.936845 0.951076 0.964775
  7 22.721010 -0.008206 0.319569 -0.107760 0.290882 0.950671 0.919765 0.964775
  6 22.636872 -0.000700 0.300382 -0.149370 0.324039 0.934177 0.919765 0.982387
male.bmp
  7 22.721010 -0.008206 0.319569 -0.107760 0.290882 0.950671 0.919765 0.964775
  7 22.722963 0.170822 0.183389 -0.045606 0.864493 0.500572 0.894325 0.966732
  6 22.636872 -0.000700 0.300382 -0.149370 0.324039 0.934177 0.919765 0.982387
male.bmp
  6 22.636872 -0.000700 0.300382 -0.149370 0.324039 0.934177 0.919765 0.982387
  7 22.722963 0.170822 0.183389 -0.045606 0.864493 0.500572 0.894325 0.966732
  6 22.628321 0.168947 0.166417 -0.073574 0.890594 0.448808 0.892368 0.986301
male.bmp
  7 22.722963 0.170822 0.183389 -0.045606 0.864493 0.500572 0.894325 0.966732
  7 22.720380 0.200979 -0.034749 0.030151 0.941968 -0.334347 0.872798 0.970646
  6 22.628321 0.168947 0.166417 -0.073574 0.890594 0.448808 0.892368 0.986301
male.bmp
  6 22.628321 0.168947 0.166417 -0.073574 0.890594 0.448808 0.892368 0.986301
  7 22.720380 0.200979 -0.034749 0.030151 0.941968 -0.334347 0.872798 0.970646
  6 22.603131 0.199572 -0.052963 0.092777 0.870553 -0.483249 0.872798 0.988258
male.bmp
  31 -23.111588 2.390417 0.143066 -0.926658 -0.218379 0.305966 0.956947 0.673190
  31 -23.029114 2.526364 0.196138 -0.832809 0.441896 0.333403 0.923679 0.671233
  31 -23.110426 2.545018 0.080636 -0.891247 0.451418 0.043596 0.925636 0.661448
male.bmp
  31 -23.110426 2.545018 0.080636 -0.891247 0.451418 0.043596 0.925636 0.661448
  31 -23.029114 2.526364 0.196138 -0.832809 0.441896 0.333403 0.923679 0.671233
  31 -23.022491 2.607504 0.049603 -0.450355 0.877383 -0.165469 0.898239 0.667319
male.bmp
  31 -23.029114 2.526364 0.196138 -0.832809 0.441896 0.333403 0.923679 0.671233
  31 -22.938861 2.608700 0.118193 0.061739 0.915711 0.397067 0.894325 0.694716
  31 -23.022491 2.607504 0.049603 -0.450355 0.877383 -0.165469 0.898239 0.667319
male.bmp
  31 -23.022491 2.607504 0.049603 -0.450355 0.877383 -0.165469 0.898239 0.667319
  31 -22.938861 2.608700 0.118193 0.061739 0.915711 0.397067 0.894325 0.694716
  31 -22.907727 2.608745 0.013165 0.155337 0.940114 -0.303408 0.882583 0.690802
male.bmp
  31 -22.938861 2.608700 0.118193 0.061739 0.915711 0.397067 0.894325 0.694716
  31 -22.732992 2.526478 0.110631 0.312495 0.849688 0.424707 0.896282 0.747554
  31 -22.907727 2.608745 0.013165 0.155337 0.940114 -0.303408 0.882583 0.690802
male.bmp
  31 -22.907727 2.608745 0.013165 0.155337 0.940114 -0.303408 0.882583 0.690802
  31 -22.732992 2.526478 0.110631 0.312495 0.849688 0.424707 0.896282 0.747554
  30 -22.360961 2.407858 0.005542 0.362917 0.892133 -0.269055 0.878669 0.825832
male.bmp
  31 -22.732992 2.526478 0.110631 0.312495 0.849688 0.424707 0.896282 0.747554
  30 -22.422563 2.402148 0.157768 0.333013 0.795192 0.506727 0.894325 0.814090
  30 -22.360961 2.407858 0.005542 0.362917 0.892133 -0.269055 0.878669 0.825832
male.bmp
  30 -22.360961 2.407858 0.005542 0.362917 0.892133 -0.269055 0.878669 0.825832
  30 -22.422563 2.402148 0.157768 0.333013 0.795192 0.506727 0.894325 0.814090
  30 -21.666693 2.078509 0.108600 0.362890 0.819633 0.443297 0.894325 0.966732
male.bmp
  30 -22.422563 2.402148 0.157768 0.333013 0.795192 0.506727 0.894325 0.814090
  30 -21.762133 1.934659 0.204506 0.198435 0.241083 0.950001 0.919765 0.964775
  30 -21.666693 2.078509 0.108600 0.362890 0.819633 0.443297 0.894325 0.966732
male.bmp
  30 -21.666693 2.078509 0.108600 0.362890 0.819633 0.443297 0.894325 0.966732
  30 -21.762133 1.934659 0.204506 0.198435 0.241083 0.950001 0.919765 0.964775
  29 -21.682203 1.877119 0.201652 0.183494 0.241966 0.952776 0.919765 0.982387
male.bmp
  30 -21.762133 1.934659 0.204506 0.198435 0.241083 0.950001 0.919765 0.964775
  30 -21.807797 1.797651 0.211106 -0.161854 -0.222647 0.961370 0.951076 0.964775
  29 -21.682203 1.877119 0.201652 0.183494 0.241966 0.952776 0.919765 0.982387
male.bmp
  29 -21.682203 1.877119 0.201652 0.183494 0.241966 0.952776 0.919765 0.982387
  30 -21.807797 1.797651 0.211106 -0.161854 -0.222647 0.961370 0.951076 0.964775
  29 -21.739486 1.762280 0.224692 -0.247929 -0.165337 0.954565 0.951076 0.982387
male.bmp
  30 -21.807797 1.797651 0.211106 -0.161854 -0.222647 0.961370 0.951076 0.964775
  30 -21.853706 1.632189 0.079901 -0.497161 -0.808528 0.314823 0.978474 0.974560
  29 -21.739486 1.762280 0.224692 -0.247929 -0.165337 0.954565 0.951076 0.982387
male.bmp
  29 -21.739486 1.762280 0.224692 -0.247929 -0.165337 0.954565 0.951076 0.982387
  30 -21.853706 1.632189 0.079901 -0.497161 -0.808528 0.314823 0.978474 0.974560
  29 -21.792251 1.597260 0.082621 -0.551650 -0.786338 0.278126 0.978474 0.988258
male.bmp
  25 -24.697395 -0.248209 0.298100 -0.794443 -0.559516 0.236224 0.956947 0.673190
  25 -24.679217 -0.038663 0.371993 -0.976664 0.060125 0.206183 0.923679 0.671233
  25 -24.760312 -0.083116 0.260873 -0.985474 -0.001565 0.169819 0.925636 0.661448
male.bmp
  25 -24.760312 -0.083116 0.260873 -0.985474 -0.001565 0.169819 0.925636 0.661448
  25 -24.679217 -0.038663 0.371993 -0.976664 0.060125 0.206183 0.923679 0.671233
  25 -24.723503 0.062552 0.186535 -0.852924 0.508305 -0.118941 0.898239 0.667319
male.bmp
  25 -24.679217 -0.038663 0.371993 -0.976664 0.060125 0.206183 0.923679 0.671233
  25 -24.642695 0.113790 0.285250 -0.407412 0.791067 0.456321 0.894325 0.694716
  25 -24.723503 0.062552 0.186535 -0.852924 0.508305 -0.118941 0.898239 0.667319
male.bmp
  25 -24.723503 0.062552 0.186535 -0.852924 0.508305 -0.118941 0.898239 0.667319
  25 -24.642695 0.113790 0.285250 -0.407412 0.791067 0.456321 0.894325 0.694716
  25 -24.585250 0.148081 0.149514 -0.289567 0.929906 -0.226772 0.882583 0.690802
male.bmp
  25 -24.642695 0.113790 0.285250 -0.407412 0.791067 0.456321 0.894325 0.694716
  25 -24.313268 0.119616 0.248587 0.000240 0.829083 0.559125 0.896282 0.747554
  25 -24.585250 0.148081 0.149514 -0.289567 0.929906 -0.226772 0.882583 0.690802
male.bmp
  25 -24.585250 0.148081 0.149514 -0.289567 0.929906 -0.226772 0.882583 0.690802
  25 -24.313268 0.119616 0.248587 0.000240 0.829083 0.559125 0.896282 0.747554
  24 -23.883302 0.181938 0.051941 -0.044436 0.960393 -0.275083 0.878669 0.825832
male.bmp
  25 -24.313268 0.119616 0.248587 0.000240 0.829083 0.559125 0.896282 0.747554
  24 -23.871513 0.136765 0.252491 -0.014289 0.840205 0.542081 0.894325 0.814090
  24 -23.883302 0.181938 0.051941 -0.044436 0.960393 -0.275083 0.878669 0.825832
male.bmp
  24 -23.883302 0.181938 0.051941 -0.044436 0.960393 -0.275083 0.878669 0.825832
  24 -23.871513 0.136765 0.252491 -0.014289 0.840205 0.542081 0.894325 0.814090
  24 -22.721628 0.170126 0.223328 0.030540 0.864595 0.501540 0.894325 0.966732
male.bmp
  24 -23.871513 0.136765 0.252491 -0.014289 0.840205 0.542081 0.894325 0.814090
  24 -22.722024 -0.008884 0.359546 0.084829 0.291177 0.952901 0.919765 0.964775
  24 -22.721628 0.170126 0.223328 0.030540 0.864595 0.501540 0.894325 0.966732
male.bmp
  24 -22.721628 0.170126 0.223328 0.030540 0.864595 0.501540 0.894325 0.966732
  24 -22.722024 -0.008884 0.359546 0.084829 0.291177 0.952901 0.919765 0.964775
  23 -22.636886 -0.001767 0.349000 0.146813 0.323715 0.934695 0.919765 0.982387
male.bmp
  24 -22.722024 -0.008884 0.359546 0.084829 0.291177 0.952901 0.919765 0.964775
  24 -22.721122 -0.191714 0.340251 0.020071 -0.347434 0.937490 0.951076 0.964775
  23 -22.636886 -0.001767 0.349000 0.146813 0.323715 0.934695 0.919765 0.982387
male.bmp
  23 -22.636886 -0.001767 0.349000 0.146813 0.323715 0.934695 0.919765 0.982387
  24 -22.721122 -0.191714 0.340251 0.020071 -0.347434 0.937490 0.951076 0.964775
  23 -22.624602 -0.200843 0.344797 -0.021984 -0.352869 0.935414 0.951076 0.982387
male.bmp
  24 -22.721122 -0.191714 0.340251 0.020071 -0.347434 0.937490 0.951076 0.964775
  24 -22.708398 -0.419449 0.166542 -0.051205 -0.955370 0.290941 0.978474 0.974560
  23 -22.624602 -0.200843 0.344797 -0.021984 -0.352869 0.935414 0.951076 0.982387
male.bmp
  23 -22.624602 -0.200843 0.344797 -0.021984 -0.352869 0.935414 0.951076 0.982387
  24 -22.708398 -0.419449 0.166542 -0.051205 -0.955370 0.290941 0.978474 0.974560
  23 -22.591326 -0.423062 0.189517 -0.128089 -0.932350 0.338107 0.978474 0.988258
male.bmp
  33 -20.427604 -2.983020 -0.085706 -0.851061 -0.048877 -0.522788 0.849315 0.984344
  34 -20.480390 -3.152299 0.003778 -0.988031 0.094398 -0.121998 0.835616 0.951076
  33 -20.450573 -2.978573 0.125132 -0.967843 0.100873 0.230445 0.827789 0.990215
male.bmp
  33 -20.450573 -2.978573 0.125132 -0.967843 0.100873 0.230445 0.827789 0.990215
  34 -20.480390 -3.152299 0.003778 -0.988031 0.094398 -0.121998 0.835616 0.951076
  34 -20.402275 -3.133312 0.263080 -0.773321 0.049941 0.632045 0.812133 0.966732
male.bmp
  34 -20.480390 -3.152299 0.003778 -0.988031 0.094398 -0.121998 0.835616 0.951076
  34 -20.436841 -3.658864 0.263770 -0.798505 -0.068711 0.598054 0.786693 0.902153
  34 -20.402275 -3.133312 0.263080 -0.773321 0.049941 0.632045 0.812133 0.966732
male.bmp
  34 -20.402275 -3.133312 0.263080 -0.773321 0.049941 0.632045 0.812133 0.966732
  34 -20.436841 -3.658864 0.263770 -0.798505 -0.068711 0.598054 0.786693 0.902153
  34 -20.273446 -3.589727 0.383028 -0.146430 -0.083821 0.985663 0.772994 0.917808
male.bmp
  34 -20.436841 -3.658864 0.263770 -0.798505 -0.068711 0.598054 0.786693 0.902153
  34 -20.352368 -3.950191 0.280867 -0.495187 -0.531409 0.687310 0.759295 0.866928
  34 -20.273446 -3.589727 0.383028 -0.146430 -0.083821 0.985663 0.772994 0.917808
male.bmp
  34 -20.273446 -3.589727 0.383028 -0.146430 -0.083821 0.985663 0.772994 0.917808
  34 -20.352368 -3.950191 0.280867 -0.495187 -0.531409 0.687310 0.759295 0.866928
  34 -20.193687 -3.981537 0.296293 0.272228 -0.607948 0.745849 0.739726 0.872798
male.bmp
  34 -20.352368 -3.950191 0.280867 -0.495187 -0.531409 0.687310 0.759295 0.866928
  34 -20.156314 -4.071601 0.091863 0.056455 -0.996586 0.060238 0.722114 0.857143
  34 -20.193687 -3.981537 0.296293 0.272228 -0.607948 0.745849 0.739726 0.872798
male.bmp
  34 -20.193687 -3.981537 0.296293 0.272228 -0.607948 0.745849 0.739726 0.872798
  34 -20.156314 -4.071601 0.091863 0.056455 -0.996586 0.060238 0.722114 0.857143
  34 -20.099264 -4.058978 0.101133 0.653800 -0.740248 0.156774 0.722114 0.864971
male.bmp
  34 -20.156314 -4.071601 0.091863 0.056455 -0.996586 0.060238 0.722114 0.857143
  34 -20.129544 -4.000189 -0.116185 0.501275 -0.648174 -0.573231 0.694716 0.876712
  34 -20.099264 -4.058978 0.101133 0.653800 -0.740248 0.156774 0.722114 0.864971
male.bmp
  34 -20.099264 -4.058978 0.101133 0.653800 -0.740248 0.156774 0.722114 0.864971
  34 -20.129544 -4.000189 -0.116185 0.501275 -0.648174 -0.573231 0.694716 0.876712
  34 -19.981578 -3.697213 0.092409 0.883053 -0.443360 0.153784 0.720157 0.919765
male.bmp
  34 -20.129544 -4.000189 -0.116185 0.501275 -0.648174 -0.573231 0.694716 0.876712
  34 -20.018501 -3.656661 -0.145482 0.778140 -0.282095 -0.561178 0.696673 0.919765
  34 -19.981578 -3.697213 0.092409 0.883053 -0.443360 0.153784 0.720157 0.919765
male.bmp
  34 -19.981578 -3.697213 0.092409 0.883053 -0.443360 0.153784 0.720157 0.919765
  34 -20.018501 -3.656661 -0.145482 0.778140 -0.282095 -0.561178 0.696673 0.919765
  34 -19.941029 -3.636529 0.083849 0.893835 -0.433035 0.116362 0.720157 0.927593
male.bmp
  34 -20.018501 -3.656661 -0.145482 0.778140 -0.282095 -0.561178 0.696673 0.919765
  33 -19.881601 -3.184043 -0.134392 0.816908 -0.216855 -0.534448 0.690802 0.986301
  34 -19.941029 -3.636529 0.083849 0.893835 -0.433035 0.116362 0.720157 0.927593
male.bmp
  34 -19.941029 -3.636529 0.083849 0.893835 -0.433035 0.116362 0.720157 0.927593
  33 -19.881601 -3.184043 -0.134392 0.816908 -0.216855 -0.534448 0.690802 0.986301
  33 -19.831828 -3.177516 0.074367 0.972198 -0.233230 0.020827 0.720157 0.988258
male.bmp
  26 -22.159362 -1.374602 0.044773 -0.703255 -0.708353 0.060570 0.628180 0.048924
  26 -22.215939 -1.188335 0.302658 -0.472671 -0.514547 0.715418 0.626223 0.068493
  26 -22.228990 -1.175861 0.260538 -0.864679 -0.433512 0.253766 0.620352 0.066536
male.bmp
  26 -22.228990 -1.175861 0.260538 -0.864679 -0.433512 0.253766 0.620352 0.066536
  26 -22.215939 -1.188335 0.302658 -0.472671 -0.514547 0.715418 0.626223 0.068493
  26 -22.292238 -0.963341 0.333580 -0.658844 0.105905 0.744788 0.618395 0.090020
male.bmp
  26 -22.215939 -1.188335 0.302658 -0.472671 -0.514547 0.715418 0.626223 0.068493
  19 -21.106251 -0.755250 0.583963 -0.166240 0.098351 0.981168 0.726027 0.115460
  26 -22.292238 -0.963341 0.333580 -0.658844 0.105905 0.744788 0.618395 0.090020
male.bmp
  26 -22.292238 -0.963341 0.333580 -0.658844 0.105905 0.744788 0.618395 0.090020
  19 -21.106251 -0.755250 0.583963 -0.166240 0.098351 0.981168 0.726027 0.115460
  26 -22.315735 -0.803774 0.172068 -0.747247 0.526748 0.405165 0.614481 0.103718
male.bmp
  19 -21.106251 -0.755250 0.583963 -0.166240 0.098351 0.981168 0.726027 0.115460
  19 -21.020154 -0.438778 0.457341 -0.414090 0.068437 0.907660 0.731898 0.142857
  26 -22.315735 -0.803774 0.172068 -0.747247 0.526748 0.405165 0.614481 0.103718
male.bmp
  26 -22.315735 -0.803774 0.172068 -0.747247 0.526748 0.405165 0.614481 0.103718
  19 -21.020154 -0.438778 0.457341 -0.414090 0.068437 0.907660 0.731898 0.142857
  23 -21.152110 -0.398811 0.297085 -0.607811 -0.051923 0.792382 0.716243 0.146771
male.bmp
  19 -21.020154 -0.438778 0.457341 -0.414090 0.068437 0.907660 0.731898 0.142857
  19 -21.146424 -0.230229 0.489948 -0.309933 -0.262920 0.913682 0.720157 0.160470
  23 -21.152110 -0.398811 0.297085 -0.607811 -0.051923 0.792382 0.716243 0.146771
male.bmp
  23 -21.152110 -0.398811 0.297085 -0.607811 -0.051923 0.792382 0.716243 0.146771
  19 -21.146424 -0.230229 0.489948 -0.309933 -0.262920 0.913682 0.720157 0.160470
  23 -22.611800 -0.208503 0.388125 -0.590306 -0.252422 0.766696 0.583170 0.154599
male.bmp
  19 -21.146424 -0.230229 0.489948 -0.309933 -0.262920 0.913682 0.720157 0.160470
  19 -21.247109 0.029079 0.447261 -0.219338 0.278872 0.934944 0.708415 0.185910
  23 -22.611800 -0.208503 0.388125 -0.590306 -0.252422 0.766696 0.583170 0.154599
male.bmp
  23 -22.611800 -0.208503 0.388125 -0.590306 -0.252422 0.766696 0.583170 0.154599
  19 -21.247109 0.029079 0.447261 -0.219338 0.278872 0.934944 0.708415 0.185910
  23 -22.624679 0.009745 0.386662 -0.582227 0.263130 0.769268 0.581213 0.176125
male.bmp
  19 -21.247109 0.029079 0.447261 -0.219338 0.278872 0.934944 0.708415 0.185910
  23 -22.615414 0.188525 0.249360 -0.560584 0.693394 0.452715 0.581213 0.191781
  23 -22.624679 0.009745 0.386662 -0.582227 0.263130 0.769268 0.581213 0.176125
male.bmp
  23 -22.624679 0.009745 0.386662 -0.582227 0.263130 0.769268 0.581213 0.176125
  23 -22.615414 0.188525 0.249360 -0.560584 0.693394 0.452715 0.581213 0.191781
  23 -22.627882 0.164582 0.204961 -0.936651 0.332759 0.109351 0.569472 0.191781
male.bmp
  23 -22.615414 0.188525 0.249360 -0.560584 0.693394 0.452715 0.581213 0.191781
  23 -22.602146 0.248054 -0.009446 -0.615357 0.740869 -0.269163 0.583170 0.209393
  23 -22.627882 0.164582 0.204961 -0.936651 0.332759 0.109351 0.569472 0.191781
male.bmp
  23 -22.627882 0.164582 0.204961 -0.936651 0.332759 0.109351 0.569472 0.191781
  23 -22.602146 0.248054 -0.009446 -0.615357 0.740869 -0.269163 0.583170 0.209393
  23 -22.601774 0.194434 -0.014418 -0.964952 0.035656 -0.259992 0.571429 0.211350
male.bmp
  16 20.431480 -2.971044 0.128348 0.968616 0.071157 0.238161 0.827789 0.990215
  17 20.365845 -3.125891 0.266946 0.768875 0.032571 0.638569 0.812133 0.966732
  17 20.450560 -3.143697 0.018941 0.991732 0.059015 -0.113955 0.835616 0.951076
male.bmp
  17 20.450560 -3.143697 0.018941 0.991732 0.059015 -0.113955 0.835616 0.951076
  17 20.365845 -3.125891 0.266946 0.768875 0.032571 0.638569 0.812133 0.966732
  17 20.391689 -3.661268 0.277116 0.790301 -0.087332 0.606463 0.786693 0.902153
male.bmp
  17 20.365845 -3.125891 0.266946 0.768875 0.032571 0.638569 0.812133 0.966732
  17 20.236040 -3.571683 0.403400 0.134642 -0.074776 0.988069 0.772994 0.917808
  17 20.391689 -3.661268 0.277116 0.790301 -0.087332 0.606463 0.786693 0.902153
male.bmp
  17 20.391689 -3.661268 0.277116 0.790301 -0.087332 0.606463 0.786693 0.902153
  17 20.236040 -3.571683 0.403400 0.134642 -0.074776 0.988069 0.772994 0.917808
  17 20.288165 -3.943123 0.304329 0.470584 -0.538141 0.699253 0.759295 0.866928
male.bmp
  17 20.236040 -3.571683 0.403400 0.134642 -0.074776 0.988069 0.772994 0.917808
  17 20.129028 -3.970303 0.310388 -0.299487 -0.587715 0.751597 0.739726 0.872798
  17 20.288165 -3.943123 0.304329 0.470584 -0.538141 0.699253 0.759295 0.866928
male.bmp
  17 20.288165 -3.943123 0.304329 0.470584 -0.538141 0.699253 0.759295 0.866928
  17 20.129028 -3.970303 0.310388 -0.299487 -0.587715 0.751597 0.739726 0.872798
  17 20.096798 -4.054498 0.109460 -0.090962 -0.993138 0.073504 0.722114 0.857143
male.bmp
  17 20.129028 -3.970303 0.310388 -0.299487 -0.587715 0.751597 0.739726 0.872798
  17 20.039779 -4.040273 0.128073 -0.680055 -0.715303 0.160832 0.722114 0.864971
  17 20.096798 -4.054498 0.109460 -0.090962 -0.993138 0.073504 0.722114 0.857143
male.bmp
  17 20.096798 -4.054498 0.109460 -0.090962 -0.993138 0.073504 0.722114 0.857143
  17 20.039779 -4.040273 0.128073 -0.680055 -0.715303 0.160832 0.722114 0.864971
  17 20.072142 -3.990206 -0.101155 -0.517937 -0.638818 -0.568905 0.694716 0.876712
male.bmp
  17 20.039779 -4.040273 0.128073 -0.680055 -0.715303 0.160832 0.722114 0.864971
  17 19.930300 -3.676524 0.105689 -0.899010 -0.410864 0.151562 0.720157 0.919765
  17 20.072142 -3.990206 -0.101155 -0.517937 -0.638818 -0.568905 0.694716 0.876712
male.bmp
  17 20.072142 -3.990206 -0.101155 -0.517937 -0.638818 -0.568905 0.694716 0.876712
  17 19.930300 -3.676524 0.105689 -0.899010 -0.410864 0.151562 0.720157 0.919765
  17 19.968698 -3.645591 -0.133411 -0.782248 -0.263403 -0.564541 0.696673 0.919765
male.bmp
  17 19.930300 -3.676524 0.105689 -0.899010 -0.410864 0.151562 0.720157 0.919765
  17 19.891151 -3.615302 0.094776 -0.909098 -0.400709 0.113900 0.720157 0.927593
  17 19.968698 -3.645591 -0.133411 -0.782248 -0.263403 -0.564541 0.696673 0.919765
male.bmp
  17 19.968698 -3.645591 -0.133411 -0.782248 -0.263403 -0.564541 0.696673 0.919765
  17 19.891151 -3.615302 0.094776 -0.909098 -0.400709 0.113900 0.720157 0.927593
  16 19.850407 -3.167437 -0.138268 -0.819006 -0.196510 -0.539086 0.690802 0.986301
male.bmp
  17 19.891151 -3.615302 0.094776 -0.909098 -0.400709 0.113900 0.720157 0.927593
  16 19.798393 -3.154201 0.080866 -0.979739 -0.199728 0.014870 0.720157 0.988258
  16 19.850407 -3.167437 -0.138268 -0.819006 -0.196510 -0.539086 0.690802 0.986301
male.bmp
  14 23.104272 2.556507 0.137331 0.888039 0.453163 0.077651 0.925636 0.661448
  14 23.022560 2.629780 0.092007 0.452305 0.881109 -0.138086 0.898239 0.667319
  14 23.025001 2.546382 0.237399 0.820867 0.438960 0.365365 0.923679 0.671233
male.bmp
  14 23.025001 2.546382 0.237399 0.820867 0.438960 0.365365 0.923679 0.671233
  14 23.022560 2.629780 0.092007 0.452305 0.881109 -0.138086 0.898239 0.667319
  14 22.940448 2.623440 0.170221 -0.076742 0.909231 0.409157 0.894325 0.694716
male.bmp
  14 23.022560 2.629780 0.092007 0.452305 0.881109 -0.138086 0.898239 0.667319
  14 22.912514 2.625038 0.064310 -0.149124 0.944295 -0.293375 0.882583 0.690802
  14 22.940448 2.623440 0.170221 -0.076742 0.909231 0.409157 0.894325 0.694716
male.bmp
  14 22.940448 2.623440 0.170221 -0.076742 0.909231 0.409157 0.894325 0.694716
  14 22.912514 2.625038 0.064310 -0.149124 0.944295 -0.293375 0.882583 0.690802
  14 22.730887 2.549452 0.152619 -0.328004 0.842087 0.428140 0.896282 0.747554
male.bmp
  14 22.912514 2.625038 0.064310 -0.149124 0.944295 -0.293375 0.882583 0.690802
  13 22.370234 2.418684 0.037692 -0.357492 0.895206 -0.266094 0.878669 0.825832
  14 22.730887 2.549452 0.152619 -0.328004 0.842087 0.428140 0.896282 0.747554
male.bmp
  14 22.730887 2.549452 0.152619 -0.328004 0.842087 0.428140 0.896282 0.747554
  13 22.370234 2.418684 0.037692 -0.357492 0.895206 -0.266094 0.878669 0.825832
  13 22.422927 2.419451 0.189095 -0.350823 0.786261 0.508642 0.894325 0.814090
male.bmp
  13 22.370234 2.418684 0.037692 -0.357492 0.895206 -0.266094 0.878669 0.825832
  13 21.671221 2.092332 0.102307 -0.378847 0.811603 0.444719 0.894325 0.966732
  13 22.422927 2.419451 0.189095 -0.350823 0.786261 0.508642 0.894325 0.814090
male.bmp
  13 22.422927 2.419451 0.189095 -0.350823 0.786261 0.508642 0.894325 0.814090
  13 21.671221 2.092332 0.102307 -0.378847 0.811603 0.444719 0.894325 0.966732
  13 21.768462 1.938590 0.201341 -0.227949 0.225683 0.947157 0.919765 0.964775
male.bmp
  13 21.671221 2.092332 0.102307 -0.378847 0.811603 0.444719 0.894325 0.966732
  12 21.687174 1.889429 0.189404 -0.183357 0.242008 0.952792 0.919765 0.982387
  13 21.768462 1.938590 0.201341 -0.227949 0.225683 0.947157 0.919765 0.964775
male.bmp
  13 21.768462 1.938590 0.201341 -0.227949 0.225683 0.947157 0.919765 0.964775
  12 21.687174 1.889429 0.189404 -0.183357 0.242008 0.952792 0.919765 0.982387
  13 21.808801 1.812483 0.214361 0.133335 -0.237163 0.962276 0.951076 0.964775
male.bmp
  12 21.687174 1.889429 0.189404 -0.183357 0.242008 0.952792 0.919765 0.982387
  12 21.743041 1.776693 0.222109 0.247682 -0.165701 0.954566 0.951076 0.982387
  13 21.808801 1.812483 0.214361 0.133335 -0.237163 0.962276 0.951076 0.964775
male.bmp
  13 21.808801 1.812483 0.214361 0.133335 -0.237163 0.962276 0.951076 0.964775
  12 21.743041 1.776693 0.222109 0.247682 -0.165701 0.954566 0.951076 0.982387
  13 21.851526 1.642571 0.072218 0.490015 -0.811950 0.317212 0.978474 0.974560
male.bmp
  12 21.743041 1.776693 0.222109 0.247682 -0.165701 0.954566 0.951076 0.982387
  12 21.799959 1.602970 0.082535 0.550896 -0.786887 0.278068 0.978474 0.988258
  13 21.851526 1.642571 0.072218 0.490015 -0.811950 0.317212 0.978474 0.974560
male.bmp
  11 23.853920 -1.631017 0.038274 0.005244 -0.964557 0.263824 0.888454 0.393346
  11 23.854322 -1.611156 -0.206278 0.228266 -0.857512 -0.461050 0.904110 0.393346
  11 24.005189 -1.589852 0.043092 0.630478 -0.772033 0.080392 0.904110 0.373777
male.bmp
  11 24.005189 -1.589852 0.043092 0.630478 -0.772033 0.080392 0.904110 0.373777
  11 23.854322 -1.611156 -0.206278 0.228266 -0.857512 -0.461050 0.904110 0.393346
  11 24.106138 -1.452342 -0.004867 0.984434 -0.167519 -0.053179 0.925636 0.365949
male.bmp
  11 23.854322 -1.611156 -0.206278 0.228266 -0.857512 -0.461050 0.904110 0.393346
  11 23.955274 -1.474925 -0.264155 0.670190 -0.294503 -0.681258 0.925636 0.385519
  11 24.106138 -1.452342 -0.004867 0.984434 -0.167519 -0.053179 0.925636 0.365949
male.bmp
  11 24.106138 -1.452342 -0.004867 0.984434 -0.167519 -0.053179 0.925636 0.365949
  11 23.955274 -1.474925 -0.264155 0.670190 -0.294503 -0.681258 0.925636 0.385519
  11 23.899205 -1.354588 -0.299863 0.492444 0.364263 -0.790450 0.941292 0.395303
male.bmp
  11 23.955274 -1.474925 -0.264155 0.670190 -0.294503 -0.681258 0.925636 0.385519
  11 23.730064 -1.440273 -0.359439 0.086597 -0.221132 -0.971391 0.923679 0.414873
  11 23.899205 -1.354588 -0.299863 0.492444 0.364263 -0.790450 0.941292 0.395303
male.bmp
  11 23.899205 -1.354588 -0.299863 0.492444 0.364263 -0.790450 0.941292 0.395303
  11 23.730064 -1.440273 -0.359439 0.086597 -0.221132 -0.971391 0.923679 0.414873
  11 23.347085 -1.213592 -0.338388 0.129633 0.343833 -0.930040 0.941292 0.510763
male.bmp
  11 23.730064 -1.440273 -0.359439 0.086597 -0.221132 -0.971391 0.923679 0.414873
  11 23.278570 -1.486850 -0.252740 -0.094177 -0.747151 -0.657949 0.908023 0.518591
  11 23.347085 -1.213592 -0.338388 0.129633 0.343833 -0.930040 0.941292 0.510763
male.bmp
  11 23.347085 -1.213592 -0.338388 0.129633 0.343833 -0.930040 0.941292 0.510763
  11 23.278570 -1.486850 -0.252740 -0.094177 -0.747151 -0.657949 0.908023 0.518591
  10 23.159678 -1.191668 -0.372602 0.118002 0.246120 -0.962029 0.943249 0.534247
male.bmp
  11 23.278570 -1.486850 -0.252740 -0.094177 -0.747151 -0.657949 0.908023 0.518591
  10 23.101144 -1.466973 -0.286687 -0.074050 -0.746270 -0.661512 0.904110 0.542074
  10 23.159678 -1.191668 -0.372602 0.118002 0.246120 -0.962029 0.943249 0.534247
male.bmp
  10 23.159678 -1.191668 -0.372602 0.118002 0.246120 -0.962029 0.943249 0.534247
  10 23.101144 -1.466973 -0.286687 -0.074050 -0.746270 -0.661512 0.904110 0.542074
  10 22.276362 -1.017735 -0.371657 0.028019 0.252777 -0.967119 0.943249 0.634051
male.bmp
  10 23.101144 -1.466973 -0.286687 -0.074050 -0.746270 -0.661512 0.904110 0.542074
  10 22.190180 -1.326592 -0.271261 -0.166353 -0.739872 -0.651855 0.908023 0.634051
  10 22.276362 -1.017735 -0.371657 0.028019 0.252777 -0.967119 0.943249 0.634051
male.bmp
  10 22.276362 -1.017735 -0.371657 0.028019 0.252777 -0.967119 0.943249 0.634051
  10 22.190180 -1.326592 -0.271261 -0.166353 -0.739872 -0.651855 0.908023 0.634051
  9 22.198465 -1.014130 -0.361620 -0.047221 0.166382 -0.984930 0.943249 0.645793
male.bmp
  10 22.190180 -1.326592 -0.271261 -0.166353 -0.739872 -0.651855 0.908023 0.634051
  9 22.116164 -1.312267 -0.251888 -0.245744 -0.753727 -0.609513 0.906067 0.645793
  9 22.198465 -1.014130 -0.361620 -0.047221 0.166382 -0.984930 0.943249 0.645793
male.bmp
  5 24.071764 1.186411 0.202574 0.376045 -0.851638 0.365108 0.888454 0.393346
  5 24.093452 1.198346 -0.028915 0.609746 -0.675739 -0.414230 0.904110 0.393346
  5 24.183476 1.276263 0.223721 0.847701 -0.430716 0.309656 0.904110 0.373777
male.bmp
  5 24.183476 1.276263 0.223721 0.847701 -0.430716 0.309656 0.904110 0.373777
  5 24.093452 1.198346 -0.028915 0.609746 -0.675739 -0.414230 0.904110 0.393346
  5 24.211772 1.442278 0.177477 0.976755 0.205498 0.060995 0.925636 0.365949
male.bmp
  5 24.093452 1.198346 -0.028915 0.609746 -0.675739 -0.414230 0.904110 0.393346
  5 24.121298 1.367112 -0.065555 0.804042 0.030756 -0.593776 0.925636 0.385519
  5 24.211772 1.442278 0.177477 0.976755 0.205498 0.060995 0.925636 0.365949
male.bmp
  5 24.211772 1.442278 0.177477 0.976755 0.205498 0.060995 0.925636 0.365949
  5 24.121298 1.367112 -0.065555 0.804042 0.030756 -0.593776 0.925636 0.385519
  5 24.049130 1.441987 -0.111223 0.363178 0.512288 -0.778243 0.941292 0.395303
male.bmp
  5 24.121298 1.367112 -0.065555 0.804042 0.030756 -0.593776 0.925636 0.385519
  5 23.930177 1.296248 -0.168760 0.210129 -0.170335 -0.962721 0.923679 0.414873
  5 24.049130 1.441987 -0.111223 0.363178 0.512288 -0.778243 0.941292 0.395303
male.bmp
  5 24.049130 1.441987 -0.111223 0.363178 0.512288 -0.778243 0.941292 0.395303
  5 23.930177 1.296248 -0.168760 0.210129 -0.170335 -0.962721 0.923679 0.414873
  5 23.412733 1.300509 -0.163020 -0.018009 0.306636 -0.951656 0.941292 0.510763
male.bmp
  5 23.930177 1.296248 -0.168760 0.210129 -0.170335 -0.962721 0.923679 0.414873
  5 23.476416 1.061856 -0.081232 0.220643 -0.738012 -0.637695 0.908023 0.518591
  5 23.412733 1.300509 -0.163020 -0.018009 0.306636 -0.951656 0.941292 0.510763
male.bmp
  5 23.412733 1.300509 -0.163020 -0.018009 0.306636 -0.951656 0.941292 0.510763
  5 23.476416 1.061856 -0.081232 0.220643 -0.738012 -0.637695 0.908023 0.518591
  4 23.272680 1.256635 -0.180940 -0.001402 0.230254 -0.973130 0.943249 0.534247
male.bmp
  5 23.476416 1.061856 -0.081232 0.220643 -0.738012 -0.637695 0.908023 0.518591
  4 23.311842 0.994710 -0.083156 0.245288 -0.752431 -0.611294 0.904110 0.542074
  4 23.272680 1.256635 -0.180940 -0.001402 0.230254 -0.973130 0.943249 0.534247
male.bmp
  4 23.272680 1.256635 -0.180940 -0.001402 0.230254 -0.973130 0.943249 0.534247
  4 23.311842 0.994710 -0.083156 0.245288 -0.752431 -0.611294 0.904110 0.542074
  4 22.237871 1.021759 -0.191110 -0.115727 0.215341 -0.969657 0.943249 0.634051
male.bmp
  4 23.311842 0.994710 -0.083156 0.245288 -0.752431 -0.611294 0.904110 0.542074
  4 22.311440 0.745972 -0.098219 0.195267 -0.688083 -0.698866 0.908023 0.634051
  4 22.237871 1.021759 -0.191110 -0.115727 0.215341 -0.969657 0.943249 0.634051
male.bmp
  4 22.237871 1.021759 -0.191110 -0.115727 0.215341 -0.969657 0.943249 0.634051
  4 22.311440 0.745972 -0.098219 0.195267 -0.688083 -0.698866 0.908023 0.634051
  3 22.234431 0.716262 -0.089151 0.201538 -0.717649 -0.666605 0.906067 0.645793
male.bmp
  4 22.311440 0.745972 -0.098219 0.195267 -0.688083 -0.698866 0.908023 0.634051
  3 22.308183 0.661992 0.202936 0.506605 -0.821605 0.261376 0.882583 0.643836
  3 22.234431 0.716262 -0.089151 0.201538 -0.717649 -0.666605 0.906067 0.645793
male.bmp
  9 22.230638 -1.168154 0.251031 0.095854 -0.469700 0.877607 0.951076 0.982387
  10 22.308129 -1.193167 0.235479 -0.021218 -0.487242 0.873009 0.951076 0.964775
  9 22.289952 -0.982859 0.266752 0.226830 0.241560 0.943502 0.919765 0.982387
male.bmp
  9 22.289952 -0.982859 0.266752 0.226830 0.241560 0.943502 0.919765 0.982387
  10 22.308129 -1.193167 0.235479 -0.021218 -0.487242 0.873009 0.951076 0.964775
  10 22.358582 -0.994570 0.260248 0.155599 0.273587 0.949178 0.919765 0.964775
male.bmp
  10 22.308129 -1.193167 0.235479 -0.021218 -0.487242 0.873009 0.951076 0.964775
  10 23.308354 -1.194844 0.242285 0.155599 0.273587 0.949178 0.921722 0.814090
  10 22.358582 -0.994570 0.260248 0.155599 0.273587 0.949178 0.919765 0.964775
male.bmp
  10 22.358582 -0.994570 0.260248 0.155599 0.273587 0.949178 0.919765 0.964775
  10 23.308354 -1.194844 0.242285 0.155599 0.273587 0.949178 0.921722 0.814090
  10 22.390556 -0.854431 0.121183 0.238670 0.827540 0.508148 0.894325 0.966732
male.bmp
  10 23.308354 -1.194844 0.242285 0.155599 0.273587 0.949178 0.921722 0.814090
  10 23.340329 -1.054706 0.103220 0.238670 0.827540 0.508148 0.894325 0.814090
  10 22.390556 -0.854431 0.121183 0.238670 0.827540 0.508148 0.894325 0.966732
male.bmp
  10 22.390556 -0.854431 0.121183 0.238670 0.827540 0.508148 0.894325 0.966732
  10 23.340329 -1.054706 0.103220 0.238670 0.827540 0.508148 0.894325 0.814090
  10 23.353876 -1.009612 -0.084084 0.271259 0.934225 -0.231607 0.878669 0.825832
male.bmp
  10 23.340329 -1.054706 0.103220 0.238670 0.827540 0.508148 0.894325 0.814090
  11 23.727529 -1.151827 0.036909 0.299544 0.836072 0.459627 0.896282 0.747554
  10 23.353876 -1.009612 -0.084084 0.271259 0.934225 -0.231607 0.878669 0.825832
male.bmp
  10 23.353876 -1.009612 -0.084084 0.271259 0.934225 -0.231607 0.878669 0.825832
  11 23.727529 -1.151827 0.036909 0.299544 0.836072 0.459627 0.896282 0.747554
  11 23.962596 -1.215358 -0.075817 0.468236 0.839948 -0.274305 0.882583 0.690802
male.bmp
  11 23.727529 -1.151827 0.036909 0.299544 0.836072 0.459627 0.896282 0.747554
  11 24.023016 -1.254183 0.040122 0.617959 0.679548 0.395400 0.894325 0.694716
  11 23.962596 -1.215358 -0.075817 0.468236 0.839948 -0.274305 0.882583 0.690802
male.bmp
  11 23.962596 -1.215358 -0.075817 0.468236 0.839948 -0.274305 0.882583 0.690802
  11 24.023016 -1.254183 0.040122 0.617959 0.679548 0.395400 0.894325 0.694716
  11 24.075728 -1.306881 -0.043809 0.898970 0.382254 -0.213856 0.898239 0.667319
male.bmp
  11 24.023016 -1.254183 0.040122 0.617959 0.679548 0.395400 0.894325 0.694716
  11 24.055112 -1.436663 0.114089 0.931619 -0.216234 0.292111 0.923679 0.671233
  11 24.075728 -1.306881 -0.043809 0.898970 0.382254 -0.213856 0.898239 0.667319
male.bmp
  11 24.075728 -1.306881 -0.043809 0.898970 0.382254 -0.213856 0.898239 0.667319
  11 24.055112 -1.436663 0.114089 0.931619 -0.216234 0.292111 0.923679 0.671233
  11 24.106138 -1.452342 -0.004867 0.984434 -0.167519 -0.053179 0.925636 0.661448
male.bmp
  11 24.055112 -1.436663 0.114089 0.931619 -0.216234 0.292111 0.923679 0.671233
  11 24.005189 -1.589852 0.043092 0.630478 -0.772033 0.080392 0.956947 0.673190
  11 24.106138 -1.452342 -0.004867 0.984434 -0.167519 -0.053179 0.925636 0.661448
male.bmp
  12 21.600855 2.065066 0.107547 0.542619 0.808620 0.227371 0.659491 0.371820
  12 21.542693 2.090437 0.135359 0.051228 0.902959 0.426662 0.667319 0.369863
  12 21.687174 1.889429 0.189404 0.819168 0.515295 0.251861 0.653620 0.354207
male.bmp
  12 21.687174 1.889429 0.189404 0.819168 0.515295 0.251861 0.653620 0.354207
  12 21.542693 2.090437 0.135359 0.051228 0.902959 0.426662 0.667319 0.369863
  12 21.656187 1.926067 0.249383 0.412693 0.525788 0.743796 0.657534 0.354207
male.bmp
  12 21.542693 2.090437 0.135359 0.051228 0.902959 0.426662 0.667319 0.369863
  2 20.761769 1.485878 -0.190965 0.024637 0.534058 0.845089 0.741683 0.318982
  12 21.656187 1.926067 0.249383 0.412693 0.525788 0.743796 0.657534 0.354207
male.bmp
  12 21.656187 1.926067 0.249383 0.412693 0.525788 0.743796 0.657534 0.354207
  2 20.761769 1.485878 -0.190965 0.024637 0.534058 0.845089 0.741683 0.318982
  12 21.737127 1.741664 0.270461 0.644758 0.066167 0.761518 0.651663 0.330724
male.bmp
  2 20.761769 1.485878 -0.190965 0.024637 0.534058 0.845089 0.741683 0.318982
  2 20.874008 1.191794 -0.023882 0.383825 0.368488 0.846697 0.733855 0.291585
  12 21.737127 1.741664 0.270461 0.644758 0.066167 0.761518 0.651663 0.330724
male.bmp
  12 21.737127 1.741664 0.270461 0.644758 0.066167 0.761518 0.651663 0.330724
  2 20.874008 1.191794 -0.023882 0.383825 0.368488 0.846697 0.733855 0.291585
  2 20.968801 1.003874 -0.137021 0.744410 0.593352 0.306246 0.726027 0.281800
male.bmp
  2 20.874008 1.191794 -0.023882 0.383825 0.368488 0.846697 0.733855 0.291585
  2 20.991431 0.934445 0.090063 0.210160 0.675420 0.706853 0.726027 0.268102
  2 20.968801 1.003874 -0.137021 0.744410 0.593352 0.306246 0.726027 0.281800
male.bmp
  2 20.968801 1.003874 -0.137021 0.744410 0.593352 0.306246 0.726027 0.281800
  2 20.991431 0.934445 0.090063 0.210160 0.675420 0.706853 0.726027 0.268102
  3 22.134074 1.246858 0.297367 0.236146 0.865716 0.441329 0.618395 0.285714
male.bmp
  2 20.991431 0.934445 0.090063 0.210160 0.675420 0.706853 0.726027 0.268102
  2 21.149401 0.707869 0.201010 0.134891 0.186710 0.973110 0.712329 0.246575
  3 22.134074 1.246858 0.297367 0.236146 0.865716 0.441329 0.618395 0.285714
male.bmp
  3 22.134074 1.246858 0.297367 0.236146 0.865716 0.441329 0.618395 0.285714
  2 21.149401 0.707869 0.201010 0.134891 0.186710 0.973110 0.712329 0.246575
  3 22.193645 1.064169 0.425725 0.429941 0.416944 0.800817 0.614481 0.272016
male.bmp
  2 21.149401 0.707869 0.201010 0.134891 0.186710 0.973110 0.712329 0.246575
  3 22.235382 0.837775 0.460425 0.505335 -0.142458 0.851083 0.612524 0.250489
  3 22.193645 1.064169 0.425725 0.429941 0.416944 0.800817 0.614481 0.272016
male.bmp
  3 22.193645 1.064169 0.425725 0.429941 0.416944 0.800817 0.614481 0.272016
  3 22.235382 0.837775 0.460425 0.505335 -0.142458 0.851083 0.612524 0.250489
  3 22.204149 1.065550 0.384643 0.867232 0.340869 0.362928 0.610568 0.272016
male.bmp
  3 22.235382 0.837775 0.460425 0.505335 -0.142458 0.851083 0.612524 0.250489
  3 22.260072 0.863045 0.414036 0.868432 0.025513 0.495152 0.606654 0.252446
  3 22.204149 1.065550 0.384643 0.867232 0.340869 0.362928 0.610568 0.272016
male.bmp
  9 22.230638 -1.168154 0.251031 0.865349 -0.438502 0.242668 0.620352 0.066536
  9 22.284026 -0.963783 0.325071 0.668095 0.100915 0.737201 0.618395 0.090020
  9 22.208232 -1.178602 0.293325 0.478382 -0.518506 0.708733 0.626223 0.068493
male.bmp
  9 22.208232 -1.178602 0.293325 0.478382 -0.518506 0.708733 0.626223 0.068493
  9 22.284026 -0.963783 0.325071 0.668095 0.100915 0.737201 0.618395 0.090020
  2 21.114463 -0.747536 0.533238 0.188682 0.095932 0.977341 0.726027 0.115460
male.bmp
  9 22.284026 -0.963783 0.325071 0.668095 0.100915 0.737201 0.618395 0.090020
  9 22.318259 -0.796331 0.162319 0.754675 0.522023 0.397438 0.614481 0.103718
  2 21.114463 -0.747536 0.533238 0.188682 0.095932 0.977341 0.726027 0.115460
male.bmp
  2 21.114463 -0.747536 0.533238 0.188682 0.095932 0.977341 0.726027 0.115460
  9 22.318259 -0.796331 0.162319 0.754675 0.522023 0.397438 0.614481 0.103718
  2 21.027354 -0.430393 0.409012 0.434654 0.064730 0.898268 0.731898 0.142857
male.bmp
  9 22.318259 -0.796331 0.162319 0.754675 0.522023 0.397438 0.614481 0.103718
  6 21.160520 -0.390479 0.251851 0.604660 -0.053834 0.794662 0.716243 0.146771
  2 21.027354 -0.430393 0.409012 0.434654 0.064730 0.898268 0.731898 0.142857
male.bmp
  2 21.027354 -0.430393 0.409012 0.434654 0.064730 0.898268 0.731898 0.142857
  6 21.160520 -0.390479 0.251851 0.604660 -0.053834 0.794662 0.716243 0.146771
  2 21.155504 -0.222608 0.439070 0.328776 -0.266043 0.906161 0.720157 0.160470
male.bmp
  6 21.160520 -0.390479 0.251851 0.604660 -0.053834 0.794662 0.716243 0.146771
  6 22.610439 -0.204665 0.348333 0.586651 -0.254278 0.768884 0.583170 0.154599
  2 21.155504 -0.222608 0.439070 0.328776 -0.266043 0.906161 0.720157 0.160470
male.bmp
  2 21.155504 -0.222608 0.439070 0.328776 -0.266043 0.906161 0.720157 0.160470
  6 22.610439 -0.204665 0.348333 0.586651 -0.254278 0.768884 0.583170 0.154599
  2 21.256680 0.036190 0.394499 0.241758 0.276220 0.930191 0.708415 0.185910
male.bmp
  6 22.610439 -0.204665 0.348333 0.586651 -0.254278 0.768884 0.583170 0.154599
  6 22.624556 0.010729 0.338034 0.580104 0.261296 0.771495 0.581213 0.176125
  2 21.256680 0.036190 0.394499 0.241758 0.276220 0.930191 0.708415 0.185910
male.bmp
  2 21.256680 0.036190 0.394499 0.241758 0.276220 0.930191 0.708415 0.185910
  6 22.624556 0.010729 0.338034 0.580104 0.261296 0.771495 0.581213 0.176125
  6 22.616343 0.189970 0.201268 0.560941 0.691660 0.454919 0.581213 0.191781
male.bmp
  6 22.624556 0.010729 0.338034 0.580104 0.261296 0.771495 0.581213 0.176125
  6 22.628321 0.168947 0.166417 0.937222 0.329944 0.112929 0.569472 0.191781
  6 22.616343 0.189970 0.201268 0.560941 0.691660 0.454919 0.581213 0.191781
male.bmp
  6 22.616343 0.189970 0.201268 0.560941 0.691660 0.454919 0.581213 0.191781
  6 22.628321 0.168947 0.166417 0.937222 0.329944 0.112929 0.569472 0.191781
  6 22.603644 0.253175 -0.047818 0.618580 0.739059 -0.266741 0.583170 0.209393
male.bmp
  6 22.628321 0.168947 0.166417 0.937222 0.329944 0.112929 0.569472 0.191781
  6 22.603131 0.199572 -0.052963 0.966029 0.032803 -0.256345 0.571429 0.211350
  6 22.603644 0.253175 -0.047818 0.618580 0.739059 -0.266741 0.583170 0.209393
male.bmp
  6 22.542771 -0.035666 -0.258923 0.926015 -0.018930 -0.377013 0.500978 0.614481
  6 22.517355 -0.023315 -0.326758 0.503796 0.184325 -0.843928 0.502935 0.610568
  6 22.603131 0.199572 -0.052963 0.966029 0.032803 -0.256345 0.487280 0.592955
male.bmp
  6 22.603131 0.199572 -0.052963 0.966029 0.032803 -0.256345 0.487280 0.592955
  6 22.517355 -0.023315 -0.326758 0.503796 0.184325 -0.843928 0.502935 0.610568
  6 22.603644 0.253175 -0.047818 0.618580 0.739059 -0.266741 0.491194 0.589041
male.bmp
  6 22.517355 -0.023315 -0.326758 0.503796 0.184325 -0.843928 0.502935 0.610568
  6 21.530938 -0.047689 -0.421562 0.231411 0.211397 -0.949611 0.577299 0.583170
  6 22.603644 0.253175 -0.047818 0.618580 0.739059 -0.266741 0.491194 0.589041
male.bmp
  6 22.603644 0.253175 -0.047818 0.618580 0.739059 -0.266741 0.491194 0.589041
  6 21.530938 -0.047689 -0.421562 0.231411 0.211397 -0.949611 0.577299 0.583170
  3 21.187701 0.318156 0.333303 0.669040 0.418092 0.614479 0.563601 0.555773
male.bmp
  6 21.530938 -0.047689 -0.421562 0.231411 0.211397 -0.949611 0.577299 0.583170
  3 21.381650 0.203832 -0.190542 0.855654 0.053966 -0.514727 0.579256 0.559687
  3 21.187701 0.318156 0.333303 0.669040 0.418092 0.614479 0.563601 0.555773
male.bmp
  3 21.187701 0.318156 0.333303 0.669040 0.418092 0.614479 0.563601 0.555773
  3 21.381650 0.203832 -0.190542 0.855654 0.053966 -0.514727 0.579256 0.559687
  3 21.535441 0.510271 -0.209070 0.436665 -0.628517 -0.643654 0.561644 0.532290
male.bmp
  3 21.381650 0.203832 -0.190542 0.855654 0.053966 -0.514727 0.579256 0.559687
  2 20.867046 0.084837 -0.539534 0.133585 -0.231032 -0.963732 0.622309 0.551859
  3 21.535441 0.510271 -0.209070 0.436665 -0.628517 -0.643654 0.561644 0.532290
male.bmp
  3 21.535441 0.510271 -0.209070 0.436665 -0.628517 -0.643654 0.561644 0.532290
  2 20.867046 0.084837 -0.539534 0.133585 -0.231032 -0.963732 0.622309 0.551859
  3 21.277366 0.774520 -0.387870 0.296640 0.292209 -0.909186 0.567515 0.506849
male.bmp
  2 20.867046 0.084837 -0.539534 0.133585 -0.231032 -0.963732 0.622309 0.551859
  2 20.590489 0.684032 -0.797765 0.188575 -0.232567 -0.954124 0.622309 0.495108
  3 21.277366 0.774520 -0.387870 0.296640 0.292209 -0.909186 0.567515 0.506849
male.bmp
  3 21.277366 0.774520 -0.387870 0.296640 0.292209 -0.909186 0.567515 0.506849
  2 20.590489 0.684032 -0.797765 0.188575 -0.232567 -0.954124 0.622309 0.495108
  12 21.059832 0.951360 -0.223594 0.870698 0.144396 -0.470144 0.583170 0.487280
male.bmp
  2 20.590489 0.684032 -0.797765 0.188575 -0.232567 -0.954124 0.622309 0.495108
  12 21.072354 1.178594 -0.375936 0.524535 -0.394391 -0.754532 0.575342 0.469667
  12 21.059832 0.951360 -0.223594 0.870698 0.144396 -0.470144 0.583170 0.487280
male.bmp
  12 21.059832 0.951360 -0.223594 0.870698 0.144396 -0.470144 0.583170 0.487280
  12 21.072354 1.178594 -0.375936 0.524535 -0.394391 -0.754532 0.575342 0.469667
  2 20.968801 1.003874 -0.137021 0.744410 0.593352 0.306246 0.567515 0.481409
male.bmp
  12 21.072354 1.178594 -0.375936 0.524535 -0.394391 -0.754532 0.575342 0.469667
  12 21.799281 1.559308 0.092183 0.885742 -0.426104 0.184111 0.495108 0.481409
  2 20.968801 1.003874 -0.137021 0.744410 0.593352 0.306246 0.567515 0.481409
male.bmp
  2 17.596111 -0.215995 1.006291 -0.890988 -0.016836 -0.453715 0.569472 0.722114
  2 17.586255 0.414954 0.860669 -0.926134 -0.245561 -0.286315 0.581213 0.772994
  2 17.766145 -0.205690 0.872566 -0.651712 -0.029805 -0.757881 0.579256 0.724070
male.bmp
  2 17.766145 -0.205690 0.872566 -0.651712 -0.029805 -0.757881 0.579256 0.724070
  2 17.586255 0.414954 0.860669 -0.926134 -0.245561 -0.286315 0.581213 0.772994
  2 17.742835 0.315546 0.687173 -0.781385 -0.396801 -0.481650 0.594912 0.765166
male.bmp
  2 17.586255 0.414954 0.860669 -0.926134 -0.245561 -0.286315 0.581213 0.772994
  2 17.515355 0.898493 0.327694 -0.921091 -0.380000 -0.084801 0.624266 0.810176
  2 17.742835 0.315546 0.687173 -0.781385 -0.396801 -0.481650 0.594912 0.765166
male.bmp
  2 17.742835 0.315546 0.687173 -0.781385 -0.396801 -0.481650 0.594912 0.765166
  2 17.515355 0.898493 0.327694 -0.921091 -0.380000 -0.084801 0.624266 0.810176
  2 17.683230 0.718933 0.172852 -0.773048 -0.605933 -0.187727 0.636008 0.794521
male.bmp
  2 17.515355 0.898493 0.327694 -0.921091 -0.380000 -0.084801 0.624266 0.810176
  2 17.441771 1.022170 -0.227454 -0.875732 -0.478206 0.066424 0.669276 0.818004
  2 17.683230 0.718933 0.172852 -0.773048 -0.605933 -0.187727 0.636008 0.794521
male.bmp
  2 17.683230 0.718933 0.172852 -0.773048 -0.605933 -0.187727 0.636008 0.794521
  2 17.441771 1.022170 -0.227454 -0.875732 -0.478206 0.066424 0.669276 0.818004
  2 17.628391 0.881875 -0.273177 -0.616856 -0.786702 0.024274 0.671233 0.806262
male.bmp
  2 17.441771 1.022170 -0.227454 -0.875732 -0.478206 0.066424 0.669276 0.818004
  2 17.434283 0.973560 -0.447865 -0.838905 -0.472921 0.269416 0.684932 0.810176
  2 17.628391 0.881875 -0.273177 -0.616856 -0.786702 0.024274 0.671233 0.806262
male.bmp
  2 17.628391 0.881875 -0.273177 -0.616856 -0.786702 0.024274 0.671233 0.806262
  2 17.434283 0.973560 -0.447865 -0.838905 -0.472921 0.269416 0.684932 0.810176
  2 17.615683 0.842905 -0.432927 -0.539667 -0.746781 0.388686 0.681018 0.800391
male.bmp
  2 17.434283 0.973560 -0.447865 -0.838905 -0.472921 0.269416 0.684932 0.810176
  2 17.419693 0.834721 -0.628172 -0.813289 -0.380222 0.440445 0.698630 0.802348
  2 17.615683 0.842905 -0.432927 -0.539667 -0.746781 0.388686 0.681018 0.800391
male.bmp
  2 17.615683 0.842905 -0.432927 -0.539667 -0.746781 0.388686 0.681018 0.800391
  2 17.419693 0.834721 -0.628172 -0.813289 -0.380222 0.440445 0.698630 0.802348
  2 17.605180 0.753743 -0.563080 -0.505221 -0.561255 0.655549 0.692759 0.792564
male.bmp
  2 17.419693 0.834721 -0.628172 -0.813289 -0.380222 0.440445 0.698630 0.802348
  2 17.429514 0.615446 -0.750738 -0.819456 -0.216002 0.530881 0.706458 0.784736
  2 17.605180 0.753743 -0.563080 -0.505221 -0.561255 0.655549 0.692759 0.792564
male.bmp
  2 17.605180 0.753743 -0.563080 -0.505221 -0.561255 0.655549 0.692759 0.792564
  2 17.429514 0.615446 -0.750738 -0.819456 -0.216002 0.530881 0.706458 0.784736
  2 17.556915 0.584494 -0.660677 -0.584994 -0.261674 0.767665 0.698630 0.780822
male.bmp
  2 17.429514 0.615446 -0.750738 -0.819456 -0.216002 0.530881 0.706458 0.784736
  2 17.603722 0.364562 -0.695883 -0.502379 -0.092114 0.859727 0.704501 0.769080
  2 17.556915 0.584494 -0.660677 -0.584994 -0.261674 0.767665 0.698630 0.780822
male.bmp
  1 5.320853 -2.259416 0.948585 0.137581 -0.890861 0.432940 0.007828 0.675147
  1 8.688600 -1.711429 -0.043678 0.263226 -0.946154 -0.188427 0.052838 0.522505
  1 8.718520 -1.621684 0.876078 0.269091 -0.866454 0.420532 0.007828 0.528376
male.bmp
  1 8.718520 -1.621684 0.876078 0.269091 -0.866454 0.420532 0.007828 0.528376
  1 8.688600 -1.711429 -0.043678 0.263226 -0.946154 -0.188427 0.052838 0.522505
  1 9.180744 -1.517546 -0.078388 0.200488 -0.953957 -0.223093 0.052838 0.497065
male.bmp
  1 8.688600 -1.711429 -0.043678 0.263226 -0.946154 -0.188427 0.052838 0.522505
  1 9.178341 -1.057583 -0.928405 0.202800 -0.582097 -0.787423 0.095890 0.497065
  1 9.180744 -1.517546 -0.078388 0.200488 -0.953957 -0.223093 0.052838 0.497065
male.bmp
  1 9.180744 -1.517546 -0.078388 0.200488 -0.953957 -0.223093 0.052838 0.497065
  1 9.178341 -1.057583 -0.928405 0.202800 -0.582097 -0.787423 0.095890 0.497065
  1 9.698521 -0.951740 -0.930951 0.030821 -0.579950 -0.814069 0.107632 0.471624
male.bmp
  1 9.178341 -1.057583 -0.928405 0.202800 -0.582097 -0.787423 0.095890 0.497065
  1 9.059413 0.023952 -1.177279 0.003705 0.161956 -0.986791 0.172211 0.495108
  1 9.698521 -0.951740 -0.930951 0.030821 -0.579950 -0.814069 0.107632 0.471624
male.bmp
  1 9.698521 -0.951740 -0.930951 0.030821 -0.579950 -0.814069 0.107632 0.471624
  1 9.059413 0.023952 -1.177279 0.003705 0.161956 -0.986791 0.172211 0.495108
  1 9.603788 0.119006 -1.240029 -0.081476 0.135682 -0.987397 0.170254 0.469667
male.bmp
  1 9.059413 0.023952 -1.177279 0.003705 0.161956 -0.986791 0.172211 0.495108
  1 9.660141 1.168753 -0.630887 -0.110074 0.793475 -0.598566 0.227006 0.471624
  1 9.603788 0.119006 -1.240029 -0.081476 0.135682 -0.987397 0.170254 0.469667
male.bmp
  1 9.603788 0.119006 -1.240029 -0.081476 0.135682 -0.987397 0.170254 0.469667
  1 9.660141 1.168753 -0.630887 -0.110074 0.793475 -0.598566 0.227006 0.471624
  1 12.195400 0.307078 -1.261821 0.017031 0.162858 -0.986503 0.170254 0.340509
male.bmp
  1 9.660141 1.168753 -0.630887 -0.110074 0.793475 -0.598566 0.227006 0.471624
  1 12.340369 1.266056 -0.703750 0.015039 0.815638 -0.578367 0.228963 0.340509
  1 12.195400 0.307078 -1.261821 0.017031 0.162858 -0.986503 0.170254 0.340509
male.bmp
  1 12.195400 0.307078 -1.261821 0.017031 0.162858 -0.986503 0.170254 0.340509
  1 12.340369 1.266056 -0.703750 0.015039 0.815638 -0.578367 0.228963 0.340509
  1 14.157697 0.370516 -1.135867 0.082678 0.223503 -0.971190 0.183953 0.230920
male.bmp
  1 12.340369 1.266056 -0.703750 0.015039 0.815638 -0.578367 0.228963 0.340509
  1 14.221115 1.160175 -0.586762 0.091346 0.829692 -0.550697 0.236791 0.234834
  1 14.157697 0.370516 -1.135867 0.082678 0.223503 -0.971190 0.183953 0.230920
male.bmp
  1 14.157697 0.370516 -1.135867 0.082678 0.223503 -0.971190 0.183953 0.230920
  1 14.221115 1.160175 -0.586762 0.091346 0.829692 -0.550697 0.236791 0.234834
  1 16.084632 0.634332 -0.769502 0.065441 0.580243 -0.811810 0.205479 0.123288
male.bmp
  1 14.221115 1.160175 -0.586762 0.091346 0.829692 -0.550697 0.236791 0.234834
  1 16.098575 0.854275 -0.599704 0.079975 0.754127 -0.651841 0.223092 0.125245
  1 16.084632 0.634332 -0.769502 0.065441 0.580243 -0.811810 0.205479 0.123288
male.bmp
  28 -24.003611 -1.592362 0.045380 -0.631279 -0.771286 0.081268 0.956947 0.673190
  28 -24.053276 -1.439101 0.116403 -0.931536 -0.215099 0.293211 0.923679 0.671233
  28 -24.106472 -1.445031 -0.003742 -0.984685 -0.166398 -0.052032 0.925636 0.661448
male.bmp
  28 -24.106472 -1.445031 -0.003742 -0.984685 -0.166398 -0.052032 0.925636 0.661448
  28 -24.053276 -1.439101 0.116403 -0.931536 -0.215099 0.293211 0.923679 0.671233
  28 -24.073925 -1.309329 -0.041498 -0.898774 0.383236 -0.212919 0.898239 0.667319
male.bmp
  28 -24.053276 -1.439101 0.116403 -0.931536 -0.215099 0.293211 0.923679 0.671233
  28 -24.032864 -1.248955 0.041382 -0.616728 0.680340 0.395959 0.894325 0.694716
  28 -24.073925 -1.309329 -0.041498 -0.898774 0.383236 -0.212919 0.898239 0.667319
male.bmp
  28 -24.073925 -1.309329 -0.041498 -0.898774 0.383236 -0.212919 0.898239 0.667319
  28 -24.032864 -1.248955 0.041382 -0.616728 0.680340 0.395959 0.894325 0.694716
  28 -23.970504 -1.218656 -0.063467 -0.467581 0.840428 -0.273953 0.882583 0.690802
male.bmp
  28 -24.032864 -1.248955 0.041382 -0.616728 0.680340 0.395959 0.894325 0.694716
  28 -23.725437 -1.153377 0.048699 -0.298058 0.836512 0.459792 0.896282 0.747554
  28 -23.970504 -1.218656 -0.063467 -0.467581 0.840428 -0.273953 0.882583 0.690802
male.bmp
  28 -23.970504 -1.218656 -0.063467 -0.467581 0.840428 -0.273953 0.882583 0.690802
  28 -23.725437 -1.153377 0.048699 -0.298058 0.836512 0.459792 0.896282 0.747554
  27 -23.351634 -1.011750 -0.081550 -0.270435 0.934491 -0.231497 0.878669 0.825832
male.bmp
  28 -23.725437 -1.153377 0.048699 -0.298058 0.836512 0.459792 0.896282 0.747554
  27 -23.337944 -1.055548 0.115666 -0.238939 0.837373 0.491645 0.894325 0.814090
  27 -23.351634 -1.011750 -0.081550 -0.270435 0.934491 -0.231497 0.878669 0.825832
male.bmp
  27 -23.351634 -1.011750 -0.081550 -0.270435 0.934491 -0.231497 0.878669 0.825832
  27 -23.337944 -1.055548 0.115666 -0.238939 0.837373 0.491645 0.894325 0.814090
  27 -22.387900 -0.857638 0.122570 -0.238939 0.837373 0.491645 0.894325 0.966732
male.bmp
  27 -23.337944 -1.055548 0.115666 -0.238939 0.837373 0.491645 0.894325 0.814090
  27 -23.315765 -1.197695 0.254959 -0.154210 0.273964 0.949296 0.921722 0.814090
  27 -22.387900 -0.857638 0.122570 -0.238939 0.837373 0.491645 0.894325 0.966732
male.bmp
  27 -22.387900 -0.857638 0.122570 -0.238939 0.837373 0.491645 0.894325 0.966732
  27 -23.315765 -1.197695 0.254959 -0.154210 0.273964 0.949296 0.921722 0.814090
  27 -22.365721 -0.999786 0.261862 -0.154210 0.273964 0.949296 0.919765 0.964775
male.bmp
  27 -23.315765 -1.197695 0.254959 -0.154210 0.273964 0.949296 0.921722 0.814090
  27 -22.315526 -1.198446 0.237077 0.021643 -0.487084 0.873087 0.951076 0.964775
  27 -22.365721 -0.999786 0.261862 -0.154210 0.273964 0.949296 0.919765 0.964775
male.bmp
  27 -22.365721 -0.999786 0.261862 -0.154210 0.273964 0.949296 0.919765 0.964775
  27 -22.315526 -1.198446 0.237077 0.021643 -0.487084 0.873087 0.951076 0.964775
  26 -22.298949 -0.982507 0.275377 -0.214450 0.244698 0.945587 0.919765 0.982387
male.bmp
  27 -22.315526 -1.198446 0.237077 0.021643 -0.487084 0.873087 0.951076 0.964775
  26 -22.228990 -1.175861 0.260538 -0.087928 -0.467370 0.879678 0.951076 0.982387
  26 -22.298949 -0.982507 0.275377 -0.214450 0.244698 0.945587 0.919765 0.982387
male.bmp
  26 -22.121194 -1.321609 -0.243384 0.234655 -0.756258 -0.610746 0.906067 0.645793
  27 -22.198339 -1.330840 -0.259853 0.164755 -0.740202 -0.651887 0.908023 0.634051
  26 -22.205057 -1.014803 -0.363952 0.036479 0.164082 -0.985772 0.943249 0.645793
male.bmp
  26 -22.205057 -1.014803 -0.363952 0.036479 0.164082 -0.985772 0.943249 0.645793
  27 -22.198339 -1.330840 -0.259853 0.164755 -0.740202 -0.651887 0.908023 0.634051
  27 -22.284281 -1.021904 -0.360215 -0.028824 0.252607 -0.967139 0.943249 0.634051
male.bmp
  27 -22.198339 -1.330840 -0.259853 0.164755 -0.740202 -0.651887 0.908023 0.634051
  27 -23.109482 -1.470172 -0.274195 0.072440 -0.746493 -0.661439 0.904110 0.542074
  27 -22.284281 -1.021904 -0.360215 -0.028824 0.252607 -0.967139 0.943249 0.634051
male.bmp
  27 -22.284281 -1.021904 -0.360215 -0.028824 0.252607 -0.967139 0.943249 0.634051
  27 -23.109482 -1.470172 -0.274195 0.072440 -0.746493 -0.661439 0.904110 0.542074
  27 -23.167775 -1.196092 -0.370018 -0.118806 0.246055 -0.961947 0.943249 0.534247
male.bmp
  27 -23.109482 -1.470172 -0.274195 0.072440 -0.746493 -0.661439 0.904110 0.542074
  28 -23.289029 -1.482542 -0.252297 0.092570 -0.747396 -0.657899 0.908023 0.518591
  27 -23.167775 -1.196092 -0.370018 -0.118806 0.246055 -0.961947 0.943249 0.534247
male.bmp
  27 -23.167775 -1.196092 -0.370018 -0.118806 0.246055 -0.961947 0.943249 0.534247
  28 -23.289029 -1.482542 -0.252297 0.092570 -0.747396 -0.657899 0.908023 0.518591
  28 -23.355313 -1.218937 -0.336671 -0.130289 0.343789 -0.929964 0.941292 0.510763
male.bmp
  28 -23.289029 -1.482542 -0.252297 0.092570 -0.747396 -0.657899 0.908023 0.518591
  28 -23.740575 -1.434185 -0.348564 -0.087950 -0.221235 -0.971247 0.923679 0.414873
  28 -23.355313 -1.218937 -0.336671 -0.130289 0.343789 -0.929964 0.941292 0.510763
male.bmp
  28 -23.355313 -1.218937 -0.336671 -0.130289 0.343789 -0.929964 0.941292 0.510763
  28 -23.740575 -1.434185 -0.348564 -0.087950 -0.221235 -0.971247 0.923679 0.414873
  28 -23.907533 -1.358007 -0.287556 -0.492916 0.364667 -0.789970 0.941292 0.395303
male.bmp
  28 -23.740575 -1.434185 -0.348564 -0.087950 -0.221235 -0.971247 0.923679 0.414873
  28 -23.953905 -1.476276 -0.252031 -0.671303 -0.293869 -0.680436 0.925636 0.385519
  28 -23.907533 -1.358007 -0.287556 -0.492916 0.364667 -0.789970 0.941292 0.395303
male.bmp
  28 -23.907533 -1.358007 -0.287556 -0.492916 0.364667 -0.789970 0.941292 0.395303
  28 -23.953905 -1.476276 -0.252031 -0.671303 -0.293869 -0.680436 0.925636 0.385519
  28 -24.106472 -1.445031 -0.003742 -0.984685 -0.166398 -0.052032 0.925636 0.365949
male.bmp
  28 -23.953905 -1.476276 -0.252031 -0.671303 -0.293869 -0.680436 0.925636 0.385519
  28 -23.853059 -1.613893 -0.204160 -0.229775 -0.857345 -0.460612 0.904110 0.393346
  28 -24.106472 -1.445031 -0.003742 -0.984685 -0.166398 -0.052032 0.925636 0.365949
male.bmp
  28 -24.106472 -1.445031 -0.003742 -0.984685 -0.166398 -0.052032 0.925636 0.365949
  28 -23.853059 -1.613893 -0.204160 -0.229775 -0.857345 -0.460612 0.904110 0.393346
  28 -24.003611 -1.592362 0.045380 -0.631279 -0.771286 0.081268 0.904110 0.373777
male.bmp
  28 -23.853059 -1.613893 -0.204160 -0.229775 -0.857345 -0.460612 0.904110 0.393346
  28 -23.862191 -1.635698 0.040669 -0.006058 -0.964495 0.264031 0.888454 0.393346
  28 -24.003611 -1.592362 0.045380 -0.631279 -0.771286 0.081268 0.904110 0.373777
male.bmp
  20 -22.306456 0.640770 0.186054 -0.502252 -0.825644 0.257012 0.882583 0.643836
  21 -22.310634 0.719759 -0.120605 -0.196460 -0.687819 -0.698790 0.908023 0.634051
  20 -22.228988 0.694712 -0.105131 -0.184949 -0.721850 -0.666878 0.906067 0.645793
male.bmp
  20 -22.228988 0.694712 -0.105131 -0.184949 -0.721850 -0.666878 0.906067 0.645793
  21 -22.310634 0.719759 -0.120605 -0.196460 -0.687819 -0.698790 0.908023 0.634051
  21 -22.237117 0.998426 -0.203913 0.112394 0.216259 -0.969845 0.943249 0.634051
male.bmp
  21 -22.310634 0.719759 -0.120605 -0.196460 -0.687819 -0.698790 0.908023 0.634051
  21 -23.320880 0.970120 -0.102629 -0.246121 -0.752306 -0.611113 0.904110 0.542074
  21 -22.237117 0.998426 -0.203913 0.112394 0.216259 -0.969845 0.943249 0.634051
male.bmp
  21 -22.237117 0.998426 -0.203913 0.112394 0.216259 -0.969845 0.943249 0.634051
  21 -23.320880 0.970120 -0.102629 -0.246121 -0.752306 -0.611113 0.904110 0.542074
  21 -23.272546 1.229668 -0.200090 -0.001964 0.231011 -0.972949 0.943249 0.534247
male.bmp
  21 -23.320880 0.970120 -0.102629 -0.246121 -0.752306 -0.611113 0.904110 0.542074
  22 -23.476706 1.035796 -0.103201 -0.221580 -0.737831 -0.637579 0.908023 0.518591
  21 -23.272546 1.229668 -0.200090 -0.001964 0.231011 -0.972949 0.943249 0.534247
male.bmp
  21 -23.272546 1.229668 -0.200090 -0.001964 0.231011 -0.972949 0.943249 0.534247
  22 -23.476706 1.035796 -0.103201 -0.221580 -0.737831 -0.637579 0.908023 0.518591
  22 -23.412993 1.277307 -0.175401 0.014602 0.307400 -0.951468 0.941292 0.510763
male.bmp
  22 -23.476706 1.035796 -0.103201 -0.221580 -0.737831 -0.637579 0.908023 0.518591
  22 -23.933375 1.260577 -0.186430 -0.212890 -0.169888 -0.962193 0.923679 0.414873
  22 -23.412993 1.277307 -0.175401 0.014602 0.307400 -0.951468 0.941292 0.510763
male.bmp
  22 -23.412993 1.277307 -0.175401 0.014602 0.307400 -0.951468 0.941292 0.510763
  22 -23.933375 1.260577 -0.186430 -0.212890 -0.169888 -0.962193 0.923679 0.414873
  22 -24.049351 1.418208 -0.121607 -0.366336 0.512374 -0.776705 0.941292 0.395303
male.bmp
  22 -23.933375 1.260577 -0.186430 -0.212890 -0.169888 -0.962193 0.923679 0.414873
  22 -24.121797 1.340494 -0.085383 -0.805935 0.030063 -0.591240 0.925636 0.385519
  22 -24.049351 1.418208 -0.121607 -0.366336 0.512374 -0.776705 0.941292 0.395303
male.bmp
  22 -24.049351 1.418208 -0.121607 -0.366336 0.512374 -0.776705 0.941292 0.395303
  22 -24.121797 1.340494 -0.085383 -0.805935 0.030063 -0.591240 0.925636 0.385519
  22 -24.211610 1.415409 0.157972 -0.976850 0.204063 0.064203 0.925636 0.365949
male.bmp
  22 -24.121797 1.340494 -0.085383 -0.805935 0.030063 -0.591240 0.925636 0.385519
  22 -24.093222 1.174470 -0.039344 -0.610068 -0.676291 -0.412854 0.904110 0.393346
  22 -24.211610 1.415409 0.157972 -0.976850 0.204063 0.064203 0.925636 0.365949
male.bmp
  22 -24.211610 1.415409 0.157972 -0.976850 0.204063 0.064203 0.925636 0.365949
  22 -24.093222 1.174470 -0.039344 -0.610068 -0.676291 -0.412854 0.904110 0.393346
  22 -24.192242 1.254616 0.213385 -0.846117 -0.432163 0.311963 0.904110 0.373777
male.bmp
  22 -24.093222 1.174470 -0.039344 -0.610068 -0.676291 -0.412854 0.904110 0.393346
  22 -24.071312 1.159642 0.182468 -0.373687 -0.852459 0.365612 0.888454 0.393346
  22 -24.192242 1.254616 0.213385 -0.846117 -0.432163 0.311963 0.904110 0.373777
male.bmp
  29 -21.795919 1.544930 0.094791 -0.886157 -0.425251 0.184087 0.495108 0.481409
  29 -21.068005 1.165639 -0.363553 -0.524831 -0.394009 -0.754526 0.575342 0.469667
  19 -20.965739 0.994378 -0.092024 -0.734013 0.597993 0.321916 0.567515 0.481409
male.bmp
  19 -20.965739 0.994378 -0.092024 -0.734013 0.597993 0.321916 0.567515 0.481409
  29 -21.068005 1.165639 -0.363553 -0.524831 -0.394009 -0.754526 0.575342 0.469667
  29 -21.055703 0.938415 -0.211180 -0.870521 0.145136 -0.470243 0.583170 0.487280
male.bmp
  29 -21.068005 1.165639 -0.363553 -0.524831 -0.394009 -0.754526 0.575342 0.469667
  19 -20.604122 0.671482 -0.760583 -0.211168 -0.232810 -0.949320 0.622309 0.495108
  29 -21.055703 0.938415 -0.211180 -0.870521 0.145136 -0.470243 0.583170 0.487280
male.bmp
  29 -21.055703 0.938415 -0.211180 -0.870521 0.145136 -0.470243 0.583170 0.487280
  19 -20.604122 0.671482 -0.760583 -0.211168 -0.232810 -0.949320 0.622309 0.495108
  20 -21.268278 0.760761 -0.390217 -0.286415 0.286197 -0.914362 0.567515 0.506849
male.bmp
  19 -20.604122 0.671482 -0.760583 -0.211168 -0.232810 -0.949320 0.622309 0.495108
  19 -20.878208 0.074224 -0.495328 -0.156400 -0.231599 -0.960157 0.622309 0.551859
  20 -21.268278 0.760761 -0.390217 -0.286415 0.286197 -0.914362 0.567515 0.506849
male.bmp
  20 -21.268278 0.760761 -0.390217 -0.286415 0.286197 -0.914362 0.567515 0.506849
  19 -20.878208 0.074224 -0.495328 -0.156400 -0.231599 -0.960157 0.622309 0.551859
  20 -21.526478 0.494761 -0.214215 -0.421245 -0.634949 -0.647606 0.561644 0.532290
male.bmp
  19 -20.878208 0.074224 -0.495328 -0.156400 -0.231599 -0.960157 0.622309 0.551859
  20 -21.370169 0.189818 -0.192374 -0.848674 0.043826 -0.527097 0.579256 0.559687
  20 -21.526478 0.494761 -0.214215 -0.421245 -0.634949 -0.647606 0.561644 0.532290
male.bmp
  20 -21.526478 0.494761 -0.214215 -0.421245 -0.634949 -0.647606 0.561644 0.532290
  20 -21.370169 0.189818 -0.192374 -0.848674 0.043826 -0.527097 0.579256 0.559687
  20 -21.195219 0.307636 0.324165 -0.681821 0.413597 0.603372 0.563601 0.555773
male.bmp
  20 -21.370169 0.189818 -0.192374 -0.848674 0.043826 -0.527097 0.579256 0.559687
  23 -21.519263 -0.047475 -0.381636 -0.227194 0.211962 -0.950502 0.577299 0.583170
  20 -21.195219 0.307636 0.324165 -0.681821 0.413597 0.603372 0.563601 0.555773
male.bmp
  20 -21.195219 0.307636 0.324165 -0.681821 0.413597 0.603372 0.563601 0.555773
  23 -21.519263 -0.047475 -0.381636 -0.227194 0.211962 -0.950502 0.577299 0.583170
  23 -22.602146 0.248054 -0.009446 -0.615357 0.740869 -0.269163 0.491194 0.589041
male.bmp
  23 -21.519263 -0.047475 -0.381636 -0.227194 0.211962 -0.950502 0.577299 0.583170
  23 -22.515635 -0.029577 -0.287180 -0.500054 0.185718 -0.845846 0.502935 0.610568
  23 -22.602146 0.248054 -0.009446 -0.615357 0.740869 -0.269163 0.491194 0.589041
male.bmp
  23 -22.602146 0.248054 -0.009446 -0.615357 0.740869 -0.269163 0.491194 0.589041
  23 -22.515635 -0.029577 -0.287180 -0.500054 0.185718 -0.845846 0.502935 0.610568
  23 -22.601774 0.194434 -0.014418 -0.964952 0.035656 -0.259992 0.487280 0.592955
male.bmp
  23 -22.515635 -0.029577 -0.287180 -0.500054 0.185718 -0.845846 0.502935 0.610568
  23 -22.541342 -0.041636 -0.219403 -0.924638 -0.016213 -0.380502 0.500978 0.614481
  23 -22.601774 0.194434 -0.014418 -0.964952 0.035656 -0.259992 0.487280 0.592955
male.bmp
  20 -22.263937 0.840302 0.387496 -0.875646 0.018683 0.482591 0.606654 0.252446
  20 -22.239690 0.815422 0.434327 -0.516068 -0.144513 0.844269 0.612524 0.250489
  20 -22.211948 1.033933 0.360958 -0.875627 0.333583 0.349283 0.610568 0.272016
male.bmp
  20 -22.211948 1.033933 0.360958 -0.875627 0.333583 0.349283 0.610568 0.272016
  20 -22.239690 0.815422 0.434327 -0.516068 -0.144513 0.844269 0.612524 0.250489
  20 -22.198843 1.044751 0.409032 -0.445420 0.415428 0.793108 0.614481 0.272016
male.bmp
  20 -22.239690 0.815422 0.434327 -0.516068 -0.144513 0.844269 0.612524 0.250489
  19 -21.140396 0.699871 0.250408 -0.112046 0.188815 0.975600 0.712329 0.246575
  20 -22.198843 1.044751 0.409032 -0.445420 0.415428 0.793108 0.614481 0.272016
male.bmp
  20 -22.198843 1.044751 0.409032 -0.445420 0.415428 0.793108 0.614481 0.272016
  19 -21.140396 0.699871 0.250408 -0.112046 0.188815 0.975600 0.712329 0.246575
  20 -22.142284 1.215578 0.274054 -0.250877 0.864854 0.434844 0.618395 0.285714
male.bmp
  19 -21.140396 0.699871 0.250408 -0.112046 0.188815 0.975600 0.712329 0.246575
  19 -20.983673 0.925393 0.135615 -0.190486 0.677578 0.710354 0.726027 0.268102
  20 -22.142284 1.215578 0.274054 -0.250877 0.864854 0.434844 0.618395 0.285714
male.bmp
  20 -22.142284 1.215578 0.274054 -0.250877 0.864854 0.434844 0.618395 0.285714
  19 -20.983673 0.925393 0.135615 -0.190486 0.677578 0.710354 0.726027 0.268102
  19 -20.965739 0.994378 -0.092024 -0.734013 0.597993 0.321916 0.726027 0.281800
male.bmp
  19 -20.983673 0.925393 0.135615 -0.190486 0.677578 0.710354 0.726027 0.268102
  19 -20.867378 1.181913 0.018683 -0.362713 0.371830 0.854507 0.733855 0.291585
  19 -20.965739 0.994378 -0.092024 -0.734013 0.597993 0.321916 0.726027 0.281800
male.bmp
  19 -20.965739 0.994378 -0.092024 -0.734013 0.597993 0.321916 0.726027 0.281800
  19 -20.867378 1.181913 0.018683 -0.362713 0.371830 0.854507 0.733855 0.291585
  29 -21.733609 1.727253 0.273049 -0.644766 0.066868 0.761450 0.651663 0.330724
male.bmp
  19 -20.867378 1.181913 0.018683 -0.362713 0.371830 0.854507 0.733855 0.291585
  19 -20.757159 1.484726 -0.154106 -0.002721 0.535355 0.844622 0.741683 0.318982
  29 -21.733609 1.727253 0.273049 -0.644766 0.066868 0.761450 0.651663 0.330724
male.bmp
  29 -21.733609 1.727253 0.273049 -0.644766 0.066868 0.761450 0.651663 0.330724
  19 -20.757159 1.484726 -0.154106 -0.002721 0.535355 0.844622 0.741683 0.318982
  29 -21.652496 1.911577 0.251952 -0.412274 0.526271 0.743686 0.657534 0.354207
male.bmp
  19 -20.757159 1.484726 -0.154106 -0.002721 0.535355 0.844622 0.741683 0.318982
  29 -21.538843 2.075828 0.137914 -0.050430 0.903064 0.426535 0.667319 0.369863
  29 -21.652496 1.911577 0.251952 -0.412274 0.526271 0.743686 0.657534 0.354207
male.bmp
  29 -21.652496 1.911577 0.251952 -0.412274 0.526271 0.743686 0.657534 0.354207
  29 -21.538843 2.075828 0.137914 -0.050430 0.903064 0.426535 0.667319 0.369863
  29 -21.682203 1.877119 0.201652 -0.818714 0.516089 0.251715 0.653620 0.354207
male.bmp
  29 -21.538843 2.075828 0.137914 -0.050430 0.903064 0.426535 0.667319 0.369863
  29 -21.583790 2.054678 0.107378 -0.541889 0.809155 0.227211 0.659491 0.371820
  29 -21.682203 1.877119 0.201652 -0.818714 0.516089 0.251715 0.653620 0.354207
male.bmp
  19 -17.617697 0.340165 -0.723202 0.520947 -0.093779 0.848422 0.704501 0.769080
  19 -17.443345 0.579828 -0.782891 0.829888 -0.219920 0.512758 0.706458 0.784736
  19 -17.568845 0.559942 -0.689864 0.600526 -0.263933 0.754790 0.698630 0.780822
male.bmp
  19 -17.568845 0.559942 -0.689864 0.600526 -0.263933 0.754790 0.698630 0.780822
  19 -17.443345 0.579828 -0.782891 0.829888 -0.219920 0.512758 0.706458 0.784736
  19 -17.613965 0.719817 -0.591863 0.516577 -0.563209 0.644937 0.692759 0.792564
male.bmp
  19 -17.443345 0.579828 -0.782891 0.829888 -0.219920 0.512758 0.706458 0.784736
  19 -17.429489 0.809476 -0.661360 0.820773 -0.384227 0.422731 0.698630 0.802348
  19 -17.613965 0.719817 -0.591863 0.516577 -0.563209 0.644937 0.692759 0.792564
male.bmp
  19 -17.613965 0.719817 -0.591863 0.516577 -0.563209 0.644937 0.692759 0.792564
  19 -17.429489 0.809476 -0.661360 0.820773 -0.384227 0.422731 0.698630 0.802348
  19 -17.621036 0.809501 -0.461837 0.543999 -0.749296 0.377652 0.681018 0.800391
male.bmp
  19 -17.429489 0.809476 -0.661360 0.820773 -0.384227 0.422731 0.698630 0.802348
  19 -17.439265 0.939038 -0.481310 0.842039 -0.477300 0.251308 0.684932 0.810176
  19 -17.621036 0.809501 -0.461837 0.543999 -0.749296 0.377652 0.681018 0.800391
male.bmp
  19 -17.621036 0.809501 -0.461837 0.543999 -0.749296 0.377652 0.681018 0.800391
  19 -17.439265 0.939038 -0.481310 0.842039 -0.477300 0.251308 0.684932 0.810176
  19 -17.629940 0.849113 -0.301988 0.612792 -0.790158 0.011668 0.671233 0.806262
male.bmp
  19 -17.439265 0.939038 -0.481310 0.842039 -0.477300 0.251308 0.684932 0.810176
  19 -17.441537 0.988475 -0.260968 0.874284 -0.483080 0.047555 0.669276 0.818004
  19 -17.629940 0.849113 -0.301988 0.612792 -0.790158 0.011668 0.671233 0.806262
male.bmp
  19 -17.629940 0.849113 -0.301988 0.612792 -0.790158 0.011668 0.671233 0.806262
  19 -17.441537 0.988475 -0.260968 0.874284 -0.483080 0.047555 0.669276 0.818004
  19 -17.675719 0.688083 0.145755 0.765223 -0.610573 -0.204044 0.636008 0.794521
male.bmp
  19 -17.441537 0.988475 -0.260968 0.874284 -0.483080 0.047555 0.669276 0.818004
  19 -17.503386 0.867208 0.296140 0.916800 -0.385350 -0.104798 0.624266 0.810176
  19 -17.675719 0.688083 0.145755 0.765223 -0.610573 -0.204044 0.636008 0.794521
male.bmp
  19 -17.675719 0.688083 0.145755 0.765223 -0.610573 -0.204044 0.636008 0.794521
  19 -17.503386 0.867208 0.296140 0.916800 -0.385350 -0.104798 0.624266 0.810176
  19 -17.725530 0.296909 0.652807 0.768169 -0.401896 -0.498392 0.594912 0.765166
male.bmp
  19 -17.503386 0.867208 0.296140 0.916800 -0.385350 -0.104798 0.624266 0.810176
  19 -17.565126 0.385992 0.832348 0.918096 -0.251216 -0.306579 0.581213 0.772994
  19 -17.725530 0.296909 0.652807 0.768169 -0.401896 -0.498392 0.594912 0.765166
male.bmp
  19 -17.725530 0.296909 0.652807 0.768169 -0.401896 -0.498392 0.594912 0.765166
  19 -17.565126 0.385992 0.832348 0.918096 -0.251216 -0.306579 0.581213 0.772994
  19 -17.748283 -0.233542 0.850554 0.634429 -0.034552 -0.772209 0.579256 0.724070
male.bmp
  19 -17.565126 0.385992 0.832348 0.918096 -0.251216 -0.306579 0.581213 0.772994
  19 -17.575360 -0.244368 0.980480 0.880513 -0.022522 -0.473487 0.569472 0.722114
  19 -17.748283 -0.233542 0.850554 0.634429 -0.034552 -0.772209 0.579256 0.724070
male.bmp
  18 -16.096582 0.811176 -0.620323 -0.078398 0.754549 -0.651544 0.223092 0.125245
  18 -14.209919 1.112803 -0.615224 -0.089052 0.830164 -0.550360 0.236791 0.234834
  18 -16.083986 0.603010 -0.792393 -0.065271 0.580603 -0.811567 0.205479 0.123288
male.bmp
  18 -16.083986 0.603010 -0.792393 -0.065271 0.580603 -0.811567 0.205479 0.123288
  18 -14.209919 1.112803 -0.615224 -0.089052 0.830164 -0.550360 0.236791 0.234834
  18 -14.160147 0.318737 -1.163114 -0.084824 0.223960 -0.970900 0.183953 0.230920
male.bmp
  18 -14.209919 1.112803 -0.615224 -0.089052 0.830164 -0.550360 0.236791 0.234834
  18 -12.330829 1.215533 -0.732124 -0.012911 0.815731 -0.578287 0.228963 0.340509
  18 -14.160147 0.318737 -1.163114 -0.084824 0.223960 -0.970900 0.183953 0.230920
male.bmp
  18 -14.160147 0.318737 -1.163114 -0.084824 0.223960 -0.970900 0.183953 0.230920
  18 -12.330829 1.215533 -0.732124 -0.012911 0.815731 -0.578287 0.228963 0.340509
  18 -12.199089 0.252604 -1.301606 -0.019532 0.162989 -0.986435 0.170254 0.340509
male.bmp
  18 -12.330829 1.215533 -0.732124 -0.012911 0.815731 -0.578287 0.228963 0.340509
  18 -9.659352 1.095551 -0.670357 0.112022 0.792945 -0.598906 0.227006 0.471624
  18 -12.199089 0.252604 -1.301606 -0.019532 0.162989 -0.986435 0.170254 0.340509
male.bmp
  18 -12.199089 0.252604 -1.301606 -0.019532 0.162989 -0.986435 0.170254 0.340509
  18 -9.659352 1.095551 -0.670357 0.112022 0.792945 -0.598906 0.227006 0.471624
  18 -9.606645 0.052112 -1.280732 0.078836 0.135322 -0.987660 0.170254 0.469667
male.bmp
  18 -9.659352 1.095551 -0.670357 0.112022 0.792945 -0.598906 0.227006 0.471624
  18 -9.064409 -0.047091 -1.225245 -0.006211 0.162020 -0.986768 0.172211 0.495108
  18 -9.606645 0.052112 -1.280732 0.078836 0.135322 -0.987660 0.170254 0.469667
male.bmp
  18 -9.606645 0.052112 -1.280732 0.078836 0.135322 -0.987660 0.170254 0.469667
  18 -9.064409 -0.047091 -1.225245 -0.006211 0.162020 -0.986768 0.172211 0.495108
  18 -9.704718 -1.022216 -0.971536 -0.036451 -0.579749 -0.813980 0.107632 0.471624
male.bmp
  18 -9.064409 -0.047091 -1.225245 -0.006211 0.162020 -0.986768 0.172211 0.495108
  18 -9.187896 -1.128031 -0.976006 -0.208349 -0.581038 -0.786756 0.095890 0.497065
  18 -9.704718 -1.022216 -0.971536 -0.036451 -0.579749 -0.813980 0.107632 0.471624
male.bmp
  18 -9.704718 -1.022216 -0.971536 -0.036451 -0.579749 -0.813980 0.107632 0.471624
  18 -9.187896 -1.128031 -0.976006 -0.208349 -0.581038 -0.786756 0.095890 0.497065
  18 -9.199154 -1.594895 -0.126643 -0.205999 -0.952933 -0.222449 0.052838 0.497065
male.bmp
  18 -9.187896 -1.128031 -0.976006 -0.208349 -0.581038 -0.786756 0.095890 0.497065
  18 -8.688457 -1.784282 -0.092891 -0.268581 -0.944818 -0.187572 0.052838 0.522505
  18 -9.199154 -1.594895 -0.126643 -0.205999 -0.952933 -0.222449 0.052838 0.497065
male.bmp
  18 -9.199154 -1.594895 -0.126643 -0.205999 -0.952933 -0.222449 0.052838 0.497065
  18 -8.688457 -1.784282 -0.092891 -0.268581 -0.944818 -0.187572 0.052838 0.522505
  18 -8.724836 -1.694508 0.826901 -0.268659 -0.867703 0.418227 0.007828 0.528376
male.bmp
  18 -8.688457 -1.784282 -0.092891 -0.268581 -0.944818 -0.187572 0.052838 0.522505
  18 -5.330170 -2.349198 0.887969 -0.140572 -0.890185 0.433371 0.007828 0.675147
  18 -8.724836 -1.694508 0.826901 -0.268659 -0.867703 0.418227 0.007828 0.528376
male.bmp
  4 22.221194 1.230895 0.018852 -0.183642 0.907400 -0.378023 0.872798 0.970646
  4 22.260937 1.221979 0.241879 -0.108540 0.897627 0.427182 0.894325 0.966732
  4 23.256003 1.465770 0.029023 -0.179743 0.925100 -0.334488 0.878669 0.825832
male.bmp
  4 23.256003 1.465770 0.029023 -0.179743 0.925100 -0.334488 0.878669 0.825832
  4 22.260937 1.221979 0.241879 -0.108540 0.897627 0.427182 0.894325 0.966732
  4 23.303821 1.463114 0.229787 -0.163697 0.892143 0.421051 0.894325 0.814090
male.bmp
  4 22.260937 1.221979 0.241879 -0.108540 0.897627 0.427182 0.894325 0.966732
  4 22.311577 1.079397 0.368394 0.006928 0.375679 0.926724 0.919765 0.964775
  4 23.303821 1.463114 0.229787 -0.163697 0.892143 0.421051 0.894325 0.814090
male.bmp
  4 23.303821 1.463114 0.229787 -0.163697 0.892143 0.421051 0.894325 0.814090
  4 22.311577 1.079397 0.368394 0.006928 0.375679 0.926724 0.919765 0.964775
  4 23.370497 1.340307 0.372170 0.003614 0.322538 0.946550 0.921722 0.814090
male.bmp
  4 22.311577 1.079397 0.368394 0.006928 0.375679 0.926724 0.919765 0.964775
  4 23.411554 1.136594 0.338775 0.146656 -0.472960 0.868793 0.949119 0.818004
  4 23.370497 1.340307 0.372170 0.003614 0.322538 0.946550 0.921722 0.814090
male.bmp
  4 23.370497 1.340307 0.372170 0.003614 0.322538 0.946550 0.921722 0.814090
  4 23.411554 1.136594 0.338775 0.146656 -0.472960 0.868793 0.949119 0.818004
  5 23.821506 1.245635 0.298818 0.131023 -0.207567 0.969407 0.949119 0.747554
male.bmp
  4 23.411554 1.136594 0.338775 0.146656 -0.472960 0.868793 0.949119 0.818004
  5 24.071764 1.186411 0.202574 0.376045 -0.851638 0.365108 0.968689 0.706458
  5 23.821506 1.245635 0.298818 0.131023 -0.207567 0.969407 0.949119 0.747554
male.bmp
  5 23.821506 1.245635 0.298818 0.131023 -0.207567 0.969407 0.949119 0.747554
  5 24.071764 1.186411 0.202574 0.376045 -0.851638 0.365108 0.968689 0.706458
  5 24.106723 1.302142 0.306421 0.319319 -0.329805 0.888405 0.956947 0.688845
male.bmp
  5 24.071764 1.186411 0.202574 0.376045 -0.851638 0.365108 0.968689 0.706458
  5 24.183476 1.276263 0.223721 0.847701 -0.430716 0.309656 0.956947 0.673190
  5 24.106723 1.302142 0.306421 0.319319 -0.329805 0.888405 0.956947 0.688845
male.bmp
  5 24.106723 1.302142 0.306421 0.319319 -0.329805 0.888405 0.956947 0.688845
  5 24.183476 1.276263 0.223721 0.847701 -0.430716 0.309656 0.956947 0.673190
  5 24.139052 1.455090 0.284936 0.837336 0.235892 0.493177 0.923679 0.671233
male.bmp
  5 24.183476 1.276263 0.223721 0.847701 -0.430716 0.309656 0.956947 0.673190
  5 24.211772 1.442278 0.177477 0.976755 0.205498 0.060995 0.925636 0.661448
  5 24.139052 1.455090 0.284936 0.837336 0.235892 0.493177 0.923679 0.671233
male.bmp
  5 24.139052 1.455090 0.284936 0.837336 0.235892 0.493177 0.923679 0.671233
  5 24.211772 1.442278 0.177477 0.976755 0.205498 0.060995 0.925636 0.661448
  5 24.151115 1.552746 0.132563 0.705509 0.695916 -0.134007 0.898239 0.667319
male.bmp
  14 23.033278 2.315660 0.182638 0.548616 -0.749826 0.369840 0.888454 0.393346
  14 23.052588 2.325536 -0.014921 0.740341 -0.551429 -0.384475 0.904110 0.393346
  14 23.108767 2.413958 0.194423 0.917656 -0.220543 0.330558 0.904110 0.373777
male.bmp
  14 23.108767 2.413958 0.194423 0.917656 -0.220543 0.330558 0.904110 0.373777
  14 23.052588 2.325536 -0.014921 0.740341 -0.551429 -0.384475 0.904110 0.393346
  14 23.104272 2.556507 0.137331 0.888039 0.453163 0.077651 0.925636 0.365949
male.bmp
  14 23.052588 2.325536 -0.014921 0.740341 -0.551429 -0.384475 0.904110 0.393346
  14 23.042649 2.457529 -0.059406 0.733359 0.168259 -0.658691 0.925636 0.385519
  14 23.104272 2.556507 0.137331 0.888039 0.453163 0.077651 0.925636 0.365949
male.bmp
  14 23.104272 2.556507 0.137331 0.888039 0.453163 0.077651 0.925636 0.365949
  14 23.042649 2.457529 -0.059406 0.733359 0.168259 -0.658691 0.925636 0.385519
  14 22.955775 2.496118 -0.096339 0.205610 0.524257 -0.826365 0.941292 0.395303
male.bmp
  14 23.042649 2.457529 -0.059406 0.733359 0.168259 -0.658691 0.925636 0.385519
  14 22.873289 2.340347 -0.135472 0.270740 -0.241143 -0.931960 0.923679 0.414873
  14 22.955775 2.496118 -0.096339 0.205610 0.524257 -0.826365 0.941292 0.395303
male.bmp
  14 22.955775 2.496118 -0.096339 0.205610 0.524257 -0.826365 0.941292 0.395303
  14 22.873289 2.340347 -0.135472 0.270740 -0.241143 -0.931960 0.923679 0.414873
  14 22.515644 2.297469 -0.151313 -0.026576 0.295196 -0.955067 0.941292 0.510763
male.bmp
  14 22.873289 2.340347 -0.135472 0.270740 -0.241143 -0.931960 0.923679 0.414873
  14 22.599448 2.107113 -0.076204 0.439430 -0.697690 -0.565800 0.908023 0.518591
  14 22.515644 2.297469 -0.151313 -0.026576 0.295196 -0.955067 0.941292 0.510763
male.bmp
  14 22.515644 2.297469 -0.151313 -0.026576 0.295196 -0.955067 0.941292 0.510763
  14 22.599448 2.107113 -0.076204 0.439430 -0.697690 -0.565800 0.908023 0.518591
  13 22.409870 2.235551 -0.184549 0.035301 0.276453 -0.960379 0.943249 0.534247
male.bmp
  14 22.599448 2.107113 -0.076204 0.439430 -0.697690 -0.565800 0.908023 0.518591
  13 22.504607 2.042485 -0.097653 0.505009 -0.648016 -0.570123 0.904110 0.542074
  13 22.409870 2.235551 -0.184549 0.035301 0.276453 -0.960379 0.943249 0.534247
male.bmp
  13 22.409870 2.235551 -0.184549 0.035301 0.276453 -0.960379 0.943249 0.534247
  13 22.504607 2.042485 -0.097653 0.505009 -0.648016 -0.570123 0.904110 0.542074
  13 21.791734 1.683043 -0.203077 0.547217 -0.547618 -0.632984 0.908023 0.634051
male.bmp
  13 22.504607 2.042485 -0.097653 0.505009 -0.648016 -0.570123 0.904110 0.542074
  13 21.851526 1.642571 0.072218 0.490015 -0.811950 0.317212 0.888454 0.628180
  13 21.791734 1.683043 -0.203077 0.547217 -0.547618 -0.632984 0.908023 0.634051
male.bmp
  13 21.791734 1.683043 -0.203077 0.547217 -0.547618 -0.632984 0.908023 0.634051
  13 21.851526 1.642571 0.072218 0.490015 -0.811950 0.317212 0.888454 0.628180
  12 21.799959 1.602970 0.082535 0.550896 -0.786887 0.278068 0.882583 0.643836
male.bmp
  2 17.978525 -0.345464 -0.880505 -0.825674 0.263194 0.498991 0.876712 0.360078
  2 17.976104 -0.365270 -0.910536 -0.889927 -0.270135 -0.367501 0.864971 0.360078
  2 17.983723 -0.445912 -0.811344 -0.829205 0.302493 0.470018 0.876712 0.381605
male.bmp
  2 17.983723 -0.445912 -0.811344 -0.829205 0.302493 0.470018 0.876712 0.381605
  2 17.976104 -0.365270 -0.910536 -0.889927 -0.270135 -0.367501 0.864971 0.360078
  2 17.980515 -0.465654 -0.851343 -0.876732 -0.307618 -0.369745 0.864971 0.381605
male.bmp
  2 17.976104 -0.365270 -0.910536 -0.889927 -0.270135 -0.367501 0.864971 0.360078
  2 18.014376 -0.375245 -0.933683 -0.039777 -0.540006 -0.840720 0.853229 0.360078
  2 17.980515 -0.465654 -0.851343 -0.876732 -0.307618 -0.369745 0.864971 0.381605
male.bmp
  2 17.980515 -0.465654 -0.851343 -0.876732 -0.307618 -0.369745 0.864971 0.381605
  2 18.014376 -0.375245 -0.933683 -0.039777 -0.540006 -0.840720 0.853229 0.360078
  2 18.019573 -0.475693 -0.864521 -0.058839 -0.598608 -0.798878 0.853229 0.381605
male.bmp
  2 18.014376 -0.375245 -0.933683 -0.039777 -0.540006 -0.840720 0.853229 0.360078
  2 18.055856 -0.365477 -0.916830 0.823112 -0.271998 -0.498501 0.841487 0.360078
  2 18.019573 -0.475693 -0.864521 -0.058839 -0.598608 -0.798878 0.853229 0.381605
male.bmp
  2 18.019573 -0.475693 -0.864521 -0.058839 -0.598608 -0.798878 0.853229 0.381605
  2 18.055856 -0.365477 -0.916830 0.823112 -0.271998 -0.498501 0.841487 0.360078
  2 18.060267 -0.465861 -0.857637 0.805283 -0.325623 -0.495469 0.841487 0.381605
male.bmp
  2 18.055856 -0.365477 -0.916830 0.823112 -0.271998 -0.498501 0.841487 0.360078
  2 18.058277 -0.345670 -0.886799 0.882789 0.277146 0.379308 0.829746 0.360078
  2 18.060267 -0.465861 -0.857637 0.805283 -0.325623 -0.495469 0.841487 0.381605
male.bmp
  2 18.060267 -0.465861 -0.857637 0.805283 -0.325623 -0.495469 0.841487 0.381605
  2 18.058277 -0.345670 -0.886799 0.882789 0.277146 0.379308 0.829746 0.360078
  2 18.063474 -0.446118 -0.817637 0.896735 0.295224 0.329710 0.829746 0.381605
male.bmp
  2 18.058277 -0.345670 -0.886799 0.882789 0.277146 0.379308 0.829746 0.360078
  2 18.020005 -0.335696 -0.863652 0.073734 0.529453 0.845129 0.818004 0.360078
  2 18.063474 -0.446118 -0.817637 0.896735 0.295224 0.329710 0.829746 0.381605
male.bmp
  2 18.063474 -0.446118 -0.817637 0.896735 0.295224 0.329710 0.829746 0.381605
  2 18.020005 -0.335696 -0.863652 0.073734 0.529453 0.845129 0.818004 0.360078
  2 18.024416 -0.436080 -0.804460 0.070188 0.598955 0.797701 0.818004 0.381605
male.bmp
  2 18.020005 -0.335696 -0.863652 0.073734 0.529453 0.845129 0.818004 0.360078
  2 17.978525 -0.345464 -0.880505 -0.825674 0.263194 0.498991 0.808219 0.360078
  2 18.024416 -0.436080 -0.804460 0.070188 0.598955 0.797701 0.818004 0.381605
male.bmp
  2 18.024416 -0.436080 -0.804460 0.070188 0.598955 0.797701 0.818004 0.381605
  2 17.978525 -0.345464 -0.880505 -0.825674 0.263194 0.498991 0.808219 0.360078
  2 17.983723 -0.445912 -0.811344 -0.829205 0.302493 0.470018 0.808219 0.381605
male.bmp
  2 17.983723 -0.445912 -0.811344 -0.829205 0.302493 0.470018 0.876712 0.381605
  2 17.980515 -0.465654 -0.851343 -0.876732 -0.307618 -0.369745 0.864971 0.381605
  2 17.989707 -0.546424 -0.732214 -0.848370 0.376182 0.372498 0.876712 0.405088
male.bmp
  2 17.989707 -0.546424 -0.732214 -0.848370 0.376182 0.372498 0.876712 0.405088
  2 17.980515 -0.465654 -0.851343 -0.876732 -0.307618 -0.369745 0.864971 0.381605
  2 17.988041 -0.576295 -0.752338 -0.846375 -0.458684 -0.270663 0.864971 0.405088
male.bmp
  2 17.980515 -0.465654 -0.851343 -0.876732 -0.307618 -0.369745 0.864971 0.381605
  2 18.019573 -0.475693 -0.864521 -0.058839 -0.598608 -0.798878 0.853229 0.381605
  2 17.988041 -0.576295 -0.752338 -0.846375 -0.458684 -0.270663 0.864971 0.405088
male.bmp
  2 17.988041 -0.576295 -0.752338 -0.846375 -0.458684 -0.270663 0.864971 0.405088
  2 18.019573 -0.475693 -0.864521 -0.058839 -0.598608 -0.798878 0.853229 0.381605
  2 18.027100 -0.586333 -0.765516 -0.046951 -0.801021 -0.596792 0.853229 0.405088
male.bmp
  2 18.019573 -0.475693 -0.864521 -0.058839 -0.598608 -0.798878 0.853229 0.381605
  2 18.060267 -0.465861 -0.857637 0.805283 -0.325623 -0.495469 0.841487 0.381605
  2 18.027100 -0.586333 -0.765516 -0.046951 -0.801021 -0.596792 0.853229 0.405088
male.bmp
  2 18.027100 -0.586333 -0.765516 -0.046951 -0.801021 -0.596792 0.853229 0.405088
  2 18.060267 -0.465861 -0.857637 0.805283 -0.325623 -0.495469 0.841487 0.381605
  2 18.067793 -0.576501 -0.758632 0.796318 -0.452471 -0.401431 0.841487 0.405088
male.bmp
  2 18.060267 -0.465861 -0.857637 0.805283 -0.325623 -0.495469 0.841487 0.381605
  2 18.063474 -0.446118 -0.817637 0.896735 0.295224 0.329710 0.829746 0.381605
  2 18.067793 -0.576501 -0.758632 0.796318 -0.452471 -0.401431 0.841487 0.405088
male.bmp
  2 18.067793 -0.576501 -0.758632 0.796318 -0.452471 -0.401431 0.841487 0.405088
  2 18.063474 -0.446118 -0.817637 0.896735 0.295224 0.329710 0.829746 0.381605
  2 18.069458 -0.546631 -0.738508 0.901055 0.367823 0.229797 0.829746 0.405088
male.bmp
  2 18.063474 -0.446118 -0.817637 0.896735 0.295224 0.329710 0.829746 0.381605
  2 18.024416 -0.436080 -0.804460 0.070188 0.598955 0.797701 0.818004 0.381605
  2 18.069458 -0.546631 -0.738508 0.901055 0.367823 0.229797 0.829746 0.405088
male.bmp
  2 18.069458 -0.546631 -0.738508 0.901055 0.367823 0.229797 0.829746 0.405088
  2 18.024416 -0.436080 -0.804460 0.070188 0.598955 0.797701 0.818004 0.381605
  2 18.030431 -0.526592 -0.725268 0.056392 0.774309 0.630290 0.818004 0.405088
male.bmp
  2 18.024416 -0.436080 -0.804460 0.070188 0.598955 0.797701 0.818004 0.381605
  2 17.983723 -0.445912 -0.811344 -0.829205 0.302493 0.470018 0.808219 0.381605
  2 18.030431 -0.526592 -0.725268 0.056392 0.774309 0.630290 0.818004 0.405088
male.bmp
  2 18.030431 -0.526592 -0.725268 0.056392 0.774309 0.630290 0.818004 0.405088
  2 17.983723 -0.445912 -0.811344 -0.829205 0.302493 0.470018 0.808219 0.381605
  2 17.989707 -0.546424 -0.732214 -0.848370 0.376182 0.372498 0.808219 0.405088
male.bmp
  2 17.989707 -0.546424 -0.732214 -0.848370 0.376182 0.372498 0.876712 0.405088
  2 17.988041 -0.576295 -0.752338 -0.846375 -0.458684 -0.270663 0.864971 0.405088
  2 17.998960 -0.607194 -0.612961 -0.895423 0.353380 0.270814 0.876712 0.428571
male.bmp
  2 17.998960 -0.607194 -0.612961 -0.895423 0.353380 0.270814 0.876712 0.428571
  2 17.988041 -0.576295 -0.752338 -0.846375 -0.458684 -0.270663 0.864971 0.405088
  2 17.998867 -0.637193 -0.613148 -0.802084 -0.560552 -0.206015 0.864971 0.428571
male.bmp
  2 17.988041 -0.576295 -0.752338 -0.846375 -0.458684 -0.270663 0.864971 0.405088
  2 18.027100 -0.586333 -0.765516 -0.046951 -0.801021 -0.596792 0.853229 0.405088
  2 17.998867 -0.637193 -0.613148 -0.802084 -0.560552 -0.206015 0.864971 0.428571
male.bmp
  2 17.998867 -0.637193 -0.613148 -0.802084 -0.560552 -0.206015 0.864971 0.428571
  2 18.027100 -0.586333 -0.765516 -0.046951 -0.801021 -0.596792 0.853229 0.405088
  2 18.039437 -0.667360 -0.606512 -0.029564 -0.896321 -0.442420 0.853229 0.428571
male.bmp
  2 18.027100 -0.586333 -0.765516 -0.046951 -0.801021 -0.596792 0.853229 0.405088
  2 18.067793 -0.576501 -0.758632 0.796318 -0.452471 -0.401431 0.841487 0.405088
  2 18.039437 -0.667360 -0.606512 -0.029564 -0.896321 -0.442420 0.853229 0.428571
male.bmp
  2 18.039437 -0.667360 -0.606512 -0.029564 -0.896321 -0.442420 0.853229 0.428571
  2 18.067793 -0.576501 -0.758632 0.796318 -0.452471 -0.401431 0.841487 0.405088
  2 18.078619 -0.637400 -0.619441 0.771725 -0.555108 -0.310314 0.841487 0.428571
male.bmp
  2 18.067793 -0.576501 -0.758632 0.796318 -0.452471 -0.401431 0.841487 0.405088
  2 18.069458 -0.546631 -0.738508 0.901055 0.367823 0.229797 0.829746 0.405088
  2 18.078619 -0.637400 -0.619441 0.771725 -0.555108 -0.310314 0.841487 0.428571
male.bmp
  2 18.078619 -0.637400 -0.619441 0.771725 -0.555108 -0.310314 0.841487 0.428571
  2 18.069458 -0.546631 -0.738508 0.901055 0.367823 0.229797 0.829746 0.405088
  2 18.078712 -0.607400 -0.619255 0.931017 0.342508 0.126074 0.829746 0.428571
male.bmp
  2 18.069458 -0.546631 -0.738508 0.901055 0.367823 0.229797 0.829746 0.405088
  2 18.030431 -0.526592 -0.725268 0.056392 0.774309 0.630290 0.818004 0.405088
  2 18.078712 -0.607400 -0.619255 0.931017 0.342508 0.126074 0.829746 0.428571
male.bmp
  2 18.078712 -0.607400 -0.619255 0.931017 0.342508 0.126074 0.829746 0.428571
  2 18.030431 -0.526592 -0.725268 0.056392 0.774309 0.630290 0.818004 0.405088
  2 18.038897 -0.587297 -0.615984 0.044799 0.866985 0.496316 0.818004 0.428571
male.bmp
  2 18.030431 -0.526592 -0.725268 0.056392 0.774309 0.630290 0.818004 0.405088
  2 17.989707 -0.546424 -0.732214 -0.848370 0.376182 0.372498 0.808219 0.405088
  2 18.038897 -0.587297 -0.615984 0.044799 0.866985 0.496316 0.818004 0.428571
male.bmp
  2 18.038897 -0.587297 -0.615984 0.044799 0.866985 0.496316 0.818004 0.428571
  2 17.989707 -0.546424 -0.732214 -0.848370 0.376182 0.372498 0.808219 0.405088
  2 17.998960 -0.607194 -0.612961 -0.895423 0.353380 0.270814 0.808219 0.428571
male.bmp
  22 -24.071312 1.159642 0.182468 -0.373687 -0.852459 0.365612 0.968689 0.706458
  22 -24.106060 1.275269 0.286502 -0.316067 -0.330950 0.889142 0.956947 0.688845
  22 -24.192242 1.254616 0.213385 -0.846117 -0.432163 0.311963 0.956947 0.673190
male.bmp
  22 -24.192242 1.254616 0.213385 -0.846117 -0.432163 0.311963 0.956947 0.673190
  22 -24.106060 1.275269 0.286502 -0.316067 -0.330950 0.889142 0.956947 0.688845
  22 -24.148265 1.430691 0.264994 -0.836154 0.234302 0.495933 0.923679 0.671233
male.bmp
  22 -24.106060 1.275269 0.286502 -0.316067 -0.330950 0.889142 0.956947 0.688845
  22 -24.125018 1.443245 0.291489 -0.479048 0.355734 0.802475 0.925636 0.681018
  22 -24.148265 1.430691 0.264994 -0.836154 0.234302 0.495933 0.923679 0.671233
male.bmp
  22 -24.148265 1.430691 0.264994 -0.836154 0.234302 0.495933 0.923679 0.671233
  22 -24.125018 1.443245 0.291489 -0.479048 0.355734 0.802475 0.925636 0.681018
  22 -24.061593 1.561394 0.202504 -0.181445 0.868397 0.461481 0.894325 0.694716
male.bmp
  22 -24.125018 1.443245 0.291489 -0.479048 0.355734 0.802475 0.925636 0.681018
  22 -23.763262 1.361607 0.265626 -0.038824 0.353837 0.934501 0.921722 0.751468
  22 -24.061593 1.561394 0.202504 -0.181445 0.868397 0.461481 0.894325 0.694716
male.bmp
  22 -24.061593 1.561394 0.202504 -0.181445 0.868397 0.461481 0.894325 0.694716
  22 -23.763262 1.361607 0.265626 -0.038824 0.353837 0.934501 0.921722 0.751468
  22 -23.750587 1.522538 0.166932 0.124045 0.888778 0.441233 0.896282 0.747554
male.bmp
  22 -23.763262 1.361607 0.265626 -0.038824 0.353837 0.934501 0.921722 0.751468
  21 -23.371234 1.303571 0.356147 -0.001124 0.321797 0.946808 0.921722 0.814090
  22 -23.750587 1.522538 0.166932 0.124045 0.888778 0.441233 0.896282 0.747554
male.bmp
  22 -23.750587 1.522538 0.166932 0.124045 0.888778 0.441233 0.896282 0.747554
  21 -23.371234 1.303571 0.356147 -0.001124 0.321797 0.946808 0.921722 0.814090
  21 -23.302637 1.435825 0.210877 0.163736 0.892049 0.421236 0.894325 0.814090
male.bmp
  21 -23.371234 1.303571 0.356147 -0.001124 0.321797 0.946808 0.921722 0.814090
  21 -22.309660 1.052848 0.346246 -0.004574 0.374947 0.927035 0.919765 0.964775
  21 -23.302637 1.435825 0.210877 0.163736 0.892049 0.421236 0.894325 0.814090
male.bmp
  21 -23.302637 1.435825 0.210877 0.163736 0.892049 0.421236 0.894325 0.814090
  21 -22.309660 1.052848 0.346246 -0.004574 0.374947 0.927035 0.919765 0.964775
  21 -22.259518 1.195564 0.219685 0.108594 0.897449 0.427543 0.894325 0.966732
male.bmp
  21 -22.309660 1.052848 0.346246 -0.004574 0.374947 0.927035 0.919765 0.964775
  20 -22.211948 1.033933 0.360958 -0.092221 0.406979 0.908770 0.919765 0.982387
  21 -22.259518 1.195564 0.219685 0.108594 0.897449 0.427543 0.894325 0.966732
male.bmp
  21 -22.259518 1.195564 0.219685 0.108594 0.897449 0.427543 0.894325 0.966732
  20 -22.211948 1.033933 0.360958 -0.092221 0.406979 0.908770 0.919765 0.982387
  20 -22.180817 1.187463 0.253443 -0.073426 0.864953 0.496452 0.892368 0.986301
male.bmp
  18 -16.344381 -1.242649 0.458981 -0.110999 -0.907126 0.405957 0.434442 0.119374
  18 -14.441484 -1.502539 0.628508 -0.087365 -0.947065 0.308925 0.452055 0.225049
  18 -16.258890 -0.896045 0.902553 -0.153688 -0.516218 0.842555 0.401174 0.119374
male.bmp
  18 -16.258890 -0.896045 0.902553 -0.153688 -0.516218 0.842555 0.401174 0.119374
  18 -14.441484 -1.502539 0.628508 -0.087365 -0.947065 0.308925 0.452055 0.225049
  18 -14.428815 -0.928458 1.244276 -0.146199 -0.481947 0.863917 0.412916 0.227006
male.bmp
  18 -14.441484 -1.502539 0.628508 -0.087365 -0.947065 0.308925 0.452055 0.225049
  18 -12.601347 -1.523243 0.810349 -0.043088 -0.928614 0.368536 0.467710 0.332681
  18 -14.428815 -0.928458 1.244276 -0.146199 -0.481947 0.863917 0.412916 0.227006
male.bmp
  18 -14.428815 -0.928458 1.244276 -0.146199 -0.481947 0.863917 0.412916 0.227006
  18 -12.601347 -1.523243 0.810349 -0.043088 -0.928614 0.368536 0.467710 0.332681
  18 -12.589750 -0.870567 1.566907 -0.053451 -0.455354 0.888704 0.424658 0.334638
male.bmp
  18 -12.601347 -1.523243 0.810349 -0.043088 -0.928614 0.368536 0.467710 0.332681
  18 -9.840798 -1.551208 0.773127 0.034970 -0.929413 0.367382 0.467710 0.475538
  18 -12.589750 -0.870567 1.566907 -0.053451 -0.455354 0.888704 0.424658 0.334638
male.bmp
  18 -12.589750 -0.870567 1.566907 -0.053451 -0.455354 0.888704 0.424658 0.334638
  18 -9.840798 -1.551208 0.773127 0.034970 -0.929413 0.367382 0.467710 0.475538
  18 -9.798644 -0.937286 1.439328 0.047777 -0.468759 0.882033 0.428571 0.475538
male.bmp
  18 -9.840798 -1.551208 0.773127 0.034970 -0.929413 0.367382 0.467710 0.475538
  18 -9.201322 -1.504078 0.794306 -0.169038 -0.890791 0.421803 0.467710 0.504892
  18 -9.798644 -0.937286 1.439328 0.047777 -0.468759 0.882033 0.428571 0.475538
male.bmp
  18 -9.798644 -0.937286 1.439328 0.047777 -0.468759 0.882033 0.428571 0.475538
  18 -9.201322 -1.504078 0.794306 -0.169038 -0.890791 0.421803 0.467710 0.504892
  18 -9.204941 -0.848039 1.433934 -0.077928 -0.398784 0.913728 0.430528 0.504892
male.bmp
  18 -9.201322 -1.504078 0.794306 -0.169038 -0.890791 0.421803 0.467710 0.504892
  18 -8.724836 -1.694508 0.826901 -0.268659 -0.867703 0.418227 0.467710 0.532290
  18 -9.204941 -0.848039 1.433934 -0.077928 -0.398784 0.913728 0.430528 0.504892
male.bmp
  18 -9.204941 -0.848039 1.433934 -0.077928 -0.398784 0.913728 0.430528 0.504892
  18 -8.724836 -1.694508 0.826901 -0.268659 -0.867703 0.418227 0.467710 0.532290
  18 -8.634271 -1.003782 1.517478 -0.176844 -0.417607 0.891252 0.430528 0.530333
male.bmp
  18 -8.724836 -1.694508 0.826901 -0.268659 -0.867703 0.418227 0.467710 0.532290
  18 -5.241817 -1.478477 1.718534 -0.077928 -0.398784 0.913728 0.428571 0.677104
  18 -8.634271 -1.003782 1.517478 -0.176844 -0.417607 0.891252 0.430528 0.530333
male.bmp
  18 -8.634271 -1.003782 1.517478 -0.176844 -0.417607 0.891252 0.430528 0.530333
  18 -5.241817 -1.478477 1.718534 -0.077928 -0.398784 0.913728 0.428571 0.677104
  18 -5.129431 -0.557607 1.839234 -0.009030 0.112756 0.993582 0.377691 0.677104
male.bmp
  8 24.553404 -0.312163 0.271917 0.147769 -0.942858 0.298634 0.888454 0.393346
  8 24.604119 -0.306411 0.011351 0.470487 -0.799109 -0.374254 0.904110 0.393346
  8 24.703280 -0.243228 0.309134 0.791196 -0.556153 0.254369 0.904110 0.373777
male.bmp
  8 24.703280 -0.243228 0.309134 0.791196 -0.556153 0.254369 0.904110 0.373777
  8 24.604119 -0.306411 0.011351 0.470487 -0.799109 -0.374254 0.904110 0.393346
  8 24.678003 -0.160932 -0.018262 0.809188 -0.182297 -0.558553 0.925636 0.385519
male.bmp
  8 24.604119 -0.306411 0.011351 0.470487 -0.799109 -0.374254 0.904110 0.393346
  8 24.442589 -0.180768 -0.145881 0.233658 -0.276617 -0.932141 0.923679 0.414873
  8 24.678003 -0.160932 -0.018262 0.809188 -0.182297 -0.558553 0.925636 0.385519
male.bmp
  8 24.678003 -0.160932 -0.018262 0.809188 -0.182297 -0.558553 0.925636 0.385519
  8 24.442589 -0.180768 -0.145881 0.233658 -0.276617 -0.932141 0.923679 0.414873
  8 24.592436 -0.027799 -0.070739 0.481072 0.414880 -0.772298 0.941292 0.395303
male.bmp
  8 24.442589 -0.180768 -0.145881 0.233658 -0.276617 -0.932141 0.923679 0.414873
  8 23.966389 -0.032199 -0.185394 0.058929 0.284339 -0.956911 0.941292 0.510763
  8 24.592436 -0.027799 -0.070739 0.481072 0.414880 -0.772298 0.941292 0.395303
male.bmp
  8 24.592436 -0.027799 -0.070739 0.481072 0.414880 -0.772298 0.941292 0.395303
  8 23.966389 -0.032199 -0.185394 0.058929 0.284339 -0.956911 0.941292 0.510763
  7 23.878496 0.197213 0.034913 0.046657 0.960553 -0.274155 0.970646 0.524462
male.bmp
  8 23.966389 -0.032199 -0.185394 0.058929 0.284339 -0.956911 0.941292 0.510763
  7 23.744509 -0.053359 -0.194350 0.051712 0.217247 -0.974746 0.943249 0.534247
  7 23.878496 0.197213 0.034913 0.046657 0.960553 -0.274155 0.970646 0.524462
male.bmp
  7 23.878496 0.197213 0.034913 0.046657 0.960553 -0.274155 0.970646 0.524462
  7 23.744509 -0.053359 -0.194350 0.051712 0.217247 -0.974746 0.943249 0.534247
  7 22.720380 0.200979 -0.034749 0.030151 0.941968 -0.334347 0.972603 0.628180
male.bmp
  7 23.744509 -0.053359 -0.194350 0.051712 0.217247 -0.974746 0.943249 0.534247
  7 22.635497 -0.047110 -0.250495 0.079484 0.179747 -0.980496 0.943249 0.634051
  7 22.720380 0.200979 -0.034749 0.030151 0.941968 -0.334347 0.972603 0.628180
male.bmp
  7 22.720380 0.200979 -0.034749 0.030151 0.941968 -0.334347 0.972603 0.628180
  7 22.635497 -0.047110 -0.250495 0.079484 0.179747 -0.980496 0.943249 0.634051
  6 22.603131 0.199572 -0.052963 0.092777 0.870553 -0.483249 0.974560 0.639922
male.bmp
  7 22.635497 -0.047110 -0.250495 0.079484 0.179747 -0.980496 0.943249 0.634051
  6 22.542771 -0.035666 -0.258923 0.107819 0.180838 -0.977585 0.943249 0.645793
  6 22.603131 0.199572 -0.052963 0.092777 0.870553 -0.483249 0.974560 0.639922
male.bmp
  9 22.155421 -1.375783 0.036946 0.068664 -0.968186 0.240627 0.978474 0.988258
  10 22.257416 -1.362811 0.035606 -0.041277 -0.948290 0.314708 0.978474 0.974560
  9 22.230638 -1.168154 0.251031 0.095854 -0.469700 0.877607 0.951076 0.982387
male.bmp
  9 22.230638 -1.168154 0.251031 0.095854 -0.469700 0.877607 0.951076 0.982387
  10 22.257416 -1.362811 0.035606 -0.041277 -0.948290 0.314708 0.978474 0.974560
  10 22.308129 -1.193167 0.235479 -0.021218 -0.487242 0.873009 0.951076 0.964775
male.bmp
  10 22.257416 -1.362811 0.035606 -0.041277 -0.948290 0.314708 0.978474 0.974560
  10 23.230892 -1.545142 0.035424 -0.163008 -0.954928 0.248074 0.972603 0.829746
  10 22.308129 -1.193167 0.235479 -0.021218 -0.487242 0.873009 0.951076 0.964775
male.bmp
  10 22.308129 -1.193167 0.235479 -0.021218 -0.487242 0.873009 0.951076 0.964775
  10 23.230892 -1.545142 0.035424 -0.163008 -0.954928 0.248074 0.972603 0.829746
  10 23.277452 -1.398739 0.208046 -0.021218 -0.487242 0.873009 0.949119 0.818004
male.bmp
  10 23.230892 -1.545142 0.035424 -0.163008 -0.954928 0.248074 0.972603 0.829746
  11 23.853920 -1.631017 0.038274 0.005244 -0.964557 0.263824 0.968689 0.706458
  10 23.277452 -1.398739 0.208046 -0.021218 -0.487242 0.873009 0.949119 0.818004
male.bmp
  10 23.277452 -1.398739 0.208046 -0.021218 -0.487242 0.873009 0.949119 0.818004
  11 23.853920 -1.631017 0.038274 0.005244 -0.964557 0.263824 0.968689 0.706458
  11 23.648890 -1.472368 0.138737 -0.002436 -0.411753 0.911292 0.949119 0.747554
male.bmp
  11 23.853920 -1.631017 0.038274 0.005244 -0.964557 0.263824 0.968689 0.706458
  11 23.946400 -1.565013 0.140698 0.263874 -0.604657 0.751505 0.956947 0.688845
  11 23.648890 -1.472368 0.138737 -0.002436 -0.411753 0.911292 0.949119 0.747554
male.bmp
  11 23.648890 -1.472368 0.138737 -0.002436 -0.411753 0.911292 0.949119 0.747554
  11 23.946400 -1.565013 0.140698 0.263874 -0.604657 0.751505 0.956947 0.688845
  11 23.642086 -1.299982 0.187075 0.166123 0.189092 0.967805 0.921722 0.751468
male.bmp
  11 23.946400 -1.565013 0.140698 0.263874 -0.604657 0.751505 0.956947 0.688845
  11 24.047333 -1.419824 0.152246 0.717340 0.019554 0.696449 0.925636 0.681018
  11 23.642086 -1.299982 0.187075 0.166123 0.189092 0.967805 0.921722 0.751468
male.bmp
  11 23.642086 -1.299982 0.187075 0.166123 0.189092 0.967805 0.921722 0.751468
  11 24.047333 -1.419824 0.152246 0.717340 0.019554 0.696449 0.925636 0.681018
  11 24.023016 -1.254183 0.040122 0.617959 0.679548 0.395400 0.894325 0.694716
male.bmp
  11 24.047333 -1.419824 0.152246 0.717340 0.019554 0.696449 0.925636 0.681018
  11 24.055112 -1.436663 0.114089 0.931619 -0.216234 0.292111 0.923679 0.671233
  11 24.023016 -1.254183 0.040122 0.617959 0.679548 0.395400 0.894325 0.694716
male.bmp
  2 17.897517 -1.088480 -0.357280 -0.731802 -0.509601 -0.452518 0.283757 0.888454
  2 18.252404 -1.109089 -0.435570 0.486367 -0.584715 -0.649274 0.287671 0.843444
  2 18.267612 -1.280371 -0.237250 0.519100 -0.738943 -0.429533 0.305284 0.841487
male.bmp
  2 18.267612 -1.280371 -0.237250 0.519100 -0.738943 -0.429533 0.305284 0.841487
  2 18.252404 -1.109089 -0.435570 0.486367 -0.584715 -0.649274 0.287671 0.843444
  2 18.278820 -1.049657 -0.357021 0.408912 -0.575960 -0.707857 0.287671 0.833659
male.bmp
  2 18.252404 -1.109089 -0.435570 0.486367 -0.584715 -0.649274 0.287671 0.843444
  2 18.233759 -0.777488 -0.682742 0.479723 -0.439244 -0.759559 0.244618 0.843444
  2 18.278820 -1.049657 -0.357021 0.408912 -0.575960 -0.707857 0.287671 0.833659
male.bmp
  2 18.278820 -1.049657 -0.357021 0.408912 -0.575960 -0.707857 0.287671 0.833659
  2 18.233759 -0.777488 -0.682742 0.479723 -0.439244 -0.759559 0.244618 0.843444
  2 18.258601 -0.717927 -0.624130 0.479723 -0.439244 -0.759559 0.242661 0.833659
male.bmp
  2 18.233759 -0.777488 -0.682742 0.479723 -0.439244 -0.759559 0.244618 0.843444
  2 18.222407 -0.376469 -0.839760 0.431575 -0.201362 -0.879316 0.199609 0.841487
  2 18.258601 -0.717927 -0.624130 0.479723 -0.439244 -0.759559 0.242661 0.833659
male.bmp
  2 18.258601 -0.717927 -0.624130 0.479723 -0.439244 -0.759559 0.242661 0.833659
  2 18.222407 -0.376469 -0.839760 0.431575 -0.201362 -0.879316 0.199609 0.841487
  2 18.246432 -0.326844 -0.791178 0.467105 -0.184639 -0.864709 0.199609 0.833659
male.bmp
  2 18.222407 -0.376469 -0.839760 0.431575 -0.201362 -0.879316 0.199609 0.841487
  2 18.240154 0.443845 -0.896055 0.612069 0.057248 -0.788729 0.091977 0.839530
  2 18.246432 -0.326844 -0.791178 0.467105 -0.184639 -0.864709 0.199609 0.833659
male.bmp
  2 18.246432 -0.326844 -0.791178 0.467105 -0.184639 -0.864709 0.199609 0.833659
  2 18.240154 0.443845 -0.896055 0.612069 0.057248 -0.788729 0.091977 0.839530
  2 18.245629 0.433395 -0.826335 0.612069 0.057248 -0.788729 0.091977 0.829746
male.bmp
  2 18.240154 0.443845 -0.896055 0.612069 0.057248 -0.788729 0.091977 0.839530
  2 18.235644 0.683479 -0.833966 0.638949 0.326308 -0.696611 0.070450 0.839530
  2 18.245629 0.433395 -0.826335 0.612069 0.057248 -0.788729 0.091977 0.829746
male.bmp
  2 18.245629 0.433395 -0.826335 0.612069 0.057248 -0.788729 0.091977 0.829746
  2 18.235644 0.683479 -0.833966 0.638949 0.326308 -0.696611 0.070450 0.839530
  2 18.239484 0.653158 -0.784308 0.638949 0.326308 -0.696611 0.072407 0.829746
male.bmp
  2 18.235644 0.683479 -0.833966 0.638949 0.326308 -0.696611 0.070450 0.839530
  2 18.251112 0.852254 -0.643502 0.605482 0.470961 -0.641550 0.050881 0.829746
  2 18.239484 0.653158 -0.784308 0.638949 0.326308 -0.696611 0.072407 0.829746
male.bmp
  2 17.590075 -0.216291 1.056922 -0.803597 0.006319 0.595140 0.704501 0.710372
  2 17.601847 -0.995064 0.850343 -0.932254 0.220135 -0.287129 0.692759 0.759295
  2 17.594870 -1.045294 0.890694 -0.758051 -0.303778 0.577129 0.694716 0.763209
male.bmp
  2 17.594870 -1.045294 0.890694 -0.758051 -0.303778 0.577129 0.694716 0.763209
  2 17.601847 -0.995064 0.850343 -0.932254 0.220135 -0.287129 0.692759 0.759295
  2 17.566283 -1.302227 0.409791 -0.896158 0.431716 -0.102576 0.663405 0.776908
male.bmp
  2 17.601847 -0.995064 0.850343 -0.932254 0.220135 -0.287129 0.692759 0.759295
  2 17.733859 -1.152477 0.367441 -0.670576 0.690320 -0.271636 0.661448 0.769080
  2 17.566283 -1.302227 0.409791 -0.896158 0.431716 -0.102576 0.663405 0.776908
male.bmp
  2 17.566283 -1.302227 0.409791 -0.896158 0.431716 -0.102576 0.663405 0.776908
  2 17.733859 -1.152477 0.367441 -0.670576 0.690320 -0.271636 0.661448 0.769080
  2 17.538069 -1.350720 0.180984 -0.892380 0.445789 0.070210 0.651663 0.778865
male.bmp
  2 17.733859 -1.152477 0.367441 -0.670576 0.690320 -0.271636 0.661448 0.769080
  2 17.718760 -1.201253 0.177723 -0.656007 0.752056 0.063766 0.651663 0.769080
  2 17.538069 -1.350720 0.180984 -0.892380 0.445789 0.070210 0.651663 0.778865
male.bmp
  2 17.538069 -1.350720 0.180984 -0.892380 0.445789 0.070210 0.651663 0.778865
  2 17.718760 -1.201253 0.177723 -0.656007 0.752056 0.063766 0.651663 0.769080
  2 17.534689 -1.258844 -0.119095 -0.881198 0.409749 0.235787 0.632094 0.774951
male.bmp
  2 17.718760 -1.201253 0.177723 -0.656007 0.752056 0.063766 0.651663 0.769080
  2 17.708556 -1.109609 -0.081694 -0.667402 0.628458 0.399519 0.636008 0.765166
  2 17.534689 -1.258844 -0.119095 -0.881198 0.409749 0.235787 0.632094 0.774951
male.bmp
  2 17.534689 -1.258844 -0.119095 -0.881198 0.409749 0.235787 0.632094 0.774951
  2 17.708556 -1.109609 -0.081694 -0.667402 0.628458 0.399519 0.636008 0.765166
  2 17.527878 -1.087460 -0.338141 -0.866303 0.319604 0.383891 0.618395 0.767123
male.bmp
  2 17.708556 -1.109609 -0.081694 -0.667402 0.628458 0.399519 0.636008 0.765166
  2 17.704923 -0.928481 -0.260802 -0.648023 0.511167 0.564600 0.622309 0.757339
  2 17.527878 -1.087460 -0.338141 -0.866303 0.319604 0.383891 0.618395 0.767123
male.bmp
  2 17.527878 -1.087460 -0.338141 -0.866303 0.319604 0.383891 0.618395 0.767123
  2 17.704923 -0.928481 -0.260802 -0.648023 0.511167 0.564600 0.622309 0.757339
  2 17.499077 -0.815832 -0.584897 -0.825674 0.263194 0.498991 0.602740 0.749511
male.bmp
  2 17.704923 -0.928481 -0.260802 -0.648023 0.511167 0.564600 0.622309 0.757339
  2 17.747478 -0.657164 -0.493128 -0.496635 0.454170 0.739650 0.608611 0.739726
  2 17.499077 -0.815832 -0.584897 -0.825674 0.263194 0.498991 0.602740 0.749511
male.bmp
  2 17.455166 -0.254482 -0.778437 -0.656373 -0.477243 0.584306 0.724070 0.718200
  2 17.435566 0.365683 -0.792952 -0.792597 -0.071082 0.605589 0.714286 0.767123
  2 17.441234 -0.264134 -0.827557 -0.791512 -0.537487 -0.290887 0.727984 0.718200
male.bmp
  2 17.441234 -0.264134 -0.827557 -0.791512 -0.537487 -0.290887 0.727984 0.718200
  2 17.435566 0.365683 -0.792952 -0.792597 -0.071082 0.605589 0.714286 0.767123
  2 17.421788 0.406030 -0.841761 -0.890988 -0.016836 -0.453715 0.720157 0.769080
male.bmp
  2 17.435566 0.365683 -0.792952 -0.792597 -0.071082 0.605589 0.714286 0.767123
  2 17.429514 0.615446 -0.750738 -0.819456 -0.216002 0.530881 0.706458 0.784736
  2 17.421788 0.406030 -0.841761 -0.890988 -0.016836 -0.453715 0.720157 0.769080
male.bmp
  2 17.421788 0.406030 -0.841761 -0.890988 -0.016836 -0.453715 0.720157 0.769080
  2 17.429514 0.615446 -0.750738 -0.819456 -0.216002 0.530881 0.706458 0.784736
  2 17.405767 0.655818 -0.798760 -0.881291 0.125559 -0.455589 0.710372 0.786693
male.bmp
  2 17.429514 0.615446 -0.750738 -0.819456 -0.216002 0.530881 0.706458 0.784736
  2 17.419693 0.834721 -0.628172 -0.813289 -0.380222 0.440445 0.698630 0.802348
  2 17.405767 0.655818 -0.798760 -0.881291 0.125559 -0.455589 0.710372 0.786693
male.bmp
  2 17.405767 0.655818 -0.798760 -0.881291 0.125559 -0.455589 0.710372 0.786693
  2 17.419693 0.834721 -0.628172 -0.813289 -0.380222 0.440445 0.698630 0.802348
  2 17.396763 0.885029 -0.666165 -0.886551 0.308374 -0.344866 0.702544 0.806262
male.bmp
  2 17.419693 0.834721 -0.628172 -0.813289 -0.380222 0.440445 0.698630 0.802348
  2 17.412170 1.033803 -0.475826 -0.881147 0.444732 -0.160602 0.686888 0.814090
  2 17.396763 0.885029 -0.666165 -0.886551 0.308374 -0.344866 0.702544 0.806262
male.bmp
  2 17.396763 0.885029 -0.666165 -0.886551 0.308374 -0.344866 0.702544 0.806262
  2 17.412170 1.033803 -0.475826 -0.881147 0.444732 -0.160602 0.686888 0.814090
  2 17.460504 1.053802 -0.499573 -0.183419 0.878790 -0.440551 0.690802 0.821918
male.bmp
  2 17.412170 1.033803 -0.475826 -0.881147 0.444732 -0.160602 0.686888 0.814090
  2 17.429659 1.092387 -0.256139 -0.861018 0.500703 0.089138 0.671233 0.823875
  2 17.460504 1.053802 -0.499573 -0.183419 0.878790 -0.440551 0.690802 0.821918
male.bmp
  2 17.460504 1.053802 -0.499573 -0.183419 0.878790 -0.440551 0.690802 0.821918
  2 17.429659 1.092387 -0.256139 -0.861018 0.500703 0.089138 0.671233 0.823875
  2 17.478779 1.112322 -0.269917 -0.173010 0.984765 -0.017483 0.673190 0.829746
male.bmp
  2 17.429659 1.092387 -0.256139 -0.861018 0.500703 0.089138 0.671233 0.823875
  2 17.546264 0.968350 0.335737 -0.047524 0.887967 0.457446 0.622309 0.819961
  2 17.478779 1.112322 -0.269917 -0.173010 0.984765 -0.017483 0.673190 0.829746
male.bmp
  1 16.252713 -0.856626 0.918868 0.153940 -0.516951 0.842059 0.401174 0.119374
  1 14.426621 -0.881068 1.271273 0.146693 -0.482643 0.863445 0.412916 0.227006
  1 14.444198 -1.451427 0.651126 0.083673 -0.947480 0.308676 0.452055 0.225049
male.bmp
  1 14.444198 -1.451427 0.651126 0.083673 -0.947480 0.308676 0.452055 0.225049
  1 14.426621 -0.881068 1.271273 0.146693 -0.482643 0.863445 0.412916 0.227006
  1 12.596354 -1.465731 0.853784 0.039690 -0.928806 0.368434 0.467710 0.332681
male.bmp
  1 14.426621 -0.881068 1.271273 0.146693 -0.482643 0.863445 0.412916 0.227006
  1 12.590960 -0.825433 1.603777 0.054163 -0.455587 0.888542 0.424658 0.334638
  1 12.596354 -1.465731 0.853784 0.039690 -0.928806 0.368434 0.467710 0.332681
male.bmp
  1 12.596354 -1.465731 0.853784 0.039690 -0.928806 0.368434 0.467710 0.332681
  1 12.590960 -0.825433 1.603777 0.054163 -0.455587 0.888542 0.424658 0.334638
  1 9.845378 -1.492467 0.817491 -0.038375 -0.929214 0.367543 0.467710 0.475538
male.bmp
  1 12.590960 -0.825433 1.603777 0.054163 -0.455587 0.888542 0.424658 0.334638
  1 9.798924 -0.861845 1.487983 -0.047155 -0.468485 0.882212 0.428571 0.475538
  1 9.845378 -1.492467 0.817491 -0.038375 -0.929214 0.367543 0.467710 0.475538
male.bmp
  1 9.845378 -1.492467 0.817491 -0.038375 -0.929214 0.367543 0.467710 0.475538
  1 9.798924 -0.861845 1.487983 -0.047155 -0.468485 0.882212 0.428571 0.475538
  1 9.180571 -1.427427 0.831655 0.137581 -0.890861 0.432940 0.467710 0.504892
male.bmp
  1 9.798924 -0.861845 1.487983 -0.047155 -0.468485 0.882212 0.428571 0.475538
  1 9.214880 -0.777726 1.481356 0.076113 -0.402769 0.912131 0.430528 0.504892
  1 9.180571 -1.427427 0.831655 0.137581 -0.890861 0.432940 0.467710 0.504892
male.bmp
  1 9.180571 -1.427427 0.831655 0.137581 -0.890861 0.432940 0.467710 0.504892
  1 9.214880 -0.777726 1.481356 0.076113 -0.402769 0.912131 0.430528 0.504892
  1 8.633726 -0.930491 1.566919 0.181786 -0.421174 0.888575 0.430528 0.530333
male.bmp
  1 9.214880 -0.777726 1.481356 0.076113 -0.402769 0.912131 0.430528 0.504892
  1 8.485755 -0.048566 1.678339 0.090824 0.099672 0.990867 0.377691 0.532290
  1 8.633726 -0.930491 1.566919 0.181786 -0.421174 0.888575 0.430528 0.530333
male.bmp
  1 8.633726 -0.930491 1.566919 0.181786 -0.421174 0.888575 0.430528 0.530333
  1 8.485755 -0.048566 1.678339 0.090824 0.099672 0.990867 0.377691 0.532290
  1 5.142256 -0.466938 1.900335 0.012932 0.112741 0.993540 0.377691 0.677104
male.bmp
  1 8.485755 -0.048566 1.678339 0.090824 0.099672 0.990867 0.377691 0.532290
  1 5.031366 0.564476 1.511376 -0.067131 0.679946 0.730183 0.338552 0.677104
  1 5.142256 -0.466938 1.900335 0.012932 0.112741 0.993540 0.377691 0.677104
male.bmp
  29 -21.620352 1.821882 -0.280140 0.023915 0.289109 -0.956997 0.943249 0.645793
  30 -21.670015 1.854042 -0.271010 0.051758 0.310827 -0.949056 0.943249 0.634051
  29 -21.583202 1.998020 -0.086760 0.399554 0.758944 -0.514161 0.974560 0.639922
male.bmp
  29 -21.583202 1.998020 -0.086760 0.399554 0.758944 -0.514161 0.974560 0.639922
  30 -21.670015 1.854042 -0.271010 0.051758 0.310827 -0.949056 0.943249 0.634051
  30 -21.648551 2.040499 -0.070079 0.396249 0.803931 -0.443487 0.972603 0.628180
male.bmp
  30 -21.670015 1.854042 -0.271010 0.051758 0.310827 -0.949056 0.943249 0.634051
  30 -22.405646 2.219291 -0.202893 -0.006877 0.261413 -0.965202 0.943249 0.534247
  30 -21.648551 2.040499 -0.070079 0.396249 0.803931 -0.443487 0.972603 0.628180
male.bmp
  30 -21.648551 2.040499 -0.070079 0.396249 0.803931 -0.443487 0.972603 0.628180
  30 -22.405646 2.219291 -0.202893 -0.006877 0.261413 -0.965202 0.943249 0.534247
  30 -22.360961 2.407858 0.005542 0.362917 0.892133 -0.269055 0.970646 0.524462
male.bmp
  30 -22.405646 2.219291 -0.202893 -0.006877 0.261413 -0.965202 0.943249 0.534247
  31 -22.512582 2.283456 -0.185950 0.054759 0.280441 -0.958308 0.941292 0.510763
  30 -22.360961 2.407858 0.005542 0.362917 0.892133 -0.269055 0.970646 0.524462
male.bmp
  30 -22.360961 2.407858 0.005542 0.362917 0.892133 -0.269055 0.970646 0.524462
  31 -22.512582 2.283456 -0.185950 0.054759 0.280441 -0.958308 0.941292 0.510763
  31 -22.945732 2.477210 -0.146691 -0.181868 0.510709 -0.840298 0.941292 0.395303
male.bmp
  31 -22.512582 2.283456 -0.185950 0.054759 0.280441 -0.958308 0.941292 0.510763
  31 -22.861661 2.321121 -0.180870 -0.241624 -0.256446 -0.935871 0.923679 0.414873
  31 -22.945732 2.477210 -0.146691 -0.181868 0.510709 -0.840298 0.941292 0.395303
male.bmp
  31 -22.945732 2.477210 -0.146691 -0.181868 0.510709 -0.840298 0.941292 0.395303
  31 -22.861661 2.321121 -0.180870 -0.241624 -0.256446 -0.935871 0.923679 0.414873
  31 -23.037912 2.430262 -0.109292 -0.713473 0.155635 -0.683180 0.925636 0.385519
male.bmp
  31 -22.861661 2.321121 -0.180870 -0.241624 -0.256446 -0.935871 0.923679 0.414873
  31 -23.048830 2.298943 -0.063075 -0.726778 -0.559733 -0.398112 0.904110 0.393346
  31 -23.037912 2.430262 -0.109292 -0.713473 0.155635 -0.683180 0.925636 0.385519
male.bmp
  31 -23.037912 2.430262 -0.109292 -0.713473 0.155635 -0.683180 0.925636 0.385519
  31 -23.048830 2.298943 -0.063075 -0.726778 -0.559733 -0.398112 0.904110 0.393346
  31 -23.110426 2.545018 0.080636 -0.891247 0.451418 0.043596 0.925636 0.365949
male.bmp
  31 -23.048830 2.298943 -0.063075 -0.726778 -0.559733 -0.398112 0.904110 0.393346
  31 -23.111588 2.390417 0.143066 -0.926658 -0.218379 0.305966 0.904110 0.373777
  31 -23.110426 2.545018 0.080636 -0.891247 0.451418 0.043596 0.925636 0.365949
male.bmp
  23 -22.541342 -0.041636 -0.219403 -0.103591 0.181030 -0.978007 0.943249 0.645793
  24 -22.613401 -0.047350 -0.208980 -0.057862 0.179570 -0.982042 0.943249 0.634051
  23 -22.601774 0.194434 -0.014418 -0.088353 0.870762 -0.483702 0.974560 0.639922
male.bmp
  23 -22.601774 0.194434 -0.014418 -0.088353 0.870762 -0.483702 0.974560 0.639922
  24 -22.613401 -0.047350 -0.208980 -0.057862 0.179570 -0.982042 0.943249 0.634051
  24 -22.714714 0.197462 -0.004278 -0.026484 0.941887 -0.334884 0.972603 0.628180
male.bmp
  24 -22.613401 -0.047350 -0.208980 -0.057862 0.179570 -0.982042 0.943249 0.634051
  24 -23.733862 -0.061199 -0.187125 -0.030386 0.217187 -0.975657 0.943249 0.534247
  24 -22.714714 0.197462 -0.004278 -0.026484 0.941887 -0.334884 0.972603 0.628180
male.bmp
  24 -22.714714 0.197462 -0.004278 -0.026484 0.941887 -0.334884 0.972603 0.628180
  24 -23.733862 -0.061199 -0.187125 -0.030386 0.217187 -0.975657 0.943249 0.534247
  24 -23.883302 0.181938 0.051941 -0.044436 0.960393 -0.275083 0.970646 0.524462
male.bmp
  24 -23.733862 -0.061199 -0.187125 -0.030386 0.217187 -0.975657 0.943249 0.534247
  25 -23.957474 -0.040157 -0.177538 -0.038290 0.284244 -0.957987 0.941292 0.510763
  24 -23.883302 0.181938 0.051941 -0.044436 0.960393 -0.275083 0.970646 0.524462
male.bmp
  24 -23.883302 0.181938 0.051941 -0.044436 0.960393 -0.275083 0.970646 0.524462
  25 -23.957474 -0.040157 -0.177538 -0.038290 0.284244 -0.957987 0.941292 0.510763
  25 -24.586011 -0.042954 -0.075885 -0.465073 0.412984 -0.783040 0.941292 0.395303
male.bmp
  25 -23.957474 -0.040157 -0.177538 -0.038290 0.284244 -0.957987 0.941292 0.510763
  25 -24.434904 -0.196498 -0.147237 -0.211175 -0.277445 -0.937246 0.923679 0.414873
  25 -24.586011 -0.042954 -0.075885 -0.465073 0.412984 -0.783040 0.941292 0.395303
male.bmp
  25 -24.586011 -0.042954 -0.075885 -0.465073 0.412984 -0.783040 0.941292 0.395303
  25 -24.434904 -0.196498 -0.147237 -0.211175 -0.277445 -0.937246 0.923679 0.414873
  25 -24.663383 -0.175616 -0.025743 -0.795468 -0.185607 -0.576871 0.925636 0.385519
male.bmp
  25 -24.434904 -0.196498 -0.147237 -0.211175 -0.277445 -0.937246 0.923679 0.414873
  25 -24.590718 -0.318565 0.015309 -0.458459 -0.801024 -0.384936 0.904110 0.393346
  25 -24.663383 -0.175616 -0.025743 -0.795468 -0.185607 -0.576871 0.925636 0.385519
male.bmp
  25 -24.663383 -0.175616 -0.025743 -0.795468 -0.185607 -0.576871 0.925636 0.385519
  25 -24.590718 -0.318565 0.015309 -0.458459 -0.801024 -0.384936 0.904110 0.393346
  25 -24.697395 -0.248209 0.298100 -0.794443 -0.559516 0.236224 0.904110 0.373777
male.bmp
  25 -24.590718 -0.318565 0.015309 -0.458459 -0.801024 -0.384936 0.904110 0.393346
  25 -24.556712 -0.327454 0.267628 -0.150573 -0.943521 0.295122 0.888454 0.393346
  25 -24.697395 -0.248209 0.298100 -0.794443 -0.559516 0.236224 0.904110 0.373777
male.bmp
  28 -24.053276 -1.439101 0.116403 -0.931536 -0.215099 0.293211 0.923679 0.671233
  28 -24.055226 -1.424259 0.154821 -0.716528 0.020524 0.697256 0.925636 0.681018
  28 -24.032864 -1.248955 0.041382 -0.616728 0.680340 0.395959 0.894325 0.694716
male.bmp
  28 -24.032864 -1.248955 0.041382 -0.616728 0.680340 0.395959 0.894325 0.694716
  28 -24.055226 -1.424259 0.154821 -0.716528 0.020524 0.697256 0.925636 0.681018
  28 -23.649786 -1.303594 0.199071 -0.164811 0.189485 0.967953 0.921722 0.751468
male.bmp
  28 -24.055226 -1.424259 0.154821 -0.716528 0.020524 0.697256 0.925636 0.681018
  28 -23.954460 -1.568284 0.153104 -0.263717 -0.604195 0.751932 0.956947 0.688845
  28 -23.649786 -1.303594 0.199071 -0.164811 0.189485 0.967953 0.921722 0.751468
male.bmp
  28 -23.649786 -1.303594 0.199071 -0.164811 0.189485 0.967953 0.921722 0.751468
  28 -23.954460 -1.568284 0.153104 -0.263717 -0.604195 0.751932 0.956947 0.688845
  28 -23.656860 -1.477265 0.140860 0.002993 -0.411566 0.911375 0.949119 0.747554
male.bmp
  28 -23.954460 -1.568284 0.153104 -0.263717 -0.604195 0.751932 0.956947 0.688845
  28 -23.862191 -1.635698 0.040669 -0.006058 -0.964495 0.264031 0.968689 0.706458
  28 -23.656860 -1.477265 0.140860 0.002993 -0.411566 0.911375 0.949119 0.747554
male.bmp
  28 -23.656860 -1.477265 0.140860 0.002993 -0.411566 0.911375 0.949119 0.747554
  28 -23.862191 -1.635698 0.040669 -0.006058 -0.964495 0.264031 0.968689 0.706458
  27 -23.285139 -1.401631 0.220727 0.021643 -0.487084 0.873087 0.949119 0.818004
male.bmp
  28 -23.862191 -1.635698 0.040669 -0.006058 -0.964495 0.264031 0.968689 0.706458
  27 -23.240962 -1.538410 0.046831 0.162187 -0.955064 0.248090 0.972603 0.829746
  27 -23.285139 -1.401631 0.220727 0.021643 -0.487084 0.873087 0.949119 0.818004
male.bmp
  27 -23.285139 -1.401631 0.220727 0.021643 -0.487084 0.873087 0.949119 0.818004
  27 -23.240962 -1.538410 0.046831 0.162187 -0.955064 0.248090 0.972603 0.829746
  27 -22.315526 -1.198446 0.237077 0.021643 -0.487084 0.873087 0.951076 0.964775
male.bmp
  27 -23.240962 -1.538410 0.046831 0.162187 -0.955064 0.248090 0.972603 0.829746
  27 -22.265240 -1.368191 0.037181 0.040543 -0.948271 0.314862 0.978474 0.974560
  27 -22.315526 -1.198446 0.237077 0.021643 -0.487084 0.873087 0.951076 0.964775
male.bmp
  27 -22.315526 -1.198446 0.237077 0.021643 -0.487084 0.873087 0.951076 0.964775
  27 -22.265240 -1.368191 0.037181 0.040543 -0.948271 0.314862 0.978474 0.974560
  26 -22.228990 -1.175861 0.260538 -0.087928 -0.467370 0.879678 0.951076 0.982387
male.bmp
  27 -22.265240 -1.368191 0.037181 0.040543 -0.948271 0.314862 0.978474 0.974560
  26 -22.159362 -1.374602 0.044773 -0.070803 -0.967314 0.243495 0.978474 0.988258
  26 -22.228990 -1.175861 0.260538 -0.087928 -0.467370 0.879678 0.951076 0.982387
male.bmp
  19 -17.762770 -0.679976 -0.513516 0.515605 0.452363 0.727681 0.608611 0.739726
  19 -17.716618 -0.960709 -0.281227 0.663359 0.508258 0.549207 0.622309 0.757339
  19 -17.507421 -0.840450 -0.609669 0.838096 0.259190 0.480016 0.602740 0.749511
male.bmp
  19 -17.507421 -0.840450 -0.609669 0.838096 0.259190 0.480016 0.602740 0.749511
  19 -17.716618 -0.960709 -0.281227 0.663359 0.508258 0.549207 0.622309 0.757339
  19 -17.541706 -1.120970 -0.371902 0.876460 0.315208 0.363953 0.618395 0.767123
male.bmp
  19 -17.716618 -0.960709 -0.281227 0.663359 0.508258 0.549207 0.622309 0.757339
  19 -17.716723 -1.141149 -0.111399 0.679703 0.625209 0.383559 0.636008 0.765166
  19 -17.541706 -1.120970 -0.371902 0.876460 0.315208 0.363953 0.618395 0.767123
male.bmp
  19 -17.541706 -1.120970 -0.371902 0.876460 0.315208 0.363953 0.618395 0.767123
  19 -17.716723 -1.141149 -0.111399 0.679703 0.625209 0.383559 0.636008 0.765166
  19 -17.544600 -1.291532 -0.152129 0.888549 0.405062 0.215419 0.632094 0.774951
male.bmp
  19 -17.716723 -1.141149 -0.111399 0.679703 0.625209 0.383559 0.636008 0.765166
  19 -17.721645 -1.231808 0.148518 0.661504 0.748407 0.047954 0.651663 0.769080
  19 -17.544600 -1.291532 -0.152129 0.888549 0.405062 0.215419 0.632094 0.774951
male.bmp
  19 -17.544600 -1.291532 -0.152129 0.888549 0.405062 0.215419 0.632094 0.774951
  19 -17.721645 -1.231808 0.148518 0.661504 0.748407 0.047954 0.651663 0.769080
  19 -17.542355 -1.382342 0.158272 0.896234 0.440802 0.049579 0.651663 0.778865
male.bmp
  19 -17.721645 -1.231808 0.148518 0.661504 0.748407 0.047954 0.651663 0.769080
  19 -17.732211 -1.182270 0.338345 0.668226 0.686123 -0.287592 0.661448 0.769080
  19 -17.542355 -1.382342 0.158272 0.896234 0.440802 0.049579 0.651663 0.778865
male.bmp
  19 -17.542355 -1.382342 0.158272 0.896234 0.440802 0.049579 0.651663 0.778865
  19 -17.732211 -1.182270 0.338345 0.668226 0.686123 -0.287592 0.661448 0.769080
  19 -17.564568 -1.322846 0.377513 0.896060 0.426487 -0.123233 0.663405 0.776908
male.bmp
  19 -17.732211 -1.182270 0.338345 0.668226 0.686123 -0.287592 0.661448 0.769080
  19 -17.588516 -1.023915 0.817589 0.926827 0.214443 -0.308231 0.692759 0.759295
  19 -17.564568 -1.322846 0.377513 0.896060 0.426487 -0.123233 0.663405 0.776908
male.bmp
  19 -17.564568 -1.322846 0.377513 0.896060 0.426487 -0.123233 0.663405 0.776908
  19 -17.588516 -1.023915 0.817589 0.926827 0.214443 -0.308231 0.692759 0.759295
  19 -17.580927 -1.074041 0.857960 0.769038 -0.307281 0.560498 0.694716 0.763209
male.bmp
  19 -17.588516 -1.023915 0.817589 0.926827 0.214443 -0.308231 0.692759 0.759295
  19 -17.568193 -0.244518 1.030963 0.816727 0.002576 0.577019 0.704501 0.710372
  19 -17.580927 -1.074041 0.857960 0.769038 -0.307281 0.560498 0.694716 0.763209
male.bmp
  19 -17.533676 0.947272 0.304640 0.062749 0.888313 0.454932 0.622309 0.819961
  19 -17.429665 1.058518 -0.290176 0.865611 0.495924 0.069117 0.671233 0.823875
  19 -17.478937 1.088691 -0.302899 0.178136 0.983741 -0.022829 0.673190 0.829746
male.bmp
  19 -17.478937 1.088691 -0.302899 0.178136 0.983741 -0.022829 0.673190 0.829746
  19 -17.429665 1.058518 -0.290176 0.865611 0.495924 0.069117 0.671233 0.823875
  19 -17.466174 1.019248 -0.532714 0.178489 0.877124 -0.445864 0.690802 0.821918
male.bmp
  19 -17.429665 1.058518 -0.290176 0.865611 0.495924 0.069117 0.671233 0.823875
  19 -17.416873 0.999076 -0.519964 0.879835 0.439496 -0.180926 0.686888 0.814090
  19 -17.466174 1.019248 -0.532714 0.178489 0.877124 -0.445864 0.690802 0.821918
male.bmp
  19 -17.466174 1.019248 -0.532714 0.178489 0.877124 -0.445864 0.690802 0.821918
  19 -17.416873 0.999076 -0.519964 0.879835 0.439496 -0.180926 0.686888 0.814090
  19 -17.407125 0.859513 -0.700040 0.880347 0.302857 -0.365058 0.702544 0.806262
male.bmp
  19 -17.416873 0.999076 -0.519964 0.879835 0.439496 -0.180926 0.686888 0.814090
  19 -17.429489 0.809476 -0.661360 0.820773 -0.384227 0.422731 0.698630 0.802348
  19 -17.407125 0.859513 -0.700040 0.880347 0.302857 -0.365058 0.702544 0.806262
male.bmp
  19 -17.407125 0.859513 -0.700040 0.880347 0.302857 -0.365058 0.702544 0.806262
  19 -17.429489 0.809476 -0.661360 0.820773 -0.384227 0.422731 0.698630 0.802348
  19 -17.420417 0.629889 -0.831555 0.871581 0.119922 -0.475359 0.710372 0.786693
male.bmp
  19 -17.429489 0.809476 -0.661360 0.820773 -0.384227 0.422731 0.698630 0.802348
  19 -17.443345 0.579828 -0.782891 0.829888 -0.219920 0.512758 0.706458 0.784736
  19 -17.420417 0.629889 -0.831555 0.871581 0.119922 -0.475359 0.710372 0.786693
male.bmp
  19 -17.420417 0.629889 -0.831555 0.871581 0.119922 -0.475359 0.710372 0.786693
  19 -17.443345 0.579828 -0.782891 0.829888 -0.219920 0.512758 0.706458 0.784736
  19 -17.438275 0.380072 -0.883250 0.880513 -0.022522 -0.473487 0.720157 0.769080
male.bmp
  19 -17.443345 0.579828 -0.782891 0.829888 -0.219920 0.512758 0.706458 0.784736
  19 -17.451753 0.339956 -0.824011 0.805528 -0.074745 0.587825 0.714286 0.767123
  19 -17.438275 0.380072 -0.883250 0.880513 -0.022522 -0.473487 0.720157 0.769080
male.bmp
  19 -17.438275 0.380072 -0.883250 0.880513 -0.022522 -0.473487 0.720157 0.769080
  19 -17.451753 0.339956 -0.824011 0.805528 -0.074745 0.587825 0.714286 0.767123
  19 -17.461826 -0.289937 -0.856158 0.781764 -0.542375 -0.307692 0.727984 0.718200
male.bmp
  19 -17.451753 0.339956 -0.824011 0.805528 -0.074745 0.587825 0.714286 0.767123
  19 -17.474628 -0.290028 -0.806800 0.666566 -0.480157 0.570210 0.724070 0.718200
  19 -17.461826 -0.289937 -0.856158 0.781764 -0.542375 -0.307692 0.727984 0.718200
male.bmp
  19 -18.004293 -0.468454 -0.837129 0.841206 0.298422 0.450907 0.876712 0.381605
  19 -18.002687 -0.498381 -0.867160 0.866495 -0.313103 -0.388784 0.864971 0.381605
  19 -17.999023 -0.398236 -0.926805 0.879953 -0.275688 -0.386884 0.864971 0.360078
male.bmp
  19 -17.999023 -0.398236 -0.926805 0.879953 -0.275688 -0.386884 0.864971 0.360078
  19 -18.002687 -0.498381 -0.867160 0.866495 -0.313103 -0.388784 0.864971 0.381605
  19 -18.037861 -0.408069 -0.949053 0.017921 -0.541384 -0.840585 0.853229 0.360078
male.bmp
  19 -18.002687 -0.498381 -0.867160 0.866495 -0.313103 -0.388784 0.864971 0.381605
  19 -18.041524 -0.508214 -0.889407 0.037592 -0.600035 -0.799090 0.853229 0.381605
  19 -18.037861 -0.408069 -0.949053 0.017921 -0.541384 -0.840585 0.853229 0.360078
male.bmp
  19 -18.037861 -0.408069 -0.949053 0.017921 -0.541384 -0.840585 0.853229 0.360078
  19 -18.041524 -0.508214 -0.889407 0.037592 -0.600035 -0.799090 0.853229 0.381605
  19 -18.068912 -0.398029 -0.930749 -0.835575 -0.268005 -0.479571 0.841487 0.360078
male.bmp
  19 -18.041524 -0.508214 -0.889407 0.037592 -0.600035 -0.799090 0.853229 0.381605
  19 -18.072575 -0.498174 -0.871104 -0.817985 -0.321728 -0.476857 0.841487 0.381605
  19 -18.068912 -0.398029 -0.930749 -0.835575 -0.268005 -0.479571 0.841487 0.360078
male.bmp
  19 -18.068912 -0.398029 -0.930749 -0.835575 -0.268005 -0.479571 0.841487 0.360078
  19 -18.072575 -0.498174 -0.871104 -0.817985 -0.321728 -0.476857 0.841487 0.381605
  19 -18.070517 -0.368102 -0.900720 -0.872508 0.282680 0.398523 0.829746 0.360078
male.bmp
  19 -18.072575 -0.498174 -0.871104 -0.817985 -0.321728 -0.476857 0.841487 0.381605
  19 -18.074181 -0.468247 -0.841073 -0.887458 0.300768 0.349224 0.829746 0.381605
  19 -18.070517 -0.368102 -0.900720 -0.872508 0.282680 0.398523 0.829746 0.360078
male.bmp
  19 -18.070517 -0.368102 -0.900720 -0.872508 0.282680 0.398523 0.829746 0.360078
  19 -18.074181 -0.468247 -0.841073 -0.887458 0.300768 0.349224 0.829746 0.381605
  19 -18.041100 -0.358215 -0.889019 -0.051819 0.531030 0.845767 0.818004 0.360078
male.bmp
  19 -18.074181 -0.468247 -0.841073 -0.887458 0.300768 0.349224 0.829746 0.381605
  19 -18.045328 -0.458384 -0.819389 -0.048942 0.600444 0.798168 0.818004 0.381605
  19 -18.041100 -0.358215 -0.889019 -0.051819 0.531030 0.845767 0.818004 0.360078
male.bmp
  19 -18.041100 -0.358215 -0.889019 -0.051819 0.531030 0.845767 0.818004 0.360078
  19 -18.045328 -0.458384 -0.819389 -0.048942 0.600444 0.798168 0.818004 0.381605
  19 -18.000629 -0.368310 -0.896775 0.838096 0.259190 0.480016 0.808219 0.360078
male.bmp
  19 -18.045328 -0.458384 -0.819389 -0.048942 0.600444 0.798168 0.818004 0.381605
  19 -18.004293 -0.468454 -0.837129 0.841206 0.298422 0.450907 0.808219 0.381605
  19 -18.000629 -0.368310 -0.896775 0.838096 0.259190 0.480016 0.808219 0.360078
male.bmp
  19 -18.009647 -0.568671 -0.747532 0.858602 0.371864 0.352874 0.876712 0.405088
  19 -18.008041 -0.598599 -0.777561 0.837514 -0.463850 -0.288813 0.864971 0.405088
  19 -18.002687 -0.498381 -0.867160 0.866495 -0.313103 -0.388784 0.864971 0.381605
male.bmp
  19 -18.002687 -0.498381 -0.867160 0.866495 -0.313103 -0.388784 0.864971 0.381605
  19 -18.008041 -0.598599 -0.777561 0.837514 -0.463850 -0.288813 0.864971 0.405088
  19 -18.041524 -0.508214 -0.889407 0.037592 -0.600035 -0.799090 0.853229 0.381605
male.bmp
  19 -18.008041 -0.598599 -0.777561 0.837514 -0.463850 -0.288813 0.864971 0.405088
  19 -18.047470 -0.618456 -0.789850 0.029082 -0.802098 -0.596485 0.853229 0.405088
  19 -18.041524 -0.508214 -0.889407 0.037592 -0.600035 -0.799090 0.853229 0.381605
male.bmp
  19 -18.041524 -0.508214 -0.889407 0.037592 -0.600035 -0.799090 0.853229 0.381605
  19 -18.047470 -0.618456 -0.789850 0.029082 -0.802098 -0.596485 0.853229 0.405088
  19 -18.072575 -0.498174 -0.871104 -0.817985 -0.321728 -0.476857 0.841487 0.381605
male.bmp
  19 -18.047470 -0.618456 -0.789850 0.029082 -0.802098 -0.596485 0.853229 0.405088
  19 -18.077930 -0.598391 -0.781505 -0.807636 -0.448495 -0.382853 0.841487 0.405088
  19 -18.072575 -0.498174 -0.871104 -0.817985 -0.321728 -0.476857 0.841487 0.381605
male.bmp
  19 -18.072575 -0.498174 -0.871104 -0.817985 -0.321728 -0.476857 0.841487 0.381605
  19 -18.077930 -0.598391 -0.781505 -0.807636 -0.448495 -0.382853 0.841487 0.405088
  19 -18.074181 -0.468247 -0.841073 -0.887458 0.300768 0.349224 0.829746 0.381605
male.bmp
  19 -18.077930 -0.598391 -0.781505 -0.807636 -0.448495 -0.382853 0.841487 0.405088
  19 -18.079535 -0.568465 -0.751476 -0.893600 0.373252 0.249323 0.829746 0.405088
  19 -18.074181 -0.468247 -0.841073 -0.887458 0.300768 0.349224 0.829746 0.381605
male.bmp
  19 -18.074181 -0.468247 -0.841073 -0.887458 0.300768 0.349224 0.829746 0.381605
  19 -18.079535 -0.568465 -0.751476 -0.893600 0.373252 0.249323 0.829746 0.405088
  19 -18.045328 -0.458384 -0.819389 -0.048942 0.600444 0.798168 0.818004 0.381605
male.bmp
  19 -18.079535 -0.568465 -0.751476 -0.893600 0.373252 0.249323 0.829746 0.405088
  19 -18.050090 -0.548578 -0.739750 -0.037902 0.775487 0.630225 0.818004 0.405088
  19 -18.045328 -0.458384 -0.819389 -0.048942 0.600444 0.798168 0.818004 0.381605
male.bmp
  19 -18.045328 -0.458384 -0.819389 -0.048942 0.600444 0.798168 0.818004 0.381605
  19 -18.050090 -0.548578 -0.739750 -0.037902 0.775487 0.630225 0.818004 0.405088
  19 -18.004293 -0.468454 -0.837129 0.841206 0.298422 0.450907 0.808219 0.381605
male.bmp
  19 -18.050090 -0.548578 -0.739750 -0.037902 0.775487 0.630225 0.818004 0.405088
  19 -18.009647 -0.568671 -0.747532 0.858602 0.371864 0.352874 0.808219 0.405088
  19 -18.004293 -0.468454 -0.837129 0.841206 0.298422 0.450907 0.808219 0.381605
male.bmp
  19 -18.016608 -0.638962 -0.627904 0.903239 0.348655 0.250198 0.876712 0.428571
  19 -18.016693 -0.668962 -0.627981 0.794107 -0.565374 -0.223040 0.864971 0.428571
  19 -18.008041 -0.598599 -0.777561 0.837514 -0.463850 -0.288813 0.864971 0.405088
male.bmp
  19 -18.008041 -0.598599 -0.777561 0.837514 -0.463850 -0.288813 0.864971 0.405088
  19 -18.016693 -0.668962 -0.627981 0.794107 -0.565374 -0.223040 0.864971 0.428571
  19 -18.047470 -0.618456 -0.789850 0.029082 -0.802098 -0.596485 0.853229 0.405088
male.bmp
  19 -18.016693 -0.668962 -0.627981 0.794107 -0.565374 -0.223040 0.864971 0.428571
  19 -18.057277 -0.698867 -0.620329 0.014606 -0.897084 -0.441618 0.853229 0.428571
  19 -18.047470 -0.618456 -0.789850 0.029082 -0.802098 -0.596485 0.853229 0.405088
male.bmp
  19 -18.047470 -0.618456 -0.789850 0.029082 -0.802098 -0.596485 0.853229 0.405088
  19 -18.057277 -0.698867 -0.620329 0.014606 -0.897084 -0.441618 0.853229 0.428571
  19 -18.077930 -0.598391 -0.781505 -0.807636 -0.448495 -0.382853 0.841487 0.405088
male.bmp
  19 -18.057277 -0.698867 -0.620329 0.014606 -0.897084 -0.441618 0.853229 0.428571
  19 -18.086581 -0.668754 -0.631926 -0.781593 -0.551144 -0.292152 0.841487 0.428571
  19 -18.077930 -0.598391 -0.781505 -0.807636 -0.448495 -0.382853 0.841487 0.405088
male.bmp
  19 -18.077930 -0.598391 -0.781505 -0.807636 -0.448495 -0.382853 0.841487 0.405088
  19 -18.086581 -0.668754 -0.631926 -0.781593 -0.551144 -0.292152 0.841487 0.428571
  19 -18.079535 -0.568465 -0.751476 -0.893600 0.373252 0.249323 0.829746 0.405088
male.bmp
  19 -18.086581 -0.668754 -0.631926 -0.781593 -0.551144 -0.292152 0.841487 0.428571
  19 -18.086496 -0.638754 -0.631848 -0.926017 0.347964 0.146333 0.829746 0.428571
  19 -18.079535 -0.568465 -0.751476 -0.893600 0.373252 0.249323 0.829746 0.405088
male.bmp
  19 -18.079535 -0.568465 -0.751476 -0.893600 0.373252 0.249323 0.829746 0.405088
  19 -18.086496 -0.638754 -0.631848 -0.926017 0.347964 0.146333 0.829746 0.428571
  19 -18.050090 -0.548578 -0.739750 -0.037902 0.775487 0.630225 0.818004 0.405088
male.bmp
  19 -18.086496 -0.638754 -0.631848 -0.926017 0.347964 0.146333 0.829746 0.428571
  19 -18.056488 -0.618844 -0.630106 -0.028783 0.867910 0.495887 0.818004 0.428571
  19 -18.050090 -0.548578 -0.739750 -0.037902 0.775487 0.630225 0.818004 0.405088
male.bmp
  19 -18.050090 -0.548578 -0.739750 -0.037902 0.775487 0.630225 0.818004 0.405088
  19 -18.056488 -0.618844 -0.630106 -0.028783 0.867910 0.495887 0.818004 0.428571
  19 -18.009647 -0.568671 -0.747532 0.858602 0.371864 0.352874 0.808219 0.405088
male.bmp
  19 -18.056488 -0.618844 -0.630106 -0.028783 0.867910 0.495887 0.818004 0.428571
  19 -18.016608 -0.638962 -0.627904 0.903239 0.348655 0.250198 0.808219 0.428571
  19 -18.009647 -0.568671 -0.747532 0.858602 0.371864 0.352874 0.808219 0.405088
male.bmp
  19 -18.260956 0.821818 -0.658181 -0.616991 0.473513 -0.628576 0.050881 0.829746
  19 -18.250729 0.652280 -0.848319 -0.652512 0.328969 -0.682648 0.070450 0.839530
  19 -18.253603 0.632158 -0.798450 -0.652512 0.328969 -0.682648 0.072407 0.829746
male.bmp
  19 -18.253603 0.632158 -0.798450 -0.652512 0.328969 -0.682648 0.072407 0.829746
  19 -18.250729 0.652280 -0.848319 -0.652512 0.328969 -0.682648 0.070450 0.839530
  19 -18.261392 0.412310 -0.849503 -0.629217 0.059637 -0.774939 0.091977 0.829746
male.bmp
  19 -18.250729 0.652280 -0.848319 -0.652512 0.328969 -0.682648 0.070450 0.839530
  19 -18.257982 0.422456 -0.909382 -0.629217 0.059637 -0.774939 0.091977 0.839530
  19 -18.261392 0.412310 -0.849503 -0.629217 0.059637 -0.774939 0.091977 0.829746
male.bmp
  19 -18.261392 0.412310 -0.849503 -0.629217 0.059637 -0.774939 0.091977 0.829746
  19 -18.257982 0.422456 -0.909382 -0.629217 0.059637 -0.774939 0.091977 0.839530
  19 -18.265793 -0.347781 -0.811532 -0.487356 -0.183176 -0.853774 0.199609 0.833659
male.bmp
  19 -18.257982 0.422456 -0.909382 -0.629217 0.059637 -0.774939 0.091977 0.839530
  19 -18.243149 -0.397719 -0.860456 -0.452257 -0.200121 -0.869146 0.199609 0.841487
  19 -18.265793 -0.347781 -0.811532 -0.487356 -0.183176 -0.853774 0.199609 0.833659
male.bmp
  19 -18.265793 -0.347781 -0.811532 -0.487356 -0.183176 -0.853774 0.199609 0.833659
  19 -18.243149 -0.397719 -0.860456 -0.452257 -0.200121 -0.869146 0.199609 0.841487
  19 -18.277039 -0.738214 -0.632828 -0.499058 -0.437559 -0.747986 0.242661 0.833659
male.bmp
  19 -18.243149 -0.397719 -0.860456 -0.452257 -0.200121 -0.869146 0.199609 0.841487
  19 -18.253296 -0.798103 -0.701746 -0.499058 -0.437559 -0.747986 0.244618 0.843444
  19 -18.277039 -0.738214 -0.632828 -0.499058 -0.437559 -0.747986 0.242661 0.833659
male.bmp
  19 -18.277039 -0.738214 -0.632828 -0.499058 -0.437559 -0.747986 0.242661 0.833659
  19 -18.253296 -0.798103 -0.701746 -0.499058 -0.437559 -0.747986 0.244618 0.843444
  19 -18.292624 -1.068842 -0.374096 -0.427877 -0.574608 -0.697672 0.287671 0.833659
male.bmp
  19 -18.253296 -0.798103 -0.701746 -0.499058 -0.437559 -0.747986 0.244618 0.843444
  19 -18.258361 -1.138736 -0.452460 -0.504052 -0.582840 -0.637361 0.287671 0.843444
  19 -18.292624 -1.068842 -0.374096 -0.427877 -0.574608 -0.697672 0.287671 0.833659
male.bmp
  19 -18.292624 -1.068842 -0.374096 -0.427877 -0.574608 -0.697672 0.287671 0.833659
  19 -18.258361 -1.138736 -0.452460 -0.504052 -0.582840 -0.637361 0.287671 0.843444
  19 -18.280632 -1.299215 -0.243771 -0.532734 -0.736578 -0.416710 0.305284 0.841487
male.bmp
  19 -18.258361 -1.138736 -0.452460 -0.504052 -0.582840 -0.637361 0.287671 0.843444
  19 -17.912244 -1.119921 -0.372782 0.718613 -0.514372 -0.467992 0.283757 0.888454
  19 -18.280632 -1.299215 -0.243771 -0.532734 -0.736578 -0.416710 0.305284 0.841487
male.bmp
  15 18.996867 -1.894243 -0.266851 -0.733730 -0.518009 -0.439667 0.720157 0.833659
  15 19.636329 -1.883389 -0.608420 0.019274 -0.267711 -0.963307 0.782779 0.819961
  16 19.313226 -2.326996 -0.236221 -0.722153 -0.554813 -0.413132 0.737769 0.780822
male.bmp
  16 19.313226 -2.326996 -0.236221 -0.722153 -0.554813 -0.413132 0.737769 0.780822
  15 19.636329 -1.883389 -0.608420 0.019274 -0.267711 -0.963307 0.782779 0.819961
  16 19.784409 -2.305562 -0.485273 -0.028129 -0.245249 -0.969052 0.784736 0.772994
male.bmp
  15 19.636329 -1.883389 -0.608420 0.019274 -0.267711 -0.963307 0.782779 0.819961
  15 20.222960 -1.708657 -0.320265 0.717696 0.016649 -0.696158 0.845401 0.814090
  16 19.784409 -2.305562 -0.485273 -0.028129 -0.245249 -0.969052 0.784736 0.772994
male.bmp
  16 19.784409 -2.305562 -0.485273 -0.028129 -0.245249 -0.969052 0.784736 0.772994
  15 20.222960 -1.708657 -0.320265 0.717696 0.016649 -0.696158 0.845401 0.814090
  16 20.267071 -2.086017 -0.320538 0.693516 0.035683 -0.719557 0.839530 0.776908
male.bmp
  15 20.222960 -1.708657 -0.320265 0.717696 0.016649 -0.696158 0.845401 0.814090
  16 20.394648 -1.925554 0.095245 0.995606 -0.026750 -0.089742 0.857143 0.782779
  16 20.267071 -2.086017 -0.320538 0.693516 0.035683 -0.719557 0.839530 0.776908
male.bmp
  16 20.267071 -2.086017 -0.320538 0.693516 0.035683 -0.719557 0.839530 0.776908
  16 20.394648 -1.925554 0.095245 0.995606 -0.026750 -0.089742 0.857143 0.782779
  16 20.322316 -2.613619 -0.258215 0.652424 0.030154 -0.757254 0.829746 0.724070
male.bmp
  16 20.394648 -1.925554 0.095245 0.995606 -0.026750 -0.089742 0.857143 0.782779
  16 20.411650 -2.546229 -0.074973 0.943138 0.111914 -0.312994 0.843444 0.726027
  16 20.322316 -2.613619 -0.258215 0.652424 0.030154 -0.757254 0.829746 0.724070
male.bmp
  16 20.322316 -2.613619 -0.258215 0.652424 0.030154 -0.757254 0.829746 0.724070
  16 20.411650 -2.546229 -0.074973 0.943138 0.111914 -0.312994 0.843444 0.726027
  16 20.429177 -2.968539 -0.191790 0.716568 -0.488882 -0.497518 0.829746 0.686888
male.bmp
  16 20.411650 -2.546229 -0.074973 0.943138 0.111914 -0.312994 0.843444 0.726027
  16 20.469939 -2.959163 0.119418 0.871497 -0.447579 0.200415 0.847358 0.684932
  16 20.429177 -2.968539 -0.191790 0.716568 -0.488882 -0.497518 0.829746 0.686888
male.bmp
  16 20.429177 -2.968539 -0.191790 0.716568 -0.488882 -0.497518 0.829746 0.686888
  16 20.469939 -2.959163 0.119418 0.871497 -0.447579 0.200415 0.847358 0.684932
  16 20.431480 -2.971044 0.128348 0.440616 -0.883203 0.160654 0.849315 0.681018
male.bmp
  12 21.591293 2.003946 -0.086807 0.737002 0.611618 -0.287665 0.667319 0.385519
  12 21.527122 2.066373 -0.119746 0.175144 0.900837 -0.397261 0.673190 0.383562
  12 21.600855 2.065066 0.107547 0.542619 0.808620 0.227371 0.659491 0.371820
male.bmp
  12 21.600855 2.065066 0.107547 0.542619 0.808620 0.227371 0.659491 0.371820
  12 21.527122 2.066373 -0.119746 0.175144 0.900837 -0.397261 0.673190 0.383562
  12 21.542693 2.090437 0.135359 0.051228 0.902959 0.426662 0.667319 0.369863
male.bmp
  12 21.527122 2.066373 -0.119746 0.175144 0.900837 -0.397261 0.673190 0.383562
  12 20.660556 1.720571 -0.149479 -0.242010 0.927281 -0.285625 0.753425 0.354207
  12 21.542693 2.090437 0.135359 0.051228 0.902959 0.426662 0.667319 0.369863
male.bmp
  12 21.542693 2.090437 0.135359 0.051228 0.902959 0.426662 0.667319 0.369863
  12 20.660556 1.720571 -0.149479 -0.242010 0.927281 -0.285625 0.753425 0.354207
  2 20.662385 1.708456 -0.317779 -0.220511 0.814781 0.536196 0.747554 0.340509
male.bmp
  12 20.660556 1.720571 -0.149479 -0.242010 0.927281 -0.285625 0.753425 0.354207
  2 20.219720 1.609793 -0.679459 -0.208600 0.844908 -0.492561 0.784736 0.352250
  2 20.662385 1.708456 -0.317779 -0.220511 0.814781 0.536196 0.747554 0.340509
male.bmp
  2 20.662385 1.708456 -0.317779 -0.220511 0.814781 0.536196 0.747554 0.340509
  2 20.219720 1.609793 -0.679459 -0.208600 0.844908 -0.492561 0.784736 0.352250
  2 20.312266 1.601624 -0.279000 -0.144306 0.864418 0.481619 0.780822 0.332681
male.bmp
  2 20.219720 1.609793 -0.679459 -0.208600 0.844908 -0.492561 0.784736 0.352250
  2 19.310883 1.469050 -0.306488 -0.266961 0.960387 0.079926 0.866928 0.315068
  2 20.312266 1.601624 -0.279000 -0.144306 0.864418 0.481619 0.780822 0.332681
male.bmp
  2 20.312266 1.601624 -0.279000 -0.144306 0.864418 0.481619 0.780822 0.332681
  2 19.310883 1.469050 -0.306488 -0.266961 0.960387 0.079926 0.866928 0.315068
  2 20.491408 1.232833 0.059382 0.101031 0.604918 0.789852 0.769080 0.299413
male.bmp
  2 19.310883 1.469050 -0.306488 -0.266961 0.960387 0.079926 0.866928 0.315068
  2 19.291109 1.097022 0.243606 -0.078868 0.699970 0.709804 0.878669 0.281800
  2 20.491408 1.232833 0.059382 0.101031 0.604918 0.789852 0.769080 0.299413
male.bmp
  2 20.491408 1.232833 0.059382 0.101031 0.604918 0.789852 0.769080 0.299413
  2 19.291109 1.097022 0.243606 -0.078868 0.699970 0.709804 0.878669 0.281800
  2 20.556229 0.705568 0.393731 0.213251 0.398545 0.892012 0.769080 0.250489
male.bmp
  2 17.864356 0.404571 -0.826532 -0.741762 0.014516 -0.670506 0.105675 0.890411
  2 17.850485 0.414918 -0.875528 -0.741762 0.014516 -0.670506 0.105675 0.886497
  2 17.856640 -0.395770 -0.770900 -0.773226 -0.161737 -0.613158 0.201566 0.890411
male.bmp
  2 17.856640 -0.395770 -0.770900 -0.773226 -0.161737 -0.613158 0.201566 0.890411
  2 17.850485 0.414918 -0.875528 -0.741762 0.014516 -0.670506 0.105675 0.886497
  2 18.240154 0.443845 -0.896055 0.612069 0.057248 -0.788729 0.091977 0.839530
male.bmp
  2 17.850485 0.414918 -0.875528 -0.741762 0.014516 -0.670506 0.105675 0.886497
  2 17.854402 0.664655 -0.834101 -0.684085 0.279401 -0.673768 0.082192 0.886497
  2 18.240154 0.443845 -0.896055 0.612069 0.057248 -0.788729 0.091977 0.839530
male.bmp
  2 18.240154 0.443845 -0.896055 0.612069 0.057248 -0.788729 0.091977 0.839530
  2 17.854402 0.664655 -0.834101 -0.684085 0.279401 -0.673768 0.082192 0.886497
  2 18.235644 0.683479 -0.833966 0.638949 0.326308 -0.696611 0.070450 0.839530
male.bmp
  2 17.854402 0.664655 -0.834101 -0.684085 0.279401 -0.673768 0.082192 0.886497
  2 17.876060 0.883723 -0.693958 -0.623579 0.530642 -0.574080 0.058708 0.884540
  2 18.235644 0.683479 -0.833966 0.638949 0.326308 -0.696611 0.070450 0.839530
male.bmp
  2 18.235644 0.683479 -0.833966 0.638949 0.326308 -0.696611 0.070450 0.839530
  2 17.876060 0.883723 -0.693958 -0.623579 0.530642 -0.574080 0.058708 0.884540
  2 18.247302 0.892574 -0.693098 0.656288 0.464564 -0.594530 0.050881 0.837573
male.bmp
  2 17.876060 0.883723 -0.693958 -0.623579 0.530642 -0.574080 0.058708 0.884540
  2 17.889894 1.032627 -0.523557 -0.604615 0.702888 -0.374686 0.039139 0.884540
  2 18.247302 0.892574 -0.693098 0.656288 0.464564 -0.594530 0.050881 0.837573
male.bmp
  2 18.247302 0.892574 -0.693098 0.656288 0.464564 -0.594530 0.050881 0.837573
  2 17.889894 1.032627 -0.523557 -0.604615 0.702888 -0.374686 0.039139 0.884540
  2 18.261198 1.061477 -0.522573 0.625751 0.637401 -0.449617 0.031311 0.837573
male.bmp
  2 17.889894 1.032627 -0.523557 -0.604615 0.702888 -0.374686 0.039139 0.884540
  2 17.906627 1.101274 -0.313777 -0.579319 0.814420 0.033327 0.019569 0.884540
  2 18.261198 1.061477 -0.522573 0.625751 0.637401 -0.449617 0.031311 0.837573
male.bmp
  2 18.261198 1.061477 -0.522573 0.625751 0.637401 -0.449617 0.031311 0.837573
  2 17.906627 1.101274 -0.313777 -0.579319 0.814420 0.033327 0.019569 0.884540
  2 18.277175 1.140188 -0.322700 0.604090 0.794458 -0.062544 0.011742 0.835616
male.bmp
  19 -17.793242 -1.182140 0.354932 -0.102689 -0.901357 0.420726 0.056751 0.015656
  18 -16.253515 -1.288921 0.188607 -0.090024 -0.987508 -0.129321 0.072407 0.107632
  18 -16.344381 -1.242649 0.458981 -0.110999 -0.907126 0.405957 0.060665 0.107632
male.bmp
  18 -16.344381 -1.242649 0.458981 -0.110999 -0.907126 0.405957 0.060665 0.107632
  18 -16.253515 -1.288921 0.188607 -0.090024 -0.987508 -0.129321 0.072407 0.107632
  18 -14.441484 -1.502539 0.628508 -0.087365 -0.947065 0.308925 0.043053 0.217221
male.bmp
  18 -16.253515 -1.288921 0.188607 -0.090024 -0.987508 -0.129321 0.072407 0.107632
  18 -14.321376 -1.422897 -0.200607 -0.071450 -0.914252 -0.398795 0.080235 0.221135
  18 -14.441484 -1.502539 0.628508 -0.087365 -0.947065 0.308925 0.043053 0.217221
male.bmp
  18 -14.441484 -1.502539 0.628508 -0.087365 -0.947065 0.308925 0.043053 0.217221
  18 -14.321376 -1.422897 -0.200607 -0.071450 -0.914252 -0.398795 0.080235 0.221135
  18 -12.601347 -1.523243 0.810349 -0.043088 -0.928614 0.368536 0.025440 0.326810
male.bmp
  18 -14.321376 -1.422897 -0.200607 -0.071450 -0.914252 -0.398795 0.080235 0.221135
  18 -12.509660 -1.562136 -0.199988 -0.043878 -0.947519 -0.316673 0.068493 0.326810
  18 -12.601347 -1.523243 0.810349 -0.043088 -0.928614 0.368536 0.025440 0.326810
male.bmp
  18 -12.601347 -1.523243 0.810349 -0.043088 -0.928614 0.368536 0.025440 0.326810
  18 -12.509660 -1.562136 -0.199988 -0.043878 -0.947519 -0.316673 0.068493 0.326810
  18 -9.840798 -1.551208 0.773127 0.034970 -0.929413 0.367382 0.015656 0.473581
male.bmp
  18 -12.509660 -1.562136 -0.199988 -0.043878 -0.947519 -0.316673 0.068493 0.326810
  18 -9.789416 -1.571260 -0.167063 -0.002349 -0.958476 -0.285164 0.058708 0.471624
  18 -9.840798 -1.551208 0.773127 0.034970 -0.929413 0.367382 0.015656 0.473581
male.bmp
  18 -9.840798 -1.551208 0.773127 0.034970 -0.929413 0.367382 0.015656 0.473581
  18 -9.789416 -1.571260 -0.167063 -0.002349 -0.958476 -0.285164 0.058708 0.471624
  18 -9.201322 -1.504078 0.794306 -0.169038 -0.890791 0.421803 0.007828 0.502935
male.bmp
  18 -9.789416 -1.571260 -0.167063 -0.002349 -0.958476 -0.285164 0.058708 0.471624
  18 -9.199154 -1.594895 -0.126643 -0.205999 -0.952933 -0.222449 0.052838 0.497065
  18 -9.201322 -1.504078 0.794306 -0.169038 -0.890791 0.421803 0.007828 0.502935
male.bmp
  18 -9.201322 -1.504078 0.794306 -0.169038 -0.890791 0.421803 0.007828 0.502935
  18 -9.199154 -1.594895 -0.126643 -0.205999 -0.952933 -0.222449 0.052838 0.497065
  18 -8.724836 -1.694508 0.826901 -0.268659 -0.867703 0.418227 0.007828 0.528376
male.bmp
  13 21.768462 1.938590 0.201341 -0.227949 0.225683 0.947157 0.919765 0.964775
  13 22.496211 2.313461 0.294904 -0.121113 0.301537 0.945731 0.921722 0.814090
  13 22.422927 2.419451 0.189095 -0.350823 0.786261 0.508642 0.894325 0.814090
male.bmp
  13 22.422927 2.419451 0.189095 -0.350823 0.786261 0.508642 0.894325 0.814090
  13 22.496211 2.313461 0.294904 -0.121113 0.301537 0.945731 0.921722 0.814090
  14 22.730887 2.549452 0.152619 -0.328004 0.842087 0.428140 0.896282 0.747554
male.bmp
  13 22.496211 2.313461 0.294904 -0.121113 0.301537 0.945731 0.921722 0.814090
  14 22.732213 2.440817 0.252604 -0.113278 0.378646 0.918583 0.921722 0.751468
  14 22.730887 2.549452 0.152619 -0.328004 0.842087 0.428140 0.896282 0.747554
male.bmp
  14 22.730887 2.549452 0.152619 -0.328004 0.842087 0.428140 0.896282 0.747554
  14 22.732213 2.440817 0.252604 -0.113278 0.378646 0.918583 0.921722 0.751468
  14 22.940448 2.623440 0.170221 -0.076742 0.909231 0.409157 0.894325 0.694716
male.bmp
  14 22.732213 2.440817 0.252604 -0.113278 0.378646 0.918583 0.921722 0.751468
  14 23.018552 2.562401 0.263891 0.502818 0.566346 0.653013 0.925636 0.681018
  14 22.940448 2.623440 0.170221 -0.076742 0.909231 0.409157 0.894325 0.694716
male.bmp
  14 22.940448 2.623440 0.170221 -0.076742 0.909231 0.409157 0.894325 0.694716
  14 23.018552 2.562401 0.263891 0.502818 0.566346 0.653013 0.925636 0.681018
  14 23.025001 2.546382 0.237399 0.820867 0.438960 0.365365 0.923679 0.671233
male.bmp
  14 23.018552 2.562401 0.263891 0.502818 0.566346 0.653013 0.925636 0.681018
  14 23.031662 2.396493 0.265484 0.400366 -0.254528 0.880297 0.956947 0.688845
  14 23.025001 2.546382 0.237399 0.820867 0.438960 0.365365 0.923679 0.671233
male.bmp
  14 23.025001 2.546382 0.237399 0.820867 0.438960 0.365365 0.923679 0.671233
  14 23.031662 2.396493 0.265484 0.400366 -0.254528 0.880297 0.956947 0.688845
  14 23.108767 2.413958 0.194423 0.917656 -0.220543 0.330558 0.956947 0.673190
male.bmp
  14 23.031662 2.396493 0.265484 0.400366 -0.254528 0.880297 0.956947 0.688845
  14 23.033278 2.315660 0.182638 0.548616 -0.749826 0.369840 0.968689 0.706458
  14 23.108767 2.413958 0.194423 0.917656 -0.220543 0.330558 0.956947 0.673190
male.bmp
  16 19.313226 -2.326996 -0.236221 -0.722153 -0.554813 -0.413132 0.604697 0.892368
  16 19.311496 -2.297255 -0.125711 -0.826801 -0.562043 0.022546 0.596869 0.888454
  15 18.996867 -1.894243 -0.266851 -0.733730 -0.518009 -0.439667 0.628180 0.849315
male.bmp
  15 18.996867 -1.894243 -0.266851 -0.733730 -0.518009 -0.439667 0.628180 0.849315
  16 19.311496 -2.297255 -0.125711 -0.826801 -0.562043 0.022546 0.596869 0.888454
  15 19.002009 -1.891989 -0.116622 -0.817432 -0.575551 -0.023386 0.620352 0.845401
male.bmp
  16 19.311496 -2.297255 -0.125711 -0.826801 -0.562043 0.022546 0.596869 0.888454
  16 19.312160 -2.308512 -0.025847 -0.835947 -0.541504 0.089254 0.590998 0.886497
  15 19.002009 -1.891989 -0.116622 -0.817432 -0.575551 -0.023386 0.620352 0.845401
male.bmp
  15 19.002009 -1.891989 -0.116622 -0.817432 -0.575551 -0.023386 0.620352 0.845401
  16 19.312160 -2.308512 -0.025847 -0.835947 -0.541504 0.089254 0.590998 0.886497
  15 19.014289 -1.940159 0.003498 -0.796171 -0.603187 0.047727 0.612524 0.841487
male.bmp
  16 19.312160 -2.308512 -0.025847 -0.835947 -0.541504 0.089254 0.590998 0.886497
  16 19.308039 -2.237771 0.095309 -0.766894 -0.543013 0.342068 0.583170 0.882583
  15 19.014289 -1.940159 0.003498 -0.796171 -0.603187 0.047727 0.612524 0.841487
male.bmp
  15 19.014289 -1.940159 0.003498 -0.796171 -0.603187 0.047727 0.612524 0.841487
  16 19.308039 -2.237771 0.095309 -0.766894 -0.543013 0.342068 0.583170 0.882583
  15 19.025223 -1.893761 0.174166 -0.717451 -0.566854 0.404895 0.604697 0.837573
male.bmp
  16 19.308039 -2.237771 0.095309 -0.766894 -0.543013 0.342068 0.583170 0.882583
  16 19.475079 -2.200574 0.449870 -0.519324 -0.415103 0.746989 0.553816 0.882583
  15 19.025223 -1.893761 0.174166 -0.717451 -0.566854 0.404895 0.604697 0.837573
male.bmp
  15 19.025223 -1.893761 0.174166 -0.717451 -0.566854 0.404895 0.604697 0.837573
  16 19.475079 -2.200574 0.449870 -0.519324 -0.415103 0.746989 0.553816 0.882583
  15 19.246624 -1.703124 0.511863 -0.453553 -0.420437 0.785826 0.571429 0.829746
male.bmp
  16 19.475079 -2.200574 0.449870 -0.519324 -0.415103 0.746989 0.553816 0.882583
  15 19.739652 -1.464790 0.757669 -0.058451 -0.227736 0.971967 0.516634 0.816047
  15 19.246624 -1.703124 0.511863 -0.453553 -0.420437 0.785826 0.571429 0.829746
male.bmp
  2 18.245629 0.433395 -0.826335 0.612069 0.057248 -0.788729 0.821918 0.438356
  2 18.562812 -0.161907 -0.880308 -0.091217 -0.151123 -0.984297 0.818004 0.499022
  2 18.246432 -0.326844 -0.791178 0.467105 -0.184639 -0.864709 0.849315 0.500978
male.bmp
  2 18.246432 -0.326844 -0.791178 0.467105 -0.184639 -0.864709 0.849315 0.500978
  2 18.562812 -0.161907 -0.880308 -0.091217 -0.151123 -0.984297 0.818004 0.499022
  2 18.585796 -0.686575 -0.751489 -0.199080 -0.366045 -0.909053 0.833659 0.540117
male.bmp
  2 18.562812 -0.161907 -0.880308 -0.091217 -0.151123 -0.984297 0.818004 0.499022
  2 19.099662 -0.068162 -0.862873 0.146470 -0.160349 -0.976133 0.771037 0.506849
  2 18.585796 -0.686575 -0.751489 -0.199080 -0.366045 -0.909053 0.833659 0.540117
male.bmp
  2 18.585796 -0.686575 -0.751489 -0.199080 -0.366045 -0.909053 0.833659 0.540117
  2 19.099662 -0.068162 -0.862873 0.146470 -0.160349 -0.976133 0.771037 0.506849
  2 19.178740 -0.668724 -0.854444 -0.015681 0.026816 -0.999517 0.784736 0.561644
male.bmp
  2 19.099662 -0.068162 -0.862873 0.146470 -0.160349 -0.976133 0.771037 0.506849
  2 19.833504 -0.033456 -0.588517 0.252166 -0.219947 -0.942356 0.710372 0.528376
  2 19.178740 -0.668724 -0.854444 -0.015681 0.026816 -0.999517 0.784736 0.561644
male.bmp
  2 19.178740 -0.668724 -0.854444 -0.015681 0.026816 -0.999517 0.784736 0.561644
  2 19.833504 -0.033456 -0.588517 0.252166 -0.219947 -0.942356 0.710372 0.528376
  2 20.158901 -0.851938 -0.586271 0.367557 0.056940 -0.928256 0.710372 0.606654
male.bmp
  2 19.833504 -0.033456 -0.588517 0.252166 -0.219947 -0.942356 0.710372 0.528376
  2 20.869171 -0.560238 -0.394367 0.146470 -0.160349 -0.976133 0.643836 0.606654
  2 20.158901 -0.851938 -0.586271 0.367557 0.056940 -0.928256 0.710372 0.606654
male.bmp
  2 20.158901 -0.851938 -0.586271 0.367557 0.056940 -0.928256 0.710372 0.606654
  2 20.869171 -0.560238 -0.394367 0.146470 -0.160349 -0.976133 0.643836 0.606654
  2 20.813099 -1.348175 -0.201209 0.332560 -0.754093 -0.566346 0.675147 0.669276
male.bmp
  2 20.869171 -0.560238 -0.394367 0.146470 -0.160349 -0.976133 0.643836 0.606654
  9 21.185183 -1.268212 -0.299162 0.022247 -0.722447 -0.691069 0.643836 0.673190
  2 20.813099 -1.348175 -0.201209 0.332560 -0.754093 -0.566346 0.675147 0.669276
male.bmp
  2 17.590075 -0.216291 1.056922 -0.803597 0.006319 0.595140 0.565558 0.722114
  2 17.579525 0.444721 0.901518 -0.776695 0.269251 0.569428 0.579256 0.774951
  2 17.596111 -0.215995 1.006291 -0.890988 -0.016836 -0.453715 0.569472 0.722114
male.bmp
  2 17.596111 -0.215995 1.006291 -0.890988 -0.016836 -0.453715 0.569472 0.722114
  2 17.579525 0.444721 0.901518 -0.776695 0.269251 0.569428 0.579256 0.774951
  2 17.586255 0.414954 0.860669 -0.926134 -0.245561 -0.286315 0.581213 0.772994
male.bmp
  2 17.579525 0.444721 0.901518 -0.776695 0.269251 0.569428 0.579256 0.774951
  2 17.506326 0.948453 0.338760 -0.802572 0.470534 0.366710 0.624266 0.814090
  2 17.586255 0.414954 0.860669 -0.926134 -0.245561 -0.286315 0.581213 0.772994
male.bmp
  2 17.586255 0.414954 0.860669 -0.926134 -0.245561 -0.286315 0.581213 0.772994
  2 17.506326 0.948453 0.338760 -0.802572 0.470534 0.366710 0.624266 0.814090
  2 17.515355 0.898493 0.327694 -0.921091 -0.380000 -0.084801 0.624266 0.810176
male.bmp
  2 17.506326 0.948453 0.338760 -0.802572 0.470534 0.366710 0.624266 0.814090
  2 17.429659 1.092387 -0.256139 -0.861018 0.500703 0.089138 0.671233 0.823875
  2 17.515355 0.898493 0.327694 -0.921091 -0.380000 -0.084801 0.624266 0.810176
male.bmp
  2 17.515355 0.898493 0.327694 -0.921091 -0.380000 -0.084801 0.624266 0.810176
  2 17.429659 1.092387 -0.256139 -0.861018 0.500703 0.089138 0.671233 0.823875
  2 17.441771 1.022170 -0.227454 -0.875732 -0.478206 0.066424 0.669276 0.818004
male.bmp
  2 17.429659 1.092387 -0.256139 -0.861018 0.500703 0.089138 0.671233 0.823875
  2 17.412170 1.033803 -0.475826 -0.881147 0.444732 -0.160602 0.686888 0.814090
  2 17.441771 1.022170 -0.227454 -0.875732 -0.478206 0.066424 0.669276 0.818004
male.bmp
  2 17.441771 1.022170 -0.227454 -0.875732 -0.478206 0.066424 0.669276 0.818004
  2 17.412170 1.033803 -0.475826 -0.881147 0.444732 -0.160602 0.686888 0.814090
  2 17.434283 0.973560 -0.447865 -0.838905 -0.472921 0.269416 0.684932 0.810176
male.bmp
  2 17.412170 1.033803 -0.475826 -0.881147 0.444732 -0.160602 0.686888 0.814090
  2 17.419693 0.834721 -0.628172 -0.813289 -0.380222 0.440445 0.698630 0.802348
  2 17.434283 0.973560 -0.447865 -0.838905 -0.472921 0.269416 0.684932 0.810176
male.bmp
  2 17.664137 -0.968312 -0.267872 0.001768 -0.706016 -0.708194 0.101761 0.023483
  1 16.144776 -0.776175 -0.599940 0.082237 -0.593673 -0.800494 0.121331 0.115460
  2 17.736661 -0.677073 -0.502435 0.016368 -0.462586 -0.886423 0.121331 0.021526
male.bmp
  2 17.736661 -0.677073 -0.502435 0.016368 -0.462586 -0.886423 0.121331 0.021526
  1 16.144776 -0.776175 -0.599940 0.082237 -0.593673 -0.800494 0.121331 0.115460
  1 16.096112 -0.415793 -0.739427 0.096705 -0.428504 -0.898350 0.136986 0.117417
male.bmp
  1 16.144776 -0.776175 -0.599940 0.082237 -0.593673 -0.800494 0.121331 0.115460
  1 14.221748 -0.809968 -0.806388 0.082237 -0.593673 -0.800494 0.119374 0.227006
  1 16.096112 -0.415793 -0.739427 0.096705 -0.428504 -0.898350 0.136986 0.117417
male.bmp
  1 16.096112 -0.415793 -0.739427 0.096705 -0.428504 -0.898350 0.136986 0.117417
  1 14.221748 -0.809968 -0.806388 0.082237 -0.593673 -0.800494 0.119374 0.227006
  1 16.086420 -0.205740 -0.859360 0.096163 -0.157589 -0.982811 0.150685 0.119374
male.bmp
  1 14.221748 -0.809968 -0.806388 0.082237 -0.593673 -0.800494 0.119374 0.227006
  1 14.172837 -0.319613 -1.055907 0.088082 -0.261430 -0.961195 0.144814 0.228963
  1 16.086420 -0.205740 -0.859360 0.096163 -0.157589 -0.982811 0.150685 0.119374
male.bmp
  1 16.086420 -0.205740 -0.859360 0.096163 -0.157589 -0.982811 0.150685 0.119374
  1 14.172837 -0.319613 -1.055907 0.088082 -0.261430 -0.961195 0.144814 0.228963
  1 16.078397 -0.015656 -0.829298 0.098058 -0.015913 -0.995054 0.160470 0.119374
male.bmp
  1 14.172837 -0.319613 -1.055907 0.088082 -0.261430 -0.961195 0.144814 0.228963
  1 14.157697 0.370516 -1.135867 0.082678 0.223503 -0.971190 0.183953 0.230920
  1 16.078397 -0.015656 -0.829298 0.098058 -0.015913 -0.995054 0.160470 0.119374
male.bmp
  1 16.078397 -0.015656 -0.829298 0.098058 -0.015913 -0.995054 0.160470 0.119374
  1 14.157697 0.370516 -1.135867 0.082678 0.223503 -0.971190 0.183953 0.230920
  1 16.070642 0.394394 -0.929294 0.098291 0.172259 -0.980136 0.183953 0.119374
male.bmp
  1 14.157697 0.370516 -1.135867 0.082678 0.223503 -0.971190 0.183953 0.230920
  1 16.084632 0.634332 -0.769502 0.065441 0.580243 -0.811810 0.205479 0.123288
  1 16.070642 0.394394 -0.929294 0.098291 0.172259 -0.980136 0.183953 0.119374
male.bmp
  1 16.181019 -0.135938 1.099614 0.179355 0.095410 0.979147 0.354207 0.125245
  1 14.358591 0.779515 1.101757 0.162238 0.646900 0.745117 0.318982 0.232877
  1 14.355781 -0.030389 1.431980 0.179355 0.095410 0.979147 0.362035 0.230920
male.bmp
  1 14.355781 -0.030389 1.431980 0.179355 0.095410 0.979147 0.362035 0.230920
  1 14.358591 0.779515 1.101757 0.162238 0.646900 0.745117 0.318982 0.232877
  1 12.529094 0.005148 1.694373 0.045822 0.150264 0.987583 0.373777 0.338552
male.bmp
  1 14.358591 0.779515 1.101757 0.162238 0.646900 0.745117 0.318982 0.232877
  1 12.512035 0.975196 1.264353 0.046668 0.696449 0.716088 0.326810 0.340509
  1 12.529094 0.005148 1.694373 0.045822 0.150264 0.987583 0.373777 0.338552
male.bmp
  1 12.529094 0.005148 1.694373 0.045822 0.150264 0.987583 0.373777 0.338552
  1 12.512035 0.975196 1.264353 0.046668 0.696449 0.716088 0.326810 0.340509
  1 9.757132 -0.051429 1.598340 -0.015146 0.072786 0.997233 0.377691 0.473581
male.bmp
  1 12.512035 0.975196 1.264353 0.046668 0.696449 0.716088 0.326810 0.340509
  1 9.721659 0.888820 1.318563 0.138227 0.591443 0.794411 0.334638 0.473581
  1 9.757132 -0.051429 1.598340 -0.015146 0.072786 0.997233 0.377691 0.473581
male.bmp
  1 9.757132 -0.051429 1.598340 -0.015146 0.072786 0.997233 0.377691 0.473581
  1 9.721659 0.888820 1.318563 0.138227 0.591443 0.794411 0.334638 0.473581
  1 9.125936 0.033457 1.582210 0.067385 0.054402 0.996243 0.377691 0.502935
male.bmp
  1 9.721659 0.888820 1.318563 0.138227 0.591443 0.794411 0.334638 0.473581
  1 9.037117 0.954631 1.553057 0.019389 0.523339 0.851904 0.338552 0.502935
  1 9.125936 0.033457 1.582210 0.067385 0.054402 0.996243 0.377691 0.502935
male.bmp
  1 9.125936 0.033457 1.582210 0.067385 0.054402 0.996243 0.377691 0.502935
  1 9.037117 0.954631 1.553057 0.019389 0.523339 0.851904 0.338552 0.502935
  1 8.334150 0.833358 1.409775 -0.110112 0.598317 0.793657 0.338552 0.532290
male.bmp
  1 9.037117 0.954631 1.553057 0.019389 0.523339 0.851904 0.338552 0.502935
  1 8.161480 1.295438 0.531387 -0.152217 0.981930 0.112445 0.285714 0.540117
  1 8.334150 0.833358 1.409775 -0.110112 0.598317 0.793657 0.338552 0.532290
male.bmp
  2 17.687770 -1.129493 -0.090214 -0.005049 -0.882944 -0.469450 0.086106 0.019569
  1 16.197180 -1.056509 -0.210496 0.069436 -0.853955 -0.515693 0.099804 0.111546
  2 17.664137 -0.968312 -0.267872 0.001768 -0.706016 -0.708194 0.101761 0.023483
male.bmp
  2 17.664137 -0.968312 -0.267872 0.001768 -0.706016 -0.708194 0.101761 0.023483
  1 16.197180 -1.056509 -0.210496 0.069436 -0.853955 -0.515693 0.099804 0.111546
  1 16.144776 -0.776175 -0.599940 0.082237 -0.593673 -0.800494 0.121331 0.115460
male.bmp
  1 16.197180 -1.056509 -0.210496 0.069436 -0.853955 -0.515693 0.099804 0.111546
  1 14.314842 -1.370580 -0.167367 0.065544 -0.914611 -0.398988 0.080235 0.221135
  1 16.144776 -0.776175 -0.599940 0.082237 -0.593673 -0.800494 0.121331 0.115460
male.bmp
  1 16.144776 -0.776175 -0.599940 0.082237 -0.593673 -0.800494 0.121331 0.115460
  1 14.314842 -1.370580 -0.167367 0.065544 -0.914611 -0.398988 0.080235 0.221135
  1 14.221748 -0.809968 -0.806388 0.082237 -0.593673 -0.800494 0.119374 0.227006
male.bmp
  1 14.314842 -1.370580 -0.167367 0.065544 -0.914611 -0.398988 0.080235 0.221135
  1 12.503650 -1.505256 -0.155148 0.038083 -0.947737 -0.316773 0.068493 0.326810
  1 14.221748 -0.809968 -0.806388 0.082237 -0.593673 -0.800494 0.119374 0.227006
male.bmp
  1 14.221748 -0.809968 -0.806388 0.082237 -0.593673 -0.800494 0.119374 0.227006
  1 12.503650 -1.505256 -0.155148 0.038083 -0.947737 -0.316773 0.068493 0.326810
  1 12.298767 -0.823765 -1.022841 0.034509 -0.526726 -0.849334 0.121331 0.338552
male.bmp
  1 12.503650 -1.505256 -0.155148 0.038083 -0.947737 -0.316773 0.068493 0.326810
  1 9.773784 -1.502148 -0.121700 -0.003395 -0.958485 -0.285123 0.058708 0.471624
  1 12.298767 -0.823765 -1.022841 0.034509 -0.526726 -0.849334 0.121331 0.338552
male.bmp
  1 12.298767 -0.823765 -1.022841 0.034509 -0.526726 -0.849334 0.121331 0.338552
  1 9.773784 -1.502148 -0.121700 -0.003395 -0.958485 -0.285123 0.058708 0.471624
  1 9.698521 -0.951740 -0.930951 0.030821 -0.579950 -0.814069 0.107632 0.471624
male.bmp
  1 9.773784 -1.502148 -0.121700 -0.003395 -0.958485 -0.285123 0.058708 0.471624
  1 9.180744 -1.517546 -0.078388 0.200488 -0.953957 -0.223093 0.052838 0.497065
  1 9.698521 -0.951740 -0.930951 0.030821 -0.579950 -0.814069 0.107632 0.471624
male.bmp
  1 16.334350 -1.207464 0.477906 0.107831 -0.907656 0.405626 0.060665 0.107632
  1 14.444198 -1.451427 0.651126 0.083673 -0.947480 0.308676 0.043053 0.217221
  1 16.250751 -1.256838 0.218921 0.084658 -0.987949 -0.129576 0.072407 0.107632
male.bmp
  1 16.250751 -1.256838 0.218921 0.084658 -0.987949 -0.129576 0.072407 0.107632
  1 14.444198 -1.451427 0.651126 0.083673 -0.947480 0.308676 0.043053 0.217221
  1 14.314842 -1.370580 -0.167367 0.065544 -0.914611 -0.398988 0.080235 0.221135
male.bmp
  1 14.444198 -1.451427 0.651126 0.083673 -0.947480 0.308676 0.043053 0.217221
  1 12.596354 -1.465731 0.853784 0.039690 -0.928806 0.368434 0.025440 0.326810
  1 14.314842 -1.370580 -0.167367 0.065544 -0.914611 -0.398988 0.080235 0.221135
male.bmp
  1 14.314842 -1.370580 -0.167367 0.065544 -0.914611 -0.398988 0.080235 0.221135
  1 12.596354 -1.465731 0.853784 0.039690 -0.928806 0.368434 0.025440 0.326810
  1 12.503650 -1.505256 -0.155148 0.038083 -0.947737 -0.316773 0.068493 0.326810
male.bmp
  1 12.596354 -1.465731 0.853784 0.039690 -0.928806 0.368434 0.025440 0.326810
  1 9.845378 -1.492467 0.817491 -0.038375 -0.929214 0.367543 0.015656 0.473581
  1 12.503650 -1.505256 -0.155148 0.038083 -0.947737 -0.316773 0.068493 0.326810
male.bmp
  1 12.503650 -1.505256 -0.155148 0.038083 -0.947737 -0.316773 0.068493 0.326810
  1 9.845378 -1.492467 0.817491 -0.038375 -0.929214 0.367543 0.015656 0.473581
  1 9.773784 -1.502148 -0.121700 -0.003395 -0.958485 -0.285123 0.058708 0.471624
male.bmp
  1 9.845378 -1.492467 0.817491 -0.038375 -0.929214 0.367543 0.015656 0.473581
  1 9.180571 -1.427427 0.831655 0.137581 -0.890861 0.432940 0.007828 0.502935
  1 9.773784 -1.502148 -0.121700 -0.003395 -0.958485 -0.285123 0.058708 0.471624
male.bmp
  1 9.773784 -1.502148 -0.121700 -0.003395 -0.958485 -0.285123 0.058708 0.471624
  1 9.180571 -1.427427 0.831655 0.137581 -0.890861 0.432940 0.007828 0.502935
  1 9.180744 -1.517546 -0.078388 0.200488 -0.953957 -0.223093 0.052838 0.497065
male.bmp
  1 9.180571 -1.427427 0.831655 0.137581 -0.890861 0.432940 0.007828 0.502935
  1 8.718520 -1.621684 0.876078 0.269091 -0.866454 0.420532 0.007828 0.528376
  1 9.180744 -1.517546 -0.078388 0.200488 -0.953957 -0.223093 0.052838 0.497065
male.bmp
  31 -23.031167 2.300848 0.132589 -0.557508 -0.745785 0.364676 0.968689 0.706458
  31 -23.041294 2.387248 0.213413 -0.426214 -0.242153 0.871610 0.956947 0.688845
  31 -23.111588 2.390417 0.143066 -0.926658 -0.218379 0.305966 0.956947 0.673190
male.bmp
  31 -23.111588 2.390417 0.143066 -0.926658 -0.218379 0.305966 0.956947 0.673190
  31 -23.041294 2.387248 0.213413 -0.426214 -0.242153 0.871610 0.956947 0.688845
  31 -23.029114 2.526364 0.196138 -0.832809 0.441896 0.333403 0.923679 0.671233
male.bmp
  31 -23.041294 2.387248 0.213413 -0.426214 -0.242153 0.871610 0.956947 0.688845
  31 -23.019603 2.548866 0.210392 -0.524005 0.574761 0.628545 0.925636 0.681018
  31 -23.029114 2.526364 0.196138 -0.832809 0.441896 0.333403 0.923679 0.671233
male.bmp
  31 -23.029114 2.526364 0.196138 -0.832809 0.441896 0.333403 0.923679 0.671233
  31 -23.019603 2.548866 0.210392 -0.524005 0.574761 0.628545 0.925636 0.681018
  31 -22.938861 2.608700 0.118193 0.061739 0.915711 0.397067 0.894325 0.694716
male.bmp
  31 -23.019603 2.548866 0.210392 -0.524005 0.574761 0.628545 0.925636 0.681018
  31 -22.737050 2.419404 0.212211 0.084258 0.393211 0.915580 0.921722 0.751468
  31 -22.938861 2.608700 0.118193 0.061739 0.915711 0.397067 0.894325 0.694716
male.bmp
  31 -22.938861 2.608700 0.118193 0.061739 0.915711 0.397067 0.894325 0.694716
  31 -22.737050 2.419404 0.212211 0.084258 0.393211 0.915580 0.921722 0.751468
  31 -22.732992 2.526478 0.110631 0.312495 0.849688 0.424707 0.896282 0.747554
male.bmp
  31 -22.737050 2.419404 0.212211 0.084258 0.393211 0.915580 0.921722 0.751468
  30 -22.507691 2.302011 0.262772 0.091481 0.316557 0.944152 0.921722 0.814090
  31 -22.732992 2.526478 0.110631 0.312495 0.849688 0.424707 0.896282 0.747554
male.bmp
  31 -22.732992 2.526478 0.110631 0.312495 0.849688 0.424707 0.896282 0.747554
  30 -22.507691 2.302011 0.262772 0.091481 0.316557 0.944152 0.921722 0.814090
  30 -22.422563 2.402148 0.157768 0.333013 0.795192 0.506727 0.894325 0.814090
male.bmp
  30 -22.507691 2.302011 0.262772 0.091481 0.316557 0.944152 0.921722 0.814090
  30 -21.762133 1.934659 0.204506 0.198435 0.241083 0.950001 0.919765 0.964775
  30 -22.422563 2.402148 0.157768 0.333013 0.795192 0.506727 0.894325 0.814090
male.bmp
  25 -24.556712 -0.327454 0.267628 -0.150573 -0.943521 0.295122 0.968689 0.706458
  25 -24.635904 -0.250853 0.391971 -0.347698 -0.509872 0.786852 0.956947 0.688845
  25 -24.697395 -0.248209 0.298100 -0.794443 -0.559516 0.236224 0.956947 0.673190
male.bmp
  25 -24.697395 -0.248209 0.298100 -0.794443 -0.559516 0.236224 0.956947 0.673190
  25 -24.635904 -0.250853 0.391971 -0.347698 -0.509872 0.786852 0.956947 0.688845
  25 -24.679217 -0.038663 0.371993 -0.976664 0.060125 0.206183 0.923679 0.671233
male.bmp
  25 -24.635904 -0.250853 0.391971 -0.347698 -0.509872 0.786852 0.956947 0.688845
  25 -24.688677 -0.024751 0.420127 -0.647926 0.219475 0.729398 0.925636 0.681018
  25 -24.679217 -0.038663 0.371993 -0.976664 0.060125 0.206183 0.923679 0.671233
male.bmp
  25 -24.679217 -0.038663 0.371993 -0.976664 0.060125 0.206183 0.923679 0.671233
  25 -24.688677 -0.024751 0.420127 -0.647926 0.219475 0.729398 0.925636 0.681018
  25 -24.642695 0.113790 0.285250 -0.407412 0.791067 0.456321 0.894325 0.694716
male.bmp
  25 -24.688677 -0.024751 0.420127 -0.647926 0.219475 0.729398 0.925636 0.681018
  25 -24.259308 -0.032729 0.365546 0.007183 0.261611 0.965147 0.921722 0.751468
  25 -24.642695 0.113790 0.285250 -0.407412 0.791067 0.456321 0.894325 0.694716
male.bmp
  25 -24.642695 0.113790 0.285250 -0.407412 0.791067 0.456321 0.894325 0.694716
  25 -24.259308 -0.032729 0.365546 0.007183 0.261611 0.965147 0.921722 0.751468
  25 -24.313268 0.119616 0.248587 0.000240 0.829083 0.559125 0.896282 0.747554
male.bmp
  25 -24.259308 -0.032729 0.365546 0.007183 0.261611 0.965147 0.921722 0.751468
  24 -23.861417 -0.039317 0.397726 -0.013864 0.251349 0.967797 0.921722 0.814090
  25 -24.313268 0.119616 0.248587 0.000240 0.829083 0.559125 0.896282 0.747554
male.bmp
  25 -24.313268 0.119616 0.248587 0.000240 0.829083 0.559125 0.896282 0.747554
  24 -23.861417 -0.039317 0.397726 -0.013864 0.251349 0.967797 0.921722 0.814090
  24 -23.871513 0.136765 0.252491 -0.014289 0.840205 0.542081 0.894325 0.814090
male.bmp
  24 -23.861417 -0.039317 0.397726 -0.013864 0.251349 0.967797 0.921722 0.814090
  24 -22.722024 -0.008884 0.359546 0.084829 0.291177 0.952901 0.919765 0.964775
  24 -23.871513 0.136765 0.252491 -0.014289 0.840205 0.542081 0.894325 0.814090
male.bmp
  31 -23.111588 2.390417 0.143066 -0.926658 -0.218379 0.305966 0.904110 0.373777
  31 -23.048830 2.298943 -0.063075 -0.726778 -0.559733 -0.398112 0.904110 0.393346
  31 -23.031167 2.300848 0.132589 -0.557508 -0.745785 0.364676 0.888454 0.393346
male.bmp
  31 -23.031167 2.300848 0.132589 -0.557508 -0.745785 0.364676 0.888454 0.393346
  31 -23.048830 2.298943 -0.063075 -0.726778 -0.559733 -0.398112 0.904110 0.393346
  30 -22.519499 2.024829 0.124096 -0.436831 -0.841843 0.316984 0.884540 0.530333
male.bmp
  31 -23.048830 2.298943 -0.063075 -0.726778 -0.559733 -0.398112 0.904110 0.393346
  31 -22.588675 2.092327 -0.100047 -0.420092 -0.707804 -0.567922 0.908023 0.518591
  30 -22.519499 2.024829 0.124096 -0.436831 -0.841843 0.316984 0.884540 0.530333
male.bmp
  30 -22.519499 2.024829 0.124096 -0.436831 -0.841843 0.316984 0.884540 0.530333
  31 -22.588675 2.092327 -0.100047 -0.420092 -0.707804 -0.567922 0.908023 0.518591
  30 -22.494447 2.020517 -0.125411 -0.485648 -0.658418 -0.575006 0.904110 0.542074
male.bmp
  31 -22.588675 2.092327 -0.100047 -0.420092 -0.707804 -0.567922 0.908023 0.518591
  30 -22.405646 2.219291 -0.202893 -0.006877 0.261413 -0.965202 0.943249 0.534247
  30 -22.494447 2.020517 -0.125411 -0.485648 -0.658418 -0.575006 0.904110 0.542074
male.bmp
  30 -22.494447 2.020517 -0.125411 -0.485648 -0.658418 -0.575006 0.904110 0.542074
  30 -22.405646 2.219291 -0.202893 -0.006877 0.261413 -0.965202 0.943249 0.534247
  30 -21.777701 1.661810 -0.203552 -0.526212 -0.559141 -0.640673 0.908023 0.634051
male.bmp
  30 -22.405646 2.219291 -0.202893 -0.006877 0.261413 -0.965202 0.943249 0.534247
  30 -21.670015 1.854042 -0.271010 0.051758 0.310827 -0.949056 0.943249 0.634051
  30 -21.777701 1.661810 -0.203552 -0.526212 -0.559141 -0.640673 0.908023 0.634051
male.bmp
  30 -21.777701 1.661810 -0.203552 -0.526212 -0.559141 -0.640673 0.908023 0.634051
  30 -21.670015 1.854042 -0.271010 0.051758 0.310827 -0.949056 0.943249 0.634051
  29 -21.737240 1.631517 -0.221846 -0.600449 -0.384064 -0.701396 0.906067 0.645793
male.bmp
  30 -21.670015 1.854042 -0.271010 0.051758 0.310827 -0.949056 0.943249 0.634051
  29 -21.620352 1.821882 -0.280140 0.023915 0.289109 -0.956997 0.943249 0.645793
  29 -21.737240 1.631517 -0.221846 -0.600449 -0.384064 -0.701396 0.906067 0.645793
male.bmp
  33 -19.315150 -2.368188 -0.229330 0.706749 -0.573351 -0.414458 0.737769 0.780822
  33 -19.785502 -2.318674 -0.475130 0.028929 -0.232617 -0.972138 0.784736 0.772994
  32 -19.625889 -1.904653 -0.600099 -0.020057 -0.274256 -0.961448 0.782779 0.819961
male.bmp
  32 -19.625889 -1.904653 -0.600099 -0.020057 -0.274256 -0.961448 0.782779 0.819961
  33 -19.785502 -2.318674 -0.475130 0.028929 -0.232617 -0.972138 0.784736 0.772994
  32 -20.220502 -1.733941 -0.304985 -0.720454 0.004428 -0.693489 0.845401 0.814090
male.bmp
  33 -19.785502 -2.318674 -0.475130 0.028929 -0.232617 -0.972138 0.784736 0.772994
  33 -20.260313 -2.095274 -0.318133 -0.685075 0.069288 -0.725170 0.839530 0.776908
  32 -20.220502 -1.733941 -0.304985 -0.720454 0.004428 -0.693489 0.845401 0.814090
male.bmp
  32 -20.220502 -1.733941 -0.304985 -0.720454 0.004428 -0.693489 0.845401 0.814090
  33 -20.260313 -2.095274 -0.318133 -0.685075 0.069288 -0.725170 0.839530 0.776908
  33 -20.380910 -1.933105 0.097868 -0.995048 0.008476 -0.099035 0.857143 0.782779
male.bmp
  33 -20.260313 -2.095274 -0.318133 -0.685075 0.069288 -0.725170 0.839530 0.776908
  33 -20.338804 -2.612299 -0.263134 -0.643840 0.062884 -0.762572 0.829746 0.724070
  33 -20.380910 -1.933105 0.097868 -0.995048 0.008476 -0.099035 0.857143 0.782779
male.bmp
  33 -20.380910 -1.933105 0.097868 -0.995048 0.008476 -0.099035 0.857143 0.782779
  33 -20.338804 -2.612299 -0.263134 -0.643840 0.062884 -0.762572 0.829746 0.724070
  33 -20.418065 -2.541688 -0.079745 -0.935791 0.148353 -0.319822 0.843444 0.726027
male.bmp
  33 -20.338804 -2.612299 -0.263134 -0.643840 0.062884 -0.762572 0.829746 0.724070
  33 -20.447976 -2.966694 -0.204946 -0.728038 -0.457213 -0.510800 0.829746 0.686888
  33 -20.418065 -2.541688 -0.079745 -0.935791 0.148353 -0.319822 0.843444 0.726027
male.bmp
  33 -20.418065 -2.541688 -0.079745 -0.935791 0.148353 -0.319822 0.843444 0.726027
  33 -20.447976 -2.966694 -0.204946 -0.728038 -0.457213 -0.510800 0.829746 0.686888
  33 -20.496813 -2.956388 0.116781 -0.888060 -0.420318 0.186228 0.847358 0.684932
male.bmp
  33 -20.447976 -2.966694 -0.204946 -0.728038 -0.457213 -0.510800 0.829746 0.686888
  33 -20.450573 -2.978573 0.125132 -0.471877 -0.869798 0.144165 0.849315 0.681018
  33 -20.496813 -2.956388 0.116781 -0.888060 -0.420318 0.186228 0.847358 0.684932
male.bmp
  26 -21.202411 -1.274752 -0.302895 -0.034099 -0.723758 -0.689210 0.643836 0.673190
  19 -20.880726 -0.570628 -0.349179 -0.169161 -0.160862 -0.972372 0.643836 0.606654
  19 -20.824794 -1.358604 -0.156136 -0.349394 -0.752974 -0.557633 0.675147 0.669276
male.bmp
  19 -20.824794 -1.358604 -0.156136 -0.349394 -0.752974 -0.557633 0.675147 0.669276
  19 -20.880726 -0.570628 -0.349179 -0.169161 -0.160862 -0.972372 0.643836 0.606654
  19 -20.176586 -0.866621 -0.556486 -0.387892 0.057748 -0.919894 0.710372 0.606654
male.bmp
  19 -20.880726 -0.570628 -0.349179 -0.169161 -0.160862 -0.972372 0.643836 0.606654
  19 -19.846617 -0.040402 -0.570037 -0.274410 -0.219812 -0.936153 0.710372 0.528376
  19 -20.176586 -0.866621 -0.556486 -0.387892 0.057748 -0.919894 0.710372 0.606654
male.bmp
  19 -20.176586 -0.866621 -0.556486 -0.387892 0.057748 -0.919894 0.710372 0.606654
  19 -19.846617 -0.040402 -0.570037 -0.274410 -0.219812 -0.936153 0.710372 0.528376
  19 -19.201654 -0.689346 -0.846795 -0.006517 0.025346 -0.999658 0.784736 0.561644
male.bmp
  19 -19.846617 -0.040402 -0.570037 -0.274410 -0.219812 -0.936153 0.710372 0.528376
  19 -19.109432 -0.089104 -0.857066 -0.169161 -0.160862 -0.972372 0.771037 0.506849
  19 -19.201654 -0.689346 -0.846795 -0.006517 0.025346 -0.999658 0.784736 0.561644
male.bmp
  19 -19.201654 -0.689346 -0.846795 -0.006517 0.025346 -0.999658 0.784736 0.561644
  19 -19.109432 -0.089104 -0.857066 -0.169161 -0.160862 -0.972372 0.771037 0.506849
  19 -18.596701 -0.710272 -0.756275 0.176636 -0.368424 -0.912723 0.833659 0.540117
male.bmp
  19 -19.109432 -0.089104 -0.857066 -0.169161 -0.160862 -0.972372 0.771037 0.506849
  19 -18.583608 -0.186070 -0.887197 0.068332 -0.152997 -0.985861 0.818004 0.499022
  19 -18.596701 -0.710272 -0.756275 0.176636 -0.368424 -0.912723 0.833659 0.540117
male.bmp
  19 -18.596701 -0.710272 -0.756275 0.176636 -0.368424 -0.912723 0.833659 0.540117
  19 -18.583608 -0.186070 -0.887197 0.068332 -0.152997 -0.985861 0.818004 0.499022
  19 -18.265793 -0.347781 -0.811532 -0.487356 -0.183176 -0.853774 0.849315 0.500978
male.bmp
  19 -18.583608 -0.186070 -0.887197 0.068332 -0.152997 -0.985861 0.818004 0.499022
  19 -18.261392 0.412310 -0.849503 -0.629217 0.059637 -0.774939 0.821918 0.438356
  19 -18.265793 -0.347781 -0.811532 -0.487356 -0.183176 -0.853774 0.849315 0.500978
male.bmp
  29 -21.583790 2.054678 0.107378 -0.541889 0.809155 0.227211 0.659491 0.371820
  29 -21.538843 2.075828 0.137914 -0.050430 0.903064 0.426535 0.667319 0.369863
  29 -21.523277 2.051716 -0.117188 -0.174272 0.900946 -0.397399 0.673190 0.383562
male.bmp
  29 -21.523277 2.051716 -0.117188 -0.174272 0.900946 -0.397399 0.673190 0.383562
  29 -21.538843 2.075828 0.137914 -0.050430 0.903064 0.426535 0.667319 0.369863
  29 -20.652724 1.713775 -0.149334 0.242895 0.927017 -0.285730 0.753425 0.354207
male.bmp
  29 -21.538843 2.075828 0.137914 -0.050430 0.903064 0.426535 0.667319 0.369863
  19 -20.658632 1.694167 -0.290219 0.237040 0.814256 0.529905 0.747554 0.340509
  29 -20.652724 1.713775 -0.149334 0.242895 0.927017 -0.285730 0.753425 0.354207
male.bmp
  29 -20.652724 1.713775 -0.149334 0.242895 0.927017 -0.285730 0.753425 0.354207
  19 -20.658632 1.694167 -0.290219 0.237040 0.814256 0.529905 0.747554 0.340509
  19 -20.225576 1.595286 -0.651997 0.202304 0.843029 -0.498372 0.784736 0.352250
male.bmp
  19 -20.658632 1.694167 -0.290219 0.237040 0.814256 0.529905 0.747554 0.340509
  19 -20.309181 1.588194 -0.249555 0.159917 0.864249 0.476970 0.780822 0.332681
  19 -20.225576 1.595286 -0.651997 0.202304 0.843029 -0.498372 0.784736 0.352250
male.bmp
  19 -20.225576 1.595286 -0.651997 0.202304 0.843029 -0.498372 0.784736 0.352250
  19 -20.309181 1.588194 -0.249555 0.159917 0.864249 0.476970 0.780822 0.332681
  19 -19.309429 1.449900 -0.299242 0.274101 0.958965 0.072493 0.866928 0.315068
male.bmp
  19 -20.309181 1.588194 -0.249555 0.159917 0.864249 0.476970 0.780822 0.332681
  19 -20.482696 1.230495 0.090510 -0.079929 0.606572 0.791001 0.769080 0.299413
  19 -19.309429 1.449900 -0.299242 0.274101 0.958965 0.072493 0.866928 0.315068
male.bmp
  19 -19.309429 1.449900 -0.299242 0.274101 0.958965 0.072493 0.866928 0.315068
  19 -20.482696 1.230495 0.090510 -0.079929 0.606572 0.791001 0.769080 0.299413
  19 -19.279450 1.078523 0.250832 0.098670 0.700490 0.706809 0.878669 0.281800
male.bmp
  19 -20.482696 1.230495 0.090510 -0.079929 0.606572 0.791001 0.769080 0.299413
  19 -20.543082 0.694467 0.429815 -0.191001 0.400980 0.895954 0.769080 0.250489
  19 -19.279450 1.078523 0.250832 0.098670 0.700490 0.706809 0.878669 0.281800
male.bmp
  32 -19.731568 -1.487259 0.766178 0.064537 -0.220679 0.973209 0.516634 0.816047
  33 -19.476559 -2.238703 0.457532 0.497837 -0.442888 0.745660 0.553816 0.882583
  32 -19.243153 -1.710595 0.525403 0.460964 -0.410397 0.786820 0.571429 0.829746
male.bmp
  32 -19.243153 -1.710595 0.525403 0.460964 -0.410397 0.786820 0.571429 0.829746
  33 -19.476559 -2.238703 0.457532 0.497837 -0.442888 0.745660 0.553816 0.882583
  32 -19.013656 -1.913899 0.175263 0.724968 -0.556514 0.405849 0.604697 0.837573
male.bmp
  33 -19.476559 -2.238703 0.457532 0.497837 -0.442888 0.745660 0.553816 0.882583
  33 -19.312085 -2.278378 0.112027 0.744731 -0.573548 0.341203 0.583170 0.882583
  32 -19.013656 -1.913899 0.175263 0.724968 -0.556514 0.405849 0.604697 0.837573
male.bmp
  32 -19.013656 -1.913899 0.175263 0.724968 -0.556514 0.405849 0.604697 0.837573
  33 -19.312085 -2.278378 0.112027 0.744731 -0.573548 0.341203 0.583170 0.882583
  32 -19.009180 -1.947920 0.014880 0.802722 -0.594367 0.048628 0.612524 0.841487
male.bmp
  33 -19.312085 -2.278378 0.112027 0.744731 -0.573548 0.341203 0.583170 0.882583
  33 -19.313801 -2.349305 -0.018994 0.816180 -0.570892 0.089069 0.590998 0.886497
  32 -19.009180 -1.947920 0.014880 0.802722 -0.594367 0.048628 0.612524 0.841487
male.bmp
  32 -19.009180 -1.947920 0.014880 0.802722 -0.594367 0.048628 0.612524 0.841487
  33 -19.313801 -2.349305 -0.018994 0.816180 -0.570892 0.089069 0.590998 0.886497
  32 -18.994071 -1.911910 -0.115791 0.823420 -0.566976 -0.022751 0.620352 0.845401
male.bmp
  33 -19.313801 -2.349305 -0.018994 0.816180 -0.570892 0.089069 0.590998 0.886497
  33 -19.313935 -2.338345 -0.108881 0.806971 -0.590182 0.021997 0.596869 0.888454
  32 -18.994071 -1.911910 -0.115791 0.823420 -0.566976 -0.022751 0.620352 0.845401
male.bmp
  32 -18.994071 -1.911910 -0.115791 0.823420 -0.566976 -0.022751 0.620352 0.845401
  33 -19.313935 -2.338345 -0.108881 0.806971 -0.590182 0.021997 0.596869 0.888454
  32 -18.987935 -1.904736 -0.266160 0.737539 -0.513077 -0.439076 0.628180 0.849315
male.bmp
  33 -19.313935 -2.338345 -0.108881 0.806971 -0.590182 0.021997 0.596869 0.888454
  33 -19.315150 -2.368188 -0.229330 0.706749 -0.573351 -0.414458 0.604697 0.892368
  32 -18.987935 -1.904736 -0.266160 0.737539 -0.513077 -0.439076 0.628180 0.849315
male.bmp
  19 -17.876612 -0.418937 -0.789738 0.758398 -0.166972 -0.630042 0.201566 0.890411
  19 -18.257982 0.422456 -0.909382 -0.629217 0.059637 -0.774939 0.091977 0.839530
  19 -17.867561 0.391348 -0.907452 0.726655 0.009375 -0.686938 0.105675 0.886497
male.bmp
  19 -17.867561 0.391348 -0.907452 0.726655 0.009375 -0.686938 0.105675 0.886497
  19 -18.257982 0.422456 -0.909382 -0.629217 0.059637 -0.774939 0.091977 0.839530
  19 -17.869701 0.631224 -0.856911 0.670418 0.274581 -0.689308 0.082192 0.886497
male.bmp
  19 -18.257982 0.422456 -0.909382 -0.629217 0.059637 -0.774939 0.091977 0.839530
  19 -18.250729 0.652280 -0.848319 -0.652512 0.328969 -0.682648 0.070450 0.839530
  19 -17.869701 0.631224 -0.856911 0.670418 0.274581 -0.689308 0.082192 0.886497
male.bmp
  19 -17.869701 0.631224 -0.856911 0.670418 0.274581 -0.689308 0.082192 0.886497
  19 -18.250729 0.652280 -0.848319 -0.652512 0.328969 -0.682648 0.070450 0.839530
  19 -17.886388 0.850937 -0.727111 0.613576 0.526299 -0.588672 0.058708 0.884540
male.bmp
  19 -18.250729 0.652280 -0.848319 -0.652512 0.328969 -0.682648 0.070450 0.839530
  19 -18.257997 0.871938 -0.707972 -0.666771 0.467468 -0.580422 0.050881 0.837573
  19 -17.886388 0.850937 -0.727111 0.613576 0.526299 -0.588672 0.058708 0.884540
male.bmp
  19 -17.886388 0.850937 -0.727111 0.613576 0.526299 -0.588672 0.058708 0.884540
  19 -18.257997 0.871938 -0.707972 -0.666771 0.467468 -0.580422 0.050881 0.837573
  19 -17.895545 1.000524 -0.556995 0.600041 0.698929 -0.389166 0.039139 0.884540
male.bmp
  19 -18.257997 0.871938 -0.707972 -0.666771 0.467468 -0.580422 0.050881 0.837573
  19 -18.267125 1.031526 -0.537828 -0.632039 0.640321 -0.436480 0.031311 0.837573
  19 -17.895545 1.000524 -0.556995 0.600041 0.698929 -0.389166 0.039139 0.884540
male.bmp
  19 -17.895545 1.000524 -0.556995 0.600041 0.698929 -0.389166 0.039139 0.884540
  19 -18.267125 1.031526 -0.537828 -0.632039 0.640321 -0.436480 0.031311 0.837573
  19 -17.907716 1.079990 -0.337138 0.584525 0.811150 0.019145 0.019569 0.884540
male.bmp
  19 -18.267125 1.031526 -0.537828 -0.632039 0.640321 -0.436480 0.031311 0.837573
  19 -18.278169 1.111040 -0.337940 -0.600842 0.797788 -0.050225 0.011742 0.835616
  19 -17.907716 1.079990 -0.337138 0.584525 0.811150 0.019145 0.019569 0.884540
male.bmp
  19 -17.429489 0.809476 -0.661360 0.820773 -0.384227 0.422731 0.698630 0.802348
  19 -17.416873 0.999076 -0.519964 0.879835 0.439496 -0.180926 0.686888 0.814090
  19 -17.439265 0.939038 -0.481310 0.842039 -0.477300 0.251308 0.684932 0.810176
male.bmp
  19 -17.439265 0.939038 -0.481310 0.842039 -0.477300 0.251308 0.684932 0.810176
  19 -17.416873 0.999076 -0.519964 0.879835 0.439496 -0.180926 0.686888 0.814090
  19 -17.441537 0.988475 -0.260968 0.874284 -0.483080 0.047555 0.669276 0.818004
male.bmp
  19 -17.416873 0.999076 -0.519964 0.879835 0.439496 -0.180926 0.686888 0.814090
  19 -17.429665 1.058518 -0.290176 0.865611 0.495924 0.069117 0.671233 0.823875
  19 -17.441537 0.988475 -0.260968 0.874284 -0.483080 0.047555 0.669276 0.818004
male.bmp
  19 -17.441537 0.988475 -0.260968 0.874284 -0.483080 0.047555 0.669276 0.818004
  19 -17.429665 1.058518 -0.290176 0.865611 0.495924 0.069117 0.671233 0.823875
  19 -17.503386 0.867208 0.296140 0.916800 -0.385350 -0.104798 0.624266 0.810176
male.bmp
  19 -17.429665 1.058518 -0.290176 0.865611 0.495924 0.069117 0.671233 0.823875
  19 -17.493796 0.927154 0.306843 0.813215 0.466472 0.347972 0.624266 0.814090
  19 -17.503386 0.867208 0.296140 0.916800 -0.385350 -0.104798 0.624266 0.810176
male.bmp
  19 -17.503386 0.867208 0.296140 0.916800 -0.385350 -0.104798 0.624266 0.810176
  19 -17.493796 0.927154 0.306843 0.813215 0.466472 0.347972 0.624266 0.814090
  19 -17.565126 0.385992 0.832348 0.918096 -0.251216 -0.306579 0.581213 0.772994
male.bmp
  19 -17.493796 0.927154 0.306843 0.813215 0.466472 0.347972 0.624266 0.814090
  19 -17.556748 0.415889 0.862942 0.790743 0.265619 0.551518 0.579256 0.774951
  19 -17.565126 0.385992 0.832348 0.918096 -0.251216 -0.306579 0.581213 0.772994
male.bmp
  19 -17.565126 0.385992 0.832348 0.918096 -0.251216 -0.306579 0.581213 0.772994
  19 -17.556748 0.415889 0.862942 0.790743 0.265619 0.551518 0.579256 0.774951
  19 -17.575360 -0.244368 0.980480 0.880513 -0.022522 -0.473487 0.569472 0.722114
male.bmp
  19 -17.556748 0.415889 0.862942 0.790743 0.265619 0.551518 0.579256 0.774951
  19 -17.568193 -0.244518 1.030963 0.816727 0.002576 0.577019 0.565558 0.722114
  19 -17.575360 -0.244368 0.980480 0.880513 -0.022522 -0.473487 0.569472 0.722114
male.bmp
  18 -16.083986 0.603010 -0.792393 -0.065271 0.580603 -0.811567 0.205479 0.123288
  18 -14.160147 0.318737 -1.163114 -0.084824 0.223960 -0.970900 0.183953 0.230920
  18 -16.071056 0.364747 -0.954762 -0.100723 0.172796 -0.979794 0.183953 0.119374
male.bmp
  18 -16.071056 0.364747 -0.954762 -0.100723 0.172796 -0.979794 0.183953 0.119374
  18 -14.160147 0.318737 -1.163114 -0.084824 0.223960 -0.970900 0.183953 0.230920
  18 -16.086358 -0.056531 -0.848974 -0.101479 -0.015375 -0.994719 0.160470 0.119374
male.bmp
  18 -14.160147 0.318737 -1.163114 -0.084824 0.223960 -0.970900 0.183953 0.230920
  18 -14.172445 -0.362311 -1.079912 -0.092615 -0.260940 -0.960902 0.144814 0.228963
  18 -16.086358 -0.056531 -0.848974 -0.101479 -0.015375 -0.994719 0.160470 0.119374
male.bmp
  18 -16.086358 -0.056531 -0.848974 -0.101479 -0.015375 -0.994719 0.160470 0.119374
  18 -14.172445 -0.362311 -1.079912 -0.092615 -0.260940 -0.960902 0.144814 0.228963
  18 -16.094133 -0.246224 -0.890876 -0.100250 -0.157059 -0.982488 0.150685 0.119374
male.bmp
  18 -14.172445 -0.362311 -1.079912 -0.092615 -0.260940 -0.960902 0.144814 0.228963
  18 -14.227096 -0.855434 -0.834877 -0.087890 -0.593215 -0.800232 0.119374 0.227006
  18 -16.094133 -0.246224 -0.890876 -0.100250 -0.157059 -0.982488 0.150685 0.119374
male.bmp
  18 -16.094133 -0.246224 -0.890876 -0.100250 -0.157059 -0.982488 0.150685 0.119374
  18 -14.227096 -0.855434 -0.834877 -0.087890 -0.593215 -0.800232 0.119374 0.227006
  18 -16.101868 -0.457611 -0.762985 -0.101860 -0.427972 -0.898034 0.136986 0.117417
male.bmp
  18 -14.227096 -0.855434 -0.834877 -0.087890 -0.593215 -0.800232 0.119374 0.227006
  18 -16.148005 -0.809539 -0.626538 -0.087890 -0.593215 -0.800232 0.121331 0.115460
  18 -16.101868 -0.457611 -0.762985 -0.101860 -0.427972 -0.898034 0.136986 0.117417
male.bmp
  18 -16.101868 -0.457611 -0.762985 -0.101860 -0.427972 -0.898034 0.136986 0.117417
  18 -16.148005 -0.809539 -0.626538 -0.087890 -0.593215 -0.800232 0.121331 0.115460
  19 -17.751716 -0.699957 -0.532973 -0.038794 -0.463709 -0.885138 0.121331 0.021526
male.bmp
  18 -16.148005 -0.809539 -0.626538 -0.087890 -0.593215 -0.800232 0.121331 0.115460
  19 -17.675668 -1.000779 -0.299044 -0.021587 -0.706971 -0.706913 0.101761 0.023483
  19 -17.751716 -0.699957 -0.532973 -0.038794 -0.463709 -0.885138 0.121331 0.021526
male.bmp
  18 -8.154402 1.219812 0.480436 0.157493 0.981152 0.111965 0.285714 0.540117
  18 -9.018291 0.883405 1.505094 -0.013914 0.523387 0.851981 0.338552 0.502935
  18 -8.326423 0.758557 1.359385 0.115764 0.597721 0.793302 0.338552 0.532290
male.bmp
  18 -8.326423 0.758557 1.359385 0.115764 0.597721 0.793302 0.338552 0.532290
  18 -9.018291 0.883405 1.505094 -0.013914 0.523387 0.851981 0.338552 0.502935
  18 -9.121609 -0.037390 1.534453 -0.063765 0.054689 0.996465 0.377691 0.502935
male.bmp
  18 -9.018291 0.883405 1.505094 -0.013914 0.523387 0.851981 0.338552 0.502935
  18 -9.708642 0.825566 1.276995 -0.132603 0.592087 0.794889 0.334638 0.473581
  18 -9.121609 -0.037390 1.534453 -0.063765 0.054689 0.996465 0.377691 0.502935
male.bmp
  18 -9.121609 -0.037390 1.534453 -0.063765 0.054689 0.996465 0.377691 0.502935
  18 -9.708642 0.825566 1.276995 -0.132603 0.592087 0.794889 0.334638 0.473581
  18 -9.758176 -0.117905 1.557548 0.018859 0.072661 0.997178 0.377691 0.473581
male.bmp
  18 -9.708642 0.825566 1.276995 -0.132603 0.592087 0.794889 0.334638 0.473581
  18 -12.509891 0.923962 1.224869 -0.040784 0.696638 0.716263 0.326810 0.340509
  18 -9.758176 -0.117905 1.557548 0.018859 0.072661 0.997178 0.377691 0.473581
male.bmp
  18 -9.758176 -0.117905 1.557548 0.018859 0.072661 0.997178 0.377691 0.473581
  18 -12.509891 0.923962 1.224869 -0.040784 0.696638 0.716263 0.326810 0.340509
  18 -12.519262 -0.050642 1.665165 -0.041751 0.150442 0.987737 0.373777 0.338552
male.bmp
  18 -12.509891 0.923962 1.224869 -0.040784 0.696638 0.716263 0.326810 0.340509
  18 -14.347665 0.734291 1.080935 -0.156502 0.647665 0.745679 0.318982 0.232877
  18 -12.519262 -0.050642 1.665165 -0.041751 0.150442 0.987737 0.373777 0.338552
male.bmp
  18 -12.519262 -0.050642 1.665165 -0.041751 0.150442 0.987737 0.373777 0.338552
  18 -14.347665 0.734291 1.080935 -0.156502 0.647665 0.745679 0.318982 0.232877
  18 -14.348852 -0.069021 1.402941 -0.175585 0.096256 0.979747 0.362035 0.230920
male.bmp
  18 -14.347665 0.734291 1.080935 -0.156502 0.647665 0.745679 0.318982 0.232877
  18 -16.177333 -0.176692 1.069825 -0.175585 0.096256 0.979747 0.354207 0.125245
  18 -14.348852 -0.069021 1.402941 -0.175585 0.096256 0.979747 0.362035 0.230920
male.bmp
  18 -9.199154 -1.594895 -0.126643 -0.205999 -0.952933 -0.222449 0.052838 0.497065
  18 -9.789416 -1.571260 -0.167063 -0.002349 -0.958476 -0.285164 0.058708 0.471624
  18 -9.704718 -1.022216 -0.971536 -0.036451 -0.579749 -0.813980 0.107632 0.471624
male.bmp
  18 -9.704718 -1.022216 -0.971536 -0.036451 -0.579749 -0.813980 0.107632 0.471624
  18 -9.789416 -1.571260 -0.167063 -0.002349 -0.958476 -0.285164 0.058708 0.471624
  18 -12.306407 -0.881233 -1.053018 -0.039992 -0.526505 -0.849231 0.121331 0.338552
male.bmp
  18 -9.789416 -1.571260 -0.167063 -0.002349 -0.958476 -0.285164 0.058708 0.471624
  18 -12.509660 -1.562136 -0.199988 -0.043878 -0.947519 -0.316673 0.068493 0.326810
  18 -12.306407 -0.881233 -1.053018 -0.039992 -0.526505 -0.849231 0.121331 0.338552
male.bmp
  18 -12.306407 -0.881233 -1.053018 -0.039992 -0.526505 -0.849231 0.121331 0.338552
  18 -12.509660 -1.562136 -0.199988 -0.043878 -0.947519 -0.316673 0.068493 0.326810
  18 -14.227096 -0.855434 -0.834877 -0.087890 -0.593215 -0.800232 0.119374 0.227006
male.bmp
  18 -12.509660 -1.562136 -0.199988 -0.043878 -0.947519 -0.316673 0.068493 0.326810
  18 -14.321376 -1.422897 -0.200607 -0.071450 -0.914252 -0.398795 0.080235 0.221135
  18 -14.227096 -0.855434 -0.834877 -0.087890 -0.593215 -0.800232 0.119374 0.227006
male.bmp
  18 -14.227096 -0.855434 -0.834877 -0.087890 -0.593215 -0.800232 0.119374 0.227006
  18 -14.321376 -1.422897 -0.200607 -0.071450 -0.914252 -0.398795 0.080235 0.221135
  18 -16.148005 -0.809539 -0.626538 -0.087890 -0.593215 -0.800232 0.121331 0.115460
male.bmp
  18 -14.321376 -1.422897 -0.200607 -0.071450 -0.914252 -0.398795 0.080235 0.221135
  18 -16.205222 -1.094082 -0.239418 -0.075431 -0.853573 -0.515484 0.099804 0.111546
  18 -16.148005 -0.809539 -0.626538 -0.087890 -0.593215 -0.800232 0.121331 0.115460
male.bmp
  18 -16.148005 -0.809539 -0.626538 -0.087890 -0.593215 -0.800232 0.121331 0.115460
  18 -16.205222 -1.094082 -0.239418 -0.075431 -0.853573 -0.515484 0.099804 0.111546
  19 -17.675668 -1.000779 -0.299044 -0.021587 -0.706971 -0.706913 0.101761 0.023483
male.bmp
  18 -16.205222 -1.094082 -0.239418 -0.075431 -0.853573 -0.515484 0.099804 0.111546
  19 -17.696783 -1.151209 -0.110298 -0.010436 -0.883606 -0.468115 0.086106 0.019569
  19 -17.675668 -1.000779 -0.299044 -0.021587 -0.706971 -0.706913 0.101761 0.023483
male.bmp
  11 23.955274 -1.474925 -0.264155 0.670190 -0.294503 -0.681258 0.925636 0.385519
  11 23.854322 -1.611156 -0.206278 0.228266 -0.857512 -0.461050 0.904110 0.393346
  11 23.730064 -1.440273 -0.359439 0.086597 -0.221132 -0.971391 0.923679 0.414873
male.bmp
  11 23.730064 -1.440273 -0.359439 0.086597 -0.221132 -0.971391 0.923679 0.414873
  11 23.854322 -1.611156 -0.206278 0.228266 -0.857512 -0.461050 0.904110 0.393346
  11 23.278570 -1.486850 -0.252740 -0.094177 -0.747151 -0.657949 0.908023 0.518591
male.bmp
  11 23.854322 -1.611156 -0.206278 0.228266 -0.857512 -0.461050 0.904110 0.393346
  10 23.230892 -1.545142 0.035424 -0.163008 -0.954928 0.248074 0.884540 0.530333
  11 23.278570 -1.486850 -0.252740 -0.094177 -0.747151 -0.657949 0.908023 0.518591
male.bmp
  11 23.278570 -1.486850 -0.252740 -0.094177 -0.747151 -0.657949 0.908023 0.518591
  10 23.230892 -1.545142 0.035424 -0.163008 -0.954928 0.248074 0.884540 0.530333
  10 23.101144 -1.466973 -0.286687 -0.074050 -0.746270 -0.661512 0.904110 0.542074
male.bmp
  10 23.230892 -1.545142 0.035424 -0.163008 -0.954928 0.248074 0.884540 0.530333
  10 22.257416 -1.362811 0.035606 -0.041277 -0.948290 0.314708 0.888454 0.628180
  10 23.101144 -1.466973 -0.286687 -0.074050 -0.746270 -0.661512 0.904110 0.542074
male.bmp
  10 23.101144 -1.466973 -0.286687 -0.074050 -0.746270 -0.661512 0.904110 0.542074
  10 22.257416 -1.362811 0.035606 -0.041277 -0.948290 0.314708 0.888454 0.628180
  10 22.190180 -1.326592 -0.271261 -0.166353 -0.739872 -0.651855 0.908023 0.634051
male.bmp
  10 22.257416 -1.362811 0.035606 -0.041277 -0.948290 0.314708 0.888454 0.628180
  9 22.155421 -1.375783 0.036946 0.068664 -0.968186 0.240627 0.882583 0.643836
  10 22.190180 -1.326592 -0.271261 -0.166353 -0.739872 -0.651855 0.908023 0.634051
male.bmp
  10 22.190180 -1.326592 -0.271261 -0.166353 -0.739872 -0.651855 0.908023 0.634051
  9 22.155421 -1.375783 0.036946 0.068664 -0.968186 0.240627 0.882583 0.643836
  9 22.116164 -1.312267 -0.251888 -0.245744 -0.753727 -0.609513 0.906067 0.645793
male.bmp
  8 24.553404 -0.312163 0.271917 0.147769 -0.942858 0.298634 0.888454 0.393346
  7 23.874658 -0.348619 0.163956 0.028969 -0.971464 0.235410 0.884540 0.530333
  8 24.604119 -0.306411 0.011351 0.470487 -0.799109 -0.374254 0.904110 0.393346
male.bmp
  8 24.604119 -0.306411 0.011351 0.470487 -0.799109 -0.374254 0.904110 0.393346
  7 23.874658 -0.348619 0.163956 0.028969 -0.971464 0.235410 0.884540 0.530333
  8 23.948101 -0.310273 -0.104520 0.074786 -0.763747 -0.641168 0.908023 0.518591
male.bmp
  7 23.874658 -0.348619 0.163956 0.028969 -0.971464 0.235410 0.884540 0.530333
  7 23.746180 -0.331678 -0.112280 0.086667 -0.772939 -0.628533 0.904110 0.542074
  8 23.948101 -0.310273 -0.104520 0.074786 -0.763747 -0.641168 0.908023 0.518591
male.bmp
  8 23.948101 -0.310273 -0.104520 0.074786 -0.763747 -0.641168 0.908023 0.518591
  7 23.746180 -0.331678 -0.112280 0.086667 -0.772939 -0.628533 0.904110 0.542074
  7 23.744509 -0.053359 -0.194350 0.051712 0.217247 -0.974746 0.943249 0.534247
male.bmp
  7 23.746180 -0.331678 -0.112280 0.086667 -0.772939 -0.628533 0.904110 0.542074
  7 22.636881 -0.335025 -0.165623 -0.003023 -0.728101 -0.685463 0.908023 0.634051
  7 23.744509 -0.053359 -0.194350 0.051712 0.217247 -0.974746 0.943249 0.534247
male.bmp
  7 23.744509 -0.053359 -0.194350 0.051712 0.217247 -0.974746 0.943249 0.534247
  7 22.636881 -0.335025 -0.165623 -0.003023 -0.728101 -0.685463 0.908023 0.634051
  7 22.635497 -0.047110 -0.250495 0.079484 0.179747 -0.980496 0.943249 0.634051
male.bmp
  7 22.636881 -0.335025 -0.165623 -0.003023 -0.728101 -0.685463 0.908023 0.634051
  6 22.562027 -0.321130 -0.163324 -0.027496 -0.677574 -0.734941 0.906067 0.645793
  7 22.635497 -0.047110 -0.250495 0.079484 0.179747 -0.980496 0.943249 0.634051
male.bmp
  7 22.635497 -0.047110 -0.250495 0.079484 0.179747 -0.980496 0.943249 0.634051
  6 22.562027 -0.321130 -0.163324 -0.027496 -0.677574 -0.734941 0.906067 0.645793
  6 22.542771 -0.035666 -0.258923 0.107819 0.180838 -0.977585 0.943249 0.645793
male.bmp
  3 22.146079 1.215270 0.036487 -0.179705 0.916704 -0.356875 0.872798 0.988258
  3 22.174010 1.216532 0.267611 0.057845 0.863867 0.500388 0.892368 0.986301
  4 22.221194 1.230895 0.018852 -0.183642 0.907400 -0.378023 0.872798 0.970646
male.bmp
  4 22.221194 1.230895 0.018852 -0.183642 0.907400 -0.378023 0.872798 0.970646
  3 22.174010 1.216532 0.267611 0.057845 0.863867 0.500388 0.892368 0.986301
  4 22.260937 1.221979 0.241879 -0.108540 0.897627 0.427182 0.894325 0.966732
male.bmp
  3 22.174010 1.216532 0.267611 0.057845 0.863867 0.500388 0.892368 0.986301
  3 22.204149 1.065550 0.384643 0.075225 0.404643 0.911375 0.919765 0.982387
  4 22.260937 1.221979 0.241879 -0.108540 0.897627 0.427182 0.894325 0.966732
male.bmp
  4 22.260937 1.221979 0.241879 -0.108540 0.897627 0.427182 0.894325 0.966732
  3 22.204149 1.065550 0.384643 0.075225 0.404643 0.911375 0.919765 0.982387
  4 22.311577 1.079397 0.368394 0.006928 0.375679 0.926724 0.919765 0.964775
male.bmp
  3 22.204149 1.065550 0.384643 0.075225 0.404643 0.911375 0.919765 0.982387
  3 22.260072 0.863045 0.414036 0.424860 -0.222184 0.877569 0.951076 0.982387
  4 22.311577 1.079397 0.368394 0.006928 0.375679 0.926724 0.919765 0.964775
male.bmp
  4 22.311577 1.079397 0.368394 0.006928 0.375679 0.926724 0.919765 0.964775
  3 22.260072 0.863045 0.414036 0.424860 -0.222184 0.877569 0.951076 0.982387
  4 22.351344 0.883955 0.363808 0.313090 -0.350549 0.882661 0.951076 0.964775
male.bmp
  3 22.260072 0.863045 0.414036 0.424860 -0.222184 0.877569 0.951076 0.982387
  3 22.308183 0.661992 0.202936 0.506605 -0.821605 0.261376 0.978474 0.988258
  4 22.351344 0.883955 0.363808 0.313090 -0.350549 0.882661 0.951076 0.964775
male.bmp
  4 22.351344 0.883955 0.363808 0.313090 -0.350549 0.882661 0.951076 0.964775
  3 22.308183 0.661992 0.202936 0.506605 -0.821605 0.261376 0.978474 0.988258
  4 22.390840 0.709125 0.176259 0.376357 -0.895010 0.239399 0.978474 0.974560
male.bmp
  2 19.164477 1.135898 -0.769386 -0.253553 0.674796 -0.693081 0.726027 0.407045
  2 20.211818 1.211993 -0.866790 -0.029182 0.206374 -0.978038 0.636008 0.438356
  2 19.360701 0.761142 -1.028142 -0.020804 0.113616 -0.993307 0.720157 0.448141
male.bmp
  2 19.360701 0.761142 -1.028142 -0.020804 0.113616 -0.993307 0.720157 0.448141
  2 20.211818 1.211993 -0.866790 -0.029182 0.206374 -0.978038 0.636008 0.438356
  2 20.590489 0.684032 -0.797765 0.188575 -0.232567 -0.954124 0.622309 0.495108
male.bmp
  2 20.211818 1.211993 -0.866790 -0.029182 0.206374 -0.978038 0.636008 0.438356
  12 20.709592 1.481375 -0.461537 0.024928 0.350643 -0.936177 0.594912 0.432485
  2 20.590489 0.684032 -0.797765 0.188575 -0.232567 -0.954124 0.622309 0.495108
male.bmp
  2 20.590489 0.684032 -0.797765 0.188575 -0.232567 -0.954124 0.622309 0.495108
  12 20.709592 1.481375 -0.461537 0.024928 0.350643 -0.936177 0.594912 0.432485
  12 21.072354 1.178594 -0.375936 0.524535 -0.394391 -0.754532 0.575342 0.469667
male.bmp
  12 20.709592 1.481375 -0.461537 0.024928 0.350643 -0.936177 0.594912 0.432485
  12 21.590843 1.838234 -0.339272 0.401589 0.439387 -0.803533 0.510763 0.432485
  12 21.072354 1.178594 -0.375936 0.524535 -0.394391 -0.754532 0.575342 0.469667
male.bmp
  12 21.072354 1.178594 -0.375936 0.524535 -0.394391 -0.754532 0.575342 0.469667
  12 21.590843 1.838234 -0.339272 0.401589 0.439387 -0.803533 0.510763 0.432485
  12 21.722722 1.595588 -0.287978 0.717045 -0.290668 -0.633529 0.506849 0.457926
male.bmp
  12 21.590843 1.838234 -0.339272 0.401589 0.439387 -0.803533 0.510763 0.432485
  12 21.623994 1.836473 -0.282722 0.832459 0.443830 -0.331703 0.504892 0.430528
  12 21.722722 1.595588 -0.287978 0.717045 -0.290668 -0.633529 0.506849 0.457926
male.bmp
  12 21.722722 1.595588 -0.287978 0.717045 -0.290668 -0.633529 0.506849 0.457926
  12 21.623994 1.836473 -0.282722 0.832459 0.443830 -0.331703 0.504892 0.430528
  12 21.742012 1.643833 -0.234124 0.931277 0.119375 -0.344199 0.500978 0.455969
male.bmp
  2 20.761769 1.485878 -0.190965 0.024637 0.534058 0.845089 0.741683 0.318982
  2 20.491408 1.232833 0.059382 0.101031 0.604918 0.789852 0.769080 0.299413
  2 20.874008 1.191794 -0.023882 0.383825 0.368488 0.846697 0.733855 0.291585
male.bmp
  2 20.874008 1.191794 -0.023882 0.383825 0.368488 0.846697 0.733855 0.291585
  2 20.491408 1.232833 0.059382 0.101031 0.604918 0.789852 0.769080 0.299413
  2 20.991431 0.934445 0.090063 0.210160 0.675420 0.706853 0.726027 0.268102
male.bmp
  2 20.491408 1.232833 0.059382 0.101031 0.604918 0.789852 0.769080 0.299413
  2 20.556229 0.705568 0.393731 0.213251 0.398545 0.892012 0.769080 0.250489
  2 20.991431 0.934445 0.090063 0.210160 0.675420 0.706853 0.726027 0.268102
male.bmp
  2 20.991431 0.934445 0.090063 0.210160 0.675420 0.706853 0.726027 0.268102
  2 20.556229 0.705568 0.393731 0.213251 0.398545 0.892012 0.769080 0.250489
  2 21.149401 0.707869 0.201010 0.134891 0.186710 0.973110 0.712329 0.246575
male.bmp
  2 20.556229 0.705568 0.393731 0.213251 0.398545 0.892012 0.769080 0.250489
  2 21.121352 0.430802 0.179865 0.395049 0.102369 0.912939 0.718200 0.223092
  2 21.149401 0.707869 0.201010 0.134891 0.186710 0.973110 0.712329 0.246575
male.bmp
  2 21.149401 0.707869 0.201010 0.134891 0.186710 0.973110 0.712329 0.246575
  2 21.121352 0.430802 0.179865 0.395049 0.102369 0.912939 0.718200 0.223092
  3 22.235382 0.837775 0.460425 0.505335 -0.142458 0.851083 0.612524 0.250489
male.bmp
  2 21.121352 0.430802 0.179865 0.395049 0.102369 0.912939 0.718200 0.223092
  3 21.187701 0.318156 0.333303 0.669040 0.418092 0.614479 0.702544 0.215264
  3 22.235382 0.837775 0.460425 0.505335 -0.142458 0.851083 0.612524 0.250489
male.bmp
  3 22.235382 0.837775 0.460425 0.505335 -0.142458 0.851083 0.612524 0.250489
  3 21.187701 0.318156 0.333303 0.669040 0.418092 0.614479 0.702544 0.215264
  3 22.299917 0.615587 0.235774 0.734207 -0.637948 0.232298 0.608611 0.232877
male.bmp
  2 18.038970 -0.976073 0.795913 -0.487230 -0.461993 0.741059 0.491194 0.076321
  2 18.063836 -0.227146 0.959284 -0.493810 0.047342 0.868280 0.502935 0.156556
  2 18.014375 -0.955636 0.737798 -0.487230 -0.461993 0.741059 0.495108 0.076321
male.bmp
  2 18.014375 -0.955636 0.737798 -0.487230 -0.461993 0.741059 0.495108 0.076321
  2 18.063836 -0.227146 0.959284 -0.493810 0.047342 0.868280 0.502935 0.156556
  2 18.049934 -0.226798 0.910226 -0.493810 0.047342 0.868280 0.506849 0.156556
male.bmp
  2 18.063836 -0.227146 0.959284 -0.493810 0.047342 0.868280 0.502935 0.156556
  2 18.049322 0.424189 0.753975 -0.447952 0.392174 0.803454 0.512720 0.227006
  2 18.049934 -0.226798 0.910226 -0.493810 0.047342 0.868280 0.506849 0.156556
male.bmp
  2 18.049934 -0.226798 0.910226 -0.493810 0.047342 0.868280 0.506849 0.156556
  2 18.049322 0.424189 0.753975 -0.447952 0.392174 0.803454 0.512720 0.227006
  2 18.036901 0.394409 0.724669 -0.447952 0.392174 0.803454 0.514677 0.223092
male.bmp
  2 18.049322 0.424189 0.753975 -0.447952 0.392174 0.803454 0.512720 0.227006
  2 17.998646 0.916866 0.349868 -0.539958 0.671922 0.506918 0.518591 0.273973
  2 18.036901 0.394409 0.724669 -0.447952 0.392174 0.803454 0.514677 0.223092
male.bmp
  2 18.036901 0.394409 0.724669 -0.447952 0.392174 0.803454 0.514677 0.223092
  2 17.998646 0.916866 0.349868 -0.539958 0.671922 0.506918 0.518591 0.273973
  2 17.976195 0.867112 0.321226 -0.539958 0.671922 0.506918 0.522505 0.268102
male.bmp
  2 17.998646 0.916866 0.349868 -0.539958 0.671922 0.506918 0.518591 0.273973
  2 17.906627 1.101274 -0.313777 -0.579319 0.814420 0.033327 0.524462 0.320939
  2 17.976195 0.867112 0.321226 -0.539958 0.671922 0.506918 0.522505 0.268102
male.bmp
  2 17.976195 0.867112 0.321226 -0.539958 0.671922 0.506918 0.522505 0.268102
  2 17.906627 1.101274 -0.313777 -0.579319 0.814420 0.033327 0.524462 0.320939
  2 17.897321 1.061236 -0.303270 -0.582398 0.810048 0.068075 0.526419 0.317025
male.bmp
  2 18.381052 -0.896401 0.679155 0.825010 -0.328917 0.459535 0.446184 0.086106
  2 18.403404 -0.197280 0.812309 0.858412 -0.025132 0.512345 0.455969 0.168297
  2 18.387221 -0.936915 0.758657 0.696097 -0.417957 0.583748 0.452055 0.086106
male.bmp
  2 18.387221 -0.936915 0.758657 0.696097 -0.417957 0.583748 0.452055 0.086106
  2 18.403404 -0.197280 0.812309 0.858412 -0.025132 0.512345 0.455969 0.168297
  2 18.421269 -0.187948 0.911272 0.762053 0.039387 0.646316 0.461840 0.168297
male.bmp
  2 18.403404 -0.197280 0.812309 0.858412 -0.025132 0.512345 0.455969 0.168297
  2 18.412576 0.393684 0.654898 0.732107 0.337532 0.591686 0.463796 0.232877
  2 18.421269 -0.187948 0.911272 0.762053 0.039387 0.646316 0.461840 0.168297
male.bmp
  2 18.421269 -0.187948 0.911272 0.762053 0.039387 0.646316 0.461840 0.168297
  2 18.412576 0.393684 0.654898 0.732107 0.337532 0.591686 0.463796 0.232877
  2 18.405028 0.413516 0.685715 0.715783 0.385530 0.582256 0.471624 0.232877
male.bmp
  2 18.412576 0.393684 0.654898 0.732107 0.337532 0.591686 0.463796 0.232877
  2 18.341808 0.836414 0.252055 0.736670 0.584335 0.340396 0.471624 0.279843
  2 18.405028 0.413516 0.685715 0.715783 0.385530 0.582256 0.471624 0.232877
male.bmp
  2 18.405028 0.413516 0.685715 0.715783 0.385530 0.582256 0.471624 0.232877
  2 18.341808 0.836414 0.252055 0.736670 0.584335 0.340396 0.471624 0.279843
  2 18.355956 0.916064 0.301609 0.687669 0.637148 0.348073 0.477495 0.279843
male.bmp
  2 18.341808 0.836414 0.252055 0.736670 0.584335 0.340396 0.471624 0.279843
  2 18.278502 1.060061 -0.303260 0.709867 0.700866 -0.069824 0.475538 0.334638
  2 18.355956 0.916064 0.301609 0.687669 0.637148 0.348073 0.477495 0.279843
male.bmp
  2 18.355956 0.916064 0.301609 0.687669 0.637148 0.348073 0.477495 0.279843
  2 18.278502 1.060061 -0.303260 0.709867 0.700866 -0.069824 0.475538 0.334638
  2 18.277175 1.140188 -0.322700 0.604090 0.794458 -0.062544 0.483366 0.336595
male.bmp
  2 17.798584 -0.335745 -0.745869 -0.731302 0.669097 -0.132313 0.430528 0.992172
  2 17.825071 -0.847237 -0.520540 -0.656265 -0.638008 0.402818 0.360078 0.992172
  2 17.868247 -0.797599 -0.483501 -0.281295 -0.113478 0.952888 0.363992 0.990215
male.bmp
  2 17.868247 -0.797599 -0.483501 -0.281295 -0.113478 0.952888 0.363992 0.990215
  2 17.825071 -0.847237 -0.520540 -0.656265 -0.638008 0.402818 0.360078 0.992172
  2 18.273798 -0.808401 -0.555694 0.613317 -0.132593 0.778628 0.363992 0.935421
male.bmp
  2 17.825071 -0.847237 -0.520540 -0.656265 -0.638008 0.402818 0.360078 0.992172
  2 18.288862 -0.858066 -0.617391 0.729481 -0.672716 0.123737 0.360078 0.931507
  2 18.273798 -0.808401 -0.555694 0.613317 -0.132593 0.778628 0.363992 0.935421
male.bmp
  2 18.273798 -0.808401 -0.555694 0.613317 -0.132593 0.778628 0.363992 0.935421
  2 18.288862 -0.858066 -0.617391 0.729481 -0.672716 0.123737 0.360078 0.931507
  2 18.248730 -0.347036 -0.761396 0.560065 0.703948 0.436789 0.428571 0.935421
male.bmp
  2 18.288862 -0.858066 -0.617391 0.729481 -0.672716 0.123737 0.360078 0.931507
  2 18.263162 -0.346638 -0.832751 0.658794 0.640910 -0.393985 0.430528 0.931507
  2 18.248730 -0.347036 -0.761396 0.560065 0.703948 0.436789 0.428571 0.935421
male.bmp
  2 18.248730 -0.347036 -0.761396 0.560065 0.703948 0.436789 0.428571 0.935421
  2 18.263162 -0.346638 -0.832751 0.658794 0.640910 -0.393985 0.430528 0.931507
  2 17.843965 -0.336298 -0.679234 -0.323685 0.724657 0.608359 0.428571 0.988258
male.bmp
  2 18.263162 -0.346638 -0.832751 0.658794 0.640910 -0.393985 0.430528 0.931507
  2 17.798584 -0.335745 -0.745869 -0.731302 0.669097 -0.132313 0.430528 0.992172
  2 17.843965 -0.336298 -0.679234 -0.323685 0.724657 0.608359 0.428571 0.988258
male.bmp
  2 17.843965 -0.336298 -0.679234 -0.323685 0.724657 0.608359 0.428571 0.988258
  2 17.798584 -0.335745 -0.745869 -0.731302 0.669097 -0.132313 0.430528 0.992172
  2 17.868247 -0.797599 -0.483501 -0.281295 -0.113478 0.952888 0.363992 0.990215
male.bmp
  2 17.843965 -0.336298 -0.679234 -0.323685 0.724657 0.608359 0.428571 0.988258
  2 17.868247 -0.797599 -0.483501 -0.281295 -0.113478 0.952888 0.363992 0.990215
  2 17.916673 -0.747601 -0.507061 0.344168 0.547514 0.762743 0.371820 0.982387
male.bmp
  2 17.916673 -0.747601 -0.507061 0.344168 0.547514 0.762743 0.371820 0.982387
  2 17.868247 -0.797599 -0.483501 -0.281295 -0.113478 0.952888 0.363992 0.990215
  2 18.212596 -0.748119 -0.570539 -0.005770 0.558172 0.829705 0.371820 0.943249
male.bmp
  2 17.868247 -0.797599 -0.483501 -0.281295 -0.113478 0.952888 0.363992 0.990215
  2 18.273798 -0.808401 -0.555694 0.613317 -0.132593 0.778628 0.363992 0.935421
  2 18.212596 -0.748119 -0.570539 -0.005770 0.558172 0.829705 0.371820 0.943249
male.bmp
  2 18.212596 -0.748119 -0.570539 -0.005770 0.558172 0.829705 0.371820 0.943249
  2 18.273798 -0.808401 -0.555694 0.613317 -0.132593 0.778628 0.363992 0.935421
  2 18.191121 -0.397073 -0.727080 -0.011513 0.201619 0.979396 0.420744 0.943249
male.bmp
  2 18.273798 -0.808401 -0.555694 0.613317 -0.132593 0.778628 0.363992 0.935421
  2 18.248730 -0.347036 -0.761396 0.560065 0.703948 0.436789 0.428571 0.935421
  2 18.191121 -0.397073 -0.727080 -0.011513 0.201619 0.979396 0.420744 0.943249
male.bmp
  2 18.191121 -0.397073 -0.727080 -0.011513 0.201619 0.979396 0.420744 0.943249
  2 18.248730 -0.347036 -0.761396 0.560065 0.703948 0.436789 0.428571 0.935421
  2 17.895229 -0.386554 -0.663541 0.390475 0.194534 0.899825 0.420744 0.982387
male.bmp
  2 18.248730 -0.347036 -0.761396 0.560065 0.703948 0.436789 0.428571 0.935421
  2 17.843965 -0.336298 -0.679234 -0.323685 0.724657 0.608359 0.428571 0.988258
  2 17.895229 -0.386554 -0.663541 0.390475 0.194534 0.899825 0.420744 0.982387
male.bmp
  2 17.895229 -0.386554 -0.663541 0.390475 0.194534 0.899825 0.420744 0.982387
  2 17.843965 -0.336298 -0.679234 -0.323685 0.724657 0.608359 0.428571 0.988258
  2 17.916673 -0.747601 -0.507061 0.344168 0.547514 0.762743 0.371820 0.982387
male.bmp
  2 17.895229 -0.386554 -0.663541 0.390475 0.194534 0.899825 0.420744 0.982387
  2 17.916673 -0.747601 -0.507061 0.344168 0.547514 0.762743 0.371820 0.982387
  2 17.930319 -0.747138 -0.588385 0.658794 0.640910 -0.393985 0.375734 0.978474
male.bmp
  2 17.930319 -0.747138 -0.588385 0.658794 0.640910 -0.393985 0.375734 0.978474
  2 17.916673 -0.747601 -0.507061 0.344168 0.547514 0.762743 0.371820 0.982387
  2 18.177183 -0.747591 -0.637960 -0.731302 0.669097 -0.132313 0.375734 0.945205
male.bmp
  2 17.916673 -0.747601 -0.507061 0.344168 0.547514 0.762743 0.371820 0.982387
  2 18.212596 -0.748119 -0.570539 -0.005770 0.558172 0.829705 0.371820 0.943249
  2 18.177183 -0.747591 -0.637960 -0.731302 0.669097 -0.132313 0.375734 0.945205
male.bmp
  2 18.177183 -0.747591 -0.637960 -0.731302 0.669097 -0.132313 0.375734 0.945205
  2 18.212596 -0.748119 -0.570539 -0.005770 0.558172 0.829705 0.371820 0.943249
  2 18.157128 -0.446673 -0.774875 -0.656265 -0.638008 0.402818 0.416830 0.945205
male.bmp
  2 18.212596 -0.748119 -0.570539 -0.005770 0.558172 0.829705 0.371820 0.943249
  2 18.191121 -0.397073 -0.727080 -0.011513 0.201619 0.979396 0.420744 0.943249
  2 18.157128 -0.446673 -0.774875 -0.656265 -0.638008 0.402818 0.416830 0.945205
male.bmp
  2 18.157128 -0.446673 -0.774875 -0.656265 -0.638008 0.402818 0.416830 0.945205
  2 18.191121 -0.397073 -0.727080 -0.011513 0.201619 0.979396 0.420744 0.943249
  2 17.910263 -0.446220 -0.725300 0.729481 -0.672716 0.123737 0.416830 0.978474
male.bmp
  2 18.191121 -0.397073 -0.727080 -0.011513 0.201619 0.979396 0.420744 0.943249
  2 17.895229 -0.386554 -0.663541 0.390475 0.194534 0.899825 0.420744 0.982387
  2 17.910263 -0.446220 -0.725300 0.729481 -0.672716 0.123737 0.416830 0.978474
male.bmp
  2 17.910263 -0.446220 -0.725300 0.729481 -0.672716 0.123737 0.416830 0.978474
  2 17.895229 -0.386554 -0.663541 0.390475 0.194534 0.899825 0.420744 0.982387
  2 17.930319 -0.747138 -0.588385 0.658794 0.640910 -0.393985 0.375734 0.978474
male.bmp
  2 17.910263 -0.446220 -0.725300 0.729481 -0.672716 0.123737 0.534247 0.735812
  2 17.930319 -0.747138 -0.588385 0.658794 0.640910 -0.393985 0.534247 0.786693
  2 17.896325 -0.796738 -0.636180 0.015013 -0.204126 -0.978830 0.538160 0.790607
male.bmp
  2 17.896325 -0.796738 -0.636180 0.015013 -0.204126 -0.978830 0.538160 0.790607
  2 17.930319 -0.747138 -0.588385 0.658794 0.640910 -0.393985 0.534247 0.786693
  2 18.193004 -0.807320 -0.689750 -0.387338 -0.192265 -0.901667 0.491194 0.790607
male.bmp
  2 17.930319 -0.747138 -0.588385 0.658794 0.640910 -0.393985 0.534247 0.786693
  2 18.177183 -0.747591 -0.637960 -0.731302 0.669097 -0.132313 0.495108 0.786693
  2 18.193004 -0.807320 -0.689750 -0.387338 -0.192265 -0.901667 0.491194 0.790607
male.bmp
  2 18.193004 -0.807320 -0.689750 -0.387338 -0.192265 -0.901667 0.491194 0.790607
  2 18.177183 -0.747591 -0.637960 -0.731302 0.669097 -0.132313 0.495108 0.786693
  2 18.171560 -0.446274 -0.846230 -0.340710 -0.550077 -0.762451 0.491194 0.729941
male.bmp
  2 18.177183 -0.747591 -0.637960 -0.731302 0.669097 -0.132313 0.495108 0.786693
  2 18.157128 -0.446673 -0.774875 -0.656265 -0.638008 0.402818 0.495108 0.735812
  2 18.171560 -0.446274 -0.846230 -0.340710 -0.550077 -0.762451 0.491194 0.729941
male.bmp
  2 18.171560 -0.446274 -0.846230 -0.340710 -0.550077 -0.762451 0.491194 0.729941
  2 18.157128 -0.446673 -0.774875 -0.656265 -0.638008 0.402818 0.495108 0.735812
  2 17.874850 -0.445692 -0.792721 0.008932 -0.555709 -0.831329 0.538160 0.729941
male.bmp
  2 18.157128 -0.446673 -0.774875 -0.656265 -0.638008 0.402818 0.495108 0.735812
  2 17.910263 -0.446220 -0.725300 0.729481 -0.672716 0.123737 0.534247 0.735812
  2 17.874850 -0.445692 -0.792721 0.008932 -0.555709 -0.831329 0.538160 0.729941
male.bmp
  2 17.874850 -0.445692 -0.792721 0.008932 -0.555709 -0.831329 0.538160 0.729941
  2 17.910263 -0.446220 -0.725300 0.729481 -0.672716 0.123737 0.534247 0.735812
  2 17.896325 -0.796738 -0.636180 0.015013 -0.204126 -0.978830 0.538160 0.790607
male.bmp
  2 17.874850 -0.445692 -0.792721 0.008932 -0.555709 -0.831329 0.538160 0.729941
  2 17.896325 -0.796738 -0.636180 0.015013 -0.204126 -0.978830 0.538160 0.790607
  2 17.838716 -0.846774 -0.601864 -0.559728 -0.704646 -0.436094 0.547945 0.798434
male.bmp
  2 17.838716 -0.846774 -0.601864 -0.559728 -0.704646 -0.436094 0.547945 0.798434
  2 17.896325 -0.796738 -0.636180 0.015013 -0.204126 -0.978830 0.538160 0.790607
  2 18.253450 -0.857538 -0.684812 0.323840 -0.723915 -0.609159 0.481409 0.798434
male.bmp
  2 17.896325 -0.796738 -0.636180 0.015013 -0.204126 -0.978830 0.538160 0.790607
  2 18.193004 -0.807320 -0.689750 -0.387338 -0.192265 -0.901667 0.491194 0.790607
  2 18.253450 -0.857538 -0.684812 0.323840 -0.723915 -0.609159 0.481409 0.798434
male.bmp
  2 18.253450 -0.857538 -0.684812 0.323840 -0.723915 -0.609159 0.481409 0.798434
  2 18.193004 -0.807320 -0.689750 -0.387338 -0.192265 -0.901667 0.491194 0.790607
  2 18.219199 -0.396211 -0.879759 0.281547 0.112423 -0.952939 0.481409 0.722114
male.bmp
  2 18.193004 -0.807320 -0.689750 -0.387338 -0.192265 -0.901667 0.491194 0.790607
  2 18.171560 -0.446274 -0.846230 -0.340710 -0.550077 -0.762451 0.491194 0.729941
  2 18.219199 -0.396211 -0.879759 0.281547 0.112423 -0.952939 0.481409 0.722114
male.bmp
  2 18.219199 -0.396211 -0.879759 0.281547 0.112423 -0.952939 0.481409 0.722114
  2 18.171560 -0.446274 -0.846230 -0.340710 -0.550077 -0.762451 0.491194 0.729941
  2 17.814435 -0.385474 -0.797597 -0.613078 0.133599 -0.778644 0.547945 0.722114
male.bmp
  2 18.171560 -0.446274 -0.846230 -0.340710 -0.550077 -0.762451 0.491194 0.729941
  2 17.874850 -0.445692 -0.792721 0.008932 -0.555709 -0.831329 0.538160 0.729941
  2 17.814435 -0.385474 -0.797597 -0.613078 0.133599 -0.778644 0.547945 0.722114
male.bmp
  2 17.814435 -0.385474 -0.797597 -0.613078 0.133599 -0.778644 0.547945 0.722114
  2 17.874850 -0.445692 -0.792721 0.008932 -0.555709 -0.831329 0.538160 0.729941
  2 17.838716 -0.846774 -0.601864 -0.559728 -0.704646 -0.436094 0.547945 0.798434
male.bmp
  2 17.814435 -0.385474 -0.797597 -0.613078 0.133599 -0.778644 0.547945 0.722114
  2 17.838716 -0.846774 -0.601864 -0.559728 -0.704646 -0.436094 0.547945 0.798434
  2 17.825071 -0.847237 -0.520540 -0.656265 -0.638008 0.402818 0.551859 0.804305
male.bmp
  2 17.825071 -0.847237 -0.520540 -0.656265 -0.638008 0.402818 0.551859 0.804305
  2 17.838716 -0.846774 -0.601864 -0.559728 -0.704646 -0.436094 0.547945 0.798434
  2 18.288862 -0.858066 -0.617391 0.729481 -0.672716 0.123737 0.477495 0.804305
male.bmp
  2 17.838716 -0.846774 -0.601864 -0.559728 -0.704646 -0.436094 0.547945 0.798434
  2 18.253450 -0.857538 -0.684812 0.323840 -0.723915 -0.609159 0.481409 0.798434
  2 18.288862 -0.858066 -0.617391 0.729481 -0.672716 0.123737 0.477495 0.804305
male.bmp
  2 18.288862 -0.858066 -0.617391 0.729481 -0.672716 0.123737 0.477495 0.804305
  2 18.253450 -0.857538 -0.684812 0.323840 -0.723915 -0.609159 0.481409 0.798434
  2 18.263162 -0.346638 -0.832751 0.658794 0.640910 -0.393985 0.477495 0.718200
male.bmp
  2 18.253450 -0.857538 -0.684812 0.323840 -0.723915 -0.609159 0.481409 0.798434
  2 18.219199 -0.396211 -0.879759 0.281547 0.112423 -0.952939 0.481409 0.722114
  2 18.263162 -0.346638 -0.832751 0.658794 0.640910 -0.393985 0.477495 0.718200
male.bmp
  2 18.263162 -0.346638 -0.832751 0.658794 0.640910 -0.393985 0.477495 0.718200
  2 18.219199 -0.396211 -0.879759 0.281547 0.112423 -0.952939 0.481409 0.722114
  2 17.798584 -0.335745 -0.745869 -0.731302 0.669097 -0.132313 0.551859 0.718200
male.bmp
  2 18.219199 -0.396211 -0.879759 0.281547 0.112423 -0.952939 0.481409 0.722114
  2 17.814435 -0.385474 -0.797597 -0.613078 0.133599 -0.778644 0.547945 0.722114
  2 17.798584 -0.335745 -0.745869 -0.731302 0.669097 -0.132313 0.551859 0.718200
male.bmp
  2 17.798584 -0.335745 -0.745869 -0.731302 0.669097 -0.132313 0.551859 0.718200
  2 17.814435 -0.385474 -0.797597 -0.613078 0.133599 -0.778644 0.547945 0.722114
  2 17.825071 -0.847237 -0.520540 -0.656265 -0.638008 0.402818 0.551859 0.804305
male.bmp
  22 -24.192242 1.254616 0.213385 -0.846117 -0.432163 0.311963 0.956947 0.673190
  22 -24.148265 1.430691 0.264994 -0.836154 0.234302 0.495933 0.923679 0.671233
  22 -24.211610 1.415409 0.157972 -0.976850 0.204063 0.064203 0.925636 0.661448
male.bmp
  22 -24.211610 1.415409 0.157972 -0.976850 0.204063 0.064203 0.925636 0.661448
  22 -24.148265 1.430691 0.264994 -0.836154 0.234302 0.495933 0.923679 0.671233
  22 -24.151181 1.525960 0.112957 -0.706915 0.695012 -0.131263 0.898239 0.667319
male.bmp
  22 -24.148265 1.430691 0.264994 -0.836154 0.234302 0.495933 0.923679 0.671233
  22 -24.061593 1.561394 0.202504 -0.181445 0.868397 0.461481 0.894325 0.694716
  22 -24.151181 1.525960 0.112957 -0.706915 0.695012 -0.131263 0.898239 0.667319
male.bmp
  22 -24.151181 1.525960 0.112957 -0.706915 0.695012 -0.131263 0.898239 0.667319
  22 -24.061593 1.561394 0.202504 -0.181445 0.868397 0.461481 0.894325 0.694716
  22 -24.028463 1.558147 0.076839 -0.096867 0.952169 -0.289813 0.882583 0.690802
male.bmp
  22 -24.061593 1.561394 0.202504 -0.181445 0.868397 0.461481 0.894325 0.694716
  22 -23.750587 1.522538 0.166932 0.124045 0.888778 0.441233 0.896282 0.747554
  22 -24.028463 1.558147 0.076839 -0.096867 0.952169 -0.289813 0.882583 0.690802
male.bmp
  22 -24.028463 1.558147 0.076839 -0.096867 0.952169 -0.289813 0.882583 0.690802
  22 -23.750587 1.522538 0.166932 0.124045 0.888778 0.441233 0.896282 0.747554
  21 -23.254964 1.441417 0.019576 0.177378 0.925615 -0.334325 0.878669 0.825832
male.bmp
  22 -23.750587 1.522538 0.166932 0.124045 0.888778 0.441233 0.896282 0.747554
  21 -23.302637 1.435825 0.210877 0.163736 0.892049 0.421236 0.894325 0.814090
  21 -23.254964 1.441417 0.019576 0.177378 0.925615 -0.334325 0.878669 0.825832
male.bmp
  21 -23.254964 1.441417 0.019576 0.177378 0.925615 -0.334325 0.878669 0.825832
  21 -23.302637 1.435825 0.210877 0.163736 0.892049 0.421236 0.894325 0.814090
  21 -22.259518 1.195564 0.219685 0.108594 0.897449 0.427543 0.894325 0.966732
male.bmp
  22 -24.125018 1.443245 0.291489 -0.479048 0.355734 0.802475 0.925636 0.681018
  22 -24.106060 1.275269 0.286502 -0.316067 -0.330950 0.889142 0.956947 0.688845
  22 -23.763262 1.361607 0.265626 -0.038824 0.353837 0.934501 0.921722 0.751468
male.bmp
  22 -23.763262 1.361607 0.265626 -0.038824 0.353837 0.934501 0.921722 0.751468
  22 -24.106060 1.275269 0.286502 -0.316067 -0.330950 0.889142 0.956947 0.688845
  22 -23.820818 1.219010 0.278008 -0.127702 -0.208506 0.969648 0.949119 0.747554
male.bmp
  22 -24.106060 1.275269 0.286502 -0.316067 -0.330950 0.889142 0.956947 0.688845
  22 -24.071312 1.159642 0.182468 -0.373687 -0.852459 0.365612 0.968689 0.706458
  22 -23.820818 1.219010 0.278008 -0.127702 -0.208506 0.969648 0.949119 0.747554
male.bmp
  22 -23.820818 1.219010 0.278008 -0.127702 -0.208506 0.969648 0.949119 0.747554
  22 -24.071312 1.159642 0.182468 -0.373687 -0.852459 0.365612 0.968689 0.706458
  21 -23.409768 1.109136 0.319950 -0.143270 -0.473844 0.868876 0.949119 0.818004
male.bmp
  22 -24.071312 1.159642 0.182468 -0.373687 -0.852459 0.365612 0.968689 0.706458
  21 -23.428820 0.977335 0.150347 -0.249961 -0.928589 0.274303 0.972603 0.829746
  21 -23.409768 1.109136 0.319950 -0.143270 -0.473844 0.868876 0.949119 0.818004
male.bmp
  21 -23.409768 1.109136 0.319950 -0.143270 -0.473844 0.868876 0.949119 0.818004
  21 -23.428820 0.977335 0.150347 -0.249961 -0.928589 0.274303 0.972603 0.829746
  21 -22.358959 0.859856 0.341388 -0.309829 -0.351683 0.883360 0.951076 0.964775
male.bmp
  21 -23.428820 0.977335 0.150347 -0.249961 -0.928589 0.274303 0.972603 0.829746
  21 -22.389183 0.682647 0.154082 -0.374327 -0.895734 0.239873 0.978474 0.974560
  21 -22.358959 0.859856 0.341388 -0.309829 -0.351683 0.883360 0.951076 0.964775
male.bmp
  21 -22.358959 0.859856 0.341388 -0.309829 -0.351683 0.883360 0.951076 0.964775
  21 -22.389183 0.682647 0.154082 -0.374327 -0.895734 0.239873 0.978474 0.974560
  20 -22.306456 0.640770 0.186054 -0.502252 -0.825644 0.257012 0.978474 0.988258
male.bmp
  33 -19.642915 -2.780871 -0.085588 0.806341 -0.534960 -0.252255 0.573386 0.933464
  33 -19.618965 -2.818481 -0.006772 0.858376 -0.478799 -0.184232 0.567515 0.933464
  33 -19.816593 -3.232666 0.023120 -0.002381 -0.993084 -0.117381 0.547945 0.982387
male.bmp
  33 -19.816593 -3.232666 0.023120 -0.002381 -0.993084 -0.117381 0.547945 0.982387
  33 -19.618965 -2.818481 -0.006772 0.858376 -0.478799 -0.184232 0.567515 0.933464
  33 -19.781955 -3.190576 0.122762 0.485813 -0.834570 0.259766 0.542074 0.980431
male.bmp
  33 -19.618965 -2.818481 -0.006772 0.858376 -0.478799 -0.184232 0.567515 0.933464
  33 -19.591248 -2.764372 0.103247 0.834199 -0.464793 0.296781 0.559687 0.933464
  33 -19.781955 -3.190576 0.122762 0.485813 -0.834570 0.259766 0.542074 0.980431
male.bmp
  33 -19.781955 -3.190576 0.122762 0.485813 -0.834570 0.259766 0.542074 0.980431
  33 -19.591248 -2.764372 0.103247 0.834199 -0.464793 0.296781 0.559687 0.933464
  33 -19.729353 -2.689472 0.348433 0.566338 -0.356977 0.742851 0.534247 0.929550
male.bmp
  33 -19.591248 -2.764372 0.103247 0.834199 -0.464793 0.296781 0.559687 0.933464
  33 -19.476559 -2.238703 0.457532 0.497837 -0.442888 0.745660 0.553816 0.882583
  33 -19.729353 -2.689472 0.348433 0.566338 -0.356977 0.742851 0.534247 0.929550
male.bmp
  33 -19.729353 -2.689472 0.348433 0.566338 -0.356977 0.742851 0.534247 0.929550
  33 -19.476559 -2.238703 0.457532 0.497837 -0.442888 0.745660 0.553816 0.882583
  33 -19.927475 -2.083322 0.612875 -0.142219 -0.251808 0.957270 0.504892 0.874755
male.bmp
  33 -19.476559 -2.238703 0.457532 0.497837 -0.442888 0.745660 0.553816 0.882583
  32 -19.731568 -1.487259 0.766178 0.064537 -0.220679 0.973209 0.516634 0.816047
  33 -19.927475 -2.083322 0.612875 -0.142219 -0.251808 0.957270 0.504892 0.874755
male.bmp
  33 -19.927475 -2.083322 0.612875 -0.142219 -0.251808 0.957270 0.504892 0.874755
  32 -19.731568 -1.487259 0.766178 0.064537 -0.220679 0.973209 0.516634 0.816047
  32 -20.130962 -1.530947 0.712550 -0.300104 -0.381590 0.874258 0.477495 0.823875
male.bmp
  23 -22.602146 0.248054 -0.009446 -0.615357 0.740869 -0.269163 0.583170 0.209393
  23 -22.615414 0.188525 0.249360 -0.560584 0.693394 0.452715 0.581213 0.191781
  20 -21.195219 0.307636 0.324165 -0.681821 0.413597 0.603372 0.702544 0.215264
male.bmp
  20 -21.195219 0.307636 0.324165 -0.681821 0.413597 0.603372 0.702544 0.215264
  23 -22.615414 0.188525 0.249360 -0.560584 0.693394 0.452715 0.581213 0.191781
  19 -21.180814 0.265650 0.331766 -0.322297 0.651588 0.686701 0.712329 0.207436
male.bmp
  23 -22.615414 0.188525 0.249360 -0.560584 0.693394 0.452715 0.581213 0.191781
  19 -21.247109 0.029079 0.447261 -0.219338 0.278872 0.934944 0.708415 0.185910
  19 -21.180814 0.265650 0.331766 -0.322297 0.651588 0.686701 0.712329 0.207436
male.bmp
  19 -21.180814 0.265650 0.331766 -0.322297 0.651588 0.686701 0.712329 0.207436
  19 -21.247109 0.029079 0.447261 -0.219338 0.278872 0.934944 0.708415 0.185910
  19 -20.540796 0.146116 0.621401 -0.171775 0.198098 0.965013 0.772994 0.199609
male.bmp
  19 -21.247109 0.029079 0.447261 -0.219338 0.278872 0.934944 0.708415 0.185910
  19 -21.146424 -0.230229 0.489948 -0.309933 -0.262920 0.913682 0.720157 0.160470
  19 -20.540796 0.146116 0.621401 -0.171775 0.198098 0.965013 0.772994 0.199609
male.bmp
  19 -20.540796 0.146116 0.621401 -0.171775 0.198098 0.965013 0.772994 0.199609
  19 -21.146424 -0.230229 0.489948 -0.309933 -0.262920 0.913682 0.720157 0.160470
  19 -20.538930 -0.536741 0.601309 -0.114685 -0.022541 0.993146 0.776908 0.138943
male.bmp
  19 -21.146424 -0.230229 0.489948 -0.309933 -0.262920 0.913682 0.720157 0.160470
  19 -21.020154 -0.438778 0.457341 -0.414090 0.068437 0.907660 0.731898 0.142857
  19 -20.538930 -0.536741 0.601309 -0.114685 -0.022541 0.993146 0.776908 0.138943
male.bmp
  19 -20.538930 -0.536741 0.601309 -0.114685 -0.022541 0.993146 0.776908 0.138943
  19 -21.020154 -0.438778 0.457341 -0.414090 0.068437 0.907660 0.731898 0.142857
  19 -21.106251 -0.755250 0.583963 -0.166240 0.098351 0.981168 0.726027 0.115460
male.bmp
  19 -18.017211 -1.002614 0.783428 0.501058 -0.463730 0.730681 0.491194 0.076321
  19 -18.044076 -0.252948 0.943987 0.513366 0.045737 0.856950 0.502935 0.156556
  19 -18.375961 -0.961522 0.753263 -0.685219 -0.413191 0.599791 0.452055 0.086106
male.bmp
  19 -18.375961 -0.961522 0.753263 -0.685219 -0.413191 0.599791 0.452055 0.086106
  19 -18.044076 -0.252948 0.943987 0.513366 0.045737 0.856950 0.502935 0.156556
  19 -18.401699 -0.211808 0.893853 -0.747175 0.044607 0.663129 0.461840 0.168297
male.bmp
  19 -18.044076 -0.252948 0.943987 0.513366 0.045737 0.856950 0.502935 0.156556
  19 -18.030405 0.397555 0.736003 0.468001 0.390734 0.792655 0.512720 0.227006
  19 -18.401699 -0.211808 0.893853 -0.747175 0.044607 0.663129 0.461840 0.168297
male.bmp
  19 -18.401699 -0.211808 0.893853 -0.747175 0.044607 0.663129 0.461840 0.168297
  19 -18.030405 0.397555 0.736003 0.468001 0.390734 0.792655 0.512720 0.227006
  19 -18.387577 0.398721 0.675782 -0.700398 0.390393 0.597524 0.471624 0.232877
male.bmp
  19 -18.030405 0.397555 0.736003 0.468001 0.390734 0.792655 0.512720 0.227006
  19 -17.975399 0.888481 0.319629 0.554950 0.669539 0.493709 0.518591 0.273973
  19 -18.387577 0.398721 0.675782 -0.700398 0.390393 0.597524 0.471624 0.232877
male.bmp
  19 -18.387577 0.398721 0.675782 -0.700398 0.390393 0.597524 0.471624 0.232877
  19 -17.975399 0.888481 0.319629 0.554950 0.669539 0.493709 0.518591 0.273973
  19 -18.343654 0.899628 0.278839 -0.676108 0.641521 0.362393 0.477495 0.279843
male.bmp
  19 -17.975399 0.888481 0.319629 0.554950 0.669539 0.493709 0.518591 0.273973
  19 -17.907716 1.079990 -0.337138 0.584525 0.811150 0.019145 0.524462 0.320939
  19 -18.343654 0.899628 0.278839 -0.676108 0.641521 0.362393 0.477495 0.279843
male.bmp
  19 -18.343654 0.899628 0.278839 -0.676108 0.641521 0.362393 0.477495 0.279843
  19 -17.907716 1.079990 -0.337138 0.584525 0.811150 0.019145 0.524462 0.320939
  19 -18.278169 1.111040 -0.337940 -0.600842 0.797788 -0.050225 0.483366 0.336595
male.bmp
  19 -17.841517 -0.879664 -0.548494 0.661491 -0.641172 0.389009 0.360078 0.992172
  19 -17.817665 -0.359164 -0.766235 0.731924 0.664754 -0.149630 0.430528 0.992172
  19 -17.884102 -0.819667 -0.500672 0.301890 -0.113758 0.946531 0.363992 0.990215
male.bmp
  19 -17.884102 -0.819667 -0.500672 0.301890 -0.113758 0.946531 0.363992 0.990215
  19 -17.817665 -0.359164 -0.766235 0.731924 0.664754 -0.149630 0.430528 0.992172
  19 -17.861547 -0.359215 -0.698600 0.341296 0.723645 0.599879 0.428571 0.988258
male.bmp
  19 -17.817665 -0.359164 -0.766235 0.731924 0.664754 -0.149630 0.430528 0.992172
  19 -18.283564 -0.367624 -0.852647 -0.663804 0.644099 -0.380132 0.430528 0.931507
  19 -17.861547 -0.359215 -0.698600 0.341296 0.723645 0.599879 0.428571 0.988258
male.bmp
  19 -17.861547 -0.359215 -0.698600 0.341296 0.723645 0.599879 0.428571 0.988258
  19 -18.283564 -0.367624 -0.852647 -0.663804 0.644099 -0.380132 0.430528 0.931507
  19 -18.268105 -0.367877 -0.771648 -0.546174 0.707720 0.448136 0.428571 0.935421
male.bmp
  19 -18.283564 -0.367624 -0.852647 -0.663804 0.644099 -0.380132 0.430528 0.931507
  19 -18.307979 -0.888148 -0.624923 -0.730320 -0.668390 0.141021 0.360078 0.931507
  19 -18.268105 -0.367877 -0.771648 -0.546174 0.707720 0.448136 0.428571 0.935421
male.bmp
  19 -18.268105 -0.367877 -0.771648 -0.546174 0.707720 0.448136 0.428571 0.935421
  19 -18.307979 -0.888148 -0.624923 -0.730320 -0.668390 0.141021 0.360078 0.931507
  19 -18.290660 -0.828330 -0.573720 -0.596491 -0.128032 0.792342 0.363992 0.935421
male.bmp
  19 -18.307979 -0.888148 -0.624923 -0.730320 -0.668390 0.141021 0.360078 0.931507
  19 -17.841517 -0.879664 -0.548494 0.661491 -0.641172 0.389009 0.360078 0.992172
  19 -18.290660 -0.828330 -0.573720 -0.596491 -0.128032 0.792342 0.363992 0.935421
male.bmp
  19 -18.290660 -0.828330 -0.573720 -0.596491 -0.128032 0.792342 0.363992 0.935421
  19 -17.841517 -0.879664 -0.548494 0.661491 -0.641172 0.389009 0.360078 0.992172
  19 -17.884102 -0.819667 -0.500672 0.301890 -0.113758 0.946531 0.363992 0.990215
male.bmp
  19 -17.884102 -0.819667 -0.500672 0.301890 -0.113758 0.946531 0.363992 0.990215
  19 -17.861547 -0.359215 -0.698600 0.341296 0.723645 0.599879 0.428571 0.988258
  19 -17.932190 -0.769447 -0.533312 -0.323931 0.550512 0.769419 0.371820 0.982387
male.bmp
  19 -17.932190 -0.769447 -0.533312 -0.323931 0.550512 0.769419 0.371820 0.982387
  19 -17.861547 -0.359215 -0.698600 0.341296 0.723645 0.599879 0.428571 0.988258
  19 -17.912201 -0.419090 -0.691589 -0.369155 0.197991 0.908033 0.420744 0.982387
male.bmp
  19 -17.861547 -0.359215 -0.698600 0.341296 0.723645 0.599879 0.428571 0.988258
  19 -18.268105 -0.367877 -0.771648 -0.546174 0.707720 0.448136 0.428571 0.935421
  19 -17.912201 -0.419090 -0.691589 -0.369155 0.197991 0.908033 0.420744 0.982387
male.bmp
  19 -17.912201 -0.419090 -0.691589 -0.369155 0.197991 0.908033 0.420744 0.982387
  19 -18.268105 -0.367877 -0.771648 -0.546174 0.707720 0.448136 0.428571 0.935421
  19 -18.210032 -0.418128 -0.738444 0.034545 0.202900 0.978590 0.420744 0.943249
male.bmp
  19 -18.268105 -0.367877 -0.771648 -0.546174 0.707720 0.448136 0.428571 0.935421
  19 -18.290660 -0.828330 -0.573720 -0.596491 -0.128032 0.792342 0.363992 0.935421
  19 -18.210032 -0.418128 -0.738444 0.034545 0.202900 0.978590 0.420744 0.943249
male.bmp
  19 -18.210032 -0.418128 -0.738444 0.034545 0.202900 0.978590 0.420744 0.943249
  19 -18.290660 -0.828330 -0.573720 -0.596491 -0.128032 0.792342 0.363992 0.935421
  19 -18.230050 -0.778484 -0.580194 0.027471 0.559276 0.828526 0.371820 0.943249
male.bmp
  19 -18.290660 -0.828330 -0.573720 -0.596491 -0.128032 0.792342 0.363992 0.935421
  19 -17.884102 -0.819667 -0.500672 0.301890 -0.113758 0.946531 0.363992 0.990215
  19 -18.230050 -0.778484 -0.580194 0.027471 0.559276 0.828526 0.371820 0.943249
male.bmp
  19 -18.230050 -0.778484 -0.580194 0.027471 0.559276 0.828526 0.371820 0.943249
  19 -17.884102 -0.819667 -0.500672 0.301890 -0.113758 0.946531 0.363992 0.990215
  19 -17.932190 -0.769447 -0.533312 -0.323931 0.550512 0.769419 0.371820 0.982387
male.bmp
  19 -17.932190 -0.769447 -0.533312 -0.323931 0.550512 0.769419 0.371820 0.982387
  19 -17.912201 -0.419090 -0.691589 -0.369155 0.197991 0.908033 0.420744 0.982387
  19 -17.947649 -0.769193 -0.614312 -0.663804 0.644099 -0.380132 0.375734 0.978474
male.bmp
  19 -17.947649 -0.769193 -0.614312 -0.663804 0.644099 -0.380132 0.375734 0.978474
  19 -17.912201 -0.419090 -0.691589 -0.369155 0.197991 0.908033 0.420744 0.982387
  19 -17.929492 -0.468910 -0.742765 -0.730320 -0.668390 0.141021 0.416830 0.978474
male.bmp
  19 -17.912201 -0.419090 -0.691589 -0.369155 0.197991 0.908033 0.420744 0.982387
  19 -18.210032 -0.418128 -0.738444 0.034545 0.202900 0.978590 0.420744 0.943249
  19 -17.929492 -0.468910 -0.742765 -0.730320 -0.668390 0.141021 0.416830 0.978474
male.bmp
  19 -17.929492 -0.468910 -0.742765 -0.730320 -0.668390 0.141021 0.416830 0.978474
  19 -18.210032 -0.418128 -0.738444 0.034545 0.202900 0.978590 0.420744 0.943249
  19 -18.177431 -0.478095 -0.786830 0.661491 -0.641172 0.389009 0.416830 0.945205
male.bmp
  19 -18.210032 -0.418128 -0.738444 0.034545 0.202900 0.978590 0.420744 0.943249
  19 -18.230050 -0.778484 -0.580194 0.027471 0.559276 0.828526 0.371820 0.943249
  19 -18.177431 -0.478095 -0.786830 0.661491 -0.641172 0.389009 0.416830 0.945205
male.bmp
  19 -18.177431 -0.478095 -0.786830 0.661491 -0.641172 0.389009 0.416830 0.945205
  19 -18.230050 -0.778484 -0.580194 0.027471 0.559276 0.828526 0.371820 0.943249
  19 -18.196152 -0.778403 -0.648392 0.731924 0.664754 -0.149630 0.375734 0.945205
male.bmp
  19 -18.230050 -0.778484 -0.580194 0.027471 0.559276 0.828526 0.371820 0.943249
  19 -17.932190 -0.769447 -0.533312 -0.323931 0.550512 0.769419 0.371820 0.982387
  19 -18.196152 -0.778403 -0.648392 0.731924 0.664754 -0.149630 0.375734 0.945205
male.bmp
  19 -18.196152 -0.778403 -0.648392 0.731924 0.664754 -0.149630 0.375734 0.945205
  19 -17.932190 -0.769447 -0.533312 -0.323931 0.550512 0.769419 0.371820 0.982387
  19 -17.947649 -0.769193 -0.614312 -0.663804 0.644099 -0.380132 0.375734 0.978474
male.bmp
  19 -17.947649 -0.769193 -0.614312 -0.663804 0.644099 -0.380132 0.534247 0.786693
  19 -17.929492 -0.468910 -0.742765 -0.730320 -0.668390 0.141021 0.534247 0.735812
  19 -17.915613 -0.829185 -0.652712 -0.038045 -0.205389 -0.977941 0.538160 0.790607
male.bmp
  19 -17.915613 -0.829185 -0.652712 -0.038045 -0.205389 -0.977941 0.538160 0.790607
  19 -17.929492 -0.468910 -0.742765 -0.730320 -0.668390 0.141021 0.534247 0.735812
  19 -17.895595 -0.468830 -0.810963 -0.030655 -0.556798 -0.830082 0.538160 0.729941
male.bmp
  19 -17.929492 -0.468910 -0.742765 -0.730320 -0.668390 0.141021 0.534247 0.735812
  19 -18.177431 -0.478095 -0.786830 0.661491 -0.641172 0.389009 0.495108 0.735812
  19 -17.895595 -0.468830 -0.810963 -0.030655 -0.556798 -0.830082 0.538160 0.729941
male.bmp
  19 -17.895595 -0.468830 -0.810963 -0.030655 -0.556798 -0.830082 0.538160 0.729941
  19 -18.177431 -0.478095 -0.786830 0.661491 -0.641172 0.389009 0.495108 0.735812
  19 -18.192891 -0.477842 -0.867830 0.320467 -0.553056 -0.769045 0.491194 0.729941
male.bmp
  19 -18.177431 -0.478095 -0.786830 0.661491 -0.641172 0.389009 0.495108 0.735812
  19 -18.196152 -0.778403 -0.648392 0.731924 0.664754 -0.149630 0.495108 0.786693
  19 -18.192891 -0.477842 -0.867830 0.320467 -0.553056 -0.769045 0.491194 0.729941
male.bmp
  19 -18.192891 -0.477842 -0.867830 0.320467 -0.553056 -0.769045 0.491194 0.729941
  19 -18.196152 -0.778403 -0.648392 0.731924 0.664754 -0.149630 0.495108 0.786693
  19 -18.212881 -0.828198 -0.709553 0.365991 -0.195706 -0.909808 0.491194 0.790607
male.bmp
  19 -18.196152 -0.778403 -0.648392 0.731924 0.664754 -0.149630 0.495108 0.786693
  19 -17.947649 -0.769193 -0.614312 -0.663804 0.644099 -0.380132 0.534247 0.786693
  19 -18.212881 -0.828198 -0.709553 0.365991 -0.195706 -0.909808 0.491194 0.790607
male.bmp
  19 -18.212881 -0.828198 -0.709553 0.365991 -0.195706 -0.909808 0.491194 0.790607
  19 -17.947649 -0.769193 -0.614312 -0.663804 0.644099 -0.380132 0.534247 0.786693
  19 -17.915613 -0.829185 -0.652712 -0.038045 -0.205389 -0.977941 0.538160 0.790607
male.bmp
  19 -17.915613 -0.829185 -0.652712 -0.038045 -0.205389 -0.977941 0.538160 0.790607
  19 -17.895595 -0.468830 -0.810963 -0.030655 -0.556798 -0.830082 0.538160 0.729941
  19 -17.856977 -0.879411 -0.629493 0.545849 -0.708416 -0.447432 0.547945 0.798434
male.bmp
  19 -17.856977 -0.879411 -0.629493 0.545849 -0.708416 -0.447432 0.547945 0.798434
  19 -17.895595 -0.468830 -0.810963 -0.030655 -0.556798 -0.830082 0.538160 0.729941
  19 -17.834422 -0.418959 -0.827421 0.596269 0.129043 -0.792346 0.547945 0.722114
male.bmp
  19 -17.895595 -0.468830 -0.810963 -0.030655 -0.556798 -0.830082 0.538160 0.729941
  19 -18.192891 -0.477842 -0.867830 0.320467 -0.553056 -0.769045 0.491194 0.729941
  19 -17.834422 -0.418959 -0.827421 0.596269 0.129043 -0.792346 0.547945 0.722114
male.bmp
  19 -17.834422 -0.418959 -0.827421 0.596269 0.129043 -0.792346 0.547945 0.722114
  19 -18.192891 -0.477842 -0.867830 0.320467 -0.553056 -0.769045 0.491194 0.729941
  19 -18.240980 -0.427621 -0.900469 -0.302134 0.112705 -0.946579 0.481409 0.722114
male.bmp
  19 -18.192891 -0.477842 -0.867830 0.320467 -0.553056 -0.769045 0.491194 0.729941
  19 -18.212881 -0.828198 -0.709553 0.365991 -0.195706 -0.909808 0.491194 0.790607
  19 -18.240980 -0.427621 -0.900469 -0.302134 0.112705 -0.946579 0.481409 0.722114
male.bmp
  19 -18.240980 -0.427621 -0.900469 -0.302134 0.112705 -0.946579 0.481409 0.722114
  19 -18.212881 -0.828198 -0.709553 0.365991 -0.195706 -0.909808 0.491194 0.790607
  19 -18.274082 -0.888068 -0.693121 -0.341462 -0.722904 -0.600677 0.481409 0.798434
male.bmp
  19 -18.212881 -0.828198 -0.709553 0.365991 -0.195706 -0.909808 0.491194 0.790607
  19 -17.915613 -0.829185 -0.652712 -0.038045 -0.205389 -0.977941 0.538160 0.790607
  19 -18.274082 -0.888068 -0.693121 -0.341462 -0.722904 -0.600677 0.481409 0.798434
male.bmp
  19 -18.274082 -0.888068 -0.693121 -0.341462 -0.722904 -0.600677 0.481409 0.798434
  19 -17.915613 -0.829185 -0.652712 -0.038045 -0.205389 -0.977941 0.538160 0.790607
  19 -17.856977 -0.879411 -0.629493 0.545849 -0.708416 -0.447432 0.547945 0.798434
male.bmp
  19 -17.856977 -0.879411 -0.629493 0.545849 -0.708416 -0.447432 0.547945 0.798434
  19 -17.834422 -0.418959 -0.827421 0.596269 0.129043 -0.792346 0.547945 0.722114
  19 -17.841517 -0.879664 -0.548494 0.661491 -0.641172 0.389009 0.551859 0.804305
male.bmp
  19 -17.841517 -0.879664 -0.548494 0.661491 -0.641172 0.389009 0.551859 0.804305
  19 -17.834422 -0.418959 -0.827421 0.596269 0.129043 -0.792346 0.547945 0.722114
  19 -17.817665 -0.359164 -0.766235 0.731924 0.664754 -0.149630 0.551859 0.718200
male.bmp
  19 -17.834422 -0.418959 -0.827421 0.596269 0.129043 -0.792346 0.547945 0.722114
  19 -18.240980 -0.427621 -0.900469 -0.302134 0.112705 -0.946579 0.481409 0.722114
  19 -17.817665 -0.359164 -0.766235 0.731924 0.664754 -0.149630 0.551859 0.718200
male.bmp
  19 -17.817665 -0.359164 -0.766235 0.731924 0.664754 -0.149630 0.551859 0.718200
  19 -18.240980 -0.427621 -0.900469 -0.302134 0.112705 -0.946579 0.481409 0.722114
  19 -18.283564 -0.367624 -0.852647 -0.663804 0.644099 -0.380132 0.477495 0.718200
male.bmp
  19 -18.240980 -0.427621 -0.900469 -0.302134 0.112705 -0.946579 0.481409 0.722114
  19 -18.274082 -0.888068 -0.693121 -0.341462 -0.722904 -0.600677 0.481409 0.798434
  19 -18.283564 -0.367624 -0.852647 -0.663804 0.644099 -0.380132 0.477495 0.718200
male.bmp
  19 -18.283564 -0.367624 -0.852647 -0.663804 0.644099 -0.380132 0.477495 0.718200
  19 -18.274082 -0.888068 -0.693121 -0.341462 -0.722904 -0.600677 0.481409 0.798434
  19 -18.307979 -0.888148 -0.624923 -0.730320 -0.668390 0.141021 0.477495 0.804305
male.bmp
  19 -18.274082 -0.888068 -0.693121 -0.341462 -0.722904 -0.600677 0.481409 0.798434
  19 -17.856977 -0.879411 -0.629493 0.545849 -0.708416 -0.447432 0.547945 0.798434
  19 -18.307979 -0.888148 -0.624923 -0.730320 -0.668390 0.141021 0.477495 0.804305
male.bmp
  19 -18.307979 -0.888148 -0.624923 -0.730320 -0.668390 0.141021 0.477495 0.804305
  19 -17.856977 -0.879411 -0.629493 0.545849 -0.708416 -0.447432 0.547945 0.798434
  19 -17.841517 -0.879664 -0.548494 0.661491 -0.641172 0.389009 0.551859 0.804305
male.bmp
  18 -16.189195 0.952052 0.191020 -0.154552 0.935037 0.319091 0.272016 0.127202
  18 -14.282685 1.274603 0.126346 -0.112462 0.984599 0.133857 0.268102 0.232877
  18 -16.098317 0.938967 -0.399039 -0.104246 0.957332 -0.269535 0.240705 0.127202
male.bmp
  18 -16.098317 0.938967 -0.399039 -0.104246 0.957332 -0.269535 0.240705 0.127202
  18 -14.282685 1.274603 0.126346 -0.112462 0.984599 0.133857 0.268102 0.232877
  18 -14.209919 1.112803 -0.615224 -0.089052 0.830164 -0.550360 0.236791 0.234834
male.bmp
  18 -14.282685 1.274603 0.126346 -0.112462 0.984599 0.133857 0.268102 0.232877
  18 -12.424045 1.395109 0.209611 -0.038569 0.990112 0.134873 0.279843 0.340509
  18 -14.209919 1.112803 -0.615224 -0.089052 0.830164 -0.550360 0.236791 0.234834
male.bmp
  18 -14.209919 1.112803 -0.615224 -0.089052 0.830164 -0.550360 0.236791 0.234834
  18 -12.424045 1.395109 0.209611 -0.038569 0.990112 0.134873 0.279843 0.340509
  18 -12.330829 1.215533 -0.732124 -0.012911 0.815731 -0.578287 0.228963 0.340509
male.bmp
  18 -12.424045 1.395109 0.209611 -0.038569 0.990112 0.134873 0.279843 0.340509
  18 -9.693737 1.364607 0.392341 -0.038569 0.990112 0.134873 0.277886 0.471624
  18 -12.330829 1.215533 -0.732124 -0.012911 0.815731 -0.578287 0.228963 0.340509
male.bmp
  18 -12.330829 1.215533 -0.732124 -0.012911 0.815731 -0.578287 0.228963 0.340509
  18 -9.693737 1.364607 0.392341 -0.038569 0.990112 0.134873 0.277886 0.471624
  18 -9.659352 1.095551 -0.670357 0.112022 0.792945 -0.598906 0.227006 0.471624
male.bmp
  18 -9.693737 1.364607 0.392341 -0.038569 0.990112 0.134873 0.277886 0.471624
  18 -8.976553 1.023625 -0.554687 0.106197 0.792110 -0.601068 0.232877 0.500978
  18 -9.659352 1.095551 -0.670357 0.112022 0.792945 -0.598906 0.227006 0.471624
male.bmp
  18 -9.659352 1.095551 -0.670357 0.112022 0.792945 -0.598906 0.227006 0.471624
  18 -8.976553 1.023625 -0.554687 0.106197 0.792110 -0.601068 0.232877 0.500978
  18 -9.064409 -0.047091 -1.225245 -0.006211 0.162020 -0.986768 0.172211 0.495108
male.bmp
  7 22.721010 -0.008206 0.319569 -0.107760 0.290882 0.950671 0.919765 0.964775
  7 23.849388 -0.033777 0.382900 -0.009266 0.251470 0.967821 0.921722 0.814090
  7 23.862047 0.142367 0.237943 -0.001612 0.840293 0.542130 0.894325 0.814090
male.bmp
  7 23.862047 0.142367 0.237943 -0.001612 0.840293 0.542130 0.894325 0.814090
  7 23.849388 -0.033777 0.382900 -0.009266 0.251470 0.967821 0.921722 0.814090
  8 24.312229 0.135835 0.246763 -0.016479 0.829112 0.558840 0.896282 0.747554
male.bmp
  7 23.849388 -0.033777 0.382900 -0.009266 0.251470 0.967821 0.921722 0.814090
  8 24.254809 -0.028702 0.355533 -0.030291 0.261643 0.964689 0.921722 0.751468
  8 24.312229 0.135835 0.246763 -0.016479 0.829112 0.558840 0.896282 0.747554
male.bmp
  8 24.312229 0.135835 0.246763 -0.016479 0.829112 0.558840 0.896282 0.747554
  8 24.254809 -0.028702 0.355533 -0.030291 0.261643 0.964689 0.921722 0.751468
  8 24.640602 0.128750 0.291714 0.393568 0.792806 0.465363 0.894325 0.694716
male.bmp
  8 24.254809 -0.028702 0.355533 -0.030291 0.261643 0.964689 0.921722 0.751468
  8 24.682694 -0.022363 0.420915 0.630210 0.222246 0.743937 0.925636 0.681018
  8 24.640602 0.128750 0.291714 0.393568 0.792806 0.465363 0.894325 0.694716
male.bmp
  8 24.640602 0.128750 0.291714 0.393568 0.792806 0.465363 0.894325 0.694716
  8 24.682694 -0.022363 0.420915 0.630210 0.222246 0.743937 0.925636 0.681018
  8 24.674397 -0.036241 0.372557 0.971451 0.064246 0.228374 0.923679 0.671233
male.bmp
  8 24.682694 -0.022363 0.420915 0.630210 0.222246 0.743937 0.925636 0.681018
  8 24.639720 -0.236036 0.398624 0.331807 -0.508352 0.794658 0.956947 0.688845
  8 24.674397 -0.036241 0.372557 0.971451 0.064246 0.228374 0.923679 0.671233
male.bmp
  7 22.721010 -0.008206 0.319569 -0.107760 0.290882 0.950671 0.919765 0.964775
  7 23.862047 0.142367 0.237943 -0.001612 0.840293 0.542130 0.894325 0.814090
  7 22.722963 0.170822 0.183389 -0.045606 0.864493 0.500572 0.894325 0.966732
male.bmp
  7 22.722963 0.170822 0.183389 -0.045606 0.864493 0.500572 0.894325 0.966732
  7 23.862047 0.142367 0.237943 -0.001612 0.840293 0.542130 0.894325 0.814090
  7 23.878496 0.197213 0.034913 0.046657 0.960553 -0.274155 0.878669 0.825832
male.bmp
  7 23.862047 0.142367 0.237943 -0.001612 0.840293 0.542130 0.894325 0.814090
  8 24.312229 0.135835 0.246763 -0.016479 0.829112 0.558840 0.896282 0.747554
  7 23.878496 0.197213 0.034913 0.046657 0.960553 -0.274155 0.878669 0.825832
male.bmp
  7 23.878496 0.197213 0.034913 0.046657 0.960553 -0.274155 0.878669 0.825832
  8 24.312229 0.135835 0.246763 -0.016479 0.829112 0.558840 0.896282 0.747554
  8 24.586441 0.153658 0.157378 0.290747 0.931103 -0.220260 0.882583 0.690802
male.bmp
  8 24.312229 0.135835 0.246763 -0.016479 0.829112 0.558840 0.896282 0.747554
  8 24.640602 0.128750 0.291714 0.393568 0.792806 0.465363 0.894325 0.694716
  8 24.586441 0.153658 0.157378 0.290747 0.931103 -0.220260 0.882583 0.690802
male.bmp
  8 24.586441 0.153658 0.157378 0.290747 0.931103 -0.220260 0.882583 0.690802
  8 24.640602 0.128750 0.291714 0.393568 0.792806 0.465363 0.894325 0.694716
  8 24.723676 0.077197 0.195065 0.853267 0.511886 -0.099544 0.898239 0.667319
male.bmp
  8 24.640602 0.128750 0.291714 0.393568 0.792806 0.465363 0.894325 0.694716
  8 24.674397 -0.036241 0.372557 0.971451 0.064246 0.228374 0.923679 0.671233
  8 24.723676 0.077197 0.195065 0.853267 0.511886 -0.099544 0.898239 0.667319
male.bmp
  5 24.121298 1.367112 -0.065555 0.804042 0.030756 -0.593776 0.925636 0.385519
  5 24.093452 1.198346 -0.028915 0.609746 -0.675739 -0.414230 0.904110 0.393346
  5 23.930177 1.296248 -0.168760 0.210129 -0.170335 -0.962721 0.923679 0.414873
male.bmp
  5 23.930177 1.296248 -0.168760 0.210129 -0.170335 -0.962721 0.923679 0.414873
  5 24.093452 1.198346 -0.028915 0.609746 -0.675739 -0.414230 0.904110 0.393346
  5 23.476416 1.061856 -0.081232 0.220643 -0.738012 -0.637695 0.908023 0.518591
male.bmp
  5 24.093452 1.198346 -0.028915 0.609746 -0.675739 -0.414230 0.904110 0.393346
  4 23.430212 1.004685 0.169211 0.252142 -0.928017 0.274243 0.884540 0.530333
  5 23.476416 1.061856 -0.081232 0.220643 -0.738012 -0.637695 0.908023 0.518591
male.bmp
  5 23.476416 1.061856 -0.081232 0.220643 -0.738012 -0.637695 0.908023 0.518591
  4 23.430212 1.004685 0.169211 0.252142 -0.928017 0.274243 0.884540 0.530333
  4 23.311842 0.994710 -0.083156 0.245288 -0.752431 -0.611294 0.904110 0.542074
male.bmp
  4 23.430212 1.004685 0.169211 0.252142 -0.928017 0.274243 0.884540 0.530333
  4 22.390840 0.709125 0.176259 0.376357 -0.895010 0.239399 0.888454 0.628180
  4 23.311842 0.994710 -0.083156 0.245288 -0.752431 -0.611294 0.904110 0.542074
male.bmp
  4 23.311842 0.994710 -0.083156 0.245288 -0.752431 -0.611294 0.904110 0.542074
  4 22.390840 0.709125 0.176259 0.376357 -0.895010 0.239399 0.888454 0.628180
  4 22.311440 0.745972 -0.098219 0.195267 -0.688083 -0.698866 0.908023 0.634051
male.bmp
  4 22.390840 0.709125 0.176259 0.376357 -0.895010 0.239399 0.888454 0.628180
  3 22.308183 0.661992 0.202936 0.506605 -0.821605 0.261376 0.882583 0.643836
  4 22.311440 0.745972 -0.098219 0.195267 -0.688083 -0.698866 0.908023 0.634051
male.bmp
  17 20.288165 -3.943123 0.304329 0.470584 -0.538141 0.699253 0.759295 0.866928
  17 20.096798 -4.054498 0.109460 -0.090962 -0.993138 0.073504 0.722114 0.857143
  17 20.325170 -4.048229 0.095084 0.554529 -0.830217 0.056895 0.722114 0.843444
male.bmp
  17 20.325170 -4.048229 0.095084 0.554529 -0.830217 0.056895 0.722114 0.843444
  17 20.096798 -4.054498 0.109460 -0.090962 -0.993138 0.073504 0.722114 0.857143
  17 20.262485 -3.995507 -0.126481 0.329368 -0.681523 -0.653485 0.679061 0.864971
male.bmp
  17 20.096798 -4.054498 0.109460 -0.090962 -0.993138 0.073504 0.722114 0.857143
  17 20.072142 -3.990206 -0.101155 -0.517937 -0.638818 -0.568905 0.694716 0.876712
  17 20.262485 -3.995507 -0.126481 0.329368 -0.681523 -0.653485 0.679061 0.864971
male.bmp
  17 20.262485 -3.995507 -0.126481 0.329368 -0.681523 -0.653485 0.679061 0.864971
  17 20.072142 -3.990206 -0.101155 -0.517937 -0.638818 -0.568905 0.694716 0.876712
  17 20.156848 -3.600043 -0.268779 -0.058085 -0.166157 -0.984387 0.665362 0.917808
male.bmp
  17 20.072142 -3.990206 -0.101155 -0.517937 -0.638818 -0.568905 0.694716 0.876712
  17 19.968698 -3.645591 -0.133411 -0.782248 -0.263403 -0.564541 0.696673 0.919765
  17 20.156848 -3.600043 -0.268779 -0.058085 -0.166157 -0.984387 0.665362 0.917808
male.bmp
  17 20.156848 -3.600043 -0.268779 -0.058085 -0.166157 -0.984387 0.665362 0.917808
  17 19.968698 -3.645591 -0.133411 -0.782248 -0.263403 -0.564541 0.696673 0.919765
  16 20.029550 -3.090145 -0.282952 -0.224989 -0.085166 -0.970632 0.661448 0.990215
male.bmp
  17 19.968698 -3.645591 -0.133411 -0.782248 -0.263403 -0.564541 0.696673 0.919765
  16 19.850407 -3.167437 -0.138268 -0.819006 -0.196510 -0.539086 0.690802 0.986301
  16 20.029550 -3.090145 -0.282952 -0.224989 -0.085166 -0.970632 0.661448 0.990215
male.bmp
  13 21.851526 1.642571 0.072218 0.490015 -0.811950 0.317212 0.978474 0.974560
  13 22.513122 2.038511 0.152370 0.429756 -0.845464 0.317020 0.972603 0.829746
  13 21.808801 1.812483 0.214361 0.133335 -0.237163 0.962276 0.951076 0.964775
male.bmp
  13 21.808801 1.812483 0.214361 0.133335 -0.237163 0.962276 0.951076 0.964775
  13 22.513122 2.038511 0.152370 0.429756 -0.845464 0.317020 0.972603 0.829746
  13 22.539975 2.158992 0.283758 0.181832 -0.399534 0.898504 0.949119 0.818004
male.bmp
  13 22.513122 2.038511 0.152370 0.429756 -0.845464 0.317020 0.972603 0.829746
  14 23.033278 2.315660 0.182638 0.548616 -0.749826 0.369840 0.968689 0.706458
  13 22.539975 2.158992 0.283758 0.181832 -0.399534 0.898504 0.949119 0.818004
male.bmp
  13 22.539975 2.158992 0.283758 0.181832 -0.399534 0.898504 0.949119 0.818004
  14 23.033278 2.315660 0.182638 0.548616 -0.749826 0.369840 0.968689 0.706458
  14 22.813093 2.318181 0.248305 0.158268 -0.199571 0.967017 0.949119 0.747554
male.bmp
  14 23.033278 2.315660 0.182638 0.548616 -0.749826 0.369840 0.968689 0.706458
  14 23.031662 2.396493 0.265484 0.400366 -0.254528 0.880297 0.956947 0.688845
  14 22.813093 2.318181 0.248305 0.158268 -0.199571 0.967017 0.949119 0.747554
male.bmp
  14 22.813093 2.318181 0.248305 0.158268 -0.199571 0.967017 0.949119 0.747554
  14 23.031662 2.396493 0.265484 0.400366 -0.254528 0.880297 0.956947 0.688845
  14 22.732213 2.440817 0.252604 -0.113278 0.378646 0.918583 0.921722 0.751468
male.bmp
  14 23.031662 2.396493 0.265484 0.400366 -0.254528 0.880297 0.956947 0.688845
  14 23.018552 2.562401 0.263891 0.502818 0.566346 0.653013 0.925636 0.681018
  14 22.732213 2.440817 0.252604 -0.113278 0.378646 0.918583 0.921722 0.751468
male.bmp
  17 20.025092 -3.625706 0.298127 -0.648205 -0.206550 0.732917 0.739726 0.915851
  17 20.129028 -3.970303 0.310388 -0.299487 -0.587715 0.751597 0.739726 0.872798
  17 20.236040 -3.571683 0.403400 0.134642 -0.074776 0.988069 0.772994 0.917808
male.bmp
  17 20.025092 -3.625706 0.298127 -0.648205 -0.206550 0.732917 0.739726 0.915851
  17 20.039779 -4.040273 0.128073 -0.680055 -0.715303 0.160832 0.722114 0.864971
  17 20.129028 -3.970303 0.310388 -0.299487 -0.587715 0.751597 0.739726 0.872798
male.bmp
  17 20.025092 -3.625706 0.298127 -0.648205 -0.206550 0.732917 0.739726 0.915851
  17 19.930300 -3.676524 0.105689 -0.899010 -0.410864 0.151562 0.720157 0.919765
  17 20.039779 -4.040273 0.128073 -0.680055 -0.715303 0.160832 0.722114 0.864971
male.bmp
  17 20.025092 -3.625706 0.298127 -0.648205 -0.206550 0.732917 0.739726 0.915851
  17 19.891151 -3.615302 0.094776 -0.909098 -0.400709 0.113900 0.720157 0.927593
  17 19.930300 -3.676524 0.105689 -0.899010 -0.410864 0.151562 0.720157 0.919765
male.bmp
  17 20.025092 -3.625706 0.298127 -0.648205 -0.206550 0.732917 0.739726 0.915851
  16 19.841960 -3.111689 0.302664 -0.696656 -0.204051 0.687775 0.739726 0.990215
  17 19.891151 -3.615302 0.094776 -0.909098 -0.400709 0.113900 0.720157 0.927593
male.bmp
  17 20.025092 -3.625706 0.298127 -0.648205 -0.206550 0.732917 0.739726 0.915851
  16 20.084508 -3.059314 0.409096 -0.032358 -0.042700 0.998564 0.776908 0.988258
  16 19.841960 -3.111689 0.302664 -0.696656 -0.204051 0.687775 0.739726 0.990215
male.bmp
  17 20.025092 -3.625706 0.298127 -0.648205 -0.206550 0.732917 0.739726 0.915851
  17 20.236040 -3.571683 0.403400 0.134642 -0.074776 0.988069 0.772994 0.917808
  16 20.084508 -3.059314 0.409096 -0.032358 -0.042700 0.998564 0.776908 0.988258
male.bmp
  5 24.025797 1.594088 0.094010 0.094598 0.952080 -0.290853 0.882583 0.690802
  5 24.062216 1.585416 0.212747 0.181636 0.869016 0.460238 0.894325 0.694716
  5 24.151115 1.552746 0.132563 0.705509 0.695916 -0.134007 0.898239 0.667319
male.bmp
  5 24.151115 1.552746 0.132563 0.705509 0.695916 -0.134007 0.898239 0.667319
  5 24.062216 1.585416 0.212747 0.181636 0.869016 0.460238 0.894325 0.694716
  5 24.139052 1.455090 0.284936 0.837336 0.235892 0.493177 0.923679 0.671233
male.bmp
  5 24.062216 1.585416 0.212747 0.181636 0.869016 0.460238 0.894325 0.694716
  5 24.125554 1.470136 0.311231 0.480994 0.357049 0.800725 0.925636 0.681018
  5 24.139052 1.455090 0.284936 0.837336 0.235892 0.493177 0.923679 0.671233
male.bmp
  5 24.139052 1.455090 0.284936 0.837336 0.235892 0.493177 0.923679 0.671233
  5 24.125554 1.470136 0.311231 0.480994 0.357049 0.800725 0.925636 0.681018
  5 24.106723 1.302142 0.306421 0.319319 -0.329805 0.888405 0.956947 0.688845
male.bmp
  5 24.125554 1.470136 0.311231 0.480994 0.357049 0.800725 0.925636 0.681018
  5 23.763793 1.388176 0.286504 0.041229 0.354621 0.934101 0.921722 0.751468
  5 24.106723 1.302142 0.306421 0.319319 -0.329805 0.888405 0.956947 0.688845
male.bmp
  5 24.106723 1.302142 0.306421 0.319319 -0.329805 0.888405 0.956947 0.688845
  5 23.763793 1.388176 0.286504 0.041229 0.354621 0.934101 0.921722 0.751468
  5 23.821506 1.245635 0.298818 0.131023 -0.207567 0.969407 0.949119 0.747554
male.bmp
  5 23.763793 1.388176 0.286504 0.041229 0.354621 0.934101 0.921722 0.751468
  4 23.370497 1.340307 0.372170 0.003614 0.322538 0.946550 0.921722 0.814090
  5 23.821506 1.245635 0.298818 0.131023 -0.207567 0.969407 0.949119 0.747554
male.bmp
  3 21.187701 0.318156 0.333303 0.669040 0.418092 0.614479 0.702544 0.215264
  2 21.189260 0.263700 0.283622 0.341260 0.648725 0.680219 0.712329 0.207436
  6 22.616343 0.189970 0.201268 0.560941 0.691660 0.454919 0.581213 0.191781
male.bmp
  6 22.616343 0.189970 0.201268 0.560941 0.691660 0.454919 0.581213 0.191781
  2 21.189260 0.263700 0.283622 0.341260 0.648725 0.680219 0.712329 0.207436
  2 21.256680 0.036190 0.394499 0.241758 0.276220 0.930191 0.708415 0.185910
male.bmp
  2 21.189260 0.263700 0.283622 0.341260 0.648725 0.680219 0.712329 0.207436
  2 20.555116 0.156951 0.584565 0.194421 0.195670 0.961204 0.772994 0.199609
  2 21.256680 0.036190 0.394499 0.241758 0.276220 0.930191 0.708415 0.185910
male.bmp
  2 21.256680 0.036190 0.394499 0.241758 0.276220 0.930191 0.708415 0.185910
  2 20.555116 0.156951 0.584565 0.194421 0.195670 0.961204 0.772994 0.199609
  2 21.155504 -0.222608 0.439070 0.328776 -0.266043 0.906161 0.720157 0.160470
male.bmp
  2 20.555116 0.156951 0.584565 0.194421 0.195670 0.961204 0.772994 0.199609
  2 20.549992 -0.523081 0.573126 0.136722 -0.024685 0.990302 0.776908 0.138943
  2 21.155504 -0.222608 0.439070 0.328776 -0.266043 0.906161 0.720157 0.160470
male.bmp
  2 21.155504 -0.222608 0.439070 0.328776 -0.266043 0.906161 0.720157 0.160470
  2 20.549992 -0.523081 0.573126 0.136722 -0.024685 0.990302 0.776908 0.138943
  2 21.027354 -0.430393 0.409012 0.434654 0.064730 0.898268 0.731898 0.142857
male.bmp
  2 20.549992 -0.523081 0.573126 0.136722 -0.024685 0.990302 0.776908 0.138943
  2 21.114463 -0.747536 0.533238 0.188682 0.095932 0.977341 0.726027 0.115460
  2 21.027354 -0.430393 0.409012 0.434654 0.064730 0.898268 0.731898 0.142857
male.bmp
  2 17.535653 -0.865677 -0.628230 -0.039777 -0.540006 -0.840720 0.244618 0.943249
  2 17.890786 -1.058713 -0.316432 -0.567798 -0.609827 -0.552917 0.279843 0.892368
  2 17.565178 -1.157368 -0.371628 -0.026853 -0.728413 -0.684612 0.281800 0.943249
male.bmp
  2 17.565178 -1.157368 -0.371628 -0.026853 -0.728413 -0.684612 0.281800 0.943249
  2 17.890786 -1.058713 -0.316432 -0.567798 -0.609827 -0.552917 0.279843 0.892368
  2 17.572745 -1.338817 -0.142676 -0.029564 -0.896321 -0.442420 0.303327 0.943249
male.bmp
  2 17.890786 -1.058713 -0.316432 -0.567798 -0.609827 -0.552917 0.279843 0.892368
  2 17.906054 -1.209995 -0.117987 -0.589273 -0.741094 -0.321773 0.299413 0.892368
  2 17.572745 -1.338817 -0.142676 -0.029564 -0.896321 -0.442420 0.303327 0.943249
male.bmp
  2 17.572745 -1.338817 -0.142676 -0.029564 -0.896321 -0.442420 0.303327 0.943249
  2 17.906054 -1.209995 -0.117987 -0.589273 -0.741094 -0.321773 0.299413 0.892368
  2 17.578485 -1.430886 0.187309 0.003871 -0.999660 -0.025792 0.328767 0.943249
male.bmp
  2 17.906054 -1.209995 -0.117987 -0.589273 -0.741094 -0.321773 0.299413 0.892368
  2 17.937044 -1.281755 0.149950 -0.551597 -0.826835 0.109930 0.322896 0.892368
  2 17.578485 -1.430886 0.187309 0.003871 -0.999660 -0.025792 0.328767 0.943249
male.bmp
  2 17.578485 -1.430886 0.187309 0.003871 -0.999660 -0.025792 0.328767 0.943249
  2 17.937044 -1.281755 0.149950 -0.551597 -0.826835 0.109930 0.322896 0.892368
  2 17.973685 -1.223160 0.358094 -0.498530 -0.744808 0.443541 0.336595 0.892368
male.bmp
  2 17.937044 -1.281755 0.149950 -0.551597 -0.826835 0.109930 0.322896 0.892368
  2 17.982651 -1.293119 0.346904 -0.555142 -0.717587 0.420579 0.340509 0.884540
  2 17.973685 -1.223160 0.358094 -0.498530 -0.744808 0.443541 0.336595 0.892368
male.bmp
  2 18.258601 -0.717927 -0.624130 0.479723 -0.439244 -0.759559 0.861057 0.530333
  2 18.585796 -0.686575 -0.751489 -0.199080 -0.366045 -0.909053 0.833659 0.540117
  2 18.278820 -1.049657 -0.357021 0.408912 -0.575960 -0.707857 0.874755 0.559687
male.bmp
  2 18.278820 -1.049657 -0.357021 0.408912 -0.575960 -0.707857 0.874755 0.559687
  2 18.585796 -0.686575 -0.751489 -0.199080 -0.366045 -0.909053 0.833659 0.540117
  15 18.691769 -1.289700 -0.302088 -0.513018 -0.529030 -0.675973 0.849315 0.587084
male.bmp
  2 18.585796 -0.686575 -0.751489 -0.199080 -0.366045 -0.909053 0.833659 0.540117
  2 19.178740 -0.668724 -0.854444 -0.015681 0.026816 -0.999517 0.784736 0.561644
  15 18.691769 -1.289700 -0.302088 -0.513018 -0.529030 -0.675973 0.849315 0.587084
male.bmp
  15 18.691769 -1.289700 -0.302088 -0.513018 -0.529030 -0.675973 0.849315 0.587084
  2 19.178740 -0.668724 -0.854444 -0.015681 0.026816 -0.999517 0.784736 0.561644
  15 19.460106 -1.436576 -0.730906 -0.031794 -0.104583 -0.994008 0.790607 0.620352
male.bmp
  2 19.178740 -0.668724 -0.854444 -0.015681 0.026816 -0.999517 0.784736 0.561644
  2 20.158901 -0.851938 -0.586271 0.367557 0.056940 -0.928256 0.710372 0.606654
  15 19.460106 -1.436576 -0.730906 -0.031794 -0.104583 -0.994008 0.790607 0.620352
male.bmp
  15 19.460106 -1.436576 -0.730906 -0.031794 -0.104583 -0.994008 0.790607 0.620352
  2 20.158901 -0.851938 -0.586271 0.367557 0.056940 -0.928256 0.710372 0.606654
  15 20.222960 -1.708657 -0.320265 0.717696 0.016649 -0.696158 0.737769 0.673190
male.bmp
  2 20.158901 -0.851938 -0.586271 0.367557 0.056940 -0.928256 0.710372 0.606654
  15 20.396027 -1.565574 0.045760 0.892715 -0.229269 -0.387937 0.718200 0.671233
  15 20.222960 -1.708657 -0.320265 0.717696 0.016649 -0.696158 0.737769 0.673190
male.bmp
  3 22.308183 0.661992 0.202936 0.993484 -0.111546 -0.023391 0.493151 0.571429
  3 22.299917 0.615587 0.235774 0.734207 -0.637948 0.232298 0.499022 0.573386
  3 22.234431 0.716262 -0.089151 0.922286 -0.005147 -0.386474 0.491194 0.545988
male.bmp
  3 22.234431 0.716262 -0.089151 0.922286 -0.005147 -0.386474 0.491194 0.545988
  3 22.299917 0.615587 0.235774 0.734207 -0.637948 0.232298 0.499022 0.573386
  3 22.211175 0.652644 -0.136183 0.613051 -0.528983 -0.586810 0.497065 0.549902
male.bmp
  3 22.299917 0.615587 0.235774 0.734207 -0.637948 0.232298 0.499022 0.573386
  3 21.535441 0.510271 -0.209070 0.436665 -0.628517 -0.643654 0.561644 0.532290
  3 22.211175 0.652644 -0.136183 0.613051 -0.528983 -0.586810 0.497065 0.549902
male.bmp
  3 22.211175 0.652644 -0.136183 0.613051 -0.528983 -0.586810 0.497065 0.549902
  3 21.535441 0.510271 -0.209070 0.436665 -0.628517 -0.643654 0.561644 0.532290
  3 22.136420 1.000839 -0.238515 0.574701 0.285167 -0.767072 0.489237 0.518591
male.bmp
  3 21.535441 0.510271 -0.209070 0.436665 -0.628517 -0.643654 0.561644 0.532290
  3 21.277366 0.774520 -0.387870 0.296640 0.292209 -0.909186 0.567515 0.506849
  3 22.136420 1.000839 -0.238515 0.574701 0.285167 -0.767072 0.489237 0.518591
male.bmp
  3 22.136420 1.000839 -0.238515 0.574701 0.285167 -0.767072 0.489237 0.518591
  3 21.277366 0.774520 -0.387870 0.296640 0.292209 -0.909186 0.567515 0.506849
  3 22.110727 1.269494 -0.002370 0.374749 0.874162 -0.308875 0.483366 0.493151
male.bmp
  3 21.277366 0.774520 -0.387870 0.296640 0.292209 -0.909186 0.567515 0.506849
  2 20.968801 1.003874 -0.137021 0.744410 0.593352 0.306246 0.567515 0.481409
  3 22.110727 1.269494 -0.002370 0.374749 0.874162 -0.308875 0.483366 0.493151
male.bmp
  15 19.739652 -1.464790 0.757669 -0.058451 -0.227736 0.971967 0.516634 0.816047
  16 19.475079 -2.200574 0.449870 -0.519324 -0.415103 0.746989 0.553816 0.882583
  16 19.930469 -2.062591 0.612602 0.124955 -0.242907 0.961968 0.504892 0.874755
male.bmp
  16 19.930469 -2.062591 0.612602 0.124955 -0.242907 0.961968 0.504892 0.874755
  16 19.475079 -2.200574 0.449870 -0.519324 -0.415103 0.746989 0.553816 0.882583
  16 19.722411 -2.657177 0.347686 -0.584828 -0.326959 0.742344 0.534247 0.929550
male.bmp
  16 19.475079 -2.200574 0.449870 -0.519324 -0.415103 0.746989 0.553816 0.882583
  16 19.574158 -2.731555 0.102964 -0.852200 -0.431918 0.295299 0.559687 0.933464
  16 19.722411 -2.657177 0.347686 -0.584828 -0.326959 0.742344 0.534247 0.929550
male.bmp
  16 19.722411 -2.657177 0.347686 -0.584828 -0.326959 0.742344 0.534247 0.929550
  16 19.574158 -2.731555 0.102964 -0.852200 -0.431918 0.295299 0.559687 0.933464
  16 19.746538 -3.160128 0.129609 -0.516318 -0.813809 0.266702 0.542074 0.980431
male.bmp
  16 19.574158 -2.731555 0.102964 -0.852200 -0.431918 0.295299 0.559687 0.933464
  16 19.603797 -2.784122 -0.007300 -0.872527 -0.451908 -0.185678 0.567515 0.933464
  16 19.746538 -3.160128 0.129609 -0.516318 -0.813809 0.266702 0.542074 0.980431
male.bmp
  16 19.746538 -3.160128 0.129609 -0.516318 -0.813809 0.266702 0.542074 0.980431
  16 19.603797 -2.784122 -0.007300 -0.872527 -0.451908 -0.185678 0.567515 0.933464
  16 19.785507 -3.209937 0.029607 -0.030455 -0.994154 -0.103586 0.547945 0.982387
male.bmp
  16 19.603797 -2.784122 -0.007300 -0.872527 -0.451908 -0.185678 0.567515 0.933464
  16 19.628423 -2.754860 -0.086277 -0.821829 -0.510763 -0.252422 0.573386 0.933464
  16 19.785507 -3.209937 0.029607 -0.030455 -0.994154 -0.103586 0.547945 0.982387
male.bmp
  2 18.387221 -0.936915 0.758657 0.696097 -0.417957 0.583748 0.452055 0.086106
  2 18.421269 -0.187948 0.911272 0.762053 0.039387 0.646316 0.461840 0.168297
  2 18.063836 -0.227146 0.959284 -0.493810 0.047342 0.868280 0.502935 0.156556
male.bmp
  2 18.063836 -0.227146 0.959284 -0.493810 0.047342 0.868280 0.502935 0.156556
  2 18.421269 -0.187948 0.911272 0.762053 0.039387 0.646316 0.461840 0.168297
  2 18.049322 0.424189 0.753975 -0.447952 0.392174 0.803454 0.512720 0.227006
male.bmp
  2 18.421269 -0.187948 0.911272 0.762053 0.039387 0.646316 0.461840 0.168297
  2 18.405028 0.413516 0.685715 0.715783 0.385530 0.582256 0.471624 0.232877
  2 18.049322 0.424189 0.753975 -0.447952 0.392174 0.803454 0.512720 0.227006
male.bmp
  2 18.049322 0.424189 0.753975 -0.447952 0.392174 0.803454 0.512720 0.227006
  2 18.405028 0.413516 0.685715 0.715783 0.385530 0.582256 0.471624 0.232877
  2 17.998646 0.916866 0.349868 -0.539958 0.671922 0.506918 0.518591 0.273973
male.bmp
  2 18.405028 0.413516 0.685715 0.715783 0.385530 0.582256 0.471624 0.232877
  2 18.355956 0.916064 0.301609 0.687669 0.637148 0.348073 0.477495 0.279843
  2 17.998646 0.916866 0.349868 -0.539958 0.671922 0.506918 0.518591 0.273973
male.bmp
  2 17.998646 0.916866 0.349868 -0.539958 0.671922 0.506918 0.518591 0.273973
  2 18.355956 0.916064 0.301609 0.687669 0.637148 0.348073 0.477495 0.279843
  2 17.906627 1.101274 -0.313777 -0.579319 0.814420 0.033327 0.524462 0.320939
male.bmp
  2 18.355956 0.916064 0.301609 0.687669 0.637148 0.348073 0.477495 0.279843
  2 18.277175 1.140188 -0.322700 0.604090 0.794458 -0.062544 0.483366 0.336595
  2 17.906627 1.101274 -0.313777 -0.579319 0.814420 0.033327 0.524462 0.320939
male.bmp
  15 18.691769 -1.289700 -0.302088 -0.513018 -0.529030 -0.675973 0.972603 0.050881
  15 18.679541 -1.398401 -0.103004 -0.700722 -0.682556 -0.207620 0.966732 0.058708
  2 18.278820 -1.049657 -0.357021 0.408912 -0.575960 -0.707857 0.996086 0.066536
male.bmp
  2 18.278820 -1.049657 -0.357021 0.408912 -0.575960 -0.707857 0.996086 0.066536
  15 18.679541 -1.398401 -0.103004 -0.700722 -0.682556 -0.207620 0.966732 0.058708
  2 18.291729 -1.200746 -0.188482 0.476660 -0.780203 -0.405067 0.992172 0.074364
male.bmp
  15 18.679541 -1.398401 -0.103004 -0.700722 -0.682556 -0.207620 0.966732 0.058708
  15 18.655936 -1.384183 0.166515 -0.640462 -0.741466 0.200091 0.958904 0.068493
  2 18.291729 -1.200746 -0.188482 0.476660 -0.780203 -0.405067 0.992172 0.074364
male.bmp
  2 18.291729 -1.200746 -0.188482 0.476660 -0.780203 -0.405067 0.992172 0.074364
  15 18.655936 -1.384183 0.166515 -0.640462 -0.741466 0.200091 0.958904 0.068493
  2 18.311238 -1.252353 0.060427 0.619680 -0.784784 -0.010515 0.986301 0.084149
male.bmp
  15 18.655936 -1.384183 0.166515 -0.640462 -0.741466 0.200091 0.958904 0.068493
  15 18.656873 -1.277811 0.357261 -0.429063 -0.652637 0.624475 0.953033 0.074364
  2 18.311238 -1.252353 0.060427 0.619680 -0.784784 -0.010515 0.986301 0.084149
male.bmp
  2 18.311238 -1.252353 0.060427 0.619680 -0.784784 -0.010515 0.986301 0.084149
  15 18.656873 -1.277811 0.357261 -0.429063 -0.652637 0.624475 0.953033 0.074364
  2 18.337154 -1.183667 0.259452 0.652455 -0.698152 0.294766 0.984344 0.090020
male.bmp
  15 18.656873 -1.277811 0.357261 -0.429063 -0.652637 0.624475 0.953033 0.074364
  2 18.381052 -0.896401 0.679155 0.825010 -0.328917 0.459535 0.976517 0.115460
  2 18.337154 -1.183667 0.259452 0.652455 -0.698152 0.294766 0.984344 0.090020
male.bmp
  1 8.979063 1.095114 -0.516482 -0.104260 0.792612 -0.600747 0.232877 0.500978
  1 9.705447 1.428706 0.438586 0.043965 0.989911 0.134695 0.277886 0.471624
  1 9.660141 1.168753 -0.630887 -0.110074 0.793475 -0.598566 0.227006 0.471624
male.bmp
  1 9.660141 1.168753 -0.630887 -0.110074 0.793475 -0.598566 0.227006 0.471624
  1 9.705447 1.428706 0.438586 0.043965 0.989911 0.134695 0.277886 0.471624
  1 12.340369 1.266056 -0.703750 0.015039 0.815638 -0.578367 0.228963 0.340509
male.bmp
  1 9.705447 1.428706 0.438586 0.043965 0.989911 0.134695 0.277886 0.471624
  1 12.433607 1.455564 0.245140 0.043965 0.989911 0.134695 0.279843 0.340509
  1 12.340369 1.266056 -0.703750 0.015039 0.815638 -0.578367 0.228963 0.340509
male.bmp
  1 12.340369 1.266056 -0.703750 0.015039 0.815638 -0.578367 0.228963 0.340509
  1 12.433607 1.455564 0.245140 0.043965 0.989911 0.134695 0.279843 0.340509
  1 14.221115 1.160175 -0.586762 0.091346 0.829692 -0.550697 0.236791 0.234834
male.bmp
  1 12.433607 1.455564 0.245140 0.043965 0.989911 0.134695 0.279843 0.340509
  1 14.291528 1.319812 0.152398 0.117826 0.984029 0.133430 0.268102 0.232877
  1 14.221115 1.160175 -0.586762 0.091346 0.829692 -0.550697 0.236791 0.234834
male.bmp
  1 14.221115 1.160175 -0.586762 0.091346 0.829692 -0.550697 0.236791 0.234834
  1 14.291528 1.319812 0.152398 0.117826 0.984029 0.133430 0.268102 0.232877
  1 16.102285 0.974315 -0.379757 0.108117 0.956790 -0.269931 0.240705 0.127202
male.bmp
  1 14.291528 1.319812 0.152398 0.117826 0.984029 0.133430 0.268102 0.232877
  1 16.189713 0.983759 0.219215 0.160290 0.934264 0.318524 0.272016 0.127202
  1 16.102285 0.974315 -0.379757 0.108117 0.956790 -0.269931 0.240705 0.127202
male.bmp
  34 -20.156314 -4.071601 0.091863 0.056455 -0.996586 0.060238 0.722114 0.857143
  34 -20.319876 -4.000263 -0.142143 -0.346156 -0.660769 -0.666003 0.679061 0.864971
  34 -20.129544 -4.000189 -0.116185 0.501275 -0.648174 -0.573231 0.694716 0.876712
male.bmp
  34 -20.129544 -4.000189 -0.116185 0.501275 -0.648174 -0.573231 0.694716 0.876712
  34 -20.319876 -4.000263 -0.142143 -0.346156 -0.660769 -0.666003 0.679061 0.864971
  34 -20.208254 -3.611439 -0.279828 0.061697 -0.154387 -0.986082 0.665362 0.917808
male.bmp
  34 -20.319876 -4.000263 -0.142143 -0.346156 -0.660769 -0.666003 0.679061 0.864971
  34 -20.442572 -3.696158 -0.167943 -0.727809 -0.156055 -0.667789 0.653620 0.900196
  34 -20.208254 -3.611439 -0.279828 0.061697 -0.154387 -0.986082 0.665362 0.917808
male.bmp
  34 -20.208254 -3.611439 -0.279828 0.061697 -0.154387 -0.986082 0.665362 0.917808
  34 -20.442572 -3.696158 -0.167943 -0.727809 -0.156055 -0.667789 0.653620 0.900196
  34 -20.352027 -3.156075 -0.209314 -0.617806 0.119711 -0.777165 0.637965 0.972603
male.bmp
  34 -20.442572 -3.696158 -0.167943 -0.727809 -0.156055 -0.667789 0.653620 0.900196
  34 -20.480390 -3.152299 0.003778 -0.988031 0.094398 -0.121998 0.606654 0.962818
  34 -20.352027 -3.156075 -0.209314 -0.617806 0.119711 -0.777165 0.637965 0.972603
male.bmp
  34 -20.352027 -3.156075 -0.209314 -0.617806 0.119711 -0.777165 0.637965 0.972603
  34 -20.480390 -3.152299 0.003778 -0.988031 0.094398 -0.121998 0.606654 0.962818
  33 -20.312390 -3.001287 -0.209366 -0.567146 0.067331 -0.820860 0.616438 0.990215
male.bmp
  34 -20.480390 -3.152299 0.003778 -0.988031 0.094398 -0.121998 0.606654 0.962818
  33 -20.427604 -2.983020 -0.085706 -0.851061 -0.048877 -0.522788 0.596869 0.988258
  33 -20.312390 -3.001287 -0.209366 -0.567146 0.067331 -0.820860 0.616438 0.990215
male.bmp
  25 -24.590718 -0.318565 0.015309 -0.458459 -0.801024 -0.384936 0.904110 0.393346
  25 -23.942185 -0.315486 -0.086651 -0.056930 -0.763951 -0.642758 0.908023 0.518591
  24 -23.870894 -0.356985 0.168168 -0.030240 -0.971616 0.234624 0.884540 0.530333
male.bmp
  24 -23.870894 -0.356985 0.168168 -0.030240 -0.971616 0.234624 0.884540 0.530333
  25 -23.942185 -0.315486 -0.086651 -0.056930 -0.763951 -0.642758 0.908023 0.518591
  24 -23.735967 -0.349111 -0.102263 -0.069058 -0.773194 -0.630398 0.904110 0.542074
male.bmp
  25 -23.942185 -0.315486 -0.086651 -0.056930 -0.763951 -0.642758 0.908023 0.518591
  24 -23.733862 -0.061199 -0.187125 -0.030386 0.217187 -0.975657 0.943249 0.534247
  24 -23.735967 -0.349111 -0.102263 -0.069058 -0.773194 -0.630398 0.904110 0.542074
male.bmp
  24 -23.735967 -0.349111 -0.102263 -0.069058 -0.773194 -0.630398 0.904110 0.542074
  24 -23.733862 -0.061199 -0.187125 -0.030386 0.217187 -0.975657 0.943249 0.534247
  24 -22.615507 -0.335263 -0.124118 0.021720 -0.727970 -0.685264 0.908023 0.634051
male.bmp
  24 -23.733862 -0.061199 -0.187125 -0.030386 0.217187 -0.975657 0.943249 0.534247
  24 -22.613401 -0.047350 -0.208980 -0.057862 0.179570 -0.982042 0.943249 0.634051
  24 -22.615507 -0.335263 -0.124118 0.021720 -0.727970 -0.685264 0.908023 0.634051
male.bmp
  24 -22.615507 -0.335263 -0.124118 0.021720 -0.727970 -0.685264 0.908023 0.634051
  24 -22.613401 -0.047350 -0.208980 -0.057862 0.179570 -0.982042 0.943249 0.634051
  23 -22.561811 -0.326737 -0.122973 0.028246 -0.677749 -0.734750 0.906067 0.645793
male.bmp
  24 -22.613401 -0.047350 -0.208980 -0.057862 0.179570 -0.982042 0.943249 0.634051
  23 -22.541342 -0.041636 -0.219403 -0.103591 0.181030 -0.978007 0.943249 0.645793
  23 -22.561811 -0.326737 -0.122973 0.028246 -0.677749 -0.734750 0.906067 0.645793
male.bmp
  34 -20.072714 -3.641872 0.286655 0.633858 -0.238680 0.735701 0.739726 0.915851
  34 -20.273446 -3.589727 0.383028 -0.146430 -0.083821 0.985663 0.772994 0.917808
  34 -20.193687 -3.981537 0.296293 0.272228 -0.607948 0.745849 0.739726 0.872798
male.bmp
  34 -20.072714 -3.641872 0.286655 0.633858 -0.238680 0.735701 0.739726 0.915851
  33 -20.115361 -3.076370 0.404182 0.021459 -0.057611 0.998108 0.776908 0.988258
  34 -20.273446 -3.589727 0.383028 -0.146430 -0.083821 0.985663 0.772994 0.917808
male.bmp
  34 -20.072714 -3.641872 0.286655 0.633858 -0.238680 0.735701 0.739726 0.915851
  34 -19.876361 -3.138167 0.301687 0.682788 -0.237213 0.691036 0.739726 0.990215
  33 -20.115361 -3.076370 0.404182 0.021459 -0.057611 0.998108 0.776908 0.988258
male.bmp
  34 -20.072714 -3.641872 0.286655 0.633858 -0.238680 0.735701 0.739726 0.915851
  34 -19.941029 -3.636529 0.083849 0.893835 -0.433035 0.116362 0.720157 0.927593
  34 -19.876361 -3.138167 0.301687 0.682788 -0.237213 0.691036 0.739726 0.990215
male.bmp
  34 -20.072714 -3.641872 0.286655 0.633858 -0.238680 0.735701 0.739726 0.915851
  34 -19.981578 -3.697213 0.092409 0.883053 -0.443360 0.153784 0.720157 0.919765
  34 -19.941029 -3.636529 0.083849 0.893835 -0.433035 0.116362 0.720157 0.927593
male.bmp
  34 -20.072714 -3.641872 0.286655 0.633858 -0.238680 0.735701 0.739726 0.915851
  34 -20.099264 -4.058978 0.101133 0.653800 -0.740248 0.156774 0.722114 0.864971
  34 -19.981578 -3.697213 0.092409 0.883053 -0.443360 0.153784 0.720157 0.919765
male.bmp
  34 -20.072714 -3.641872 0.286655 0.633858 -0.238680 0.735701 0.739726 0.915851
  34 -20.193687 -3.981537 0.296293 0.272228 -0.607948 0.745849 0.739726 0.872798
  34 -20.099264 -4.058978 0.101133 0.653800 -0.740248 0.156774 0.722114 0.864971
male.bmp
  31 -23.019603 2.548866 0.210392 -0.524005 0.574761 0.628545 0.925636 0.681018
  31 -23.041294 2.387248 0.213413 -0.426214 -0.242153 0.871610 0.956947 0.688845
  31 -22.737050 2.419404 0.212211 0.084258 0.393211 0.915580 0.921722 0.751468
male.bmp
  31 -22.737050 2.419404 0.212211 0.084258 0.393211 0.915580 0.921722 0.751468
  31 -23.041294 2.387248 0.213413 -0.426214 -0.242153 0.871610 0.956947 0.688845
  31 -22.826422 2.300739 0.206613 -0.187021 -0.185069 0.964766 0.949119 0.747554
male.bmp
  31 -23.041294 2.387248 0.213413 -0.426214 -0.242153 0.871610 0.956947 0.688845
  31 -23.031167 2.300848 0.132589 -0.557508 -0.745785 0.364676 0.968689 0.706458
  31 -22.826422 2.300739 0.206613 -0.187021 -0.185069 0.964766 0.949119 0.747554
male.bmp
  31 -22.826422 2.300739 0.206613 -0.187021 -0.185069 0.964766 0.949119 0.747554
  31 -23.031167 2.300848 0.132589 -0.557508 -0.745785 0.364676 0.968689 0.706458
  30 -22.537370 2.151461 0.250370 -0.207935 -0.386145 0.898696 0.949119 0.818004
male.bmp
  31 -23.031167 2.300848 0.132589 -0.557508 -0.745785 0.364676 0.968689 0.706458
  30 -22.519499 2.024829 0.124096 -0.436831 -0.841843 0.316984 0.972603 0.829746
  30 -22.537370 2.151461 0.250370 -0.207935 -0.386145 0.898696 0.949119 0.818004
male.bmp
  30 -22.537370 2.151461 0.250370 -0.207935 -0.386145 0.898696 0.949119 0.818004
  30 -22.519499 2.024829 0.124096 -0.436831 -0.841843 0.316984 0.972603 0.829746
  30 -21.807797 1.797651 0.211106 -0.161854 -0.222647 0.961370 0.951076 0.964775
male.bmp
  30 -22.519499 2.024829 0.124096 -0.436831 -0.841843 0.316984 0.972603 0.829746
  30 -21.853706 1.632189 0.079901 -0.497161 -0.808528 0.314823 0.978474 0.974560
  30 -21.807797 1.797651 0.211106 -0.161854 -0.222647 0.961370 0.951076 0.964775
male.bmp
  28 -23.740575 -1.434185 -0.348564 -0.087950 -0.221235 -0.971247 0.923679 0.414873
  28 -23.289029 -1.482542 -0.252297 0.092570 -0.747396 -0.657899 0.908023 0.518591
  28 -23.853059 -1.613893 -0.204160 -0.229775 -0.857345 -0.460612 0.904110 0.393346
male.bmp
  28 -23.853059 -1.613893 -0.204160 -0.229775 -0.857345 -0.460612 0.904110 0.393346
  28 -23.289029 -1.482542 -0.252297 0.092570 -0.747396 -0.657899 0.908023 0.518591
  27 -23.240962 -1.538410 0.046831 0.162187 -0.955064 0.248090 0.884540 0.530333
male.bmp
  28 -23.289029 -1.482542 -0.252297 0.092570 -0.747396 -0.657899 0.908023 0.518591
  27 -23.109482 -1.470172 -0.274195 0.072440 -0.746493 -0.661439 0.904110 0.542074
  27 -23.240962 -1.538410 0.046831 0.162187 -0.955064 0.248090 0.884540 0.530333
male.bmp
  27 -23.240962 -1.538410 0.046831 0.162187 -0.955064 0.248090 0.884540 0.530333
  27 -23.109482 -1.470172 -0.274195 0.072440 -0.746493 -0.661439 0.904110 0.542074
  27 -22.265240 -1.368191 0.037181 0.040543 -0.948271 0.314862 0.888454 0.628180
male.bmp
  27 -23.109482 -1.470172 -0.274195 0.072440 -0.746493 -0.661439 0.904110 0.542074
  27 -22.198339 -1.330840 -0.259853 0.164755 -0.740202 -0.651887 0.908023 0.634051
  27 -22.265240 -1.368191 0.037181 0.040543 -0.948271 0.314862 0.888454 0.628180
male.bmp
  27 -22.265240 -1.368191 0.037181 0.040543 -0.948271 0.314862 0.888454 0.628180
  27 -22.198339 -1.330840 -0.259853 0.164755 -0.740202 -0.651887 0.908023 0.634051
  26 -22.159362 -1.374602 0.044773 -0.070803 -0.967314 0.243495 0.882583 0.643836
male.bmp
  27 -22.198339 -1.330840 -0.259853 0.164755 -0.740202 -0.651887 0.908023 0.634051
  26 -22.121194 -1.321609 -0.243384 0.234655 -0.756258 -0.610746 0.906067 0.645793
  26 -22.159362 -1.374602 0.044773 -0.070803 -0.967314 0.243495 0.882583 0.643836
male.bmp
  20 -22.306456 0.640770 0.186054 -0.502252 -0.825644 0.257012 0.882583 0.643836
  21 -22.389183 0.682647 0.154082 -0.374327 -0.895734 0.239873 0.888454 0.628180
  21 -22.310634 0.719759 -0.120605 -0.196460 -0.687819 -0.698790 0.908023 0.634051
male.bmp
  21 -22.310634 0.719759 -0.120605 -0.196460 -0.687819 -0.698790 0.908023 0.634051
  21 -22.389183 0.682647 0.154082 -0.374327 -0.895734 0.239873 0.888454 0.628180
  21 -23.320880 0.970120 -0.102629 -0.246121 -0.752306 -0.611113 0.904110 0.542074
male.bmp
  21 -22.389183 0.682647 0.154082 -0.374327 -0.895734 0.239873 0.888454 0.628180
  21 -23.428820 0.977335 0.150347 -0.249961 -0.928589 0.274303 0.884540 0.530333
  21 -23.320880 0.970120 -0.102629 -0.246121 -0.752306 -0.611113 0.904110 0.542074
male.bmp
  21 -23.320880 0.970120 -0.102629 -0.246121 -0.752306 -0.611113 0.904110 0.542074
  21 -23.428820 0.977335 0.150347 -0.249961 -0.928589 0.274303 0.884540 0.530333
  22 -23.476706 1.035796 -0.103201 -0.221580 -0.737831 -0.637579 0.908023 0.518591
male.bmp
  21 -23.428820 0.977335 0.150347 -0.249961 -0.928589 0.274303 0.884540 0.530333
  22 -24.093222 1.174470 -0.039344 -0.610068 -0.676291 -0.412854 0.904110 0.393346
  22 -23.476706 1.035796 -0.103201 -0.221580 -0.737831 -0.637579 0.908023 0.518591
male.bmp
  22 -23.476706 1.035796 -0.103201 -0.221580 -0.737831 -0.637579 0.908023 0.518591
  22 -24.093222 1.174470 -0.039344 -0.610068 -0.676291 -0.412854 0.904110 0.393346
  22 -23.933375 1.260577 -0.186430 -0.212890 -0.169888 -0.962193 0.923679 0.414873
male.bmp
  22 -24.093222 1.174470 -0.039344 -0.610068 -0.676291 -0.412854 0.904110 0.393346
  22 -24.121797 1.340494 -0.085383 -0.805935 0.030063 -0.591240 0.925636 0.385519
  22 -23.933375 1.260577 -0.186430 -0.212890 -0.169888 -0.962193 0.923679 0.414873
male.bmp
  19 -20.867378 1.181913 0.018683 -0.362713 0.371830 0.854507 0.733855 0.291585
  19 -20.983673 0.925393 0.135615 -0.190486 0.677578 0.710354 0.726027 0.268102
  19 -20.482696 1.230495 0.090510 -0.079929 0.606572 0.791001 0.769080 0.299413
male.bmp
  19 -20.482696 1.230495 0.090510 -0.079929 0.606572 0.791001 0.769080 0.299413
  19 -20.983673 0.925393 0.135615 -0.190486 0.677578 0.710354 0.726027 0.268102
  19 -20.543082 0.694467 0.429815 -0.191001 0.400980 0.895954 0.769080 0.250489
male.bmp
  19 -20.983673 0.925393 0.135615 -0.190486 0.677578 0.710354 0.726027 0.268102
  19 -21.140396 0.699871 0.250408 -0.112046 0.188815 0.975600 0.712329 0.246575
  19 -20.543082 0.694467 0.429815 -0.191001 0.400980 0.895954 0.769080 0.250489
male.bmp
  19 -20.543082 0.694467 0.429815 -0.191001 0.400980 0.895954 0.769080 0.250489
  19 -21.140396 0.699871 0.250408 -0.112046 0.188815 0.975600 0.712329 0.246575
  19 -21.114393 0.422620 0.229059 -0.373955 0.105870 0.921384 0.718200 0.223092
male.bmp
  19 -21.140396 0.699871 0.250408 -0.112046 0.188815 0.975600 0.712329 0.246575
  20 -22.239690 0.815422 0.434327 -0.516068 -0.144513 0.844269 0.612524 0.250489
  19 -21.114393 0.422620 0.229059 -0.373955 0.105870 0.921384 0.718200 0.223092
male.bmp
  19 -21.114393 0.422620 0.229059 -0.373955 0.105870 0.921384 0.718200 0.223092
  20 -22.239690 0.815422 0.434327 -0.516068 -0.144513 0.844269 0.612524 0.250489
  20 -21.195219 0.307636 0.324165 -0.681821 0.413597 0.603372 0.702544 0.215264
male.bmp
  20 -22.239690 0.815422 0.434327 -0.516068 -0.144513 0.844269 0.612524 0.250489
  20 -22.298929 0.591876 0.209564 -0.731204 -0.644321 0.224031 0.608611 0.232877
  20 -21.195219 0.307636 0.324165 -0.681821 0.413597 0.603372 0.702544 0.215264
male.bmp
  32 -20.383527 -1.590888 0.052308 -0.891681 -0.241293 -0.382991 0.718200 0.671233
  19 -20.176586 -0.866621 -0.556486 -0.387892 0.057748 -0.919894 0.710372 0.606654
  32 -20.220502 -1.733941 -0.304985 -0.720454 0.004428 -0.693489 0.737769 0.673190
male.bmp
  32 -20.220502 -1.733941 -0.304985 -0.720454 0.004428 -0.693489 0.737769 0.673190
  19 -20.176586 -0.866621 -0.556486 -0.387892 0.057748 -0.919894 0.710372 0.606654
  32 -19.462026 -1.453371 -0.726168 0.029155 -0.110800 -0.993415 0.790607 0.620352
male.bmp
  19 -20.176586 -0.866621 -0.556486 -0.387892 0.057748 -0.919894 0.710372 0.606654
  19 -19.201654 -0.689346 -0.846795 -0.006517 0.025346 -0.999658 0.784736 0.561644
  32 -19.462026 -1.453371 -0.726168 0.029155 -0.110800 -0.993415 0.790607 0.620352
male.bmp
  32 -19.462026 -1.453371 -0.726168 0.029155 -0.110800 -0.993415 0.790607 0.620352
  19 -19.201654 -0.689346 -0.846795 -0.006517 0.025346 -0.999658 0.784736 0.561644
  32 -18.694136 -1.302145 -0.297244 0.516067 -0.528005 -0.674452 0.849315 0.587084
male.bmp
  19 -19.201654 -0.689346 -0.846795 -0.006517 0.025346 -0.999658 0.784736 0.561644
  19 -18.596701 -0.710272 -0.756275 0.176636 -0.368424 -0.912723 0.833659 0.540117
  32 -18.694136 -1.302145 -0.297244 0.516067 -0.528005 -0.674452 0.849315 0.587084
male.bmp
  32 -18.694136 -1.302145 -0.297244 0.516067 -0.528005 -0.674452 0.849315 0.587084
  19 -18.596701 -0.710272 -0.756275 0.176636 -0.368424 -0.912723 0.833659 0.540117
  19 -18.292624 -1.068842 -0.374096 -0.427877 -0.574608 -0.697672 0.874755 0.559687
male.bmp
  19 -18.596701 -0.710272 -0.756275 0.176636 -0.368424 -0.912723 0.833659 0.540117
  19 -18.277039 -0.738214 -0.632828 -0.499058 -0.437559 -0.747986 0.861057 0.530333
  19 -18.292624 -1.068842 -0.374096 -0.427877 -0.574608 -0.697672 0.874755 0.559687
male.bmp
  19 -18.371339 -0.921328 0.673494 -0.816370 -0.323595 0.478358 0.976517 0.115460
  32 -18.652245 -1.286775 0.351608 0.438339 -0.643906 0.627092 0.953033 0.074364
  19 -18.337943 -1.210314 0.243992 -0.649637 -0.694025 0.310324 0.984344 0.090020
male.bmp
  19 -18.337943 -1.210314 0.243992 -0.649637 -0.694025 0.310324 0.984344 0.090020
  32 -18.652245 -1.286775 0.351608 0.438339 -0.643906 0.627092 0.953033 0.074364
  19 -18.317449 -1.279883 0.054676 -0.624183 -0.781265 0.004520 0.986301 0.084149
male.bmp
  32 -18.652245 -1.286775 0.351608 0.438339 -0.643906 0.627092 0.953033 0.074364
  32 -18.651091 -1.403184 0.171198 0.649069 -0.733285 0.202493 0.958904 0.068493
  19 -18.317449 -1.279883 0.054676 -0.624183 -0.781265 0.004520 0.986301 0.084149
male.bmp
  19 -18.317449 -1.279883 0.054676 -0.624183 -0.781265 0.004520 0.986301 0.084149
  32 -18.651091 -1.403184 0.171198 0.649069 -0.733285 0.202493 0.958904 0.068493
  19 -18.293207 -1.219307 -0.194207 -0.489993 -0.778043 -0.393136 0.992172 0.074364
male.bmp
  32 -18.651091 -1.403184 0.171198 0.649069 -0.733285 0.202493 0.958904 0.068493
  32 -18.674573 -1.409609 -0.098074 0.707160 -0.676432 -0.205825 0.966732 0.058708
  19 -18.293207 -1.219307 -0.194207 -0.489993 -0.778043 -0.393136 0.992172 0.074364
male.bmp
  19 -18.293207 -1.219307 -0.194207 -0.489993 -0.778043 -0.393136 0.992172 0.074364
  32 -18.674573 -1.409609 -0.098074 0.707160 -0.676432 -0.205825 0.966732 0.058708
  19 -18.292624 -1.068842 -0.374096 -0.427877 -0.574608 -0.697672 0.996086 0.066536
male.bmp
  32 -18.674573 -1.409609 -0.098074 0.707160 -0.676432 -0.205825 0.966732 0.058708
  32 -18.694136 -1.302145 -0.297244 0.516067 -0.528005 -0.674452 0.972603 0.050881
  19 -18.292624 -1.068842 -0.374096 -0.427877 -0.574608 -0.697672 0.996086 0.066536
male.bmp
  29 -21.620352 1.821882 -0.280140 -0.832016 0.444558 -0.331840 0.504892 0.430528
  29 -21.587195 1.823606 -0.336688 -0.401106 0.439651 -0.803630 0.510763 0.432485
  29 -21.719302 1.581089 -0.285369 -0.717255 -0.290088 -0.633556 0.506849 0.457926
male.bmp
  29 -21.719302 1.581089 -0.285369 -0.717255 -0.290088 -0.633556 0.506849 0.457926
  29 -21.587195 1.823606 -0.336688 -0.401106 0.439651 -0.803630 0.510763 0.432485
  29 -21.068005 1.165639 -0.363553 -0.524831 -0.394009 -0.754526 0.575342 0.469667
male.bmp
  29 -21.587195 1.823606 -0.336688 -0.401106 0.439651 -0.803630 0.510763 0.432485
  29 -20.706267 1.465914 -0.458847 -0.024516 0.350538 -0.936227 0.594912 0.432485
  29 -21.068005 1.165639 -0.363553 -0.524831 -0.394009 -0.754526 0.575342 0.469667
male.bmp
  29 -21.068005 1.165639 -0.363553 -0.524831 -0.394009 -0.754526 0.575342 0.469667
  29 -20.706267 1.465914 -0.458847 -0.024516 0.350538 -0.936227 0.594912 0.432485
  19 -20.604122 0.671482 -0.760583 -0.211168 -0.232810 -0.949320 0.622309 0.495108
male.bmp
  29 -20.706267 1.465914 -0.458847 -0.024516 0.350538 -0.936227 0.594912 0.432485
  19 -20.224114 1.197189 -0.838858 0.008475 0.204855 -0.978756 0.636008 0.438356
  19 -20.604122 0.671482 -0.760583 -0.211168 -0.232810 -0.949320 0.622309 0.495108
male.bmp
  19 -20.604122 0.671482 -0.760583 -0.211168 -0.232810 -0.949320 0.622309 0.495108
  19 -20.224114 1.197189 -0.838858 0.008475 0.204855 -0.978756 0.636008 0.438356
  19 -19.379381 0.741290 -1.018533 -0.000767 0.112125 -0.993694 0.720157 0.448141
male.bmp
  19 -20.224114 1.197189 -0.838858 0.008475 0.204855 -0.978756 0.636008 0.438356
  19 -19.175303 1.115282 -0.764796 0.241802 0.672387 -0.699591 0.726027 0.407045
  19 -19.379381 0.741290 -1.018533 -0.000767 0.112125 -0.993694 0.720157 0.448141
male.bmp
  19 -20.965739 0.994378 -0.092024 -0.734013 0.597993 0.321916 0.567515 0.481409
  20 -21.268278 0.760761 -0.390217 -0.286415 0.286197 -0.914362 0.567515 0.506849
  20 -22.123784 1.242667 -0.015814 -0.378790 0.869393 -0.317292 0.483366 0.493151
male.bmp
  20 -22.123784 1.242667 -0.015814 -0.378790 0.869393 -0.317292 0.483366 0.493151
  20 -21.268278 0.760761 -0.390217 -0.286415 0.286197 -0.914362 0.567515 0.506849
  20 -22.132129 0.976983 -0.263691 -0.566401 0.276913 -0.776214 0.489237 0.518591
male.bmp
  20 -21.268278 0.760761 -0.390217 -0.286415 0.286197 -0.914362 0.567515 0.506849
  20 -21.526478 0.494761 -0.214215 -0.421245 -0.634949 -0.647606 0.561644 0.532290
  20 -22.132129 0.976983 -0.263691 -0.566401 0.276913 -0.776214 0.489237 0.518591
male.bmp
  20 -22.132129 0.976983 -0.263691 -0.566401 0.276913 -0.776214 0.489237 0.518591
  20 -21.526478 0.494761 -0.214215 -0.421245 -0.634949 -0.647606 0.561644 0.532290
  20 -22.204473 0.631150 -0.151595 -0.599391 -0.536956 -0.593640 0.497065 0.549902
male.bmp
  20 -21.526478 0.494761 -0.214215 -0.421245 -0.634949 -0.647606 0.561644 0.532290
  20 -22.298929 0.591876 0.209564 -0.731204 -0.644321 0.224031 0.499022 0.573386
  20 -22.204473 0.631150 -0.151595 -0.599391 -0.536956 -0.593640 0.497065 0.549902
male.bmp
  20 -22.204473 0.631150 -0.151595 -0.599391 -0.536956 -0.593640 0.497065 0.549902
  20 -22.298929 0.591876 0.209564 -0.731204 -0.644321 0.224031 0.499022 0.573386
  20 -22.228988 0.694712 -0.105131 -0.916558 -0.015499 -0.399601 0.491194 0.545988
male.bmp
  20 -22.298929 0.591876 0.209564 -0.731204 -0.644321 0.224031 0.499022 0.573386
  20 -22.306456 0.640770 0.186054 -0.991912 -0.121357 -0.037199 0.493151 0.571429
  20 -22.228988 0.694712 -0.105131 -0.916558 -0.015499 -0.399601 0.491194 0.545988
male.bmp
  19 -18.003197 -0.972475 0.714180 0.501058 -0.463730 0.730681 0.495108 0.076321
  19 -18.020727 -0.252862 0.885209 0.513366 0.045737 0.856950 0.506849 0.156556
  19 -18.044076 -0.252948 0.943987 0.513366 0.045737 0.856950 0.502935 0.156556
male.bmp
  19 -18.044076 -0.252948 0.943987 0.513366 0.045737 0.856950 0.502935 0.156556
  19 -18.020727 -0.252862 0.885209 0.513366 0.045737 0.856950 0.506849 0.156556
  19 -18.030405 0.397555 0.736003 0.468001 0.390734 0.792655 0.512720 0.227006
male.bmp
  19 -18.020727 -0.252862 0.885209 0.513366 0.045737 0.856950 0.506849 0.156556
  19 -18.018251 0.367623 0.696553 0.468001 0.390734 0.792655 0.514677 0.223092
  19 -18.030405 0.397555 0.736003 0.468001 0.390734 0.792655 0.512720 0.227006
male.bmp
  19 -18.030405 0.397555 0.736003 0.468001 0.390734 0.792655 0.512720 0.227006
  19 -18.018251 0.367623 0.696553 0.468001 0.390734 0.792655 0.514677 0.223092
  19 -17.975399 0.888481 0.319629 0.554950 0.669539 0.493709 0.518591 0.273973
male.bmp
  19 -18.018251 0.367623 0.696553 0.468001 0.390734 0.792655 0.514677 0.223092
  19 -17.964429 0.838500 0.300096 0.554950 0.669539 0.493709 0.522505 0.268102
  19 -17.975399 0.888481 0.319629 0.554950 0.669539 0.493709 0.518591 0.273973
male.bmp
  19 -17.975399 0.888481 0.319629 0.554950 0.669539 0.493709 0.518591 0.273973
  19 -17.964429 0.838500 0.300096 0.554950 0.669539 0.493709 0.522505 0.268102
  19 -17.907716 1.079990 -0.337138 0.584525 0.811150 0.019145 0.524462 0.320939
male.bmp
  19 -17.964429 0.838500 0.300096 0.554950 0.669539 0.493709 0.522505 0.268102
  19 -17.898409 1.039937 -0.326694 0.588362 0.806804 0.053819 0.526419 0.317025
  19 -17.907716 1.079990 -0.337138 0.584525 0.811150 0.019145 0.524462 0.320939
male.bmp
  19 -18.375961 -0.961522 0.753263 -0.685219 -0.413191 0.599791 0.452055 0.086106
  19 -18.401699 -0.211808 0.893853 -0.747175 0.044607 0.663129 0.461840 0.168297
  19 -18.386107 -0.221595 0.794551 -0.846868 -0.019549 0.531444 0.455969 0.168297
male.bmp
  19 -18.386107 -0.221595 0.794551 -0.846868 -0.019549 0.531444 0.455969 0.168297
  19 -18.401699 -0.211808 0.893853 -0.747175 0.044607 0.663129 0.461840 0.168297
  19 -18.395955 0.368824 0.645189 -0.716776 0.342501 0.607392 0.463796 0.232877
male.bmp
  19 -18.401699 -0.211808 0.893853 -0.747175 0.044607 0.663129 0.461840 0.168297
  19 -18.387577 0.398721 0.675782 -0.700398 0.390393 0.597524 0.471624 0.232877
  19 -18.395955 0.368824 0.645189 -0.716776 0.342501 0.607392 0.463796 0.232877
male.bmp
  19 -18.395955 0.368824 0.645189 -0.716776 0.342501 0.607392 0.463796 0.232877
  19 -18.387577 0.398721 0.675782 -0.700398 0.390393 0.597524 0.471624 0.232877
  19 -18.331642 0.819696 0.239259 -0.725568 0.588976 0.355891 0.471624 0.279843
male.bmp
  19 -18.387577 0.398721 0.675782 -0.700398 0.390393 0.597524 0.471624 0.232877
  19 -18.343654 0.899628 0.278839 -0.676108 0.641521 0.362393 0.477495 0.279843
  19 -18.331642 0.819696 0.239259 -0.725568 0.588976 0.355891 0.471624 0.279843
male.bmp
  19 -18.331642 0.819696 0.239259 -0.725568 0.588976 0.355891 0.471624 0.279843
  19 -18.343654 0.899628 0.278839 -0.676108 0.641521 0.362393 0.477495 0.279843
  19 -18.279522 1.030992 -0.318179 -0.707279 0.704792 -0.054999 0.475538 0.334638
male.bmp
  19 -18.343654 0.899628 0.278839 -0.676108 0.641521 0.362393 0.477495 0.279843
  19 -18.278169 1.111040 -0.337940 -0.600842 0.797788 -0.050225 0.483366 0.336595
  19 -18.279522 1.030992 -0.318179 -0.707279 0.704792 -0.054999 0.475538 0.334638
male.bmp
  19 -17.583635 -1.371364 -0.174558 0.014606 -0.897084 -0.441618 0.303327 0.943249
  19 -17.904401 -1.080048 -0.332178 0.551841 -0.613804 -0.564549 0.279843 0.892368
  19 -17.580149 -1.190778 -0.404289 0.007423 -0.729498 -0.683942 0.281800 0.943249
male.bmp
  19 -17.580149 -1.190778 -0.404289 0.007423 -0.729498 -0.683942 0.281800 0.943249
  19 -17.904401 -1.080048 -0.332178 0.551841 -0.613804 -0.564549 0.279843 0.892368
  19 -17.544681 -0.890209 -0.661972 0.017921 -0.541384 -0.840585 0.244618 0.943249
male.bmp
  19 -17.904401 -1.080048 -0.332178 0.551841 -0.613804 -0.564549 0.279843 0.892368
  19 -17.888872 -0.769420 -0.590963 0.606546 -0.420642 -0.674657 0.238748 0.892368
  19 -17.544681 -0.890209 -0.661972 0.017921 -0.541384 -0.840585 0.244618 0.943249
male.bmp
  19 -17.544681 -0.890209 -0.661972 0.017921 -0.541384 -0.840585 0.244618 0.943249
  19 -17.888872 -0.769420 -0.590963 0.606546 -0.420642 -0.674657 0.238748 0.892368
  19 -17.524100 -0.529830 -0.830207 0.162942 0.225939 -0.960417 0.205479 0.943249
male.bmp
  19 -17.888872 -0.769420 -0.590963 0.606546 -0.420642 -0.674657 0.238748 0.892368
  19 -17.878782 -0.389035 -0.749725 0.781423 -0.137872 -0.608580 0.197652 0.894325
  19 -17.524100 -0.529830 -0.830207 0.162942 0.225939 -0.960417 0.205479 0.943249
male.bmp
  19 -17.524100 -0.529830 -0.830207 0.162942 0.225939 -0.960417 0.205479 0.943249
  19 -17.878782 -0.389035 -0.749725 0.781423 -0.137872 -0.608580 0.197652 0.894325
  19 -17.823837 -0.349431 -0.656384 0.763784 0.067232 0.641961 0.197652 0.915851
male.bmp
  19 -17.878782 -0.389035 -0.749725 0.781423 -0.137872 -0.608580 0.197652 0.894325
  19 -17.474628 -0.290028 -0.806800 0.666566 -0.480157 0.570210 0.195695 0.945205
  19 -17.823837 -0.349431 -0.656384 0.763784 0.067232 0.641961 0.197652 0.915851
male.bmp
  13 21.685516 1.876003 -0.270784 -0.023958 0.325444 -0.945258 0.943249 0.634051
  12 21.623994 1.836473 -0.282722 -0.023562 0.289257 -0.956961 0.943249 0.645793
  12 21.591293 2.003946 -0.086807 -0.398807 0.759382 -0.514094 0.974560 0.639922
male.bmp
  13 21.685516 1.876003 -0.270784 -0.023958 0.325444 -0.945258 0.943249 0.634051
  12 21.742012 1.643833 -0.234124 0.600141 -0.384543 -0.701397 0.906067 0.645793
  12 21.623994 1.836473 -0.282722 -0.023562 0.289257 -0.956961 0.943249 0.645793
male.bmp
  13 21.685516 1.876003 -0.270784 -0.023958 0.325444 -0.945258 0.943249 0.634051
  13 21.791734 1.683043 -0.203077 0.547217 -0.547618 -0.632984 0.908023 0.634051
  12 21.742012 1.643833 -0.234124 0.600141 -0.384543 -0.701397 0.906067 0.645793
male.bmp
  13 21.685516 1.876003 -0.270784 -0.023958 0.325444 -0.945258 0.943249 0.634051
  13 22.409870 2.235551 -0.184549 0.035301 0.276453 -0.960379 0.943249 0.534247
  13 21.791734 1.683043 -0.203077 0.547217 -0.547618 -0.632984 0.908023 0.634051
male.bmp
  13 21.685516 1.876003 -0.270784 -0.023958 0.325444 -0.945258 0.943249 0.634051
  13 21.648416 2.054777 -0.067897 -0.385232 0.809642 -0.442805 0.972603 0.628180
  13 22.409870 2.235551 -0.184549 0.035301 0.276453 -0.960379 0.943249 0.534247
male.bmp
  13 21.685516 1.876003 -0.270784 -0.023958 0.325444 -0.945258 0.943249 0.634051
  12 21.591293 2.003946 -0.086807 -0.398807 0.759382 -0.514094 0.974560 0.639922
  13 21.648416 2.054777 -0.067897 -0.385232 0.809642 -0.442805 0.972603 0.628180
male.bmp
  5 23.751138 1.546272 0.178130 -0.123940 0.888944 0.440928 0.896282 0.747554
  4 23.370497 1.340307 0.372170 0.003614 0.322538 0.946550 0.921722 0.814090
  5 23.763793 1.388176 0.286504 0.041229 0.354621 0.934101 0.921722 0.751468
male.bmp
  5 23.751138 1.546272 0.178130 -0.123940 0.888944 0.440928 0.896282 0.747554
  4 23.303821 1.463114 0.229787 -0.163697 0.892143 0.421051 0.894325 0.814090
  4 23.370497 1.340307 0.372170 0.003614 0.322538 0.946550 0.921722 0.814090
male.bmp
  5 23.751138 1.546272 0.178130 -0.123940 0.888944 0.440928 0.896282 0.747554
  4 23.256003 1.465770 0.029023 -0.179743 0.925100 -0.334488 0.878669 0.825832
  4 23.303821 1.463114 0.229787 -0.163697 0.892143 0.421051 0.894325 0.814090
male.bmp
  5 23.751138 1.546272 0.178130 -0.123940 0.888944 0.440928 0.896282 0.747554
  5 24.025797 1.594088 0.094010 0.094598 0.952080 -0.290853 0.882583 0.690802
  4 23.256003 1.465770 0.029023 -0.179743 0.925100 -0.334488 0.878669 0.825832
male.bmp
  5 23.751138 1.546272 0.178130 -0.123940 0.888944 0.440928 0.896282 0.747554
  5 24.062216 1.585416 0.212747 0.181636 0.869016 0.460238 0.894325 0.694716
  5 24.025797 1.594088 0.094010 0.094598 0.952080 -0.290853 0.882583 0.690802
male.bmp
  5 23.751138 1.546272 0.178130 -0.123940 0.888944 0.440928 0.896282 0.747554
  5 23.763793 1.388176 0.286504 0.041229 0.354621 0.934101 0.921722 0.751468
  5 24.062216 1.585416 0.212747 0.181636 0.869016 0.460238 0.894325 0.694716
male.bmp
  16 19.910568 -2.759352 -0.400081 -0.157134 -0.206359 -0.965777 0.782779 0.724070
  16 19.646110 -2.769356 -0.186162 -0.744839 -0.456843 -0.486322 0.759295 0.727984
  16 19.784409 -2.305562 -0.485273 -0.028129 -0.245249 -0.969052 0.784736 0.772994
male.bmp
  16 19.910568 -2.759352 -0.400081 -0.157134 -0.206359 -0.965777 0.782779 0.724070
  16 20.004402 -3.139079 -0.344377 0.085902 -0.812150 -0.577090 0.782779 0.684932
  16 19.646110 -2.769356 -0.186162 -0.744839 -0.456843 -0.486322 0.759295 0.727984
male.bmp
  16 19.910568 -2.759352 -0.400081 -0.157134 -0.206359 -0.965777 0.782779 0.724070
  16 20.429177 -2.968539 -0.191790 0.716568 -0.488882 -0.497518 0.829746 0.686888
  16 20.004402 -3.139079 -0.344377 0.085902 -0.812150 -0.577090 0.782779 0.684932
male.bmp
  16 19.910568 -2.759352 -0.400081 -0.157134 -0.206359 -0.965777 0.782779 0.724070
  16 20.322316 -2.613619 -0.258215 0.652424 0.030154 -0.757254 0.829746 0.724070
  16 20.429177 -2.968539 -0.191790 0.716568 -0.488882 -0.497518 0.829746 0.686888
male.bmp
  16 19.910568 -2.759352 -0.400081 -0.157134 -0.206359 -0.965777 0.782779 0.724070
  16 20.267071 -2.086017 -0.320538 0.693516 0.035683 -0.719557 0.839530 0.776908
  16 20.322316 -2.613619 -0.258215 0.652424 0.030154 -0.757254 0.829746 0.724070
male.bmp
  16 19.910568 -2.759352 -0.400081 -0.157134 -0.206359 -0.965777 0.782779 0.724070
  16 19.784409 -2.305562 -0.485273 -0.028129 -0.245249 -0.969052 0.784736 0.772994
  16 20.267071 -2.086017 -0.320538 0.693516 0.035683 -0.719557 0.839530 0.776908
male.bmp
  3 21.381650 0.203832 -0.190542 0.855654 0.053966 -0.514727 0.579256 0.559687
  6 21.530938 -0.047689 -0.421562 0.231411 0.211397 -0.949611 0.577299 0.583170
  2 20.867046 0.084837 -0.539534 0.133585 -0.231032 -0.963732 0.622309 0.551859
male.bmp
  2 20.867046 0.084837 -0.539534 0.133585 -0.231032 -0.963732 0.622309 0.551859
  6 21.530938 -0.047689 -0.421562 0.231411 0.211397 -0.949611 0.577299 0.583170
  6 21.537190 -0.419336 -0.301401 0.242025 -0.745921 -0.620504 0.589041 0.614481
male.bmp
  6 21.530938 -0.047689 -0.421562 0.231411 0.211397 -0.949611 0.577299 0.583170
  6 22.517355 -0.023315 -0.326758 0.503796 0.184325 -0.843928 0.502935 0.610568
  6 21.537190 -0.419336 -0.301401 0.242025 -0.745921 -0.620504 0.589041 0.614481
male.bmp
  6 21.537190 -0.419336 -0.301401 0.242025 -0.745921 -0.620504 0.589041 0.614481
  6 22.517355 -0.023315 -0.326758 0.503796 0.184325 -0.843928 0.502935 0.610568
  6 22.525289 -0.346995 -0.220606 0.480202 -0.595208 -0.644308 0.514677 0.639922
male.bmp
  6 22.517355 -0.023315 -0.326758 0.503796 0.184325 -0.843928 0.502935 0.610568
  6 22.542771 -0.035666 -0.258923 0.926015 -0.018930 -0.377013 0.500978 0.614481
  6 22.525289 -0.346995 -0.220606 0.480202 -0.595208 -0.644308 0.514677 0.639922
male.bmp
  6 22.525289 -0.346995 -0.220606 0.480202 -0.595208 -0.644308 0.514677 0.639922
  6 22.542771 -0.035666 -0.258923 0.926015 -0.018930 -0.377013 0.500978 0.614481
  6 22.562027 -0.321130 -0.163324 0.837336 -0.405908 -0.366207 0.508806 0.639922
male.bmp
  6 21.331751 -0.623269 -0.274827 0.809585 -0.215985 -0.545823 0.612524 0.624266
  9 21.385440 -0.895853 -0.361172 0.178328 0.198239 -0.963795 0.614481 0.647750
  2 20.869171 -0.560238 -0.394367 0.146470 -0.160349 -0.976133 0.643836 0.606654
male.bmp
  2 20.869171 -0.560238 -0.394367 0.146470 -0.160349 -0.976133 0.643836 0.606654
  9 21.385440 -0.895853 -0.361172 0.178328 0.198239 -0.963795 0.614481 0.647750
  9 21.185183 -1.268212 -0.299162 0.022247 -0.722447 -0.691069 0.643836 0.673190
male.bmp
  9 21.385440 -0.895853 -0.361172 0.178328 0.198239 -0.963795 0.614481 0.647750
  9 22.164173 -0.981674 -0.404872 0.314879 0.164331 -0.934798 0.553816 0.681018
  9 21.185183 -1.268212 -0.299162 0.022247 -0.722447 -0.691069 0.643836 0.673190
male.bmp
  9 21.185183 -1.268212 -0.299162 0.022247 -0.722447 -0.691069 0.643836 0.673190
  9 22.164173 -0.981674 -0.404872 0.314879 0.164331 -0.934798 0.553816 0.681018
  9 22.058505 -1.343303 -0.266457 0.168228 -0.772931 -0.611782 0.575342 0.708415
male.bmp
  9 22.164173 -0.981674 -0.404872 0.314879 0.164331 -0.934798 0.553816 0.681018
  9 22.198465 -1.014130 -0.361620 0.627749 -0.094654 -0.772640 0.551859 0.684932
  9 22.058505 -1.343303 -0.266457 0.168228 -0.772931 -0.611782 0.575342 0.708415
male.bmp
  9 22.058505 -1.343303 -0.266457 0.168228 -0.772931 -0.611782 0.575342 0.708415
  9 22.198465 -1.014130 -0.361620 0.627749 -0.094654 -0.772640 0.551859 0.684932
  9 22.116164 -1.312267 -0.251888 0.488121 -0.651213 -0.581085 0.569472 0.708415
male.bmp
  2 18.752786 0.476153 0.599317 -0.045950 0.458592 0.887458 0.935421 0.236791
  2 18.826161 -0.116778 0.742317 0.090352 0.059206 0.994148 0.931507 0.183953
  2 19.086808 0.534076 0.607958 -0.002833 0.388507 0.921441 0.904110 0.240705
male.bmp
  2 18.752786 0.476153 0.599317 -0.045950 0.458592 0.887458 0.935421 0.236791
  2 18.403404 -0.197280 0.812309 0.858412 -0.025132 0.512345 0.970646 0.178082
  2 18.826161 -0.116778 0.742317 0.090352 0.059206 0.994148 0.931507 0.183953
male.bmp
  2 18.752786 0.476153 0.599317 -0.045950 0.458592 0.887458 0.935421 0.236791
  2 18.412576 0.393684 0.654898 0.732107 0.337532 0.591686 0.966732 0.228963
  2 18.403404 -0.197280 0.812309 0.858412 -0.025132 0.512345 0.970646 0.178082
male.bmp
  2 18.752786 0.476153 0.599317 -0.045950 0.458592 0.887458 0.935421 0.236791
  2 18.341808 0.836414 0.252055 0.736670 0.584335 0.340396 0.964775 0.264188
  2 18.412576 0.393684 0.654898 0.732107 0.337532 0.591686 0.966732 0.228963
male.bmp
  2 18.752786 0.476153 0.599317 -0.045950 0.458592 0.887458 0.935421 0.236791
  2 18.672194 0.929353 0.225399 -0.213999 0.757286 0.617027 0.935421 0.272016
  2 18.341808 0.836414 0.252055 0.736670 0.584335 0.340396 0.964775 0.264188
male.bmp
  2 18.752786 0.476153 0.599317 -0.045950 0.458592 0.887458 0.935421 0.236791
  2 19.086808 0.534076 0.607958 -0.002833 0.388507 0.921441 0.904110 0.240705
  2 18.672194 0.929353 0.225399 -0.213999 0.757286 0.617027 0.935421 0.272016
male.bmp
  2 17.478779 1.112322 -0.269917 -0.173010 0.984765 -0.017483 0.021526 0.947162
  2 17.897321 1.061236 -0.303270 -0.582398 0.810048 0.068075 0.025440 0.890411
  2 17.460504 1.053802 -0.499573 -0.183419 0.878790 -0.440551 0.039139 0.947162
male.bmp
  2 17.460504 1.053802 -0.499573 -0.183419 0.878790 -0.440551 0.039139 0.947162
  2 17.897321 1.061236 -0.303270 -0.582398 0.810048 0.068075 0.025440 0.890411
  2 17.881406 1.002525 -0.503019 -0.629562 0.694295 -0.348722 0.043053 0.890411
male.bmp
  2 17.897321 1.061236 -0.303270 -0.582398 0.810048 0.068075 0.025440 0.890411
  2 17.889894 1.032627 -0.523557 -0.604615 0.702888 -0.374686 0.039139 0.884540
  2 17.881406 1.002525 -0.503019 -0.629562 0.694295 -0.348722 0.043053 0.890411
male.bmp
  2 17.881406 1.002525 -0.503019 -0.629562 0.694295 -0.348722 0.043053 0.890411
  2 17.889894 1.032627 -0.523557 -0.604615 0.702888 -0.374686 0.039139 0.884540
  2 17.868358 0.853558 -0.663451 -0.623579 0.530642 -0.574080 0.060665 0.890411
male.bmp
  2 17.889894 1.032627 -0.523557 -0.604615 0.702888 -0.374686 0.039139 0.884540
  2 17.876060 0.883723 -0.693958 -0.623579 0.530642 -0.574080 0.058708 0.884540
  2 17.868358 0.853558 -0.663451 -0.623579 0.530642 -0.574080 0.060665 0.890411
male.bmp
  2 17.868358 0.853558 -0.663451 -0.623579 0.530642 -0.574080 0.060665 0.890411
  2 17.876060 0.883723 -0.693958 -0.623579 0.530642 -0.574080 0.058708 0.884540
  2 17.854402 0.664655 -0.834101 -0.684085 0.279401 -0.673768 0.082192 0.886497
male.bmp
  2 17.860696 -0.356093 -0.720807 -0.795600 -0.132539 -0.591147 0.197652 0.894325
  2 17.489475 -0.274134 -0.851490 -0.137696 -0.627456 -0.766380 0.181996 0.947162
  2 17.470091 0.416029 -0.865571 -0.141139 0.058429 -0.988264 0.101761 0.945205
male.bmp
  2 17.860696 -0.356093 -0.720807 -0.795600 -0.132539 -0.591147 0.197652 0.894325
  2 17.441234 -0.264134 -0.827557 -0.791512 -0.537487 -0.290887 0.187867 0.949119
  2 17.489475 -0.274134 -0.851490 -0.137696 -0.627456 -0.766380 0.181996 0.947162
male.bmp
  2 17.860696 -0.356093 -0.720807 -0.795600 -0.132539 -0.591147 0.197652 0.894325
  2 17.455166 -0.254482 -0.778437 -0.656373 -0.477243 0.584306 0.195695 0.945205
  2 17.441234 -0.264134 -0.827557 -0.791512 -0.537487 -0.290887 0.187867 0.949119
male.bmp
  2 17.860696 -0.356093 -0.720807 -0.795600 -0.132539 -0.591147 0.197652 0.894325
  2 17.807297 -0.316452 -0.636088 -0.748851 0.070578 0.658970 0.197652 0.915851
  2 17.455166 -0.254482 -0.778437 -0.656373 -0.477243 0.584306 0.195695 0.945205
male.bmp
  2 17.860696 -0.356093 -0.720807 -0.795600 -0.132539 -0.591147 0.197652 0.894325
  2 17.503454 -0.504541 -0.793891 -0.183084 0.228303 -0.956221 0.205479 0.943249
  2 17.807297 -0.316452 -0.636088 -0.748851 0.070578 0.658970 0.197652 0.915851
male.bmp
  2 17.860696 -0.356093 -0.720807 -0.795600 -0.132539 -0.591147 0.197652 0.894325
  2 17.872109 -0.737112 -0.563665 -0.623860 -0.416189 -0.661503 0.238748 0.892368
  2 17.503454 -0.504541 -0.793891 -0.183084 0.228303 -0.956221 0.205479 0.943249
male.bmp
  2 17.946010 -1.351715 0.138759 -0.618780 -0.781394 0.080834 0.326810 0.886497
  2 17.982651 -1.293119 0.346904 -0.555142 -0.717587 0.420579 0.340509 0.884540
  2 17.937044 -1.281755 0.149950 -0.551597 -0.826835 0.109930 0.322896 0.892368
male.bmp
  2 17.946010 -1.351715 0.138759 -0.618780 -0.781394 0.080834 0.326810 0.886497
  2 18.326846 -1.293638 0.259555 0.707699 -0.673425 0.213684 0.340509 0.839530
  2 17.982651 -1.293119 0.346904 -0.555142 -0.717587 0.420579 0.340509 0.884540
male.bmp
  2 17.946010 -1.351715 0.138759 -0.618780 -0.781394 0.080834 0.326810 0.886497
  2 18.300961 -1.352325 0.060593 0.603989 -0.791678 -0.091881 0.326810 0.839530
  2 18.326846 -1.293638 0.259555 0.707699 -0.673425 0.213684 0.340509 0.839530
male.bmp
  2 17.946010 -1.351715 0.138759 -0.618780 -0.781394 0.080834 0.326810 0.886497
  2 17.913510 -1.259827 -0.148991 -0.684952 -0.672771 -0.279677 0.303327 0.886497
  2 18.300961 -1.352325 0.060593 0.603989 -0.791678 -0.091881 0.326810 0.839530
male.bmp
  2 17.946010 -1.351715 0.138759 -0.618780 -0.781394 0.080834 0.326810 0.886497
  2 17.906054 -1.209995 -0.117987 -0.589273 -0.741094 -0.321773 0.299413 0.892368
  2 17.913510 -1.259827 -0.148991 -0.684952 -0.672771 -0.279677 0.303327 0.886497
male.bmp
  2 17.946010 -1.351715 0.138759 -0.618780 -0.781394 0.080834 0.326810 0.886497
  2 17.937044 -1.281755 0.149950 -0.551597 -0.826835 0.109930 0.322896 0.892368
  2 17.906054 -1.209995 -0.117987 -0.589273 -0.741094 -0.321773 0.299413 0.892368
male.bmp
  24 -23.861025 -0.224966 0.368852 -0.004847 -0.509690 0.860344 0.949119 0.818004
  25 -24.297015 -0.216098 0.346729 0.018238 -0.338080 0.940941 0.949119 0.747554
  25 -24.556712 -0.327454 0.267628 -0.150573 -0.943521 0.295122 0.968689 0.706458
male.bmp
  24 -23.861025 -0.224966 0.368852 -0.004847 -0.509690 0.860344 0.949119 0.818004
  24 -23.861417 -0.039317 0.397726 -0.013864 0.251349 0.967797 0.921722 0.814090
  25 -24.297015 -0.216098 0.346729 0.018238 -0.338080 0.940941 0.949119 0.747554
male.bmp
  24 -23.861025 -0.224966 0.368852 -0.004847 -0.509690 0.860344 0.949119 0.818004
  24 -22.721122 -0.191714 0.340251 0.020071 -0.347434 0.937490 0.951076 0.964775
  24 -23.861417 -0.039317 0.397726 -0.013864 0.251349 0.967797 0.921722 0.814090
male.bmp
  24 -23.861025 -0.224966 0.368852 -0.004847 -0.509690 0.860344 0.949119 0.818004
  24 -22.708398 -0.419449 0.166542 -0.051205 -0.955370 0.290941 0.978474 0.974560
  24 -22.721122 -0.191714 0.340251 0.020071 -0.347434 0.937490 0.951076 0.964775
male.bmp
  24 -23.861025 -0.224966 0.368852 -0.004847 -0.509690 0.860344 0.949119 0.818004
  24 -23.870894 -0.356985 0.168168 -0.030240 -0.971616 0.234624 0.972603 0.829746
  24 -22.708398 -0.419449 0.166542 -0.051205 -0.955370 0.290941 0.978474 0.974560
male.bmp
  24 -23.861025 -0.224966 0.368852 -0.004847 -0.509690 0.860344 0.949119 0.818004
  25 -24.556712 -0.327454 0.267628 -0.150573 -0.943521 0.295122 0.968689 0.706458
  24 -23.870894 -0.356985 0.168168 -0.030240 -0.971616 0.234624 0.972603 0.829746
male.bmp
  26 -22.205057 -1.014803 -0.363952 0.036479 0.164082 -0.985772 0.943249 0.645793
  27 -22.284281 -1.021904 -0.360215 -0.028824 0.252607 -0.967139 0.943249 0.634051
  26 -22.324565 -0.770495 -0.114489 -0.341593 0.865575 -0.366190 0.974560 0.639922
male.bmp
  26 -22.324565 -0.770495 -0.114489 -0.341593 0.865575 -0.366190 0.974560 0.639922
  27 -22.284281 -1.021904 -0.360215 -0.028824 0.252607 -0.967139 0.943249 0.634051
  27 -22.405576 -0.796960 -0.096989 -0.270435 0.934491 -0.231497 0.972603 0.628180
male.bmp
  27 -22.284281 -1.021904 -0.360215 -0.028824 0.252607 -0.967139 0.943249 0.634051
  27 -23.167775 -1.196092 -0.370018 -0.118806 0.246055 -0.961947 0.943249 0.534247
  27 -22.405576 -0.796960 -0.096989 -0.270435 0.934491 -0.231497 0.972603 0.628180
male.bmp
  27 -22.405576 -0.796960 -0.096989 -0.270435 0.934491 -0.231497 0.972603 0.628180
  27 -23.167775 -1.196092 -0.370018 -0.118806 0.246055 -0.961947 0.943249 0.534247
  27 -23.351634 -1.011750 -0.081550 -0.270435 0.934491 -0.231497 0.970646 0.524462
male.bmp
  27 -23.167775 -1.196092 -0.370018 -0.118806 0.246055 -0.961947 0.943249 0.534247
  28 -23.355313 -1.218937 -0.336671 -0.130289 0.343789 -0.929964 0.941292 0.510763
  27 -23.351634 -1.011750 -0.081550 -0.270435 0.934491 -0.231497 0.970646 0.524462
male.bmp
  27 -23.351634 -1.011750 -0.081550 -0.270435 0.934491 -0.231497 0.970646 0.524462
  28 -23.355313 -1.218937 -0.336671 -0.130289 0.343789 -0.929964 0.941292 0.510763
  28 -23.907533 -1.358007 -0.287556 -0.492916 0.364667 -0.789970 0.941292 0.395303
male.bmp
  20 -22.141954 0.979783 -0.190920 0.229686 0.219425 -0.948207 0.943249 0.645793
  21 -22.237117 0.998426 -0.203913 0.112394 0.216259 -0.969845 0.943249 0.634051
  20 -22.147728 1.192261 0.010375 0.175856 0.917203 -0.357509 0.974560 0.639922
male.bmp
  20 -22.147728 1.192261 0.010375 0.175856 0.917203 -0.357509 0.974560 0.639922
  21 -22.237117 0.998426 -0.203913 0.112394 0.216259 -0.969845 0.943249 0.634051
  21 -22.220449 1.204674 -0.003453 0.181168 0.907954 -0.377886 0.972603 0.628180
male.bmp
  21 -22.237117 0.998426 -0.203913 0.112394 0.216259 -0.969845 0.943249 0.634051
  21 -23.272546 1.229668 -0.200090 -0.001964 0.231011 -0.972949 0.943249 0.534247
  21 -22.220449 1.204674 -0.003453 0.181168 0.907954 -0.377886 0.972603 0.628180
male.bmp
  21 -22.220449 1.204674 -0.003453 0.181168 0.907954 -0.377886 0.972603 0.628180
  21 -23.272546 1.229668 -0.200090 -0.001964 0.231011 -0.972949 0.943249 0.534247
  21 -23.254964 1.441417 0.019576 0.177378 0.925615 -0.334325 0.970646 0.524462
male.bmp
  21 -23.272546 1.229668 -0.200090 -0.001964 0.231011 -0.972949 0.943249 0.534247
  22 -23.412993 1.277307 -0.175401 0.014602 0.307400 -0.951468 0.941292 0.510763
  21 -23.254964 1.441417 0.019576 0.177378 0.925615 -0.334325 0.970646 0.524462
male.bmp
  21 -23.254964 1.441417 0.019576 0.177378 0.925615 -0.334325 0.970646 0.524462
  22 -23.412993 1.277307 -0.175401 0.014602 0.307400 -0.951468 0.941292 0.510763
  22 -24.049351 1.418208 -0.121607 -0.366336 0.512374 -0.776705 0.941292 0.395303
male.bmp
  33 -19.315150 -2.368188 -0.229330 0.706749 -0.573351 -0.414458 0.737769 0.780822
  33 -19.660446 -2.796365 -0.185350 0.733441 -0.475209 -0.486046 0.759295 0.727984
  33 -19.785502 -2.318674 -0.475130 0.028929 -0.232617 -0.972138 0.784736 0.772994
male.bmp
  33 -19.785502 -2.318674 -0.475130 0.028929 -0.232617 -0.972138 0.784736 0.772994
  33 -19.660446 -2.796365 -0.185350 0.733441 -0.475209 -0.486046 0.759295 0.727984
  33 -19.921600 -2.779788 -0.407665 0.159147 -0.198200 -0.967155 0.782779 0.724070
male.bmp
  33 -19.660446 -2.796365 -0.185350 0.733441 -0.475209 -0.486046 0.759295 0.727984
  33 -20.033247 -3.143872 -0.349542 -0.108003 -0.800676 -0.589283 0.782779 0.684932
  33 -19.921600 -2.779788 -0.407665 0.159147 -0.198200 -0.967155 0.782779 0.724070
male.bmp
  33 -19.921600 -2.779788 -0.407665 0.159147 -0.198200 -0.967155 0.782779 0.724070
  33 -20.033247 -3.143872 -0.349542 -0.108003 -0.800676 -0.589283 0.782779 0.684932
  33 -20.447976 -2.966694 -0.204946 -0.728038 -0.457213 -0.510800 0.829746 0.686888
male.bmp
  33 -20.033247 -3.143872 -0.349542 -0.108003 -0.800676 -0.589283 0.782779 0.684932
  33 -20.312390 -3.001287 -0.209366 -0.203586 -0.898478 0.388960 0.782779 0.681018
  33 -20.447976 -2.966694 -0.204946 -0.728038 -0.457213 -0.510800 0.829746 0.686888
male.bmp
  33 -20.447976 -2.966694 -0.204946 -0.728038 -0.457213 -0.510800 0.829746 0.686888
  33 -20.312390 -3.001287 -0.209366 -0.203586 -0.898478 0.388960 0.782779 0.681018
  33 -20.427604 -2.983020 -0.085706 -0.561137 -0.825856 -0.055556 0.829746 0.681018
male.bmp
  33 -19.315150 -2.368188 -0.229330 0.706749 -0.573351 -0.414458 0.604697 0.892368
  33 -19.313935 -2.338345 -0.108881 0.806971 -0.590182 0.021997 0.596869 0.888454
  33 -19.642915 -2.780871 -0.085588 0.806341 -0.534960 -0.252255 0.573386 0.933464
male.bmp
  33 -19.642915 -2.780871 -0.085588 0.806341 -0.534960 -0.252255 0.573386 0.933464
  33 -19.313935 -2.338345 -0.108881 0.806971 -0.590182 0.021997 0.596869 0.888454
  33 -19.618965 -2.818481 -0.006772 0.858376 -0.478799 -0.184232 0.567515 0.933464
male.bmp
  33 -19.313935 -2.338345 -0.108881 0.806971 -0.590182 0.021997 0.596869 0.888454
  33 -19.313801 -2.349305 -0.018994 0.816180 -0.570892 0.089069 0.590998 0.886497
  33 -19.618965 -2.818481 -0.006772 0.858376 -0.478799 -0.184232 0.567515 0.933464
male.bmp
  33 -19.618965 -2.818481 -0.006772 0.858376 -0.478799 -0.184232 0.567515 0.933464
  33 -19.313801 -2.349305 -0.018994 0.816180 -0.570892 0.089069 0.590998 0.886497
  33 -19.591248 -2.764372 0.103247 0.834199 -0.464793 0.296781 0.559687 0.933464
male.bmp
  33 -19.313801 -2.349305 -0.018994 0.816180 -0.570892 0.089069 0.590998 0.886497
  33 -19.312085 -2.278378 0.112027 0.744731 -0.573548 0.341203 0.583170 0.882583
  33 -19.591248 -2.764372 0.103247 0.834199 -0.464793 0.296781 0.559687 0.933464
male.bmp
  33 -19.591248 -2.764372 0.103247 0.834199 -0.464793 0.296781 0.559687 0.933464
  33 -19.312085 -2.278378 0.112027 0.744731 -0.573548 0.341203 0.583170 0.882583
  33 -19.476559 -2.238703 0.457532 0.497837 -0.442888 0.745660 0.553816 0.882583
male.bmp
  19 -17.605886 -1.412775 0.394995 -0.048977 -0.923660 0.380071 0.344423 0.941292
  19 -17.972590 -1.251581 0.334625 0.504101 -0.747019 0.433411 0.336595 0.892368
  19 -17.582518 -1.462223 0.155811 -0.010090 -0.999656 -0.024193 0.328767 0.943249
male.bmp
  19 -17.582518 -1.462223 0.155811 -0.010090 -0.999656 -0.024193 0.328767 0.943249
  19 -17.972590 -1.251581 0.334625 0.504101 -0.747019 0.433411 0.336595 0.892368
  19 -17.941520 -1.311155 0.135914 0.549225 -0.829811 0.098817 0.322896 0.892368
male.bmp
  19 -17.972590 -1.251581 0.334625 0.504101 -0.747019 0.433411 0.336595 0.892368
  19 -17.982208 -1.321527 0.323896 0.560339 -0.720151 0.409149 0.340509 0.884540
  19 -17.941520 -1.311155 0.135914 0.549225 -0.829811 0.098817 0.322896 0.892368
male.bmp
  19 -17.941520 -1.311155 0.135914 0.549225 -0.829811 0.098817 0.322896 0.892368
  19 -17.982208 -1.321527 0.323896 0.560339 -0.720151 0.409149 0.340509 0.884540
  19 -17.950547 -1.371077 0.115228 0.615999 -0.784792 0.068161 0.326810 0.886497
male.bmp
  19 -17.982208 -1.321527 0.323896 0.560339 -0.720151 0.409149 0.340509 0.884540
  19 -18.328270 -1.320342 0.244270 -0.706536 -0.669099 0.230463 0.340509 0.839530
  19 -17.950547 -1.371077 0.115228 0.615999 -0.784792 0.068161 0.326810 0.886497
male.bmp
  19 -17.950547 -1.371077 0.115228 0.615999 -0.784792 0.068161 0.326810 0.886497
  19 -18.328270 -1.320342 0.244270 -0.706536 -0.669099 0.230463 0.340509 0.839530
  19 -18.306621 -1.379863 0.035013 -0.610355 -0.788361 -0.077166 0.326810 0.839530
male.bmp
  32 -18.652245 -1.286775 0.351608 0.438339 -0.643906 0.627092 0.953033 0.074364
  19 -18.371339 -0.921328 0.673494 -0.816370 -0.323595 0.478358 0.976517 0.115460
  19 -18.903149 -0.847908 0.657848 0.029562 -0.330400 0.943378 0.927593 0.119374
male.bmp
  19 -18.903149 -0.847908 0.657848 0.029562 -0.330400 0.943378 0.927593 0.119374
  19 -18.371339 -0.921328 0.673494 -0.816370 -0.323595 0.478358 0.976517 0.115460
  19 -18.810316 -0.137208 0.740843 -0.067768 0.061091 0.995829 0.931507 0.183953
male.bmp
  19 -18.371339 -0.921328 0.673494 -0.816370 -0.323595 0.478358 0.976517 0.115460
  19 -18.386107 -0.221595 0.794551 -0.846868 -0.019549 0.531444 0.970646 0.178082
  19 -18.810316 -0.137208 0.740843 -0.067768 0.061091 0.995829 0.931507 0.183953
male.bmp
  19 -18.810316 -0.137208 0.740843 -0.067768 0.061091 0.995829 0.931507 0.183953
  19 -18.386107 -0.221595 0.794551 -0.846868 -0.019549 0.531444 0.970646 0.178082
  19 -18.736814 0.455099 0.595346 0.068369 0.459549 0.885517 0.935421 0.236791
male.bmp
  19 -18.386107 -0.221595 0.794551 -0.846868 -0.019549 0.531444 0.970646 0.178082
  19 -18.395955 0.368824 0.645189 -0.716776 0.342501 0.607392 0.966732 0.228963
  19 -18.736814 0.455099 0.595346 0.068369 0.459549 0.885517 0.935421 0.236791
male.bmp
  19 -18.736814 0.455099 0.595346 0.068369 0.459549 0.885517 0.935421 0.236791
  19 -18.395955 0.368824 0.645189 -0.716776 0.342501 0.607392 0.966732 0.228963
  19 -18.331642 0.819696 0.239259 -0.725568 0.588976 0.355891 0.964775 0.264188
male.bmp
  19 -17.915560 -1.240507 -0.142895 0.577727 -0.744878 -0.333749 0.299413 0.892368
  19 -17.923995 -1.290404 -0.173540 0.674713 -0.677040 -0.293902 0.303327 0.886497
  19 -17.904401 -1.080048 -0.332178 0.551841 -0.613804 -0.564549 0.279843 0.892368
male.bmp
  19 -17.915560 -1.240507 -0.142895 0.577727 -0.744878 -0.333749 0.299413 0.892368
  19 -17.950547 -1.371077 0.115228 0.615999 -0.784792 0.068161 0.326810 0.886497
  19 -17.923995 -1.290404 -0.173540 0.674713 -0.677040 -0.293902 0.303327 0.886497
male.bmp
  19 -17.915560 -1.240507 -0.142895 0.577727 -0.744878 -0.333749 0.299413 0.892368
  19 -17.941520 -1.311155 0.135914 0.549225 -0.829811 0.098817 0.322896 0.892368
  19 -17.950547 -1.371077 0.115228 0.615999 -0.784792 0.068161 0.326810 0.886497
male.bmp
  19 -17.915560 -1.240507 -0.142895 0.577727 -0.744878 -0.333749 0.299413 0.892368
  19 -17.582518 -1.462223 0.155811 -0.010090 -0.999656 -0.024193 0.328767 0.943249
  19 -17.941520 -1.311155 0.135914 0.549225 -0.829811 0.098817 0.322896 0.892368
male.bmp
  19 -17.915560 -1.240507 -0.142895 0.577727 -0.744878 -0.333749 0.299413 0.892368
  19 -17.583635 -1.371364 -0.174558 0.014606 -0.897084 -0.441618 0.303327 0.943249
  19 -17.582518 -1.462223 0.155811 -0.010090 -0.999656 -0.024193 0.328767 0.943249
male.bmp
  19 -17.915560 -1.240507 -0.142895 0.577727 -0.744878 -0.333749 0.299413 0.892368
  19 -17.904401 -1.080048 -0.332178 0.551841 -0.613804 -0.564549 0.279843 0.892368
  19 -17.583635 -1.371364 -0.174558 0.014606 -0.897084 -0.441618 0.303327 0.943249
male.bmp
  19 -17.461826 -0.289937 -0.856158 0.781764 -0.542375 -0.307692 0.727984 0.718200
  19 -17.487632 0.380244 -0.896051 0.119337 0.056262 -0.991258 0.724070 0.772994
  19 -17.438275 0.380072 -0.883250 0.880513 -0.022522 -0.473487 0.720157 0.769080
male.bmp
  19 -17.438275 0.380072 -0.883250 0.880513 -0.022522 -0.473487 0.720157 0.769080
  19 -17.487632 0.380244 -0.896051 0.119337 0.056262 -0.991258 0.724070 0.772994
  19 -17.420417 0.629889 -0.831555 0.871581 0.119922 -0.475359 0.710372 0.786693
male.bmp
  19 -17.487632 0.380244 -0.896051 0.119337 0.056262 -0.991258 0.724070 0.772994
  19 -17.469183 0.640086 -0.854314 0.148082 0.344514 -0.927028 0.714286 0.792564
  19 -17.420417 0.629889 -0.831555 0.871581 0.119922 -0.475359 0.710372 0.786693
male.bmp
  19 -17.420417 0.629889 -0.831555 0.871581 0.119922 -0.475359 0.710372 0.786693
  19 -17.469183 0.640086 -0.854314 0.148082 0.344514 -0.927028 0.714286 0.792564
  19 -17.407125 0.859513 -0.700040 0.880347 0.302857 -0.365058 0.702544 0.806262
male.bmp
  19 -17.469183 0.640086 -0.854314 0.148082 0.344514 -0.927028 0.714286 0.792564
  19 -17.456453 0.869686 -0.712815 0.162435 0.647775 -0.744314 0.706458 0.812133
  19 -17.407125 0.859513 -0.700040 0.880347 0.302857 -0.365058 0.702544 0.806262
male.bmp
  19 -17.407125 0.859513 -0.700040 0.880347 0.302857 -0.365058 0.702544 0.806262
  19 -17.456453 0.869686 -0.712815 0.162435 0.647775 -0.744314 0.706458 0.812133
  19 -17.466174 1.019248 -0.532714 0.178489 0.877124 -0.445864 0.690802 0.821918
male.bmp
  14 23.042649 2.457529 -0.059406 0.733359 0.168259 -0.658691 0.925636 0.385519
  14 23.052588 2.325536 -0.014921 0.740341 -0.551429 -0.384475 0.904110 0.393346
  14 22.873289 2.340347 -0.135472 0.270740 -0.241143 -0.931960 0.923679 0.414873
male.bmp
  14 22.873289 2.340347 -0.135472 0.270740 -0.241143 -0.931960 0.923679 0.414873
  14 23.052588 2.325536 -0.014921 0.740341 -0.551429 -0.384475 0.904110 0.393346
  14 22.599448 2.107113 -0.076204 0.439430 -0.697690 -0.565800 0.908023 0.518591
male.bmp
  14 23.052588 2.325536 -0.014921 0.740341 -0.551429 -0.384475 0.904110 0.393346
  13 22.513122 2.038511 0.152370 0.429756 -0.845464 0.317020 0.884540 0.530333
  14 22.599448 2.107113 -0.076204 0.439430 -0.697690 -0.565800 0.908023 0.518591
male.bmp
  14 22.599448 2.107113 -0.076204 0.439430 -0.697690 -0.565800 0.908023 0.518591
  13 22.513122 2.038511 0.152370 0.429756 -0.845464 0.317020 0.884540 0.530333
  13 22.504607 2.042485 -0.097653 0.505009 -0.648016 -0.570123 0.904110 0.542074
male.bmp
  13 22.513122 2.038511 0.152370 0.429756 -0.845464 0.317020 0.884540 0.530333
  13 21.851526 1.642571 0.072218 0.490015 -0.811950 0.317212 0.888454 0.628180
  13 22.504607 2.042485 -0.097653 0.505009 -0.648016 -0.570123 0.904110 0.542074
male.bmp
  8 24.703280 -0.243228 0.309134 0.791196 -0.556153 0.254369 0.904110 0.373777
  8 24.678003 -0.160932 -0.018262 0.809188 -0.182297 -0.558553 0.925636 0.385519
  8 24.758381 -0.071417 0.260712 0.981343 0.002596 0.192247 0.925636 0.365949
male.bmp
  8 24.758381 -0.071417 0.260712 0.981343 0.002596 0.192247 0.925636 0.365949
  8 24.678003 -0.160932 -0.018262 0.809188 -0.182297 -0.558553 0.925636 0.385519
  8 24.723676 0.077197 0.195065 0.853267 0.511886 -0.099544 0.949119 0.369863
male.bmp
  8 24.678003 -0.160932 -0.018262 0.809188 -0.182297 -0.558553 0.925636 0.385519
  8 24.592436 -0.027799 -0.070739 0.481072 0.414880 -0.772298 0.941292 0.395303
  8 24.723676 0.077197 0.195065 0.853267 0.511886 -0.099544 0.949119 0.369863
male.bmp
  8 24.723676 0.077197 0.195065 0.853267 0.511886 -0.099544 0.949119 0.369863
  8 24.592436 -0.027799 -0.070739 0.481072 0.414880 -0.772298 0.941292 0.395303
  8 24.586441 0.153658 0.157378 0.290747 0.931103 -0.220260 0.962818 0.391389
male.bmp
  8 24.592436 -0.027799 -0.070739 0.481072 0.414880 -0.772298 0.941292 0.395303
  7 23.878496 0.197213 0.034913 0.046657 0.960553 -0.274155 0.970646 0.524462
  8 24.586441 0.153658 0.157378 0.290747 0.931103 -0.220260 0.962818 0.391389
male.bmp
  8 24.553404 -0.312163 0.271917 0.147769 -0.942858 0.298634 0.968689 0.706458
  7 23.860404 -0.219491 0.354803 -0.012628 -0.509607 0.860314 0.949119 0.818004
  7 23.874658 -0.348619 0.163956 0.028969 -0.971464 0.235410 0.972603 0.829746
male.bmp
  7 23.874658 -0.348619 0.163956 0.028969 -0.971464 0.235410 0.972603 0.829746
  7 23.860404 -0.219491 0.354803 -0.012628 -0.509607 0.860314 0.949119 0.818004
  7 22.713801 -0.409202 0.123481 0.048576 -0.955126 0.292189 0.978474 0.974560
male.bmp
  7 23.860404 -0.219491 0.354803 -0.012628 -0.509607 0.860314 0.949119 0.818004
  7 22.721319 -0.191035 0.300249 -0.039982 -0.347453 0.936845 0.951076 0.964775
  7 22.713801 -0.409202 0.123481 0.048576 -0.955126 0.292189 0.978474 0.974560
male.bmp
  7 22.713801 -0.409202 0.123481 0.048576 -0.955126 0.292189 0.978474 0.974560
  7 22.721319 -0.191035 0.300249 -0.039982 -0.347453 0.936845 0.951076 0.964775
  6 22.623426 -0.196907 0.305077 0.017400 -0.353046 0.935444 0.951076 0.982387
male.bmp
  7 22.721319 -0.191035 0.300249 -0.039982 -0.347453 0.936845 0.951076 0.964775
  6 22.636872 -0.000700 0.300382 -0.149370 0.324039 0.934177 0.919765 0.982387
  6 22.623426 -0.196907 0.305077 0.017400 -0.353046 0.935444 0.951076 0.982387
male.bmp
  9 22.321859 -0.772197 -0.122996 0.341758 0.864577 -0.368385 0.974560 0.639922
  10 22.398221 -0.792986 -0.108525 0.271259 0.934225 -0.231607 0.972603 0.628180
  10 22.276362 -1.017735 -0.371657 0.028019 0.252777 -0.967119 0.943249 0.634051
male.bmp
  10 22.276362 -1.017735 -0.371657 0.028019 0.252777 -0.967119 0.943249 0.634051
  10 22.398221 -0.792986 -0.108525 0.271259 0.934225 -0.231607 0.972603 0.628180
  10 23.159678 -1.191668 -0.372602 0.118002 0.246120 -0.962029 0.943249 0.534247
male.bmp
  10 22.398221 -0.792986 -0.108525 0.271259 0.934225 -0.231607 0.972603 0.628180
  10 23.353876 -1.009612 -0.084084 0.271259 0.934225 -0.231607 0.970646 0.524462
  10 23.159678 -1.191668 -0.372602 0.118002 0.246120 -0.962029 0.943249 0.534247
male.bmp
  10 23.159678 -1.191668 -0.372602 0.118002 0.246120 -0.962029 0.943249 0.534247
  10 23.353876 -1.009612 -0.084084 0.271259 0.934225 -0.231607 0.970646 0.524462
  11 23.347085 -1.213592 -0.338388 0.129633 0.343833 -0.930040 0.941292 0.510763
male.bmp
  10 23.353876 -1.009612 -0.084084 0.271259 0.934225 -0.231607 0.970646 0.524462
  11 23.899205 -1.354588 -0.299863 0.492444 0.364263 -0.790450 0.941292 0.395303
  11 23.347085 -1.213592 -0.338388 0.129633 0.343833 -0.930040 0.941292 0.510763
male.bmp
  3 22.146079 1.215270 0.036487 -0.179705 0.916704 -0.356875 0.974560 0.639922
  4 22.221194 1.230895 0.018852 -0.183642 0.907400 -0.378023 0.972603 0.628180
  4 22.237871 1.021759 -0.191110 -0.115727 0.215341 -0.969657 0.943249 0.634051
male.bmp
  4 22.237871 1.021759 -0.191110 -0.115727 0.215341 -0.969657 0.943249 0.634051
  4 22.221194 1.230895 0.018852 -0.183642 0.907400 -0.378023 0.972603 0.628180
  4 23.272680 1.256635 -0.180940 -0.001402 0.230254 -0.973130 0.943249 0.534247
male.bmp
  4 22.221194 1.230895 0.018852 -0.183642 0.907400 -0.378023 0.972603 0.628180
  4 23.256003 1.465770 0.029023 -0.179743 0.925100 -0.334488 0.970646 0.524462
  4 23.272680 1.256635 -0.180940 -0.001402 0.230254 -0.973130 0.943249 0.534247
male.bmp
  4 23.272680 1.256635 -0.180940 -0.001402 0.230254 -0.973130 0.943249 0.534247
  4 23.256003 1.465770 0.029023 -0.179743 0.925100 -0.334488 0.970646 0.524462
  5 23.412733 1.300509 -0.163020 -0.018009 0.306636 -0.951656 0.941292 0.510763
male.bmp
  4 23.256003 1.465770 0.029023 -0.179743 0.925100 -0.334488 0.970646 0.524462
  5 24.049130 1.441987 -0.111223 0.363178 0.512288 -0.778243 0.941292 0.395303
  5 23.412733 1.300509 -0.163020 -0.018009 0.306636 -0.951656 0.941292 0.510763
male.bmp
  17 20.322652 -3.152428 -0.194281 0.628476 0.087615 -0.772879 0.637965 0.972603
  17 20.156848 -3.600043 -0.268779 -0.058085 -0.166157 -0.984387 0.665362 0.917808
  16 20.029550 -3.090145 -0.282952 -0.224989 -0.085166 -0.970632 0.661448 0.990215
male.bmp
  17 20.322652 -3.152428 -0.194281 0.628476 0.087615 -0.772879 0.637965 0.972603
  17 20.391822 -3.695396 -0.153041 0.728020 -0.190148 -0.658658 0.653620 0.900196
  17 20.156848 -3.600043 -0.268779 -0.058085 -0.166157 -0.984387 0.665362 0.917808
male.bmp
  17 20.322652 -3.152428 -0.194281 0.628476 0.087615 -0.772879 0.637965 0.972603
  17 20.450560 -3.143697 0.018941 0.991732 0.059015 -0.113955 0.606654 0.962818
  17 20.391822 -3.695396 -0.153041 0.728020 -0.190148 -0.658658 0.653620 0.900196
male.bmp
  17 20.322652 -3.152428 -0.194281 0.628476 0.087615 -0.772879 0.637965 0.972603
  16 20.283101 -3.002725 -0.205688 0.576456 0.036369 -0.816319 0.616438 0.990215
  17 20.450560 -3.143697 0.018941 0.991732 0.059015 -0.113955 0.606654 0.962818
male.bmp
  17 20.322652 -3.152428 -0.194281 0.628476 0.087615 -0.772879 0.637965 0.972603
  16 20.029550 -3.090145 -0.282952 0.281246 0.033615 -0.959047 0.661448 0.990215
  16 20.283101 -3.002725 -0.205688 0.576456 0.036369 -0.816319 0.616438 0.990215
male.bmp
  10 23.308354 -1.194844 0.242285 0.155599 0.273587 0.949178 0.921722 0.814090
  11 23.727529 -1.151827 0.036909 0.299544 0.836072 0.459627 0.896282 0.747554
  10 23.340329 -1.054706 0.103220 0.238670 0.827540 0.508148 0.894325 0.814090
male.bmp
  10 23.308354 -1.194844 0.242285 0.155599 0.273587 0.949178 0.921722 0.814090
  11 23.642086 -1.299982 0.187075 0.166123 0.189092 0.967805 0.921722 0.751468
  11 23.727529 -1.151827 0.036909 0.299544 0.836072 0.459627 0.896282 0.747554
male.bmp
  10 23.308354 -1.194844 0.242285 0.155599 0.273587 0.949178 0.921722 0.814090
  11 23.648890 -1.472368 0.138737 -0.002436 -0.411753 0.911292 0.949119 0.747554
  11 23.642086 -1.299982 0.187075 0.166123 0.189092 0.967805 0.921722 0.751468
male.bmp
  10 23.308354 -1.194844 0.242285 0.155599 0.273587 0.949178 0.921722 0.814090
  10 23.277452 -1.398739 0.208046 -0.021218 -0.487242 0.873009 0.949119 0.818004
  11 23.648890 -1.472368 0.138737 -0.002436 -0.411753 0.911292 0.949119 0.747554
male.bmp
  10 23.308354 -1.194844 0.242285 0.155599 0.273587 0.949178 0.921722 0.814090
  10 22.308129 -1.193167 0.235479 -0.021218 -0.487242 0.873009 0.951076 0.964775
  10 23.277452 -1.398739 0.208046 -0.021218 -0.487242 0.873009 0.949119 0.818004
male.bmp
  2 19.833504 -0.033456 -0.588517 0.252166 -0.219947 -0.942356 0.710372 0.528376
  2 19.099662 -0.068162 -0.862873 0.146470 -0.160349 -0.976133 0.771037 0.506849
  2 19.619352 0.299211 -0.870600 0.208419 -0.361928 -0.908609 0.714286 0.495108
male.bmp
  2 19.619352 0.299211 -0.870600 0.208419 -0.361928 -0.908609 0.714286 0.495108
  2 19.099662 -0.068162 -0.862873 0.146470 -0.160349 -0.976133 0.771037 0.506849
  2 19.059809 0.701318 -1.008520 -0.133441 0.172368 -0.975952 0.747554 0.444227
male.bmp
  2 19.099662 -0.068162 -0.862873 0.146470 -0.160349 -0.976133 0.771037 0.506849
  2 18.562812 -0.161907 -0.880308 -0.091217 -0.151123 -0.984297 0.818004 0.499022
  2 19.059809 0.701318 -1.008520 -0.133441 0.172368 -0.975952 0.747554 0.444227
male.bmp
  2 19.059809 0.701318 -1.008520 -0.133441 0.172368 -0.975952 0.747554 0.444227
  2 18.562812 -0.161907 -0.880308 -0.091217 -0.151123 -0.984297 0.818004 0.499022
  2 18.538208 0.617568 -0.883942 -0.250720 0.258642 -0.932869 0.794521 0.432485
male.bmp
  2 18.562812 -0.161907 -0.880308 -0.091217 -0.151123 -0.984297 0.818004 0.499022
  2 18.245629 0.433395 -0.826335 0.612069 0.057248 -0.788729 0.821918 0.438356
  2 18.538208 0.617568 -0.883942 -0.250720 0.258642 -0.932869 0.794521 0.432485
male.bmp
  16 19.628423 -2.754860 -0.086277 -0.821829 -0.510763 -0.252422 0.573386 0.933464
  16 19.603797 -2.784122 -0.007300 -0.872527 -0.451908 -0.185678 0.567515 0.933464
  16 19.311496 -2.297255 -0.125711 -0.826801 -0.562043 0.022546 0.596869 0.888454
male.bmp
  16 19.311496 -2.297255 -0.125711 -0.826801 -0.562043 0.022546 0.596869 0.888454
  16 19.603797 -2.784122 -0.007300 -0.872527 -0.451908 -0.185678 0.567515 0.933464
  16 19.312160 -2.308512 -0.025847 -0.835947 -0.541504 0.089254 0.590998 0.886497
male.bmp
  16 19.603797 -2.784122 -0.007300 -0.872527 -0.451908 -0.185678 0.567515 0.933464
  16 19.574158 -2.731555 0.102964 -0.852200 -0.431918 0.295299 0.559687 0.933464
  16 19.312160 -2.308512 -0.025847 -0.835947 -0.541504 0.089254 0.590998 0.886497
male.bmp
  16 19.312160 -2.308512 -0.025847 -0.835947 -0.541504 0.089254 0.590998 0.886497
  16 19.574158 -2.731555 0.102964 -0.852200 -0.431918 0.295299 0.559687 0.933464
  16 19.308039 -2.237771 0.095309 -0.766894 -0.543013 0.342068 0.583170 0.882583
male.bmp
  16 19.574158 -2.731555 0.102964 -0.852200 -0.431918 0.295299 0.559687 0.933464
  16 19.475079 -2.200574 0.449870 -0.519324 -0.415103 0.746989 0.553816 0.882583
  16 19.308039 -2.237771 0.095309 -0.766894 -0.543013 0.342068 0.583170 0.882583
male.bmp
  16 20.311234 -2.528808 0.333210 0.739582 -0.004483 0.673052 0.471624 0.921722
  16 20.394648 -1.925554 0.095245 0.995606 -0.026750 -0.089742 0.430528 0.874755
  16 20.346144 -1.964236 0.383605 0.801158 -0.111992 0.587881 0.461840 0.866928
male.bmp
  16 20.311234 -2.528808 0.333210 0.739582 -0.004483 0.673052 0.471624 0.921722
  16 20.445801 -2.537574 0.106022 0.981552 0.074485 0.176091 0.444227 0.921722
  16 20.394648 -1.925554 0.095245 0.995606 -0.026750 -0.089742 0.430528 0.874755
male.bmp
  16 20.311234 -2.528808 0.333210 0.739582 -0.004483 0.673052 0.471624 0.921722
  16 20.469939 -2.959163 0.119418 0.871497 -0.447579 0.200415 0.452055 0.962818
  16 20.445801 -2.537574 0.106022 0.981552 0.074485 0.176091 0.444227 0.921722
male.bmp
  16 20.311234 -2.528808 0.333210 0.739582 -0.004483 0.673052 0.471624 0.921722
  16 20.329651 -2.962206 0.306260 0.677988 -0.096650 0.728692 0.473581 0.964775
  16 20.469939 -2.959163 0.119418 0.871497 -0.447579 0.200415 0.452055 0.962818
male.bmp
  16 20.311234 -2.528808 0.333210 0.739582 -0.004483 0.673052 0.471624 0.921722
  16 20.093159 -3.057065 0.449346 0.185281 -0.724317 0.664105 0.499022 0.974560
  16 20.329651 -2.962206 0.306260 0.677988 -0.096650 0.728692 0.473581 0.964775
male.bmp
  9 22.058505 -1.343303 -0.266457 0.168228 -0.772931 -0.611782 0.643836 0.029354
  9 21.152028 -1.288596 0.047083 0.068664 -0.968186 0.240627 0.722114 0.064579
  9 21.185183 -1.268212 -0.299162 0.022247 -0.722447 -0.691069 0.710372 0.039139
male.bmp
  9 21.185183 -1.268212 -0.299162 0.022247 -0.722447 -0.691069 0.710372 0.039139
  9 21.152028 -1.288596 0.047083 0.068664 -0.968186 0.240627 0.722114 0.064579
  2 20.813099 -1.348175 -0.201209 0.332560 -0.754093 -0.566346 0.741683 0.039139
male.bmp
  9 21.152028 -1.288596 0.047083 0.068664 -0.968186 0.240627 0.722114 0.064579
  9 20.799548 -1.362980 0.097329 0.302940 -0.866771 0.396151 0.763209 0.060665
  2 20.813099 -1.348175 -0.201209 0.332560 -0.754093 -0.566346 0.741683 0.039139
male.bmp
  2 20.813099 -1.348175 -0.201209 0.332560 -0.754093 -0.566346 0.741683 0.039139
  9 20.799548 -1.362980 0.097329 0.302940 -0.866771 0.396151 0.763209 0.060665
  15 20.396027 -1.565574 0.045760 0.892715 -0.229269 -0.387937 0.763209 0.021526
male.bmp
  9 20.799548 -1.362980 0.097329 0.302940 -0.866771 0.396151 0.763209 0.060665
  15 20.408919 -1.539053 0.366432 0.721470 -0.614509 0.319154 0.784736 0.033268
  15 20.396027 -1.565574 0.045760 0.892715 -0.229269 -0.387937 0.763209 0.021526
male.bmp
  12 21.623994 1.836473 -0.282722 0.832459 0.443830 -0.331703 0.504892 0.430528
  12 21.590843 1.838234 -0.339272 0.401589 0.439387 -0.803533 0.510763 0.432485
  12 21.591293 2.003946 -0.086807 0.737002 0.611618 -0.287665 0.504892 0.399217
male.bmp
  12 21.591293 2.003946 -0.086807 0.737002 0.611618 -0.287665 0.504892 0.399217
  12 21.590843 1.838234 -0.339272 0.401589 0.439387 -0.803533 0.510763 0.432485
  12 21.527122 2.066373 -0.119746 0.175144 0.900837 -0.397261 0.508806 0.399217
male.bmp
  12 21.590843 1.838234 -0.339272 0.401589 0.439387 -0.803533 0.510763 0.432485
  12 20.709592 1.481375 -0.461537 0.024928 0.350643 -0.936177 0.594912 0.432485
  12 21.527122 2.066373 -0.119746 0.175144 0.900837 -0.397261 0.508806 0.399217
male.bmp
  12 21.527122 2.066373 -0.119746 0.175144 0.900837 -0.397261 0.508806 0.399217
  12 20.709592 1.481375 -0.461537 0.024928 0.350643 -0.936177 0.594912 0.432485
  12 20.660556 1.720571 -0.149479 -0.242010 0.927281 -0.285625 0.585127 0.393346
male.bmp
  12 20.709592 1.481375 -0.461537 0.024928 0.350643 -0.936177 0.594912 0.432485
  2 20.219720 1.609793 -0.679459 -0.208600 0.844908 -0.492561 0.622309 0.401174
  12 20.660556 1.720571 -0.149479 -0.242010 0.927281 -0.285625 0.585127 0.393346
male.bmp
  9 22.230638 -1.168154 0.251031 0.865349 -0.438502 0.242668 0.620352 0.066536
  9 22.289952 -0.982859 0.266752 0.968592 -0.195801 0.153268 0.610568 0.086106
  9 22.284026 -0.963783 0.325071 0.668095 0.100915 0.737201 0.618395 0.090020
male.bmp
  9 22.284026 -0.963783 0.325071 0.668095 0.100915 0.737201 0.618395 0.090020
  9 22.289952 -0.982859 0.266752 0.968592 -0.195801 0.153268 0.610568 0.086106
  9 22.318259 -0.796331 0.162319 0.754675 0.522023 0.397438 0.614481 0.103718
male.bmp
  9 22.289952 -0.982859 0.266752 0.968592 -0.195801 0.153268 0.610568 0.086106
  9 22.320743 -0.832391 0.126354 0.997900 0.031346 0.056679 0.606654 0.101761
  9 22.318259 -0.796331 0.162319 0.754675 0.522023 0.397438 0.614481 0.103718
male.bmp
  9 22.318259 -0.796331 0.162319 0.754675 0.522023 0.397438 0.614481 0.103718
  9 22.320743 -0.832391 0.126354 0.997900 0.031346 0.056679 0.606654 0.101761
  9 22.313031 -0.717102 -0.109334 0.636777 0.717821 -0.281509 0.614481 0.111546
male.bmp
  9 22.320743 -0.832391 0.126354 0.997900 0.031346 0.056679 0.606654 0.101761
  9 22.321859 -0.772197 -0.122996 0.882752 0.251395 -0.396926 0.604697 0.107632
  9 22.313031 -0.717102 -0.109334 0.636777 0.717821 -0.281509 0.614481 0.111546
male.bmp
  16 19.850407 -3.167437 -0.138268 -0.722153 -0.554813 -0.413132 0.767123 0.682975
  16 20.004402 -3.139079 -0.344377 0.085902 -0.812150 -0.577090 0.782779 0.684932
  16 20.029550 -3.090145 -0.282952 0.316675 -0.789342 0.525981 0.767123 0.681018
male.bmp
  16 20.029550 -3.090145 -0.282952 0.316675 -0.789342 0.525981 0.767123 0.681018
  16 20.004402 -3.139079 -0.344377 0.085902 -0.812150 -0.577090 0.782779 0.684932
  16 20.283101 -3.002725 -0.205688 0.169321 -0.899281 0.403267 0.782779 0.681018
male.bmp
  16 20.004402 -3.139079 -0.344377 0.085902 -0.812150 -0.577090 0.782779 0.684932
  16 20.429177 -2.968539 -0.191790 0.716568 -0.488882 -0.497518 0.829746 0.686888
  16 20.283101 -3.002725 -0.205688 0.169321 -0.899281 0.403267 0.782779 0.681018
male.bmp
  16 20.283101 -3.002725 -0.205688 0.169321 -0.899281 0.403267 0.782779 0.681018
  16 20.429177 -2.968539 -0.191790 0.716568 -0.488882 -0.497518 0.829746 0.686888
  16 20.410498 -2.985822 -0.082463 0.533137 -0.845139 -0.038807 0.829746 0.681018
male.bmp
  16 20.429177 -2.968539 -0.191790 0.716568 -0.488882 -0.497518 0.829746 0.686888
  16 20.431480 -2.971044 0.128348 0.440616 -0.883203 0.160654 0.849315 0.681018
  16 20.410498 -2.985822 -0.082463 0.533137 -0.845139 -0.038807 0.829746 0.681018
male.bmp
  6 22.628321 0.168947 0.166417 0.937222 0.329944 0.112929 0.569472 0.191781
  6 22.624556 0.010729 0.338034 0.580104 0.261296 0.771495 0.581213 0.176125
  6 22.636872 -0.000700 0.300382 0.955642 0.094994 0.278790 0.571429 0.176125
male.bmp
  6 22.636872 -0.000700 0.300382 0.955642 0.094994 0.278790 0.571429 0.176125
  6 22.624556 0.010729 0.338034 0.580104 0.261296 0.771495 0.581213 0.176125
  6 22.623426 -0.196907 0.305077 0.961354 -0.149574 0.231141 0.573386 0.154599
male.bmp
  6 22.624556 0.010729 0.338034 0.580104 0.261296 0.771495 0.581213 0.176125
  6 22.610439 -0.204665 0.348333 0.586651 -0.254278 0.768884 0.583170 0.154599
  6 22.623426 -0.196907 0.305077 0.961354 -0.149574 0.231141 0.573386 0.154599
male.bmp
  6 22.623426 -0.196907 0.305077 0.961354 -0.149574 0.231141 0.573386 0.154599
  6 22.610439 -0.204665 0.348333 0.586651 -0.254278 0.768884 0.583170 0.154599
  6 22.599468 -0.415873 0.159201 0.919982 -0.389680 -0.042211 0.581213 0.131115
male.bmp
  6 22.610439 -0.204665 0.348333 0.586651 -0.254278 0.768884 0.583170 0.154599
  6 22.576326 -0.467483 0.193855 0.498983 -0.810142 0.307711 0.587084 0.131115
  6 22.599468 -0.415873 0.159201 0.919982 -0.389680 -0.042211 0.581213 0.131115
male.bmp
  2 17.528702 -1.410757 0.191367 -0.834870 -0.549327 0.035097 0.651663 0.782779
  2 17.534689 -1.258844 -0.119095 -0.881198 0.409749 0.235787 0.632094 0.774951
  2 17.522962 -1.318688 -0.138618 -0.855245 -0.469240 -0.219932 0.632094 0.778865
male.bmp
  2 17.522962 -1.318688 -0.138618 -0.855245 -0.469240 -0.219932 0.632094 0.778865
  2 17.534689 -1.258844 -0.119095 -0.881198 0.409749 0.235787 0.632094 0.774951
  2 17.515394 -1.137240 -0.367571 -0.872024 -0.374501 -0.315156 0.616438 0.771037
male.bmp
  2 17.534689 -1.258844 -0.119095 -0.881198 0.409749 0.235787 0.632094 0.774951
  2 17.527878 -1.087460 -0.338141 -0.866303 0.319604 0.383891 0.618395 0.767123
  2 17.515394 -1.137240 -0.367571 -0.872024 -0.374501 -0.315156 0.616438 0.771037
male.bmp
  2 17.515394 -1.137240 -0.367571 -0.872024 -0.374501 -0.315156 0.616438 0.771037
  2 17.527878 -1.087460 -0.338141 -0.866303 0.319604 0.383891 0.618395 0.767123
  2 17.486656 -0.845612 -0.614203 -0.876732 -0.307618 -0.369745 0.600783 0.753425
male.bmp
  2 17.527878 -1.087460 -0.338141 -0.866303 0.319604 0.383891 0.618395 0.767123
  2 17.499077 -0.815832 -0.584897 -0.825674 0.263194 0.498991 0.602740 0.749511
  2 17.486656 -0.845612 -0.614203 -0.876732 -0.307618 -0.369745 0.600783 0.753425
male.bmp
  2 17.429659 1.092387 -0.256139 -0.861018 0.500703 0.089138 0.671233 0.823875
  2 17.506326 0.948453 0.338760 -0.802572 0.470534 0.366710 0.624266 0.814090
  2 17.546264 0.968350 0.335737 -0.047524 0.887967 0.457446 0.622309 0.819961
male.bmp
  2 17.546264 0.968350 0.335737 -0.047524 0.887967 0.457446 0.622309 0.819961
  2 17.506326 0.948453 0.338760 -0.802572 0.470534 0.366710 0.624266 0.814090
  2 17.620218 0.454554 0.908402 0.070179 0.498502 0.864043 0.573386 0.778865
male.bmp
  2 17.506326 0.948453 0.338760 -0.802572 0.470534 0.366710 0.624266 0.814090
  2 17.579525 0.444721 0.901518 -0.776695 0.269251 0.569428 0.579256 0.774951
  2 17.620218 0.454554 0.908402 0.070179 0.498502 0.864043 0.573386 0.778865
male.bmp
  2 17.620218 0.454554 0.908402 0.070179 0.498502 0.864043 0.573386 0.778865
  2 17.579525 0.444721 0.901518 -0.776695 0.269251 0.569428 0.579256 0.774951
  2 17.641462 -0.226549 1.072864 0.051370 0.016895 0.998537 0.559687 0.722114
male.bmp
  2 17.579525 0.444721 0.901518 -0.776695 0.269251 0.569428 0.579256 0.774951
  2 17.590075 -0.216291 1.056922 -0.803597 0.006319 0.595140 0.565558 0.722114
  2 17.641462 -0.226549 1.072864 0.051370 0.016895 0.998537 0.559687 0.722114
male.bmp
  2 17.421788 0.406030 -0.841761 -0.890988 -0.016836 -0.453715 0.720157 0.769080
  2 17.405767 0.655818 -0.798760 -0.881291 0.125559 -0.455589 0.710372 0.786693
  2 17.470091 0.416029 -0.865571 -0.141139 0.058429 -0.988264 0.724070 0.772994
male.bmp
  2 17.470091 0.416029 -0.865571 -0.141139 0.058429 -0.988264 0.724070 0.772994
  2 17.405767 0.655818 -0.798760 -0.881291 0.125559 -0.455589 0.710372 0.786693
  2 17.454856 0.665753 -0.812600 -0.166803 0.346740 -0.923010 0.714286 0.792564
male.bmp
  2 17.405767 0.655818 -0.798760 -0.881291 0.125559 -0.455589 0.710372 0.786693
  2 17.396763 0.885029 -0.666165 -0.886551 0.308374 -0.344866 0.702544 0.806262
  2 17.454856 0.665753 -0.812600 -0.166803 0.346740 -0.923010 0.714286 0.792564
male.bmp
  2 17.454856 0.665753 -0.812600 -0.166803 0.346740 -0.923010 0.714286 0.792564
  2 17.396763 0.885029 -0.666165 -0.886551 0.308374 -0.344866 0.702544 0.806262
  2 17.445883 0.904963 -0.679943 -0.175347 0.649802 -0.739602 0.706458 0.812133
male.bmp
  2 17.396763 0.885029 -0.666165 -0.886551 0.308374 -0.344866 0.702544 0.806262
  2 17.460504 1.053802 -0.499573 -0.183419 0.878790 -0.440551 0.690802 0.821918
  2 17.445883 0.904963 -0.679943 -0.175347 0.649802 -0.739602 0.706458 0.812133
male.bmp
  2 17.897517 -1.088480 -0.357280 -0.731802 -0.509601 -0.452518 0.283757 0.888454
  2 17.868870 -0.766854 -0.603727 -0.754317 -0.363413 -0.546752 0.242661 0.888454
  2 18.252404 -1.109089 -0.435570 0.486367 -0.584715 -0.649274 0.287671 0.843444
male.bmp
  2 18.252404 -1.109089 -0.435570 0.486367 -0.584715 -0.649274 0.287671 0.843444
  2 17.868870 -0.766854 -0.603727 -0.754317 -0.363413 -0.546752 0.242661 0.888454
  2 18.233759 -0.777488 -0.682742 0.479723 -0.439244 -0.759559 0.244618 0.843444
male.bmp
  2 17.868870 -0.766854 -0.603727 -0.754317 -0.363413 -0.546752 0.242661 0.888454
  2 17.856640 -0.395770 -0.770900 -0.773226 -0.161737 -0.613158 0.201566 0.890411
  2 18.233759 -0.777488 -0.682742 0.479723 -0.439244 -0.759559 0.244618 0.843444
male.bmp
  2 18.233759 -0.777488 -0.682742 0.479723 -0.439244 -0.759559 0.244618 0.843444
  2 17.856640 -0.395770 -0.770900 -0.773226 -0.161737 -0.613158 0.201566 0.890411
  2 18.222407 -0.376469 -0.839760 0.431575 -0.201362 -0.879316 0.199609 0.841487
male.bmp
  2 17.856640 -0.395770 -0.770900 -0.773226 -0.161737 -0.613158 0.201566 0.890411
  2 18.240154 0.443845 -0.896055 0.612069 0.057248 -0.788729 0.091977 0.839530
  2 18.222407 -0.376469 -0.839760 0.431575 -0.201362 -0.879316 0.199609 0.841487
male.bmp
  1 12.298767 -0.823765 -1.022841 0.034509 -0.526726 -0.849334 0.121331 0.338552
  1 14.172837 -0.319613 -1.055907 0.088082 -0.261430 -0.961195 0.144814 0.228963
  1 14.221748 -0.809968 -0.806388 0.082237 -0.593673 -0.800494 0.119374 0.227006
male.bmp
  1 12.298767 -0.823765 -1.022841 0.034509 -0.526726 -0.849334 0.121331 0.338552
  1 14.157697 0.370516 -1.135867 0.082678 0.223503 -0.971190 0.183953 0.230920
  1 14.172837 -0.319613 -1.055907 0.088082 -0.261430 -0.961195 0.144814 0.228963
male.bmp
  1 12.298767 -0.823765 -1.022841 0.034509 -0.526726 -0.849334 0.121331 0.338552
  1 12.195400 0.307078 -1.261821 0.017031 0.162858 -0.986503 0.170254 0.340509
  1 14.157697 0.370516 -1.135867 0.082678 0.223503 -0.971190 0.183953 0.230920
male.bmp
  1 12.298767 -0.823765 -1.022841 0.034509 -0.526726 -0.849334 0.121331 0.338552
  1 9.603788 0.119006 -1.240029 -0.081476 0.135682 -0.987397 0.170254 0.469667
  1 12.195400 0.307078 -1.261821 0.017031 0.162858 -0.986503 0.170254 0.340509
male.bmp
  1 12.298767 -0.823765 -1.022841 0.034509 -0.526726 -0.849334 0.121331 0.338552
  1 9.698521 -0.951740 -0.930951 0.030821 -0.579950 -0.814069 0.107632 0.471624
  1 9.603788 0.119006 -1.240029 -0.081476 0.135682 -0.987397 0.170254 0.469667
male.bmp
  1 16.250751 -1.256838 0.218921 0.084658 -0.987949 -0.129576 0.072407 0.107632
  2 17.794459 -1.152696 0.372689 0.106945 -0.902555 0.417081 0.056751 0.015656
  1 16.334350 -1.207464 0.477906 0.107831 -0.907656 0.405626 0.060665 0.107632
male.bmp
  1 16.250751 -1.256838 0.218921 0.084658 -0.987949 -0.129576 0.072407 0.107632
  2 17.718760 -1.201253 0.177723 0.049693 -0.998471 -0.024222 0.068493 0.017613
  2 17.794459 -1.152696 0.372689 0.106945 -0.902555 0.417081 0.056751 0.015656
male.bmp
  1 16.250751 -1.256838 0.218921 0.084658 -0.987949 -0.129576 0.072407 0.107632
  2 17.687770 -1.129493 -0.090214 -0.005049 -0.882944 -0.469450 0.086106 0.019569
  2 17.718760 -1.201253 0.177723 0.049693 -0.998471 -0.024222 0.068493 0.017613
male.bmp
  1 16.250751 -1.256838 0.218921 0.084658 -0.987949 -0.129576 0.072407 0.107632
  1 16.197180 -1.056509 -0.210496 0.069436 -0.853955 -0.515693 0.099804 0.111546
  2 17.687770 -1.129493 -0.090214 -0.005049 -0.882944 -0.469450 0.086106 0.019569
male.bmp
  1 16.250751 -1.256838 0.218921 0.084658 -0.987949 -0.129576 0.072407 0.107632
  1 14.314842 -1.370580 -0.167367 0.065544 -0.914611 -0.398988 0.080235 0.221135
  1 16.197180 -1.056509 -0.210496 0.069436 -0.853955 -0.515693 0.099804 0.111546
male.bmp
  24 -23.883302 0.181938 0.051941 -0.044436 0.960393 -0.275083 0.970646 0.524462
  25 -24.586011 -0.042954 -0.075885 -0.465073 0.412984 -0.783040 0.941292 0.395303
  25 -24.585250 0.148081 0.149514 -0.289567 0.929906 -0.226772 0.962818 0.391389
male.bmp
  25 -24.585250 0.148081 0.149514 -0.289567 0.929906 -0.226772 0.962818 0.391389
  25 -24.586011 -0.042954 -0.075885 -0.465073 0.412984 -0.783040 0.941292 0.395303
  25 -24.723503 0.062552 0.186535 -0.852924 0.508305 -0.118941 0.949119 0.369863
male.bmp
  25 -24.586011 -0.042954 -0.075885 -0.465073 0.412984 -0.783040 0.941292 0.395303
  25 -24.663383 -0.175616 -0.025743 -0.795468 -0.185607 -0.576871 0.925636 0.385519
  25 -24.723503 0.062552 0.186535 -0.852924 0.508305 -0.118941 0.949119 0.369863
male.bmp
  25 -24.723503 0.062552 0.186535 -0.852924 0.508305 -0.118941 0.949119 0.369863
  25 -24.663383 -0.175616 -0.025743 -0.795468 -0.185607 -0.576871 0.925636 0.385519
  25 -24.760312 -0.083116 0.260873 -0.985474 -0.001565 0.169819 0.925636 0.365949
male.bmp
  25 -24.663383 -0.175616 -0.025743 -0.795468 -0.185607 -0.576871 0.925636 0.385519
  25 -24.697395 -0.248209 0.298100 -0.794443 -0.559516 0.236224 0.904110 0.373777
  25 -24.760312 -0.083116 0.260873 -0.985474 -0.001565 0.169819 0.925636 0.365949
male.bmp
  27 -23.315765 -1.197695 0.254959 -0.154210 0.273964 0.949296 0.921722 0.814090
  27 -23.285139 -1.401631 0.220727 0.021643 -0.487084 0.873087 0.949119 0.818004
  27 -22.315526 -1.198446 0.237077 0.021643 -0.487084 0.873087 0.951076 0.964775
male.bmp
  27 -23.315765 -1.197695 0.254959 -0.154210 0.273964 0.949296 0.921722 0.814090
  28 -23.656860 -1.477265 0.140860 0.002993 -0.411566 0.911375 0.949119 0.747554
  27 -23.285139 -1.401631 0.220727 0.021643 -0.487084 0.873087 0.949119 0.818004
male.bmp
  27 -23.315765 -1.197695 0.254959 -0.154210 0.273964 0.949296 0.921722 0.814090
  28 -23.649786 -1.303594 0.199071 -0.164811 0.189485 0.967953 0.921722 0.751468
  28 -23.656860 -1.477265 0.140860 0.002993 -0.411566 0.911375 0.949119 0.747554
male.bmp
  27 -23.315765 -1.197695 0.254959 -0.154210 0.273964 0.949296 0.921722 0.814090
  28 -23.725437 -1.153377 0.048699 -0.298058 0.836512 0.459792 0.896282 0.747554
  28 -23.649786 -1.303594 0.199071 -0.164811 0.189485 0.967953 0.921722 0.751468
male.bmp
  27 -23.315765 -1.197695 0.254959 -0.154210 0.273964 0.949296 0.921722 0.814090
  27 -23.337944 -1.055548 0.115666 -0.238939 0.837373 0.491645 0.894325 0.814090
  28 -23.725437 -1.153377 0.048699 -0.298058 0.836512 0.459792 0.896282 0.747554
male.bmp
  22 -23.820818 1.219010 0.278008 -0.127702 -0.208506 0.969648 0.949119 0.747554
  21 -23.409768 1.109136 0.319950 -0.143270 -0.473844 0.868876 0.949119 0.818004
  21 -23.371234 1.303571 0.356147 -0.001124 0.321797 0.946808 0.921722 0.814090
male.bmp
  21 -23.371234 1.303571 0.356147 -0.001124 0.321797 0.946808 0.921722 0.814090
  21 -23.409768 1.109136 0.319950 -0.143270 -0.473844 0.868876 0.949119 0.818004
  21 -22.309660 1.052848 0.346246 -0.004574 0.374947 0.927035 0.919765 0.964775
male.bmp
  21 -23.409768 1.109136 0.319950 -0.143270 -0.473844 0.868876 0.949119 0.818004
  21 -22.358959 0.859856 0.341388 -0.309829 -0.351683 0.883360 0.951076 0.964775
  21 -22.309660 1.052848 0.346246 -0.004574 0.374947 0.927035 0.919765 0.964775
male.bmp
  21 -22.309660 1.052848 0.346246 -0.004574 0.374947 0.927035 0.919765 0.964775
  21 -22.358959 0.859856 0.341388 -0.309829 -0.351683 0.883360 0.951076 0.964775
  20 -22.263937 0.840302 0.387496 -0.435197 -0.223359 0.872189 0.951076 0.982387
male.bmp
  21 -22.358959 0.859856 0.341388 -0.309829 -0.351683 0.883360 0.951076 0.964775
  20 -22.306456 0.640770 0.186054 -0.502252 -0.825644 0.257012 0.978474 0.988258
  20 -22.263937 0.840302 0.387496 -0.435197 -0.223359 0.872189 0.951076 0.982387
male.bmp
  34 -19.876361 -3.138167 0.301687 0.600902 -0.385642 0.700141 0.524462 0.976517
  33 -20.126361 -3.084153 0.444412 -0.216057 -0.726708 0.652086 0.499022 0.974560
  33 -20.115361 -3.076370 0.404182 -0.318938 -0.910932 -0.261687 0.497065 0.982387
male.bmp
  33 -20.115361 -3.076370 0.404182 -0.318938 -0.910932 -0.261687 0.497065 0.982387
  33 -20.126361 -3.084153 0.444412 -0.216057 -0.726708 0.652086 0.499022 0.974560
  33 -20.360456 -2.971817 0.302709 -0.687735 -0.083546 0.721139 0.473581 0.964775
male.bmp
  33 -20.126361 -3.084153 0.444412 -0.216057 -0.726708 0.652086 0.499022 0.974560
  33 -20.320994 -2.538322 0.337707 -0.745631 0.011429 0.666261 0.471624 0.921722
  33 -20.360456 -2.971817 0.302709 -0.687735 -0.083546 0.721139 0.473581 0.964775
male.bmp
  33 -20.360456 -2.971817 0.302709 -0.687735 -0.083546 0.721139 0.473581 0.964775
  33 -20.320994 -2.538322 0.337707 -0.745631 0.011429 0.666261 0.471624 0.921722
  33 -20.496813 -2.956388 0.116781 -0.888060 -0.420318 0.186228 0.452055 0.962818
male.bmp
  33 -20.320994 -2.538322 0.337707 -0.745631 0.011429 0.666261 0.471624 0.921722
  33 -20.454062 -2.544036 0.101359 -0.980072 0.105483 0.168320 0.444227 0.921722
  33 -20.496813 -2.956388 0.116781 -0.888060 -0.420318 0.186228 0.452055 0.962818
male.bmp
  32 -20.405643 -1.570984 0.383540 -0.713681 -0.620013 0.325949 0.784736 0.033268
  26 -20.810448 -1.381647 0.080561 -0.302718 -0.864364 0.401543 0.763209 0.060665
  32 -20.383527 -1.590888 0.052308 -0.891681 -0.241293 -0.382991 0.763209 0.021526
male.bmp
  32 -20.383527 -1.590888 0.052308 -0.891681 -0.241293 -0.382991 0.763209 0.021526
  26 -20.810448 -1.381647 0.080561 -0.302718 -0.864364 0.401543 0.763209 0.060665
  19 -20.824794 -1.358604 -0.156136 -0.349394 -0.752974 -0.557633 0.741683 0.039139
male.bmp
  26 -20.810448 -1.381647 0.080561 -0.302718 -0.864364 0.401543 0.763209 0.060665
  26 -21.165284 -1.294585 0.042979 -0.070803 -0.967314 0.243495 0.722114 0.064579
  19 -20.824794 -1.358604 -0.156136 -0.349394 -0.752974 -0.557633 0.741683 0.039139
male.bmp
  19 -20.824794 -1.358604 -0.156136 -0.349394 -0.752974 -0.557633 0.741683 0.039139
  26 -21.165284 -1.294585 0.042979 -0.070803 -0.967314 0.243495 0.722114 0.064579
  26 -21.202411 -1.274752 -0.302895 -0.034099 -0.723758 -0.689210 0.710372 0.039139
male.bmp
  26 -21.165284 -1.294585 0.042979 -0.070803 -0.967314 0.243495 0.722114 0.064579
  26 -22.065682 -1.344496 -0.269738 -0.179394 -0.773323 -0.608103 0.643836 0.029354
  26 -21.202411 -1.274752 -0.302895 -0.034099 -0.723758 -0.689210 0.710372 0.039139
male.bmp
  19 -20.878208 0.074224 -0.495328 -0.156400 -0.231599 -0.960157 0.622309 0.551859
  23 -21.526780 -0.428304 -0.257489 -0.241911 -0.745276 -0.621323 0.589041 0.614481
  23 -21.519263 -0.047475 -0.381636 -0.227194 0.211962 -0.950502 0.577299 0.583170
male.bmp
  23 -21.519263 -0.047475 -0.381636 -0.227194 0.211962 -0.950502 0.577299 0.583170
  23 -21.526780 -0.428304 -0.257489 -0.241911 -0.745276 -0.621323 0.589041 0.614481
  23 -22.515635 -0.029577 -0.287180 -0.500054 0.185718 -0.845846 0.502935 0.610568
male.bmp
  23 -21.526780 -0.428304 -0.257489 -0.241911 -0.745276 -0.621323 0.589041 0.614481
  23 -22.524934 -0.352893 -0.180035 -0.479544 -0.593856 -0.646044 0.514677 0.639922
  23 -22.515635 -0.029577 -0.287180 -0.500054 0.185718 -0.845846 0.502935 0.610568
male.bmp
  23 -22.515635 -0.029577 -0.287180 -0.500054 0.185718 -0.845846 0.502935 0.610568
  23 -22.524934 -0.352893 -0.180035 -0.479544 -0.593856 -0.646044 0.514677 0.639922
  23 -22.541342 -0.041636 -0.219403 -0.924638 -0.016213 -0.380502 0.500978 0.614481
male.bmp
  23 -22.524934 -0.352893 -0.180035 -0.479544 -0.593856 -0.646044 0.514677 0.639922
  23 -22.561811 -0.326737 -0.122973 -0.837158 -0.403451 -0.369316 0.508806 0.639922
  23 -22.541342 -0.041636 -0.219403 -0.924638 -0.016213 -0.380502 0.500978 0.614481
male.bmp
  19 -20.880726 -0.570628 -0.349179 -0.169161 -0.160862 -0.972372 0.643836 0.606654
  26 -21.202411 -1.274752 -0.302895 -0.034099 -0.723758 -0.689210 0.643836 0.673190
  26 -21.391667 -0.899491 -0.363409 -0.188637 0.197148 -0.962054 0.614481 0.647750
male.bmp
  26 -21.391667 -0.899491 -0.363409 -0.188637 0.197148 -0.962054 0.614481 0.647750
  26 -21.202411 -1.274752 -0.302895 -0.034099 -0.723758 -0.689210 0.643836 0.673190
  26 -22.169300 -0.991092 -0.396499 -0.325008 0.164012 -0.931381 0.553816 0.681018
male.bmp
  26 -21.202411 -1.274752 -0.302895 -0.034099 -0.723758 -0.689210 0.643836 0.673190
  26 -22.065682 -1.344496 -0.269738 -0.179394 -0.773323 -0.608103 0.575342 0.708415
  26 -22.169300 -0.991092 -0.396499 -0.325008 0.164012 -0.931381 0.553816 0.681018
male.bmp
  26 -22.169300 -0.991092 -0.396499 -0.325008 0.164012 -0.931381 0.553816 0.681018
  26 -22.065682 -1.344496 -0.269738 -0.179394 -0.773323 -0.608103 0.575342 0.708415
  26 -22.205057 -1.014803 -0.363952 -0.637277 -0.093013 -0.765001 0.551859 0.684932
male.bmp
  26 -22.065682 -1.344496 -0.269738 -0.179394 -0.773323 -0.608103 0.575342 0.708415
  26 -22.121194 -1.321609 -0.243384 -0.498273 -0.649888 -0.573907 0.569472 0.708415
  26 -22.205057 -1.014803 -0.363952 -0.637277 -0.093013 -0.765001 0.551859 0.684932
male.bmp
  19 -18.261392 0.412310 -0.849503 -0.629217 0.059637 -0.774939 0.821918 0.438356
  19 -18.583608 -0.186070 -0.887197 0.068332 -0.152997 -0.985861 0.818004 0.499022
  19 -18.554692 0.593248 -0.892554 0.231257 0.255927 -0.938627 0.794521 0.432485
male.bmp
  19 -18.554692 0.593248 -0.892554 0.231257 0.255927 -0.938627 0.794521 0.432485
  19 -18.583608 -0.186070 -0.887197 0.068332 -0.152997 -0.985861 0.818004 0.499022
  19 -19.078469 0.679786 -1.005557 0.112560 0.170260 -0.978949 0.747554 0.444227
male.bmp
  19 -18.583608 -0.186070 -0.887197 0.068332 -0.152997 -0.985861 0.818004 0.499022
  19 -19.109432 -0.089104 -0.857066 -0.169161 -0.160862 -0.972372 0.771037 0.506849
  19 -19.078469 0.679786 -1.005557 0.112560 0.170260 -0.978949 0.747554 0.444227
male.bmp
  19 -19.078469 0.679786 -1.005557 0.112560 0.170260 -0.978949 0.747554 0.444227
  19 -19.109432 -0.089104 -0.857066 -0.169161 -0.160862 -0.972372 0.771037 0.506849
  19 -19.637045 0.281053 -0.854548 -0.230722 -0.361992 -0.903177 0.714286 0.495108
male.bmp
  19 -19.109432 -0.089104 -0.857066 -0.169161 -0.160862 -0.972372 0.771037 0.506849
  19 -19.846617 -0.040402 -0.570037 -0.274410 -0.219812 -0.936153 0.710372 0.528376
  19 -19.637045 0.281053 -0.854548 -0.230722 -0.361992 -0.903177 0.714286 0.495108
male.bmp
  26 -22.324565 -0.770495 -0.114489 -0.886055 0.255133 -0.387056 0.604697 0.107632
  26 -22.320820 -0.830176 0.134959 -0.996989 0.036626 0.068342 0.606654 0.101761
  26 -22.315293 -0.715418 -0.101049 -0.636341 0.720519 -0.275540 0.614481 0.111546
male.bmp
  26 -22.315293 -0.715418 -0.101049 -0.636341 0.720519 -0.275540 0.614481 0.111546
  26 -22.320820 -0.830176 0.134959 -0.996989 0.036626 0.068342 0.606654 0.101761
  26 -22.315735 -0.803774 0.172068 -0.747247 0.526748 0.405165 0.614481 0.103718
male.bmp
  26 -22.320820 -0.830176 0.134959 -0.996989 0.036626 0.068342 0.606654 0.101761
  26 -22.298949 -0.982507 0.275377 -0.967716 -0.190467 0.165067 0.610568 0.086106
  26 -22.315735 -0.803774 0.172068 -0.747247 0.526748 0.405165 0.614481 0.103718
male.bmp
  26 -22.315735 -0.803774 0.172068 -0.747247 0.526748 0.405165 0.614481 0.103718
  26 -22.298949 -0.982507 0.275377 -0.967716 -0.190467 0.165067 0.610568 0.086106
  26 -22.292238 -0.963341 0.333580 -0.658844 0.105905 0.744788 0.618395 0.090020
male.bmp
  26 -22.298949 -0.982507 0.275377 -0.967716 -0.190467 0.165067 0.610568 0.086106
  26 -22.228990 -1.175861 0.260538 -0.864679 -0.433512 0.253766 0.620352 0.066536
  26 -22.292238 -0.963341 0.333580 -0.658844 0.105905 0.744788 0.618395 0.090020
male.bmp
  19 -17.478937 1.088691 -0.302899 0.178136 0.983741 -0.022829 0.021526 0.947162
  19 -17.466174 1.019248 -0.532714 0.178489 0.877124 -0.445864 0.039139 0.947162
  19 -17.898409 1.039937 -0.326694 0.588362 0.806804 0.053819 0.025440 0.890411
male.bmp
  19 -17.898409 1.039937 -0.326694 0.588362 0.806804 0.053819 0.025440 0.890411
  19 -17.466174 1.019248 -0.532714 0.178489 0.877124 -0.445864 0.039139 0.947162
  19 -17.887336 0.970422 -0.526556 0.625506 0.690235 -0.363754 0.043053 0.890411
male.bmp
  19 -17.466174 1.019248 -0.532714 0.178489 0.877124 -0.445864 0.039139 0.947162
  19 -17.878744 0.820811 -0.686690 0.613576 0.526299 -0.588672 0.060665 0.890411
  19 -17.887336 0.970422 -0.526556 0.625506 0.690235 -0.363754 0.043053 0.890411
male.bmp
  19 -17.887336 0.970422 -0.526556 0.625506 0.690235 -0.363754 0.043053 0.890411
  19 -17.878744 0.820811 -0.686690 0.613576 0.526299 -0.588672 0.060665 0.890411
  19 -17.895545 1.000524 -0.556995 0.600041 0.698929 -0.389166 0.039139 0.884540
male.bmp
  19 -17.878744 0.820811 -0.686690 0.613576 0.526299 -0.588672 0.060665 0.890411
  19 -17.886388 0.850937 -0.727111 0.613576 0.526299 -0.588672 0.058708 0.884540
  19 -17.895545 1.000524 -0.556995 0.600041 0.698929 -0.389166 0.039139 0.884540
male.bmp
  23 -22.578448 -0.474756 0.225041 -0.502560 -0.808607 0.305923 0.587084 0.131115
  23 -22.611800 -0.208503 0.388125 -0.590306 -0.252422 0.766696 0.583170 0.154599
  23 -22.591326 -0.423062 0.189517 -0.920977 -0.386936 -0.045635 0.581213 0.131115
male.bmp
  23 -22.591326 -0.423062 0.189517 -0.920977 -0.386936 -0.045635 0.581213 0.131115
  23 -22.611800 -0.208503 0.388125 -0.590306 -0.252422 0.766696 0.583170 0.154599
  23 -22.624602 -0.200843 0.344797 -0.962662 -0.146670 0.227530 0.573386 0.154599
male.bmp
  23 -22.611800 -0.208503 0.388125 -0.590306 -0.252422 0.766696 0.583170 0.154599
  23 -22.624679 0.009745 0.386662 -0.582227 0.263130 0.769268 0.581213 0.176125
  23 -22.624602 -0.200843 0.344797 -0.962662 -0.146670 0.227530 0.573386 0.154599
male.bmp
  23 -22.624602 -0.200843 0.344797 -0.962662 -0.146670 0.227530 0.573386 0.154599
  23 -22.624679 0.009745 0.386662 -0.582227 0.263130 0.769268 0.581213 0.176125
  23 -22.636886 -0.001767 0.349000 -0.956399 0.097887 0.275170 0.571429 0.176125
male.bmp
  23 -22.624679 0.009745 0.386662 -0.582227 0.263130 0.769268 0.581213 0.176125
  23 -22.627882 0.164582 0.204961 -0.936651 0.332759 0.109351 0.569472 0.191781
  23 -22.636886 -0.001767 0.349000 -0.956399 0.097887 0.275170 0.571429 0.176125
male.bmp
  19 -20.225576 1.595286 -0.651997 0.202304 0.843029 -0.498372 0.622309 0.401174
  29 -20.706267 1.465914 -0.458847 -0.024516 0.350538 -0.936227 0.594912 0.432485
  29 -20.652724 1.713775 -0.149334 0.242895 0.927017 -0.285730 0.585127 0.393346
male.bmp
  29 -20.652724 1.713775 -0.149334 0.242895 0.927017 -0.285730 0.585127 0.393346
  29 -20.706267 1.465914 -0.458847 -0.024516 0.350538 -0.936227 0.594912 0.432485
  29 -21.523277 2.051716 -0.117188 -0.174272 0.900946 -0.397399 0.508806 0.399217
male.bmp
  29 -20.706267 1.465914 -0.458847 -0.024516 0.350538 -0.936227 0.594912 0.432485
  29 -21.587195 1.823606 -0.336688 -0.401106 0.439651 -0.803630 0.510763 0.432485
  29 -21.523277 2.051716 -0.117188 -0.174272 0.900946 -0.397399 0.508806 0.399217
male.bmp
  29 -21.523277 2.051716 -0.117188 -0.174272 0.900946 -0.397399 0.508806 0.399217
  29 -21.587195 1.823606 -0.336688 -0.401106 0.439651 -0.803630 0.510763 0.432485
  29 -21.583202 1.998020 -0.086760 -0.736408 0.612263 -0.287815 0.504892 0.399217
male.bmp
  29 -21.587195 1.823606 -0.336688 -0.401106 0.439651 -0.803630 0.510763 0.432485
  29 -21.620352 1.821882 -0.280140 -0.832016 0.444558 -0.331840 0.504892 0.430528
  29 -21.583202 1.998020 -0.086760 -0.736408 0.612263 -0.287815 0.504892 0.399217
male.bmp
  19 -18.257982 0.422456 -0.909382 -0.629217 0.059637 -0.774939 0.091977 0.839530
  19 -17.876612 -0.418937 -0.789738 0.758398 -0.166972 -0.630042 0.201566 0.890411
  19 -18.243149 -0.397719 -0.860456 -0.452257 -0.200121 -0.869146 0.199609 0.841487
male.bmp
  19 -18.243149 -0.397719 -0.860456 -0.452257 -0.200121 -0.869146 0.199609 0.841487
  19 -17.876612 -0.418937 -0.789738 0.758398 -0.166972 -0.630042 0.201566 0.890411
  19 -18.253296 -0.798103 -0.701746 -0.499058 -0.437559 -0.747986 0.244618 0.843444
male.bmp
  19 -17.876612 -0.418937 -0.789738 0.758398 -0.166972 -0.630042 0.201566 0.890411
  19 -17.886703 -0.799322 -0.630977 0.739835 -0.368448 -0.562930 0.242661 0.888454
  19 -18.253296 -0.798103 -0.701746 -0.499058 -0.437559 -0.747986 0.244618 0.843444
male.bmp
  19 -18.253296 -0.798103 -0.701746 -0.499058 -0.437559 -0.747986 0.244618 0.843444
  19 -17.886703 -0.799322 -0.630977 0.739835 -0.368448 -0.562930 0.242661 0.888454
  19 -18.258361 -1.138736 -0.452460 -0.504052 -0.582840 -0.637361 0.287671 0.843444
male.bmp
  19 -17.886703 -0.799322 -0.630977 0.739835 -0.368448 -0.562930 0.242661 0.888454
  19 -17.912244 -1.119921 -0.372782 0.718613 -0.514372 -0.467992 0.283757 0.888454
  19 -18.258361 -1.138736 -0.452460 -0.504052 -0.582840 -0.637361 0.287671 0.843444
male.bmp
  19 -17.507421 -0.840450 -0.609669 0.838096 0.259190 0.480016 0.602740 0.749511
  19 -17.541706 -1.120970 -0.371902 0.876460 0.315208 0.363953 0.618395 0.767123
  19 -17.505280 -0.880352 -0.649708 0.866495 -0.313103 -0.388784 0.600783 0.753425
male.bmp
  19 -17.505280 -0.880352 -0.649708 0.866495 -0.313103 -0.388784 0.600783 0.753425
  19 -17.541706 -1.120970 -0.371902 0.876460 0.315208 0.363953 0.618395 0.767123
  19 -17.530736 -1.170951 -0.391436 0.862630 -0.379886 -0.334001 0.616438 0.771037
male.bmp
  19 -17.541706 -1.120970 -0.371902 0.876460 0.315208 0.363953 0.618395 0.767123
  19 -17.544600 -1.291532 -0.152129 0.888549 0.405062 0.215419 0.632094 0.774951
  19 -17.530736 -1.170951 -0.391436 0.862630 -0.379886 -0.334001 0.616438 0.771037
male.bmp
  19 -17.530736 -1.170951 -0.391436 0.862630 -0.379886 -0.334001 0.616438 0.771037
  19 -17.544600 -1.291532 -0.152129 0.888549 0.405062 0.215419 0.632094 0.774951
  19 -17.534222 -1.351537 -0.161705 0.847452 -0.474391 -0.238282 0.632094 0.778865
male.bmp
  19 -17.544600 -1.291532 -0.152129 0.888549 0.405062 0.215419 0.632094 0.774951
  19 -17.532541 -1.442371 0.158680 0.832330 -0.554012 0.017258 0.651663 0.782779
  19 -17.534222 -1.351537 -0.161705 0.847452 -0.474391 -0.238282 0.632094 0.778865
male.bmp
  19 -17.568193 -0.244518 1.030963 0.816727 0.002576 0.577019 0.565558 0.722114
  19 -17.556748 0.415889 0.862942 0.790743 0.265619 0.551518 0.579256 0.774951
  19 -17.619269 -0.254419 1.048088 -0.028933 0.018565 0.999409 0.559687 0.722114
male.bmp
  19 -17.619269 -0.254419 1.048088 -0.028933 0.018565 0.999409 0.559687 0.722114
  19 -17.556748 0.415889 0.862942 0.790743 0.265619 0.551518 0.579256 0.774951
  19 -17.597755 0.435959 0.880707 -0.048031 0.500085 0.864643 0.573386 0.778865
male.bmp
  19 -17.556748 0.415889 0.862942 0.790743 0.265619 0.551518 0.579256 0.774951
  19 -17.493796 0.927154 0.306843 0.813215 0.466472 0.347972 0.624266 0.814090
  19 -17.597755 0.435959 0.880707 -0.048031 0.500085 0.864643 0.573386 0.778865
male.bmp
  19 -17.597755 0.435959 0.880707 -0.048031 0.500085 0.864643 0.573386 0.778865
  19 -17.493796 0.927154 0.306843 0.813215 0.466472 0.347972 0.624266 0.814090
  19 -17.533676 0.947272 0.304640 0.062749 0.888313 0.454932 0.622309 0.819961
male.bmp
  19 -17.493796 0.927154 0.306843 0.813215 0.466472 0.347972 0.624266 0.814090
  19 -17.429665 1.058518 -0.290176 0.865611 0.495924 0.069117 0.671233 0.823875
  19 -17.533676 0.947272 0.304640 0.062749 0.888313 0.454932 0.622309 0.819961
male.bmp
  18 -12.306407 -0.881233 -1.053018 -0.039992 -0.526505 -0.849231 0.121331 0.338552
  18 -9.606645 0.052112 -1.280732 0.078836 0.135322 -0.987660 0.170254 0.469667
  18 -9.704718 -1.022216 -0.971536 -0.036451 -0.579749 -0.813980 0.107632 0.471624
male.bmp
  18 -12.306407 -0.881233 -1.053018 -0.039992 -0.526505 -0.849231 0.121331 0.338552
  18 -12.199089 0.252604 -1.301606 -0.019532 0.162989 -0.986435 0.170254 0.340509
  18 -9.606645 0.052112 -1.280732 0.078836 0.135322 -0.987660 0.170254 0.469667
male.bmp
  18 -12.306407 -0.881233 -1.053018 -0.039992 -0.526505 -0.849231 0.121331 0.338552
  18 -14.160147 0.318737 -1.163114 -0.084824 0.223960 -0.970900 0.183953 0.230920
  18 -12.199089 0.252604 -1.301606 -0.019532 0.162989 -0.986435 0.170254 0.340509
male.bmp
  18 -12.306407 -0.881233 -1.053018 -0.039992 -0.526505 -0.849231 0.121331 0.338552
  18 -14.172445 -0.362311 -1.079912 -0.092615 -0.260940 -0.960902 0.144814 0.228963
  18 -14.160147 0.318737 -1.163114 -0.084824 0.223960 -0.970900 0.183953 0.230920
male.bmp
  18 -12.306407 -0.881233 -1.053018 -0.039992 -0.526505 -0.849231 0.121331 0.338552
  18 -14.227096 -0.855434 -0.834877 -0.087890 -0.593215 -0.800232 0.119374 0.227006
  18 -14.172445 -0.362311 -1.079912 -0.092615 -0.260940 -0.960902 0.144814 0.228963
male.bmp
  13 22.409870 2.235551 -0.184549 0.035301 0.276453 -0.960379 0.943249 0.534247
  13 22.370234 2.418684 0.037692 -0.357492 0.895206 -0.266094 0.970646 0.524462
  14 22.515644 2.297469 -0.151313 -0.026576 0.295196 -0.955067 0.941292 0.510763
male.bmp
  14 22.515644 2.297469 -0.151313 -0.026576 0.295196 -0.955067 0.941292 0.510763
  13 22.370234 2.418684 0.037692 -0.357492 0.895206 -0.266094 0.970646 0.524462
  14 22.955775 2.496118 -0.096339 0.205610 0.524257 -0.826365 0.941292 0.395303
male.bmp
  13 22.370234 2.418684 0.037692 -0.357492 0.895206 -0.266094 0.970646 0.524462
  14 22.912514 2.625038 0.064310 -0.149124 0.944295 -0.293375 0.962818 0.391389
  14 22.955775 2.496118 -0.096339 0.205610 0.524257 -0.826365 0.941292 0.395303
male.bmp
  14 22.955775 2.496118 -0.096339 0.205610 0.524257 -0.826365 0.941292 0.395303
  14 22.912514 2.625038 0.064310 -0.149124 0.944295 -0.293375 0.962818 0.391389
  14 23.022560 2.629780 0.092007 0.452305 0.881109 -0.138086 0.949119 0.369863
male.bmp
  14 22.732213 2.440817 0.252604 -0.113278 0.378646 0.918583 0.921722 0.751468
  13 22.496211 2.313461 0.294904 -0.121113 0.301537 0.945731 0.921722 0.814090
  14 22.813093 2.318181 0.248305 0.158268 -0.199571 0.967017 0.949119 0.747554
male.bmp
  14 22.813093 2.318181 0.248305 0.158268 -0.199571 0.967017 0.949119 0.747554
  13 22.496211 2.313461 0.294904 -0.121113 0.301537 0.945731 0.921722 0.814090
  13 22.539975 2.158992 0.283758 0.181832 -0.399534 0.898504 0.949119 0.818004
male.bmp
  13 22.496211 2.313461 0.294904 -0.121113 0.301537 0.945731 0.921722 0.814090
  13 21.768462 1.938590 0.201341 -0.227949 0.225683 0.947157 0.919765 0.964775
  13 22.539975 2.158992 0.283758 0.181832 -0.399534 0.898504 0.949119 0.818004
male.bmp
  13 22.539975 2.158992 0.283758 0.181832 -0.399534 0.898504 0.949119 0.818004
  13 21.768462 1.938590 0.201341 -0.227949 0.225683 0.947157 0.919765 0.964775
  13 21.808801 1.812483 0.214361 0.133335 -0.237163 0.962276 0.951076 0.964775
male.bmp
  7 23.874658 -0.348619 0.163956 0.028969 -0.971464 0.235410 0.884540 0.530333
  7 22.713801 -0.409202 0.123481 0.048576 -0.955126 0.292189 0.888454 0.628180
  7 23.746180 -0.331678 -0.112280 0.086667 -0.772939 -0.628533 0.904110 0.542074
male.bmp
  7 23.746180 -0.331678 -0.112280 0.086667 -0.772939 -0.628533 0.904110 0.542074
  7 22.713801 -0.409202 0.123481 0.048576 -0.955126 0.292189 0.888454 0.628180
  7 22.636881 -0.335025 -0.165623 -0.003023 -0.728101 -0.685463 0.908023 0.634051
male.bmp
  7 22.713801 -0.409202 0.123481 0.048576 -0.955126 0.292189 0.888454 0.628180
  6 22.599468 -0.415873 0.159201 0.124024 -0.932770 0.338464 0.882583 0.643836
  7 22.636881 -0.335025 -0.165623 -0.003023 -0.728101 -0.685463 0.908023 0.634051
male.bmp
  7 22.636881 -0.335025 -0.165623 -0.003023 -0.728101 -0.685463 0.908023 0.634051
  6 22.599468 -0.415873 0.159201 0.124024 -0.932770 0.338464 0.882583 0.643836
  6 22.562027 -0.321130 -0.163324 -0.027496 -0.677574 -0.734941 0.906067 0.645793
male.bmp
  9 22.320743 -0.832391 0.126354 0.294225 0.813458 0.501714 0.892368 0.986301
  10 22.398221 -0.792986 -0.108525 0.271259 0.934225 -0.231607 0.872798 0.970646
  9 22.321859 -0.772197 -0.122996 0.341758 0.864577 -0.368385 0.872798 0.988258
male.bmp
  9 22.320743 -0.832391 0.126354 0.294225 0.813458 0.501714 0.892368 0.986301
  10 22.390556 -0.854431 0.121183 0.238670 0.827540 0.508148 0.894325 0.966732
  10 22.398221 -0.792986 -0.108525 0.271259 0.934225 -0.231607 0.872798 0.970646
male.bmp
  9 22.320743 -0.832391 0.126354 0.294225 0.813458 0.501714 0.892368 0.986301
  10 22.358582 -0.994570 0.260248 0.155599 0.273587 0.949178 0.919765 0.964775
  10 22.390556 -0.854431 0.121183 0.238670 0.827540 0.508148 0.894325 0.966732
male.bmp
  9 22.320743 -0.832391 0.126354 0.294225 0.813458 0.501714 0.892368 0.986301
  9 22.289952 -0.982859 0.266752 0.226830 0.241560 0.943502 0.919765 0.982387
  10 22.358582 -0.994570 0.260248 0.155599 0.273587 0.949178 0.919765 0.964775
male.bmp
  3 22.134074 1.246858 0.297367 0.236146 0.865716 0.441329 0.618395 0.285714
  3 22.110727 1.269494 -0.002370 0.374749 0.874162 -0.308875 0.622309 0.301370
  2 20.968801 1.003874 -0.137021 0.744410 0.593352 0.306246 0.726027 0.281800
male.bmp
  3 22.134074 1.246858 0.297367 0.236146 0.865716 0.441329 0.618395 0.285714
  3 22.146079 1.215270 0.036487 0.895292 0.422565 -0.141038 0.616438 0.301370
  3 22.110727 1.269494 -0.002370 0.374749 0.874162 -0.308875 0.622309 0.301370
male.bmp
  3 22.134074 1.246858 0.297367 0.236146 0.865716 0.441329 0.618395 0.285714
  3 22.174010 1.216532 0.267611 0.688066 0.697868 0.198859 0.612524 0.285714
  3 22.146079 1.215270 0.036487 0.895292 0.422565 -0.141038 0.616438 0.301370
male.bmp
  3 22.134074 1.246858 0.297367 0.236146 0.865716 0.441329 0.618395 0.285714
  3 22.193645 1.064169 0.425725 0.429941 0.416944 0.800817 0.614481 0.272016
  3 22.174010 1.216532 0.267611 0.688066 0.697868 0.198859 0.612524 0.285714
male.bmp
  12 21.737127 1.741664 0.270461 0.644758 0.066167 0.761518 0.651663 0.330724
  12 21.743041 1.776693 0.222109 0.910697 0.343491 0.229444 0.647750 0.338552
  12 21.656187 1.926067 0.249383 0.412693 0.525788 0.743796 0.657534 0.354207
male.bmp
  12 21.737127 1.741664 0.270461 0.644758 0.066167 0.761518 0.651663 0.330724
  12 21.799959 1.602970 0.082535 0.983293 0.182027 0.000636 0.643836 0.324853
  12 21.743041 1.776693 0.222109 0.910697 0.343491 0.229444 0.647750 0.338552
male.bmp
  12 21.737127 1.741664 0.270461 0.644758 0.066167 0.761518 0.651663 0.330724
  12 21.799281 1.559308 0.092183 0.885742 -0.426104 0.184111 0.647750 0.318982
  12 21.799959 1.602970 0.082535 0.983293 0.182027 0.000636 0.643836 0.324853
male.bmp
  12 21.737127 1.741664 0.270461 0.644758 0.066167 0.761518 0.651663 0.330724
  2 20.968801 1.003874 -0.137021 0.744410 0.593352 0.306246 0.726027 0.281800
  12 21.799281 1.559308 0.092183 0.885742 -0.426104 0.184111 0.647750 0.318982
male.bmp
  6 22.576326 -0.467483 0.193855 0.498983 -0.810142 0.307711 0.516634 0.659491
  6 22.562027 -0.321130 -0.163324 0.837336 -0.405908 -0.366207 0.508806 0.639922
  6 22.599468 -0.415873 0.159201 0.919982 -0.389680 -0.042211 0.510763 0.657534
male.bmp
  6 22.576326 -0.467483 0.193855 0.498983 -0.810142 0.307711 0.516634 0.659491
  6 22.525289 -0.346995 -0.220606 0.480202 -0.595208 -0.644308 0.514677 0.639922
  6 22.562027 -0.321130 -0.163324 0.837336 -0.405908 -0.366207 0.508806 0.639922
male.bmp
  6 22.576326 -0.467483 0.193855 0.498983 -0.810142 0.307711 0.516634 0.659491
  6 21.537190 -0.419336 -0.301401 0.242025 -0.745921 -0.620504 0.589041 0.614481
  6 22.525289 -0.346995 -0.220606 0.480202 -0.595208 -0.644308 0.514677 0.639922
male.bmp
  6 22.576326 -0.467483 0.193855 0.498983 -0.810142 0.307711 0.516634 0.659491
  6 21.160520 -0.390479 0.251851 0.604660 -0.053834 0.794662 0.592955 0.626223
  6 21.537190 -0.419336 -0.301401 0.242025 -0.745921 -0.620504 0.589041 0.614481
male.bmp
  2 17.594870 -1.045294 0.890694 -0.758051 -0.303778 0.577129 0.694716 0.763209
  2 17.566283 -1.302227 0.409791 -0.896158 0.431716 -0.102576 0.663405 0.776908
  2 17.556916 -1.362264 0.420173 -0.813679 -0.498899 0.298373 0.663405 0.782779
male.bmp
  2 17.556916 -1.362264 0.420173 -0.813679 -0.498899 0.298373 0.663405 0.782779
  2 17.566283 -1.302227 0.409791 -0.896158 0.431716 -0.102576 0.663405 0.776908
  2 17.528702 -1.410757 0.191367 -0.834870 -0.549327 0.035097 0.651663 0.782779
male.bmp
  2 17.566283 -1.302227 0.409791 -0.896158 0.431716 -0.102576 0.663405 0.776908
  2 17.538069 -1.350720 0.180984 -0.892380 0.445789 0.070210 0.651663 0.778865
  2 17.528702 -1.410757 0.191367 -0.834870 -0.549327 0.035097 0.651663 0.782779
male.bmp
  2 17.528702 -1.410757 0.191367 -0.834870 -0.549327 0.035097 0.651663 0.782779
  2 17.538069 -1.350720 0.180984 -0.892380 0.445789 0.070210 0.651663 0.778865
  2 17.534689 -1.258844 -0.119095 -0.881198 0.409749 0.235787 0.632094 0.774951
male.bmp
  2 18.538208 0.617568 -0.883942 -0.250720 0.258642 -0.932869 0.951076 0.332681
  2 18.544749 0.932977 -0.693483 -0.282394 0.632051 -0.721641 0.947162 0.317025
  2 19.164477 1.135898 -0.769386 -0.253553 0.674796 -0.693081 0.882583 0.342466
male.bmp
  2 18.538208 0.617568 -0.883942 -0.250720 0.258642 -0.932869 0.951076 0.332681
  2 18.251112 0.852254 -0.643502 0.605482 0.470961 -0.641550 0.970646 0.309198
  2 18.544749 0.932977 -0.693483 -0.282394 0.632051 -0.721641 0.947162 0.317025
male.bmp
  2 18.538208 0.617568 -0.883942 -0.250720 0.258642 -0.932869 0.951076 0.332681
  2 18.239484 0.653158 -0.784308 0.638949 0.326308 -0.696611 0.972603 0.315068
  2 18.251112 0.852254 -0.643502 0.605482 0.470961 -0.641550 0.970646 0.309198
male.bmp
  2 18.538208 0.617568 -0.883942 -0.250720 0.258642 -0.932869 0.951076 0.332681
  2 18.245629 0.433395 -0.826335 0.612069 0.057248 -0.788729 0.974560 0.322896
  2 18.239484 0.653158 -0.784308 0.638949 0.326308 -0.696611 0.972603 0.315068
male.bmp
  2 18.278502 1.060061 -0.303260 0.709867 0.700866 -0.069824 0.966732 0.295499
  2 18.546528 1.068452 -0.513086 -0.273153 0.851362 -0.447850 0.945205 0.307241
  2 18.263342 0.991285 -0.493101 0.658794 0.640910 -0.393985 0.968689 0.301370
male.bmp
  2 18.278502 1.060061 -0.303260 0.709867 0.700866 -0.069824 0.966732 0.295499
  2 18.568676 1.155489 -0.320903 -0.335016 0.942212 -0.000409 0.941292 0.299413
  2 18.546528 1.068452 -0.513086 -0.273153 0.851362 -0.447850 0.945205 0.307241
male.bmp
  2 18.278502 1.060061 -0.303260 0.709867 0.700866 -0.069824 0.966732 0.295499
  2 18.672194 0.929353 0.225399 -0.213999 0.757286 0.617027 0.935421 0.272016
  2 18.568676 1.155489 -0.320903 -0.335016 0.942212 -0.000409 0.941292 0.299413
male.bmp
  2 18.278502 1.060061 -0.303260 0.709867 0.700866 -0.069824 0.966732 0.295499
  2 18.341808 0.836414 0.252055 0.736670 0.584335 0.340396 0.964775 0.264188
  2 18.672194 0.929353 0.225399 -0.213999 0.757286 0.617027 0.935421 0.272016
male.bmp
  2 18.261198 1.061477 -0.522573 0.625751 0.637401 -0.449617 0.031311 0.837573
  2 18.251112 0.852254 -0.643502 0.605482 0.470961 -0.641550 0.050881 0.829746
  2 18.247302 0.892574 -0.693098 0.656288 0.464564 -0.594530 0.050881 0.837573
male.bmp
  2 18.261198 1.061477 -0.522573 0.625751 0.637401 -0.449617 0.031311 0.837573
  2 18.263342 0.991285 -0.493101 0.658794 0.640910 -0.393985 0.031311 0.827789
  2 18.251112 0.852254 -0.643502 0.605482 0.470961 -0.641550 0.050881 0.829746
male.bmp
  2 18.261198 1.061477 -0.522573 0.625751 0.637401 -0.449617 0.031311 0.837573
  2 18.278502 1.060061 -0.303260 0.709867 0.700866 -0.069824 0.011742 0.827789
  2 18.263342 0.991285 -0.493101 0.658794 0.640910 -0.393985 0.031311 0.827789
male.bmp
  2 18.261198 1.061477 -0.522573 0.625751 0.637401 -0.449617 0.031311 0.837573
  2 18.277175 1.140188 -0.322700 0.604090 0.794458 -0.062544 0.011742 0.835616
  2 18.278502 1.060061 -0.303260 0.709867 0.700866 -0.069824 0.011742 0.827789
male.bmp
  31 -22.945732 2.477210 -0.146691 -0.181868 0.510709 -0.840298 0.941292 0.395303
  31 -22.907727 2.608745 0.013165 0.155337 0.940114 -0.303408 0.962818 0.391389
  30 -22.360961 2.407858 0.005542 0.362917 0.892133 -0.269055 0.970646 0.524462
male.bmp
  31 -22.945732 2.477210 -0.146691 -0.181868 0.510709 -0.840298 0.941292 0.395303
  31 -23.022491 2.607504 0.049603 -0.450355 0.877383 -0.165469 0.949119 0.369863
  31 -22.907727 2.608745 0.013165 0.155337 0.940114 -0.303408 0.962818 0.391389
male.bmp
  31 -22.945732 2.477210 -0.146691 -0.181868 0.510709 -0.840298 0.941292 0.395303
  31 -23.110426 2.545018 0.080636 -0.891247 0.451418 0.043596 0.925636 0.365949
  31 -23.022491 2.607504 0.049603 -0.450355 0.877383 -0.165469 0.949119 0.369863
male.bmp
  31 -22.945732 2.477210 -0.146691 -0.181868 0.510709 -0.840298 0.941292 0.395303
  31 -23.037912 2.430262 -0.109292 -0.713473 0.155635 -0.683180 0.925636 0.385519
  31 -23.110426 2.545018 0.080636 -0.891247 0.451418 0.043596 0.925636 0.365949
male.bmp
  27 -23.351634 -1.011750 -0.081550 -0.270435 0.934491 -0.231497 0.878669 0.825832
  27 -22.387900 -0.857638 0.122570 -0.238939 0.837373 0.491645 0.894325 0.966732
  27 -22.405576 -0.796960 -0.096989 -0.270435 0.934491 -0.231497 0.872798 0.970646
male.bmp
  27 -22.405576 -0.796960 -0.096989 -0.270435 0.934491 -0.231497 0.872798 0.970646
  27 -22.387900 -0.857638 0.122570 -0.238939 0.837373 0.491645 0.894325 0.966732
  26 -22.320820 -0.830176 0.134959 -0.284091 0.816018 0.503396 0.892368 0.986301
male.bmp
  27 -22.387900 -0.857638 0.122570 -0.238939 0.837373 0.491645 0.894325 0.966732
  27 -22.365721 -0.999786 0.261862 -0.154210 0.273964 0.949296 0.919765 0.964775
  26 -22.320820 -0.830176 0.134959 -0.284091 0.816018 0.503396 0.892368 0.986301
male.bmp
  26 -22.320820 -0.830176 0.134959 -0.284091 0.816018 0.503396 0.892368 0.986301
  27 -22.365721 -0.999786 0.261862 -0.154210 0.273964 0.949296 0.919765 0.964775
  26 -22.298949 -0.982507 0.275377 -0.214450 0.244698 0.945587 0.919765 0.982387
male.bmp
  29 -21.733609 1.727253 0.273049 -0.644766 0.066868 0.761450 0.651663 0.330724
  29 -21.795919 1.544930 0.094791 -0.886157 -0.425251 0.184087 0.647750 0.318982
  19 -20.965739 0.994378 -0.092024 -0.734013 0.597993 0.321916 0.726027 0.281800
male.bmp
  29 -21.733609 1.727253 0.273049 -0.644766 0.066868 0.761450 0.651663 0.330724
  29 -21.792251 1.597260 0.082621 -0.983121 0.182955 0.000517 0.643836 0.324853
  29 -21.795919 1.544930 0.094791 -0.886157 -0.425251 0.184087 0.647750 0.318982
male.bmp
  29 -21.733609 1.727253 0.273049 -0.644766 0.066868 0.761450 0.651663 0.330724
  29 -21.739486 1.762280 0.224692 -0.910400 0.344367 0.229312 0.647750 0.338552
  29 -21.792251 1.597260 0.082621 -0.983121 0.182955 0.000517 0.643836 0.324853
male.bmp
  29 -21.733609 1.727253 0.273049 -0.644766 0.066868 0.761450 0.651663 0.330724
  29 -21.652496 1.911577 0.251952 -0.412274 0.526271 0.743686 0.657534 0.354207
  29 -21.739486 1.762280 0.224692 -0.910400 0.344367 0.229312 0.647750 0.338552
male.bmp
  19 -20.757159 1.484726 -0.154106 -0.002721 0.535355 0.844622 0.741683 0.318982
  19 -20.658632 1.694167 -0.290219 0.237040 0.814256 0.529905 0.747554 0.340509
  29 -21.538843 2.075828 0.137914 -0.050430 0.903064 0.426535 0.667319 0.369863
male.bmp
  19 -20.757159 1.484726 -0.154106 -0.002721 0.535355 0.844622 0.741683 0.318982
  19 -20.309181 1.588194 -0.249555 0.159917 0.864249 0.476970 0.780822 0.332681
  19 -20.658632 1.694167 -0.290219 0.237040 0.814256 0.529905 0.747554 0.340509
male.bmp
  19 -20.757159 1.484726 -0.154106 -0.002721 0.535355 0.844622 0.741683 0.318982
  19 -20.482696 1.230495 0.090510 -0.079929 0.606572 0.791001 0.769080 0.299413
  19 -20.309181 1.588194 -0.249555 0.159917 0.864249 0.476970 0.780822 0.332681
male.bmp
  19 -20.757159 1.484726 -0.154106 -0.002721 0.535355 0.844622 0.741683 0.318982
  19 -20.867378 1.181913 0.018683 -0.362713 0.371830 0.854507 0.733855 0.291585
  19 -20.482696 1.230495 0.090510 -0.079929 0.606572 0.791001 0.769080 0.299413
male.bmp
  23 -22.578448 -0.474756 0.225041 -0.502560 -0.808607 0.305923 0.516634 0.659491
  23 -21.526780 -0.428304 -0.257489 -0.241911 -0.745276 -0.621323 0.589041 0.614481
  23 -21.152110 -0.398811 0.297085 -0.607811 -0.051923 0.792382 0.592955 0.626223
male.bmp
  23 -22.578448 -0.474756 0.225041 -0.502560 -0.808607 0.305923 0.516634 0.659491
  23 -22.524934 -0.352893 -0.180035 -0.479544 -0.593856 -0.646044 0.514677 0.639922
  23 -21.526780 -0.428304 -0.257489 -0.241911 -0.745276 -0.621323 0.589041 0.614481
male.bmp
  23 -22.578448 -0.474756 0.225041 -0.502560 -0.808607 0.305923 0.516634 0.659491
  23 -22.561811 -0.326737 -0.122973 -0.837158 -0.403451 -0.369316 0.508806 0.639922
  23 -22.524934 -0.352893 -0.180035 -0.479544 -0.593856 -0.646044 0.514677 0.639922
male.bmp
  23 -22.578448 -0.474756 0.225041 -0.502560 -0.808607 0.305923 0.516634 0.659491
  23 -22.591326 -0.423062 0.189517 -0.920977 -0.386936 -0.045635 0.510763 0.657534
  23 -22.561811 -0.326737 -0.122973 -0.837158 -0.403451 -0.369316 0.508806 0.639922
male.bmp
  20 -22.123784 1.242667 -0.015814 -0.378790 0.869393 -0.317292 0.483366 0.493151
  20 -22.132129 0.976983 -0.263691 -0.566401 0.276913 -0.776214 0.489237 0.518591
  20 -22.147728 1.192261 0.010375 -0.897257 0.413288 -0.155318 0.479452 0.497065
male.bmp
  20 -22.147728 1.192261 0.010375 -0.897257 0.413288 -0.155318 0.479452 0.497065
  20 -22.132129 0.976983 -0.263691 -0.566401 0.276913 -0.776214 0.489237 0.518591
  20 -22.141954 0.979783 -0.190920 -0.988542 0.105980 -0.107488 0.485323 0.518591
male.bmp
  20 -22.132129 0.976983 -0.263691 -0.566401 0.276913 -0.776214 0.489237 0.518591
  20 -22.204473 0.631150 -0.151595 -0.599391 -0.536956 -0.593640 0.497065 0.549902
  20 -22.141954 0.979783 -0.190920 -0.988542 0.105980 -0.107488 0.485323 0.518591
male.bmp
  20 -22.141954 0.979783 -0.190920 -0.988542 0.105980 -0.107488 0.485323 0.518591
  20 -22.204473 0.631150 -0.151595 -0.599391 -0.536956 -0.593640 0.497065 0.549902
  20 -22.228988 0.694712 -0.105131 -0.916558 -0.015499 -0.399601 0.491194 0.545988
male.bmp
  19 -18.810316 -0.137208 0.740843 -0.067768 0.061091 0.995829 0.931507 0.183953
  19 -18.736814 0.455099 0.595346 0.068369 0.459549 0.885517 0.935421 0.236791
  19 -19.070226 0.514929 0.611371 0.025626 0.389755 0.920562 0.904110 0.240705
male.bmp
  19 -19.070226 0.514929 0.611371 0.025626 0.389755 0.920562 0.904110 0.240705
  19 -18.736814 0.455099 0.595346 0.068369 0.459549 0.885517 0.935421 0.236791
  19 -18.662054 0.907318 0.219036 0.232015 0.756909 0.610949 0.935421 0.272016
male.bmp
  19 -18.736814 0.455099 0.595346 0.068369 0.459549 0.885517 0.935421 0.236791
  19 -18.331642 0.819696 0.239259 -0.725568 0.588976 0.355891 0.964775 0.264188
  19 -18.662054 0.907318 0.219036 0.232015 0.756909 0.610949 0.935421 0.272016
male.bmp
  19 -18.662054 0.907318 0.219036 0.232015 0.756909 0.610949 0.935421 0.272016
  19 -18.331642 0.819696 0.239259 -0.725568 0.588976 0.355891 0.964775 0.264188
  19 -18.279522 1.030992 -0.318179 -0.707279 0.704792 -0.054999 0.966732 0.295499
male.bmp
  20 -22.142284 1.215578 0.274054 -0.250877 0.864854 0.434844 0.618395 0.285714
  20 -22.180817 1.187463 0.253443 -0.697618 0.691762 0.186532 0.612524 0.285714
  20 -22.198843 1.044751 0.409032 -0.445420 0.415428 0.793108 0.614481 0.272016
male.bmp
  20 -22.142284 1.215578 0.274054 -0.250877 0.864854 0.434844 0.618395 0.285714
  20 -22.147728 1.192261 0.010375 -0.897257 0.413288 -0.155318 0.616438 0.301370
  20 -22.180817 1.187463 0.253443 -0.697618 0.691762 0.186532 0.612524 0.285714
male.bmp
  20 -22.142284 1.215578 0.274054 -0.250877 0.864854 0.434844 0.618395 0.285714
  20 -22.123784 1.242667 -0.015814 -0.378790 0.869393 -0.317292 0.622309 0.301370
  20 -22.147728 1.192261 0.010375 -0.897257 0.413288 -0.155318 0.616438 0.301370
male.bmp
  20 -22.142284 1.215578 0.274054 -0.250877 0.864854 0.434844 0.618395 0.285714
  19 -20.965739 0.994378 -0.092024 -0.734013 0.597993 0.321916 0.726027 0.281800
  20 -22.123784 1.242667 -0.015814 -0.378790 0.869393 -0.317292 0.622309 0.301370
male.bmp
  19 -18.554692 0.593248 -0.892554 0.231257 0.255927 -0.938627 0.951076 0.332681
  19 -18.253603 0.632158 -0.798450 -0.652512 0.328969 -0.682648 0.972603 0.315068
  19 -18.261392 0.412310 -0.849503 -0.629217 0.059637 -0.774939 0.974560 0.322896
male.bmp
  19 -18.554692 0.593248 -0.892554 0.231257 0.255927 -0.938627 0.951076 0.332681
  19 -18.260956 0.821818 -0.658181 -0.616991 0.473513 -0.628576 0.970646 0.309198
  19 -18.253603 0.632158 -0.798450 -0.652512 0.328969 -0.682648 0.972603 0.315068
male.bmp
  19 -18.554692 0.593248 -0.892554 0.231257 0.255927 -0.938627 0.951076 0.332681
  19 -18.555188 0.908951 -0.702472 0.269755 0.629440 -0.728723 0.947162 0.317025
  19 -18.260956 0.821818 -0.658181 -0.616991 0.473513 -0.628576 0.970646 0.309198
male.bmp
  19 -18.554692 0.593248 -0.892554 0.231257 0.255927 -0.938627 0.951076 0.332681
  19 -19.175303 1.115282 -0.764796 0.241802 0.672387 -0.699591 0.882583 0.342466
  19 -18.555188 0.908951 -0.702472 0.269755 0.629440 -0.728723 0.947162 0.317025
male.bmp
  19 -17.869701 0.631224 -0.856911 0.670418 0.274581 -0.689308 0.082192 0.886497
  19 -17.870999 0.371202 -0.847600 0.726655 0.009375 -0.686938 0.105675 0.890411
  19 -17.867561 0.391348 -0.907452 0.726655 0.009375 -0.686938 0.105675 0.886497
male.bmp
  19 -17.869701 0.631224 -0.856911 0.670418 0.274581 -0.689308 0.082192 0.886497
  19 -17.872011 0.611128 -0.817027 0.689577 0.243931 -0.681896 0.084149 0.890411
  19 -17.870999 0.371202 -0.847600 0.726655 0.009375 -0.686938 0.105675 0.890411
male.bmp
  19 -17.869701 0.631224 -0.856911 0.670418 0.274581 -0.689308 0.082192 0.886497
  19 -17.878744 0.820811 -0.686690 0.613576 0.526299 -0.588672 0.060665 0.890411
  19 -17.872011 0.611128 -0.817027 0.689577 0.243931 -0.681896 0.084149 0.890411
male.bmp
  19 -17.869701 0.631224 -0.856911 0.670418 0.274581 -0.689308 0.082192 0.886497
  19 -17.886388 0.850937 -0.727111 0.613576 0.526299 -0.588672 0.058708 0.884540
  19 -17.878744 0.820811 -0.686690 0.613576 0.526299 -0.588672 0.060665 0.890411
male.bmp
  19 -18.267125 1.031526 -0.537828 -0.632039 0.640321 -0.436480 0.031311 0.837573
  19 -18.279522 1.030992 -0.318179 -0.707279 0.704792 -0.054999 0.011742 0.827789
  19 -18.278169 1.111040 -0.337940 -0.600842 0.797788 -0.050225 0.011742 0.835616
male.bmp
  19 -18.267125 1.031526 -0.537828 -0.632039 0.640321 -0.436480 0.031311 0.837573
  19 -18.268985 0.971453 -0.508032 -0.663804 0.644099 -0.380132 0.031311 0.827789
  19 -18.279522 1.030992 -0.318179 -0.707279 0.704792 -0.054999 0.011742 0.827789
male.bmp
  19 -18.267125 1.031526 -0.537828 -0.632039 0.640321 -0.436480 0.031311 0.837573
  19 -18.260956 0.821818 -0.658181 -0.616991 0.473513 -0.628576 0.050881 0.829746
  19 -18.268985 0.971453 -0.508032 -0.663804 0.644099 -0.380132 0.031311 0.827789
male.bmp
  19 -18.267125 1.031526 -0.537828 -0.632039 0.640321 -0.436480 0.031311 0.837573
  19 -18.257997 0.871938 -0.707972 -0.666771 0.467468 -0.580422 0.050881 0.837573
  19 -18.260956 0.821818 -0.658181 -0.616991 0.473513 -0.628576 0.050881 0.829746
male.bmp
  18 -16.253515 -1.288921 0.188607 -0.090024 -0.987508 -0.129321 0.072407 0.107632
  18 -16.205222 -1.094082 -0.239418 -0.075431 -0.853573 -0.515484 0.099804 0.111546
  18 -14.321376 -1.422897 -0.200607 -0.071450 -0.914252 -0.398795 0.080235 0.221135
male.bmp
  18 -16.253515 -1.288921 0.188607 -0.090024 -0.987508 -0.129321 0.072407 0.107632
  19 -17.696783 -1.151209 -0.110298 -0.010436 -0.883606 -0.468115 0.086106 0.019569
  18 -16.205222 -1.094082 -0.239418 -0.075431 -0.853573 -0.515484 0.099804 0.111546
male.bmp
  18 -16.253515 -1.288921 0.188607 -0.090024 -0.987508 -0.129321 0.072407 0.107632
  19 -17.721645 -1.231808 0.148518 -0.055860 -0.998205 -0.021601 0.068493 0.017613
  19 -17.696783 -1.151209 -0.110298 -0.010436 -0.883606 -0.468115 0.086106 0.019569
male.bmp
  18 -16.253515 -1.288921 0.188607 -0.090024 -0.987508 -0.129321 0.072407 0.107632
  19 -17.793242 -1.182140 0.354932 -0.102689 -0.901357 0.420726 0.056751 0.015656
  19 -17.721645 -1.231808 0.148518 -0.055860 -0.998205 -0.021601 0.068493 0.017613
male.bmp
  13 22.370234 2.418684 0.037692 -0.357492 0.895206 -0.266094 0.878669 0.825832
  13 21.648416 2.054777 -0.067897 -0.385232 0.809642 -0.442805 0.872798 0.970646
  13 21.671221 2.092332 0.102307 -0.378847 0.811603 0.444719 0.894325 0.966732
male.bmp
  13 21.671221 2.092332 0.102307 -0.378847 0.811603 0.444719 0.894325 0.966732
  13 21.648416 2.054777 -0.067897 -0.385232 0.809642 -0.442805 0.872798 0.970646
  12 21.600855 2.065066 0.107547 -0.324337 0.854257 0.406265 0.892368 0.986301
male.bmp
  13 21.648416 2.054777 -0.067897 -0.385232 0.809642 -0.442805 0.872798 0.970646
  12 21.591293 2.003946 -0.086807 -0.398807 0.759382 -0.514094 0.872798 0.988258
  12 21.600855 2.065066 0.107547 -0.324337 0.854257 0.406265 0.892368 0.986301
male.bmp
  5 24.071764 1.186411 0.202574 0.376045 -0.851638 0.365108 0.968689 0.706458
  4 23.411554 1.136594 0.338775 0.146656 -0.472960 0.868793 0.949119 0.818004
  4 23.430212 1.004685 0.169211 0.252142 -0.928017 0.274243 0.972603 0.829746
male.bmp
  4 23.430212 1.004685 0.169211 0.252142 -0.928017 0.274243 0.972603 0.829746
  4 23.411554 1.136594 0.338775 0.146656 -0.472960 0.868793 0.949119 0.818004
  4 22.351344 0.883955 0.363808 0.313090 -0.350549 0.882661 0.951076 0.964775
male.bmp
  4 23.411554 1.136594 0.338775 0.146656 -0.472960 0.868793 0.949119 0.818004
  4 22.311577 1.079397 0.368394 0.006928 0.375679 0.926724 0.919765 0.964775
  4 22.351344 0.883955 0.363808 0.313090 -0.350549 0.882661 0.951076 0.964775
male.bmp
  17 20.450560 -3.143697 0.018941 0.991732 0.059015 -0.113955 0.606654 0.962818
  17 20.477425 -3.720291 0.069113 0.978800 -0.202667 0.029609 0.626223 0.898239
  17 20.391822 -3.695396 -0.153041 0.728020 -0.190148 -0.658658 0.653620 0.900196
male.bmp
  17 20.391822 -3.695396 -0.153041 0.728020 -0.190148 -0.658658 0.653620 0.900196
  17 20.477425 -3.720291 0.069113 0.978800 -0.202667 0.029609 0.626223 0.898239
  17 20.262485 -3.995507 -0.126481 0.329368 -0.681523 -0.653485 0.679061 0.864971
male.bmp
  17 20.477425 -3.720291 0.069113 0.978800 -0.202667 0.029609 0.626223 0.898239
  17 20.325170 -4.048229 0.095084 0.554529 -0.830217 0.056895 0.653620 0.859100
  17 20.262485 -3.995507 -0.126481 0.329368 -0.681523 -0.653485 0.679061 0.864971
male.bmp
  11 24.106138 -1.452342 -0.004867 0.984434 -0.167519 -0.053179 0.925636 0.365949
  11 23.899205 -1.354588 -0.299863 0.492444 0.364263 -0.790450 0.941292 0.395303
  11 24.075728 -1.306881 -0.043809 0.898970 0.382254 -0.213856 0.949119 0.369863
male.bmp
  11 24.075728 -1.306881 -0.043809 0.898970 0.382254 -0.213856 0.949119 0.369863
  11 23.899205 -1.354588 -0.299863 0.492444 0.364263 -0.790450 0.941292 0.395303
  11 23.962596 -1.215358 -0.075817 0.468236 0.839948 -0.274305 0.962818 0.391389
male.bmp
  11 23.899205 -1.354588 -0.299863 0.492444 0.364263 -0.790450 0.941292 0.395303
  10 23.353876 -1.009612 -0.084084 0.271259 0.934225 -0.231607 0.970646 0.524462
  11 23.962596 -1.215358 -0.075817 0.468236 0.839948 -0.274305 0.962818 0.391389
male.bmp
  5 24.211772 1.442278 0.177477 0.976755 0.205498 0.060995 0.925636 0.365949
  5 24.049130 1.441987 -0.111223 0.363178 0.512288 -0.778243 0.941292 0.395303
  5 24.151115 1.552746 0.132563 0.705509 0.695916 -0.134007 0.949119 0.369863
male.bmp
  5 24.151115 1.552746 0.132563 0.705509 0.695916 -0.134007 0.949119 0.369863
  5 24.049130 1.441987 -0.111223 0.363178 0.512288 -0.778243 0.941292 0.395303
  5 24.025797 1.594088 0.094010 0.094598 0.952080 -0.290853 0.962818 0.391389
male.bmp
  5 24.049130 1.441987 -0.111223 0.363178 0.512288 -0.778243 0.941292 0.395303
  4 23.256003 1.465770 0.029023 -0.179743 0.925100 -0.334488 0.970646 0.524462
  5 24.025797 1.594088 0.094010 0.094598 0.952080 -0.290853 0.962818 0.391389
male.bmp
  8 24.682694 -0.022363 0.420915 0.630210 0.222246 0.743937 0.925636 0.681018
  8 24.254809 -0.028702 0.355533 -0.030291 0.261643 0.964689 0.921722 0.751468
  8 24.639720 -0.236036 0.398624 0.331807 -0.508352 0.794658 0.956947 0.688845
male.bmp
  8 24.639720 -0.236036 0.398624 0.331807 -0.508352 0.794658 0.956947 0.688845
  8 24.254809 -0.028702 0.355533 -0.030291 0.261643 0.964689 0.921722 0.751468
  8 24.291938 -0.209404 0.347257 -0.038269 -0.338092 0.940335 0.949119 0.747554
male.bmp
  8 24.254809 -0.028702 0.355533 -0.030291 0.261643 0.964689 0.921722 0.751468
  7 23.849388 -0.033777 0.382900 -0.009266 0.251470 0.967821 0.921722 0.814090
  8 24.291938 -0.209404 0.347257 -0.038269 -0.338092 0.940335 0.949119 0.747554
male.bmp
  17 20.325170 -4.048229 0.095084 0.554529 -0.830217 0.056895 0.772994 0.845401
  17 20.477425 -3.720291 0.069113 0.978800 -0.202667 0.029609 0.812133 0.886497
  17 20.288165 -3.943123 0.304329 0.470584 -0.538141 0.699253 0.759295 0.866928
male.bmp
  17 20.288165 -3.943123 0.304329 0.470584 -0.538141 0.699253 0.759295 0.866928
  17 20.477425 -3.720291 0.069113 0.978800 -0.202667 0.029609 0.812133 0.886497
  17 20.391689 -3.661268 0.277116 0.790301 -0.087332 0.606463 0.786693 0.902153
male.bmp
  17 20.477425 -3.720291 0.069113 0.978800 -0.202667 0.029609 0.812133 0.886497
  17 20.450560 -3.143697 0.018941 0.991732 0.059015 -0.113955 0.835616 0.951076
  17 20.391689 -3.661268 0.277116 0.790301 -0.087332 0.606463 0.786693 0.902153
male.bmp
  11 24.047333 -1.419824 0.152246 0.717340 0.019554 0.696449 0.925636 0.681018
  11 23.946400 -1.565013 0.140698 0.263874 -0.604657 0.751505 0.956947 0.688845
  11 24.055112 -1.436663 0.114089 0.931619 -0.216234 0.292111 0.923679 0.671233
male.bmp
  11 24.055112 -1.436663 0.114089 0.931619 -0.216234 0.292111 0.923679 0.671233
  11 23.946400 -1.565013 0.140698 0.263874 -0.604657 0.751505 0.956947 0.688845
  11 24.005189 -1.589852 0.043092 0.630478 -0.772033 0.080392 0.956947 0.673190
male.bmp
  11 23.946400 -1.565013 0.140698 0.263874 -0.604657 0.751505 0.956947 0.688845
  11 23.853920 -1.631017 0.038274 0.005244 -0.964557 0.263824 0.968689 0.706458
  11 24.005189 -1.589852 0.043092 0.630478 -0.772033 0.080392 0.956947 0.673190
male.bmp
  8 24.604119 -0.306411 0.011351 0.470487 -0.799109 -0.374254 0.904110 0.393346
  8 23.948101 -0.310273 -0.104520 0.074786 -0.763747 -0.641168 0.908023 0.518591
  8 24.442589 -0.180768 -0.145881 0.233658 -0.276617 -0.932141 0.923679 0.414873
male.bmp
  8 24.442589 -0.180768 -0.145881 0.233658 -0.276617 -0.932141 0.923679 0.414873
  8 23.948101 -0.310273 -0.104520 0.074786 -0.763747 -0.641168 0.908023 0.518591
  8 23.966389 -0.032199 -0.185394 0.058929 0.284339 -0.956911 0.941292 0.510763
male.bmp
  8 23.948101 -0.310273 -0.104520 0.074786 -0.763747 -0.641168 0.908023 0.518591
  7 23.744509 -0.053359 -0.194350 0.051712 0.217247 -0.974746 0.943249 0.534247
  8 23.966389 -0.032199 -0.185394 0.058929 0.284339 -0.956911 0.941292 0.510763
male.bmp
  2 20.491408 1.232833 0.059382 0.101031 0.604918 0.789852 0.769080 0.299413
  2 20.761769 1.485878 -0.190965 0.024637 0.534058 0.845089 0.741683 0.318982
  2 20.312266 1.601624 -0.279000 -0.144306 0.864418 0.481619 0.780822 0.332681
male.bmp
  2 20.312266 1.601624 -0.279000 -0.144306 0.864418 0.481619 0.780822 0.332681
  2 20.761769 1.485878 -0.190965 0.024637 0.534058 0.845089 0.741683 0.318982
  2 20.662385 1.708456 -0.317779 -0.220511 0.814781 0.536196 0.747554 0.340509
male.bmp
  2 20.761769 1.485878 -0.190965 0.024637 0.534058 0.845089 0.741683 0.318982
  12 21.542693 2.090437 0.135359 0.051228 0.902959 0.426662 0.667319 0.369863
  2 20.662385 1.708456 -0.317779 -0.220511 0.814781 0.536196 0.747554 0.340509
male.bmp
  15 18.691769 -1.289700 -0.302088 -0.513018 -0.529030 -0.675973 0.849315 0.587084
  15 19.460106 -1.436576 -0.730906 -0.031794 -0.104583 -0.994008 0.790607 0.620352
  15 18.996867 -1.894243 -0.266851 -0.733730 -0.518009 -0.439667 0.845401 0.647750
male.bmp
  15 18.996867 -1.894243 -0.266851 -0.733730 -0.518009 -0.439667 0.845401 0.647750
  15 19.460106 -1.436576 -0.730906 -0.031794 -0.104583 -0.994008 0.790607 0.620352
  15 19.636329 -1.883389 -0.608420 0.019274 -0.267711 -0.963307 0.792564 0.663405
male.bmp
  15 19.460106 -1.436576 -0.730906 -0.031794 -0.104583 -0.994008 0.790607 0.620352
  15 20.222960 -1.708657 -0.320265 0.717696 0.016649 -0.696158 0.737769 0.673190
  15 19.636329 -1.883389 -0.608420 0.019274 -0.267711 -0.963307 0.792564 0.663405
male.bmp
  15 18.656873 -1.277811 0.357261 -0.429063 -0.652637 0.624475 0.953033 0.074364
  2 18.913077 -0.827865 0.656284 -0.010348 -0.331648 0.943346 0.927593 0.119374
  2 18.381052 -0.896401 0.679155 0.825010 -0.328917 0.459535 0.976517 0.115460
male.bmp
  2 18.381052 -0.896401 0.679155 0.825010 -0.328917 0.459535 0.976517 0.115460
  2 18.913077 -0.827865 0.656284 -0.010348 -0.331648 0.943346 0.927593 0.119374
  2 18.826161 -0.116778 0.742317 0.090352 0.059206 0.994148 0.931507 0.183953
male.bmp
  2 18.913077 -0.827865 0.656284 -0.010348 -0.331648 0.943346 0.927593 0.119374
  2 19.887580 -0.762319 0.632931 0.077597 -0.157691 0.984435 0.839530 0.119374
  2 18.826161 -0.116778 0.742317 0.090352 0.059206 0.994148 0.931507 0.183953
male.bmp
  12 21.799959 1.602970 0.082535 0.983293 0.182027 0.000636 0.493151 0.479452
  12 21.799281 1.559308 0.092183 0.885742 -0.426104 0.184111 0.495108 0.481409
  12 21.742012 1.643833 -0.234124 0.931277 0.119375 -0.344199 0.500978 0.455969
male.bmp
  12 21.742012 1.643833 -0.234124 0.931277 0.119375 -0.344199 0.500978 0.455969
  12 21.799281 1.559308 0.092183 0.885742 -0.426104 0.184111 0.495108 0.481409
  12 21.722722 1.595588 -0.287978 0.717045 -0.290668 -0.633529 0.506849 0.457926
male.bmp
  12 21.799281 1.559308 0.092183 0.885742 -0.426104 0.184111 0.495108 0.481409
  12 21.072354 1.178594 -0.375936 0.524535 -0.394391 -0.754532 0.575342 0.469667
  12 21.722722 1.595588 -0.287978 0.717045 -0.290668 -0.633529 0.506849 0.457926
male.bmp
  3 22.146079 1.215270 0.036487 0.895292 0.422565 -0.141038 0.479452 0.497065
  3 22.135533 1.000791 -0.165719 0.988891 0.115995 -0.092950 0.485323 0.518591
  3 22.136420 1.000839 -0.238515 0.574701 0.285167 -0.767072 0.489237 0.518591
male.bmp
  3 22.136420 1.000839 -0.238515 0.574701 0.285167 -0.767072 0.489237 0.518591
  3 22.135533 1.000791 -0.165719 0.988891 0.115995 -0.092950 0.485323 0.518591
  3 22.211175 0.652644 -0.136183 0.613051 -0.528983 -0.586810 0.497065 0.549902
male.bmp
  3 22.135533 1.000791 -0.165719 0.988891 0.115995 -0.092950 0.485323 0.518591
  3 22.234431 0.716262 -0.089151 0.922286 -0.005147 -0.386474 0.491194 0.545988
  3 22.211175 0.652644 -0.136183 0.613051 -0.528983 -0.586810 0.497065 0.549902
male.bmp
  3 21.187701 0.318156 0.333303 0.669040 0.418092 0.614479 0.702544 0.215264
  2 21.121352 0.430802 0.179865 0.395049 0.102369 0.912939 0.718200 0.223092
  2 21.189260 0.263700 0.283622 0.341260 0.648725 0.680219 0.712329 0.207436
male.bmp
  2 21.189260 0.263700 0.283622 0.341260 0.648725 0.680219 0.712329 0.207436
  2 21.121352 0.430802 0.179865 0.395049 0.102369 0.912939 0.718200 0.223092
  2 20.555116 0.156951 0.584565 0.194421 0.195670 0.961204 0.772994 0.199609
male.bmp
  2 21.121352 0.430802 0.179865 0.395049 0.102369 0.912939 0.718200 0.223092
  2 20.556229 0.705568 0.393731 0.213251 0.398545 0.892012 0.769080 0.250489
  2 20.555116 0.156951 0.584565 0.194421 0.195670 0.961204 0.772994 0.199609
male.bmp
  2 17.590075 -0.216291 1.056922 -0.803597 0.006319 0.595140 0.704501 0.710372
  2 17.596111 -0.215995 1.006291 -0.890988 -0.016836 -0.453715 0.700587 0.710372
  2 17.601847 -0.995064 0.850343 -0.932254 0.220135 -0.287129 0.692759 0.759295
male.bmp
  2 17.601847 -0.995064 0.850343 -0.932254 0.220135 -0.287129 0.692759 0.759295
  2 17.596111 -0.215995 1.006291 -0.890988 -0.016836 -0.453715 0.700587 0.710372
  2 17.773037 -0.864825 0.727331 -0.713844 0.343021 -0.610544 0.684932 0.751468
male.bmp
  2 17.596111 -0.215995 1.006291 -0.890988 -0.016836 -0.453715 0.700587 0.710372
  2 17.766145 -0.205690 0.872566 -0.651712 -0.029805 -0.757881 0.694716 0.710372
  2 17.773037 -0.864825 0.727331 -0.713844 0.343021 -0.610544 0.684932 0.751468
male.bmp
  2 17.807297 -0.316452 -0.636088 -0.748851 0.070578 0.658970 0.712329 0.716243
  2 17.603722 0.364562 -0.695883 -0.502379 -0.092114 0.859727 0.704501 0.769080
  2 17.455166 -0.254482 -0.778437 -0.656373 -0.477243 0.584306 0.724070 0.718200
male.bmp
  2 17.455166 -0.254482 -0.778437 -0.656373 -0.477243 0.584306 0.724070 0.718200
  2 17.603722 0.364562 -0.695883 -0.502379 -0.092114 0.859727 0.704501 0.769080
  2 17.435566 0.365683 -0.792952 -0.792597 -0.071082 0.605589 0.714286 0.767123
male.bmp
  2 17.603722 0.364562 -0.695883 -0.502379 -0.092114 0.859727 0.704501 0.769080
  2 17.429514 0.615446 -0.750738 -0.819456 -0.216002 0.530881 0.706458 0.784736
  2 17.435566 0.365683 -0.792952 -0.792597 -0.071082 0.605589 0.714286 0.767123
male.bmp
  2 18.055856 -0.365477 -0.916830 -0.041979 0.827897 -0.559307 0.412916 0.904110
  2 18.014376 -0.375245 -0.933683 -0.041979 0.827897 -0.559307 0.389432 0.917808
  2 18.058277 -0.345670 -0.886799 -0.041979 0.827897 -0.559307 0.412916 0.876712
male.bmp
  2 18.058277 -0.345670 -0.886799 -0.041979 0.827897 -0.559307 0.412916 0.876712
  2 18.014376 -0.375245 -0.933683 -0.041979 0.827897 -0.559307 0.389432 0.917808
  2 17.978525 -0.345464 -0.880505 -0.041979 0.827897 -0.559307 0.365949 0.876712
male.bmp
  2 18.014376 -0.375245 -0.933683 -0.041979 0.827897 -0.559307 0.389432 0.917808
  2 17.976104 -0.365270 -0.910536 -0.041979 0.827897 -0.559307 0.365949 0.904110
  2 17.978525 -0.345464 -0.880505 -0.041979 0.827897 -0.559307 0.365949 0.876712
male.bmp
  2 17.868358 0.853558 -0.663451 -0.623579 0.530642 -0.574080 0.060665 0.890411
  2 17.854402 0.664655 -0.834101 -0.684085 0.279401 -0.673768 0.082192 0.886497
  2 17.858242 0.634334 -0.784443 -0.703247 0.248849 -0.665971 0.084149 0.890411
male.bmp
  2 17.858242 0.634334 -0.784443 -0.703247 0.248849 -0.665971 0.084149 0.890411
  2 17.854402 0.664655 -0.834101 -0.684085 0.279401 -0.673768 0.082192 0.886497
  2 17.864356 0.404571 -0.826532 -0.741762 0.014516 -0.670506 0.105675 0.890411
male.bmp
  2 17.854402 0.664655 -0.834101 -0.684085 0.279401 -0.673768 0.082192 0.886497
  2 17.850485 0.414918 -0.875528 -0.741762 0.014516 -0.670506 0.105675 0.886497
  2 17.864356 0.404571 -0.826532 -0.741762 0.014516 -0.670506 0.105675 0.890411
male.bmp
  2 18.222407 -0.376469 -0.839760 -0.135681 -0.399201 -0.906768 0.530333 0.383562
  2 17.856640 -0.395770 -0.770900 -0.135681 -0.399201 -0.906768 0.538160 0.328767
  2 18.114779 0.195358 -1.078360 -0.135681 -0.399201 -0.906768 0.612524 0.381605
male.bmp
  2 18.114779 0.195358 -1.078360 -0.135681 -0.399201 -0.906768 0.612524 0.381605
  2 17.856640 -0.395770 -0.770900 -0.135681 -0.399201 -0.906768 0.538160 0.328767
  2 17.904860 0.265964 -1.071374 -0.135681 -0.399201 -0.906768 0.620352 0.360078
male.bmp
  2 17.856640 -0.395770 -0.770900 -0.135681 -0.399201 -0.906768 0.538160 0.328767
  2 17.750555 0.165929 -0.989625 -0.233897 -0.387960 -0.891504 0.614481 0.334638
  2 17.904860 0.265964 -1.071374 -0.135681 -0.399201 -0.906768 0.620352 0.360078
male.bmp
  1 5.320853 -2.259416 0.948585 0.137581 -0.890861 0.432940 0.467710 0.679061
  1 8.718520 -1.621684 0.876078 0.269091 -0.866454 0.420532 0.467710 0.532290
  1 5.239639 -1.388237 1.779399 0.076113 -0.402769 0.912131 0.428571 0.677104
male.bmp
  1 5.239639 -1.388237 1.779399 0.076113 -0.402769 0.912131 0.428571 0.677104
  1 8.718520 -1.621684 0.876078 0.269091 -0.866454 0.420532 0.467710 0.532290
  1 8.633726 -0.930491 1.566919 0.181786 -0.421174 0.888575 0.430528 0.530333
male.bmp
  1 8.718520 -1.621684 0.876078 0.269091 -0.866454 0.420532 0.467710 0.532290
  1 9.180571 -1.427427 0.831655 0.137581 -0.890861 0.432940 0.467710 0.504892
  1 8.633726 -0.930491 1.566919 0.181786 -0.421174 0.888575 0.430528 0.530333
male.bmp
  31 -22.826422 2.300739 0.206613 -0.187021 -0.185069 0.964766 0.949119 0.747554
  30 -22.537370 2.151461 0.250370 -0.207935 -0.386145 0.898696 0.949119 0.818004
  30 -22.507691 2.302011 0.262772 0.091481 0.316557 0.944152 0.921722 0.814090
male.bmp
  30 -22.507691 2.302011 0.262772 0.091481 0.316557 0.944152 0.921722 0.814090
  30 -22.537370 2.151461 0.250370 -0.207935 -0.386145 0.898696 0.949119 0.818004
  30 -21.762133 1.934659 0.204506 0.198435 0.241083 0.950001 0.919765 0.964775
male.bmp
  30 -22.537370 2.151461 0.250370 -0.207935 -0.386145 0.898696 0.949119 0.818004
  30 -21.807797 1.797651 0.211106 -0.161854 -0.222647 0.961370 0.951076 0.964775
  30 -21.762133 1.934659 0.204506 0.198435 0.241083 0.950001 0.919765 0.964775
male.bmp
  30 -22.360961 2.407858 0.005542 0.362917 0.892133 -0.269055 0.878669 0.825832
  30 -21.666693 2.078509 0.108600 0.362890 0.819633 0.443297 0.894325 0.966732
  30 -21.648551 2.040499 -0.070079 0.396249 0.803931 -0.443487 0.872798 0.970646
male.bmp
  30 -21.648551 2.040499 -0.070079 0.396249 0.803931 -0.443487 0.872798 0.970646
  30 -21.666693 2.078509 0.108600 0.362890 0.819633 0.443297 0.894325 0.966732
  29 -21.583790 2.054678 0.107378 0.325082 0.854015 0.406177 0.892368 0.986301
male.bmp
  30 -21.666693 2.078509 0.108600 0.362890 0.819633 0.443297 0.894325 0.966732
  29 -21.682203 1.877119 0.201652 0.183494 0.241966 0.952776 0.919765 0.982387
  29 -21.583790 2.054678 0.107378 0.325082 0.854015 0.406177 0.892368 0.986301
male.bmp
  25 -24.556712 -0.327454 0.267628 -0.150573 -0.943521 0.295122 0.968689 0.706458
  25 -24.297015 -0.216098 0.346729 0.018238 -0.338080 0.940941 0.949119 0.747554
  25 -24.635904 -0.250853 0.391971 -0.347698 -0.509872 0.786852 0.956947 0.688845
male.bmp
  25 -24.635904 -0.250853 0.391971 -0.347698 -0.509872 0.786852 0.956947 0.688845
  25 -24.297015 -0.216098 0.346729 0.018238 -0.338080 0.940941 0.949119 0.747554
  25 -24.259308 -0.032729 0.365546 0.007183 0.261611 0.965147 0.921722 0.751468
male.bmp
  25 -24.297015 -0.216098 0.346729 0.018238 -0.338080 0.940941 0.949119 0.747554
  24 -23.861417 -0.039317 0.397726 -0.013864 0.251349 0.967797 0.921722 0.814090
  25 -24.259308 -0.032729 0.365546 0.007183 0.261611 0.965147 0.921722 0.751468
male.bmp
  24 -23.883302 0.181938 0.051941 -0.044436 0.960393 -0.275083 0.878669 0.825832
  24 -22.721628 0.170126 0.223328 0.030540 0.864595 0.501540 0.894325 0.966732
  24 -22.714714 0.197462 -0.004278 -0.026484 0.941887 -0.334884 0.872798 0.970646
male.bmp
  24 -22.714714 0.197462 -0.004278 -0.026484 0.941887 -0.334884 0.872798 0.970646
  24 -22.721628 0.170126 0.223328 0.030540 0.864595 0.501540 0.894325 0.966732
  23 -22.627882 0.164582 0.204961 0.074542 0.890430 0.448975 0.892368 0.986301
male.bmp
  24 -22.721628 0.170126 0.223328 0.030540 0.864595 0.501540 0.894325 0.966732
  23 -22.636886 -0.001767 0.349000 0.146813 0.323715 0.934695 0.919765 0.982387
  23 -22.627882 0.164582 0.204961 0.074542 0.890430 0.448975 0.892368 0.986301
male.bmp
  27 -23.351634 -1.011750 -0.081550 -0.270435 0.934491 -0.231497 0.970646 0.524462
  28 -23.907533 -1.358007 -0.287556 -0.492916 0.364667 -0.789970 0.941292 0.395303
  28 -23.970504 -1.218656 -0.063467 -0.467581 0.840428 -0.273953 0.962818 0.391389
male.bmp
  28 -23.970504 -1.218656 -0.063467 -0.467581 0.840428 -0.273953 0.962818 0.391389
  28 -23.907533 -1.358007 -0.287556 -0.492916 0.364667 -0.789970 0.941292 0.395303
  28 -24.073925 -1.309329 -0.041498 -0.898774 0.383236 -0.212919 0.949119 0.369863
male.bmp
  28 -23.907533 -1.358007 -0.287556 -0.492916 0.364667 -0.789970 0.941292 0.395303
  28 -24.106472 -1.445031 -0.003742 -0.984685 -0.166398 -0.052032 0.925636 0.365949
  28 -24.073925 -1.309329 -0.041498 -0.898774 0.383236 -0.212919 0.949119 0.369863
male.bmp
  28 -23.862191 -1.635698 0.040669 -0.006058 -0.964495 0.264031 0.968689 0.706458
  28 -23.954460 -1.568284 0.153104 -0.263717 -0.604195 0.751932 0.956947 0.688845
  28 -24.003611 -1.592362 0.045380 -0.631279 -0.771286 0.081268 0.956947 0.673190
male.bmp
  28 -24.003611 -1.592362 0.045380 -0.631279 -0.771286 0.081268 0.956947 0.673190
  28 -23.954460 -1.568284 0.153104 -0.263717 -0.604195 0.751932 0.956947 0.688845
  28 -24.053276 -1.439101 0.116403 -0.931536 -0.215099 0.293211 0.923679 0.671233
male.bmp
  28 -23.954460 -1.568284 0.153104 -0.263717 -0.604195 0.751932 0.956947 0.688845
  28 -24.055226 -1.424259 0.154821 -0.716528 0.020524 0.697256 0.925636 0.681018
  28 -24.053276 -1.439101 0.116403 -0.931536 -0.215099 0.293211 0.923679 0.671233
male.bmp
  21 -23.254964 1.441417 0.019576 0.177378 0.925615 -0.334325 0.970646 0.524462
  22 -24.049351 1.418208 -0.121607 -0.366336 0.512374 -0.776705 0.941292 0.395303
  22 -24.028463 1.558147 0.076839 -0.096867 0.952169 -0.289813 0.962818 0.391389
male.bmp
  22 -24.028463 1.558147 0.076839 -0.096867 0.952169 -0.289813 0.962818 0.391389
  22 -24.049351 1.418208 -0.121607 -0.366336 0.512374 -0.776705 0.941292 0.395303
  22 -24.151181 1.525960 0.112957 -0.706915 0.695012 -0.131263 0.949119 0.369863
male.bmp
  22 -24.049351 1.418208 -0.121607 -0.366336 0.512374 -0.776705 0.941292 0.395303
  22 -24.211610 1.415409 0.157972 -0.976850 0.204063 0.064203 0.925636 0.365949
  22 -24.151181 1.525960 0.112957 -0.706915 0.695012 -0.131263 0.949119 0.369863
male.bmp
  34 -20.480390 -3.152299 0.003778 -0.988031 0.094398 -0.121998 0.835616 0.951076
  34 -20.526532 -3.717377 0.043246 -0.985359 -0.169545 0.017953 0.812133 0.886497
  34 -20.436841 -3.658864 0.263770 -0.798505 -0.068711 0.598054 0.786693 0.902153
male.bmp
  34 -20.436841 -3.658864 0.263770 -0.798505 -0.068711 0.598054 0.786693 0.902153
  34 -20.526532 -3.717377 0.043246 -0.985359 -0.169545 0.017953 0.812133 0.886497
  34 -20.352368 -3.950191 0.280867 -0.495187 -0.531409 0.687310 0.759295 0.866928
male.bmp
  34 -20.526532 -3.717377 0.043246 -0.985359 -0.169545 0.017953 0.812133 0.886497
  34 -20.394157 -4.056181 0.067513 -0.582941 -0.811522 0.040150 0.772994 0.845401
  34 -20.352368 -3.950191 0.280867 -0.495187 -0.531409 0.687310 0.759295 0.866928
male.bmp
  33 -19.881601 -3.184043 -0.134392 0.816908 -0.216855 -0.534448 0.690802 0.986301
  34 -20.018501 -3.656661 -0.145482 0.778140 -0.282095 -0.561178 0.696673 0.919765
  33 -20.050666 -3.098551 -0.288365 0.231127 -0.079338 -0.969683 0.661448 0.990215
male.bmp
  33 -20.050666 -3.098551 -0.288365 0.231127 -0.079338 -0.969683 0.661448 0.990215
  34 -20.018501 -3.656661 -0.145482 0.778140 -0.282095 -0.561178 0.696673 0.919765
  34 -20.208254 -3.611439 -0.279828 0.061697 -0.154387 -0.986082 0.665362 0.917808
male.bmp
  34 -20.018501 -3.656661 -0.145482 0.778140 -0.282095 -0.561178 0.696673 0.919765
  34 -20.129544 -4.000189 -0.116185 0.501275 -0.648174 -0.573231 0.694716 0.876712
  34 -20.208254 -3.611439 -0.279828 0.061697 -0.154387 -0.986082 0.665362 0.917808
male.bmp
  30 -22.494447 2.020517 -0.125411 -0.485648 -0.658418 -0.575006 0.904110 0.542074
  30 -21.777701 1.661810 -0.203552 -0.526212 -0.559141 -0.640673 0.908023 0.634051
  30 -21.853706 1.632189 0.079901 -0.497161 -0.808528 0.314823 0.888454 0.628180
male.bmp
  30 -21.853706 1.632189 0.079901 -0.497161 -0.808528 0.314823 0.888454 0.628180
  30 -21.777701 1.661810 -0.203552 -0.526212 -0.559141 -0.640673 0.908023 0.634051
  29 -21.792251 1.597260 0.082621 -0.551650 -0.786338 0.278126 0.882583 0.643836
male.bmp
  30 -21.777701 1.661810 -0.203552 -0.526212 -0.559141 -0.640673 0.908023 0.634051
  29 -21.737240 1.631517 -0.221846 -0.600449 -0.384064 -0.701396 0.906067 0.645793
  29 -21.792251 1.597260 0.082621 -0.551650 -0.786338 0.278126 0.882583 0.643836
male.bmp
  24 -23.735967 -0.349111 -0.102263 -0.069058 -0.773194 -0.630398 0.904110 0.542074
  24 -22.615507 -0.335263 -0.124118 0.021720 -0.727970 -0.685264 0.908023 0.634051
  24 -22.708398 -0.419449 0.166542 -0.051205 -0.955370 0.290941 0.888454 0.628180
male.bmp
  24 -22.708398 -0.419449 0.166542 -0.051205 -0.955370 0.290941 0.888454 0.628180
  24 -22.615507 -0.335263 -0.124118 0.021720 -0.727970 -0.685264 0.908023 0.634051
  23 -22.591326 -0.423062 0.189517 -0.128089 -0.932350 0.338107 0.882583 0.643836
male.bmp
  24 -22.615507 -0.335263 -0.124118 0.021720 -0.727970 -0.685264 0.908023 0.634051
  23 -22.561811 -0.326737 -0.122973 0.028246 -0.677749 -0.734750 0.906067 0.645793
  23 -22.591326 -0.423062 0.189517 -0.128089 -0.932350 0.338107 0.882583 0.643836
male.bmp
  30 -22.405646 2.219291 -0.202893 -0.006877 0.261413 -0.965202 0.943249 0.534247
  31 -22.588675 2.092327 -0.100047 -0.420092 -0.707804 -0.567922 0.908023 0.518591
  31 -22.512582 2.283456 -0.185950 0.054759 0.280441 -0.958308 0.941292 0.510763
male.bmp
  31 -22.512582 2.283456 -0.185950 0.054759 0.280441 -0.958308 0.941292 0.510763
  31 -22.588675 2.092327 -0.100047 -0.420092 -0.707804 -0.567922 0.908023 0.518591
  31 -22.861661 2.321121 -0.180870 -0.241624 -0.256446 -0.935871 0.923679 0.414873
male.bmp
  31 -22.588675 2.092327 -0.100047 -0.420092 -0.707804 -0.567922 0.908023 0.518591
  31 -23.048830 2.298943 -0.063075 -0.726778 -0.559733 -0.398112 0.904110 0.393346
  31 -22.861661 2.321121 -0.180870 -0.241624 -0.256446 -0.935871 0.923679 0.414873
male.bmp
  24 -23.733862 -0.061199 -0.187125 -0.030386 0.217187 -0.975657 0.943249 0.534247
  25 -23.942185 -0.315486 -0.086651 -0.056930 -0.763951 -0.642758 0.908023 0.518591
  25 -23.957474 -0.040157 -0.177538 -0.038290 0.284244 -0.957987 0.941292 0.510763
male.bmp
  25 -23.957474 -0.040157 -0.177538 -0.038290 0.284244 -0.957987 0.941292 0.510763
  25 -23.942185 -0.315486 -0.086651 -0.056930 -0.763951 -0.642758 0.908023 0.518591
  25 -24.434904 -0.196498 -0.147237 -0.211175 -0.277445 -0.937246 0.923679 0.414873
male.bmp
  25 -23.942185 -0.315486 -0.086651 -0.056930 -0.763951 -0.642758 0.908023 0.518591
  25 -24.590718 -0.318565 0.015309 -0.458459 -0.801024 -0.384936 0.904110 0.393346
  25 -24.434904 -0.196498 -0.147237 -0.211175 -0.277445 -0.937246 0.923679 0.414873
male.bmp
  34 -20.394157 -4.056181 0.067513 -0.582941 -0.811522 0.040150 0.653620 0.859100
  34 -20.526532 -3.717377 0.043246 -0.985359 -0.169545 0.017953 0.626223 0.898239
  34 -20.319876 -4.000263 -0.142143 -0.346156 -0.660769 -0.666003 0.679061 0.864971
male.bmp
  34 -20.319876 -4.000263 -0.142143 -0.346156 -0.660769 -0.666003 0.679061 0.864971
  34 -20.526532 -3.717377 0.043246 -0.985359 -0.169545 0.017953 0.626223 0.898239
  34 -20.442572 -3.696158 -0.167943 -0.727809 -0.156055 -0.667789 0.653620 0.900196
male.bmp
  34 -20.526532 -3.717377 0.043246 -0.985359 -0.169545 0.017953 0.626223 0.898239
  34 -20.480390 -3.152299 0.003778 -0.988031 0.094398 -0.121998 0.606654 0.962818
  34 -20.442572 -3.696158 -0.167943 -0.727809 -0.156055 -0.667789 0.653620 0.900196
male.bmp
  20 -22.147728 1.192261 0.010375 0.175856 0.917203 -0.357509 0.872798 0.988258
  21 -22.220449 1.204674 -0.003453 0.181168 0.907954 -0.377886 0.872798 0.970646
  20 -22.180817 1.187463 0.253443 -0.073426 0.864953 0.496452 0.892368 0.986301
male.bmp
  20 -22.180817 1.187463 0.253443 -0.073426 0.864953 0.496452 0.892368 0.986301
  21 -22.220449 1.204674 -0.003453 0.181168 0.907954 -0.377886 0.872798 0.970646
  21 -22.259518 1.195564 0.219685 0.108594 0.897449 0.427543 0.894325 0.966732
male.bmp
  21 -22.220449 1.204674 -0.003453 0.181168 0.907954 -0.377886 0.872798 0.970646
  21 -23.254964 1.441417 0.019576 0.177378 0.925615 -0.334325 0.878669 0.825832
  21 -22.259518 1.195564 0.219685 0.108594 0.897449 0.427543 0.894325 0.966732
male.bmp
  32 -20.220502 -1.733941 -0.304985 -0.720454 0.004428 -0.693489 0.737769 0.673190
  32 -19.462026 -1.453371 -0.726168 0.029155 -0.110800 -0.993415 0.790607 0.620352
  32 -19.625889 -1.904653 -0.600099 -0.020057 -0.274256 -0.961448 0.792564 0.663405
male.bmp
  32 -19.625889 -1.904653 -0.600099 -0.020057 -0.274256 -0.961448 0.792564 0.663405
  32 -19.462026 -1.453371 -0.726168 0.029155 -0.110800 -0.993415 0.790607 0.620352
  32 -18.987935 -1.904736 -0.266160 0.737539 -0.513077 -0.439076 0.845401 0.647750
male.bmp
  32 -19.462026 -1.453371 -0.726168 0.029155 -0.110800 -0.993415 0.790607 0.620352
  32 -18.694136 -1.302145 -0.297244 0.516067 -0.528005 -0.674452 0.849315 0.587084
  32 -18.987935 -1.904736 -0.266160 0.737539 -0.513077 -0.439076 0.845401 0.647750
male.bmp
  19 -20.543082 0.694467 0.429815 -0.191001 0.400980 0.895954 0.769080 0.250489
  19 -21.114393 0.422620 0.229059 -0.373955 0.105870 0.921384 0.718200 0.223092
  19 -20.540796 0.146116 0.621401 -0.171775 0.198098 0.965013 0.772994 0.199609
male.bmp
  19 -20.540796 0.146116 0.621401 -0.171775 0.198098 0.965013 0.772994 0.199609
  19 -21.114393 0.422620 0.229059 -0.373955 0.105870 0.921384 0.718200 0.223092
  19 -21.180814 0.265650 0.331766 -0.322297 0.651588 0.686701 0.712329 0.207436
male.bmp
  19 -21.114393 0.422620 0.229059 -0.373955 0.105870 0.921384 0.718200 0.223092
  20 -21.195219 0.307636 0.324165 -0.681821 0.413597 0.603372 0.702544 0.215264
  19 -21.180814 0.265650 0.331766 -0.322297 0.651588 0.686701 0.712329 0.207436
male.bmp
  33 -19.785502 -2.318674 -0.475130 0.028929 -0.232617 -0.972138 0.784736 0.772994
  33 -19.921600 -2.779788 -0.407665 0.159147 -0.198200 -0.967155 0.782779 0.724070
  33 -20.260313 -2.095274 -0.318133 -0.685075 0.069288 -0.725170 0.839530 0.776908
male.bmp
  33 -20.260313 -2.095274 -0.318133 -0.685075 0.069288 -0.725170 0.839530 0.776908
  33 -19.921600 -2.779788 -0.407665 0.159147 -0.198200 -0.967155 0.782779 0.724070
  33 -20.338804 -2.612299 -0.263134 -0.643840 0.062884 -0.762572 0.829746 0.724070
male.bmp
  33 -19.921600 -2.779788 -0.407665 0.159147 -0.198200 -0.967155 0.782779 0.724070
  33 -20.447976 -2.966694 -0.204946 -0.728038 -0.457213 -0.510800 0.829746 0.686888
  33 -20.338804 -2.612299 -0.263134 -0.643840 0.062884 -0.762572 0.829746 0.724070
male.bmp
  29 -21.620352 1.821882 -0.280140 -0.832016 0.444558 -0.331840 0.504892 0.430528
  29 -21.719302 1.581089 -0.285369 -0.717255 -0.290088 -0.633556 0.506849 0.457926
  29 -21.737240 1.631517 -0.221846 -0.931133 0.120193 -0.344303 0.500978 0.455969
male.bmp
  29 -21.737240 1.631517 -0.221846 -0.931133 0.120193 -0.344303 0.500978 0.455969
  29 -21.719302 1.581089 -0.285369 -0.717255 -0.290088 -0.633556 0.506849 0.457926
  29 -21.795919 1.544930 0.094791 -0.886157 -0.425251 0.184087 0.495108 0.481409
male.bmp
  29 -21.719302 1.581089 -0.285369 -0.717255 -0.290088 -0.633556 0.506849 0.457926
  29 -21.068005 1.165639 -0.363553 -0.524831 -0.394009 -0.754526 0.575342 0.469667
  29 -21.795919 1.544930 0.094791 -0.886157 -0.425251 0.184087 0.495108 0.481409
male.bmp
  19 -18.662054 0.907318 0.219036 0.232015 0.756909 0.610949 0.935421 0.272016
  19 -18.279522 1.030992 -0.318179 -0.707279 0.704792 -0.054999 0.966732 0.295499
  19 -18.569512 1.132109 -0.329786 0.340242 0.940292 -0.009315 0.941292 0.299413
male.bmp
  19 -18.569512 1.132109 -0.329786 0.340242 0.940292 -0.009315 0.941292 0.299413
  19 -18.279522 1.030992 -0.318179 -0.707279 0.704792 -0.054999 0.966732 0.295499
  19 -18.552163 1.044682 -0.522284 0.267877 0.849178 -0.455125 0.945205 0.307241
male.bmp
  19 -18.279522 1.030992 -0.318179 -0.707279 0.704792 -0.054999 0.966732 0.295499
  19 -18.268985 0.971453 -0.508032 -0.663804 0.644099 -0.380132 0.968689 0.301370
  19 -18.552163 1.044682 -0.522284 0.267877 0.849178 -0.455125 0.945205 0.307241
male.bmp
  33 -20.312390 -3.001287 -0.209366 -0.203586 -0.898478 0.388960 0.782779 0.681018
  33 -20.033247 -3.143872 -0.349542 -0.108003 -0.800676 -0.589283 0.782779 0.684932
  33 -20.050666 -3.098551 -0.288365 -0.348281 -0.785284 0.511888 0.767123 0.681018
male.bmp
  33 -20.050666 -3.098551 -0.288365 -0.348281 -0.785284 0.511888 0.767123 0.681018
  33 -20.033247 -3.143872 -0.349542 -0.108003 -0.800676 -0.589283 0.782779 0.684932
  33 -19.881601 -3.184043 -0.134392 0.706749 -0.573351 -0.414458 0.767123 0.682975
male.bmp
  33 -20.033247 -3.143872 -0.349542 -0.108003 -0.800676 -0.589283 0.782779 0.684932
  33 -19.660446 -2.796365 -0.185350 0.733441 -0.475209 -0.486046 0.759295 0.727984
  33 -19.881601 -3.184043 -0.134392 0.706749 -0.573351 -0.414458 0.767123 0.682975
male.bmp
  19 -17.568193 -0.244518 1.030963 0.816727 0.002576 0.577019 0.704501 0.710372
  19 -17.588516 -1.023915 0.817589 0.926827 0.214443 -0.308231 0.692759 0.759295
  19 -17.575360 -0.244368 0.980480 0.880513 -0.022522 -0.473487 0.700587 0.710372
male.bmp
  19 -17.575360 -0.244368 0.980480 0.880513 -0.022522 -0.473487 0.700587 0.710372
  19 -17.588516 -1.023915 0.817589 0.926827 0.214443 -0.308231 0.692759 0.759295
  19 -17.752214 -0.883169 0.708531 0.701943 0.338117 -0.626860 0.684932 0.751468
male.bmp
  19 -17.588516 -1.023915 0.817589 0.926827 0.214443 -0.308231 0.692759 0.759295
  19 -17.732211 -1.182270 0.338345 0.668226 0.686123 -0.287592 0.661448 0.769080
  19 -17.752214 -0.883169 0.708531 0.701943 0.338117 -0.626860 0.684932 0.751468
male.bmp
  19 -17.443345 0.579828 -0.782891 0.829888 -0.219920 0.512758 0.706458 0.784736
  19 -17.617697 0.340165 -0.723202 0.520947 -0.093779 0.848422 0.704501 0.769080
  19 -17.451753 0.339956 -0.824011 0.805528 -0.074745 0.587825 0.714286 0.767123
male.bmp
  19 -17.451753 0.339956 -0.824011 0.805528 -0.074745 0.587825 0.714286 0.767123
  19 -17.617697 0.340165 -0.723202 0.520947 -0.093779 0.848422 0.704501 0.769080
  19 -17.474628 -0.290028 -0.806800 0.666566 -0.480157 0.570210 0.724070 0.718200
male.bmp
  19 -17.617697 0.340165 -0.723202 0.520947 -0.093779 0.848422 0.704501 0.769080
  19 -17.823837 -0.349431 -0.656384 0.763784 0.067232 0.641961 0.712329 0.716243
  19 -17.474628 -0.290028 -0.806800 0.666566 -0.480157 0.570210 0.724070 0.718200
male.bmp
  19 -17.474628 -0.290028 -0.806800 0.666566 -0.480157 0.570210 0.195695 0.945205
  19 -17.878782 -0.389035 -0.749725 0.781423 -0.137872 -0.608580 0.197652 0.894325
  19 -17.461826 -0.289937 -0.856158 0.781764 -0.542375 -0.307692 0.187867 0.949119
male.bmp
  19 -17.461826 -0.289937 -0.856158 0.781764 -0.542375 -0.307692 0.187867 0.949119
  19 -17.878782 -0.389035 -0.749725 0.781423 -0.137872 -0.608580 0.197652 0.894325
  19 -17.510676 -0.309740 -0.878994 0.116987 -0.629287 -0.768318 0.181996 0.947162
male.bmp
  19 -17.878782 -0.389035 -0.749725 0.781423 -0.137872 -0.608580 0.197652 0.894325
  19 -17.487632 0.380244 -0.896051 0.119337 0.056262 -0.991258 0.101761 0.945205
  19 -17.510676 -0.309740 -0.878994 0.116987 -0.629287 -0.768318 0.181996 0.947162
male.bmp
  19 -18.068912 -0.398029 -0.930749 0.034140 0.826872 -0.561353 0.412916 0.904110
  19 -18.070517 -0.368102 -0.900720 0.034140 0.826872 -0.561353 0.412916 0.876712
  19 -18.037861 -0.408069 -0.949053 0.034140 0.826872 -0.561353 0.389432 0.917808
male.bmp
  19 -18.037861 -0.408069 -0.949053 0.034140 0.826872 -0.561353 0.389432 0.917808
  19 -18.070517 -0.368102 -0.900720 0.034140 0.826872 -0.561353 0.412916 0.876712
  19 -18.000629 -0.368310 -0.896775 0.034140 0.826872 -0.561353 0.365949 0.876712
male.bmp
  19 -18.070517 -0.368102 -0.900720 0.034140 0.826872 -0.561353 0.412916 0.876712
  19 -18.041100 -0.358215 -0.889019 0.034140 0.826872 -0.561353 0.389432 0.863014
  19 -18.000629 -0.368310 -0.896775 0.034140 0.826872 -0.561353 0.365949 0.876712
male.bmp
  19 -17.555909 -1.392923 0.397863 0.817321 -0.503093 0.280863 0.663405 0.782779
  19 -17.532541 -1.442371 0.158680 0.832330 -0.554012 0.017258 0.651663 0.782779
  19 -17.564568 -1.322846 0.377513 0.896060 0.426487 -0.123233 0.663405 0.776908
male.bmp
  19 -17.564568 -1.322846 0.377513 0.896060 0.426487 -0.123233 0.663405 0.776908
  19 -17.532541 -1.442371 0.158680 0.832330 -0.554012 0.017258 0.651663 0.782779
  19 -17.542355 -1.382342 0.158272 0.896234 0.440802 0.049579 0.651663 0.778865
male.bmp
  19 -17.532541 -1.442371 0.158680 0.832330 -0.554012 0.017258 0.651663 0.782779
  19 -17.544600 -1.291532 -0.152129 0.888549 0.405062 0.215419 0.632094 0.774951
  19 -17.542355 -1.382342 0.158272 0.896234 0.440802 0.049579 0.651663 0.778865
male.bmp
  19 -17.772240 0.131349 -1.012878 0.211714 -0.390513 -0.895922 0.614481 0.334638
  19 -17.876612 -0.418937 -0.789738 0.113117 -0.401217 -0.908972 0.538160 0.328767
  19 -17.927194 0.232017 -1.101508 0.113117 -0.401217 -0.908972 0.620352 0.360078
male.bmp
  19 -17.927194 0.232017 -1.101508 0.113117 -0.401217 -0.908972 0.620352 0.360078
  19 -17.876612 -0.418937 -0.789738 0.113117 -0.401217 -0.908972 0.538160 0.328767
  19 -18.138157 0.172592 -1.093527 0.113117 -0.401217 -0.908972 0.612524 0.381605
male.bmp
  19 -17.876612 -0.418937 -0.789738 0.113117 -0.401217 -0.908972 0.538160 0.328767
  19 -18.243149 -0.397719 -0.860456 0.113117 -0.401217 -0.908972 0.530333 0.383562
  19 -18.138157 0.172592 -1.093527 0.113117 -0.401217 -0.908972 0.612524 0.381605
male.bmp
  18 -5.024700 0.473185 1.449877 0.072978 0.679567 0.729974 0.338552 0.677104
  18 -8.481526 -0.122612 1.628428 -0.086995 0.100076 0.991169 0.377691 0.532290
  18 -5.129431 -0.557607 1.839234 -0.009030 0.112756 0.993582 0.377691 0.677104
male.bmp
  18 -5.129431 -0.557607 1.839234 -0.009030 0.112756 0.993582 0.377691 0.677104
  18 -8.481526 -0.122612 1.628428 -0.086995 0.100076 0.991169 0.377691 0.532290
  18 -8.634271 -1.003782 1.517478 -0.176844 -0.417607 0.891252 0.430528 0.530333
male.bmp
  18 -8.481526 -0.122612 1.628428 -0.086995 0.100076 0.991169 0.377691 0.532290
  18 -9.204941 -0.848039 1.433934 -0.077928 -0.398784 0.913728 0.430528 0.504892
  18 -8.634271 -1.003782 1.517478 -0.176844 -0.417607 0.891252 0.430528 0.530333
male.bmp
  3 22.146079 1.215270 0.036487 -0.179705 0.916704 -0.356875 0.974560 0.639922
  4 22.237871 1.021759 -0.191110 -0.115727 0.215341 -0.969657 0.943249 0.634051
  3 22.135533 1.000791 -0.165719 -0.218247 0.220527 -0.950650 0.943249 0.645793
male.bmp
  3 22.135533 1.000791 -0.165719 -0.218247 0.220527 -0.950650 0.943249 0.645793
  4 22.237871 1.021759 -0.191110 -0.115727 0.215341 -0.969657 0.943249 0.634051
  3 22.234431 0.716262 -0.089151 0.201538 -0.717649 -0.666605 0.906067 0.645793
male.bmp
  16 20.431480 -2.971044 0.128348 0.968616 0.071157 0.238161 0.827789 0.990215
  16 20.329651 -2.962206 0.306260 0.657425 -0.001999 0.753517 0.804305 0.988258
  17 20.365845 -3.125891 0.266946 0.768875 0.032571 0.638569 0.812133 0.966732
male.bmp
  17 20.365845 -3.125891 0.266946 0.768875 0.032571 0.638569 0.812133 0.966732
  16 20.329651 -2.962206 0.306260 0.657425 -0.001999 0.753517 0.804305 0.988258
  16 20.084508 -3.059314 0.409096 0.418831 -0.091717 0.903421 0.776908 0.988258
male.bmp
  2 19.164477 1.135898 -0.769386 -0.253553 0.674796 -0.693081 0.726027 0.407045
  2 20.219720 1.609793 -0.679459 -0.208600 0.844908 -0.492561 0.622309 0.401174
  2 20.211818 1.211993 -0.866790 -0.029182 0.206374 -0.978038 0.636008 0.438356
male.bmp
  2 20.211818 1.211993 -0.866790 -0.029182 0.206374 -0.978038 0.636008 0.438356
  2 20.219720 1.609793 -0.679459 -0.208600 0.844908 -0.492561 0.622309 0.401174
  12 20.709592 1.481375 -0.461537 0.024928 0.350643 -0.936177 0.594912 0.432485
male.bmp
  16 19.646110 -2.769356 -0.186162 -0.744839 -0.456843 -0.486322 0.581213 0.931507
  16 19.850407 -3.167437 -0.138268 -0.722153 -0.554813 -0.413132 0.557730 0.988258
  16 19.816534 -3.168357 -0.039011 -0.295314 -0.930306 -0.217531 0.551859 0.984344
male.bmp
  16 19.816534 -3.168357 -0.039011 -0.295314 -0.930306 -0.217531 0.551859 0.984344
  16 19.850407 -3.167437 -0.138268 -0.722153 -0.554813 -0.413132 0.557730 0.988258
  16 19.798393 -3.154201 0.080866 0.589380 -0.744738 0.313044 0.538160 0.988258
male.bmp
  16 19.841960 -3.111689 0.302664 -0.619967 -0.355034 0.699708 0.524462 0.976517
  16 20.084508 -3.059314 0.409096 0.290006 -0.924865 -0.246011 0.497065 0.982387
  16 20.093159 -3.057065 0.449346 0.185281 -0.724317 0.664105 0.499022 0.974560
male.bmp
  16 20.093159 -3.057065 0.449346 0.185281 -0.724317 0.664105 0.499022 0.974560
  16 20.084508 -3.059314 0.409096 0.290006 -0.924865 -0.246011 0.497065 0.982387
  16 20.329651 -2.962206 0.306260 0.677988 -0.096650 0.728692 0.473581 0.964775
male.bmp
  2 17.890786 -1.058713 -0.316432 -0.567798 -0.609827 -0.552917 0.279843 0.892368
  2 17.535653 -0.865677 -0.628230 -0.039777 -0.540006 -0.840720 0.244618 0.943249
  2 17.872109 -0.737112 -0.563665 -0.623860 -0.416189 -0.661503 0.238748 0.892368
male.bmp
  2 17.872109 -0.737112 -0.563665 -0.623860 -0.416189 -0.661503 0.238748 0.892368
  2 17.535653 -0.865677 -0.628230 -0.039777 -0.540006 -0.840720 0.244618 0.943249
  2 17.503454 -0.504541 -0.793891 -0.183084 0.228303 -0.956221 0.205479 0.943249
male.bmp
  16 20.469939 -2.959163 0.119418 0.871497 -0.447579 0.200415 0.847358 0.684932
  16 20.411650 -2.546229 -0.074973 0.943138 0.111914 -0.312994 0.843444 0.726027
  16 20.445801 -2.537574 0.106022 0.981552 0.074485 0.176091 0.859100 0.727984
male.bmp
  16 20.445801 -2.537574 0.106022 0.981552 0.074485 0.176091 0.859100 0.727984
  16 20.411650 -2.546229 -0.074973 0.943138 0.111914 -0.312994 0.843444 0.726027
  16 20.394648 -1.925554 0.095245 0.995606 -0.026750 -0.089742 0.857143 0.782779
male.bmp
  3 22.299917 0.615587 0.235774 0.734207 -0.637948 0.232298 0.608611 0.232877
  3 22.308183 0.661992 0.202936 0.993484 -0.111546 -0.023391 0.602740 0.232877
  3 22.235382 0.837775 0.460425 0.505335 -0.142458 0.851083 0.612524 0.250489
male.bmp
  3 22.235382 0.837775 0.460425 0.505335 -0.142458 0.851083 0.612524 0.250489
  3 22.308183 0.661992 0.202936 0.993484 -0.111546 -0.023391 0.602740 0.232877
  3 22.260072 0.863045 0.414036 0.868432 0.025513 0.495152 0.606654 0.252446
male.bmp
  15 20.408919 -1.539053 0.366432 0.721470 -0.614509 0.319154 0.444227 0.835616
  15 20.143082 -1.499656 0.699116 0.307497 -0.384103 0.870581 0.477495 0.823875
  16 19.930469 -2.062591 0.612602 0.124955 -0.242907 0.961968 0.504892 0.874755
male.bmp
  16 19.930469 -2.062591 0.612602 0.124955 -0.242907 0.961968 0.504892 0.874755
  15 20.143082 -1.499656 0.699116 0.307497 -0.384103 0.870581 0.477495 0.823875
  15 19.739652 -1.464790 0.757669 -0.058451 -0.227736 0.971967 0.516634 0.816047
male.bmp
  15 19.025223 -1.893761 0.174166 -0.717451 -0.566854 0.404895 0.925636 0.025440
  15 19.246624 -1.703124 0.511863 -0.453553 -0.420437 0.785826 0.896282 0.031311
  15 19.113320 -1.378090 0.650006 -0.384357 -0.409750 0.827269 0.908023 0.060665
male.bmp
  15 19.113320 -1.378090 0.650006 -0.384357 -0.409750 0.827269 0.908023 0.060665
  15 19.246624 -1.703124 0.511863 -0.453553 -0.420437 0.785826 0.896282 0.031311
  15 19.739652 -1.464790 0.757669 -0.058451 -0.227736 0.971967 0.849315 0.046967
male.bmp
  2 17.455213 -0.494541 -0.769958 -0.800894 0.335625 -0.495908 0.203523 0.947162
  2 17.468359 -0.484824 -0.730807 -0.705853 0.658847 0.260178 0.197652 0.945205
  2 17.503454 -0.504541 -0.793891 -0.183084 0.228303 -0.956221 0.205479 0.943249
male.bmp
  2 17.503454 -0.504541 -0.793891 -0.183084 0.228303 -0.956221 0.205479 0.943249
  2 17.468359 -0.484824 -0.730807 -0.705853 0.658847 0.260178 0.197652 0.945205
  2 17.807297 -0.316452 -0.636088 -0.748851 0.070578 0.658970 0.197652 0.915851
male.bmp
  2 17.489475 -0.274134 -0.851490 -0.137696 -0.627456 -0.766380 0.731898 0.716243
  2 17.441234 -0.264134 -0.827557 -0.791512 -0.537487 -0.290887 0.727984 0.718200
  2 17.470091 0.416029 -0.865571 -0.141139 0.058429 -0.988264 0.724070 0.772994
male.bmp
  2 17.470091 0.416029 -0.865571 -0.141139 0.058429 -0.988264 0.724070 0.772994
  2 17.441234 -0.264134 -0.827557 -0.791512 -0.537487 -0.290887 0.727984 0.718200
  2 17.421788 0.406030 -0.841761 -0.890988 -0.016836 -0.453715 0.720157 0.769080
male.bmp
  2 18.278820 -1.049657 -0.357021 0.408912 -0.575960 -0.707857 0.287671 0.833659
  2 18.291729 -1.200746 -0.188482 0.476660 -0.780203 -0.405067 0.305284 0.833659
  2 18.267612 -1.280371 -0.237250 0.519100 -0.738943 -0.429533 0.305284 0.841487
male.bmp
  2 18.267612 -1.280371 -0.237250 0.519100 -0.738943 -0.429533 0.305284 0.841487
  2 18.291729 -1.200746 -0.188482 0.476660 -0.780203 -0.405067 0.305284 0.833659
  2 18.311238 -1.252353 0.060427 0.619680 -0.784784 -0.010515 0.324853 0.831703
male.bmp
  2 17.752159 0.175800 -0.969626 -0.978859 -0.198082 -0.050982 0.614481 0.334638
  2 17.750555 0.165929 -0.989625 -0.978859 -0.198082 -0.050982 0.614481 0.334638
  2 17.858213 -0.395899 -0.750962 -0.978859 -0.198082 -0.050982 0.538160 0.328767
male.bmp
  2 17.858213 -0.395899 -0.750962 -0.978859 -0.198082 -0.050982 0.538160 0.328767
  2 17.750555 0.165929 -0.989625 -0.978859 -0.198082 -0.050982 0.614481 0.334638
  2 17.856640 -0.395770 -0.770900 -0.978859 -0.198082 -0.050982 0.538160 0.328767
male.bmp
  2 17.858213 -0.395899 -0.750962 0.013870 -0.986490 -0.163234 0.538160 0.328767
  2 17.856640 -0.395770 -0.770900 0.013870 -0.986490 -0.163234 0.538160 0.328767
  2 18.233949 -0.376624 -0.820609 0.013870 -0.986490 -0.163234 0.530333 0.383562
male.bmp
  2 18.233949 -0.376624 -0.820609 0.013870 -0.986490 -0.163234 0.530333 0.383562
  2 17.856640 -0.395770 -0.770900 0.013870 -0.986490 -0.163234 0.538160 0.328767
  2 18.222407 -0.376469 -0.839760 0.013870 -0.986490 -0.163234 0.530333 0.383562
male.bmp
  2 18.233949 -0.376624 -0.820609 0.887279 -0.027279 -0.460426 0.530333 0.383562
  2 18.222407 -0.376469 -0.839760 0.887279 -0.027279 -0.460426 0.530333 0.383562
  2 18.126384 0.215203 -1.059085 0.887279 -0.027279 -0.460426 0.612524 0.381605
male.bmp
  2 18.126384 0.215203 -1.059085 0.887279 -0.027279 -0.460426 0.612524 0.381605
  2 18.222407 -0.376469 -0.839760 0.887279 -0.027279 -0.460426 0.530333 0.383562
  2 18.114779 0.195358 -1.078360 0.887279 -0.027279 -0.460426 0.612524 0.381605
male.bmp
  34 -20.352368 -3.950191 0.280867 -0.495187 -0.531409 0.687310 0.759295 0.866928
  34 -20.394157 -4.056181 0.067513 -0.582941 -0.811522 0.040150 0.722114 0.843444
  34 -20.156314 -4.071601 0.091863 0.056455 -0.996586 0.060238 0.722114 0.857143
male.bmp
  34 -20.156314 -4.071601 0.091863 0.056455 -0.996586 0.060238 0.722114 0.857143
  34 -20.394157 -4.056181 0.067513 -0.582941 -0.811522 0.040150 0.722114 0.843444
  34 -20.319876 -4.000263 -0.142143 -0.346156 -0.660769 -0.666003 0.679061 0.864971
male.bmp
  33 -20.450573 -2.978573 0.125132 -0.967843 0.100873 0.230445 0.827789 0.990215
  34 -20.402275 -3.133312 0.263080 -0.773321 0.049941 0.632045 0.812133 0.966732
  33 -20.360456 -2.971817 0.302709 -0.664200 0.010000 0.747488 0.804305 0.988258
male.bmp
  33 -20.360456 -2.971817 0.302709 -0.664200 0.010000 0.747488 0.804305 0.988258
  34 -20.402275 -3.133312 0.263080 -0.773321 0.049941 0.632045 0.812133 0.966732
  33 -20.115361 -3.076370 0.404182 -0.430216 -0.089878 0.898240 0.776908 0.988258
male.bmp
  19 -19.175303 1.115282 -0.764796 0.241802 0.672387 -0.699591 0.726027 0.407045
  19 -20.224114 1.197189 -0.838858 0.008475 0.204855 -0.978756 0.636008 0.438356
  19 -20.225576 1.595286 -0.651997 0.202304 0.843029 -0.498372 0.622309 0.401174
male.bmp
  19 -20.225576 1.595286 -0.651997 0.202304 0.843029 -0.498372 0.622309 0.401174
  19 -20.224114 1.197189 -0.838858 0.008475 0.204855 -0.978756 0.636008 0.438356
  29 -20.706267 1.465914 -0.458847 -0.024516 0.350538 -0.936227 0.594912 0.432485
male.bmp
  33 -19.660446 -2.796365 -0.185350 0.733441 -0.475209 -0.486046 0.581213 0.931507
  33 -19.847464 -3.183038 -0.045320 0.265551 -0.936741 -0.228032 0.551859 0.984344
  33 -19.881601 -3.184043 -0.134392 0.706749 -0.573351 -0.414458 0.557730 0.988258
male.bmp
  33 -19.881601 -3.184043 -0.134392 0.706749 -0.573351 -0.414458 0.557730 0.988258
  33 -19.847464 -3.183038 -0.045320 0.265551 -0.936741 -0.228032 0.551859 0.984344
  33 -19.831828 -3.177516 0.074367 -0.617290 -0.728455 0.297164 0.538160 0.988258
male.bmp
  33 -20.341190 -1.976152 0.386259 -0.810018 -0.092729 0.579028 0.461840 0.866928
  33 -20.380910 -1.933105 0.097868 -0.995048 0.008476 -0.099035 0.430528 0.874755
  33 -20.320994 -2.538322 0.337707 -0.745631 0.011429 0.666261 0.471624 0.921722
male.bmp
  33 -20.320994 -2.538322 0.337707 -0.745631 0.011429 0.666261 0.471624 0.921722
  33 -20.380910 -1.933105 0.097868 -0.995048 0.008476 -0.099035 0.430528 0.874755
  33 -20.454062 -2.544036 0.101359 -0.980072 0.105483 0.168320 0.444227 0.921722
male.bmp
  33 -20.496813 -2.956388 0.116781 -0.888060 -0.420318 0.186228 0.847358 0.684932
  33 -20.454062 -2.544036 0.101359 -0.980072 0.105483 0.168320 0.859100 0.727984
  33 -20.418065 -2.541688 -0.079745 -0.935791 0.148353 -0.319822 0.843444 0.726027
male.bmp
  33 -20.418065 -2.541688 -0.079745 -0.935791 0.148353 -0.319822 0.843444 0.726027
  33 -20.454062 -2.544036 0.101359 -0.980072 0.105483 0.168320 0.859100 0.727984
  33 -20.380910 -1.933105 0.097868 -0.995048 0.008476 -0.099035 0.857143 0.782779
male.bmp
  20 -22.298929 0.591876 0.209564 -0.731204 -0.644321 0.224031 0.608611 0.232877
  20 -22.239690 0.815422 0.434327 -0.516068 -0.144513 0.844269 0.612524 0.250489
  20 -22.306456 0.640770 0.186054 -0.991912 -0.121357 -0.037199 0.602740 0.232877
male.bmp
  20 -22.306456 0.640770 0.186054 -0.991912 -0.121357 -0.037199 0.602740 0.232877
  20 -22.239690 0.815422 0.434327 -0.516068 -0.144513 0.844269 0.612524 0.250489
  20 -22.263937 0.840302 0.387496 -0.875646 0.018683 0.482591 0.606654 0.252446
male.bmp
  32 -19.013656 -1.913899 0.175263 0.724968 -0.556514 0.405849 0.925636 0.025440
  32 -19.104271 -1.384867 0.650356 0.391816 -0.400174 0.828457 0.908023 0.060665
  32 -19.243153 -1.710595 0.525403 0.460964 -0.410397 0.786820 0.896282 0.031311
male.bmp
  32 -19.243153 -1.710595 0.525403 0.460964 -0.410397 0.786820 0.896282 0.031311
  32 -19.104271 -1.384867 0.650356 0.391816 -0.400174 0.828457 0.908023 0.060665
  32 -19.731568 -1.487259 0.766178 0.064537 -0.220679 0.973209 0.849315 0.046967
male.bmp
  19 -17.887336 0.970422 -0.526556 0.625506 0.690235 -0.363754 0.043053 0.890411
  19 -17.895545 1.000524 -0.556995 0.600041 0.698929 -0.389166 0.039139 0.884540
  19 -17.898409 1.039937 -0.326694 0.588362 0.806804 0.053819 0.025440 0.890411
male.bmp
  19 -17.898409 1.039937 -0.326694 0.588362 0.806804 0.053819 0.025440 0.890411
  19 -17.895545 1.000524 -0.556995 0.600041 0.698929 -0.389166 0.039139 0.884540
  19 -17.907716 1.079990 -0.337138 0.584525 0.811150 0.019145 0.019569 0.884540
male.bmp
  19 -17.475870 -0.530051 -0.797437 0.791488 0.330385 -0.514191 0.203523 0.947162
  19 -17.524100 -0.529830 -0.830207 0.162942 0.225939 -0.960417 0.205479 0.943249
  19 -17.488052 -0.510119 -0.758013 0.715203 0.655186 0.243344 0.197652 0.945205
male.bmp
  19 -17.488052 -0.510119 -0.758013 0.715203 0.655186 0.243344 0.197652 0.945205
  19 -17.524100 -0.529830 -0.830207 0.162942 0.225939 -0.960417 0.205479 0.943249
  19 -17.823837 -0.349431 -0.656384 0.763784 0.067232 0.641961 0.197652 0.915851
male.bmp
  19 -18.292624 -1.068842 -0.374096 -0.427877 -0.574608 -0.697672 0.287671 0.833659
  19 -18.280632 -1.299215 -0.243771 -0.532734 -0.736578 -0.416710 0.305284 0.841487
  19 -18.293207 -1.219307 -0.194207 -0.489993 -0.778043 -0.393136 0.305284 0.833659
male.bmp
  19 -18.293207 -1.219307 -0.194207 -0.489993 -0.778043 -0.393136 0.305284 0.833659
  19 -18.280632 -1.299215 -0.243771 -0.532734 -0.736578 -0.416710 0.305284 0.841487
  19 -18.317449 -1.279883 0.054676 -0.624183 -0.781265 0.004520 0.324853 0.831703
male.bmp
  19 -17.772775 0.141325 -1.002868 0.976333 -0.203726 -0.072591 0.614481 0.334638
  19 -17.877768 -0.428986 -0.769797 0.976333 -0.203726 -0.072591 0.538160 0.328767
  19 -17.772240 0.131349 -1.012878 0.976333 -0.203726 -0.072591 0.614481 0.334638
male.bmp
  19 -17.772240 0.131349 -1.012878 0.976333 -0.203726 -0.072591 0.614481 0.334638
  19 -17.877768 -0.428986 -0.769797 0.976333 -0.203726 -0.072591 0.538160 0.328767
  19 -17.876612 -0.418937 -0.789738 0.976333 -0.203726 -0.072591 0.538160 0.328767
male.bmp
  19 -17.877768 -0.428986 -0.769797 -0.023087 -0.986619 -0.161398 0.538160 0.328767
  19 -18.244304 -0.407767 -0.840513 -0.023087 -0.986619 -0.161398 0.530333 0.383562
  19 -17.876612 -0.418937 -0.789738 -0.023087 -0.986619 -0.161398 0.538160 0.328767
male.bmp
  19 -17.876612 -0.418937 -0.789738 -0.023087 -0.986619 -0.161398 0.538160 0.328767
  19 -18.244304 -0.407767 -0.840513 -0.023087 -0.986619 -0.161398 0.530333 0.383562
  19 -18.243149 -0.397719 -0.860456 -0.023087 -0.986619 -0.161398 0.530333 0.383562
male.bmp
  19 -18.244304 -0.407767 -0.840513 -0.897491 -0.022872 -0.440439 0.530333 0.383562
  19 -18.149239 0.182573 -1.074097 -0.897491 -0.022872 -0.440439 0.612524 0.381605
  19 -18.243149 -0.397719 -0.860456 -0.897491 -0.022872 -0.440439 0.530333 0.383562
male.bmp
  19 -18.243149 -0.397719 -0.860456 -0.897491 -0.022872 -0.440439 0.530333 0.383562
  19 -18.149239 0.182573 -1.074097 -0.897491 -0.022872 -0.440439 0.612524 0.381605
  19 -18.138157 0.172592 -1.093527 -0.897491 -0.022872 -0.440439 0.612524 0.381605
male.bmp
  14 23.025001 2.546382 0.237399 0.820867 0.438960 0.365365 0.923679 0.671233
  14 23.108767 2.413958 0.194423 0.917656 -0.220543 0.330558 0.956947 0.673190
  14 23.104272 2.556507 0.137331 0.888039 0.453163 0.077651 0.925636 0.661448
male.bmp
  7 22.722963 0.170822 0.183389 -0.045606 0.864493 0.500572 0.894325 0.966732
  7 23.878496 0.197213 0.034913 0.046657 0.960553 -0.274155 0.878669 0.825832
  7 22.720380 0.200979 -0.034749 0.030151 0.941968 -0.334347 0.872798 0.970646
male.bmp
  9 22.321859 -0.772197 -0.122996 0.341758 0.864577 -0.368385 0.974560 0.639922
  10 22.276362 -1.017735 -0.371657 0.028019 0.252777 -0.967119 0.943249 0.634051
  9 22.198465 -1.014130 -0.361620 -0.047221 0.166382 -0.984930 0.943249 0.645793
male.bmp
  10 22.390556 -0.854431 0.121183 0.238670 0.827540 0.508148 0.894325 0.966732
  10 23.353876 -1.009612 -0.084084 0.271259 0.934225 -0.231607 0.878669 0.825832
  10 22.398221 -0.792986 -0.108525 0.271259 0.934225 -0.231607 0.872798 0.970646
male.bmp
  17 20.450560 -3.143697 0.018941 0.991732 0.059015 -0.113955 0.835616 0.951076
  16 20.410498 -2.985822 -0.082463 0.853552 -0.085195 -0.513995 0.849315 0.984344
  16 20.431480 -2.971044 0.128348 0.968616 0.071157 0.238161 0.827789 0.990215
male.bmp
  17 20.236040 -3.571683 0.403400 0.134642 -0.074776 0.988069 0.772994 0.917808
  17 20.365845 -3.125891 0.266946 0.768875 0.032571 0.638569 0.812133 0.966732
  16 20.084508 -3.059314 0.409096 -0.032358 -0.042700 0.998564 0.776908 0.988258
male.bmp
  13 22.513122 2.038511 0.152370 0.429756 -0.845464 0.317020 0.884540 0.530333
  14 23.052588 2.325536 -0.014921 0.740341 -0.551429 -0.384475 0.904110 0.393346
  14 23.033278 2.315660 0.182638 0.548616 -0.749826 0.369840 0.888454 0.393346
male.bmp
  10 23.230892 -1.545142 0.035424 -0.163008 -0.954928 0.248074 0.884540 0.530333
  11 23.854322 -1.611156 -0.206278 0.228266 -0.857512 -0.461050 0.904110 0.393346
  11 23.853920 -1.631017 0.038274 0.005244 -0.964557 0.263824 0.888454 0.393346
male.bmp
  4 23.430212 1.004685 0.169211 0.252142 -0.928017 0.274243 0.884540 0.530333
  5 24.093452 1.198346 -0.028915 0.609746 -0.675739 -0.414230 0.904110 0.393346
  5 24.071764 1.186411 0.202574 0.376045 -0.851638 0.365108 0.888454 0.393346
male.bmp
  4 23.430212 1.004685 0.169211 0.252142 -0.928017 0.274243 0.972603 0.829746
  4 22.351344 0.883955 0.363808 0.313090 -0.350549 0.882661 0.951076 0.964775
  4 22.390840 0.709125 0.176259 0.376357 -0.895010 0.239399 0.978474 0.974560
male.bmp
  17 19.891151 -3.615302 0.094776 -0.909098 -0.400709 0.113900 0.720157 0.927593
  16 19.841960 -3.111689 0.302664 -0.696656 -0.204051 0.687775 0.739726 0.990215
  16 19.798393 -3.154201 0.080866 -0.979739 -0.199728 0.014870 0.720157 0.988258
male.bmp
  14 23.104272 2.556507 0.137331 0.888039 0.453163 0.077651 0.925636 0.365949
  14 22.955775 2.496118 -0.096339 0.205610 0.524257 -0.826365 0.941292 0.395303
  14 23.022560 2.629780 0.092007 0.452305 0.881109 -0.138086 0.949119 0.369863
male.bmp
  11 23.642086 -1.299982 0.187075 0.166123 0.189092 0.967805 0.921722 0.751468
  11 24.023016 -1.254183 0.040122 0.617959 0.679548 0.395400 0.894325 0.694716
  11 23.727529 -1.151827 0.036909 0.299544 0.836072 0.459627 0.896282 0.747554
male.bmp
  5 24.062216 1.585416 0.212747 0.181636 0.869016 0.460238 0.894325 0.694716
  5 23.763793 1.388176 0.286504 0.041229 0.354621 0.934101 0.921722 0.751468
  5 24.125554 1.470136 0.311231 0.480994 0.357049 0.800725 0.925636 0.681018
male.bmp
  17 20.156848 -3.600043 -0.268779 -0.058085 -0.166157 -0.984387 0.665362 0.917808
  17 20.391822 -3.695396 -0.153041 0.728020 -0.190148 -0.658658 0.653620 0.900196
  17 20.262485 -3.995507 -0.126481 0.329368 -0.681523 -0.653485 0.679061 0.864971
male.bmp
  16 20.283101 -3.002725 -0.205688 0.576456 0.036369 -0.816319 0.616438 0.990215
  16 20.410498 -2.985822 -0.082463 0.853552 -0.085195 -0.513995 0.596869 0.988258
  17 20.450560 -3.143697 0.018941 0.991732 0.059015 -0.113955 0.606654 0.962818
male.bmp
  13 22.409870 2.235551 -0.184549 0.035301 0.276453 -0.960379 0.943249 0.534247
  13 21.648416 2.054777 -0.067897 -0.385232 0.809642 -0.442805 0.972603 0.628180
  13 22.370234 2.418684 0.037692 -0.357492 0.895206 -0.266094 0.970646 0.524462
male.bmp
  12 21.687174 1.889429 0.189404 -0.183357 0.242008 0.952792 0.919765 0.982387
  13 21.671221 2.092332 0.102307 -0.378847 0.811603 0.444719 0.894325 0.966732
  12 21.600855 2.065066 0.107547 -0.324337 0.854257 0.406265 0.892368 0.986301
male.bmp
  13 21.791734 1.683043 -0.203077 0.547217 -0.547618 -0.632984 0.908023 0.634051
  12 21.799959 1.602970 0.082535 0.550896 -0.786887 0.278068 0.882583 0.643836
  12 21.742012 1.643833 -0.234124 0.600141 -0.384543 -0.701397 0.906067 0.645793
male.bmp
  7 22.713801 -0.409202 0.123481 0.048576 -0.955126 0.292189 0.978474 0.974560
  6 22.623426 -0.196907 0.305077 0.017400 -0.353046 0.935444 0.951076 0.982387
  6 22.599468 -0.415873 0.159201 0.124024 -0.932770 0.338464 0.978474 0.988258
male.bmp
  2 19.164477 1.135898 -0.769386 -0.253553 0.674796 -0.693081 0.882583 0.342466
  2 19.310883 1.469050 -0.306488 -0.266961 0.960387 0.079926 0.866928 0.315068
  2 20.219720 1.609793 -0.679459 -0.208600 0.844908 -0.492561 0.784736 0.352250
male.bmp
  16 19.784409 -2.305562 -0.485273 -0.028129 -0.245249 -0.969052 0.784736 0.772994
  16 19.646110 -2.769356 -0.186162 -0.744839 -0.456843 -0.486322 0.759295 0.727984
  16 19.313226 -2.326996 -0.236221 -0.722153 -0.554813 -0.413132 0.737769 0.780822
male.bmp
  16 19.311496 -2.297255 -0.125711 -0.826801 -0.562043 0.022546 0.596869 0.888454
  16 19.313226 -2.326996 -0.236221 -0.722153 -0.554813 -0.413132 0.604697 0.892368
  16 19.628423 -2.754860 -0.086277 -0.821829 -0.510763 -0.252422 0.573386 0.933464
male.bmp
  3 21.187701 0.318156 0.333303 0.669040 0.418092 0.614479 0.702544 0.215264
  6 22.616343 0.189970 0.201268 0.560941 0.691660 0.454919 0.581213 0.191781
  6 22.603644 0.253175 -0.047818 0.618580 0.739059 -0.266741 0.583170 0.209393
male.bmp
  16 19.930469 -2.062591 0.612602 0.124955 -0.242907 0.961968 0.504892 0.874755
  16 19.722411 -2.657177 0.347686 -0.584828 -0.326959 0.742344 0.534247 0.929550
  16 20.027121 -2.576106 0.536047 0.088808 -0.139355 0.986252 0.499022 0.925636
male.bmp
  16 20.469939 -2.959163 0.119418 0.871497 -0.447579 0.200415 0.452055 0.962818
  16 20.329651 -2.962206 0.306260 0.677988 -0.096650 0.728692 0.473581 0.964775
  16 20.431480 -2.971044 0.128348 0.440616 -0.883203 0.160654 0.452055 0.968689
male.bmp
  2 20.158901 -0.851938 -0.586271 0.367557 0.056940 -0.928256 0.710372 0.606654
  2 20.813099 -1.348175 -0.201209 0.332560 -0.754093 -0.566346 0.675147 0.669276
  15 20.396027 -1.565574 0.045760 0.892715 -0.229269 -0.387937 0.718200 0.671233
male.bmp
  3 21.535441 0.510271 -0.209070 0.436665 -0.628517 -0.643654 0.561644 0.532290
  3 22.299917 0.615587 0.235774 0.734207 -0.637948 0.232298 0.499022 0.573386
  3 21.187701 0.318156 0.333303 0.669040 0.418092 0.614479 0.563601 0.555773
male.bmp
  9 22.208232 -1.178602 0.293325 0.478382 -0.518506 0.708733 0.626223 0.068493
  9 22.155421 -1.375783 0.036946 0.700244 -0.712093 0.050813 0.628180 0.048924
  9 22.230638 -1.168154 0.251031 0.865349 -0.438502 0.242668 0.620352 0.066536
male.bmp
  6 21.160520 -0.390479 0.251851 0.604660 -0.053834 0.794662 0.716243 0.146771
  9 22.318259 -0.796331 0.162319 0.754675 0.522023 0.397438 0.614481 0.103718
  9 22.313031 -0.717102 -0.109334 0.636777 0.717821 -0.281509 0.614481 0.111546
male.bmp
  6 22.610439 -0.204665 0.348333 0.586651 -0.254278 0.768884 0.583170 0.154599
  6 21.160520 -0.390479 0.251851 0.604660 -0.053834 0.794662 0.716243 0.146771
  6 22.576326 -0.467483 0.193855 0.498983 -0.810142 0.307711 0.587084 0.131115
male.bmp
  2 17.973685 -1.223160 0.358094 -0.498530 -0.744808 0.443541 0.489237 0.037182
  2 17.645440 -1.065488 0.896605 0.080897 -0.577226 0.812567 0.544031 0.062622
  2 17.607486 -1.382457 0.426084 0.052209 -0.924493 0.377606 0.536204 0.019569
male.bmp
  2 17.578485 -1.430886 0.187309 0.003871 -0.999660 -0.025792 0.328767 0.943249
  2 17.973685 -1.223160 0.358094 -0.498530 -0.744808 0.443541 0.336595 0.892368
  2 17.607486 -1.382457 0.426084 0.052209 -0.924493 0.377606 0.344423 0.941292
male.bmp
  9 22.155421 -1.375783 0.036946 0.700244 -0.712093 0.050813 0.628180 0.048924
  9 22.118255 -1.407261 0.052038 0.290598 -0.934936 0.203586 0.636008 0.048924
  9 22.116164 -1.312267 -0.251888 0.488121 -0.651213 -0.581085 0.637965 0.029354
male.bmp
  3 21.277366 0.774520 -0.387870 0.296640 0.292209 -0.909186 0.567515 0.506849
  12 21.059832 0.951360 -0.223594 0.870698 0.144396 -0.470144 0.583170 0.487280
  2 20.968801 1.003874 -0.137021 0.744410 0.593352 0.306246 0.567515 0.481409
male.bmp
  3 22.136420 1.000839 -0.238515 0.574701 0.285167 -0.767072 0.489237 0.518591
  3 22.110727 1.269494 -0.002370 0.374749 0.874162 -0.308875 0.483366 0.493151
  3 22.146079 1.215270 0.036487 0.895292 0.422565 -0.141038 0.479452 0.497065
male.bmp
  15 18.996867 -1.894243 -0.266851 -0.733730 -0.518009 -0.439667 0.947162 0.011742
  15 18.679541 -1.398401 -0.103004 -0.700722 -0.682556 -0.207620 0.966732 0.058708
  15 18.691769 -1.289700 -0.302088 -0.513018 -0.529030 -0.675973 0.972603 0.050881
male.bmp
  2 18.381052 -0.896401 0.679155 0.825010 -0.328917 0.459535 0.976517 0.115460
  2 18.826161 -0.116778 0.742317 0.090352 0.059206 0.994148 0.931507 0.183953
  2 18.403404 -0.197280 0.812309 0.858412 -0.025132 0.512345 0.970646 0.178082
male.bmp
  12 21.656187 1.926067 0.249383 0.412693 0.525788 0.743796 0.657534 0.354207
  12 21.743041 1.776693 0.222109 0.910697 0.343491 0.229444 0.647750 0.338552
  12 21.687174 1.889429 0.189404 0.819168 0.515295 0.251861 0.653620 0.354207
male.bmp
  9 20.799548 -1.362980 0.097329 0.302940 -0.866771 0.396151 0.763209 0.060665
  15 20.143082 -1.499656 0.699116 0.307497 -0.384103 0.870581 0.814090 0.041096
  15 20.408919 -1.539053 0.366432 0.721470 -0.614509 0.319154 0.784736 0.033268
male.bmp
  16 20.394648 -1.925554 0.095245 0.995606 -0.026750 -0.089742 0.857143 0.782779
  15 20.222960 -1.708657 -0.320265 0.717696 0.016649 -0.696158 0.845401 0.814090
  15 20.396027 -1.565574 0.045760 0.892715 -0.229269 -0.387937 0.866928 0.818004
male.bmp
  16 19.646110 -2.769356 -0.186162 -0.744839 -0.456843 -0.486322 0.759295 0.727984
  16 20.004402 -3.139079 -0.344377 0.085902 -0.812150 -0.577090 0.782779 0.684932
  16 19.850407 -3.167437 -0.138268 -0.722153 -0.554813 -0.413132 0.767123 0.682975
male.bmp
  3 22.174010 1.216532 0.267611 0.688066 0.697868 0.198859 0.612524 0.285714
  3 22.193645 1.064169 0.425725 0.429941 0.416944 0.800817 0.614481 0.272016
  3 22.204149 1.065550 0.384643 0.867232 0.340869 0.362928 0.610568 0.272016
male.bmp
  2 18.387221 -0.936915 0.758657 0.696097 -0.417957 0.583748 0.452055 0.086106
  2 18.063836 -0.227146 0.959284 -0.493810 0.047342 0.868280 0.502935 0.156556
  2 18.038970 -0.976073 0.795913 -0.487230 -0.461993 0.741059 0.491194 0.076321
male.bmp
  2 17.889894 1.032627 -0.523557 -0.604615 0.702888 -0.374686 0.039139 0.884540
  2 17.897321 1.061236 -0.303270 -0.582398 0.810048 0.068075 0.025440 0.890411
  2 17.906627 1.101274 -0.313777 -0.579319 0.814420 0.033327 0.019569 0.884540
male.bmp
  2 17.890786 -1.058713 -0.316432 -0.567798 -0.609827 -0.552917 0.279843 0.892368
  2 17.913510 -1.259827 -0.148991 -0.684952 -0.672771 -0.279677 0.303327 0.886497
  2 17.906054 -1.209995 -0.117987 -0.589273 -0.741094 -0.321773 0.299413 0.892368
male.bmp
  2 17.733859 -1.152477 0.367441 -0.670576 0.690320 -0.271636 0.661448 0.769080
  2 17.601847 -0.995064 0.850343 -0.932254 0.220135 -0.287129 0.692759 0.759295
  2 17.773037 -0.864825 0.727331 -0.713844 0.343021 -0.610544 0.684932 0.751468
male.bmp
  2 17.535653 -0.865677 -0.628230 -0.039777 -0.540006 -0.840720 0.596869 0.755382
  2 17.455213 -0.494541 -0.769958 -0.800894 0.335625 -0.495908 0.589041 0.729941
  2 17.503454 -0.504541 -0.793891 -0.183084 0.228303 -0.956221 0.585127 0.731898
male.bmp
  2 18.020005 -0.335696 -0.863652 -0.041979 0.827897 -0.559307 0.389432 0.863014
  2 18.058277 -0.345670 -0.886799 -0.041979 0.827897 -0.559307 0.412916 0.876712
  2 17.978525 -0.345464 -0.880505 -0.041979 0.827897 -0.559307 0.365949 0.876712
male.bmp
  2 18.246432 -0.326844 -0.791178 0.467105 -0.184639 -0.864709 0.849315 0.500978
  2 18.585796 -0.686575 -0.751489 -0.199080 -0.366045 -0.909053 0.833659 0.540117
  2 18.258601 -0.717927 -0.624130 0.479723 -0.439244 -0.759559 0.861057 0.530333
male.bmp
  1 9.705447 1.428706 0.438586 0.043965 0.989911 0.134695 0.277886 0.471624
  1 8.979063 1.095114 -0.516482 -0.104260 0.792612 -0.600747 0.232877 0.500978
  1 8.972551 1.525332 0.333618 -0.080168 0.995013 -0.059346 0.277886 0.502935
male.bmp
  1 16.252713 -0.856626 0.918868 0.153940 -0.516951 0.842059 0.401174 0.119374
  1 14.444198 -1.451427 0.651126 0.083673 -0.947480 0.308676 0.452055 0.225049
  1 16.334350 -1.207464 0.477906 0.107831 -0.907656 0.405626 0.434442 0.119374
male.bmp
  1 14.358591 0.779515 1.101757 0.162238 0.646900 0.745117 0.318982 0.232877
  1 16.181019 -0.135938 1.099614 0.179355 0.095410 0.979147 0.354207 0.125245
  1 16.192889 0.533891 0.789310 0.184231 0.609588 0.771013 0.315068 0.125245
male.bmp
  2 17.868358 0.853558 -0.663451 -0.623579 0.530642 -0.574080 0.060665 0.890411
  2 17.460504 1.053802 -0.499573 -0.183419 0.878790 -0.440551 0.039139 0.947162
  2 17.881406 1.002525 -0.503019 -0.629562 0.694295 -0.348722 0.043053 0.890411
male.bmp
  1 16.102285 0.974315 -0.379757 0.108117 0.956790 -0.269931 0.240705 0.127202
  1 16.098575 0.854275 -0.599704 0.079975 0.754127 -0.651841 0.223092 0.125245
  1 14.221115 1.160175 -0.586762 0.091346 0.829692 -0.550697 0.236791 0.234834
male.bmp
  2 18.251112 0.852254 -0.643502 0.605482 0.470961 -0.641550 0.050881 0.829746
  2 18.235644 0.683479 -0.833966 0.638949 0.326308 -0.696611 0.070450 0.839530
  2 18.247302 0.892574 -0.693098 0.656288 0.464564 -0.594530 0.050881 0.837573
male.bmp
  2 17.904860 0.265964 -1.071374 -0.635321 0.364598 -0.680760 0.622309 0.360078
  2 17.752159 0.175800 -0.969626 -0.635321 0.364598 -0.680760 0.614481 0.334638
  2 17.905709 0.285899 -1.061281 -0.635321 0.364598 -0.680760 0.622309 0.360078
male.bmp
  2 17.752159 0.175800 -0.969626 -0.623579 0.530642 -0.574080 0.614481 0.334638
  2 17.904860 0.265964 -1.071374 -0.623579 0.530642 -0.574080 0.622309 0.360078
  2 17.750555 0.165929 -0.989625 -0.623579 0.530642 -0.574080 0.614481 0.334638
male.bmp
  2 18.114779 0.195358 -1.078360 0.208149 0.622359 -0.754548 0.612524 0.381605
  2 17.905709 0.285899 -1.061281 0.208149 0.622359 -0.754548 0.622309 0.360078
  2 18.126384 0.215203 -1.059085 0.208149 0.622359 -0.754548 0.612524 0.381605
male.bmp
  2 17.905709 0.285899 -1.061281 0.126422 0.435749 -0.891146 0.622309 0.360078
  2 18.114779 0.195358 -1.078360 0.126422 0.435749 -0.891146 0.612524 0.381605
  2 17.904860 0.265964 -1.071374 0.126422 0.435749 -0.891146 0.622309 0.360078
male.bmp
  1 8.633726 -0.930491 1.566919 0.181786 -0.421174 0.888575 0.430528 0.530333
  1 5.142256 -0.466938 1.900335 0.012932 0.112741 0.993540 0.377691 0.677104
  1 5.239639 -1.388237 1.779399 0.076113 -0.402769 0.912131 0.428571 0.677104
male.bmp
  1 9.660141 1.168753 -0.630887 -0.110074 0.793475 -0.598566 0.227006 0.471624
  1 9.059413 0.023952 -1.177279 0.003705 0.161956 -0.986791 0.172211 0.495108
  1 8.979063 1.095114 -0.516482 -0.104260 0.792612 -0.600747 0.232877 0.500978
male.bmp
  31 -22.737050 2.419404 0.212211 0.084258 0.393211 0.915580 0.921722 0.751468
  31 -22.826422 2.300739 0.206613 -0.187021 -0.185069 0.964766 0.949119 0.747554
  30 -22.507691 2.302011 0.262772 0.091481 0.316557 0.944152 0.921722 0.814090
male.bmp
  24 -22.722024 -0.008884 0.359546 0.084829 0.291177 0.952901 0.919765 0.964775
  24 -23.861417 -0.039317 0.397726 -0.013864 0.251349 0.967797 0.921722 0.814090
  24 -22.721122 -0.191714 0.340251 0.020071 -0.347434 0.937490 0.951076 0.964775
male.bmp
  28 -23.953905 -1.476276 -0.252031 -0.671303 -0.293869 -0.680436 0.925636 0.385519
  28 -23.740575 -1.434185 -0.348564 -0.087950 -0.221235 -0.971247 0.923679 0.414873
  28 -23.853059 -1.613893 -0.204160 -0.229775 -0.857345 -0.460612 0.904110 0.393346
male.bmp
  22 -23.763262 1.361607 0.265626 -0.038824 0.353837 0.934501 0.921722 0.751468
  22 -23.820818 1.219010 0.278008 -0.127702 -0.208506 0.969648 0.949119 0.747554
  21 -23.371234 1.303571 0.356147 -0.001124 0.321797 0.946808 0.921722 0.814090
male.bmp
  33 -20.115361 -3.076370 0.404182 0.021459 -0.057611 0.998108 0.776908 0.988258
  34 -20.402275 -3.133312 0.263080 -0.773321 0.049941 0.632045 0.812133 0.966732
  34 -20.273446 -3.589727 0.383028 -0.146430 -0.083821 0.985663 0.772994 0.917808
male.bmp
  33 -20.050666 -3.098551 -0.288365 0.231127 -0.079338 -0.969683 0.661448 0.990215
  34 -20.208254 -3.611439 -0.279828 0.061697 -0.154387 -0.986082 0.665362 0.917808
  34 -20.352027 -3.156075 -0.209314 -0.617806 0.119711 -0.777165 0.637965 0.972603
male.bmp
  30 -22.519499 2.024829 0.124096 -0.436831 -0.841843 0.316984 0.884540 0.530333
  30 -22.494447 2.020517 -0.125411 -0.485648 -0.658418 -0.575006 0.904110 0.542074
  30 -21.853706 1.632189 0.079901 -0.497161 -0.808528 0.314823 0.888454 0.628180
male.bmp
  24 -23.870894 -0.356985 0.168168 -0.030240 -0.971616 0.234624 0.884540 0.530333
  24 -23.735967 -0.349111 -0.102263 -0.069058 -0.773194 -0.630398 0.904110 0.542074
  24 -22.708398 -0.419449 0.166542 -0.051205 -0.955370 0.290941 0.888454 0.628180
male.bmp
  25 -24.556712 -0.327454 0.267628 -0.150573 -0.943521 0.295122 0.888454 0.393346
  25 -24.590718 -0.318565 0.015309 -0.458459 -0.801024 -0.384936 0.904110 0.393346
  24 -23.870894 -0.356985 0.168168 -0.030240 -0.971616 0.234624 0.884540 0.530333
male.bmp
  28 -23.862191 -1.635698 0.040669 -0.006058 -0.964495 0.264031 0.888454 0.393346
  28 -23.853059 -1.613893 -0.204160 -0.229775 -0.857345 -0.460612 0.904110 0.393346
  27 -23.240962 -1.538410 0.046831 0.162187 -0.955064 0.248090 0.884540 0.530333
male.bmp
  22 -24.071312 1.159642 0.182468 -0.373687 -0.852459 0.365612 0.888454 0.393346
  22 -24.093222 1.174470 -0.039344 -0.610068 -0.676291 -0.412854 0.904110 0.393346
  21 -23.428820 0.977335 0.150347 -0.249961 -0.928589 0.274303 0.884540 0.530333
male.bmp
  33 -19.831828 -3.177516 0.074367 0.972198 -0.233230 0.020827 0.720157 0.988258
  34 -19.876361 -3.138167 0.301687 0.682788 -0.237213 0.691036 0.739726 0.990215
  34 -19.941029 -3.636529 0.083849 0.893835 -0.433035 0.116362 0.720157 0.927593
male.bmp
  20 -22.141954 0.979783 -0.190920 0.229686 0.219425 -0.948207 0.943249 0.645793
  20 -22.228988 0.694712 -0.105131 -0.184949 -0.721850 -0.666878 0.906067 0.645793
  21 -22.237117 0.998426 -0.203913 0.112394 0.216259 -0.969845 0.943249 0.634051
male.bmp
  25 -24.688677 -0.024751 0.420127 -0.647926 0.219475 0.729398 0.925636 0.681018
  25 -24.635904 -0.250853 0.391971 -0.347698 -0.509872 0.786852 0.956947 0.688845
  25 -24.259308 -0.032729 0.365546 0.007183 0.261611 0.965147 0.921722 0.751468
male.bmp
  28 -23.725437 -1.153377 0.048699 -0.298058 0.836512 0.459792 0.896282 0.747554
  28 -24.032864 -1.248955 0.041382 -0.616728 0.680340 0.395959 0.894325 0.694716
  28 -23.649786 -1.303594 0.199071 -0.164811 0.189485 0.967953 0.921722 0.751468
male.bmp
  34 -20.352027 -3.156075 -0.209314 -0.617806 0.119711 -0.777165 0.637965 0.972603
  33 -20.312390 -3.001287 -0.209366 -0.567146 0.067331 -0.820860 0.616438 0.990215
  33 -20.050666 -3.098551 -0.288365 -0.270868 0.056477 -0.960958 0.661448 0.990215
male.bmp
  29 -21.583202 1.998020 -0.086760 0.399554 0.758944 -0.514161 0.872798 0.988258
  30 -21.648551 2.040499 -0.070079 0.396249 0.803931 -0.443487 0.872798 0.970646
  29 -21.583790 2.054678 0.107378 0.325082 0.854015 0.406177 0.892368 0.986301
male.bmp
  23 -22.601774 0.194434 -0.014418 -0.088353 0.870762 -0.483702 0.872798 0.988258
  24 -22.714714 0.197462 -0.004278 -0.026484 0.941887 -0.334884 0.872798 0.970646
  23 -22.627882 0.164582 0.204961 0.074542 0.890430 0.448975 0.892368 0.986301
male.bmp
  26 -22.324565 -0.770495 -0.114489 -0.341593 0.865575 -0.366190 0.872798 0.988258
  27 -22.405576 -0.796960 -0.096989 -0.270435 0.934491 -0.231497 0.872798 0.970646
  26 -22.320820 -0.830176 0.134959 -0.284091 0.816018 0.503396 0.892368 0.986301
male.bmp
  20 -22.211948 1.033933 0.360958 -0.092221 0.406979 0.908770 0.919765 0.982387
  21 -22.309660 1.052848 0.346246 -0.004574 0.374947 0.927035 0.919765 0.964775
  20 -22.263937 0.840302 0.387496 -0.435197 -0.223359 0.872189 0.951076 0.982387
male.bmp
  19 -20.225576 1.595286 -0.651997 0.202304 0.843029 -0.498372 0.784736 0.352250
  19 -19.309429 1.449900 -0.299242 0.274101 0.958965 0.072493 0.866928 0.315068
  19 -19.175303 1.115282 -0.764796 0.241802 0.672387 -0.699591 0.882583 0.342466
male.bmp
  32 -18.987935 -1.904736 -0.266160 0.737539 -0.513077 -0.439076 0.720157 0.833659
  33 -19.315150 -2.368188 -0.229330 0.706749 -0.573351 -0.414458 0.737769 0.780822
  32 -19.625889 -1.904653 -0.600099 -0.020057 -0.274256 -0.961448 0.782779 0.819961
male.bmp
  33 -20.050946 -2.598315 0.539139 -0.102804 -0.149895 0.983343 0.499022 0.925636
  33 -19.729353 -2.689472 0.348433 0.566338 -0.356977 0.742851 0.534247 0.929550
  33 -19.927475 -2.083322 0.612875 -0.142219 -0.251808 0.957270 0.504892 0.874755
male.bmp
  33 -20.450573 -2.978573 0.125132 -0.471877 -0.869798 0.144165 0.452055 0.968689
  33 -20.360456 -2.971817 0.302709 -0.687735 -0.083546 0.721139 0.473581 0.964775
  33 -20.496813 -2.956388 0.116781 -0.888060 -0.420318 0.186228 0.452055 0.962818
male.bmp
  32 -20.383527 -1.590888 0.052308 -0.891681 -0.241293 -0.382991 0.718200 0.671233
  19 -20.824794 -1.358604 -0.156136 -0.349394 -0.752974 -0.557633 0.675147 0.669276
  19 -20.176586 -0.866621 -0.556486 -0.387892 0.057748 -0.919894 0.710372 0.606654
male.bmp
  20 -21.195219 0.307636 0.324165 -0.681821 0.413597 0.603372 0.563601 0.555773
  20 -22.298929 0.591876 0.209564 -0.731204 -0.644321 0.224031 0.499022 0.573386
  20 -21.526478 0.494761 -0.214215 -0.421245 -0.634949 -0.647606 0.561644 0.532290
male.bmp
  20 -21.370169 0.189818 -0.192374 -0.848674 0.043826 -0.527097 0.579256 0.559687
  19 -20.878208 0.074224 -0.495328 -0.156400 -0.231599 -0.960157 0.622309 0.551859
  23 -21.519263 -0.047475 -0.381636 -0.227194 0.211962 -0.950502 0.577299 0.583170
male.bmp
  23 -21.322349 -0.623176 -0.232328 -0.808163 -0.213643 -0.548844 0.612524 0.624266
  19 -20.880726 -0.570628 -0.349179 -0.169161 -0.160862 -0.972372 0.643836 0.606654
  26 -21.391667 -0.899491 -0.363409 -0.188637 0.197148 -0.962054 0.614481 0.647750
male.bmp
  26 -22.315293 -0.715418 -0.101049 -0.636341 0.720519 -0.275540 0.614481 0.111546
  26 -22.315735 -0.803774 0.172068 -0.747247 0.526748 0.405165 0.614481 0.103718
  23 -21.152110 -0.398811 0.297085 -0.607811 -0.051923 0.792382 0.716243 0.146771
male.bmp
  23 -22.578448 -0.474756 0.225041 -0.502560 -0.808607 0.305923 0.587084 0.131115
  23 -21.152110 -0.398811 0.297085 -0.607811 -0.051923 0.792382 0.716243 0.146771
  23 -22.611800 -0.208503 0.388125 -0.590306 -0.252422 0.766696 0.583170 0.154599
male.bmp
  19 -17.605886 -1.412775 0.394995 -0.048977 -0.923660 0.380071 0.536204 0.019569
  19 -17.631467 -1.093916 0.865074 -0.065972 -0.575634 0.815042 0.544031 0.062622
  19 -17.972590 -1.251581 0.334625 0.504101 -0.747019 0.433411 0.489237 0.037182
male.bmp
  29 -21.792251 1.597260 0.082621 -0.983121 0.182955 0.000517 0.493151 0.479452
  29 -21.737240 1.631517 -0.221846 -0.931133 0.120193 -0.344303 0.500978 0.455969
  29 -21.795919 1.544930 0.094791 -0.886157 -0.425251 0.184087 0.495108 0.481409
male.bmp
  19 -20.965739 0.994378 -0.092024 -0.734013 0.597993 0.321916 0.567515 0.481409
  29 -21.055703 0.938415 -0.211180 -0.870521 0.145136 -0.470243 0.583170 0.487280
  20 -21.268278 0.760761 -0.390217 -0.286415 0.286197 -0.914362 0.567515 0.506849
male.bmp
  32 -18.694136 -1.302145 -0.297244 0.516067 -0.528005 -0.674452 0.972603 0.050881
  32 -18.674573 -1.409609 -0.098074 0.707160 -0.676432 -0.205825 0.966732 0.058708
  32 -18.987935 -1.904736 -0.266160 0.737539 -0.513077 -0.439076 0.947162 0.011742
male.bmp
  33 -20.450573 -2.978573 0.125132 -0.471877 -0.869798 0.144165 0.849315 0.681018
  33 -20.447976 -2.966694 -0.204946 -0.728038 -0.457213 -0.510800 0.829746 0.686888
  33 -20.427604 -2.983020 -0.085706 -0.561137 -0.825856 -0.055556 0.829746 0.681018
male.bmp
  29 -21.682203 1.877119 0.201652 -0.818714 0.516089 0.251715 0.653620 0.354207
  29 -21.739486 1.762280 0.224692 -0.910400 0.344367 0.229312 0.647750 0.338552
  29 -21.652496 1.911577 0.251952 -0.412274 0.526271 0.743686 0.657534 0.354207
male.bmp
  29 -21.583202 1.998020 -0.086760 -0.736408 0.612263 -0.287815 0.667319 0.385519
  29 -21.583790 2.054678 0.107378 -0.541889 0.809155 0.227211 0.659491 0.371820
  29 -21.523277 2.051716 -0.117188 -0.174272 0.900946 -0.397399 0.673190 0.383562
male.bmp
  19 -18.810316 -0.137208 0.740843 -0.067768 0.061091 0.995829 0.931507 0.183953
  19 -19.867581 -0.776712 0.657035 -0.056458 -0.155889 0.986160 0.839530 0.119374
  19 -18.903149 -0.847908 0.657848 0.029562 -0.330400 0.943378 0.927593 0.119374
male.bmp
  32 -20.405643 -1.570984 0.383540 -0.713681 -0.620013 0.325949 0.784736 0.033268
  32 -20.130962 -1.530947 0.712550 -0.300104 -0.381590 0.874258 0.814090 0.041096
  26 -20.810448 -1.381647 0.080561 -0.302718 -0.864364 0.401543 0.763209 0.060665
male.bmp
  32 -20.383527 -1.590888 0.052308 -0.891681 -0.241293 -0.382991 0.866928 0.818004
  32 -20.220502 -1.733941 -0.304985 -0.720454 0.004428 -0.693489 0.845401 0.814090
  33 -20.380910 -1.933105 0.097868 -0.995048 0.008476 -0.099035 0.857143 0.782779
male.bmp
  32 -20.130962 -1.530947 0.712550 -0.300104 -0.381590 0.874258 0.477495 0.823875
  32 -20.405643 -1.570984 0.383540 -0.713681 -0.620013 0.325949 0.444227 0.835616
  33 -19.927475 -2.083322 0.612875 -0.142219 -0.251808 0.957270 0.504892 0.874755
male.bmp
  20 -22.211948 1.033933 0.360958 -0.875627 0.333583 0.349283 0.610568 0.272016
  20 -22.198843 1.044751 0.409032 -0.445420 0.415428 0.793108 0.614481 0.272016
  20 -22.180817 1.187463 0.253443 -0.697618 0.691762 0.186532 0.612524 0.285714
male.bmp
  19 -18.017211 -1.002614 0.783428 0.501058 -0.463730 0.730681 0.491194 0.076321
  19 -18.003197 -0.972475 0.714180 0.501058 -0.463730 0.730681 0.495108 0.076321
  19 -18.044076 -0.252948 0.943987 0.513366 0.045737 0.856950 0.502935 0.156556
male.bmp
  19 -18.371339 -0.921328 0.673494 -0.816370 -0.323595 0.478358 0.446184 0.086106
  19 -18.375961 -0.961522 0.753263 -0.685219 -0.413191 0.599791 0.452055 0.086106
  19 -18.386107 -0.221595 0.794551 -0.846868 -0.019549 0.531444 0.455969 0.168297
male.bmp
  19 -17.867561 0.391348 -0.907452 0.726655 0.009375 -0.686938 0.105675 0.886497
  19 -17.870999 0.371202 -0.847600 0.726655 0.009375 -0.686938 0.105675 0.890411
  19 -17.876612 -0.418937 -0.789738 0.758398 -0.166972 -0.630042 0.201566 0.890411
male.bmp
  19 -17.555909 -1.392923 0.397863 0.817321 -0.503093 0.280863 0.663405 0.782779
  19 -17.564568 -1.322846 0.377513 0.896060 0.426487 -0.123233 0.663405 0.776908
  19 -17.580927 -1.074041 0.857960 0.769038 -0.307281 0.560498 0.694716 0.763209
male.bmp
  19 -17.748283 -0.233542 0.850554 0.634429 -0.034552 -0.772209 0.694716 0.710372
  19 -17.575360 -0.244368 0.980480 0.880513 -0.022522 -0.473487 0.700587 0.710372
  19 -17.752214 -0.883169 0.708531 0.701943 0.338117 -0.626860 0.684932 0.751468
male.bmp
  19 -17.524100 -0.529830 -0.830207 0.162942 0.225939 -0.960417 0.585127 0.731898
  19 -17.475870 -0.530051 -0.797437 0.791488 0.330385 -0.514191 0.589041 0.729941
  19 -17.544681 -0.890209 -0.661972 0.017921 -0.541384 -0.840585 0.596869 0.755382
male.bmp
  19 -17.510676 -0.309740 -0.878994 0.116987 -0.629287 -0.768318 0.731898 0.716243
  19 -17.487632 0.380244 -0.896051 0.119337 0.056262 -0.991258 0.724070 0.772994
  19 -17.461826 -0.289937 -0.856158 0.781764 -0.542375 -0.307692 0.727984 0.718200
male.bmp
  19 -18.000629 -0.368310 -0.896775 0.838096 0.259190 0.480016 0.876712 0.360078
  19 -18.004293 -0.468454 -0.837129 0.841206 0.298422 0.450907 0.876712 0.381605
  19 -17.999023 -0.398236 -0.926805 0.879953 -0.275688 -0.386884 0.864971 0.360078
male.bmp
  19 -18.004293 -0.468454 -0.837129 0.841206 0.298422 0.450907 0.876712 0.381605
  19 -18.009647 -0.568671 -0.747532 0.858602 0.371864 0.352874 0.876712 0.405088
  19 -18.002687 -0.498381 -0.867160 0.866495 -0.313103 -0.388784 0.864971 0.381605
male.bmp
  19 -18.009647 -0.568671 -0.747532 0.858602 0.371864 0.352874 0.876712 0.405088
  19 -18.016608 -0.638962 -0.627904 0.903239 0.348655 0.250198 0.876712 0.428571
  19 -18.008041 -0.598599 -0.777561 0.837514 -0.463850 -0.288813 0.864971 0.405088
male.bmp
  19 -17.999023 -0.398236 -0.926805 0.034140 0.826872 -0.561353 0.365949 0.904110
  19 -18.037861 -0.408069 -0.949053 0.034140 0.826872 -0.561353 0.389432 0.917808
  19 -18.000629 -0.368310 -0.896775 0.034140 0.826872 -0.561353 0.365949 0.876712
male.bmp
  19 -18.277039 -0.738214 -0.632828 -0.499058 -0.437559 -0.747986 0.861057 0.530333
  19 -18.596701 -0.710272 -0.756275 0.176636 -0.368424 -0.912723 0.833659 0.540117
  19 -18.265793 -0.347781 -0.811532 -0.487356 -0.183176 -0.853774 0.849315 0.500978
male.bmp
  18 -8.964975 1.453763 0.285401 0.084935 0.994603 -0.059583 0.277886 0.502935
  18 -8.976553 1.023625 -0.554687 0.106197 0.792110 -0.601068 0.232877 0.500978
  18 -9.693737 1.364607 0.392341 -0.038569 0.990112 0.134873 0.277886 0.471624
male.bmp
  18 -16.184675 0.496321 0.766510 -0.178593 0.610462 0.771648 0.315068 0.125245
  18 -16.177333 -0.176692 1.069825 -0.175585 0.096256 0.979747 0.354207 0.125245
  18 -14.347665 0.734291 1.080935 -0.156502 0.647665 0.745679 0.318982 0.232877
male.bmp
  19 -17.950547 -1.371077 0.115228 0.615999 -0.784792 0.068161 0.326810 0.886497
  19 -18.306621 -1.379863 0.035013 -0.610355 -0.788361 -0.077166 0.326810 0.839530
  19 -17.923995 -1.290404 -0.173540 0.674713 -0.677040 -0.293902 0.303327 0.886497
male.bmp
  18 -14.209919 1.112803 -0.615224 -0.089052 0.830164 -0.550360 0.236791 0.234834
  18 -16.096582 0.811176 -0.620323 -0.078398 0.754549 -0.651544 0.223092 0.125245
  18 -16.098317 0.938967 -0.399039 -0.104246 0.957332 -0.269535 0.240705 0.127202
male.bmp
  19 -18.257997 0.871938 -0.707972 -0.666771 0.467468 -0.580422 0.050881 0.837573
  19 -18.250729 0.652280 -0.848319 -0.652512 0.328969 -0.682648 0.070450 0.839530
  19 -18.260956 0.821818 -0.658181 -0.616991 0.473513 -0.628576 0.050881 0.829746
male.bmp
  19 -17.927701 0.251992 -1.091472 0.621995 0.360064 -0.695324 0.622309 0.360078
  19 -17.772775 0.141325 -1.002868 0.621995 0.360064 -0.695324 0.614481 0.334638
  19 -17.927194 0.232017 -1.101508 0.621995 0.360064 -0.695324 0.622309 0.360078
male.bmp
  19 -17.772240 0.131349 -1.012878 0.613576 0.526299 -0.588672 0.614481 0.334638
  19 -17.927194 0.232017 -1.101508 0.613576 0.526299 -0.588672 0.622309 0.360078
  19 -17.772775 0.141325 -1.002868 0.613576 0.526299 -0.588672 0.614481 0.334638
male.bmp
  19 -18.149239 0.182573 -1.074097 -0.221453 0.622506 -0.750630 0.612524 0.381605
  19 -17.927701 0.251992 -1.091472 -0.221453 0.622506 -0.750630 0.622309 0.360078
  19 -18.138157 0.172592 -1.093527 -0.221453 0.622506 -0.750630 0.612524 0.381605
male.bmp
  19 -17.927194 0.232017 -1.101508 -0.143848 0.435223 -0.888757 0.622309 0.360078
  19 -18.138157 0.172592 -1.093527 -0.143848 0.435223 -0.888757 0.612524 0.381605
  19 -17.927701 0.251992 -1.091472 -0.143848 0.435223 -0.888757 0.622309 0.360078
male.bmp
  18 -5.330170 -2.349198 0.887969 -0.140572 -0.890185 0.433371 0.467710 0.679061
  18 -5.241817 -1.478477 1.718534 -0.077928 -0.398784 0.913728 0.428571 0.677104
  18 -8.724836 -1.694508 0.826901 -0.268659 -0.867703 0.418227 0.467710 0.532290
end
