version 1
nodes
  0 "Bip01" -1
  1 "ValveBiped.Bip01_L_Forearm" 0
  2 "ValveBiped.Bip01_L_Hand" 1
  3 "ValveBiped.Bip01_L_Finger3" 2
  4 "ValveBiped.Bip01_L_Finger31" 3
  5 "ValveBiped.Bip01_L_Finger32" 4
  6 "ValveBiped.Bip01_L_Finger2" 2
  7 "ValveBiped.Bip01_L_Finger21" 6
  8 "ValveBiped.Bip01_L_Finger22" 7
  9 "ValveBiped.Bip01_L_Finger1" 2
  10 "ValveBiped.Bip01_L_Finger11" 9
  11 "ValveBiped.Bip01_L_Finger12" 10
  12 "ValveBiped.Bip01_L_Finger4" 2
  13 "ValveBiped.Bip01_L_Finger41" 12
  14 "ValveBiped.Bip01_L_Finger42" 13
  15 "ValveBiped.Bip01_L_Finger0" 2
  16 "ValveBiped.Bip01_L_Finger01" 15
  17 "ValveBiped.Bip01_L_Finger02" 16
  18 "ValveBiped.Bip01_R_Forearm" 0
  19 "ValveBiped.Bip01_R_Hand" 18
  20 "ValveBiped.Bip01_R_Finger3" 19
  21 "ValveBiped.Bip01_R_Finger31" 20
  22 "ValveBiped.Bip01_R_Finger32" 21
  23 "ValveBiped.Bip01_R_Finger2" 19
  24 "ValveBiped.Bip01_R_Finger21" 23
  25 "ValveBiped.Bip01_R_Finger22" 24
  26 "ValveBiped.Bip01_R_Finger1" 19
  27 "ValveBiped.Bip01_R_Finger11" 26
  28 "ValveBiped.Bip01_R_Finger12" 27
  29 "ValveBiped.Bip01_R_Finger4" 19
  30 "ValveBiped.Bip01_R_Finger41" 29
  31 "ValveBiped.Bip01_R_Finger42" 30
  32 "ValveBiped.Bip01_R_Finger0" 19
  33 "ValveBiped.Bip01_R_Finger01" 32
  34 "ValveBiped.Bip01_R_Finger02" 33
  35 "ValveBiped.Bip01_L_Finger3Nub" 5
  36 "ValveBiped.Bip01_L_Finger2Nub" 8
  37 "ValveBiped.Bip01_L_Finger1Nub" 11
  38 "ValveBiped.Bip01_L_Finger4Nub" 14
  39 "ValveBiped.Bip01_L_Finger0Nub" 17
  40 "ValveBiped.Bip01_R_Finger3Nub" 22
  41 "ValveBiped.Bip01_R_Finger2Nub" 25
  42 "ValveBiped.Bip01_R_Finger1Nub" 28
  43 "ValveBiped.Bip01_R_Finger4Nub" 31
  44 "ValveBiped.Bip01_R_Finger0Nub" 34
end
skeleton
  time 0
    0 0.000000 0.000000 0.000000 0.000000 -0.000000 0.000219
    1 9.609007 0.117237 0.000000 0.000000 -0.000000 -0.000219
    2 8.499675 0.000000 0.000000 0.000000 -0.000000 -0.081624
    3 2.718800 0.701578 0.000000 0.000000 -0.000000 0.321251
    4 1.480628 -0.000000 0.000000 0.000000 -0.000000 -0.007798
    5 1.076366 -0.000000 0.000000 0.000000 -0.000000 0.000000
    6 2.841740 0.000000 0.000000 0.000000 -0.000000 0.077356
    7 1.684282 0.000000 0.000000 0.000000 -0.000000 0.005336
    8 1.151941 0.000000 0.000000 0.000000 -0.000000 -0.000000
    9 2.818906 -0.723885 0.000000 0.000000 -0.000000 -0.100049
    10 1.397574 -0.000000 0.000000 0.000000 -0.000000 -0.000282
    11 0.957881 0.000000 0.000000 0.000000 -0.000000 0.000000
    12 2.427188 1.351469 0.000000 0.000000 -0.000000 0.564650
    13 1.124349 0.000000 0.000000 0.000000 -0.000000 -0.001199
    14 0.891249 0.000000 0.000000 0.000000 -0.000000 -0.000000
    15 1.230969 -0.541324 0.000000 0.000000 -0.000000 -1.175202
    16 1.535969 -0.000000 0.000000 0.000000 -0.000000 -0.020854
    17 1.100831 0.000000 0.000000 0.000000 -0.000000 -0.000000
    18 -9.608955 0.121446 0.000000 0.000000 -0.000000 3.141374
    19 8.450979 -0.000000 0.000000 0.000000 -0.000000 0.081624
    20 2.760989 -0.672379 0.000000 0.000000 -0.000000 -0.321251
    21 1.480578 0.000000 0.000000 0.000000 -0.000000 0.007798
    22 1.077447 0.000000 0.000000 0.000000 -0.000000 -0.000000
    23 2.863182 0.000000 0.000000 0.000000 -0.000000 -0.077356
    24 1.687230 0.000000 0.000000 0.000000 -0.000000 -0.005336
    25 1.162753 0.000000 0.000000 0.000000 -0.000000 0.000000
    26 2.860921 0.713075 0.000000 0.000000 -0.000000 0.100049
    27 1.403372 0.000000 0.000000 0.000000 -0.000000 0.000282
    28 0.958228 0.000000 0.000000 0.000000 -0.000000 -0.000000
    29 2.460362 -1.342852 0.000000 0.000000 -0.000000 -0.564650
    30 1.129438 0.000000 0.000000 0.000000 -0.000000 0.001199
    31 0.884337 0.000000 0.000000 0.000000 -0.000000 0.000000
    32 1.302049 0.536595 0.000000 0.000000 -0.000000 1.175202
    33 1.524058 -0.000000 0.000000 0.000000 -0.000000 0.020854
    34 1.119011 0.000000 0.000000 0.000000 -0.000000 0.000000
    35 0.753456 0.000000 0.000000 0.000000 -0.000000 0.000000
    36 0.806359 0.000000 0.000000 0.000000 -0.000000 -0.000000
    37 0.670517 0.000000 0.000000 0.000000 -0.000000 0.000000
    38 0.623874 0.000000 0.000000 0.000000 -0.000000 0.000000
    39 0.770582 0.000000 0.000000 0.000000 -0.000000 -0.000000
    40 0.754213 -0.000000 0.000000 0.000000 -0.000000 -0.000000
    41 0.813927 0.000000 0.000000 0.000000 -0.000000 0.000000
    42 0.670760 0.000000 0.000000 0.000000 -0.000000 0.000000
    43 0.619036 -0.000000 0.000000 0.000000 -0.000000 -0.000000
    44 0.783308 0.000000 0.000000 0.000000 -0.000000 -0.000000
end
triangles
mid.bmp
  2 17.780735 -1.117768 0.353532 0.030904 -0.897923 0.439066 0.426614 0.037182
  2 17.747501 -0.885640 0.684510 0.115945 -0.481229 0.868893 0.393346 0.037182
  1 16.328999 -1.076742 0.395107 0.064075 -0.857924 0.509766 0.434442 0.119374
mid.bmp
  1 16.328999 -1.076742 0.395107 0.064075 -0.857924 0.509766 0.434442 0.119374
  2 17.747501 -0.885640 0.684510 0.115945 -0.481229 0.868893 0.393346 0.037182
  1 16.228552 -0.796903 0.785914 0.117660 -0.573315 0.810843 0.401174 0.119374
mid.bmp
  2 17.747501 -0.885640 0.684510 0.115945 -0.481229 0.868893 0.393346 0.037182
  1 16.178847 -0.160970 0.939634 0.136500 0.093228 0.986244 0.354207 0.125245
  1 16.228552 -0.796903 0.785914 0.117660 -0.573315 0.810843 0.401174 0.119374
mid.bmp
  1 16.228552 -0.796903 0.785914 0.117660 -0.573315 0.810843 0.401174 0.119374
  1 16.178847 -0.160970 0.939634 0.136500 0.093228 0.986244 0.354207 0.125245
  1 14.412159 -0.832182 1.096166 0.135850 -0.500705 0.854891 0.412916 0.227006
mid.bmp
  1 16.178847 -0.160970 0.939634 0.136500 0.093228 0.986244 0.354207 0.125245
  1 14.287028 -0.085578 1.251169 0.148819 0.062000 0.986919 0.362035 0.230920
  1 14.412159 -0.832182 1.096166 0.135850 -0.500705 0.854891 0.412916 0.227006
mid.bmp
  1 14.412159 -0.832182 1.096166 0.135850 -0.500705 0.854891 0.412916 0.227006
  1 14.287028 -0.085578 1.251169 0.148819 0.062000 0.986919 0.362035 0.230920
  1 12.581612 -0.794166 1.384399 0.062807 -0.505933 0.860283 0.424658 0.334638
mid.bmp
  1 14.287028 -0.085578 1.251169 0.148819 0.062000 0.986919 0.362035 0.230920
  1 12.514901 -0.061862 1.477704 0.054134 0.136784 0.989121 0.373777 0.338552
  1 12.581612 -0.794166 1.384399 0.062807 -0.505933 0.860283 0.424658 0.334638
mid.bmp
  1 12.581612 -0.794166 1.384399 0.062807 -0.505933 0.860283 0.424658 0.334638
  1 12.514901 -0.061862 1.477704 0.054134 0.136784 0.989121 0.373777 0.338552
  1 9.791611 -0.850998 1.399638 0.011268 -0.384444 0.923080 0.428571 0.475538
mid.bmp
  1 12.514901 -0.061862 1.477704 0.054134 0.136784 0.989121 0.373777 0.338552
  1 9.752713 -0.036652 1.494659 0.014671 0.173601 0.984707 0.377691 0.473581
  1 9.791611 -0.850998 1.399638 0.011268 -0.384444 0.923080 0.428571 0.475538
mid.bmp
  1 9.791611 -0.850998 1.399638 0.011268 -0.384444 0.923080 0.428571 0.475538
  1 9.752713 -0.036652 1.494659 0.014671 0.173601 0.984707 0.377691 0.473581
  1 9.210824 -0.771154 1.423986 0.065478 -0.282178 0.957125 0.430528 0.504892
mid.bmp
  1 9.752713 -0.036652 1.494659 0.014671 0.173601 0.984707 0.377691 0.473581
  1 9.125031 -0.000162 1.471866 0.022874 0.117437 0.992817 0.377691 0.502935
  1 9.210824 -0.771154 1.423986 0.065478 -0.282178 0.957125 0.430528 0.504892
mid.bmp
  1 9.210824 -0.771154 1.423986 0.065478 -0.282178 0.957125 0.430528 0.504892
  1 9.125031 -0.000162 1.471866 0.022874 0.117437 0.992817 0.377691 0.502935
  1 8.487266 -0.092430 1.532857 0.030775 0.185238 0.982212 0.377691 0.532290
mid.bmp
  1 9.125031 -0.000162 1.471866 0.022874 0.117437 0.992817 0.377691 0.502935
  1 8.351863 0.627353 1.296856 -0.057679 0.611895 0.788833 0.338552 0.532290
  1 8.487266 -0.092430 1.532857 0.030775 0.185238 0.982212 0.377691 0.532290
mid.bmp
  1 8.487266 -0.092430 1.532857 0.030775 0.185238 0.982212 0.377691 0.532290
  1 8.351863 0.627353 1.296856 -0.057679 0.611895 0.788833 0.338552 0.532290
  1 5.063500 0.305688 1.393899 -0.080769 0.718106 0.691231 0.338552 0.677104
mid.bmp
  1 8.351863 0.627353 1.296856 -0.057679 0.611895 0.788833 0.338552 0.532290
  1 8.211101 1.005083 0.581510 -0.119801 0.979650 0.161037 0.285714 0.540117
  1 5.063500 0.305688 1.393899 -0.080769 0.718106 0.691231 0.338552 0.677104
mid.bmp
  1 5.063500 0.305688 1.393899 -0.080769 0.718106 0.691231 0.338552 0.677104
  1 8.211101 1.005083 0.581510 -0.119801 0.979650 0.161037 0.285714 0.540117
  1 5.006644 0.676081 0.551569 -0.135724 0.988947 -0.059693 0.285714 0.675147
mid.bmp
  1 8.211101 1.005083 0.581510 -0.119801 0.979650 0.161037 0.285714 0.540117
  1 8.133021 0.750133 -0.522721 -0.085821 0.854896 -0.511651 0.228963 0.536204
  1 5.006644 0.676081 0.551569 -0.135724 0.988947 -0.059693 0.285714 0.675147
mid.bmp
  1 5.006644 0.676081 0.551569 -0.135724 0.988947 -0.059693 0.285714 0.675147
  1 8.133021 0.750133 -0.522721 -0.085821 0.854896 -0.511651 0.228963 0.536204
  1 5.020010 0.386884 -0.533023 -0.108038 0.729373 -0.675531 0.228963 0.673190
mid.bmp
  1 8.133021 0.750133 -0.522721 -0.085821 0.854896 -0.511651 0.228963 0.536204
  1 8.375805 -0.182877 -1.122305 0.002807 0.315067 -0.949065 0.174168 0.528376
  1 5.020010 0.386884 -0.533023 -0.108038 0.729373 -0.675531 0.228963 0.673190
mid.bmp
  1 5.020010 0.386884 -0.533023 -0.108038 0.729373 -0.675531 0.228963 0.673190
  1 8.375805 -0.182877 -1.122305 0.002807 0.315067 -0.949065 0.174168 0.528376
  1 5.091858 -0.620555 -1.268828 -0.021069 0.086377 -0.996040 0.172211 0.669276
mid.bmp
  1 8.375805 -0.182877 -1.122305 0.002807 0.315067 -0.949065 0.174168 0.528376
  1 8.579371 -1.189036 -0.923751 0.120698 -0.576040 -0.808461 0.095890 0.524462
  1 5.091858 -0.620555 -1.268828 -0.021069 0.086377 -0.996040 0.172211 0.669276
mid.bmp
  1 5.091858 -0.620555 -1.268828 -0.021069 0.086377 -0.996040 0.172211 0.669276
  1 8.579371 -1.189036 -0.923751 0.120698 -0.576040 -0.808461 0.095890 0.524462
  1 5.202179 -1.673094 -1.034340 0.076516 -0.660325 -0.747071 0.095890 0.671233
mid.bmp
  1 8.579371 -1.189036 -0.923751 0.120698 -0.576040 -0.808461 0.095890 0.524462
  1 5.285590 -2.302861 -0.008913 0.128030 -0.956418 -0.262436 0.052838 0.669276
  1 5.202179 -1.673094 -1.034340 0.076516 -0.660325 -0.747071 0.095890 0.671233
mid.bmp
  1 5.202179 -1.673094 -1.034340 0.076516 -0.660325 -0.747071 0.095890 0.671233
  1 5.285590 -2.302861 -0.008913 0.128030 -0.956418 -0.262436 0.052838 0.669276
  1 1.767124 -2.665299 0.087543 0.094848 -0.932680 -0.348010 0.056751 0.804305
mid.bmp
  1 5.285590 -2.302861 -0.008913 0.128030 -0.956418 -0.262436 0.052838 0.669276
  1 1.790976 -2.573442 0.919364 0.098724 -0.929290 0.355912 0.011742 0.808219
  1 1.767124 -2.665299 0.087543 0.094848 -0.932680 -0.348010 0.056751 0.804305
mid.bmp
  18 -1.801996 -2.680899 0.846818 -0.102324 -0.930141 0.352657 0.011742 0.808219
  18 -5.288385 -2.393008 -0.069762 -0.133672 -0.955759 -0.262022 0.052838 0.669276
  18 -1.776426 -2.772738 0.015007 -0.100730 -0.932236 -0.347547 0.056751 0.804305
mid.bmp
  18 -1.776426 -2.772738 0.015007 -0.100730 -0.932236 -0.347547 0.056751 0.804305
  18 -5.288385 -2.393008 -0.069762 -0.133672 -0.955759 -0.262022 0.052838 0.669276
  18 -5.215235 -1.763378 -1.095324 -0.082362 -0.660061 -0.746683 0.095890 0.671233
mid.bmp
  18 -5.288385 -2.393008 -0.069762 -0.133672 -0.955759 -0.262022 0.052838 0.669276
  18 -8.589578 -1.262473 -0.973371 -0.126309 -0.575685 -0.807857 0.095890 0.524462
  18 -5.215235 -1.763378 -1.095324 -0.082362 -0.660061 -0.746683 0.095890 0.671233
mid.bmp
  18 -5.215235 -1.763378 -1.095324 -0.082362 -0.660061 -0.746683 0.095890 0.671233
  18 -8.589578 -1.262473 -0.973371 -0.126309 -0.575685 -0.807857 0.095890 0.524462
  18 -5.100356 -0.711348 -1.330216 0.018144 0.086343 -0.996100 0.172211 0.669276
mid.bmp
  18 -8.589578 -1.262473 -0.973371 -0.126309 -0.575685 -0.807857 0.095890 0.524462
  18 -8.381659 -0.257332 -1.172574 -0.004260 0.316038 -0.948737 0.174168 0.528376
  18 -5.100356 -0.711348 -1.330216 0.018144 0.086343 -0.996100 0.172211 0.669276
mid.bmp
  18 -5.100356 -0.711348 -1.330216 0.018144 0.086343 -0.996100 0.172211 0.669276
  18 -8.381659 -0.257332 -1.172574 -0.004260 0.316038 -0.948737 0.174168 0.528376
  18 -5.021102 0.295641 -0.594555 0.109319 0.729272 -0.675434 0.228963 0.673190
mid.bmp
  18 -8.381659 -0.257332 -1.172574 -0.004260 0.316038 -0.948737 0.174168 0.528376
  18 -8.184630 0.680908 -0.573450 0.089895 0.844314 -0.528255 0.228963 0.536204
  18 -5.021102 0.295641 -0.594555 0.109319 0.729272 -0.675434 0.228963 0.673190
mid.bmp
  18 -5.021102 0.295641 -0.594555 0.109319 0.729272 -0.675434 0.228963 0.673190
  18 -8.184630 0.680908 -0.573450 0.089895 0.844314 -0.528255 0.228963 0.536204
  18 -5.002677 0.584718 0.489995 0.143054 0.987510 -0.066033 0.285714 0.675147
mid.bmp
  18 -8.184630 0.680908 -0.573450 0.089895 0.844314 -0.528255 0.228963 0.536204
  18 -8.186682 0.956917 0.465235 0.123992 0.978870 0.162601 0.285714 0.540117
  18 -5.002677 0.584718 0.489995 0.143054 0.987510 -0.066033 0.285714 0.675147
mid.bmp
  18 -5.002677 0.584718 0.489995 0.143054 0.987510 -0.066033 0.285714 0.675147
  18 -8.186682 0.956917 0.465235 0.123992 0.978870 0.162601 0.285714 0.540117
  18 -5.068578 0.216606 1.336048 0.086801 0.720840 0.687645 0.338552 0.677104
mid.bmp
  18 -8.186682 0.956917 0.465235 0.123992 0.978870 0.162601 0.285714 0.540117
  18 -8.345176 0.552963 1.246758 0.064453 0.628075 0.775479 0.338552 0.532290
  18 -5.068578 0.216606 1.336048 0.086801 0.720840 0.687645 0.338552 0.677104
mid.bmp
  18 -5.068578 0.216606 1.336048 0.086801 0.720840 0.687645 0.338552 0.677104
  18 -8.345176 0.552963 1.246758 0.064453 0.628075 0.775479 0.338552 0.532290
  18 -8.483306 -0.166313 1.483824 -0.027031 0.183817 0.982589 0.377691 0.532290
mid.bmp
  18 -8.345176 0.552963 1.246758 0.064453 0.628075 0.775479 0.338552 0.532290
  18 -9.121236 -0.071012 1.424122 -0.024503 0.122909 0.992115 0.377691 0.502935
  18 -8.483306 -0.166313 1.483824 -0.027031 0.183817 0.982589 0.377691 0.532290
mid.bmp
  18 -8.483306 -0.166313 1.483824 -0.027031 0.183817 0.982589 0.377691 0.532290
  18 -9.121236 -0.071012 1.424122 -0.024503 0.122909 0.992115 0.377691 0.502935
  18 -9.201118 -0.841548 1.376773 -0.083282 -0.335900 0.938209 0.430528 0.504892
mid.bmp
  18 -9.121236 -0.071012 1.424122 -0.024503 0.122909 0.992115 0.377691 0.502935
  18 -9.752401 -0.123053 1.451865 -0.014281 0.182317 0.983136 0.377691 0.473581
  18 -9.201118 -0.841548 1.376773 -0.083282 -0.335900 0.938209 0.430528 0.504892
mid.bmp
  18 -9.201118 -0.841548 1.376773 -0.083282 -0.335900 0.938209 0.430528 0.504892
  18 -9.752401 -0.123053 1.451865 -0.014281 0.182317 0.983136 0.377691 0.473581
  18 -9.791661 -0.926604 1.352043 -0.018261 -0.391888 0.919832 0.428571 0.475538
mid.bmp
  18 -9.752401 -0.123053 1.451865 -0.014281 0.182317 0.983136 0.377691 0.473581
  18 -12.504961 -0.123966 1.424309 -0.054988 0.134832 0.989342 0.373777 0.338552
  18 -9.791661 -0.926604 1.352043 -0.018261 -0.391888 0.919832 0.428571 0.475538
mid.bmp
  18 -9.791661 -0.926604 1.352043 -0.018261 -0.391888 0.919832 0.428571 0.475538
  18 -12.504961 -0.123966 1.424309 -0.054988 0.134832 0.989342 0.373777 0.338552
  18 -12.579733 -0.832537 1.326761 -0.065996 -0.504540 0.860862 0.424658 0.334638
mid.bmp
  18 -12.504961 -0.123966 1.424309 -0.054988 0.134832 0.989342 0.373777 0.338552
  18 -14.314782 -0.132321 1.190804 -0.146076 0.055699 0.987704 0.362035 0.230920
  18 -12.579733 -0.832537 1.326761 -0.065996 -0.504540 0.860862 0.424658 0.334638
mid.bmp
  18 -12.579733 -0.832537 1.326761 -0.065996 -0.504540 0.860862 0.424658 0.334638
  18 -14.314782 -0.132321 1.190804 -0.146076 0.055699 0.987704 0.362035 0.230920
  18 -14.398126 -0.884365 1.051172 -0.133195 -0.489527 0.861755 0.412916 0.227006
mid.bmp
  18 -14.314782 -0.132321 1.190804 -0.146076 0.055699 0.987704 0.362035 0.230920
  18 -16.159227 -0.204547 0.892032 -0.131859 0.089806 0.987192 0.354207 0.125245
  18 -14.398126 -0.884365 1.051172 -0.133195 -0.489527 0.861755 0.412916 0.227006
mid.bmp
  18 -14.398126 -0.884365 1.051172 -0.133195 -0.489527 0.861755 0.412916 0.227006
  18 -16.159227 -0.204547 0.892032 -0.131859 0.089806 0.987192 0.354207 0.125245
  18 -16.249339 -0.839292 0.738122 -0.119535 -0.564223 0.816923 0.401174 0.119374
mid.bmp
  18 -16.159227 -0.204547 0.892032 -0.131859 0.089806 0.987192 0.354207 0.125245
  19 -17.732534 -0.911970 0.644250 -0.097641 -0.464044 0.880415 0.393346 0.037182
  18 -16.249339 -0.839292 0.738122 -0.119535 -0.564223 0.816923 0.401174 0.119374
mid.bmp
  18 -16.249339 -0.839292 0.738122 -0.119535 -0.564223 0.816923 0.401174 0.119374
  19 -17.732534 -0.911970 0.644250 -0.097641 -0.464044 0.880415 0.393346 0.037182
  18 -16.338887 -1.103655 0.370456 -0.067403 -0.854521 0.515025 0.434442 0.119374
mid.bmp
  19 -17.732534 -0.911970 0.644250 -0.097641 -0.464044 0.880415 0.393346 0.037182
  19 -17.776996 -1.143034 0.332991 -0.021895 -0.886241 0.462706 0.426614 0.037182
  18 -16.338887 -1.103655 0.370456 -0.067403 -0.854521 0.515025 0.434442 0.119374
mid.bmp
  2 17.716510 -0.658890 -0.480158 -0.015714 -0.472404 -0.881242 0.121331 0.021526
  1 16.092151 -0.388110 -0.690256 0.053608 -0.413633 -0.908864 0.136986 0.117417
  2 17.885460 -0.307830 -0.662812 -0.033132 -0.411419 -0.910844 0.140900 0.015656
mid.bmp
  2 17.885460 -0.307830 -0.662812 -0.033132 -0.411419 -0.910844 0.140900 0.015656
  1 16.092151 -0.388110 -0.690256 0.053608 -0.413633 -0.908864 0.136986 0.117417
  2 17.769684 -0.113995 -0.728215 -0.035222 -0.251301 -0.967268 0.152642 0.021526
mid.bmp
  1 16.092151 -0.388110 -0.690256 0.053608 -0.413633 -0.908864 0.136986 0.117417
  1 16.082801 -0.221163 -0.785258 0.068595 -0.247678 -0.966411 0.150685 0.119374
  2 17.769684 -0.113995 -0.728215 -0.035222 -0.251301 -0.967268 0.152642 0.021526
mid.bmp
  2 17.769684 -0.113995 -0.728215 -0.035222 -0.251301 -0.967268 0.152642 0.021526
  1 16.082801 -0.221163 -0.785258 0.068595 -0.247678 -0.966411 0.150685 0.119374
  2 17.734765 0.060025 -0.700908 -0.047511 0.063621 -0.996843 0.164384 0.023483
mid.bmp
  1 16.082801 -0.221163 -0.785258 0.068595 -0.247678 -0.966411 0.150685 0.119374
  1 16.075026 -0.000301 -0.769409 0.073634 -0.076741 -0.994328 0.160470 0.119374
  2 17.734765 0.060025 -0.700908 -0.047511 0.063621 -0.996843 0.164384 0.023483
mid.bmp
  2 17.734765 0.060025 -0.700908 -0.047511 0.063621 -0.996843 0.164384 0.023483
  1 16.075026 -0.000301 -0.769409 0.073634 -0.076741 -0.994328 0.160470 0.119374
  2 17.644036 0.366965 -0.695253 -0.019819 -0.002618 -0.999800 0.185910 0.029354
mid.bmp
  1 16.075026 -0.000301 -0.769409 0.073634 -0.076741 -0.994328 0.160470 0.119374
  1 16.064253 0.328424 -0.829530 0.062074 0.169991 -0.983489 0.183953 0.119374
  2 17.644036 0.366965 -0.695253 -0.019819 -0.002618 -0.999800 0.185910 0.029354
mid.bmp
  2 17.644036 0.366965 -0.695253 -0.019819 -0.002618 -0.999800 0.185910 0.029354
  1 16.064253 0.328424 -0.829530 0.062074 0.169991 -0.983489 0.183953 0.119374
  2 17.648087 0.583776 -0.642439 -0.054294 0.488909 -0.870643 0.197652 0.029354
mid.bmp
  1 16.064253 0.328424 -0.829530 0.062074 0.169991 -0.983489 0.183953 0.119374
  1 16.071210 0.535920 -0.683447 0.046765 0.607564 -0.792893 0.205479 0.123288
  2 17.648087 0.583776 -0.642439 -0.054294 0.488909 -0.870643 0.197652 0.029354
mid.bmp
  2 17.648087 0.583776 -0.642439 -0.054294 0.488909 -0.870643 0.197652 0.029354
  1 16.071210 0.535920 -0.683447 0.046765 0.607564 -0.792893 0.205479 0.123288
  2 17.644647 0.704526 -0.537060 -0.070237 0.734319 -0.675161 0.209393 0.031311
mid.bmp
  1 16.071210 0.535920 -0.683447 0.046765 0.607564 -0.792893 0.205479 0.123288
  1 16.082347 0.735291 -0.495660 0.043296 0.773741 -0.632021 0.223092 0.125245
  2 17.644647 0.704526 -0.537060 -0.070237 0.734319 -0.675161 0.209393 0.031311
mid.bmp
  2 17.644647 0.704526 -0.537060 -0.070237 0.734319 -0.675161 0.209393 0.031311
  1 16.082347 0.735291 -0.495660 0.043296 0.773741 -0.632021 0.223092 0.125245
  2 17.658016 0.787384 -0.396411 -0.044482 0.894977 -0.443890 0.221135 0.031311
mid.bmp
  1 16.082347 0.735291 -0.495660 0.043296 0.773741 -0.632021 0.223092 0.125245
  1 16.085865 0.818050 -0.354441 0.088057 0.982429 -0.164557 0.240705 0.127202
  2 17.658016 0.787384 -0.396411 -0.044482 0.894977 -0.443890 0.221135 0.031311
mid.bmp
  2 17.658016 0.787384 -0.396411 -0.044482 0.894977 -0.443890 0.221135 0.031311
  1 16.085865 0.818050 -0.354441 0.088057 0.982429 -0.164557 0.240705 0.127202
  2 17.654795 0.823562 -0.275504 0.029487 0.994189 0.103533 0.234834 0.031311
mid.bmp
  1 16.085865 0.818050 -0.354441 0.088057 0.982429 -0.164557 0.240705 0.127202
  1 16.155396 0.808903 0.164057 0.118884 0.918176 0.377915 0.272016 0.127202
  2 17.654795 0.823562 -0.275504 0.029487 0.994189 0.103533 0.234834 0.031311
mid.bmp
  2 17.654795 0.823562 -0.275504 0.029487 0.994189 0.103533 0.234834 0.031311
  1 16.155396 0.808903 0.164057 0.118884 0.918176 0.377915 0.272016 0.127202
  2 17.757467 0.681069 0.158469 0.106982 0.845580 0.523020 0.275930 0.033268
mid.bmp
  1 16.155396 0.808903 0.164057 0.118884 0.918176 0.377915 0.272016 0.127202
  1 16.165971 0.431450 0.667736 0.127048 0.654802 0.745045 0.315068 0.125245
  2 17.757467 0.681069 0.158469 0.106982 0.845580 0.523020 0.275930 0.033268
mid.bmp
  2 17.757467 0.681069 0.158469 0.106982 0.845580 0.523020 0.275930 0.033268
  1 16.165971 0.431450 0.667736 0.127048 0.654802 0.745045 0.315068 0.125245
  2 17.766891 0.309285 0.636957 0.136529 0.523753 0.840858 0.317025 0.033268
mid.bmp
  1 16.165971 0.431450 0.667736 0.127048 0.654802 0.745045 0.315068 0.125245
  1 16.178847 -0.160970 0.939634 0.136500 0.093228 0.986244 0.354207 0.125245
  2 17.766891 0.309285 0.636957 0.136529 0.523753 0.840858 0.317025 0.033268
mid.bmp
  2 17.766891 0.309285 0.636957 0.136529 0.523753 0.840858 0.317025 0.033268
  1 16.178847 -0.160970 0.939634 0.136500 0.093228 0.986244 0.354207 0.125245
  2 17.767918 -0.231618 0.820312 0.162472 0.036604 0.986034 0.352250 0.035225
mid.bmp
  1 16.178847 -0.160970 0.939634 0.136500 0.093228 0.986244 0.354207 0.125245
  2 17.747501 -0.885640 0.684510 0.115945 -0.481229 0.868893 0.393346 0.037182
  2 17.767918 -0.231618 0.820312 0.162472 0.036604 0.986034 0.352250 0.035225
mid.bmp
  19 -17.732534 -0.911970 0.644250 -0.097641 -0.464044 0.880415 0.393346 0.037182
  18 -16.159227 -0.204547 0.892032 -0.131859 0.089806 0.987192 0.354207 0.125245
  19 -17.745332 -0.265321 0.770462 -0.138740 0.033596 0.989759 0.352250 0.035225
mid.bmp
  19 -17.745332 -0.265321 0.770462 -0.138740 0.033596 0.989759 0.352250 0.035225
  18 -16.159227 -0.204547 0.892032 -0.131859 0.089806 0.987192 0.354207 0.125245
  19 -17.744948 0.269657 0.602402 -0.111045 0.515127 0.849890 0.317025 0.033268
mid.bmp
  18 -16.159227 -0.204547 0.892032 -0.131859 0.089806 0.987192 0.354207 0.125245
  18 -16.183253 0.387779 0.620423 -0.118467 0.652072 0.748844 0.315068 0.125245
  19 -17.744948 0.269657 0.602402 -0.111045 0.515127 0.849890 0.317025 0.033268
mid.bmp
  19 -17.744948 0.269657 0.602402 -0.111045 0.515127 0.849890 0.317025 0.033268
  18 -16.183253 0.387779 0.620423 -0.118467 0.652072 0.748844 0.315068 0.125245
  19 -17.748291 0.640590 0.129577 -0.086776 0.844782 0.528028 0.275930 0.033268
mid.bmp
  18 -16.183253 0.387779 0.620423 -0.118467 0.652072 0.748844 0.315068 0.125245
  18 -16.186932 0.762822 0.114132 -0.112009 0.915278 0.386937 0.272016 0.127202
  19 -17.748291 0.640590 0.129577 -0.086776 0.844782 0.528028 0.275930 0.033268
mid.bmp
  19 -17.748291 0.640590 0.129577 -0.086776 0.844782 0.528028 0.275930 0.033268
  18 -16.186932 0.762822 0.114132 -0.112009 0.915278 0.386937 0.272016 0.127202
  19 -17.656887 0.788386 -0.307414 -0.022451 0.991589 0.127463 0.234834 0.031311
mid.bmp
  18 -16.186932 0.762822 0.114132 -0.112009 0.915278 0.386937 0.272016 0.127202
  18 -16.080890 0.777481 -0.395389 -0.083555 0.985275 -0.149173 0.240705 0.127202
  19 -17.656887 0.788386 -0.307414 -0.022451 0.991589 0.127463 0.234834 0.031311
mid.bmp
  19 -17.656887 0.788386 -0.307414 -0.022451 0.991589 0.127463 0.234834 0.031311
  18 -16.080890 0.777481 -0.395389 -0.083555 0.985275 -0.149173 0.240705 0.127202
  19 -17.664837 0.767371 -0.425899 0.039395 0.902395 -0.429106 0.221135 0.031311
mid.bmp
  18 -16.080890 0.777481 -0.395389 -0.083555 0.985275 -0.149173 0.240705 0.127202
  18 -16.081753 0.700722 -0.525899 -0.042284 0.778254 -0.626525 0.223092 0.125245
  19 -17.664837 0.767371 -0.425899 0.039395 0.902395 -0.429106 0.221135 0.031311
mid.bmp
  19 -17.664837 0.767371 -0.425899 0.039395 0.902395 -0.429106 0.221135 0.031311
  18 -16.081753 0.700722 -0.525899 -0.042284 0.778254 -0.626525 0.223092 0.125245
  19 -17.656649 0.676824 -0.570852 0.057313 0.744856 -0.664760 0.209393 0.031311
mid.bmp
  18 -16.081753 0.700722 -0.525899 -0.042284 0.778254 -0.626525 0.223092 0.125245
  18 -16.071565 0.510499 -0.713308 -0.046070 0.618327 -0.784569 0.205479 0.123288
  19 -17.656649 0.676824 -0.570852 0.057313 0.744856 -0.664760 0.209393 0.031311
mid.bmp
  19 -17.656649 0.676824 -0.570852 0.057313 0.744856 -0.664760 0.209393 0.031311
  18 -16.071565 0.510499 -0.713308 -0.046070 0.618327 -0.784569 0.205479 0.123288
  19 -17.649074 0.556022 -0.684510 0.038811 0.520164 -0.853184 0.197652 0.029354
mid.bmp
  18 -16.071565 0.510499 -0.713308 -0.046070 0.618327 -0.784569 0.205479 0.123288
  18 -16.065892 0.305269 -0.866978 -0.063863 0.188928 -0.979912 0.183953 0.119374
  19 -17.649074 0.556022 -0.684510 0.038811 0.520164 -0.853184 0.197652 0.029354
mid.bmp
  19 -17.649074 0.556022 -0.684510 0.038811 0.520164 -0.853184 0.197652 0.029354
  18 -16.065892 0.305269 -0.866978 -0.063863 0.188928 -0.979912 0.183953 0.119374
  19 -17.657040 0.347199 -0.741861 -0.022809 -0.073359 -0.997045 0.185910 0.029354
mid.bmp
  18 -16.065892 0.305269 -0.866978 -0.063863 0.188928 -0.979912 0.183953 0.119374
  18 -16.084169 -0.048020 -0.812926 -0.089027 -0.102504 -0.990741 0.160470 0.119374
  19 -17.657040 0.347199 -0.741861 -0.022809 -0.073359 -0.997045 0.185910 0.029354
mid.bmp
  19 -17.657040 0.347199 -0.741861 -0.022809 -0.073359 -0.997045 0.185910 0.029354
  18 -16.084169 -0.048020 -0.812926 -0.089027 -0.102504 -0.990741 0.160470 0.119374
  19 -17.739877 0.031111 -0.669733 -0.007412 0.070189 -0.997506 0.164384 0.023483
mid.bmp
  18 -16.084169 -0.048020 -0.812926 -0.089027 -0.102504 -0.990741 0.160470 0.119374
  18 -16.091041 -0.255724 -0.829997 -0.075560 -0.200924 -0.976688 0.150685 0.119374
  19 -17.739877 0.031111 -0.669733 -0.007412 0.070189 -0.997506 0.164384 0.023483
mid.bmp
  19 -17.739877 0.031111 -0.669733 -0.007412 0.070189 -0.997506 0.164384 0.023483
  18 -16.091041 -0.255724 -0.829997 -0.075560 -0.200924 -0.976688 0.150685 0.119374
  19 -17.786944 -0.150133 -0.770260 0.002665 -0.212733 -0.977107 0.152642 0.021526
mid.bmp
  18 -16.091041 -0.255724 -0.829997 -0.075560 -0.200924 -0.976688 0.150685 0.119374
  18 -16.099208 -0.439911 -0.730827 -0.070562 -0.416899 -0.906210 0.136986 0.117417
  19 -17.786944 -0.150133 -0.770260 0.002665 -0.212733 -0.977107 0.152642 0.021526
mid.bmp
  19 -17.786944 -0.150133 -0.770260 0.002665 -0.212733 -0.977107 0.152642 0.021526
  18 -16.099208 -0.439911 -0.730827 -0.070562 -0.416899 -0.906210 0.136986 0.117417
  19 -17.873950 -0.335095 -0.650689 -0.021041 -0.431191 -0.902015 0.140900 0.015656
mid.bmp
  18 -16.099208 -0.439911 -0.730827 -0.070562 -0.416899 -0.906210 0.136986 0.117417
  19 -17.751307 -0.686228 -0.514821 -0.021544 -0.444046 -0.895745 0.121331 0.021526
  19 -17.873950 -0.335095 -0.650689 -0.021041 -0.431191 -0.902015 0.140900 0.015656
mid.bmp
  26 -22.119779 -1.339205 -0.245236 -0.424868 -0.766896 -0.480997 0.637965 0.029354
  26 -22.122448 -1.385148 0.030312 0.054932 -0.901399 0.429491 0.636008 0.048924
  26 -22.159592 -1.363094 0.034848 -0.569747 -0.788319 0.232255 0.628180 0.048924
mid.bmp
  26 -22.159592 -1.363094 0.034848 -0.569747 -0.788319 0.232255 0.628180 0.048924
  26 -22.122448 -1.385148 0.030312 0.054932 -0.901399 0.429491 0.636008 0.048924
  26 -22.205148 -1.180440 0.249887 -0.064898 -0.444155 0.893596 0.626223 0.068493
mid.bmp
  26 -22.122448 -1.385148 0.030312 0.054932 -0.901399 0.429491 0.636008 0.048924
  19 -21.041494 -1.048429 0.479731 -0.070364 -0.643707 0.762030 0.733855 0.088063
  26 -22.205148 -1.180440 0.249887 -0.064898 -0.444155 0.893596 0.626223 0.068493
mid.bmp
  26 -22.205148 -1.180440 0.249887 -0.064898 -0.444155 0.893596 0.626223 0.068493
  19 -21.041494 -1.048429 0.479731 -0.070364 -0.643707 0.762030 0.733855 0.088063
  19 -21.095947 -0.776896 0.548330 -0.184144 0.108626 0.976878 0.726027 0.115460
mid.bmp
  19 -21.041494 -1.048429 0.479731 -0.070364 -0.643707 0.762030 0.733855 0.088063
  19 -20.452878 -1.099640 0.523643 -0.089977 -0.361536 0.928007 0.788650 0.088063
  19 -21.095947 -0.776896 0.548330 -0.184144 0.108626 0.976878 0.726027 0.115460
mid.bmp
  19 -21.095947 -0.776896 0.548330 -0.184144 0.108626 0.976878 0.726027 0.115460
  19 -20.452878 -1.099640 0.523643 -0.089977 -0.361536 0.928007 0.788650 0.088063
  19 -20.536524 -0.536389 0.572370 -0.122336 -0.022490 0.992234 0.776908 0.138943
mid.bmp
  19 -20.452878 -1.099640 0.523643 -0.089977 -0.361536 0.928007 0.788650 0.088063
  19 -19.866832 -0.777517 0.622031 -0.031858 -0.144910 0.988932 0.839530 0.119374
  19 -20.536524 -0.536389 0.572370 -0.122336 -0.022490 0.992234 0.776908 0.138943
mid.bmp
  19 -20.536524 -0.536389 0.572370 -0.122336 -0.022490 0.992234 0.776908 0.138943
  19 -19.866832 -0.777517 0.622031 -0.031858 -0.144910 0.988932 0.839530 0.119374
  19 -20.541975 0.132577 0.582666 -0.117984 0.152742 0.981198 0.772994 0.199609
mid.bmp
  19 -19.866832 -0.777517 0.622031 -0.031858 -0.144910 0.988932 0.839530 0.119374
  19 -18.813915 -0.157720 0.668109 -0.026002 0.085120 0.996031 0.931507 0.183953
  19 -20.541975 0.132577 0.582666 -0.117984 0.152742 0.981198 0.772994 0.199609
mid.bmp
  19 -20.541975 0.132577 0.582666 -0.117984 0.152742 0.981198 0.772994 0.199609
  19 -18.813915 -0.157720 0.668109 -0.026002 0.085120 0.996031 0.931507 0.183953
  19 -20.543978 0.668989 0.395181 -0.082612 0.403327 0.911319 0.769080 0.250489
mid.bmp
  19 -18.813915 -0.157720 0.668109 -0.026002 0.085120 0.996031 0.931507 0.183953
  19 -19.073492 0.462667 0.533239 0.023335 0.417064 0.908577 0.904110 0.240705
  19 -20.543978 0.668989 0.395181 -0.082612 0.403327 0.911319 0.769080 0.250489
mid.bmp
  19 -20.543978 0.668989 0.395181 -0.082612 0.403327 0.911319 0.769080 0.250489
  19 -19.073492 0.462667 0.533239 0.023335 0.417064 0.908577 0.904110 0.240705
  19 -19.287970 0.990321 0.190775 0.064409 0.668393 0.741014 0.878669 0.281800
mid.bmp
  19 -19.073492 0.462667 0.533239 0.023335 0.417064 0.908577 0.904110 0.240705
  19 -18.688015 0.825107 0.164271 0.262866 0.769368 0.582215 0.935421 0.272016
  19 -19.287970 0.990321 0.190775 0.064409 0.668393 0.741014 0.878669 0.281800
mid.bmp
  19 -19.287970 0.990321 0.190775 0.064409 0.668393 0.741014 0.878669 0.281800
  19 -18.688015 0.825107 0.164271 0.262866 0.769368 0.582215 0.935421 0.272016
  19 -19.344040 1.352053 -0.327049 0.250628 0.928710 0.273282 0.866928 0.315068
mid.bmp
  19 -18.688015 0.825107 0.164271 0.262866 0.769368 0.582215 0.935421 0.272016
  19 -18.608166 1.044707 -0.359259 0.380864 0.924176 0.029018 0.941292 0.299413
  19 -19.344040 1.352053 -0.327049 0.250628 0.928710 0.273282 0.866928 0.315068
mid.bmp
  19 -19.344040 1.352053 -0.327049 0.250628 0.928710 0.273282 0.866928 0.315068
  19 -18.608166 1.044707 -0.359259 0.380864 0.924176 0.029018 0.941292 0.299413
  19 -19.200332 1.061219 -0.732960 0.255337 0.676892 -0.690377 0.882583 0.342466
mid.bmp
  19 -18.608166 1.044707 -0.359259 0.380864 0.924176 0.029018 0.941292 0.299413
  19 -18.578646 0.976576 -0.482896 0.305696 0.837227 -0.453433 0.945205 0.307241
  19 -19.200332 1.061219 -0.732960 0.255337 0.676892 -0.690377 0.882583 0.342466
mid.bmp
  19 -19.200332 1.061219 -0.732960 0.255337 0.676892 -0.690377 0.882583 0.342466
  19 -18.578646 0.976576 -0.482896 0.305696 0.837227 -0.453433 0.945205 0.307241
  19 -18.577392 0.851849 -0.669448 0.299907 0.677133 -0.671973 0.947162 0.317025
mid.bmp
  19 -18.578646 0.976576 -0.482896 0.305696 0.837227 -0.453433 0.945205 0.307241
  19 -18.247097 0.881258 -0.456936 0.246361 0.821245 -0.514649 0.968689 0.301370
  19 -18.577392 0.851849 -0.669448 0.299907 0.677133 -0.671973 0.947162 0.317025
mid.bmp
  19 -18.577392 0.851849 -0.669448 0.299907 0.677133 -0.671973 0.947162 0.317025
  19 -18.247097 0.881258 -0.456936 0.246361 0.821245 -0.514649 0.968689 0.301370
  19 -18.237267 0.760150 -0.598251 0.181006 0.657929 -0.731004 0.970646 0.309198
mid.bmp
  9 22.156138 -1.371122 0.032920 0.477702 -0.835333 0.272065 0.628180 0.048924
  9 22.201852 -1.173659 0.263793 0.075873 -0.442015 0.893793 0.626223 0.068493
  9 22.119781 -1.386347 0.038884 -0.049044 -0.905827 0.420799 0.636008 0.048924
mid.bmp
  9 22.119781 -1.386347 0.038884 -0.049044 -0.905827 0.420799 0.636008 0.048924
  9 22.201852 -1.173659 0.263793 0.075873 -0.442015 0.893793 0.626223 0.068493
  2 21.058338 -1.046406 0.447429 0.084617 -0.646310 0.758369 0.733855 0.088063
mid.bmp
  9 22.201852 -1.173659 0.263793 0.075873 -0.442015 0.893793 0.626223 0.068493
  2 21.109312 -0.757852 0.516105 0.208250 0.108021 0.972092 0.726027 0.115460
  2 21.058338 -1.046406 0.447429 0.084617 -0.646310 0.758369 0.733855 0.088063
mid.bmp
  2 21.058338 -1.046406 0.447429 0.084617 -0.646310 0.758369 0.733855 0.088063
  2 21.109312 -0.757852 0.516105 0.208250 0.108021 0.972092 0.726027 0.115460
  2 20.460820 -1.090904 0.509501 0.104943 -0.380080 0.918981 0.788650 0.088063
mid.bmp
  2 21.109312 -0.757852 0.516105 0.208250 0.108021 0.972092 0.726027 0.115460
  2 20.548261 -0.522622 0.558819 0.150360 -0.025312 0.988307 0.776908 0.138943
  2 20.460820 -1.090904 0.509501 0.104943 -0.380080 0.918981 0.788650 0.088063
mid.bmp
  2 20.460820 -1.090904 0.509501 0.104943 -0.380080 0.918981 0.788650 0.088063
  2 20.548261 -0.522622 0.558819 0.150360 -0.025312 0.988307 0.776908 0.138943
  2 19.887228 -0.762595 0.623453 0.050484 -0.154252 0.986741 0.839530 0.119374
mid.bmp
  2 20.548261 -0.522622 0.558819 0.150360 -0.025312 0.988307 0.776908 0.138943
  2 20.555302 0.151608 0.569207 0.140245 0.154162 0.978042 0.772994 0.199609
  2 19.887228 -0.762595 0.623453 0.050484 -0.154252 0.986741 0.839530 0.119374
mid.bmp
  2 19.887228 -0.762595 0.623453 0.050484 -0.154252 0.986741 0.839530 0.119374
  2 20.555302 0.151608 0.569207 0.140245 0.154162 0.978042 0.772994 0.199609
  2 18.829870 -0.129833 0.688141 0.047917 0.087640 0.994999 0.931507 0.183953
mid.bmp
  2 20.555302 0.151608 0.569207 0.140245 0.154162 0.978042 0.772994 0.199609
  2 20.556152 0.693444 0.378017 0.103927 0.405400 0.908213 0.769080 0.250489
  2 18.829870 -0.129833 0.688141 0.047917 0.087640 0.994999 0.931507 0.183953
mid.bmp
  2 18.829870 -0.129833 0.688141 0.047917 0.087640 0.994999 0.931507 0.183953
  2 20.556152 0.693444 0.378017 0.103927 0.405400 0.908213 0.769080 0.250489
  2 19.088042 0.493534 0.545177 -0.002471 0.419507 0.907749 0.904110 0.240705
mid.bmp
  2 20.556152 0.693444 0.378017 0.103927 0.405400 0.908213 0.769080 0.250489
  2 19.296242 1.023728 0.194503 -0.044361 0.670138 0.740910 0.878669 0.281800
  2 19.088042 0.493534 0.545177 -0.002471 0.419507 0.907749 0.904110 0.240705
mid.bmp
  2 19.088042 0.493534 0.545177 -0.002471 0.419507 0.907749 0.904110 0.240705
  2 19.296242 1.023728 0.194503 -0.044361 0.670138 0.740910 0.878669 0.281800
  2 18.699902 0.862904 0.180740 -0.244923 0.772756 0.585543 0.935421 0.272016
mid.bmp
  2 19.296242 1.023728 0.194503 -0.044361 0.670138 0.740910 0.878669 0.281800
  2 19.336954 1.375912 -0.315271 -0.242784 0.933051 0.265466 0.866928 0.315068
  2 18.699902 0.862904 0.180740 -0.244923 0.772756 0.585543 0.935421 0.272016
mid.bmp
  2 18.699902 0.862904 0.180740 -0.244923 0.772756 0.585543 0.935421 0.272016
  2 19.336954 1.375912 -0.315271 -0.242784 0.933051 0.265466 0.866928 0.315068
  2 18.603720 1.072705 -0.327825 -0.365656 0.930474 0.022658 0.941292 0.299413
mid.bmp
  2 19.336954 1.375912 -0.315271 -0.242784 0.933051 0.265466 0.866928 0.315068
  2 19.191516 1.076770 -0.734123 -0.264854 0.671083 -0.692459 0.882583 0.342466
  2 18.603720 1.072705 -0.327825 -0.365656 0.930474 0.022658 0.941292 0.299413
mid.bmp
  2 18.603720 1.072705 -0.327825 -0.365656 0.930474 0.022658 0.941292 0.299413
  2 19.191516 1.076770 -0.734123 -0.264854 0.671083 -0.692459 0.882583 0.342466
  2 18.574638 0.994785 -0.472642 -0.306249 0.835407 -0.456406 0.945205 0.307241
mid.bmp
  2 19.191516 1.076770 -0.734123 -0.264854 0.671083 -0.692459 0.882583 0.342466
  2 18.568145 0.871665 -0.659822 -0.318267 0.668235 -0.672434 0.947162 0.317025
  2 18.574638 0.994785 -0.472642 -0.306249 0.835407 -0.456406 0.945205 0.307241
mid.bmp
  2 18.574638 0.994785 -0.472642 -0.306249 0.835407 -0.456406 0.945205 0.307241
  2 18.568145 0.871665 -0.659822 -0.318267 0.668235 -0.672434 0.947162 0.317025
  2 18.243090 0.902049 -0.429016 -0.262070 0.812097 -0.521361 0.968689 0.301370
mid.bmp
  2 18.568145 0.871665 -0.659822 -0.318267 0.668235 -0.672434 0.947162 0.317025
  2 18.298242 0.776608 -0.600866 -0.206122 0.646575 -0.734475 0.970646 0.309198
  2 18.243090 0.902049 -0.429016 -0.262070 0.812097 -0.521361 0.968689 0.301370
mid.bmp
  1 1.790976 -2.573442 0.919364 0.098724 -0.929290 0.355912 0.011742 0.808219
  1 5.285590 -2.302861 -0.008913 0.128030 -0.956418 -0.262436 0.052838 0.669276
  1 5.315797 -2.209939 0.897685 0.126883 -0.864618 0.486144 0.007828 0.675147
mid.bmp
  1 5.315797 -2.209939 0.897685 0.126883 -0.864618 0.486144 0.007828 0.675147
  1 5.285590 -2.302861 -0.008913 0.128030 -0.956418 -0.262436 0.052838 0.669276
  1 8.687024 -1.702081 -0.038709 0.185587 -0.969754 -0.158538 0.052838 0.522505
mid.bmp
  1 5.285590 -2.302861 -0.008913 0.128030 -0.956418 -0.262436 0.052838 0.669276
  1 8.579371 -1.189036 -0.923751 0.120698 -0.576040 -0.808461 0.095890 0.524462
  1 8.687024 -1.702081 -0.038709 0.185587 -0.969754 -0.158538 0.052838 0.522505
mid.bmp
  1 8.687024 -1.702081 -0.038709 0.185587 -0.969754 -0.158538 0.052838 0.522505
  1 8.579371 -1.189036 -0.923751 0.120698 -0.576040 -0.808461 0.095890 0.524462
  1 9.174081 -1.045803 -0.871985 0.171303 -0.509858 -0.843031 0.095890 0.497065
mid.bmp
  1 8.579371 -1.189036 -0.923751 0.120698 -0.576040 -0.808461 0.095890 0.524462
  1 8.375805 -0.182877 -1.122305 0.002807 0.315067 -0.949065 0.174168 0.528376
  1 9.174081 -1.045803 -0.871985 0.171303 -0.509858 -0.843031 0.095890 0.497065
mid.bmp
  1 9.174081 -1.045803 -0.871985 0.171303 -0.509858 -0.843031 0.095890 0.497065
  1 8.375805 -0.182877 -1.122305 0.002807 0.315067 -0.949065 0.174168 0.528376
  1 9.067909 -0.060279 -1.041420 -0.060574 0.282471 -0.957362 0.172211 0.495108
mid.bmp
  1 8.375805 -0.182877 -1.122305 0.002807 0.315067 -0.949065 0.174168 0.528376
  1 8.133021 0.750133 -0.522721 -0.085821 0.854896 -0.511651 0.228963 0.536204
  1 9.067909 -0.060279 -1.041420 -0.060574 0.282471 -0.957362 0.172211 0.495108
mid.bmp
  1 9.067909 -0.060279 -1.041420 -0.060574 0.282471 -0.957362 0.172211 0.495108
  1 8.133021 0.750133 -0.522721 -0.085821 0.854896 -0.511651 0.228963 0.536204
  1 9.019349 0.869192 -0.456271 -0.178250 0.837302 -0.516868 0.232877 0.500978
mid.bmp
  1 8.133021 0.750133 -0.522721 -0.085821 0.854896 -0.511651 0.228963 0.536204
  1 8.211101 1.005083 0.581510 -0.119801 0.979650 0.161037 0.285714 0.540117
  1 9.019349 0.869192 -0.456271 -0.178250 0.837302 -0.516868 0.232877 0.500978
mid.bmp
  1 9.019349 0.869192 -0.456271 -0.178250 0.837302 -0.516868 0.232877 0.500978
  1 8.211101 1.005083 0.581510 -0.119801 0.979650 0.161037 0.285714 0.540117
  1 9.081809 1.224710 0.373682 -0.180808 0.979636 0.087305 0.277886 0.502935
mid.bmp
  1 8.211101 1.005083 0.581510 -0.119801 0.979650 0.161037 0.285714 0.540117
  1 9.095589 0.717456 1.404234 -0.090012 0.748361 0.657156 0.338552 0.502935
  1 9.081809 1.224710 0.373682 -0.180808 0.979636 0.087305 0.277886 0.502935
mid.bmp
  1 9.081809 1.224710 0.373682 -0.180808 0.979636 0.087305 0.277886 0.502935
  1 9.095589 0.717456 1.404234 -0.090012 0.748361 0.657156 0.338552 0.502935
  1 9.704880 1.293564 0.438121 -0.034457 0.998914 0.031360 0.277886 0.471624
mid.bmp
  1 9.095589 0.717456 1.404234 -0.090012 0.748361 0.657156 0.338552 0.502935
  1 9.716282 0.828548 1.243161 0.039358 0.695329 0.717613 0.334638 0.473581
  1 9.704880 1.293564 0.438121 -0.034457 0.998914 0.031360 0.277886 0.471624
mid.bmp
  1 9.704880 1.293564 0.438121 -0.034457 0.998914 0.031360 0.277886 0.471624
  1 9.716282 0.828548 1.243161 0.039358 0.695329 0.717613 0.334638 0.473581
  1 12.434286 1.277011 0.260260 0.042722 0.982441 0.181615 0.279843 0.340509
mid.bmp
  1 9.716282 0.828548 1.243161 0.039358 0.695329 0.717613 0.334638 0.473581
  1 12.505942 0.836959 1.113045 0.067098 0.640895 0.764690 0.326810 0.340509
  1 12.434286 1.277011 0.260260 0.042722 0.982441 0.181615 0.279843 0.340509
mid.bmp
  1 12.434286 1.277011 0.260260 0.042722 0.982441 0.181615 0.279843 0.340509
  1 12.505942 0.836959 1.113045 0.067098 0.640895 0.764690 0.326810 0.340509
  1 14.265555 1.128522 0.106509 0.124649 0.962982 0.239015 0.268102 0.232877
mid.bmp
  1 12.505942 0.836959 1.113045 0.067098 0.640895 0.764690 0.326810 0.340509
  1 14.325211 0.651578 0.951562 0.153050 0.619195 0.770178 0.318982 0.232877
  1 14.265555 1.128522 0.106509 0.124649 0.962982 0.239015 0.268102 0.232877
mid.bmp
  1 14.265555 1.128522 0.106509 0.124649 0.962982 0.239015 0.268102 0.232877
  1 14.325211 0.651578 0.951562 0.153050 0.619195 0.770178 0.318982 0.232877
  1 16.155396 0.808903 0.164057 0.118884 0.918176 0.377915 0.272016 0.127202
mid.bmp
  1 14.325211 0.651578 0.951562 0.153050 0.619195 0.770178 0.318982 0.232877
  1 16.165971 0.431450 0.667736 0.127048 0.654802 0.745045 0.315068 0.125245
  1 16.155396 0.808903 0.164057 0.118884 0.918176 0.377915 0.272016 0.127202
mid.bmp
  18 -16.183253 0.387779 0.620423 -0.118467 0.652072 0.748844 0.315068 0.125245
  18 -14.318930 0.576804 0.917683 -0.148774 0.616378 0.773269 0.318982 0.232877
  18 -16.186932 0.762822 0.114132 -0.112009 0.915278 0.386937 0.272016 0.127202
mid.bmp
  18 -16.186932 0.762822 0.114132 -0.112009 0.915278 0.386937 0.272016 0.127202
  18 -14.318930 0.576804 0.917683 -0.148774 0.616378 0.773269 0.318982 0.232877
  18 -14.253288 1.074395 0.075115 -0.120598 0.961506 0.246904 0.268102 0.232877
mid.bmp
  18 -14.318930 0.576804 0.917683 -0.148774 0.616378 0.773269 0.318982 0.232877
  18 -12.504006 0.780483 1.053523 -0.062262 0.641607 0.764502 0.326810 0.340509
  18 -14.253288 1.074395 0.075115 -0.120598 0.961506 0.246904 0.268102 0.232877
mid.bmp
  18 -14.253288 1.074395 0.075115 -0.120598 0.961506 0.246904 0.268102 0.232877
  18 -12.504006 0.780483 1.053523 -0.062262 0.641607 0.764502 0.326810 0.340509
  18 -12.423318 1.215536 0.203944 -0.037506 0.982296 0.183542 0.279843 0.340509
mid.bmp
  18 -12.504006 0.780483 1.053523 -0.062262 0.641607 0.764502 0.326810 0.340509
  18 -9.702943 0.756542 1.176049 -0.036719 0.698105 0.715053 0.334638 0.473581
  18 -12.423318 1.215536 0.203944 -0.037506 0.982296 0.183542 0.279843 0.340509
mid.bmp
  18 -12.423318 1.215536 0.203944 -0.037506 0.982296 0.183542 0.279843 0.340509
  18 -9.702943 0.756542 1.176049 -0.036719 0.698105 0.715053 0.334638 0.473581
  18 -9.691830 1.219812 0.370641 0.039242 0.998656 0.033871 0.277886 0.471624
mid.bmp
  18 -9.702943 0.756542 1.176049 -0.036719 0.698105 0.715053 0.334638 0.473581
  18 -9.080910 0.646162 1.355883 0.085425 0.751322 0.654384 0.338552 0.502935
  18 -9.691830 1.219812 0.370641 0.039242 0.998656 0.033871 0.277886 0.471624
mid.bmp
  18 -9.691830 1.219812 0.370641 0.039242 0.998656 0.033871 0.277886 0.471624
  18 -9.080910 0.646162 1.355883 0.085425 0.751322 0.654384 0.338552 0.502935
  18 -9.007749 1.138012 0.341477 0.166108 0.982273 0.086877 0.277886 0.502935
mid.bmp
  18 -9.080910 0.646162 1.355883 0.085425 0.751322 0.654384 0.338552 0.502935
  18 -8.186682 0.956917 0.465235 0.123992 0.978870 0.162601 0.285714 0.540117
  18 -9.007749 1.138012 0.341477 0.166108 0.982273 0.086877 0.277886 0.502935
mid.bmp
  18 -9.007749 1.138012 0.341477 0.166108 0.982273 0.086877 0.277886 0.502935
  18 -8.186682 0.956917 0.465235 0.123992 0.978870 0.162601 0.285714 0.540117
  18 -9.017542 0.799119 -0.494672 0.175296 0.833400 -0.524133 0.232877 0.500978
mid.bmp
  18 -8.186682 0.956917 0.465235 0.123992 0.978870 0.162601 0.285714 0.540117
  18 -8.184630 0.680908 -0.573450 0.089895 0.844314 -0.528255 0.228963 0.536204
  18 -9.017542 0.799119 -0.494672 0.175296 0.833400 -0.524133 0.232877 0.500978
mid.bmp
  18 -9.017542 0.799119 -0.494672 0.175296 0.833400 -0.524133 0.232877 0.500978
  18 -8.184630 0.680908 -0.573450 0.089895 0.844314 -0.528255 0.228963 0.536204
  18 -9.071092 -0.131971 -1.088856 0.069594 0.278613 -0.957879 0.172211 0.495108
mid.bmp
  18 -8.184630 0.680908 -0.573450 0.089895 0.844314 -0.528255 0.228963 0.536204
  18 -8.381659 -0.257332 -1.172574 -0.004260 0.316038 -0.948737 0.174168 0.528376
  18 -9.071092 -0.131971 -1.088856 0.069594 0.278613 -0.957879 0.172211 0.495108
mid.bmp
  18 -9.071092 -0.131971 -1.088856 0.069594 0.278613 -0.957879 0.172211 0.495108
  18 -8.381659 -0.257332 -1.172574 -0.004260 0.316038 -0.948737 0.174168 0.528376
  18 -9.183387 -1.116275 -0.919601 -0.176101 -0.510799 -0.841471 0.095890 0.497065
mid.bmp
  18 -8.381659 -0.257332 -1.172574 -0.004260 0.316038 -0.948737 0.174168 0.528376
  18 -8.589578 -1.262473 -0.973371 -0.126309 -0.575685 -0.807857 0.095890 0.524462
  18 -9.183387 -1.116275 -0.919601 -0.176101 -0.510799 -0.841471 0.095890 0.497065
mid.bmp
  18 -9.183387 -1.116275 -0.919601 -0.176101 -0.510799 -0.841471 0.095890 0.497065
  18 -8.589578 -1.262473 -0.973371 -0.126309 -0.575685 -0.807857 0.095890 0.524462
  18 -8.686942 -1.775652 -0.088304 -0.189943 -0.968863 -0.158827 0.052838 0.522505
mid.bmp
  18 -8.589578 -1.262473 -0.973371 -0.126309 -0.575685 -0.807857 0.095890 0.524462
  18 -5.288385 -2.393008 -0.069762 -0.133672 -0.955759 -0.262022 0.052838 0.669276
  18 -8.686942 -1.775652 -0.088304 -0.189943 -0.968863 -0.158827 0.052838 0.522505
mid.bmp
  18 -8.686942 -1.775652 -0.088304 -0.189943 -0.968863 -0.158827 0.052838 0.522505
  18 -5.288385 -2.393008 -0.069762 -0.133672 -0.955759 -0.262022 0.052838 0.669276
  18 -5.325043 -2.299781 0.836999 -0.130165 -0.864912 0.484751 0.007828 0.675147
mid.bmp
  18 -5.288385 -2.393008 -0.069762 -0.133672 -0.955759 -0.262022 0.052838 0.669276
  18 -1.801996 -2.680899 0.846818 -0.102324 -0.930141 0.352657 0.011742 0.808219
  18 -5.325043 -2.299781 0.836999 -0.130165 -0.864912 0.484751 0.007828 0.675147
mid.bmp
  9 22.116348 -1.313932 -0.256184 0.406107 -0.781688 -0.473329 0.637965 0.029354
  9 22.119781 -1.386347 0.038884 -0.049044 -0.905827 0.420799 0.636008 0.048924
  9 22.069062 -1.338710 -0.260669 -0.039669 -0.883291 -0.467143 0.643836 0.029354
mid.bmp
  9 22.069062 -1.338710 -0.260669 -0.039669 -0.883291 -0.467143 0.643836 0.029354
  9 22.119781 -1.386347 0.038884 -0.049044 -0.905827 0.420799 0.636008 0.048924
  9 21.150495 -1.283093 0.042847 -0.003751 -0.982138 0.188127 0.722114 0.064579
mid.bmp
  9 22.119781 -1.386347 0.038884 -0.049044 -0.905827 0.420799 0.636008 0.048924
  2 21.058338 -1.046406 0.447429 0.084617 -0.646310 0.758369 0.733855 0.088063
  9 21.150495 -1.283093 0.042847 -0.003751 -0.982138 0.188127 0.722114 0.064579
mid.bmp
  9 21.150495 -1.283093 0.042847 -0.003751 -0.982138 0.188127 0.722114 0.064579
  2 21.058338 -1.046406 0.447429 0.084617 -0.646310 0.758369 0.733855 0.088063
  9 20.798395 -1.352791 0.088750 0.298578 -0.843461 0.446569 0.763209 0.060665
mid.bmp
  2 21.058338 -1.046406 0.447429 0.084617 -0.646310 0.758369 0.733855 0.088063
  2 20.460820 -1.090904 0.509501 0.104943 -0.380080 0.918981 0.788650 0.088063
  9 20.798395 -1.352791 0.088750 0.298578 -0.843461 0.446569 0.763209 0.060665
mid.bmp
  9 20.798395 -1.352791 0.088750 0.298578 -0.843461 0.446569 0.763209 0.060665
  2 20.460820 -1.090904 0.509501 0.104943 -0.380080 0.918981 0.788650 0.088063
  15 20.106242 -1.495279 0.643528 0.175540 -0.400071 0.899516 0.814090 0.041096
mid.bmp
  2 20.460820 -1.090904 0.509501 0.104943 -0.380080 0.918981 0.788650 0.088063
  2 19.887228 -0.762595 0.623453 0.050484 -0.154252 0.986741 0.839530 0.119374
  15 20.106242 -1.495279 0.643528 0.175540 -0.400071 0.899516 0.814090 0.041096
mid.bmp
  15 20.106242 -1.495279 0.643528 0.175540 -0.400071 0.899516 0.814090 0.041096
  2 19.887228 -0.762595 0.623453 0.050484 -0.154252 0.986741 0.839530 0.119374
  15 19.735652 -1.455554 0.694751 -0.123860 -0.245880 0.961354 0.849315 0.046967
mid.bmp
  2 19.887228 -0.762595 0.623453 0.050484 -0.154252 0.986741 0.839530 0.119374
  2 18.915492 -0.811661 0.604619 -0.054997 -0.353357 0.933870 0.927593 0.119374
  15 19.735652 -1.455554 0.694751 -0.123860 -0.245880 0.961354 0.849315 0.046967
mid.bmp
  15 19.735652 -1.455554 0.694751 -0.123860 -0.245880 0.961354 0.849315 0.046967
  2 18.915492 -0.811661 0.604619 -0.054997 -0.353357 0.933870 0.927593 0.119374
  15 19.149689 -1.360008 0.592843 -0.424460 -0.403139 0.810748 0.908023 0.060665
mid.bmp
  2 18.915492 -0.811661 0.604619 -0.054997 -0.353357 0.933870 0.927593 0.119374
  15 18.686043 -1.263308 0.311413 -0.372153 -0.601801 0.706638 0.953033 0.074364
  15 19.149689 -1.360008 0.592843 -0.424460 -0.403139 0.810748 0.908023 0.060665
mid.bmp
  15 19.149689 -1.360008 0.592843 -0.424460 -0.403139 0.810748 0.908023 0.060665
  15 18.686043 -1.263308 0.311413 -0.372153 -0.601801 0.706638 0.953033 0.074364
  15 19.050360 -1.875125 0.158005 -0.655592 -0.503137 0.563074 0.925636 0.025440
mid.bmp
  15 18.686043 -1.263308 0.311413 -0.372153 -0.601801 0.706638 0.953033 0.074364
  15 18.695537 -1.352034 0.155162 -0.667936 -0.725021 0.167944 0.958904 0.068493
  15 19.050360 -1.875125 0.158005 -0.655592 -0.503137 0.563074 0.925636 0.025440
mid.bmp
  15 19.050360 -1.875125 0.158005 -0.655592 -0.503137 0.563074 0.925636 0.025440
  15 18.695537 -1.352034 0.155162 -0.667936 -0.725021 0.167944 0.958904 0.068493
  15 19.023243 -1.933449 -0.002151 -0.823725 -0.554791 0.116981 0.933464 0.021526
mid.bmp
  15 18.695537 -1.352034 0.155162 -0.667936 -0.725021 0.167944 0.958904 0.068493
  15 18.704793 -1.384682 -0.096588 -0.719369 -0.667033 -0.193841 0.966732 0.058708
  15 19.023243 -1.933449 -0.002151 -0.823725 -0.554791 0.116981 0.933464 0.021526
mid.bmp
  15 19.023243 -1.933449 -0.002151 -0.823725 -0.554791 0.116981 0.933464 0.021526
  15 18.704793 -1.384682 -0.096588 -0.719369 -0.667033 -0.193841 0.966732 0.058708
  15 19.020011 -1.879712 -0.105660 -0.803270 -0.550701 -0.226906 0.941292 0.017613
mid.bmp
  15 18.704793 -1.384682 -0.096588 -0.719369 -0.667033 -0.193841 0.966732 0.058708
  15 19.045780 -1.868778 -0.234211 -0.571604 -0.414982 -0.707856 0.947162 0.011742
  15 19.020011 -1.879712 -0.105660 -0.803270 -0.550701 -0.226906 0.941292 0.017613
mid.bmp
  2 17.801907 -0.336738 -0.630416 -0.474948 0.193250 0.858533 0.598826 0.720157
  2 17.485656 -0.490055 -0.702112 -0.522888 0.431853 0.734909 0.592955 0.729941
  2 17.747758 -0.639392 -0.471651 -0.550385 0.439314 0.709986 0.608611 0.739726
mid.bmp
  2 17.747758 -0.639392 -0.471651 -0.550385 0.439314 0.709986 0.608611 0.739726
  2 17.485656 -0.490055 -0.702112 -0.522888 0.431853 0.734909 0.592955 0.729941
  2 17.522593 -0.809821 -0.578584 -0.711001 0.388013 0.586450 0.602740 0.749511
mid.bmp
  2 17.485656 -0.490055 -0.702112 -0.522888 0.431853 0.734909 0.592955 0.729941
  2 17.479084 -0.494913 -0.721687 -0.822632 -0.241880 -0.514559 0.589041 0.729941
  2 17.522593 -0.809821 -0.578584 -0.711001 0.388013 0.586450 0.602740 0.749511
mid.bmp
  2 17.522593 -0.809821 -0.578584 -0.711001 0.388013 0.586450 0.602740 0.749511
  2 17.479084 -0.494913 -0.721687 -0.822632 -0.241880 -0.514559 0.589041 0.729941
  2 17.522336 -0.836591 -0.604039 -0.940123 -0.245800 -0.236117 0.600783 0.753425
mid.bmp
  2 17.479084 -0.494913 -0.721687 -0.822632 -0.241880 -0.514559 0.589041 0.729941
  2 17.551424 -0.855780 -0.619379 0.177468 -0.554175 -0.813262 0.596869 0.755382
  2 17.522336 -0.836591 -0.604039 -0.940123 -0.245800 -0.236117 0.600783 0.753425
mid.bmp
  2 17.522336 -0.836591 -0.604039 -0.940123 -0.245800 -0.236117 0.600783 0.753425
  2 17.551424 -0.855780 -0.619379 0.177468 -0.554175 -0.813262 0.596869 0.755382
  2 17.543663 -1.085590 -0.340917 -0.826225 -0.452148 -0.336028 0.616438 0.771037
mid.bmp
  2 17.551424 -0.855780 -0.619379 0.177468 -0.554175 -0.813262 0.596869 0.755382
  2 17.581330 -1.101128 -0.345889 0.114067 -0.782168 -0.612537 0.614481 0.774951
  2 17.543663 -1.085590 -0.340917 -0.826225 -0.452148 -0.336028 0.616438 0.771037
mid.bmp
  2 17.543663 -1.085590 -0.340917 -0.826225 -0.452148 -0.336028 0.616438 0.771037
  2 17.581330 -1.101128 -0.345889 0.114067 -0.782168 -0.612537 0.614481 0.774951
  2 17.544868 -1.245174 -0.098063 -0.704929 -0.650920 -0.281742 0.632094 0.778865
mid.bmp
  2 17.581330 -1.101128 -0.345889 0.114067 -0.782168 -0.612537 0.614481 0.774951
  2 17.585919 -1.260181 -0.099861 0.145454 -0.898680 -0.413784 0.632094 0.782779
  2 17.544868 -1.245174 -0.098063 -0.704929 -0.650920 -0.281742 0.632094 0.778865
mid.bmp
  2 17.544868 -1.245174 -0.098063 -0.704929 -0.650920 -0.281742 0.632094 0.778865
  2 17.585919 -1.260181 -0.099861 0.145454 -0.898680 -0.413784 0.632094 0.782779
  2 17.570028 -1.300877 0.190620 -0.895268 -0.444975 0.022180 0.651663 0.782779
mid.bmp
  2 17.585919 -1.260181 -0.099861 0.145454 -0.898680 -0.413784 0.632094 0.782779
  2 17.594918 -1.310941 0.188557 0.229232 -0.973372 -0.000778 0.653620 0.786693
  2 17.570028 -1.300877 0.190620 -0.895268 -0.444975 0.022180 0.651663 0.782779
mid.bmp
  2 17.570028 -1.300877 0.190620 -0.895268 -0.444975 0.022180 0.651663 0.782779
  2 17.594918 -1.310941 0.188557 0.229232 -0.973372 -0.000778 0.653620 0.786693
  2 17.587928 -1.262436 0.357594 -0.830095 -0.476144 0.290222 0.663405 0.782779
mid.bmp
  2 17.594918 -1.310941 0.188557 0.229232 -0.973372 -0.000778 0.653620 0.786693
  2 17.613176 -1.272740 0.360199 0.246790 -0.868642 0.429600 0.665362 0.786693
  2 17.587928 -1.262436 0.357594 -0.830095 -0.476144 0.290222 0.663405 0.782779
mid.bmp
  2 17.587928 -1.262436 0.357594 -0.830095 -0.476144 0.290222 0.663405 0.782779
  2 17.613176 -1.272740 0.360199 0.246790 -0.868642 0.429600 0.665362 0.786693
  2 17.626248 -0.994691 0.778201 -0.816754 -0.312981 0.484723 0.694716 0.763209
mid.bmp
  2 17.613176 -1.272740 0.360199 0.246790 -0.868642 0.429600 0.665362 0.786693
  2 17.651532 -1.004788 0.781156 0.307575 -0.465213 0.830045 0.698630 0.767123
  2 17.626248 -0.994691 0.778201 -0.816754 -0.312981 0.484723 0.694716 0.763209
mid.bmp
  2 17.626248 -0.994691 0.778201 -0.816754 -0.312981 0.484723 0.694716 0.763209
  2 17.651532 -1.004788 0.781156 0.307575 -0.465213 0.830045 0.698630 0.767123
  2 17.625404 -0.245635 0.933569 -0.793379 -0.060692 0.605695 0.704501 0.710372
mid.bmp
  2 17.651532 -1.004788 0.781156 0.307575 -0.465213 0.830045 0.698630 0.767123
  2 17.651098 -0.250764 0.941540 0.294700 0.085287 0.951776 0.708415 0.710372
  2 17.625404 -0.245635 0.933569 -0.793379 -0.060692 0.605695 0.704501 0.710372
mid.bmp
  2 17.491774 0.900025 -0.416051 -0.029570 0.875293 -0.482689 0.039139 0.947162
  2 17.882523 0.758529 -0.607943 -0.054125 0.721684 -0.690103 0.060665 0.890411
  2 17.477342 0.777825 -0.594906 -0.006585 0.725982 -0.687682 0.054795 0.947162
mid.bmp
  2 17.477342 0.777825 -0.594906 -0.006585 0.725982 -0.687682 0.054795 0.947162
  2 17.882523 0.758529 -0.607943 -0.054125 0.721684 -0.690103 0.060665 0.890411
  2 17.478989 0.621521 -0.709944 -0.022012 0.484553 -0.874485 0.078278 0.947162
mid.bmp
  2 17.882523 0.758529 -0.607943 -0.054125 0.721684 -0.690103 0.060665 0.890411
  2 17.873670 0.618859 -0.715541 -0.058088 0.388671 -0.919544 0.084149 0.890411
  2 17.478989 0.621521 -0.709944 -0.022012 0.484553 -0.874485 0.078278 0.947162
mid.bmp
  2 17.478989 0.621521 -0.709944 -0.022012 0.484553 -0.874485 0.078278 0.947162
  2 17.873670 0.618859 -0.715541 -0.058088 0.388671 -0.919544 0.084149 0.890411
  2 17.491925 0.380961 -0.784760 0.025726 0.052585 -0.998285 0.101761 0.945205
mid.bmp
  2 17.873670 0.618859 -0.715541 -0.058088 0.388671 -0.919544 0.084149 0.890411
  2 17.872540 0.397041 -0.786129 -0.172749 0.011629 -0.984897 0.105675 0.890411
  2 17.491925 0.380961 -0.784760 0.025726 0.052585 -0.998285 0.101761 0.945205
mid.bmp
  2 17.491925 0.380961 -0.784760 0.025726 0.052585 -0.998285 0.101761 0.945205
  2 17.872540 0.397041 -0.786129 -0.172749 0.011629 -0.984897 0.105675 0.890411
  2 17.866210 -0.349207 -0.721706 -0.000773 -0.144832 -0.989456 0.197652 0.894325
mid.bmp
  2 17.872540 0.397041 -0.786129 -0.172749 0.011629 -0.984897 0.105675 0.890411
  2 17.847820 -0.405840 -0.755222 -0.240943 -0.153329 -0.958351 0.201566 0.890411
  2 17.866210 -0.349207 -0.721706 -0.000773 -0.144832 -0.989456 0.197652 0.894325
mid.bmp
  2 17.866210 -0.349207 -0.721706 -0.000773 -0.144832 -0.989456 0.197652 0.894325
  2 17.847820 -0.405840 -0.755222 -0.240943 -0.153329 -0.958351 0.201566 0.890411
  2 17.882078 -0.737138 -0.564452 0.144200 -0.435548 -0.888541 0.238748 0.892368
mid.bmp
  2 17.847820 -0.405840 -0.755222 -0.240943 -0.153329 -0.958351 0.201566 0.890411
  2 17.870724 -0.764383 -0.598152 -0.298966 -0.561228 -0.771779 0.242661 0.888454
  2 17.882078 -0.737138 -0.564452 0.144200 -0.435548 -0.888541 0.238748 0.892368
mid.bmp
  2 17.882078 -0.737138 -0.564452 0.144200 -0.435548 -0.888541 0.238748 0.892368
  2 17.870724 -0.764383 -0.598152 -0.298966 -0.561228 -0.771779 0.242661 0.888454
  2 17.901252 -1.046398 -0.311323 0.145322 -0.743038 -0.653281 0.279843 0.892368
mid.bmp
  2 17.870724 -0.764383 -0.598152 -0.298966 -0.561228 -0.771779 0.242661 0.888454
  2 17.904019 -1.056784 -0.339479 -0.244733 -0.747954 -0.616985 0.283757 0.888454
  2 17.901252 -1.046398 -0.311323 0.145322 -0.743038 -0.653281 0.279843 0.892368
mid.bmp
  2 17.901252 -1.046398 -0.311323 0.145322 -0.743038 -0.653281 0.279843 0.892368
  2 17.904019 -1.056784 -0.339479 -0.244733 -0.747954 -0.616985 0.283757 0.888454
  2 17.922403 -1.209559 -0.120437 -0.180406 -0.943966 -0.276372 0.303327 0.886497
mid.bmp
  2 17.904019 -1.056784 -0.339479 -0.244733 -0.747954 -0.616985 0.283757 0.888454
  2 18.245612 -1.225532 -0.200051 0.074614 -0.899627 -0.430238 0.305284 0.841487
  2 17.922403 -1.209559 -0.120437 -0.180406 -0.943966 -0.276372 0.303327 0.886497
mid.bmp
  2 17.922403 -1.209559 -0.120437 -0.180406 -0.943966 -0.276372 0.303327 0.886497
  2 18.245612 -1.225532 -0.200051 0.074614 -0.899627 -0.430238 0.305284 0.841487
  2 18.274519 -1.254374 0.053919 0.061783 -0.997112 -0.044160 0.326810 0.839530
mid.bmp
  2 18.245612 -1.225532 -0.200051 0.074614 -0.899627 -0.430238 0.305284 0.841487
  2 18.280293 -1.204018 0.059287 -0.135047 -0.981016 0.139172 0.324853 0.831703
  2 18.274519 -1.254374 0.053919 0.061783 -0.997112 -0.044160 0.326810 0.839530
mid.bmp
  2 18.274519 -1.254374 0.053919 0.061783 -0.997112 -0.044160 0.326810 0.839530
  2 18.280293 -1.204018 0.059287 -0.135047 -0.981016 0.139172 0.324853 0.831703
  2 18.294068 -1.207243 0.208200 0.308509 -0.859046 0.408486 0.340509 0.839530
mid.bmp
  2 18.280293 -1.204018 0.059287 -0.135047 -0.981016 0.139172 0.324853 0.831703
  2 18.301743 -1.139830 0.228278 -0.090324 -0.860374 0.501596 0.338552 0.829746
  2 18.294068 -1.207243 0.208200 0.308509 -0.859046 0.408486 0.340509 0.839530
mid.bmp
  32 -19.038731 -1.879374 -0.232809 0.568975 -0.412266 -0.711551 0.947162 0.011742
  32 -18.693905 -1.398498 -0.093241 0.715953 -0.672858 -0.186205 0.966732 0.058708
  32 -19.014993 -1.898064 -0.103439 0.808818 -0.544542 -0.222007 0.941292 0.017613
mid.bmp
  32 -19.014993 -1.898064 -0.103439 0.808818 -0.544542 -0.222007 0.941292 0.017613
  32 -18.693905 -1.398498 -0.093241 0.715953 -0.672858 -0.186205 0.966732 0.058708
  32 -19.016203 -1.942959 0.010321 0.828184 -0.548853 0.113450 0.933464 0.021526
mid.bmp
  32 -18.693905 -1.398498 -0.093241 0.715953 -0.672858 -0.186205 0.966732 0.058708
  32 -18.692243 -1.370335 0.159433 0.664083 -0.723742 0.187596 0.958904 0.068493
  32 -19.016203 -1.942959 0.010321 0.828184 -0.548853 0.113450 0.933464 0.021526
mid.bmp
  32 -19.016203 -1.942959 0.010321 0.828184 -0.548853 0.113450 0.933464 0.021526
  32 -18.692243 -1.370335 0.159433 0.664083 -0.723742 0.187596 0.958904 0.068493
  32 -19.039748 -1.895071 0.158934 0.663080 -0.482935 0.571925 0.925636 0.025440
mid.bmp
  32 -18.692243 -1.370335 0.159433 0.664083 -0.723742 0.187596 0.958904 0.068493
  32 -18.689376 -1.272426 0.298020 0.380617 -0.581627 0.718916 0.953033 0.074364
  32 -19.039748 -1.895071 0.158934 0.663080 -0.482935 0.571925 0.925636 0.025440
mid.bmp
  32 -19.039748 -1.895071 0.158934 0.663080 -0.482935 0.571925 0.925636 0.025440
  32 -18.689376 -1.272426 0.298020 0.380617 -0.581627 0.718916 0.953033 0.074364
  32 -19.144038 -1.369500 0.592965 0.447597 -0.382187 0.808449 0.908023 0.060665
mid.bmp
  32 -18.689376 -1.272426 0.298020 0.380617 -0.581627 0.718916 0.953033 0.074364
  19 -18.909436 -0.836815 0.582998 0.074527 -0.345308 0.935526 0.927593 0.119374
  32 -19.144038 -1.369500 0.592965 0.447597 -0.382187 0.808449 0.908023 0.060665
mid.bmp
  32 -19.144038 -1.369500 0.592965 0.447597 -0.382187 0.808449 0.908023 0.060665
  19 -18.909436 -0.836815 0.582998 0.074527 -0.345308 0.935526 0.927593 0.119374
  32 -19.728387 -1.478111 0.702401 0.132828 -0.225135 0.965231 0.849315 0.046967
mid.bmp
  19 -18.909436 -0.836815 0.582998 0.074527 -0.345308 0.935526 0.927593 0.119374
  19 -19.866832 -0.777517 0.622031 -0.031858 -0.144910 0.988932 0.839530 0.119374
  32 -19.728387 -1.478111 0.702401 0.132828 -0.225135 0.965231 0.849315 0.046967
mid.bmp
  32 -19.728387 -1.478111 0.702401 0.132828 -0.225135 0.965231 0.849315 0.046967
  19 -19.866832 -0.777517 0.622031 -0.031858 -0.144910 0.988932 0.839530 0.119374
  32 -20.093694 -1.527059 0.656812 -0.169830 -0.376483 0.910724 0.814090 0.041096
mid.bmp
  19 -19.866832 -0.777517 0.622031 -0.031858 -0.144910 0.988932 0.839530 0.119374
  19 -20.452878 -1.099640 0.523643 -0.089977 -0.361536 0.928007 0.788650 0.088063
  32 -20.093694 -1.527059 0.656812 -0.169830 -0.376483 0.910724 0.814090 0.041096
mid.bmp
  32 -20.093694 -1.527059 0.656812 -0.169830 -0.376483 0.910724 0.814090 0.041096
  19 -20.452878 -1.099640 0.523643 -0.089977 -0.361536 0.928007 0.788650 0.088063
  26 -20.807706 -1.365402 0.066294 -0.305283 -0.829610 0.467492 0.763209 0.060665
mid.bmp
  19 -20.452878 -1.099640 0.523643 -0.089977 -0.361536 0.928007 0.788650 0.088063
  19 -21.041494 -1.048429 0.479731 -0.070364 -0.643707 0.762030 0.733855 0.088063
  26 -20.807706 -1.365402 0.066294 -0.305283 -0.829610 0.467492 0.763209 0.060665
mid.bmp
  26 -20.807706 -1.365402 0.066294 -0.305283 -0.829610 0.467492 0.763209 0.060665
  19 -21.041494 -1.048429 0.479731 -0.070364 -0.643707 0.762030 0.733855 0.088063
  26 -21.166395 -1.282103 0.035074 -0.002867 -0.976801 0.214129 0.722114 0.064579
mid.bmp
  19 -21.041494 -1.048429 0.479731 -0.070364 -0.643707 0.762030 0.733855 0.088063
  26 -22.122448 -1.385148 0.030312 0.054932 -0.901399 0.429491 0.636008 0.048924
  26 -21.166395 -1.282103 0.035074 -0.002867 -0.976801 0.214129 0.722114 0.064579
mid.bmp
  26 -21.166395 -1.282103 0.035074 -0.002867 -0.976801 0.214129 0.722114 0.064579
  26 -22.122448 -1.385148 0.030312 0.054932 -0.901399 0.429491 0.636008 0.048924
  26 -22.065481 -1.347382 -0.269925 0.039570 -0.887600 -0.458913 0.643836 0.029354
mid.bmp
  26 -22.122448 -1.385148 0.030312 0.054932 -0.901399 0.429491 0.636008 0.048924
  26 -22.119779 -1.339205 -0.245236 -0.424868 -0.766896 -0.480997 0.637965 0.029354
  26 -22.065481 -1.347382 -0.269925 0.039570 -0.887600 -0.458913 0.643836 0.029354
mid.bmp
  19 -18.309428 -1.154485 0.215992 0.085001 -0.854131 0.513064 0.338552 0.829746
  19 -18.291798 -1.234933 0.046217 0.117089 -0.976131 0.182918 0.324853 0.831703
  19 -18.302087 -1.224986 0.190655 -0.297284 -0.852492 0.429977 0.340509 0.839530
mid.bmp
  19 -18.302087 -1.224986 0.190655 -0.297284 -0.852492 0.429977 0.340509 0.839530
  19 -18.291798 -1.234933 0.046217 0.117089 -0.976131 0.182918 0.324853 0.831703
  19 -18.285895 -1.285198 0.032729 -0.070308 -0.997394 -0.016212 0.326810 0.839530
mid.bmp
  19 -18.291798 -1.234933 0.046217 0.117089 -0.976131 0.182918 0.324853 0.831703
  19 -18.256108 -1.254313 -0.232262 -0.122784 -0.900555 -0.417043 0.305284 0.841487
  19 -18.285895 -1.285198 0.032729 -0.070308 -0.997394 -0.016212 0.326810 0.839530
mid.bmp
  19 -18.285895 -1.285198 0.032729 -0.070308 -0.997394 -0.016212 0.326810 0.839530
  19 -18.256108 -1.254313 -0.232262 -0.122784 -0.900555 -0.417043 0.305284 0.841487
  19 -17.929423 -1.245414 -0.163722 0.164559 -0.951892 -0.258497 0.303327 0.886497
mid.bmp
  19 -18.256108 -1.254313 -0.232262 -0.122784 -0.900555 -0.417043 0.305284 0.841487
  19 -17.917829 -1.103561 -0.361691 0.257766 -0.739286 -0.622103 0.283757 0.888454
  19 -17.929423 -1.245414 -0.163722 0.164559 -0.951892 -0.258497 0.303327 0.886497
mid.bmp
  19 -17.929423 -1.245414 -0.163722 0.164559 -0.951892 -0.258497 0.303327 0.886497
  19 -17.917829 -1.103561 -0.361691 0.257766 -0.739286 -0.622103 0.283757 0.888454
  19 -17.912158 -1.078389 -0.331675 -0.146847 -0.728216 -0.669430 0.279843 0.892368
mid.bmp
  19 -17.917829 -1.103561 -0.361691 0.257766 -0.739286 -0.622103 0.283757 0.888454
  19 -17.891810 -0.796213 -0.629054 0.285932 -0.547677 -0.786316 0.242661 0.888454
  19 -17.912158 -1.078389 -0.331675 -0.146847 -0.728216 -0.669430 0.279843 0.892368
mid.bmp
  19 -17.912158 -1.078389 -0.331675 -0.146847 -0.728216 -0.669430 0.279843 0.892368
  19 -17.891810 -0.796213 -0.629054 0.285932 -0.547677 -0.786316 0.242661 0.888454
  19 -17.890292 -0.771408 -0.593527 -0.175283 -0.453908 -0.873638 0.238748 0.892368
mid.bmp
  19 -17.891810 -0.796213 -0.629054 0.285932 -0.547677 -0.786316 0.242661 0.888454
  19 -17.877883 -0.418599 -0.793210 0.203523 -0.158949 -0.966082 0.201566 0.890411
  19 -17.890292 -0.771408 -0.593527 -0.175283 -0.453908 -0.873638 0.238748 0.892368
mid.bmp
  19 -17.890292 -0.771408 -0.593527 -0.175283 -0.453908 -0.873638 0.238748 0.892368
  19 -17.877883 -0.418599 -0.793210 0.203523 -0.158949 -0.966082 0.201566 0.890411
  19 -17.878837 -0.388760 -0.747762 -0.021425 -0.154479 -0.987764 0.197652 0.894325
mid.bmp
  19 -17.877883 -0.418599 -0.793210 0.203523 -0.158949 -0.966082 0.201566 0.890411
  19 -17.877032 0.363572 -0.829833 0.194566 -0.019977 -0.980686 0.105675 0.890411
  19 -17.878837 -0.388760 -0.747762 -0.021425 -0.154479 -0.987764 0.197652 0.894325
mid.bmp
  19 -17.878837 -0.388760 -0.747762 -0.021425 -0.154479 -0.987764 0.197652 0.894325
  19 -17.877032 0.363572 -0.829833 0.194566 -0.019977 -0.980686 0.105675 0.890411
  19 -17.501245 0.352007 -0.830994 -0.048692 0.038929 -0.998055 0.101761 0.945205
mid.bmp
  19 -17.877032 0.363572 -0.829833 0.194566 -0.019977 -0.980686 0.105675 0.890411
  19 -17.879891 0.586022 -0.767452 0.037894 0.393614 -0.918495 0.084149 0.890411
  19 -17.501245 0.352007 -0.830994 -0.048692 0.038929 -0.998055 0.101761 0.945205
mid.bmp
  19 -17.501245 0.352007 -0.830994 -0.048692 0.038929 -0.998055 0.101761 0.945205
  19 -17.879891 0.586022 -0.767452 0.037894 0.393614 -0.918495 0.084149 0.890411
  19 -17.484633 0.599886 -0.760133 0.022790 0.507167 -0.861546 0.078278 0.947162
mid.bmp
  19 -17.879891 0.586022 -0.767452 0.037894 0.393614 -0.918495 0.084149 0.890411
  19 -17.888758 0.731622 -0.638989 0.048262 0.744469 -0.665910 0.060665 0.890411
  19 -17.484633 0.599886 -0.760133 0.022790 0.507167 -0.861546 0.078278 0.947162
mid.bmp
  19 -17.484633 0.599886 -0.760133 0.022790 0.507167 -0.861546 0.078278 0.947162
  19 -17.888758 0.731622 -0.638989 0.048262 0.744469 -0.665910 0.060665 0.890411
  19 -17.480705 0.738824 -0.644941 -0.003309 0.752726 -0.658326 0.054795 0.947162
mid.bmp
  19 -17.888758 0.731622 -0.638989 0.048262 0.744469 -0.665910 0.060665 0.890411
  19 -17.491229 0.869717 -0.451577 0.027116 0.868417 -0.495093 0.039139 0.947162
  19 -17.480705 0.738824 -0.644941 -0.003309 0.752726 -0.658326 0.054795 0.947162
mid.bmp
  19 -17.630587 -0.283983 0.892130 -0.269722 0.088187 0.958892 0.708415 0.710372
  19 -17.643954 -1.038542 0.734297 -0.297315 -0.448177 0.843055 0.698630 0.767123
  19 -17.597042 -0.276428 0.881400 0.758332 -0.061536 0.648958 0.704501 0.710372
mid.bmp
  19 -17.597042 -0.276428 0.881400 0.758332 -0.061536 0.648958 0.704501 0.710372
  19 -17.643954 -1.038542 0.734297 -0.297315 -0.448177 0.843055 0.698630 0.767123
  19 -17.618684 -1.028605 0.730739 0.830199 -0.310980 0.462667 0.694716 0.763209
mid.bmp
  19 -17.643954 -1.038542 0.734297 -0.297315 -0.448177 0.843055 0.698630 0.767123
  19 -17.617807 -1.298922 0.329224 -0.256980 -0.858827 0.443145 0.665362 0.786693
  19 -17.618684 -1.028605 0.730739 0.830199 -0.310980 0.462667 0.694716 0.763209
mid.bmp
  19 -17.618684 -1.028605 0.730739 0.830199 -0.310980 0.462667 0.694716 0.763209
  19 -17.617807 -1.298922 0.329224 -0.256980 -0.858827 0.443145 0.665362 0.786693
  19 -17.592962 -1.287910 0.332488 0.855326 -0.442926 0.268765 0.663405 0.782779
mid.bmp
  19 -17.617807 -1.298922 0.329224 -0.256980 -0.858827 0.443145 0.665362 0.786693
  19 -17.602161 -1.347164 0.154981 -0.244498 -0.968871 0.038860 0.653620 0.786693
  19 -17.592962 -1.287910 0.332488 0.855326 -0.442926 0.268765 0.663405 0.782779
mid.bmp
  19 -17.592962 -1.287910 0.332488 0.855326 -0.442926 0.268765 0.663405 0.782779
  19 -17.602161 -1.347164 0.154981 -0.244498 -0.968871 0.038860 0.653620 0.786693
  19 -17.577173 -1.337238 0.156416 0.880644 -0.473087 0.025575 0.651663 0.782779
mid.bmp
  19 -17.602161 -1.347164 0.154981 -0.244498 -0.968871 0.038860 0.653620 0.786693
  19 -17.595112 -1.301408 -0.144988 -0.159196 -0.890073 -0.427115 0.632094 0.782779
  19 -17.577173 -1.337238 0.156416 0.880644 -0.473087 0.025575 0.651663 0.782779
mid.bmp
  19 -17.577173 -1.337238 0.156416 0.880644 -0.473087 0.025575 0.651663 0.782779
  19 -17.595112 -1.301408 -0.144988 -0.159196 -0.890073 -0.427115 0.632094 0.782779
  19 -17.551342 -1.286781 -0.137474 0.701880 -0.658596 -0.271323 0.632094 0.778865
mid.bmp
  19 -17.595112 -1.301408 -0.144988 -0.159196 -0.890073 -0.427115 0.632094 0.782779
  19 -17.578712 -1.140279 -0.376665 -0.152388 -0.763775 -0.627236 0.614481 0.774951
  19 -17.551342 -1.286781 -0.137474 0.701880 -0.658596 -0.271323 0.632094 0.778865
mid.bmp
  19 -17.551342 -1.286781 -0.137474 0.701880 -0.658596 -0.271323 0.632094 0.778865
  19 -17.578712 -1.140279 -0.376665 -0.152388 -0.763775 -0.627236 0.614481 0.774951
  19 -17.549801 -1.122101 -0.382646 0.858306 -0.402355 -0.318467 0.616438 0.771037
mid.bmp
  19 -17.578712 -1.140279 -0.376665 -0.152388 -0.763775 -0.627236 0.614481 0.774951
  19 -17.559071 -0.884445 -0.657580 -0.201505 -0.569612 -0.796830 0.596869 0.755382
  19 -17.549801 -1.122101 -0.382646 0.858306 -0.402355 -0.318467 0.616438 0.771037
mid.bmp
  19 -17.549801 -1.122101 -0.382646 0.858306 -0.402355 -0.318467 0.616438 0.771037
  19 -17.559071 -0.884445 -0.657580 -0.201505 -0.569612 -0.796830 0.596869 0.755382
  19 -17.532317 -0.869521 -0.641456 0.931210 -0.250899 -0.264383 0.600783 0.753425
mid.bmp
  19 -17.559071 -0.884445 -0.657580 -0.201505 -0.569612 -0.796830 0.596869 0.755382
  19 -17.497529 -0.530064 -0.768612 0.838871 -0.231067 -0.492853 0.589041 0.729941
  19 -17.532317 -0.869521 -0.641456 0.931210 -0.250899 -0.264383 0.600783 0.753425
mid.bmp
  19 -17.532317 -0.869521 -0.641456 0.931210 -0.250899 -0.264383 0.600783 0.753425
  19 -17.497529 -0.530064 -0.768612 0.838871 -0.231067 -0.492853 0.589041 0.729941
  19 -17.523057 -0.835375 -0.606219 0.718021 0.388856 0.577267 0.602740 0.749511
mid.bmp
  19 -17.497529 -0.530064 -0.768612 0.838871 -0.231067 -0.492853 0.589041 0.729941
  19 -17.503620 -0.520098 -0.748899 0.550263 0.445609 0.706147 0.592955 0.729941
  19 -17.523057 -0.835375 -0.606219 0.718021 0.388856 0.577267 0.602740 0.749511
mid.bmp
  19 -17.523057 -0.835375 -0.606219 0.718021 0.388856 0.577267 0.602740 0.749511
  19 -17.503620 -0.520098 -0.748899 0.550263 0.445609 0.706147 0.592955 0.729941
  19 -17.760231 -0.674628 -0.506233 0.549193 0.444274 0.707818 0.608611 0.739726
mid.bmp
  19 -17.503620 -0.520098 -0.748899 0.550263 0.445609 0.706147 0.592955 0.729941
  19 -17.823719 -0.344048 -0.646764 0.534870 0.182098 0.825078 0.598826 0.720157
  19 -17.760231 -0.674628 -0.506233 0.549193 0.444274 0.707818 0.608611 0.739726
mid.bmp
  9 22.196458 -1.025228 -0.350334 0.481709 -0.141763 -0.864789 0.551859 0.684932
  9 22.159093 -1.009763 -0.376305 0.048445 0.070328 -0.996347 0.553816 0.681018
  9 22.310571 -0.801737 -0.119630 0.731027 0.424227 -0.534445 0.534247 0.669276
mid.bmp
  9 22.310571 -0.801737 -0.119630 0.731027 0.424227 -0.534445 0.534247 0.669276
  9 22.159093 -1.009763 -0.376305 0.048445 0.070328 -0.996347 0.553816 0.681018
  9 22.296683 -0.770710 -0.112322 0.169814 0.850821 -0.497260 0.532290 0.663405
mid.bmp
  9 22.159093 -1.009763 -0.376305 0.048445 0.070328 -0.996347 0.553816 0.681018
  9 21.381615 -0.896846 -0.361825 0.172920 0.465221 -0.868141 0.614481 0.647750
  9 22.296683 -0.770710 -0.112322 0.169814 0.850821 -0.497260 0.532290 0.663405
mid.bmp
  9 22.296683 -0.770710 -0.112322 0.169814 0.850821 -0.497260 0.532290 0.663405
  9 21.381615 -0.896846 -0.361825 0.172920 0.465221 -0.868141 0.614481 0.647750
  6 21.161724 -0.403285 0.267421 0.682132 -0.421613 0.597444 0.592955 0.626223
mid.bmp
  9 21.381615 -0.896846 -0.361825 0.172920 0.465221 -0.868141 0.614481 0.647750
  6 21.339530 -0.629908 -0.269775 0.919577 -0.302421 -0.250839 0.612524 0.624266
  6 21.161724 -0.403285 0.267421 0.682132 -0.421613 0.597444 0.592955 0.626223
mid.bmp
  6 21.161724 -0.403285 0.267421 0.682132 -0.421613 0.597444 0.592955 0.626223
  6 21.339530 -0.629908 -0.269775 0.919577 -0.302421 -0.250839 0.612524 0.624266
  6 21.539764 -0.423905 -0.315666 0.174885 -0.756848 -0.629758 0.589041 0.614481
mid.bmp
  6 21.339530 -0.629908 -0.269775 0.919577 -0.302421 -0.250839 0.612524 0.624266
  2 20.870202 -0.563247 -0.407580 0.146531 -0.164198 -0.975483 0.643836 0.606654
  6 21.539764 -0.423905 -0.315666 0.174885 -0.756848 -0.629758 0.589041 0.614481
mid.bmp
  6 21.539764 -0.423905 -0.315666 0.174885 -0.756848 -0.629758 0.589041 0.614481
  2 20.870202 -0.563247 -0.407580 0.146531 -0.164198 -0.975483 0.643836 0.606654
  2 20.871506 0.080606 -0.554131 0.137957 -0.244621 -0.959754 0.622309 0.551859
mid.bmp
  2 20.870202 -0.563247 -0.407580 0.146531 -0.164198 -0.975483 0.643836 0.606654
  2 19.838116 -0.042562 -0.602757 0.194871 -0.190176 -0.962215 0.710372 0.528376
  2 20.871506 0.080606 -0.554131 0.137957 -0.244621 -0.959754 0.622309 0.551859
mid.bmp
  2 20.871506 0.080606 -0.554131 0.137957 -0.244621 -0.959754 0.622309 0.551859
  2 19.838116 -0.042562 -0.602757 0.194871 -0.190176 -0.962215 0.710372 0.528376
  2 20.591128 0.682479 -0.810652 0.166264 -0.220651 -0.961077 0.622309 0.495108
mid.bmp
  2 19.838116 -0.042562 -0.602757 0.194871 -0.190176 -0.962215 0.710372 0.528376
  2 19.621094 0.297097 -0.883093 0.168493 -0.315041 -0.934002 0.714286 0.495108
  2 20.591128 0.682479 -0.810652 0.166264 -0.220651 -0.961077 0.622309 0.495108
mid.bmp
  2 20.591128 0.682479 -0.810652 0.166264 -0.220651 -0.961077 0.622309 0.495108
  2 19.621094 0.297097 -0.883093 0.168493 -0.315041 -0.934002 0.714286 0.495108
  2 19.369341 0.735680 -0.986674 0.035685 0.116073 -0.992599 0.720157 0.448141
mid.bmp
  2 19.621094 0.297097 -0.883093 0.168493 -0.315041 -0.934002 0.714286 0.495108
  2 19.068136 0.674860 -0.965902 -0.085154 0.035002 -0.995753 0.747554 0.444227
  2 19.369341 0.735680 -0.986674 0.035685 0.116073 -0.992599 0.720157 0.448141
mid.bmp
  2 19.369341 0.735680 -0.986674 0.035685 0.116073 -0.992599 0.720157 0.448141
  2 19.068136 0.674860 -0.965902 -0.085154 0.035002 -0.995753 0.747554 0.444227
  2 19.191516 1.076770 -0.734123 -0.264854 0.671083 -0.692459 0.726027 0.407045
mid.bmp
  2 19.068136 0.674860 -0.965902 -0.085154 0.035002 -0.995753 0.747554 0.444227
  2 18.554320 0.595167 -0.850816 -0.256803 0.297189 -0.919636 0.794521 0.432485
  2 19.191516 1.076770 -0.734123 -0.264854 0.671083 -0.692459 0.726027 0.407045
mid.bmp
  2 17.503586 0.947229 -0.267924 0.029563 0.993035 0.114050 0.585127 0.315068
  2 17.566005 0.818675 0.273027 0.100749 0.907789 0.407148 0.577299 0.275930
  2 17.905710 0.931310 -0.319817 0.067846 0.987182 0.144458 0.526419 0.317025
mid.bmp
  2 17.905710 0.931310 -0.319817 0.067846 0.987182 0.144458 0.526419 0.317025
  2 17.566005 0.818675 0.273027 0.100749 0.907789 0.407148 0.577299 0.275930
  2 17.981483 0.752443 0.264896 0.147932 0.813402 0.562578 0.522505 0.268102
mid.bmp
  2 17.566005 0.818675 0.273027 0.100749 0.907789 0.407148 0.577299 0.275930
  2 17.630834 0.365244 0.791629 0.254755 0.569718 0.781359 0.569472 0.223092
  2 17.981483 0.752443 0.264896 0.147932 0.813402 0.562578 0.522505 0.268102
mid.bmp
  2 17.981483 0.752443 0.264896 0.147932 0.813402 0.562578 0.522505 0.268102
  2 17.630834 0.365244 0.791629 0.254755 0.569718 0.781359 0.569472 0.223092
  2 18.034984 0.324944 0.639106 0.285034 0.395780 0.872991 0.514677 0.223092
mid.bmp
  2 17.630834 0.365244 0.791629 0.254755 0.569718 0.781359 0.569472 0.223092
  2 17.651098 -0.250764 0.941540 0.294700 0.085287 0.951776 0.557730 0.150685
  2 18.034984 0.324944 0.639106 0.285034 0.395780 0.872991 0.514677 0.223092
mid.bmp
  2 18.034984 0.324944 0.639106 0.285034 0.395780 0.872991 0.514677 0.223092
  2 17.651098 -0.250764 0.941540 0.294700 0.085287 0.951776 0.557730 0.150685
  2 18.047354 -0.256199 0.814943 0.266787 -0.061284 0.961805 0.506849 0.156556
mid.bmp
  2 17.651098 -0.250764 0.941540 0.294700 0.085287 0.951776 0.557730 0.150685
  2 17.651532 -1.004788 0.781156 0.307575 -0.465213 0.830045 0.544031 0.062622
  2 18.047354 -0.256199 0.814943 0.266787 -0.061284 0.961805 0.506849 0.156556
mid.bmp
  2 18.047354 -0.256199 0.814943 0.266787 -0.061284 0.961805 0.506849 0.156556
  2 17.651532 -1.004788 0.781156 0.307575 -0.465213 0.830045 0.544031 0.062622
  2 18.018521 -0.930180 0.662401 0.236841 -0.481004 0.844122 0.495108 0.076321
mid.bmp
  2 17.651532 -1.004788 0.781156 0.307575 -0.465213 0.830045 0.544031 0.062622
  2 17.978241 -1.157039 0.318694 0.255552 -0.862732 0.436334 0.489237 0.037182
  2 18.018521 -0.930180 0.662401 0.236841 -0.481004 0.844122 0.495108 0.076321
mid.bmp
  2 18.018521 -0.930180 0.662401 0.236841 -0.481004 0.844122 0.495108 0.076321
  2 17.978241 -1.157039 0.318694 0.255552 -0.862732 0.436334 0.489237 0.037182
  2 18.030819 -0.940399 0.691458 0.022774 -0.502636 0.864198 0.491194 0.076321
mid.bmp
  2 17.978241 -1.157039 0.318694 0.255552 -0.862732 0.436334 0.489237 0.037182
  2 17.980250 -1.203577 0.293999 0.069726 -0.856004 0.512246 0.485323 0.029354
  2 18.030819 -0.940399 0.691458 0.022774 -0.502636 0.864198 0.491194 0.076321
mid.bmp
  2 18.030819 -0.940399 0.691458 0.022774 -0.502636 0.864198 0.491194 0.076321
  2 17.980250 -1.203577 0.293999 0.069726 -0.856004 0.512246 0.485323 0.029354
  2 18.349148 -0.906162 0.656531 0.266031 -0.501439 0.823278 0.452055 0.086106
mid.bmp
  2 17.980250 -1.203577 0.293999 0.069726 -0.856004 0.512246 0.485323 0.029354
  2 18.294068 -1.207243 0.208200 0.308509 -0.859046 0.408486 0.444227 0.035225
  2 18.349148 -0.906162 0.656531 0.266031 -0.501439 0.823278 0.452055 0.086106
mid.bmp
  2 18.349148 -0.906162 0.656531 0.266031 -0.501439 0.823278 0.452055 0.086106
  2 18.294068 -1.207243 0.208200 0.308509 -0.859046 0.408486 0.444227 0.035225
  2 18.346063 -0.885905 0.616780 0.116720 -0.452770 0.883955 0.446184 0.086106
mid.bmp
  2 18.294068 -1.207243 0.208200 0.308509 -0.859046 0.408486 0.444227 0.035225
  2 18.301743 -1.139830 0.228278 -0.090324 -0.860374 0.501596 0.438356 0.037182
  2 18.346063 -0.885905 0.616780 0.116720 -0.452770 0.883955 0.446184 0.086106
mid.bmp
  15 20.414558 -1.567968 0.061636 0.840619 -0.337513 -0.423609 0.422701 0.847358
  15 20.380092 -1.530794 0.356173 0.684048 -0.472345 0.555850 0.444227 0.835616
  16 20.413683 -1.923962 0.110285 0.997193 0.011689 -0.073959 0.430528 0.874755
mid.bmp
  16 20.413683 -1.923962 0.110285 0.997193 0.011689 -0.073959 0.430528 0.874755
  15 20.380092 -1.530794 0.356173 0.684048 -0.472345 0.555850 0.444227 0.835616
  16 20.311205 -1.967157 0.355999 0.686549 -0.074277 0.723279 0.461840 0.866928
mid.bmp
  15 20.380092 -1.530794 0.356173 0.684048 -0.472345 0.555850 0.444227 0.835616
  16 19.925688 -2.052396 0.560309 0.156102 -0.215672 0.963908 0.504892 0.874755
  16 20.311205 -1.967157 0.355999 0.686549 -0.074277 0.723279 0.461840 0.866928
mid.bmp
  16 20.311205 -1.967157 0.355999 0.686549 -0.074277 0.723279 0.461840 0.866928
  16 19.925688 -2.052396 0.560309 0.156102 -0.215672 0.963908 0.504892 0.874755
  16 20.309161 -2.529070 0.332035 0.679546 -0.015777 0.733463 0.471624 0.921722
mid.bmp
  16 19.925688 -2.052396 0.560309 0.156102 -0.215672 0.963908 0.504892 0.874755
  16 20.036317 -2.570410 0.477595 0.013448 -0.134070 0.990881 0.499022 0.925636
  16 20.309161 -2.529070 0.332035 0.679546 -0.015777 0.733463 0.471624 0.921722
mid.bmp
  16 20.309161 -2.529070 0.332035 0.679546 -0.015777 0.733463 0.471624 0.921722
  16 20.036317 -2.570410 0.477595 0.013448 -0.134070 0.990881 0.499022 0.925636
  16 20.094688 -3.056595 0.422143 0.003773 -0.127453 0.991837 0.499022 0.974560
mid.bmp
  16 20.036317 -2.570410 0.477595 0.013448 -0.134070 0.990881 0.499022 0.925636
  16 19.735264 -2.647358 0.323819 -0.515561 -0.267672 0.813971 0.534247 0.929550
  16 20.094688 -3.056595 0.422143 0.003773 -0.127453 0.991837 0.499022 0.974560
mid.bmp
  16 20.094688 -3.056595 0.422143 0.003773 -0.127453 0.991837 0.499022 0.974560
  16 19.735264 -2.647358 0.323819 -0.515561 -0.267672 0.813971 0.534247 0.929550
  16 19.845075 -3.111268 0.298195 -0.615773 -0.243661 0.749301 0.524462 0.976517
mid.bmp
  16 19.735264 -2.647358 0.323819 -0.515561 -0.267672 0.813971 0.534247 0.929550
  16 19.772258 -3.150216 0.127092 -0.869805 -0.333462 0.363652 0.542074 0.980431
  16 19.845075 -3.111268 0.298195 -0.615773 -0.243661 0.749301 0.524462 0.976517
mid.bmp
  16 19.845075 -3.111268 0.298195 -0.615773 -0.243661 0.749301 0.524462 0.976517
  16 19.772258 -3.150216 0.127092 -0.869805 -0.333462 0.363652 0.542074 0.980431
  16 19.798679 -3.154091 0.080838 0.619335 -0.751162 0.228429 0.538160 0.988258
mid.bmp
  16 19.772258 -3.150216 0.127092 -0.869805 -0.333462 0.363652 0.542074 0.980431
  16 19.798464 -3.204944 0.028339 -0.876427 -0.439694 -0.196327 0.547945 0.982387
  16 19.798679 -3.154091 0.080838 0.619335 -0.751162 0.228429 0.538160 0.988258
mid.bmp
  16 19.798679 -3.154091 0.080838 0.619335 -0.751162 0.228429 0.538160 0.988258
  16 19.798464 -3.204944 0.028339 -0.876427 -0.439694 -0.196327 0.547945 0.982387
  16 19.810458 -3.170897 -0.040403 -0.851345 -0.440309 -0.285201 0.551859 0.984344
mid.bmp
  16 19.798464 -3.204944 0.028339 -0.876427 -0.439694 -0.196327 0.547945 0.982387
  16 19.632290 -2.752229 -0.083264 -0.829818 -0.491770 -0.263751 0.573386 0.933464
  16 19.810458 -3.170897 -0.040403 -0.851345 -0.440309 -0.285201 0.551859 0.984344
mid.bmp
  16 19.810458 -3.170897 -0.040403 -0.851345 -0.440309 -0.285201 0.551859 0.984344
  16 19.632290 -2.752229 -0.083264 -0.829818 -0.491770 -0.263751 0.573386 0.933464
  16 19.665687 -2.761899 -0.177793 -0.638796 -0.373907 -0.672409 0.581213 0.931507
mid.bmp
  16 19.632290 -2.752229 -0.083264 -0.829818 -0.491770 -0.263751 0.573386 0.933464
  16 19.345260 -2.298318 -0.211442 -0.550981 -0.409132 -0.727345 0.604697 0.892368
  16 19.665687 -2.761899 -0.177793 -0.638796 -0.373907 -0.672409 0.581213 0.931507
mid.bmp
  1 1.767124 -2.665299 0.087543 0.094848 -0.932680 -0.348010 0.056751 0.804305
  1 1.684296 -2.189341 -0.826707 0.016315 -0.466983 -0.884116 0.101761 0.804305
  1 5.202179 -1.673094 -1.034340 0.076516 -0.660325 -0.747071 0.095890 0.671233
mid.bmp
  1 5.202179 -1.673094 -1.034340 0.076516 -0.660325 -0.747071 0.095890 0.671233
  1 1.684296 -2.189341 -0.826707 0.016315 -0.466983 -0.884116 0.101761 0.804305
  1 5.091858 -0.620555 -1.268828 -0.021069 0.086377 -0.996040 0.172211 0.669276
mid.bmp
  1 1.684296 -2.189341 -0.826707 0.016315 -0.466983 -0.884116 0.101761 0.804305
  1 1.565603 -1.092808 -1.070584 -0.095230 0.340732 -0.935325 0.164384 0.802348
  1 5.091858 -0.620555 -1.268828 -0.021069 0.086377 -0.996040 0.172211 0.669276
mid.bmp
  1 5.091858 -0.620555 -1.268828 -0.021069 0.086377 -0.996040 0.172211 0.669276
  1 1.565603 -1.092808 -1.070584 -0.095230 0.340732 -0.935325 0.164384 0.802348
  1 5.020010 0.386884 -0.533023 -0.108038 0.729373 -0.675531 0.228963 0.673190
mid.bmp
  1 1.565603 -1.092808 -1.070584 -0.095230 0.340732 -0.935325 0.164384 0.802348
  1 1.482911 -0.186632 -0.439766 -0.151499 0.866515 -0.475604 0.232877 0.806262
  1 5.020010 0.386884 -0.533023 -0.108038 0.729373 -0.675531 0.228963 0.673190
mid.bmp
  1 5.020010 0.386884 -0.533023 -0.108038 0.729373 -0.675531 0.228963 0.673190
  1 1.482911 -0.186632 -0.439766 -0.151499 0.866515 -0.475604 0.232877 0.806262
  1 5.006644 0.676081 0.551569 -0.135724 0.988947 -0.059693 0.285714 0.675147
mid.bmp
  1 1.482911 -0.186632 -0.439766 -0.151499 0.866515 -0.475604 0.232877 0.806262
  1 1.476330 0.103597 0.585344 -0.156014 0.973809 0.165394 0.285714 0.808219
  1 5.006644 0.676081 0.551569 -0.135724 0.988947 -0.059693 0.285714 0.675147
mid.bmp
  1 5.006644 0.676081 0.551569 -0.135724 0.988947 -0.059693 0.285714 0.675147
  1 1.476330 0.103597 0.585344 -0.156014 0.973809 0.165394 0.285714 0.808219
  1 5.063500 0.305688 1.393899 -0.080769 0.718106 0.691231 0.338552 0.677104
mid.bmp
  1 1.476330 0.103597 0.585344 -0.156014 0.973809 0.165394 0.285714 0.808219
  1 1.534781 -0.257059 1.414823 -0.090035 0.560856 0.823003 0.334638 0.810176
  1 5.063500 0.305688 1.393899 -0.080769 0.718106 0.691231 0.338552 0.677104
mid.bmp
  1 5.063500 0.305688 1.393899 -0.080769 0.718106 0.691231 0.338552 0.677104
  1 1.534781 -0.257059 1.414823 -0.090035 0.560856 0.823003 0.334638 0.810176
  1 5.153359 -0.536594 1.709721 0.000832 0.136630 0.990622 0.377691 0.677104
mid.bmp
  1 1.534781 -0.257059 1.414823 -0.090035 0.560856 0.823003 0.334638 0.810176
  1 1.627955 -1.054838 1.658590 -0.021422 0.033217 0.999219 0.377691 0.810176
  1 5.153359 -0.536594 1.709721 0.000832 0.136630 0.990622 0.377691 0.677104
mid.bmp
  1 5.153359 -0.536594 1.709721 0.000832 0.136630 0.990622 0.377691 0.677104
  1 1.627955 -1.054838 1.658590 -0.021422 0.033217 0.999219 0.377691 0.810176
  1 5.240405 -1.370790 1.639555 0.070332 -0.427005 0.901510 0.428571 0.677104
mid.bmp
  1 1.627955 -1.054838 1.658590 -0.021422 0.033217 0.999219 0.377691 0.810176
  1 1.713530 -1.845492 1.571110 0.053881 -0.527057 0.848120 0.422701 0.810176
  1 5.240405 -1.370790 1.639555 0.070332 -0.427005 0.901510 0.428571 0.677104
mid.bmp
  1 5.240405 -1.370790 1.639555 0.070332 -0.427005 0.901510 0.428571 0.677104
  1 1.713530 -1.845492 1.571110 0.053881 -0.527057 0.848120 0.422701 0.810176
  1 5.315797 -2.209939 0.897685 0.126883 -0.864618 0.486144 0.467710 0.679061
mid.bmp
  1 1.713530 -1.845492 1.571110 0.053881 -0.527057 0.848120 0.422701 0.810176
  1 1.790976 -2.573442 0.919364 0.098724 -0.929290 0.355912 0.461840 0.812133
  1 5.315797 -2.209939 0.897685 0.126883 -0.864618 0.486144 0.467710 0.679061
mid.bmp
  33 -19.347189 -2.337302 -0.203619 0.539370 -0.418107 -0.730935 0.604697 0.892368
  33 -19.644837 -2.779550 -0.084052 0.811065 -0.513532 -0.280103 0.573386 0.933464
  33 -19.678800 -2.788615 -0.176658 0.620229 -0.389603 -0.680827 0.581213 0.931507
mid.bmp
  33 -19.678800 -2.788615 -0.176658 0.620229 -0.389603 -0.680827 0.581213 0.931507
  33 -19.644837 -2.779550 -0.084052 0.811065 -0.513532 -0.280103 0.573386 0.933464
  33 -19.835655 -3.188337 -0.048253 0.798819 -0.489786 -0.349282 0.551859 0.984344
mid.bmp
  33 -19.644837 -2.779550 -0.084052 0.811065 -0.513532 -0.280103 0.573386 0.933464
  33 -19.825218 -3.229065 0.022014 0.856391 -0.471533 -0.210362 0.547945 0.982387
  33 -19.835655 -3.188337 -0.048253 0.798819 -0.489786 -0.349282 0.551859 0.984344
mid.bmp
  33 -19.835655 -3.188337 -0.048253 0.798819 -0.489786 -0.349282 0.551859 0.984344
  33 -19.825218 -3.229065 0.022014 0.856391 -0.471533 -0.210362 0.547945 0.982387
  33 -19.827145 -3.179471 0.074967 -0.538416 -0.828125 0.155939 0.538160 0.988258
mid.bmp
  33 -19.825218 -3.229065 0.022014 0.856391 -0.471533 -0.210362 0.547945 0.982387
  33 -19.803108 -3.181744 0.120051 0.850805 -0.371948 0.371194 0.542074 0.980431
  33 -19.827145 -3.179471 0.074967 -0.538416 -0.828125 0.155939 0.538160 0.988258
mid.bmp
  33 -19.827145 -3.179471 0.074967 -0.538416 -0.828125 0.155939 0.538160 0.988258
  33 -19.803108 -3.181744 0.120051 0.850805 -0.371948 0.371194 0.542074 0.980431
  34 -19.879158 -3.137713 0.297733 0.603546 -0.281264 0.746071 0.524462 0.976517
mid.bmp
  33 -19.803108 -3.181744 0.120051 0.850805 -0.371948 0.371194 0.542074 0.980431
  33 -19.741628 -2.678468 0.323415 0.497732 -0.290717 0.817157 0.534247 0.929550
  34 -19.879158 -3.137713 0.297733 0.603546 -0.281264 0.746071 0.524462 0.976517
mid.bmp
  34 -19.879158 -3.137713 0.297733 0.603546 -0.281264 0.746071 0.524462 0.976517
  33 -19.741628 -2.678468 0.323415 0.497732 -0.290717 0.817157 0.534247 0.929550
  33 -20.127869 -3.083387 0.418858 -0.012364 -0.138384 0.990301 0.499022 0.974560
mid.bmp
  33 -19.741628 -2.678468 0.323415 0.497732 -0.290717 0.817157 0.534247 0.929550
  33 -20.058265 -2.590544 0.479708 -0.013248 -0.141854 0.989799 0.499022 0.925636
  33 -20.127869 -3.083387 0.418858 -0.012364 -0.138384 0.990301 0.499022 0.974560
mid.bmp
  33 -20.127869 -3.083387 0.418858 -0.012364 -0.138384 0.990301 0.499022 0.974560
  33 -20.058265 -2.590544 0.479708 -0.013248 -0.141854 0.989799 0.499022 0.925636
  33 -20.317615 -2.538780 0.335725 -0.691851 0.004215 0.722028 0.471624 0.921722
mid.bmp
  33 -20.058265 -2.590544 0.479708 -0.013248 -0.141854 0.989799 0.499022 0.925636
  33 -19.923141 -2.073849 0.566281 -0.166430 -0.225124 0.960011 0.504892 0.874755
  33 -20.317615 -2.538780 0.335725 -0.691851 0.004215 0.722028 0.471624 0.921722
mid.bmp
  33 -20.317615 -2.538780 0.335725 -0.691851 0.004215 0.722028 0.471624 0.921722
  33 -19.923141 -2.073849 0.566281 -0.166430 -0.225124 0.960011 0.504892 0.874755
  33 -20.305098 -1.978559 0.359694 -0.698767 -0.064181 0.712465 0.461840 0.866928
mid.bmp
  33 -19.923141 -2.073849 0.566281 -0.166430 -0.225124 0.960011 0.504892 0.874755
  32 -20.374352 -1.561895 0.371873 -0.681406 -0.480852 0.551786 0.444227 0.835616
  33 -20.305098 -1.978559 0.359694 -0.698767 -0.064181 0.712465 0.461840 0.866928
mid.bmp
  33 -20.305098 -1.978559 0.359694 -0.698767 -0.064181 0.712465 0.461840 0.866928
  32 -20.374352 -1.561895 0.371873 -0.681406 -0.480852 0.551786 0.444227 0.835616
  33 -20.399687 -1.931853 0.111689 -0.995592 0.044758 -0.082427 0.430528 0.874755
mid.bmp
  32 -20.374352 -1.561895 0.371873 -0.681406 -0.480852 0.551786 0.444227 0.835616
  32 -20.406732 -1.596207 0.070783 -0.836936 -0.361000 -0.411360 0.422701 0.847358
  33 -20.399687 -1.931853 0.111689 -0.995592 0.044758 -0.082427 0.430528 0.874755
mid.bmp
  19 -18.566147 0.578128 -0.870835 0.244399 0.322298 -0.914545 0.794521 0.432485
  19 -19.084908 0.661788 -0.977036 0.064974 0.046299 -0.996812 0.747554 0.444227
  19 -19.200332 1.061219 -0.732960 0.255337 0.676892 -0.690377 0.726027 0.407045
mid.bmp
  19 -19.200332 1.061219 -0.732960 0.255337 0.676892 -0.690377 0.726027 0.407045
  19 -19.084908 0.661788 -0.977036 0.064974 0.046299 -0.996812 0.747554 0.444227
  19 -19.384909 0.723794 -0.988541 -0.049198 0.126612 -0.990731 0.720157 0.448141
mid.bmp
  19 -19.084908 0.661788 -0.977036 0.064974 0.046299 -0.996812 0.747554 0.444227
  19 -19.642167 0.275360 -0.887040 -0.185212 -0.307518 -0.933343 0.714286 0.495108
  19 -19.384909 0.723794 -0.988541 -0.049198 0.126612 -0.990731 0.720157 0.448141
mid.bmp
  19 -19.384909 0.723794 -0.988541 -0.049198 0.126612 -0.990731 0.720157 0.448141
  19 -19.642167 0.275360 -0.887040 -0.185212 -0.307518 -0.933343 0.714286 0.495108
  19 -20.606576 0.666797 -0.797672 -0.196660 -0.208724 -0.957997 0.622309 0.495108
mid.bmp
  19 -19.642167 0.275360 -0.887040 -0.185212 -0.307518 -0.933343 0.714286 0.495108
  19 -19.855922 -0.058067 -0.601135 -0.212331 -0.193865 -0.957775 0.710372 0.528376
  19 -20.606576 0.666797 -0.797672 -0.196660 -0.208724 -0.957997 0.622309 0.495108
mid.bmp
  19 -20.606576 0.666797 -0.797672 -0.196660 -0.208724 -0.957997 0.622309 0.495108
  19 -19.855922 -0.058067 -0.601135 -0.212331 -0.193865 -0.957775 0.710372 0.528376
  19 -20.889592 0.064170 -0.531132 -0.180727 -0.240845 -0.953589 0.622309 0.551859
mid.bmp
  19 -19.855922 -0.058067 -0.601135 -0.212331 -0.193865 -0.957775 0.710372 0.528376
  19 -20.884979 -0.579112 -0.386034 -0.183890 -0.172251 -0.967736 0.643836 0.606654
  19 -20.889592 0.064170 -0.531132 -0.180727 -0.240845 -0.953589 0.622309 0.551859
mid.bmp
  19 -20.889592 0.064170 -0.531132 -0.180727 -0.240845 -0.953589 0.622309 0.551859
  19 -20.884979 -0.579112 -0.386034 -0.183890 -0.172251 -0.967736 0.643836 0.606654
  23 -21.527029 -0.453406 -0.258147 -0.176861 -0.755455 -0.630879 0.589041 0.614481
mid.bmp
  19 -20.884979 -0.579112 -0.386034 -0.183890 -0.172251 -0.967736 0.643836 0.606654
  23 -21.328125 -0.628218 -0.228560 -0.926286 -0.297186 -0.231679 0.612524 0.624266
  23 -21.527029 -0.453406 -0.258147 -0.176861 -0.755455 -0.630879 0.589041 0.614481
mid.bmp
  23 -21.527029 -0.453406 -0.258147 -0.176861 -0.755455 -0.630879 0.589041 0.614481
  23 -21.328125 -0.628218 -0.228560 -0.926286 -0.297186 -0.231679 0.612524 0.624266
  23 -21.152636 -0.403893 0.303072 -0.660314 -0.395613 0.638339 0.592955 0.626223
mid.bmp
  23 -21.328125 -0.628218 -0.228560 -0.926286 -0.297186 -0.231679 0.612524 0.624266
  26 -21.391743 -0.898863 -0.363912 -0.191400 0.454902 -0.869730 0.614481 0.647750
  23 -21.152636 -0.403893 0.303072 -0.660314 -0.395613 0.638339 0.592955 0.626223
mid.bmp
  23 -21.152636 -0.403893 0.303072 -0.660314 -0.395613 0.638339 0.592955 0.626223
  26 -21.391743 -0.898863 -0.363912 -0.191400 0.454902 -0.869730 0.614481 0.647750
  26 -22.292065 -0.777765 -0.117749 -0.177193 0.853339 -0.490321 0.532290 0.663405
mid.bmp
  26 -21.391743 -0.898863 -0.363912 -0.191400 0.454902 -0.869730 0.614481 0.647750
  26 -22.166018 -1.008531 -0.378726 -0.043056 0.081979 -0.995704 0.553816 0.681018
  26 -22.292065 -0.777765 -0.117749 -0.177193 0.853339 -0.490321 0.532290 0.663405
mid.bmp
  26 -22.292065 -0.777765 -0.117749 -0.177193 0.853339 -0.490321 0.532290 0.663405
  26 -22.166018 -1.008531 -0.378726 -0.043056 0.081979 -0.995704 0.553816 0.681018
  26 -22.312184 -0.810291 -0.125119 -0.663490 0.537448 -0.520509 0.534247 0.669276
mid.bmp
  26 -22.166018 -1.008531 -0.378726 -0.043056 0.081979 -0.995704 0.553816 0.681018
  26 -22.204050 -1.020152 -0.358500 -0.464815 -0.167932 -0.869336 0.551859 0.684932
  26 -22.312184 -0.810291 -0.125119 -0.663490 0.537448 -0.520509 0.534247 0.669276
mid.bmp
  19 -18.309428 -1.154485 0.215992 0.085001 -0.854131 0.513064 0.438356 0.037182
  19 -18.302087 -1.224986 0.190655 -0.297284 -0.852492 0.429977 0.444227 0.035225
  19 -18.341293 -0.916185 0.585059 -0.100226 -0.447141 0.888831 0.446184 0.086106
mid.bmp
  19 -18.341293 -0.916185 0.585059 -0.100226 -0.447141 0.888831 0.446184 0.086106
  19 -18.302087 -1.224986 0.190655 -0.297284 -0.852492 0.429977 0.444227 0.035225
  19 -18.343603 -0.936282 0.624943 -0.261015 -0.490441 0.831468 0.452055 0.086106
mid.bmp
  19 -18.302087 -1.224986 0.190655 -0.297284 -0.852492 0.429977 0.444227 0.035225
  19 -17.984195 -1.217790 0.282311 -0.068937 -0.854363 0.515083 0.485323 0.029354
  19 -18.343603 -0.936282 0.624943 -0.261015 -0.490441 0.831468 0.452055 0.086106
mid.bmp
  19 -18.343603 -0.936282 0.624943 -0.261015 -0.490441 0.831468 0.452055 0.086106
  19 -17.984195 -1.217790 0.282311 -0.068937 -0.854363 0.515083 0.485323 0.029354
  19 -18.019784 -0.972270 0.653149 0.018934 -0.490114 0.871453 0.491194 0.076321
mid.bmp
  19 -17.984195 -1.217790 0.282311 -0.068937 -0.854363 0.515083 0.485323 0.029354
  19 -17.981932 -1.170702 0.307533 -0.258288 -0.848446 0.461980 0.489237 0.037182
  19 -18.019784 -0.972270 0.653149 0.018934 -0.490114 0.871453 0.491194 0.076321
mid.bmp
  19 -18.019784 -0.972270 0.653149 0.018934 -0.490114 0.871453 0.491194 0.076321
  19 -17.981932 -1.170702 0.307533 -0.258288 -0.848446 0.461980 0.489237 0.037182
  19 -18.012987 -0.949118 0.620361 -0.211021 -0.461737 0.861550 0.495108 0.076321
mid.bmp
  19 -17.981932 -1.170702 0.307533 -0.258288 -0.848446 0.461980 0.489237 0.037182
  19 -17.643954 -1.038542 0.734297 -0.297315 -0.448177 0.843055 0.544031 0.062622
  19 -18.012987 -0.949118 0.620361 -0.211021 -0.461737 0.861550 0.495108 0.076321
mid.bmp
  19 -18.012987 -0.949118 0.620361 -0.211021 -0.461737 0.861550 0.495108 0.076321
  19 -17.643954 -1.038542 0.734297 -0.297315 -0.448177 0.843055 0.544031 0.062622
  19 -18.029603 -0.287551 0.774448 -0.238518 -0.054453 0.969610 0.506849 0.156556
mid.bmp
  19 -17.643954 -1.038542 0.734297 -0.297315 -0.448177 0.843055 0.544031 0.062622
  19 -17.630587 -0.283983 0.892130 -0.269722 0.088187 0.958892 0.557730 0.150685
  19 -18.029603 -0.287551 0.774448 -0.238518 -0.054453 0.969610 0.506849 0.156556
mid.bmp
  19 -18.029603 -0.287551 0.774448 -0.238518 -0.054453 0.969610 0.506849 0.156556
  19 -17.630587 -0.283983 0.892130 -0.269722 0.088187 0.958892 0.557730 0.150685
  19 -18.022530 0.292908 0.590962 -0.276803 0.392317 0.877193 0.514677 0.223092
mid.bmp
  19 -17.630587 -0.283983 0.892130 -0.269722 0.088187 0.958892 0.557730 0.150685
  19 -17.615390 0.336361 0.744255 -0.242903 0.566707 0.787300 0.569472 0.223092
  19 -18.022530 0.292908 0.590962 -0.276803 0.392317 0.877193 0.514677 0.223092
mid.bmp
  19 -18.022530 0.292908 0.590962 -0.276803 0.392317 0.877193 0.514677 0.223092
  19 -17.615390 0.336361 0.744255 -0.242903 0.566707 0.787300 0.569472 0.223092
  19 -17.970526 0.718713 0.224341 -0.147675 0.814855 0.560538 0.522505 0.268102
mid.bmp
  19 -17.615390 0.336361 0.744255 -0.242903 0.566707 0.787300 0.569472 0.223092
  19 -17.554580 0.787541 0.222945 -0.089027 0.909690 0.405632 0.577299 0.275930
  19 -17.970526 0.718713 0.224341 -0.147675 0.814855 0.560538 0.522505 0.268102
mid.bmp
  19 -17.970526 0.718713 0.224341 -0.147675 0.814855 0.560538 0.522505 0.268102
  19 -17.554580 0.787541 0.222945 -0.089027 0.909690 0.405632 0.577299 0.275930
  19 -17.917760 0.901180 -0.367462 -0.061409 0.985153 0.160317 0.526419 0.317025
mid.bmp
  19 -17.554580 0.787541 0.222945 -0.089027 0.909690 0.405632 0.577299 0.275930
  19 -17.498554 0.913788 -0.319455 -0.009165 0.992722 0.120081 0.585127 0.315068
  19 -17.917760 0.901180 -0.367462 -0.061409 0.985153 0.160317 0.526419 0.317025
mid.bmp
  18 -1.801996 -2.680899 0.846818 -0.102324 -0.930141 0.352657 0.461840 0.812133
  18 -1.715507 -1.961399 1.502388 -0.055084 -0.528268 0.847289 0.422701 0.810176
  18 -5.325043 -2.299781 0.836999 -0.130165 -0.864912 0.484751 0.467710 0.679061
mid.bmp
  18 -5.325043 -2.299781 0.836999 -0.130165 -0.864912 0.484751 0.467710 0.679061
  18 -1.715507 -1.961399 1.502388 -0.055084 -0.528268 0.847289 0.422701 0.810176
  18 -5.242971 -1.461026 1.578751 -0.070298 -0.425939 0.902017 0.428571 0.677104
mid.bmp
  18 -1.715507 -1.961399 1.502388 -0.055084 -0.528268 0.847289 0.422701 0.810176
  18 -1.629140 -1.164507 1.591031 0.023774 0.034636 0.999117 0.377691 0.810176
  18 -5.242971 -1.461026 1.578751 -0.070298 -0.425939 0.902017 0.428571 0.677104
mid.bmp
  18 -5.242971 -1.461026 1.578751 -0.070298 -0.425939 0.902017 0.428571 0.677104
  18 -1.629140 -1.164507 1.591031 0.023774 0.034636 0.999117 0.377691 0.810176
  18 -5.141689 -0.625205 1.648232 0.002890 0.136110 0.990689 0.377691 0.677104
mid.bmp
  18 -1.629140 -1.164507 1.591031 0.023774 0.034636 0.999117 0.377691 0.810176
  18 -1.532604 -0.365790 1.341546 0.095932 0.561554 0.821860 0.334638 0.810176
  18 -5.141689 -0.625205 1.648232 0.002890 0.136110 0.990689 0.377691 0.677104
mid.bmp
  18 -5.141689 -0.625205 1.648232 0.002890 0.136110 0.990689 0.377691 0.677104
  18 -1.532604 -0.365790 1.341546 0.095932 0.561554 0.821860 0.334638 0.810176
  18 -5.068578 0.216606 1.336048 0.086801 0.720840 0.687645 0.338552 0.677104
mid.bmp
  18 -1.532604 -0.365790 1.341546 0.095932 0.561554 0.821860 0.334638 0.810176
  18 -1.475141 -0.005390 0.511886 0.161595 0.973001 0.164791 0.285714 0.808219
  18 -5.068578 0.216606 1.336048 0.086801 0.720840 0.687645 0.338552 0.677104
mid.bmp
  18 -5.068578 0.216606 1.336048 0.086801 0.720840 0.687645 0.338552 0.677104
  18 -1.475141 -0.005390 0.511886 0.161595 0.973001 0.164791 0.285714 0.808219
  18 -5.002677 0.584718 0.489995 0.143054 0.987510 -0.066033 0.285714 0.675147
mid.bmp
  18 -1.475141 -0.005390 0.511886 0.161595 0.973001 0.164791 0.285714 0.808219
  18 -1.486616 -0.295531 -0.513205 0.154238 0.865893 -0.475857 0.232877 0.806262
  18 -5.002677 0.584718 0.489995 0.143054 0.987510 -0.066033 0.285714 0.675147
mid.bmp
  18 -5.002677 0.584718 0.489995 0.143054 0.987510 -0.066033 0.285714 0.675147
  18 -1.486616 -0.295531 -0.513205 0.154238 0.865893 -0.475857 0.232877 0.806262
  18 -5.021102 0.295641 -0.594555 0.109319 0.729272 -0.675434 0.228963 0.673190
mid.bmp
  18 -1.486616 -0.295531 -0.513205 0.154238 0.865893 -0.475857 0.232877 0.806262
  18 -1.570950 -1.201215 -1.143740 0.093727 0.340195 -0.935672 0.164384 0.802348
  18 -5.021102 0.295641 -0.594555 0.109319 0.729272 -0.675434 0.228963 0.673190
mid.bmp
  18 -5.021102 0.295641 -0.594555 0.109319 0.729272 -0.675434 0.228963 0.673190
  18 -1.570950 -1.201215 -1.143740 0.093727 0.340195 -0.935672 0.164384 0.802348
  18 -5.100356 -0.711348 -1.330216 0.018144 0.086343 -0.996100 0.172211 0.669276
mid.bmp
  18 -1.570950 -1.201215 -1.143740 0.093727 0.340195 -0.935672 0.164384 0.802348
  18 -1.699295 -2.297191 -0.899532 -0.021599 -0.466748 -0.884126 0.101761 0.804305
  18 -5.100356 -0.711348 -1.330216 0.018144 0.086343 -0.996100 0.172211 0.669276
mid.bmp
  18 -5.100356 -0.711348 -1.330216 0.018144 0.086343 -0.996100 0.172211 0.669276
  18 -1.699295 -2.297191 -0.899532 -0.021599 -0.466748 -0.884126 0.101761 0.804305
  18 -5.215235 -1.763378 -1.095324 -0.082362 -0.660061 -0.746683 0.095890 0.671233
mid.bmp
  18 -1.699295 -2.297191 -0.899532 -0.021599 -0.466748 -0.884126 0.101761 0.804305
  18 -1.776426 -2.772738 0.015007 -0.100730 -0.932236 -0.347547 0.056751 0.804305
  18 -5.215235 -1.763378 -1.095324 -0.082362 -0.660061 -0.746683 0.095890 0.671233
mid.bmp
  8 24.716738 0.017630 0.185573 0.703048 0.655982 -0.274609 0.898239 0.667319
  8 24.675714 -0.063801 0.339916 0.749739 0.305378 0.587057 0.923679 0.671233
  8 24.754963 -0.073057 0.258796 0.999455 0.032842 -0.003368 0.925636 0.661448
mid.bmp
  8 24.754963 -0.073057 0.258796 0.999455 0.032842 -0.003368 0.925636 0.661448
  8 24.675714 -0.063801 0.339916 0.749739 0.305378 0.587057 0.923679 0.671233
  8 24.725966 -0.249373 0.320315 0.859129 -0.502989 0.094343 0.956947 0.673190
mid.bmp
  8 24.675714 -0.063801 0.339916 0.749739 0.305378 0.587057 0.923679 0.671233
  8 24.640871 -0.236389 0.380704 0.004558 -0.156794 0.987621 0.956947 0.688845
  8 24.725966 -0.249373 0.320315 0.859129 -0.502989 0.094343 0.956947 0.673190
mid.bmp
  8 24.725966 -0.249373 0.320315 0.859129 -0.502989 0.094343 0.956947 0.673190
  8 24.640871 -0.236389 0.380704 0.004558 -0.156794 0.987621 0.956947 0.688845
  8 24.552248 -0.338257 0.288853 0.056477 -0.902611 0.426736 0.968689 0.706458
mid.bmp
  8 24.640871 -0.236389 0.380704 0.004558 -0.156794 0.987621 0.956947 0.688845
  8 24.292424 -0.208876 0.341531 -0.039654 -0.138598 0.989555 0.949119 0.747554
  8 24.552248 -0.338257 0.288853 0.056477 -0.902611 0.426736 0.968689 0.706458
mid.bmp
  8 24.552248 -0.338257 0.288853 0.056477 -0.902611 0.426736 0.968689 0.706458
  8 24.292424 -0.208876 0.341531 -0.039654 -0.138598 0.989555 0.949119 0.747554
  7 23.861349 -0.217098 0.336331 -0.040486 -0.495389 0.867727 0.949119 0.818004
mid.bmp
  8 24.292424 -0.208876 0.341531 -0.039654 -0.138598 0.989555 0.949119 0.747554
  7 23.849983 -0.073272 0.336243 -0.026055 0.298922 0.953922 0.921722 0.814090
  7 23.861349 -0.217098 0.336331 -0.040486 -0.495389 0.867727 0.949119 0.818004
mid.bmp
  7 23.861349 -0.217098 0.336331 -0.040486 -0.495389 0.867727 0.949119 0.818004
  7 23.849983 -0.073272 0.336243 -0.026055 0.298922 0.953922 0.921722 0.814090
  7 22.717842 -0.189604 0.279250 -0.044371 -0.271507 0.961413 0.951076 0.964775
mid.bmp
  7 23.849983 -0.073272 0.336243 -0.026055 0.298922 0.953922 0.921722 0.814090
  7 22.716714 -0.039383 0.280808 -0.029395 0.458890 0.888007 0.919765 0.964775
  7 22.717842 -0.189604 0.279250 -0.044371 -0.271507 0.961413 0.951076 0.964775
mid.bmp
  7 22.717842 -0.189604 0.279250 -0.044371 -0.271507 0.961413 0.951076 0.964775
  7 22.716714 -0.039383 0.280808 -0.029395 0.458890 0.888007 0.919765 0.964775
  6 22.628170 -0.022467 0.267086 -0.018085 0.369327 0.929123 0.919765 0.982387
mid.bmp
  7 22.716714 -0.039383 0.280808 -0.029395 0.458890 0.888007 0.919765 0.964775
  7 22.715339 0.108982 0.167091 0.008074 0.912354 0.409322 0.894325 0.966732
  6 22.628170 -0.022467 0.267086 -0.018085 0.369327 0.929123 0.919765 0.982387
mid.bmp
  6 22.628170 -0.022467 0.267086 -0.018085 0.369327 0.929123 0.919765 0.982387
  7 22.715339 0.108982 0.167091 0.008074 0.912354 0.409322 0.894325 0.966732
  6 22.621595 0.113479 0.159121 0.024354 0.942933 0.332091 0.892368 0.986301
mid.bmp
  7 22.715339 0.108982 0.167091 0.008074 0.912354 0.409322 0.894325 0.966732
  7 22.710629 0.137293 -0.039774 0.045469 0.846083 -0.531108 0.872798 0.970646
  6 22.621595 0.113479 0.159121 0.024354 0.942933 0.332091 0.892368 0.986301
mid.bmp
  6 22.621595 0.113479 0.159121 0.024354 0.942933 0.332091 0.892368 0.986301
  7 22.710629 0.137293 -0.039774 0.045469 0.846083 -0.531108 0.872798 0.970646
  6 22.591842 0.143160 -0.038445 0.080592 0.829050 -0.553337 0.872798 0.988258
mid.bmp
  31 -23.120740 2.370065 0.117935 -0.893638 -0.415201 0.170351 0.956947 0.673190
  31 -23.060705 2.440034 0.132763 -0.415401 0.650395 0.635947 0.923679 0.671233
  31 -23.123272 2.449087 0.086308 -0.822957 0.448530 -0.348658 0.925636 0.661448
mid.bmp
  31 -23.123272 2.449087 0.086308 -0.822957 0.448530 -0.348658 0.925636 0.661448
  31 -23.060705 2.440034 0.132763 -0.415401 0.650395 0.635947 0.923679 0.671233
  31 -23.042304 2.483900 0.047484 -0.319787 0.919510 -0.228556 0.898239 0.667319
mid.bmp
  31 -23.060705 2.440034 0.132763 -0.415401 0.650395 0.635947 0.923679 0.671233
  31 -22.978067 2.476562 0.081412 0.244748 0.848125 0.469876 0.894325 0.694716
  31 -23.042304 2.483900 0.047484 -0.319787 0.919510 -0.228556 0.898239 0.667319
mid.bmp
  31 -23.042304 2.483900 0.047484 -0.319787 0.919510 -0.228556 0.898239 0.667319
  31 -22.978067 2.476562 0.081412 0.244748 0.848125 0.469876 0.894325 0.694716
  31 -22.954377 2.477696 -0.003186 0.274205 0.921619 -0.274645 0.882583 0.690802
mid.bmp
  31 -22.978067 2.476562 0.081412 0.244748 0.848125 0.469876 0.894325 0.694716
  31 -22.771247 2.398683 0.075933 0.311380 0.872264 0.377093 0.896282 0.747554
  31 -22.954377 2.477696 -0.003186 0.274205 0.921619 -0.274645 0.882583 0.690802
mid.bmp
  31 -22.954377 2.477696 -0.003186 0.274205 0.921619 -0.274645 0.882583 0.690802
  31 -22.771247 2.398683 0.075933 0.311380 0.872264 0.377093 0.896282 0.747554
  30 -22.405039 2.277763 -0.019192 0.354100 0.882493 -0.309546 0.878669 0.825832
mid.bmp
  31 -22.771247 2.398683 0.075933 0.311380 0.872264 0.377093 0.896282 0.747554
  30 -22.469163 2.277183 0.111522 0.321158 0.741225 0.589443 0.894325 0.814090
  30 -22.405039 2.277763 -0.019192 0.354100 0.882493 -0.309546 0.878669 0.825832
mid.bmp
  30 -22.405039 2.277763 -0.019192 0.354100 0.882493 -0.309546 0.878669 0.825832
  30 -22.469163 2.277183 0.111522 0.321158 0.741225 0.589443 0.894325 0.814090
  30 -21.670959 1.956037 0.065743 0.360045 0.849152 0.386404 0.894325 0.966732
mid.bmp
  30 -22.469163 2.277183 0.111522 0.321158 0.741225 0.589443 0.894325 0.814090
  30 -21.782646 1.893579 0.125362 0.202973 0.347026 0.915628 0.919765 0.964775
  30 -21.670959 1.956037 0.065743 0.360045 0.849152 0.386404 0.894325 0.966732
mid.bmp
  30 -21.670959 1.956037 0.065743 0.360045 0.849152 0.386404 0.894325 0.966732
  30 -21.782646 1.893579 0.125362 0.202973 0.347026 0.915628 0.919765 0.964775
  29 -21.702772 1.839524 0.127797 0.121896 0.359899 0.924994 0.919765 0.982387
mid.bmp
  30 -21.782646 1.893579 0.125362 0.202973 0.347026 0.915628 0.919765 0.964775
  30 -21.824377 1.766285 0.164980 -0.072696 -0.203974 0.976273 0.951076 0.964775
  29 -21.702772 1.839524 0.127797 0.121896 0.359899 0.924994 0.919765 0.982387
mid.bmp
  29 -21.702772 1.839524 0.127797 0.121896 0.359899 0.924994 0.919765 0.982387
  30 -21.824377 1.766285 0.164980 -0.072696 -0.203974 0.976273 0.951076 0.964775
  29 -21.754704 1.734467 0.170053 -0.105176 -0.178812 0.978245 0.951076 0.982387
mid.bmp
  30 -21.824377 1.766285 0.164980 -0.072696 -0.203974 0.976273 0.951076 0.964775
  30 -21.851732 1.634509 0.104644 -0.483410 -0.874249 0.044770 0.978474 0.974560
  29 -21.754704 1.734467 0.170053 -0.105176 -0.178812 0.978245 0.951076 0.982387
mid.bmp
  29 -21.754704 1.734467 0.170053 -0.105176 -0.178812 0.978245 0.951076 0.982387
  30 -21.851732 1.634509 0.104644 -0.483410 -0.874249 0.044770 0.978474 0.974560
  29 -21.789962 1.599220 0.105907 -0.567746 -0.822303 -0.038491 0.978474 0.988258
mid.bmp
  25 -24.697167 -0.248207 0.304107 -0.850390 -0.520453 0.077232 0.956947 0.673190
  25 -24.681484 -0.079124 0.319116 -0.725869 0.321701 0.607967 0.923679 0.671233
  25 -24.759671 -0.093713 0.254201 -0.994940 -0.097768 -0.023150 0.925636 0.661448
mid.bmp
  25 -24.759671 -0.093713 0.254201 -0.994940 -0.097768 -0.023150 0.925636 0.661448
  25 -24.681484 -0.079124 0.319116 -0.725869 0.321701 0.607967 0.923679 0.671233
  25 -24.718204 -0.004562 0.179272 -0.700567 0.657228 -0.277953 0.898239 0.667319
mid.bmp
  25 -24.681484 -0.079124 0.319116 -0.725869 0.321701 0.607967 0.923679 0.671233
  25 -24.623005 0.023756 0.243664 -0.074595 0.798148 0.597826 0.894325 0.694716
  25 -24.718204 -0.004562 0.179272 -0.700567 0.657228 -0.277953 0.898239 0.667319
mid.bmp
  25 -24.718204 -0.004562 0.179272 -0.700567 0.657228 -0.277953 0.898239 0.667319
  25 -24.623005 0.023756 0.243664 -0.074595 0.798148 0.597826 0.894325 0.694716
  25 -24.577673 0.045948 0.140687 -0.150273 0.945209 -0.289823 0.882583 0.690802
mid.bmp
  25 -24.623005 0.023756 0.243664 -0.074595 0.798148 0.597826 0.894325 0.694716
  25 -24.311478 0.038609 0.220096 -0.023425 0.854377 0.519125 0.896282 0.747554
  25 -24.577673 0.045948 0.140687 -0.150273 0.945209 -0.289823 0.882583 0.690802
mid.bmp
  25 -24.577673 0.045948 0.140687 -0.150273 0.945209 -0.289823 0.882583 0.690802
  25 -24.311478 0.038609 0.220096 -0.023425 0.854377 0.519125 0.896282 0.747554
  24 -23.879616 0.091913 0.037736 -0.065186 0.955075 -0.289108 0.878669 0.825832
mid.bmp
  25 -24.311478 0.038609 0.220096 -0.023425 0.854377 0.519125 0.896282 0.747554
  24 -23.869644 0.057634 0.213175 -0.015746 0.789981 0.612930 0.894325 0.814090
  24 -23.879616 0.091913 0.037736 -0.065186 0.955075 -0.289108 0.878669 0.825832
mid.bmp
  24 -23.879616 0.091913 0.037736 -0.065186 0.955075 -0.289108 0.878669 0.825832
  24 -23.869644 0.057634 0.213175 -0.015746 0.789981 0.612930 0.894325 0.814090
  24 -22.703776 0.101765 0.185396 -0.020344 0.910395 0.413241 0.894325 0.966732
mid.bmp
  24 -23.869644 0.057634 0.213175 -0.015746 0.789981 0.612930 0.894325 0.814090
  24 -22.712697 -0.054018 0.303595 0.005788 0.462844 0.886421 0.919765 0.964775
  24 -22.703776 0.101765 0.185396 -0.020344 0.910395 0.413241 0.894325 0.966732
mid.bmp
  24 -22.703776 0.101765 0.185396 -0.020344 0.910395 0.413241 0.894325 0.966732
  24 -22.712697 -0.054018 0.303595 0.005788 0.462844 0.886421 0.919765 0.964775
  23 -22.629875 -0.042459 0.298434 -0.000064 0.366792 0.930303 0.919765 0.982387
mid.bmp
  24 -22.712697 -0.054018 0.303595 0.005788 0.462844 0.886421 0.919765 0.964775
  24 -22.711617 -0.188677 0.297613 0.021279 -0.285147 0.958248 0.951076 0.964775
  23 -22.629875 -0.042459 0.298434 -0.000064 0.366792 0.930303 0.919765 0.982387
mid.bmp
  23 -22.629875 -0.042459 0.298434 -0.000064 0.366792 0.930303 0.919765 0.982387
  24 -22.711617 -0.188677 0.297613 0.021279 -0.285147 0.958248 0.951076 0.964775
  23 -22.614932 -0.200920 0.310780 -0.153028 -0.405493 0.901198 0.951076 0.982387
mid.bmp
  24 -22.711617 -0.188677 0.297613 0.021279 -0.285147 0.958248 0.951076 0.964775
  24 -22.708753 -0.414829 0.160478 -0.006516 -0.946484 0.322684 0.978474 0.974560
  23 -22.614932 -0.200920 0.310780 -0.153028 -0.405493 0.901198 0.951076 0.982387
mid.bmp
  23 -22.614932 -0.200920 0.310780 -0.153028 -0.405493 0.901198 0.951076 0.982387
  24 -22.708753 -0.414829 0.160478 -0.006516 -0.946484 0.322684 0.978474 0.974560
  23 -22.590636 -0.416549 0.182323 -0.016759 -0.985447 0.169156 0.978474 0.988258
mid.bmp
  33 -20.446847 -2.981596 -0.098093 -0.932475 -0.087904 -0.350375 0.849315 0.984344
  34 -20.469193 -3.151422 0.003987 -0.993246 0.044813 -0.107022 0.835616 0.951076
  33 -20.455259 -2.978232 0.126232 -0.968025 -0.017130 0.250270 0.827789 0.990215
mid.bmp
  33 -20.455259 -2.978232 0.126232 -0.968025 -0.017130 0.250270 0.827789 0.990215
  34 -20.469193 -3.151422 0.003987 -0.993246 0.044813 -0.107022 0.835616 0.951076
  34 -20.388243 -3.131766 0.251415 -0.719237 0.039819 0.693623 0.812133 0.966732
mid.bmp
  34 -20.469193 -3.151422 0.003987 -0.993246 0.044813 -0.107022 0.835616 0.951076
  34 -20.442496 -3.658417 0.266979 -0.859715 0.050125 0.508308 0.786693 0.902153
  34 -20.388243 -3.131766 0.251415 -0.719237 0.039819 0.693623 0.812133 0.966732
mid.bmp
  34 -20.388243 -3.131766 0.251415 -0.719237 0.039819 0.693623 0.812133 0.966732
  34 -20.442496 -3.658417 0.266979 -0.859715 0.050125 0.508308 0.786693 0.902153
  34 -20.272384 -3.587707 0.357426 -0.139298 -0.027310 0.989874 0.772994 0.917808
mid.bmp
  34 -20.442496 -3.658417 0.266979 -0.859715 0.050125 0.508308 0.786693 0.902153
  34 -20.373445 -3.948535 0.316622 -0.599062 -0.457093 0.657412 0.759295 0.866928
  34 -20.272384 -3.587707 0.357426 -0.139298 -0.027310 0.989874 0.772994 0.917808
mid.bmp
  34 -20.272384 -3.587707 0.357426 -0.139298 -0.027310 0.989874 0.772994 0.917808
  34 -20.373445 -3.948535 0.316622 -0.599062 -0.457093 0.657412 0.759295 0.866928
  34 -20.194331 -3.981496 0.295487 0.447271 -0.320137 0.835141 0.739726 0.872798
mid.bmp
  34 -20.373445 -3.948535 0.316622 -0.599062 -0.457093 0.657412 0.759295 0.866928
  34 -20.138563 -4.075193 0.096658 -0.015519 -0.998427 0.053869 0.722114 0.857143
  34 -20.194331 -3.981496 0.295487 0.447271 -0.320137 0.835141 0.739726 0.872798
mid.bmp
  34 -20.194331 -3.981496 0.295487 0.447271 -0.320137 0.835141 0.739726 0.872798
  34 -20.138563 -4.075193 0.096658 -0.015519 -0.998427 0.053869 0.722114 0.857143
  34 -20.107098 -4.057392 0.099016 0.924776 -0.306498 0.225493 0.722114 0.864971
mid.bmp
  34 -20.138563 -4.075193 0.096658 -0.015519 -0.998427 0.053869 0.722114 0.857143
  34 -20.147732 -3.986643 -0.088289 0.648496 -0.422086 -0.633480 0.694716 0.876712
  34 -20.107098 -4.057392 0.099016 0.924776 -0.306498 0.225493 0.722114 0.864971
mid.bmp
  34 -20.107098 -4.057392 0.099016 0.924776 -0.306498 0.225493 0.722114 0.864971
  34 -20.147732 -3.986643 -0.088289 0.648496 -0.422086 -0.633480 0.694716 0.876712
  34 -20.002755 -3.689004 0.088666 0.950431 -0.310805 -0.009027 0.720157 0.919765
mid.bmp
  34 -20.147732 -3.986643 -0.088289 0.648496 -0.422086 -0.633480 0.694716 0.876712
  34 -20.040651 -3.646851 -0.131973 0.718701 -0.293353 -0.630406 0.696673 0.919765
  34 -20.002755 -3.689004 0.088666 0.950431 -0.310805 -0.009027 0.720157 0.919765
mid.bmp
  34 -20.002755 -3.689004 0.088666 0.950431 -0.310805 -0.009027 0.720157 0.919765
  34 -20.040651 -3.646851 -0.131973 0.718701 -0.293353 -0.630406 0.696673 0.919765
  34 -19.968773 -3.625775 0.078946 0.936936 -0.341182 0.075801 0.720157 0.927593
mid.bmp
  34 -20.040651 -3.646851 -0.131973 0.718701 -0.293353 -0.630406 0.696673 0.919765
  33 -19.886860 -3.198210 -0.136409 0.842159 -0.285356 -0.457537 0.690802 0.986301
  34 -19.968773 -3.625775 0.078946 0.936936 -0.341182 0.075801 0.720157 0.927593
mid.bmp
  34 -19.968773 -3.625775 0.078946 0.936936 -0.341182 0.075801 0.720157 0.927593
  33 -19.886860 -3.198210 -0.136409 0.842159 -0.285356 -0.457537 0.690802 0.986301
  33 -19.827145 -3.179471 0.074967 0.952921 -0.302169 0.025201 0.720157 0.988258
mid.bmp
  26 -22.159592 -1.363094 0.034848 -0.569747 -0.788319 0.232255 0.628180 0.048924
  26 -22.205148 -1.180440 0.249887 -0.064898 -0.444155 0.893596 0.626223 0.068493
  26 -22.222169 -1.170870 0.227180 -0.796297 -0.453201 0.400650 0.620352 0.066536
mid.bmp
  26 -22.222169 -1.170870 0.227180 -0.796297 -0.453201 0.400650 0.620352 0.066536
  26 -22.205148 -1.180440 0.249887 -0.064898 -0.444155 0.893596 0.626223 0.068493
  26 -22.272984 -1.002649 0.269055 -0.223481 0.307045 0.925083 0.618395 0.090020
mid.bmp
  26 -22.205148 -1.180440 0.249887 -0.064898 -0.444155 0.893596 0.626223 0.068493
  19 -21.095947 -0.776896 0.548330 -0.184144 0.108626 0.976878 0.726027 0.115460
  26 -22.272984 -1.002649 0.269055 -0.223481 0.307045 0.925083 0.618395 0.090020
mid.bmp
  26 -22.272984 -1.002649 0.269055 -0.223481 0.307045 0.925083 0.618395 0.090020
  19 -21.095947 -0.776896 0.548330 -0.184144 0.108626 0.976878 0.726027 0.115460
  26 -22.294579 -0.854570 0.119001 -0.321269 0.660670 0.678455 0.614481 0.103718
mid.bmp
  19 -21.095947 -0.776896 0.548330 -0.184144 0.108626 0.976878 0.726027 0.115460
  19 -21.014697 -0.434792 0.440652 -0.339271 0.370025 0.864857 0.731898 0.142857
  26 -22.294579 -0.854570 0.119001 -0.321269 0.660670 0.678455 0.614481 0.103718
mid.bmp
  26 -22.294579 -0.854570 0.119001 -0.321269 0.660670 0.678455 0.614481 0.103718
  19 -21.014697 -0.434792 0.440652 -0.339271 0.370025 0.864857 0.731898 0.142857
  23 -21.152636 -0.403893 0.303072 -0.660314 -0.395613 0.638339 0.716243 0.146771
mid.bmp
  19 -21.014697 -0.434792 0.440652 -0.339271 0.370025 0.864857 0.731898 0.142857
  19 -21.137284 -0.232167 0.454643 -0.229650 -0.190566 0.954435 0.720157 0.160470
  23 -21.152636 -0.403893 0.303072 -0.660314 -0.395613 0.638339 0.716243 0.146771
mid.bmp
  23 -21.152636 -0.403893 0.303072 -0.660314 -0.395613 0.638339 0.716243 0.146771
  19 -21.137284 -0.232167 0.454643 -0.229650 -0.190566 0.954435 0.720157 0.160470
  23 -22.596913 -0.208622 0.335756 -0.093424 -0.313984 0.944820 0.583170 0.154599
mid.bmp
  19 -21.137284 -0.232167 0.454643 -0.229650 -0.190566 0.954435 0.720157 0.160470
  19 -21.234935 0.007016 0.413480 -0.211948 0.321046 0.923042 0.708415 0.185910
  23 -22.596913 -0.208622 0.335756 -0.093424 -0.313984 0.944820 0.583170 0.154599
mid.bmp
  23 -22.596913 -0.208622 0.335756 -0.093424 -0.313984 0.944820 0.583170 0.154599
  19 -21.234935 0.007016 0.413480 -0.211948 0.321046 0.923042 0.708415 0.185910
  23 -22.609413 -0.037515 0.320463 -0.122108 0.363649 0.923498 0.581213 0.176125
mid.bmp
  19 -21.234935 0.007016 0.413480 -0.211948 0.321046 0.923042 0.708415 0.185910
  23 -22.602003 0.114124 0.208012 -0.124412 0.776337 0.617918 0.581213 0.191781
  23 -22.609413 -0.037515 0.320463 -0.122108 0.363649 0.923498 0.581213 0.176125
mid.bmp
  23 -22.609413 -0.037515 0.320463 -0.122108 0.363649 0.923498 0.581213 0.176125
  23 -22.602003 0.114124 0.208012 -0.124412 0.776337 0.617918 0.581213 0.191781
  23 -22.614003 0.101783 0.184747 -0.892373 0.394930 0.218403 0.569472 0.191781
mid.bmp
  23 -22.602003 0.114124 0.208012 -0.124412 0.776337 0.617918 0.581213 0.191781
  23 -22.588376 0.158309 -0.020637 -0.078603 0.886560 -0.455887 0.583170 0.209393
  23 -22.614003 0.101783 0.184747 -0.892373 0.394930 0.218403 0.569472 0.191781
mid.bmp
  23 -22.614003 0.101783 0.184747 -0.892373 0.394930 0.218403 0.569472 0.191781
  23 -22.588376 0.158309 -0.020637 -0.078603 0.886560 -0.455887 0.583170 0.209393
  23 -22.592113 0.130883 -0.022972 -0.888144 0.206661 -0.410476 0.571429 0.211350
mid.bmp
  16 20.435817 -2.970804 0.129170 0.959205 -0.057393 0.276823 0.827789 0.990215
  17 20.354331 -3.124044 0.256999 0.715243 0.028989 0.698275 0.812133 0.966732
  17 20.442234 -3.142726 0.018737 0.995486 0.013855 -0.093889 0.835616 0.951076
mid.bmp
  17 20.442234 -3.142726 0.018737 0.995486 0.013855 -0.093889 0.835616 0.951076
  17 20.354331 -3.124044 0.256999 0.715243 0.028989 0.698275 0.812133 0.966732
  17 20.396194 -3.660927 0.279604 0.850686 0.016366 0.525419 0.786693 0.902153
mid.bmp
  17 20.354331 -3.124044 0.256999 0.715243 0.028989 0.698275 0.812133 0.966732
  17 20.236268 -3.569247 0.369835 0.124963 -0.018041 0.991997 0.772994 0.917808
  17 20.396194 -3.660927 0.279604 0.850686 0.016366 0.525419 0.786693 0.902153
mid.bmp
  17 20.396194 -3.660927 0.279604 0.850686 0.016366 0.525419 0.786693 0.902153
  17 20.236268 -3.569247 0.369835 0.124963 -0.018041 0.991997 0.772994 0.917808
  17 20.286097 -3.938467 0.340959 0.561983 -0.477128 0.675665 0.759295 0.866928
mid.bmp
  17 20.236268 -3.569247 0.369835 0.124963 -0.018041 0.991997 0.772994 0.917808
  17 20.133209 -3.970254 0.305483 -0.493476 -0.266705 0.827859 0.739726 0.872798
  17 20.286097 -3.938467 0.340959 0.561983 -0.477128 0.675665 0.759295 0.866928
mid.bmp
  17 20.286097 -3.938467 0.340959 0.561983 -0.477128 0.675665 0.759295 0.866928
  17 20.133209 -3.970254 0.305483 -0.493476 -0.266705 0.827859 0.739726 0.872798
  17 20.081353 -4.056884 0.113778 -0.032232 -0.997670 0.060130 0.722114 0.857143
mid.bmp
  17 20.133209 -3.970254 0.305483 -0.493476 -0.266705 0.827859 0.739726 0.872798
  17 20.051568 -4.038452 0.124777 -0.935964 -0.274499 0.220503 0.722114 0.864971
  17 20.081353 -4.056884 0.113778 -0.032232 -0.997670 0.060130 0.722114 0.857143
mid.bmp
  17 20.081353 -4.056884 0.113778 -0.032232 -0.997670 0.060130 0.722114 0.857143
  17 20.051568 -4.038452 0.124777 -0.935964 -0.274499 0.220503 0.722114 0.864971
  17 20.090306 -3.976371 -0.071521 -0.678545 -0.411188 -0.608688 0.694716 0.876712
mid.bmp
  17 20.051568 -4.038452 0.124777 -0.935964 -0.274499 0.220503 0.722114 0.864971
  17 19.956945 -3.667417 0.101069 -0.959925 -0.280251 0.001875 0.720157 0.919765
  17 20.090306 -3.976371 -0.071521 -0.678545 -0.411188 -0.608688 0.694716 0.876712
mid.bmp
  17 20.090306 -3.976371 -0.071521 -0.678545 -0.411188 -0.608688 0.694716 0.876712
  17 19.956945 -3.667417 0.101069 -0.959925 -0.280251 0.001875 0.720157 0.919765
  17 19.994721 -3.634545 -0.116332 -0.722876 -0.287759 -0.628208 0.696673 0.919765
mid.bmp
  17 19.956945 -3.667417 0.101069 -0.959925 -0.280251 0.001875 0.720157 0.919765
  17 19.924915 -3.603761 0.088920 -0.944515 -0.316406 0.088192 0.720157 0.927593
  17 19.994721 -3.634545 -0.116332 -0.722876 -0.287759 -0.628208 0.696673 0.919765
mid.bmp
  17 19.994721 -3.634545 -0.116332 -0.722876 -0.287759 -0.628208 0.696673 0.919765
  17 19.924915 -3.603761 0.088920 -0.944515 -0.316406 0.088192 0.720157 0.927593
  16 19.839642 -3.171936 -0.140735 -0.841439 -0.287097 -0.457772 0.690802 0.986301
mid.bmp
  17 19.924915 -3.603761 0.088920 -0.944515 -0.316406 0.088192 0.720157 0.927593
  16 19.798679 -3.154091 0.080838 -0.961849 -0.269138 0.049106 0.720157 0.988258
  16 19.839642 -3.171936 -0.140735 -0.841439 -0.287097 -0.457772 0.690802 0.986301
mid.bmp
  14 23.092888 2.468948 0.127034 0.843847 0.456339 -0.282270 0.925636 0.661448
  14 23.033829 2.506538 0.088817 0.379027 0.893079 -0.242381 0.898239 0.667319
  14 23.039887 2.464197 0.186912 0.467899 0.695606 0.545164 0.923679 0.671233
mid.bmp
  14 23.039887 2.464197 0.186912 0.467899 0.695606 0.545164 0.923679 0.671233
  14 23.033829 2.506538 0.088817 0.379027 0.893079 -0.242381 0.898239 0.667319
  14 22.984778 2.498142 0.152652 -0.238465 0.859033 0.452987 0.894325 0.694716
mid.bmp
  14 23.033829 2.506538 0.088817 0.379027 0.893079 -0.242381 0.898239 0.667319
  14 22.961532 2.499183 0.061481 -0.278276 0.912063 -0.301170 0.882583 0.690802
  14 22.984778 2.498142 0.152652 -0.238465 0.859033 0.452987 0.894325 0.694716
mid.bmp
  14 22.984778 2.498142 0.152652 -0.238465 0.859033 0.452987 0.894325 0.694716
  14 22.961532 2.499183 0.061481 -0.278276 0.912063 -0.301170 0.882583 0.690802
  14 22.775895 2.423965 0.138406 -0.326581 0.877853 0.350314 0.896282 0.747554
mid.bmp
  14 22.961532 2.499183 0.061481 -0.278276 0.912063 -0.301170 0.882583 0.690802
  13 22.394649 2.293021 0.027894 -0.339717 0.878832 -0.335034 0.878669 0.825832
  14 22.775895 2.423965 0.138406 -0.326581 0.877853 0.350314 0.896282 0.747554
mid.bmp
  14 22.775895 2.423965 0.138406 -0.326581 0.877853 0.350314 0.896282 0.747554
  13 22.394649 2.293021 0.027894 -0.339717 0.878832 -0.335034 0.878669 0.825832
  13 22.469771 2.299358 0.160810 -0.349981 0.739994 0.574389 0.894325 0.814090
mid.bmp
  13 22.394649 2.293021 0.027894 -0.339717 0.878832 -0.335034 0.878669 0.825832
  13 21.715992 1.989451 0.084493 -0.382060 0.857190 0.345334 0.894325 0.966732
  13 22.469771 2.299358 0.160810 -0.349981 0.739994 0.574389 0.894325 0.814090
mid.bmp
  13 22.469771 2.299358 0.160810 -0.349981 0.739994 0.574389 0.894325 0.814090
  13 21.715992 1.989451 0.084493 -0.382060 0.857190 0.345334 0.894325 0.966732
  13 21.783313 1.912828 0.145132 -0.240283 0.340673 0.908959 0.919765 0.964775
mid.bmp
  13 21.715992 1.989451 0.084493 -0.382060 0.857190 0.345334 0.894325 0.966732
  12 21.700162 1.865411 0.137707 -0.113338 0.359369 0.926287 0.919765 0.982387
  13 21.783313 1.912828 0.145132 -0.240283 0.340673 0.908959 0.919765 0.964775
mid.bmp
  13 21.783313 1.912828 0.145132 -0.240283 0.340673 0.908959 0.919765 0.964775
  12 21.700162 1.865411 0.137707 -0.113338 0.359369 0.926287 0.919765 0.982387
  13 21.817930 1.796647 0.179809 0.049025 -0.224934 0.973140 0.951076 0.964775
mid.bmp
  12 21.700162 1.865411 0.137707 -0.113338 0.359369 0.926287 0.919765 0.982387
  12 21.752717 1.758798 0.183589 0.178105 -0.102250 0.978685 0.951076 0.982387
  13 21.817930 1.796647 0.179809 0.049025 -0.224934 0.973140 0.951076 0.964775
mid.bmp
  13 21.817930 1.796647 0.179809 0.049025 -0.224934 0.973140 0.951076 0.964775
  12 21.752717 1.758798 0.183589 0.178105 -0.102250 0.978685 0.951076 0.982387
  13 21.845410 1.646096 0.121570 0.509560 -0.853227 0.111146 0.978474 0.974560
mid.bmp
  12 21.752717 1.758798 0.183589 0.178105 -0.102250 0.978685 0.951076 0.982387
  12 21.809367 1.579886 0.114200 0.896119 -0.442125 -0.038692 0.978474 0.988258
  13 21.845410 1.646096 0.121570 0.509560 -0.853227 0.111146 0.978474 0.974560
mid.bmp
  11 23.854936 -1.623323 0.031459 -0.086729 -0.902404 0.422072 0.888454 0.393346
  11 23.853402 -1.615932 -0.207349 0.053626 -0.933848 -0.353628 0.904110 0.393346
  11 24.007745 -1.597944 0.046021 0.585616 -0.808477 0.058471 0.904110 0.373777
mid.bmp
  11 24.007745 -1.597944 0.046021 0.585616 -0.808477 0.058471 0.904110 0.373777
  11 23.853402 -1.615932 -0.207349 0.053626 -0.933848 -0.353628 0.904110 0.393346
  11 24.118743 -1.448272 0.000494 0.896236 -0.288782 -0.336699 0.925636 0.365949
mid.bmp
  11 23.853402 -1.615932 -0.207349 0.053626 -0.933848 -0.353628 0.904110 0.393346
  11 23.958912 -1.475643 -0.274643 0.626239 -0.342017 -0.700606 0.925636 0.385519
  11 24.118743 -1.448272 0.000494 0.896236 -0.288782 -0.336699 0.925636 0.365949
mid.bmp
  11 24.118743 -1.448272 0.000494 0.896236 -0.288782 -0.336699 0.925636 0.365949
  11 23.958912 -1.475643 -0.274643 0.626239 -0.342017 -0.700606 0.925636 0.385519
  11 23.896303 -1.365126 -0.291439 0.366387 0.644113 -0.671475 0.941292 0.395303
mid.bmp
  11 23.958912 -1.475643 -0.274643 0.626239 -0.342017 -0.700606 0.925636 0.385519
  11 23.728648 -1.443689 -0.350431 -0.009358 -0.284394 -0.958662 0.923679 0.414873
  11 23.896303 -1.365126 -0.291439 0.366387 0.644113 -0.671475 0.941292 0.395303
mid.bmp
  11 23.896303 -1.365126 -0.291439 0.366387 0.644113 -0.671475 0.941292 0.395303
  11 23.728648 -1.443689 -0.350431 -0.009358 -0.284394 -0.958662 0.923679 0.414873
  11 23.343319 -1.230117 -0.325188 0.112380 0.397275 -0.910792 0.941292 0.510763
mid.bmp
  11 23.728648 -1.443689 -0.350431 -0.009358 -0.284394 -0.958662 0.923679 0.414873
  11 23.278806 -1.488944 -0.258648 -0.118551 -0.713937 -0.690101 0.908023 0.518591
  11 23.343319 -1.230117 -0.325188 0.112380 0.397275 -0.910792 0.941292 0.510763
mid.bmp
  11 23.343319 -1.230117 -0.325188 0.112380 0.397275 -0.910792 0.941292 0.510763
  11 23.278806 -1.488944 -0.258648 -0.118551 -0.713937 -0.690101 0.908023 0.518591
  10 23.155299 -1.209891 -0.357893 0.126780 0.467547 -0.874830 0.943249 0.534247
mid.bmp
  11 23.278806 -1.488944 -0.258648 -0.118551 -0.713937 -0.690101 0.908023 0.518591
  10 23.101343 -1.465720 -0.282899 -0.126545 -0.771068 -0.624052 0.904110 0.542074
  10 23.155299 -1.209891 -0.357893 0.126780 0.467547 -0.874830 0.943249 0.534247
mid.bmp
  10 23.155299 -1.209891 -0.357893 0.126780 0.467547 -0.874830 0.943249 0.534247
  10 23.101343 -1.465720 -0.282899 -0.126545 -0.771068 -0.624052 0.904110 0.542074
  10 22.272679 -1.034139 -0.354796 0.021301 0.123702 -0.992091 0.943249 0.634051
mid.bmp
  10 23.101343 -1.465720 -0.282899 -0.126545 -0.771068 -0.624052 0.904110 0.542074
  10 22.190930 -1.324961 -0.266534 -0.122042 -0.758727 -0.639874 0.908023 0.634051
  10 22.272679 -1.034139 -0.354796 0.021301 0.123702 -0.992091 0.943249 0.634051
mid.bmp
  10 22.272679 -1.034139 -0.354796 0.021301 0.123702 -0.992091 0.943249 0.634051
  10 22.190930 -1.324961 -0.266534 -0.122042 -0.758727 -0.639874 0.908023 0.634051
  9 22.196458 -1.025228 -0.350334 -0.087944 0.088217 -0.992211 0.943249 0.645793
mid.bmp
  10 22.190930 -1.324961 -0.266534 -0.122042 -0.758727 -0.639874 0.908023 0.634051
  9 22.116348 -1.313932 -0.256184 -0.202337 -0.716326 -0.667785 0.906067 0.645793
  9 22.196458 -1.025228 -0.350334 -0.087944 0.088217 -0.992211 0.943249 0.645793
mid.bmp
  5 24.069574 1.195277 0.214232 0.320182 -0.822899 0.469383 0.888454 0.393346
  5 24.093521 1.197357 -0.028134 0.362689 -0.904003 -0.226351 0.904110 0.393346
  5 24.185283 1.266644 0.214617 0.769576 -0.618879 0.157298 0.904110 0.373777
mid.bmp
  5 24.185283 1.266644 0.214617 0.769576 -0.618879 0.157298 0.904110 0.373777
  5 24.093521 1.197357 -0.028134 0.362689 -0.904003 -0.226351 0.904110 0.393346
  5 24.222249 1.366893 0.172537 0.959455 0.047036 -0.277909 0.925636 0.365949
mid.bmp
  5 24.093521 1.197357 -0.028134 0.362689 -0.904003 -0.226351 0.904110 0.393346
  5 24.125597 1.306023 -0.017319 0.665426 0.135704 -0.734025 0.925636 0.385519
  5 24.222249 1.366893 0.172537 0.959455 0.047036 -0.277909 0.925636 0.365949
mid.bmp
  5 24.222249 1.366893 0.172537 0.959455 0.047036 -0.277909 0.925636 0.365949
  5 24.125597 1.306023 -0.017319 0.665426 0.135704 -0.734025 0.925636 0.385519
  5 24.055936 1.345277 -0.034860 0.020701 0.729895 -0.683246 0.941292 0.395303
mid.bmp
  5 24.125597 1.306023 -0.017319 0.665426 0.135704 -0.734025 0.925636 0.385519
  5 23.935149 1.228703 -0.113280 0.109894 -0.008179 -0.993910 0.923679 0.414873
  5 24.055936 1.345277 -0.034860 0.020701 0.729895 -0.683246 0.941292 0.395303
mid.bmp
  5 24.055936 1.345277 -0.034860 0.020701 0.729895 -0.683246 0.941292 0.395303
  5 23.935149 1.228703 -0.113280 0.109894 -0.008179 -0.993910 0.923679 0.414873
  5 23.418529 1.221765 -0.098341 -0.052790 0.525845 -0.848941 0.941292 0.510763
mid.bmp
  5 23.935149 1.228703 -0.113280 0.109894 -0.008179 -0.993910 0.923679 0.414873
  5 23.475410 1.075524 -0.092459 0.207545 -0.799332 -0.563908 0.908023 0.518591
  5 23.418529 1.221765 -0.098341 -0.052790 0.525845 -0.848941 0.941292 0.510763
mid.bmp
  5 23.418529 1.221765 -0.098341 -0.052790 0.525845 -0.848941 0.941292 0.510763
  5 23.475410 1.075524 -0.092459 0.207545 -0.799332 -0.563908 0.908023 0.518591
  4 23.283380 1.182747 -0.118233 -0.056789 0.531245 -0.845313 0.943249 0.534247
mid.bmp
  5 23.475410 1.075524 -0.092459 0.207545 -0.799332 -0.563908 0.908023 0.518591
  4 23.307963 1.021493 -0.105886 0.244097 -0.748745 -0.616277 0.904110 0.542074
  4 23.283380 1.182747 -0.118233 -0.056789 0.531245 -0.845313 0.943249 0.534247
mid.bmp
  4 23.283380 1.182747 -0.118233 -0.056789 0.531245 -0.845313 0.943249 0.534247
  4 23.307963 1.021493 -0.105886 0.244097 -0.748745 -0.616277 0.904110 0.542074
  4 22.213907 0.984162 -0.157984 -0.023048 0.218980 -0.975457 0.943249 0.634051
mid.bmp
  4 23.307963 1.021493 -0.105886 0.244097 -0.748745 -0.616277 0.904110 0.542074
  4 22.313513 0.737422 -0.128781 0.220662 -0.706411 -0.672526 0.908023 0.634051
  4 22.213907 0.984162 -0.157984 -0.023048 0.218980 -0.975457 0.943249 0.634051
mid.bmp
  4 22.213907 0.984162 -0.157984 -0.023048 0.218980 -0.975457 0.943249 0.634051
  4 22.313513 0.737422 -0.128781 0.220662 -0.706411 -0.672526 0.908023 0.634051
  3 22.233762 0.707233 -0.118717 0.072446 -0.555248 -0.828524 0.906067 0.645793
mid.bmp
  4 22.313513 0.737422 -0.128781 0.220662 -0.706411 -0.672526 0.908023 0.634051
  3 22.329821 0.628160 0.239600 0.484257 -0.830945 0.273908 0.882583 0.643836
  3 22.233762 0.707233 -0.118717 0.072446 -0.555248 -0.828524 0.906067 0.645793
mid.bmp
  9 22.228199 -1.166264 0.239738 0.031848 -0.604506 0.795963 0.951076 0.982387
  10 22.305889 -1.190737 0.222009 -0.064355 -0.484795 0.872257 0.951076 0.964775
  9 22.283805 -1.000608 0.248770 0.186352 0.156070 0.970008 0.919765 0.982387
mid.bmp
  9 22.283805 -1.000608 0.248770 0.186352 0.156070 0.970008 0.919765 0.982387
  10 22.305889 -1.190737 0.222009 -0.064355 -0.484795 0.872257 0.951076 0.964775
  10 22.352376 -1.013392 0.241199 0.108811 0.344339 0.932519 0.919765 0.964775
mid.bmp
  10 22.305889 -1.190737 0.222009 -0.064355 -0.484795 0.872257 0.951076 0.964775
  10 23.301275 -1.221787 0.215401 0.125033 0.309206 0.942740 0.921722 0.814090
  10 22.352376 -1.013392 0.241199 0.108811 0.344339 0.932519 0.919765 0.964775
mid.bmp
  10 22.352376 -1.013392 0.241199 0.108811 0.344339 0.932519 0.919765 0.964775
  10 23.301275 -1.221787 0.215401 0.125033 0.309206 0.942740 0.921722 0.814090
  10 22.385426 -0.881256 0.104477 0.202237 0.849047 0.488078 0.894325 0.966732
mid.bmp
  10 23.301275 -1.221787 0.215401 0.125033 0.309206 0.942740 0.921722 0.814090
  10 23.331680 -1.091534 0.082847 0.220668 0.832889 0.507544 0.894325 0.814090
  10 22.385426 -0.881256 0.104477 0.202237 0.849047 0.488078 0.894325 0.966732
mid.bmp
  10 22.385426 -0.881256 0.104477 0.202237 0.849047 0.488078 0.894325 0.966732
  10 23.331680 -1.091534 0.082847 0.220668 0.832889 0.507544 0.894325 0.814090
  10 23.345844 -1.045471 -0.093315 0.246715 0.934573 -0.256328 0.878669 0.825832
mid.bmp
  10 23.331680 -1.091534 0.082847 0.220668 0.832889 0.507544 0.894325 0.814090
  11 23.717836 -1.186503 0.026092 0.277523 0.822368 0.496681 0.896282 0.747554
  10 23.345844 -1.045471 -0.093315 0.246715 0.934573 -0.256328 0.878669 0.825832
mid.bmp
  10 23.345844 -1.045471 -0.093315 0.246715 0.934573 -0.256328 0.878669 0.825832
  11 23.717836 -1.186503 0.026092 0.277523 0.822368 0.496681 0.896282 0.747554
  11 23.957189 -1.245015 -0.077152 0.343887 0.891683 -0.294354 0.882583 0.690802
mid.bmp
  11 23.717836 -1.186503 0.026092 0.277523 0.822368 0.496681 0.896282 0.747554
  11 24.047620 -1.291403 0.025234 0.342443 0.722892 0.600134 0.894325 0.694716
  11 23.957189 -1.245015 -0.077152 0.343887 0.891683 -0.294354 0.882583 0.690802
mid.bmp
  11 23.957189 -1.245015 -0.077152 0.343887 0.891683 -0.294354 0.882583 0.690802
  11 24.047620 -1.291403 0.025234 0.342443 0.722892 0.600134 0.894325 0.694716
  11 24.071113 -1.312810 -0.043498 0.839012 0.439625 -0.320607 0.898239 0.667319
mid.bmp
  11 24.047620 -1.291403 0.025234 0.342443 0.722892 0.600134 0.894325 0.694716
  11 24.054843 -1.437186 0.113147 0.852899 -0.110296 0.510292 0.923679 0.671233
  11 24.071113 -1.312810 -0.043498 0.839012 0.439625 -0.320607 0.898239 0.667319
mid.bmp
  11 24.071113 -1.312810 -0.043498 0.839012 0.439625 -0.320607 0.898239 0.667319
  11 24.054843 -1.437186 0.113147 0.852899 -0.110296 0.510292 0.923679 0.671233
  11 24.118743 -1.448272 0.000494 0.896236 -0.288782 -0.336699 0.925636 0.661448
mid.bmp
  11 24.054843 -1.437186 0.113147 0.852899 -0.110296 0.510292 0.923679 0.671233
  11 24.007745 -1.597944 0.046021 0.585616 -0.808477 0.058471 0.956947 0.673190
  11 24.118743 -1.448272 0.000494 0.896236 -0.288782 -0.336699 0.925636 0.661448
mid.bmp
  12 21.580434 1.961125 0.102134 0.582142 0.809688 -0.074267 0.659491 0.371820
  12 21.551353 1.973810 0.116040 -0.287944 0.847916 0.445114 0.667319 0.369863
  12 21.700162 1.865411 0.137707 0.457831 0.643066 0.613887 0.653620 0.354207
mid.bmp
  12 21.700162 1.865411 0.137707 0.457831 0.643066 0.613887 0.653620 0.354207
  12 21.551353 1.973810 0.116040 -0.287944 0.847916 0.445114 0.667319 0.369863
  12 21.624179 1.862802 0.193113 -0.076907 0.396585 0.914771 0.657534 0.354207
mid.bmp
  12 21.551353 1.973810 0.116040 -0.287944 0.847916 0.445114 0.667319 0.369863
  2 20.762945 1.464604 -0.224951 0.002419 0.524567 0.851366 0.741683 0.318982
  12 21.624179 1.862802 0.193113 -0.076907 0.396585 0.914771 0.657534 0.354207
mid.bmp
  12 21.624179 1.862802 0.193113 -0.076907 0.396585 0.914771 0.657534 0.354207
  2 20.762945 1.464604 -0.224951 0.002419 0.524567 0.851366 0.741683 0.318982
  12 21.692085 1.721423 0.237880 0.147913 0.082112 0.985586 0.651663 0.330724
mid.bmp
  2 20.762945 1.464604 -0.224951 0.002419 0.524567 0.851366 0.741683 0.318982
  2 20.873343 1.179690 -0.038713 0.242519 0.370449 0.896634 0.733855 0.291585
  12 21.692085 1.721423 0.237880 0.147913 0.082112 0.985586 0.651663 0.330724
mid.bmp
  12 21.692085 1.721423 0.237880 0.147913 0.082112 0.985586 0.651663 0.330724
  2 20.873343 1.179690 -0.038713 0.242519 0.370449 0.896634 0.733855 0.291585
  2 20.966935 1.005040 -0.140679 0.765422 0.636419 0.095394 0.726027 0.281800
mid.bmp
  2 20.873343 1.179690 -0.038713 0.242519 0.370449 0.896634 0.733855 0.291585
  2 20.987461 0.926183 0.074561 0.124289 0.652234 0.747758 0.726027 0.268102
  2 20.966935 1.005040 -0.140679 0.765422 0.636419 0.095394 0.726027 0.281800
mid.bmp
  2 20.966935 1.005040 -0.140679 0.765422 0.636419 0.095394 0.726027 0.281800
  2 20.987461 0.926183 0.074561 0.124289 0.652234 0.747758 0.726027 0.268102
  3 22.145724 1.142359 0.278127 -0.116358 0.828552 0.547688 0.618395 0.285714
mid.bmp
  2 20.987461 0.926183 0.074561 0.124289 0.652234 0.747758 0.726027 0.268102
  2 21.148841 0.700624 0.188033 0.094215 0.287769 0.953054 0.712329 0.246575
  3 22.145724 1.142359 0.278127 -0.116358 0.828552 0.547688 0.618395 0.285714
mid.bmp
  3 22.145724 1.142359 0.278127 -0.116358 0.828552 0.547688 0.618395 0.285714
  2 21.148841 0.700624 0.188033 0.094215 0.287769 0.953054 0.712329 0.246575
  3 22.198967 1.023371 0.365933 -0.053761 0.426055 0.903099 0.614481 0.272016
mid.bmp
  2 21.148841 0.700624 0.188033 0.094215 0.287769 0.953054 0.712329 0.246575
  3 22.235465 0.833103 0.428548 0.103885 -0.212721 0.971575 0.612524 0.250489
  3 22.198967 1.023371 0.365933 -0.053761 0.426055 0.903099 0.614481 0.272016
mid.bmp
  3 22.198967 1.023371 0.365933 -0.053761 0.426055 0.903099 0.614481 0.272016
  3 22.235465 0.833103 0.428548 0.103885 -0.212721 0.971575 0.612524 0.250489
  3 22.207207 1.033922 0.338930 0.726694 0.403908 0.555674 0.610568 0.272016
mid.bmp
  3 22.235465 0.833103 0.428548 0.103885 -0.212721 0.971575 0.612524 0.250489
  3 22.250459 0.859928 0.403281 0.805290 0.100298 0.584336 0.606654 0.252446
  3 22.207207 1.033922 0.338930 0.726694 0.403908 0.555674 0.610568 0.272016
mid.bmp
  9 22.228199 -1.166264 0.239738 0.723119 -0.495353 0.481378 0.620352 0.066536
  9 22.272246 -0.995438 0.285179 0.236935 0.299766 0.924122 0.618395 0.090020
  9 22.201852 -1.173659 0.263793 0.075873 -0.442015 0.893793 0.626223 0.068493
mid.bmp
  9 22.201852 -1.173659 0.263793 0.075873 -0.442015 0.893793 0.626223 0.068493
  9 22.272246 -0.995438 0.285179 0.236935 0.299766 0.924122 0.618395 0.090020
  2 21.109312 -0.757852 0.516105 0.208250 0.108021 0.972092 0.726027 0.115460
mid.bmp
  9 22.272246 -0.995438 0.285179 0.236935 0.299766 0.924122 0.618395 0.090020
  9 22.307172 -0.840285 0.127168 0.330276 0.676444 0.658287 0.614481 0.103718
  2 21.109312 -0.757852 0.516105 0.208250 0.108021 0.972092 0.726027 0.115460
mid.bmp
  2 21.109312 -0.757852 0.516105 0.208250 0.108021 0.972092 0.726027 0.115460
  9 22.307172 -0.840285 0.127168 0.330276 0.676444 0.658287 0.614481 0.103718
  2 21.027542 -0.430515 0.409569 0.365931 0.383660 0.847879 0.731898 0.142857
mid.bmp
  9 22.307172 -0.840285 0.127168 0.330276 0.676444 0.658287 0.614481 0.103718
  6 21.161724 -0.403285 0.267421 0.682132 -0.421613 0.597444 0.716243 0.146771
  2 21.027542 -0.430515 0.409569 0.365931 0.383660 0.847879 0.731898 0.142857
mid.bmp
  2 21.027542 -0.430515 0.409569 0.365931 0.383660 0.847879 0.731898 0.142857
  6 21.161724 -0.403285 0.267421 0.682132 -0.421613 0.597444 0.716243 0.146771
  2 21.151203 -0.222789 0.423308 0.251480 -0.195480 0.947916 0.720157 0.160470
mid.bmp
  6 21.161724 -0.403285 0.267421 0.682132 -0.421613 0.597444 0.716243 0.146771
  6 22.601290 -0.205751 0.316625 0.088956 -0.305584 0.948001 0.583170 0.154599
  2 21.151203 -0.222789 0.423308 0.251480 -0.195480 0.947916 0.720157 0.160470
mid.bmp
  2 21.151203 -0.222789 0.423308 0.251480 -0.195480 0.947916 0.720157 0.160470
  6 22.601290 -0.205751 0.316625 0.088956 -0.305584 0.948001 0.583170 0.154599
  2 21.250919 0.025905 0.380007 0.235423 0.317349 0.918622 0.708415 0.185910
mid.bmp
  6 22.601290 -0.205751 0.316625 0.088956 -0.305584 0.948001 0.583170 0.154599
  6 22.612193 -0.020196 0.290730 0.125574 0.361443 0.923899 0.581213 0.176125
  2 21.250919 0.025905 0.380007 0.235423 0.317349 0.918622 0.708415 0.185910
mid.bmp
  2 21.250919 0.025905 0.380007 0.235423 0.317349 0.918622 0.708415 0.185910
  6 22.612193 -0.020196 0.290730 0.125574 0.361443 0.923899 0.581213 0.176125
  6 22.608110 0.123528 0.186970 0.121359 0.787312 0.604492 0.581213 0.191781
mid.bmp
  6 22.612193 -0.020196 0.290730 0.125574 0.361443 0.923899 0.581213 0.176125
  6 22.621595 0.113479 0.159121 0.898046 0.395027 0.193567 0.569472 0.191781
  6 22.608110 0.123528 0.186970 0.121359 0.787312 0.604492 0.581213 0.191781
mid.bmp
  6 22.608110 0.123528 0.186970 0.121359 0.787312 0.604492 0.581213 0.191781
  6 22.621595 0.113479 0.159121 0.898046 0.395027 0.193567 0.569472 0.191781
  6 22.588391 0.170477 -0.035524 0.079077 0.889283 -0.450470 0.583170 0.209393
mid.bmp
  6 22.621595 0.113479 0.159121 0.898046 0.395027 0.193567 0.569472 0.191781
  6 22.591842 0.143160 -0.038445 0.883519 0.213891 -0.416707 0.571429 0.211350
  6 22.588391 0.170477 -0.035524 0.079077 0.889283 -0.450470 0.583170 0.209393
mid.bmp
  6 22.536138 -0.061082 -0.231304 0.781938 -0.006185 -0.623326 0.500978 0.614481
  6 22.506113 -0.066391 -0.279950 0.173113 0.057025 -0.983250 0.502935 0.610568
  6 22.591842 0.143160 -0.038445 0.883519 0.213891 -0.416707 0.487280 0.592955
mid.bmp
  6 22.591842 0.143160 -0.038445 0.883519 0.213891 -0.416707 0.487280 0.592955
  6 22.506113 -0.066391 -0.279950 0.173113 0.057025 -0.983250 0.502935 0.610568
  6 22.588391 0.170477 -0.035524 0.079077 0.889283 -0.450470 0.491194 0.589041
mid.bmp
  6 22.506113 -0.066391 -0.279950 0.173113 0.057025 -0.983250 0.502935 0.610568
  6 21.522075 -0.052186 -0.423913 0.186514 0.525570 -0.830054 0.577299 0.583170
  6 22.588391 0.170477 -0.035524 0.079077 0.889283 -0.450470 0.491194 0.589041
mid.bmp
  6 22.588391 0.170477 -0.035524 0.079077 0.889283 -0.450470 0.491194 0.589041
  6 21.522075 -0.052186 -0.423913 0.186514 0.525570 -0.830054 0.577299 0.583170
  3 21.187668 0.318394 0.332846 0.820660 0.523169 0.229807 0.563601 0.555773
mid.bmp
  6 21.522075 -0.052186 -0.423913 0.186514 0.525570 -0.830054 0.577299 0.583170
  3 21.386268 0.201577 -0.188381 0.932336 -0.065727 -0.355569 0.579256 0.559687
  3 21.187668 0.318394 0.332846 0.820660 0.523169 0.229807 0.563601 0.555773
mid.bmp
  3 21.187668 0.318394 0.332846 0.820660 0.523169 0.229807 0.563601 0.555773
  3 21.386268 0.201577 -0.188381 0.932336 -0.065727 -0.355569 0.579256 0.559687
  3 21.538957 0.502987 -0.225088 0.382749 -0.706135 -0.595716 0.561644 0.532290
mid.bmp
  3 21.386268 0.201577 -0.188381 0.932336 -0.065727 -0.355569 0.579256 0.559687
  2 20.871506 0.080606 -0.554131 0.137957 -0.244621 -0.959754 0.622309 0.551859
  3 21.538957 0.502987 -0.225088 0.382749 -0.706135 -0.595716 0.561644 0.532290
mid.bmp
  3 21.538957 0.502987 -0.225088 0.382749 -0.706135 -0.595716 0.561644 0.532290
  2 20.871506 0.080606 -0.554131 0.137957 -0.244621 -0.959754 0.622309 0.551859
  3 21.278441 0.764563 -0.382176 0.231897 0.315855 -0.920032 0.567515 0.506849
mid.bmp
  2 20.871506 0.080606 -0.554131 0.137957 -0.244621 -0.959754 0.622309 0.551859
  2 20.591128 0.682479 -0.810652 0.166264 -0.220651 -0.961077 0.622309 0.495108
  3 21.278441 0.764563 -0.382176 0.231897 0.315855 -0.920032 0.567515 0.506849
mid.bmp
  3 21.278441 0.764563 -0.382176 0.231897 0.315855 -0.920032 0.567515 0.506849
  2 20.591128 0.682479 -0.810652 0.166264 -0.220651 -0.961077 0.622309 0.495108
  12 21.059994 0.951373 -0.223559 0.885562 0.225825 -0.405935 0.583170 0.487280
mid.bmp
  2 20.591128 0.682479 -0.810652 0.166264 -0.220651 -0.961077 0.622309 0.495108
  12 21.074305 1.177385 -0.386501 0.534207 -0.548747 -0.643039 0.575342 0.469667
  12 21.059994 0.951373 -0.223559 0.885562 0.225825 -0.405935 0.583170 0.487280
mid.bmp
  12 21.059994 0.951373 -0.223559 0.885562 0.225825 -0.405935 0.583170 0.487280
  12 21.074305 1.177385 -0.386501 0.534207 -0.548747 -0.643039 0.575342 0.469667
  2 20.966935 1.005040 -0.140679 0.765422 0.636419 0.095394 0.567515 0.481409
mid.bmp
  12 21.074305 1.177385 -0.386501 0.534207 -0.548747 -0.643039 0.575342 0.469667
  12 21.804903 1.545512 0.111106 0.578457 -0.813805 0.055756 0.495108 0.481409
  2 20.966935 1.005040 -0.140679 0.765422 0.636419 0.095394 0.567515 0.481409
mid.bmp
  2 17.628354 -0.243534 0.907774 -0.653227 0.050771 -0.755458 0.569472 0.722114
  2 17.613852 0.345444 0.767762 -0.731226 -0.354092 -0.583032 0.581213 0.772994
  2 17.748353 -0.221267 0.822903 -0.623304 -0.088359 -0.776971 0.579256 0.724070
mid.bmp
  2 17.748353 -0.221267 0.822903 -0.623304 -0.088359 -0.776971 0.579256 0.724070
  2 17.613852 0.345444 0.767762 -0.731226 -0.354092 -0.583032 0.581213 0.772994
  2 17.730489 0.292866 0.663656 -0.712278 -0.498091 -0.494535 0.594912 0.765166
mid.bmp
  2 17.613852 0.345444 0.767762 -0.731226 -0.354092 -0.583032 0.581213 0.772994
  2 17.550550 0.783746 0.269005 -0.743668 -0.604605 -0.285326 0.624266 0.810176
  2 17.730489 0.292866 0.663656 -0.712278 -0.498091 -0.494535 0.594912 0.765166
mid.bmp
  2 17.730489 0.292866 0.663656 -0.712278 -0.498091 -0.494535 0.594912 0.765166
  2 17.550550 0.783746 0.269005 -0.743668 -0.604605 -0.285326 0.624266 0.810176
  2 17.678077 0.692948 0.165310 -0.643344 -0.723822 -0.249382 0.636008 0.794521
mid.bmp
  2 17.550550 0.783746 0.269005 -0.743668 -0.604605 -0.285326 0.624266 0.810176
  2 17.485082 0.902153 -0.246692 -0.632070 -0.771377 -0.073934 0.669276 0.818004
  2 17.678077 0.692948 0.165310 -0.643344 -0.723822 -0.249382 0.636008 0.794521
mid.bmp
  2 17.678077 0.692948 0.165310 -0.643344 -0.723822 -0.249382 0.636008 0.794521
  2 17.485082 0.902153 -0.246692 -0.632070 -0.771377 -0.073934 0.669276 0.818004
  2 17.624700 0.829448 -0.276927 -0.473625 -0.880468 -0.021329 0.671233 0.806262
mid.bmp
  2 17.485082 0.902153 -0.246692 -0.632070 -0.771377 -0.073934 0.669276 0.818004
  2 17.478914 0.861588 -0.387073 -0.493230 -0.775145 0.394808 0.684932 0.810176
  2 17.624700 0.829448 -0.276927 -0.473625 -0.880468 -0.021329 0.671233 0.806262
mid.bmp
  2 17.624700 0.829448 -0.276927 -0.473625 -0.880468 -0.021329 0.671233 0.806262
  2 17.478914 0.861588 -0.387073 -0.493230 -0.775145 0.394808 0.684932 0.810176
  2 17.617412 0.785591 -0.402181 -0.368106 -0.798532 0.476282 0.681018 0.800391
mid.bmp
  2 17.478914 0.861588 -0.387073 -0.493230 -0.775145 0.394808 0.684932 0.810176
  2 17.459743 0.732531 -0.583766 -0.535354 -0.632962 0.559245 0.698630 0.802348
  2 17.617412 0.785591 -0.402181 -0.368106 -0.798532 0.476282 0.681018 0.800391
mid.bmp
  2 17.617412 0.785591 -0.402181 -0.368106 -0.798532 0.476282 0.681018 0.800391
  2 17.459743 0.732531 -0.583766 -0.535354 -0.632962 0.559245 0.698630 0.802348
  2 17.606686 0.703811 -0.536294 -0.368357 -0.620667 0.692160 0.692759 0.792564
mid.bmp
  2 17.459743 0.732531 -0.583766 -0.535354 -0.632962 0.559245 0.698630 0.802348
  2 17.466853 0.584735 -0.683872 -0.504614 -0.355057 0.786956 0.706458 0.784736
  2 17.606686 0.703811 -0.536294 -0.368357 -0.620667 0.692160 0.692759 0.792564
mid.bmp
  2 17.606686 0.703811 -0.536294 -0.368357 -0.620667 0.692160 0.692759 0.792564
  2 17.466853 0.584735 -0.683872 -0.504614 -0.355057 0.786956 0.706458 0.784736
  2 17.558191 0.575073 -0.637983 -0.446750 -0.382835 0.808611 0.698630 0.780822
mid.bmp
  2 17.466853 0.584735 -0.683872 -0.504614 -0.355057 0.786956 0.706458 0.784736
  2 17.603593 0.365512 -0.698170 -0.343364 -0.051473 0.937791 0.704501 0.769080
  2 17.558191 0.575073 -0.637983 -0.446750 -0.382835 0.808611 0.698630 0.780822
mid.bmp
  1 5.315797 -2.209939 0.897685 0.126883 -0.864618 0.486144 0.007828 0.675147
  1 8.687024 -1.702081 -0.038709 0.185587 -0.969754 -0.158538 0.052838 0.522505
  1 8.714970 -1.602706 0.855900 0.168198 -0.815428 0.553883 0.007828 0.528376
mid.bmp
  1 8.714970 -1.602706 0.855900 0.168198 -0.815428 0.553883 0.007828 0.528376
  1 8.687024 -1.702081 -0.038709 0.185587 -0.969754 -0.158538 0.052838 0.522505
  1 9.185112 -1.543452 -0.092159 0.206101 -0.948157 -0.241912 0.052838 0.497065
mid.bmp
  1 8.687024 -1.702081 -0.038709 0.185587 -0.969754 -0.158538 0.052838 0.522505
  1 9.174081 -1.045803 -0.871985 0.171303 -0.509858 -0.843031 0.095890 0.497065
  1 9.185112 -1.543452 -0.092159 0.206101 -0.948157 -0.241912 0.052838 0.497065
mid.bmp
  1 9.185112 -1.543452 -0.092159 0.206101 -0.948157 -0.241912 0.052838 0.497065
  1 9.174081 -1.045803 -0.871985 0.171303 -0.509858 -0.843031 0.095890 0.497065
  1 9.694284 -0.937356 -0.865521 0.038578 -0.536752 -0.842857 0.107632 0.471624
mid.bmp
  1 9.174081 -1.045803 -0.871985 0.171303 -0.509858 -0.843031 0.095890 0.497065
  1 9.067909 -0.060279 -1.041420 -0.060574 0.282471 -0.957362 0.172211 0.495108
  1 9.694284 -0.937356 -0.865521 0.038578 -0.536752 -0.842857 0.107632 0.471624
mid.bmp
  1 9.694284 -0.937356 -0.865521 0.038578 -0.536752 -0.842857 0.107632 0.471624
  1 9.067909 -0.060279 -1.041420 -0.060574 0.282471 -0.957362 0.172211 0.495108
  1 9.605131 0.104031 -1.120034 -0.022405 0.050310 -0.998482 0.170254 0.469667
mid.bmp
  1 9.067909 -0.060279 -1.041420 -0.060574 0.282471 -0.957362 0.172211 0.495108
  1 9.661974 1.043758 -0.551067 -0.080565 0.708717 -0.700878 0.227006 0.471624
  1 9.605131 0.104031 -1.120034 -0.022405 0.050310 -0.998482 0.170254 0.469667
mid.bmp
  1 9.605131 0.104031 -1.120034 -0.022405 0.050310 -0.998482 0.170254 0.469667
  1 9.661974 1.043758 -0.551067 -0.080565 0.708717 -0.700878 0.227006 0.471624
  1 12.193601 0.231066 -1.100895 0.004954 0.241002 -0.970512 0.170254 0.340509
mid.bmp
  1 9.661974 1.043758 -0.551067 -0.080565 0.708717 -0.700878 0.227006 0.471624
  1 12.339387 1.081077 -0.640414 0.009243 0.822604 -0.568540 0.228963 0.340509
  1 12.193601 0.231066 -1.100895 0.004954 0.241002 -0.970512 0.170254 0.340509
mid.bmp
  1 12.193601 0.231066 -1.100895 0.004954 0.241002 -0.970512 0.170254 0.340509
  1 12.339387 1.081077 -0.640414 0.009243 0.822604 -0.568540 0.228963 0.340509
  1 14.150638 0.300613 -1.004606 0.062578 0.226250 -0.972057 0.183953 0.230920
mid.bmp
  1 12.339387 1.081077 -0.640414 0.009243 0.822604 -0.568540 0.228963 0.340509
  1 14.199603 0.989342 -0.520807 0.083150 0.843300 -0.530972 0.236791 0.234834
  1 14.150638 0.300613 -1.004606 0.062578 0.226250 -0.972057 0.183953 0.230920
mid.bmp
  1 14.150638 0.300613 -1.004606 0.062578 0.226250 -0.972057 0.183953 0.230920
  1 14.199603 0.989342 -0.520807 0.083150 0.843300 -0.530972 0.236791 0.234834
  1 16.071210 0.535920 -0.683447 0.046765 0.607564 -0.792893 0.205479 0.123288
mid.bmp
  1 14.199603 0.989342 -0.520807 0.083150 0.843300 -0.530972 0.236791 0.234834
  1 16.082347 0.735291 -0.495660 0.043296 0.773741 -0.632021 0.223092 0.125245
  1 16.071210 0.535920 -0.683447 0.046765 0.607564 -0.792893 0.205479 0.123288
mid.bmp
  28 -24.003226 -1.594945 0.047161 -0.597787 -0.800971 0.033119 0.956947 0.673190
  28 -24.059809 -1.449975 0.097141 -0.891846 -0.055090 0.448972 0.923679 0.671233
  28 -24.110728 -1.444081 -0.002446 -0.892072 -0.310201 -0.328608 0.925636 0.661448
mid.bmp
  28 -24.110728 -1.444081 -0.002446 -0.892072 -0.310201 -0.328608 0.925636 0.661448
  28 -24.059809 -1.449975 0.097141 -0.891846 -0.055090 0.448972 0.923679 0.671233
  28 -24.071195 -1.319483 -0.043156 -0.830257 0.499635 -0.247058 0.898239 0.667319
mid.bmp
  28 -24.059809 -1.449975 0.097141 -0.891846 -0.055090 0.448972 0.923679 0.671233
  28 -24.010293 -1.280877 0.013178 -0.339456 0.704919 0.622784 0.894325 0.694716
  28 -24.071195 -1.319483 -0.043156 -0.830257 0.499635 -0.247058 0.898239 0.667319
mid.bmp
  28 -24.071195 -1.319483 -0.043156 -0.830257 0.499635 -0.247058 0.898239 0.667319
  28 -24.010293 -1.280877 0.013178 -0.339456 0.704919 0.622784 0.894325 0.694716
  28 -23.960523 -1.255787 -0.069528 -0.334214 0.898281 -0.285292 0.882583 0.690802
mid.bmp
  28 -24.010293 -1.280877 0.013178 -0.339456 0.704919 0.622784 0.894325 0.694716
  28 -23.712202 -1.194699 0.020624 -0.272027 0.820686 0.502470 0.896282 0.747554
  28 -23.960523 -1.255787 -0.069528 -0.334214 0.898281 -0.285292 0.882583 0.690802
mid.bmp
  28 -23.960523 -1.255787 -0.069528 -0.334214 0.898281 -0.285292 0.882583 0.690802
  28 -23.712202 -1.194699 0.020624 -0.272027 0.820686 0.502470 0.896282 0.747554
  27 -23.340925 -1.058655 -0.093086 -0.246487 0.937856 -0.244277 0.878669 0.825832
mid.bmp
  28 -23.712202 -1.194699 0.020624 -0.272027 0.820686 0.502470 0.896282 0.747554
  27 -23.327864 -1.095621 0.071176 -0.215550 0.833369 0.508955 0.894325 0.814090
  27 -23.340925 -1.058655 -0.093086 -0.246487 0.937856 -0.244277 0.878669 0.825832
mid.bmp
  27 -23.340925 -1.058655 -0.093086 -0.246487 0.937856 -0.244277 0.878669 0.825832
  27 -23.327864 -1.095621 0.071176 -0.215550 0.833369 0.508955 0.894325 0.814090
  27 -22.376884 -0.889936 0.087129 -0.198063 0.838582 0.507495 0.894325 0.966732
mid.bmp
  27 -23.327864 -1.095621 0.071176 -0.215550 0.833369 0.508955 0.894325 0.814090
  27 -23.307159 -1.227618 0.197876 -0.119938 0.315853 0.941197 0.921722 0.814090
  27 -22.376884 -0.889936 0.087129 -0.198063 0.838582 0.507495 0.894325 0.966732
mid.bmp
  27 -22.376884 -0.889936 0.087129 -0.198063 0.838582 0.507495 0.894325 0.966732
  27 -23.307159 -1.227618 0.197876 -0.119938 0.315853 0.941197 0.921722 0.814090
  27 -22.350499 -1.028139 0.223885 -0.116019 0.352026 0.928772 0.919765 0.964775
mid.bmp
  27 -23.307159 -1.227618 0.197876 -0.119938 0.315853 0.941197 0.921722 0.814090
  27 -22.309059 -1.193626 0.204872 0.059190 -0.472767 0.879197 0.951076 0.964775
  27 -22.350499 -1.028139 0.223885 -0.116019 0.352026 0.928772 0.919765 0.964775
mid.bmp
  27 -22.350499 -1.028139 0.223885 -0.116019 0.352026 0.928772 0.919765 0.964775
  27 -22.309059 -1.193626 0.204872 0.059190 -0.472767 0.879197 0.951076 0.964775
  26 -22.285050 -1.013764 0.237947 -0.249573 0.127217 0.959963 0.919765 0.982387
mid.bmp
  27 -22.309059 -1.193626 0.204872 0.059190 -0.472767 0.879197 0.951076 0.964775
  26 -22.222169 -1.170870 0.227180 -0.061016 -0.605188 0.793741 0.951076 0.982387
  26 -22.285050 -1.013764 0.237947 -0.249573 0.127217 0.959963 0.919765 0.982387
mid.bmp
  26 -22.119779 -1.339205 -0.245236 0.191148 -0.729049 -0.657229 0.906067 0.645793
  27 -22.197952 -1.345100 -0.261411 0.119065 -0.753078 -0.647069 0.908023 0.634051
  26 -22.204050 -1.020152 -0.358500 0.032790 0.038375 -0.998725 0.943249 0.645793
mid.bmp
  26 -22.204050 -1.020152 -0.358500 0.032790 0.038375 -0.998725 0.943249 0.645793
  27 -22.197952 -1.345100 -0.261411 0.119065 -0.753078 -0.647069 0.908023 0.634051
  27 -22.283004 -1.028315 -0.353666 -0.028384 0.110768 -0.993441 0.943249 0.634051
mid.bmp
  27 -22.197952 -1.345100 -0.261411 0.119065 -0.753078 -0.647069 0.908023 0.634051
  27 -23.106784 -1.486199 -0.276381 0.124240 -0.777621 -0.616335 0.904110 0.542074
  27 -22.283004 -1.028315 -0.353666 -0.028384 0.110768 -0.993441 0.943249 0.634051
mid.bmp
  27 -22.283004 -1.028315 -0.353666 -0.028384 0.110768 -0.993441 0.943249 0.634051
  27 -23.106784 -1.486199 -0.276381 0.124240 -0.777621 -0.616335 0.904110 0.542074
  27 -23.164391 -1.209525 -0.359054 -0.124786 0.468510 -0.874601 0.943249 0.534247
mid.bmp
  27 -23.106784 -1.486199 -0.276381 0.124240 -0.777621 -0.616335 0.904110 0.542074
  28 -23.286936 -1.504127 -0.255898 0.117014 -0.718808 -0.685290 0.908023 0.518591
  27 -23.164391 -1.209525 -0.359054 -0.124786 0.468510 -0.874601 0.943249 0.534247
mid.bmp
  27 -23.164391 -1.209525 -0.359054 -0.124786 0.468510 -0.874601 0.943249 0.534247
  28 -23.286936 -1.504127 -0.255898 0.117014 -0.718808 -0.685290 0.908023 0.518591
  28 -23.353753 -1.228637 -0.329386 -0.116845 0.417226 -0.901260 0.941292 0.510763
mid.bmp
  28 -23.286936 -1.504127 -0.255898 0.117014 -0.718808 -0.685290 0.908023 0.518591
  28 -23.741754 -1.431540 -0.355783 0.009118 -0.275183 -0.961349 0.923679 0.414873
  28 -23.353753 -1.228637 -0.329386 -0.116845 0.417226 -0.901260 0.941292 0.510763
mid.bmp
  28 -23.353753 -1.228637 -0.329386 -0.116845 0.417226 -0.901260 0.941292 0.510763
  28 -23.741754 -1.431540 -0.355783 0.009118 -0.275183 -0.961349 0.923679 0.414873
  28 -23.905754 -1.363402 -0.284277 -0.374778 0.687794 -0.621676 0.941292 0.395303
mid.bmp
  28 -23.741754 -1.431540 -0.355783 0.009118 -0.275183 -0.961349 0.923679 0.414873
  28 -23.965605 -1.478569 -0.285622 -0.643540 -0.343116 -0.684199 0.925636 0.385519
  28 -23.905754 -1.363402 -0.284277 -0.374778 0.687794 -0.621676 0.941292 0.395303
mid.bmp
  28 -23.905754 -1.363402 -0.284277 -0.374778 0.687794 -0.621676 0.941292 0.395303
  28 -23.965605 -1.478569 -0.285622 -0.643540 -0.343116 -0.684199 0.925636 0.385519
  28 -24.110728 -1.444081 -0.002446 -0.892072 -0.310201 -0.328608 0.925636 0.365949
mid.bmp
  28 -23.965605 -1.478569 -0.285622 -0.643540 -0.343116 -0.684199 0.925636 0.385519
  28 -23.851734 -1.625060 -0.203870 -0.056085 -0.943957 -0.325270 0.904110 0.393346
  28 -24.110728 -1.444081 -0.002446 -0.892072 -0.310201 -0.328608 0.925636 0.365949
mid.bmp
  28 -24.110728 -1.444081 -0.002446 -0.892072 -0.310201 -0.328608 0.925636 0.365949
  28 -23.851734 -1.625060 -0.203870 -0.056085 -0.943957 -0.325270 0.904110 0.393346
  28 -24.003226 -1.594945 0.047161 -0.597787 -0.800971 0.033119 0.904110 0.373777
mid.bmp
  28 -23.851734 -1.625060 -0.203870 -0.056085 -0.943957 -0.325270 0.904110 0.393346
  28 -23.864848 -1.617864 0.028370 0.091251 -0.886703 0.453245 0.888454 0.393346
  28 -24.003226 -1.594945 0.047161 -0.597787 -0.800971 0.033119 0.904110 0.373777
mid.bmp
  20 -22.327766 0.613381 0.215059 -0.450394 -0.847675 0.280345 0.882583 0.643836
  21 -22.314512 0.705337 -0.172451 -0.231505 -0.694474 -0.681257 0.908023 0.634051
  20 -22.226861 0.678256 -0.158374 -0.066772 -0.557881 -0.827230 0.906067 0.645793
mid.bmp
  20 -22.226861 0.678256 -0.158374 -0.066772 -0.557881 -0.827230 0.906067 0.645793
  21 -22.314512 0.705337 -0.172451 -0.231505 -0.694474 -0.681257 0.908023 0.634051
  21 -22.212376 0.968748 -0.179089 0.017729 0.244647 -0.969450 0.943249 0.634051
mid.bmp
  21 -22.314512 0.705337 -0.172451 -0.231505 -0.694474 -0.681257 0.908023 0.634051
  21 -23.316439 1.002531 -0.129512 -0.247511 -0.734890 -0.631407 0.904110 0.542074
  21 -22.212376 0.968748 -0.179089 0.017729 0.244647 -0.969450 0.943249 0.634051
mid.bmp
  21 -22.212376 0.968748 -0.179089 0.017729 0.244647 -0.969450 0.943249 0.634051
  21 -23.316439 1.002531 -0.129512 -0.247511 -0.734890 -0.631407 0.904110 0.542074
  21 -23.282035 1.160419 -0.142655 0.059473 0.561400 -0.825405 0.943249 0.534247
mid.bmp
  21 -23.316439 1.002531 -0.129512 -0.247511 -0.734890 -0.631407 0.904110 0.542074
  22 -23.475237 1.054925 -0.118282 -0.213014 -0.793051 -0.570697 0.908023 0.518591
  21 -23.282035 1.160419 -0.142655 0.059473 0.561400 -0.825405 0.943249 0.534247
mid.bmp
  21 -23.282035 1.160419 -0.142655 0.059473 0.561400 -0.825405 0.943249 0.534247
  22 -23.475237 1.054925 -0.118282 -0.213014 -0.793051 -0.570697 0.908023 0.518591
  22 -23.418681 1.203245 -0.117012 0.060996 0.564381 -0.823258 0.941292 0.510763
mid.bmp
  22 -23.475237 1.054925 -0.118282 -0.213014 -0.793051 -0.570697 0.908023 0.518591
  22 -23.937888 1.200958 -0.140011 -0.108861 0.008016 -0.994025 0.923679 0.414873
  22 -23.418681 1.203245 -0.117012 0.060996 0.564381 -0.823258 0.941292 0.510763
mid.bmp
  22 -23.418681 1.203245 -0.117012 0.060996 0.564381 -0.823258 0.941292 0.510763
  22 -23.937888 1.200958 -0.140011 -0.108861 0.008016 -0.994025 0.923679 0.414873
  22 -24.062696 1.327992 -0.052165 -0.005056 0.768513 -0.639814 0.941292 0.395303
mid.bmp
  22 -23.937888 1.200958 -0.140011 -0.108861 0.008016 -0.994025 0.923679 0.414873
  22 -24.126004 1.284913 -0.042108 -0.657993 0.094412 -0.747082 0.925636 0.385519
  22 -24.062696 1.327992 -0.052165 -0.005056 0.768513 -0.639814 0.941292 0.395303
mid.bmp
  22 -24.062696 1.327992 -0.052165 -0.005056 0.768513 -0.639814 0.941292 0.395303
  22 -24.126004 1.284913 -0.042108 -0.657993 0.094412 -0.747082 0.925636 0.385519
  22 -24.236739 1.336003 0.140268 -0.916466 0.020118 -0.399605 0.925636 0.365949
mid.bmp
  22 -24.126004 1.284913 -0.042108 -0.657993 0.094412 -0.747082 0.925636 0.385519
  22 -24.092741 1.180836 -0.044300 -0.352242 -0.898303 -0.262636 0.904110 0.393346
  22 -24.236739 1.336003 0.140268 -0.916466 0.020118 -0.399605 0.925636 0.365949
mid.bmp
  22 -24.236739 1.336003 0.140268 -0.916466 0.020118 -0.399605 0.925636 0.365949
  22 -24.092741 1.180836 -0.044300 -0.352242 -0.898303 -0.262636 0.904110 0.393346
  22 -24.197346 1.231345 0.182801 -0.752303 -0.650637 0.103495 0.904110 0.373777
mid.bmp
  22 -24.092741 1.180836 -0.044300 -0.352242 -0.898303 -0.262636 0.904110 0.393346
  22 -24.072106 1.156023 0.177711 -0.310118 -0.856459 0.412680 0.888454 0.393346
  22 -24.197346 1.231345 0.182801 -0.752303 -0.650637 0.103495 0.904110 0.373777
mid.bmp
  29 -21.798746 1.537986 0.104288 -0.612963 -0.786249 0.078035 0.495108 0.481409
  29 -21.080209 1.135205 -0.368352 -0.539260 -0.554541 -0.633784 0.575342 0.469667
  19 -20.953884 0.988812 -0.092491 -0.737407 0.655792 0.161764 0.567515 0.481409
mid.bmp
  19 -20.953884 0.988812 -0.092491 -0.737407 0.655792 0.161764 0.567515 0.481409
  29 -21.080209 1.135205 -0.368352 -0.539260 -0.554541 -0.633784 0.575342 0.469667
  29 -21.050823 0.938094 -0.212190 -0.889250 0.249604 -0.383317 0.583170 0.487280
mid.bmp
  29 -21.080209 1.135205 -0.368352 -0.539260 -0.554541 -0.633784 0.575342 0.469667
  19 -20.606576 0.666797 -0.797672 -0.196660 -0.208724 -0.957997 0.622309 0.495108
  29 -21.050823 0.938094 -0.212190 -0.889250 0.249604 -0.383317 0.583170 0.487280
mid.bmp
  29 -21.050823 0.938094 -0.212190 -0.889250 0.249604 -0.383317 0.583170 0.487280
  19 -20.606576 0.666797 -0.797672 -0.196660 -0.208724 -0.957997 0.622309 0.495108
  20 -21.268723 0.756237 -0.387577 -0.233653 0.319197 -0.918433 0.567515 0.506849
mid.bmp
  19 -20.606576 0.666797 -0.797672 -0.196660 -0.208724 -0.957997 0.622309 0.495108
  19 -20.889592 0.064170 -0.531132 -0.180727 -0.240845 -0.953589 0.622309 0.551859
  20 -21.268723 0.756237 -0.387577 -0.233653 0.319197 -0.918433 0.567515 0.506849
mid.bmp
  20 -21.268723 0.756237 -0.387577 -0.233653 0.319197 -0.918433 0.567515 0.506849
  19 -20.889592 0.064170 -0.531132 -0.180727 -0.240845 -0.953589 0.622309 0.551859
  20 -21.529723 0.458047 -0.224020 -0.365968 -0.707195 -0.604931 0.561644 0.532290
mid.bmp
  19 -20.889592 0.064170 -0.531132 -0.180727 -0.240845 -0.953589 0.622309 0.551859
  20 -21.372420 0.188754 -0.191335 -0.927066 -0.063404 -0.369497 0.579256 0.559687
  20 -21.529723 0.458047 -0.224020 -0.365968 -0.707195 -0.604931 0.561644 0.532290
mid.bmp
  20 -21.529723 0.458047 -0.224020 -0.365968 -0.707195 -0.604931 0.561644 0.532290
  20 -21.372420 0.188754 -0.191335 -0.927066 -0.063404 -0.369497 0.579256 0.559687
  20 -21.194157 0.314387 0.311125 -0.788128 0.559982 0.255489 0.563601 0.555773
mid.bmp
  20 -21.372420 0.188754 -0.191335 -0.927066 -0.063404 -0.369497 0.579256 0.559687
  23 -21.518709 -0.054804 -0.377109 -0.186666 0.490563 -0.851178 0.577299 0.583170
  20 -21.194157 0.314387 0.311125 -0.788128 0.559982 0.255489 0.563601 0.555773
mid.bmp
  20 -21.194157 0.314387 0.311125 -0.788128 0.559982 0.255489 0.563601 0.555773
  23 -21.518709 -0.054804 -0.377109 -0.186666 0.490563 -0.851178 0.577299 0.583170
  23 -22.588376 0.158309 -0.020637 -0.078603 0.886560 -0.455887 0.491194 0.589041
mid.bmp
  23 -21.518709 -0.054804 -0.377109 -0.186666 0.490563 -0.851178 0.577299 0.583170
  23 -22.506062 -0.064433 -0.247201 -0.148129 0.038567 -0.988216 0.502935 0.610568
  23 -22.588376 0.158309 -0.020637 -0.078603 0.886560 -0.455887 0.491194 0.589041
mid.bmp
  23 -22.588376 0.158309 -0.020637 -0.078603 0.886560 -0.455887 0.491194 0.589041
  23 -22.506062 -0.064433 -0.247201 -0.148129 0.038567 -0.988216 0.502935 0.610568
  23 -22.592113 0.130883 -0.022972 -0.888144 0.206661 -0.410476 0.487280 0.592955
mid.bmp
  23 -22.506062 -0.064433 -0.247201 -0.148129 0.038567 -0.988216 0.502935 0.610568
  23 -22.536521 -0.059190 -0.199269 -0.770891 0.014911 -0.636792 0.500978 0.614481
  23 -22.592113 0.130883 -0.022972 -0.888144 0.206661 -0.410476 0.487280 0.592955
mid.bmp
  20 -22.255098 0.834309 0.357315 -0.793398 0.098164 0.600736 0.606654 0.252446
  20 -22.239011 0.807702 0.382909 -0.117362 -0.215637 0.969395 0.612524 0.250489
  20 -22.216274 0.991123 0.300583 -0.763733 0.389638 0.514679 0.610568 0.272016
mid.bmp
  20 -22.216274 0.991123 0.300583 -0.763733 0.389638 0.514679 0.610568 0.272016
  20 -22.239011 0.807702 0.382909 -0.117362 -0.215637 0.969395 0.612524 0.250489
  20 -22.204515 0.988614 0.329862 0.033128 0.430137 0.902156 0.614481 0.272016
mid.bmp
  20 -22.239011 0.807702 0.382909 -0.117362 -0.215637 0.969395 0.612524 0.250489
  19 -21.132670 0.679133 0.221854 -0.073671 0.290018 0.954181 0.712329 0.246575
  20 -22.204515 0.988614 0.329862 0.033128 0.430137 0.902156 0.614481 0.272016
mid.bmp
  20 -22.204515 0.988614 0.329862 0.033128 0.430137 0.902156 0.614481 0.272016
  19 -21.132670 0.679133 0.221854 -0.073671 0.290018 0.954181 0.712329 0.246575
  20 -22.152185 1.104635 0.238763 0.096303 0.815148 0.571192 0.618395 0.285714
mid.bmp
  19 -21.132670 0.679133 0.221854 -0.073671 0.290018 0.954181 0.712329 0.246575
  19 -20.978761 0.906498 0.101979 -0.108124 0.637951 0.762449 0.726027 0.268102
  20 -22.152185 1.104635 0.238763 0.096303 0.815148 0.571192 0.618395 0.285714
mid.bmp
  20 -22.152185 1.104635 0.238763 0.096303 0.815148 0.571192 0.618395 0.285714
  19 -20.978761 0.906498 0.101979 -0.108124 0.637951 0.762449 0.726027 0.268102
  19 -20.953884 0.988812 -0.092491 -0.737407 0.655792 0.161764 0.726027 0.281800
mid.bmp
  19 -20.978761 0.906498 0.101979 -0.108124 0.637951 0.762449 0.726027 0.268102
  19 -20.862711 1.159098 -0.017877 -0.205019 0.392379 0.896664 0.733855 0.291585
  19 -20.953884 0.988812 -0.092491 -0.737407 0.655792 0.161764 0.726027 0.281800
mid.bmp
  19 -20.953884 0.988812 -0.092491 -0.737407 0.655792 0.161764 0.726027 0.281800
  19 -20.862711 1.159098 -0.017877 -0.205019 0.392379 0.896664 0.733855 0.291585
  29 -21.691858 1.701569 0.216284 -0.130786 0.115312 0.984682 0.651663 0.330724
mid.bmp
  19 -20.862711 1.159098 -0.017877 -0.205019 0.392379 0.896664 0.733855 0.291585
  19 -20.760402 1.451631 -0.206397 0.016407 0.527602 0.849333 0.741683 0.318982
  29 -21.691858 1.701569 0.216284 -0.130786 0.115312 0.984682 0.651663 0.330724
mid.bmp
  29 -21.691858 1.701569 0.216284 -0.130786 0.115312 0.984682 0.651663 0.330724
  19 -20.760402 1.451631 -0.206397 0.016407 0.527602 0.849333 0.741683 0.318982
  29 -21.619882 1.843260 0.173767 0.074752 0.383400 0.920552 0.657534 0.354207
mid.bmp
  19 -20.760402 1.451631 -0.206397 0.016407 0.527602 0.849333 0.741683 0.318982
  29 -21.545765 1.952642 0.099155 0.286676 0.837718 0.464806 0.667319 0.369863
  29 -21.619882 1.843260 0.173767 0.074752 0.383400 0.920552 0.657534 0.354207
mid.bmp
  29 -21.619882 1.843260 0.173767 0.074752 0.383400 0.920552 0.657534 0.354207
  29 -21.545765 1.952642 0.099155 0.286676 0.837718 0.464806 0.667319 0.369863
  29 -21.702772 1.839524 0.127797 -0.428895 0.644600 0.632883 0.653620 0.354207
mid.bmp
  29 -21.545765 1.952642 0.099155 0.286676 0.837718 0.464806 0.667319 0.369863
  29 -21.568238 1.942067 0.083887 -0.577851 0.814220 -0.055984 0.659491 0.371820
  29 -21.702772 1.839524 0.127797 -0.428895 0.644600 0.632883 0.653620 0.354207
mid.bmp
  19 -17.617090 0.347234 -0.739972 0.376370 -0.051337 0.925046 0.704501 0.769080
  19 -17.466401 0.557610 -0.727061 0.489487 -0.377983 0.785832 0.706458 0.784736
  19 -17.569175 0.556092 -0.680732 0.376521 -0.428780 0.821206 0.698630 0.780822
mid.bmp
  19 -17.569175 0.556092 -0.680732 0.376521 -0.428780 0.821206 0.698630 0.780822
  19 -17.466401 0.557610 -0.727061 0.489487 -0.377983 0.785832 0.706458 0.784736
  19 -17.616743 0.676238 -0.568346 0.355644 -0.645470 0.675933 0.692759 0.792564
mid.bmp
  19 -17.466401 0.557610 -0.727061 0.489487 -0.377983 0.785832 0.706458 0.784736
  19 -17.467509 0.711552 -0.613996 0.545077 -0.637646 0.544333 0.698630 0.802348
  19 -17.616743 0.676238 -0.568346 0.355644 -0.645470 0.675933 0.692759 0.792564
mid.bmp
  19 -17.616743 0.676238 -0.568346 0.355644 -0.645470 0.675933 0.692759 0.792564
  19 -17.467509 0.711552 -0.613996 0.545077 -0.637646 0.544333 0.698630 0.802348
  19 -17.624283 0.758562 -0.434348 0.366821 -0.816491 0.445853 0.681018 0.800391
mid.bmp
  19 -17.467509 0.711552 -0.613996 0.545077 -0.637646 0.544333 0.698630 0.802348
  19 -17.477909 0.830942 -0.423426 0.493974 -0.793681 0.355050 0.684932 0.810176
  19 -17.624283 0.758562 -0.434348 0.366821 -0.816491 0.445853 0.681018 0.800391
mid.bmp
  19 -17.624283 0.758562 -0.434348 0.366821 -0.816491 0.445853 0.681018 0.800391
  19 -17.477909 0.830942 -0.423426 0.493974 -0.793681 0.355050 0.684932 0.810176
  19 -17.626475 0.790089 -0.315309 0.453940 -0.888733 -0.063972 0.671233 0.806262
mid.bmp
  19 -17.477909 0.830942 -0.423426 0.493974 -0.793681 0.355050 0.684932 0.810176
  19 -17.479854 0.863680 -0.298489 0.622164 -0.777397 -0.092547 0.669276 0.818004
  19 -17.626475 0.790089 -0.315309 0.453940 -0.888733 -0.063972 0.671233 0.806262
mid.bmp
  19 -17.626475 0.790089 -0.315309 0.453940 -0.888733 -0.063972 0.671233 0.806262
  19 -17.479854 0.863680 -0.298489 0.622164 -0.777397 -0.092547 0.669276 0.818004
  19 -17.668764 0.652277 0.134705 0.623622 -0.736193 -0.262896 0.636008 0.794521
mid.bmp
  19 -17.479854 0.863680 -0.298489 0.622164 -0.777397 -0.092547 0.669276 0.818004
  19 -17.539435 0.747509 0.218695 0.746997 -0.600276 -0.285767 0.624266 0.810176
  19 -17.668764 0.652277 0.134705 0.623622 -0.736193 -0.262896 0.636008 0.794521
mid.bmp
  19 -17.668764 0.652277 0.134705 0.623622 -0.736193 -0.262896 0.636008 0.794521
  19 -17.539435 0.747509 0.218695 0.746997 -0.600276 -0.285767 0.624266 0.810176
  19 -17.707737 0.263519 0.618704 0.708203 -0.496969 -0.501468 0.594912 0.765166
mid.bmp
  19 -17.539435 0.747509 0.218695 0.746997 -0.600276 -0.285767 0.624266 0.810176
  19 -17.599075 0.311377 0.720075 0.722589 -0.347278 -0.597715 0.581213 0.772994
  19 -17.707737 0.263519 0.618704 0.708203 -0.496969 -0.501468 0.594912 0.765166
mid.bmp
  19 -17.707737 0.263519 0.618704 0.708203 -0.496969 -0.501468 0.594912 0.765166
  19 -17.599075 0.311377 0.720075 0.722589 -0.347278 -0.597715 0.581213 0.772994
  19 -17.724827 -0.256453 0.778293 0.592870 -0.084659 -0.800836 0.579256 0.724070
mid.bmp
  19 -17.599075 0.311377 0.720075 0.722589 -0.347278 -0.597715 0.581213 0.772994
  19 -17.599699 -0.273675 0.855351 0.617432 0.042302 -0.785486 0.569472 0.722114
  19 -17.724827 -0.256453 0.778293 0.592870 -0.084659 -0.800836 0.579256 0.724070
mid.bmp
  18 -16.081753 0.700722 -0.525899 -0.042284 0.778254 -0.626525 0.223092 0.125245
  18 -14.192780 0.937224 -0.571632 -0.081176 0.846591 -0.526018 0.236791 0.234834
  18 -16.071565 0.510499 -0.713308 -0.046070 0.618327 -0.784569 0.205479 0.123288
mid.bmp
  18 -16.071565 0.510499 -0.713308 -0.046070 0.618327 -0.784569 0.205479 0.123288
  18 -14.192780 0.937224 -0.571632 -0.081176 0.846591 -0.526018 0.236791 0.234834
  18 -14.153681 0.244253 -1.053183 -0.064683 0.227329 -0.971667 0.183953 0.230920
mid.bmp
  18 -14.192780 0.937224 -0.571632 -0.081176 0.846591 -0.526018 0.236791 0.234834
  18 -12.331699 1.026919 -0.684490 -0.008066 0.824529 -0.565762 0.228963 0.340509
  18 -14.153681 0.244253 -1.053183 -0.064683 0.227329 -0.971667 0.183953 0.230920
mid.bmp
  18 -14.153681 0.244253 -1.053183 -0.064683 0.227329 -0.971667 0.183953 0.230920
  18 -12.331699 1.026919 -0.684490 -0.008066 0.824529 -0.565762 0.228963 0.340509
  18 -12.197310 0.183671 -1.155852 -0.008155 0.243503 -0.969866 0.170254 0.340509
mid.bmp
  18 -12.331699 1.026919 -0.684490 -0.008066 0.824529 -0.565762 0.228963 0.340509
  18 -9.659268 0.970047 -0.616820 0.086258 0.710467 -0.698424 0.227006 0.471624
  18 -12.197310 0.183671 -1.155852 -0.008155 0.243503 -0.969866 0.170254 0.340509
mid.bmp
  18 -12.197310 0.183671 -1.155852 -0.008155 0.243503 -0.969866 0.170254 0.340509
  18 -9.659268 0.970047 -0.616820 0.086258 0.710467 -0.698424 0.227006 0.471624
  18 -9.606521 0.031167 -1.185936 0.025102 0.041189 -0.998836 0.170254 0.469667
mid.bmp
  18 -9.659268 0.970047 -0.616820 0.086258 0.710467 -0.698424 0.227006 0.471624
  18 -9.071092 -0.131971 -1.088856 0.069594 0.278613 -0.957879 0.172211 0.495108
  18 -9.606521 0.031167 -1.185936 0.025102 0.041189 -0.998836 0.170254 0.469667
mid.bmp
  18 -9.606521 0.031167 -1.185936 0.025102 0.041189 -0.998836 0.170254 0.469667
  18 -9.071092 -0.131971 -1.088856 0.069594 0.278613 -0.957879 0.172211 0.495108
  18 -9.699577 -1.009055 -0.908056 -0.037101 -0.544373 -0.838023 0.107632 0.471624
mid.bmp
  18 -9.071092 -0.131971 -1.088856 0.069594 0.278613 -0.957879 0.172211 0.495108
  18 -9.183387 -1.116275 -0.919601 -0.176101 -0.510799 -0.841471 0.095890 0.497065
  18 -9.699577 -1.009055 -0.908056 -0.037101 -0.544373 -0.838023 0.107632 0.471624
mid.bmp
  18 -9.699577 -1.009055 -0.908056 -0.037101 -0.544373 -0.838023 0.107632 0.471624
  18 -9.183387 -1.116275 -0.919601 -0.176101 -0.510799 -0.841471 0.095890 0.497065
  18 -9.203106 -1.617400 -0.138605 -0.207984 -0.948131 -0.240394 0.052838 0.497065
mid.bmp
  18 -9.183387 -1.116275 -0.919601 -0.176101 -0.510799 -0.841471 0.095890 0.497065
  18 -8.686942 -1.775652 -0.088304 -0.189943 -0.968863 -0.158827 0.052838 0.522505
  18 -9.203106 -1.617400 -0.138605 -0.207984 -0.948131 -0.240394 0.052838 0.497065
mid.bmp
  18 -9.203106 -1.617400 -0.138605 -0.207984 -0.948131 -0.240394 0.052838 0.497065
  18 -8.686942 -1.775652 -0.088304 -0.189943 -0.968863 -0.158827 0.052838 0.522505
  18 -8.721177 -1.675173 0.806257 -0.172227 -0.808412 0.562857 0.007828 0.528376
mid.bmp
  18 -8.686942 -1.775652 -0.088304 -0.189943 -0.968863 -0.158827 0.052838 0.522505
  18 -5.325043 -2.299781 0.836999 -0.130165 -0.864912 0.484751 0.007828 0.675147
  18 -8.721177 -1.675173 0.806257 -0.172227 -0.808412 0.562857 0.007828 0.528376
mid.bmp
  4 22.205738 1.146223 0.008119 -0.136548 0.885319 -0.444483 0.872798 0.970646
  4 22.229196 1.133106 0.227861 -0.150437 0.959845 0.236783 0.894325 0.966732
  4 23.279907 1.317956 0.040298 -0.139571 0.947916 -0.286313 0.878669 0.825832
mid.bmp
  4 23.279907 1.317956 0.040298 -0.139571 0.947916 -0.286313 0.878669 0.825832
  4 22.229196 1.133106 0.227861 -0.150437 0.959845 0.236783 0.894325 0.966732
  4 23.323320 1.325312 0.213167 -0.141032 0.903760 0.404139 0.894325 0.814090
mid.bmp
  4 22.229196 1.133106 0.227861 -0.150437 0.959845 0.236783 0.894325 0.966732
  4 22.259483 1.038911 0.331402 -0.039924 0.428218 0.902793 0.919765 0.964775
  4 23.323320 1.325312 0.213167 -0.141032 0.903760 0.404139 0.894325 0.814090
mid.bmp
  4 23.323320 1.325312 0.213167 -0.141032 0.903760 0.404139 0.894325 0.814090
  4 22.259483 1.038911 0.331402 -0.039924 0.428218 0.902793 0.919765 0.964775
  4 23.380865 1.257345 0.295208 -0.005524 0.452534 0.891730 0.921722 0.814090
mid.bmp
  4 22.259483 1.038911 0.331402 -0.039924 0.428218 0.902793 0.919765 0.964775
  4 23.414924 1.117708 0.320842 0.077746 -0.087223 0.993150 0.949119 0.818004
  4 23.380865 1.257345 0.295208 -0.005524 0.452534 0.891730 0.921722 0.814090
mid.bmp
  4 23.380865 1.257345 0.295208 -0.005524 0.452534 0.891730 0.921722 0.814090
  4 23.414924 1.117708 0.320842 0.077746 -0.087223 0.993150 0.949119 0.818004
  5 23.830279 1.210126 0.252130 0.092671 0.129405 0.987252 0.949119 0.747554
mid.bmp
  4 23.414924 1.117708 0.320842 0.077746 -0.087223 0.993150 0.949119 0.818004
  5 24.069574 1.195277 0.214232 0.320182 -0.822899 0.469383 0.968689 0.706458
  5 23.830279 1.210126 0.252130 0.092671 0.129405 0.987252 0.949119 0.747554
mid.bmp
  5 23.830279 1.210126 0.252130 0.092671 0.129405 0.987252 0.949119 0.747554
  5 24.069574 1.195277 0.214232 0.320182 -0.822899 0.469383 0.968689 0.706458
  5 24.115320 1.267343 0.260667 0.047619 -0.118078 0.991862 0.956947 0.688845
mid.bmp
  5 24.069574 1.195277 0.214232 0.320182 -0.822899 0.469383 0.968689 0.706458
  5 24.185283 1.266644 0.214617 0.769576 -0.618879 0.157298 0.956947 0.673190
  5 24.115320 1.267343 0.260667 0.047619 -0.118078 0.991862 0.956947 0.688845
mid.bmp
  5 24.115320 1.267343 0.260667 0.047619 -0.118078 0.991862 0.956947 0.688845
  5 24.185283 1.266644 0.214617 0.769576 -0.618879 0.157298 0.956947 0.673190
  5 24.154758 1.351286 0.248617 0.690137 0.336297 0.640793 0.923679 0.671233
mid.bmp
  5 24.185283 1.266644 0.214617 0.769576 -0.618879 0.157298 0.956947 0.673190
  5 24.222249 1.366893 0.172537 0.959455 0.047036 -0.277909 0.925636 0.661448
  5 24.154758 1.351286 0.248617 0.690137 0.336297 0.640793 0.923679 0.671233
mid.bmp
  5 24.154758 1.351286 0.248617 0.690137 0.336297 0.640793 0.923679 0.671233
  5 24.222249 1.366893 0.172537 0.959455 0.047036 -0.277909 0.925636 0.661448
  5 24.169463 1.420721 0.123911 0.562675 0.778746 -0.277401 0.898239 0.667319
mid.bmp
  14 23.031515 2.319530 0.186866 0.455275 -0.840753 0.293018 0.888454 0.393346
  14 23.052982 2.326969 -0.015995 0.542647 -0.827744 -0.142737 0.904110 0.393346
  14 23.116242 2.394346 0.188567 0.948943 -0.256007 0.184304 0.904110 0.373777
mid.bmp
  14 23.116242 2.394346 0.188567 0.948943 -0.256007 0.184304 0.904110 0.373777
  14 23.052982 2.326969 -0.015995 0.542647 -0.827744 -0.142737 0.904110 0.393346
  14 23.092888 2.468948 0.127034 0.843847 0.456339 -0.282270 0.925636 0.365949
mid.bmp
  14 23.052982 2.326969 -0.015995 0.542647 -0.827744 -0.142737 0.904110 0.393346
  14 23.043546 2.407551 -0.020409 0.574674 0.299442 -0.761632 0.925636 0.385519
  14 23.092888 2.468948 0.127034 0.843847 0.456339 -0.282270 0.925636 0.365949
mid.bmp
  14 23.092888 2.468948 0.127034 0.843847 0.456339 -0.282270 0.925636 0.365949
  14 23.043546 2.407551 -0.020409 0.574674 0.299442 -0.761632 0.925636 0.385519
  14 22.977791 2.423577 -0.034747 -0.111149 0.692403 -0.712898 0.941292 0.395303
mid.bmp
  14 23.043546 2.407551 -0.020409 0.574674 0.299442 -0.761632 0.925636 0.385519
  14 22.887143 2.294698 -0.096714 0.154153 -0.030168 -0.987586 0.923679 0.414873
  14 22.977791 2.423577 -0.034747 -0.111149 0.692403 -0.712898 0.941292 0.395303
mid.bmp
  14 22.977791 2.423577 -0.034747 -0.111149 0.692403 -0.712898 0.941292 0.395303
  14 22.887143 2.294698 -0.096714 0.154153 -0.030168 -0.987586 0.923679 0.414873
  14 22.536190 2.230868 -0.092537 -0.126046 0.499272 -0.857228 0.941292 0.510763
mid.bmp
  14 22.887143 2.294698 -0.096714 0.154153 -0.030168 -0.987586 0.923679 0.414873
  14 22.596742 2.115884 -0.083945 0.433099 -0.788442 -0.436789 0.908023 0.518591
  14 22.536190 2.230868 -0.092537 -0.126046 0.499272 -0.857228 0.941292 0.510763
mid.bmp
  14 22.536190 2.230868 -0.092537 -0.126046 0.499272 -0.857228 0.941292 0.510763
  14 22.596742 2.115884 -0.083945 0.433099 -0.788442 -0.436789 0.908023 0.518591
  13 22.426899 2.166989 -0.126934 -0.102682 0.483998 -0.869024 0.943249 0.534247
mid.bmp
  14 22.596742 2.115884 -0.083945 0.433099 -0.788442 -0.436789 0.908023 0.518591
  13 22.500547 2.055642 -0.109265 0.500237 -0.805404 -0.317943 0.904110 0.542074
  13 22.426899 2.166989 -0.126934 -0.102682 0.483998 -0.869024 0.943249 0.534247
mid.bmp
  13 22.426899 2.166989 -0.126934 -0.102682 0.483998 -0.869024 0.943249 0.534247
  13 22.500547 2.055642 -0.109265 0.500237 -0.805404 -0.317943 0.904110 0.542074
  13 21.783867 1.706523 -0.223041 0.468672 -0.573253 -0.672107 0.908023 0.634051
mid.bmp
  13 22.500547 2.055642 -0.109265 0.500237 -0.805404 -0.317943 0.904110 0.542074
  13 21.845410 1.646096 0.121570 0.509560 -0.853227 0.111146 0.888454 0.628180
  13 21.783867 1.706523 -0.223041 0.468672 -0.573253 -0.672107 0.908023 0.634051
mid.bmp
  13 21.783867 1.706523 -0.223041 0.468672 -0.573253 -0.672107 0.908023 0.634051
  13 21.845410 1.646096 0.121570 0.509560 -0.853227 0.111146 0.888454 0.628180
  12 21.809367 1.579886 0.114200 0.896119 -0.442125 -0.038692 0.882583 0.643836
mid.bmp
  2 17.982854 -0.373221 -0.861210 -0.503352 0.437123 0.745359 0.876712 0.360078
  2 17.988371 -0.385489 -0.881540 -0.900366 -0.243596 -0.360559 0.864971 0.360078
  2 17.983553 -0.446011 -0.811514 -0.631096 0.477473 0.611341 0.876712 0.381605
mid.bmp
  2 17.983553 -0.446011 -0.811514 -0.631096 0.477473 0.611341 0.876712 0.381605
  2 17.988371 -0.385489 -0.881540 -0.900366 -0.243596 -0.360559 0.864971 0.360078
  2 17.989765 -0.456050 -0.837388 -0.809312 -0.378061 -0.449538 0.864971 0.381605
mid.bmp
  2 17.988371 -0.385489 -0.881540 -0.900366 -0.243596 -0.360559 0.864971 0.360078
  2 18.007507 -0.390476 -0.893113 -0.040392 -0.551997 -0.832868 0.853229 0.360078
  2 17.989765 -0.456050 -0.837388 -0.809312 -0.378061 -0.449538 0.864971 0.381605
mid.bmp
  2 17.989765 -0.456050 -0.837388 -0.809312 -0.378061 -0.449538 0.864971 0.381605
  2 18.007507 -0.390476 -0.893113 -0.040392 -0.551997 -0.832868 0.853229 0.360078
  2 18.011194 -0.462853 -0.844009 0.056243 -0.600465 -0.797671 0.853229 0.381605
mid.bmp
  2 18.007507 -0.390476 -0.893113 -0.040392 -0.551997 -0.832868 0.853229 0.360078
  2 18.045937 -0.381426 -0.877500 0.514966 -0.432244 -0.740253 0.841487 0.360078
  2 18.011194 -0.462853 -0.844009 0.056243 -0.600465 -0.797671 0.853229 0.381605
mid.bmp
  2 18.011194 -0.462853 -0.844009 0.056243 -0.600465 -0.797671 0.853229 0.381605
  2 18.045937 -0.381426 -0.877500 0.514966 -0.432244 -0.740253 0.841487 0.360078
  2 18.052146 -0.454462 -0.833807 0.600280 -0.464762 -0.650892 0.841487 0.381605
mid.bmp
  2 18.045937 -0.381426 -0.877500 0.514966 -0.432244 -0.740253 0.841487 0.360078
  2 18.050197 -0.370805 -0.861245 0.915674 0.257492 0.308609 0.829746 0.360078
  2 18.052146 -0.454462 -0.833807 0.600280 -0.464762 -0.650892 0.841487 0.381605
mid.bmp
  2 18.052146 -0.454462 -0.833807 0.600280 -0.464762 -0.650892 0.841487 0.381605
  2 18.050197 -0.370805 -0.861245 0.915674 0.257492 0.308609 0.829746 0.360078
  2 18.053749 -0.444591 -0.813807 0.780724 0.372940 0.501383 0.829746 0.381605
mid.bmp
  2 18.050197 -0.370805 -0.861245 0.915674 0.257492 0.308609 0.829746 0.360078
  2 18.021093 -0.365792 -0.848885 0.057061 0.492390 0.868502 0.818004 0.360078
  2 18.053749 -0.444591 -0.813807 0.780724 0.372940 0.501383 0.829746 0.381605
mid.bmp
  2 18.053749 -0.444591 -0.813807 0.780724 0.372940 0.501383 0.829746 0.381605
  2 18.021093 -0.365792 -0.848885 0.057061 0.492390 0.868502 0.818004 0.360078
  2 18.026053 -0.439011 -0.809952 0.060740 0.604946 0.793947 0.818004 0.381605
mid.bmp
  2 18.021093 -0.365792 -0.848885 0.057061 0.492390 0.868502 0.818004 0.360078
  2 17.982854 -0.373221 -0.861210 -0.503352 0.437123 0.745359 0.808219 0.360078
  2 18.026053 -0.439011 -0.809952 0.060740 0.604946 0.793947 0.818004 0.381605
mid.bmp
  2 18.026053 -0.439011 -0.809952 0.060740 0.604946 0.793947 0.818004 0.381605
  2 17.982854 -0.373221 -0.861210 -0.503352 0.437123 0.745359 0.808219 0.360078
  2 17.983553 -0.446011 -0.811514 -0.631096 0.477473 0.611341 0.808219 0.381605
mid.bmp
  2 17.983553 -0.446011 -0.811514 -0.631096 0.477473 0.611341 0.876712 0.381605
  2 17.989765 -0.456050 -0.837388 -0.809312 -0.378061 -0.449538 0.864971 0.381605
  2 17.990269 -0.545932 -0.731694 -0.757802 0.520640 0.393280 0.876712 0.405088
mid.bmp
  2 17.990269 -0.545932 -0.731694 -0.757802 0.520640 0.393280 0.876712 0.405088
  2 17.989765 -0.456050 -0.837388 -0.809312 -0.378061 -0.449538 0.864971 0.381605
  2 17.997456 -0.568046 -0.743625 -0.715591 -0.555150 -0.423956 0.864971 0.405088
mid.bmp
  2 17.989765 -0.456050 -0.837388 -0.809312 -0.378061 -0.449538 0.864971 0.381605
  2 18.011194 -0.462853 -0.844009 0.056243 -0.600465 -0.797671 0.853229 0.381605
  2 17.997456 -0.568046 -0.743625 -0.715591 -0.555150 -0.423956 0.864971 0.405088
mid.bmp
  2 17.997456 -0.568046 -0.743625 -0.715591 -0.555150 -0.423956 0.864971 0.405088
  2 18.011194 -0.462853 -0.844009 0.056243 -0.600465 -0.797671 0.853229 0.381605
  2 18.021351 -0.573287 -0.750168 0.050429 -0.783239 -0.619673 0.853229 0.405088
mid.bmp
  2 18.011194 -0.462853 -0.844009 0.056243 -0.600465 -0.797671 0.853229 0.381605
  2 18.052146 -0.454462 -0.833807 0.600280 -0.464762 -0.650892 0.841487 0.381605
  2 18.021351 -0.573287 -0.750168 0.050429 -0.783239 -0.619673 0.853229 0.405088
mid.bmp
  2 18.021351 -0.573287 -0.750168 0.050429 -0.783239 -0.619673 0.853229 0.405088
  2 18.052146 -0.454462 -0.833807 0.600280 -0.464762 -0.650892 0.841487 0.381605
  2 18.058047 -0.561933 -0.743089 0.640556 -0.611467 -0.464539 0.841487 0.405088
mid.bmp
  2 18.052146 -0.454462 -0.833807 0.600280 -0.464762 -0.650892 0.841487 0.381605
  2 18.053749 -0.444591 -0.813807 0.780724 0.372940 0.501383 0.829746 0.381605
  2 18.058047 -0.561933 -0.743089 0.640556 -0.611467 -0.464539 0.841487 0.405088
mid.bmp
  2 18.058047 -0.561933 -0.743089 0.640556 -0.611467 -0.464539 0.841487 0.405088
  2 18.053749 -0.444591 -0.813807 0.780724 0.372940 0.501383 0.829746 0.381605
  2 18.059731 -0.544624 -0.734718 0.861629 0.408164 0.301657 0.829746 0.405088
mid.bmp
  2 18.053749 -0.444591 -0.813807 0.780724 0.372940 0.501383 0.829746 0.381605
  2 18.026053 -0.439011 -0.809952 0.060740 0.604946 0.793947 0.818004 0.381605
  2 18.059731 -0.544624 -0.734718 0.861629 0.408164 0.301657 0.829746 0.405088
mid.bmp
  2 18.059731 -0.544624 -0.734718 0.861629 0.408164 0.301657 0.829746 0.405088
  2 18.026053 -0.439011 -0.809952 0.060740 0.604946 0.793947 0.818004 0.381605
  2 18.040400 -0.526618 -0.726055 0.104934 0.786840 0.608171 0.818004 0.405088
mid.bmp
  2 18.026053 -0.439011 -0.809952 0.060740 0.604946 0.793947 0.818004 0.381605
  2 17.983553 -0.446011 -0.811514 -0.631096 0.477473 0.611341 0.808219 0.381605
  2 18.040400 -0.526618 -0.726055 0.104934 0.786840 0.608171 0.818004 0.405088
mid.bmp
  2 18.040400 -0.526618 -0.726055 0.104934 0.786840 0.608171 0.818004 0.405088
  2 17.983553 -0.446011 -0.811514 -0.631096 0.477473 0.611341 0.808219 0.381605
  2 17.990269 -0.545932 -0.731694 -0.757802 0.520640 0.393280 0.808219 0.405088
mid.bmp
  2 17.990269 -0.545932 -0.731694 -0.757802 0.520640 0.393280 0.876712 0.405088
  2 17.997456 -0.568046 -0.743625 -0.715591 -0.555150 -0.423956 0.864971 0.405088
  2 17.995966 -0.610604 -0.614467 -0.910379 0.340478 0.235125 0.876712 0.428571
mid.bmp
  2 17.995966 -0.610604 -0.614467 -0.910379 0.340478 0.235125 0.876712 0.428571
  2 17.997456 -0.568046 -0.743625 -0.715591 -0.555150 -0.423956 0.864971 0.405088
  2 18.002245 -0.631176 -0.610778 -0.516593 -0.777143 -0.359415 0.864971 0.428571
mid.bmp
  2 17.997456 -0.568046 -0.743625 -0.715591 -0.555150 -0.423956 0.864971 0.405088
  2 18.021351 -0.573287 -0.750168 0.050429 -0.783239 -0.619673 0.853229 0.405088
  2 18.002245 -0.631176 -0.610778 -0.516593 -0.777143 -0.359415 0.864971 0.428571
mid.bmp
  2 18.002245 -0.631176 -0.610778 -0.516593 -0.777143 -0.359415 0.864971 0.428571
  2 18.021351 -0.573287 -0.750168 0.050429 -0.783239 -0.619673 0.853229 0.405088
  2 18.034373 -0.652114 -0.598350 0.136610 -0.875947 -0.462661 0.853229 0.428571
mid.bmp
  2 18.021351 -0.573287 -0.750168 0.050429 -0.783239 -0.619673 0.853229 0.405088
  2 18.058047 -0.561933 -0.743089 0.640556 -0.611467 -0.464539 0.841487 0.405088
  2 18.034373 -0.652114 -0.598350 0.136610 -0.875947 -0.462661 0.853229 0.428571
mid.bmp
  2 18.034373 -0.652114 -0.598350 0.136610 -0.875947 -0.462661 0.853229 0.428571
  2 18.058047 -0.561933 -0.743089 0.640556 -0.611467 -0.464539 0.841487 0.405088
  2 18.069316 -0.628994 -0.610493 0.776066 -0.534525 -0.334670 0.841487 0.428571
mid.bmp
  2 18.058047 -0.561933 -0.743089 0.640556 -0.611467 -0.464539 0.841487 0.405088
  2 18.059731 -0.544624 -0.734718 0.861629 0.408164 0.301657 0.829746 0.405088
  2 18.069316 -0.628994 -0.610493 0.776066 -0.534525 -0.334670 0.841487 0.428571
mid.bmp
  2 18.069316 -0.628994 -0.610493 0.776066 -0.534525 -0.334670 0.841487 0.428571
  2 18.059731 -0.544624 -0.734718 0.861629 0.408164 0.301657 0.829746 0.405088
  2 18.068743 -0.607375 -0.618468 0.790015 0.559779 0.250048 0.829746 0.428571
mid.bmp
  2 18.059731 -0.544624 -0.734718 0.861629 0.408164 0.301657 0.829746 0.405088
  2 18.040400 -0.526618 -0.726055 0.104934 0.786840 0.608171 0.818004 0.405088
  2 18.068743 -0.607375 -0.618468 0.790015 0.559779 0.250048 0.829746 0.428571
mid.bmp
  2 18.068743 -0.607375 -0.618468 0.790015 0.559779 0.250048 0.829746 0.428571
  2 18.040400 -0.526618 -0.726055 0.104934 0.786840 0.608171 0.818004 0.405088
  2 18.040414 -0.582345 -0.612743 -0.171526 0.872022 0.458429 0.818004 0.428571
mid.bmp
  2 18.040400 -0.526618 -0.726055 0.104934 0.786840 0.608171 0.818004 0.405088
  2 17.990269 -0.545932 -0.731694 -0.757802 0.520640 0.393280 0.808219 0.405088
  2 18.040414 -0.582345 -0.612743 -0.171526 0.872022 0.458429 0.818004 0.428571
mid.bmp
  2 18.040414 -0.582345 -0.612743 -0.171526 0.872022 0.458429 0.818004 0.428571
  2 17.990269 -0.545932 -0.731694 -0.757802 0.520640 0.393280 0.808219 0.405088
  2 17.995966 -0.610604 -0.614467 -0.910379 0.340478 0.235125 0.808219 0.428571
mid.bmp
  22 -24.072106 1.156023 0.177711 -0.310118 -0.856459 0.412680 0.968689 0.706458
  22 -24.116524 1.227560 0.223800 -0.053818 -0.076157 0.995642 0.956947 0.688845
  22 -24.197346 1.231345 0.182801 -0.752303 -0.650637 0.103495 0.956947 0.673190
mid.bmp
  22 -24.197346 1.231345 0.182801 -0.752303 -0.650637 0.103495 0.956947 0.673190
  22 -24.116524 1.227560 0.223800 -0.053818 -0.076157 0.995642 0.956947 0.688845
  22 -24.205066 1.343644 0.193779 -0.503679 0.450221 0.737298 0.923679 0.671233
mid.bmp
  22 -24.116524 1.227560 0.223800 -0.053818 -0.076157 0.995642 0.956947 0.688845
  22 -24.143683 1.325343 0.218747 0.068146 0.311780 0.947707 0.925636 0.681018
  22 -24.205066 1.343644 0.193779 -0.503679 0.450221 0.737298 0.923679 0.671233
mid.bmp
  22 -24.205066 1.343644 0.193779 -0.503679 0.450221 0.737298 0.923679 0.671233
  22 -24.143683 1.325343 0.218747 0.068146 0.311780 0.947707 0.925636 0.681018
  22 -24.082984 1.383567 0.170064 0.074569 0.808356 0.583953 0.894325 0.694716
mid.bmp
  22 -24.143683 1.325343 0.218747 0.068146 0.311780 0.947707 0.925636 0.681018
  22 -23.763264 1.276728 0.184025 0.025541 0.380438 0.924453 0.921722 0.751468
  22 -24.082984 1.383567 0.170064 0.074569 0.808356 0.583953 0.894325 0.694716
mid.bmp
  22 -24.082984 1.383567 0.170064 0.074569 0.808356 0.583953 0.894325 0.694716
  22 -23.763264 1.276728 0.184025 0.025541 0.380438 0.924453 0.921722 0.751468
  22 -23.786318 1.360000 0.131869 0.096503 0.916751 0.387627 0.896282 0.747554
mid.bmp
  22 -23.763264 1.276728 0.184025 0.025541 0.380438 0.924453 0.921722 0.751468
  21 -23.383992 1.213938 0.263679 0.007129 0.447321 0.894345 0.921722 0.814090
  22 -23.786318 1.360000 0.131869 0.096503 0.916751 0.387627 0.896282 0.747554
mid.bmp
  22 -23.786318 1.360000 0.131869 0.096503 0.916751 0.387627 0.896282 0.747554
  21 -23.383992 1.213938 0.263679 0.007129 0.447321 0.894345 0.921722 0.814090
  21 -23.321880 1.292381 0.174920 0.132098 0.868793 0.477231 0.894325 0.814090
mid.bmp
  21 -23.383992 1.213938 0.263679 0.007129 0.447321 0.894345 0.921722 0.814090
  21 -22.260875 1.003951 0.288860 0.036815 0.390351 0.919930 0.919765 0.964775
  21 -23.321880 1.292381 0.174920 0.132098 0.868793 0.477231 0.894325 0.814090
mid.bmp
  21 -23.321880 1.292381 0.174920 0.132098 0.868793 0.477231 0.894325 0.814090
  21 -22.260875 1.003951 0.288860 0.036815 0.390351 0.919930 0.919765 0.964775
  21 -22.231916 1.095713 0.210892 0.152119 0.950009 0.272660 0.894325 0.966732
mid.bmp
  21 -22.260875 1.003951 0.288860 0.036815 0.390351 0.919930 0.919765 0.964775
  20 -22.216274 0.991123 0.300583 -0.080891 0.526832 0.846112 0.919765 0.982387
  21 -22.231916 1.095713 0.210892 0.152119 0.950009 0.272660 0.894325 0.966732
mid.bmp
  21 -22.231916 1.095713 0.210892 0.152119 0.950009 0.272660 0.894325 0.966732
  20 -22.216274 0.991123 0.300583 -0.080891 0.526832 0.846112 0.919765 0.982387
  20 -22.184712 1.092167 0.227182 0.047744 0.966234 0.253206 0.892368 0.986301
mid.bmp
  18 -16.338887 -1.103655 0.370456 -0.067403 -0.854521 0.515025 0.434442 0.119374
  18 -14.415384 -1.341190 0.524853 -0.100743 -0.934296 0.341969 0.452055 0.225049
  18 -16.249339 -0.839292 0.738122 -0.119535 -0.564223 0.816923 0.401174 0.119374
mid.bmp
  18 -16.249339 -0.839292 0.738122 -0.119535 -0.564223 0.816923 0.401174 0.119374
  18 -14.415384 -1.341190 0.524853 -0.100743 -0.934296 0.341969 0.452055 0.225049
  18 -14.398126 -0.884365 1.051172 -0.133195 -0.489527 0.861755 0.412916 0.227006
mid.bmp
  18 -14.415384 -1.341190 0.524853 -0.100743 -0.934296 0.341969 0.452055 0.225049
  18 -12.597644 -1.401712 0.704584 -0.060078 -0.935682 0.347693 0.467710 0.332681
  18 -14.398126 -0.884365 1.051172 -0.133195 -0.489527 0.861755 0.412916 0.227006
mid.bmp
  18 -14.398126 -0.884365 1.051172 -0.133195 -0.489527 0.861755 0.412916 0.227006
  18 -12.597644 -1.401712 0.704584 -0.060078 -0.935682 0.347693 0.467710 0.332681
  18 -12.579733 -0.832537 1.326761 -0.065996 -0.504540 0.860862 0.424658 0.334638
mid.bmp
  18 -12.597644 -1.401712 0.704584 -0.060078 -0.935682 0.347693 0.467710 0.332681
  18 -9.828271 -1.516927 0.741628 -0.042075 -0.926648 0.373567 0.467710 0.475538
  18 -12.579733 -0.832537 1.326761 -0.065996 -0.504540 0.860862 0.424658 0.334638
mid.bmp
  18 -12.579733 -0.832537 1.326761 -0.065996 -0.504540 0.860862 0.424658 0.334638
  18 -9.828271 -1.516927 0.741628 -0.042075 -0.926648 0.373567 0.467710 0.475538
  18 -9.791661 -0.926604 1.352043 -0.018261 -0.391888 0.919832 0.428571 0.475538
mid.bmp
  18 -9.828271 -1.516927 0.741628 -0.042075 -0.926648 0.373567 0.467710 0.475538
  18 -9.203684 -1.517526 0.807780 -0.110778 -0.897167 0.427575 0.467710 0.504892
  18 -9.791661 -0.926604 1.352043 -0.018261 -0.391888 0.919832 0.428571 0.475538
mid.bmp
  18 -9.791661 -0.926604 1.352043 -0.018261 -0.391888 0.919832 0.428571 0.475538
  18 -9.203684 -1.517526 0.807780 -0.110778 -0.897167 0.427575 0.467710 0.504892
  18 -9.201118 -0.841548 1.376773 -0.083282 -0.335900 0.938209 0.430528 0.504892
mid.bmp
  18 -9.203684 -1.517526 0.807780 -0.110778 -0.897167 0.427575 0.467710 0.504892
  18 -8.721177 -1.675173 0.806257 -0.172227 -0.808412 0.562857 0.467710 0.532290
  18 -9.201118 -0.841548 1.376773 -0.083282 -0.335900 0.938209 0.430528 0.504892
mid.bmp
  18 -9.201118 -0.841548 1.376773 -0.083282 -0.335900 0.938209 0.430528 0.504892
  18 -8.721177 -1.675173 0.806257 -0.172227 -0.808412 0.562857 0.467710 0.532290
  18 -8.629053 -0.993312 1.426671 -0.094644 -0.301724 0.948686 0.430528 0.530333
mid.bmp
  18 -8.721177 -1.675173 0.806257 -0.172227 -0.808412 0.562857 0.467710 0.532290
  18 -5.242971 -1.461026 1.578751 -0.070298 -0.425939 0.902017 0.428571 0.677104
  18 -8.629053 -0.993312 1.426671 -0.094644 -0.301724 0.948686 0.430528 0.530333
mid.bmp
  18 -8.629053 -0.993312 1.426671 -0.094644 -0.301724 0.948686 0.430528 0.530333
  18 -5.242971 -1.461026 1.578751 -0.070298 -0.425939 0.902017 0.428571 0.677104
  18 -5.141689 -0.625205 1.648232 0.002890 0.136110 0.990689 0.377691 0.677104
mid.bmp
  8 24.552248 -0.338257 0.288853 0.056477 -0.902611 0.426736 0.888454 0.393346
  8 24.618551 -0.319657 -0.010168 0.212281 -0.929954 -0.300205 0.904110 0.393346
  8 24.725966 -0.249373 0.320315 0.859129 -0.502989 0.094343 0.904110 0.373777
mid.bmp
  8 24.725966 -0.249373 0.320315 0.859129 -0.502989 0.094343 0.904110 0.373777
  8 24.618551 -0.319657 -0.010168 0.212281 -0.929954 -0.300205 0.904110 0.393346
  8 24.677744 -0.162210 -0.017288 0.849993 -0.051320 -0.524287 0.925636 0.385519
mid.bmp
  8 24.618551 -0.319657 -0.010168 0.212281 -0.929954 -0.300205 0.904110 0.393346
  8 24.437773 -0.194097 -0.123323 0.166128 -0.100592 -0.980960 0.923679 0.414873
  8 24.677744 -0.162210 -0.017288 0.849993 -0.051320 -0.524287 0.925636 0.385519
mid.bmp
  8 24.677744 -0.162210 -0.017288 0.849993 -0.051320 -0.524287 0.925636 0.385519
  8 24.437773 -0.194097 -0.123323 0.166128 -0.100592 -0.980960 0.923679 0.414873
  8 24.582431 -0.077099 -0.033178 0.211457 0.685511 -0.696679 0.941292 0.395303
mid.bmp
  8 24.437773 -0.194097 -0.123323 0.166128 -0.100592 -0.980960 0.923679 0.414873
  8 23.958811 -0.070972 -0.150886 0.098904 0.408459 -0.907402 0.941292 0.510763
  8 24.582431 -0.077099 -0.033178 0.211457 0.685511 -0.696679 0.941292 0.395303
mid.bmp
  8 24.582431 -0.077099 -0.033178 0.211457 0.685511 -0.696679 0.941292 0.395303
  8 23.958811 -0.070972 -0.150886 0.098904 0.408459 -0.907402 0.941292 0.510763
  7 23.874689 0.112112 0.029959 0.067188 0.949671 -0.305957 0.970646 0.524462
mid.bmp
  8 23.958811 -0.070972 -0.150886 0.098904 0.408459 -0.907402 0.941292 0.510763
  7 23.741468 -0.083804 -0.164112 0.052384 0.271966 -0.960880 0.943249 0.534247
  7 23.874689 0.112112 0.029959 0.067188 0.949671 -0.305957 0.970646 0.524462
mid.bmp
  7 23.874689 0.112112 0.029959 0.067188 0.949671 -0.305957 0.970646 0.524462
  7 23.741468 -0.083804 -0.164112 0.052384 0.271966 -0.960880 0.943249 0.534247
  7 22.710629 0.137293 -0.039774 0.045469 0.846083 -0.531108 0.972603 0.628180
mid.bmp
  7 23.741468 -0.083804 -0.164112 0.052384 0.271966 -0.960880 0.943249 0.534247
  7 22.631335 -0.072981 -0.222931 0.054683 0.261823 -0.963565 0.943249 0.634051
  7 22.710629 0.137293 -0.039774 0.045469 0.846083 -0.531108 0.972603 0.628180
mid.bmp
  7 22.710629 0.137293 -0.039774 0.045469 0.846083 -0.531108 0.972603 0.628180
  7 22.631335 -0.072981 -0.222931 0.054683 0.261823 -0.963565 0.943249 0.634051
  6 22.591842 0.143160 -0.038445 0.080592 0.829050 -0.553337 0.974560 0.639922
mid.bmp
  7 22.631335 -0.072981 -0.222931 0.054683 0.261823 -0.963565 0.943249 0.634051
  6 22.536138 -0.061082 -0.231304 0.115762 0.262013 -0.958096 0.943249 0.645793
  6 22.591842 0.143160 -0.038445 0.080592 0.829050 -0.553337 0.974560 0.639922
mid.bmp
  9 22.156138 -1.371122 0.032920 -0.016714 -0.985969 0.166092 0.978474 0.988258
  10 22.257256 -1.365166 0.037694 -0.150905 -0.976014 0.156924 0.978474 0.974560
  9 22.228199 -1.166264 0.239738 0.031848 -0.604506 0.795963 0.951076 0.982387
mid.bmp
  9 22.228199 -1.166264 0.239738 0.031848 -0.604506 0.795963 0.951076 0.982387
  10 22.257256 -1.365166 0.037694 -0.150905 -0.976014 0.156924 0.978474 0.974560
  10 22.305889 -1.190737 0.222009 -0.064355 -0.484795 0.872257 0.951076 0.964775
mid.bmp
  10 22.257256 -1.365166 0.037694 -0.150905 -0.976014 0.156924 0.978474 0.974560
  10 23.231859 -1.539081 0.030007 -0.158239 -0.946968 0.279663 0.972603 0.829746
  10 22.305889 -1.190737 0.222009 -0.064355 -0.484795 0.872257 0.951076 0.964775
mid.bmp
  10 22.305889 -1.190737 0.222009 -0.064355 -0.484795 0.872257 0.951076 0.964775
  10 23.231859 -1.539081 0.030007 -0.158239 -0.946968 0.279663 0.972603 0.829746
  10 23.277322 -1.393489 0.183986 -0.053487 -0.520098 0.852430 0.949119 0.818004
mid.bmp
  10 23.231859 -1.539081 0.030007 -0.158239 -0.946968 0.279663 0.972603 0.829746
  11 23.854936 -1.623323 0.031459 -0.086729 -0.902404 0.422072 0.968689 0.706458
  10 23.277322 -1.393489 0.183986 -0.053487 -0.520098 0.852430 0.949119 0.818004
mid.bmp
  10 23.277322 -1.393489 0.183986 -0.053487 -0.520098 0.852430 0.949119 0.818004
  11 23.854936 -1.623323 0.031459 -0.086729 -0.902404 0.422072 0.968689 0.706458
  11 23.648991 -1.470864 0.133908 -0.006719 -0.380890 0.924596 0.949119 0.747554
mid.bmp
  11 23.854936 -1.623323 0.031459 -0.086729 -0.902404 0.422072 0.968689 0.706458
  11 23.946560 -1.560680 0.123834 0.048977 -0.412923 0.909448 0.956947 0.688845
  11 23.648991 -1.470864 0.133908 -0.006719 -0.380890 0.924596 0.949119 0.747554
mid.bmp
  11 23.648991 -1.470864 0.133908 -0.006719 -0.380890 0.924596 0.949119 0.747554
  11 23.946560 -1.560680 0.123834 0.048977 -0.412923 0.909448 0.956947 0.688845
  11 23.638439 -1.312859 0.176285 0.168061 0.311591 0.935236 0.921722 0.751468
mid.bmp
  11 23.946560 -1.560680 0.123834 0.048977 -0.412923 0.909448 0.956947 0.688845
  11 24.046672 -1.429883 0.134068 0.220515 0.261334 0.939722 0.925636 0.681018
  11 23.638439 -1.312859 0.176285 0.168061 0.311591 0.935236 0.921722 0.751468
mid.bmp
  11 23.638439 -1.312859 0.176285 0.168061 0.311591 0.935236 0.921722 0.751468
  11 24.046672 -1.429883 0.134068 0.220515 0.261334 0.939722 0.925636 0.681018
  11 24.047620 -1.291403 0.025234 0.342443 0.722892 0.600134 0.894325 0.694716
mid.bmp
  11 24.046672 -1.429883 0.134068 0.220515 0.261334 0.939722 0.925636 0.681018
  11 24.054843 -1.437186 0.113147 0.852899 -0.110296 0.510292 0.923679 0.671233
  11 24.047620 -1.291403 0.025234 0.342443 0.722892 0.600134 0.894325 0.694716
mid.bmp
  2 17.904019 -1.056784 -0.339479 -0.244733 -0.747954 -0.616985 0.283757 0.888454
  2 18.228895 -1.075736 -0.416788 -0.040374 -0.701962 -0.711069 0.287671 0.843444
  2 18.245612 -1.225532 -0.200051 0.074614 -0.899627 -0.430238 0.305284 0.841487
mid.bmp
  2 18.245612 -1.225532 -0.200051 0.074614 -0.899627 -0.430238 0.305284 0.841487
  2 18.228895 -1.075736 -0.416788 -0.040374 -0.701962 -0.711069 0.287671 0.843444
  2 18.287831 -1.033596 -0.347837 -0.253278 -0.633279 -0.731306 0.287671 0.833659
mid.bmp
  2 18.228895 -1.075736 -0.416788 -0.040374 -0.701962 -0.711069 0.287671 0.843444
  2 18.215815 -0.774321 -0.666766 0.053911 -0.479472 -0.875900 0.244618 0.843444
  2 18.287831 -1.033596 -0.347837 -0.253278 -0.633279 -0.731306 0.287671 0.833659
mid.bmp
  2 18.287831 -1.033596 -0.347837 -0.253278 -0.633279 -0.731306 0.287671 0.833659
  2 18.215815 -0.774321 -0.666766 0.053911 -0.479472 -0.875900 0.244618 0.843444
  2 18.262259 -0.708652 -0.613008 0.043242 -0.505637 -0.861662 0.242661 0.833659
mid.bmp
  2 18.215815 -0.774321 -0.666766 0.053911 -0.479472 -0.875900 0.244618 0.843444
  2 18.204100 -0.393256 -0.816715 0.046013 -0.147094 -0.988052 0.199609 0.841487
  2 18.262259 -0.708652 -0.613008 0.043242 -0.505637 -0.861662 0.242661 0.833659
mid.bmp
  2 18.262259 -0.708652 -0.613008 0.043242 -0.505637 -0.861662 0.242661 0.833659
  2 18.204100 -0.393256 -0.816715 0.046013 -0.147094 -0.988052 0.199609 0.841487
  2 18.251500 -0.326111 -0.773161 -0.072011 -0.184466 -0.980197 0.199609 0.833659
mid.bmp
  2 18.204100 -0.393256 -0.816715 0.046013 -0.147094 -0.988052 0.199609 0.841487
  2 18.218496 0.408798 -0.832761 -0.002570 0.039403 -0.999220 0.091977 0.839530
  2 18.251500 -0.326111 -0.773161 -0.072011 -0.184466 -0.980197 0.199609 0.833659
mid.bmp
  2 18.251500 -0.326111 -0.773161 -0.072011 -0.184466 -0.980197 0.199609 0.833659
  2 18.218496 0.408798 -0.832761 -0.002570 0.039403 -0.999220 0.091977 0.839530
  2 18.221396 0.414088 -0.792243 -0.161191 0.024793 -0.986612 0.091977 0.829746
mid.bmp
  2 18.218496 0.408798 -0.832761 -0.002570 0.039403 -0.999220 0.091977 0.839530
  2 18.278371 0.631883 -0.755484 0.099727 0.490780 -0.865557 0.070450 0.839530
  2 18.221396 0.414088 -0.792243 -0.161191 0.024793 -0.986612 0.091977 0.829746
mid.bmp
  2 18.221396 0.414088 -0.792243 -0.161191 0.024793 -0.986612 0.091977 0.829746
  2 18.278371 0.631883 -0.755484 0.099727 0.490780 -0.865557 0.070450 0.839530
  2 18.219777 0.617978 -0.720645 -0.225151 0.491759 -0.841118 0.072407 0.829746
mid.bmp
  2 18.278371 0.631883 -0.755484 0.099727 0.490780 -0.865557 0.070450 0.839530
  2 18.298242 0.776608 -0.600866 -0.206122 0.646575 -0.734475 0.050881 0.829746
  2 18.219777 0.617978 -0.720645 -0.225151 0.491759 -0.841118 0.072407 0.829746
mid.bmp
  2 17.625404 -0.245635 0.933569 -0.793379 -0.060692 0.605695 0.704501 0.710372
  2 17.622168 -0.967682 0.756766 -0.738425 0.406231 -0.538242 0.692759 0.759295
  2 17.626248 -0.994691 0.778201 -0.816754 -0.312981 0.484723 0.694716 0.763209
mid.bmp
  2 17.626248 -0.994691 0.778201 -0.816754 -0.312981 0.484723 0.694716 0.763209
  2 17.622168 -0.967682 0.756766 -0.738425 0.406231 -0.538242 0.692759 0.759295
  2 17.593156 -1.226414 0.362295 -0.768606 0.591924 -0.242634 0.663405 0.776908
mid.bmp
  2 17.622168 -0.967682 0.756766 -0.738425 0.406231 -0.538242 0.692759 0.759295
  2 17.723767 -1.126795 0.353354 -0.621801 0.699411 -0.352403 0.661448 0.769080
  2 17.593156 -1.226414 0.362295 -0.768606 0.591924 -0.242634 0.663405 0.776908
mid.bmp
  2 17.593156 -1.226414 0.362295 -0.768606 0.591924 -0.242634 0.663405 0.776908
  2 17.723767 -1.126795 0.353354 -0.621801 0.699411 -0.352403 0.661448 0.769080
  2 17.574470 -1.270824 0.179984 -0.628407 0.777822 0.009916 0.651663 0.778865
mid.bmp
  2 17.723767 -1.126795 0.353354 -0.621801 0.699411 -0.352403 0.661448 0.769080
  2 17.713393 -1.182317 0.178081 -0.510418 0.853234 0.107079 0.651663 0.769080
  2 17.574470 -1.270824 0.179984 -0.628407 0.777822 0.009916 0.651663 0.778865
mid.bmp
  2 17.574470 -1.270824 0.179984 -0.628407 0.777822 0.009916 0.651663 0.778865
  2 17.713393 -1.182317 0.178081 -0.510418 0.853234 0.107079 0.651663 0.769080
  2 17.548669 -1.211928 -0.093212 -0.621519 0.727544 0.290505 0.632094 0.774951
mid.bmp
  2 17.713393 -1.182317 0.178081 -0.510418 0.853234 0.107079 0.651663 0.769080
  2 17.710989 -1.124339 -0.090215 -0.555941 0.688163 0.466219 0.636008 0.765166
  2 17.548669 -1.211928 -0.093212 -0.621519 0.727544 0.290505 0.632094 0.774951
mid.bmp
  2 17.548669 -1.211928 -0.093212 -0.621519 0.727544 0.290505 0.632094 0.774951
  2 17.710989 -1.124339 -0.090215 -0.555941 0.688163 0.466219 0.636008 0.765166
  2 17.543524 -1.055822 -0.322884 -0.737971 0.460681 0.493124 0.618395 0.767123
mid.bmp
  2 17.710989 -1.124339 -0.090215 -0.555941 0.688163 0.466219 0.636008 0.765166
  2 17.685619 -0.912842 -0.251908 -0.691004 0.487868 0.533385 0.622309 0.757339
  2 17.543524 -1.055822 -0.322884 -0.737971 0.460681 0.493124 0.618395 0.767123
mid.bmp
  2 17.543524 -1.055822 -0.322884 -0.737971 0.460681 0.493124 0.618395 0.767123
  2 17.685619 -0.912842 -0.251908 -0.691004 0.487868 0.533385 0.622309 0.757339
  2 17.522593 -0.809821 -0.578584 -0.711001 0.388013 0.586450 0.602740 0.749511
mid.bmp
  2 17.685619 -0.912842 -0.251908 -0.691004 0.487868 0.533385 0.622309 0.757339
  2 17.747758 -0.639392 -0.471651 -0.550385 0.439314 0.709986 0.608611 0.739726
  2 17.522593 -0.809821 -0.578584 -0.711001 0.388013 0.586450 0.602740 0.749511
mid.bmp
  2 17.476463 -0.253565 -0.750504 -0.406120 -0.153770 0.900789 0.724070 0.718200
  2 17.464182 0.347173 -0.745492 -0.544488 -0.071069 0.835752 0.714286 0.767123
  2 17.471568 -0.252338 -0.776497 -0.813119 -0.274195 -0.513474 0.727984 0.718200
mid.bmp
  2 17.471568 -0.252338 -0.776497 -0.813119 -0.274195 -0.513474 0.727984 0.718200
  2 17.464182 0.347173 -0.745492 -0.544488 -0.071069 0.835752 0.714286 0.767123
  2 17.464894 0.378146 -0.770267 -0.893800 0.013100 -0.448275 0.720157 0.769080
mid.bmp
  2 17.464182 0.347173 -0.745492 -0.544488 -0.071069 0.835752 0.714286 0.767123
  2 17.466853 0.584735 -0.683872 -0.504614 -0.355057 0.786956 0.706458 0.784736
  2 17.464894 0.378146 -0.770267 -0.893800 0.013100 -0.448275 0.720157 0.769080
mid.bmp
  2 17.464894 0.378146 -0.770267 -0.893800 0.013100 -0.448275 0.720157 0.769080
  2 17.466853 0.584735 -0.683872 -0.504614 -0.355057 0.786956 0.706458 0.784736
  2 17.454613 0.612882 -0.704558 -0.924321 0.076699 -0.373830 0.710372 0.786693
mid.bmp
  2 17.466853 0.584735 -0.683872 -0.504614 -0.355057 0.786956 0.706458 0.784736
  2 17.459743 0.732531 -0.583766 -0.535354 -0.632962 0.559245 0.698630 0.802348
  2 17.454613 0.612882 -0.704558 -0.924321 0.076699 -0.373830 0.710372 0.786693
mid.bmp
  2 17.454613 0.612882 -0.704558 -0.924321 0.076699 -0.373830 0.710372 0.786693
  2 17.459743 0.732531 -0.583766 -0.535354 -0.632962 0.559245 0.698630 0.802348
  2 17.448416 0.755972 -0.606485 -0.794788 0.461178 -0.394496 0.702544 0.806262
mid.bmp
  2 17.459743 0.732531 -0.583766 -0.535354 -0.632962 0.559245 0.698630 0.802348
  2 17.467881 0.891863 -0.400768 -0.995427 0.087458 0.038412 0.686888 0.814090
  2 17.448416 0.755972 -0.606485 -0.794788 0.461178 -0.394496 0.702544 0.806262
mid.bmp
  2 17.448416 0.755972 -0.606485 -0.794788 0.461178 -0.394496 0.702544 0.806262
  2 17.467881 0.891863 -0.400768 -0.995427 0.087458 0.038412 0.686888 0.814090
  2 17.491774 0.900025 -0.416051 -0.029570 0.875293 -0.482689 0.690802 0.821918
mid.bmp
  2 17.467881 0.891863 -0.400768 -0.995427 0.087458 0.038412 0.686888 0.814090
  2 17.479026 0.937262 -0.261035 -0.874383 0.462291 0.147451 0.671233 0.823875
  2 17.491774 0.900025 -0.416051 -0.029570 0.875293 -0.482689 0.690802 0.821918
mid.bmp
  2 17.491774 0.900025 -0.416051 -0.029570 0.875293 -0.482689 0.690802 0.821918
  2 17.479026 0.937262 -0.261035 -0.874383 0.462291 0.147451 0.671233 0.823875
  2 17.503586 0.947229 -0.267924 0.029563 0.993035 0.114050 0.673190 0.829746
mid.bmp
  2 17.479026 0.937262 -0.261035 -0.874383 0.462291 0.147451 0.671233 0.823875
  2 17.566005 0.818675 0.273027 0.100749 0.907789 0.407148 0.622309 0.819961
  2 17.503586 0.947229 -0.267924 0.029563 0.993035 0.114050 0.673190 0.829746
mid.bmp
  1 16.228552 -0.796903 0.785914 0.117660 -0.573315 0.810843 0.401174 0.119374
  1 14.412159 -0.832182 1.096166 0.135850 -0.500705 0.854891 0.412916 0.227006
  1 14.437940 -1.294399 0.554765 0.096975 -0.937013 0.335562 0.452055 0.225049
mid.bmp
  1 14.437940 -1.294399 0.554765 0.096975 -0.937013 0.335562 0.452055 0.225049
  1 14.412159 -0.832182 1.096166 0.135850 -0.500705 0.854891 0.412916 0.227006
  1 12.593214 -1.350755 0.753666 0.058538 -0.941614 0.331568 0.467710 0.332681
mid.bmp
  1 14.412159 -0.832182 1.096166 0.135850 -0.500705 0.854891 0.412916 0.227006
  1 12.581612 -0.794166 1.384399 0.062807 -0.505933 0.860283 0.424658 0.334638
  1 12.593214 -1.350755 0.753666 0.058538 -0.941614 0.331568 0.467710 0.332681
mid.bmp
  1 12.593214 -1.350755 0.753666 0.058538 -0.941614 0.331568 0.467710 0.332681
  1 12.581612 -0.794166 1.384399 0.062807 -0.505933 0.860283 0.424658 0.334638
  1 9.827726 -1.453870 0.786561 0.035224 -0.929737 0.366535 0.467710 0.475538
mid.bmp
  1 12.581612 -0.794166 1.384399 0.062807 -0.505933 0.860283 0.424658 0.334638
  1 9.791611 -0.850998 1.399638 0.011268 -0.384444 0.923080 0.428571 0.475538
  1 9.827726 -1.453870 0.786561 0.035224 -0.929737 0.366535 0.467710 0.475538
mid.bmp
  1 9.827726 -1.453870 0.786561 0.035224 -0.929737 0.366535 0.467710 0.475538
  1 9.791611 -0.850998 1.399638 0.011268 -0.384444 0.923080 0.428571 0.475538
  1 9.183800 -1.445927 0.850222 0.127712 -0.867068 0.481541 0.467710 0.504892
mid.bmp
  1 9.791611 -0.850998 1.399638 0.011268 -0.384444 0.923080 0.428571 0.475538
  1 9.210824 -0.771154 1.423986 0.065478 -0.282178 0.957125 0.430528 0.504892
  1 9.183800 -1.445927 0.850222 0.127712 -0.867068 0.481541 0.467710 0.504892
mid.bmp
  1 9.183800 -1.445927 0.850222 0.127712 -0.867068 0.481541 0.467710 0.504892
  1 9.210824 -0.771154 1.423986 0.065478 -0.282178 0.957125 0.430528 0.504892
  1 8.628251 -0.919941 1.476192 0.102140 -0.318061 0.942552 0.430528 0.530333
mid.bmp
  1 9.210824 -0.771154 1.423986 0.065478 -0.282178 0.957125 0.430528 0.504892
  1 8.487266 -0.092430 1.532857 0.030775 0.185238 0.982212 0.377691 0.532290
  1 8.628251 -0.919941 1.476192 0.102140 -0.318061 0.942552 0.430528 0.530333
mid.bmp
  1 8.628251 -0.919941 1.476192 0.102140 -0.318061 0.942552 0.430528 0.530333
  1 8.487266 -0.092430 1.532857 0.030775 0.185238 0.982212 0.377691 0.532290
  1 5.153359 -0.536594 1.709721 0.000832 0.136630 0.990622 0.377691 0.677104
mid.bmp
  1 8.487266 -0.092430 1.532857 0.030775 0.185238 0.982212 0.377691 0.532290
  1 5.063500 0.305688 1.393899 -0.080769 0.718106 0.691231 0.338552 0.677104
  1 5.153359 -0.536594 1.709721 0.000832 0.136630 0.990622 0.377691 0.677104
mid.bmp
  29 -21.584273 1.789777 -0.259671 -0.119867 0.606063 -0.786333 0.943249 0.645793
  30 -21.687062 1.806696 -0.230027 0.122585 0.566612 -0.814815 0.943249 0.634051
  29 -21.563160 1.907514 -0.082763 0.086686 0.876958 -0.472684 0.974560 0.639922
mid.bmp
  29 -21.563160 1.907514 -0.082763 0.086686 0.876958 -0.472684 0.974560 0.639922
  30 -21.687062 1.806696 -0.230027 0.122585 0.566612 -0.814815 0.943249 0.634051
  30 -21.690641 1.943994 -0.048186 0.311194 0.807981 -0.500325 0.972603 0.628180
mid.bmp
  30 -21.687062 1.806696 -0.230027 0.122585 0.566612 -0.814815 0.943249 0.634051
  30 -22.424762 2.163711 -0.150776 0.135776 0.474265 -0.869849 0.943249 0.534247
  30 -21.690641 1.943994 -0.048186 0.311194 0.807981 -0.500325 0.972603 0.628180
mid.bmp
  30 -21.690641 1.943994 -0.048186 0.311194 0.807981 -0.500325 0.972603 0.628180
  30 -22.424762 2.163711 -0.150776 0.135776 0.474265 -0.869849 0.943249 0.534247
  30 -22.405039 2.277763 -0.019192 0.354100 0.882493 -0.309546 0.970646 0.524462
mid.bmp
  30 -22.424762 2.163711 -0.150776 0.135776 0.474265 -0.869849 0.943249 0.534247
  31 -22.532679 2.221059 -0.135291 0.153511 0.461243 -0.873893 0.941292 0.510763
  30 -22.405039 2.277763 -0.019192 0.354100 0.882493 -0.309546 0.970646 0.524462
mid.bmp
  30 -22.405039 2.277763 -0.019192 0.354100 0.882493 -0.309546 0.970646 0.524462
  31 -22.532679 2.221059 -0.135291 0.153511 0.461243 -0.873893 0.941292 0.510763
  31 -22.967872 2.408467 -0.090880 0.103757 0.694771 -0.711708 0.941292 0.395303
mid.bmp
  31 -22.532679 2.221059 -0.135291 0.153511 0.461243 -0.873893 0.941292 0.510763
  31 -22.874551 2.281098 -0.148377 -0.142285 -0.096305 -0.985130 0.923679 0.414873
  31 -22.967872 2.408467 -0.090880 0.103757 0.694771 -0.711708 0.941292 0.395303
mid.bmp
  31 -22.967872 2.408467 -0.090880 0.103757 0.694771 -0.711708 0.941292 0.395303
  31 -22.874551 2.281098 -0.148377 -0.142285 -0.096305 -0.985130 0.923679 0.414873
  31 -23.037380 2.389532 -0.075880 -0.543196 0.294292 -0.786340 0.925636 0.385519
mid.bmp
  31 -22.874551 2.281098 -0.148377 -0.142285 -0.096305 -0.985130 0.923679 0.414873
  31 -23.050230 2.309786 -0.070920 -0.521725 -0.821511 -0.230052 0.904110 0.393346
  31 -23.037380 2.389532 -0.075880 -0.543196 0.294292 -0.786340 0.925636 0.385519
mid.bmp
  31 -23.037380 2.389532 -0.075880 -0.543196 0.294292 -0.786340 0.925636 0.385519
  31 -23.050230 2.309786 -0.070920 -0.521725 -0.821511 -0.230052 0.904110 0.393346
  31 -23.123272 2.449087 0.086308 -0.822957 0.448530 -0.348658 0.925636 0.365949
mid.bmp
  31 -23.050230 2.309786 -0.070920 -0.521725 -0.821511 -0.230052 0.904110 0.393346
  31 -23.120740 2.370065 0.117935 -0.893638 -0.415201 0.170351 0.904110 0.373777
  31 -23.123272 2.449087 0.086308 -0.822957 0.448530 -0.348658 0.925636 0.365949
mid.bmp
  23 -22.536521 -0.059190 -0.199269 -0.141415 0.256016 -0.956273 0.943249 0.645793
  24 -22.611860 -0.065173 -0.189382 -0.035013 0.280304 -0.959272 0.943249 0.634051
  23 -22.592113 0.130883 -0.022972 -0.086700 0.849589 -0.520271 0.974560 0.639922
mid.bmp
  23 -22.592113 0.130883 -0.022972 -0.086700 0.849589 -0.520271 0.974560 0.639922
  24 -22.611860 -0.065173 -0.189382 -0.035013 0.280304 -0.959272 0.943249 0.634051
  24 -22.709077 0.127620 -0.015068 -0.040562 0.862377 -0.504639 0.972603 0.628180
mid.bmp
  24 -22.611860 -0.065173 -0.189382 -0.035013 0.280304 -0.959272 0.943249 0.634051
  24 -23.731991 -0.085623 -0.162083 -0.033429 0.296143 -0.954558 0.943249 0.534247
  24 -22.709077 0.127620 -0.015068 -0.040562 0.862377 -0.504639 0.972603 0.628180
mid.bmp
  24 -22.709077 0.127620 -0.015068 -0.040562 0.862377 -0.504639 0.972603 0.628180
  24 -23.731991 -0.085623 -0.162083 -0.033429 0.296143 -0.954558 0.943249 0.534247
  24 -23.879616 0.091913 0.037736 -0.065186 0.955075 -0.289108 0.970646 0.524462
mid.bmp
  24 -23.731991 -0.085623 -0.162083 -0.033429 0.296143 -0.954558 0.943249 0.534247
  25 -23.951507 -0.071404 -0.149928 -0.082644 0.441041 -0.893674 0.941292 0.510763
  24 -23.879616 0.091913 0.037736 -0.065186 0.955075 -0.289108 0.970646 0.524462
mid.bmp
  24 -23.879616 0.091913 0.037736 -0.065186 0.955075 -0.289108 0.970646 0.524462
  25 -23.951507 -0.071404 -0.149928 -0.082644 0.441041 -0.893674 0.941292 0.510763
  25 -24.577472 -0.085764 -0.043044 -0.204804 0.711919 -0.671734 0.941292 0.395303
mid.bmp
  25 -23.951507 -0.071404 -0.149928 -0.082644 0.441041 -0.893674 0.941292 0.510763
  25 -24.433147 -0.202078 -0.138802 -0.160442 -0.108851 -0.981025 0.923679 0.414873
  25 -24.577472 -0.085764 -0.043044 -0.204804 0.711919 -0.671734 0.941292 0.395303
mid.bmp
  25 -24.577472 -0.085764 -0.043044 -0.204804 0.711919 -0.671734 0.941292 0.395303
  25 -24.433147 -0.202078 -0.138802 -0.160442 -0.108851 -0.981025 0.923679 0.414873
  25 -24.664381 -0.170616 -0.029578 -0.847110 -0.133649 -0.514337 0.925636 0.385519
mid.bmp
  25 -24.433147 -0.202078 -0.138802 -0.160442 -0.108851 -0.981025 0.923679 0.414873
  25 -24.595670 -0.365871 -0.006534 -0.215315 -0.939878 -0.265083 0.904110 0.393346
  25 -24.664381 -0.170616 -0.029578 -0.847110 -0.133649 -0.514337 0.925636 0.385519
mid.bmp
  25 -24.664381 -0.170616 -0.029578 -0.847110 -0.133649 -0.514337 0.925636 0.385519
  25 -24.595670 -0.365871 -0.006534 -0.215315 -0.939878 -0.265083 0.904110 0.393346
  25 -24.697167 -0.248207 0.304107 -0.850390 -0.520453 0.077232 0.904110 0.373777
mid.bmp
  25 -24.595670 -0.365871 -0.006534 -0.215315 -0.939878 -0.265083 0.904110 0.393346
  25 -24.556207 -0.331266 0.280413 -0.054255 -0.856790 0.512804 0.888454 0.393346
  25 -24.697167 -0.248207 0.304107 -0.850390 -0.520453 0.077232 0.904110 0.373777
mid.bmp
  28 -24.059809 -1.449975 0.097141 -0.891846 -0.055090 0.448972 0.923679 0.671233
  28 -24.077795 -1.447382 0.114050 -0.245638 0.290660 0.924759 0.925636 0.681018
  28 -24.010293 -1.280877 0.013178 -0.339456 0.704919 0.622784 0.894325 0.694716
mid.bmp
  28 -24.010293 -1.280877 0.013178 -0.339456 0.704919 0.622784 0.894325 0.694716
  28 -24.077795 -1.447382 0.114050 -0.245638 0.290660 0.924759 0.925636 0.681018
  28 -23.648456 -1.322877 0.166459 -0.165953 0.304604 0.937911 0.921722 0.751468
mid.bmp
  28 -24.077795 -1.447382 0.114050 -0.245638 0.290660 0.924759 0.925636 0.681018
  28 -23.955024 -1.556250 0.114412 -0.035284 -0.408070 0.912268 0.956947 0.688845
  28 -23.648456 -1.322877 0.166459 -0.165953 0.304604 0.937911 0.921722 0.751468
mid.bmp
  28 -23.648456 -1.322877 0.166459 -0.165953 0.304604 0.937911 0.921722 0.751468
  28 -23.955024 -1.556250 0.114412 -0.035284 -0.408070 0.912268 0.956947 0.688845
  28 -23.657183 -1.470365 0.118675 0.010211 -0.373982 0.927380 0.949119 0.747554
mid.bmp
  28 -23.955024 -1.556250 0.114412 -0.035284 -0.408070 0.912268 0.956947 0.688845
  28 -23.864848 -1.617864 0.028370 0.091251 -0.886703 0.453245 0.968689 0.706458
  28 -23.657183 -1.470365 0.118675 0.010211 -0.373982 0.927380 0.949119 0.747554
mid.bmp
  28 -23.657183 -1.470365 0.118675 0.010211 -0.373982 0.927380 0.949119 0.747554
  28 -23.864848 -1.617864 0.028370 0.091251 -0.886703 0.453245 0.968689 0.706458
  27 -23.284379 -1.394269 0.172428 0.046281 -0.491147 0.869846 0.949119 0.818004
mid.bmp
  28 -23.864848 -1.617864 0.028370 0.091251 -0.886703 0.453245 0.968689 0.706458
  27 -23.243178 -1.525653 0.036306 0.154466 -0.935055 0.319081 0.972603 0.829746
  27 -23.284379 -1.394269 0.172428 0.046281 -0.491147 0.869846 0.949119 0.818004
mid.bmp
  27 -23.284379 -1.394269 0.172428 0.046281 -0.491147 0.869846 0.949119 0.818004
  27 -23.243178 -1.525653 0.036306 0.154466 -0.935055 0.319081 0.972603 0.829746
  27 -22.309059 -1.193626 0.204872 0.059190 -0.472767 0.879197 0.951076 0.964775
mid.bmp
  27 -23.243178 -1.525653 0.036306 0.154466 -0.935055 0.319081 0.972603 0.829746
  27 -22.265476 -1.362256 0.031964 0.144088 -0.964977 0.219220 0.978474 0.974560
  27 -22.309059 -1.193626 0.204872 0.059190 -0.472767 0.879197 0.951076 0.964775
mid.bmp
  27 -22.309059 -1.193626 0.204872 0.059190 -0.472767 0.879197 0.951076 0.964775
  27 -22.265476 -1.362256 0.031964 0.144088 -0.964977 0.219220 0.978474 0.974560
  26 -22.222169 -1.170870 0.227180 -0.061016 -0.605188 0.793741 0.951076 0.982387
mid.bmp
  27 -22.265476 -1.362256 0.031964 0.144088 -0.964977 0.219220 0.978474 0.974560
  26 -22.159592 -1.363094 0.034848 0.013671 -0.975203 0.220890 0.978474 0.988258
  26 -22.222169 -1.170870 0.227180 -0.061016 -0.605188 0.793741 0.951076 0.982387
mid.bmp
  19 -17.760231 -0.674628 -0.506233 0.549193 0.444274 0.707818 0.608611 0.739726
  19 -17.704524 -0.950376 -0.275209 0.687098 0.466051 0.557398 0.622309 0.757339
  19 -17.523057 -0.835375 -0.606219 0.718021 0.388856 0.577267 0.602740 0.749511
mid.bmp
  19 -17.523057 -0.835375 -0.606219 0.718021 0.388856 0.577267 0.602740 0.749511
  19 -17.704524 -0.950376 -0.275209 0.687098 0.466051 0.557398 0.622309 0.757339
  19 -17.555248 -1.099667 -0.368385 0.749307 0.430829 0.502917 0.618395 0.767123
mid.bmp
  19 -17.704524 -0.950376 -0.275209 0.687098 0.466051 0.557398 0.622309 0.757339
  19 -17.721575 -1.167630 -0.126710 0.577158 0.683033 0.447611 0.636008 0.765166
  19 -17.555248 -1.099667 -0.368385 0.749307 0.430829 0.502917 0.618395 0.767123
mid.bmp
  19 -17.555248 -1.099667 -0.368385 0.749307 0.430829 0.502917 0.618395 0.767123
  19 -17.721575 -1.167630 -0.126710 0.577158 0.683033 0.447611 0.636008 0.765166
  19 -17.555612 -1.256551 -0.132633 0.609593 0.745578 0.269276 0.632094 0.774951
mid.bmp
  19 -17.721575 -1.167630 -0.126710 0.577158 0.683033 0.447611 0.636008 0.765166
  19 -17.717632 -1.218286 0.148777 0.512399 0.856129 0.067010 0.651663 0.769080
  19 -17.555612 -1.256551 -0.132633 0.609593 0.745578 0.269276 0.632094 0.774951
mid.bmp
  19 -17.555612 -1.256551 -0.132633 0.609593 0.745578 0.269276 0.632094 0.774951
  19 -17.717632 -1.218286 0.148777 0.512399 0.856129 0.067010 0.651663 0.769080
  19 -17.580080 -1.306230 0.156327 0.637162 0.769985 -0.033869 0.651663 0.778865
mid.bmp
  19 -17.717632 -1.218286 0.148777 0.512399 0.856129 0.067010 0.651663 0.769080
  19 -17.720787 -1.154773 0.322917 0.638007 0.671606 -0.376685 0.661448 0.769080
  19 -17.580080 -1.306230 0.156327 0.637162 0.769985 -0.033869 0.651663 0.778865
mid.bmp
  19 -17.580080 -1.306230 0.156327 0.637162 0.769985 -0.033869 0.651663 0.778865
  19 -17.720787 -1.154773 0.322917 0.638007 0.671606 -0.376685 0.661448 0.769080
  19 -17.598108 -1.246699 0.332708 0.785920 0.562165 -0.257487 0.663405 0.776908
mid.bmp
  19 -17.720787 -1.154773 0.322917 0.638007 0.671606 -0.376685 0.661448 0.769080
  19 -17.614433 -1.001575 0.709024 0.750879 0.374031 -0.544318 0.692759 0.759295
  19 -17.598108 -1.246699 0.332708 0.785920 0.562165 -0.257487 0.663405 0.776908
mid.bmp
  19 -17.598108 -1.246699 0.332708 0.785920 0.562165 -0.257487 0.663405 0.776908
  19 -17.614433 -1.001575 0.709024 0.750879 0.374031 -0.544318 0.692759 0.759295
  19 -17.618684 -1.028605 0.730739 0.830199 -0.310980 0.462667 0.694716 0.763209
mid.bmp
  19 -17.614433 -1.001575 0.709024 0.750879 0.374031 -0.544318 0.692759 0.759295
  19 -17.597042 -0.276428 0.881400 0.758332 -0.061536 0.648958 0.704501 0.710372
  19 -17.618684 -1.028605 0.730739 0.830199 -0.310980 0.462667 0.694716 0.763209
mid.bmp
  19 -17.554580 0.787541 0.222945 -0.089027 0.909690 0.405632 0.622309 0.819961
  19 -17.473918 0.898701 -0.313093 0.899613 0.415236 0.135186 0.671233 0.823875
  19 -17.498554 0.913788 -0.319455 -0.009165 0.992722 0.120081 0.673190 0.829746
mid.bmp
  19 -17.498554 0.913788 -0.319455 -0.009165 0.992722 0.120081 0.673190 0.829746
  19 -17.473918 0.898701 -0.313093 0.899613 0.415236 0.135186 0.671233 0.823875
  19 -17.491229 0.869717 -0.451577 0.027116 0.868417 -0.495093 0.690802 0.821918
mid.bmp
  19 -17.473918 0.898701 -0.313093 0.899613 0.415236 0.135186 0.671233 0.823875
  19 -17.466582 0.859660 -0.445148 0.997116 0.074924 0.012114 0.686888 0.814090
  19 -17.491229 0.869717 -0.451577 0.027116 0.868417 -0.495093 0.690802 0.821918
mid.bmp
  19 -17.491229 0.869717 -0.451577 0.027116 0.868417 -0.495093 0.690802 0.821918
  19 -17.466582 0.859660 -0.445148 0.997116 0.074924 0.012114 0.686888 0.814090
  19 -17.456013 0.733460 -0.639062 0.801758 0.458919 -0.382854 0.702544 0.806262
mid.bmp
  19 -17.466582 0.859660 -0.445148 0.997116 0.074924 0.012114 0.686888 0.814090
  19 -17.467509 0.711552 -0.613996 0.545077 -0.637646 0.544333 0.698630 0.802348
  19 -17.456013 0.733460 -0.639062 0.801758 0.458919 -0.382854 0.702544 0.806262
mid.bmp
  19 -17.456013 0.733460 -0.639062 0.801758 0.458919 -0.382854 0.702544 0.806262
  19 -17.467509 0.711552 -0.613996 0.545077 -0.637646 0.544333 0.698630 0.802348
  19 -17.455554 0.593577 -0.747295 0.889962 0.123919 -0.438876 0.710372 0.786693
mid.bmp
  19 -17.467509 0.711552 -0.613996 0.545077 -0.637646 0.544333 0.698630 0.802348
  19 -17.466401 0.557610 -0.727061 0.489487 -0.377983 0.785832 0.706458 0.784736
  19 -17.455554 0.593577 -0.747295 0.889962 0.123919 -0.438876 0.710372 0.786693
mid.bmp
  19 -17.455554 0.593577 -0.747295 0.889962 0.123919 -0.438876 0.710372 0.786693
  19 -17.466401 0.557610 -0.727061 0.489487 -0.377983 0.785832 0.706458 0.784736
  19 -17.464899 0.354416 -0.818782 0.837857 0.017246 -0.545618 0.720157 0.769080
mid.bmp
  19 -17.466401 0.557610 -0.727061 0.489487 -0.377983 0.785832 0.706458 0.784736
  19 -17.465827 0.326394 -0.789932 0.528597 -0.083892 0.844717 0.714286 0.767123
  19 -17.464899 0.354416 -0.818782 0.837857 0.017246 -0.545618 0.720157 0.769080
mid.bmp
  19 -17.464899 0.354416 -0.818782 0.837857 0.017246 -0.545618 0.720157 0.769080
  19 -17.465827 0.326394 -0.789932 0.528597 -0.083892 0.844717 0.714286 0.767123
  19 -17.482420 -0.285779 -0.823522 0.787067 -0.271057 -0.554124 0.727984 0.718200
mid.bmp
  19 -17.465827 0.326394 -0.789932 0.528597 -0.083892 0.844717 0.714286 0.767123
  19 -17.488858 -0.286725 -0.798814 0.433580 -0.148195 0.888846 0.724070 0.718200
  19 -17.482420 -0.285779 -0.823522 0.787067 -0.271057 -0.554124 0.727984 0.718200
mid.bmp
  19 -18.004623 -0.467873 -0.835231 0.826999 0.277441 0.488977 0.876712 0.381605
  19 -18.002407 -0.498782 -0.867738 0.885096 -0.286434 -0.366826 0.864971 0.381605
  19 -17.997516 -0.419634 -0.912512 0.975682 -0.136893 -0.171185 0.864971 0.360078
mid.bmp
  19 -17.997516 -0.419634 -0.912512 0.975682 -0.136893 -0.171185 0.864971 0.360078
  19 -18.002407 -0.498782 -0.867738 0.885096 -0.286434 -0.366826 0.864971 0.381605
  19 -18.038179 -0.424643 -0.925587 0.152770 -0.495624 -0.854996 0.853229 0.360078
mid.bmp
  19 -18.002407 -0.498782 -0.867738 0.885096 -0.286434 -0.366826 0.864971 0.381605
  19 -18.037434 -0.502991 -0.880738 0.012547 -0.604882 -0.796216 0.853229 0.381605
  19 -18.038179 -0.424643 -0.925587 0.152770 -0.495624 -0.854996 0.853229 0.360078
mid.bmp
  19 -18.038179 -0.424643 -0.925587 0.152770 -0.495624 -0.854996 0.853229 0.360078
  19 -18.037434 -0.502991 -0.880738 0.012547 -0.604882 -0.796216 0.853229 0.381605
  19 -18.059829 -0.418095 -0.915261 -0.812944 -0.278679 -0.511331 0.841487 0.360078
mid.bmp
  19 -18.037434 -0.502991 -0.880738 0.012547 -0.604882 -0.796216 0.853229 0.381605
  19 -18.062735 -0.496445 -0.867893 -0.823977 -0.313524 -0.471979 0.841487 0.381605
  19 -18.059829 -0.418095 -0.915261 -0.812944 -0.278679 -0.511331 0.841487 0.360078
mid.bmp
  19 -18.059829 -0.418095 -0.915261 -0.812944 -0.278679 -0.511331 0.841487 0.360078
  19 -18.062735 -0.496445 -0.867893 -0.823977 -0.313524 -0.471979 0.841487 0.381605
  19 -18.074035 -0.359415 -0.880637 -0.996888 0.013687 0.077627 0.829746 0.360078
mid.bmp
  19 -18.062735 -0.496445 -0.867893 -0.823977 -0.313524 -0.471979 0.841487 0.381605
  19 -18.073869 -0.468796 -0.842866 -0.961057 0.142857 0.236563 0.829746 0.381605
  19 -18.074035 -0.359415 -0.880637 -0.996888 0.013687 0.077627 0.829746 0.360078
mid.bmp
  19 -18.074035 -0.359415 -0.880637 -0.996888 0.013687 0.077627 0.829746 0.360078
  19 -18.073869 -0.468796 -0.842866 -0.961057 0.142857 0.236563 0.829746 0.381605
  19 -18.043839 -0.351451 -0.873381 -0.355549 0.415324 0.837312 0.818004 0.360078
mid.bmp
  19 -18.073869 -0.468796 -0.842866 -0.961057 0.142857 0.236563 0.829746 0.381605
  19 -18.046134 -0.456581 -0.814820 -0.162448 0.509062 0.845261 0.818004 0.381605
  19 -18.043839 -0.351451 -0.873381 -0.355549 0.415324 0.837312 0.818004 0.360078
mid.bmp
  19 -18.043839 -0.351451 -0.873381 -0.355549 0.415324 0.837312 0.818004 0.360078
  19 -18.046134 -0.456581 -0.814820 -0.162448 0.509062 0.845261 0.818004 0.381605
  19 -18.004749 -0.358133 -0.873249 0.684119 0.292894 0.667978 0.808219 0.360078
mid.bmp
  19 -18.046134 -0.456581 -0.814820 -0.162448 0.509062 0.845261 0.818004 0.381605
  19 -18.004623 -0.467873 -0.835231 0.826999 0.277441 0.488977 0.808219 0.381605
  19 -18.004749 -0.358133 -0.873249 0.684119 0.292894 0.667978 0.808219 0.360078
mid.bmp
  19 -18.009582 -0.568534 -0.747370 0.833110 0.417383 0.362931 0.876712 0.405088
  19 -18.006954 -0.600436 -0.779577 0.820014 -0.458358 -0.342762 0.864971 0.405088
  19 -18.002407 -0.498782 -0.867738 0.885096 -0.286434 -0.366826 0.864971 0.381605
mid.bmp
  19 -18.002407 -0.498782 -0.867738 0.885096 -0.286434 -0.366826 0.864971 0.381605
  19 -18.006954 -0.600436 -0.779577 0.820014 -0.458358 -0.342762 0.864971 0.405088
  19 -18.037434 -0.502991 -0.880738 0.012547 -0.604882 -0.796216 0.853229 0.381605
mid.bmp
  19 -18.006954 -0.600436 -0.779577 0.820014 -0.458358 -0.342762 0.864971 0.405088
  19 -18.044501 -0.613886 -0.784497 0.032672 -0.803129 -0.594909 0.853229 0.405088
  19 -18.037434 -0.502991 -0.880738 0.012547 -0.604882 -0.796216 0.853229 0.381605
mid.bmp
  19 -18.037434 -0.502991 -0.880738 0.012547 -0.604882 -0.796216 0.853229 0.381605
  19 -18.044501 -0.613886 -0.784497 0.032672 -0.803129 -0.594909 0.853229 0.405088
  19 -18.062735 -0.496445 -0.867893 -0.823977 -0.313524 -0.471979 0.841487 0.381605
mid.bmp
  19 -18.044501 -0.613886 -0.784497 0.032672 -0.803129 -0.594909 0.853229 0.405088
  19 -18.067965 -0.598189 -0.780593 -0.811790 -0.460860 -0.358617 0.841487 0.405088
  19 -18.062735 -0.496445 -0.867893 -0.823977 -0.313524 -0.471979 0.841487 0.381605
mid.bmp
  19 -18.062735 -0.496445 -0.867893 -0.823977 -0.313524 -0.471979 0.841487 0.381605
  19 -18.067965 -0.598189 -0.780593 -0.811790 -0.460860 -0.358617 0.841487 0.405088
  19 -18.073869 -0.468796 -0.842866 -0.961057 0.142857 0.236563 0.829746 0.381605
mid.bmp
  19 -18.067965 -0.598189 -0.780593 -0.811790 -0.460860 -0.358617 0.841487 0.405088
  19 -18.078074 -0.571732 -0.759752 -0.921029 0.279846 0.270908 0.829746 0.405088
  19 -18.073869 -0.468796 -0.842866 -0.961057 0.142857 0.236563 0.829746 0.381605
mid.bmp
  19 -18.073869 -0.468796 -0.842866 -0.961057 0.142857 0.236563 0.829746 0.381605
  19 -18.078074 -0.571732 -0.759752 -0.921029 0.279846 0.270908 0.829746 0.405088
  19 -18.046134 -0.456581 -0.814820 -0.162448 0.509062 0.845261 0.818004 0.381605
mid.bmp
  19 -18.078074 -0.571732 -0.759752 -0.921029 0.279846 0.270908 0.829746 0.405088
  19 -18.045187 -0.555393 -0.746319 -0.068519 0.732685 0.677110 0.818004 0.405088
  19 -18.046134 -0.456581 -0.814820 -0.162448 0.509062 0.845261 0.818004 0.381605
mid.bmp
  19 -18.046134 -0.456581 -0.814820 -0.162448 0.509062 0.845261 0.818004 0.381605
  19 -18.045187 -0.555393 -0.746319 -0.068519 0.732685 0.677110 0.818004 0.405088
  19 -18.004623 -0.467873 -0.835231 0.826999 0.277441 0.488977 0.808219 0.381605
mid.bmp
  19 -18.045187 -0.555393 -0.746319 -0.068519 0.732685 0.677110 0.818004 0.405088
  19 -18.009582 -0.568534 -0.747370 0.833110 0.417383 0.362931 0.808219 0.405088
  19 -18.004623 -0.467873 -0.835231 0.826999 0.277441 0.488977 0.808219 0.381605
mid.bmp
  19 -18.013690 -0.637180 -0.637751 0.927468 0.293454 0.231708 0.876712 0.428571
  19 -18.016119 -0.668840 -0.636329 0.658285 -0.686530 -0.308767 0.864971 0.428571
  19 -18.006954 -0.600436 -0.779577 0.820014 -0.458358 -0.342762 0.864971 0.405088
mid.bmp
  19 -18.006954 -0.600436 -0.779577 0.820014 -0.458358 -0.342762 0.864971 0.405088
  19 -18.016119 -0.668840 -0.636329 0.658285 -0.686530 -0.308767 0.864971 0.428571
  19 -18.044501 -0.613886 -0.784497 0.032672 -0.803129 -0.594909 0.853229 0.405088
mid.bmp
  19 -18.016119 -0.668840 -0.636329 0.658285 -0.686530 -0.308767 0.864971 0.428571
  19 -18.046715 -0.693873 -0.629736 -0.196789 -0.871050 -0.450052 0.853229 0.428571
  19 -18.044501 -0.613886 -0.784497 0.032672 -0.803129 -0.594909 0.853229 0.405088
mid.bmp
  19 -18.044501 -0.613886 -0.784497 0.032672 -0.803129 -0.594909 0.853229 0.405088
  19 -18.046715 -0.693873 -0.629736 -0.196789 -0.871050 -0.450052 0.853229 0.428571
  19 -18.067965 -0.598189 -0.780593 -0.811790 -0.460860 -0.358617 0.841487 0.405088
mid.bmp
  19 -18.046715 -0.693873 -0.629736 -0.196789 -0.871050 -0.450052 0.853229 0.428571
  19 -18.076019 -0.663760 -0.641333 -0.880203 -0.415563 -0.229238 0.841487 0.428571
  19 -18.067965 -0.598189 -0.780593 -0.811790 -0.460860 -0.358617 0.841487 0.405088
mid.bmp
  19 -18.067965 -0.598189 -0.780593 -0.811790 -0.460860 -0.358617 0.841487 0.405088
  19 -18.076019 -0.663760 -0.641333 -0.880203 -0.415563 -0.229238 0.841487 0.428571
  19 -18.078074 -0.571732 -0.759752 -0.921029 0.279846 0.270908 0.829746 0.405088
mid.bmp
  19 -18.076019 -0.663760 -0.641333 -0.880203 -0.415563 -0.229238 0.841487 0.428571
  19 -18.075948 -0.638760 -0.641268 -0.706042 0.609610 0.360389 0.829746 0.428571
  19 -18.078074 -0.571732 -0.759752 -0.921029 0.279846 0.270908 0.829746 0.405088
mid.bmp
  19 -18.078074 -0.571732 -0.759752 -0.921029 0.279846 0.270908 0.829746 0.405088
  19 -18.075948 -0.638760 -0.641268 -0.706042 0.609610 0.360389 0.829746 0.428571
  19 -18.045187 -0.555393 -0.746319 -0.068519 0.732685 0.677110 0.818004 0.405088
mid.bmp
  19 -18.075948 -0.638760 -0.641268 -0.706042 0.609610 0.360389 0.829746 0.428571
  19 -18.049251 -0.621046 -0.639719 0.089192 0.845137 0.527056 0.818004 0.428571
  19 -18.045187 -0.555393 -0.746319 -0.068519 0.732685 0.677110 0.818004 0.405088
mid.bmp
  19 -18.045187 -0.555393 -0.746319 -0.068519 0.732685 0.677110 0.818004 0.405088
  19 -18.049251 -0.621046 -0.639719 0.089192 0.845137 0.527056 0.818004 0.428571
  19 -18.009582 -0.568534 -0.747370 0.833110 0.417383 0.362931 0.808219 0.405088
mid.bmp
  19 -18.049251 -0.621046 -0.639719 0.089192 0.845137 0.527056 0.818004 0.428571
  19 -18.013690 -0.637180 -0.637751 0.927468 0.293454 0.231708 0.808219 0.428571
  19 -18.009582 -0.568534 -0.747370 0.833110 0.417383 0.362931 0.808219 0.405088
mid.bmp
  19 -18.237267 0.760150 -0.598251 0.181006 0.657929 -0.731004 0.050881 0.829746
  19 -18.224821 0.617021 -0.776830 -0.127661 0.526856 -0.840313 0.070450 0.839530
  19 -18.226258 0.606960 -0.751896 0.174985 0.505888 -0.844664 0.072407 0.829746
mid.bmp
  19 -18.226258 0.606960 -0.751896 0.174985 0.505888 -0.844664 0.072407 0.829746
  19 -18.224821 0.617021 -0.776830 -0.127661 0.526856 -0.840313 0.070450 0.839530
  19 -18.276135 0.398542 -0.822878 0.152418 0.047629 -0.987168 0.091977 0.829746
mid.bmp
  19 -18.224821 0.617021 -0.776830 -0.127661 0.526856 -0.840313 0.070450 0.839530
  19 -18.284512 0.397680 -0.861469 -0.027777 0.035514 -0.998983 0.091977 0.839530
  19 -18.276135 0.398542 -0.822878 0.152418 0.047629 -0.987168 0.091977 0.829746
mid.bmp
  19 -18.276135 0.398542 -0.822878 0.152418 0.047629 -0.987168 0.091977 0.829746
  19 -18.284512 0.397680 -0.861469 -0.027777 0.035514 -0.998983 0.091977 0.839530
  19 -18.265283 -0.347873 -0.813524 0.077374 -0.190835 -0.978568 0.199609 0.833659
mid.bmp
  19 -18.284512 0.397680 -0.861469 -0.027777 0.035514 -0.998983 0.091977 0.839530
  19 -18.229046 -0.407799 -0.844660 -0.036121 -0.142687 -0.989108 0.199609 0.841487
  19 -18.265283 -0.347873 -0.813524 0.077374 -0.190835 -0.978568 0.199609 0.833659
mid.bmp
  19 -18.265283 -0.347873 -0.813524 0.077374 -0.190835 -0.978568 0.199609 0.833659
  19 -18.229046 -0.407799 -0.844660 -0.036121 -0.142687 -0.989108 0.199609 0.841487
  19 -18.274566 -0.746247 -0.642604 -0.034556 -0.511817 -0.858399 0.242661 0.833659
mid.bmp
  19 -18.229046 -0.407799 -0.844660 -0.036121 -0.142687 -0.989108 0.199609 0.841487
  19 -18.243083 -0.796435 -0.695896 -0.056370 -0.473019 -0.879247 0.244618 0.843444
  19 -18.274566 -0.746247 -0.642604 -0.034556 -0.511817 -0.858399 0.242661 0.833659
mid.bmp
  19 -18.274566 -0.746247 -0.642604 -0.034556 -0.511817 -0.858399 0.242661 0.833659
  19 -18.243083 -0.796435 -0.695896 -0.056370 -0.473019 -0.879247 0.244618 0.843444
  19 -18.292832 -1.068443 -0.373883 0.218221 -0.648536 -0.729233 0.287671 0.833659
mid.bmp
  19 -18.243083 -0.796435 -0.695896 -0.056370 -0.473019 -0.879247 0.244618 0.843444
  19 -18.235505 -1.119613 -0.437324 0.025462 -0.693329 -0.720172 0.287671 0.843444
  19 -18.292832 -1.068443 -0.373883 0.218221 -0.648536 -0.729233 0.287671 0.833659
mid.bmp
  19 -18.292832 -1.068443 -0.373883 0.218221 -0.648536 -0.729233 0.287671 0.833659
  19 -18.235505 -1.119613 -0.437324 0.025462 -0.693329 -0.720172 0.287671 0.843444
  19 -18.256108 -1.254313 -0.232262 -0.122784 -0.900555 -0.417043 0.305284 0.841487
mid.bmp
  19 -18.235505 -1.119613 -0.437324 0.025462 -0.693329 -0.720172 0.287671 0.843444
  19 -17.917829 -1.103561 -0.361691 0.257766 -0.739286 -0.622103 0.283757 0.888454
  19 -18.256108 -1.254313 -0.232262 -0.122784 -0.900555 -0.417043 0.305284 0.841487
mid.bmp
  15 19.045780 -1.868778 -0.234211 -0.571604 -0.414982 -0.707856 0.720157 0.833659
  15 19.635350 -1.878965 -0.566469 -0.132257 -0.246035 -0.960195 0.782779 0.819961
  16 19.345260 -2.298318 -0.211442 -0.550981 -0.409132 -0.727345 0.737769 0.780822
mid.bmp
  16 19.345260 -2.298318 -0.211442 -0.550981 -0.409132 -0.727345 0.737769 0.780822
  15 19.635350 -1.878965 -0.566469 -0.132257 -0.246035 -0.960195 0.782779 0.819961
  16 19.784610 -2.303150 -0.472676 -0.051129 -0.221585 -0.973800 0.784736 0.772994
mid.bmp
  15 19.635350 -1.878965 -0.566469 -0.132257 -0.246035 -0.960195 0.782779 0.819961
  15 20.235140 -1.711386 -0.333567 0.575314 0.015684 -0.817782 0.845401 0.814090
  16 19.784610 -2.303150 -0.472676 -0.051129 -0.221585 -0.973800 0.784736 0.772994
mid.bmp
  16 19.784610 -2.303150 -0.472676 -0.051129 -0.221585 -0.973800 0.784736 0.772994
  15 20.235140 -1.711386 -0.333567 0.575314 0.015684 -0.817782 0.845401 0.814090
  16 20.261256 -2.086093 -0.315179 0.609624 -0.013630 -0.792573 0.839530 0.776908
mid.bmp
  15 20.235140 -1.711386 -0.333567 0.575314 0.015684 -0.817782 0.845401 0.814090
  16 20.413683 -1.923962 0.110285 0.997193 0.011689 -0.073959 0.857143 0.782779
  16 20.261256 -2.086093 -0.315179 0.609624 -0.013630 -0.792573 0.839530 0.776908
mid.bmp
  16 20.261256 -2.086093 -0.315179 0.609624 -0.013630 -0.792573 0.839530 0.776908
  16 20.413683 -1.923962 0.110285 0.997193 0.011689 -0.073959 0.857143 0.782779
  16 20.328002 -2.613554 -0.261872 0.681914 0.015235 -0.731274 0.829746 0.724070
mid.bmp
  16 20.413683 -1.923962 0.110285 0.997193 0.011689 -0.073959 0.857143 0.782779
  16 20.420549 -2.545290 -0.074346 0.965754 0.074814 -0.248438 0.843444 0.726027
  16 20.328002 -2.613554 -0.261872 0.681914 0.015235 -0.731274 0.829746 0.724070
mid.bmp
  16 20.328002 -2.613554 -0.261872 0.681914 0.015235 -0.731274 0.829746 0.724070
  16 20.420549 -2.545290 -0.074346 0.965754 0.074814 -0.248438 0.843444 0.726027
  16 20.414971 -2.969041 -0.183258 0.647717 -0.087543 -0.756835 0.829746 0.686888
mid.bmp
  16 20.420549 -2.545290 -0.074346 0.965754 0.074814 -0.248438 0.843444 0.726027
  16 20.456266 -2.959920 0.116828 0.976489 0.015552 0.215005 0.847358 0.684932
  16 20.414971 -2.969041 -0.183258 0.647717 -0.087543 -0.756835 0.829746 0.686888
mid.bmp
  16 20.414971 -2.969041 -0.183258 0.647717 -0.087543 -0.756835 0.829746 0.686888
  16 20.456266 -2.959920 0.116828 0.976489 0.015552 0.215005 0.847358 0.684932
  16 20.435817 -2.970804 0.129170 0.857265 -0.514470 0.020415 0.849315 0.681018
mid.bmp
  12 21.565426 1.921427 -0.084014 0.744427 0.598107 -0.296810 0.667319 0.385519
  12 21.531882 1.951338 -0.113169 -0.209545 0.837399 -0.504831 0.673190 0.383562
  12 21.580434 1.961125 0.102134 0.582142 0.809688 -0.074267 0.659491 0.371820
mid.bmp
  12 21.580434 1.961125 0.102134 0.582142 0.809688 -0.074267 0.659491 0.371820
  12 21.531882 1.951338 -0.113169 -0.209545 0.837399 -0.504831 0.673190 0.383562
  12 21.551353 1.973810 0.116040 -0.287944 0.847916 0.445114 0.667319 0.369863
mid.bmp
  12 21.531882 1.951338 -0.113169 -0.209545 0.837399 -0.504831 0.673190 0.383562
  12 20.678014 1.663222 -0.152186 -0.249218 0.920946 -0.299582 0.753425 0.354207
  12 21.551353 1.973810 0.116040 -0.287944 0.847916 0.445114 0.667319 0.369863
mid.bmp
  12 21.551353 1.973810 0.116040 -0.287944 0.847916 0.445114 0.667319 0.369863
  12 20.678014 1.663222 -0.152186 -0.249218 0.920946 -0.299582 0.753425 0.354207
  2 20.677222 1.648640 -0.335139 -0.228831 0.876958 0.422588 0.747554 0.340509
mid.bmp
  12 20.678014 1.663222 -0.152186 -0.249218 0.920946 -0.299582 0.753425 0.354207
  2 20.236203 1.548549 -0.682641 -0.251402 0.846288 -0.469674 0.784736 0.352250
  2 20.677222 1.648640 -0.335139 -0.228831 0.876958 0.422588 0.747554 0.340509
mid.bmp
  2 20.677222 1.648640 -0.335139 -0.228831 0.876958 0.422588 0.747554 0.340509
  2 20.236203 1.548549 -0.682641 -0.251402 0.846288 -0.469674 0.784736 0.352250
  2 20.323603 1.541125 -0.288266 -0.142757 0.844158 0.516738 0.780822 0.332681
mid.bmp
  2 20.236203 1.548549 -0.682641 -0.251402 0.846288 -0.469674 0.784736 0.352250
  2 19.336954 1.375912 -0.315271 -0.242784 0.933051 0.265466 0.866928 0.315068
  2 20.323603 1.541125 -0.288266 -0.142757 0.844158 0.516738 0.780822 0.332681
mid.bmp
  2 20.323603 1.541125 -0.288266 -0.142757 0.844158 0.516738 0.780822 0.332681
  2 19.336954 1.375912 -0.315271 -0.242784 0.933051 0.265466 0.866928 0.315068
  2 20.490248 1.198115 0.021365 0.017706 0.668346 0.743640 0.769080 0.299413
mid.bmp
  2 19.336954 1.375912 -0.315271 -0.242784 0.933051 0.265466 0.866928 0.315068
  2 19.296242 1.023728 0.194503 -0.044361 0.670138 0.740910 0.878669 0.281800
  2 20.490248 1.198115 0.021365 0.017706 0.668346 0.743640 0.769080 0.299413
mid.bmp
  2 20.490248 1.198115 0.021365 0.017706 0.668346 0.743640 0.769080 0.299413
  2 19.296242 1.023728 0.194503 -0.044361 0.670138 0.740910 0.878669 0.281800
  2 20.556152 0.693444 0.378017 0.103927 0.405400 0.908213 0.769080 0.250489
mid.bmp
  2 17.872540 0.397041 -0.786129 -0.172749 0.011629 -0.984897 0.105675 0.890411
  2 17.865714 0.405013 -0.809331 -0.134137 0.017238 -0.990813 0.105675 0.886497
  2 17.847820 -0.405840 -0.755222 -0.240943 -0.153329 -0.958351 0.201566 0.890411
mid.bmp
  2 17.847820 -0.405840 -0.755222 -0.240943 -0.153329 -0.958351 0.201566 0.890411
  2 17.865714 0.405013 -0.809331 -0.134137 0.017238 -0.990813 0.105675 0.886497
  2 18.218496 0.408798 -0.832761 -0.002570 0.039403 -0.999220 0.091977 0.839530
mid.bmp
  2 17.865714 0.405013 -0.809331 -0.134137 0.017238 -0.990813 0.105675 0.886497
  2 17.871750 0.634019 -0.740370 -0.128652 0.414691 -0.900822 0.082192 0.886497
  2 18.218496 0.408798 -0.832761 -0.002570 0.039403 -0.999220 0.091977 0.839530
mid.bmp
  2 18.218496 0.408798 -0.832761 -0.002570 0.039403 -0.999220 0.091977 0.839530
  2 17.871750 0.634019 -0.740370 -0.128652 0.414691 -0.900822 0.082192 0.886497
  2 18.278371 0.631883 -0.755484 0.099727 0.490780 -0.865557 0.070450 0.839530
mid.bmp
  2 17.871750 0.634019 -0.740370 -0.128652 0.414691 -0.900822 0.082192 0.886497
  2 17.886162 0.771931 -0.625829 -0.085828 0.686856 -0.721708 0.058708 0.884540
  2 18.278371 0.631883 -0.755484 0.099727 0.490780 -0.865557 0.070450 0.839530
mid.bmp
  2 18.278371 0.631883 -0.755484 0.099727 0.490780 -0.865557 0.070450 0.839530
  2 17.886162 0.771931 -0.625829 -0.085828 0.686856 -0.721708 0.058708 0.884540
  2 18.307334 0.796220 -0.638791 0.005367 0.743295 -0.668942 0.050881 0.837573
mid.bmp
  2 17.886162 0.771931 -0.625829 -0.085828 0.686856 -0.721708 0.058708 0.884540
  2 17.900262 0.903272 -0.451482 -0.128863 0.829840 -0.542918 0.039139 0.884540
  2 18.307334 0.796220 -0.638791 0.005367 0.743295 -0.668942 0.050881 0.837573
mid.bmp
  2 18.307334 0.796220 -0.638791 0.005367 0.743295 -0.668942 0.050881 0.837573
  2 17.900262 0.903272 -0.451482 -0.128863 0.829840 -0.542918 0.039139 0.884540
  2 18.242504 0.941506 -0.437745 0.075499 0.882675 -0.463879 0.031311 0.837573
mid.bmp
  2 17.900262 0.903272 -0.451482 -0.128863 0.829840 -0.542918 0.039139 0.884540
  2 17.910363 0.951329 -0.325071 -0.103809 0.972041 0.210617 0.019569 0.884540
  2 18.242504 0.941506 -0.437745 0.075499 0.882675 -0.463879 0.031311 0.837573
mid.bmp
  2 18.242504 0.941506 -0.437745 0.075499 0.882675 -0.463879 0.031311 0.837573
  2 17.910363 0.951329 -0.325071 -0.103809 0.972041 0.210617 0.019569 0.884540
  2 18.250989 0.985321 -0.331665 0.015203 0.973048 0.230102 0.011742 0.835616
mid.bmp
  19 -17.776996 -1.143034 0.332991 -0.021895 -0.886241 0.462706 0.056751 0.015656
  18 -16.239784 -1.156802 0.178654 -0.047060 -0.996445 -0.069877 0.072407 0.107632
  18 -16.338887 -1.103655 0.370456 -0.067403 -0.854521 0.515025 0.060665 0.107632
mid.bmp
  18 -16.338887 -1.103655 0.370456 -0.067403 -0.854521 0.515025 0.060665 0.107632
  18 -16.239784 -1.156802 0.178654 -0.047060 -0.996445 -0.069877 0.072407 0.107632
  18 -14.415384 -1.341190 0.524853 -0.100743 -0.934296 0.341969 0.043053 0.217221
mid.bmp
  18 -16.239784 -1.156802 0.178654 -0.047060 -0.996445 -0.069877 0.072407 0.107632
  18 -14.313389 -1.287800 -0.187162 -0.074429 -0.938741 -0.336490 0.080235 0.221135
  18 -14.415384 -1.341190 0.524853 -0.100743 -0.934296 0.341969 0.043053 0.217221
mid.bmp
  18 -14.415384 -1.341190 0.524853 -0.100743 -0.934296 0.341969 0.043053 0.217221
  18 -14.313389 -1.287800 -0.187162 -0.074429 -0.938741 -0.336490 0.080235 0.221135
  18 -12.597644 -1.401712 0.704584 -0.060078 -0.935682 0.347693 0.025440 0.326810
mid.bmp
  18 -14.313389 -1.287800 -0.187162 -0.074429 -0.938741 -0.336490 0.080235 0.221135
  18 -12.510618 -1.424885 -0.191738 -0.052518 -0.947995 -0.313923 0.068493 0.326810
  18 -12.597644 -1.401712 0.704584 -0.060078 -0.935682 0.347693 0.025440 0.326810
mid.bmp
  18 -12.597644 -1.401712 0.704584 -0.060078 -0.935682 0.347693 0.025440 0.326810
  18 -12.510618 -1.424885 -0.191738 -0.052518 -0.947995 -0.313923 0.068493 0.326810
  18 -9.828271 -1.516927 0.741628 -0.042075 -0.926648 0.373567 0.015656 0.473581
mid.bmp
  18 -12.510618 -1.424885 -0.191738 -0.052518 -0.947995 -0.313923 0.068493 0.326810
  18 -9.784274 -1.547294 -0.154248 -0.049310 -0.923729 -0.379859 0.058708 0.471624
  18 -9.828271 -1.516927 0.741628 -0.042075 -0.926648 0.373567 0.015656 0.473581
mid.bmp
  18 -9.828271 -1.516927 0.741628 -0.042075 -0.926648 0.373567 0.015656 0.473581
  18 -9.784274 -1.547294 -0.154248 -0.049310 -0.923729 -0.379859 0.058708 0.471624
  18 -9.203684 -1.517526 0.807780 -0.110778 -0.897167 0.427575 0.007828 0.502935
mid.bmp
  18 -9.784274 -1.547294 -0.154248 -0.049310 -0.923729 -0.379859 0.058708 0.471624
  18 -9.203106 -1.617400 -0.138605 -0.207984 -0.948131 -0.240394 0.052838 0.497065
  18 -9.203684 -1.517526 0.807780 -0.110778 -0.897167 0.427575 0.007828 0.502935
mid.bmp
  18 -9.203684 -1.517526 0.807780 -0.110778 -0.897167 0.427575 0.007828 0.502935
  18 -9.203106 -1.617400 -0.138605 -0.207984 -0.948131 -0.240394 0.052838 0.497065
  18 -8.721177 -1.675173 0.806257 -0.172227 -0.808412 0.562857 0.007828 0.528376
mid.bmp
  13 21.783313 1.912828 0.145132 -0.240283 0.340673 0.908959 0.919765 0.964775
  13 22.518568 2.246963 0.217323 -0.191774 0.386605 0.902086 0.921722 0.814090
  13 22.469771 2.299358 0.160810 -0.349981 0.739994 0.574389 0.894325 0.814090
mid.bmp
  13 22.469771 2.299358 0.160810 -0.349981 0.739994 0.574389 0.894325 0.814090
  13 22.518568 2.246963 0.217323 -0.191774 0.386605 0.902086 0.921722 0.814090
  14 22.775895 2.423965 0.138406 -0.326581 0.877853 0.350314 0.896282 0.747554
mid.bmp
  13 22.518568 2.246963 0.217323 -0.191774 0.386605 0.902086 0.921722 0.814090
  14 22.760575 2.362241 0.189834 -0.170313 0.418863 0.891934 0.921722 0.751468
  14 22.775895 2.423965 0.138406 -0.326581 0.877853 0.350314 0.896282 0.747554
mid.bmp
  14 22.775895 2.423965 0.138406 -0.326581 0.877853 0.350314 0.896282 0.747554
  14 22.760575 2.362241 0.189834 -0.170313 0.418863 0.891934 0.921722 0.751468
  14 22.984778 2.498142 0.152652 -0.238465 0.859033 0.452987 0.894325 0.694716
mid.bmp
  14 22.760575 2.362241 0.189834 -0.170313 0.418863 0.891934 0.921722 0.751468
  14 23.036662 2.472206 0.200158 -0.151390 0.440102 0.885094 0.925636 0.681018
  14 22.984778 2.498142 0.152652 -0.238465 0.859033 0.452987 0.894325 0.694716
mid.bmp
  14 22.984778 2.498142 0.152652 -0.238465 0.859033 0.452987 0.894325 0.694716
  14 23.036662 2.472206 0.200158 -0.151390 0.440102 0.885094 0.925636 0.681018
  14 23.039887 2.464197 0.186912 0.467899 0.695606 0.545164 0.923679 0.671233
mid.bmp
  14 23.036662 2.472206 0.200158 -0.151390 0.440102 0.885094 0.925636 0.681018
  14 23.046193 2.366818 0.228456 0.038591 0.037789 0.998540 0.956947 0.688845
  14 23.039887 2.464197 0.186912 0.467899 0.695606 0.545164 0.923679 0.671233
mid.bmp
  14 23.039887 2.464197 0.186912 0.467899 0.695606 0.545164 0.923679 0.671233
  14 23.046193 2.366818 0.228456 0.038591 0.037789 0.998540 0.956947 0.688845
  14 23.116242 2.394346 0.188567 0.948943 -0.256007 0.184304 0.956947 0.673190
mid.bmp
  14 23.046193 2.366818 0.228456 0.038591 0.037789 0.998540 0.956947 0.688845
  14 23.031515 2.319530 0.186866 0.455275 -0.840753 0.293018 0.968689 0.706458
  14 23.116242 2.394346 0.188567 0.948943 -0.256007 0.184304 0.956947 0.673190
mid.bmp
  16 19.345260 -2.298318 -0.211442 -0.550981 -0.409132 -0.727345 0.604697 0.892368
  16 19.321803 -2.290079 -0.119304 -0.806546 -0.553147 -0.208595 0.596869 0.888454
  15 19.045780 -1.868778 -0.234211 -0.571604 -0.414982 -0.707856 0.628180 0.849315
mid.bmp
  15 19.045780 -1.868778 -0.234211 -0.571604 -0.414982 -0.707856 0.628180 0.849315
  16 19.321803 -2.290079 -0.119304 -0.806546 -0.553147 -0.208595 0.596869 0.888454
  15 19.020011 -1.879712 -0.105660 -0.803270 -0.550701 -0.226906 0.620352 0.845401
mid.bmp
  16 19.321803 -2.290079 -0.119304 -0.806546 -0.553147 -0.208595 0.596869 0.888454
  16 19.310847 -2.309451 -0.025032 -0.828334 -0.557133 0.058867 0.590998 0.886497
  15 19.020011 -1.879712 -0.105660 -0.803270 -0.550701 -0.226906 0.620352 0.845401
mid.bmp
  15 19.020011 -1.879712 -0.105660 -0.803270 -0.550701 -0.226906 0.620352 0.845401
  16 19.310847 -2.309451 -0.025032 -0.828334 -0.557133 0.058867 0.590998 0.886497
  15 19.023243 -1.933449 -0.002151 -0.823725 -0.554791 0.116981 0.612524 0.841487
mid.bmp
  16 19.310847 -2.309451 -0.025032 -0.828334 -0.557133 0.058867 0.590998 0.886497
  16 19.314298 -2.233298 0.091427 -0.733789 -0.509742 0.449128 0.583170 0.882583
  15 19.023243 -1.933449 -0.002151 -0.823725 -0.554791 0.116981 0.612524 0.841487
mid.bmp
  15 19.023243 -1.933449 -0.002151 -0.823725 -0.554791 0.116981 0.612524 0.841487
  16 19.314298 -2.233298 0.091427 -0.733789 -0.509742 0.449128 0.583170 0.882583
  15 19.050360 -1.875125 0.158005 -0.655592 -0.503137 0.563074 0.604697 0.837573
mid.bmp
  16 19.314298 -2.233298 0.091427 -0.733789 -0.509742 0.449128 0.583170 0.882583
  16 19.498377 -2.178205 0.408517 -0.479436 -0.383063 0.789560 0.553816 0.882583
  15 19.050360 -1.875125 0.158005 -0.655592 -0.503137 0.563074 0.604697 0.837573
mid.bmp
  15 19.050360 -1.875125 0.158005 -0.655592 -0.503137 0.563074 0.604697 0.837573
  16 19.498377 -2.178205 0.408517 -0.479436 -0.383063 0.789560 0.553816 0.882583
  15 19.257288 -1.694555 0.489185 -0.423953 -0.366861 0.828056 0.571429 0.829746
mid.bmp
  16 19.498377 -2.178205 0.408517 -0.479436 -0.383063 0.789560 0.553816 0.882583
  15 19.735652 -1.455554 0.694751 -0.123860 -0.245880 0.961354 0.516634 0.816047
  15 19.257288 -1.694555 0.489185 -0.423953 -0.366861 0.828056 0.571429 0.829746
mid.bmp
  2 18.221396 0.414088 -0.792243 -0.161191 0.024793 -0.986612 0.821918 0.438356
  2 18.567025 -0.161297 -0.865332 -0.110272 -0.094304 -0.989417 0.818004 0.499022
  2 18.251500 -0.326111 -0.773161 -0.072011 -0.184466 -0.980197 0.849315 0.500978
mid.bmp
  2 18.251500 -0.326111 -0.773161 -0.072011 -0.184466 -0.980197 0.849315 0.500978
  2 18.567025 -0.161297 -0.865332 -0.110272 -0.094304 -0.989417 0.818004 0.499022
  2 18.587877 -0.679533 -0.741188 -0.138818 -0.345816 -0.927977 0.833659 0.540117
mid.bmp
  2 18.567025 -0.161297 -0.865332 -0.110272 -0.094304 -0.989417 0.818004 0.499022
  2 19.099327 -0.066573 -0.854977 0.131516 -0.200051 -0.970919 0.771037 0.506849
  2 18.587877 -0.679533 -0.741188 -0.138818 -0.345816 -0.927977 0.833659 0.540117
mid.bmp
  2 18.587877 -0.679533 -0.741188 -0.138818 -0.345816 -0.927977 0.833659 0.540117
  2 19.099327 -0.066573 -0.854977 0.131516 -0.200051 -0.970919 0.771037 0.506849
  2 19.172094 -0.671118 -0.764085 0.042287 -0.000293 -0.999105 0.784736 0.561644
mid.bmp
  2 19.099327 -0.066573 -0.854977 0.131516 -0.200051 -0.970919 0.771037 0.506849
  2 19.838116 -0.042562 -0.602757 0.194871 -0.190176 -0.962215 0.710372 0.528376
  2 19.172094 -0.671118 -0.764085 0.042287 -0.000293 -0.999105 0.784736 0.561644
mid.bmp
  2 19.172094 -0.671118 -0.764085 0.042287 -0.000293 -0.999105 0.784736 0.561644
  2 19.838116 -0.042562 -0.602757 0.194871 -0.190176 -0.962215 0.710372 0.528376
  2 20.160709 -0.851240 -0.593883 0.321312 0.058581 -0.945160 0.710372 0.606654
mid.bmp
  2 19.838116 -0.042562 -0.602757 0.194871 -0.190176 -0.962215 0.710372 0.528376
  2 20.870202 -0.563247 -0.407580 0.146531 -0.164198 -0.975483 0.643836 0.606654
  2 20.160709 -0.851240 -0.593883 0.321312 0.058581 -0.945160 0.710372 0.606654
mid.bmp
  2 20.160709 -0.851240 -0.593883 0.321312 0.058581 -0.945160 0.710372 0.606654
  2 20.870202 -0.563247 -0.407580 0.146531 -0.164198 -0.975483 0.643836 0.606654
  2 20.811225 -1.343003 -0.201097 0.332403 -0.473784 -0.815498 0.675147 0.669276
mid.bmp
  2 20.870202 -0.563247 -0.407580 0.146531 -0.164198 -0.975483 0.643836 0.606654
  9 21.184977 -1.267176 -0.299120 0.001550 -0.521355 -0.853338 0.643836 0.673190
  2 20.811225 -1.343003 -0.201097 0.332403 -0.473784 -0.815498 0.675147 0.669276
mid.bmp
  2 17.625404 -0.245635 0.933569 -0.793379 -0.060692 0.605695 0.565558 0.722114
  2 17.610487 0.360328 0.788187 -0.849293 0.180980 0.495931 0.579256 0.774951
  2 17.628354 -0.243534 0.907774 -0.653227 0.050771 -0.755458 0.569472 0.722114
mid.bmp
  2 17.628354 -0.243534 0.907774 -0.653227 0.050771 -0.755458 0.569472 0.722114
  2 17.610487 0.360328 0.788187 -0.849293 0.180980 0.495931 0.579256 0.774951
  2 17.613852 0.345444 0.767762 -0.731226 -0.354092 -0.583032 0.581213 0.772994
mid.bmp
  2 17.610487 0.360328 0.788187 -0.849293 0.180980 0.495931 0.579256 0.774951
  2 17.546036 0.808726 0.274538 -0.879190 0.340770 0.333018 0.624266 0.814090
  2 17.613852 0.345444 0.767762 -0.731226 -0.354092 -0.583032 0.581213 0.772994
mid.bmp
  2 17.613852 0.345444 0.767762 -0.731226 -0.354092 -0.583032 0.581213 0.772994
  2 17.546036 0.808726 0.274538 -0.879190 0.340770 0.333018 0.624266 0.814090
  2 17.550550 0.783746 0.269005 -0.743668 -0.604605 -0.285326 0.624266 0.810176
mid.bmp
  2 17.546036 0.808726 0.274538 -0.879190 0.340770 0.333018 0.624266 0.814090
  2 17.479026 0.937262 -0.261035 -0.874383 0.462291 0.147451 0.671233 0.823875
  2 17.550550 0.783746 0.269005 -0.743668 -0.604605 -0.285326 0.624266 0.810176
mid.bmp
  2 17.550550 0.783746 0.269005 -0.743668 -0.604605 -0.285326 0.624266 0.810176
  2 17.479026 0.937262 -0.261035 -0.874383 0.462291 0.147451 0.671233 0.823875
  2 17.485082 0.902153 -0.246692 -0.632070 -0.771377 -0.073934 0.669276 0.818004
mid.bmp
  2 17.479026 0.937262 -0.261035 -0.874383 0.462291 0.147451 0.671233 0.823875
  2 17.467881 0.891863 -0.400768 -0.995427 0.087458 0.038412 0.686888 0.814090
  2 17.485082 0.902153 -0.246692 -0.632070 -0.771377 -0.073934 0.669276 0.818004
mid.bmp
  2 17.485082 0.902153 -0.246692 -0.632070 -0.771377 -0.073934 0.669276 0.818004
  2 17.467881 0.891863 -0.400768 -0.995427 0.087458 0.038412 0.686888 0.814090
  2 17.478914 0.861588 -0.387073 -0.493230 -0.775145 0.394808 0.684932 0.810176
mid.bmp
  2 17.467881 0.891863 -0.400768 -0.995427 0.087458 0.038412 0.686888 0.814090
  2 17.459743 0.732531 -0.583766 -0.535354 -0.632962 0.559245 0.698630 0.802348
  2 17.478914 0.861588 -0.387073 -0.493230 -0.775145 0.394808 0.684932 0.810176
mid.bmp
  2 17.646240 -0.953813 -0.259626 -0.039099 -0.711916 -0.701175 0.101761 0.023483
  1 16.145793 -0.721168 -0.554960 0.056705 -0.668068 -0.741937 0.121331 0.115460
  2 17.716510 -0.658890 -0.480158 -0.015714 -0.472404 -0.881242 0.121331 0.021526
mid.bmp
  2 17.716510 -0.658890 -0.480158 -0.015714 -0.472404 -0.881242 0.121331 0.021526
  1 16.145793 -0.721168 -0.554960 0.056705 -0.668068 -0.741937 0.121331 0.115460
  1 16.092151 -0.388110 -0.690256 0.053608 -0.413633 -0.908864 0.136986 0.117417
mid.bmp
  1 16.145793 -0.721168 -0.554960 0.056705 -0.668068 -0.741937 0.121331 0.115460
  1 14.219638 -0.739012 -0.714566 0.072312 -0.636479 -0.767897 0.119374 0.227006
  1 16.092151 -0.388110 -0.690256 0.053608 -0.413633 -0.908864 0.136986 0.117417
mid.bmp
  1 16.092151 -0.388110 -0.690256 0.053608 -0.413633 -0.908864 0.136986 0.117417
  1 14.219638 -0.739012 -0.714566 0.072312 -0.636479 -0.767897 0.119374 0.227006
  1 16.082801 -0.221163 -0.785258 0.068595 -0.247678 -0.966411 0.150685 0.119374
mid.bmp
  1 14.219638 -0.739012 -0.714566 0.072312 -0.636479 -0.767897 0.119374 0.227006
  1 14.164887 -0.301688 -0.935163 0.070600 -0.233561 -0.969776 0.144814 0.228963
  1 16.082801 -0.221163 -0.785258 0.068595 -0.247678 -0.966411 0.150685 0.119374
mid.bmp
  1 16.082801 -0.221163 -0.785258 0.068595 -0.247678 -0.966411 0.150685 0.119374
  1 14.164887 -0.301688 -0.935163 0.070600 -0.233561 -0.969776 0.144814 0.228963
  1 16.075026 -0.000301 -0.769409 0.073634 -0.076741 -0.994328 0.160470 0.119374
mid.bmp
  1 14.164887 -0.301688 -0.935163 0.070600 -0.233561 -0.969776 0.144814 0.228963
  1 14.150638 0.300613 -1.004606 0.062578 0.226250 -0.972057 0.183953 0.230920
  1 16.075026 -0.000301 -0.769409 0.073634 -0.076741 -0.994328 0.160470 0.119374
mid.bmp
  1 16.075026 -0.000301 -0.769409 0.073634 -0.076741 -0.994328 0.160470 0.119374
  1 14.150638 0.300613 -1.004606 0.062578 0.226250 -0.972057 0.183953 0.230920
  1 16.064253 0.328424 -0.829530 0.062074 0.169991 -0.983489 0.183953 0.119374
mid.bmp
  1 14.150638 0.300613 -1.004606 0.062578 0.226250 -0.972057 0.183953 0.230920
  1 16.071210 0.535920 -0.683447 0.046765 0.607564 -0.792893 0.205479 0.123288
  1 16.064253 0.328424 -0.829530 0.062074 0.169991 -0.983489 0.183953 0.119374
mid.bmp
  1 16.178847 -0.160970 0.939634 0.136500 0.093228 0.986244 0.354207 0.125245
  1 14.325211 0.651578 0.951562 0.153050 0.619195 0.770178 0.318982 0.232877
  1 14.287028 -0.085578 1.251169 0.148819 0.062000 0.986919 0.362035 0.230920
mid.bmp
  1 14.287028 -0.085578 1.251169 0.148819 0.062000 0.986919 0.362035 0.230920
  1 14.325211 0.651578 0.951562 0.153050 0.619195 0.770178 0.318982 0.232877
  1 12.514901 -0.061862 1.477704 0.054134 0.136784 0.989121 0.373777 0.338552
mid.bmp
  1 14.325211 0.651578 0.951562 0.153050 0.619195 0.770178 0.318982 0.232877
  1 12.505942 0.836959 1.113045 0.067098 0.640895 0.764690 0.326810 0.340509
  1 12.514901 -0.061862 1.477704 0.054134 0.136784 0.989121 0.373777 0.338552
mid.bmp
  1 12.514901 -0.061862 1.477704 0.054134 0.136784 0.989121 0.373777 0.338552
  1 12.505942 0.836959 1.113045 0.067098 0.640895 0.764690 0.326810 0.340509
  1 9.752713 -0.036652 1.494659 0.014671 0.173601 0.984707 0.377691 0.473581
mid.bmp
  1 12.505942 0.836959 1.113045 0.067098 0.640895 0.764690 0.326810 0.340509
  1 9.716282 0.828548 1.243161 0.039358 0.695329 0.717613 0.334638 0.473581
  1 9.752713 -0.036652 1.494659 0.014671 0.173601 0.984707 0.377691 0.473581
mid.bmp
  1 9.752713 -0.036652 1.494659 0.014671 0.173601 0.984707 0.377691 0.473581
  1 9.716282 0.828548 1.243161 0.039358 0.695329 0.717613 0.334638 0.473581
  1 9.125031 -0.000162 1.471866 0.022874 0.117437 0.992817 0.377691 0.502935
mid.bmp
  1 9.716282 0.828548 1.243161 0.039358 0.695329 0.717613 0.334638 0.473581
  1 9.095589 0.717456 1.404234 -0.090012 0.748361 0.657156 0.338552 0.502935
  1 9.125031 -0.000162 1.471866 0.022874 0.117437 0.992817 0.377691 0.502935
mid.bmp
  1 9.125031 -0.000162 1.471866 0.022874 0.117437 0.992817 0.377691 0.502935
  1 9.095589 0.717456 1.404234 -0.090012 0.748361 0.657156 0.338552 0.502935
  1 8.351863 0.627353 1.296856 -0.057679 0.611895 0.788833 0.338552 0.532290
mid.bmp
  1 9.095589 0.717456 1.404234 -0.090012 0.748361 0.657156 0.338552 0.502935
  1 8.211101 1.005083 0.581510 -0.119801 0.979650 0.161037 0.285714 0.540117
  1 8.351863 0.627353 1.296856 -0.057679 0.611895 0.788833 0.338552 0.532290
mid.bmp
  2 17.688907 -1.136374 -0.094194 -0.074443 -0.920291 -0.384086 0.086106 0.019569
  1 16.192675 -0.999740 -0.170431 0.030362 -0.867395 -0.496693 0.099804 0.111546
  2 17.646240 -0.953813 -0.259626 -0.039099 -0.711916 -0.701175 0.101761 0.023483
mid.bmp
  2 17.646240 -0.953813 -0.259626 -0.039099 -0.711916 -0.701175 0.101761 0.023483
  1 16.192675 -0.999740 -0.170431 0.030362 -0.867395 -0.496693 0.099804 0.111546
  1 16.145793 -0.721168 -0.554960 0.056705 -0.668068 -0.741937 0.121331 0.115460
mid.bmp
  1 16.192675 -0.999740 -0.170431 0.030362 -0.867395 -0.496693 0.099804 0.111546
  1 14.307584 -1.229772 -0.151568 0.070184 -0.936481 -0.343623 0.080235 0.221135
  1 16.145793 -0.721168 -0.554960 0.056705 -0.668068 -0.741937 0.121331 0.115460
mid.bmp
  1 16.145793 -0.721168 -0.554960 0.056705 -0.668068 -0.741937 0.121331 0.115460
  1 14.307584 -1.229772 -0.151568 0.070184 -0.936481 -0.343623 0.080235 0.221135
  1 14.219638 -0.739012 -0.714566 0.072312 -0.636479 -0.767897 0.119374 0.227006
mid.bmp
  1 14.307584 -1.229772 -0.151568 0.070184 -0.936481 -0.343623 0.080235 0.221135
  1 12.500034 -1.361994 -0.164133 0.048571 -0.946218 -0.319863 0.068493 0.326810
  1 14.219638 -0.739012 -0.714566 0.072312 -0.636479 -0.767897 0.119374 0.227006
mid.bmp
  1 14.219638 -0.739012 -0.714566 0.072312 -0.636479 -0.767897 0.119374 0.227006
  1 12.500034 -1.361994 -0.164133 0.048571 -0.946218 -0.319863 0.068493 0.326810
  1 12.294101 -0.739041 -0.894142 0.036004 -0.484902 -0.873827 0.121331 0.338552
mid.bmp
  1 12.500034 -1.361994 -0.164133 0.048571 -0.946218 -0.319863 0.068493 0.326810
  1 9.769030 -1.479236 -0.109447 0.044770 -0.922066 -0.384436 0.058708 0.471624
  1 12.294101 -0.739041 -0.894142 0.036004 -0.484902 -0.873827 0.121331 0.338552
mid.bmp
  1 12.294101 -0.739041 -0.894142 0.036004 -0.484902 -0.873827 0.121331 0.338552
  1 9.769030 -1.479236 -0.109447 0.044770 -0.922066 -0.384436 0.058708 0.471624
  1 9.694284 -0.937356 -0.865521 0.038578 -0.536752 -0.842857 0.107632 0.471624
mid.bmp
  1 9.769030 -1.479236 -0.109447 0.044770 -0.922066 -0.384436 0.058708 0.471624
  1 9.185112 -1.543452 -0.092159 0.206101 -0.948157 -0.241912 0.052838 0.497065
  1 9.694284 -0.937356 -0.865521 0.038578 -0.536752 -0.842857 0.107632 0.471624
mid.bmp
  1 16.328999 -1.076742 0.395107 0.064075 -0.857924 0.509766 0.060665 0.107632
  1 14.437940 -1.294399 0.554765 0.096975 -0.937013 0.335562 0.043053 0.217221
  1 16.237784 -1.119484 0.211351 0.040976 -0.994202 -0.099416 0.072407 0.107632
mid.bmp
  1 16.237784 -1.119484 0.211351 0.040976 -0.994202 -0.099416 0.072407 0.107632
  1 14.437940 -1.294399 0.554765 0.096975 -0.937013 0.335562 0.043053 0.217221
  1 14.307584 -1.229772 -0.151568 0.070184 -0.936481 -0.343623 0.080235 0.221135
mid.bmp
  1 14.437940 -1.294399 0.554765 0.096975 -0.937013 0.335562 0.043053 0.217221
  1 12.593214 -1.350755 0.753666 0.058538 -0.941614 0.331568 0.025440 0.326810
  1 14.307584 -1.229772 -0.151568 0.070184 -0.936481 -0.343623 0.080235 0.221135
mid.bmp
  1 14.307584 -1.229772 -0.151568 0.070184 -0.936481 -0.343623 0.080235 0.221135
  1 12.593214 -1.350755 0.753666 0.058538 -0.941614 0.331568 0.025440 0.326810
  1 12.500034 -1.361994 -0.164133 0.048571 -0.946218 -0.319863 0.068493 0.326810
mid.bmp
  1 12.593214 -1.350755 0.753666 0.058538 -0.941614 0.331568 0.025440 0.326810
  1 9.827726 -1.453870 0.786561 0.035224 -0.929737 0.366535 0.015656 0.473581
  1 12.500034 -1.361994 -0.164133 0.048571 -0.946218 -0.319863 0.068493 0.326810
mid.bmp
  1 12.500034 -1.361994 -0.164133 0.048571 -0.946218 -0.319863 0.068493 0.326810
  1 9.827726 -1.453870 0.786561 0.035224 -0.929737 0.366535 0.015656 0.473581
  1 9.769030 -1.479236 -0.109447 0.044770 -0.922066 -0.384436 0.058708 0.471624
mid.bmp
  1 9.827726 -1.453870 0.786561 0.035224 -0.929737 0.366535 0.015656 0.473581
  1 9.183800 -1.445927 0.850222 0.127712 -0.867068 0.481541 0.007828 0.502935
  1 9.769030 -1.479236 -0.109447 0.044770 -0.922066 -0.384436 0.058708 0.471624
mid.bmp
  1 9.769030 -1.479236 -0.109447 0.044770 -0.922066 -0.384436 0.058708 0.471624
  1 9.183800 -1.445927 0.850222 0.127712 -0.867068 0.481541 0.007828 0.502935
  1 9.185112 -1.543452 -0.092159 0.206101 -0.948157 -0.241912 0.052838 0.497065
mid.bmp
  1 9.183800 -1.445927 0.850222 0.127712 -0.867068 0.481541 0.007828 0.502935
  1 8.714970 -1.602706 0.855900 0.168198 -0.815428 0.553883 0.007828 0.528376
  1 9.185112 -1.543452 -0.092159 0.206101 -0.948157 -0.241912 0.052838 0.497065
mid.bmp
  31 -23.033994 2.293607 0.123698 -0.472716 -0.839617 0.267549 0.968689 0.706458
  31 -23.057452 2.345855 0.162589 -0.060977 0.047412 0.997013 0.956947 0.688845
  31 -23.120740 2.370065 0.117935 -0.893638 -0.415201 0.170351 0.956947 0.673190
mid.bmp
  31 -23.120740 2.370065 0.117935 -0.893638 -0.415201 0.170351 0.956947 0.673190
  31 -23.057452 2.345855 0.162589 -0.060977 0.047412 0.997013 0.956947 0.688845
  31 -23.060705 2.440034 0.132763 -0.415401 0.650395 0.635947 0.923679 0.671233
mid.bmp
  31 -23.057452 2.345855 0.162589 -0.060977 0.047412 0.997013 0.956947 0.688845
  31 -23.055180 2.451642 0.139020 0.161554 0.447989 0.879321 0.925636 0.681018
  31 -23.060705 2.440034 0.132763 -0.415401 0.650395 0.635947 0.923679 0.671233
mid.bmp
  31 -23.060705 2.440034 0.132763 -0.415401 0.650395 0.635947 0.923679 0.671233
  31 -23.055180 2.451642 0.139020 0.161554 0.447989 0.879321 0.925636 0.681018
  31 -22.978067 2.476562 0.081412 0.244748 0.848125 0.469876 0.894325 0.694716
mid.bmp
  31 -23.055180 2.451642 0.139020 0.161554 0.447989 0.879321 0.925636 0.681018
  31 -22.769001 2.341722 0.129256 0.155196 0.448583 0.880163 0.921722 0.751468
  31 -22.978067 2.476562 0.081412 0.244748 0.848125 0.469876 0.894325 0.694716
mid.bmp
  31 -22.978067 2.476562 0.081412 0.244748 0.848125 0.469876 0.894325 0.694716
  31 -22.769001 2.341722 0.129256 0.155196 0.448583 0.880163 0.921722 0.751468
  31 -22.771247 2.398683 0.075933 0.311380 0.872264 0.377093 0.896282 0.747554
mid.bmp
  31 -22.769001 2.341722 0.129256 0.155196 0.448583 0.880163 0.921722 0.751468
  30 -22.528792 2.227493 0.167507 0.162204 0.403595 0.900445 0.921722 0.814090
  31 -22.771247 2.398683 0.075933 0.311380 0.872264 0.377093 0.896282 0.747554
mid.bmp
  31 -22.771247 2.398683 0.075933 0.311380 0.872264 0.377093 0.896282 0.747554
  30 -22.528792 2.227493 0.167507 0.162204 0.403595 0.900445 0.921722 0.814090
  30 -22.469163 2.277183 0.111522 0.321158 0.741225 0.589443 0.894325 0.814090
mid.bmp
  30 -22.528792 2.227493 0.167507 0.162204 0.403595 0.900445 0.921722 0.814090
  30 -21.782646 1.893579 0.125362 0.202973 0.347026 0.915628 0.919765 0.964775
  30 -22.469163 2.277183 0.111522 0.321158 0.741225 0.589443 0.894325 0.814090
mid.bmp
  25 -24.556207 -0.331266 0.280413 -0.054255 -0.856790 0.512804 0.968689 0.706458
  25 -24.637497 -0.250865 0.349946 -0.005385 -0.151725 0.988408 0.956947 0.688845
  25 -24.697167 -0.248207 0.304107 -0.850390 -0.520453 0.077232 0.956947 0.673190
mid.bmp
  25 -24.697167 -0.248207 0.304107 -0.850390 -0.520453 0.077232 0.956947 0.673190
  25 -24.637497 -0.250865 0.349946 -0.005385 -0.151725 0.988408 0.956947 0.688845
  25 -24.681484 -0.079124 0.319116 -0.725869 0.321701 0.607967 0.923679 0.671233
mid.bmp
  25 -24.637497 -0.250865 0.349946 -0.005385 -0.151725 0.988408 0.956947 0.688845
  25 -24.689579 -0.078757 0.348370 0.023105 0.359770 0.932755 0.925636 0.681018
  25 -24.681484 -0.079124 0.319116 -0.725869 0.321701 0.607967 0.923679 0.671233
mid.bmp
  25 -24.681484 -0.079124 0.319116 -0.725869 0.321701 0.607967 0.923679 0.671233
  25 -24.689579 -0.078757 0.348370 0.023105 0.359770 0.932755 0.925636 0.681018
  25 -24.623005 0.023756 0.243664 -0.074595 0.798148 0.597826 0.894325 0.694716
mid.bmp
  25 -24.689579 -0.078757 0.348370 0.023105 0.359770 0.932755 0.925636 0.681018
  25 -24.259164 -0.076114 0.307495 0.035312 0.360300 0.932168 0.921722 0.751468
  25 -24.623005 0.023756 0.243664 -0.074595 0.798148 0.597826 0.894325 0.694716
mid.bmp
  25 -24.623005 0.023756 0.243664 -0.074595 0.798148 0.597826 0.894325 0.694716
  25 -24.259164 -0.076114 0.307495 0.035312 0.360300 0.932168 0.921722 0.751468
  25 -24.311478 0.038609 0.220096 -0.023425 0.854377 0.519125 0.896282 0.747554
mid.bmp
  25 -24.259164 -0.076114 0.307495 0.035312 0.360300 0.932168 0.921722 0.751468
  24 -23.860799 -0.090068 0.331704 0.001214 0.295059 0.955478 0.921722 0.814090
  25 -24.311478 0.038609 0.220096 -0.023425 0.854377 0.519125 0.896282 0.747554
mid.bmp
  25 -24.311478 0.038609 0.220096 -0.023425 0.854377 0.519125 0.896282 0.747554
  24 -23.860799 -0.090068 0.331704 0.001214 0.295059 0.955478 0.921722 0.814090
  24 -23.869644 0.057634 0.213175 -0.015746 0.789981 0.612930 0.894325 0.814090
mid.bmp
  24 -23.860799 -0.090068 0.331704 0.001214 0.295059 0.955478 0.921722 0.814090
  24 -22.712697 -0.054018 0.303595 0.005788 0.462844 0.886421 0.919765 0.964775
  24 -23.869644 0.057634 0.213175 -0.015746 0.789981 0.612930 0.894325 0.814090
mid.bmp
  31 -23.120740 2.370065 0.117935 -0.893638 -0.415201 0.170351 0.904110 0.373777
  31 -23.050230 2.309786 -0.070920 -0.521725 -0.821511 -0.230052 0.904110 0.393346
  31 -23.033994 2.293607 0.123698 -0.472716 -0.839617 0.267549 0.888454 0.393346
mid.bmp
  31 -23.033994 2.293607 0.123698 -0.472716 -0.839617 0.267549 0.888454 0.393346
  31 -23.050230 2.309786 -0.070920 -0.521725 -0.821511 -0.230052 0.904110 0.393346
  30 -22.516722 2.034637 0.136635 -0.459164 -0.867927 0.189396 0.884540 0.530333
mid.bmp
  31 -23.050230 2.309786 -0.070920 -0.521725 -0.821511 -0.230052 0.904110 0.393346
  31 -22.583139 2.108423 -0.115140 -0.397214 -0.770457 -0.498616 0.908023 0.518591
  30 -22.516722 2.034637 0.136635 -0.459164 -0.867927 0.189396 0.884540 0.530333
mid.bmp
  30 -22.516722 2.034637 0.136635 -0.459164 -0.867927 0.189396 0.884540 0.530333
  31 -22.583139 2.108423 -0.115140 -0.397214 -0.770457 -0.498616 0.908023 0.518591
  30 -22.487566 2.040522 -0.144170 -0.480343 -0.788869 -0.383348 0.904110 0.542074
mid.bmp
  31 -22.583139 2.108423 -0.115140 -0.397214 -0.770457 -0.498616 0.908023 0.518591
  30 -22.424762 2.163711 -0.150776 0.135776 0.474265 -0.869849 0.943249 0.534247
  30 -22.487566 2.040522 -0.144170 -0.480343 -0.788869 -0.383348 0.904110 0.542074
mid.bmp
  30 -22.487566 2.040522 -0.144170 -0.480343 -0.788869 -0.383348 0.904110 0.542074
  30 -22.424762 2.163711 -0.150776 0.135776 0.474265 -0.869849 0.943249 0.534247
  30 -21.767020 1.691476 -0.229231 -0.384826 -0.588982 -0.710640 0.908023 0.634051
mid.bmp
  30 -22.424762 2.163711 -0.150776 0.135776 0.474265 -0.869849 0.943249 0.534247
  30 -21.687062 1.806696 -0.230027 0.122585 0.566612 -0.814815 0.943249 0.634051
  30 -21.767020 1.691476 -0.229231 -0.384826 -0.588982 -0.710640 0.908023 0.634051
mid.bmp
  30 -21.767020 1.691476 -0.229231 -0.384826 -0.588982 -0.710640 0.908023 0.634051
  30 -21.687062 1.806696 -0.230027 0.122585 0.566612 -0.814815 0.943249 0.634051
  29 -21.726959 1.661435 -0.247458 -0.533879 -0.269169 -0.801574 0.906067 0.645793
mid.bmp
  30 -21.687062 1.806696 -0.230027 0.122585 0.566612 -0.814815 0.943249 0.634051
  29 -21.584273 1.789777 -0.259671 -0.119867 0.606063 -0.786333 0.943249 0.645793
  29 -21.726959 1.661435 -0.247458 -0.533879 -0.269169 -0.801574 0.906067 0.645793
mid.bmp
  33 -19.347189 -2.337302 -0.203619 0.539370 -0.418107 -0.730935 0.737769 0.780822
  33 -19.786056 -2.317555 -0.463134 0.045898 -0.206464 -0.977377 0.784736 0.772994
  32 -19.624657 -1.898969 -0.556068 0.122355 -0.249972 -0.960491 0.782779 0.819961
mid.bmp
  32 -19.624657 -1.898969 -0.556068 0.122355 -0.249972 -0.960491 0.782779 0.819961
  33 -19.786056 -2.317555 -0.463134 0.045898 -0.206464 -0.977377 0.784736 0.772994
  32 -20.232423 -1.736791 -0.317460 -0.578804 -0.011376 -0.815387 0.845401 0.814090
mid.bmp
  33 -19.786056 -2.317555 -0.463134 0.045898 -0.206464 -0.977377 0.784736 0.772994
  33 -20.249944 -2.095954 -0.308144 -0.599208 0.017925 -0.800393 0.839530 0.776908
  32 -20.232423 -1.736791 -0.317460 -0.578804 -0.011376 -0.815387 0.845401 0.814090
mid.bmp
  32 -20.232423 -1.736791 -0.317460 -0.578804 -0.011376 -0.815387 0.845401 0.814090
  33 -20.249944 -2.095954 -0.308144 -0.599208 0.017925 -0.800393 0.839530 0.776908
  33 -20.399687 -1.931853 0.111689 -0.995592 0.044758 -0.082427 0.857143 0.782779
mid.bmp
  33 -20.249944 -2.095954 -0.308144 -0.599208 0.017925 -0.800393 0.839530 0.776908
  33 -20.338966 -2.612271 -0.263346 -0.667472 0.049997 -0.742954 0.829746 0.724070
  33 -20.399687 -1.931853 0.111689 -0.995592 0.044758 -0.082427 0.857143 0.782779
mid.bmp
  33 -20.399687 -1.931853 0.111689 -0.995592 0.044758 -0.082427 0.857143 0.782779
  33 -20.338966 -2.612271 -0.263346 -0.667472 0.049997 -0.742954 0.829746 0.724070
  33 -20.426065 -2.540578 -0.079317 -0.961670 0.108703 -0.251742 0.843444 0.726027
mid.bmp
  33 -20.338966 -2.612271 -0.263346 -0.667472 0.049997 -0.742954 0.829746 0.724070
  33 -20.432589 -2.967832 -0.195041 -0.644263 -0.058452 -0.762567 0.829746 0.686888
  33 -20.426065 -2.540578 -0.079317 -0.961670 0.108703 -0.251742 0.843444 0.726027
mid.bmp
  33 -20.426065 -2.540578 -0.079317 -0.961670 0.108703 -0.251742 0.843444 0.726027
  33 -20.432589 -2.967832 -0.195041 -0.644263 -0.058452 -0.762567 0.829746 0.686888
  33 -20.479859 -2.957622 0.112801 -0.979501 0.043965 0.196581 0.847358 0.684932
mid.bmp
  33 -20.432589 -2.967832 -0.195041 -0.644263 -0.058452 -0.762567 0.829746 0.686888
  33 -20.455259 -2.978232 0.126232 -0.835983 -0.543211 0.077801 0.849315 0.681018
  33 -20.479859 -2.957622 0.112801 -0.979501 0.043965 0.196581 0.847358 0.684932
mid.bmp
  26 -21.201953 -1.281332 -0.303322 -0.020370 -0.520541 -0.853594 0.643836 0.673190
  19 -20.884979 -0.579112 -0.386034 -0.183890 -0.172251 -0.967736 0.643836 0.606654
  19 -20.825095 -1.359475 -0.156145 -0.357459 -0.489426 -0.795415 0.675147 0.669276
mid.bmp
  19 -20.825095 -1.359475 -0.156145 -0.357459 -0.489426 -0.795415 0.675147 0.669276
  19 -20.884979 -0.579112 -0.386034 -0.183890 -0.172251 -0.967736 0.643836 0.606654
  19 -20.184337 -0.863428 -0.586333 -0.338877 0.044418 -0.939782 0.710372 0.606654
mid.bmp
  19 -20.884979 -0.579112 -0.386034 -0.183890 -0.172251 -0.967736 0.643836 0.606654
  19 -19.855922 -0.058067 -0.601135 -0.212331 -0.193865 -0.957775 0.710372 0.528376
  19 -20.184337 -0.863428 -0.586333 -0.338877 0.044418 -0.939782 0.710372 0.606654
mid.bmp
  19 -20.184337 -0.863428 -0.586333 -0.338877 0.044418 -0.939782 0.710372 0.606654
  19 -19.855922 -0.058067 -0.601135 -0.212331 -0.193865 -0.957775 0.710372 0.528376
  19 -19.196537 -0.691426 -0.763794 -0.060398 -0.014070 -0.998075 0.784736 0.561644
mid.bmp
  19 -19.855922 -0.058067 -0.601135 -0.212331 -0.193865 -0.957775 0.710372 0.528376
  19 -19.110387 -0.091873 -0.869721 -0.154986 -0.205920 -0.966218 0.771037 0.506849
  19 -19.196537 -0.691426 -0.763794 -0.060398 -0.014070 -0.998075 0.784736 0.561644
mid.bmp
  19 -19.196537 -0.691426 -0.763794 -0.060398 -0.014070 -0.998075 0.784736 0.561644
  19 -19.110387 -0.091873 -0.869721 -0.154986 -0.205920 -0.966218 0.771037 0.506849
  19 -18.595656 -0.713666 -0.760406 0.099499 -0.362320 -0.926728 0.833659 0.540117
mid.bmp
  19 -19.110387 -0.091873 -0.869721 -0.154986 -0.205920 -0.966218 0.771037 0.506849
  19 -18.581908 -0.186086 -0.895431 0.086897 -0.090412 -0.992106 0.818004 0.499022
  19 -18.595656 -0.713666 -0.760406 0.099499 -0.362320 -0.926728 0.833659 0.540117
mid.bmp
  19 -18.595656 -0.713666 -0.760406 0.099499 -0.362320 -0.926728 0.833659 0.540117
  19 -18.581908 -0.186086 -0.895431 0.086897 -0.090412 -0.992106 0.818004 0.499022
  19 -18.265283 -0.347873 -0.813524 0.077374 -0.190835 -0.978568 0.849315 0.500978
mid.bmp
  19 -18.581908 -0.186086 -0.895431 0.086897 -0.090412 -0.992106 0.818004 0.499022
  19 -18.276135 0.398542 -0.822878 0.152418 0.047629 -0.987168 0.821918 0.438356
  19 -18.265283 -0.347873 -0.813524 0.077374 -0.190835 -0.978568 0.849315 0.500978
mid.bmp
  29 -21.568238 1.942067 0.083887 -0.577851 0.814220 -0.055984 0.659491 0.371820
  29 -21.545765 1.952642 0.099155 0.286676 0.837718 0.464806 0.667319 0.369863
  29 -21.532369 1.933284 -0.110023 0.219848 0.845858 -0.485996 0.673190 0.383562
mid.bmp
  29 -21.532369 1.933284 -0.110023 0.219848 0.845858 -0.485996 0.673190 0.383562
  29 -21.545765 1.952642 0.099155 0.286676 0.837718 0.464806 0.667319 0.369863
  29 -20.673539 1.645625 -0.152543 0.249596 0.922673 -0.293899 0.753425 0.354207
mid.bmp
  29 -21.545765 1.952642 0.099155 0.286676 0.837718 0.464806 0.667319 0.369863
  19 -20.674886 1.629362 -0.322910 0.241080 0.868077 0.433962 0.747554 0.340509
  29 -20.673539 1.645625 -0.152543 0.249596 0.922673 -0.293899 0.753425 0.354207
mid.bmp
  29 -20.673539 1.645625 -0.152543 0.249596 0.922673 -0.293899 0.753425 0.354207
  19 -20.674886 1.629362 -0.322910 0.241080 0.868077 0.433962 0.747554 0.340509
  19 -20.245063 1.531261 -0.658660 0.246498 0.850794 -0.464099 0.784736 0.352250
mid.bmp
  19 -20.674886 1.629362 -0.322910 0.241080 0.868077 0.433962 0.747554 0.340509
  19 -20.310503 1.516554 -0.281034 0.156800 0.840421 0.518755 0.780822 0.332681
  19 -20.245063 1.531261 -0.658660 0.246498 0.850794 -0.464099 0.784736 0.352250
mid.bmp
  19 -20.245063 1.531261 -0.658660 0.246498 0.850794 -0.464099 0.784736 0.352250
  19 -20.310503 1.516554 -0.281034 0.156800 0.840421 0.518755 0.780822 0.332681
  19 -19.344040 1.352053 -0.327049 0.250628 0.928710 0.273282 0.866928 0.315068
mid.bmp
  19 -20.310503 1.516554 -0.281034 0.156800 0.840421 0.518755 0.780822 0.332681
  19 -20.483422 1.181020 0.038099 0.001169 0.669127 0.743148 0.769080 0.299413
  19 -19.344040 1.352053 -0.327049 0.250628 0.928710 0.273282 0.866928 0.315068
mid.bmp
  19 -19.344040 1.352053 -0.327049 0.250628 0.928710 0.273282 0.866928 0.315068
  19 -20.483422 1.181020 0.038099 0.001169 0.669127 0.743148 0.769080 0.299413
  19 -19.287970 0.990321 0.190775 0.064409 0.668393 0.741014 0.878669 0.281800
mid.bmp
  19 -20.483422 1.181020 0.038099 0.001169 0.669127 0.743148 0.769080 0.299413
  19 -20.543978 0.668989 0.395181 -0.082612 0.403327 0.911319 0.769080 0.250489
  19 -19.287970 0.990321 0.190775 0.064409 0.668393 0.741014 0.878669 0.281800
mid.bmp
  32 -19.728387 -1.478111 0.702401 0.132828 -0.225135 0.965231 0.516634 0.816047
  33 -19.498220 -2.215123 0.417411 0.457101 -0.409168 0.789709 0.553816 0.882583
  32 -19.253580 -1.702736 0.503221 0.437500 -0.354538 0.826375 0.571429 0.829746
mid.bmp
  32 -19.253580 -1.702736 0.503221 0.437500 -0.354538 0.826375 0.571429 0.829746
  33 -19.498220 -2.215123 0.417411 0.457101 -0.409168 0.789709 0.553816 0.882583
  32 -19.039748 -1.895071 0.158934 0.663080 -0.482935 0.571925 0.604697 0.837573
mid.bmp
  33 -19.498220 -2.215123 0.417411 0.457101 -0.409168 0.789709 0.553816 0.882583
  33 -19.317074 -2.274585 0.108719 0.715081 -0.537383 0.447077 0.583170 0.882583
  32 -19.039748 -1.895071 0.158934 0.663080 -0.482935 0.571925 0.604697 0.837573
mid.bmp
  32 -19.039748 -1.895071 0.158934 0.663080 -0.482935 0.571925 0.604697 0.837573
  33 -19.317074 -2.274585 0.108719 0.715081 -0.537383 0.447077 0.583170 0.882583
  32 -19.016203 -1.942959 0.010321 0.828184 -0.548853 0.113450 0.612524 0.841487
mid.bmp
  33 -19.317074 -2.274585 0.108719 0.715081 -0.537383 0.447077 0.583170 0.882583
  33 -19.310392 -2.351611 -0.021024 0.812158 -0.578145 0.078410 0.590998 0.886497
  32 -19.016203 -1.942959 0.010321 0.828184 -0.548853 0.113450 0.612524 0.841487
mid.bmp
  32 -19.016203 -1.942959 0.010321 0.828184 -0.548853 0.113450 0.612524 0.841487
  33 -19.310392 -2.351611 -0.021024 0.812158 -0.578145 0.078410 0.590998 0.886497
  32 -19.014993 -1.898064 -0.103439 0.808818 -0.544542 -0.222007 0.620352 0.845401
mid.bmp
  33 -19.310392 -2.351611 -0.021024 0.812158 -0.578145 0.078410 0.590998 0.886497
  33 -19.321840 -2.330725 -0.102538 0.787163 -0.570696 -0.233840 0.596869 0.888454
  32 -19.014993 -1.898064 -0.103439 0.808818 -0.544542 -0.222007 0.620352 0.845401
mid.bmp
  32 -19.014993 -1.898064 -0.103439 0.808818 -0.544542 -0.222007 0.620352 0.845401
  33 -19.321840 -2.330725 -0.102538 0.787163 -0.570696 -0.233840 0.596869 0.888454
  32 -19.038731 -1.879374 -0.232809 0.568975 -0.412266 -0.711551 0.628180 0.849315
mid.bmp
  33 -19.321840 -2.330725 -0.102538 0.787163 -0.570696 -0.233840 0.596869 0.888454
  33 -19.347189 -2.337302 -0.203619 0.539370 -0.418107 -0.730935 0.604697 0.892368
  32 -19.038731 -1.879374 -0.232809 0.568975 -0.412266 -0.711551 0.628180 0.849315
mid.bmp
  19 -17.877883 -0.418599 -0.793210 0.203523 -0.158949 -0.966082 0.201566 0.890411
  19 -18.284512 0.397680 -0.861469 -0.027777 0.035514 -0.998983 0.091977 0.839530
  19 -17.875247 0.370749 -0.861090 0.077885 0.005780 -0.996946 0.105675 0.886497
mid.bmp
  19 -17.875247 0.370749 -0.861090 0.077885 0.005780 -0.996946 0.105675 0.886497
  19 -18.284512 0.397680 -0.861469 -0.027777 0.035514 -0.998983 0.091977 0.839530
  19 -17.878736 0.596070 -0.787394 0.100119 0.425957 -0.899187 0.082192 0.886497
mid.bmp
  19 -18.284512 0.397680 -0.861469 -0.027777 0.035514 -0.998983 0.091977 0.839530
  19 -18.224821 0.617021 -0.776830 -0.127661 0.526856 -0.840313 0.070450 0.839530
  19 -17.878736 0.596070 -0.787394 0.100119 0.425957 -0.899187 0.082192 0.886497
mid.bmp
  19 -17.878736 0.596070 -0.787394 0.100119 0.425957 -0.899187 0.082192 0.886497
  19 -18.224821 0.617021 -0.776830 -0.127661 0.526856 -0.840313 0.070450 0.839530
  19 -17.892362 0.745069 -0.661710 0.077229 0.701801 -0.708175 0.058708 0.884540
mid.bmp
  19 -18.224821 0.617021 -0.776830 -0.127661 0.526856 -0.840313 0.070450 0.839530
  19 -18.314039 0.779113 -0.651584 -0.045289 0.745574 -0.664882 0.050881 0.837573
  19 -17.892362 0.745069 -0.661710 0.077229 0.701801 -0.708175 0.058708 0.884540
mid.bmp
  19 -17.892362 0.745069 -0.661710 0.077229 0.701801 -0.708175 0.058708 0.884540
  19 -18.314039 0.779113 -0.651584 -0.045289 0.745574 -0.664882 0.050881 0.837573
  19 -17.905103 0.880358 -0.482706 0.122640 0.829054 -0.545553 0.039139 0.884540
mid.bmp
  19 -18.314039 0.779113 -0.651584 -0.045289 0.745574 -0.664882 0.050881 0.837573
  19 -18.246167 0.911294 -0.471834 -0.090737 0.847616 -0.522795 0.031311 0.837573
  19 -17.905103 0.880358 -0.482706 0.122640 0.829054 -0.545553 0.039139 0.884540
mid.bmp
  19 -17.905103 0.880358 -0.482706 0.122640 0.829054 -0.545553 0.039139 0.884540
  19 -18.246167 0.911294 -0.471834 -0.090737 0.847616 -0.522795 0.031311 0.837573
  19 -17.934828 0.922441 -0.372581 0.132446 0.966384 0.220364 0.019569 0.884540
mid.bmp
  19 -18.246167 0.911294 -0.471834 -0.090737 0.847616 -0.522795 0.031311 0.837573
  19 -18.362401 0.980716 -0.363310 0.026945 0.972630 0.230790 0.011742 0.835616
  19 -17.934828 0.922441 -0.372581 0.132446 0.966384 0.220364 0.019569 0.884540
mid.bmp
  19 -17.467509 0.711552 -0.613996 0.545077 -0.637646 0.544333 0.698630 0.802348
  19 -17.466582 0.859660 -0.445148 0.997116 0.074924 0.012114 0.686888 0.814090
  19 -17.477909 0.830942 -0.423426 0.493974 -0.793681 0.355050 0.684932 0.810176
mid.bmp
  19 -17.477909 0.830942 -0.423426 0.493974 -0.793681 0.355050 0.684932 0.810176
  19 -17.466582 0.859660 -0.445148 0.997116 0.074924 0.012114 0.686888 0.814090
  19 -17.479854 0.863680 -0.298489 0.622164 -0.777397 -0.092547 0.669276 0.818004
mid.bmp
  19 -17.466582 0.859660 -0.445148 0.997116 0.074924 0.012114 0.686888 0.814090
  19 -17.473918 0.898701 -0.313093 0.899613 0.415236 0.135186 0.671233 0.823875
  19 -17.479854 0.863680 -0.298489 0.622164 -0.777397 -0.092547 0.669276 0.818004
mid.bmp
  19 -17.479854 0.863680 -0.298489 0.622164 -0.777397 -0.092547 0.669276 0.818004
  19 -17.473918 0.898701 -0.313093 0.899613 0.415236 0.135186 0.671233 0.823875
  19 -17.539435 0.747509 0.218695 0.746997 -0.600276 -0.285767 0.624266 0.810176
mid.bmp
  19 -17.473918 0.898701 -0.313093 0.899613 0.415236 0.135186 0.671233 0.823875
  19 -17.534640 0.777482 0.224046 0.905516 0.300460 0.299608 0.624266 0.814090
  19 -17.539435 0.747509 0.218695 0.746997 -0.600276 -0.285767 0.624266 0.810176
mid.bmp
  19 -17.539435 0.747509 0.218695 0.746997 -0.600276 -0.285767 0.624266 0.810176
  19 -17.534640 0.777482 0.224046 0.905516 0.300460 0.299608 0.624266 0.814090
  19 -17.599075 0.311377 0.720075 0.722589 -0.347278 -0.597715 0.581213 0.772994
mid.bmp
  19 -17.534640 0.777482 0.224046 0.905516 0.300460 0.299608 0.624266 0.814090
  19 -17.594886 0.326326 0.735372 0.839876 0.183805 0.510710 0.579256 0.774951
  19 -17.599075 0.311377 0.720075 0.722589 -0.347278 -0.597715 0.581213 0.772994
mid.bmp
  19 -17.599075 0.311377 0.720075 0.722589 -0.347278 -0.597715 0.581213 0.772994
  19 -17.594886 0.326326 0.735372 0.839876 0.183805 0.510710 0.579256 0.774951
  19 -17.599699 -0.273675 0.855351 0.617432 0.042302 -0.785486 0.569472 0.722114
mid.bmp
  19 -17.594886 0.326326 0.735372 0.839876 0.183805 0.510710 0.579256 0.774951
  19 -17.597042 -0.276428 0.881400 0.758332 -0.061536 0.648958 0.565558 0.722114
  19 -17.599699 -0.273675 0.855351 0.617432 0.042302 -0.785486 0.569472 0.722114
mid.bmp
  18 -16.071565 0.510499 -0.713308 -0.046070 0.618327 -0.784569 0.205479 0.123288
  18 -14.153681 0.244253 -1.053183 -0.064683 0.227329 -0.971667 0.183953 0.230920
  18 -16.065892 0.305269 -0.866978 -0.063863 0.188928 -0.979912 0.183953 0.119374
mid.bmp
  18 -16.065892 0.305269 -0.866978 -0.063863 0.188928 -0.979912 0.183953 0.119374
  18 -14.153681 0.244253 -1.053183 -0.064683 0.227329 -0.971667 0.183953 0.230920
  18 -16.084169 -0.048020 -0.812926 -0.089027 -0.102504 -0.990741 0.160470 0.119374
mid.bmp
  18 -14.153681 0.244253 -1.053183 -0.064683 0.227329 -0.971667 0.183953 0.230920
  18 -14.166170 -0.354495 -0.979836 -0.074602 -0.234879 -0.969157 0.144814 0.228963
  18 -16.084169 -0.048020 -0.812926 -0.089027 -0.102504 -0.990741 0.160470 0.119374
mid.bmp
  18 -16.084169 -0.048020 -0.812926 -0.089027 -0.102504 -0.990741 0.160470 0.119374
  18 -14.166170 -0.354495 -0.979836 -0.074602 -0.234879 -0.969157 0.144814 0.228963
  18 -16.091041 -0.255724 -0.829997 -0.075560 -0.200924 -0.976688 0.150685 0.119374
mid.bmp
  18 -14.166170 -0.354495 -0.979836 -0.074602 -0.234879 -0.969157 0.144814 0.228963
  18 -14.216219 -0.789766 -0.763819 -0.075976 -0.639944 -0.764656 0.119374 0.227006
  18 -16.091041 -0.255724 -0.829997 -0.075560 -0.200924 -0.976688 0.150685 0.119374
mid.bmp
  18 -16.091041 -0.255724 -0.829997 -0.075560 -0.200924 -0.976688 0.150685 0.119374
  18 -14.216219 -0.789766 -0.763819 -0.075976 -0.639944 -0.764656 0.119374 0.227006
  18 -16.099208 -0.439911 -0.730827 -0.070562 -0.416899 -0.906210 0.136986 0.117417
mid.bmp
  18 -14.216219 -0.789766 -0.763819 -0.075976 -0.639944 -0.764656 0.119374 0.227006
  18 -16.144439 -0.768739 -0.596848 -0.064277 -0.669885 -0.739677 0.121331 0.115460
  18 -16.099208 -0.439911 -0.730827 -0.070562 -0.416899 -0.906210 0.136986 0.117417
mid.bmp
  18 -16.099208 -0.439911 -0.730827 -0.070562 -0.416899 -0.906210 0.136986 0.117417
  18 -16.144439 -0.768739 -0.596848 -0.064277 -0.669885 -0.739677 0.121331 0.115460
  19 -17.751307 -0.686228 -0.514821 -0.021544 -0.444046 -0.895745 0.121331 0.021526
mid.bmp
  18 -16.144439 -0.768739 -0.596848 -0.064277 -0.669885 -0.739677 0.121331 0.115460
  19 -17.663031 -0.989983 -0.292757 0.011346 -0.710618 -0.703487 0.101761 0.023483
  19 -17.751307 -0.686228 -0.514821 -0.021544 -0.444046 -0.895745 0.121331 0.021526
mid.bmp
  18 -8.186682 0.956917 0.465235 0.123992 0.978870 0.162601 0.285714 0.540117
  18 -9.080910 0.646162 1.355883 0.085425 0.751322 0.654384 0.338552 0.502935
  18 -8.345176 0.552963 1.246758 0.064453 0.628075 0.775479 0.338552 0.532290
mid.bmp
  18 -8.345176 0.552963 1.246758 0.064453 0.628075 0.775479 0.338552 0.532290
  18 -9.080910 0.646162 1.355883 0.085425 0.751322 0.654384 0.338552 0.502935
  18 -9.121236 -0.071012 1.424122 -0.024503 0.122909 0.992115 0.377691 0.502935
mid.bmp
  18 -9.080910 0.646162 1.355883 0.085425 0.751322 0.654384 0.338552 0.502935
  18 -9.702943 0.756542 1.176049 -0.036719 0.698105 0.715053 0.334638 0.473581
  18 -9.121236 -0.071012 1.424122 -0.024503 0.122909 0.992115 0.377691 0.502935
mid.bmp
  18 -9.121236 -0.071012 1.424122 -0.024503 0.122909 0.992115 0.377691 0.502935
  18 -9.702943 0.756542 1.176049 -0.036719 0.698105 0.715053 0.334638 0.473581
  18 -9.752401 -0.123053 1.451865 -0.014281 0.182317 0.983136 0.377691 0.473581
mid.bmp
  18 -9.702943 0.756542 1.176049 -0.036719 0.698105 0.715053 0.334638 0.473581
  18 -12.504006 0.780483 1.053523 -0.062262 0.641607 0.764502 0.326810 0.340509
  18 -9.752401 -0.123053 1.451865 -0.014281 0.182317 0.983136 0.377691 0.473581
mid.bmp
  18 -9.752401 -0.123053 1.451865 -0.014281 0.182317 0.983136 0.377691 0.473581
  18 -12.504006 0.780483 1.053523 -0.062262 0.641607 0.764502 0.326810 0.340509
  18 -12.504961 -0.123966 1.424309 -0.054988 0.134832 0.989342 0.373777 0.338552
mid.bmp
  18 -12.504006 0.780483 1.053523 -0.062262 0.641607 0.764502 0.326810 0.340509
  18 -14.318930 0.576804 0.917683 -0.148774 0.616378 0.773269 0.318982 0.232877
  18 -12.504961 -0.123966 1.424309 -0.054988 0.134832 0.989342 0.373777 0.338552
mid.bmp
  18 -12.504961 -0.123966 1.424309 -0.054988 0.134832 0.989342 0.373777 0.338552
  18 -14.318930 0.576804 0.917683 -0.148774 0.616378 0.773269 0.318982 0.232877
  18 -14.314782 -0.132321 1.190804 -0.146076 0.055699 0.987704 0.362035 0.230920
mid.bmp
  18 -14.318930 0.576804 0.917683 -0.148774 0.616378 0.773269 0.318982 0.232877
  18 -16.159227 -0.204547 0.892032 -0.131859 0.089806 0.987192 0.354207 0.125245
  18 -14.314782 -0.132321 1.190804 -0.146076 0.055699 0.987704 0.362035 0.230920
mid.bmp
  18 -9.203106 -1.617400 -0.138605 -0.207984 -0.948131 -0.240394 0.052838 0.497065
  18 -9.784274 -1.547294 -0.154248 -0.049310 -0.923729 -0.379859 0.058708 0.471624
  18 -9.699577 -1.009055 -0.908056 -0.037101 -0.544373 -0.838023 0.107632 0.471624
mid.bmp
  18 -9.699577 -1.009055 -0.908056 -0.037101 -0.544373 -0.838023 0.107632 0.471624
  18 -9.784274 -1.547294 -0.154248 -0.049310 -0.923729 -0.379859 0.058708 0.471624
  18 -12.300085 -0.803450 -0.947698 -0.039591 -0.491672 -0.869880 0.121331 0.338552
mid.bmp
  18 -9.784274 -1.547294 -0.154248 -0.049310 -0.923729 -0.379859 0.058708 0.471624
  18 -12.510618 -1.424885 -0.191738 -0.052518 -0.947995 -0.313923 0.068493 0.326810
  18 -12.300085 -0.803450 -0.947698 -0.039591 -0.491672 -0.869880 0.121331 0.338552
mid.bmp
  18 -12.300085 -0.803450 -0.947698 -0.039591 -0.491672 -0.869880 0.121331 0.338552
  18 -12.510618 -1.424885 -0.191738 -0.052518 -0.947995 -0.313923 0.068493 0.326810
  18 -14.216219 -0.789766 -0.763819 -0.075976 -0.639944 -0.764656 0.119374 0.227006
mid.bmp
  18 -12.510618 -1.424885 -0.191738 -0.052518 -0.947995 -0.313923 0.068493 0.326810
  18 -14.313389 -1.287800 -0.187162 -0.074429 -0.938741 -0.336490 0.080235 0.221135
  18 -14.216219 -0.789766 -0.763819 -0.075976 -0.639944 -0.764656 0.119374 0.227006
mid.bmp
  18 -14.216219 -0.789766 -0.763819 -0.075976 -0.639944 -0.764656 0.119374 0.227006
  18 -14.313389 -1.287800 -0.187162 -0.074429 -0.938741 -0.336490 0.080235 0.221135
  18 -16.144439 -0.768739 -0.596848 -0.064277 -0.669885 -0.739677 0.121331 0.115460
mid.bmp
  18 -14.313389 -1.287800 -0.187162 -0.074429 -0.938741 -0.336490 0.080235 0.221135
  18 -16.201134 -1.048058 -0.208184 -0.038166 -0.872915 -0.486378 0.099804 0.111546
  18 -16.144439 -0.768739 -0.596848 -0.064277 -0.669885 -0.739677 0.121331 0.115460
mid.bmp
  18 -16.144439 -0.768739 -0.596848 -0.064277 -0.669885 -0.739677 0.121331 0.115460
  18 -16.201134 -1.048058 -0.208184 -0.038166 -0.872915 -0.486378 0.099804 0.111546
  19 -17.663031 -0.989983 -0.292757 0.011346 -0.710618 -0.703487 0.101761 0.023483
mid.bmp
  18 -16.201134 -1.048058 -0.208184 -0.038166 -0.872915 -0.486378 0.099804 0.111546
  19 -17.701248 -1.175581 -0.124391 0.058694 -0.926079 -0.372738 0.086106 0.019569
  19 -17.663031 -0.989983 -0.292757 0.011346 -0.710618 -0.703487 0.101761 0.023483
mid.bmp
  11 23.958912 -1.475643 -0.274643 0.626239 -0.342017 -0.700606 0.925636 0.385519
  11 23.853402 -1.615932 -0.207349 0.053626 -0.933848 -0.353628 0.904110 0.393346
  11 23.728648 -1.443689 -0.350431 -0.009358 -0.284394 -0.958662 0.923679 0.414873
mid.bmp
  11 23.728648 -1.443689 -0.350431 -0.009358 -0.284394 -0.958662 0.923679 0.414873
  11 23.853402 -1.615932 -0.207349 0.053626 -0.933848 -0.353628 0.904110 0.393346
  11 23.278806 -1.488944 -0.258648 -0.118551 -0.713937 -0.690101 0.908023 0.518591
mid.bmp
  11 23.853402 -1.615932 -0.207349 0.053626 -0.933848 -0.353628 0.904110 0.393346
  10 23.231859 -1.539081 0.030007 -0.158239 -0.946968 0.279663 0.884540 0.530333
  11 23.278806 -1.488944 -0.258648 -0.118551 -0.713937 -0.690101 0.908023 0.518591
mid.bmp
  11 23.278806 -1.488944 -0.258648 -0.118551 -0.713937 -0.690101 0.908023 0.518591
  10 23.231859 -1.539081 0.030007 -0.158239 -0.946968 0.279663 0.884540 0.530333
  10 23.101343 -1.465720 -0.282899 -0.126545 -0.771068 -0.624052 0.904110 0.542074
mid.bmp
  10 23.231859 -1.539081 0.030007 -0.158239 -0.946968 0.279663 0.884540 0.530333
  10 22.257256 -1.365166 0.037694 -0.150905 -0.976014 0.156924 0.888454 0.628180
  10 23.101343 -1.465720 -0.282899 -0.126545 -0.771068 -0.624052 0.904110 0.542074
mid.bmp
  10 23.101343 -1.465720 -0.282899 -0.126545 -0.771068 -0.624052 0.904110 0.542074
  10 22.257256 -1.365166 0.037694 -0.150905 -0.976014 0.156924 0.888454 0.628180
  10 22.190930 -1.324961 -0.266534 -0.122042 -0.758727 -0.639874 0.908023 0.634051
mid.bmp
  10 22.257256 -1.365166 0.037694 -0.150905 -0.976014 0.156924 0.888454 0.628180
  9 22.156138 -1.371122 0.032920 -0.016714 -0.985969 0.166092 0.882583 0.643836
  10 22.190930 -1.324961 -0.266534 -0.122042 -0.758727 -0.639874 0.908023 0.634051
mid.bmp
  10 22.190930 -1.324961 -0.266534 -0.122042 -0.758727 -0.639874 0.908023 0.634051
  9 22.156138 -1.371122 0.032920 -0.016714 -0.985969 0.166092 0.882583 0.643836
  9 22.116348 -1.313932 -0.256184 -0.202337 -0.716326 -0.667785 0.906067 0.645793
mid.bmp
  8 24.552248 -0.338257 0.288853 0.056477 -0.902611 0.426736 0.888454 0.393346
  7 23.873368 -0.375030 0.182855 0.023523 -0.987046 0.158703 0.884540 0.530333
  8 24.618551 -0.319657 -0.010168 0.212281 -0.929954 -0.300205 0.904110 0.393346
mid.bmp
  8 24.618551 -0.319657 -0.010168 0.212281 -0.929954 -0.300205 0.904110 0.393346
  7 23.873368 -0.375030 0.182855 0.023523 -0.987046 0.158703 0.884540 0.530333
  8 23.947088 -0.314450 -0.119133 0.065991 -0.707648 -0.703476 0.908023 0.518591
mid.bmp
  7 23.873368 -0.375030 0.182855 0.023523 -0.987046 0.158703 0.884540 0.530333
  7 23.746598 -0.336169 -0.123794 0.040532 -0.854023 -0.518653 0.904110 0.542074
  8 23.947088 -0.314450 -0.119133 0.065991 -0.707648 -0.703476 0.908023 0.518591
mid.bmp
  8 23.947088 -0.314450 -0.119133 0.065991 -0.707648 -0.703476 0.908023 0.518591
  7 23.746598 -0.336169 -0.123794 0.040532 -0.854023 -0.518653 0.904110 0.542074
  7 23.741468 -0.083804 -0.164112 0.052384 0.271966 -0.960880 0.943249 0.534247
mid.bmp
  7 23.746598 -0.336169 -0.123794 0.040532 -0.854023 -0.518653 0.904110 0.542074
  7 22.636885 -0.335453 -0.167076 0.026471 -0.582768 -0.812207 0.908023 0.634051
  7 23.741468 -0.083804 -0.164112 0.052384 0.271966 -0.960880 0.943249 0.534247
mid.bmp
  7 23.741468 -0.083804 -0.164112 0.052384 0.271966 -0.960880 0.943249 0.534247
  7 22.636885 -0.335453 -0.167076 0.026471 -0.582768 -0.812207 0.908023 0.634051
  7 22.631335 -0.072981 -0.222931 0.054683 0.261823 -0.963565 0.943249 0.634051
mid.bmp
  7 22.636885 -0.335453 -0.167076 0.026471 -0.582768 -0.812207 0.908023 0.634051
  6 22.563162 -0.323188 -0.169444 -0.039164 -0.556541 -0.829896 0.906067 0.645793
  7 22.631335 -0.072981 -0.222931 0.054683 0.261823 -0.963565 0.943249 0.634051
mid.bmp
  7 22.631335 -0.072981 -0.222931 0.054683 0.261823 -0.963565 0.943249 0.634051
  6 22.563162 -0.323188 -0.169444 -0.039164 -0.556541 -0.829896 0.906067 0.645793
  6 22.536138 -0.061082 -0.231304 0.115762 0.262013 -0.958096 0.943249 0.645793
mid.bmp
  3 22.151736 1.135986 0.030134 -0.245721 0.840437 -0.482998 0.872798 0.988258
  3 22.180295 1.128454 0.260553 -0.004909 0.977666 0.210106 0.892368 0.986301
  4 22.205738 1.146223 0.008119 -0.136548 0.885319 -0.444483 0.872798 0.970646
mid.bmp
  4 22.205738 1.146223 0.008119 -0.136548 0.885319 -0.444483 0.872798 0.970646
  3 22.180295 1.128454 0.260553 -0.004909 0.977666 0.210106 0.892368 0.986301
  4 22.229196 1.133106 0.227861 -0.150437 0.959845 0.236783 0.894325 0.966732
mid.bmp
  3 22.180295 1.128454 0.260553 -0.004909 0.977666 0.210106 0.892368 0.986301
  3 22.207207 1.033922 0.338930 0.140720 0.581451 0.801319 0.919765 0.982387
  4 22.229196 1.133106 0.227861 -0.150437 0.959845 0.236783 0.894325 0.966732
mid.bmp
  4 22.229196 1.133106 0.227861 -0.150437 0.959845 0.236783 0.894325 0.966732
  3 22.207207 1.033922 0.338930 0.140720 0.581451 0.801319 0.919765 0.982387
  4 22.259483 1.038911 0.331402 -0.039924 0.428218 0.902793 0.919765 0.964775
mid.bmp
  3 22.207207 1.033922 0.338930 0.140720 0.581451 0.801319 0.919765 0.982387
  3 22.250459 0.859928 0.403281 0.407837 -0.037526 0.912283 0.951076 0.982387
  4 22.259483 1.038911 0.331402 -0.039924 0.428218 0.902793 0.919765 0.964775
mid.bmp
  4 22.259483 1.038911 0.331402 -0.039924 0.428218 0.902793 0.919765 0.964775
  3 22.250459 0.859928 0.403281 0.407837 -0.037526 0.912283 0.951076 0.982387
  4 22.350165 0.879835 0.351279 0.135216 -0.308467 0.941576 0.951076 0.964775
mid.bmp
  3 22.250459 0.859928 0.403281 0.407837 -0.037526 0.912283 0.951076 0.982387
  3 22.329821 0.628160 0.239600 0.484257 -0.830945 0.273908 0.978474 0.988258
  4 22.350165 0.879835 0.351279 0.135216 -0.308467 0.941576 0.951076 0.964775
mid.bmp
  4 22.350165 0.879835 0.351279 0.135216 -0.308467 0.941576 0.951076 0.964775
  3 22.329821 0.628160 0.239600 0.484257 -0.830945 0.273908 0.978474 0.988258
  4 22.401444 0.664351 0.220289 0.297004 -0.951054 0.085348 0.978474 0.974560
mid.bmp
  2 19.191516 1.076770 -0.734123 -0.264854 0.671083 -0.692459 0.726027 0.407045
  2 20.216682 1.204406 -0.851749 -0.041224 0.262007 -0.964185 0.636008 0.438356
  2 19.369341 0.735680 -0.986674 0.035685 0.116073 -0.992599 0.720157 0.448141
mid.bmp
  2 19.369341 0.735680 -0.986674 0.035685 0.116073 -0.992599 0.720157 0.448141
  2 20.216682 1.204406 -0.851749 -0.041224 0.262007 -0.964185 0.636008 0.438356
  2 20.591128 0.682479 -0.810652 0.166264 -0.220651 -0.961077 0.622309 0.495108
mid.bmp
  2 20.216682 1.204406 -0.851749 -0.041224 0.262007 -0.964185 0.636008 0.438356
  12 20.716697 1.450066 -0.434649 0.016449 0.366398 -0.930313 0.594912 0.432485
  2 20.591128 0.682479 -0.810652 0.166264 -0.220651 -0.961077 0.622309 0.495108
mid.bmp
  2 20.591128 0.682479 -0.810652 0.166264 -0.220651 -0.961077 0.622309 0.495108
  12 20.716697 1.450066 -0.434649 0.016449 0.366398 -0.930313 0.594912 0.432485
  12 21.074305 1.177385 -0.386501 0.534207 -0.548747 -0.643039 0.575342 0.469667
mid.bmp
  12 20.716697 1.450066 -0.434649 0.016449 0.366398 -0.930313 0.594912 0.432485
  12 21.575528 1.782630 -0.293803 0.087255 0.264065 -0.960550 0.510763 0.432485
  12 21.074305 1.177385 -0.386501 0.534207 -0.548747 -0.643039 0.575342 0.469667
mid.bmp
  12 21.074305 1.177385 -0.386501 0.534207 -0.548747 -0.643039 0.575342 0.469667
  12 21.575528 1.782630 -0.293803 0.087255 0.264065 -0.960550 0.510763 0.432485
  12 21.721217 1.597184 -0.281142 0.530621 -0.559256 -0.636926 0.506849 0.457926
mid.bmp
  12 21.575528 1.782630 -0.293803 0.087255 0.264065 -0.960550 0.510763 0.432485
  12 21.589614 1.791399 -0.255589 0.577087 0.504052 -0.642575 0.504892 0.430528
  12 21.721217 1.597184 -0.281142 0.530621 -0.559256 -0.636926 0.506849 0.457926
mid.bmp
  12 21.721217 1.597184 -0.281142 0.530621 -0.559256 -0.636926 0.506849 0.457926
  12 21.589614 1.791399 -0.255589 0.577087 0.504052 -0.642575 0.504892 0.430528
  12 21.746583 1.638988 -0.254880 0.883433 -0.130036 -0.450152 0.500978 0.455969
mid.bmp
  2 20.762945 1.464604 -0.224951 0.002419 0.524567 0.851366 0.741683 0.318982
  2 20.490248 1.198115 0.021365 0.017706 0.668346 0.743640 0.769080 0.299413
  2 20.873343 1.179690 -0.038713 0.242519 0.370449 0.896634 0.733855 0.291585
mid.bmp
  2 20.873343 1.179690 -0.038713 0.242519 0.370449 0.896634 0.733855 0.291585
  2 20.490248 1.198115 0.021365 0.017706 0.668346 0.743640 0.769080 0.299413
  2 20.987461 0.926183 0.074561 0.124289 0.652234 0.747758 0.726027 0.268102
mid.bmp
  2 20.490248 1.198115 0.021365 0.017706 0.668346 0.743640 0.769080 0.299413
  2 20.556152 0.693444 0.378017 0.103927 0.405400 0.908213 0.769080 0.250489
  2 20.987461 0.926183 0.074561 0.124289 0.652234 0.747758 0.726027 0.268102
mid.bmp
  2 20.987461 0.926183 0.074561 0.124289 0.652234 0.747758 0.726027 0.268102
  2 20.556152 0.693444 0.378017 0.103927 0.405400 0.908213 0.769080 0.250489
  2 21.148841 0.700624 0.188033 0.094215 0.287769 0.953054 0.712329 0.246575
mid.bmp
  2 20.556152 0.693444 0.378017 0.103927 0.405400 0.908213 0.769080 0.250489
  2 21.118450 0.432096 0.170812 0.312236 0.069831 0.947434 0.718200 0.223092
  2 21.148841 0.700624 0.188033 0.094215 0.287769 0.953054 0.712329 0.246575
mid.bmp
  2 21.148841 0.700624 0.188033 0.094215 0.287769 0.953054 0.712329 0.246575
  2 21.118450 0.432096 0.170812 0.312236 0.069831 0.947434 0.718200 0.223092
  3 22.235465 0.833103 0.428548 0.103885 -0.212721 0.971575 0.612524 0.250489
mid.bmp
  2 21.118450 0.432096 0.170812 0.312236 0.069831 0.947434 0.718200 0.223092
  3 21.187668 0.318394 0.332846 0.820660 0.523169 0.229807 0.702544 0.215264
  3 22.235465 0.833103 0.428548 0.103885 -0.212721 0.971575 0.612524 0.250489
mid.bmp
  3 22.235465 0.833103 0.428548 0.103885 -0.212721 0.971575 0.612524 0.250489
  3 21.187668 0.318394 0.332846 0.820660 0.523169 0.229807 0.702544 0.215264
  3 22.312060 0.596600 0.256350 0.281079 -0.953531 0.108503 0.608611 0.232877
mid.bmp
  2 18.030819 -0.940399 0.691458 0.022774 -0.502636 0.864198 0.491194 0.076321
  2 18.054305 -0.256373 0.839472 0.050573 -0.051031 0.997416 0.502935 0.156556
  2 18.018521 -0.930180 0.662401 0.236841 -0.481004 0.844122 0.495108 0.076321
mid.bmp
  2 18.018521 -0.930180 0.662401 0.236841 -0.481004 0.844122 0.495108 0.076321
  2 18.054305 -0.256373 0.839472 0.050573 -0.051031 0.997416 0.502935 0.156556
  2 18.047354 -0.256199 0.814943 0.266787 -0.061284 0.961805 0.506849 0.156556
mid.bmp
  2 18.054305 -0.256373 0.839472 0.050573 -0.051031 0.997416 0.502935 0.156556
  2 18.041194 0.339834 0.653759 0.083636 0.441441 0.893384 0.512720 0.227006
  2 18.047354 -0.256199 0.814943 0.266787 -0.061284 0.961805 0.506849 0.156556
mid.bmp
  2 18.047354 -0.256199 0.814943 0.266787 -0.061284 0.961805 0.506849 0.156556
  2 18.041194 0.339834 0.653759 0.083636 0.441441 0.893384 0.512720 0.227006
  2 18.034984 0.324944 0.639106 0.285034 0.395780 0.872991 0.514677 0.223092
mid.bmp
  2 18.041194 0.339834 0.653759 0.083636 0.441441 0.893384 0.512720 0.227006
  2 17.992709 0.777320 0.279218 0.019808 0.778817 0.626939 0.518591 0.273973
  2 18.034984 0.324944 0.639106 0.285034 0.395780 0.872991 0.514677 0.223092
mid.bmp
  2 18.034984 0.324944 0.639106 0.285034 0.395780 0.872991 0.514677 0.223092
  2 17.992709 0.777320 0.279218 0.019808 0.778817 0.626939 0.518591 0.273973
  2 17.981483 0.752443 0.264896 0.147932 0.813402 0.562578 0.522505 0.268102
mid.bmp
  2 17.992709 0.777320 0.279218 0.019808 0.778817 0.626939 0.518591 0.273973
  2 17.910363 0.951329 -0.325071 -0.103809 0.972041 0.210617 0.524462 0.320939
  2 17.981483 0.752443 0.264896 0.147932 0.813402 0.562578 0.522505 0.268102
mid.bmp
  2 17.981483 0.752443 0.264896 0.147932 0.813402 0.562578 0.522505 0.268102
  2 17.910363 0.951329 -0.325071 -0.103809 0.972041 0.210617 0.524462 0.320939
  2 17.905710 0.931310 -0.319817 0.067846 0.987182 0.144458 0.526419 0.317025
mid.bmp
  2 18.346063 -0.885905 0.616780 0.116720 -0.452770 0.883955 0.446184 0.086106
  2 18.372899 -0.221764 0.744339 0.206701 0.083906 0.974800 0.455969 0.168297
  2 18.349148 -0.906162 0.656531 0.266031 -0.501439 0.823278 0.452055 0.086106
mid.bmp
  2 18.349148 -0.906162 0.656531 0.266031 -0.501439 0.823278 0.452055 0.086106
  2 18.372899 -0.221764 0.744339 0.206701 0.083906 0.974800 0.455969 0.168297
  2 18.381831 -0.217098 0.793821 0.257644 0.135542 0.956686 0.461840 0.168297
mid.bmp
  2 18.372899 -0.221764 0.744339 0.206701 0.083906 0.974800 0.455969 0.168297
  2 18.432457 0.325856 0.567630 0.048459 0.481015 0.875372 0.463796 0.232877
  2 18.381831 -0.217098 0.793821 0.257644 0.135542 0.956686 0.461840 0.168297
mid.bmp
  2 18.381831 -0.217098 0.793821 0.257644 0.135542 0.956686 0.461840 0.168297
  2 18.432457 0.325856 0.567630 0.048459 0.481015 0.875372 0.463796 0.232877
  2 18.426692 0.335202 0.582845 0.211915 0.541516 0.813543 0.471624 0.232877
mid.bmp
  2 18.432457 0.325856 0.567630 0.048459 0.481015 0.875372 0.463796 0.232877
  2 18.313053 0.741770 0.208573 -0.089503 0.758832 0.645107 0.471624 0.279843
  2 18.426692 0.335202 0.582845 0.211915 0.541516 0.813543 0.471624 0.232877
mid.bmp
  2 18.426692 0.335202 0.582845 0.211915 0.541516 0.813543 0.471624 0.232877
  2 18.313053 0.741770 0.208573 -0.089503 0.758832 0.645107 0.471624 0.279843
  2 18.320127 0.781595 0.233350 0.135058 0.882048 0.451387 0.477495 0.279843
mid.bmp
  2 18.313053 0.741770 0.208573 -0.089503 0.758832 0.645107 0.471624 0.279843
  2 18.251652 0.945257 -0.321944 -0.194564 0.946680 0.256791 0.475538 0.334638
  2 18.320127 0.781595 0.233350 0.135058 0.882048 0.451387 0.477495 0.279843
mid.bmp
  2 18.320127 0.781595 0.233350 0.135058 0.882048 0.451387 0.477495 0.279843
  2 18.251652 0.945257 -0.321944 -0.194564 0.946680 0.256791 0.475538 0.334638
  2 18.250989 0.985321 -0.331665 0.015203 0.973048 0.230102 0.483366 0.336595
mid.bmp
  2 17.795039 -0.335218 -0.721762 -0.756424 0.609683 -0.236873 0.430528 0.992172
  2 17.830086 -0.837251 -0.520871 -0.715364 -0.671499 0.193244 0.360078 0.992172
  2 17.869098 -0.798839 -0.485125 -0.274893 0.214177 0.937316 0.363992 0.990215
mid.bmp
  2 17.869098 -0.798839 -0.485125 -0.274893 0.214177 0.937316 0.363992 0.990215
  2 17.830086 -0.837251 -0.520871 -0.715364 -0.671499 0.193244 0.360078 0.992172
  2 18.277640 -0.798661 -0.544013 0.433531 -0.091064 0.896526 0.363992 0.935421
mid.bmp
  2 17.830086 -0.837251 -0.520871 -0.715364 -0.671499 0.193244 0.360078 0.992172
  2 18.259819 -0.833053 -0.604906 0.698736 -0.712357 -0.065688 0.360078 0.931507
  2 18.277640 -0.798661 -0.544013 0.433531 -0.091064 0.896526 0.363992 0.935421
mid.bmp
  2 18.277640 -0.798661 -0.544013 0.433531 -0.091064 0.896526 0.363992 0.935421
  2 18.259819 -0.833053 -0.604906 0.698736 -0.712357 -0.065688 0.360078 0.931507
  2 18.249559 -0.345923 -0.756929 0.625992 0.450921 0.636242 0.428571 0.935421
mid.bmp
  2 18.259819 -0.833053 -0.604906 0.698736 -0.712357 -0.065688 0.360078 0.931507
  2 18.269835 -0.339360 -0.796616 0.658432 0.420476 -0.624233 0.430528 0.931507
  2 18.249559 -0.345923 -0.756929 0.625992 0.450921 0.636242 0.428571 0.935421
mid.bmp
  2 18.249559 -0.345923 -0.756929 0.625992 0.450921 0.636242 0.428571 0.935421
  2 18.269835 -0.339360 -0.796616 0.658432 0.420476 -0.624233 0.430528 0.931507
  2 17.844733 -0.336412 -0.684454 -0.111088 0.666358 0.737310 0.428571 0.988258
mid.bmp
  2 18.269835 -0.339360 -0.796616 0.658432 0.420476 -0.624233 0.430528 0.931507
  2 17.795039 -0.335218 -0.721762 -0.756424 0.609683 -0.236873 0.430528 0.992172
  2 17.844733 -0.336412 -0.684454 -0.111088 0.666358 0.737310 0.428571 0.988258
mid.bmp
  2 17.844733 -0.336412 -0.684454 -0.111088 0.666358 0.737310 0.428571 0.988258
  2 17.795039 -0.335218 -0.721762 -0.756424 0.609683 -0.236873 0.430528 0.992172
  2 17.869098 -0.798839 -0.485125 -0.274893 0.214177 0.937316 0.363992 0.990215
mid.bmp
  2 17.844733 -0.336412 -0.684454 -0.111088 0.666358 0.737310 0.428571 0.988258
  2 17.869098 -0.798839 -0.485125 -0.274893 0.214177 0.937316 0.363992 0.990215
  2 17.906510 -0.749356 -0.508673 0.335236 0.692878 0.638387 0.371820 0.982387
mid.bmp
  2 17.906510 -0.749356 -0.508673 0.335236 0.692878 0.638387 0.371820 0.982387
  2 17.869098 -0.798839 -0.485125 -0.274893 0.214177 0.937316 0.363992 0.990215
  2 18.209611 -0.747543 -0.569594 -0.339220 0.559502 0.756233 0.371820 0.943249
mid.bmp
  2 17.869098 -0.798839 -0.485125 -0.274893 0.214177 0.937316 0.363992 0.990215
  2 18.277640 -0.798661 -0.544013 0.433531 -0.091064 0.896526 0.363992 0.935421
  2 18.209611 -0.747543 -0.569594 -0.339220 0.559502 0.756233 0.371820 0.943249
mid.bmp
  2 18.209611 -0.747543 -0.569594 -0.339220 0.559502 0.756233 0.371820 0.943249
  2 18.277640 -0.798661 -0.544013 0.433531 -0.091064 0.896526 0.363992 0.935421
  2 18.194799 -0.397676 -0.728674 -0.091848 0.038959 0.995011 0.420744 0.943249
mid.bmp
  2 18.277640 -0.798661 -0.544013 0.433531 -0.091064 0.896526 0.363992 0.935421
  2 18.249559 -0.345923 -0.756929 0.625992 0.450921 0.636242 0.428571 0.935421
  2 18.194799 -0.397676 -0.728674 -0.091848 0.038959 0.995011 0.420744 0.943249
mid.bmp
  2 18.194799 -0.397676 -0.728674 -0.091848 0.038959 0.995011 0.420744 0.943249
  2 18.249559 -0.345923 -0.756929 0.625992 0.450921 0.636242 0.428571 0.935421
  2 17.895245 -0.381555 -0.663510 0.612160 0.137789 0.778636 0.420744 0.982387
mid.bmp
  2 18.249559 -0.345923 -0.756929 0.625992 0.450921 0.636242 0.428571 0.935421
  2 17.844733 -0.336412 -0.684454 -0.111088 0.666358 0.737310 0.428571 0.988258
  2 17.895245 -0.381555 -0.663510 0.612160 0.137789 0.778636 0.420744 0.982387
mid.bmp
  2 17.895245 -0.381555 -0.663510 0.612160 0.137789 0.778636 0.420744 0.982387
  2 17.844733 -0.336412 -0.684454 -0.111088 0.666358 0.737310 0.428571 0.988258
  2 17.906510 -0.749356 -0.508673 0.335236 0.692878 0.638387 0.371820 0.982387
mid.bmp
  2 17.895245 -0.381555 -0.663510 0.612160 0.137789 0.778636 0.420744 0.982387
  2 17.906510 -0.749356 -0.508673 0.335236 0.692878 0.638387 0.371820 0.982387
  2 17.930464 -0.746636 -0.587716 0.829632 0.491458 -0.264913 0.375734 0.978474
mid.bmp
  2 17.930464 -0.746636 -0.587716 0.829632 0.491458 -0.264913 0.375734 0.978474
  2 17.906510 -0.749356 -0.508673 0.335236 0.692878 0.638387 0.371820 0.982387
  2 18.177084 -0.747935 -0.638417 -0.790494 0.593630 -0.150740 0.375734 0.945205
mid.bmp
  2 17.906510 -0.749356 -0.508673 0.335236 0.692878 0.638387 0.371820 0.982387
  2 18.209611 -0.747543 -0.569594 -0.339220 0.559502 0.756233 0.371820 0.943249
  2 18.177084 -0.747935 -0.638417 -0.790494 0.593630 -0.150740 0.375734 0.945205
mid.bmp
  2 18.177084 -0.747935 -0.638417 -0.790494 0.593630 -0.150740 0.375734 0.945205
  2 18.209611 -0.747543 -0.569594 -0.339220 0.559502 0.756233 0.371820 0.943249
  2 18.158634 -0.443729 -0.767264 -0.807732 -0.487470 0.331576 0.416830 0.945205
mid.bmp
  2 18.209611 -0.747543 -0.569594 -0.339220 0.559502 0.756233 0.371820 0.943249
  2 18.194799 -0.397676 -0.728674 -0.091848 0.038959 0.995011 0.420744 0.943249
  2 18.158634 -0.443729 -0.767264 -0.807732 -0.487470 0.331576 0.416830 0.945205
mid.bmp
  2 18.158634 -0.443729 -0.767264 -0.807732 -0.487470 0.331576 0.416830 0.945205
  2 18.194799 -0.397676 -0.728674 -0.091848 0.038959 0.995011 0.420744 0.943249
  2 17.910009 -0.451554 -0.725189 0.793234 -0.591494 0.144617 0.416830 0.978474
mid.bmp
  2 18.194799 -0.397676 -0.728674 -0.091848 0.038959 0.995011 0.420744 0.943249
  2 17.895245 -0.381555 -0.663510 0.612160 0.137789 0.778636 0.420744 0.982387
  2 17.910009 -0.451554 -0.725189 0.793234 -0.591494 0.144617 0.416830 0.978474
mid.bmp
  2 17.910009 -0.451554 -0.725189 0.793234 -0.591494 0.144617 0.416830 0.978474
  2 17.895245 -0.381555 -0.663510 0.612160 0.137789 0.778636 0.420744 0.982387
  2 17.930464 -0.746636 -0.587716 0.829632 0.491458 -0.264913 0.375734 0.978474
mid.bmp
  2 17.910009 -0.451554 -0.725189 0.793234 -0.591494 0.144617 0.534247 0.735812
  2 17.930464 -0.746636 -0.587716 0.829632 0.491458 -0.264913 0.534247 0.786693
  2 17.900649 -0.785167 -0.616252 0.202334 -0.209258 -0.956699 0.538160 0.790607
mid.bmp
  2 17.900649 -0.785167 -0.616252 0.202334 -0.209258 -0.956699 0.538160 0.790607
  2 17.930464 -0.746636 -0.587716 0.829632 0.491458 -0.264913 0.534247 0.786693
  2 18.193547 -0.798174 -0.668867 -0.453340 0.002910 -0.891333 0.491194 0.790607
mid.bmp
  2 17.930464 -0.746636 -0.587716 0.829632 0.491458 -0.264913 0.534247 0.786693
  2 18.177084 -0.747935 -0.638417 -0.790494 0.593630 -0.150740 0.495108 0.786693
  2 18.193547 -0.798174 -0.668867 -0.453340 0.002910 -0.891333 0.491194 0.790607
mid.bmp
  2 18.193547 -0.798174 -0.668867 -0.453340 0.002910 -0.891333 0.491194 0.790607
  2 18.177084 -0.747935 -0.638417 -0.790494 0.593630 -0.150740 0.495108 0.786693
  2 18.173164 -0.436403 -0.826230 -0.626364 -0.501220 -0.597032 0.491194 0.729941
mid.bmp
  2 18.177084 -0.747935 -0.638417 -0.790494 0.593630 -0.150740 0.495108 0.786693
  2 18.158634 -0.443729 -0.767264 -0.807732 -0.487470 0.331576 0.495108 0.735812
  2 18.173164 -0.436403 -0.826230 -0.626364 -0.501220 -0.597032 0.491194 0.729941
mid.bmp
  2 18.173164 -0.436403 -0.826230 -0.626364 -0.501220 -0.597032 0.491194 0.729941
  2 18.158634 -0.443729 -0.767264 -0.807732 -0.487470 0.331576 0.495108 0.735812
  2 17.880021 -0.435793 -0.769095 -0.009841 -0.622836 -0.782291 0.538160 0.729941
mid.bmp
  2 18.158634 -0.443729 -0.767264 -0.807732 -0.487470 0.331576 0.495108 0.735812
  2 17.910009 -0.451554 -0.725189 0.793234 -0.591494 0.144617 0.534247 0.735812
  2 17.880021 -0.435793 -0.769095 -0.009841 -0.622836 -0.782291 0.538160 0.729941
mid.bmp
  2 17.880021 -0.435793 -0.769095 -0.009841 -0.622836 -0.782291 0.538160 0.729941
  2 17.910009 -0.451554 -0.725189 0.793234 -0.591494 0.144617 0.534247 0.735812
  2 17.900649 -0.785167 -0.616252 0.202334 -0.209258 -0.956699 0.538160 0.790607
mid.bmp
  2 17.880021 -0.435793 -0.769095 -0.009841 -0.622836 -0.782291 0.538160 0.729941
  2 17.900649 -0.785167 -0.616252 0.202334 -0.209258 -0.956699 0.538160 0.790607
  2 17.849942 -0.821897 -0.587542 -0.358145 -0.709656 -0.606729 0.547945 0.798434
mid.bmp
  2 17.849942 -0.821897 -0.587542 -0.358145 -0.709656 -0.606729 0.547945 0.798434
  2 17.900649 -0.785167 -0.616252 0.202334 -0.209258 -0.956699 0.538160 0.790607
  2 18.225193 -0.832590 -0.662359 0.443940 -0.508758 -0.737620 0.481409 0.798434
mid.bmp
  2 17.900649 -0.785167 -0.616252 0.202334 -0.209258 -0.956699 0.538160 0.790607
  2 18.193547 -0.798174 -0.668867 -0.453340 0.002910 -0.891333 0.491194 0.790607
  2 18.225193 -0.832590 -0.662359 0.443940 -0.508758 -0.737620 0.481409 0.798434
mid.bmp
  2 18.225193 -0.832590 -0.662359 0.443940 -0.508758 -0.737620 0.481409 0.798434
  2 18.193547 -0.798174 -0.668867 -0.453340 0.002910 -0.891333 0.491194 0.790607
  2 18.196984 -0.411372 -0.842995 0.123431 0.133177 -0.983376 0.481409 0.722114
mid.bmp
  2 18.193547 -0.798174 -0.668867 -0.453340 0.002910 -0.891333 0.491194 0.790607
  2 18.173164 -0.436403 -0.826230 -0.626364 -0.501220 -0.597032 0.491194 0.729941
  2 18.196984 -0.411372 -0.842995 0.123431 0.133177 -0.983376 0.481409 0.722114
mid.bmp
  2 18.196984 -0.411372 -0.842995 0.123431 0.133177 -0.983376 0.481409 0.722114
  2 18.173164 -0.436403 -0.826230 -0.626364 -0.501220 -0.597032 0.491194 0.729941
  2 17.826717 -0.400692 -0.768571 -0.654250 -0.128902 -0.745212 0.547945 0.722114
mid.bmp
  2 18.173164 -0.436403 -0.826230 -0.626364 -0.501220 -0.597032 0.491194 0.729941
  2 17.880021 -0.435793 -0.769095 -0.009841 -0.622836 -0.782291 0.538160 0.729941
  2 17.826717 -0.400692 -0.768571 -0.654250 -0.128902 -0.745212 0.547945 0.722114
mid.bmp
  2 17.826717 -0.400692 -0.768571 -0.654250 -0.128902 -0.745212 0.547945 0.722114
  2 17.880021 -0.435793 -0.769095 -0.009841 -0.622836 -0.782291 0.538160 0.729941
  2 17.849942 -0.821897 -0.587542 -0.358145 -0.709656 -0.606729 0.547945 0.798434
mid.bmp
  2 17.826717 -0.400692 -0.768571 -0.654250 -0.128902 -0.745212 0.547945 0.722114
  2 17.849942 -0.821897 -0.587542 -0.358145 -0.709656 -0.606729 0.547945 0.798434
  2 17.830086 -0.837251 -0.520871 -0.715364 -0.671499 0.193244 0.551859 0.804305
mid.bmp
  2 17.830086 -0.837251 -0.520871 -0.715364 -0.671499 0.193244 0.551859 0.804305
  2 17.849942 -0.821897 -0.587542 -0.358145 -0.709656 -0.606729 0.547945 0.798434
  2 18.259819 -0.833053 -0.604906 0.698736 -0.712357 -0.065688 0.477495 0.804305
mid.bmp
  2 17.849942 -0.821897 -0.587542 -0.358145 -0.709656 -0.606729 0.547945 0.798434
  2 18.225193 -0.832590 -0.662359 0.443940 -0.508758 -0.737620 0.481409 0.798434
  2 18.259819 -0.833053 -0.604906 0.698736 -0.712357 -0.065688 0.477495 0.804305
mid.bmp
  2 18.259819 -0.833053 -0.604906 0.698736 -0.712357 -0.065688 0.477495 0.804305
  2 18.225193 -0.832590 -0.662359 0.443940 -0.508758 -0.737620 0.481409 0.798434
  2 18.269835 -0.339360 -0.796616 0.658432 0.420476 -0.624233 0.477495 0.718200
mid.bmp
  2 18.225193 -0.832590 -0.662359 0.443940 -0.508758 -0.737620 0.481409 0.798434
  2 18.196984 -0.411372 -0.842995 0.123431 0.133177 -0.983376 0.481409 0.722114
  2 18.269835 -0.339360 -0.796616 0.658432 0.420476 -0.624233 0.477495 0.718200
mid.bmp
  2 18.269835 -0.339360 -0.796616 0.658432 0.420476 -0.624233 0.477495 0.718200
  2 18.196984 -0.411372 -0.842995 0.123431 0.133177 -0.983376 0.481409 0.722114
  2 17.795039 -0.335218 -0.721762 -0.756424 0.609683 -0.236873 0.551859 0.718200
mid.bmp
  2 18.196984 -0.411372 -0.842995 0.123431 0.133177 -0.983376 0.481409 0.722114
  2 17.826717 -0.400692 -0.768571 -0.654250 -0.128902 -0.745212 0.547945 0.722114
  2 17.795039 -0.335218 -0.721762 -0.756424 0.609683 -0.236873 0.551859 0.718200
mid.bmp
  2 17.795039 -0.335218 -0.721762 -0.756424 0.609683 -0.236873 0.551859 0.718200
  2 17.826717 -0.400692 -0.768571 -0.654250 -0.128902 -0.745212 0.547945 0.722114
  2 17.830086 -0.837251 -0.520871 -0.715364 -0.671499 0.193244 0.551859 0.804305
mid.bmp
  22 -24.197346 1.231345 0.182801 -0.752303 -0.650637 0.103495 0.956947 0.673190
  22 -24.205066 1.343644 0.193779 -0.503679 0.450221 0.737298 0.923679 0.671233
  22 -24.236739 1.336003 0.140268 -0.916466 0.020118 -0.399605 0.925636 0.661448
mid.bmp
  22 -24.236739 1.336003 0.140268 -0.916466 0.020118 -0.399605 0.925636 0.661448
  22 -24.205066 1.343644 0.193779 -0.503679 0.450221 0.737298 0.923679 0.671233
  22 -24.170373 1.387197 0.103823 -0.379888 0.899813 -0.214529 0.898239 0.667319
mid.bmp
  22 -24.205066 1.343644 0.193779 -0.503679 0.450221 0.737298 0.923679 0.671233
  22 -24.082984 1.383567 0.170064 0.074569 0.808356 0.583953 0.894325 0.694716
  22 -24.170373 1.387197 0.103823 -0.379888 0.899813 -0.214529 0.898239 0.667319
mid.bmp
  22 -24.170373 1.387197 0.103823 -0.379888 0.899813 -0.214529 0.898239 0.667319
  22 -24.082984 1.383567 0.170064 0.074569 0.808356 0.583953 0.894325 0.694716
  22 -24.050817 1.396528 0.066200 0.080176 0.961756 -0.261910 0.882583 0.690802
mid.bmp
  22 -24.082984 1.383567 0.170064 0.074569 0.808356 0.583953 0.894325 0.694716
  22 -23.786318 1.360000 0.131869 0.096503 0.916751 0.387627 0.896282 0.747554
  22 -24.050817 1.396528 0.066200 0.080176 0.961756 -0.261910 0.882583 0.690802
mid.bmp
  22 -24.050817 1.396528 0.066200 0.080176 0.961756 -0.261910 0.882583 0.690802
  22 -23.786318 1.360000 0.131869 0.096503 0.916751 0.387627 0.896282 0.747554
  21 -23.279059 1.289191 0.028518 0.141470 0.955969 -0.257116 0.878669 0.825832
mid.bmp
  22 -23.786318 1.360000 0.131869 0.096503 0.916751 0.387627 0.896282 0.747554
  21 -23.321880 1.292381 0.174920 0.132098 0.868793 0.477231 0.894325 0.814090
  21 -23.279059 1.289191 0.028518 0.141470 0.955969 -0.257116 0.878669 0.825832
mid.bmp
  21 -23.279059 1.289191 0.028518 0.141470 0.955969 -0.257116 0.878669 0.825832
  21 -23.321880 1.292381 0.174920 0.132098 0.868793 0.477231 0.894325 0.814090
  21 -22.231916 1.095713 0.210892 0.152119 0.950009 0.272660 0.894325 0.966732
mid.bmp
  22 -24.143683 1.325343 0.218747 0.068146 0.311780 0.947707 0.925636 0.681018
  22 -24.116524 1.227560 0.223800 -0.053818 -0.076157 0.995642 0.956947 0.688845
  22 -23.763264 1.276728 0.184025 0.025541 0.380438 0.924453 0.921722 0.751468
mid.bmp
  22 -23.763264 1.276728 0.184025 0.025541 0.380438 0.924453 0.921722 0.751468
  22 -24.116524 1.227560 0.223800 -0.053818 -0.076157 0.995642 0.956947 0.688845
  22 -23.813762 1.171601 0.216547 -0.095823 0.137950 0.985793 0.949119 0.747554
mid.bmp
  22 -24.116524 1.227560 0.223800 -0.053818 -0.076157 0.995642 0.956947 0.688845
  22 -24.072106 1.156023 0.177711 -0.310118 -0.856459 0.412680 0.968689 0.706458
  22 -23.813762 1.171601 0.216547 -0.095823 0.137950 0.985793 0.949119 0.747554
mid.bmp
  22 -23.813762 1.171601 0.216547 -0.095823 0.137950 0.985793 0.949119 0.747554
  22 -24.072106 1.156023 0.177711 -0.310118 -0.856459 0.412680 0.968689 0.706458
  21 -23.415398 1.076644 0.286258 -0.077390 -0.121839 0.989528 0.949119 0.818004
mid.bmp
  22 -24.072106 1.156023 0.177711 -0.310118 -0.856459 0.412680 0.968689 0.706458
  21 -23.430416 0.967583 0.205049 -0.267706 -0.929760 0.252745 0.972603 0.829746
  21 -23.415398 1.076644 0.286258 -0.077390 -0.121839 0.989528 0.949119 0.818004
mid.bmp
  21 -23.415398 1.076644 0.286258 -0.077390 -0.121839 0.989528 0.949119 0.818004
  21 -23.430416 0.967583 0.205049 -0.267706 -0.929760 0.252745 0.972603 0.829746
  21 -22.354955 0.849932 0.306488 -0.132227 -0.315679 0.939608 0.951076 0.964775
mid.bmp
  21 -23.430416 0.967583 0.205049 -0.267706 -0.929760 0.252745 0.972603 0.829746
  21 -22.397434 0.646352 0.191292 -0.300557 -0.949982 0.084847 0.978474 0.974560
  21 -22.354955 0.849932 0.306488 -0.132227 -0.315679 0.939608 0.951076 0.964775
mid.bmp
  21 -22.354955 0.849932 0.306488 -0.132227 -0.315679 0.939608 0.951076 0.964775
  21 -22.397434 0.646352 0.191292 -0.300557 -0.949982 0.084847 0.978474 0.974560
  20 -22.327766 0.613381 0.215059 -0.450394 -0.847675 0.280345 0.978474 0.988258
mid.bmp
  33 -19.644837 -2.779550 -0.084052 0.811065 -0.513532 -0.280103 0.573386 0.933464
  33 -19.630342 -2.809894 -0.011404 0.859318 -0.502999 -0.092544 0.567515 0.933464
  33 -19.825218 -3.229065 0.022014 0.856391 -0.471533 -0.210362 0.547945 0.982387
mid.bmp
  33 -19.825218 -3.229065 0.022014 0.856391 -0.471533 -0.210362 0.547945 0.982387
  33 -19.630342 -2.809894 -0.011404 0.859318 -0.502999 -0.092544 0.567515 0.933464
  33 -19.803108 -3.181744 0.120051 0.850805 -0.371948 0.371194 0.542074 0.980431
mid.bmp
  33 -19.630342 -2.809894 -0.011404 0.859318 -0.502999 -0.092544 0.567515 0.933464
  33 -19.611752 -2.748897 0.094898 0.771726 -0.452854 0.446500 0.559687 0.933464
  33 -19.803108 -3.181744 0.120051 0.850805 -0.371948 0.371194 0.542074 0.980431
mid.bmp
  33 -19.803108 -3.181744 0.120051 0.850805 -0.371948 0.371194 0.542074 0.980431
  33 -19.611752 -2.748897 0.094898 0.771726 -0.452854 0.446500 0.559687 0.933464
  33 -19.741628 -2.678468 0.323415 0.497732 -0.290717 0.817157 0.534247 0.929550
mid.bmp
  33 -19.611752 -2.748897 0.094898 0.771726 -0.452854 0.446500 0.559687 0.933464
  33 -19.498220 -2.215123 0.417411 0.457101 -0.409168 0.789709 0.553816 0.882583
  33 -19.741628 -2.678468 0.323415 0.497732 -0.290717 0.817157 0.534247 0.929550
mid.bmp
  33 -19.741628 -2.678468 0.323415 0.497732 -0.290717 0.817157 0.534247 0.929550
  33 -19.498220 -2.215123 0.417411 0.457101 -0.409168 0.789709 0.553816 0.882583
  33 -19.923141 -2.073849 0.566281 -0.166430 -0.225124 0.960011 0.504892 0.874755
mid.bmp
  33 -19.498220 -2.215123 0.417411 0.457101 -0.409168 0.789709 0.553816 0.882583
  32 -19.728387 -1.478111 0.702401 0.132828 -0.225135 0.965231 0.516634 0.816047
  33 -19.923141 -2.073849 0.566281 -0.166430 -0.225124 0.960011 0.504892 0.874755
mid.bmp
  33 -19.923141 -2.073849 0.566281 -0.166430 -0.225124 0.960011 0.504892 0.874755
  32 -19.728387 -1.478111 0.702401 0.132828 -0.225135 0.965231 0.516634 0.816047
  32 -20.093694 -1.527059 0.656812 -0.169830 -0.376483 0.910724 0.477495 0.823875
mid.bmp
  23 -22.588376 0.158309 -0.020637 -0.078603 0.886560 -0.455887 0.583170 0.209393
  23 -22.602003 0.114124 0.208012 -0.124412 0.776337 0.617918 0.581213 0.191781
  20 -21.194157 0.314387 0.311125 -0.788128 0.559982 0.255489 0.702544 0.215264
mid.bmp
  20 -21.194157 0.314387 0.311125 -0.788128 0.559982 0.255489 0.702544 0.215264
  23 -22.602003 0.114124 0.208012 -0.124412 0.776337 0.617918 0.581213 0.191781
  19 -21.166886 0.240430 0.293124 -0.242701 0.620784 0.745469 0.712329 0.207436
mid.bmp
  23 -22.602003 0.114124 0.208012 -0.124412 0.776337 0.617918 0.581213 0.191781
  19 -21.234935 0.007016 0.413480 -0.211948 0.321046 0.923042 0.708415 0.185910
  19 -21.166886 0.240430 0.293124 -0.242701 0.620784 0.745469 0.712329 0.207436
mid.bmp
  19 -21.166886 0.240430 0.293124 -0.242701 0.620784 0.745469 0.712329 0.207436
  19 -21.234935 0.007016 0.413480 -0.211948 0.321046 0.923042 0.708415 0.185910
  19 -20.541975 0.132577 0.582666 -0.117984 0.152742 0.981198 0.772994 0.199609
mid.bmp
  19 -21.234935 0.007016 0.413480 -0.211948 0.321046 0.923042 0.708415 0.185910
  19 -21.137284 -0.232167 0.454643 -0.229650 -0.190566 0.954435 0.720157 0.160470
  19 -20.541975 0.132577 0.582666 -0.117984 0.152742 0.981198 0.772994 0.199609
mid.bmp
  19 -20.541975 0.132577 0.582666 -0.117984 0.152742 0.981198 0.772994 0.199609
  19 -21.137284 -0.232167 0.454643 -0.229650 -0.190566 0.954435 0.720157 0.160470
  19 -20.536524 -0.536389 0.572370 -0.122336 -0.022490 0.992234 0.776908 0.138943
mid.bmp
  19 -21.137284 -0.232167 0.454643 -0.229650 -0.190566 0.954435 0.720157 0.160470
  19 -21.014697 -0.434792 0.440652 -0.339271 0.370025 0.864857 0.731898 0.142857
  19 -20.536524 -0.536389 0.572370 -0.122336 -0.022490 0.992234 0.776908 0.138943
mid.bmp
  19 -20.536524 -0.536389 0.572370 -0.122336 -0.022490 0.992234 0.776908 0.138943
  19 -21.014697 -0.434792 0.440652 -0.339271 0.370025 0.864857 0.731898 0.142857
  19 -21.095947 -0.776896 0.548330 -0.184144 0.108626 0.976878 0.726027 0.115460
mid.bmp
  19 -18.019784 -0.972270 0.653149 0.018934 -0.490114 0.871453 0.491194 0.076321
  19 -18.041277 -0.287594 0.803837 -0.032297 -0.044774 0.998475 0.502935 0.156556
  19 -18.343603 -0.936282 0.624943 -0.261015 -0.490441 0.831468 0.452055 0.086106
mid.bmp
  19 -18.343603 -0.936282 0.624943 -0.261015 -0.490441 0.831468 0.452055 0.086106
  19 -18.041277 -0.287594 0.803837 -0.032297 -0.044774 0.998475 0.502935 0.156556
  19 -18.363956 -0.246557 0.755676 -0.258375 0.145642 0.955003 0.461840 0.168297
mid.bmp
  19 -18.041277 -0.287594 0.803837 -0.032297 -0.044774 0.998475 0.502935 0.156556
  19 -18.028607 0.307874 0.610687 -0.054407 0.439585 0.896552 0.512720 0.227006
  19 -18.363956 -0.246557 0.755676 -0.258375 0.145642 0.955003 0.461840 0.168297
mid.bmp
  19 -18.363956 -0.246557 0.755676 -0.258375 0.145642 0.955003 0.461840 0.168297
  19 -18.028607 0.307874 0.610687 -0.054407 0.439585 0.896552 0.512720 0.227006
  19 -18.355827 0.308950 0.552156 -0.189930 0.543133 0.817884 0.471624 0.232877
mid.bmp
  19 -18.028607 0.307874 0.610687 -0.054407 0.439585 0.896552 0.512720 0.227006
  19 -17.976011 0.743703 0.234108 0.009886 0.784471 0.620087 0.518591 0.273973
  19 -18.355827 0.308950 0.552156 -0.189930 0.543133 0.817884 0.471624 0.232877
mid.bmp
  19 -18.355827 0.308950 0.552156 -0.189930 0.543133 0.817884 0.471624 0.232877
  19 -17.976011 0.743703 0.234108 0.009886 0.784471 0.620087 0.518591 0.273973
  19 -18.309322 0.754746 0.195290 -0.086209 0.876201 0.474172 0.477495 0.279843
mid.bmp
  19 -17.976011 0.743703 0.234108 0.009886 0.784471 0.620087 0.518591 0.273973
  19 -17.934828 0.922441 -0.372581 0.132446 0.966384 0.220364 0.524462 0.320939
  19 -18.309322 0.754746 0.195290 -0.086209 0.876201 0.474172 0.477495 0.279843
mid.bmp
  19 -18.309322 0.754746 0.195290 -0.086209 0.876201 0.474172 0.477495 0.279843
  19 -17.934828 0.922441 -0.372581 0.132446 0.966384 0.220364 0.524462 0.320939
  19 -18.362401 0.980716 -0.363310 0.026945 0.972630 0.230790 0.483366 0.336595
mid.bmp
  19 -17.840500 -0.878241 -0.546658 0.780756 -0.482100 0.397492 0.360078 0.992172
  19 -17.816683 -0.359022 -0.760459 0.772675 0.601923 -0.201649 0.430528 0.992172
  19 -17.887939 -0.809604 -0.520896 0.246341 0.202942 0.947697 0.363992 0.990215
mid.bmp
  19 -17.887939 -0.809604 -0.520896 0.246341 0.202942 0.947697 0.363992 0.990215
  19 -17.816683 -0.359022 -0.760459 0.772675 0.601923 -0.201649 0.430528 0.992172
  19 -17.860845 -0.362708 -0.723498 0.059760 0.667467 0.742237 0.428571 0.988258
mid.bmp
  19 -17.816683 -0.359022 -0.760459 0.772675 0.601923 -0.201649 0.430528 0.992172
  19 -18.287200 -0.364662 -0.837100 -0.693388 0.342115 -0.634169 0.430528 0.931507
  19 -17.860845 -0.362708 -0.723498 0.059760 0.667467 0.742237 0.428571 0.988258
mid.bmp
  19 -17.860845 -0.362708 -0.723498 0.059760 0.667467 0.742237 0.428571 0.988258
  19 -18.287200 -0.364662 -0.837100 -0.693388 0.342115 -0.634169 0.430528 0.931507
  19 -18.262853 -0.368828 -0.792158 -0.447280 0.513551 0.732261 0.428571 0.935421
mid.bmp
  19 -18.287200 -0.364662 -0.837100 -0.693388 0.342115 -0.634169 0.430528 0.931507
  19 -18.313321 -0.870795 -0.603803 -0.721942 -0.691346 0.029002 0.360078 0.931507
  19 -18.262853 -0.368828 -0.792158 -0.447280 0.513551 0.732261 0.428571 0.935421
mid.bmp
  19 -18.262853 -0.368828 -0.792158 -0.447280 0.513551 0.732261 0.428571 0.935421
  19 -18.313321 -0.870795 -0.603803 -0.721942 -0.691346 0.029002 0.360078 0.931507
  19 -18.289022 -0.833648 -0.580193 -0.301229 0.102458 0.948031 0.363992 0.935421
mid.bmp
  19 -18.313321 -0.870795 -0.603803 -0.721942 -0.691346 0.029002 0.360078 0.931507
  19 -17.840500 -0.878241 -0.546658 0.780756 -0.482100 0.397492 0.360078 0.992172
  19 -18.289022 -0.833648 -0.580193 -0.301229 0.102458 0.948031 0.363992 0.935421
mid.bmp
  19 -18.289022 -0.833648 -0.580193 -0.301229 0.102458 0.948031 0.363992 0.935421
  19 -17.840500 -0.878241 -0.546658 0.780756 -0.482100 0.397492 0.360078 0.992172
  19 -17.887939 -0.809604 -0.520896 0.246341 0.202942 0.947697 0.363992 0.990215
mid.bmp
  19 -17.887939 -0.809604 -0.520896 0.246341 0.202942 0.947697 0.363992 0.990215
  19 -17.860845 -0.362708 -0.723498 0.059760 0.667467 0.742237 0.428571 0.988258
  19 -17.930136 -0.772259 -0.543953 -0.343821 0.676316 0.651447 0.371820 0.982387
mid.bmp
  19 -17.930136 -0.772259 -0.543953 -0.343821 0.676316 0.651447 0.371820 0.982387
  19 -17.860845 -0.362708 -0.723498 0.059760 0.667467 0.742237 0.428571 0.988258
  19 -17.910713 -0.423095 -0.699473 -0.493322 0.269706 0.826977 0.420744 0.982387
mid.bmp
  19 -17.860845 -0.362708 -0.723498 0.059760 0.667467 0.742237 0.428571 0.988258
  19 -18.262853 -0.368828 -0.792158 -0.447280 0.513551 0.732261 0.428571 0.935421
  19 -17.910713 -0.423095 -0.699473 -0.493322 0.269706 0.826977 0.420744 0.982387
mid.bmp
  19 -17.910713 -0.423095 -0.699473 -0.493322 0.269706 0.826977 0.420744 0.982387
  19 -18.262853 -0.368828 -0.792158 -0.447280 0.513551 0.732261 0.428571 0.935421
  19 -18.208832 -0.423692 -0.750881 0.031518 0.127393 0.991351 0.420744 0.943249
mid.bmp
  19 -18.262853 -0.368828 -0.792158 -0.447280 0.513551 0.732261 0.428571 0.935421
  19 -18.289022 -0.833648 -0.580193 -0.301229 0.102458 0.948031 0.363992 0.935421
  19 -18.208832 -0.423692 -0.750881 0.031518 0.127393 0.991351 0.420744 0.943249
mid.bmp
  19 -18.208832 -0.423692 -0.750881 0.031518 0.127393 0.991351 0.420744 0.943249
  19 -18.289022 -0.833648 -0.580193 -0.301229 0.102458 0.948031 0.363992 0.935421
  19 -18.227318 -0.784007 -0.591805 0.341048 0.527954 0.777786 0.371820 0.943249
mid.bmp
  19 -18.289022 -0.833648 -0.580193 -0.301229 0.102458 0.948031 0.363992 0.935421
  19 -17.887939 -0.809604 -0.520896 0.246341 0.202942 0.947697 0.363992 0.990215
  19 -18.227318 -0.784007 -0.591805 0.341048 0.527954 0.777786 0.371820 0.943249
mid.bmp
  19 -18.227318 -0.784007 -0.591805 0.341048 0.527954 0.777786 0.371820 0.943249
  19 -17.887939 -0.809604 -0.520896 0.246341 0.202942 0.947697 0.363992 0.990215
  19 -17.930136 -0.772259 -0.543953 -0.343821 0.676316 0.651447 0.371820 0.982387
mid.bmp
  19 -17.930136 -0.772259 -0.543953 -0.343821 0.676316 0.651447 0.371820 0.982387
  19 -17.910713 -0.423095 -0.699473 -0.493322 0.269706 0.826977 0.420744 0.982387
  19 -17.948127 -0.759290 -0.614243 -0.700495 0.618439 -0.356147 0.375734 0.978474
mid.bmp
  19 -17.948127 -0.759290 -0.614243 -0.700495 0.618439 -0.356147 0.375734 0.978474
  19 -17.910713 -0.423095 -0.699473 -0.493322 0.269706 0.826977 0.420744 0.982387
  19 -17.931100 -0.477500 -0.735535 -0.816025 -0.564903 0.122427 0.416830 0.978474
mid.bmp
  19 -17.910713 -0.423095 -0.699473 -0.493322 0.269706 0.826977 0.420744 0.982387
  19 -18.208832 -0.423692 -0.750881 0.031518 0.127393 0.991351 0.420744 0.943249
  19 -17.931100 -0.477500 -0.735535 -0.816025 -0.564903 0.122427 0.416830 0.978474
mid.bmp
  19 -17.931100 -0.477500 -0.735535 -0.816025 -0.564903 0.122427 0.416830 0.978474
  19 -18.208832 -0.423692 -0.750881 0.031518 0.127393 0.991351 0.420744 0.943249
  19 -18.187086 -0.479423 -0.790601 0.723317 -0.607371 0.328500 0.416830 0.945205
mid.bmp
  19 -18.208832 -0.423692 -0.750881 0.031518 0.127393 0.991351 0.420744 0.943249
  19 -18.227318 -0.784007 -0.591805 0.341048 0.527954 0.777786 0.371820 0.943249
  19 -18.187086 -0.479423 -0.790601 0.723317 -0.607371 0.328500 0.416830 0.945205
mid.bmp
  19 -18.187086 -0.479423 -0.790601 0.723317 -0.607371 0.328500 0.416830 0.945205
  19 -18.227318 -0.784007 -0.591805 0.341048 0.527954 0.777786 0.371820 0.943249
  19 -18.202188 -0.779480 -0.650086 0.800123 0.598342 -0.042312 0.375734 0.945205
mid.bmp
  19 -18.227318 -0.784007 -0.591805 0.341048 0.527954 0.777786 0.371820 0.943249
  19 -17.930136 -0.772259 -0.543953 -0.343821 0.676316 0.651447 0.371820 0.982387
  19 -18.202188 -0.779480 -0.650086 0.800123 0.598342 -0.042312 0.375734 0.945205
mid.bmp
  19 -18.202188 -0.779480 -0.650086 0.800123 0.598342 -0.042312 0.375734 0.945205
  19 -17.930136 -0.772259 -0.543953 -0.343821 0.676316 0.651447 0.371820 0.982387
  19 -17.948127 -0.759290 -0.614243 -0.700495 0.618439 -0.356147 0.375734 0.978474
mid.bmp
  19 -17.948127 -0.759290 -0.614243 -0.700495 0.618439 -0.356147 0.534247 0.786693
  19 -17.931100 -0.477500 -0.735535 -0.816025 -0.564903 0.122427 0.534247 0.735812
  19 -17.915419 -0.829702 -0.653590 -0.320491 -0.214436 -0.922661 0.538160 0.790607
mid.bmp
  19 -17.915419 -0.829702 -0.653590 -0.320491 -0.214436 -0.922661 0.538160 0.790607
  19 -17.931100 -0.477500 -0.735535 -0.816025 -0.564903 0.122427 0.534247 0.735812
  19 -17.895384 -0.469291 -0.812054 -0.112570 -0.704632 -0.700587 0.538160 0.729941
mid.bmp
  19 -17.931100 -0.477500 -0.735535 -0.816025 -0.564903 0.122427 0.534247 0.735812
  19 -18.187086 -0.479423 -0.790601 0.723317 -0.607371 0.328500 0.495108 0.735812
  19 -17.895384 -0.469291 -0.812054 -0.112570 -0.704632 -0.700587 0.538160 0.729941
mid.bmp
  19 -17.895384 -0.469291 -0.812054 -0.112570 -0.704632 -0.700587 0.538160 0.729941
  19 -18.187086 -0.479423 -0.790601 0.723317 -0.607371 0.328500 0.495108 0.735812
  19 -18.188524 -0.476332 -0.864099 0.704241 -0.484530 -0.518917 0.491194 0.729941
mid.bmp
  19 -18.187086 -0.479423 -0.790601 0.723317 -0.607371 0.328500 0.495108 0.735812
  19 -18.202188 -0.779480 -0.650086 0.800123 0.598342 -0.042312 0.495108 0.786693
  19 -18.188524 -0.476332 -0.864099 0.704241 -0.484530 -0.518917 0.491194 0.729941
mid.bmp
  19 -18.188524 -0.476332 -0.864099 0.704241 -0.484530 -0.518917 0.491194 0.729941
  19 -18.202188 -0.779480 -0.650086 0.800123 0.598342 -0.042312 0.495108 0.786693
  19 -18.214119 -0.828400 -0.710262 0.395281 0.058888 -0.916671 0.491194 0.790607
mid.bmp
  19 -18.202188 -0.779480 -0.650086 0.800123 0.598342 -0.042312 0.495108 0.786693
  19 -17.948127 -0.759290 -0.614243 -0.700495 0.618439 -0.356147 0.534247 0.786693
  19 -18.214119 -0.828400 -0.710262 0.395281 0.058888 -0.916671 0.491194 0.790607
mid.bmp
  19 -18.214119 -0.828400 -0.710262 0.395281 0.058888 -0.916671 0.491194 0.790607
  19 -17.948127 -0.759290 -0.614243 -0.700495 0.618439 -0.356147 0.534247 0.786693
  19 -17.915419 -0.829702 -0.653590 -0.320491 -0.214436 -0.922661 0.538160 0.790607
mid.bmp
  19 -17.915419 -0.829702 -0.653590 -0.320491 -0.214436 -0.922661 0.538160 0.790607
  19 -17.895384 -0.469291 -0.812054 -0.112570 -0.704632 -0.700587 0.538160 0.729941
  19 -17.859873 -0.866908 -0.622137 0.332289 -0.771871 -0.542033 0.547945 0.798434
mid.bmp
  19 -17.859873 -0.866908 -0.622137 0.332289 -0.771871 -0.542033 0.547945 0.798434
  19 -17.895384 -0.469291 -0.812054 -0.112570 -0.704632 -0.700587 0.538160 0.729941
  19 -17.839296 -0.433932 -0.812657 0.682078 -0.079470 -0.726948 0.547945 0.722114
mid.bmp
  19 -17.895384 -0.469291 -0.812054 -0.112570 -0.704632 -0.700587 0.538160 0.729941
  19 -18.188524 -0.476332 -0.864099 0.704241 -0.484530 -0.518917 0.491194 0.729941
  19 -17.839296 -0.433932 -0.812657 0.682078 -0.079470 -0.726948 0.547945 0.722114
mid.bmp
  19 -17.839296 -0.433932 -0.812657 0.682078 -0.079470 -0.726948 0.547945 0.722114
  19 -18.188524 -0.476332 -0.864099 0.704241 -0.484530 -0.518917 0.491194 0.729941
  19 -18.216536 -0.436988 -0.878319 -0.162483 0.117085 -0.979740 0.481409 0.722114
mid.bmp
  19 -18.188524 -0.476332 -0.864099 0.704241 -0.484530 -0.518917 0.491194 0.729941
  19 -18.214119 -0.828400 -0.710262 0.395281 0.058888 -0.916671 0.491194 0.790607
  19 -18.216536 -0.436988 -0.878319 -0.162483 0.117085 -0.979740 0.481409 0.722114
mid.bmp
  19 -18.216536 -0.436988 -0.878319 -0.162483 0.117085 -0.979740 0.481409 0.722114
  19 -18.214119 -0.828400 -0.710262 0.395281 0.058888 -0.916671 0.491194 0.790607
  19 -18.252022 -0.868147 -0.686496 -0.459925 -0.554178 -0.693799 0.481409 0.798434
mid.bmp
  19 -18.214119 -0.828400 -0.710262 0.395281 0.058888 -0.916671 0.491194 0.790607
  19 -17.915419 -0.829702 -0.653590 -0.320491 -0.214436 -0.922661 0.538160 0.790607
  19 -18.252022 -0.868147 -0.686496 -0.459925 -0.554178 -0.693799 0.481409 0.798434
mid.bmp
  19 -18.252022 -0.868147 -0.686496 -0.459925 -0.554178 -0.693799 0.481409 0.798434
  19 -17.915419 -0.829702 -0.653590 -0.320491 -0.214436 -0.922661 0.538160 0.790607
  19 -17.859873 -0.866908 -0.622137 0.332289 -0.771871 -0.542033 0.547945 0.798434
mid.bmp
  19 -17.859873 -0.866908 -0.622137 0.332289 -0.771871 -0.542033 0.547945 0.798434
  19 -17.839296 -0.433932 -0.812657 0.682078 -0.079470 -0.726948 0.547945 0.722114
  19 -17.840500 -0.878241 -0.546658 0.780756 -0.482100 0.397492 0.551859 0.804305
mid.bmp
  19 -17.840500 -0.878241 -0.546658 0.780756 -0.482100 0.397492 0.551859 0.804305
  19 -17.839296 -0.433932 -0.812657 0.682078 -0.079470 -0.726948 0.547945 0.722114
  19 -17.816683 -0.359022 -0.760459 0.772675 0.601923 -0.201649 0.551859 0.718200
mid.bmp
  19 -17.839296 -0.433932 -0.812657 0.682078 -0.079470 -0.726948 0.547945 0.722114
  19 -18.216536 -0.436988 -0.878319 -0.162483 0.117085 -0.979740 0.481409 0.722114
  19 -17.816683 -0.359022 -0.760459 0.772675 0.601923 -0.201649 0.551859 0.718200
mid.bmp
  19 -17.816683 -0.359022 -0.760459 0.772675 0.601923 -0.201649 0.551859 0.718200
  19 -18.216536 -0.436988 -0.878319 -0.162483 0.117085 -0.979740 0.481409 0.722114
  19 -18.287200 -0.364662 -0.837100 -0.693388 0.342115 -0.634169 0.477495 0.718200
mid.bmp
  19 -18.216536 -0.436988 -0.878319 -0.162483 0.117085 -0.979740 0.481409 0.722114
  19 -18.252022 -0.868147 -0.686496 -0.459925 -0.554178 -0.693799 0.481409 0.798434
  19 -18.287200 -0.364662 -0.837100 -0.693388 0.342115 -0.634169 0.477495 0.718200
mid.bmp
  19 -18.287200 -0.364662 -0.837100 -0.693388 0.342115 -0.634169 0.477495 0.718200
  19 -18.252022 -0.868147 -0.686496 -0.459925 -0.554178 -0.693799 0.481409 0.798434
  19 -18.313321 -0.870795 -0.603803 -0.721942 -0.691346 0.029002 0.477495 0.804305
mid.bmp
  19 -18.252022 -0.868147 -0.686496 -0.459925 -0.554178 -0.693799 0.481409 0.798434
  19 -17.859873 -0.866908 -0.622137 0.332289 -0.771871 -0.542033 0.547945 0.798434
  19 -18.313321 -0.870795 -0.603803 -0.721942 -0.691346 0.029002 0.477495 0.804305
mid.bmp
  19 -18.313321 -0.870795 -0.603803 -0.721942 -0.691346 0.029002 0.477495 0.804305
  19 -17.859873 -0.866908 -0.622137 0.332289 -0.771871 -0.542033 0.547945 0.798434
  19 -17.840500 -0.878241 -0.546658 0.780756 -0.482100 0.397492 0.551859 0.804305
mid.bmp
  18 -16.186932 0.762822 0.114132 -0.112009 0.915278 0.386937 0.272016 0.127202
  18 -14.253288 1.074395 0.075115 -0.120598 0.961506 0.246904 0.268102 0.232877
  18 -16.080890 0.777481 -0.395389 -0.083555 0.985275 -0.149173 0.240705 0.127202
mid.bmp
  18 -16.080890 0.777481 -0.395389 -0.083555 0.985275 -0.149173 0.240705 0.127202
  18 -14.253288 1.074395 0.075115 -0.120598 0.961506 0.246904 0.268102 0.232877
  18 -14.192780 0.937224 -0.571632 -0.081176 0.846591 -0.526018 0.236791 0.234834
mid.bmp
  18 -14.253288 1.074395 0.075115 -0.120598 0.961506 0.246904 0.268102 0.232877
  18 -12.423318 1.215536 0.203944 -0.037506 0.982296 0.183542 0.279843 0.340509
  18 -14.192780 0.937224 -0.571632 -0.081176 0.846591 -0.526018 0.236791 0.234834
mid.bmp
  18 -14.192780 0.937224 -0.571632 -0.081176 0.846591 -0.526018 0.236791 0.234834
  18 -12.423318 1.215536 0.203944 -0.037506 0.982296 0.183542 0.279843 0.340509
  18 -12.331699 1.026919 -0.684490 -0.008066 0.824529 -0.565762 0.228963 0.340509
mid.bmp
  18 -12.423318 1.215536 0.203944 -0.037506 0.982296 0.183542 0.279843 0.340509
  18 -9.691830 1.219812 0.370641 0.039242 0.998656 0.033871 0.277886 0.471624
  18 -12.331699 1.026919 -0.684490 -0.008066 0.824529 -0.565762 0.228963 0.340509
mid.bmp
  18 -12.331699 1.026919 -0.684490 -0.008066 0.824529 -0.565762 0.228963 0.340509
  18 -9.691830 1.219812 0.370641 0.039242 0.998656 0.033871 0.277886 0.471624
  18 -9.659268 0.970047 -0.616820 0.086258 0.710467 -0.698424 0.227006 0.471624
mid.bmp
  18 -9.691830 1.219812 0.370641 0.039242 0.998656 0.033871 0.277886 0.471624
  18 -9.017542 0.799119 -0.494672 0.175296 0.833400 -0.524133 0.232877 0.500978
  18 -9.659268 0.970047 -0.616820 0.086258 0.710467 -0.698424 0.227006 0.471624
mid.bmp
  18 -9.659268 0.970047 -0.616820 0.086258 0.710467 -0.698424 0.227006 0.471624
  18 -9.017542 0.799119 -0.494672 0.175296 0.833400 -0.524133 0.232877 0.500978
  18 -9.071092 -0.131971 -1.088856 0.069594 0.278613 -0.957879 0.172211 0.495108
mid.bmp
  7 22.716714 -0.039383 0.280808 -0.029395 0.458890 0.888007 0.919765 0.964775
  7 23.849983 -0.073272 0.336243 -0.026055 0.298922 0.953922 0.921722 0.814090
  7 23.860013 0.069058 0.217926 -0.002473 0.799402 0.600792 0.894325 0.814090
mid.bmp
  7 23.860013 0.069058 0.217926 -0.002473 0.799402 0.600792 0.894325 0.814090
  7 23.849983 -0.073272 0.336243 -0.026055 0.298922 0.953922 0.921722 0.814090
  8 24.305716 0.061176 0.232803 0.006244 0.866217 0.499629 0.896282 0.747554
mid.bmp
  7 23.849983 -0.073272 0.336243 -0.026055 0.298922 0.953922 0.921722 0.814090
  8 24.256432 -0.057912 0.321056 -0.055622 0.365455 0.929166 0.921722 0.751468
  8 24.305716 0.061176 0.232803 0.006244 0.866217 0.499629 0.896282 0.747554
mid.bmp
  8 24.305716 0.061176 0.232803 0.006244 0.866217 0.499629 0.896282 0.747554
  8 24.256432 -0.057912 0.321056 -0.055622 0.365455 0.929166 0.921722 0.751468
  8 24.631500 0.041027 0.273956 0.076099 0.800724 0.594180 0.894325 0.694716
mid.bmp
  8 24.256432 -0.057912 0.321056 -0.055622 0.365455 0.929166 0.921722 0.751468
  8 24.684714 -0.064633 0.370853 -0.036947 0.357792 0.933070 0.925636 0.681018
  8 24.631500 0.041027 0.273956 0.076099 0.800724 0.594180 0.894325 0.694716
mid.bmp
  8 24.631500 0.041027 0.273956 0.076099 0.800724 0.594180 0.894325 0.694716
  8 24.684714 -0.064633 0.370853 -0.036947 0.357792 0.933070 0.925636 0.681018
  8 24.675714 -0.063801 0.339916 0.749739 0.305378 0.587057 0.923679 0.671233
mid.bmp
  8 24.684714 -0.064633 0.370853 -0.036947 0.357792 0.933070 0.925636 0.681018
  8 24.640871 -0.236389 0.380704 0.004558 -0.156794 0.987621 0.956947 0.688845
  8 24.675714 -0.063801 0.339916 0.749739 0.305378 0.587057 0.923679 0.671233
mid.bmp
  7 22.716714 -0.039383 0.280808 -0.029395 0.458890 0.888007 0.919765 0.964775
  7 23.860013 0.069058 0.217926 -0.002473 0.799402 0.600792 0.894325 0.814090
  7 22.715339 0.108982 0.167091 0.008074 0.912354 0.409322 0.894325 0.966732
mid.bmp
  7 22.715339 0.108982 0.167091 0.008074 0.912354 0.409322 0.894325 0.966732
  7 23.860013 0.069058 0.217926 -0.002473 0.799402 0.600792 0.894325 0.814090
  7 23.874689 0.112112 0.029959 0.067188 0.949671 -0.305957 0.878669 0.825832
mid.bmp
  7 23.860013 0.069058 0.217926 -0.002473 0.799402 0.600792 0.894325 0.814090
  8 24.305716 0.061176 0.232803 0.006244 0.866217 0.499629 0.896282 0.747554
  7 23.874689 0.112112 0.029959 0.067188 0.949671 -0.305957 0.878669 0.825832
mid.bmp
  7 23.874689 0.112112 0.029959 0.067188 0.949671 -0.305957 0.878669 0.825832
  8 24.305716 0.061176 0.232803 0.006244 0.866217 0.499629 0.896282 0.747554
  8 24.580059 0.062575 0.152062 0.155190 0.940512 -0.302247 0.882583 0.690802
mid.bmp
  8 24.305716 0.061176 0.232803 0.006244 0.866217 0.499629 0.896282 0.747554
  8 24.631500 0.041027 0.273956 0.076099 0.800724 0.594180 0.894325 0.694716
  8 24.580059 0.062575 0.152062 0.155190 0.940512 -0.302247 0.882583 0.690802
mid.bmp
  8 24.580059 0.062575 0.152062 0.155190 0.940512 -0.302247 0.882583 0.690802
  8 24.631500 0.041027 0.273956 0.076099 0.800724 0.594180 0.894325 0.694716
  8 24.716738 0.017630 0.185573 0.703048 0.655982 -0.274609 0.898239 0.667319
mid.bmp
  8 24.631500 0.041027 0.273956 0.076099 0.800724 0.594180 0.894325 0.694716
  8 24.675714 -0.063801 0.339916 0.749739 0.305378 0.587057 0.923679 0.671233
  8 24.716738 0.017630 0.185573 0.703048 0.655982 -0.274609 0.898239 0.667319
mid.bmp
  5 24.125597 1.306023 -0.017319 0.665426 0.135704 -0.734025 0.925636 0.385519
  5 24.093521 1.197357 -0.028134 0.362689 -0.904003 -0.226351 0.904110 0.393346
  5 23.935149 1.228703 -0.113280 0.109894 -0.008179 -0.993910 0.923679 0.414873
mid.bmp
  5 23.935149 1.228703 -0.113280 0.109894 -0.008179 -0.993910 0.923679 0.414873
  5 24.093521 1.197357 -0.028134 0.362689 -0.904003 -0.226351 0.904110 0.393346
  5 23.475410 1.075524 -0.092459 0.207545 -0.799332 -0.563908 0.908023 0.518591
mid.bmp
  5 24.093521 1.197357 -0.028134 0.362689 -0.904003 -0.226351 0.904110 0.393346
  4 23.432412 0.991177 0.246043 0.271412 -0.916549 0.293723 0.884540 0.530333
  5 23.475410 1.075524 -0.092459 0.207545 -0.799332 -0.563908 0.908023 0.518591
mid.bmp
  5 23.475410 1.075524 -0.092459 0.207545 -0.799332 -0.563908 0.908023 0.518591
  4 23.432412 0.991177 0.246043 0.271412 -0.916549 0.293723 0.884540 0.530333
  4 23.307963 1.021493 -0.105886 0.244097 -0.748745 -0.616277 0.904110 0.542074
mid.bmp
  4 23.432412 0.991177 0.246043 0.271412 -0.916549 0.293723 0.884540 0.530333
  4 22.401444 0.664351 0.220289 0.297004 -0.951054 0.085348 0.888454 0.628180
  4 23.307963 1.021493 -0.105886 0.244097 -0.748745 -0.616277 0.904110 0.542074
mid.bmp
  4 23.307963 1.021493 -0.105886 0.244097 -0.748745 -0.616277 0.904110 0.542074
  4 22.401444 0.664351 0.220289 0.297004 -0.951054 0.085348 0.888454 0.628180
  4 22.313513 0.737422 -0.128781 0.220662 -0.706411 -0.672526 0.908023 0.634051
mid.bmp
  4 22.401444 0.664351 0.220289 0.297004 -0.951054 0.085348 0.888454 0.628180
  3 22.329821 0.628160 0.239600 0.484257 -0.830945 0.273908 0.882583 0.643836
  4 22.313513 0.737422 -0.128781 0.220662 -0.706411 -0.672526 0.908023 0.634051
mid.bmp
  17 20.286097 -3.938467 0.340959 0.561983 -0.477128 0.675665 0.759295 0.866928
  17 20.081353 -4.056884 0.113778 -0.032232 -0.997670 0.060130 0.722114 0.857143
  17 20.342532 -4.055856 0.078874 0.664349 -0.745832 0.048733 0.722114 0.843444
mid.bmp
  17 20.342532 -4.055856 0.078874 0.664349 -0.745832 0.048733 0.722114 0.843444
  17 20.081353 -4.056884 0.113778 -0.032232 -0.997670 0.060130 0.722114 0.857143
  17 20.263553 -3.987368 -0.100127 0.388512 -0.533989 -0.750942 0.679061 0.864971
mid.bmp
  17 20.081353 -4.056884 0.113778 -0.032232 -0.997670 0.060130 0.722114 0.857143
  17 20.090306 -3.976371 -0.071521 -0.678545 -0.411188 -0.608688 0.694716 0.876712
  17 20.263553 -3.987368 -0.100127 0.388512 -0.533989 -0.750942 0.679061 0.864971
mid.bmp
  17 20.263553 -3.987368 -0.100127 0.388512 -0.533989 -0.750942 0.679061 0.864971
  17 20.090306 -3.976371 -0.071521 -0.678545 -0.411188 -0.608688 0.694716 0.876712
  17 20.157420 -3.590122 -0.226132 0.030396 -0.180781 -0.983053 0.665362 0.917808
mid.bmp
  17 20.090306 -3.976371 -0.071521 -0.678545 -0.411188 -0.608688 0.694716 0.876712
  17 19.994721 -3.634545 -0.116332 -0.722876 -0.287759 -0.628208 0.696673 0.919765
  17 20.157420 -3.590122 -0.226132 0.030396 -0.180781 -0.983053 0.665362 0.917808
mid.bmp
  17 20.157420 -3.590122 -0.226132 0.030396 -0.180781 -0.983053 0.665362 0.917808
  17 19.994721 -3.634545 -0.116332 -0.722876 -0.287759 -0.628208 0.696673 0.919765
  16 20.029103 -3.092709 -0.293000 -0.216545 -0.176418 -0.960200 0.661448 0.990215
mid.bmp
  17 19.994721 -3.634545 -0.116332 -0.722876 -0.287759 -0.628208 0.696673 0.919765
  16 19.839642 -3.171936 -0.140735 -0.841439 -0.287097 -0.457772 0.690802 0.986301
  16 20.029103 -3.092709 -0.293000 -0.216545 -0.176418 -0.960200 0.661448 0.990215
mid.bmp
  13 21.845410 1.646096 0.121570 0.509560 -0.853227 0.111146 0.978474 0.974560
  13 22.505114 2.062332 0.180162 0.447709 -0.859254 0.247466 0.972603 0.829746
  13 21.817930 1.796647 0.179809 0.049025 -0.224934 0.973140 0.951076 0.964775
mid.bmp
  13 21.817930 1.796647 0.179809 0.049025 -0.224934 0.973140 0.951076 0.964775
  13 22.505114 2.062332 0.180162 0.447709 -0.859254 0.247466 0.972603 0.829746
  13 22.551389 2.128433 0.250404 -0.003174 -0.093085 0.995653 0.949119 0.818004
mid.bmp
  13 22.505114 2.062332 0.180162 0.447709 -0.859254 0.247466 0.972603 0.829746
  14 23.031515 2.319530 0.186866 0.455275 -0.840753 0.293018 0.968689 0.706458
  13 22.551389 2.128433 0.250404 -0.003174 -0.093085 0.995653 0.949119 0.818004
mid.bmp
  13 22.551389 2.128433 0.250404 -0.003174 -0.093085 0.995653 0.949119 0.818004
  14 23.031515 2.319530 0.186866 0.455275 -0.840753 0.293018 0.968689 0.706458
  14 22.827888 2.285702 0.212820 0.009162 0.112531 0.993606 0.949119 0.747554
mid.bmp
  14 23.031515 2.319530 0.186866 0.455275 -0.840753 0.293018 0.968689 0.706458
  14 23.046193 2.366818 0.228456 0.038591 0.037789 0.998540 0.956947 0.688845
  14 22.827888 2.285702 0.212820 0.009162 0.112531 0.993606 0.949119 0.747554
mid.bmp
  14 22.827888 2.285702 0.212820 0.009162 0.112531 0.993606 0.949119 0.747554
  14 23.046193 2.366818 0.228456 0.038591 0.037789 0.998540 0.956947 0.688845
  14 22.760575 2.362241 0.189834 -0.170313 0.418863 0.891934 0.921722 0.751468
mid.bmp
  14 23.046193 2.366818 0.228456 0.038591 0.037789 0.998540 0.956947 0.688845
  14 23.036662 2.472206 0.200158 -0.151390 0.440102 0.885094 0.925636 0.681018
  14 22.760575 2.362241 0.189834 -0.170313 0.418863 0.891934 0.921722 0.751468
mid.bmp
  17 20.035623 -3.619867 0.280169 -0.625686 -0.205158 0.752614 0.739726 0.915851
  17 20.133209 -3.970254 0.305483 -0.493476 -0.266705 0.827859 0.739726 0.872798
  17 20.236268 -3.569247 0.369835 0.124963 -0.018041 0.991997 0.772994 0.917808
mid.bmp
  17 20.035623 -3.619867 0.280169 -0.625686 -0.205158 0.752614 0.739726 0.915851
  17 20.051568 -4.038452 0.124777 -0.935964 -0.274499 0.220503 0.722114 0.864971
  17 20.133209 -3.970254 0.305483 -0.493476 -0.266705 0.827859 0.739726 0.872798
mid.bmp
  17 20.035623 -3.619867 0.280169 -0.625686 -0.205158 0.752614 0.739726 0.915851
  17 19.956945 -3.667417 0.101069 -0.959925 -0.280251 0.001875 0.720157 0.919765
  17 20.051568 -4.038452 0.124777 -0.935964 -0.274499 0.220503 0.722114 0.864971
mid.bmp
  17 20.035623 -3.619867 0.280169 -0.625686 -0.205158 0.752614 0.739726 0.915851
  17 19.924915 -3.603761 0.088920 -0.944515 -0.316406 0.088192 0.720157 0.927593
  17 19.956945 -3.667417 0.101069 -0.959925 -0.280251 0.001875 0.720157 0.919765
mid.bmp
  17 20.035623 -3.619867 0.280169 -0.625686 -0.205158 0.752614 0.739726 0.915851
  16 19.845075 -3.111268 0.298195 -0.732905 -0.265332 0.626457 0.739726 0.990215
  17 19.924915 -3.603761 0.088920 -0.944515 -0.316406 0.088192 0.720157 0.927593
mid.bmp
  17 20.035623 -3.619867 0.280169 -0.625686 -0.205158 0.752614 0.739726 0.915851
  16 20.084924 -3.059186 0.401687 -0.064824 -0.082592 0.994473 0.776908 0.988258
  16 19.845075 -3.111268 0.298195 -0.732905 -0.265332 0.626457 0.739726 0.990215
mid.bmp
  17 20.035623 -3.619867 0.280169 -0.625686 -0.205158 0.752614 0.739726 0.915851
  17 20.236268 -3.569247 0.369835 0.124963 -0.018041 0.991997 0.772994 0.917808
  16 20.084924 -3.059186 0.401687 -0.064824 -0.082592 0.994473 0.776908 0.988258
mid.bmp
  5 24.048552 1.434231 0.086368 -0.082029 0.946575 -0.311876 0.882583 0.690802
  5 24.125366 1.435099 0.194607 -0.053279 0.833435 0.550043 0.894325 0.694716
  5 24.169463 1.420721 0.123911 0.562675 0.778746 -0.277401 0.898239 0.667319
mid.bmp
  5 24.169463 1.420721 0.123911 0.562675 0.778746 -0.277401 0.898239 0.667319
  5 24.125366 1.435099 0.194607 -0.053279 0.833435 0.550043 0.894325 0.694716
  5 24.154758 1.351286 0.248617 0.690137 0.336297 0.640793 0.923679 0.671233
mid.bmp
  5 24.125366 1.435099 0.194607 -0.053279 0.833435 0.550043 0.894325 0.694716
  5 24.143531 1.358649 0.261045 -0.095095 0.369664 0.924286 0.925636 0.681018
  5 24.154758 1.351286 0.248617 0.690137 0.336297 0.640793 0.923679 0.671233
mid.bmp
  5 24.154758 1.351286 0.248617 0.690137 0.336297 0.640793 0.923679 0.671233
  5 24.143531 1.358649 0.261045 -0.095095 0.369664 0.924286 0.925636 0.681018
  5 24.115320 1.267343 0.260667 0.047619 -0.118078 0.991862 0.956947 0.688845
mid.bmp
  5 24.143531 1.358649 0.261045 -0.095095 0.369664 0.924286 0.925636 0.681018
  5 23.754349 1.308028 0.224722 -0.038839 0.416182 0.908452 0.921722 0.751468
  5 24.115320 1.267343 0.260667 0.047619 -0.118078 0.991862 0.956947 0.688845
mid.bmp
  5 24.115320 1.267343 0.260667 0.047619 -0.118078 0.991862 0.956947 0.688845
  5 23.754349 1.308028 0.224722 -0.038839 0.416182 0.908452 0.921722 0.751468
  5 23.830279 1.210126 0.252130 0.092671 0.129405 0.987252 0.949119 0.747554
mid.bmp
  5 23.754349 1.308028 0.224722 -0.038839 0.416182 0.908452 0.921722 0.751468
  4 23.380865 1.257345 0.295208 -0.005524 0.452534 0.891730 0.921722 0.814090
  5 23.830279 1.210126 0.252130 0.092671 0.129405 0.987252 0.949119 0.747554
mid.bmp
  3 21.187668 0.318394 0.332846 0.820660 0.523169 0.229807 0.702544 0.215264
  2 21.180521 0.250022 0.262153 0.262450 0.640867 0.721394 0.712329 0.207436
  6 22.608110 0.123528 0.186970 0.121359 0.787312 0.604492 0.581213 0.191781
mid.bmp
  6 22.608110 0.123528 0.186970 0.121359 0.787312 0.604492 0.581213 0.191781
  2 21.180521 0.250022 0.262153 0.262450 0.640867 0.721394 0.712329 0.207436
  2 21.250919 0.025905 0.380007 0.235423 0.317349 0.918622 0.708415 0.185910
mid.bmp
  2 21.180521 0.250022 0.262153 0.262450 0.640867 0.721394 0.712329 0.207436
  2 20.555302 0.151608 0.569207 0.140245 0.154162 0.978042 0.772994 0.199609
  2 21.250919 0.025905 0.380007 0.235423 0.317349 0.918622 0.708415 0.185910
mid.bmp
  2 21.250919 0.025905 0.380007 0.235423 0.317349 0.918622 0.708415 0.185910
  2 20.555302 0.151608 0.569207 0.140245 0.154162 0.978042 0.772994 0.199609
  2 21.151203 -0.222789 0.423308 0.251480 -0.195480 0.947916 0.720157 0.160470
mid.bmp
  2 20.555302 0.151608 0.569207 0.140245 0.154162 0.978042 0.772994 0.199609
  2 20.548261 -0.522622 0.558819 0.150360 -0.025312 0.988307 0.776908 0.138943
  2 21.151203 -0.222789 0.423308 0.251480 -0.195480 0.947916 0.720157 0.160470
mid.bmp
  2 21.151203 -0.222789 0.423308 0.251480 -0.195480 0.947916 0.720157 0.160470
  2 20.548261 -0.522622 0.558819 0.150360 -0.025312 0.988307 0.776908 0.138943
  2 21.027542 -0.430515 0.409569 0.365931 0.383660 0.847879 0.731898 0.142857
mid.bmp
  2 20.548261 -0.522622 0.558819 0.150360 -0.025312 0.988307 0.776908 0.138943
  2 21.109312 -0.757852 0.516105 0.208250 0.108021 0.972092 0.726027 0.115460
  2 21.027542 -0.430515 0.409569 0.365931 0.383660 0.847879 0.731898 0.142857
mid.bmp
  2 17.551424 -0.855780 -0.619379 0.177468 -0.554175 -0.813262 0.244618 0.943249
  2 17.901252 -1.046398 -0.311323 0.145322 -0.743038 -0.653281 0.279843 0.892368
  2 17.581330 -1.101128 -0.345889 0.114067 -0.782168 -0.612537 0.281800 0.943249
mid.bmp
  2 17.581330 -1.101128 -0.345889 0.114067 -0.782168 -0.612537 0.281800 0.943249
  2 17.901252 -1.046398 -0.311323 0.145322 -0.743038 -0.653281 0.279843 0.892368
  2 17.585919 -1.260181 -0.099861 0.145454 -0.898680 -0.413784 0.303327 0.943249
mid.bmp
  2 17.901252 -1.046398 -0.311323 0.145322 -0.743038 -0.653281 0.279843 0.892368
  2 17.917280 -1.185118 -0.103665 0.128059 -0.949525 -0.286361 0.299413 0.892368
  2 17.585919 -1.260181 -0.099861 0.145454 -0.898680 -0.413784 0.303327 0.943249
mid.bmp
  2 17.585919 -1.260181 -0.099861 0.145454 -0.898680 -0.413784 0.303327 0.943249
  2 17.917280 -1.185118 -0.103665 0.128059 -0.949525 -0.286361 0.299413 0.892368
  2 17.594918 -1.310941 0.188557 0.229232 -0.973372 -0.000778 0.328767 0.943249
mid.bmp
  2 17.917280 -1.185118 -0.103665 0.128059 -0.949525 -0.286361 0.299413 0.892368
  2 17.950363 -1.217493 0.144544 0.126488 -0.990715 0.049842 0.322896 0.892368
  2 17.594918 -1.310941 0.188557 0.229232 -0.973372 -0.000778 0.328767 0.943249
mid.bmp
  2 17.594918 -1.310941 0.188557 0.229232 -0.973372 -0.000778 0.328767 0.943249
  2 17.950363 -1.217493 0.144544 0.126488 -0.990715 0.049842 0.322896 0.892368
  2 17.978241 -1.157039 0.318694 0.255552 -0.862732 0.436334 0.336595 0.892368
mid.bmp
  2 17.950363 -1.217493 0.144544 0.126488 -0.990715 0.049842 0.322896 0.892368
  2 17.980250 -1.203577 0.293999 0.069726 -0.856004 0.512246 0.340509 0.884540
  2 17.978241 -1.157039 0.318694 0.255552 -0.862732 0.436334 0.336595 0.892368
mid.bmp
  2 18.262259 -0.708652 -0.613008 0.043242 -0.505637 -0.861662 0.861057 0.530333
  2 18.587877 -0.679533 -0.741188 -0.138818 -0.345816 -0.927977 0.833659 0.540117
  2 18.287831 -1.033596 -0.347837 -0.253278 -0.633279 -0.731306 0.874755 0.559687
mid.bmp
  2 18.287831 -1.033596 -0.347837 -0.253278 -0.633279 -0.731306 0.874755 0.559687
  2 18.587877 -0.679533 -0.741188 -0.138818 -0.345816 -0.927977 0.833659 0.540117
  15 18.709409 -1.280116 -0.297606 -0.390337 -0.403511 -0.827536 0.849315 0.587084
mid.bmp
  2 18.587877 -0.679533 -0.741188 -0.138818 -0.345816 -0.927977 0.833659 0.540117
  2 19.172094 -0.671118 -0.764085 0.042287 -0.000293 -0.999105 0.784736 0.561644
  15 18.709409 -1.280116 -0.297606 -0.390337 -0.403511 -0.827536 0.849315 0.587084
mid.bmp
  15 18.709409 -1.280116 -0.297606 -0.390337 -0.403511 -0.827536 0.849315 0.587084
  2 19.172094 -0.671118 -0.764085 0.042287 -0.000293 -0.999105 0.784736 0.561644
  15 19.446474 -1.459294 -0.637649 0.003431 -0.064093 -0.997938 0.790607 0.620352
mid.bmp
  2 19.172094 -0.671118 -0.764085 0.042287 -0.000293 -0.999105 0.784736 0.561644
  2 20.160709 -0.851240 -0.593883 0.321312 0.058581 -0.945160 0.710372 0.606654
  15 19.446474 -1.459294 -0.637649 0.003431 -0.064093 -0.997938 0.790607 0.620352
mid.bmp
  15 19.446474 -1.459294 -0.637649 0.003431 -0.064093 -0.997938 0.790607 0.620352
  2 20.160709 -0.851240 -0.593883 0.321312 0.058581 -0.945160 0.710372 0.606654
  15 20.235140 -1.711386 -0.333567 0.575314 0.015684 -0.817782 0.737769 0.673190
mid.bmp
  2 20.160709 -0.851240 -0.593883 0.321312 0.058581 -0.945160 0.710372 0.606654
  15 20.414558 -1.567968 0.061636 0.840619 -0.337513 -0.423609 0.718200 0.671233
  15 20.235140 -1.711386 -0.333567 0.575314 0.015684 -0.817782 0.737769 0.673190
mid.bmp
  3 22.329821 0.628160 0.239600 0.917648 -0.315858 0.241155 0.493151 0.571429
  3 22.312060 0.596600 0.256350 0.281079 -0.953531 0.108503 0.499022 0.573386
  3 22.233762 0.707233 -0.118717 0.870813 -0.224454 -0.437383 0.491194 0.545988
mid.bmp
  3 22.233762 0.707233 -0.118717 0.870813 -0.224454 -0.437383 0.491194 0.545988
  3 22.312060 0.596600 0.256350 0.281079 -0.953531 0.108503 0.499022 0.573386
  3 22.218239 0.653279 -0.140535 0.335070 -0.664771 -0.667688 0.497065 0.549902
mid.bmp
  3 22.312060 0.596600 0.256350 0.281079 -0.953531 0.108503 0.499022 0.573386
  3 21.538957 0.502987 -0.225088 0.382749 -0.706135 -0.595716 0.561644 0.532290
  3 22.218239 0.653279 -0.140535 0.335070 -0.664771 -0.667688 0.497065 0.549902
mid.bmp
  3 22.218239 0.653279 -0.140535 0.335070 -0.664771 -0.667688 0.497065 0.549902
  3 21.538957 0.502987 -0.225088 0.382749 -0.706135 -0.595716 0.561644 0.532290
  3 22.132562 0.960108 -0.196280 0.213980 0.085356 -0.973102 0.489237 0.518591
mid.bmp
  3 21.538957 0.502987 -0.225088 0.382749 -0.706135 -0.595716 0.561644 0.532290
  3 21.278441 0.764563 -0.382176 0.231897 0.315855 -0.920032 0.567515 0.506849
  3 22.132562 0.960108 -0.196280 0.213980 0.085356 -0.973102 0.489237 0.518591
mid.bmp
  3 22.132562 0.960108 -0.196280 0.213980 0.085356 -0.973102 0.489237 0.518591
  3 21.278441 0.764563 -0.382176 0.231897 0.315855 -0.920032 0.567515 0.506849
  3 22.119820 1.163347 -0.005073 -0.100410 0.897762 -0.428885 0.483366 0.493151
mid.bmp
  3 21.278441 0.764563 -0.382176 0.231897 0.315855 -0.920032 0.567515 0.506849
  2 20.966935 1.005040 -0.140679 0.765422 0.636419 0.095394 0.567515 0.481409
  3 22.119820 1.163347 -0.005073 -0.100410 0.897762 -0.428885 0.483366 0.493151
mid.bmp
  15 19.735652 -1.455554 0.694751 -0.123860 -0.245880 0.961354 0.516634 0.816047
  16 19.498377 -2.178205 0.408517 -0.479436 -0.383063 0.789560 0.553816 0.882583
  16 19.925688 -2.052396 0.560309 0.156102 -0.215672 0.963908 0.504892 0.874755
mid.bmp
  16 19.925688 -2.052396 0.560309 0.156102 -0.215672 0.963908 0.504892 0.874755
  16 19.498377 -2.178205 0.408517 -0.479436 -0.383063 0.789560 0.553816 0.882583
  16 19.735264 -2.647358 0.323819 -0.515561 -0.267672 0.813971 0.534247 0.929550
mid.bmp
  16 19.498377 -2.178205 0.408517 -0.479436 -0.383063 0.789560 0.553816 0.882583
  16 19.597832 -2.714854 0.094070 -0.787189 -0.424418 0.447441 0.559687 0.933464
  16 19.735264 -2.647358 0.323819 -0.515561 -0.267672 0.813971 0.534247 0.929550
mid.bmp
  16 19.735264 -2.647358 0.323819 -0.515561 -0.267672 0.813971 0.534247 0.929550
  16 19.597832 -2.714854 0.094070 -0.787189 -0.424418 0.447441 0.559687 0.933464
  16 19.772258 -3.150216 0.127092 -0.869805 -0.333462 0.363652 0.542074 0.980431
mid.bmp
  16 19.597832 -2.714854 0.094070 -0.787189 -0.424418 0.447441 0.559687 0.933464
  16 19.617104 -2.774735 -0.012299 -0.873543 -0.478371 -0.089910 0.567515 0.933464
  16 19.772258 -3.150216 0.127092 -0.869805 -0.333462 0.363652 0.542074 0.980431
mid.bmp
  16 19.772258 -3.150216 0.127092 -0.869805 -0.333462 0.363652 0.542074 0.980431
  16 19.617104 -2.774735 -0.012299 -0.873543 -0.478371 -0.089910 0.567515 0.933464
  16 19.798464 -3.204944 0.028339 -0.876427 -0.439694 -0.196327 0.547945 0.982387
mid.bmp
  16 19.617104 -2.774735 -0.012299 -0.873543 -0.478371 -0.089910 0.567515 0.933464
  16 19.632290 -2.752229 -0.083264 -0.829818 -0.491770 -0.263751 0.573386 0.933464
  16 19.798464 -3.204944 0.028339 -0.876427 -0.439694 -0.196327 0.547945 0.982387
mid.bmp
  2 18.349148 -0.906162 0.656531 0.266031 -0.501439 0.823278 0.452055 0.086106
  2 18.381831 -0.217098 0.793821 0.257644 0.135542 0.956686 0.461840 0.168297
  2 18.054305 -0.256373 0.839472 0.050573 -0.051031 0.997416 0.502935 0.156556
mid.bmp
  2 18.054305 -0.256373 0.839472 0.050573 -0.051031 0.997416 0.502935 0.156556
  2 18.381831 -0.217098 0.793821 0.257644 0.135542 0.956686 0.461840 0.168297
  2 18.041194 0.339834 0.653759 0.083636 0.441441 0.893384 0.512720 0.227006
mid.bmp
  2 18.381831 -0.217098 0.793821 0.257644 0.135542 0.956686 0.461840 0.168297
  2 18.426692 0.335202 0.582845 0.211915 0.541516 0.813543 0.471624 0.232877
  2 18.041194 0.339834 0.653759 0.083636 0.441441 0.893384 0.512720 0.227006
mid.bmp
  2 18.041194 0.339834 0.653759 0.083636 0.441441 0.893384 0.512720 0.227006
  2 18.426692 0.335202 0.582845 0.211915 0.541516 0.813543 0.471624 0.232877
  2 17.992709 0.777320 0.279218 0.019808 0.778817 0.626939 0.518591 0.273973
mid.bmp
  2 18.426692 0.335202 0.582845 0.211915 0.541516 0.813543 0.471624 0.232877
  2 18.320127 0.781595 0.233350 0.135058 0.882048 0.451387 0.477495 0.279843
  2 17.992709 0.777320 0.279218 0.019808 0.778817 0.626939 0.518591 0.273973
mid.bmp
  2 17.992709 0.777320 0.279218 0.019808 0.778817 0.626939 0.518591 0.273973
  2 18.320127 0.781595 0.233350 0.135058 0.882048 0.451387 0.477495 0.279843
  2 17.910363 0.951329 -0.325071 -0.103809 0.972041 0.210617 0.524462 0.320939
mid.bmp
  2 18.320127 0.781595 0.233350 0.135058 0.882048 0.451387 0.477495 0.279843
  2 18.250989 0.985321 -0.331665 0.015203 0.973048 0.230102 0.483366 0.336595
  2 17.910363 0.951329 -0.325071 -0.103809 0.972041 0.210617 0.524462 0.320939
mid.bmp
  15 18.709409 -1.280116 -0.297606 -0.390337 -0.403511 -0.827536 0.972603 0.050881
  15 18.704793 -1.384682 -0.096588 -0.719369 -0.667033 -0.193841 0.966732 0.058708
  2 18.287831 -1.033596 -0.347837 -0.253278 -0.633279 -0.731306 0.996086 0.066536
mid.bmp
  2 18.287831 -1.033596 -0.347837 -0.253278 -0.633279 -0.731306 0.996086 0.066536
  15 18.704793 -1.384682 -0.096588 -0.719369 -0.667033 -0.193841 0.966732 0.058708
  2 18.308851 -1.170225 -0.171030 -0.349042 -0.907545 -0.233522 0.992172 0.074364
mid.bmp
  15 18.704793 -1.384682 -0.096588 -0.719369 -0.667033 -0.193841 0.966732 0.058708
  15 18.695537 -1.352034 0.155162 -0.667936 -0.725021 0.167944 0.958904 0.068493
  2 18.308851 -1.170225 -0.171030 -0.349042 -0.907545 -0.233522 0.992172 0.074364
mid.bmp
  2 18.308851 -1.170225 -0.171030 -0.349042 -0.907545 -0.233522 0.992172 0.074364
  15 18.695537 -1.352034 0.155162 -0.667936 -0.725021 0.167944 0.958904 0.068493
  2 18.280293 -1.204018 0.059287 -0.135047 -0.981016 0.139172 0.986301 0.084149
mid.bmp
  15 18.695537 -1.352034 0.155162 -0.667936 -0.725021 0.167944 0.958904 0.068493
  15 18.686043 -1.263308 0.311413 -0.372153 -0.601801 0.706638 0.953033 0.074364
  2 18.280293 -1.204018 0.059287 -0.135047 -0.981016 0.139172 0.986301 0.084149
mid.bmp
  2 18.280293 -1.204018 0.059287 -0.135047 -0.981016 0.139172 0.986301 0.084149
  15 18.686043 -1.263308 0.311413 -0.372153 -0.601801 0.706638 0.953033 0.074364
  2 18.301743 -1.139830 0.228278 -0.090324 -0.860374 0.501596 0.984344 0.090020
mid.bmp
  15 18.686043 -1.263308 0.311413 -0.372153 -0.601801 0.706638 0.953033 0.074364
  2 18.346063 -0.885905 0.616780 0.116720 -0.452770 0.883955 0.976517 0.115460
  2 18.301743 -1.139830 0.228278 -0.090324 -0.860374 0.501596 0.984344 0.090020
mid.bmp
  1 9.019349 0.869192 -0.456271 -0.178250 0.837302 -0.516868 0.232877 0.500978
  1 9.704880 1.293564 0.438121 -0.034457 0.998914 0.031360 0.277886 0.471624
  1 9.661974 1.043758 -0.551067 -0.080565 0.708717 -0.700878 0.227006 0.471624
mid.bmp
  1 9.661974 1.043758 -0.551067 -0.080565 0.708717 -0.700878 0.227006 0.471624
  1 9.704880 1.293564 0.438121 -0.034457 0.998914 0.031360 0.277886 0.471624
  1 12.339387 1.081077 -0.640414 0.009243 0.822604 -0.568540 0.228963 0.340509
mid.bmp
  1 9.704880 1.293564 0.438121 -0.034457 0.998914 0.031360 0.277886 0.471624
  1 12.434286 1.277011 0.260260 0.042722 0.982441 0.181615 0.279843 0.340509
  1 12.339387 1.081077 -0.640414 0.009243 0.822604 -0.568540 0.228963 0.340509
mid.bmp
  1 12.339387 1.081077 -0.640414 0.009243 0.822604 -0.568540 0.228963 0.340509
  1 12.434286 1.277011 0.260260 0.042722 0.982441 0.181615 0.279843 0.340509
  1 14.199603 0.989342 -0.520807 0.083150 0.843300 -0.530972 0.236791 0.234834
mid.bmp
  1 12.434286 1.277011 0.260260 0.042722 0.982441 0.181615 0.279843 0.340509
  1 14.265555 1.128522 0.106509 0.124649 0.962982 0.239015 0.268102 0.232877
  1 14.199603 0.989342 -0.520807 0.083150 0.843300 -0.530972 0.236791 0.234834
mid.bmp
  1 14.199603 0.989342 -0.520807 0.083150 0.843300 -0.530972 0.236791 0.234834
  1 14.265555 1.128522 0.106509 0.124649 0.962982 0.239015 0.268102 0.232877
  1 16.085865 0.818050 -0.354441 0.088057 0.982429 -0.164557 0.240705 0.127202
mid.bmp
  1 14.265555 1.128522 0.106509 0.124649 0.962982 0.239015 0.268102 0.232877
  1 16.155396 0.808903 0.164057 0.118884 0.918176 0.377915 0.272016 0.127202
  1 16.085865 0.818050 -0.354441 0.088057 0.982429 -0.164557 0.240705 0.127202
mid.bmp
  34 -20.138563 -4.075193 0.096658 -0.015519 -0.998427 0.053869 0.722114 0.857143
  34 -20.319768 -3.988592 -0.115180 -0.397585 -0.508240 -0.763949 0.679061 0.864971
  34 -20.147732 -3.986643 -0.088289 0.648496 -0.422086 -0.633480 0.694716 0.876712
mid.bmp
  34 -20.147732 -3.986643 -0.088289 0.648496 -0.422086 -0.633480 0.694716 0.876712
  34 -20.319768 -3.988592 -0.115180 -0.397585 -0.508240 -0.763949 0.679061 0.864971
  34 -20.208939 -3.601263 -0.233648 -0.040276 -0.167969 -0.984969 0.665362 0.917808
mid.bmp
  34 -20.319768 -3.988592 -0.115180 -0.397585 -0.508240 -0.763949 0.679061 0.864971
  34 -20.416263 -3.692702 -0.142619 -0.722915 -0.064485 -0.687921 0.653620 0.900196
  34 -20.208939 -3.601263 -0.233648 -0.040276 -0.167969 -0.984969 0.665362 0.917808
mid.bmp
  34 -20.208939 -3.601263 -0.233648 -0.040276 -0.167969 -0.984969 0.665362 0.917808
  34 -20.416263 -3.692702 -0.142619 -0.722915 -0.064485 -0.687921 0.653620 0.900196
  34 -20.347948 -3.152220 -0.199784 -0.543625 -0.004320 -0.839317 0.637965 0.972603
mid.bmp
  34 -20.416263 -3.692702 -0.142619 -0.722915 -0.064485 -0.687921 0.653620 0.900196
  34 -20.469193 -3.151422 0.003987 -0.993246 0.044813 -0.107022 0.606654 0.962818
  34 -20.347948 -3.152220 -0.199784 -0.543625 -0.004320 -0.839317 0.637965 0.972603
mid.bmp
  34 -20.347948 -3.152220 -0.199784 -0.543625 -0.004320 -0.839317 0.637965 0.972603
  34 -20.469193 -3.151422 0.003987 -0.993246 0.044813 -0.107022 0.606654 0.962818
  33 -20.320001 -3.034358 -0.219657 -0.645508 -0.108897 -0.755951 0.616438 0.990215
mid.bmp
  34 -20.469193 -3.151422 0.003987 -0.993246 0.044813 -0.107022 0.606654 0.962818
  33 -20.446847 -2.981596 -0.098093 -0.932475 -0.087904 -0.350375 0.596869 0.988258
  33 -20.320001 -3.034358 -0.219657 -0.645508 -0.108897 -0.755951 0.616438 0.990215
mid.bmp
  25 -24.595670 -0.365871 -0.006534 -0.215315 -0.939878 -0.265083 0.904110 0.393346
  25 -23.939455 -0.328986 -0.126340 -0.046013 -0.690348 -0.722013 0.908023 0.518591
  24 -23.870327 -0.377987 0.183232 -0.016905 -0.975371 0.219922 0.884540 0.530333
mid.bmp
  24 -23.870327 -0.377987 0.183232 -0.016905 -0.975371 0.219922 0.884540 0.530333
  25 -23.939455 -0.328986 -0.126340 -0.046013 -0.690348 -0.722013 0.908023 0.518591
  24 -23.736320 -0.359067 -0.131453 -0.026526 -0.862716 -0.504992 0.904110 0.542074
mid.bmp
  25 -23.939455 -0.328986 -0.126340 -0.046013 -0.690348 -0.722013 0.908023 0.518591
  24 -23.731991 -0.085623 -0.162083 -0.033429 0.296143 -0.954558 0.943249 0.534247
  24 -23.736320 -0.359067 -0.131453 -0.026526 -0.862716 -0.504992 0.904110 0.542074
mid.bmp
  24 -23.736320 -0.359067 -0.131453 -0.026526 -0.862716 -0.504992 0.904110 0.542074
  24 -23.731991 -0.085623 -0.162083 -0.033429 0.296143 -0.954558 0.943249 0.534247
  24 -22.615628 -0.343034 -0.150462 -0.004521 -0.554324 -0.832288 0.908023 0.634051
mid.bmp
  24 -23.731991 -0.085623 -0.162083 -0.033429 0.296143 -0.954558 0.943249 0.534247
  24 -22.611860 -0.065173 -0.189382 -0.035013 0.280304 -0.959272 0.943249 0.634051
  24 -22.615628 -0.343034 -0.150462 -0.004521 -0.554324 -0.832288 0.908023 0.634051
mid.bmp
  24 -22.615628 -0.343034 -0.150462 -0.004521 -0.554324 -0.832288 0.908023 0.634051
  24 -22.611860 -0.065173 -0.189382 -0.035013 0.280304 -0.959272 0.943249 0.634051
  23 -22.566159 -0.335128 -0.151572 -0.003350 -0.498623 -0.866812 0.906067 0.645793
mid.bmp
  24 -22.611860 -0.065173 -0.189382 -0.035013 0.280304 -0.959272 0.943249 0.634051
  23 -22.536521 -0.059190 -0.199269 -0.141415 0.256016 -0.956273 0.943249 0.645793
  23 -22.566159 -0.335128 -0.151572 -0.003350 -0.498623 -0.866812 0.906067 0.645793
mid.bmp
  34 -20.081706 -3.636502 0.271631 0.622021 -0.234898 0.746936 0.739726 0.915851
  34 -20.272384 -3.587707 0.357426 -0.139298 -0.027310 0.989874 0.772994 0.917808
  34 -20.194331 -3.981496 0.295487 0.447271 -0.320137 0.835141 0.739726 0.872798
mid.bmp
  34 -20.081706 -3.636502 0.271631 0.622021 -0.234898 0.746936 0.739726 0.915851
  33 -20.115699 -3.076198 0.398448 0.047717 -0.097640 0.994077 0.776908 0.988258
  34 -20.272384 -3.587707 0.357426 -0.139298 -0.027310 0.989874 0.772994 0.917808
mid.bmp
  34 -20.081706 -3.636502 0.271631 0.622021 -0.234898 0.746936 0.739726 0.915851
  34 -19.879158 -3.137713 0.297733 0.719771 -0.293940 0.628911 0.739726 0.990215
  33 -20.115699 -3.076198 0.398448 0.047717 -0.097640 0.994077 0.776908 0.988258
mid.bmp
  34 -20.081706 -3.636502 0.271631 0.622021 -0.234898 0.746936 0.739726 0.915851
  34 -19.968773 -3.625775 0.078946 0.936936 -0.341182 0.075801 0.720157 0.927593
  34 -19.879158 -3.137713 0.297733 0.719771 -0.293940 0.628911 0.739726 0.990215
mid.bmp
  34 -20.081706 -3.636502 0.271631 0.622021 -0.234898 0.746936 0.739726 0.915851
  34 -20.002755 -3.689004 0.088666 0.950431 -0.310805 -0.009027 0.720157 0.919765
  34 -19.968773 -3.625775 0.078946 0.936936 -0.341182 0.075801 0.720157 0.927593
mid.bmp
  34 -20.081706 -3.636502 0.271631 0.622021 -0.234898 0.746936 0.739726 0.915851
  34 -20.107098 -4.057392 0.099016 0.924776 -0.306498 0.225493 0.722114 0.864971
  34 -20.002755 -3.689004 0.088666 0.950431 -0.310805 -0.009027 0.720157 0.919765
mid.bmp
  34 -20.081706 -3.636502 0.271631 0.622021 -0.234898 0.746936 0.739726 0.915851
  34 -20.194331 -3.981496 0.295487 0.447271 -0.320137 0.835141 0.739726 0.872798
  34 -20.107098 -4.057392 0.099016 0.924776 -0.306498 0.225493 0.722114 0.864971
mid.bmp
  31 -23.055180 2.451642 0.139020 0.161554 0.447989 0.879321 0.925636 0.681018
  31 -23.057452 2.345855 0.162589 -0.060977 0.047412 0.997013 0.956947 0.688845
  31 -22.769001 2.341722 0.129256 0.155196 0.448583 0.880163 0.921722 0.751468
mid.bmp
  31 -22.769001 2.341722 0.129256 0.155196 0.448583 0.880163 0.921722 0.751468
  31 -23.057452 2.345855 0.162589 -0.060977 0.047412 0.997013 0.956947 0.688845
  31 -22.844006 2.258005 0.160962 -0.032818 0.137722 0.989927 0.949119 0.747554
mid.bmp
  31 -23.057452 2.345855 0.162589 -0.060977 0.047412 0.997013 0.956947 0.688845
  31 -23.033994 2.293607 0.123698 -0.472716 -0.839617 0.267549 0.968689 0.706458
  31 -22.844006 2.258005 0.160962 -0.032818 0.137722 0.989927 0.949119 0.747554
mid.bmp
  31 -22.844006 2.258005 0.160962 -0.032818 0.137722 0.989927 0.949119 0.747554
  31 -23.033994 2.293607 0.123698 -0.472716 -0.839617 0.267549 0.968689 0.706458
  30 -22.555342 2.105754 0.201503 -0.019786 -0.062042 0.997877 0.949119 0.818004
mid.bmp
  31 -23.033994 2.293607 0.123698 -0.472716 -0.839617 0.267549 0.968689 0.706458
  30 -22.516722 2.034637 0.136635 -0.459164 -0.867927 0.189396 0.972603 0.829746
  30 -22.555342 2.105754 0.201503 -0.019786 -0.062042 0.997877 0.949119 0.818004
mid.bmp
  30 -22.555342 2.105754 0.201503 -0.019786 -0.062042 0.997877 0.949119 0.818004
  30 -22.516722 2.034637 0.136635 -0.459164 -0.867927 0.189396 0.972603 0.829746
  30 -21.824377 1.766285 0.164980 -0.072696 -0.203974 0.976273 0.951076 0.964775
mid.bmp
  30 -22.516722 2.034637 0.136635 -0.459164 -0.867927 0.189396 0.972603 0.829746
  30 -21.851732 1.634509 0.104644 -0.483410 -0.874249 0.044770 0.978474 0.974560
  30 -21.824377 1.766285 0.164980 -0.072696 -0.203974 0.976273 0.951076 0.964775
mid.bmp
  28 -23.741754 -1.431540 -0.355783 0.009118 -0.275183 -0.961349 0.923679 0.414873
  28 -23.286936 -1.504127 -0.255898 0.117014 -0.718808 -0.685290 0.908023 0.518591
  28 -23.851734 -1.625060 -0.203870 -0.056085 -0.943957 -0.325270 0.904110 0.393346
mid.bmp
  28 -23.851734 -1.625060 -0.203870 -0.056085 -0.943957 -0.325270 0.904110 0.393346
  28 -23.286936 -1.504127 -0.255898 0.117014 -0.718808 -0.685290 0.908023 0.518591
  27 -23.243178 -1.525653 0.036306 0.154466 -0.935055 0.319081 0.884540 0.530333
mid.bmp
  28 -23.286936 -1.504127 -0.255898 0.117014 -0.718808 -0.685290 0.908023 0.518591
  27 -23.106784 -1.486199 -0.276381 0.124240 -0.777621 -0.616335 0.904110 0.542074
  27 -23.243178 -1.525653 0.036306 0.154466 -0.935055 0.319081 0.884540 0.530333
mid.bmp
  27 -23.243178 -1.525653 0.036306 0.154466 -0.935055 0.319081 0.884540 0.530333
  27 -23.106784 -1.486199 -0.276381 0.124240 -0.777621 -0.616335 0.904110 0.542074
  27 -22.265476 -1.362256 0.031964 0.144088 -0.964977 0.219220 0.888454 0.628180
mid.bmp
  27 -23.106784 -1.486199 -0.276381 0.124240 -0.777621 -0.616335 0.904110 0.542074
  27 -22.197952 -1.345100 -0.261411 0.119065 -0.753078 -0.647069 0.908023 0.634051
  27 -22.265476 -1.362256 0.031964 0.144088 -0.964977 0.219220 0.888454 0.628180
mid.bmp
  27 -22.265476 -1.362256 0.031964 0.144088 -0.964977 0.219220 0.888454 0.628180
  27 -22.197952 -1.345100 -0.261411 0.119065 -0.753078 -0.647069 0.908023 0.634051
  26 -22.159592 -1.363094 0.034848 0.013671 -0.975203 0.220890 0.882583 0.643836
mid.bmp
  27 -22.197952 -1.345100 -0.261411 0.119065 -0.753078 -0.647069 0.908023 0.634051
  26 -22.119779 -1.339205 -0.245236 0.191148 -0.729049 -0.657229 0.906067 0.645793
  26 -22.159592 -1.363094 0.034848 0.013671 -0.975203 0.220890 0.882583 0.643836
mid.bmp
  20 -22.327766 0.613381 0.215059 -0.450394 -0.847675 0.280345 0.882583 0.643836
  21 -22.397434 0.646352 0.191292 -0.300557 -0.949982 0.084847 0.888454 0.628180
  21 -22.314512 0.705337 -0.172451 -0.231505 -0.694474 -0.681257 0.908023 0.634051
mid.bmp
  21 -22.314512 0.705337 -0.172451 -0.231505 -0.694474 -0.681257 0.908023 0.634051
  21 -22.397434 0.646352 0.191292 -0.300557 -0.949982 0.084847 0.888454 0.628180
  21 -23.316439 1.002531 -0.129512 -0.247511 -0.734890 -0.631407 0.904110 0.542074
mid.bmp
  21 -22.397434 0.646352 0.191292 -0.300557 -0.949982 0.084847 0.888454 0.628180
  21 -23.430416 0.967583 0.205049 -0.267706 -0.929760 0.252745 0.884540 0.530333
  21 -23.316439 1.002531 -0.129512 -0.247511 -0.734890 -0.631407 0.904110 0.542074
mid.bmp
  21 -23.316439 1.002531 -0.129512 -0.247511 -0.734890 -0.631407 0.904110 0.542074
  21 -23.430416 0.967583 0.205049 -0.267706 -0.929760 0.252745 0.884540 0.530333
  22 -23.475237 1.054925 -0.118282 -0.213014 -0.793051 -0.570697 0.908023 0.518591
mid.bmp
  21 -23.430416 0.967583 0.205049 -0.267706 -0.929760 0.252745 0.884540 0.530333
  22 -24.092741 1.180836 -0.044300 -0.352242 -0.898303 -0.262636 0.904110 0.393346
  22 -23.475237 1.054925 -0.118282 -0.213014 -0.793051 -0.570697 0.908023 0.518591
mid.bmp
  22 -23.475237 1.054925 -0.118282 -0.213014 -0.793051 -0.570697 0.908023 0.518591
  22 -24.092741 1.180836 -0.044300 -0.352242 -0.898303 -0.262636 0.904110 0.393346
  22 -23.937888 1.200958 -0.140011 -0.108861 0.008016 -0.994025 0.923679 0.414873
mid.bmp
  22 -24.092741 1.180836 -0.044300 -0.352242 -0.898303 -0.262636 0.904110 0.393346
  22 -24.126004 1.284913 -0.042108 -0.657993 0.094412 -0.747082 0.925636 0.385519
  22 -23.937888 1.200958 -0.140011 -0.108861 0.008016 -0.994025 0.923679 0.414873
mid.bmp
  19 -20.862711 1.159098 -0.017877 -0.205019 0.392379 0.896664 0.733855 0.291585
  19 -20.978761 0.906498 0.101979 -0.108124 0.637951 0.762449 0.726027 0.268102
  19 -20.483422 1.181020 0.038099 0.001169 0.669127 0.743148 0.769080 0.299413
mid.bmp
  19 -20.483422 1.181020 0.038099 0.001169 0.669127 0.743148 0.769080 0.299413
  19 -20.978761 0.906498 0.101979 -0.108124 0.637951 0.762449 0.726027 0.268102
  19 -20.543978 0.668989 0.395181 -0.082612 0.403327 0.911319 0.769080 0.250489
mid.bmp
  19 -20.978761 0.906498 0.101979 -0.108124 0.637951 0.762449 0.726027 0.268102
  19 -21.132670 0.679133 0.221854 -0.073671 0.290018 0.954181 0.712329 0.246575
  19 -20.543978 0.668989 0.395181 -0.082612 0.403327 0.911319 0.769080 0.250489
mid.bmp
  19 -20.543978 0.668989 0.395181 -0.082612 0.403327 0.911319 0.769080 0.250489
  19 -21.132670 0.679133 0.221854 -0.073671 0.290018 0.954181 0.712329 0.246575
  19 -21.105823 0.426666 0.199757 -0.294334 0.066487 0.953387 0.718200 0.223092
mid.bmp
  19 -21.132670 0.679133 0.221854 -0.073671 0.290018 0.954181 0.712329 0.246575
  20 -22.239011 0.807702 0.382909 -0.117362 -0.215637 0.969395 0.612524 0.250489
  19 -21.105823 0.426666 0.199757 -0.294334 0.066487 0.953387 0.718200 0.223092
mid.bmp
  19 -21.105823 0.426666 0.199757 -0.294334 0.066487 0.953387 0.718200 0.223092
  20 -22.239011 0.807702 0.382909 -0.117362 -0.215637 0.969395 0.612524 0.250489
  20 -21.194157 0.314387 0.311125 -0.788128 0.559982 0.255489 0.702544 0.215264
mid.bmp
  20 -22.239011 0.807702 0.382909 -0.117362 -0.215637 0.969395 0.612524 0.250489
  20 -22.310547 0.576944 0.225378 -0.280687 -0.949454 0.140540 0.608611 0.232877
  20 -21.194157 0.314387 0.311125 -0.788128 0.559982 0.255489 0.702544 0.215264
mid.bmp
  32 -20.406732 -1.596207 0.070783 -0.836936 -0.361000 -0.411360 0.718200 0.671233
  19 -20.184337 -0.863428 -0.586333 -0.338877 0.044418 -0.939782 0.710372 0.606654
  32 -20.232423 -1.736791 -0.317460 -0.578804 -0.011376 -0.815387 0.737769 0.673190
mid.bmp
  32 -20.232423 -1.736791 -0.317460 -0.578804 -0.011376 -0.815387 0.737769 0.673190
  19 -20.184337 -0.863428 -0.586333 -0.338877 0.044418 -0.939782 0.710372 0.606654
  32 -19.448834 -1.470791 -0.633322 -0.004222 -0.080854 -0.996717 0.790607 0.620352
mid.bmp
  19 -20.184337 -0.863428 -0.586333 -0.338877 0.044418 -0.939782 0.710372 0.606654
  19 -19.196537 -0.691426 -0.763794 -0.060398 -0.014070 -0.998075 0.784736 0.561644
  32 -19.448834 -1.470791 -0.633322 -0.004222 -0.080854 -0.996717 0.790607 0.620352
mid.bmp
  32 -19.448834 -1.470791 -0.633322 -0.004222 -0.080854 -0.996717 0.790607 0.620352
  19 -19.196537 -0.691426 -0.763794 -0.060398 -0.014070 -0.998075 0.784736 0.561644
  32 -18.702146 -1.297542 -0.295242 0.376913 -0.416092 -0.827529 0.849315 0.587084
mid.bmp
  19 -19.196537 -0.691426 -0.763794 -0.060398 -0.014070 -0.998075 0.784736 0.561644
  19 -18.595656 -0.713666 -0.760406 0.099499 -0.362320 -0.926728 0.833659 0.540117
  32 -18.702146 -1.297542 -0.295242 0.376913 -0.416092 -0.827529 0.849315 0.587084
mid.bmp
  32 -18.702146 -1.297542 -0.295242 0.376913 -0.416092 -0.827529 0.849315 0.587084
  19 -18.595656 -0.713666 -0.760406 0.099499 -0.362320 -0.926728 0.833659 0.540117
  19 -18.292832 -1.068443 -0.373883 0.218221 -0.648536 -0.729233 0.874755 0.559687
mid.bmp
  19 -18.595656 -0.713666 -0.760406 0.099499 -0.362320 -0.926728 0.833659 0.540117
  19 -18.274566 -0.746247 -0.642604 -0.034556 -0.511817 -0.858399 0.861057 0.530333
  19 -18.292832 -1.068443 -0.373883 0.218221 -0.648536 -0.729233 0.874755 0.559687
mid.bmp
  19 -18.341293 -0.916185 0.585059 -0.100226 -0.447141 0.888831 0.976517 0.115460
  32 -18.689376 -1.272426 0.298020 0.380617 -0.581627 0.718916 0.953033 0.074364
  19 -18.309428 -1.154485 0.215992 0.085001 -0.854131 0.513064 0.984344 0.090020
mid.bmp
  19 -18.309428 -1.154485 0.215992 0.085001 -0.854131 0.513064 0.984344 0.090020
  32 -18.689376 -1.272426 0.298020 0.380617 -0.581627 0.718916 0.953033 0.074364
  19 -18.291798 -1.234933 0.046217 0.117089 -0.976131 0.182918 0.986301 0.084149
mid.bmp
  32 -18.689376 -1.272426 0.298020 0.380617 -0.581627 0.718916 0.953033 0.074364
  32 -18.692243 -1.370335 0.159433 0.664083 -0.723742 0.187596 0.958904 0.068493
  19 -18.291798 -1.234933 0.046217 0.117089 -0.976131 0.182918 0.986301 0.084149
mid.bmp
  19 -18.291798 -1.234933 0.046217 0.117089 -0.976131 0.182918 0.986301 0.084149
  32 -18.692243 -1.370335 0.159433 0.664083 -0.723742 0.187596 0.958904 0.068493
  19 -18.301750 -1.194545 -0.197068 0.330047 -0.915857 -0.228636 0.992172 0.074364
mid.bmp
  32 -18.692243 -1.370335 0.159433 0.664083 -0.723742 0.187596 0.958904 0.068493
  32 -18.693905 -1.398498 -0.093241 0.715953 -0.672858 -0.186205 0.966732 0.058708
  19 -18.301750 -1.194545 -0.197068 0.330047 -0.915857 -0.228636 0.992172 0.074364
mid.bmp
  19 -18.301750 -1.194545 -0.197068 0.330047 -0.915857 -0.228636 0.992172 0.074364
  32 -18.693905 -1.398498 -0.093241 0.715953 -0.672858 -0.186205 0.966732 0.058708
  19 -18.292832 -1.068443 -0.373883 0.218221 -0.648536 -0.729233 0.996086 0.066536
mid.bmp
  32 -18.693905 -1.398498 -0.093241 0.715953 -0.672858 -0.186205 0.966732 0.058708
  32 -18.702146 -1.297542 -0.295242 0.376913 -0.416092 -0.827529 0.972603 0.050881
  19 -18.292832 -1.068443 -0.373883 0.218221 -0.648536 -0.729233 0.996086 0.066536
mid.bmp
  29 -21.584273 1.789777 -0.259671 -0.601554 0.533021 -0.594997 0.504892 0.430528
  29 -21.571843 1.773946 -0.306093 -0.077227 0.241551 -0.967310 0.510763 0.432485
  29 -21.721980 1.578256 -0.297513 -0.571222 -0.527641 -0.628729 0.506849 0.457926
mid.bmp
  29 -21.721980 1.578256 -0.297513 -0.571222 -0.527641 -0.628729 0.506849 0.457926
  29 -21.571843 1.773946 -0.306093 -0.077227 0.241551 -0.967310 0.510763 0.432485
  29 -21.080209 1.135205 -0.368352 -0.539260 -0.554541 -0.633784 0.575342 0.469667
mid.bmp
  29 -21.571843 1.773946 -0.306093 -0.077227 0.241551 -0.967310 0.510763 0.432485
  29 -20.712015 1.441784 -0.438700 -0.030077 0.368425 -0.929171 0.594912 0.432485
  29 -21.080209 1.135205 -0.368352 -0.539260 -0.554541 -0.633784 0.575342 0.469667
mid.bmp
  29 -21.080209 1.135205 -0.368352 -0.539260 -0.554541 -0.633784 0.575342 0.469667
  29 -20.712015 1.441784 -0.438700 -0.030077 0.368425 -0.929171 0.594912 0.432485
  19 -20.606576 0.666797 -0.797672 -0.196660 -0.208724 -0.957997 0.622309 0.495108
mid.bmp
  29 -20.712015 1.441784 -0.438700 -0.030077 0.368425 -0.929171 0.594912 0.432485
  19 -20.223898 1.197788 -0.840127 0.028286 0.278707 -0.959960 0.636008 0.438356
  19 -20.606576 0.666797 -0.797672 -0.196660 -0.208724 -0.957997 0.622309 0.495108
mid.bmp
  19 -20.606576 0.666797 -0.797672 -0.196660 -0.208724 -0.957997 0.622309 0.495108
  19 -20.223898 1.197788 -0.840127 0.028286 0.278707 -0.959960 0.636008 0.438356
  19 -19.384909 0.723794 -0.988541 -0.049198 0.126612 -0.990731 0.720157 0.448141
mid.bmp
  19 -20.223898 1.197788 -0.840127 0.028286 0.278707 -0.959960 0.636008 0.438356
  19 -19.200332 1.061219 -0.732960 0.255337 0.676892 -0.690377 0.726027 0.407045
  19 -19.384909 0.723794 -0.988541 -0.049198 0.126612 -0.990731 0.720157 0.448141
mid.bmp
  19 -20.953884 0.988812 -0.092491 -0.737407 0.655792 0.161764 0.567515 0.481409
  20 -21.268723 0.756237 -0.387577 -0.233653 0.319197 -0.918433 0.567515 0.506849
  20 -22.130071 1.132410 -0.028667 0.103328 0.907699 -0.406701 0.483366 0.493151
mid.bmp
  20 -22.130071 1.132410 -0.028667 0.103328 0.907699 -0.406701 0.483366 0.493151
  20 -21.268723 0.756237 -0.387577 -0.233653 0.319197 -0.918433 0.567515 0.506849
  20 -22.128430 0.941071 -0.225967 -0.179771 0.069421 -0.981256 0.489237 0.518591
mid.bmp
  20 -21.268723 0.756237 -0.387577 -0.233653 0.319197 -0.918433 0.567515 0.506849
  20 -21.529723 0.458047 -0.224020 -0.365968 -0.707195 -0.604931 0.561644 0.532290
  20 -22.128430 0.941071 -0.225967 -0.179771 0.069421 -0.981256 0.489237 0.518591
mid.bmp
  20 -22.128430 0.941071 -0.225967 -0.179771 0.069421 -0.981256 0.489237 0.518591
  20 -21.529723 0.458047 -0.224020 -0.365968 -0.707195 -0.604931 0.561644 0.532290
  20 -22.216205 0.625735 -0.175259 -0.312782 -0.670644 -0.672609 0.497065 0.549902
mid.bmp
  20 -21.529723 0.458047 -0.224020 -0.365968 -0.707195 -0.604931 0.561644 0.532290
  20 -22.310547 0.576944 0.225378 -0.280687 -0.949454 0.140540 0.499022 0.573386
  20 -22.216205 0.625735 -0.175259 -0.312782 -0.670644 -0.672609 0.497065 0.549902
mid.bmp
  20 -22.216205 0.625735 -0.175259 -0.312782 -0.670644 -0.672609 0.497065 0.549902
  20 -22.310547 0.576944 0.225378 -0.280687 -0.949454 0.140540 0.499022 0.573386
  20 -22.226861 0.678256 -0.158374 -0.896415 -0.196371 -0.397338 0.491194 0.545988
mid.bmp
  20 -22.310547 0.576944 0.225378 -0.280687 -0.949454 0.140540 0.499022 0.573386
  20 -22.327766 0.613381 0.215059 -0.927792 -0.300395 0.221280 0.493151 0.571429
  20 -22.226861 0.678256 -0.158374 -0.896415 -0.196371 -0.397338 0.491194 0.545988
mid.bmp
  19 -18.012987 -0.949118 0.620361 -0.211021 -0.461737 0.861550 0.495108 0.076321
  19 -18.029603 -0.287551 0.774448 -0.238518 -0.054453 0.969610 0.506849 0.156556
  19 -18.041277 -0.287594 0.803837 -0.032297 -0.044774 0.998475 0.502935 0.156556
mid.bmp
  19 -18.041277 -0.287594 0.803837 -0.032297 -0.044774 0.998475 0.502935 0.156556
  19 -18.029603 -0.287551 0.774448 -0.238518 -0.054453 0.969610 0.506849 0.156556
  19 -18.028607 0.307874 0.610687 -0.054407 0.439585 0.896552 0.512720 0.227006
mid.bmp
  19 -18.029603 -0.287551 0.774448 -0.238518 -0.054453 0.969610 0.506849 0.156556
  19 -18.022530 0.292908 0.590962 -0.276803 0.392317 0.877193 0.514677 0.223092
  19 -18.028607 0.307874 0.610687 -0.054407 0.439585 0.896552 0.512720 0.227006
mid.bmp
  19 -18.028607 0.307874 0.610687 -0.054407 0.439585 0.896552 0.512720 0.227006
  19 -18.022530 0.292908 0.590962 -0.276803 0.392317 0.877193 0.514677 0.223092
  19 -17.976011 0.743703 0.234108 0.009886 0.784471 0.620087 0.518591 0.273973
mid.bmp
  19 -18.022530 0.292908 0.590962 -0.276803 0.392317 0.877193 0.514677 0.223092
  19 -17.970526 0.718713 0.224341 -0.147675 0.814855 0.560538 0.522505 0.268102
  19 -17.976011 0.743703 0.234108 0.009886 0.784471 0.620087 0.518591 0.273973
mid.bmp
  19 -17.976011 0.743703 0.234108 0.009886 0.784471 0.620087 0.518591 0.273973
  19 -17.970526 0.718713 0.224341 -0.147675 0.814855 0.560538 0.522505 0.268102
  19 -17.934828 0.922441 -0.372581 0.132446 0.966384 0.220364 0.524462 0.320939
mid.bmp
  19 -17.970526 0.718713 0.224341 -0.147675 0.814855 0.560538 0.522505 0.268102
  19 -17.917760 0.901180 -0.367462 -0.061409 0.985153 0.160317 0.526419 0.317025
  19 -17.934828 0.922441 -0.372581 0.132446 0.966384 0.220364 0.524462 0.320939
mid.bmp
  19 -18.343603 -0.936282 0.624943 -0.261015 -0.490441 0.831468 0.452055 0.086106
  19 -18.363956 -0.246557 0.755676 -0.258375 0.145642 0.955003 0.461840 0.168297
  19 -18.356160 -0.251451 0.706024 -0.164987 0.091358 0.982055 0.455969 0.168297
mid.bmp
  19 -18.356160 -0.251451 0.706024 -0.164987 0.091358 0.982055 0.455969 0.168297
  19 -18.363956 -0.246557 0.755676 -0.258375 0.145642 0.955003 0.461840 0.168297
  19 -18.410964 0.294765 0.532448 -0.028967 0.481699 0.875858 0.463796 0.232877
mid.bmp
  19 -18.363956 -0.246557 0.755676 -0.258375 0.145642 0.955003 0.461840 0.168297
  19 -18.355827 0.308950 0.552156 -0.189930 0.543133 0.817884 0.471624 0.232877
  19 -18.410964 0.294765 0.532448 -0.028967 0.481699 0.875858 0.463796 0.232877
mid.bmp
  19 -18.410964 0.294765 0.532448 -0.028967 0.481699 0.875858 0.463796 0.232877
  19 -18.355827 0.308950 0.552156 -0.189930 0.543133 0.817884 0.471624 0.232877
  19 -18.303316 0.714780 0.175500 0.093095 0.747995 0.657143 0.471624 0.279843
mid.bmp
  19 -18.355827 0.308950 0.552156 -0.189930 0.543133 0.817884 0.471624 0.232877
  19 -18.309322 0.754746 0.195290 -0.086209 0.876201 0.474172 0.477495 0.279843
  19 -18.303316 0.714780 0.175500 0.093095 0.747995 0.657143 0.471624 0.279843
mid.bmp
  19 -18.303316 0.714780 0.175500 0.093095 0.747995 0.657143 0.471624 0.279843
  19 -18.309322 0.754746 0.195290 -0.086209 0.876201 0.474172 0.477495 0.279843
  19 -18.342507 0.929123 -0.353144 0.189079 0.942332 0.276152 0.475538 0.334638
mid.bmp
  19 -18.309322 0.754746 0.195290 -0.086209 0.876201 0.474172 0.477495 0.279843
  19 -18.362401 0.980716 -0.363310 0.026945 0.972630 0.230790 0.483366 0.336595
  19 -18.342507 0.929123 -0.353144 0.189079 0.942332 0.276152 0.475538 0.334638
mid.bmp
  19 -17.595112 -1.301408 -0.144988 -0.159196 -0.890073 -0.427115 0.303327 0.943249
  19 -17.912158 -1.078389 -0.331675 -0.146847 -0.728216 -0.669430 0.279843 0.892368
  19 -17.578712 -1.140279 -0.376665 -0.152388 -0.763775 -0.627236 0.281800 0.943249
mid.bmp
  19 -17.578712 -1.140279 -0.376665 -0.152388 -0.763775 -0.627236 0.281800 0.943249
  19 -17.912158 -1.078389 -0.331675 -0.146847 -0.728216 -0.669430 0.279843 0.892368
  19 -17.559071 -0.884445 -0.657580 -0.201505 -0.569612 -0.796830 0.244618 0.943249
mid.bmp
  19 -17.912158 -1.078389 -0.331675 -0.146847 -0.728216 -0.669430 0.279843 0.892368
  19 -17.890292 -0.771408 -0.593527 -0.175283 -0.453908 -0.873638 0.238748 0.892368
  19 -17.559071 -0.884445 -0.657580 -0.201505 -0.569612 -0.796830 0.244618 0.943249
mid.bmp
  19 -17.559071 -0.884445 -0.657580 -0.201505 -0.569612 -0.796830 0.244618 0.943249
  19 -17.890292 -0.771408 -0.593527 -0.175283 -0.453908 -0.873638 0.238748 0.892368
  19 -17.541048 -0.529870 -0.796107 -0.160713 -0.150356 -0.975482 0.205479 0.943249
mid.bmp
  19 -17.890292 -0.771408 -0.593527 -0.175283 -0.453908 -0.873638 0.238748 0.892368
  19 -17.878837 -0.388760 -0.747762 -0.021425 -0.154479 -0.987764 0.197652 0.894325
  19 -17.541048 -0.529870 -0.796107 -0.160713 -0.150356 -0.975482 0.205479 0.943249
mid.bmp
  19 -17.541048 -0.529870 -0.796107 -0.160713 -0.150356 -0.975482 0.205479 0.943249
  19 -17.878837 -0.388760 -0.747762 -0.021425 -0.154479 -0.987764 0.197652 0.894325
  19 -17.823719 -0.344048 -0.646764 0.534870 0.182098 0.825078 0.197652 0.915851
mid.bmp
  19 -17.878837 -0.388760 -0.747762 -0.021425 -0.154479 -0.987764 0.197652 0.894325
  19 -17.488858 -0.286725 -0.798814 0.433580 -0.148195 0.888846 0.195695 0.945205
  19 -17.823719 -0.344048 -0.646764 0.534870 0.182098 0.825078 0.197652 0.915851
mid.bmp
  13 21.703768 1.821530 -0.224468 -0.086397 0.548311 -0.831800 0.943249 0.634051
  12 21.589614 1.791399 -0.255589 0.081513 0.553648 -0.828752 0.943249 0.645793
  12 21.565426 1.921427 -0.084014 -0.108648 0.862235 -0.494718 0.974560 0.639922
mid.bmp
  13 21.703768 1.821530 -0.224468 -0.086397 0.548311 -0.831800 0.943249 0.634051
  12 21.746583 1.638988 -0.254880 0.679388 -0.073998 -0.730039 0.906067 0.645793
  12 21.589614 1.791399 -0.255589 0.081513 0.553648 -0.828752 0.943249 0.645793
mid.bmp
  13 21.703768 1.821530 -0.224468 -0.086397 0.548311 -0.831800 0.943249 0.634051
  13 21.783867 1.706523 -0.223041 0.468672 -0.573253 -0.672107 0.908023 0.634051
  12 21.746583 1.638988 -0.254880 0.679388 -0.073998 -0.730039 0.906067 0.645793
mid.bmp
  13 21.703768 1.821530 -0.224468 -0.086397 0.548311 -0.831800 0.943249 0.634051
  13 22.426899 2.166989 -0.126934 -0.102682 0.483998 -0.869024 0.943249 0.534247
  13 21.783867 1.706523 -0.223041 0.468672 -0.573253 -0.672107 0.908023 0.634051
mid.bmp
  13 21.703768 1.821530 -0.224468 -0.086397 0.548311 -0.831800 0.943249 0.634051
  13 21.691846 1.956739 -0.052121 -0.295158 0.815190 -0.498344 0.972603 0.628180
  13 22.426899 2.166989 -0.126934 -0.102682 0.483998 -0.869024 0.943249 0.534247
mid.bmp
  13 21.703768 1.821530 -0.224468 -0.086397 0.548311 -0.831800 0.943249 0.634051
  12 21.565426 1.921427 -0.084014 -0.108648 0.862235 -0.494718 0.974560 0.639922
  13 21.691846 1.956739 -0.052121 -0.295158 0.815190 -0.498344 0.972603 0.628180
mid.bmp
  5 23.785776 1.390618 0.167086 -0.110433 0.936197 0.333676 0.896282 0.747554
  4 23.380865 1.257345 0.295208 -0.005524 0.452534 0.891730 0.921722 0.814090
  5 23.754349 1.308028 0.224722 -0.038839 0.416182 0.908452 0.921722 0.751468
mid.bmp
  5 23.785776 1.390618 0.167086 -0.110433 0.936197 0.333676 0.896282 0.747554
  4 23.323320 1.325312 0.213167 -0.141032 0.903760 0.404139 0.894325 0.814090
  4 23.380865 1.257345 0.295208 -0.005524 0.452534 0.891730 0.921722 0.814090
mid.bmp
  5 23.785776 1.390618 0.167086 -0.110433 0.936197 0.333676 0.896282 0.747554
  4 23.279907 1.317956 0.040298 -0.139571 0.947916 -0.286313 0.878669 0.825832
  4 23.323320 1.325312 0.213167 -0.141032 0.903760 0.404139 0.894325 0.814090
mid.bmp
  5 23.785776 1.390618 0.167086 -0.110433 0.936197 0.333676 0.896282 0.747554
  5 24.048552 1.434231 0.086368 -0.082029 0.946575 -0.311876 0.882583 0.690802
  4 23.279907 1.317956 0.040298 -0.139571 0.947916 -0.286313 0.878669 0.825832
mid.bmp
  5 23.785776 1.390618 0.167086 -0.110433 0.936197 0.333676 0.896282 0.747554
  5 24.125366 1.435099 0.194607 -0.053279 0.833435 0.550043 0.894325 0.694716
  5 24.048552 1.434231 0.086368 -0.082029 0.946575 -0.311876 0.882583 0.690802
mid.bmp
  5 23.785776 1.390618 0.167086 -0.110433 0.936197 0.333676 0.896282 0.747554
  5 23.754349 1.308028 0.224722 -0.038839 0.416182 0.908452 0.921722 0.751468
  5 24.125366 1.435099 0.194607 -0.053279 0.833435 0.550043 0.894325 0.694716
mid.bmp
  16 19.910912 -2.757110 -0.388025 0.106155 -0.151558 -0.982731 0.782779 0.724070
  16 19.665687 -2.761899 -0.177793 -0.638796 -0.373907 -0.672409 0.759295 0.727984
  16 19.784610 -2.303150 -0.472676 -0.051129 -0.221585 -0.973800 0.784736 0.772994
mid.bmp
  16 19.910912 -2.757110 -0.388025 0.106155 -0.151558 -0.982731 0.782779 0.724070
  16 20.005520 -3.132673 -0.319269 -0.220346 -0.299185 -0.928405 0.782779 0.684932
  16 19.665687 -2.761899 -0.177793 -0.638796 -0.373907 -0.672409 0.759295 0.727984
mid.bmp
  16 19.910912 -2.757110 -0.388025 0.106155 -0.151558 -0.982731 0.782779 0.724070
  16 20.414971 -2.969041 -0.183258 0.647717 -0.087543 -0.756835 0.829746 0.686888
  16 20.005520 -3.132673 -0.319269 -0.220346 -0.299185 -0.928405 0.782779 0.684932
mid.bmp
  16 19.910912 -2.757110 -0.388025 0.106155 -0.151558 -0.982731 0.782779 0.724070
  16 20.328002 -2.613554 -0.261872 0.681914 0.015235 -0.731274 0.829746 0.724070
  16 20.414971 -2.969041 -0.183258 0.647717 -0.087543 -0.756835 0.829746 0.686888
mid.bmp
  16 19.910912 -2.757110 -0.388025 0.106155 -0.151558 -0.982731 0.782779 0.724070
  16 20.261256 -2.086093 -0.315179 0.609624 -0.013630 -0.792573 0.839530 0.776908
  16 20.328002 -2.613554 -0.261872 0.681914 0.015235 -0.731274 0.829746 0.724070
mid.bmp
  16 19.910912 -2.757110 -0.388025 0.106155 -0.151558 -0.982731 0.782779 0.724070
  16 19.784610 -2.303150 -0.472676 -0.051129 -0.221585 -0.973800 0.784736 0.772994
  16 20.261256 -2.086093 -0.315179 0.609624 -0.013630 -0.792573 0.839530 0.776908
mid.bmp
  3 21.386268 0.201577 -0.188381 0.932336 -0.065727 -0.355569 0.579256 0.559687
  6 21.522075 -0.052186 -0.423913 0.186514 0.525570 -0.830054 0.577299 0.583170
  2 20.871506 0.080606 -0.554131 0.137957 -0.244621 -0.959754 0.622309 0.551859
mid.bmp
  2 20.871506 0.080606 -0.554131 0.137957 -0.244621 -0.959754 0.622309 0.551859
  6 21.522075 -0.052186 -0.423913 0.186514 0.525570 -0.830054 0.577299 0.583170
  6 21.539764 -0.423905 -0.315666 0.174885 -0.756848 -0.629758 0.589041 0.614481
mid.bmp
  6 21.522075 -0.052186 -0.423913 0.186514 0.525570 -0.830054 0.577299 0.583170
  6 22.506113 -0.066391 -0.279950 0.173113 0.057025 -0.983250 0.502935 0.610568
  6 21.539764 -0.423905 -0.315666 0.174885 -0.756848 -0.629758 0.589041 0.614481
mid.bmp
  6 21.539764 -0.423905 -0.315666 0.174885 -0.756848 -0.629758 0.589041 0.614481
  6 22.506113 -0.066391 -0.279950 0.173113 0.057025 -0.983250 0.502935 0.610568
  6 22.521643 -0.340385 -0.200944 0.184912 -0.733445 -0.654115 0.514677 0.639922
mid.bmp
  6 22.506113 -0.066391 -0.279950 0.173113 0.057025 -0.983250 0.502935 0.610568
  6 22.536138 -0.061082 -0.231304 0.781938 -0.006185 -0.623326 0.500978 0.614481
  6 22.521643 -0.340385 -0.200944 0.184912 -0.733445 -0.654115 0.514677 0.639922
mid.bmp
  6 22.521643 -0.340385 -0.200944 0.184912 -0.733445 -0.654115 0.514677 0.639922
  6 22.536138 -0.061082 -0.231304 0.781938 -0.006185 -0.623326 0.500978 0.614481
  6 22.563162 -0.323188 -0.169444 0.665232 -0.575340 -0.475868 0.508806 0.639922
mid.bmp
  6 21.339530 -0.629908 -0.269775 0.919577 -0.302421 -0.250839 0.612524 0.624266
  9 21.381615 -0.896846 -0.361825 0.172920 0.465221 -0.868141 0.614481 0.647750
  2 20.870202 -0.563247 -0.407580 0.146531 -0.164198 -0.975483 0.643836 0.606654
mid.bmp
  2 20.870202 -0.563247 -0.407580 0.146531 -0.164198 -0.975483 0.643836 0.606654
  9 21.381615 -0.896846 -0.361825 0.172920 0.465221 -0.868141 0.614481 0.647750
  9 21.184977 -1.267176 -0.299120 0.001550 -0.521355 -0.853338 0.643836 0.673190
mid.bmp
  9 21.381615 -0.896846 -0.361825 0.172920 0.465221 -0.868141 0.614481 0.647750
  9 22.159093 -1.009763 -0.376305 0.048445 0.070328 -0.996347 0.553816 0.681018
  9 21.184977 -1.267176 -0.299120 0.001550 -0.521355 -0.853338 0.643836 0.673190
mid.bmp
  9 21.184977 -1.267176 -0.299120 0.001550 -0.521355 -0.853338 0.643836 0.673190
  9 22.159093 -1.009763 -0.376305 0.048445 0.070328 -0.996347 0.553816 0.681018
  9 22.069062 -1.338710 -0.260669 -0.039669 -0.883291 -0.467143 0.575342 0.708415
mid.bmp
  9 22.159093 -1.009763 -0.376305 0.048445 0.070328 -0.996347 0.553816 0.681018
  9 22.196458 -1.025228 -0.350334 0.481709 -0.141763 -0.864789 0.551859 0.684932
  9 22.069062 -1.338710 -0.260669 -0.039669 -0.883291 -0.467143 0.575342 0.708415
mid.bmp
  9 22.069062 -1.338710 -0.260669 -0.039669 -0.883291 -0.467143 0.575342 0.708415
  9 22.196458 -1.025228 -0.350334 0.481709 -0.141763 -0.864789 0.551859 0.684932
  9 22.116348 -1.313932 -0.256184 0.406107 -0.781688 -0.473329 0.569472 0.708415
mid.bmp
  2 18.762141 0.429812 0.540998 -0.065275 0.451993 0.889630 0.935421 0.236791
  2 18.829870 -0.129833 0.688141 0.047917 0.087640 0.994999 0.931507 0.183953
  2 19.088042 0.493534 0.545177 -0.002471 0.419507 0.907749 0.904110 0.240705
mid.bmp
  2 18.762141 0.429812 0.540998 -0.065275 0.451993 0.889630 0.935421 0.236791
  2 18.372899 -0.221764 0.744339 0.206701 0.083906 0.974800 0.970646 0.178082
  2 18.829870 -0.129833 0.688141 0.047917 0.087640 0.994999 0.931507 0.183953
mid.bmp
  2 18.762141 0.429812 0.540998 -0.065275 0.451993 0.889630 0.935421 0.236791
  2 18.432457 0.325856 0.567630 0.048459 0.481015 0.875372 0.966732 0.228963
  2 18.372899 -0.221764 0.744339 0.206701 0.083906 0.974800 0.970646 0.178082
mid.bmp
  2 18.762141 0.429812 0.540998 -0.065275 0.451993 0.889630 0.935421 0.236791
  2 18.313053 0.741770 0.208573 -0.089503 0.758832 0.645107 0.964775 0.264188
  2 18.432457 0.325856 0.567630 0.048459 0.481015 0.875372 0.966732 0.228963
mid.bmp
  2 18.762141 0.429812 0.540998 -0.065275 0.451993 0.889630 0.935421 0.236791
  2 18.699902 0.862904 0.180740 -0.244923 0.772756 0.585543 0.935421 0.272016
  2 18.313053 0.741770 0.208573 -0.089503 0.758832 0.645107 0.964775 0.264188
mid.bmp
  2 18.762141 0.429812 0.540998 -0.065275 0.451993 0.889630 0.935421 0.236791
  2 19.088042 0.493534 0.545177 -0.002471 0.419507 0.907749 0.904110 0.240705
  2 18.699902 0.862904 0.180740 -0.244923 0.772756 0.585543 0.935421 0.272016
mid.bmp
  2 17.503586 0.947229 -0.267924 0.029563 0.993035 0.114050 0.021526 0.947162
  2 17.905710 0.931310 -0.319817 0.067846 0.987182 0.144458 0.025440 0.890411
  2 17.491774 0.900025 -0.416051 -0.029570 0.875293 -0.482689 0.039139 0.947162
mid.bmp
  2 17.491774 0.900025 -0.416051 -0.029570 0.875293 -0.482689 0.039139 0.947162
  2 17.905710 0.931310 -0.319817 0.067846 0.987182 0.144458 0.025440 0.890411
  2 17.895773 0.886276 -0.444260 -0.051108 0.858304 -0.510590 0.043053 0.890411
mid.bmp
  2 17.905710 0.931310 -0.319817 0.067846 0.987182 0.144458 0.025440 0.890411
  2 17.900262 0.903272 -0.451482 -0.128863 0.829840 -0.542918 0.039139 0.884540
  2 17.895773 0.886276 -0.444260 -0.051108 0.858304 -0.510590 0.043053 0.890411
mid.bmp
  2 17.895773 0.886276 -0.444260 -0.051108 0.858304 -0.510590 0.043053 0.890411
  2 17.900262 0.903272 -0.451482 -0.128863 0.829840 -0.542918 0.039139 0.884540
  2 17.882523 0.758529 -0.607943 -0.054125 0.721684 -0.690103 0.060665 0.890411
mid.bmp
  2 17.900262 0.903272 -0.451482 -0.128863 0.829840 -0.542918 0.039139 0.884540
  2 17.886162 0.771931 -0.625829 -0.085828 0.686856 -0.721708 0.058708 0.884540
  2 17.882523 0.758529 -0.607943 -0.054125 0.721684 -0.690103 0.060665 0.890411
mid.bmp
  2 17.882523 0.758529 -0.607943 -0.054125 0.721684 -0.690103 0.060665 0.890411
  2 17.886162 0.771931 -0.625829 -0.085828 0.686856 -0.721708 0.058708 0.884540
  2 17.871750 0.634019 -0.740370 -0.128652 0.414691 -0.900822 0.082192 0.886497
mid.bmp
  2 17.866210 -0.349207 -0.721706 -0.000773 -0.144832 -0.989456 0.197652 0.894325
  2 17.509868 -0.271806 -0.792818 0.133349 -0.017217 -0.990920 0.181996 0.947162
  2 17.491925 0.380961 -0.784760 0.025726 0.052585 -0.998285 0.101761 0.945205
mid.bmp
  2 17.866210 -0.349207 -0.721706 -0.000773 -0.144832 -0.989456 0.197652 0.894325
  2 17.471568 -0.252338 -0.776497 -0.813119 -0.274195 -0.513474 0.187867 0.949119
  2 17.509868 -0.271806 -0.792818 0.133349 -0.017217 -0.990920 0.181996 0.947162
mid.bmp
  2 17.866210 -0.349207 -0.721706 -0.000773 -0.144832 -0.989456 0.197652 0.894325
  2 17.476463 -0.253565 -0.750504 -0.406120 -0.153770 0.900789 0.195695 0.945205
  2 17.471568 -0.252338 -0.776497 -0.813119 -0.274195 -0.513474 0.187867 0.949119
mid.bmp
  2 17.866210 -0.349207 -0.721706 -0.000773 -0.144832 -0.989456 0.197652 0.894325
  2 17.801907 -0.336738 -0.630416 -0.474948 0.193250 0.858533 0.197652 0.915851
  2 17.476463 -0.253565 -0.750504 -0.406120 -0.153770 0.900789 0.195695 0.945205
mid.bmp
  2 17.866210 -0.349207 -0.721706 -0.000773 -0.144832 -0.989456 0.197652 0.894325
  2 17.521599 -0.499932 -0.739826 0.128932 -0.164596 -0.977898 0.205479 0.943249
  2 17.801907 -0.336738 -0.630416 -0.474948 0.193250 0.858533 0.197652 0.915851
mid.bmp
  2 17.866210 -0.349207 -0.721706 -0.000773 -0.144832 -0.989456 0.197652 0.894325
  2 17.882078 -0.737138 -0.564452 0.144200 -0.435548 -0.888541 0.238748 0.892368
  2 17.521599 -0.499932 -0.739826 0.128932 -0.164596 -0.977898 0.205479 0.943249
mid.bmp
  2 17.954025 -1.252637 0.133616 -0.092454 -0.990554 0.101266 0.326810 0.886497
  2 17.980250 -1.203577 0.293999 0.069726 -0.856004 0.512246 0.340509 0.884540
  2 17.950363 -1.217493 0.144544 0.126488 -0.990715 0.049842 0.322896 0.892368
mid.bmp
  2 17.954025 -1.252637 0.133616 -0.092454 -0.990554 0.101266 0.326810 0.886497
  2 18.294068 -1.207243 0.208200 0.308509 -0.859046 0.408486 0.340509 0.839530
  2 17.980250 -1.203577 0.293999 0.069726 -0.856004 0.512246 0.340509 0.884540
mid.bmp
  2 17.954025 -1.252637 0.133616 -0.092454 -0.990554 0.101266 0.326810 0.886497
  2 18.274519 -1.254374 0.053919 0.061783 -0.997112 -0.044160 0.326810 0.839530
  2 18.294068 -1.207243 0.208200 0.308509 -0.859046 0.408486 0.340509 0.839530
mid.bmp
  2 17.954025 -1.252637 0.133616 -0.092454 -0.990554 0.101266 0.326810 0.886497
  2 17.922403 -1.209559 -0.120437 -0.180406 -0.943966 -0.276372 0.303327 0.886497
  2 18.274519 -1.254374 0.053919 0.061783 -0.997112 -0.044160 0.326810 0.839530
mid.bmp
  2 17.954025 -1.252637 0.133616 -0.092454 -0.990554 0.101266 0.326810 0.886497
  2 17.917280 -1.185118 -0.103665 0.128059 -0.949525 -0.286361 0.299413 0.892368
  2 17.922403 -1.209559 -0.120437 -0.180406 -0.943966 -0.276372 0.303327 0.886497
mid.bmp
  2 17.954025 -1.252637 0.133616 -0.092454 -0.990554 0.101266 0.326810 0.886497
  2 17.950363 -1.217493 0.144544 0.126488 -0.990715 0.049842 0.322896 0.892368
  2 17.917280 -1.185118 -0.103665 0.128059 -0.949525 -0.286361 0.299413 0.892368
mid.bmp
  24 -23.862173 -0.219647 0.327680 0.021228 -0.481894 0.875972 0.949119 0.818004
  25 -24.298751 -0.213022 0.319557 0.013775 -0.120590 0.992607 0.949119 0.747554
  25 -24.556207 -0.331266 0.280413 -0.054255 -0.856790 0.512804 0.968689 0.706458
mid.bmp
  24 -23.862173 -0.219647 0.327680 0.021228 -0.481894 0.875972 0.949119 0.818004
  24 -23.860799 -0.090068 0.331704 0.001214 0.295059 0.955478 0.921722 0.814090
  25 -24.298751 -0.213022 0.319557 0.013775 -0.120590 0.992607 0.949119 0.747554
mid.bmp
  24 -23.862173 -0.219647 0.327680 0.021228 -0.481894 0.875972 0.949119 0.818004
  24 -22.711617 -0.188677 0.297613 0.021279 -0.285147 0.958248 0.951076 0.964775
  24 -23.860799 -0.090068 0.331704 0.001214 0.295059 0.955478 0.921722 0.814090
mid.bmp
  24 -23.862173 -0.219647 0.327680 0.021228 -0.481894 0.875972 0.949119 0.818004
  24 -22.708753 -0.414829 0.160478 -0.006516 -0.946484 0.322684 0.978474 0.974560
  24 -22.711617 -0.188677 0.297613 0.021279 -0.285147 0.958248 0.951076 0.964775
mid.bmp
  24 -23.862173 -0.219647 0.327680 0.021228 -0.481894 0.875972 0.949119 0.818004
  24 -23.870327 -0.377987 0.183232 -0.016905 -0.975371 0.219922 0.972603 0.829746
  24 -22.708753 -0.414829 0.160478 -0.006516 -0.946484 0.322684 0.978474 0.974560
mid.bmp
  24 -23.862173 -0.219647 0.327680 0.021228 -0.481894 0.875972 0.949119 0.818004
  25 -24.556207 -0.331266 0.280413 -0.054255 -0.856790 0.512804 0.968689 0.706458
  24 -23.870327 -0.377987 0.183232 -0.016905 -0.975371 0.219922 0.972603 0.829746
mid.bmp
  26 -22.204050 -1.020152 -0.358500 0.032790 0.038375 -0.998725 0.943249 0.645793
  27 -22.283004 -1.028315 -0.353666 -0.028384 0.110768 -0.993441 0.943249 0.634051
  26 -22.312184 -0.810291 -0.125119 -0.279746 0.829799 -0.482882 0.974560 0.639922
mid.bmp
  26 -22.312184 -0.810291 -0.125119 -0.279746 0.829799 -0.482882 0.974560 0.639922
  27 -22.283004 -1.028315 -0.353666 -0.028384 0.110768 -0.993441 0.943249 0.634051
  27 -22.392231 -0.838033 -0.108196 -0.210974 0.885939 -0.413040 0.972603 0.628180
mid.bmp
  27 -22.283004 -1.028315 -0.353666 -0.028384 0.110768 -0.993441 0.943249 0.634051
  27 -23.164391 -1.209525 -0.359054 -0.124786 0.468510 -0.874601 0.943249 0.534247
  27 -22.392231 -0.838033 -0.108196 -0.210974 0.885939 -0.413040 0.972603 0.628180
mid.bmp
  27 -22.392231 -0.838033 -0.108196 -0.210974 0.885939 -0.413040 0.972603 0.628180
  27 -23.164391 -1.209525 -0.359054 -0.124786 0.468510 -0.874601 0.943249 0.534247
  27 -23.340925 -1.058655 -0.093086 -0.246487 0.937856 -0.244277 0.970646 0.524462
mid.bmp
  27 -23.164391 -1.209525 -0.359054 -0.124786 0.468510 -0.874601 0.943249 0.534247
  28 -23.353753 -1.228637 -0.329386 -0.116845 0.417226 -0.901260 0.941292 0.510763
  27 -23.340925 -1.058655 -0.093086 -0.246487 0.937856 -0.244277 0.970646 0.524462
mid.bmp
  27 -23.340925 -1.058655 -0.093086 -0.246487 0.937856 -0.244277 0.970646 0.524462
  28 -23.353753 -1.228637 -0.329386 -0.116845 0.417226 -0.901260 0.941292 0.510763
  28 -23.905754 -1.363402 -0.284277 -0.374778 0.687794 -0.621676 0.941292 0.395303
mid.bmp
  20 -22.140024 0.961048 -0.171241 0.107981 0.329297 -0.938032 0.943249 0.645793
  21 -22.212376 0.968748 -0.179089 0.017729 0.244647 -0.969450 0.943249 0.634051
  20 -22.152649 1.105960 0.000315 0.206916 0.871667 -0.444278 0.974560 0.639922
mid.bmp
  20 -22.152649 1.105960 0.000315 0.206916 0.871667 -0.444278 0.974560 0.639922
  21 -22.212376 0.968748 -0.179089 0.017729 0.244647 -0.969450 0.943249 0.634051
  21 -22.203039 1.114078 -0.018837 0.138543 0.907824 -0.395805 0.972603 0.628180
mid.bmp
  21 -22.212376 0.968748 -0.179089 0.017729 0.244647 -0.969450 0.943249 0.634051
  21 -23.282035 1.160419 -0.142655 0.059473 0.561400 -0.825405 0.943249 0.534247
  21 -22.203039 1.114078 -0.018837 0.138543 0.907824 -0.395805 0.972603 0.628180
mid.bmp
  21 -22.203039 1.114078 -0.018837 0.138543 0.907824 -0.395805 0.972603 0.628180
  21 -23.282035 1.160419 -0.142655 0.059473 0.561400 -0.825405 0.943249 0.534247
  21 -23.279059 1.289191 0.028518 0.141470 0.955969 -0.257116 0.970646 0.524462
mid.bmp
  21 -23.282035 1.160419 -0.142655 0.059473 0.561400 -0.825405 0.943249 0.534247
  22 -23.418681 1.203245 -0.117012 0.060996 0.564381 -0.823258 0.941292 0.510763
  21 -23.279059 1.289191 0.028518 0.141470 0.955969 -0.257116 0.970646 0.524462
mid.bmp
  21 -23.279059 1.289191 0.028518 0.141470 0.955969 -0.257116 0.970646 0.524462
  22 -23.418681 1.203245 -0.117012 0.060996 0.564381 -0.823258 0.941292 0.510763
  22 -24.062696 1.327992 -0.052165 -0.005056 0.768513 -0.639814 0.941292 0.395303
mid.bmp
  33 -19.347189 -2.337302 -0.203619 0.539370 -0.418107 -0.730935 0.737769 0.780822
  33 -19.678800 -2.788615 -0.176658 0.620229 -0.389603 -0.680827 0.759295 0.727984
  33 -19.786056 -2.317555 -0.463134 0.045898 -0.206464 -0.977377 0.784736 0.772994
mid.bmp
  33 -19.786056 -2.317555 -0.463134 0.045898 -0.206464 -0.977377 0.784736 0.772994
  33 -19.678800 -2.788615 -0.176658 0.620229 -0.389603 -0.680827 0.759295 0.727984
  33 -19.922543 -2.776004 -0.386668 -0.099000 -0.134413 -0.985968 0.782779 0.724070
mid.bmp
  33 -19.678800 -2.788615 -0.176658 0.620229 -0.389603 -0.680827 0.759295 0.727984
  33 -20.034804 -3.137606 -0.322572 0.230323 -0.323373 -0.917813 0.782779 0.684932
  33 -19.922543 -2.776004 -0.386668 -0.099000 -0.134413 -0.985968 0.782779 0.724070
mid.bmp
  33 -19.922543 -2.776004 -0.386668 -0.099000 -0.134413 -0.985968 0.782779 0.724070
  33 -20.034804 -3.137606 -0.322572 0.230323 -0.323373 -0.917813 0.782779 0.684932
  33 -20.432589 -2.967832 -0.195041 -0.644263 -0.058452 -0.762567 0.829746 0.686888
mid.bmp
  33 -20.034804 -3.137606 -0.322572 0.230323 -0.323373 -0.917813 0.782779 0.684932
  33 -20.320001 -3.034358 -0.219657 -0.427253 -0.903500 -0.033808 0.782779 0.681018
  33 -20.432589 -2.967832 -0.195041 -0.644263 -0.058452 -0.762567 0.829746 0.686888
mid.bmp
  33 -20.432589 -2.967832 -0.195041 -0.644263 -0.058452 -0.762567 0.829746 0.686888
  33 -20.320001 -3.034358 -0.219657 -0.427253 -0.903500 -0.033808 0.782779 0.681018
  33 -20.446847 -2.981596 -0.098093 -0.764445 -0.613059 -0.199455 0.829746 0.681018
mid.bmp
  33 -19.347189 -2.337302 -0.203619 0.539370 -0.418107 -0.730935 0.604697 0.892368
  33 -19.321840 -2.330725 -0.102538 0.787163 -0.570696 -0.233840 0.596869 0.888454
  33 -19.644837 -2.779550 -0.084052 0.811065 -0.513532 -0.280103 0.573386 0.933464
mid.bmp
  33 -19.644837 -2.779550 -0.084052 0.811065 -0.513532 -0.280103 0.573386 0.933464
  33 -19.321840 -2.330725 -0.102538 0.787163 -0.570696 -0.233840 0.596869 0.888454
  33 -19.630342 -2.809894 -0.011404 0.859318 -0.502999 -0.092544 0.567515 0.933464
mid.bmp
  33 -19.321840 -2.330725 -0.102538 0.787163 -0.570696 -0.233840 0.596869 0.888454
  33 -19.310392 -2.351611 -0.021024 0.812158 -0.578145 0.078410 0.590998 0.886497
  33 -19.630342 -2.809894 -0.011404 0.859318 -0.502999 -0.092544 0.567515 0.933464
mid.bmp
  33 -19.630342 -2.809894 -0.011404 0.859318 -0.502999 -0.092544 0.567515 0.933464
  33 -19.310392 -2.351611 -0.021024 0.812158 -0.578145 0.078410 0.590998 0.886497
  33 -19.611752 -2.748897 0.094898 0.771726 -0.452854 0.446500 0.559687 0.933464
mid.bmp
  33 -19.310392 -2.351611 -0.021024 0.812158 -0.578145 0.078410 0.590998 0.886497
  33 -19.317074 -2.274585 0.108719 0.715081 -0.537383 0.447077 0.583170 0.882583
  33 -19.611752 -2.748897 0.094898 0.771726 -0.452854 0.446500 0.559687 0.933464
mid.bmp
  33 -19.611752 -2.748897 0.094898 0.771726 -0.452854 0.446500 0.559687 0.933464
  33 -19.317074 -2.274585 0.108719 0.715081 -0.537383 0.447077 0.583170 0.882583
  33 -19.498220 -2.215123 0.417411 0.457101 -0.409168 0.789709 0.553816 0.882583
mid.bmp
  19 -17.617807 -1.298922 0.329224 -0.256980 -0.858827 0.443145 0.344423 0.941292
  19 -17.981932 -1.170702 0.307533 -0.258288 -0.848446 0.461980 0.336595 0.892368
  19 -17.602161 -1.347164 0.154981 -0.244498 -0.968871 0.038860 0.328767 0.943249
mid.bmp
  19 -17.602161 -1.347164 0.154981 -0.244498 -0.968871 0.038860 0.328767 0.943249
  19 -17.981932 -1.170702 0.307533 -0.258288 -0.848446 0.461980 0.336595 0.892368
  19 -17.955763 -1.251087 0.125240 -0.152390 -0.984150 0.090698 0.322896 0.892368
mid.bmp
  19 -17.981932 -1.170702 0.307533 -0.258288 -0.848446 0.461980 0.336595 0.892368
  19 -17.984195 -1.217790 0.282311 -0.068937 -0.854363 0.515083 0.340509 0.884540
  19 -17.955763 -1.251087 0.125240 -0.152390 -0.984150 0.090698 0.322896 0.892368
mid.bmp
  19 -17.955763 -1.251087 0.125240 -0.152390 -0.984150 0.090698 0.322896 0.892368
  19 -17.984195 -1.217790 0.282311 -0.068937 -0.854363 0.515083 0.340509 0.884540
  19 -17.959609 -1.281226 0.109799 0.074685 -0.986150 0.148088 0.326810 0.886497
mid.bmp
  19 -17.984195 -1.217790 0.282311 -0.068937 -0.854363 0.515083 0.340509 0.884540
  19 -18.302087 -1.224986 0.190655 -0.297284 -0.852492 0.429977 0.340509 0.839530
  19 -17.959609 -1.281226 0.109799 0.074685 -0.986150 0.148088 0.326810 0.886497
mid.bmp
  19 -17.959609 -1.281226 0.109799 0.074685 -0.986150 0.148088 0.326810 0.886497
  19 -18.302087 -1.224986 0.190655 -0.297284 -0.852492 0.429977 0.340509 0.839530
  19 -18.285895 -1.285198 0.032729 -0.070308 -0.997394 -0.016212 0.326810 0.839530
mid.bmp
  32 -18.689376 -1.272426 0.298020 0.380617 -0.581627 0.718916 0.953033 0.074364
  19 -18.341293 -0.916185 0.585059 -0.100226 -0.447141 0.888831 0.976517 0.115460
  19 -18.909436 -0.836815 0.582998 0.074527 -0.345308 0.935526 0.927593 0.119374
mid.bmp
  19 -18.909436 -0.836815 0.582998 0.074527 -0.345308 0.935526 0.927593 0.119374
  19 -18.341293 -0.916185 0.585059 -0.100226 -0.447141 0.888831 0.976517 0.115460
  19 -18.813915 -0.157720 0.668109 -0.026002 0.085120 0.996031 0.931507 0.183953
mid.bmp
  19 -18.341293 -0.916185 0.585059 -0.100226 -0.447141 0.888831 0.976517 0.115460
  19 -18.356160 -0.251451 0.706024 -0.164987 0.091358 0.982055 0.970646 0.178082
  19 -18.813915 -0.157720 0.668109 -0.026002 0.085120 0.996031 0.931507 0.183953
mid.bmp
  19 -18.813915 -0.157720 0.668109 -0.026002 0.085120 0.996031 0.931507 0.183953
  19 -18.356160 -0.251451 0.706024 -0.164987 0.091358 0.982055 0.970646 0.178082
  19 -18.753150 0.395694 0.520957 0.094230 0.448020 0.889044 0.935421 0.236791
mid.bmp
  19 -18.356160 -0.251451 0.706024 -0.164987 0.091358 0.982055 0.970646 0.178082
  19 -18.410964 0.294765 0.532448 -0.028967 0.481699 0.875858 0.966732 0.228963
  19 -18.753150 0.395694 0.520957 0.094230 0.448020 0.889044 0.935421 0.236791
mid.bmp
  19 -18.753150 0.395694 0.520957 0.094230 0.448020 0.889044 0.935421 0.236791
  19 -18.410964 0.294765 0.532448 -0.028967 0.481699 0.875858 0.966732 0.228963
  19 -18.303316 0.714780 0.175500 0.093095 0.747995 0.657143 0.964775 0.264188
mid.bmp
  19 -17.925206 -1.220465 -0.148399 -0.148952 -0.949262 -0.276974 0.299413 0.892368
  19 -17.929423 -1.245414 -0.163722 0.164559 -0.951892 -0.258497 0.303327 0.886497
  19 -17.912158 -1.078389 -0.331675 -0.146847 -0.728216 -0.669430 0.279843 0.892368
mid.bmp
  19 -17.925206 -1.220465 -0.148399 -0.148952 -0.949262 -0.276974 0.299413 0.892368
  19 -17.959609 -1.281226 0.109799 0.074685 -0.986150 0.148088 0.326810 0.886497
  19 -17.929423 -1.245414 -0.163722 0.164559 -0.951892 -0.258497 0.303327 0.886497
mid.bmp
  19 -17.925206 -1.220465 -0.148399 -0.148952 -0.949262 -0.276974 0.299413 0.892368
  19 -17.955763 -1.251087 0.125240 -0.152390 -0.984150 0.090698 0.322896 0.892368
  19 -17.959609 -1.281226 0.109799 0.074685 -0.986150 0.148088 0.326810 0.886497
mid.bmp
  19 -17.925206 -1.220465 -0.148399 -0.148952 -0.949262 -0.276974 0.299413 0.892368
  19 -17.602161 -1.347164 0.154981 -0.244498 -0.968871 0.038860 0.328767 0.943249
  19 -17.955763 -1.251087 0.125240 -0.152390 -0.984150 0.090698 0.322896 0.892368
mid.bmp
  19 -17.925206 -1.220465 -0.148399 -0.148952 -0.949262 -0.276974 0.299413 0.892368
  19 -17.595112 -1.301408 -0.144988 -0.159196 -0.890073 -0.427115 0.303327 0.943249
  19 -17.602161 -1.347164 0.154981 -0.244498 -0.968871 0.038860 0.328767 0.943249
mid.bmp
  19 -17.925206 -1.220465 -0.148399 -0.148952 -0.949262 -0.276974 0.299413 0.892368
  19 -17.912158 -1.078389 -0.331675 -0.146847 -0.728216 -0.669430 0.279843 0.892368
  19 -17.595112 -1.301408 -0.144988 -0.159196 -0.890073 -0.427115 0.303327 0.943249
mid.bmp
  19 -17.482420 -0.285779 -0.823522 0.787067 -0.271057 -0.554124 0.727984 0.718200
  19 -17.501245 0.352007 -0.830994 -0.048692 0.038929 -0.998055 0.724070 0.772994
  19 -17.464899 0.354416 -0.818782 0.837857 0.017246 -0.545618 0.720157 0.769080
mid.bmp
  19 -17.464899 0.354416 -0.818782 0.837857 0.017246 -0.545618 0.720157 0.769080
  19 -17.501245 0.352007 -0.830994 -0.048692 0.038929 -0.998055 0.724070 0.772994
  19 -17.455554 0.593577 -0.747295 0.889962 0.123919 -0.438876 0.710372 0.786693
mid.bmp
  19 -17.501245 0.352007 -0.830994 -0.048692 0.038929 -0.998055 0.724070 0.772994
  19 -17.484633 0.599886 -0.760133 0.022790 0.507167 -0.861546 0.714286 0.792564
  19 -17.455554 0.593577 -0.747295 0.889962 0.123919 -0.438876 0.710372 0.786693
mid.bmp
  19 -17.455554 0.593577 -0.747295 0.889962 0.123919 -0.438876 0.710372 0.786693
  19 -17.484633 0.599886 -0.760133 0.022790 0.507167 -0.861546 0.714286 0.792564
  19 -17.456013 0.733460 -0.639062 0.801758 0.458919 -0.382854 0.702544 0.806262
mid.bmp
  19 -17.484633 0.599886 -0.760133 0.022790 0.507167 -0.861546 0.714286 0.792564
  19 -17.480705 0.738824 -0.644941 -0.003309 0.752726 -0.658326 0.706458 0.812133
  19 -17.456013 0.733460 -0.639062 0.801758 0.458919 -0.382854 0.702544 0.806262
mid.bmp
  19 -17.456013 0.733460 -0.639062 0.801758 0.458919 -0.382854 0.702544 0.806262
  19 -17.480705 0.738824 -0.644941 -0.003309 0.752726 -0.658326 0.706458 0.812133
  19 -17.491229 0.869717 -0.451577 0.027116 0.868417 -0.495093 0.690802 0.821918
mid.bmp
  14 23.043546 2.407551 -0.020409 0.574674 0.299442 -0.761632 0.925636 0.385519
  14 23.052982 2.326969 -0.015995 0.542647 -0.827744 -0.142737 0.904110 0.393346
  14 22.887143 2.294698 -0.096714 0.154153 -0.030168 -0.987586 0.923679 0.414873
mid.bmp
  14 22.887143 2.294698 -0.096714 0.154153 -0.030168 -0.987586 0.923679 0.414873
  14 23.052982 2.326969 -0.015995 0.542647 -0.827744 -0.142737 0.904110 0.393346
  14 22.596742 2.115884 -0.083945 0.433099 -0.788442 -0.436789 0.908023 0.518591
mid.bmp
  14 23.052982 2.326969 -0.015995 0.542647 -0.827744 -0.142737 0.904110 0.393346
  13 22.505114 2.062332 0.180162 0.447709 -0.859254 0.247466 0.884540 0.530333
  14 22.596742 2.115884 -0.083945 0.433099 -0.788442 -0.436789 0.908023 0.518591
mid.bmp
  14 22.596742 2.115884 -0.083945 0.433099 -0.788442 -0.436789 0.908023 0.518591
  13 22.505114 2.062332 0.180162 0.447709 -0.859254 0.247466 0.884540 0.530333
  13 22.500547 2.055642 -0.109265 0.500237 -0.805404 -0.317943 0.904110 0.542074
mid.bmp
  13 22.505114 2.062332 0.180162 0.447709 -0.859254 0.247466 0.884540 0.530333
  13 21.845410 1.646096 0.121570 0.509560 -0.853227 0.111146 0.888454 0.628180
  13 22.500547 2.055642 -0.109265 0.500237 -0.805404 -0.317943 0.904110 0.542074
mid.bmp
  8 24.725966 -0.249373 0.320315 0.859129 -0.502989 0.094343 0.904110 0.373777
  8 24.677744 -0.162210 -0.017288 0.849993 -0.051320 -0.524287 0.925636 0.385519
  8 24.754963 -0.073057 0.258796 0.999455 0.032842 -0.003368 0.925636 0.365949
mid.bmp
  8 24.754963 -0.073057 0.258796 0.999455 0.032842 -0.003368 0.925636 0.365949
  8 24.677744 -0.162210 -0.017288 0.849993 -0.051320 -0.524287 0.925636 0.385519
  8 24.716738 0.017630 0.185573 0.703048 0.655982 -0.274609 0.949119 0.369863
mid.bmp
  8 24.677744 -0.162210 -0.017288 0.849993 -0.051320 -0.524287 0.925636 0.385519
  8 24.582431 -0.077099 -0.033178 0.211457 0.685511 -0.696679 0.941292 0.395303
  8 24.716738 0.017630 0.185573 0.703048 0.655982 -0.274609 0.949119 0.369863
mid.bmp
  8 24.716738 0.017630 0.185573 0.703048 0.655982 -0.274609 0.949119 0.369863
  8 24.582431 -0.077099 -0.033178 0.211457 0.685511 -0.696679 0.941292 0.395303
  8 24.580059 0.062575 0.152062 0.155190 0.940512 -0.302247 0.962818 0.391389
mid.bmp
  8 24.582431 -0.077099 -0.033178 0.211457 0.685511 -0.696679 0.941292 0.395303
  7 23.874689 0.112112 0.029959 0.067188 0.949671 -0.305957 0.970646 0.524462
  8 24.580059 0.062575 0.152062 0.155190 0.940512 -0.302247 0.962818 0.391389
mid.bmp
  8 24.552248 -0.338257 0.288853 0.056477 -0.902611 0.426736 0.968689 0.706458
  7 23.861349 -0.217098 0.336331 -0.040486 -0.495389 0.867727 0.949119 0.818004
  7 23.873368 -0.375030 0.182855 0.023523 -0.987046 0.158703 0.972603 0.829746
mid.bmp
  7 23.873368 -0.375030 0.182855 0.023523 -0.987046 0.158703 0.972603 0.829746
  7 23.861349 -0.217098 0.336331 -0.040486 -0.495389 0.867727 0.949119 0.818004
  7 22.713105 -0.415995 0.132377 0.005274 -0.954524 0.298087 0.978474 0.974560
mid.bmp
  7 23.861349 -0.217098 0.336331 -0.040486 -0.495389 0.867727 0.949119 0.818004
  7 22.717842 -0.189604 0.279250 -0.044371 -0.271507 0.961413 0.951076 0.964775
  7 22.713105 -0.415995 0.132377 0.005274 -0.954524 0.298087 0.978474 0.974560
mid.bmp
  7 22.713105 -0.415995 0.132377 0.005274 -0.954524 0.298087 0.978474 0.974560
  7 22.717842 -0.189604 0.279250 -0.044371 -0.271507 0.961413 0.951076 0.964775
  6 22.619498 -0.197373 0.291463 0.155612 -0.394361 0.905684 0.951076 0.982387
mid.bmp
  7 22.717842 -0.189604 0.279250 -0.044371 -0.271507 0.961413 0.951076 0.964775
  6 22.628170 -0.022467 0.267086 -0.018085 0.369327 0.929123 0.919765 0.982387
  6 22.619498 -0.197373 0.291463 0.155612 -0.394361 0.905684 0.951076 0.982387
mid.bmp
  9 22.310571 -0.801737 -0.119630 0.205847 0.837451 -0.506263 0.974560 0.639922
  10 22.384762 -0.825158 -0.113542 0.202542 0.876452 -0.436816 0.972603 0.628180
  10 22.272679 -1.034139 -0.354796 0.021301 0.123702 -0.992091 0.943249 0.634051
mid.bmp
  10 22.272679 -1.034139 -0.354796 0.021301 0.123702 -0.992091 0.943249 0.634051
  10 22.384762 -0.825158 -0.113542 0.202542 0.876452 -0.436816 0.972603 0.628180
  10 23.155299 -1.209891 -0.357893 0.126780 0.467547 -0.874830 0.943249 0.534247
mid.bmp
  10 22.384762 -0.825158 -0.113542 0.202542 0.876452 -0.436816 0.972603 0.628180
  10 23.345844 -1.045471 -0.093315 0.246715 0.934573 -0.256328 0.970646 0.524462
  10 23.155299 -1.209891 -0.357893 0.126780 0.467547 -0.874830 0.943249 0.534247
mid.bmp
  10 23.155299 -1.209891 -0.357893 0.126780 0.467547 -0.874830 0.943249 0.534247
  10 23.345844 -1.045471 -0.093315 0.246715 0.934573 -0.256328 0.970646 0.524462
  11 23.343319 -1.230117 -0.325188 0.112380 0.397275 -0.910792 0.941292 0.510763
mid.bmp
  10 23.345844 -1.045471 -0.093315 0.246715 0.934573 -0.256328 0.970646 0.524462
  11 23.896303 -1.365126 -0.291439 0.366387 0.644113 -0.671475 0.941292 0.395303
  11 23.343319 -1.230117 -0.325188 0.112380 0.397275 -0.910792 0.941292 0.510763
mid.bmp
  3 22.151736 1.135986 0.030134 -0.245721 0.840437 -0.482998 0.974560 0.639922
  4 22.205738 1.146223 0.008119 -0.136548 0.885319 -0.444483 0.972603 0.628180
  4 22.213907 0.984162 -0.157984 -0.023048 0.218980 -0.975457 0.943249 0.634051
mid.bmp
  4 22.213907 0.984162 -0.157984 -0.023048 0.218980 -0.975457 0.943249 0.634051
  4 22.205738 1.146223 0.008119 -0.136548 0.885319 -0.444483 0.972603 0.628180
  4 23.283380 1.182747 -0.118233 -0.056789 0.531245 -0.845313 0.943249 0.534247
mid.bmp
  4 22.205738 1.146223 0.008119 -0.136548 0.885319 -0.444483 0.972603 0.628180
  4 23.279907 1.317956 0.040298 -0.139571 0.947916 -0.286313 0.970646 0.524462
  4 23.283380 1.182747 -0.118233 -0.056789 0.531245 -0.845313 0.943249 0.534247
mid.bmp
  4 23.283380 1.182747 -0.118233 -0.056789 0.531245 -0.845313 0.943249 0.534247
  4 23.279907 1.317956 0.040298 -0.139571 0.947916 -0.286313 0.970646 0.524462
  5 23.418529 1.221765 -0.098341 -0.052790 0.525845 -0.848941 0.941292 0.510763
mid.bmp
  4 23.279907 1.317956 0.040298 -0.139571 0.947916 -0.286313 0.970646 0.524462
  5 24.055936 1.345277 -0.034860 0.020701 0.729895 -0.683246 0.941292 0.395303
  5 23.418529 1.221765 -0.098341 -0.052790 0.525845 -0.848941 0.941292 0.510763
mid.bmp
  17 20.319450 -3.153203 -0.189861 0.555048 -0.034327 -0.831110 0.637965 0.972603
  17 20.157420 -3.590122 -0.226132 0.030396 -0.180781 -0.983053 0.665362 0.917808
  16 20.029103 -3.092709 -0.293000 -0.216545 -0.176418 -0.960200 0.661448 0.990215
mid.bmp
  17 20.319450 -3.153203 -0.189861 0.555048 -0.034327 -0.831110 0.637965 0.972603
  17 20.369321 -3.691532 -0.132306 0.727396 -0.093897 -0.679763 0.653620 0.900196
  17 20.157420 -3.590122 -0.226132 0.030396 -0.180781 -0.983053 0.665362 0.917808
mid.bmp
  17 20.319450 -3.153203 -0.189861 0.555048 -0.034327 -0.831110 0.637965 0.972603
  17 20.442234 -3.142726 0.018737 0.995486 0.013855 -0.093889 0.606654 0.962818
  17 20.369321 -3.691532 -0.132306 0.727396 -0.093897 -0.679763 0.653620 0.900196
mid.bmp
  17 20.319450 -3.153203 -0.189861 0.555048 -0.034327 -0.831110 0.637965 0.972603
  16 20.302169 -3.031369 -0.213989 0.647812 -0.155567 -0.745747 0.616438 0.990215
  17 20.442234 -3.142726 0.018737 0.995486 0.013855 -0.093889 0.606654 0.962818
mid.bmp
  17 20.319450 -3.153203 -0.189861 0.555048 -0.034327 -0.831110 0.637965 0.972603
  16 20.029103 -3.092709 -0.293000 0.304642 -0.143273 -0.941629 0.661448 0.990215
  16 20.302169 -3.031369 -0.213989 0.647812 -0.155567 -0.745747 0.616438 0.990215
mid.bmp
  10 23.301275 -1.221787 0.215401 0.125033 0.309206 0.942740 0.921722 0.814090
  11 23.717836 -1.186503 0.026092 0.277523 0.822368 0.496681 0.896282 0.747554
  10 23.331680 -1.091534 0.082847 0.220668 0.832889 0.507544 0.894325 0.814090
mid.bmp
  10 23.301275 -1.221787 0.215401 0.125033 0.309206 0.942740 0.921722 0.814090
  11 23.638439 -1.312859 0.176285 0.168061 0.311591 0.935236 0.921722 0.751468
  11 23.717836 -1.186503 0.026092 0.277523 0.822368 0.496681 0.896282 0.747554
mid.bmp
  10 23.301275 -1.221787 0.215401 0.125033 0.309206 0.942740 0.921722 0.814090
  11 23.648991 -1.470864 0.133908 -0.006719 -0.380890 0.924596 0.949119 0.747554
  11 23.638439 -1.312859 0.176285 0.168061 0.311591 0.935236 0.921722 0.751468
mid.bmp
  10 23.301275 -1.221787 0.215401 0.125033 0.309206 0.942740 0.921722 0.814090
  10 23.277322 -1.393489 0.183986 -0.053487 -0.520098 0.852430 0.949119 0.818004
  11 23.648991 -1.470864 0.133908 -0.006719 -0.380890 0.924596 0.949119 0.747554
mid.bmp
  10 23.301275 -1.221787 0.215401 0.125033 0.309206 0.942740 0.921722 0.814090
  10 22.305889 -1.190737 0.222009 -0.064355 -0.484795 0.872257 0.951076 0.964775
  10 23.277322 -1.393489 0.183986 -0.053487 -0.520098 0.852430 0.949119 0.818004
mid.bmp
  2 19.838116 -0.042562 -0.602757 0.194871 -0.190176 -0.962215 0.710372 0.528376
  2 19.099327 -0.066573 -0.854977 0.131516 -0.200051 -0.970919 0.771037 0.506849
  2 19.621094 0.297097 -0.883093 0.168493 -0.315041 -0.934002 0.714286 0.495108
mid.bmp
  2 19.621094 0.297097 -0.883093 0.168493 -0.315041 -0.934002 0.714286 0.495108
  2 19.099327 -0.066573 -0.854977 0.131516 -0.200051 -0.970919 0.771037 0.506849
  2 19.068136 0.674860 -0.965902 -0.085154 0.035002 -0.995753 0.747554 0.444227
mid.bmp
  2 19.099327 -0.066573 -0.854977 0.131516 -0.200051 -0.970919 0.771037 0.506849
  2 18.567025 -0.161297 -0.865332 -0.110272 -0.094304 -0.989417 0.818004 0.499022
  2 19.068136 0.674860 -0.965902 -0.085154 0.035002 -0.995753 0.747554 0.444227
mid.bmp
  2 19.068136 0.674860 -0.965902 -0.085154 0.035002 -0.995753 0.747554 0.444227
  2 18.567025 -0.161297 -0.865332 -0.110272 -0.094304 -0.989417 0.818004 0.499022
  2 18.554320 0.595167 -0.850816 -0.256803 0.297189 -0.919636 0.794521 0.432485
mid.bmp
  2 18.567025 -0.161297 -0.865332 -0.110272 -0.094304 -0.989417 0.818004 0.499022
  2 18.221396 0.414088 -0.792243 -0.161191 0.024793 -0.986612 0.821918 0.438356
  2 18.554320 0.595167 -0.850816 -0.256803 0.297189 -0.919636 0.794521 0.432485
mid.bmp
  16 19.632290 -2.752229 -0.083264 -0.829818 -0.491770 -0.263751 0.573386 0.933464
  16 19.617104 -2.774735 -0.012299 -0.873543 -0.478371 -0.089910 0.567515 0.933464
  16 19.321803 -2.290079 -0.119304 -0.806546 -0.553147 -0.208595 0.596869 0.888454
mid.bmp
  16 19.321803 -2.290079 -0.119304 -0.806546 -0.553147 -0.208595 0.596869 0.888454
  16 19.617104 -2.774735 -0.012299 -0.873543 -0.478371 -0.089910 0.567515 0.933464
  16 19.310847 -2.309451 -0.025032 -0.828334 -0.557133 0.058867 0.590998 0.886497
mid.bmp
  16 19.617104 -2.774735 -0.012299 -0.873543 -0.478371 -0.089910 0.567515 0.933464
  16 19.597832 -2.714854 0.094070 -0.787189 -0.424418 0.447441 0.559687 0.933464
  16 19.310847 -2.309451 -0.025032 -0.828334 -0.557133 0.058867 0.590998 0.886497
mid.bmp
  16 19.310847 -2.309451 -0.025032 -0.828334 -0.557133 0.058867 0.590998 0.886497
  16 19.597832 -2.714854 0.094070 -0.787189 -0.424418 0.447441 0.559687 0.933464
  16 19.314298 -2.233298 0.091427 -0.733789 -0.509742 0.449128 0.583170 0.882583
mid.bmp
  16 19.597832 -2.714854 0.094070 -0.787189 -0.424418 0.447441 0.559687 0.933464
  16 19.498377 -2.178205 0.408517 -0.479436 -0.383063 0.789560 0.553816 0.882583
  16 19.314298 -2.233298 0.091427 -0.733789 -0.509742 0.449128 0.583170 0.882583
mid.bmp
  16 20.309161 -2.529070 0.332035 0.679546 -0.015777 0.733463 0.471624 0.921722
  16 20.413683 -1.923962 0.110285 0.997193 0.011689 -0.073959 0.430528 0.874755
  16 20.311205 -1.967157 0.355999 0.686549 -0.074277 0.723279 0.461840 0.866928
mid.bmp
  16 20.309161 -2.529070 0.332035 0.679546 -0.015777 0.733463 0.471624 0.921722
  16 20.431170 -2.539117 0.104991 0.964024 0.041284 0.262590 0.444227 0.921722
  16 20.413683 -1.923962 0.110285 0.997193 0.011689 -0.073959 0.430528 0.874755
mid.bmp
  16 20.309161 -2.529070 0.332035 0.679546 -0.015777 0.733463 0.471624 0.921722
  16 20.456266 -2.959920 0.116828 0.976489 0.015552 0.215005 0.452055 0.962818
  16 20.431170 -2.539117 0.104991 0.964024 0.041284 0.262590 0.444227 0.921722
mid.bmp
  16 20.309161 -2.529070 0.332035 0.679546 -0.015777 0.733463 0.471624 0.921722
  16 20.330092 -2.962170 0.306583 0.655672 -0.052276 0.753234 0.473581 0.964775
  16 20.456266 -2.959920 0.116828 0.976489 0.015552 0.215005 0.452055 0.962818
mid.bmp
  16 20.309161 -2.529070 0.332035 0.679546 -0.015777 0.733463 0.471624 0.921722
  16 20.094688 -3.056595 0.422143 0.003773 -0.127453 0.991837 0.499022 0.974560
  16 20.330092 -2.962170 0.306583 0.655672 -0.052276 0.753234 0.473581 0.964775
mid.bmp
  9 22.069062 -1.338710 -0.260669 -0.039669 -0.883291 -0.467143 0.643836 0.029354
  9 21.150495 -1.283093 0.042847 -0.003751 -0.982138 0.188127 0.722114 0.064579
  9 21.184977 -1.267176 -0.299120 0.001550 -0.521355 -0.853338 0.710372 0.039139
mid.bmp
  9 21.184977 -1.267176 -0.299120 0.001550 -0.521355 -0.853338 0.710372 0.039139
  9 21.150495 -1.283093 0.042847 -0.003751 -0.982138 0.188127 0.722114 0.064579
  2 20.811225 -1.343003 -0.201097 0.332403 -0.473784 -0.815498 0.741683 0.039139
mid.bmp
  9 21.150495 -1.283093 0.042847 -0.003751 -0.982138 0.188127 0.722114 0.064579
  9 20.798395 -1.352791 0.088750 0.298578 -0.843461 0.446569 0.763209 0.060665
  2 20.811225 -1.343003 -0.201097 0.332403 -0.473784 -0.815498 0.741683 0.039139
mid.bmp
  2 20.811225 -1.343003 -0.201097 0.332403 -0.473784 -0.815498 0.741683 0.039139
  9 20.798395 -1.352791 0.088750 0.298578 -0.843461 0.446569 0.763209 0.060665
  15 20.414558 -1.567968 0.061636 0.840619 -0.337513 -0.423609 0.763209 0.021526
mid.bmp
  9 20.798395 -1.352791 0.088750 0.298578 -0.843461 0.446569 0.763209 0.060665
  15 20.380092 -1.530794 0.356173 0.684048 -0.472345 0.555850 0.784736 0.033268
  15 20.414558 -1.567968 0.061636 0.840619 -0.337513 -0.423609 0.763209 0.021526
mid.bmp
  12 21.589614 1.791399 -0.255589 0.577087 0.504052 -0.642575 0.504892 0.430528
  12 21.575528 1.782630 -0.293803 0.087255 0.264065 -0.960550 0.510763 0.432485
  12 21.565426 1.921427 -0.084014 0.744427 0.598107 -0.296810 0.504892 0.399217
mid.bmp
  12 21.565426 1.921427 -0.084014 0.744427 0.598107 -0.296810 0.504892 0.399217
  12 21.575528 1.782630 -0.293803 0.087255 0.264065 -0.960550 0.510763 0.432485
  12 21.531882 1.951338 -0.113169 -0.209545 0.837399 -0.504831 0.508806 0.399217
mid.bmp
  12 21.575528 1.782630 -0.293803 0.087255 0.264065 -0.960550 0.510763 0.432485
  12 20.716697 1.450066 -0.434649 0.016449 0.366398 -0.930313 0.594912 0.432485
  12 21.531882 1.951338 -0.113169 -0.209545 0.837399 -0.504831 0.508806 0.399217
mid.bmp
  12 21.531882 1.951338 -0.113169 -0.209545 0.837399 -0.504831 0.508806 0.399217
  12 20.716697 1.450066 -0.434649 0.016449 0.366398 -0.930313 0.594912 0.432485
  12 20.678014 1.663222 -0.152186 -0.249218 0.920946 -0.299582 0.585127 0.393346
mid.bmp
  12 20.716697 1.450066 -0.434649 0.016449 0.366398 -0.930313 0.594912 0.432485
  2 20.236203 1.548549 -0.682641 -0.251402 0.846288 -0.469674 0.622309 0.401174
  12 20.678014 1.663222 -0.152186 -0.249218 0.920946 -0.299582 0.585127 0.393346
mid.bmp
  9 22.228199 -1.166264 0.239738 0.723119 -0.495353 0.481378 0.620352 0.066536
  9 22.283805 -1.000608 0.248770 0.945962 -0.049808 0.320429 0.610568 0.086106
  9 22.272246 -0.995438 0.285179 0.236935 0.299766 0.924122 0.618395 0.090020
mid.bmp
  9 22.272246 -0.995438 0.285179 0.236935 0.299766 0.924122 0.618395 0.090020
  9 22.283805 -1.000608 0.248770 0.945962 -0.049808 0.320429 0.610568 0.086106
  9 22.307172 -0.840285 0.127168 0.330276 0.676444 0.658287 0.614481 0.103718
mid.bmp
  9 22.283805 -1.000608 0.248770 0.945962 -0.049808 0.320429 0.610568 0.086106
  9 22.315933 -0.860451 0.108678 0.941831 0.303414 0.144546 0.606654 0.101761
  9 22.307172 -0.840285 0.127168 0.330276 0.676444 0.658287 0.614481 0.103718
mid.bmp
  9 22.307172 -0.840285 0.127168 0.330276 0.676444 0.658287 0.614481 0.103718
  9 22.315933 -0.860451 0.108678 0.941831 0.303414 0.144546 0.606654 0.101761
  9 22.296683 -0.770710 -0.112322 0.169814 0.850821 -0.497260 0.614481 0.111546
mid.bmp
  9 22.315933 -0.860451 0.108678 0.941831 0.303414 0.144546 0.606654 0.101761
  9 22.310571 -0.801737 -0.119630 0.731027 0.424227 -0.534445 0.604697 0.107632
  9 22.296683 -0.770710 -0.112322 0.169814 0.850821 -0.497260 0.614481 0.111546
mid.bmp
  16 19.839642 -3.171936 -0.140735 -0.702741 -0.453931 -0.547816 0.767123 0.682975
  16 20.005520 -3.132673 -0.319269 -0.220346 -0.299185 -0.928405 0.782779 0.684932
  16 20.029103 -3.092709 -0.293000 0.306496 -0.642507 0.702314 0.767123 0.681018
mid.bmp
  16 20.029103 -3.092709 -0.293000 0.306496 -0.642507 0.702314 0.767123 0.681018
  16 20.005520 -3.132673 -0.319269 -0.220346 -0.299185 -0.928405 0.782779 0.684932
  16 20.302169 -3.031369 -0.213989 0.429112 -0.899688 -0.080155 0.782779 0.681018
mid.bmp
  16 20.005520 -3.132673 -0.319269 -0.220346 -0.299185 -0.928405 0.782779 0.684932
  16 20.414971 -2.969041 -0.183258 0.647717 -0.087543 -0.756835 0.829746 0.686888
  16 20.302169 -3.031369 -0.213989 0.429112 -0.899688 -0.080155 0.782779 0.681018
mid.bmp
  16 20.302169 -3.031369 -0.213989 0.429112 -0.899688 -0.080155 0.782779 0.681018
  16 20.414971 -2.969041 -0.183258 0.647717 -0.087543 -0.756835 0.829746 0.686888
  16 20.420068 -3.002570 -0.084624 0.815703 -0.533541 -0.223521 0.829746 0.681018
mid.bmp
  16 20.414971 -2.969041 -0.183258 0.647717 -0.087543 -0.756835 0.829746 0.686888
  16 20.435817 -2.970804 0.129170 0.857265 -0.514470 0.020415 0.849315 0.681018
  16 20.420068 -3.002570 -0.084624 0.815703 -0.533541 -0.223521 0.829746 0.681018
mid.bmp
  6 22.621595 0.113479 0.159121 0.898046 0.395027 0.193567 0.569472 0.191781
  6 22.612193 -0.020196 0.290730 0.125574 0.361443 0.923899 0.581213 0.176125
  6 22.628170 -0.022467 0.267086 0.817837 0.220733 0.531432 0.571429 0.176125
mid.bmp
  6 22.628170 -0.022467 0.267086 0.817837 0.220733 0.531432 0.571429 0.176125
  6 22.612193 -0.020196 0.290730 0.125574 0.361443 0.923899 0.581213 0.176125
  6 22.619498 -0.197373 0.291463 0.830494 -0.139260 0.539339 0.573386 0.154599
mid.bmp
  6 22.612193 -0.020196 0.290730 0.125574 0.361443 0.923899 0.581213 0.176125
  6 22.601290 -0.205751 0.316625 0.088956 -0.305584 0.948001 0.583170 0.154599
  6 22.619498 -0.197373 0.291463 0.830494 -0.139260 0.539339 0.573386 0.154599
mid.bmp
  6 22.619498 -0.197373 0.291463 0.830494 -0.139260 0.539339 0.573386 0.154599
  6 22.601290 -0.205751 0.316625 0.088956 -0.305584 0.948001 0.583170 0.154599
  6 22.599499 -0.414619 0.157903 0.812991 -0.548961 0.194130 0.581213 0.131115
mid.bmp
  6 22.601290 -0.205751 0.316625 0.088956 -0.305584 0.948001 0.583170 0.154599
  6 22.574154 -0.445899 0.171063 0.045396 -0.983995 0.172316 0.587084 0.131115
  6 22.599499 -0.414619 0.157903 0.812991 -0.548961 0.194130 0.581213 0.131115
mid.bmp
  2 17.570028 -1.300877 0.190620 -0.895268 -0.444975 0.022180 0.651663 0.782779
  2 17.548669 -1.211928 -0.093212 -0.621519 0.727544 0.290505 0.632094 0.774951
  2 17.544868 -1.245174 -0.098063 -0.704929 -0.650920 -0.281742 0.632094 0.778865
mid.bmp
  2 17.544868 -1.245174 -0.098063 -0.704929 -0.650920 -0.281742 0.632094 0.778865
  2 17.548669 -1.211928 -0.093212 -0.621519 0.727544 0.290505 0.632094 0.774951
  2 17.543663 -1.085590 -0.340917 -0.826225 -0.452148 -0.336028 0.616438 0.771037
mid.bmp
  2 17.548669 -1.211928 -0.093212 -0.621519 0.727544 0.290505 0.632094 0.774951
  2 17.543524 -1.055822 -0.322884 -0.737971 0.460681 0.493124 0.618395 0.767123
  2 17.543663 -1.085590 -0.340917 -0.826225 -0.452148 -0.336028 0.616438 0.771037
mid.bmp
  2 17.543663 -1.085590 -0.340917 -0.826225 -0.452148 -0.336028 0.616438 0.771037
  2 17.543524 -1.055822 -0.322884 -0.737971 0.460681 0.493124 0.618395 0.767123
  2 17.522336 -0.836591 -0.604039 -0.940123 -0.245800 -0.236117 0.600783 0.753425
mid.bmp
  2 17.543524 -1.055822 -0.322884 -0.737971 0.460681 0.493124 0.618395 0.767123
  2 17.522593 -0.809821 -0.578584 -0.711001 0.388013 0.586450 0.602740 0.749511
  2 17.522336 -0.836591 -0.604039 -0.940123 -0.245800 -0.236117 0.600783 0.753425
mid.bmp
  2 17.479026 0.937262 -0.261035 -0.874383 0.462291 0.147451 0.671233 0.823875
  2 17.546036 0.808726 0.274538 -0.879190 0.340770 0.333018 0.624266 0.814090
  2 17.566005 0.818675 0.273027 0.100749 0.907789 0.407148 0.622309 0.819961
mid.bmp
  2 17.566005 0.818675 0.273027 0.100749 0.907789 0.407148 0.622309 0.819961
  2 17.546036 0.808726 0.274538 -0.879190 0.340770 0.333018 0.624266 0.814090
  2 17.630834 0.365244 0.791629 0.254755 0.569718 0.781359 0.573386 0.778865
mid.bmp
  2 17.546036 0.808726 0.274538 -0.879190 0.340770 0.333018 0.624266 0.814090
  2 17.610487 0.360328 0.788187 -0.849293 0.180980 0.495931 0.579256 0.774951
  2 17.630834 0.365244 0.791629 0.254755 0.569718 0.781359 0.573386 0.778865
mid.bmp
  2 17.630834 0.365244 0.791629 0.254755 0.569718 0.781359 0.573386 0.778865
  2 17.610487 0.360328 0.788187 -0.849293 0.180980 0.495931 0.579256 0.774951
  2 17.651098 -0.250764 0.941540 0.294700 0.085287 0.951776 0.559687 0.722114
mid.bmp
  2 17.610487 0.360328 0.788187 -0.849293 0.180980 0.495931 0.579256 0.774951
  2 17.625404 -0.245635 0.933569 -0.793379 -0.060692 0.605695 0.565558 0.722114
  2 17.651098 -0.250764 0.941540 0.294700 0.085287 0.951776 0.559687 0.722114
mid.bmp
  2 17.464894 0.378146 -0.770267 -0.893800 0.013100 -0.448275 0.720157 0.769080
  2 17.454613 0.612882 -0.704558 -0.924321 0.076699 -0.373830 0.710372 0.786693
  2 17.491925 0.380961 -0.784760 0.025726 0.052585 -0.998285 0.724070 0.772994
mid.bmp
  2 17.491925 0.380961 -0.784760 0.025726 0.052585 -0.998285 0.724070 0.772994
  2 17.454613 0.612882 -0.704558 -0.924321 0.076699 -0.373830 0.710372 0.786693
  2 17.478989 0.621521 -0.709944 -0.022012 0.484553 -0.874485 0.714286 0.792564
mid.bmp
  2 17.454613 0.612882 -0.704558 -0.924321 0.076699 -0.373830 0.710372 0.786693
  2 17.448416 0.755972 -0.606485 -0.794788 0.461178 -0.394496 0.702544 0.806262
  2 17.478989 0.621521 -0.709944 -0.022012 0.484553 -0.874485 0.714286 0.792564
mid.bmp
  2 17.478989 0.621521 -0.709944 -0.022012 0.484553 -0.874485 0.714286 0.792564
  2 17.448416 0.755972 -0.606485 -0.794788 0.461178 -0.394496 0.702544 0.806262
  2 17.477342 0.777825 -0.594906 -0.006585 0.725982 -0.687682 0.706458 0.812133
mid.bmp
  2 17.448416 0.755972 -0.606485 -0.794788 0.461178 -0.394496 0.702544 0.806262
  2 17.491774 0.900025 -0.416051 -0.029570 0.875293 -0.482689 0.690802 0.821918
  2 17.477342 0.777825 -0.594906 -0.006585 0.725982 -0.687682 0.706458 0.812133
mid.bmp
  2 17.904019 -1.056784 -0.339479 -0.244733 -0.747954 -0.616985 0.283757 0.888454
  2 17.870724 -0.764383 -0.598152 -0.298966 -0.561228 -0.771779 0.242661 0.888454
  2 18.228895 -1.075736 -0.416788 -0.040374 -0.701962 -0.711069 0.287671 0.843444
mid.bmp
  2 18.228895 -1.075736 -0.416788 -0.040374 -0.701962 -0.711069 0.287671 0.843444
  2 17.870724 -0.764383 -0.598152 -0.298966 -0.561228 -0.771779 0.242661 0.888454
  2 18.215815 -0.774321 -0.666766 0.053911 -0.479472 -0.875900 0.244618 0.843444
mid.bmp
  2 17.870724 -0.764383 -0.598152 -0.298966 -0.561228 -0.771779 0.242661 0.888454
  2 17.847820 -0.405840 -0.755222 -0.240943 -0.153329 -0.958351 0.201566 0.890411
  2 18.215815 -0.774321 -0.666766 0.053911 -0.479472 -0.875900 0.244618 0.843444
mid.bmp
  2 18.215815 -0.774321 -0.666766 0.053911 -0.479472 -0.875900 0.244618 0.843444
  2 17.847820 -0.405840 -0.755222 -0.240943 -0.153329 -0.958351 0.201566 0.890411
  2 18.204100 -0.393256 -0.816715 0.046013 -0.147094 -0.988052 0.199609 0.841487
mid.bmp
  2 17.847820 -0.405840 -0.755222 -0.240943 -0.153329 -0.958351 0.201566 0.890411
  2 18.218496 0.408798 -0.832761 -0.002570 0.039403 -0.999220 0.091977 0.839530
  2 18.204100 -0.393256 -0.816715 0.046013 -0.147094 -0.988052 0.199609 0.841487
mid.bmp
  1 12.294101 -0.739041 -0.894142 0.036004 -0.484902 -0.873827 0.121331 0.338552
  1 14.164887 -0.301688 -0.935163 0.070600 -0.233561 -0.969776 0.144814 0.228963
  1 14.219638 -0.739012 -0.714566 0.072312 -0.636479 -0.767897 0.119374 0.227006
mid.bmp
  1 12.294101 -0.739041 -0.894142 0.036004 -0.484902 -0.873827 0.121331 0.338552
  1 14.150638 0.300613 -1.004606 0.062578 0.226250 -0.972057 0.183953 0.230920
  1 14.164887 -0.301688 -0.935163 0.070600 -0.233561 -0.969776 0.144814 0.228963
mid.bmp
  1 12.294101 -0.739041 -0.894142 0.036004 -0.484902 -0.873827 0.121331 0.338552
  1 12.193601 0.231066 -1.100895 0.004954 0.241002 -0.970512 0.170254 0.340509
  1 14.150638 0.300613 -1.004606 0.062578 0.226250 -0.972057 0.183953 0.230920
mid.bmp
  1 12.294101 -0.739041 -0.894142 0.036004 -0.484902 -0.873827 0.121331 0.338552
  1 9.605131 0.104031 -1.120034 -0.022405 0.050310 -0.998482 0.170254 0.469667
  1 12.193601 0.231066 -1.100895 0.004954 0.241002 -0.970512 0.170254 0.340509
mid.bmp
  1 12.294101 -0.739041 -0.894142 0.036004 -0.484902 -0.873827 0.121331 0.338552
  1 9.694284 -0.937356 -0.865521 0.038578 -0.536752 -0.842857 0.107632 0.471624
  1 9.605131 0.104031 -1.120034 -0.022405 0.050310 -0.998482 0.170254 0.469667
mid.bmp
  1 16.237784 -1.119484 0.211351 0.040976 -0.994202 -0.099416 0.072407 0.107632
  2 17.780735 -1.117768 0.353532 0.030904 -0.897923 0.439066 0.056751 0.015656
  1 16.328999 -1.076742 0.395107 0.064075 -0.857924 0.509766 0.060665 0.107632
mid.bmp
  1 16.237784 -1.119484 0.211351 0.040976 -0.994202 -0.099416 0.072407 0.107632
  2 17.713393 -1.182317 0.178081 -0.024917 -0.998602 0.046609 0.068493 0.017613
  2 17.780735 -1.117768 0.353532 0.030904 -0.897923 0.439066 0.056751 0.015656
mid.bmp
  1 16.237784 -1.119484 0.211351 0.040976 -0.994202 -0.099416 0.072407 0.107632
  2 17.688907 -1.136374 -0.094194 -0.074443 -0.920291 -0.384086 0.086106 0.019569
  2 17.713393 -1.182317 0.178081 -0.024917 -0.998602 0.046609 0.068493 0.017613
mid.bmp
  1 16.237784 -1.119484 0.211351 0.040976 -0.994202 -0.099416 0.072407 0.107632
  1 16.192675 -0.999740 -0.170431 0.030362 -0.867395 -0.496693 0.099804 0.111546
  2 17.688907 -1.136374 -0.094194 -0.074443 -0.920291 -0.384086 0.086106 0.019569
mid.bmp
  1 16.237784 -1.119484 0.211351 0.040976 -0.994202 -0.099416 0.072407 0.107632
  1 14.307584 -1.229772 -0.151568 0.070184 -0.936481 -0.343623 0.080235 0.221135
  1 16.192675 -0.999740 -0.170431 0.030362 -0.867395 -0.496693 0.099804 0.111546
mid.bmp
  24 -23.879616 0.091913 0.037736 -0.065186 0.955075 -0.289108 0.970646 0.524462
  25 -24.577472 -0.085764 -0.043044 -0.204804 0.711919 -0.671734 0.941292 0.395303
  25 -24.577673 0.045948 0.140687 -0.150273 0.945209 -0.289823 0.962818 0.391389
mid.bmp
  25 -24.577673 0.045948 0.140687 -0.150273 0.945209 -0.289823 0.962818 0.391389
  25 -24.577472 -0.085764 -0.043044 -0.204804 0.711919 -0.671734 0.941292 0.395303
  25 -24.718204 -0.004562 0.179272 -0.700567 0.657228 -0.277953 0.949119 0.369863
mid.bmp
  25 -24.577472 -0.085764 -0.043044 -0.204804 0.711919 -0.671734 0.941292 0.395303
  25 -24.664381 -0.170616 -0.029578 -0.847110 -0.133649 -0.514337 0.925636 0.385519
  25 -24.718204 -0.004562 0.179272 -0.700567 0.657228 -0.277953 0.949119 0.369863
mid.bmp
  25 -24.718204 -0.004562 0.179272 -0.700567 0.657228 -0.277953 0.949119 0.369863
  25 -24.664381 -0.170616 -0.029578 -0.847110 -0.133649 -0.514337 0.925636 0.385519
  25 -24.759671 -0.093713 0.254201 -0.994940 -0.097768 -0.023150 0.925636 0.365949
mid.bmp
  25 -24.664381 -0.170616 -0.029578 -0.847110 -0.133649 -0.514337 0.925636 0.385519
  25 -24.697167 -0.248207 0.304107 -0.850390 -0.520453 0.077232 0.904110 0.373777
  25 -24.759671 -0.093713 0.254201 -0.994940 -0.097768 -0.023150 0.925636 0.365949
mid.bmp
  27 -23.307159 -1.227618 0.197876 -0.119938 0.315853 0.941197 0.921722 0.814090
  27 -23.284379 -1.394269 0.172428 0.046281 -0.491147 0.869846 0.949119 0.818004
  27 -22.309059 -1.193626 0.204872 0.059190 -0.472767 0.879197 0.951076 0.964775
mid.bmp
  27 -23.307159 -1.227618 0.197876 -0.119938 0.315853 0.941197 0.921722 0.814090
  28 -23.657183 -1.470365 0.118675 0.010211 -0.373982 0.927380 0.949119 0.747554
  27 -23.284379 -1.394269 0.172428 0.046281 -0.491147 0.869846 0.949119 0.818004
mid.bmp
  27 -23.307159 -1.227618 0.197876 -0.119938 0.315853 0.941197 0.921722 0.814090
  28 -23.648456 -1.322877 0.166459 -0.165953 0.304604 0.937911 0.921722 0.751468
  28 -23.657183 -1.470365 0.118675 0.010211 -0.373982 0.927380 0.949119 0.747554
mid.bmp
  27 -23.307159 -1.227618 0.197876 -0.119938 0.315853 0.941197 0.921722 0.814090
  28 -23.712202 -1.194699 0.020624 -0.272027 0.820686 0.502470 0.896282 0.747554
  28 -23.648456 -1.322877 0.166459 -0.165953 0.304604 0.937911 0.921722 0.751468
mid.bmp
  27 -23.307159 -1.227618 0.197876 -0.119938 0.315853 0.941197 0.921722 0.814090
  27 -23.327864 -1.095621 0.071176 -0.215550 0.833369 0.508955 0.894325 0.814090
  28 -23.712202 -1.194699 0.020624 -0.272027 0.820686 0.502470 0.896282 0.747554
mid.bmp
  22 -23.813762 1.171601 0.216547 -0.095823 0.137950 0.985793 0.949119 0.747554
  21 -23.415398 1.076644 0.286258 -0.077390 -0.121839 0.989528 0.949119 0.818004
  21 -23.383992 1.213938 0.263679 0.007129 0.447321 0.894345 0.921722 0.814090
mid.bmp
  21 -23.383992 1.213938 0.263679 0.007129 0.447321 0.894345 0.921722 0.814090
  21 -23.415398 1.076644 0.286258 -0.077390 -0.121839 0.989528 0.949119 0.818004
  21 -22.260875 1.003951 0.288860 0.036815 0.390351 0.919930 0.919765 0.964775
mid.bmp
  21 -23.415398 1.076644 0.286258 -0.077390 -0.121839 0.989528 0.949119 0.818004
  21 -22.354955 0.849932 0.306488 -0.132227 -0.315679 0.939608 0.951076 0.964775
  21 -22.260875 1.003951 0.288860 0.036815 0.390351 0.919930 0.919765 0.964775
mid.bmp
  21 -22.260875 1.003951 0.288860 0.036815 0.390351 0.919930 0.919765 0.964775
  21 -22.354955 0.849932 0.306488 -0.132227 -0.315679 0.939608 0.951076 0.964775
  20 -22.255098 0.834309 0.357315 -0.393928 -0.027999 0.918715 0.951076 0.982387
mid.bmp
  21 -22.354955 0.849932 0.306488 -0.132227 -0.315679 0.939608 0.951076 0.964775
  20 -22.327766 0.613381 0.215059 -0.450394 -0.847675 0.280345 0.978474 0.988258
  20 -22.255098 0.834309 0.357315 -0.393928 -0.027999 0.918715 0.951076 0.982387
mid.bmp
  34 -19.879158 -3.137713 0.297733 0.603546 -0.281264 0.746071 0.524462 0.976517
  33 -20.127869 -3.083387 0.418858 -0.012364 -0.138384 0.990301 0.499022 0.974560
  33 -20.115699 -3.076198 0.398448 -0.291889 -0.834200 -0.467879 0.497065 0.982387
mid.bmp
  33 -20.115699 -3.076198 0.398448 -0.291889 -0.834200 -0.467879 0.497065 0.982387
  33 -20.127869 -3.083387 0.418858 -0.012364 -0.138384 0.990301 0.499022 0.974560
  33 -20.358319 -2.972006 0.301214 -0.670923 -0.041695 0.740354 0.473581 0.964775
mid.bmp
  33 -20.127869 -3.083387 0.418858 -0.012364 -0.138384 0.990301 0.499022 0.974560
  33 -20.317615 -2.538780 0.335725 -0.691851 0.004215 0.722028 0.471624 0.921722
  33 -20.358319 -2.972006 0.301214 -0.670923 -0.041695 0.740354 0.473581 0.964775
mid.bmp
  33 -20.358319 -2.972006 0.301214 -0.670923 -0.041695 0.740354 0.473581 0.964775
  33 -20.317615 -2.538780 0.335725 -0.691851 0.004215 0.722028 0.471624 0.921722
  33 -20.479859 -2.957622 0.112801 -0.979501 0.043965 0.196581 0.452055 0.962818
mid.bmp
  33 -20.317615 -2.538780 0.335725 -0.691851 0.004215 0.722028 0.471624 0.921722
  33 -20.439872 -2.546004 0.100600 -0.964821 0.075682 0.251779 0.444227 0.921722
  33 -20.479859 -2.957622 0.112801 -0.979501 0.043965 0.196581 0.452055 0.962818
mid.bmp
  32 -20.374352 -1.561895 0.371873 -0.681406 -0.480852 0.551786 0.784736 0.033268
  26 -20.807706 -1.365402 0.066294 -0.305283 -0.829610 0.467492 0.763209 0.060665
  32 -20.406732 -1.596207 0.070783 -0.836936 -0.361000 -0.411360 0.763209 0.021526
mid.bmp
  32 -20.406732 -1.596207 0.070783 -0.836936 -0.361000 -0.411360 0.763209 0.021526
  26 -20.807706 -1.365402 0.066294 -0.305283 -0.829610 0.467492 0.763209 0.060665
  19 -20.825095 -1.359475 -0.156145 -0.357459 -0.489426 -0.795415 0.741683 0.039139
mid.bmp
  26 -20.807706 -1.365402 0.066294 -0.305283 -0.829610 0.467492 0.763209 0.060665
  26 -21.166395 -1.282103 0.035074 -0.002867 -0.976801 0.214129 0.722114 0.064579
  19 -20.825095 -1.359475 -0.156145 -0.357459 -0.489426 -0.795415 0.741683 0.039139
mid.bmp
  19 -20.825095 -1.359475 -0.156145 -0.357459 -0.489426 -0.795415 0.741683 0.039139
  26 -21.166395 -1.282103 0.035074 -0.002867 -0.976801 0.214129 0.722114 0.064579
  26 -21.201953 -1.281332 -0.303322 -0.020370 -0.520541 -0.853594 0.710372 0.039139
mid.bmp
  26 -21.166395 -1.282103 0.035074 -0.002867 -0.976801 0.214129 0.722114 0.064579
  26 -22.065481 -1.347382 -0.269925 0.039570 -0.887600 -0.458913 0.643836 0.029354
  26 -21.201953 -1.281332 -0.303322 -0.020370 -0.520541 -0.853594 0.710372 0.039139
mid.bmp
  19 -20.889592 0.064170 -0.531132 -0.180727 -0.240845 -0.953589 0.622309 0.551859
  23 -21.527029 -0.453406 -0.258147 -0.176861 -0.755455 -0.630879 0.589041 0.614481
  23 -21.518709 -0.054804 -0.377109 -0.186666 0.490563 -0.851178 0.577299 0.583170
mid.bmp
  23 -21.518709 -0.054804 -0.377109 -0.186666 0.490563 -0.851178 0.577299 0.583170
  23 -21.527029 -0.453406 -0.258147 -0.176861 -0.755455 -0.630879 0.589041 0.614481
  23 -22.506062 -0.064433 -0.247201 -0.148129 0.038567 -0.988216 0.502935 0.610568
mid.bmp
  23 -21.527029 -0.453406 -0.258147 -0.176861 -0.755455 -0.630879 0.589041 0.614481
  23 -22.525315 -0.353555 -0.182304 -0.171139 -0.725919 -0.666148 0.514677 0.639922
  23 -22.506062 -0.064433 -0.247201 -0.148129 0.038567 -0.988216 0.502935 0.610568
mid.bmp
  23 -22.506062 -0.064433 -0.247201 -0.148129 0.038567 -0.988216 0.502935 0.610568
  23 -22.525315 -0.353555 -0.182304 -0.171139 -0.725919 -0.666148 0.514677 0.639922
  23 -22.536521 -0.059190 -0.199269 -0.770891 0.014911 -0.636792 0.500978 0.614481
mid.bmp
  23 -22.525315 -0.353555 -0.182304 -0.171139 -0.725919 -0.666148 0.514677 0.639922
  23 -22.566159 -0.335128 -0.151572 -0.721944 -0.509741 -0.467932 0.508806 0.639922
  23 -22.536521 -0.059190 -0.199269 -0.770891 0.014911 -0.636792 0.500978 0.614481
mid.bmp
  19 -20.884979 -0.579112 -0.386034 -0.183890 -0.172251 -0.967736 0.643836 0.606654
  26 -21.201953 -1.281332 -0.303322 -0.020370 -0.520541 -0.853594 0.643836 0.673190
  26 -21.391743 -0.898863 -0.363912 -0.191400 0.454902 -0.869730 0.614481 0.647750
mid.bmp
  26 -21.391743 -0.898863 -0.363912 -0.191400 0.454902 -0.869730 0.614481 0.647750
  26 -21.201953 -1.281332 -0.303322 -0.020370 -0.520541 -0.853594 0.643836 0.673190
  26 -22.166018 -1.008531 -0.378726 -0.043056 0.081979 -0.995704 0.553816 0.681018
mid.bmp
  26 -21.201953 -1.281332 -0.303322 -0.020370 -0.520541 -0.853594 0.643836 0.673190
  26 -22.065481 -1.347382 -0.269925 0.039570 -0.887600 -0.458913 0.575342 0.708415
  26 -22.166018 -1.008531 -0.378726 -0.043056 0.081979 -0.995704 0.553816 0.681018
mid.bmp
  26 -22.166018 -1.008531 -0.378726 -0.043056 0.081979 -0.995704 0.553816 0.681018
  26 -22.065481 -1.347382 -0.269925 0.039570 -0.887600 -0.458913 0.575342 0.708415
  26 -22.204050 -1.020152 -0.358500 -0.464815 -0.167932 -0.869336 0.551859 0.684932
mid.bmp
  26 -22.065481 -1.347382 -0.269925 0.039570 -0.887600 -0.458913 0.575342 0.708415
  26 -22.119779 -1.339205 -0.245236 -0.424868 -0.766896 -0.480997 0.569472 0.708415
  26 -22.204050 -1.020152 -0.358500 -0.464815 -0.167932 -0.869336 0.551859 0.684932
mid.bmp
  19 -18.276135 0.398542 -0.822878 0.152418 0.047629 -0.987168 0.821918 0.438356
  19 -18.581908 -0.186086 -0.895431 0.086897 -0.090412 -0.992106 0.818004 0.499022
  19 -18.566147 0.578128 -0.870835 0.244399 0.322298 -0.914545 0.794521 0.432485
mid.bmp
  19 -18.566147 0.578128 -0.870835 0.244399 0.322298 -0.914545 0.794521 0.432485
  19 -18.581908 -0.186086 -0.895431 0.086897 -0.090412 -0.992106 0.818004 0.499022
  19 -19.084908 0.661788 -0.977036 0.064974 0.046299 -0.996812 0.747554 0.444227
mid.bmp
  19 -18.581908 -0.186086 -0.895431 0.086897 -0.090412 -0.992106 0.818004 0.499022
  19 -19.110387 -0.091873 -0.869721 -0.154986 -0.205920 -0.966218 0.771037 0.506849
  19 -19.084908 0.661788 -0.977036 0.064974 0.046299 -0.996812 0.747554 0.444227
mid.bmp
  19 -19.084908 0.661788 -0.977036 0.064974 0.046299 -0.996812 0.747554 0.444227
  19 -19.110387 -0.091873 -0.869721 -0.154986 -0.205920 -0.966218 0.771037 0.506849
  19 -19.642167 0.275360 -0.887040 -0.185212 -0.307518 -0.933343 0.714286 0.495108
mid.bmp
  19 -19.110387 -0.091873 -0.869721 -0.154986 -0.205920 -0.966218 0.771037 0.506849
  19 -19.855922 -0.058067 -0.601135 -0.212331 -0.193865 -0.957775 0.710372 0.528376
  19 -19.642167 0.275360 -0.887040 -0.185212 -0.307518 -0.933343 0.714286 0.495108
mid.bmp
  26 -22.312184 -0.810291 -0.125119 -0.663490 0.537448 -0.520509 0.604697 0.107632
  26 -22.308428 -0.866408 0.095221 -0.861537 0.453693 0.227851 0.606654 0.101761
  26 -22.292065 -0.777765 -0.117749 -0.177193 0.853339 -0.490321 0.614481 0.111546
mid.bmp
  26 -22.292065 -0.777765 -0.117749 -0.177193 0.853339 -0.490321 0.614481 0.111546
  26 -22.308428 -0.866408 0.095221 -0.861537 0.453693 0.227851 0.606654 0.101761
  26 -22.294579 -0.854570 0.119001 -0.321269 0.660670 0.678455 0.614481 0.103718
mid.bmp
  26 -22.308428 -0.866408 0.095221 -0.861537 0.453693 0.227851 0.606654 0.101761
  26 -22.285050 -1.013764 0.237947 -0.919206 0.026810 0.392862 0.610568 0.086106
  26 -22.294579 -0.854570 0.119001 -0.321269 0.660670 0.678455 0.614481 0.103718
mid.bmp
  26 -22.294579 -0.854570 0.119001 -0.321269 0.660670 0.678455 0.614481 0.103718
  26 -22.285050 -1.013764 0.237947 -0.919206 0.026810 0.392862 0.610568 0.086106
  26 -22.272984 -1.002649 0.269055 -0.223481 0.307045 0.925083 0.618395 0.090020
mid.bmp
  26 -22.285050 -1.013764 0.237947 -0.919206 0.026810 0.392862 0.610568 0.086106
  26 -22.222169 -1.170870 0.227180 -0.796297 -0.453201 0.400650 0.620352 0.066536
  26 -22.272984 -1.002649 0.269055 -0.223481 0.307045 0.925083 0.618395 0.090020
mid.bmp
  19 -17.498554 0.913788 -0.319455 -0.009165 0.992722 0.120081 0.021526 0.947162
  19 -17.491229 0.869717 -0.451577 0.027116 0.868417 -0.495093 0.039139 0.947162
  19 -17.917760 0.901180 -0.367462 -0.061409 0.985153 0.160317 0.025440 0.890411
mid.bmp
  19 -17.917760 0.901180 -0.367462 -0.061409 0.985153 0.160317 0.025440 0.890411
  19 -17.491229 0.869717 -0.451577 0.027116 0.868417 -0.495093 0.039139 0.947162
  19 -17.900998 0.865307 -0.467487 0.061252 0.849537 -0.523961 0.043053 0.890411
mid.bmp
  19 -17.491229 0.869717 -0.451577 0.027116 0.868417 -0.495093 0.039139 0.947162
  19 -17.888758 0.731622 -0.638989 0.048262 0.744469 -0.665910 0.060665 0.890411
  19 -17.900998 0.865307 -0.467487 0.061252 0.849537 -0.523961 0.043053 0.890411
mid.bmp
  19 -17.900998 0.865307 -0.467487 0.061252 0.849537 -0.523961 0.043053 0.890411
  19 -17.888758 0.731622 -0.638989 0.048262 0.744469 -0.665910 0.060665 0.890411
  19 -17.905103 0.880358 -0.482706 0.122640 0.829054 -0.545553 0.039139 0.884540
mid.bmp
  19 -17.888758 0.731622 -0.638989 0.048262 0.744469 -0.665910 0.060665 0.890411
  19 -17.892362 0.745069 -0.661710 0.077229 0.701801 -0.708175 0.058708 0.884540
  19 -17.905103 0.880358 -0.482706 0.122640 0.829054 -0.545553 0.039139 0.884540
mid.bmp
  23 -22.575631 -0.448170 0.195678 -0.051781 -0.976199 0.210602 0.587084 0.131115
  23 -22.596913 -0.208622 0.335756 -0.093424 -0.313984 0.944820 0.583170 0.154599
  23 -22.590636 -0.416549 0.182323 -0.896433 -0.406481 0.176582 0.581213 0.131115
mid.bmp
  23 -22.590636 -0.416549 0.182323 -0.896433 -0.406481 0.176582 0.581213 0.131115
  23 -22.596913 -0.208622 0.335756 -0.093424 -0.313984 0.944820 0.583170 0.154599
  23 -22.614932 -0.200920 0.310780 -0.802998 -0.173046 0.570307 0.573386 0.154599
mid.bmp
  23 -22.596913 -0.208622 0.335756 -0.093424 -0.313984 0.944820 0.583170 0.154599
  23 -22.609413 -0.037515 0.320463 -0.122108 0.363649 0.923498 0.581213 0.176125
  23 -22.614932 -0.200920 0.310780 -0.802998 -0.173046 0.570307 0.573386 0.154599
mid.bmp
  23 -22.614932 -0.200920 0.310780 -0.802998 -0.173046 0.570307 0.573386 0.154599
  23 -22.609413 -0.037515 0.320463 -0.122108 0.363649 0.923498 0.581213 0.176125
  23 -22.629875 -0.042459 0.298434 -0.735692 0.262266 0.624479 0.571429 0.176125
mid.bmp
  23 -22.609413 -0.037515 0.320463 -0.122108 0.363649 0.923498 0.581213 0.176125
  23 -22.614003 0.101783 0.184747 -0.892373 0.394930 0.218403 0.569472 0.191781
  23 -22.629875 -0.042459 0.298434 -0.735692 0.262266 0.624479 0.571429 0.176125
mid.bmp
  19 -20.245063 1.531261 -0.658660 0.246498 0.850794 -0.464099 0.622309 0.401174
  29 -20.712015 1.441784 -0.438700 -0.030077 0.368425 -0.929171 0.594912 0.432485
  29 -20.673539 1.645625 -0.152543 0.249596 0.922673 -0.293899 0.585127 0.393346
mid.bmp
  29 -20.673539 1.645625 -0.152543 0.249596 0.922673 -0.293899 0.585127 0.393346
  29 -20.712015 1.441784 -0.438700 -0.030077 0.368425 -0.929171 0.594912 0.432485
  29 -21.532369 1.933284 -0.110023 0.219848 0.845858 -0.485996 0.508806 0.399217
mid.bmp
  29 -20.712015 1.441784 -0.438700 -0.030077 0.368425 -0.929171 0.594912 0.432485
  29 -21.571843 1.773946 -0.306093 -0.077227 0.241551 -0.967310 0.510763 0.432485
  29 -21.532369 1.933284 -0.110023 0.219848 0.845858 -0.485996 0.508806 0.399217
mid.bmp
  29 -21.532369 1.933284 -0.110023 0.219848 0.845858 -0.485996 0.508806 0.399217
  29 -21.571843 1.773946 -0.306093 -0.077227 0.241551 -0.967310 0.510763 0.432485
  29 -21.563160 1.907514 -0.082763 -0.718124 0.634572 -0.285686 0.504892 0.399217
mid.bmp
  29 -21.571843 1.773946 -0.306093 -0.077227 0.241551 -0.967310 0.510763 0.432485
  29 -21.584273 1.789777 -0.259671 -0.601554 0.533021 -0.594997 0.504892 0.430528
  29 -21.563160 1.907514 -0.082763 -0.718124 0.634572 -0.285686 0.504892 0.399217
mid.bmp
  19 -18.284512 0.397680 -0.861469 -0.027777 0.035514 -0.998983 0.091977 0.839530
  19 -17.877883 -0.418599 -0.793210 0.203523 -0.158949 -0.966082 0.201566 0.890411
  19 -18.229046 -0.407799 -0.844660 -0.036121 -0.142687 -0.989108 0.199609 0.841487
mid.bmp
  19 -18.229046 -0.407799 -0.844660 -0.036121 -0.142687 -0.989108 0.199609 0.841487
  19 -17.877883 -0.418599 -0.793210 0.203523 -0.158949 -0.966082 0.201566 0.890411
  19 -18.243083 -0.796435 -0.695896 -0.056370 -0.473019 -0.879247 0.244618 0.843444
mid.bmp
  19 -17.877883 -0.418599 -0.793210 0.203523 -0.158949 -0.966082 0.201566 0.890411
  19 -17.891810 -0.796213 -0.629054 0.285932 -0.547677 -0.786316 0.242661 0.888454
  19 -18.243083 -0.796435 -0.695896 -0.056370 -0.473019 -0.879247 0.244618 0.843444
mid.bmp
  19 -18.243083 -0.796435 -0.695896 -0.056370 -0.473019 -0.879247 0.244618 0.843444
  19 -17.891810 -0.796213 -0.629054 0.285932 -0.547677 -0.786316 0.242661 0.888454
  19 -18.235505 -1.119613 -0.437324 0.025462 -0.693329 -0.720172 0.287671 0.843444
mid.bmp
  19 -17.891810 -0.796213 -0.629054 0.285932 -0.547677 -0.786316 0.242661 0.888454
  19 -17.917829 -1.103561 -0.361691 0.257766 -0.739286 -0.622103 0.283757 0.888454
  19 -18.235505 -1.119613 -0.437324 0.025462 -0.693329 -0.720172 0.287671 0.843444
mid.bmp
  19 -17.523057 -0.835375 -0.606219 0.718021 0.388856 0.577267 0.602740 0.749511
  19 -17.555248 -1.099667 -0.368385 0.749307 0.430829 0.502917 0.618395 0.767123
  19 -17.532317 -0.869521 -0.641456 0.931210 -0.250899 -0.264383 0.600783 0.753425
mid.bmp
  19 -17.532317 -0.869521 -0.641456 0.931210 -0.250899 -0.264383 0.600783 0.753425
  19 -17.555248 -1.099667 -0.368385 0.749307 0.430829 0.502917 0.618395 0.767123
  19 -17.549801 -1.122101 -0.382646 0.858306 -0.402355 -0.318467 0.616438 0.771037
mid.bmp
  19 -17.555248 -1.099667 -0.368385 0.749307 0.430829 0.502917 0.618395 0.767123
  19 -17.555612 -1.256551 -0.132633 0.609593 0.745578 0.269276 0.632094 0.774951
  19 -17.549801 -1.122101 -0.382646 0.858306 -0.402355 -0.318467 0.616438 0.771037
mid.bmp
  19 -17.549801 -1.122101 -0.382646 0.858306 -0.402355 -0.318467 0.616438 0.771037
  19 -17.555612 -1.256551 -0.132633 0.609593 0.745578 0.269276 0.632094 0.774951
  19 -17.551342 -1.286781 -0.137474 0.701880 -0.658596 -0.271323 0.632094 0.778865
mid.bmp
  19 -17.555612 -1.256551 -0.132633 0.609593 0.745578 0.269276 0.632094 0.774951
  19 -17.577173 -1.337238 0.156416 0.880644 -0.473087 0.025575 0.651663 0.782779
  19 -17.551342 -1.286781 -0.137474 0.701880 -0.658596 -0.271323 0.632094 0.778865
mid.bmp
  19 -17.597042 -0.276428 0.881400 0.758332 -0.061536 0.648958 0.565558 0.722114
  19 -17.594886 0.326326 0.735372 0.839876 0.183805 0.510710 0.579256 0.774951
  19 -17.630587 -0.283983 0.892130 -0.269722 0.088187 0.958892 0.559687 0.722114
mid.bmp
  19 -17.630587 -0.283983 0.892130 -0.269722 0.088187 0.958892 0.559687 0.722114
  19 -17.594886 0.326326 0.735372 0.839876 0.183805 0.510710 0.579256 0.774951
  19 -17.615390 0.336361 0.744255 -0.242903 0.566707 0.787300 0.573386 0.778865
mid.bmp
  19 -17.594886 0.326326 0.735372 0.839876 0.183805 0.510710 0.579256 0.774951
  19 -17.534640 0.777482 0.224046 0.905516 0.300460 0.299608 0.624266 0.814090
  19 -17.615390 0.336361 0.744255 -0.242903 0.566707 0.787300 0.573386 0.778865
mid.bmp
  19 -17.615390 0.336361 0.744255 -0.242903 0.566707 0.787300 0.573386 0.778865
  19 -17.534640 0.777482 0.224046 0.905516 0.300460 0.299608 0.624266 0.814090
  19 -17.554580 0.787541 0.222945 -0.089027 0.909690 0.405632 0.622309 0.819961
mid.bmp
  19 -17.534640 0.777482 0.224046 0.905516 0.300460 0.299608 0.624266 0.814090
  19 -17.473918 0.898701 -0.313093 0.899613 0.415236 0.135186 0.671233 0.823875
  19 -17.554580 0.787541 0.222945 -0.089027 0.909690 0.405632 0.622309 0.819961
mid.bmp
  18 -12.300085 -0.803450 -0.947698 -0.039591 -0.491672 -0.869880 0.121331 0.338552
  18 -9.606521 0.031167 -1.185936 0.025102 0.041189 -0.998836 0.170254 0.469667
  18 -9.699577 -1.009055 -0.908056 -0.037101 -0.544373 -0.838023 0.107632 0.471624
mid.bmp
  18 -12.300085 -0.803450 -0.947698 -0.039591 -0.491672 -0.869880 0.121331 0.338552
  18 -12.197310 0.183671 -1.155852 -0.008155 0.243503 -0.969866 0.170254 0.340509
  18 -9.606521 0.031167 -1.185936 0.025102 0.041189 -0.998836 0.170254 0.469667
mid.bmp
  18 -12.300085 -0.803450 -0.947698 -0.039591 -0.491672 -0.869880 0.121331 0.338552
  18 -14.153681 0.244253 -1.053183 -0.064683 0.227329 -0.971667 0.183953 0.230920
  18 -12.197310 0.183671 -1.155852 -0.008155 0.243503 -0.969866 0.170254 0.340509
mid.bmp
  18 -12.300085 -0.803450 -0.947698 -0.039591 -0.491672 -0.869880 0.121331 0.338552
  18 -14.166170 -0.354495 -0.979836 -0.074602 -0.234879 -0.969157 0.144814 0.228963
  18 -14.153681 0.244253 -1.053183 -0.064683 0.227329 -0.971667 0.183953 0.230920
mid.bmp
  18 -12.300085 -0.803450 -0.947698 -0.039591 -0.491672 -0.869880 0.121331 0.338552
  18 -14.216219 -0.789766 -0.763819 -0.075976 -0.639944 -0.764656 0.119374 0.227006
  18 -14.166170 -0.354495 -0.979836 -0.074602 -0.234879 -0.969157 0.144814 0.228963
mid.bmp
  13 22.426899 2.166989 -0.126934 -0.102682 0.483998 -0.869024 0.943249 0.534247
  13 22.394649 2.293021 0.027894 -0.339717 0.878832 -0.335034 0.970646 0.524462
  14 22.536190 2.230868 -0.092537 -0.126046 0.499272 -0.857228 0.941292 0.510763
mid.bmp
  14 22.536190 2.230868 -0.092537 -0.126046 0.499272 -0.857228 0.941292 0.510763
  13 22.394649 2.293021 0.027894 -0.339717 0.878832 -0.335034 0.970646 0.524462
  14 22.977791 2.423577 -0.034747 -0.111149 0.692403 -0.712898 0.941292 0.395303
mid.bmp
  13 22.394649 2.293021 0.027894 -0.339717 0.878832 -0.335034 0.970646 0.524462
  14 22.961532 2.499183 0.061481 -0.278276 0.912063 -0.301170 0.962818 0.391389
  14 22.977791 2.423577 -0.034747 -0.111149 0.692403 -0.712898 0.941292 0.395303
mid.bmp
  14 22.977791 2.423577 -0.034747 -0.111149 0.692403 -0.712898 0.941292 0.395303
  14 22.961532 2.499183 0.061481 -0.278276 0.912063 -0.301170 0.962818 0.391389
  14 23.033829 2.506538 0.088817 0.379027 0.893079 -0.242381 0.949119 0.369863
mid.bmp
  14 22.760575 2.362241 0.189834 -0.170313 0.418863 0.891934 0.921722 0.751468
  13 22.518568 2.246963 0.217323 -0.191774 0.386605 0.902086 0.921722 0.814090
  14 22.827888 2.285702 0.212820 0.009162 0.112531 0.993606 0.949119 0.747554
mid.bmp
  14 22.827888 2.285702 0.212820 0.009162 0.112531 0.993606 0.949119 0.747554
  13 22.518568 2.246963 0.217323 -0.191774 0.386605 0.902086 0.921722 0.814090
  13 22.551389 2.128433 0.250404 -0.003174 -0.093085 0.995653 0.949119 0.818004
mid.bmp
  13 22.518568 2.246963 0.217323 -0.191774 0.386605 0.902086 0.921722 0.814090
  13 21.783313 1.912828 0.145132 -0.240283 0.340673 0.908959 0.919765 0.964775
  13 22.551389 2.128433 0.250404 -0.003174 -0.093085 0.995653 0.949119 0.818004
mid.bmp
  13 22.551389 2.128433 0.250404 -0.003174 -0.093085 0.995653 0.949119 0.818004
  13 21.783313 1.912828 0.145132 -0.240283 0.340673 0.908959 0.919765 0.964775
  13 21.817930 1.796647 0.179809 0.049025 -0.224934 0.973140 0.951076 0.964775
mid.bmp
  7 23.873368 -0.375030 0.182855 0.023523 -0.987046 0.158703 0.884540 0.530333
  7 22.713105 -0.415995 0.132377 0.005274 -0.954524 0.298087 0.888454 0.628180
  7 23.746598 -0.336169 -0.123794 0.040532 -0.854023 -0.518653 0.904110 0.542074
mid.bmp
  7 23.746598 -0.336169 -0.123794 0.040532 -0.854023 -0.518653 0.904110 0.542074
  7 22.713105 -0.415995 0.132377 0.005274 -0.954524 0.298087 0.888454 0.628180
  7 22.636885 -0.335453 -0.167076 0.026471 -0.582768 -0.812207 0.908023 0.634051
mid.bmp
  7 22.713105 -0.415995 0.132377 0.005274 -0.954524 0.298087 0.888454 0.628180
  6 22.599499 -0.414619 0.157903 -0.014883 -0.992581 0.120670 0.882583 0.643836
  7 22.636885 -0.335453 -0.167076 0.026471 -0.582768 -0.812207 0.908023 0.634051
mid.bmp
  7 22.636885 -0.335453 -0.167076 0.026471 -0.582768 -0.812207 0.908023 0.634051
  6 22.599499 -0.414619 0.157903 -0.014883 -0.992581 0.120670 0.882583 0.643836
  6 22.563162 -0.323188 -0.169444 -0.039164 -0.556541 -0.829896 0.906067 0.645793
mid.bmp
  9 22.315933 -0.860451 0.108678 0.275185 0.839714 0.468139 0.892368 0.986301
  10 22.384762 -0.825158 -0.113542 0.202542 0.876452 -0.436816 0.872798 0.970646
  9 22.310571 -0.801737 -0.119630 0.205847 0.837451 -0.506263 0.872798 0.988258
mid.bmp
  9 22.315933 -0.860451 0.108678 0.275185 0.839714 0.468139 0.892368 0.986301
  10 22.385426 -0.881256 0.104477 0.202237 0.849047 0.488078 0.894325 0.966732
  10 22.384762 -0.825158 -0.113542 0.202542 0.876452 -0.436816 0.872798 0.970646
mid.bmp
  9 22.315933 -0.860451 0.108678 0.275185 0.839714 0.468139 0.892368 0.986301
  10 22.352376 -1.013392 0.241199 0.108811 0.344339 0.932519 0.919765 0.964775
  10 22.385426 -0.881256 0.104477 0.202237 0.849047 0.488078 0.894325 0.966732
mid.bmp
  9 22.315933 -0.860451 0.108678 0.275185 0.839714 0.468139 0.892368 0.986301
  9 22.283805 -1.000608 0.248770 0.186352 0.156070 0.970008 0.919765 0.982387
  10 22.352376 -1.013392 0.241199 0.108811 0.344339 0.932519 0.919765 0.964775
mid.bmp
  3 22.145724 1.142359 0.278127 -0.116358 0.828552 0.547688 0.618395 0.285714
  3 22.119820 1.163347 -0.005073 -0.100410 0.897762 -0.428885 0.622309 0.301370
  2 20.966935 1.005040 -0.140679 0.765422 0.636419 0.095394 0.726027 0.281800
mid.bmp
  3 22.145724 1.142359 0.278127 -0.116358 0.828552 0.547688 0.618395 0.285714
  3 22.151736 1.135986 0.030134 0.772548 0.612362 -0.167874 0.616438 0.301370
  3 22.119820 1.163347 -0.005073 -0.100410 0.897762 -0.428885 0.622309 0.301370
mid.bmp
  3 22.145724 1.142359 0.278127 -0.116358 0.828552 0.547688 0.618395 0.285714
  3 22.180295 1.128454 0.260553 0.501023 0.826324 0.257226 0.612524 0.285714
  3 22.151736 1.135986 0.030134 0.772548 0.612362 -0.167874 0.616438 0.301370
mid.bmp
  3 22.145724 1.142359 0.278127 -0.116358 0.828552 0.547688 0.618395 0.285714
  3 22.198967 1.023371 0.365933 -0.053761 0.426055 0.903099 0.614481 0.272016
  3 22.180295 1.128454 0.260553 0.501023 0.826324 0.257226 0.612524 0.285714
mid.bmp
  12 21.692085 1.721423 0.237880 0.147913 0.082112 0.985586 0.651663 0.330724
  12 21.752717 1.758798 0.183589 0.574229 0.278041 0.770036 0.647750 0.338552
  12 21.624179 1.862802 0.193113 -0.076907 0.396585 0.914771 0.657534 0.354207
mid.bmp
  12 21.692085 1.721423 0.237880 0.147913 0.082112 0.985586 0.651663 0.330724
  12 21.809367 1.579886 0.114200 0.880545 -0.106312 0.461885 0.643836 0.324853
  12 21.752717 1.758798 0.183589 0.574229 0.278041 0.770036 0.647750 0.338552
mid.bmp
  12 21.692085 1.721423 0.237880 0.147913 0.082112 0.985586 0.651663 0.330724
  12 21.804903 1.545512 0.111106 0.578457 -0.813805 0.055756 0.647750 0.318982
  12 21.809367 1.579886 0.114200 0.880545 -0.106312 0.461885 0.643836 0.324853
mid.bmp
  12 21.692085 1.721423 0.237880 0.147913 0.082112 0.985586 0.651663 0.330724
  2 20.966935 1.005040 -0.140679 0.765422 0.636419 0.095394 0.726027 0.281800
  12 21.804903 1.545512 0.111106 0.578457 -0.813805 0.055756 0.647750 0.318982
mid.bmp
  6 22.574154 -0.445899 0.171063 0.045396 -0.983995 0.172316 0.516634 0.659491
  6 22.563162 -0.323188 -0.169444 0.665232 -0.575340 -0.475868 0.508806 0.639922
  6 22.599499 -0.414619 0.157903 0.812991 -0.548961 0.194130 0.510763 0.657534
mid.bmp
  6 22.574154 -0.445899 0.171063 0.045396 -0.983995 0.172316 0.516634 0.659491
  6 22.521643 -0.340385 -0.200944 0.184912 -0.733445 -0.654115 0.514677 0.639922
  6 22.563162 -0.323188 -0.169444 0.665232 -0.575340 -0.475868 0.508806 0.639922
mid.bmp
  6 22.574154 -0.445899 0.171063 0.045396 -0.983995 0.172316 0.516634 0.659491
  6 21.539764 -0.423905 -0.315666 0.174885 -0.756848 -0.629758 0.589041 0.614481
  6 22.521643 -0.340385 -0.200944 0.184912 -0.733445 -0.654115 0.514677 0.639922
mid.bmp
  6 22.574154 -0.445899 0.171063 0.045396 -0.983995 0.172316 0.516634 0.659491
  6 21.161724 -0.403285 0.267421 0.682132 -0.421613 0.597444 0.592955 0.626223
  6 21.539764 -0.423905 -0.315666 0.174885 -0.756848 -0.629758 0.589041 0.614481
mid.bmp
  2 17.626248 -0.994691 0.778201 -0.816754 -0.312981 0.484723 0.694716 0.763209
  2 17.593156 -1.226414 0.362295 -0.768606 0.591924 -0.242634 0.663405 0.776908
  2 17.587928 -1.262436 0.357594 -0.830095 -0.476144 0.290222 0.663405 0.782779
mid.bmp
  2 17.587928 -1.262436 0.357594 -0.830095 -0.476144 0.290222 0.663405 0.782779
  2 17.593156 -1.226414 0.362295 -0.768606 0.591924 -0.242634 0.663405 0.776908
  2 17.570028 -1.300877 0.190620 -0.895268 -0.444975 0.022180 0.651663 0.782779
mid.bmp
  2 17.593156 -1.226414 0.362295 -0.768606 0.591924 -0.242634 0.663405 0.776908
  2 17.574470 -1.270824 0.179984 -0.628407 0.777822 0.009916 0.651663 0.778865
  2 17.570028 -1.300877 0.190620 -0.895268 -0.444975 0.022180 0.651663 0.782779
mid.bmp
  2 17.570028 -1.300877 0.190620 -0.895268 -0.444975 0.022180 0.651663 0.782779
  2 17.574470 -1.270824 0.179984 -0.628407 0.777822 0.009916 0.651663 0.778865
  2 17.548669 -1.211928 -0.093212 -0.621519 0.727544 0.290505 0.632094 0.774951
mid.bmp
  2 18.554320 0.595167 -0.850816 -0.256803 0.297189 -0.919636 0.951076 0.332681
  2 18.568145 0.871665 -0.659822 -0.318267 0.668235 -0.672434 0.947162 0.317025
  2 19.191516 1.076770 -0.734123 -0.264854 0.671083 -0.692459 0.882583 0.342466
mid.bmp
  2 18.554320 0.595167 -0.850816 -0.256803 0.297189 -0.919636 0.951076 0.332681
  2 18.298242 0.776608 -0.600866 -0.206122 0.646575 -0.734475 0.970646 0.309198
  2 18.568145 0.871665 -0.659822 -0.318267 0.668235 -0.672434 0.947162 0.317025
mid.bmp
  2 18.554320 0.595167 -0.850816 -0.256803 0.297189 -0.919636 0.951076 0.332681
  2 18.219777 0.617978 -0.720645 -0.225151 0.491759 -0.841118 0.972603 0.315068
  2 18.298242 0.776608 -0.600866 -0.206122 0.646575 -0.734475 0.970646 0.309198
mid.bmp
  2 18.554320 0.595167 -0.850816 -0.256803 0.297189 -0.919636 0.951076 0.332681
  2 18.221396 0.414088 -0.792243 -0.161191 0.024793 -0.986612 0.974560 0.322896
  2 18.219777 0.617978 -0.720645 -0.225151 0.491759 -0.841118 0.972603 0.315068
mid.bmp
  2 18.251652 0.945257 -0.321944 -0.194564 0.946680 0.256791 0.966732 0.295499
  2 18.574638 0.994785 -0.472642 -0.306249 0.835407 -0.456406 0.945205 0.307241
  2 18.243090 0.902049 -0.429016 -0.262070 0.812097 -0.521361 0.968689 0.301370
mid.bmp
  2 18.251652 0.945257 -0.321944 -0.194564 0.946680 0.256791 0.966732 0.295499
  2 18.603720 1.072705 -0.327825 -0.365656 0.930474 0.022658 0.941292 0.299413
  2 18.574638 0.994785 -0.472642 -0.306249 0.835407 -0.456406 0.945205 0.307241
mid.bmp
  2 18.251652 0.945257 -0.321944 -0.194564 0.946680 0.256791 0.966732 0.295499
  2 18.699902 0.862904 0.180740 -0.244923 0.772756 0.585543 0.935421 0.272016
  2 18.603720 1.072705 -0.327825 -0.365656 0.930474 0.022658 0.941292 0.299413
mid.bmp
  2 18.251652 0.945257 -0.321944 -0.194564 0.946680 0.256791 0.966732 0.295499
  2 18.313053 0.741770 0.208573 -0.089503 0.758832 0.645107 0.964775 0.264188
  2 18.699902 0.862904 0.180740 -0.244923 0.772756 0.585543 0.935421 0.272016
mid.bmp
  2 18.242504 0.941506 -0.437745 0.075499 0.882675 -0.463879 0.031311 0.837573
  2 18.298242 0.776608 -0.600866 -0.206122 0.646575 -0.734475 0.050881 0.829746
  2 18.307334 0.796220 -0.638791 0.005367 0.743295 -0.668942 0.050881 0.837573
mid.bmp
  2 18.242504 0.941506 -0.437745 0.075499 0.882675 -0.463879 0.031311 0.837573
  2 18.243090 0.902049 -0.429016 -0.262070 0.812097 -0.521361 0.031311 0.827789
  2 18.298242 0.776608 -0.600866 -0.206122 0.646575 -0.734475 0.050881 0.829746
mid.bmp
  2 18.242504 0.941506 -0.437745 0.075499 0.882675 -0.463879 0.031311 0.837573
  2 18.251652 0.945257 -0.321944 -0.194564 0.946680 0.256791 0.011742 0.827789
  2 18.243090 0.902049 -0.429016 -0.262070 0.812097 -0.521361 0.031311 0.827789
mid.bmp
  2 18.242504 0.941506 -0.437745 0.075499 0.882675 -0.463879 0.031311 0.837573
  2 18.250989 0.985321 -0.331665 0.015203 0.973048 0.230102 0.011742 0.835616
  2 18.251652 0.945257 -0.321944 -0.194564 0.946680 0.256791 0.011742 0.827789
mid.bmp
  31 -22.967872 2.408467 -0.090880 0.103757 0.694771 -0.711708 0.941292 0.395303
  31 -22.954377 2.477696 -0.003186 0.274205 0.921619 -0.274645 0.962818 0.391389
  30 -22.405039 2.277763 -0.019192 0.354100 0.882493 -0.309546 0.970646 0.524462
mid.bmp
  31 -22.967872 2.408467 -0.090880 0.103757 0.694771 -0.711708 0.941292 0.395303
  31 -23.042304 2.483900 0.047484 -0.319787 0.919510 -0.228556 0.949119 0.369863
  31 -22.954377 2.477696 -0.003186 0.274205 0.921619 -0.274645 0.962818 0.391389
mid.bmp
  31 -22.967872 2.408467 -0.090880 0.103757 0.694771 -0.711708 0.941292 0.395303
  31 -23.123272 2.449087 0.086308 -0.822957 0.448530 -0.348658 0.925636 0.365949
  31 -23.042304 2.483900 0.047484 -0.319787 0.919510 -0.228556 0.949119 0.369863
mid.bmp
  31 -22.967872 2.408467 -0.090880 0.103757 0.694771 -0.711708 0.941292 0.395303
  31 -23.037380 2.389532 -0.075880 -0.543196 0.294292 -0.786340 0.925636 0.385519
  31 -23.123272 2.449087 0.086308 -0.822957 0.448530 -0.348658 0.925636 0.365949
mid.bmp
  27 -23.340925 -1.058655 -0.093086 -0.246487 0.937856 -0.244277 0.878669 0.825832
  27 -22.376884 -0.889936 0.087129 -0.198063 0.838582 0.507495 0.894325 0.966732
  27 -22.392231 -0.838033 -0.108196 -0.210974 0.885939 -0.413040 0.872798 0.970646
mid.bmp
  27 -22.392231 -0.838033 -0.108196 -0.210974 0.885939 -0.413040 0.872798 0.970646
  27 -22.376884 -0.889936 0.087129 -0.198063 0.838582 0.507495 0.894325 0.966732
  26 -22.308428 -0.866408 0.095221 -0.311487 0.820863 0.478706 0.892368 0.986301
mid.bmp
  27 -22.376884 -0.889936 0.087129 -0.198063 0.838582 0.507495 0.894325 0.966732
  27 -22.350499 -1.028139 0.223885 -0.116019 0.352026 0.928772 0.919765 0.964775
  26 -22.308428 -0.866408 0.095221 -0.311487 0.820863 0.478706 0.892368 0.986301
mid.bmp
  26 -22.308428 -0.866408 0.095221 -0.311487 0.820863 0.478706 0.892368 0.986301
  27 -22.350499 -1.028139 0.223885 -0.116019 0.352026 0.928772 0.919765 0.964775
  26 -22.285050 -1.013764 0.237947 -0.249573 0.127217 0.959963 0.919765 0.982387
mid.bmp
  29 -21.691858 1.701569 0.216284 -0.130786 0.115312 0.984682 0.651663 0.330724
  29 -21.798746 1.537986 0.104288 -0.612963 -0.786249 0.078035 0.647750 0.318982
  19 -20.953884 0.988812 -0.092491 -0.737407 0.655792 0.161764 0.726027 0.281800
mid.bmp
  29 -21.691858 1.701569 0.216284 -0.130786 0.115312 0.984682 0.651663 0.330724
  29 -21.789962 1.599220 0.105907 -0.953717 0.041994 0.297759 0.643836 0.324853
  29 -21.798746 1.537986 0.104288 -0.612963 -0.786249 0.078035 0.647750 0.318982
mid.bmp
  29 -21.691858 1.701569 0.216284 -0.130786 0.115312 0.984682 0.651663 0.330724
  29 -21.754704 1.734467 0.170053 -0.513267 0.263212 0.816870 0.647750 0.338552
  29 -21.789962 1.599220 0.105907 -0.953717 0.041994 0.297759 0.643836 0.324853
mid.bmp
  29 -21.691858 1.701569 0.216284 -0.130786 0.115312 0.984682 0.651663 0.330724
  29 -21.619882 1.843260 0.173767 0.074752 0.383400 0.920552 0.657534 0.354207
  29 -21.754704 1.734467 0.170053 -0.513267 0.263212 0.816870 0.647750 0.338552
mid.bmp
  19 -20.760402 1.451631 -0.206397 0.016407 0.527602 0.849333 0.741683 0.318982
  19 -20.674886 1.629362 -0.322910 0.241080 0.868077 0.433962 0.747554 0.340509
  29 -21.545765 1.952642 0.099155 0.286676 0.837718 0.464806 0.667319 0.369863
mid.bmp
  19 -20.760402 1.451631 -0.206397 0.016407 0.527602 0.849333 0.741683 0.318982
  19 -20.310503 1.516554 -0.281034 0.156800 0.840421 0.518755 0.780822 0.332681
  19 -20.674886 1.629362 -0.322910 0.241080 0.868077 0.433962 0.747554 0.340509
mid.bmp
  19 -20.760402 1.451631 -0.206397 0.016407 0.527602 0.849333 0.741683 0.318982
  19 -20.483422 1.181020 0.038099 0.001169 0.669127 0.743148 0.769080 0.299413
  19 -20.310503 1.516554 -0.281034 0.156800 0.840421 0.518755 0.780822 0.332681
mid.bmp
  19 -20.760402 1.451631 -0.206397 0.016407 0.527602 0.849333 0.741683 0.318982
  19 -20.862711 1.159098 -0.017877 -0.205019 0.392379 0.896664 0.733855 0.291585
  19 -20.483422 1.181020 0.038099 0.001169 0.669127 0.743148 0.769080 0.299413
mid.bmp
  23 -22.575631 -0.448170 0.195678 -0.051781 -0.976199 0.210602 0.516634 0.659491
  23 -21.527029 -0.453406 -0.258147 -0.176861 -0.755455 -0.630879 0.589041 0.614481
  23 -21.152636 -0.403893 0.303072 -0.660314 -0.395613 0.638339 0.592955 0.626223
mid.bmp
  23 -22.575631 -0.448170 0.195678 -0.051781 -0.976199 0.210602 0.516634 0.659491
  23 -22.525315 -0.353555 -0.182304 -0.171139 -0.725919 -0.666148 0.514677 0.639922
  23 -21.527029 -0.453406 -0.258147 -0.176861 -0.755455 -0.630879 0.589041 0.614481
mid.bmp
  23 -22.575631 -0.448170 0.195678 -0.051781 -0.976199 0.210602 0.516634 0.659491
  23 -22.566159 -0.335128 -0.151572 -0.721944 -0.509741 -0.467932 0.508806 0.639922
  23 -22.525315 -0.353555 -0.182304 -0.171139 -0.725919 -0.666148 0.514677 0.639922
mid.bmp
  23 -22.575631 -0.448170 0.195678 -0.051781 -0.976199 0.210602 0.516634 0.659491
  23 -22.590636 -0.416549 0.182323 -0.896433 -0.406481 0.176582 0.510763 0.657534
  23 -22.566159 -0.335128 -0.151572 -0.721944 -0.509741 -0.467932 0.508806 0.639922
mid.bmp
  20 -22.130071 1.132410 -0.028667 0.103328 0.907699 -0.406701 0.483366 0.493151
  20 -22.128430 0.941071 -0.225967 -0.179771 0.069421 -0.981256 0.489237 0.518591
  20 -22.152649 1.105960 0.000315 -0.779674 0.599386 -0.181230 0.479452 0.497065
mid.bmp
  20 -22.152649 1.105960 0.000315 -0.779674 0.599386 -0.181230 0.479452 0.497065
  20 -22.128430 0.941071 -0.225967 -0.179771 0.069421 -0.981256 0.489237 0.518591
  20 -22.140024 0.961048 -0.171241 -0.870548 0.211067 -0.444518 0.485323 0.518591
mid.bmp
  20 -22.128430 0.941071 -0.225967 -0.179771 0.069421 -0.981256 0.489237 0.518591
  20 -22.216205 0.625735 -0.175259 -0.312782 -0.670644 -0.672609 0.497065 0.549902
  20 -22.140024 0.961048 -0.171241 -0.870548 0.211067 -0.444518 0.485323 0.518591
mid.bmp
  20 -22.140024 0.961048 -0.171241 -0.870548 0.211067 -0.444518 0.485323 0.518591
  20 -22.216205 0.625735 -0.175259 -0.312782 -0.670644 -0.672609 0.497065 0.549902
  20 -22.226861 0.678256 -0.158374 -0.896415 -0.196371 -0.397338 0.491194 0.545988
mid.bmp
  19 -18.813915 -0.157720 0.668109 -0.026002 0.085120 0.996031 0.931507 0.183953
  19 -18.753150 0.395694 0.520957 0.094230 0.448020 0.889044 0.935421 0.236791
  19 -19.073492 0.462667 0.533239 0.023335 0.417064 0.908577 0.904110 0.240705
mid.bmp
  19 -19.073492 0.462667 0.533239 0.023335 0.417064 0.908577 0.904110 0.240705
  19 -18.753150 0.395694 0.520957 0.094230 0.448020 0.889044 0.935421 0.236791
  19 -18.688015 0.825107 0.164271 0.262866 0.769368 0.582215 0.935421 0.272016
mid.bmp
  19 -18.753150 0.395694 0.520957 0.094230 0.448020 0.889044 0.935421 0.236791
  19 -18.303316 0.714780 0.175500 0.093095 0.747995 0.657143 0.964775 0.264188
  19 -18.688015 0.825107 0.164271 0.262866 0.769368 0.582215 0.935421 0.272016
mid.bmp
  19 -18.688015 0.825107 0.164271 0.262866 0.769368 0.582215 0.935421 0.272016
  19 -18.303316 0.714780 0.175500 0.093095 0.747995 0.657143 0.964775 0.264188
  19 -18.342507 0.929123 -0.353144 0.189079 0.942332 0.276152 0.966732 0.295499
mid.bmp
  20 -22.152185 1.104635 0.238763 0.096303 0.815148 0.571192 0.618395 0.285714
  20 -22.184712 1.092167 0.227182 -0.511722 0.813776 0.275518 0.612524 0.285714
  20 -22.204515 0.988614 0.329862 0.033128 0.430137 0.902156 0.614481 0.272016
mid.bmp
  20 -22.152185 1.104635 0.238763 0.096303 0.815148 0.571192 0.618395 0.285714
  20 -22.152649 1.105960 0.000315 -0.779674 0.599386 -0.181230 0.616438 0.301370
  20 -22.184712 1.092167 0.227182 -0.511722 0.813776 0.275518 0.612524 0.285714
mid.bmp
  20 -22.152185 1.104635 0.238763 0.096303 0.815148 0.571192 0.618395 0.285714
  20 -22.130071 1.132410 -0.028667 0.103328 0.907699 -0.406701 0.622309 0.301370
  20 -22.152649 1.105960 0.000315 -0.779674 0.599386 -0.181230 0.616438 0.301370
mid.bmp
  20 -22.152185 1.104635 0.238763 0.096303 0.815148 0.571192 0.618395 0.285714
  19 -20.953884 0.988812 -0.092491 -0.737407 0.655792 0.161764 0.726027 0.281800
  20 -22.130071 1.132410 -0.028667 0.103328 0.907699 -0.406701 0.622309 0.301370
mid.bmp
  19 -18.566147 0.578128 -0.870835 0.244399 0.322298 -0.914545 0.951076 0.332681
  19 -18.226258 0.606960 -0.751896 0.174985 0.505888 -0.844664 0.972603 0.315068
  19 -18.276135 0.398542 -0.822878 0.152418 0.047629 -0.987168 0.974560 0.322896
mid.bmp
  19 -18.566147 0.578128 -0.870835 0.244399 0.322298 -0.914545 0.951076 0.332681
  19 -18.237267 0.760150 -0.598251 0.181006 0.657929 -0.731004 0.970646 0.309198
  19 -18.226258 0.606960 -0.751896 0.174985 0.505888 -0.844664 0.972603 0.315068
mid.bmp
  19 -18.566147 0.578128 -0.870835 0.244399 0.322298 -0.914545 0.951076 0.332681
  19 -18.577392 0.851849 -0.669448 0.299907 0.677133 -0.671973 0.947162 0.317025
  19 -18.237267 0.760150 -0.598251 0.181006 0.657929 -0.731004 0.970646 0.309198
mid.bmp
  19 -18.566147 0.578128 -0.870835 0.244399 0.322298 -0.914545 0.951076 0.332681
  19 -19.200332 1.061219 -0.732960 0.255337 0.676892 -0.690377 0.882583 0.342466
  19 -18.577392 0.851849 -0.669448 0.299907 0.677133 -0.671973 0.947162 0.317025
mid.bmp
  19 -17.878736 0.596070 -0.787394 0.100119 0.425957 -0.899187 0.082192 0.886497
  19 -17.877032 0.363572 -0.829833 0.194566 -0.019977 -0.980686 0.105675 0.890411
  19 -17.875247 0.370749 -0.861090 0.077885 0.005780 -0.996946 0.105675 0.886497
mid.bmp
  19 -17.878736 0.596070 -0.787394 0.100119 0.425957 -0.899187 0.082192 0.886497
  19 -17.879891 0.586022 -0.767452 0.037894 0.393614 -0.918495 0.084149 0.890411
  19 -17.877032 0.363572 -0.829833 0.194566 -0.019977 -0.980686 0.105675 0.890411
mid.bmp
  19 -17.878736 0.596070 -0.787394 0.100119 0.425957 -0.899187 0.082192 0.886497
  19 -17.888758 0.731622 -0.638989 0.048262 0.744469 -0.665910 0.060665 0.890411
  19 -17.879891 0.586022 -0.767452 0.037894 0.393614 -0.918495 0.084149 0.890411
mid.bmp
  19 -17.878736 0.596070 -0.787394 0.100119 0.425957 -0.899187 0.082192 0.886497
  19 -17.892362 0.745069 -0.661710 0.077229 0.701801 -0.708175 0.058708 0.884540
  19 -17.888758 0.731622 -0.638989 0.048262 0.744469 -0.665910 0.060665 0.890411
mid.bmp
  19 -18.246167 0.911294 -0.471834 -0.090737 0.847616 -0.522795 0.031311 0.837573
  19 -18.342507 0.929123 -0.353144 0.189079 0.942332 0.276152 0.011742 0.827789
  19 -18.362401 0.980716 -0.363310 0.026945 0.972630 0.230790 0.011742 0.835616
mid.bmp
  19 -18.246167 0.911294 -0.471834 -0.090737 0.847616 -0.522795 0.031311 0.837573
  19 -18.247097 0.881258 -0.456936 0.246361 0.821245 -0.514649 0.031311 0.827789
  19 -18.342507 0.929123 -0.353144 0.189079 0.942332 0.276152 0.011742 0.827789
mid.bmp
  19 -18.246167 0.911294 -0.471834 -0.090737 0.847616 -0.522795 0.031311 0.837573
  19 -18.237267 0.760150 -0.598251 0.181006 0.657929 -0.731004 0.050881 0.829746
  19 -18.247097 0.881258 -0.456936 0.246361 0.821245 -0.514649 0.031311 0.827789
mid.bmp
  19 -18.246167 0.911294 -0.471834 -0.090737 0.847616 -0.522795 0.031311 0.837573
  19 -18.314039 0.779113 -0.651584 -0.045289 0.745574 -0.664882 0.050881 0.837573
  19 -18.237267 0.760150 -0.598251 0.181006 0.657929 -0.731004 0.050881 0.829746
mid.bmp
  18 -16.239784 -1.156802 0.178654 -0.047060 -0.996445 -0.069877 0.072407 0.107632
  18 -16.201134 -1.048058 -0.208184 -0.038166 -0.872915 -0.486378 0.099804 0.111546
  18 -14.313389 -1.287800 -0.187162 -0.074429 -0.938741 -0.336490 0.080235 0.221135
mid.bmp
  18 -16.239784 -1.156802 0.178654 -0.047060 -0.996445 -0.069877 0.072407 0.107632
  19 -17.701248 -1.175581 -0.124391 0.058694 -0.926079 -0.372738 0.086106 0.019569
  18 -16.201134 -1.048058 -0.208184 -0.038166 -0.872915 -0.486378 0.099804 0.111546
mid.bmp
  18 -16.239784 -1.156802 0.178654 -0.047060 -0.996445 -0.069877 0.072407 0.107632
  19 -17.717632 -1.218286 0.148777 0.022798 -0.996944 0.074716 0.068493 0.017613
  19 -17.701248 -1.175581 -0.124391 0.058694 -0.926079 -0.372738 0.086106 0.019569
mid.bmp
  18 -16.239784 -1.156802 0.178654 -0.047060 -0.996445 -0.069877 0.072407 0.107632
  19 -17.776996 -1.143034 0.332991 -0.021895 -0.886241 0.462706 0.056751 0.015656
  19 -17.717632 -1.218286 0.148777 0.022798 -0.996944 0.074716 0.068493 0.017613
mid.bmp
  13 22.394649 2.293021 0.027894 -0.339717 0.878832 -0.335034 0.878669 0.825832
  13 21.691846 1.956739 -0.052121 -0.295158 0.815190 -0.498344 0.872798 0.970646
  13 21.715992 1.989451 0.084493 -0.382060 0.857190 0.345334 0.894325 0.966732
mid.bmp
  13 21.715992 1.989451 0.084493 -0.382060 0.857190 0.345334 0.894325 0.966732
  13 21.691846 1.956739 -0.052121 -0.295158 0.815190 -0.498344 0.872798 0.970646
  12 21.580434 1.961125 0.102134 -0.176458 0.970990 0.161373 0.892368 0.986301
mid.bmp
  13 21.691846 1.956739 -0.052121 -0.295158 0.815190 -0.498344 0.872798 0.970646
  12 21.565426 1.921427 -0.084014 -0.108648 0.862235 -0.494718 0.872798 0.988258
  12 21.580434 1.961125 0.102134 -0.176458 0.970990 0.161373 0.892368 0.986301
mid.bmp
  5 24.069574 1.195277 0.214232 0.320182 -0.822899 0.469383 0.968689 0.706458
  4 23.414924 1.117708 0.320842 0.077746 -0.087223 0.993150 0.949119 0.818004
  4 23.432412 0.991177 0.246043 0.271412 -0.916549 0.293723 0.972603 0.829746
mid.bmp
  4 23.432412 0.991177 0.246043 0.271412 -0.916549 0.293723 0.972603 0.829746
  4 23.414924 1.117708 0.320842 0.077746 -0.087223 0.993150 0.949119 0.818004
  4 22.350165 0.879835 0.351279 0.135216 -0.308467 0.941576 0.951076 0.964775
mid.bmp
  4 23.414924 1.117708 0.320842 0.077746 -0.087223 0.993150 0.949119 0.818004
  4 22.259483 1.038911 0.331402 -0.039924 0.428218 0.902793 0.919765 0.964775
  4 22.350165 0.879835 0.351279 0.135216 -0.308467 0.941576 0.951076 0.964775
mid.bmp
  17 20.442234 -3.142726 0.018737 0.995486 0.013855 -0.093889 0.606654 0.962818
  17 20.462030 -3.720698 0.069366 0.983835 -0.173206 -0.045470 0.626223 0.898239
  17 20.369321 -3.691532 -0.132306 0.727396 -0.093897 -0.679763 0.653620 0.900196
mid.bmp
  17 20.369321 -3.691532 -0.132306 0.727396 -0.093897 -0.679763 0.653620 0.900196
  17 20.462030 -3.720698 0.069366 0.983835 -0.173206 -0.045470 0.626223 0.898239
  17 20.263553 -3.987368 -0.100127 0.388512 -0.533989 -0.750942 0.679061 0.864971
mid.bmp
  17 20.462030 -3.720698 0.069366 0.983835 -0.173206 -0.045470 0.626223 0.898239
  17 20.342532 -4.055856 0.078874 0.664349 -0.745832 0.048733 0.653620 0.859100
  17 20.263553 -3.987368 -0.100127 0.388512 -0.533989 -0.750942 0.679061 0.864971
mid.bmp
  11 24.118743 -1.448272 0.000494 0.896236 -0.288782 -0.336699 0.925636 0.365949
  11 23.896303 -1.365126 -0.291439 0.366387 0.644113 -0.671475 0.941292 0.395303
  11 24.071113 -1.312810 -0.043498 0.839012 0.439625 -0.320607 0.949119 0.369863
mid.bmp
  11 24.071113 -1.312810 -0.043498 0.839012 0.439625 -0.320607 0.949119 0.369863
  11 23.896303 -1.365126 -0.291439 0.366387 0.644113 -0.671475 0.941292 0.395303
  11 23.957189 -1.245015 -0.077152 0.343887 0.891683 -0.294354 0.962818 0.391389
mid.bmp
  11 23.896303 -1.365126 -0.291439 0.366387 0.644113 -0.671475 0.941292 0.395303
  10 23.345844 -1.045471 -0.093315 0.246715 0.934573 -0.256328 0.970646 0.524462
  11 23.957189 -1.245015 -0.077152 0.343887 0.891683 -0.294354 0.962818 0.391389
mid.bmp
  5 24.222249 1.366893 0.172537 0.959455 0.047036 -0.277909 0.925636 0.365949
  5 24.055936 1.345277 -0.034860 0.020701 0.729895 -0.683246 0.941292 0.395303
  5 24.169463 1.420721 0.123911 0.562675 0.778746 -0.277401 0.949119 0.369863
mid.bmp
  5 24.169463 1.420721 0.123911 0.562675 0.778746 -0.277401 0.949119 0.369863
  5 24.055936 1.345277 -0.034860 0.020701 0.729895 -0.683246 0.941292 0.395303
  5 24.048552 1.434231 0.086368 -0.082029 0.946575 -0.311876 0.962818 0.391389
mid.bmp
  5 24.055936 1.345277 -0.034860 0.020701 0.729895 -0.683246 0.941292 0.395303
  4 23.279907 1.317956 0.040298 -0.139571 0.947916 -0.286313 0.970646 0.524462
  5 24.048552 1.434231 0.086368 -0.082029 0.946575 -0.311876 0.962818 0.391389
mid.bmp
  8 24.684714 -0.064633 0.370853 -0.036947 0.357792 0.933070 0.925636 0.681018
  8 24.256432 -0.057912 0.321056 -0.055622 0.365455 0.929166 0.921722 0.751468
  8 24.640871 -0.236389 0.380704 0.004558 -0.156794 0.987621 0.956947 0.688845
mid.bmp
  8 24.640871 -0.236389 0.380704 0.004558 -0.156794 0.987621 0.956947 0.688845
  8 24.256432 -0.057912 0.321056 -0.055622 0.365455 0.929166 0.921722 0.751468
  8 24.292424 -0.208876 0.341531 -0.039654 -0.138598 0.989555 0.949119 0.747554
mid.bmp
  8 24.256432 -0.057912 0.321056 -0.055622 0.365455 0.929166 0.921722 0.751468
  7 23.849983 -0.073272 0.336243 -0.026055 0.298922 0.953922 0.921722 0.814090
  8 24.292424 -0.208876 0.341531 -0.039654 -0.138598 0.989555 0.949119 0.747554
mid.bmp
  17 20.342532 -4.055856 0.078874 0.664349 -0.745832 0.048733 0.772994 0.845401
  17 20.462030 -3.720698 0.069366 0.983835 -0.173206 -0.045470 0.812133 0.886497
  17 20.286097 -3.938467 0.340959 0.561983 -0.477128 0.675665 0.759295 0.866928
mid.bmp
  17 20.286097 -3.938467 0.340959 0.561983 -0.477128 0.675665 0.759295 0.866928
  17 20.462030 -3.720698 0.069366 0.983835 -0.173206 -0.045470 0.812133 0.886497
  17 20.396194 -3.660927 0.279604 0.850686 0.016366 0.525419 0.786693 0.902153
mid.bmp
  17 20.462030 -3.720698 0.069366 0.983835 -0.173206 -0.045470 0.812133 0.886497
  17 20.442234 -3.142726 0.018737 0.995486 0.013855 -0.093889 0.835616 0.951076
  17 20.396194 -3.660927 0.279604 0.850686 0.016366 0.525419 0.786693 0.902153
mid.bmp
  11 24.046672 -1.429883 0.134068 0.220515 0.261334 0.939722 0.925636 0.681018
  11 23.946560 -1.560680 0.123834 0.048977 -0.412923 0.909448 0.956947 0.688845
  11 24.054843 -1.437186 0.113147 0.852899 -0.110296 0.510292 0.923679 0.671233
mid.bmp
  11 24.054843 -1.437186 0.113147 0.852899 -0.110296 0.510292 0.923679 0.671233
  11 23.946560 -1.560680 0.123834 0.048977 -0.412923 0.909448 0.956947 0.688845
  11 24.007745 -1.597944 0.046021 0.585616 -0.808477 0.058471 0.956947 0.673190
mid.bmp
  11 23.946560 -1.560680 0.123834 0.048977 -0.412923 0.909448 0.956947 0.688845
  11 23.854936 -1.623323 0.031459 -0.086729 -0.902404 0.422072 0.968689 0.706458
  11 24.007745 -1.597944 0.046021 0.585616 -0.808477 0.058471 0.956947 0.673190
mid.bmp
  8 24.618551 -0.319657 -0.010168 0.212281 -0.929954 -0.300205 0.904110 0.393346
  8 23.947088 -0.314450 -0.119133 0.065991 -0.707648 -0.703476 0.908023 0.518591
  8 24.437773 -0.194097 -0.123323 0.166128 -0.100592 -0.980960 0.923679 0.414873
mid.bmp
  8 24.437773 -0.194097 -0.123323 0.166128 -0.100592 -0.980960 0.923679 0.414873
  8 23.947088 -0.314450 -0.119133 0.065991 -0.707648 -0.703476 0.908023 0.518591
  8 23.958811 -0.070972 -0.150886 0.098904 0.408459 -0.907402 0.941292 0.510763
mid.bmp
  8 23.947088 -0.314450 -0.119133 0.065991 -0.707648 -0.703476 0.908023 0.518591
  7 23.741468 -0.083804 -0.164112 0.052384 0.271966 -0.960880 0.943249 0.534247
  8 23.958811 -0.070972 -0.150886 0.098904 0.408459 -0.907402 0.941292 0.510763
mid.bmp
  2 20.490248 1.198115 0.021365 0.017706 0.668346 0.743640 0.769080 0.299413
  2 20.762945 1.464604 -0.224951 0.002419 0.524567 0.851366 0.741683 0.318982
  2 20.323603 1.541125 -0.288266 -0.142757 0.844158 0.516738 0.780822 0.332681
mid.bmp
  2 20.323603 1.541125 -0.288266 -0.142757 0.844158 0.516738 0.780822 0.332681
  2 20.762945 1.464604 -0.224951 0.002419 0.524567 0.851366 0.741683 0.318982
  2 20.677222 1.648640 -0.335139 -0.228831 0.876958 0.422588 0.747554 0.340509
mid.bmp
  2 20.762945 1.464604 -0.224951 0.002419 0.524567 0.851366 0.741683 0.318982
  12 21.551353 1.973810 0.116040 -0.287944 0.847916 0.445114 0.667319 0.369863
  2 20.677222 1.648640 -0.335139 -0.228831 0.876958 0.422588 0.747554 0.340509
mid.bmp
  15 18.709409 -1.280116 -0.297606 -0.390337 -0.403511 -0.827536 0.849315 0.587084
  15 19.446474 -1.459294 -0.637649 0.003431 -0.064093 -0.997938 0.790607 0.620352
  15 19.045780 -1.868778 -0.234211 -0.571604 -0.414982 -0.707856 0.845401 0.647750
mid.bmp
  15 19.045780 -1.868778 -0.234211 -0.571604 -0.414982 -0.707856 0.845401 0.647750
  15 19.446474 -1.459294 -0.637649 0.003431 -0.064093 -0.997938 0.790607 0.620352
  15 19.635350 -1.878965 -0.566469 -0.132257 -0.246035 -0.960195 0.792564 0.663405
mid.bmp
  15 19.446474 -1.459294 -0.637649 0.003431 -0.064093 -0.997938 0.790607 0.620352
  15 20.235140 -1.711386 -0.333567 0.575314 0.015684 -0.817782 0.737769 0.673190
  15 19.635350 -1.878965 -0.566469 -0.132257 -0.246035 -0.960195 0.792564 0.663405
mid.bmp
  15 18.686043 -1.263308 0.311413 -0.372153 -0.601801 0.706638 0.953033 0.074364
  2 18.915492 -0.811661 0.604619 -0.054997 -0.353357 0.933870 0.927593 0.119374
  2 18.346063 -0.885905 0.616780 0.116720 -0.452770 0.883955 0.976517 0.115460
mid.bmp
  2 18.346063 -0.885905 0.616780 0.116720 -0.452770 0.883955 0.976517 0.115460
  2 18.915492 -0.811661 0.604619 -0.054997 -0.353357 0.933870 0.927593 0.119374
  2 18.829870 -0.129833 0.688141 0.047917 0.087640 0.994999 0.931507 0.183953
mid.bmp
  2 18.915492 -0.811661 0.604619 -0.054997 -0.353357 0.933870 0.927593 0.119374
  2 19.887228 -0.762595 0.623453 0.050484 -0.154252 0.986741 0.839530 0.119374
  2 18.829870 -0.129833 0.688141 0.047917 0.087640 0.994999 0.931507 0.183953
mid.bmp
  12 21.809367 1.579886 0.114200 0.880545 -0.106312 0.461885 0.493151 0.479452
  12 21.804903 1.545512 0.111106 0.578457 -0.813805 0.055756 0.495108 0.481409
  12 21.746583 1.638988 -0.254880 0.883433 -0.130036 -0.450152 0.500978 0.455969
mid.bmp
  12 21.746583 1.638988 -0.254880 0.883433 -0.130036 -0.450152 0.500978 0.455969
  12 21.804903 1.545512 0.111106 0.578457 -0.813805 0.055756 0.495108 0.481409
  12 21.721217 1.597184 -0.281142 0.530621 -0.559256 -0.636926 0.506849 0.457926
mid.bmp
  12 21.804903 1.545512 0.111106 0.578457 -0.813805 0.055756 0.495108 0.481409
  12 21.074305 1.177385 -0.386501 0.534207 -0.548747 -0.643039 0.575342 0.469667
  12 21.721217 1.597184 -0.281142 0.530621 -0.559256 -0.636926 0.506849 0.457926
mid.bmp
  3 22.151736 1.135986 0.030134 0.772548 0.612362 -0.167874 0.479452 0.497065
  3 22.133393 0.978199 -0.142294 0.923503 0.170148 -0.343789 0.485323 0.518591
  3 22.132562 0.960108 -0.196280 0.213980 0.085356 -0.973102 0.489237 0.518591
mid.bmp
  3 22.132562 0.960108 -0.196280 0.213980 0.085356 -0.973102 0.489237 0.518591
  3 22.133393 0.978199 -0.142294 0.923503 0.170148 -0.343789 0.485323 0.518591
  3 22.218239 0.653279 -0.140535 0.335070 -0.664771 -0.667688 0.497065 0.549902
mid.bmp
  3 22.133393 0.978199 -0.142294 0.923503 0.170148 -0.343789 0.485323 0.518591
  3 22.233762 0.707233 -0.118717 0.870813 -0.224454 -0.437383 0.491194 0.545988
  3 22.218239 0.653279 -0.140535 0.335070 -0.664771 -0.667688 0.497065 0.549902
mid.bmp
  3 21.187668 0.318394 0.332846 0.820660 0.523169 0.229807 0.702544 0.215264
  2 21.118450 0.432096 0.170812 0.312236 0.069831 0.947434 0.718200 0.223092
  2 21.180521 0.250022 0.262153 0.262450 0.640867 0.721394 0.712329 0.207436
mid.bmp
  2 21.180521 0.250022 0.262153 0.262450 0.640867 0.721394 0.712329 0.207436
  2 21.118450 0.432096 0.170812 0.312236 0.069831 0.947434 0.718200 0.223092
  2 20.555302 0.151608 0.569207 0.140245 0.154162 0.978042 0.772994 0.199609
mid.bmp
  2 21.118450 0.432096 0.170812 0.312236 0.069831 0.947434 0.718200 0.223092
  2 20.556152 0.693444 0.378017 0.103927 0.405400 0.908213 0.769080 0.250489
  2 20.555302 0.151608 0.569207 0.140245 0.154162 0.978042 0.772994 0.199609
mid.bmp
  2 17.625404 -0.245635 0.933569 -0.793379 -0.060692 0.605695 0.704501 0.710372
  2 17.628354 -0.243534 0.907774 -0.653227 0.050771 -0.755458 0.700587 0.710372
  2 17.622168 -0.967682 0.756766 -0.738425 0.406231 -0.538242 0.692759 0.759295
mid.bmp
  2 17.622168 -0.967682 0.756766 -0.738425 0.406231 -0.538242 0.692759 0.759295
  2 17.628354 -0.243534 0.907774 -0.653227 0.050771 -0.755458 0.700587 0.710372
  2 17.757309 -0.855087 0.691510 -0.621743 0.294393 -0.725788 0.684932 0.751468
mid.bmp
  2 17.628354 -0.243534 0.907774 -0.653227 0.050771 -0.755458 0.700587 0.710372
  2 17.748353 -0.221267 0.822903 -0.623304 -0.088359 -0.776971 0.694716 0.710372
  2 17.757309 -0.855087 0.691510 -0.621743 0.294393 -0.725788 0.684932 0.751468
mid.bmp
  2 17.801907 -0.336738 -0.630416 -0.474948 0.193250 0.858533 0.712329 0.716243
  2 17.603593 0.365512 -0.698170 -0.343364 -0.051473 0.937791 0.704501 0.769080
  2 17.476463 -0.253565 -0.750504 -0.406120 -0.153770 0.900789 0.724070 0.718200
mid.bmp
  2 17.476463 -0.253565 -0.750504 -0.406120 -0.153770 0.900789 0.724070 0.718200
  2 17.603593 0.365512 -0.698170 -0.343364 -0.051473 0.937791 0.704501 0.769080
  2 17.464182 0.347173 -0.745492 -0.544488 -0.071069 0.835752 0.714286 0.767123
mid.bmp
  2 17.603593 0.365512 -0.698170 -0.343364 -0.051473 0.937791 0.704501 0.769080
  2 17.466853 0.584735 -0.683872 -0.504614 -0.355057 0.786956 0.706458 0.784736
  2 17.464182 0.347173 -0.745492 -0.544488 -0.071069 0.835752 0.714286 0.767123
mid.bmp
  2 18.045937 -0.381426 -0.877500 0.027986 0.833419 -0.551933 0.412916 0.904110
  2 18.007507 -0.390476 -0.893113 -0.028230 0.859657 -0.510092 0.389432 0.917808
  2 18.050197 -0.370805 -0.861245 -0.021895 0.870365 -0.491920 0.412916 0.876712
mid.bmp
  2 18.050197 -0.370805 -0.861245 -0.021895 0.870365 -0.491920 0.412916 0.876712
  2 18.007507 -0.390476 -0.893113 -0.028230 0.859657 -0.510092 0.389432 0.917808
  2 17.982854 -0.373221 -0.861210 -0.039203 0.873362 -0.485492 0.365949 0.876712
mid.bmp
  2 18.007507 -0.390476 -0.893113 -0.028230 0.859657 -0.510092 0.389432 0.917808
  2 17.988371 -0.385489 -0.881540 -0.104681 0.838667 -0.534490 0.365949 0.904110
  2 17.982854 -0.373221 -0.861210 -0.039203 0.873362 -0.485492 0.365949 0.876712
mid.bmp
  2 17.882523 0.758529 -0.607943 -0.054125 0.721684 -0.690103 0.060665 0.890411
  2 17.871750 0.634019 -0.740370 -0.128652 0.414691 -0.900822 0.082192 0.886497
  2 17.873670 0.618859 -0.715541 -0.058088 0.388671 -0.919544 0.084149 0.890411
mid.bmp
  2 17.873670 0.618859 -0.715541 -0.058088 0.388671 -0.919544 0.084149 0.890411
  2 17.871750 0.634019 -0.740370 -0.128652 0.414691 -0.900822 0.082192 0.886497
  2 17.872540 0.397041 -0.786129 -0.172749 0.011629 -0.984897 0.105675 0.890411
mid.bmp
  2 17.871750 0.634019 -0.740370 -0.128652 0.414691 -0.900822 0.082192 0.886497
  2 17.865714 0.405013 -0.809331 -0.134137 0.017238 -0.990813 0.105675 0.886497
  2 17.872540 0.397041 -0.786129 -0.172749 0.011629 -0.984897 0.105675 0.890411
mid.bmp
  2 18.204100 -0.393256 -0.816715 -0.143494 -0.387438 -0.910660 0.530333 0.383562
  2 17.847820 -0.405840 -0.755222 -0.160227 -0.385780 -0.908571 0.538160 0.328767
  2 18.085768 0.136138 -1.023299 -0.141400 -0.388331 -0.910607 0.612524 0.381605
mid.bmp
  2 18.085768 0.136138 -1.023299 -0.141400 -0.388331 -0.910607 0.612524 0.381605
  2 17.847820 -0.405840 -0.755222 -0.160227 -0.385780 -0.908571 0.538160 0.328767
  2 17.908578 0.195644 -1.021964 -0.176976 -0.384005 -0.906212 0.620352 0.360078
mid.bmp
  2 17.847820 -0.405840 -0.755222 -0.160227 -0.385780 -0.908571 0.538160 0.328767
  2 17.768848 0.100602 -0.946349 -0.230916 -0.374855 -0.897865 0.614481 0.334638
  2 17.908578 0.195644 -1.021964 -0.176976 -0.384005 -0.906212 0.620352 0.360078
mid.bmp
  1 5.315797 -2.209939 0.897685 0.126883 -0.864618 0.486144 0.467710 0.679061
  1 8.714970 -1.602706 0.855900 0.168198 -0.815428 0.553883 0.467710 0.532290
  1 5.240405 -1.370790 1.639555 0.070332 -0.427005 0.901510 0.428571 0.677104
mid.bmp
  1 5.240405 -1.370790 1.639555 0.070332 -0.427005 0.901510 0.428571 0.677104
  1 8.714970 -1.602706 0.855900 0.168198 -0.815428 0.553883 0.467710 0.532290
  1 8.628251 -0.919941 1.476192 0.102140 -0.318061 0.942552 0.430528 0.530333
mid.bmp
  1 8.714970 -1.602706 0.855900 0.168198 -0.815428 0.553883 0.467710 0.532290
  1 9.183800 -1.445927 0.850222 0.127712 -0.867068 0.481541 0.467710 0.504892
  1 8.628251 -0.919941 1.476192 0.102140 -0.318061 0.942552 0.430528 0.530333
mid.bmp
  31 -22.844006 2.258005 0.160962 -0.032818 0.137722 0.989927 0.949119 0.747554
  30 -22.555342 2.105754 0.201503 -0.019786 -0.062042 0.997877 0.949119 0.818004
  30 -22.528792 2.227493 0.167507 0.162204 0.403595 0.900445 0.921722 0.814090
mid.bmp
  30 -22.528792 2.227493 0.167507 0.162204 0.403595 0.900445 0.921722 0.814090
  30 -22.555342 2.105754 0.201503 -0.019786 -0.062042 0.997877 0.949119 0.818004
  30 -21.782646 1.893579 0.125362 0.202973 0.347026 0.915628 0.919765 0.964775
mid.bmp
  30 -22.555342 2.105754 0.201503 -0.019786 -0.062042 0.997877 0.949119 0.818004
  30 -21.824377 1.766285 0.164980 -0.072696 -0.203974 0.976273 0.951076 0.964775
  30 -21.782646 1.893579 0.125362 0.202973 0.347026 0.915628 0.919765 0.964775
mid.bmp
  30 -22.405039 2.277763 -0.019192 0.354100 0.882493 -0.309546 0.878669 0.825832
  30 -21.670959 1.956037 0.065743 0.360045 0.849152 0.386404 0.894325 0.966732
  30 -21.690641 1.943994 -0.048186 0.311194 0.807981 -0.500325 0.872798 0.970646
mid.bmp
  30 -21.690641 1.943994 -0.048186 0.311194 0.807981 -0.500325 0.872798 0.970646
  30 -21.670959 1.956037 0.065743 0.360045 0.849152 0.386404 0.894325 0.966732
  29 -21.568238 1.942067 0.083887 0.140034 0.976375 0.164566 0.892368 0.986301
mid.bmp
  30 -21.670959 1.956037 0.065743 0.360045 0.849152 0.386404 0.894325 0.966732
  29 -21.702772 1.839524 0.127797 0.121896 0.359899 0.924994 0.919765 0.982387
  29 -21.568238 1.942067 0.083887 0.140034 0.976375 0.164566 0.892368 0.986301
mid.bmp
  25 -24.556207 -0.331266 0.280413 -0.054255 -0.856790 0.512804 0.968689 0.706458
  25 -24.298751 -0.213022 0.319557 0.013775 -0.120590 0.992607 0.949119 0.747554
  25 -24.637497 -0.250865 0.349946 -0.005385 -0.151725 0.988408 0.956947 0.688845
mid.bmp
  25 -24.637497 -0.250865 0.349946 -0.005385 -0.151725 0.988408 0.956947 0.688845
  25 -24.298751 -0.213022 0.319557 0.013775 -0.120590 0.992607 0.949119 0.747554
  25 -24.259164 -0.076114 0.307495 0.035312 0.360300 0.932168 0.921722 0.751468
mid.bmp
  25 -24.298751 -0.213022 0.319557 0.013775 -0.120590 0.992607 0.949119 0.747554
  24 -23.860799 -0.090068 0.331704 0.001214 0.295059 0.955478 0.921722 0.814090
  25 -24.259164 -0.076114 0.307495 0.035312 0.360300 0.932168 0.921722 0.751468
mid.bmp
  24 -23.879616 0.091913 0.037736 -0.065186 0.955075 -0.289108 0.878669 0.825832
  24 -22.703776 0.101765 0.185396 -0.020344 0.910395 0.413241 0.894325 0.966732
  24 -22.709077 0.127620 -0.015068 -0.040562 0.862377 -0.504639 0.872798 0.970646
mid.bmp
  24 -22.709077 0.127620 -0.015068 -0.040562 0.862377 -0.504639 0.872798 0.970646
  24 -22.703776 0.101765 0.185396 -0.020344 0.910395 0.413241 0.894325 0.966732
  23 -22.614003 0.101783 0.184747 0.006578 0.943681 0.330792 0.892368 0.986301
mid.bmp
  24 -22.703776 0.101765 0.185396 -0.020344 0.910395 0.413241 0.894325 0.966732
  23 -22.629875 -0.042459 0.298434 -0.000064 0.366792 0.930303 0.919765 0.982387
  23 -22.614003 0.101783 0.184747 0.006578 0.943681 0.330792 0.892368 0.986301
mid.bmp
  27 -23.340925 -1.058655 -0.093086 -0.246487 0.937856 -0.244277 0.970646 0.524462
  28 -23.905754 -1.363402 -0.284277 -0.374778 0.687794 -0.621676 0.941292 0.395303
  28 -23.960523 -1.255787 -0.069528 -0.334214 0.898281 -0.285292 0.962818 0.391389
mid.bmp
  28 -23.960523 -1.255787 -0.069528 -0.334214 0.898281 -0.285292 0.962818 0.391389
  28 -23.905754 -1.363402 -0.284277 -0.374778 0.687794 -0.621676 0.941292 0.395303
  28 -24.071195 -1.319483 -0.043156 -0.830257 0.499635 -0.247058 0.949119 0.369863
mid.bmp
  28 -23.905754 -1.363402 -0.284277 -0.374778 0.687794 -0.621676 0.941292 0.395303
  28 -24.110728 -1.444081 -0.002446 -0.892072 -0.310201 -0.328608 0.925636 0.365949
  28 -24.071195 -1.319483 -0.043156 -0.830257 0.499635 -0.247058 0.949119 0.369863
mid.bmp
  28 -23.864848 -1.617864 0.028370 0.091251 -0.886703 0.453245 0.968689 0.706458
  28 -23.955024 -1.556250 0.114412 -0.035284 -0.408070 0.912268 0.956947 0.688845
  28 -24.003226 -1.594945 0.047161 -0.597787 -0.800971 0.033119 0.956947 0.673190
mid.bmp
  28 -24.003226 -1.594945 0.047161 -0.597787 -0.800971 0.033119 0.956947 0.673190
  28 -23.955024 -1.556250 0.114412 -0.035284 -0.408070 0.912268 0.956947 0.688845
  28 -24.059809 -1.449975 0.097141 -0.891846 -0.055090 0.448972 0.923679 0.671233
mid.bmp
  28 -23.955024 -1.556250 0.114412 -0.035284 -0.408070 0.912268 0.956947 0.688845
  28 -24.077795 -1.447382 0.114050 -0.245638 0.290660 0.924759 0.925636 0.681018
  28 -24.059809 -1.449975 0.097141 -0.891846 -0.055090 0.448972 0.923679 0.671233
mid.bmp
  21 -23.279059 1.289191 0.028518 0.141470 0.955969 -0.257116 0.970646 0.524462
  22 -24.062696 1.327992 -0.052165 -0.005056 0.768513 -0.639814 0.941292 0.395303
  22 -24.050817 1.396528 0.066200 0.080176 0.961756 -0.261910 0.962818 0.391389
mid.bmp
  22 -24.050817 1.396528 0.066200 0.080176 0.961756 -0.261910 0.962818 0.391389
  22 -24.062696 1.327992 -0.052165 -0.005056 0.768513 -0.639814 0.941292 0.395303
  22 -24.170373 1.387197 0.103823 -0.379888 0.899813 -0.214529 0.949119 0.369863
mid.bmp
  22 -24.062696 1.327992 -0.052165 -0.005056 0.768513 -0.639814 0.941292 0.395303
  22 -24.236739 1.336003 0.140268 -0.916466 0.020118 -0.399605 0.925636 0.365949
  22 -24.170373 1.387197 0.103823 -0.379888 0.899813 -0.214529 0.949119 0.369863
mid.bmp
  34 -20.469193 -3.151422 0.003987 -0.993246 0.044813 -0.107022 0.835616 0.951076
  34 -20.507909 -3.718288 0.044758 -0.989570 -0.124541 -0.072399 0.812133 0.886497
  34 -20.442496 -3.658417 0.266979 -0.859715 0.050125 0.508308 0.786693 0.902153
mid.bmp
  34 -20.442496 -3.658417 0.266979 -0.859715 0.050125 0.508308 0.786693 0.902153
  34 -20.507909 -3.718288 0.044758 -0.989570 -0.124541 -0.072399 0.812133 0.886497
  34 -20.373445 -3.948535 0.316622 -0.599062 -0.457093 0.657412 0.759295 0.866928
mid.bmp
  34 -20.507909 -3.718288 0.044758 -0.989570 -0.124541 -0.072399 0.812133 0.886497
  34 -20.404137 -4.060214 0.057966 -0.693354 -0.720337 -0.019366 0.772994 0.845401
  34 -20.373445 -3.948535 0.316622 -0.599062 -0.457093 0.657412 0.759295 0.866928
mid.bmp
  33 -19.886860 -3.198210 -0.136409 0.842159 -0.285356 -0.457537 0.690802 0.986301
  34 -20.040651 -3.646851 -0.131973 0.718701 -0.293353 -0.630406 0.696673 0.919765
  33 -20.050238 -3.100273 -0.295780 0.222554 -0.164997 -0.960857 0.661448 0.990215
mid.bmp
  33 -20.050238 -3.100273 -0.295780 0.222554 -0.164997 -0.960857 0.661448 0.990215
  34 -20.040651 -3.646851 -0.131973 0.718701 -0.293353 -0.630406 0.696673 0.919765
  34 -20.208939 -3.601263 -0.233648 -0.040276 -0.167969 -0.984969 0.665362 0.917808
mid.bmp
  34 -20.040651 -3.646851 -0.131973 0.718701 -0.293353 -0.630406 0.696673 0.919765
  34 -20.147732 -3.986643 -0.088289 0.648496 -0.422086 -0.633480 0.694716 0.876712
  34 -20.208939 -3.601263 -0.233648 -0.040276 -0.167969 -0.984969 0.665362 0.917808
mid.bmp
  30 -22.487566 2.040522 -0.144170 -0.480343 -0.788869 -0.383348 0.904110 0.542074
  30 -21.767020 1.691476 -0.229231 -0.384826 -0.588982 -0.710640 0.908023 0.634051
  30 -21.851732 1.634509 0.104644 -0.483410 -0.874249 0.044770 0.888454 0.628180
mid.bmp
  30 -21.851732 1.634509 0.104644 -0.483410 -0.874249 0.044770 0.888454 0.628180
  30 -21.767020 1.691476 -0.229231 -0.384826 -0.588982 -0.710640 0.908023 0.634051
  29 -21.789962 1.599220 0.105907 -0.567746 -0.822303 -0.038491 0.882583 0.643836
mid.bmp
  30 -21.767020 1.691476 -0.229231 -0.384826 -0.588982 -0.710640 0.908023 0.634051
  29 -21.726959 1.661435 -0.247458 -0.533879 -0.269169 -0.801574 0.906067 0.645793
  29 -21.789962 1.599220 0.105907 -0.567746 -0.822303 -0.038491 0.882583 0.643836
mid.bmp
  24 -23.736320 -0.359067 -0.131453 -0.026526 -0.862716 -0.504992 0.904110 0.542074
  24 -22.615628 -0.343034 -0.150462 -0.004521 -0.554324 -0.832288 0.908023 0.634051
  24 -22.708753 -0.414829 0.160478 -0.006516 -0.946484 0.322684 0.888454 0.628180
mid.bmp
  24 -22.708753 -0.414829 0.160478 -0.006516 -0.946484 0.322684 0.888454 0.628180
  24 -22.615628 -0.343034 -0.150462 -0.004521 -0.554324 -0.832288 0.908023 0.634051
  23 -22.590636 -0.416549 0.182323 -0.016759 -0.985447 0.169156 0.882583 0.643836
mid.bmp
  24 -22.615628 -0.343034 -0.150462 -0.004521 -0.554324 -0.832288 0.908023 0.634051
  23 -22.566159 -0.335128 -0.151572 -0.003350 -0.498623 -0.866812 0.906067 0.645793
  23 -22.590636 -0.416549 0.182323 -0.016759 -0.985447 0.169156 0.882583 0.643836
mid.bmp
  30 -22.424762 2.163711 -0.150776 0.135776 0.474265 -0.869849 0.943249 0.534247
  31 -22.583139 2.108423 -0.115140 -0.397214 -0.770457 -0.498616 0.908023 0.518591
  31 -22.532679 2.221059 -0.135291 0.153511 0.461243 -0.873893 0.941292 0.510763
mid.bmp
  31 -22.532679 2.221059 -0.135291 0.153511 0.461243 -0.873893 0.941292 0.510763
  31 -22.583139 2.108423 -0.115140 -0.397214 -0.770457 -0.498616 0.908023 0.518591
  31 -22.874551 2.281098 -0.148377 -0.142285 -0.096305 -0.985130 0.923679 0.414873
mid.bmp
  31 -22.583139 2.108423 -0.115140 -0.397214 -0.770457 -0.498616 0.908023 0.518591
  31 -23.050230 2.309786 -0.070920 -0.521725 -0.821511 -0.230052 0.904110 0.393346
  31 -22.874551 2.281098 -0.148377 -0.142285 -0.096305 -0.985130 0.923679 0.414873
mid.bmp
  24 -23.731991 -0.085623 -0.162083 -0.033429 0.296143 -0.954558 0.943249 0.534247
  25 -23.939455 -0.328986 -0.126340 -0.046013 -0.690348 -0.722013 0.908023 0.518591
  25 -23.951507 -0.071404 -0.149928 -0.082644 0.441041 -0.893674 0.941292 0.510763
mid.bmp
  25 -23.951507 -0.071404 -0.149928 -0.082644 0.441041 -0.893674 0.941292 0.510763
  25 -23.939455 -0.328986 -0.126340 -0.046013 -0.690348 -0.722013 0.908023 0.518591
  25 -24.433147 -0.202078 -0.138802 -0.160442 -0.108851 -0.981025 0.923679 0.414873
mid.bmp
  25 -23.939455 -0.328986 -0.126340 -0.046013 -0.690348 -0.722013 0.908023 0.518591
  25 -24.595670 -0.365871 -0.006534 -0.215315 -0.939878 -0.265083 0.904110 0.393346
  25 -24.433147 -0.202078 -0.138802 -0.160442 -0.108851 -0.981025 0.923679 0.414873
mid.bmp
  34 -20.404137 -4.060214 0.057966 -0.693354 -0.720337 -0.019366 0.653620 0.859100
  34 -20.507909 -3.718288 0.044758 -0.989570 -0.124541 -0.072399 0.626223 0.898239
  34 -20.319768 -3.988592 -0.115180 -0.397585 -0.508240 -0.763949 0.679061 0.864971
mid.bmp
  34 -20.319768 -3.988592 -0.115180 -0.397585 -0.508240 -0.763949 0.679061 0.864971
  34 -20.507909 -3.718288 0.044758 -0.989570 -0.124541 -0.072399 0.626223 0.898239
  34 -20.416263 -3.692702 -0.142619 -0.722915 -0.064485 -0.687921 0.653620 0.900196
mid.bmp
  34 -20.507909 -3.718288 0.044758 -0.989570 -0.124541 -0.072399 0.626223 0.898239
  34 -20.469193 -3.151422 0.003987 -0.993246 0.044813 -0.107022 0.606654 0.962818
  34 -20.416263 -3.692702 -0.142619 -0.722915 -0.064485 -0.687921 0.653620 0.900196
mid.bmp
  20 -22.152649 1.105960 0.000315 0.206916 0.871667 -0.444278 0.872798 0.988258
  21 -22.203039 1.114078 -0.018837 0.138543 0.907824 -0.395805 0.872798 0.970646
  20 -22.184712 1.092167 0.227182 0.047744 0.966234 0.253206 0.892368 0.986301
mid.bmp
  20 -22.184712 1.092167 0.227182 0.047744 0.966234 0.253206 0.892368 0.986301
  21 -22.203039 1.114078 -0.018837 0.138543 0.907824 -0.395805 0.872798 0.970646
  21 -22.231916 1.095713 0.210892 0.152119 0.950009 0.272660 0.894325 0.966732
mid.bmp
  21 -22.203039 1.114078 -0.018837 0.138543 0.907824 -0.395805 0.872798 0.970646
  21 -23.279059 1.289191 0.028518 0.141470 0.955969 -0.257116 0.878669 0.825832
  21 -22.231916 1.095713 0.210892 0.152119 0.950009 0.272660 0.894325 0.966732
mid.bmp
  32 -20.232423 -1.736791 -0.317460 -0.578804 -0.011376 -0.815387 0.737769 0.673190
  32 -19.448834 -1.470791 -0.633322 -0.004222 -0.080854 -0.996717 0.790607 0.620352
  32 -19.624657 -1.898969 -0.556068 0.122355 -0.249972 -0.960491 0.792564 0.663405
mid.bmp
  32 -19.624657 -1.898969 -0.556068 0.122355 -0.249972 -0.960491 0.792564 0.663405
  32 -19.448834 -1.470791 -0.633322 -0.004222 -0.080854 -0.996717 0.790607 0.620352
  32 -19.038731 -1.879374 -0.232809 0.568975 -0.412266 -0.711551 0.845401 0.647750
mid.bmp
  32 -19.448834 -1.470791 -0.633322 -0.004222 -0.080854 -0.996717 0.790607 0.620352
  32 -18.702146 -1.297542 -0.295242 0.376913 -0.416092 -0.827529 0.849315 0.587084
  32 -19.038731 -1.879374 -0.232809 0.568975 -0.412266 -0.711551 0.845401 0.647750
mid.bmp
  19 -20.543978 0.668989 0.395181 -0.082612 0.403327 0.911319 0.769080 0.250489
  19 -21.105823 0.426666 0.199757 -0.294334 0.066487 0.953387 0.718200 0.223092
  19 -20.541975 0.132577 0.582666 -0.117984 0.152742 0.981198 0.772994 0.199609
mid.bmp
  19 -20.541975 0.132577 0.582666 -0.117984 0.152742 0.981198 0.772994 0.199609
  19 -21.105823 0.426666 0.199757 -0.294334 0.066487 0.953387 0.718200 0.223092
  19 -21.166886 0.240430 0.293124 -0.242701 0.620784 0.745469 0.712329 0.207436
mid.bmp
  19 -21.105823 0.426666 0.199757 -0.294334 0.066487 0.953387 0.718200 0.223092
  20 -21.194157 0.314387 0.311125 -0.788128 0.559982 0.255489 0.702544 0.215264
  19 -21.166886 0.240430 0.293124 -0.242701 0.620784 0.745469 0.712329 0.207436
mid.bmp
  33 -19.786056 -2.317555 -0.463134 0.045898 -0.206464 -0.977377 0.784736 0.772994
  33 -19.922543 -2.776004 -0.386668 -0.099000 -0.134413 -0.985968 0.782779 0.724070
  33 -20.249944 -2.095954 -0.308144 -0.599208 0.017925 -0.800393 0.839530 0.776908
mid.bmp
  33 -20.249944 -2.095954 -0.308144 -0.599208 0.017925 -0.800393 0.839530 0.776908
  33 -19.922543 -2.776004 -0.386668 -0.099000 -0.134413 -0.985968 0.782779 0.724070
  33 -20.338966 -2.612271 -0.263346 -0.667472 0.049997 -0.742954 0.829746 0.724070
mid.bmp
  33 -19.922543 -2.776004 -0.386668 -0.099000 -0.134413 -0.985968 0.782779 0.724070
  33 -20.432589 -2.967832 -0.195041 -0.644263 -0.058452 -0.762567 0.829746 0.686888
  33 -20.338966 -2.612271 -0.263346 -0.667472 0.049997 -0.742954 0.829746 0.724070
mid.bmp
  29 -21.584273 1.789777 -0.259671 -0.601554 0.533021 -0.594997 0.504892 0.430528
  29 -21.721980 1.578256 -0.297513 -0.571222 -0.527641 -0.628729 0.506849 0.457926
  29 -21.726959 1.661435 -0.247458 -0.930297 0.174636 -0.322568 0.500978 0.455969
mid.bmp
  29 -21.726959 1.661435 -0.247458 -0.930297 0.174636 -0.322568 0.500978 0.455969
  29 -21.721980 1.578256 -0.297513 -0.571222 -0.527641 -0.628729 0.506849 0.457926
  29 -21.798746 1.537986 0.104288 -0.612963 -0.786249 0.078035 0.495108 0.481409
mid.bmp
  29 -21.721980 1.578256 -0.297513 -0.571222 -0.527641 -0.628729 0.506849 0.457926
  29 -21.080209 1.135205 -0.368352 -0.539260 -0.554541 -0.633784 0.575342 0.469667
  29 -21.798746 1.537986 0.104288 -0.612963 -0.786249 0.078035 0.495108 0.481409
mid.bmp
  19 -18.688015 0.825107 0.164271 0.262866 0.769368 0.582215 0.935421 0.272016
  19 -18.342507 0.929123 -0.353144 0.189079 0.942332 0.276152 0.966732 0.295499
  19 -18.608166 1.044707 -0.359259 0.380864 0.924176 0.029018 0.941292 0.299413
mid.bmp
  19 -18.608166 1.044707 -0.359259 0.380864 0.924176 0.029018 0.941292 0.299413
  19 -18.342507 0.929123 -0.353144 0.189079 0.942332 0.276152 0.966732 0.295499
  19 -18.578646 0.976576 -0.482896 0.305696 0.837227 -0.453433 0.945205 0.307241
mid.bmp
  19 -18.342507 0.929123 -0.353144 0.189079 0.942332 0.276152 0.966732 0.295499
  19 -18.247097 0.881258 -0.456936 0.246361 0.821245 -0.514649 0.968689 0.301370
  19 -18.578646 0.976576 -0.482896 0.305696 0.837227 -0.453433 0.945205 0.307241
mid.bmp
  33 -20.320001 -3.034358 -0.219657 -0.427253 -0.903500 -0.033808 0.782779 0.681018
  33 -20.034804 -3.137606 -0.322572 0.230323 -0.323373 -0.917813 0.782779 0.684932
  33 -20.050238 -3.100273 -0.295780 -0.370994 -0.637773 0.674988 0.767123 0.681018
mid.bmp
  33 -20.050238 -3.100273 -0.295780 -0.370994 -0.637773 0.674988 0.767123 0.681018
  33 -20.034804 -3.137606 -0.322572 0.230323 -0.323373 -0.917813 0.782779 0.684932
  33 -19.886860 -3.198210 -0.136409 0.658975 -0.499726 -0.562162 0.767123 0.682975
mid.bmp
  33 -20.034804 -3.137606 -0.322572 0.230323 -0.323373 -0.917813 0.782779 0.684932
  33 -19.678800 -2.788615 -0.176658 0.620229 -0.389603 -0.680827 0.759295 0.727984
  33 -19.886860 -3.198210 -0.136409 0.658975 -0.499726 -0.562162 0.767123 0.682975
mid.bmp
  19 -17.597042 -0.276428 0.881400 0.758332 -0.061536 0.648958 0.704501 0.710372
  19 -17.614433 -1.001575 0.709024 0.750879 0.374031 -0.544318 0.692759 0.759295
  19 -17.599699 -0.273675 0.855351 0.617432 0.042302 -0.785486 0.700587 0.710372
mid.bmp
  19 -17.599699 -0.273675 0.855351 0.617432 0.042302 -0.785486 0.700587 0.710372
  19 -17.614433 -1.001575 0.709024 0.750879 0.374031 -0.544318 0.692759 0.759295
  19 -17.736222 -0.873401 0.657470 0.608300 0.271356 -0.745880 0.684932 0.751468
mid.bmp
  19 -17.614433 -1.001575 0.709024 0.750879 0.374031 -0.544318 0.692759 0.759295
  19 -17.720787 -1.154773 0.322917 0.638007 0.671606 -0.376685 0.661448 0.769080
  19 -17.736222 -0.873401 0.657470 0.608300 0.271356 -0.745880 0.684932 0.751468
mid.bmp
  19 -17.466401 0.557610 -0.727061 0.489487 -0.377983 0.785832 0.706458 0.784736
  19 -17.617090 0.347234 -0.739972 0.376370 -0.051337 0.925046 0.704501 0.769080
  19 -17.465827 0.326394 -0.789932 0.528597 -0.083892 0.844717 0.714286 0.767123
mid.bmp
  19 -17.465827 0.326394 -0.789932 0.528597 -0.083892 0.844717 0.714286 0.767123
  19 -17.617090 0.347234 -0.739972 0.376370 -0.051337 0.925046 0.704501 0.769080
  19 -17.488858 -0.286725 -0.798814 0.433580 -0.148195 0.888846 0.724070 0.718200
mid.bmp
  19 -17.617090 0.347234 -0.739972 0.376370 -0.051337 0.925046 0.704501 0.769080
  19 -17.823719 -0.344048 -0.646764 0.534870 0.182098 0.825078 0.712329 0.716243
  19 -17.488858 -0.286725 -0.798814 0.433580 -0.148195 0.888846 0.724070 0.718200
mid.bmp
  19 -17.488858 -0.286725 -0.798814 0.433580 -0.148195 0.888846 0.195695 0.945205
  19 -17.878837 -0.388760 -0.747762 -0.021425 -0.154479 -0.987764 0.197652 0.894325
  19 -17.482420 -0.285779 -0.823522 0.787067 -0.271057 -0.554124 0.187867 0.949119
mid.bmp
  19 -17.482420 -0.285779 -0.823522 0.787067 -0.271057 -0.554124 0.187867 0.949119
  19 -17.878837 -0.388760 -0.747762 -0.021425 -0.154479 -0.987764 0.197652 0.894325
  19 -17.522983 -0.307979 -0.839378 -0.183443 -0.016929 -0.982884 0.181996 0.947162
mid.bmp
  19 -17.878837 -0.388760 -0.747762 -0.021425 -0.154479 -0.987764 0.197652 0.894325
  19 -17.501245 0.352007 -0.830994 -0.048692 0.038929 -0.998055 0.101761 0.945205
  19 -17.522983 -0.307979 -0.839378 -0.183443 -0.016929 -0.982884 0.181996 0.947162
mid.bmp
  19 -18.059829 -0.418095 -0.915261 -0.275553 0.438160 -0.855621 0.412916 0.904110
  19 -18.074035 -0.359415 -0.880637 0.012498 0.562981 -0.826375 0.412916 0.876712
  19 -18.038179 -0.424643 -0.925587 0.064878 0.564052 -0.823187 0.389432 0.917808
mid.bmp
  19 -18.038179 -0.424643 -0.925587 0.064878 0.564052 -0.823187 0.389432 0.917808
  19 -18.074035 -0.359415 -0.880637 0.012498 0.562981 -0.826375 0.412916 0.876712
  19 -18.004749 -0.358133 -0.873249 0.115403 0.571007 -0.812794 0.365949 0.876712
mid.bmp
  19 -18.074035 -0.359415 -0.880637 0.012498 0.562981 -0.826375 0.412916 0.876712
  19 -18.043839 -0.351451 -0.873381 0.084466 0.476848 -0.874918 0.389432 0.863014
  19 -18.004749 -0.358133 -0.873249 0.115403 0.571007 -0.812794 0.365949 0.876712
mid.bmp
  19 -17.592962 -1.287910 0.332488 0.855326 -0.442926 0.268765 0.663405 0.782779
  19 -17.577173 -1.337238 0.156416 0.880644 -0.473087 0.025575 0.651663 0.782779
  19 -17.598108 -1.246699 0.332708 0.785920 0.562165 -0.257487 0.663405 0.776908
mid.bmp
  19 -17.598108 -1.246699 0.332708 0.785920 0.562165 -0.257487 0.663405 0.776908
  19 -17.577173 -1.337238 0.156416 0.880644 -0.473087 0.025575 0.651663 0.782779
  19 -17.580080 -1.306230 0.156327 0.637162 0.769985 -0.033869 0.651663 0.778865
mid.bmp
  19 -17.577173 -1.337238 0.156416 0.880644 -0.473087 0.025575 0.651663 0.782779
  19 -17.555612 -1.256551 -0.132633 0.609593 0.745578 0.269276 0.632094 0.774951
  19 -17.580080 -1.306230 0.156327 0.637162 0.769985 -0.033869 0.651663 0.778865
mid.bmp
  19 -17.784494 0.066807 -0.989065 0.245719 -0.402989 -0.881602 0.614481 0.334638
  19 -17.877883 -0.418599 -0.793210 0.135902 -0.414439 -0.899873 0.538160 0.328767
  19 -17.924091 0.161930 -1.071455 0.150575 -0.417515 -0.896108 0.620352 0.360078
mid.bmp
  19 -17.924091 0.161930 -1.071455 0.150575 -0.417515 -0.896108 0.620352 0.360078
  19 -17.877883 -0.418599 -0.793210 0.135902 -0.414439 -0.899873 0.538160 0.328767
  19 -18.125069 0.102475 -1.062911 0.106864 -0.416580 -0.902796 0.612524 0.381605
mid.bmp
  19 -17.877883 -0.418599 -0.793210 0.135902 -0.414439 -0.899873 0.538160 0.328767
  19 -18.229046 -0.407799 -0.844660 0.119773 -0.410953 -0.903755 0.530333 0.383562
  19 -18.125069 0.102475 -1.062911 0.106864 -0.416580 -0.902796 0.612524 0.381605
mid.bmp
  18 -5.068578 0.216606 1.336048 0.086801 0.720840 0.687645 0.338552 0.677104
  18 -8.483306 -0.166313 1.483824 -0.027031 0.183817 0.982589 0.377691 0.532290
  18 -5.141689 -0.625205 1.648232 0.002890 0.136110 0.990689 0.377691 0.677104
mid.bmp
  18 -5.141689 -0.625205 1.648232 0.002890 0.136110 0.990689 0.377691 0.677104
  18 -8.483306 -0.166313 1.483824 -0.027031 0.183817 0.982589 0.377691 0.532290
  18 -8.629053 -0.993312 1.426671 -0.094644 -0.301724 0.948686 0.430528 0.530333
mid.bmp
  18 -8.483306 -0.166313 1.483824 -0.027031 0.183817 0.982589 0.377691 0.532290
  18 -9.201118 -0.841548 1.376773 -0.083282 -0.335900 0.938209 0.430528 0.504892
  18 -8.629053 -0.993312 1.426671 -0.094644 -0.301724 0.948686 0.430528 0.530333
mid.bmp
  3 22.151736 1.135986 0.030134 -0.245721 0.840437 -0.482998 0.974560 0.639922
  4 22.213907 0.984162 -0.157984 -0.023048 0.218980 -0.975457 0.943249 0.634051
  3 22.133393 0.978199 -0.142294 -0.192182 0.288842 -0.937889 0.943249 0.645793
mid.bmp
  3 22.133393 0.978199 -0.142294 -0.192182 0.288842 -0.937889 0.943249 0.645793
  4 22.213907 0.984162 -0.157984 -0.023048 0.218980 -0.975457 0.943249 0.634051
  3 22.233762 0.707233 -0.118717 0.072446 -0.555248 -0.828524 0.906067 0.645793
mid.bmp
  16 20.435817 -2.970804 0.129170 0.959205 -0.057393 0.276823 0.827789 0.990215
  16 20.330092 -2.962170 0.306583 0.629095 -0.140009 0.764616 0.804305 0.988258
  17 20.354331 -3.124044 0.256999 0.715243 0.028989 0.698275 0.812133 0.966732
mid.bmp
  17 20.354331 -3.124044 0.256999 0.715243 0.028989 0.698275 0.812133 0.966732
  16 20.330092 -2.962170 0.306583 0.629095 -0.140009 0.764616 0.804305 0.988258
  16 20.084924 -3.059186 0.401687 0.423852 -0.206649 0.881842 0.776908 0.988258
mid.bmp
  2 19.191516 1.076770 -0.734123 -0.264854 0.671083 -0.692459 0.726027 0.407045
  2 20.236203 1.548549 -0.682641 -0.251402 0.846288 -0.469674 0.622309 0.401174
  2 20.216682 1.204406 -0.851749 -0.041224 0.262007 -0.964185 0.636008 0.438356
mid.bmp
  2 20.216682 1.204406 -0.851749 -0.041224 0.262007 -0.964185 0.636008 0.438356
  2 20.236203 1.548549 -0.682641 -0.251402 0.846288 -0.469674 0.622309 0.401174
  12 20.716697 1.450066 -0.434649 0.016449 0.366398 -0.930313 0.594912 0.432485
mid.bmp
  16 19.665687 -2.761899 -0.177793 -0.638796 -0.373907 -0.672409 0.581213 0.931507
  16 19.839642 -3.171936 -0.140735 -0.702741 -0.453931 -0.547816 0.557730 0.988258
  16 19.810458 -3.170897 -0.040403 -0.851345 -0.440309 -0.285201 0.551859 0.984344
mid.bmp
  16 19.810458 -3.170897 -0.040403 -0.851345 -0.440309 -0.285201 0.551859 0.984344
  16 19.839642 -3.171936 -0.140735 -0.702741 -0.453931 -0.547816 0.557730 0.988258
  16 19.798679 -3.154091 0.080838 0.619335 -0.751162 0.228429 0.538160 0.988258
mid.bmp
  16 19.845075 -3.111268 0.298195 -0.615773 -0.243661 0.749301 0.524462 0.976517
  16 20.084924 -3.059186 0.401687 0.294089 -0.955583 -0.019332 0.497065 0.982387
  16 20.094688 -3.056595 0.422143 0.003773 -0.127453 0.991837 0.499022 0.974560
mid.bmp
  16 20.094688 -3.056595 0.422143 0.003773 -0.127453 0.991837 0.499022 0.974560
  16 20.084924 -3.059186 0.401687 0.294089 -0.955583 -0.019332 0.497065 0.982387
  16 20.330092 -2.962170 0.306583 0.655672 -0.052276 0.753234 0.473581 0.964775
mid.bmp
  2 17.901252 -1.046398 -0.311323 0.145322 -0.743038 -0.653281 0.279843 0.892368
  2 17.551424 -0.855780 -0.619379 0.177468 -0.554175 -0.813262 0.244618 0.943249
  2 17.882078 -0.737138 -0.564452 0.144200 -0.435548 -0.888541 0.238748 0.892368
mid.bmp
  2 17.882078 -0.737138 -0.564452 0.144200 -0.435548 -0.888541 0.238748 0.892368
  2 17.551424 -0.855780 -0.619379 0.177468 -0.554175 -0.813262 0.244618 0.943249
  2 17.521599 -0.499932 -0.739826 0.128932 -0.164596 -0.977898 0.205479 0.943249
mid.bmp
  16 20.456266 -2.959920 0.116828 0.976489 0.015552 0.215005 0.847358 0.684932
  16 20.420549 -2.545290 -0.074346 0.965754 0.074814 -0.248438 0.843444 0.726027
  16 20.431170 -2.539117 0.104991 0.964024 0.041284 0.262590 0.859100 0.727984
mid.bmp
  16 20.431170 -2.539117 0.104991 0.964024 0.041284 0.262590 0.859100 0.727984
  16 20.420549 -2.545290 -0.074346 0.965754 0.074814 -0.248438 0.843444 0.726027
  16 20.413683 -1.923962 0.110285 0.997193 0.011689 -0.073959 0.857143 0.782779
mid.bmp
  3 22.312060 0.596600 0.256350 0.281079 -0.953531 0.108503 0.608611 0.232877
  3 22.329821 0.628160 0.239600 0.917648 -0.315858 0.241155 0.602740 0.232877
  3 22.235465 0.833103 0.428548 0.103885 -0.212721 0.971575 0.612524 0.250489
mid.bmp
  3 22.235465 0.833103 0.428548 0.103885 -0.212721 0.971575 0.612524 0.250489
  3 22.329821 0.628160 0.239600 0.917648 -0.315858 0.241155 0.602740 0.232877
  3 22.250459 0.859928 0.403281 0.805290 0.100298 0.584336 0.606654 0.252446
mid.bmp
  15 20.380092 -1.530794 0.356173 0.684048 -0.472345 0.555850 0.444227 0.835616
  15 20.106242 -1.495279 0.643528 0.175540 -0.400071 0.899516 0.477495 0.823875
  16 19.925688 -2.052396 0.560309 0.156102 -0.215672 0.963908 0.504892 0.874755
mid.bmp
  16 19.925688 -2.052396 0.560309 0.156102 -0.215672 0.963908 0.504892 0.874755
  15 20.106242 -1.495279 0.643528 0.175540 -0.400071 0.899516 0.477495 0.823875
  15 19.735652 -1.455554 0.694751 -0.123860 -0.245880 0.961354 0.516634 0.816047
mid.bmp
  15 19.050360 -1.875125 0.158005 -0.655592 -0.503137 0.563074 0.925636 0.025440
  15 19.257288 -1.694555 0.489185 -0.423953 -0.366861 0.828056 0.896282 0.031311
  15 19.149689 -1.360008 0.592843 -0.424460 -0.403139 0.810748 0.908023 0.060665
mid.bmp
  15 19.149689 -1.360008 0.592843 -0.424460 -0.403139 0.810748 0.908023 0.060665
  15 19.257288 -1.694555 0.489185 -0.423953 -0.366861 0.828056 0.896282 0.031311
  15 19.735652 -1.455554 0.694751 -0.123860 -0.245880 0.961354 0.849315 0.046967
mid.bmp
  2 17.479084 -0.494913 -0.721687 -0.822632 -0.241880 -0.514559 0.203523 0.947162
  2 17.485656 -0.490055 -0.702112 -0.522888 0.431853 0.734909 0.197652 0.945205
  2 17.521599 -0.499932 -0.739826 0.128932 -0.164596 -0.977898 0.205479 0.943249
mid.bmp
  2 17.521599 -0.499932 -0.739826 0.128932 -0.164596 -0.977898 0.205479 0.943249
  2 17.485656 -0.490055 -0.702112 -0.522888 0.431853 0.734909 0.197652 0.945205
  2 17.801907 -0.336738 -0.630416 -0.474948 0.193250 0.858533 0.197652 0.915851
mid.bmp
  2 17.509868 -0.271806 -0.792818 0.133349 -0.017217 -0.990920 0.731898 0.716243
  2 17.471568 -0.252338 -0.776497 -0.813119 -0.274195 -0.513474 0.727984 0.718200
  2 17.491925 0.380961 -0.784760 0.025726 0.052585 -0.998285 0.724070 0.772994
mid.bmp
  2 17.491925 0.380961 -0.784760 0.025726 0.052585 -0.998285 0.724070 0.772994
  2 17.471568 -0.252338 -0.776497 -0.813119 -0.274195 -0.513474 0.727984 0.718200
  2 17.464894 0.378146 -0.770267 -0.893800 0.013100 -0.448275 0.720157 0.769080
mid.bmp
  2 18.287831 -1.033596 -0.347837 -0.253278 -0.633279 -0.731306 0.287671 0.833659
  2 18.308851 -1.170225 -0.171030 -0.349042 -0.907545 -0.233522 0.305284 0.833659
  2 18.245612 -1.225532 -0.200051 0.074614 -0.899627 -0.430238 0.305284 0.841487
mid.bmp
  2 18.245612 -1.225532 -0.200051 0.074614 -0.899627 -0.430238 0.305284 0.841487
  2 18.308851 -1.170225 -0.171030 -0.349042 -0.907545 -0.233522 0.305284 0.833659
  2 18.280293 -1.204018 0.059287 -0.135047 -0.981016 0.139172 0.324853 0.831703
mid.bmp
  2 17.769649 0.105538 -0.936350 -0.982921 -0.121079 0.138588 0.614481 0.334638
  2 17.768848 0.100602 -0.946349 -0.870244 0.040856 0.490923 0.614481 0.334638
  2 17.859386 -0.402738 -0.743965 -0.870244 0.040856 0.490923 0.538160 0.328767
mid.bmp
  2 17.859386 -0.402738 -0.743965 -0.870244 0.040856 0.490923 0.538160 0.328767
  2 17.768848 0.100602 -0.946349 -0.870244 0.040856 0.490923 0.614481 0.334638
  2 17.847820 -0.405840 -0.755222 -0.709892 0.149081 0.688352 0.538160 0.328767
mid.bmp
  2 17.859386 -0.402738 -0.743965 0.073829 -0.978277 0.193711 0.538160 0.328767
  2 17.847820 -0.405840 -0.755222 0.082067 -0.961141 0.263578 0.538160 0.328767
  2 18.213668 -0.387654 -0.802815 0.082067 -0.961141 0.263578 0.530333 0.383562
mid.bmp
  2 18.213668 -0.387654 -0.802815 0.082067 -0.961141 0.263578 0.530333 0.383562
  2 17.847820 -0.405840 -0.755222 0.082067 -0.961141 0.263578 0.538160 0.328767
  2 18.204100 -0.393256 -0.816715 0.088443 -0.943505 0.319336 0.530333 0.383562
mid.bmp
  2 18.213668 -0.387654 -0.802815 0.829525 -0.033549 -0.557460 0.530333 0.383562
  2 18.204100 -0.393256 -0.816715 0.817149 -0.042449 -0.574861 0.530333 0.383562
  2 18.093573 0.145389 -1.013602 0.817149 -0.042449 -0.574861 0.612524 0.381605
mid.bmp
  2 18.093573 0.145389 -1.013602 0.817149 -0.042449 -0.574861 0.612524 0.381605
  2 18.204100 -0.393256 -0.816715 0.817149 -0.042449 -0.574861 0.530333 0.383562
  2 18.085768 0.136138 -1.023299 0.801997 -0.052912 -0.594979 0.612524 0.381605
mid.bmp
  34 -20.373445 -3.948535 0.316622 -0.599062 -0.457093 0.657412 0.759295 0.866928
  34 -20.404137 -4.060214 0.057966 -0.693354 -0.720337 -0.019366 0.722114 0.843444
  34 -20.138563 -4.075193 0.096658 -0.015519 -0.998427 0.053869 0.722114 0.857143
mid.bmp
  34 -20.138563 -4.075193 0.096658 -0.015519 -0.998427 0.053869 0.722114 0.857143
  34 -20.404137 -4.060214 0.057966 -0.693354 -0.720337 -0.019366 0.722114 0.843444
  34 -20.319768 -3.988592 -0.115180 -0.397585 -0.508240 -0.763949 0.679061 0.864971
mid.bmp
  33 -20.455259 -2.978232 0.126232 -0.968025 -0.017130 0.250270 0.827789 0.990215
  34 -20.388243 -3.131766 0.251415 -0.719237 0.039819 0.693623 0.812133 0.966732
  33 -20.358319 -2.972006 0.301214 -0.641448 -0.116226 0.758311 0.804305 0.988258
mid.bmp
  33 -20.358319 -2.972006 0.301214 -0.641448 -0.116226 0.758311 0.804305 0.988258
  34 -20.388243 -3.131766 0.251415 -0.719237 0.039819 0.693623 0.812133 0.966732
  33 -20.115699 -3.076198 0.398448 -0.435195 -0.192631 0.879488 0.776908 0.988258
mid.bmp
  19 -19.200332 1.061219 -0.732960 0.255337 0.676892 -0.690377 0.726027 0.407045
  19 -20.223898 1.197788 -0.840127 0.028286 0.278707 -0.959960 0.636008 0.438356
  19 -20.245063 1.531261 -0.658660 0.246498 0.850794 -0.464099 0.622309 0.401174
mid.bmp
  19 -20.245063 1.531261 -0.658660 0.246498 0.850794 -0.464099 0.622309 0.401174
  19 -20.223898 1.197788 -0.840127 0.028286 0.278707 -0.959960 0.636008 0.438356
  29 -20.712015 1.441784 -0.438700 -0.030077 0.368425 -0.929171 0.594912 0.432485
mid.bmp
  33 -19.678800 -2.788615 -0.176658 0.620229 -0.389603 -0.680827 0.581213 0.931507
  33 -19.835655 -3.188337 -0.048253 0.798819 -0.489786 -0.349282 0.551859 0.984344
  33 -19.886860 -3.198210 -0.136409 0.658975 -0.499726 -0.562162 0.557730 0.988258
mid.bmp
  33 -19.886860 -3.198210 -0.136409 0.658975 -0.499726 -0.562162 0.557730 0.988258
  33 -19.835655 -3.188337 -0.048253 0.798819 -0.489786 -0.349282 0.551859 0.984344
  33 -19.827145 -3.179471 0.074967 -0.538416 -0.828125 0.155939 0.538160 0.988258
mid.bmp
  33 -20.305098 -1.978559 0.359694 -0.698767 -0.064181 0.712465 0.461840 0.866928
  33 -20.399687 -1.931853 0.111689 -0.995592 0.044758 -0.082427 0.430528 0.874755
  33 -20.317615 -2.538780 0.335725 -0.691851 0.004215 0.722028 0.471624 0.921722
mid.bmp
  33 -20.317615 -2.538780 0.335725 -0.691851 0.004215 0.722028 0.471624 0.921722
  33 -20.399687 -1.931853 0.111689 -0.995592 0.044758 -0.082427 0.430528 0.874755
  33 -20.439872 -2.546004 0.100600 -0.964821 0.075682 0.251779 0.444227 0.921722
mid.bmp
  33 -20.479859 -2.957622 0.112801 -0.979501 0.043965 0.196581 0.847358 0.684932
  33 -20.439872 -2.546004 0.100600 -0.964821 0.075682 0.251779 0.859100 0.727984
  33 -20.426065 -2.540578 -0.079317 -0.961670 0.108703 -0.251742 0.843444 0.726027
mid.bmp
  33 -20.426065 -2.540578 -0.079317 -0.961670 0.108703 -0.251742 0.843444 0.726027
  33 -20.439872 -2.546004 0.100600 -0.964821 0.075682 0.251779 0.859100 0.727984
  33 -20.399687 -1.931853 0.111689 -0.995592 0.044758 -0.082427 0.857143 0.782779
mid.bmp
  20 -22.310547 0.576944 0.225378 -0.280687 -0.949454 0.140540 0.608611 0.232877
  20 -22.239011 0.807702 0.382909 -0.117362 -0.215637 0.969395 0.612524 0.250489
  20 -22.327766 0.613381 0.215059 -0.927792 -0.300395 0.221280 0.602740 0.232877
mid.bmp
  20 -22.327766 0.613381 0.215059 -0.927792 -0.300395 0.221280 0.602740 0.232877
  20 -22.239011 0.807702 0.382909 -0.117362 -0.215637 0.969395 0.612524 0.250489
  20 -22.255098 0.834309 0.357315 -0.793398 0.098164 0.600736 0.606654 0.252446
mid.bmp
  32 -19.039748 -1.895071 0.158934 0.663080 -0.482935 0.571925 0.925636 0.025440
  32 -19.144038 -1.369500 0.592965 0.447597 -0.382187 0.808449 0.908023 0.060665
  32 -19.253580 -1.702736 0.503221 0.437500 -0.354538 0.826375 0.896282 0.031311
mid.bmp
  32 -19.253580 -1.702736 0.503221 0.437500 -0.354538 0.826375 0.896282 0.031311
  32 -19.144038 -1.369500 0.592965 0.447597 -0.382187 0.808449 0.908023 0.060665
  32 -19.728387 -1.478111 0.702401 0.132828 -0.225135 0.965231 0.849315 0.046967
mid.bmp
  19 -17.900998 0.865307 -0.467487 0.061252 0.849537 -0.523961 0.043053 0.890411
  19 -17.905103 0.880358 -0.482706 0.122640 0.829054 -0.545553 0.039139 0.884540
  19 -17.917760 0.901180 -0.367462 -0.061409 0.985153 0.160317 0.025440 0.890411
mid.bmp
  19 -17.917760 0.901180 -0.367462 -0.061409 0.985153 0.160317 0.025440 0.890411
  19 -17.905103 0.880358 -0.482706 0.122640 0.829054 -0.545553 0.039139 0.884540
  19 -17.934828 0.922441 -0.372581 0.132446 0.966384 0.220364 0.019569 0.884540
mid.bmp
  19 -17.497529 -0.530064 -0.768612 0.838871 -0.231067 -0.492853 0.203523 0.947162
  19 -17.541048 -0.529870 -0.796107 -0.160713 -0.150356 -0.975482 0.205479 0.943249
  19 -17.503620 -0.520098 -0.748899 0.550263 0.445609 0.706147 0.197652 0.945205
mid.bmp
  19 -17.503620 -0.520098 -0.748899 0.550263 0.445609 0.706147 0.197652 0.945205
  19 -17.541048 -0.529870 -0.796107 -0.160713 -0.150356 -0.975482 0.205479 0.943249
  19 -17.823719 -0.344048 -0.646764 0.534870 0.182098 0.825078 0.197652 0.915851
mid.bmp
  19 -18.292832 -1.068443 -0.373883 0.218221 -0.648536 -0.729233 0.287671 0.833659
  19 -18.256108 -1.254313 -0.232262 -0.122784 -0.900555 -0.417043 0.305284 0.841487
  19 -18.301750 -1.194545 -0.197068 0.330047 -0.915857 -0.228636 0.305284 0.833659
mid.bmp
  19 -18.301750 -1.194545 -0.197068 0.330047 -0.915857 -0.228636 0.305284 0.833659
  19 -18.256108 -1.254313 -0.232262 -0.122784 -0.900555 -0.417043 0.305284 0.841487
  19 -18.291798 -1.234933 0.046217 0.117089 -0.976131 0.182918 0.324853 0.831703
mid.bmp
  19 -17.784084 0.071306 -0.983645 0.983920 -0.166740 0.064020 0.614481 0.334638
  19 -17.882760 -0.428971 -0.770079 0.982303 -0.139486 0.124995 0.538160 0.328767
  19 -17.784494 0.066807 -0.989065 0.982303 -0.139486 0.124995 0.614481 0.334638
mid.bmp
  19 -17.784494 0.066807 -0.989065 0.982303 -0.139486 0.124995 0.614481 0.334638
  19 -17.882760 -0.428971 -0.770079 0.982303 -0.139486 0.124995 0.538160 0.328767
  19 -17.877883 -0.418599 -0.793210 0.980441 -0.128469 0.149103 0.538160 0.328767
mid.bmp
  19 -17.882760 -0.428971 -0.770079 0.032530 -0.914536 -0.403195 0.538160 0.328767
  19 -18.229624 -0.412823 -0.834689 0.034238 -0.908345 -0.416817 0.530333 0.383562
  19 -17.877883 -0.418599 -0.793210 0.034238 -0.908345 -0.416817 0.538160 0.328767
mid.bmp
  19 -17.877883 -0.418599 -0.793210 0.034238 -0.908345 -0.416817 0.538160 0.328767
  19 -18.229624 -0.412823 -0.834689 0.034238 -0.908345 -0.416817 0.530333 0.383562
  19 -18.229046 -0.407799 -0.844660 0.038148 -0.893281 -0.447876 0.530333 0.383562
mid.bmp
  19 -18.229624 -0.412823 -0.834689 -0.977466 0.205779 0.047057 0.530333 0.383562
  19 -18.130610 0.107466 -1.053196 -0.953113 0.062227 -0.296147 0.612524 0.381605
  19 -18.229046 -0.407799 -0.844660 -0.953113 0.062227 -0.296147 0.530333 0.383562
mid.bmp
  19 -18.229046 -0.407799 -0.844660 -0.953113 0.062227 -0.296147 0.530333 0.383562
  19 -18.130610 0.107466 -1.053196 -0.953113 0.062227 -0.296147 0.612524 0.381605
  19 -18.125069 0.102475 -1.062911 -0.874573 -0.028819 -0.484037 0.612524 0.381605
mid.bmp
  14 23.039887 2.464197 0.186912 0.467899 0.695606 0.545164 0.923679 0.671233
  14 23.116242 2.394346 0.188567 0.948943 -0.256007 0.184304 0.956947 0.673190
  14 23.092888 2.468948 0.127034 0.843847 0.456339 -0.282270 0.925636 0.661448
mid.bmp
  7 22.715339 0.108982 0.167091 0.008074 0.912354 0.409322 0.894325 0.966732
  7 23.874689 0.112112 0.029959 0.067188 0.949671 -0.305957 0.878669 0.825832
  7 22.710629 0.137293 -0.039774 0.045469 0.846083 -0.531108 0.872798 0.970646
mid.bmp
  9 22.310571 -0.801737 -0.119630 0.205847 0.837451 -0.506263 0.974560 0.639922
  10 22.272679 -1.034139 -0.354796 0.021301 0.123702 -0.992091 0.943249 0.634051
  9 22.196458 -1.025228 -0.350334 -0.087944 0.088217 -0.992211 0.943249 0.645793
mid.bmp
  10 22.385426 -0.881256 0.104477 0.202237 0.849047 0.488078 0.894325 0.966732
  10 23.345844 -1.045471 -0.093315 0.246715 0.934573 -0.256328 0.878669 0.825832
  10 22.384762 -0.825158 -0.113542 0.202542 0.876452 -0.436816 0.872798 0.970646
mid.bmp
  17 20.442234 -3.142726 0.018737 0.995486 0.013855 -0.093889 0.835616 0.951076
  16 20.420068 -3.002570 -0.084624 0.932735 -0.106521 -0.344468 0.849315 0.984344
  16 20.435817 -2.970804 0.129170 0.959205 -0.057393 0.276823 0.827789 0.990215
mid.bmp
  17 20.236268 -3.569247 0.369835 0.124963 -0.018041 0.991997 0.772994 0.917808
  17 20.354331 -3.124044 0.256999 0.715243 0.028989 0.698275 0.812133 0.966732
  16 20.084924 -3.059186 0.401687 -0.064824 -0.082592 0.994473 0.776908 0.988258
mid.bmp
  13 22.505114 2.062332 0.180162 0.447709 -0.859254 0.247466 0.884540 0.530333
  14 23.052982 2.326969 -0.015995 0.542647 -0.827744 -0.142737 0.904110 0.393346
  14 23.031515 2.319530 0.186866 0.455275 -0.840753 0.293018 0.888454 0.393346
mid.bmp
  10 23.231859 -1.539081 0.030007 -0.158239 -0.946968 0.279663 0.884540 0.530333
  11 23.853402 -1.615932 -0.207349 0.053626 -0.933848 -0.353628 0.904110 0.393346
  11 23.854936 -1.623323 0.031459 -0.086729 -0.902404 0.422072 0.888454 0.393346
mid.bmp
  4 23.432412 0.991177 0.246043 0.271412 -0.916549 0.293723 0.884540 0.530333
  5 24.093521 1.197357 -0.028134 0.362689 -0.904003 -0.226351 0.904110 0.393346
  5 24.069574 1.195277 0.214232 0.320182 -0.822899 0.469383 0.888454 0.393346
mid.bmp
  4 23.432412 0.991177 0.246043 0.271412 -0.916549 0.293723 0.972603 0.829746
  4 22.350165 0.879835 0.351279 0.135216 -0.308467 0.941576 0.951076 0.964775
  4 22.401444 0.664351 0.220289 0.297004 -0.951054 0.085348 0.978474 0.974560
mid.bmp
  17 19.924915 -3.603761 0.088920 -0.944515 -0.316406 0.088192 0.720157 0.927593
  16 19.845075 -3.111268 0.298195 -0.732905 -0.265332 0.626457 0.739726 0.990215
  16 19.798679 -3.154091 0.080838 -0.961849 -0.269138 0.049106 0.720157 0.988258
mid.bmp
  14 23.092888 2.468948 0.127034 0.843847 0.456339 -0.282270 0.925636 0.365949
  14 22.977791 2.423577 -0.034747 -0.111149 0.692403 -0.712898 0.941292 0.395303
  14 23.033829 2.506538 0.088817 0.379027 0.893079 -0.242381 0.949119 0.369863
mid.bmp
  11 23.638439 -1.312859 0.176285 0.168061 0.311591 0.935236 0.921722 0.751468
  11 24.047620 -1.291403 0.025234 0.342443 0.722892 0.600134 0.894325 0.694716
  11 23.717836 -1.186503 0.026092 0.277523 0.822368 0.496681 0.896282 0.747554
mid.bmp
  5 24.125366 1.435099 0.194607 -0.053279 0.833435 0.550043 0.894325 0.694716
  5 23.754349 1.308028 0.224722 -0.038839 0.416182 0.908452 0.921722 0.751468
  5 24.143531 1.358649 0.261045 -0.095095 0.369664 0.924286 0.925636 0.681018
mid.bmp
  17 20.157420 -3.590122 -0.226132 0.030396 -0.180781 -0.983053 0.665362 0.917808
  17 20.369321 -3.691532 -0.132306 0.727396 -0.093897 -0.679763 0.653620 0.900196
  17 20.263553 -3.987368 -0.100127 0.388512 -0.533989 -0.750942 0.679061 0.864971
mid.bmp
  16 20.302169 -3.031369 -0.213989 0.647812 -0.155567 -0.745747 0.616438 0.990215
  16 20.420068 -3.002570 -0.084624 0.932735 -0.106521 -0.344468 0.596869 0.988258
  17 20.442234 -3.142726 0.018737 0.995486 0.013855 -0.093889 0.606654 0.962818
mid.bmp
  13 22.426899 2.166989 -0.126934 -0.102682 0.483998 -0.869024 0.943249 0.534247
  13 21.691846 1.956739 -0.052121 -0.295158 0.815190 -0.498344 0.972603 0.628180
  13 22.394649 2.293021 0.027894 -0.339717 0.878832 -0.335034 0.970646 0.524462
mid.bmp
  12 21.700162 1.865411 0.137707 -0.113338 0.359369 0.926287 0.919765 0.982387
  13 21.715992 1.989451 0.084493 -0.382060 0.857190 0.345334 0.894325 0.966732
  12 21.580434 1.961125 0.102134 -0.176458 0.970990 0.161373 0.892368 0.986301
mid.bmp
  13 21.783867 1.706523 -0.223041 0.468672 -0.573253 -0.672107 0.908023 0.634051
  12 21.809367 1.579886 0.114200 0.896119 -0.442125 -0.038692 0.882583 0.643836
  12 21.746583 1.638988 -0.254880 0.679388 -0.073998 -0.730039 0.906067 0.645793
mid.bmp
  7 22.713105 -0.415995 0.132377 0.005274 -0.954524 0.298087 0.978474 0.974560
  6 22.619498 -0.197373 0.291463 0.155612 -0.394361 0.905684 0.951076 0.982387
  6 22.599499 -0.414619 0.157903 -0.014883 -0.992581 0.120670 0.978474 0.988258
mid.bmp
  2 19.191516 1.076770 -0.734123 -0.264854 0.671083 -0.692459 0.882583 0.342466
  2 19.336954 1.375912 -0.315271 -0.242784 0.933051 0.265466 0.866928 0.315068
  2 20.236203 1.548549 -0.682641 -0.251402 0.846288 -0.469674 0.784736 0.352250
mid.bmp
  16 19.784610 -2.303150 -0.472676 -0.051129 -0.221585 -0.973800 0.784736 0.772994
  16 19.665687 -2.761899 -0.177793 -0.638796 -0.373907 -0.672409 0.759295 0.727984
  16 19.345260 -2.298318 -0.211442 -0.550981 -0.409132 -0.727345 0.737769 0.780822
mid.bmp
  16 19.321803 -2.290079 -0.119304 -0.806546 -0.553147 -0.208595 0.596869 0.888454
  16 19.345260 -2.298318 -0.211442 -0.550981 -0.409132 -0.727345 0.604697 0.892368
  16 19.632290 -2.752229 -0.083264 -0.829818 -0.491770 -0.263751 0.573386 0.933464
mid.bmp
  3 21.187668 0.318394 0.332846 0.820660 0.523169 0.229807 0.702544 0.215264
  6 22.608110 0.123528 0.186970 0.121359 0.787312 0.604492 0.581213 0.191781
  6 22.588391 0.170477 -0.035524 0.079077 0.889283 -0.450470 0.583170 0.209393
mid.bmp
  16 19.925688 -2.052396 0.560309 0.156102 -0.215672 0.963908 0.504892 0.874755
  16 19.735264 -2.647358 0.323819 -0.515561 -0.267672 0.813971 0.534247 0.929550
  16 20.036317 -2.570410 0.477595 0.013448 -0.134070 0.990881 0.499022 0.925636
mid.bmp
  16 20.456266 -2.959920 0.116828 0.976489 0.015552 0.215005 0.452055 0.962818
  16 20.330092 -2.962170 0.306583 0.655672 -0.052276 0.753234 0.473581 0.964775
  16 20.435817 -2.970804 0.129170 0.857265 -0.514470 0.020415 0.452055 0.968689
mid.bmp
  2 20.160709 -0.851240 -0.593883 0.321312 0.058581 -0.945160 0.710372 0.606654
  2 20.811225 -1.343003 -0.201097 0.332403 -0.473784 -0.815498 0.675147 0.669276
  15 20.414558 -1.567968 0.061636 0.840619 -0.337513 -0.423609 0.718200 0.671233
mid.bmp
  3 21.538957 0.502987 -0.225088 0.382749 -0.706135 -0.595716 0.561644 0.532290
  3 22.312060 0.596600 0.256350 0.281079 -0.953531 0.108503 0.499022 0.573386
  3 21.187668 0.318394 0.332846 0.820660 0.523169 0.229807 0.563601 0.555773
mid.bmp
  9 22.201852 -1.173659 0.263793 0.075873 -0.442015 0.893793 0.626223 0.068493
  9 22.156138 -1.371122 0.032920 0.477702 -0.835333 0.272065 0.628180 0.048924
  9 22.228199 -1.166264 0.239738 0.723119 -0.495353 0.481378 0.620352 0.066536
mid.bmp
  6 21.161724 -0.403285 0.267421 0.682132 -0.421613 0.597444 0.716243 0.146771
  9 22.307172 -0.840285 0.127168 0.330276 0.676444 0.658287 0.614481 0.103718
  9 22.296683 -0.770710 -0.112322 0.169814 0.850821 -0.497260 0.614481 0.111546
mid.bmp
  6 22.601290 -0.205751 0.316625 0.088956 -0.305584 0.948001 0.583170 0.154599
  6 21.161724 -0.403285 0.267421 0.682132 -0.421613 0.597444 0.716243 0.146771
  6 22.574154 -0.445899 0.171063 0.045396 -0.983995 0.172316 0.587084 0.131115
mid.bmp
  2 17.978241 -1.157039 0.318694 0.255552 -0.862732 0.436334 0.489237 0.037182
  2 17.651532 -1.004788 0.781156 0.307575 -0.465213 0.830045 0.544031 0.062622
  2 17.613176 -1.272740 0.360199 0.246790 -0.868642 0.429600 0.536204 0.019569
mid.bmp
  2 17.594918 -1.310941 0.188557 0.229232 -0.973372 -0.000778 0.328767 0.943249
  2 17.978241 -1.157039 0.318694 0.255552 -0.862732 0.436334 0.336595 0.892368
  2 17.613176 -1.272740 0.360199 0.246790 -0.868642 0.429600 0.344423 0.941292
mid.bmp
  9 22.156138 -1.371122 0.032920 0.477702 -0.835333 0.272065 0.628180 0.048924
  9 22.119781 -1.386347 0.038884 -0.049044 -0.905827 0.420799 0.636008 0.048924
  9 22.116348 -1.313932 -0.256184 0.406107 -0.781688 -0.473329 0.637965 0.029354
mid.bmp
  3 21.278441 0.764563 -0.382176 0.231897 0.315855 -0.920032 0.567515 0.506849
  12 21.059994 0.951373 -0.223559 0.885562 0.225825 -0.405935 0.583170 0.487280
  2 20.966935 1.005040 -0.140679 0.765422 0.636419 0.095394 0.567515 0.481409
mid.bmp
  3 22.132562 0.960108 -0.196280 0.213980 0.085356 -0.973102 0.489237 0.518591
  3 22.119820 1.163347 -0.005073 -0.100410 0.897762 -0.428885 0.483366 0.493151
  3 22.151736 1.135986 0.030134 0.772548 0.612362 -0.167874 0.479452 0.497065
mid.bmp
  15 19.045780 -1.868778 -0.234211 -0.571604 -0.414982 -0.707856 0.947162 0.011742
  15 18.704793 -1.384682 -0.096588 -0.719369 -0.667033 -0.193841 0.966732 0.058708
  15 18.709409 -1.280116 -0.297606 -0.390337 -0.403511 -0.827536 0.972603 0.050881
mid.bmp
  2 18.346063 -0.885905 0.616780 0.116720 -0.452770 0.883955 0.976517 0.115460
  2 18.829870 -0.129833 0.688141 0.047917 0.087640 0.994999 0.931507 0.183953
  2 18.372899 -0.221764 0.744339 0.206701 0.083906 0.974800 0.970646 0.178082
mid.bmp
  12 21.624179 1.862802 0.193113 -0.076907 0.396585 0.914771 0.657534 0.354207
  12 21.752717 1.758798 0.183589 0.574229 0.278041 0.770036 0.647750 0.338552
  12 21.700162 1.865411 0.137707 0.457831 0.643066 0.613887 0.653620 0.354207
mid.bmp
  9 20.798395 -1.352791 0.088750 0.298578 -0.843461 0.446569 0.763209 0.060665
  15 20.106242 -1.495279 0.643528 0.175540 -0.400071 0.899516 0.814090 0.041096
  15 20.380092 -1.530794 0.356173 0.684048 -0.472345 0.555850 0.784736 0.033268
mid.bmp
  16 20.413683 -1.923962 0.110285 0.997193 0.011689 -0.073959 0.857143 0.782779
  15 20.235140 -1.711386 -0.333567 0.575314 0.015684 -0.817782 0.845401 0.814090
  15 20.414558 -1.567968 0.061636 0.840619 -0.337513 -0.423609 0.866928 0.818004
mid.bmp
  16 19.665687 -2.761899 -0.177793 -0.638796 -0.373907 -0.672409 0.759295 0.727984
  16 20.005520 -3.132673 -0.319269 -0.220346 -0.299185 -0.928405 0.782779 0.684932
  16 19.839642 -3.171936 -0.140735 -0.702741 -0.453931 -0.547816 0.767123 0.682975
mid.bmp
  3 22.180295 1.128454 0.260553 0.501023 0.826324 0.257226 0.612524 0.285714
  3 22.198967 1.023371 0.365933 -0.053761 0.426055 0.903099 0.614481 0.272016
  3 22.207207 1.033922 0.338930 0.726694 0.403908 0.555674 0.610568 0.272016
mid.bmp
  2 18.349148 -0.906162 0.656531 0.266031 -0.501439 0.823278 0.452055 0.086106
  2 18.054305 -0.256373 0.839472 0.050573 -0.051031 0.997416 0.502935 0.156556
  2 18.030819 -0.940399 0.691458 0.022774 -0.502636 0.864198 0.491194 0.076321
mid.bmp
  2 17.900262 0.903272 -0.451482 -0.128863 0.829840 -0.542918 0.039139 0.884540
  2 17.905710 0.931310 -0.319817 0.067846 0.987182 0.144458 0.025440 0.890411
  2 17.910363 0.951329 -0.325071 -0.103809 0.972041 0.210617 0.019569 0.884540
mid.bmp
  2 17.901252 -1.046398 -0.311323 0.145322 -0.743038 -0.653281 0.279843 0.892368
  2 17.922403 -1.209559 -0.120437 -0.180406 -0.943966 -0.276372 0.303327 0.886497
  2 17.917280 -1.185118 -0.103665 0.128059 -0.949525 -0.286361 0.299413 0.892368
mid.bmp
  2 17.723767 -1.126795 0.353354 -0.621801 0.699411 -0.352403 0.661448 0.769080
  2 17.622168 -0.967682 0.756766 -0.738425 0.406231 -0.538242 0.692759 0.759295
  2 17.757309 -0.855087 0.691510 -0.621743 0.294393 -0.725788 0.684932 0.751468
mid.bmp
  2 17.551424 -0.855780 -0.619379 0.177468 -0.554175 -0.813262 0.596869 0.755382
  2 17.479084 -0.494913 -0.721687 -0.822632 -0.241880 -0.514559 0.589041 0.729941
  2 17.521599 -0.499932 -0.739826 0.128932 -0.164596 -0.977898 0.585127 0.731898
mid.bmp
  2 18.021093 -0.365792 -0.848885 -0.032420 0.897284 -0.440263 0.389432 0.863014
  2 18.050197 -0.370805 -0.861245 -0.021895 0.870365 -0.491920 0.412916 0.876712
  2 17.982854 -0.373221 -0.861210 -0.039203 0.873362 -0.485492 0.365949 0.876712
mid.bmp
  2 18.251500 -0.326111 -0.773161 -0.072011 -0.184466 -0.980197 0.849315 0.500978
  2 18.587877 -0.679533 -0.741188 -0.138818 -0.345816 -0.927977 0.833659 0.540117
  2 18.262259 -0.708652 -0.613008 0.043242 -0.505637 -0.861662 0.861057 0.530333
mid.bmp
  1 9.704880 1.293564 0.438121 -0.034457 0.998914 0.031360 0.277886 0.471624
  1 9.019349 0.869192 -0.456271 -0.178250 0.837302 -0.516868 0.232877 0.500978
  1 9.081809 1.224710 0.373682 -0.180808 0.979636 0.087305 0.277886 0.502935
mid.bmp
  1 16.228552 -0.796903 0.785914 0.117660 -0.573315 0.810843 0.401174 0.119374
  1 14.437940 -1.294399 0.554765 0.096975 -0.937013 0.335562 0.452055 0.225049
  1 16.328999 -1.076742 0.395107 0.064075 -0.857924 0.509766 0.434442 0.119374
mid.bmp
  1 14.325211 0.651578 0.951562 0.153050 0.619195 0.770178 0.318982 0.232877
  1 16.178847 -0.160970 0.939634 0.136500 0.093228 0.986244 0.354207 0.125245
  1 16.165971 0.431450 0.667736 0.127048 0.654802 0.745045 0.315068 0.125245
mid.bmp
  2 17.882523 0.758529 -0.607943 -0.054125 0.721684 -0.690103 0.060665 0.890411
  2 17.491774 0.900025 -0.416051 -0.029570 0.875293 -0.482689 0.039139 0.947162
  2 17.895773 0.886276 -0.444260 -0.051108 0.858304 -0.510590 0.043053 0.890411
mid.bmp
  1 16.085865 0.818050 -0.354441 0.088057 0.982429 -0.164557 0.240705 0.127202
  1 16.082347 0.735291 -0.495660 0.043296 0.773741 -0.632021 0.223092 0.125245
  1 14.199603 0.989342 -0.520807 0.083150 0.843300 -0.530972 0.236791 0.234834
mid.bmp
  2 18.298242 0.776608 -0.600866 -0.206122 0.646575 -0.734475 0.050881 0.829746
  2 18.278371 0.631883 -0.755484 0.099727 0.490780 -0.865557 0.070450 0.839530
  2 18.307334 0.796220 -0.638791 0.005367 0.743295 -0.668942 0.050881 0.837573
mid.bmp
  2 17.908578 0.195644 -1.021964 -0.648551 0.365628 -0.667606 0.622309 0.360078
  2 17.769649 0.105538 -0.936350 -0.648551 0.365628 -0.667606 0.614481 0.334638
  2 17.909002 0.205611 -1.016918 -0.648551 0.365628 -0.667606 0.622309 0.360078
mid.bmp
  2 17.769649 0.105538 -0.936350 -0.641761 0.706876 -0.297438 0.614481 0.334638
  2 17.908578 0.195644 -1.021964 -0.641761 0.706876 -0.297438 0.622309 0.360078
  2 17.768848 0.100602 -0.946349 -0.641761 0.706876 -0.297438 0.614481 0.334638
mid.bmp
  2 18.085768 0.136138 -1.023299 0.214246 0.614834 -0.758998 0.612524 0.381605
  2 17.909002 0.205611 -1.016918 0.214246 0.614834 -0.758998 0.622309 0.360078
  2 18.093573 0.145389 -1.013602 0.214246 0.614834 -0.758998 0.612524 0.381605
mid.bmp
  2 17.909002 0.205611 -1.016918 0.141871 0.442311 -0.885570 0.622309 0.360078
  2 18.085768 0.136138 -1.023299 0.141871 0.442311 -0.885570 0.612524 0.381605
  2 17.908578 0.195644 -1.021964 0.141871 0.442311 -0.885570 0.622309 0.360078
mid.bmp
  1 8.628251 -0.919941 1.476192 0.102140 -0.318061 0.942552 0.430528 0.530333
  1 5.153359 -0.536594 1.709721 0.000832 0.136630 0.990622 0.377691 0.677104
  1 5.240405 -1.370790 1.639555 0.070332 -0.427005 0.901510 0.428571 0.677104
mid.bmp
  1 9.661974 1.043758 -0.551067 -0.080565 0.708717 -0.700878 0.227006 0.471624
  1 9.067909 -0.060279 -1.041420 -0.060574 0.282471 -0.957362 0.172211 0.495108
  1 9.019349 0.869192 -0.456271 -0.178250 0.837302 -0.516868 0.232877 0.500978
mid.bmp
  31 -22.769001 2.341722 0.129256 0.155196 0.448583 0.880163 0.921722 0.751468
  31 -22.844006 2.258005 0.160962 -0.032818 0.137722 0.989927 0.949119 0.747554
  30 -22.528792 2.227493 0.167507 0.162204 0.403595 0.900445 0.921722 0.814090
mid.bmp
  24 -22.712697 -0.054018 0.303595 0.005788 0.462844 0.886421 0.919765 0.964775
  24 -23.860799 -0.090068 0.331704 0.001214 0.295059 0.955478 0.921722 0.814090
  24 -22.711617 -0.188677 0.297613 0.021279 -0.285147 0.958248 0.951076 0.964775
mid.bmp
  28 -23.965605 -1.478569 -0.285622 -0.643540 -0.343116 -0.684199 0.925636 0.385519
  28 -23.741754 -1.431540 -0.355783 0.009118 -0.275183 -0.961349 0.923679 0.414873
  28 -23.851734 -1.625060 -0.203870 -0.056085 -0.943957 -0.325270 0.904110 0.393346
mid.bmp
  22 -23.763264 1.276728 0.184025 0.025541 0.380438 0.924453 0.921722 0.751468
  22 -23.813762 1.171601 0.216547 -0.095823 0.137950 0.985793 0.949119 0.747554
  21 -23.383992 1.213938 0.263679 0.007129 0.447321 0.894345 0.921722 0.814090
mid.bmp
  33 -20.115699 -3.076198 0.398448 0.047717 -0.097640 0.994077 0.776908 0.988258
  34 -20.388243 -3.131766 0.251415 -0.719237 0.039819 0.693623 0.812133 0.966732
  34 -20.272384 -3.587707 0.357426 -0.139298 -0.027310 0.989874 0.772994 0.917808
mid.bmp
  33 -20.050238 -3.100273 -0.295780 0.222554 -0.164997 -0.960857 0.661448 0.990215
  34 -20.208939 -3.601263 -0.233648 -0.040276 -0.167969 -0.984969 0.665362 0.917808
  34 -20.347948 -3.152220 -0.199784 -0.543625 -0.004320 -0.839317 0.637965 0.972603
mid.bmp
  30 -22.516722 2.034637 0.136635 -0.459164 -0.867927 0.189396 0.884540 0.530333
  30 -22.487566 2.040522 -0.144170 -0.480343 -0.788869 -0.383348 0.904110 0.542074
  30 -21.851732 1.634509 0.104644 -0.483410 -0.874249 0.044770 0.888454 0.628180
mid.bmp
  24 -23.870327 -0.377987 0.183232 -0.016905 -0.975371 0.219922 0.884540 0.530333
  24 -23.736320 -0.359067 -0.131453 -0.026526 -0.862716 -0.504992 0.904110 0.542074
  24 -22.708753 -0.414829 0.160478 -0.006516 -0.946484 0.322684 0.888454 0.628180
mid.bmp
  25 -24.556207 -0.331266 0.280413 -0.054255 -0.856790 0.512804 0.888454 0.393346
  25 -24.595670 -0.365871 -0.006534 -0.215315 -0.939878 -0.265083 0.904110 0.393346
  24 -23.870327 -0.377987 0.183232 -0.016905 -0.975371 0.219922 0.884540 0.530333
mid.bmp
  28 -23.864848 -1.617864 0.028370 0.091251 -0.886703 0.453245 0.888454 0.393346
  28 -23.851734 -1.625060 -0.203870 -0.056085 -0.943957 -0.325270 0.904110 0.393346
  27 -23.243178 -1.525653 0.036306 0.154466 -0.935055 0.319081 0.884540 0.530333
mid.bmp
  22 -24.072106 1.156023 0.177711 -0.310118 -0.856459 0.412680 0.888454 0.393346
  22 -24.092741 1.180836 -0.044300 -0.352242 -0.898303 -0.262636 0.904110 0.393346
  21 -23.430416 0.967583 0.205049 -0.267706 -0.929760 0.252745 0.884540 0.530333
mid.bmp
  33 -19.827145 -3.179471 0.074967 0.952921 -0.302169 0.025201 0.720157 0.988258
  34 -19.879158 -3.137713 0.297733 0.719771 -0.293940 0.628911 0.739726 0.990215
  34 -19.968773 -3.625775 0.078946 0.936936 -0.341182 0.075801 0.720157 0.927593
mid.bmp
  20 -22.140024 0.961048 -0.171241 0.107981 0.329297 -0.938032 0.943249 0.645793
  20 -22.226861 0.678256 -0.158374 -0.066772 -0.557881 -0.827230 0.906067 0.645793
  21 -22.212376 0.968748 -0.179089 0.017729 0.244647 -0.969450 0.943249 0.634051
mid.bmp
  25 -24.689579 -0.078757 0.348370 0.023105 0.359770 0.932755 0.925636 0.681018
  25 -24.637497 -0.250865 0.349946 -0.005385 -0.151725 0.988408 0.956947 0.688845
  25 -24.259164 -0.076114 0.307495 0.035312 0.360300 0.932168 0.921722 0.751468
mid.bmp
  28 -23.712202 -1.194699 0.020624 -0.272027 0.820686 0.502470 0.896282 0.747554
  28 -24.010293 -1.280877 0.013178 -0.339456 0.704919 0.622784 0.894325 0.694716
  28 -23.648456 -1.322877 0.166459 -0.165953 0.304604 0.937911 0.921722 0.751468
mid.bmp
  34 -20.347948 -3.152220 -0.199784 -0.543625 -0.004320 -0.839317 0.637965 0.972603
  33 -20.320001 -3.034358 -0.219657 -0.645508 -0.108897 -0.755951 0.616438 0.990215
  33 -20.050238 -3.100273 -0.295780 -0.291095 -0.091551 -0.952303 0.661448 0.990215
mid.bmp
  29 -21.563160 1.907514 -0.082763 0.086686 0.876958 -0.472684 0.872798 0.988258
  30 -21.690641 1.943994 -0.048186 0.311194 0.807981 -0.500325 0.872798 0.970646
  29 -21.568238 1.942067 0.083887 0.140034 0.976375 0.164566 0.892368 0.986301
mid.bmp
  23 -22.592113 0.130883 -0.022972 -0.086700 0.849589 -0.520271 0.872798 0.988258
  24 -22.709077 0.127620 -0.015068 -0.040562 0.862377 -0.504639 0.872798 0.970646
  23 -22.614003 0.101783 0.184747 0.006578 0.943681 0.330792 0.892368 0.986301
mid.bmp
  26 -22.312184 -0.810291 -0.125119 -0.279746 0.829799 -0.482882 0.872798 0.988258
  27 -22.392231 -0.838033 -0.108196 -0.210974 0.885939 -0.413040 0.872798 0.970646
  26 -22.308428 -0.866408 0.095221 -0.311487 0.820863 0.478706 0.892368 0.986301
mid.bmp
  20 -22.216274 0.991123 0.300583 -0.080891 0.526832 0.846112 0.919765 0.982387
  21 -22.260875 1.003951 0.288860 0.036815 0.390351 0.919930 0.919765 0.964775
  20 -22.255098 0.834309 0.357315 -0.393928 -0.027999 0.918715 0.951076 0.982387
mid.bmp
  19 -20.245063 1.531261 -0.658660 0.246498 0.850794 -0.464099 0.784736 0.352250
  19 -19.344040 1.352053 -0.327049 0.250628 0.928710 0.273282 0.866928 0.315068
  19 -19.200332 1.061219 -0.732960 0.255337 0.676892 -0.690377 0.882583 0.342466
mid.bmp
  32 -19.038731 -1.879374 -0.232809 0.568975 -0.412266 -0.711551 0.720157 0.833659
  33 -19.347189 -2.337302 -0.203619 0.539370 -0.418107 -0.730935 0.737769 0.780822
  32 -19.624657 -1.898969 -0.556068 0.122355 -0.249972 -0.960491 0.782779 0.819961
mid.bmp
  33 -20.058265 -2.590544 0.479708 -0.013248 -0.141854 0.989799 0.499022 0.925636
  33 -19.741628 -2.678468 0.323415 0.497732 -0.290717 0.817157 0.534247 0.929550
  33 -19.923141 -2.073849 0.566281 -0.166430 -0.225124 0.960011 0.504892 0.874755
mid.bmp
  33 -20.455259 -2.978232 0.126232 -0.835983 -0.543211 0.077801 0.452055 0.968689
  33 -20.358319 -2.972006 0.301214 -0.670923 -0.041695 0.740354 0.473581 0.964775
  33 -20.479859 -2.957622 0.112801 -0.979501 0.043965 0.196581 0.452055 0.962818
mid.bmp
  32 -20.406732 -1.596207 0.070783 -0.836936 -0.361000 -0.411360 0.718200 0.671233
  19 -20.825095 -1.359475 -0.156145 -0.357459 -0.489426 -0.795415 0.675147 0.669276
  19 -20.184337 -0.863428 -0.586333 -0.338877 0.044418 -0.939782 0.710372 0.606654
mid.bmp
  20 -21.194157 0.314387 0.311125 -0.788128 0.559982 0.255489 0.563601 0.555773
  20 -22.310547 0.576944 0.225378 -0.280687 -0.949454 0.140540 0.499022 0.573386
  20 -21.529723 0.458047 -0.224020 -0.365968 -0.707195 -0.604931 0.561644 0.532290
mid.bmp
  20 -21.372420 0.188754 -0.191335 -0.927066 -0.063404 -0.369497 0.579256 0.559687
  19 -20.889592 0.064170 -0.531132 -0.180727 -0.240845 -0.953589 0.622309 0.551859
  23 -21.518709 -0.054804 -0.377109 -0.186666 0.490563 -0.851178 0.577299 0.583170
mid.bmp
  23 -21.328125 -0.628218 -0.228560 -0.926286 -0.297186 -0.231679 0.612524 0.624266
  19 -20.884979 -0.579112 -0.386034 -0.183890 -0.172251 -0.967736 0.643836 0.606654
  26 -21.391743 -0.898863 -0.363912 -0.191400 0.454902 -0.869730 0.614481 0.647750
mid.bmp
  26 -22.292065 -0.777765 -0.117749 -0.177193 0.853339 -0.490321 0.614481 0.111546
  26 -22.294579 -0.854570 0.119001 -0.321269 0.660670 0.678455 0.614481 0.103718
  23 -21.152636 -0.403893 0.303072 -0.660314 -0.395613 0.638339 0.716243 0.146771
mid.bmp
  23 -22.575631 -0.448170 0.195678 -0.051781 -0.976199 0.210602 0.587084 0.131115
  23 -21.152636 -0.403893 0.303072 -0.660314 -0.395613 0.638339 0.716243 0.146771
  23 -22.596913 -0.208622 0.335756 -0.093424 -0.313984 0.944820 0.583170 0.154599
mid.bmp
  19 -17.617807 -1.298922 0.329224 -0.256980 -0.858827 0.443145 0.536204 0.019569
  19 -17.643954 -1.038542 0.734297 -0.297315 -0.448177 0.843055 0.544031 0.062622
  19 -17.981932 -1.170702 0.307533 -0.258288 -0.848446 0.461980 0.489237 0.037182
mid.bmp
  29 -21.789962 1.599220 0.105907 -0.953717 0.041994 0.297759 0.493151 0.479452
  29 -21.726959 1.661435 -0.247458 -0.930297 0.174636 -0.322568 0.500978 0.455969
  29 -21.798746 1.537986 0.104288 -0.612963 -0.786249 0.078035 0.495108 0.481409
mid.bmp
  19 -20.953884 0.988812 -0.092491 -0.737407 0.655792 0.161764 0.567515 0.481409
  29 -21.050823 0.938094 -0.212190 -0.889250 0.249604 -0.383317 0.583170 0.487280
  20 -21.268723 0.756237 -0.387577 -0.233653 0.319197 -0.918433 0.567515 0.506849
mid.bmp
  32 -18.702146 -1.297542 -0.295242 0.376913 -0.416092 -0.827529 0.972603 0.050881
  32 -18.693905 -1.398498 -0.093241 0.715953 -0.672858 -0.186205 0.966732 0.058708
  32 -19.038731 -1.879374 -0.232809 0.568975 -0.412266 -0.711551 0.947162 0.011742
mid.bmp
  33 -20.455259 -2.978232 0.126232 -0.835983 -0.543211 0.077801 0.849315 0.681018
  33 -20.432589 -2.967832 -0.195041 -0.644263 -0.058452 -0.762567 0.829746 0.686888
  33 -20.446847 -2.981596 -0.098093 -0.764445 -0.613059 -0.199455 0.829746 0.681018
mid.bmp
  29 -21.702772 1.839524 0.127797 -0.428895 0.644600 0.632883 0.653620 0.354207
  29 -21.754704 1.734467 0.170053 -0.513267 0.263212 0.816870 0.647750 0.338552
  29 -21.619882 1.843260 0.173767 0.074752 0.383400 0.920552 0.657534 0.354207
mid.bmp
  29 -21.563160 1.907514 -0.082763 -0.718124 0.634572 -0.285686 0.667319 0.385519
  29 -21.568238 1.942067 0.083887 -0.577851 0.814220 -0.055984 0.659491 0.371820
  29 -21.532369 1.933284 -0.110023 0.219848 0.845858 -0.485996 0.673190 0.383562
mid.bmp
  19 -18.813915 -0.157720 0.668109 -0.026002 0.085120 0.996031 0.931507 0.183953
  19 -19.866832 -0.777517 0.622031 -0.031858 -0.144910 0.988932 0.839530 0.119374
  19 -18.909436 -0.836815 0.582998 0.074527 -0.345308 0.935526 0.927593 0.119374
mid.bmp
  32 -20.374352 -1.561895 0.371873 -0.681406 -0.480852 0.551786 0.784736 0.033268
  32 -20.093694 -1.527059 0.656812 -0.169830 -0.376483 0.910724 0.814090 0.041096
  26 -20.807706 -1.365402 0.066294 -0.305283 -0.829610 0.467492 0.763209 0.060665
mid.bmp
  32 -20.406732 -1.596207 0.070783 -0.836936 -0.361000 -0.411360 0.866928 0.818004
  32 -20.232423 -1.736791 -0.317460 -0.578804 -0.011376 -0.815387 0.845401 0.814090
  33 -20.399687 -1.931853 0.111689 -0.995592 0.044758 -0.082427 0.857143 0.782779
mid.bmp
  32 -20.093694 -1.527059 0.656812 -0.169830 -0.376483 0.910724 0.477495 0.823875
  32 -20.374352 -1.561895 0.371873 -0.681406 -0.480852 0.551786 0.444227 0.835616
  33 -19.923141 -2.073849 0.566281 -0.166430 -0.225124 0.960011 0.504892 0.874755
mid.bmp
  20 -22.216274 0.991123 0.300583 -0.763733 0.389638 0.514679 0.610568 0.272016
  20 -22.204515 0.988614 0.329862 0.033128 0.430137 0.902156 0.614481 0.272016
  20 -22.184712 1.092167 0.227182 -0.511722 0.813776 0.275518 0.612524 0.285714
mid.bmp
  19 -18.019784 -0.972270 0.653149 0.018934 -0.490114 0.871453 0.491194 0.076321
  19 -18.012987 -0.949118 0.620361 -0.211021 -0.461737 0.861550 0.495108 0.076321
  19 -18.041277 -0.287594 0.803837 -0.032297 -0.044774 0.998475 0.502935 0.156556
mid.bmp
  19 -18.341293 -0.916185 0.585059 -0.100226 -0.447141 0.888831 0.446184 0.086106
  19 -18.343603 -0.936282 0.624943 -0.261015 -0.490441 0.831468 0.452055 0.086106
  19 -18.356160 -0.251451 0.706024 -0.164987 0.091358 0.982055 0.455969 0.168297
mid.bmp
  19 -17.875247 0.370749 -0.861090 0.077885 0.005780 -0.996946 0.105675 0.886497
  19 -17.877032 0.363572 -0.829833 0.194566 -0.019977 -0.980686 0.105675 0.890411
  19 -17.877883 -0.418599 -0.793210 0.203523 -0.158949 -0.966082 0.201566 0.890411
mid.bmp
  19 -17.592962 -1.287910 0.332488 0.855326 -0.442926 0.268765 0.663405 0.782779
  19 -17.598108 -1.246699 0.332708 0.785920 0.562165 -0.257487 0.663405 0.776908
  19 -17.618684 -1.028605 0.730739 0.830199 -0.310980 0.462667 0.694716 0.763209
mid.bmp
  19 -17.724827 -0.256453 0.778293 0.592870 -0.084659 -0.800836 0.694716 0.710372
  19 -17.599699 -0.273675 0.855351 0.617432 0.042302 -0.785486 0.700587 0.710372
  19 -17.736222 -0.873401 0.657470 0.608300 0.271356 -0.745880 0.684932 0.751468
mid.bmp
  19 -17.541048 -0.529870 -0.796107 -0.160713 -0.150356 -0.975482 0.585127 0.731898
  19 -17.497529 -0.530064 -0.768612 0.838871 -0.231067 -0.492853 0.589041 0.729941
  19 -17.559071 -0.884445 -0.657580 -0.201505 -0.569612 -0.796830 0.596869 0.755382
mid.bmp
  19 -17.522983 -0.307979 -0.839378 -0.183443 -0.016929 -0.982884 0.731898 0.716243
  19 -17.501245 0.352007 -0.830994 -0.048692 0.038929 -0.998055 0.724070 0.772994
  19 -17.482420 -0.285779 -0.823522 0.787067 -0.271057 -0.554124 0.727984 0.718200
mid.bmp
  19 -18.004749 -0.358133 -0.873249 0.684119 0.292894 0.667978 0.876712 0.360078
  19 -18.004623 -0.467873 -0.835231 0.826999 0.277441 0.488977 0.876712 0.381605
  19 -17.997516 -0.419634 -0.912512 0.975682 -0.136893 -0.171185 0.864971 0.360078
mid.bmp
  19 -18.004623 -0.467873 -0.835231 0.826999 0.277441 0.488977 0.876712 0.381605
  19 -18.009582 -0.568534 -0.747370 0.833110 0.417383 0.362931 0.876712 0.405088
  19 -18.002407 -0.498782 -0.867738 0.885096 -0.286434 -0.366826 0.864971 0.381605
mid.bmp
  19 -18.009582 -0.568534 -0.747370 0.833110 0.417383 0.362931 0.876712 0.405088
  19 -18.013690 -0.637180 -0.637751 0.927468 0.293454 0.231708 0.876712 0.428571
  19 -18.006954 -0.600436 -0.779577 0.820014 -0.458358 -0.342762 0.864971 0.405088
mid.bmp
  19 -17.997516 -0.419634 -0.912512 0.195395 0.543952 -0.816050 0.365949 0.904110
  19 -18.038179 -0.424643 -0.925587 0.064878 0.564052 -0.823187 0.389432 0.917808
  19 -18.004749 -0.358133 -0.873249 0.115403 0.571007 -0.812794 0.365949 0.876712
mid.bmp
  19 -18.274566 -0.746247 -0.642604 -0.034556 -0.511817 -0.858399 0.861057 0.530333
  19 -18.595656 -0.713666 -0.760406 0.099499 -0.362320 -0.926728 0.833659 0.540117
  19 -18.265283 -0.347873 -0.813524 0.077374 -0.190835 -0.978568 0.849315 0.500978
mid.bmp
  18 -9.007749 1.138012 0.341477 0.166108 0.982273 0.086877 0.277886 0.502935
  18 -9.017542 0.799119 -0.494672 0.175296 0.833400 -0.524133 0.232877 0.500978
  18 -9.691830 1.219812 0.370641 0.039242 0.998656 0.033871 0.277886 0.471624
mid.bmp
  18 -16.183253 0.387779 0.620423 -0.118467 0.652072 0.748844 0.315068 0.125245
  18 -16.159227 -0.204547 0.892032 -0.131859 0.089806 0.987192 0.354207 0.125245
  18 -14.318930 0.576804 0.917683 -0.148774 0.616378 0.773269 0.318982 0.232877
mid.bmp
  19 -17.959609 -1.281226 0.109799 0.074685 -0.986150 0.148088 0.326810 0.886497
  19 -18.285895 -1.285198 0.032729 -0.070308 -0.997394 -0.016212 0.326810 0.839530
  19 -17.929423 -1.245414 -0.163722 0.164559 -0.951892 -0.258497 0.303327 0.886497
mid.bmp
  18 -14.192780 0.937224 -0.571632 -0.081176 0.846591 -0.526018 0.236791 0.234834
  18 -16.081753 0.700722 -0.525899 -0.042284 0.778254 -0.626525 0.223092 0.125245
  18 -16.080890 0.777481 -0.395389 -0.083555 0.985275 -0.149173 0.240705 0.127202
mid.bmp
  19 -18.314039 0.779113 -0.651584 -0.045289 0.745574 -0.664882 0.050881 0.837573
  19 -18.224821 0.617021 -0.776830 -0.127661 0.526856 -0.840313 0.070450 0.839530
  19 -18.237267 0.760150 -0.598251 0.181006 0.657929 -0.731004 0.050881 0.829746
mid.bmp
  19 -17.924344 0.171917 -1.066437 0.650565 0.354065 -0.671866 0.622309 0.360078
  19 -17.784084 0.071306 -0.983645 0.650565 0.354065 -0.671866 0.614481 0.334638
  19 -17.924091 0.161930 -1.071455 0.650565 0.354065 -0.671866 0.622309 0.360078
mid.bmp
  19 -17.784494 0.066807 -0.989065 0.669388 0.545959 -0.503835 0.614481 0.334638
  19 -17.924091 0.161930 -1.071455 0.669388 0.545959 -0.503835 0.622309 0.360078
  19 -17.784084 0.071306 -0.983645 0.669388 0.545959 -0.503835 0.614481 0.334638
mid.bmp
  19 -18.130610 0.107466 -1.053196 -0.279623 0.779818 -0.560084 0.612524 0.381605
  19 -17.924344 0.171917 -1.066437 -0.279623 0.779818 -0.560084 0.622309 0.360078
  19 -18.125069 0.102475 -1.062911 -0.279623 0.779818 -0.560084 0.612524 0.381605
mid.bmp
  19 -17.924091 0.161930 -1.071455 -0.167451 0.439201 -0.882645 0.622309 0.360078
  19 -18.125069 0.102475 -1.062911 -0.167451 0.439201 -0.882645 0.612524 0.381605
  19 -17.924344 0.171917 -1.066437 -0.167451 0.439201 -0.882645 0.622309 0.360078
mid.bmp
  18 -5.325043 -2.299781 0.836999 -0.130165 -0.864912 0.484751 0.467710 0.679061
  18 -5.242971 -1.461026 1.578751 -0.070298 -0.425939 0.902017 0.428571 0.677104
  18 -8.721177 -1.675173 0.806257 -0.172227 -0.808412 0.562857 0.467710 0.532290
end
