version 1
nodes
  0 "Bone01" -1
  1 "Bone_Lefthand" 0
  2 "Bone_Root" 1
  3 "Bone_Head_Top" 2
  4 "Bone_Mouth00" 2
  5 "Bone_Mouth01" 4
  6 "Bone_Toung" 4
  7 "Bone_Toung01" 6
  8 "Bone_Bol_L" 4
  9 "Bone_Bol_R" 4
  10 "Bone_Bol_Bottom" 4
  11 "Bone_Bol_M" 4
  12 "Bone_Head_L" 2
  13 "Bone_EyeCover_R_B" 2
  14 "Bone_EyeCover_L_B" 2
  15 "Bone_EyeCover_L_Top00" 2
  16 "Bone_EyeCover_L_Top01" 15
  17 "Bone_EyeL" 2
  18 "Bone_EyeR" 2
  19 "Bone_MiGan" 2
  20 "Bone_EyeCover_R_Top00" 2
  21 "Bone_EyeCover_R_Top01" 20
  22 "Bone04" -1
  23 "Bone_Righthand" 22
  24 "Bone_Se_Hand-R" 23
  25 "Bone43" 23
  26 "Bone44" 25
  27 "Bone45" 26
  28 "Bone39" 23
  29 "Bone40" 28
  30 "Bone41" 29
  31 "Bone35" 23
  32 "Bone36" 31
  33 "Bone37" 32
  34 "Bone31" 23
  35 "Bone32" 34
  36 "Bone33" 35
  37 "Bone27" 23
  38 "Bone28" 37
  39 "Bone29" 38
  40 "Bone_Se_Hand-L" 1
  41 "Bone09" 1
  42 "Bone10" 41
  43 "Bone11" 42
  44 "Bone13" 1
  45 "Bone14" 44
  46 "Bone15" 45
  47 "Bone17" 1
  48 "Bone18" 47
  49 "Bone19" 48
  50 "Bone21" 1
  51 "Bone22" 50
  52 "Bone23" 51
  53 "Bone05" 1
  54 "Bone06" 53
  55 "Bone07" 54
end
skeleton
  time 0
    0 6.588923 -1.679034 -7.896679 0.938021 -2.029654 -1.071638
    1 -0.071920 -8.498732 -0.104134 -0.177538 0.288091 0.095931
    2 -0.480402 -2.843485 2.688040 0.673012 -2.243426 1.543597
    3 -0.088869 0.170559 2.606216 -0.393785 1.196515 1.798619
    4 -0.011142 0.781255 -0.800262 1.900872 -0.084824 -0.012746
    5 0.000000 0.718097 -0.000002 -0.067308 0.000000 0.000000
    6 -0.000001 0.897711 1.580295 -0.150667 -0.044153 -0.157780
    7 -0.000000 -0.000000 0.811541 0.569018 -0.134605 0.274998
    8 2.156043 -1.398221 2.021274 -0.482214 0.223274 0.729826
    9 -2.130264 -1.398221 2.021276 2.513451 -0.480505 -0.777436
    10 0.078373 -2.106275 0.868908 -0.176167 0.008544 0.018050
    11 0.072788 -0.729863 3.122958 -1.000949 0.008544 0.018050
    12 1.775118 -0.139594 1.671897 0.513126 0.811034 3.113585
    13 -1.241366 -1.806391 1.056407 1.256939 -0.061300 2.555561
    14 1.239846 -1.806390 1.056407 1.163316 3.080293 0.586032
    15 1.218724 -1.798575 1.272704 -1.340342 0.061300 -2.555561
    16 0.004859 -0.122106 -0.000735 0.073338 0.041702 0.036316
    17 -1.061022 -1.480885 1.175125 -0.000000 0.000000 -0.698132
    18 1.061021 -1.480883 1.175125 -0.223871 0.333597 -1.189563
    19 -0.001760 -2.447698 1.417189 0.231764 -0.000000 3.141592
    20 -1.220244 -1.798577 1.272703 -1.487043 -3.080293 -0.586032
    21 -0.004860 0.122106 0.000735 0.010737 0.041702 0.036316
    22 -8.297180 -3.196684 -7.507103 0.513487 2.896541 0.714597
    23 0.096951 -8.450422 -0.009364 0.350146 -0.363690 0.067657
    24 -0.139400 -0.111699 0.014398 0.214206 0.247309 1.662257
    25 1.164474 -2.543937 -0.170327 -0.694129 0.028326 0.405625
    26 0.024034 -1.129039 0.017807 -0.915708 0.000000 -0.000001
    27 0.014896 -0.883992 -0.019847 -1.123223 0.000000 -0.000000
    28 0.447949 -2.798981 -0.200442 -0.829150 0.046066 0.361427
    29 -0.032909 -1.480206 0.004935 -0.953035 0.000000 0.000000
    30 -0.027023 -1.076921 -0.020212 -0.936361 0.000000 -0.000000
    31 -0.249535 -2.846962 -0.174215 -0.591324 0.073408 0.096039
    32 0.043235 -1.683941 0.096015 -0.877808 0.000001 0.000000
    33 0.031729 -1.160831 0.058834 -0.978572 -0.000000 -0.000000
    34 -0.963867 -2.785142 -0.085346 -0.385590 0.152057 -0.217191
    35 0.028477 -1.403065 0.006271 -0.552763 0.000001 0.000000
    36 0.021414 -0.957780 0.020046 -0.589232 0.000000 0.000000
    37 -0.591283 -1.257737 0.232709 -0.863459 -0.554358 -2.761807
    38 1.522835 0.058679 0.016852 0.001411 -0.604173 -0.046880
    39 1.117948 0.048424 -0.005766 -0.000243 -0.804729 0.065422
    40 0.120152 -0.050266 -0.054488 0.287569 3.110905 1.561085
    41 -1.180679 -2.507216 -0.193860 -1.079389 0.013294 -0.477916
    42 -0.024968 -1.123935 0.017595 -0.753579 0.000000 0.000000
    43 -0.020059 -0.890964 0.010094 -0.750680 -0.000000 -0.000000
    44 -0.488518 -2.755600 -0.228259 -0.828623 -0.012955 -0.306739
    45 0.039887 -1.479790 0.029853 -0.790906 0.000000 0.000000
    46 0.028784 -1.075732 -0.023109 -0.687783 -0.000000 -0.000000
    47 0.250027 -2.820664 -0.238394 -0.565649 -0.058472 -0.078775
    48 -0.049760 -1.680543 0.100480 -0.715679 0.000000 -0.000000
    49 -0.034142 -1.148310 0.084779 -0.729995 0.000000 0.000000
    50 0.957767 -2.746777 -0.090299 -0.627380 -0.162276 0.191555
    51 -0.033420 -1.397126 -0.011255 -0.546397 0.000000 0.000001
    52 -0.022361 -0.957433 0.018785 -0.686032 0.000000 0.000000
    53 0.583509 -1.197273 0.185380 0.580101 -0.604309 -0.605981
    54 1.535925 0.010248 0.005008 -0.002964 -0.675329 0.000890
    55 1.100770 0.004527 -0.010675 -0.002796 -0.468450 0.003459
end
triangles
frogbomb.bmp
    12 0.8245 -11.9923 -1.7776 -0.2687 -0.3642 0.8917 0.1914 0.8086
    2 1.1917 -13.2329 -2.3604 -0.1903 -0.6020 0.7755 0.1719 0.9492
    2 2.0680 -13.3531 -2.2728 -0.0852 -0.6547 0.7510 0.0625 0.9883
frogbomb.bmp
    12 0.8245 -11.9923 -1.7776 -0.2687 -0.3642 0.8917 0.1914 0.8086
    2 2.0680 -13.3531 -2.2728 -0.0852 -0.6547 0.7510 0.0625 0.9883
    3 1.6427 -12.0826 -1.6042 -0.1279 -0.3356 0.9333 0.1094 0.8555
frogbomb.bmp
    3 1.6427 -12.0826 -1.6042 -0.1279 -0.3356 0.9333 0.1094 0.8555
    2 2.0680 -13.3531 -2.2728 -0.0852 -0.6547 0.7510 0.0625 0.9883
    3 2.4541 -12.0909 -1.5748 0.2495 -0.2635 0.9318 0.0117 0.8789
frogbomb.bmp
    3 1.6427 -12.0826 -1.6042 -0.1279 -0.3356 0.9333 0.1094 0.8555
    3 2.4541 -12.0909 -1.5748 0.2495 -0.2635 0.9318 0.0117 0.8789
    19 2.0750 -10.4176 -1.4076 0.1629 0.1214 0.9791 0.0117 0.7617
frogbomb.bmp
    19 2.0750 -10.4176 -1.4076 0.1629 0.1214 0.9791 0.0117 0.7617
    3 2.4541 -12.0909 -1.5748 0.2495 -0.2635 0.9318 0.0117 0.8789
    3 3.1131 -11.7207 -1.8975 0.5808 -0.1495 0.8002 0.1094 0.8555
frogbomb.bmp
    19 2.0750 -10.4176 -1.4076 0.1629 0.1214 0.9791 0.0117 0.7617
    3 3.1131 -11.7207 -1.8975 0.5808 -0.1495 0.8002 0.1094 0.8555
    2 2.7609 -10.2456 -1.6402 0.3948 0.1370 0.9085 0.0859 0.7500
frogbomb.bmp
    2 2.7609 -10.2456 -1.6402 0.3948 0.1370 0.9085 0.0859 0.7500
    3 3.1131 -11.7207 -1.8975 0.5808 -0.1495 0.8002 0.1094 0.8555
    2 3.6688 -11.2846 -2.3410 0.7063 -0.1138 0.6987 0.1914 0.8086
frogbomb.bmp
    2 2.7609 -10.2456 -1.6402 0.3948 0.1370 0.9085 0.0859 0.7500
    2 3.6688 -11.2846 -2.3410 0.7063 -0.1138 0.6987 0.1914 0.8086
    2 3.4413 -10.0915 -2.0387 0.6426 0.0805 0.7620 0.1602 0.7266
frogbomb.bmp
    2 3.4413 -10.0915 -2.0387 0.6426 0.0805 0.7620 0.1602 0.7266
    2 3.6688 -11.2846 -2.3410 0.7063 -0.1138 0.6987 0.1914 0.8086
    2 4.3856 -10.7405 -3.1258 0.9384 0.0318 0.3441 0.2773 0.7070
frogbomb.bmp
    2 3.4413 -10.0915 -2.0387 0.6426 0.0805 0.7620 0.1602 0.7266
    2 4.3856 -10.7405 -3.1258 0.9384 0.0318 0.3441 0.2773 0.7070
    2 3.8793 -9.8652 -2.7771 0.6593 0.6570 0.3656 0.2227 0.6602
frogbomb.bmp
    2 3.8793 -9.8652 -2.7771 0.6593 0.6570 0.3656 0.2227 0.6602
    2 4.3856 -10.7405 -3.1258 0.9384 0.0318 0.3441 0.2773 0.7070
    2 4.3424 -9.9919 -3.5153 0.8678 0.4916 0.0729 0.2695 0.6133
frogbomb.bmp
    2 3.8793 -9.8652 -2.7771 0.6593 0.6570 0.3656 0.2227 0.6602
    2 4.3424 -9.9919 -3.5153 0.8678 0.4916 0.0729 0.2695 0.6133
    13 3.6308 -9.6914 -3.2682 0.5549 0.7562 0.3468 0.2109 0.5977
frogbomb.bmp
    13 3.6308 -9.6914 -3.2682 0.5549 0.7562 0.3468 0.2109 0.5977
    2 4.3424 -9.9919 -3.5153 0.8678 0.4916 0.0729 0.2695 0.6133
    2 3.6713 -9.4091 -3.6805 0.6886 0.6950 0.2069 0.2305 0.5508
frogbomb.bmp
    13 3.6308 -9.6914 -3.2682 0.5549 0.7562 0.3468 0.2109 0.5977
    2 3.6713 -9.4091 -3.6805 0.6886 0.6950 0.2069 0.2305 0.5508
    13 3.1250 -9.2052 -3.0882 0.5481 0.7070 0.4469 0.1719 0.5781
frogbomb.bmp
    13 3.1250 -9.2052 -3.0882 0.5481 0.7070 0.4469 0.1719 0.5781
    2 3.6713 -9.4091 -3.6805 0.6886 0.6950 0.2069 0.2305 0.5508
    2 3.1231 -9.0016 -3.3911 0.6426 0.5928 0.4854 0.1836 0.5430
frogbomb.bmp
    13 3.1250 -9.2052 -3.0882 0.5481 0.7070 0.4469 0.1719 0.5781
    2 3.1231 -9.0016 -3.3911 0.6426 0.5928 0.4854 0.1836 0.5430
    2 2.4872 -8.8382 -3.0566 0.4431 0.3503 0.8252 0.1211 0.5469
frogbomb.bmp
    2 2.4872 -8.8382 -3.0566 0.4431 0.3503 0.8252 0.1211 0.5469
    2 3.1231 -9.0016 -3.3911 0.6426 0.5928 0.4854 0.1836 0.5430
    2 2.5256 -8.4901 -3.2198 0.2776 0.9223 0.2688 0.1367 0.5156
frogbomb.bmp
    2 2.4872 -8.8382 -3.0566 0.4431 0.3503 0.8252 0.1211 0.5469
    2 2.5256 -8.4901 -3.2198 0.2776 0.9223 0.2688 0.1367 0.5156
    2 1.8224 -8.7191 -2.7118 0.4520 0.2719 0.8495 0.0547 0.5547
frogbomb.bmp
    2 1.8224 -8.7191 -2.7118 0.4520 0.2719 0.8495 0.0547 0.5547
    2 2.5256 -8.4901 -3.2198 0.2776 0.9223 0.2688 0.1367 0.5156
    2 1.9020 -8.4136 -2.9331 0.2272 0.9439 0.2398 0.0742 0.5195
frogbomb.bmp
    2 1.8224 -8.7191 -2.7118 0.4520 0.2719 0.8495 0.0547 0.5547
    2 1.9020 -8.4136 -2.9331 0.2272 0.9439 0.2398 0.0742 0.5195
    2 1.4315 -8.7077 -2.4981 0.1118 0.3009 0.9471 0.0117 0.5586
frogbomb.bmp
    2 1.4315 -8.7077 -2.4981 0.1118 0.3009 0.9471 0.0117 0.5586
    2 1.9020 -8.4136 -2.9331 0.2272 0.9439 0.2398 0.0742 0.5195
    2 1.3063 -8.3562 -2.6884 -0.1624 0.9243 0.3453 0.0117 0.5234
frogbomb.bmp
    2 1.4315 -8.7077 -2.4981 0.1118 0.3009 0.9471 0.0117 0.5586
    2 1.3063 -8.3562 -2.6884 -0.1624 0.9243 0.3453 0.0117 0.5234
    2 0.7584 -8.6989 -2.7075 -0.5271 0.7557 0.3886 0.0742 0.5195
frogbomb.bmp
    2 0.7584 -8.6989 -2.7075 -0.5271 0.7557 0.3886 0.0742 0.5195
    2 1.3063 -8.3562 -2.6884 -0.1624 0.9243 0.3453 0.0117 0.5234
    2 0.7349 -8.8015 -2.9032 -0.4470 0.7225 -0.5274 0.0703 0.5156
frogbomb.bmp
    2 0.7584 -8.6989 -2.7075 -0.5271 0.7557 0.3886 0.0742 0.5195
    2 0.7349 -8.8015 -2.9032 -0.4470 0.7225 -0.5274 0.0703 0.5156
    2 0.3182 -9.1414 -2.9984 -0.4452 0.6619 -0.6031 0.0938 0.5117
frogbomb.bmp
    2 0.3182 -9.1414 -2.9984 -0.4452 0.6619 -0.6031 0.0938 0.5117
    2 0.7349 -8.8015 -2.9032 -0.4470 0.7225 -0.5274 0.0703 0.5156
    4 1.4598 -9.8756 -4.1396 -0.1674 0.9567 0.2382 0.0117 0.4805
frogbomb.bmp
    2 0.3182 -9.1414 -2.9984 -0.4452 0.6619 -0.6031 0.0938 0.5117
    4 1.4598 -9.8756 -4.1396 -0.1674 0.9567 0.2382 0.0117 0.4805
    5 0.2488 -10.1319 -3.6531 0.1493 0.9888 -0.0060 0.1445 0.4766
frogbomb.bmp
    5 0.2488 -10.1319 -3.6531 0.1493 0.9888 -0.0060 0.1445 0.4766
    4 1.4598 -9.8756 -4.1396 -0.1674 0.9567 0.2382 0.0117 0.4805
    4 0.3727 -8.9028 -4.2639 0.2858 0.2921 0.9127 0.0938 0.4102
frogbomb.bmp
    5 0.2488 -10.1319 -3.6531 0.1493 0.9888 -0.0060 0.1445 0.4766
    4 0.3727 -8.9028 -4.2639 0.2858 0.2921 0.9127 0.0938 0.4102
    4 -0.2486 -9.2287 -4.0076 -0.2581 0.5709 0.7794 0.1562 0.4062
frogbomb.bmp
    4 -0.2486 -9.2287 -4.0076 -0.2581 0.5709 0.7794 0.1562 0.4062
    4 0.3727 -8.9028 -4.2639 0.2858 0.2921 0.9127 0.0938 0.4102
    4 0.2868 -8.4464 -4.3011 -0.2023 0.6383 0.7427 0.0781 0.3672
frogbomb.bmp
    4 -0.2486 -9.2287 -4.0076 -0.2581 0.5709 0.7794 0.1562 0.4062
    4 0.2868 -8.4464 -4.3011 -0.2023 0.6383 0.7427 0.0781 0.3672
    4 0.1613 -8.4637 -4.6431 -0.5051 0.7695 0.3908 0.0859 0.3320
frogbomb.bmp
    4 0.1613 -8.4637 -4.6431 -0.5051 0.7695 0.3908 0.0859 0.3320
    4 0.2868 -8.4464 -4.3011 -0.2023 0.6383 0.7427 0.0781 0.3672
    4 0.8668 -8.1501 -4.5053 0.0270 0.6630 0.7482 0.0117 0.3594
frogbomb.bmp
    4 0.1613 -8.4637 -4.6431 -0.5051 0.7695 0.3908 0.0859 0.3320
    4 0.8668 -8.1501 -4.5053 0.0270 0.6630 0.7482 0.0117 0.3594
    4 0.7671 -8.1149 -4.8179 -0.1505 0.9140 0.3769 0.0117 0.3281
frogbomb.bmp
    4 0.7671 -8.1149 -4.8179 -0.1505 0.9140 0.3769 0.0117 0.3281
    4 0.8668 -8.1501 -4.5053 0.0270 0.6630 0.7482 0.0117 0.3594
    4 1.4599 -8.0963 -5.0155 0.1891 0.9788 -0.0782 0.0859 0.3320
frogbomb.bmp
    4 0.7671 -8.1149 -4.8179 -0.1505 0.9140 0.3769 0.0117 0.3281
    4 1.4599 -8.0963 -5.0155 0.1891 0.9788 -0.0782 0.0859 0.3320
    11 0.6190 -7.9257 -5.1426 -0.1345 0.9684 0.2101 0.0117 0.2852
frogbomb.bmp
    11 0.6190 -7.9257 -5.1426 -0.1345 0.9684 0.2101 0.0117 0.2852
    4 1.4599 -8.0963 -5.0155 0.1891 0.9788 -0.0782 0.0859 0.3320
    9 1.5335 -8.1635 -5.2122 0.2913 0.9372 -0.1920 0.0898 0.2969
frogbomb.bmp
    11 0.6190 -7.9257 -5.1426 -0.1345 0.9684 0.2101 0.0117 0.2852
    9 1.5335 -8.1635 -5.2122 0.2913 0.9372 -0.1920 0.0898 0.2969
    11 0.4500 -7.9659 -5.7691 -0.2843 0.9059 -0.3138 0.0117 0.2227
frogbomb.bmp
    11 0.4500 -7.9659 -5.7691 -0.2843 0.9059 -0.3138 0.0117 0.2227
    9 1.5335 -8.1635 -5.2122 0.2913 0.9372 -0.1920 0.0898 0.2969
    9 1.4036 -8.0942 -5.9281 0.2301 0.9394 -0.2540 0.0938 0.2266
frogbomb.bmp
    11 0.4500 -7.9659 -5.7691 -0.2843 0.9059 -0.3138 0.0117 0.2227
    9 1.4036 -8.0942 -5.9281 0.2301 0.9394 -0.2540 0.0938 0.2266
    11 0.4191 -8.8133 -6.6905 -0.3938 0.6033 -0.6935 0.0117 0.1133
frogbomb.bmp
    11 0.4191 -8.8133 -6.6905 -0.3938 0.6033 -0.6935 0.0117 0.1133
    9 1.4036 -8.0942 -5.9281 0.2301 0.9394 -0.2540 0.0938 0.2266
    9 1.4048 -8.5462 -6.8629 0.0200 0.7550 -0.6554 0.1211 0.1328
frogbomb.bmp
    11 0.4191 -8.8133 -6.6905 -0.3938 0.6033 -0.6935 0.0117 0.1133
    9 1.4048 -8.5462 -6.8629 0.0200 0.7550 -0.6554 0.1211 0.1328
    10 1.5378 -10.0022 -7.6659 -0.1126 0.3471 -0.9310 0.1250 0.0312
frogbomb.bmp
    10 1.5378 -10.0022 -7.6659 -0.1126 0.3471 -0.9310 0.1250 0.0312
    9 1.4048 -8.5462 -6.8629 0.0200 0.7550 -0.6554 0.1211 0.1328
    9 2.5507 -8.9735 -6.8054 0.5059 0.7167 -0.4800 0.2383 0.2031
frogbomb.bmp
    10 1.5378 -10.0022 -7.6659 -0.1126 0.3471 -0.9310 0.1250 0.0312
    9 2.5507 -8.9735 -6.8054 0.5059 0.7167 -0.4800 0.2383 0.2031
    9 2.5442 -9.9153 -7.7747 0.2690 0.4387 -0.8574 0.2891 0.1250
frogbomb.bmp
    9 2.5442 -9.9153 -7.7747 0.2690 0.4387 -0.8574 0.2891 0.1250
    9 2.5507 -8.9735 -6.8054 0.5059 0.7167 -0.4800 0.2383 0.2031
    9 3.1985 -9.6192 -6.4493 0.7217 0.6089 -0.3292 0.2891 0.3047
frogbomb.bmp
    9 2.5442 -9.9153 -7.7747 0.2690 0.4387 -0.8574 0.2891 0.1250
    9 3.1985 -9.6192 -6.4493 0.7217 0.6089 -0.3292 0.2891 0.3047
    4 3.6987 -10.5151 -6.9629 0.8044 0.3380 -0.4885 0.3828 0.2617
frogbomb.bmp
    4 3.6987 -10.5151 -6.9629 0.8044 0.3380 -0.4885 0.3828 0.2617
    9 3.1985 -9.6192 -6.4493 0.7217 0.6089 -0.3292 0.2891 0.3047
    2 3.8242 -9.9571 -5.3003 0.7455 0.5204 -0.4163 0.2969 0.4180
frogbomb.bmp
    4 3.6987 -10.5151 -6.9629 0.8044 0.3380 -0.4885 0.3828 0.2617
    2 3.8242 -9.9571 -5.3003 0.7455 0.5204 -0.4163 0.2969 0.4180
    2 4.0915 -10.9437 -5.8843 0.9118 0.2605 -0.3175 0.4023 0.4141
frogbomb.bmp
    2 4.0915 -10.9437 -5.8843 0.9118 0.2605 -0.3175 0.4023 0.4141
    2 3.8242 -9.9571 -5.3003 0.7455 0.5204 -0.4163 0.2969 0.4180
    2 4.4365 -10.2797 -4.8915 0.9431 0.2758 -0.1854 0.3320 0.4961
frogbomb.bmp
    2 4.0915 -10.9437 -5.8843 0.9118 0.2605 -0.3175 0.4023 0.4141
    2 4.4365 -10.2797 -4.8915 0.9431 0.2758 -0.1854 0.3320 0.4961
    2 4.4156 -11.3666 -5.0950 0.9630 0.1270 -0.2376 0.4180 0.5312
frogbomb.bmp
    2 4.4156 -11.3666 -5.0950 0.9630 0.1270 -0.2376 0.4180 0.5312
    2 4.4365 -10.2797 -4.8915 0.9431 0.2758 -0.1854 0.3320 0.4961
    2 4.2743 -10.2820 -4.2807 0.9445 0.3155 0.0920 0.2930 0.5586
frogbomb.bmp
    2 4.4156 -11.3666 -5.0950 0.9630 0.1270 -0.2376 0.4180 0.5312
    2 4.2743 -10.2820 -4.2807 0.9445 0.3155 0.0920 0.2930 0.5586
    2 4.6240 -10.9756 -4.2890 0.9636 0.2670 -0.0120 0.3711 0.6055
frogbomb.bmp
    2 4.6240 -10.9756 -4.2890 0.9636 0.2670 -0.0120 0.3711 0.6055
    2 4.2743 -10.2820 -4.2807 0.9445 0.3155 0.0920 0.2930 0.5586
    2 4.3166 -10.5854 -3.8646 0.9841 0.1595 0.0774 0.3047 0.6211
frogbomb.bmp
    2 4.6240 -10.9756 -4.2890 0.9636 0.2670 -0.0120 0.3711 0.6055
    2 4.3166 -10.5854 -3.8646 0.9841 0.1595 0.0774 0.3047 0.6211
    2 4.3797 -11.2307 -3.6160 0.9699 0.0076 0.2432 0.3359 0.7031
frogbomb.bmp
    2 4.3797 -11.2307 -3.6160 0.9699 0.0076 0.2432 0.3359 0.7031
    2 4.3166 -10.5854 -3.8646 0.9841 0.1595 0.0774 0.3047 0.6211
    2 4.3856 -10.7405 -3.1258 0.9384 0.0318 0.3441 0.2773 0.7070
frogbomb.bmp
    2 4.3797 -11.2307 -3.6160 0.9699 0.0076 0.2432 0.3359 0.7031
    2 4.3856 -10.7405 -3.1258 0.9384 0.0318 0.3441 0.2773 0.7070
    2 4.1821 -12.2154 -3.2562 0.8416 -0.2553 0.4759 0.2734 0.8633
frogbomb.bmp
    2 4.1821 -12.2154 -3.2562 0.8416 -0.2553 0.4759 0.2734 0.8633
    2 4.3856 -10.7405 -3.1258 0.9384 0.0318 0.3441 0.2773 0.7070
    2 3.6688 -11.2846 -2.3410 0.7063 -0.1138 0.6987 0.1914 0.8086
frogbomb.bmp
    2 4.1821 -12.2154 -3.2562 0.8416 -0.2553 0.4759 0.2734 0.8633
    2 3.6688 -11.2846 -2.3410 0.7063 -0.1138 0.6987 0.1914 0.8086
    2 3.7266 -12.6007 -2.8605 0.7136 -0.3837 0.5861 0.1719 0.9492
frogbomb.bmp
    2 3.7266 -12.6007 -2.8605 0.7136 -0.3837 0.5861 0.1719 0.9492
    2 3.6688 -11.2846 -2.3410 0.7063 -0.1138 0.6987 0.1914 0.8086
    3 3.1131 -11.7207 -1.8975 0.5808 -0.1495 0.8002 0.1094 0.8555
frogbomb.bmp
    2 3.7266 -12.6007 -2.8605 0.7136 -0.3837 0.5861 0.1719 0.9492
    3 3.1131 -11.7207 -1.8975 0.5808 -0.1495 0.8002 0.1094 0.8555
    2 3.0972 -13.0964 -2.4759 0.6315 -0.4810 0.6081 0.0625 0.9883
frogbomb.bmp
    2 3.0972 -13.0964 -2.4759 0.6315 -0.4810 0.6081 0.0625 0.9883
    3 3.1131 -11.7207 -1.8975 0.5808 -0.1495 0.8002 0.1094 0.8555
    3 2.4541 -12.0909 -1.5748 0.2495 -0.2635 0.9318 0.0117 0.8789
frogbomb.bmp
    2 3.0972 -13.0964 -2.4759 0.6315 -0.4810 0.6081 0.0625 0.9883
    3 2.4541 -12.0909 -1.5748 0.2495 -0.2635 0.9318 0.0117 0.8789
    2 2.6373 -13.3984 -2.3164 0.2984 -0.6275 0.7192 0.0117 0.9922
frogbomb.bmp
    2 2.6373 -13.3984 -2.3164 0.2984 -0.6275 0.7192 0.0117 0.9922
    3 2.4541 -12.0909 -1.5748 0.2495 -0.2635 0.9318 0.0117 0.8789
    2 2.0680 -13.3531 -2.2728 -0.0852 -0.6547 0.7510 0.0625 0.9883
frogbomb.bmp
    11 0.4500 -7.9659 -5.7691 -0.2843 0.9059 -0.3138 0.0117 0.2227
    11 0.4191 -8.8133 -6.6905 -0.3938 0.6033 -0.6935 0.0117 0.1133
    8 -0.2472 -8.5370 -5.6431 -0.7459 0.6306 -0.2142 0.0938 0.2266
frogbomb.bmp
    11 0.4500 -7.9659 -5.7691 -0.2843 0.9059 -0.3138 0.0117 0.2227
    8 -0.2472 -8.5370 -5.6431 -0.7459 0.6306 -0.2142 0.0938 0.2266
    8 -0.0543 -8.3832 -4.9606 -0.6212 0.7409 0.2553 0.0898 0.2969
frogbomb.bmp
    8 -0.0543 -8.3832 -4.9606 -0.6212 0.7409 0.2553 0.0898 0.2969
    8 -0.2472 -8.5370 -5.6431 -0.7459 0.6306 -0.2142 0.0938 0.2266
    8 -0.8455 -9.4577 -5.1129 -0.8945 0.4468 0.0137 0.1875 0.2891
frogbomb.bmp
    8 -0.0543 -8.3832 -4.9606 -0.6212 0.7409 0.2553 0.0898 0.2969
    8 -0.8455 -9.4577 -5.1129 -0.8945 0.4468 0.0137 0.1875 0.2891
    8 -0.6778 -9.2471 -4.5264 -0.8393 0.4900 0.2357 0.1836 0.3438
frogbomb.bmp
    8 -0.6778 -9.2471 -4.5264 -0.8393 0.4900 0.2357 0.1836 0.3438
    8 -0.8455 -9.4577 -5.1129 -0.8945 0.4468 0.0137 0.1875 0.2891
    8 -1.1972 -10.6518 -4.9768 -0.9856 0.0897 0.1436 0.2891 0.3047
frogbomb.bmp
    8 -0.6778 -9.2471 -4.5264 -0.8393 0.4900 0.2357 0.1836 0.3438
    8 -1.1972 -10.6518 -4.9768 -0.9856 0.0897 0.1436 0.2891 0.3047
    4 -0.7524 -10.0395 -3.9702 -0.8878 0.3511 0.2975 0.2266 0.4219
frogbomb.bmp
    4 -0.7524 -10.0395 -3.9702 -0.8878 0.3511 0.2975 0.2266 0.4219
    8 -1.1972 -10.6518 -4.9768 -0.9856 0.0897 0.1436 0.2891 0.3047
    2 -0.9597 -11.1503 -4.3566 -0.9946 0.0812 0.0642 0.2969 0.4180
frogbomb.bmp
    4 -0.7524 -10.0395 -3.9702 -0.8878 0.3511 0.2975 0.2266 0.4219
    2 -0.9597 -11.1503 -4.3566 -0.9946 0.0812 0.0642 0.2969 0.4180
    5 -0.7480 -10.2313 -3.5052 -0.8852 0.4231 0.1935 0.2422 0.4570
frogbomb.bmp
    5 -0.7480 -10.2313 -3.5052 -0.8852 0.4231 0.1935 0.2422 0.4570
    2 -0.9597 -11.1503 -4.3566 -0.9946 0.0812 0.0642 0.2969 0.4180
    2 -1.1230 -11.0092 -3.4633 -0.8884 0.1902 0.4179 0.2773 0.5000
frogbomb.bmp
    5 -0.7480 -10.2313 -3.5052 -0.8852 0.4231 0.1935 0.2422 0.4570
    2 -1.1230 -11.0092 -3.4633 -0.8884 0.1902 0.4179 0.2773 0.5000
    2 -0.7216 -10.4579 -3.3382 -0.8031 0.2180 0.5546 0.2578 0.5000
frogbomb.bmp
    2 -0.7216 -10.4579 -3.3382 -0.8031 0.2180 0.5546 0.2578 0.5000
    2 -1.1230 -11.0092 -3.4633 -0.8884 0.1902 0.4179 0.2773 0.5000
    2 -0.8146 -11.5512 -3.2769 -0.8809 -0.1398 0.4521 0.2930 0.5586
frogbomb.bmp
    2 -0.7216 -10.4579 -3.3382 -0.8031 0.2180 0.5546 0.2578 0.5000
    2 -0.8146 -11.5512 -3.2769 -0.8809 -0.1398 0.4521 0.2930 0.5586
    2 -0.5028 -10.4502 -2.8571 -0.7851 0.3234 0.5283 0.2305 0.5508
frogbomb.bmp
    2 -0.5028 -10.4502 -2.8571 -0.7851 0.3234 0.5283 0.2305 0.5508
    2 -0.8146 -11.5512 -3.2769 -0.8809 -0.1398 0.4521 0.2930 0.5586
    2 -0.7274 -11.2564 -2.5152 -0.9042 0.0585 0.4231 0.2695 0.6133
frogbomb.bmp
    2 -0.5028 -10.4502 -2.8571 -0.7851 0.3234 0.5283 0.2305 0.5508
    2 -0.7274 -11.2564 -2.5152 -0.9042 0.0585 0.4231 0.2695 0.6133
    14 -0.1812 -10.6546 -2.5382 -0.6560 0.4576 0.6002 0.2109 0.5977
frogbomb.bmp
    14 -0.1812 -10.6546 -2.5382 -0.6560 0.4576 0.6002 0.2109 0.5977
    2 -0.7274 -11.2564 -2.5152 -0.9042 0.0585 0.4231 0.2695 0.6133
    16 -0.1042 -10.9011 -1.9267 -0.6913 0.2965 0.6589 0.2227 0.6602
frogbomb.bmp
    14 -0.1812 -10.6546 -2.5382 -0.6560 0.4576 0.6002 0.2109 0.5977
    16 -0.1042 -10.9011 -1.9267 -0.6913 0.2965 0.6589 0.2227 0.6602
    2 0.0750 -10.5054 -2.2324 -0.7408 0.4958 0.4533 0.1875 0.6289
frogbomb.bmp
    2 0.0750 -10.5054 -2.2324 -0.7408 0.4958 0.4533 0.1875 0.6289
    16 -0.1042 -10.9011 -1.9267 -0.6913 0.2965 0.6589 0.2227 0.6602
    15 0.1306 -10.6810 -2.0324 -0.6732 0.6040 0.4266 0.1953 0.6523
frogbomb.bmp
    2 0.0750 -10.5054 -2.2324 -0.7408 0.4958 0.4533 0.1875 0.6289
    15 0.1306 -10.6810 -2.0324 -0.6732 0.6040 0.4266 0.1953 0.6523
    15 0.1979 -10.5122 -1.9685 -0.8420 0.1687 0.5125 0.1836 0.6484
frogbomb.bmp
    15 0.1979 -10.5122 -1.9685 -0.8420 0.1687 0.5125 0.1836 0.6484
    15 0.1306 -10.6810 -2.0324 -0.6732 0.6040 0.4266 0.1953 0.6523
    15 0.2010 -10.6174 -1.9349 -0.8120 0.5003 0.3007 0.1875 0.6602
frogbomb.bmp
    15 0.1979 -10.5122 -1.9685 -0.8420 0.1687 0.5125 0.1836 0.6484
    15 0.2010 -10.6174 -1.9349 -0.8120 0.5003 0.3007 0.1875 0.6602
    15 0.3224 -10.3931 -1.8243 -0.6494 0.0683 0.7574 0.1719 0.6602
frogbomb.bmp
    15 0.3224 -10.3931 -1.8243 -0.6494 0.0683 0.7574 0.1719 0.6602
    15 0.2010 -10.6174 -1.9349 -0.8120 0.5003 0.3007 0.1875 0.6602
    15 0.3930 -10.4403 -1.7644 -0.7265 0.4447 0.5239 0.1680 0.6719
frogbomb.bmp
    15 0.3224 -10.3931 -1.8243 -0.6494 0.0683 0.7574 0.1719 0.6602
    15 0.3930 -10.4403 -1.7644 -0.7265 0.4447 0.5239 0.1680 0.6719
    15 0.5241 -10.3076 -1.6975 -0.6263 0.5865 0.5135 0.1562 0.6758
frogbomb.bmp
    15 0.5241 -10.3076 -1.6975 -0.6263 0.5865 0.5135 0.1562 0.6758
    15 0.3930 -10.4403 -1.7644 -0.7265 0.4447 0.5239 0.1680 0.6719
    16 0.5985 -10.3321 -1.3996 -0.4356 0.2923 0.8513 0.1562 0.7031
frogbomb.bmp
    15 0.5241 -10.3076 -1.6975 -0.6263 0.5865 0.5135 0.1562 0.6758
    16 0.5985 -10.3321 -1.3996 -0.4356 0.2923 0.8513 0.1562 0.7031
    15 0.7635 -10.0733 -1.7781 -0.6108 0.7063 0.3579 0.1250 0.6680
frogbomb.bmp
    15 0.7635 -10.0733 -1.7781 -0.6108 0.7063 0.3579 0.1250 0.6680
    16 0.5985 -10.3321 -1.3996 -0.4356 0.2923 0.8513 0.1562 0.7031
    19 0.9098 -9.8242 -1.5103 -0.4637 0.6087 0.6438 0.1055 0.6875
frogbomb.bmp
    15 0.7635 -10.0733 -1.7781 -0.6108 0.7063 0.3579 0.1250 0.6680
    19 0.9098 -9.8242 -1.5103 -0.4637 0.6087 0.6438 0.1055 0.6875
    15 0.8884 -9.9340 -1.8956 -0.7036 0.6879 0.1780 0.1055 0.6562
frogbomb.bmp
    15 0.8884 -9.9340 -1.8956 -0.7036 0.6879 0.1780 0.1055 0.6562
    19 0.9098 -9.8242 -1.5103 -0.4637 0.6087 0.6438 0.1055 0.6875
    15 0.9426 -9.8291 -2.1171 -0.5148 0.8156 0.2641 0.0898 0.6289
frogbomb.bmp
    15 0.8884 -9.9340 -1.8956 -0.7036 0.6879 0.1780 0.1055 0.6562
    15 0.9426 -9.8291 -2.1171 -0.5148 0.8156 0.2641 0.0898 0.6289
    15 0.8033 -9.8944 -2.0344 -0.2323 0.8936 0.3842 0.1094 0.6328
frogbomb.bmp
    15 0.8033 -9.8944 -2.0344 -0.2323 0.8936 0.3842 0.1094 0.6328
    15 0.9426 -9.8291 -2.1171 -0.5148 0.8156 0.2641 0.0898 0.6289
    2 0.7960 -9.8253 -2.2388 -0.3104 0.7707 0.5565 0.1055 0.6172
frogbomb.bmp
    11 0.6190 -7.9257 -5.1426 -0.1345 0.9684 0.2101 0.0117 0.2852
    11 0.4500 -7.9659 -5.7691 -0.2843 0.9059 -0.3138 0.0117 0.2227
    8 -0.0543 -8.3832 -4.9606 -0.6212 0.7409 0.2553 0.0898 0.2969
frogbomb.bmp
    11 0.6190 -7.9257 -5.1426 -0.1345 0.9684 0.2101 0.0117 0.2852
    8 -0.0543 -8.3832 -4.9606 -0.6212 0.7409 0.2553 0.0898 0.2969
    4 0.1613 -8.4637 -4.6431 -0.5051 0.7695 0.3908 0.0859 0.3320
frogbomb.bmp
    4 0.1613 -8.4637 -4.6431 -0.5051 0.7695 0.3908 0.0859 0.3320
    8 -0.0543 -8.3832 -4.9606 -0.6212 0.7409 0.2553 0.0898 0.2969
    4 -0.5206 -9.2358 -4.2489 -0.6691 0.5481 0.5019 0.1797 0.3750
frogbomb.bmp
    4 0.1613 -8.4637 -4.6431 -0.5051 0.7695 0.3908 0.0859 0.3320
    4 -0.5206 -9.2358 -4.2489 -0.6691 0.5481 0.5019 0.1797 0.3750
    4 -0.2486 -9.2287 -4.0076 -0.2581 0.5709 0.7794 0.1562 0.4062
frogbomb.bmp
    4 -0.2486 -9.2287 -4.0076 -0.2581 0.5709 0.7794 0.1562 0.4062
    4 -0.5206 -9.2358 -4.2489 -0.6691 0.5481 0.5019 0.1797 0.3750
    4 -0.2139 -9.5645 -3.7293 -0.0497 0.7861 0.6160 0.1719 0.4453
frogbomb.bmp
    4 -0.2486 -9.2287 -4.0076 -0.2581 0.5709 0.7794 0.1562 0.4062
    4 -0.2139 -9.5645 -3.7293 -0.0497 0.7861 0.6160 0.1719 0.4453
    5 0.2488 -10.1319 -3.6531 0.1493 0.9888 -0.0060 0.1445 0.4766
frogbomb.bmp
    5 0.2488 -10.1319 -3.6531 0.1493 0.9888 -0.0060 0.1445 0.4766
    4 -0.2139 -9.5645 -3.7293 -0.0497 0.7861 0.6160 0.1719 0.4453
    5 -0.0450 -9.6758 -3.2878 -0.2529 0.8261 -0.5035 0.1680 0.4805
frogbomb.bmp
    5 0.2488 -10.1319 -3.6531 0.1493 0.9888 -0.0060 0.1445 0.4766
    5 -0.0450 -9.6758 -3.2878 -0.2529 0.8261 -0.5035 0.1680 0.4805
    2 0.3182 -9.1414 -2.9984 -0.4452 0.6619 -0.6031 0.0938 0.5117
frogbomb.bmp
    2 0.3182 -9.1414 -2.9984 -0.4452 0.6619 -0.6031 0.0938 0.5117
    5 -0.0450 -9.6758 -3.2878 -0.2529 0.8261 -0.5035 0.1680 0.4805
    2 0.1813 -9.0748 -2.7573 -0.6262 0.6878 0.3670 0.1367 0.5156
frogbomb.bmp
    2 0.3182 -9.1414 -2.9984 -0.4452 0.6619 -0.6031 0.0938 0.5117
    2 0.1813 -9.0748 -2.7573 -0.6262 0.6878 0.3670 0.1367 0.5156
    2 0.7584 -8.6989 -2.7075 -0.5271 0.7557 0.3886 0.0742 0.5195
frogbomb.bmp
    2 0.7584 -8.6989 -2.7075 -0.5271 0.7557 0.3886 0.0742 0.5195
    2 0.1813 -9.0748 -2.7573 -0.6262 0.6878 0.3670 0.1367 0.5156
    2 1.0410 -8.9140 -2.5576 -0.1936 0.0944 0.9765 0.0547 0.5547
frogbomb.bmp
    2 0.7584 -8.6989 -2.7075 -0.5271 0.7557 0.3886 0.0742 0.5195
    2 1.0410 -8.9140 -2.5576 -0.1936 0.0944 0.9765 0.0547 0.5547
    2 1.4315 -8.7077 -2.4981 0.1118 0.3009 0.9471 0.0117 0.5586
frogbomb.bmp
    2 1.4315 -8.7077 -2.4981 0.1118 0.3009 0.9471 0.0117 0.5586
    2 1.0410 -8.9140 -2.5576 -0.1936 0.0944 0.9765 0.0547 0.5547
    2 1.2522 -9.1717 -2.5577 -0.2806 0.1555 0.9472 0.0391 0.5703
frogbomb.bmp
    2 1.4315 -8.7077 -2.4981 0.1118 0.3009 0.9471 0.0117 0.5586
    2 1.2522 -9.1717 -2.5577 -0.2806 0.1555 0.9472 0.0391 0.5703
    2 1.5256 -9.0377 -2.4385 0.1221 0.2666 0.9560 0.0117 0.5859
frogbomb.bmp
    2 1.5256 -9.0377 -2.4385 0.1221 0.2666 0.9560 0.0117 0.5859
    2 1.2522 -9.1717 -2.5577 -0.2806 0.1555 0.9472 0.0391 0.5703
    2 1.5963 -9.2634 -2.3654 -0.0145 0.6553 0.7552 0.0117 0.6016
frogbomb.bmp
    2 1.5256 -9.0377 -2.4385 0.1221 0.2666 0.9560 0.0117 0.5859
    2 1.5963 -9.2634 -2.3654 -0.0145 0.6553 0.7552 0.0117 0.6016
    2 1.7668 -9.0433 -2.6592 0.4431 0.3503 0.8252 0.0391 0.5703
frogbomb.bmp
    2 1.7668 -9.0433 -2.6592 0.4431 0.3503 0.8252 0.0391 0.5703
    2 1.5963 -9.2634 -2.3654 -0.0145 0.6553 0.7552 0.0117 0.6016
    2 1.8250 -9.2914 -2.4651 0.2090 0.8457 0.4911 0.0352 0.6016
frogbomb.bmp
    2 1.7668 -9.0433 -2.6592 0.4431 0.3503 0.8252 0.0391 0.5703
    2 1.8250 -9.2914 -2.4651 0.2090 0.8457 0.4911 0.0352 0.6016
    2 2.4414 -9.0139 -2.9789 0.3250 0.5025 0.8012 0.1094 0.5625
frogbomb.bmp
    2 2.4414 -9.0139 -2.9789 0.3250 0.5025 0.8012 0.1094 0.5625
    2 1.8250 -9.2914 -2.4651 0.2090 0.8457 0.4911 0.0352 0.6016
    2 2.5495 -9.3880 -2.5847 0.0863 0.8320 0.5481 0.1055 0.6172
frogbomb.bmp
    2 2.4414 -9.0139 -2.9789 0.3250 0.5025 0.8012 0.1094 0.5625
    2 2.5495 -9.3880 -2.5847 0.0863 0.8320 0.5481 0.1055 0.6172
    13 2.7634 -9.2920 -2.7085 0.1975 0.7842 0.5883 0.1289 0.6055
frogbomb.bmp
    5 -0.4697 -9.7195 -2.9698 -0.8279 0.4704 0.3053 0.2188 0.4961
    2 -0.7216 -10.4579 -3.3382 -0.8031 0.2180 0.5546 0.2578 0.5000
    2 -0.1361 -9.8145 -2.7482 -0.5477 0.2094 0.8101 0.1836 0.5430
frogbomb.bmp
    5 -0.4697 -9.7195 -2.9698 -0.8279 0.4704 0.3053 0.2188 0.4961
    2 -0.1361 -9.8145 -2.7482 -0.5477 0.2094 0.8101 0.1836 0.5430
    2 0.1813 -9.0748 -2.7573 -0.6262 0.6878 0.3670 0.1367 0.5156
frogbomb.bmp
    2 0.1813 -9.0748 -2.7573 -0.6262 0.6878 0.3670 0.1367 0.5156
    2 -0.1361 -9.8145 -2.7482 -0.5477 0.2094 0.8101 0.1836 0.5430
    2 0.4288 -9.3516 -2.6505 -0.1531 0.0941 0.9837 0.1211 0.5469
frogbomb.bmp
    2 0.1813 -9.0748 -2.7573 -0.6262 0.6878 0.3670 0.1367 0.5156
    2 0.4288 -9.3516 -2.6505 -0.1531 0.0941 0.9837 0.1211 0.5469
    2 1.0410 -8.9140 -2.5576 -0.1936 0.0944 0.9765 0.0547 0.5547
frogbomb.bmp
    2 1.0410 -8.9140 -2.5576 -0.1936 0.0944 0.9765 0.0547 0.5547
    2 0.4288 -9.3516 -2.6505 -0.1531 0.0941 0.9837 0.1211 0.5469
    14 0.5952 -9.5090 -2.6532 -0.1689 0.3092 0.9359 0.1094 0.5625
frogbomb.bmp
    2 1.0410 -8.9140 -2.5576 -0.1936 0.0944 0.9765 0.0547 0.5547
    14 0.5952 -9.5090 -2.6532 -0.1689 0.3092 0.9359 0.1094 0.5625
    2 1.2522 -9.1717 -2.5577 -0.2806 0.1555 0.9472 0.0391 0.5703
frogbomb.bmp
    2 1.2522 -9.1717 -2.5577 -0.2806 0.1555 0.9472 0.0391 0.5703
    14 0.5952 -9.5090 -2.6532 -0.1689 0.3092 0.9359 0.1094 0.5625
    2 1.3866 -9.4007 -2.3786 -0.3949 0.6984 0.5969 0.0352 0.6016
frogbomb.bmp
    2 1.2522 -9.1717 -2.5577 -0.2806 0.1555 0.9472 0.0391 0.5703
    2 1.3866 -9.4007 -2.3786 -0.3949 0.6984 0.5969 0.0352 0.6016
    2 1.5963 -9.2634 -2.3654 -0.0145 0.6553 0.7552 0.0117 0.6016
frogbomb.bmp
    2 1.5963 -9.2634 -2.3654 -0.0145 0.6553 0.7552 0.0117 0.6016
    2 1.3866 -9.4007 -2.3786 -0.3949 0.6984 0.5969 0.0352 0.6016
    19 1.7038 -9.4546 -2.0716 -0.1282 0.8783 0.4606 0.0117 0.6406
frogbomb.bmp
    2 1.5963 -9.2634 -2.3654 -0.0145 0.6553 0.7552 0.0117 0.6016
    19 1.7038 -9.4546 -2.0716 -0.1282 0.8783 0.4606 0.0117 0.6406
    2 1.8250 -9.2914 -2.4651 0.2090 0.8457 0.4911 0.0352 0.6016
frogbomb.bmp
    2 1.8250 -9.2914 -2.4651 0.2090 0.8457 0.4911 0.0352 0.6016
    19 1.7038 -9.4546 -2.0716 -0.1282 0.8783 0.4606 0.0117 0.6406
    19 2.2919 -9.2802 -1.9019 0.0143 0.8906 0.4545 0.0703 0.6680
frogbomb.bmp
    2 1.8250 -9.2914 -2.4651 0.2090 0.8457 0.4911 0.0352 0.6016
    19 2.2919 -9.2802 -1.9019 0.0143 0.8906 0.4545 0.0703 0.6680
    20 2.4659 -9.4507 -2.4417 0.1257 0.9772 0.1711 0.0898 0.6289
frogbomb.bmp
    20 2.4659 -9.4507 -2.4417 0.1257 0.9772 0.1711 0.0898 0.6289
    19 2.2919 -9.2802 -1.9019 0.0143 0.8906 0.4545 0.0703 0.6680
    19 2.7110 -9.3750 -1.8656 0.2605 0.8012 0.5387 0.1055 0.6875
frogbomb.bmp
    20 2.4659 -9.4507 -2.4417 0.1257 0.9772 0.1711 0.0898 0.6289
    19 2.7110 -9.3750 -1.8656 0.2605 0.8012 0.5387 0.1055 0.6875
    20 2.6468 -9.4673 -2.2684 0.1794 0.9834 -0.0277 0.1055 0.6562
frogbomb.bmp
    20 2.6468 -9.4673 -2.2684 0.1794 0.9834 -0.0277 0.1055 0.6562
    19 2.7110 -9.3750 -1.8656 0.2605 0.8012 0.5387 0.1055 0.6875
    20 2.8500 -9.5028 -2.2162 0.1961 0.9739 0.1145 0.1250 0.6680
frogbomb.bmp
    20 2.6468 -9.4673 -2.2684 0.1794 0.9834 -0.0277 0.1055 0.6562
    20 2.8500 -9.5028 -2.2162 0.1961 0.9739 0.1145 0.1250 0.6680
    20 2.8990 -9.4532 -2.3041 0.1507 0.8504 0.5040 0.1289 0.6562
frogbomb.bmp
    20 2.8990 -9.4532 -2.3041 0.1507 0.8504 0.5040 0.1289 0.6562
    20 2.8500 -9.5028 -2.2162 0.1961 0.9739 0.1145 0.1250 0.6680
    20 3.1835 -9.5814 -2.2520 0.3670 0.9246 0.1020 0.1562 0.6758
frogbomb.bmp
    20 2.8990 -9.4532 -2.3041 0.1507 0.8504 0.5040 0.1289 0.6562
    20 3.1835 -9.5814 -2.2520 0.3670 0.9246 0.1020 0.1562 0.6758
    20 3.1805 -9.5148 -2.3423 0.4506 0.7391 0.5008 0.1523 0.6641
frogbomb.bmp
    20 3.1805 -9.5148 -2.3423 0.4506 0.7391 0.5008 0.1523 0.6641
    20 3.1835 -9.5814 -2.2520 0.3670 0.9246 0.1020 0.1562 0.6758
    20 3.3414 -9.5979 -2.4599 0.7646 0.5193 0.3817 0.1719 0.6602
frogbomb.bmp
    12 0.5029 -13.1261 -2.5262 -0.4008 -0.5652 0.7210 0.2734 0.8633
    12 0.8245 -11.9923 -1.7776 -0.2687 -0.3642 0.8917 0.1914 0.8086
    12 -0.2845 -11.9040 -2.1940 -0.6566 -0.3702 0.6572 0.2773 0.7070
frogbomb.bmp
    12 0.5029 -13.1261 -2.5262 -0.4008 -0.5652 0.7210 0.2734 0.8633
    12 -0.2845 -11.9040 -2.1940 -0.6566 -0.3702 0.6572 0.2773 0.7070
    12 -0.2304 -12.3805 -2.6998 -0.7081 -0.4109 0.5742 0.3359 0.7031
frogbomb.bmp
    12 -0.2304 -12.3805 -2.6998 -0.7081 -0.4109 0.5742 0.3359 0.7031
    12 -0.2845 -11.9040 -2.1940 -0.6566 -0.3702 0.6572 0.2773 0.7070
    2 -0.5626 -11.8023 -2.9021 -0.8479 -0.2974 0.4388 0.3047 0.6211
frogbomb.bmp
    12 -0.2304 -12.3805 -2.6998 -0.7081 -0.4109 0.5742 0.3359 0.7031
    2 -0.5626 -11.8023 -2.9021 -0.8479 -0.2974 0.4388 0.3047 0.6211
    2 -0.7889 -12.3257 -3.2212 -0.9119 -0.2008 0.3580 0.3711 0.6055
frogbomb.bmp
    2 -0.7889 -12.3257 -3.2212 -0.9119 -0.2008 0.3580 0.3711 0.6055
    2 -0.5626 -11.8023 -2.9021 -0.8479 -0.2974 0.4388 0.3047 0.6211
    2 -0.8146 -11.5512 -3.2769 -0.8809 -0.1398 0.4521 0.2930 0.5586
frogbomb.bmp
    2 -0.7889 -12.3257 -3.2212 -0.9119 -0.2008 0.3580 0.3711 0.6055
    2 -0.8146 -11.5512 -3.2769 -0.8809 -0.1398 0.4521 0.2930 0.5586
    2 -0.7304 -12.6501 -4.0799 -0.9288 -0.3448 0.1356 0.4180 0.5312
frogbomb.bmp
    2 -0.7304 -12.6501 -4.0799 -0.9288 -0.3448 0.1356 0.4180 0.5312
    2 -0.8146 -11.5512 -3.2769 -0.8809 -0.1398 0.4521 0.2930 0.5586
    2 -1.1670 -11.6773 -3.7861 -0.9613 -0.1992 0.1903 0.3320 0.4961
frogbomb.bmp
    2 -0.7304 -12.6501 -4.0799 -0.9288 -0.3448 0.1356 0.4180 0.5312
    2 -1.1670 -11.6773 -3.7861 -0.9613 -0.1992 0.1903 0.3320 0.4961
    2 -0.9402 -12.1987 -4.8918 -0.9588 -0.2616 0.1107 0.4023 0.4141
frogbomb.bmp
    2 -0.9402 -12.1987 -4.8918 -0.9588 -0.2616 0.1107 0.4023 0.4141
    2 -1.1670 -11.6773 -3.7861 -0.9613 -0.1992 0.1903 0.3320 0.4961
    2 -0.9597 -11.1503 -4.3566 -0.9946 0.0812 0.0642 0.2969 0.4180
frogbomb.bmp
    2 -0.9402 -12.1987 -4.8918 -0.9588 -0.2616 0.1107 0.4023 0.4141
    2 -0.9597 -11.1503 -4.3566 -0.9946 0.0812 0.0642 0.2969 0.4180
    4 -1.2451 -11.9139 -5.5449 -0.9764 -0.2147 -0.0222 0.3828 0.2617
frogbomb.bmp
    4 -1.2451 -11.9139 -5.5449 -0.9764 -0.2147 -0.0222 0.3828 0.2617
    2 -0.9597 -11.1503 -4.3566 -0.9946 0.0812 0.0642 0.2969 0.4180
    8 -1.1972 -10.6518 -4.9768 -0.9856 0.0897 0.1436 0.2891 0.3047
frogbomb.bmp
    4 -1.2451 -11.9139 -5.5449 -0.9764 -0.2147 -0.0222 0.3828 0.2617
    8 -1.1972 -10.6518 -4.9768 -0.9856 0.0897 0.1436 0.2891 0.3047
    8 -1.0169 -11.1610 -6.3841 -0.8804 0.0449 -0.4720 0.2891 0.1250
frogbomb.bmp
    8 -1.0169 -11.1610 -6.3841 -0.8804 0.0449 -0.4720 0.2891 0.1250
    8 -1.1972 -10.6518 -4.9768 -0.9856 0.0897 0.1436 0.2891 0.3047
    8 -1.0971 -9.9974 -5.7014 -0.9286 0.3032 -0.2140 0.2383 0.2031
frogbomb.bmp
    8 -1.0169 -11.1610 -6.3841 -0.8804 0.0449 -0.4720 0.2891 0.1250
    8 -1.0971 -9.9974 -5.7014 -0.9286 0.3032 -0.2140 0.2383 0.2031
    10 -0.2813 -10.5163 -7.1464 -0.6263 0.1764 -0.7593 0.1250 0.0312
frogbomb.bmp
    10 -0.2813 -10.5163 -7.1464 -0.6263 0.1764 -0.7593 0.1250 0.0312
    8 -1.0971 -9.9974 -5.7014 -0.9286 0.3032 -0.2140 0.2383 0.2031
    8 -0.3842 -9.2627 -6.3729 -0.7096 0.4692 -0.5256 0.1211 0.1328
frogbomb.bmp
    10 -0.2813 -10.5163 -7.1464 -0.6263 0.1764 -0.7593 0.1250 0.0312
    8 -0.3842 -9.2627 -6.3729 -0.7096 0.4692 -0.5256 0.1211 0.1328
    11 0.4191 -8.8133 -6.6905 -0.3938 0.6033 -0.6935 0.0117 0.1133
frogbomb.bmp
    11 0.4191 -8.8133 -6.6905 -0.3938 0.6033 -0.6935 0.0117 0.1133
    8 -0.3842 -9.2627 -6.3729 -0.7096 0.4692 -0.5256 0.1211 0.1328
    8 -0.2472 -8.5370 -5.6431 -0.7459 0.6306 -0.2142 0.0938 0.2266
frogbomb.bmp
    12 0.8269 -12.0580 -1.9605 0.0086 0.1733 0.9848 0.9688 0.0117
    12 0.6131 -11.9904 -2.0745 -0.3159 0.8695 0.3796 0.9805 0.0117
    12 -0.2032 -12.3347 -1.9720 -0.1599 0.9860 -0.0471 0.9805 0.1367
frogbomb.bmp
    12 0.8269 -12.0580 -1.9605 0.0086 0.1733 0.9848 0.9688 0.0117
    12 -0.2032 -12.3347 -1.9720 -0.1599 0.9860 -0.0471 0.9805 0.1367
    12 -0.2265 -12.3928 -1.8635 -0.1230 0.3211 0.9390 0.9688 0.1367
frogbomb.bmp
    12 -0.2265 -12.3928 -1.8635 -0.1230 0.3211 0.9390 0.9688 0.1367
    12 -0.2032 -12.3347 -1.9720 -0.1599 0.9860 -0.0471 0.9805 0.1367
    12 -0.8325 -12.2884 -2.1648 0.3191 0.9475 0.0195 0.9805 0.2383
frogbomb.bmp
    12 -0.2265 -12.3928 -1.8635 -0.1230 0.3211 0.9390 0.9688 0.1367
    12 -0.8325 -12.2884 -2.1648 0.3191 0.9475 0.0195 0.9805 0.2383
    12 -0.9083 -12.3372 -2.0690 -0.3314 0.3855 0.8612 0.9688 0.2383
frogbomb.bmp
    12 -0.9083 -12.3372 -2.0690 -0.3314 0.3855 0.8612 0.9688 0.2383
    12 -0.8325 -12.2884 -2.1648 0.3191 0.9475 0.0195 0.9805 0.2383
    2 -1.5214 -11.8985 -2.6175 -0.4351 0.3439 0.8321 0.9688 0.3359
frogbomb.bmp
    12 -0.9083 -12.3372 -2.0690 -0.3314 0.3855 0.8612 0.9688 0.2383
    2 -1.5214 -11.8985 -2.6175 -0.4351 0.3439 0.8321 0.9688 0.3359
    2 -1.5897 -11.9804 -2.6951 -0.8978 -0.4108 0.1587 0.9531 0.3359
frogbomb.bmp
    2 -1.5897 -11.9804 -2.6951 -0.8978 -0.4108 0.1587 0.9531 0.3359
    2 -1.5214 -11.8985 -2.6175 -0.4351 0.3439 0.8321 0.9688 0.3359
    2 -1.6241 -11.1949 -2.9404 -0.4022 0.2765 0.8728 0.9688 0.4336
frogbomb.bmp
    2 -1.5897 -11.9804 -2.6951 -0.8978 -0.4108 0.1587 0.9531 0.3359
    2 -1.6241 -11.1949 -2.9404 -0.4022 0.2765 0.8728 0.9688 0.4336
    2 -1.7084 -11.2247 -3.0332 -0.9858 0.1491 -0.0768 0.9531 0.4336
frogbomb.bmp
    2 -1.7084 -11.2247 -3.0332 -0.9858 0.1491 -0.0768 0.9531 0.4336
    2 -1.6241 -11.1949 -2.9404 -0.4022 0.2765 0.8728 0.9688 0.4336
    5 -1.2538 -10.2969 -3.0030 -0.7655 0.6074 0.2123 0.9531 0.5312
frogbomb.bmp
    2 -1.7084 -11.2247 -3.0332 -0.9858 0.1491 -0.0768 0.9531 0.4336
    5 -1.2538 -10.2969 -3.0030 -0.7655 0.6074 0.2123 0.9531 0.5312
    2 -1.6350 -11.2624 -3.1342 -0.4046 -0.1659 -0.8993 0.9414 0.4336
frogbomb.bmp
    2 -1.6350 -11.2624 -3.1342 -0.4046 -0.1659 -0.8993 0.9414 0.4336
    5 -1.2538 -10.2969 -3.0030 -0.7655 0.6074 0.2123 0.9531 0.5312
    5 -1.2146 -10.3227 -3.1174 -0.5478 0.2396 -0.8015 0.9414 0.5312
frogbomb.bmp
    2 -1.6350 -11.2624 -3.1342 -0.4046 -0.1659 -0.8993 0.9414 0.4336
    5 -1.2146 -10.3227 -3.1174 -0.5478 0.2396 -0.8015 0.9414 0.5312
    2 -1.5148 -11.2535 -3.0986 0.6880 -0.2379 -0.6856 0.9297 0.4336
frogbomb.bmp
    2 -1.5148 -11.2535 -3.0986 0.6880 -0.2379 -0.6856 0.9297 0.4336
    5 -1.2146 -10.3227 -3.1174 -0.5478 0.2396 -0.8015 0.9414 0.5312
    5 -1.1002 -10.3664 -3.0999 0.4707 -0.5731 -0.6708 0.9297 0.5312
frogbomb.bmp
    2 -1.5148 -11.2535 -3.0986 0.6880 -0.2379 -0.6856 0.9297 0.4336
    5 -1.1002 -10.3664 -3.0999 0.4707 -0.5731 -0.6708 0.9297 0.5312
    5 -1.0776 -10.3610 -2.9780 0.7492 -0.4280 0.5055 0.9180 0.5312
frogbomb.bmp
    5 -1.0776 -10.3610 -2.9780 0.7492 -0.4280 0.5055 0.9180 0.5312
    5 -1.1002 -10.3664 -3.0999 0.4707 -0.5731 -0.6708 0.9297 0.5312
    5 -0.6001 -9.9465 -3.3852 0.1684 -0.7010 -0.6930 0.9297 0.6133
frogbomb.bmp
    5 -1.0776 -10.3610 -2.9780 0.7492 -0.4280 0.5055 0.9180 0.5312
    5 -0.6001 -9.9465 -3.3852 0.1684 -0.7010 -0.6930 0.9297 0.6133
    5 -0.5537 -9.9472 -3.2617 0.5946 -0.6961 0.4024 0.9180 0.6133
frogbomb.bmp
    5 -0.5537 -9.9472 -3.2617 0.5946 -0.6961 0.4024 0.9180 0.6133
    5 -0.6001 -9.9465 -3.3852 0.1684 -0.7010 -0.6930 0.9297 0.6133
    5 -0.1264 -9.7357 -3.3676 0.2745 -0.6794 0.6805 0.9180 0.6602
frogbomb.bmp
    4 0.2868 -8.4464 -4.3011 -0.2023 0.6383 0.7427 0.0781 0.3672
    4 0.3727 -8.9028 -4.2639 0.2858 0.2921 0.9127 0.0938 0.4102
    4 0.6482 -8.5937 -4.4646 0.3162 0.1505 0.9367 0.0547 0.3867
frogbomb.bmp
    4 0.2868 -8.4464 -4.3011 -0.2023 0.6383 0.7427 0.0781 0.3672
    4 0.6482 -8.5937 -4.4646 0.3162 0.1505 0.9367 0.0547 0.3867
    4 0.8668 -8.1501 -4.5053 0.0270 0.6630 0.7482 0.0117 0.3594
frogbomb.bmp
    4 0.8668 -8.1501 -4.5053 0.0270 0.6630 0.7482 0.0117 0.3594
    4 0.6482 -8.5937 -4.4646 0.3162 0.1505 0.9367 0.0547 0.3867
    4 0.9298 -8.4368 -4.5683 0.2544 0.0781 0.9639 0.0195 0.3789
frogbomb.bmp
    4 0.8668 -8.1501 -4.5053 0.0270 0.6630 0.7482 0.0117 0.3594
    4 0.9298 -8.4368 -4.5683 0.2544 0.0781 0.9639 0.0195 0.3789
    4 1.2603 -8.4205 -4.6402 0.1611 0.1067 0.9812 0.0547 0.3867
frogbomb.bmp
    4 1.2603 -8.4205 -4.6402 0.1611 0.1067 0.9812 0.0547 0.3867
    4 0.9298 -8.4368 -4.5683 0.2544 0.0781 0.9639 0.0195 0.3789
    4 1.4598 -9.8756 -4.1396 -0.1674 0.9567 0.2382 0.0117 0.4805
frogbomb.bmp
    4 1.2603 -8.4205 -4.6402 0.1611 0.1067 0.9812 0.0547 0.3867
    4 1.4598 -9.8756 -4.1396 -0.1674 0.9567 0.2382 0.0117 0.4805
    4 1.7084 -8.5249 -4.6470 0.1023 0.2401 0.9653 0.0938 0.4102
frogbomb.bmp
    4 1.7084 -8.5249 -4.6470 0.1023 0.2401 0.9653 0.0938 0.4102
    4 1.4598 -9.8756 -4.1396 -0.1674 0.9567 0.2382 0.0117 0.4805
    5 2.6882 -9.4417 -4.3528 -0.5970 0.7596 0.2583 0.1445 0.4766
frogbomb.bmp
    4 1.7084 -8.5249 -4.6470 0.1023 0.2401 0.9653 0.0938 0.4102
    5 2.6882 -9.4417 -4.3528 -0.5970 0.7596 0.2583 0.1445 0.4766
    4 2.4413 -8.4677 -4.7792 0.2928 0.7267 0.6214 0.1562 0.4062
frogbomb.bmp
    4 2.4413 -8.4677 -4.7792 0.2928 0.7267 0.6214 0.1562 0.4062
    5 2.6882 -9.4417 -4.3528 -0.5970 0.7596 0.2583 0.1445 0.4766
    4 2.7171 -8.7352 -4.5700 -0.0497 0.7861 0.6160 0.1719 0.4453
frogbomb.bmp
    4 2.4413 -8.4677 -4.7792 0.2928 0.7267 0.6214 0.1562 0.4062
    4 2.7171 -8.7352 -4.5700 -0.0497 0.7861 0.6160 0.1719 0.4453
    4 2.5217 -8.3751 -5.1216 0.4311 0.8656 -0.2547 0.1797 0.3750
frogbomb.bmp
    4 2.5217 -8.3751 -5.1216 0.4311 0.8656 -0.2547 0.1797 0.3750
    4 2.7171 -8.7352 -4.5700 -0.0497 0.7861 0.6160 0.1719 0.4453
    4 3.2176 -8.9163 -5.1089 0.5745 0.7728 -0.2696 0.2266 0.4219
frogbomb.bmp
    4 2.5217 -8.3751 -5.1216 0.4311 0.8656 -0.2547 0.1797 0.3750
    4 3.2176 -8.9163 -5.1089 0.5745 0.7728 -0.2696 0.2266 0.4219
    9 2.5356 -8.7056 -5.3719 0.4733 0.7518 -0.4590 0.1836 0.3438
frogbomb.bmp
    9 2.5356 -8.7056 -5.3719 0.4733 0.7518 -0.4590 0.1836 0.3438
    4 3.2176 -8.9163 -5.1089 0.5745 0.7728 -0.2696 0.2266 0.4219
    9 3.1985 -9.6192 -6.4493 0.7217 0.6089 -0.3292 0.2891 0.3047
frogbomb.bmp
    9 2.5356 -8.7056 -5.3719 0.4733 0.7518 -0.4590 0.1836 0.3438
    9 3.1985 -9.6192 -6.4493 0.7217 0.6089 -0.3292 0.2891 0.3047
    9 2.4552 -8.7059 -6.0207 0.5832 0.7968 -0.1581 0.1875 0.2891
frogbomb.bmp
    9 2.4552 -8.7059 -6.0207 0.5832 0.7968 -0.1581 0.1875 0.2891
    9 3.1985 -9.6192 -6.4493 0.7217 0.6089 -0.3292 0.2891 0.3047
    9 2.5507 -8.9735 -6.8054 0.5059 0.7167 -0.4800 0.2383 0.2031
frogbomb.bmp
    9 2.4552 -8.7059 -6.0207 0.5832 0.7968 -0.1581 0.1875 0.2891
    9 2.5507 -8.9735 -6.8054 0.5059 0.7167 -0.4800 0.2383 0.2031
    9 1.4048 -8.5462 -6.8629 0.0200 0.7550 -0.6554 0.1211 0.1328
frogbomb.bmp
    2 -0.7304 -12.6501 -4.0799 -0.9288 -0.3448 0.1356 0.7656 0.4492
    2 -0.9402 -12.1987 -4.8918 -0.9588 -0.2616 0.1107 0.7656 0.3438
    2 -0.7481 -13.1393 -5.1603 -0.9134 -0.4070 -0.0023 0.7031 0.3750
frogbomb.bmp
    2 -0.7304 -12.6501 -4.0799 -0.9288 -0.3448 0.1356 0.7656 0.4492
    2 -0.7481 -13.1393 -5.1603 -0.9134 -0.4070 -0.0023 0.7031 0.3750
    2 -0.4697 -13.5086 -4.3757 -0.7972 -0.5812 0.1634 0.6992 0.4648
frogbomb.bmp
    2 -0.4697 -13.5086 -4.3757 -0.7972 -0.5812 0.1634 0.6992 0.4648
    2 -0.7481 -13.1393 -5.1603 -0.9134 -0.4070 -0.0023 0.7031 0.3750
    2 -0.3213 -13.7042 -5.4665 -0.6829 -0.7089 -0.1765 0.6719 0.3828
frogbomb.bmp
    2 -0.4697 -13.5086 -4.3757 -0.7972 -0.5812 0.1634 0.6992 0.4648
    2 -0.3213 -13.7042 -5.4665 -0.6829 -0.7089 -0.1765 0.6719 0.3828
    2 0.3351 -14.2293 -4.8245 -0.5226 -0.8521 0.0295 0.6367 0.4766
frogbomb.bmp
    2 0.3351 -14.2293 -4.8245 -0.5226 -0.8521 0.0295 0.6367 0.4766
    2 -0.3213 -13.7042 -5.4665 -0.6829 -0.7089 -0.1765 0.6719 0.3828
    2 0.7849 -14.3693 -5.6465 -0.2869 -0.9015 -0.3241 0.5898 0.4258
frogbomb.bmp
    2 0.3351 -14.2293 -4.8245 -0.5226 -0.8521 0.0295 0.6367 0.4766
    2 0.7849 -14.3693 -5.6465 -0.2869 -0.9015 -0.3241 0.5898 0.4258
    2 1.3058 -14.6777 -4.5133 -0.2068 -0.9782 0.0177 0.5703 0.5508
frogbomb.bmp
    2 1.3058 -14.6777 -4.5133 -0.2068 -0.9782 0.0177 0.5703 0.5508
    2 0.7849 -14.3693 -5.6465 -0.2869 -0.9015 -0.3241 0.5898 0.4258
    2 2.5195 -14.6796 -4.5334 0.2329 -0.9713 -0.0474 0.4648 0.5820
frogbomb.bmp
    2 1.3058 -14.6777 -4.5133 -0.2068 -0.9782 0.0177 0.5703 0.5508
    2 2.5195 -14.6796 -4.5334 0.2329 -0.9713 -0.0474 0.4648 0.5820
    2 2.6316 -14.5087 -3.7490 0.2957 -0.8652 0.4051 0.4648 0.6406
frogbomb.bmp
    2 2.6316 -14.5087 -3.7490 0.2957 -0.8652 0.4051 0.4648 0.6406
    2 2.5195 -14.6796 -4.5334 0.2329 -0.9713 -0.0474 0.4648 0.5820
    2 3.5167 -14.1262 -4.9494 0.6183 -0.7724 -0.1450 0.5703 0.5508
frogbomb.bmp
    2 2.6316 -14.5087 -3.7490 0.2957 -0.8652 0.4051 0.4648 0.6406
    2 3.5167 -14.1262 -4.9494 0.6183 -0.7724 -0.1450 0.5703 0.5508
    2 3.6618 -13.9594 -4.0029 0.6791 -0.6660 0.3088 0.5703 0.6250
frogbomb.bmp
    2 3.6618 -13.9594 -4.0029 0.6791 -0.6660 0.3088 0.5703 0.6250
    2 3.5167 -14.1262 -4.9494 0.6183 -0.7724 -0.1450 0.5703 0.5508
    2 3.9945 -13.3166 -5.5463 0.8232 -0.5164 -0.2359 0.6367 0.4766
frogbomb.bmp
    2 3.6618 -13.9594 -4.0029 0.6791 -0.6660 0.3088 0.5703 0.6250
    2 3.9945 -13.3166 -5.5463 0.8232 -0.5164 -0.2359 0.6367 0.4766
    2 4.4740 -12.7245 -4.3884 0.9304 -0.3519 0.1026 0.6719 0.5625
frogbomb.bmp
    2 4.4740 -12.7245 -4.3884 0.9304 -0.3519 0.1026 0.6719 0.5625
    2 3.9945 -13.3166 -5.5463 0.8232 -0.5164 -0.2359 0.6367 0.4766
    2 4.4858 -12.2726 -5.3532 0.9726 -0.1398 -0.1857 0.6992 0.4648
frogbomb.bmp
    2 4.4740 -12.7245 -4.3884 0.9304 -0.3519 0.1026 0.6719 0.5625
    2 4.4858 -12.2726 -5.3532 0.9726 -0.1398 -0.1857 0.6992 0.4648
    2 4.5130 -11.6622 -4.7627 0.9783 0.0073 -0.2071 0.7656 0.5000
frogbomb.bmp
    2 4.5130 -11.6622 -4.7627 0.9783 0.0073 -0.2071 0.7656 0.5000
    2 4.4858 -12.2726 -5.3532 0.9726 -0.1398 -0.1857 0.6992 0.4648
    2 4.4156 -11.3666 -5.0950 0.9630 0.1270 -0.2376 0.7656 0.4492
frogbomb.bmp
    2 -0.2905 -13.1140 -3.5001 -0.2780 0.0188 0.9604 0.8906 0.0156
    2 -0.2958 -12.9720 -3.6133 -0.0857 0.9447 0.3165 0.9023 0.0156
    2 -0.8662 -12.9787 -3.7472 0.2776 0.9223 0.2688 0.9023 0.1172
frogbomb.bmp
    2 -0.2905 -13.1140 -3.5001 -0.2780 0.0188 0.9604 0.8906 0.0156
    2 -0.8662 -12.9787 -3.7472 0.2776 0.9223 0.2688 0.9023 0.1172
    2 -0.9233 -13.0652 -3.6674 -0.1987 -0.0208 0.9798 0.8906 0.1172
frogbomb.bmp
    2 -0.9233 -13.0652 -3.6674 -0.1987 -0.0208 0.9798 0.8906 0.1172
    2 -0.8662 -12.9787 -3.7472 0.2776 0.9223 0.2688 0.9023 0.1172
    2 -1.5926 -12.5371 -3.7327 -0.2757 -0.0817 0.9578 0.8906 0.2148
frogbomb.bmp
    2 -0.9233 -13.0652 -3.6674 -0.1987 -0.0208 0.9798 0.8906 0.1172
    2 -1.5926 -12.5371 -3.7327 -0.2757 -0.0817 0.9578 0.8906 0.2148
    2 -1.6689 -12.5930 -3.8178 -0.8267 -0.5471 0.1316 0.8789 0.2148
frogbomb.bmp
    2 -1.6689 -12.5930 -3.8178 -0.8267 -0.5471 0.1316 0.8789 0.2148
    2 -1.5926 -12.5371 -3.7327 -0.2757 -0.0817 0.9578 0.8906 0.2148
    2 -1.8083 -11.8210 -3.8146 -0.2780 0.0188 0.9604 0.8906 0.3125
frogbomb.bmp
    2 -1.6689 -12.5930 -3.8178 -0.8267 -0.5471 0.1316 0.8789 0.2148
    2 -1.8083 -11.8210 -3.8146 -0.2780 0.0188 0.9604 0.8906 0.3125
    2 -1.8978 -11.8291 -3.9064 -0.9947 -0.0340 0.0969 0.8789 0.3125
frogbomb.bmp
    2 -1.8978 -11.8291 -3.9064 -0.9947 -0.0340 0.0969 0.8789 0.3125
    2 -1.8083 -11.8210 -3.8146 -0.2780 0.0188 0.9604 0.8906 0.3125
    4 -1.6623 -10.8695 -3.8267 -0.8071 0.4120 0.4230 0.8789 0.4180
frogbomb.bmp
    2 -1.8978 -11.8291 -3.9064 -0.9947 -0.0340 0.0969 0.8789 0.3125
    4 -1.6623 -10.8695 -3.8267 -0.8071 0.4120 0.4230 0.8789 0.4180
    2 -1.8377 -11.8190 -4.0140 -0.4966 -0.0191 -0.8678 0.8672 0.3125
frogbomb.bmp
    2 -1.8377 -11.8190 -4.0140 -0.4966 -0.0191 -0.8678 0.8672 0.3125
    4 -1.6623 -10.8695 -3.8267 -0.8071 0.4120 0.4230 0.8789 0.4180
    4 -1.6354 -10.8612 -3.9504 -0.6950 0.3081 -0.6496 0.8672 0.4180
frogbomb.bmp
    2 -1.8377 -11.8190 -4.0140 -0.4966 -0.0191 -0.8678 0.8672 0.3125
    4 -1.6354 -10.8612 -3.9504 -0.6950 0.3081 -0.6496 0.8672 0.4180
    2 -1.7134 -11.7991 -3.9974 0.6465 0.0007 -0.7629 0.8516 0.3125
frogbomb.bmp
    2 -1.7134 -11.7991 -3.9974 0.6465 0.0007 -0.7629 0.8516 0.3125
    4 -1.6354 -10.8612 -3.9504 -0.6950 0.3081 -0.6496 0.8672 0.4180
    4 -1.5256 -10.8850 -3.9670 0.3672 -0.2950 -0.8821 0.8516 0.4180
frogbomb.bmp
    2 -1.7134 -11.7991 -3.9974 0.6465 0.0007 -0.7629 0.8516 0.3125
    4 -1.5256 -10.8850 -3.9670 0.3672 -0.2950 -0.8821 0.8516 0.4180
    4 -1.4820 -10.9181 -3.8474 0.8799 -0.4089 0.2420 0.8398 0.4180
frogbomb.bmp
    4 -1.4820 -10.9181 -3.8474 0.8799 -0.4089 0.2420 0.8398 0.4180
    4 -1.5256 -10.8850 -3.9670 0.3672 -0.2950 -0.8821 0.8516 0.4180
    4 -1.0832 -10.3583 -4.1225 0.1172 -0.4669 -0.8765 0.8516 0.4922
frogbomb.bmp
    4 -1.4820 -10.9181 -3.8474 0.8799 -0.4089 0.2420 0.8398 0.4180
    4 -1.0832 -10.3583 -4.1225 0.1172 -0.4669 -0.8765 0.8516 0.4922
    4 -1.0188 -10.3957 -4.0100 0.6568 -0.7442 0.1213 0.8398 0.4922
frogbomb.bmp
    4 -1.0188 -10.3957 -4.0100 0.6568 -0.7442 0.1213 0.8398 0.4922
    4 -1.0832 -10.3583 -4.1225 0.1172 -0.4669 -0.8765 0.8516 0.4922
    4 -0.6714 -10.1825 -4.0544 0.5091 -0.7943 0.3316 0.8398 0.5703
frogbomb.bmp
    2 -0.7274 -11.2564 -2.5152 -0.9042 0.0585 0.4231 0.2695 0.6133
    2 -0.5626 -11.8023 -2.9021 -0.8479 -0.2974 0.4388 0.3047 0.6211
    12 -0.2845 -11.9040 -2.1940 -0.6566 -0.3702 0.6572 0.2773 0.7070
frogbomb.bmp
    2 -0.7274 -11.2564 -2.5152 -0.9042 0.0585 0.4231 0.2695 0.6133
    12 -0.2845 -11.9040 -2.1940 -0.6566 -0.3702 0.6572 0.2773 0.7070
    16 -0.1042 -10.9011 -1.9267 -0.6913 0.2965 0.6589 0.2227 0.6602
frogbomb.bmp
    16 -0.1042 -10.9011 -1.9267 -0.6913 0.2965 0.6589 0.2227 0.6602
    12 -0.2845 -11.9040 -2.1940 -0.6566 -0.3702 0.6572 0.2773 0.7070
    2 0.5824 -10.8046 -1.4748 -0.2876 -0.1600 0.9443 0.1602 0.7266
frogbomb.bmp
    16 -0.1042 -10.9011 -1.9267 -0.6913 0.2965 0.6589 0.2227 0.6602
    2 0.5824 -10.8046 -1.4748 -0.2876 -0.1600 0.9443 0.1602 0.7266
    16 0.5985 -10.3321 -1.3996 -0.4356 0.2923 0.8513 0.1562 0.7031
frogbomb.bmp
    16 0.5985 -10.3321 -1.3996 -0.4356 0.2923 0.8513 0.1562 0.7031
    2 0.5824 -10.8046 -1.4748 -0.2876 -0.1600 0.9443 0.1602 0.7266
    2 1.3037 -10.0874 -1.4859 0.0533 0.2712 0.9610 0.0781 0.7148
frogbomb.bmp
    16 0.5985 -10.3321 -1.3996 -0.4356 0.2923 0.8513 0.1562 0.7031
    2 1.3037 -10.0874 -1.4859 0.0533 0.2712 0.9610 0.0781 0.7148
    19 0.9098 -9.8242 -1.5103 -0.4637 0.6087 0.6438 0.1055 0.6875
frogbomb.bmp
    19 0.9098 -9.8242 -1.5103 -0.4637 0.6087 0.6438 0.1055 0.6875
    2 1.3037 -10.0874 -1.4859 0.0533 0.2712 0.9610 0.0781 0.7148
    19 1.2055 -9.5512 -1.6876 -0.2510 0.8241 0.5078 0.0703 0.6680
frogbomb.bmp
    19 0.9098 -9.8242 -1.5103 -0.4637 0.6087 0.6438 0.1055 0.6875
    19 1.2055 -9.5512 -1.6876 -0.2510 0.8241 0.5078 0.0703 0.6680
    15 0.9426 -9.8291 -2.1171 -0.5148 0.8156 0.2641 0.0898 0.6289
frogbomb.bmp
    15 0.9426 -9.8291 -2.1171 -0.5148 0.8156 0.2641 0.0898 0.6289
    19 1.2055 -9.5512 -1.6876 -0.2510 0.8241 0.5078 0.0703 0.6680
    2 1.3866 -9.4007 -2.3786 -0.3949 0.6984 0.5969 0.0352 0.6016
frogbomb.bmp
    15 0.9426 -9.8291 -2.1171 -0.5148 0.8156 0.2641 0.0898 0.6289
    2 1.3866 -9.4007 -2.3786 -0.3949 0.6984 0.5969 0.0352 0.6016
    2 0.7960 -9.8253 -2.2388 -0.3104 0.7707 0.5565 0.1055 0.6172
frogbomb.bmp
    2 0.7960 -9.8253 -2.2388 -0.3104 0.7707 0.5565 0.1055 0.6172
    2 1.3866 -9.4007 -2.3786 -0.3949 0.6984 0.5969 0.0352 0.6016
    14 0.5952 -9.5090 -2.6532 -0.1689 0.3092 0.9359 0.1094 0.5625
frogbomb.bmp
    2 0.7960 -9.8253 -2.2388 -0.3104 0.7707 0.5565 0.1055 0.6172
    14 0.5952 -9.5090 -2.6532 -0.1689 0.3092 0.9359 0.1094 0.5625
    14 0.5347 -9.8451 -2.2989 -0.3524 0.7025 0.6183 0.1289 0.6055
frogbomb.bmp
    14 0.5347 -9.8451 -2.2989 -0.3524 0.7025 0.6183 0.1289 0.6055
    14 0.5952 -9.5090 -2.6532 -0.1689 0.3092 0.9359 0.1094 0.5625
    14 0.1655 -10.0532 -2.3381 -0.6971 0.4900 0.5234 0.1680 0.6055
frogbomb.bmp
    2 4.2743 -10.2820 -4.2807 0.9445 0.3155 0.0920 0.2930 0.5586
    2 4.4365 -10.2797 -4.8915 0.9431 0.2758 -0.1854 0.3320 0.4961
    2 4.2137 -9.6781 -4.5160 0.8328 0.5385 0.1282 0.2773 0.5000
frogbomb.bmp
    2 4.2743 -10.2820 -4.2807 0.9445 0.3155 0.0920 0.2930 0.5586
    2 4.2137 -9.6781 -4.5160 0.8328 0.5385 0.1282 0.2773 0.5000
    2 3.6811 -9.3598 -4.2067 0.7882 0.5677 0.2375 0.2578 0.5000
frogbomb.bmp
    2 3.6811 -9.3598 -4.2067 0.7882 0.5677 0.2375 0.2578 0.5000
    2 4.2137 -9.6781 -4.5160 0.8328 0.5385 0.1282 0.2773 0.5000
    5 3.5373 -9.0189 -4.7344 0.6265 0.7500 -0.2120 0.2422 0.4570
frogbomb.bmp
    2 3.6811 -9.3598 -4.2067 0.7882 0.5677 0.2375 0.2578 0.5000
    5 3.5373 -9.0189 -4.7344 0.6265 0.7500 -0.2120 0.2422 0.4570
    5 3.3518 -8.6383 -4.0659 0.4609 0.8854 -0.0600 0.2188 0.4961
frogbomb.bmp
    5 3.3518 -8.6383 -4.0659 0.4609 0.8854 -0.0600 0.2188 0.4961
    5 3.5373 -9.0189 -4.7344 0.6265 0.7500 -0.2120 0.2422 0.4570
    5 2.8675 -8.8518 -4.1232 -0.5143 0.7884 -0.3375 0.1680 0.4805
frogbomb.bmp
    5 3.3518 -8.6383 -4.0659 0.4609 0.8854 -0.0600 0.2188 0.4961
    5 2.8675 -8.8518 -4.1232 -0.5143 0.7884 -0.3375 0.1680 0.4805
    2 2.5256 -8.4901 -3.2198 0.2776 0.9223 0.2688 0.1367 0.5156
frogbomb.bmp
    2 2.5256 -8.4901 -3.2198 0.2776 0.9223 0.2688 0.1367 0.5156
    5 2.8675 -8.8518 -4.1232 -0.5143 0.7884 -0.3375 0.1680 0.4805
    2 2.3576 -8.6327 -3.4007 -0.2716 0.7642 -0.5851 0.0938 0.5117
frogbomb.bmp
    2 2.5256 -8.4901 -3.2198 0.2776 0.9223 0.2688 0.1367 0.5156
    2 2.3576 -8.6327 -3.4007 -0.2716 0.7642 -0.5851 0.0938 0.5117
    2 1.9020 -8.4136 -2.9331 0.2272 0.9439 0.2398 0.0742 0.5195
frogbomb.bmp
    2 1.9020 -8.4136 -2.9331 0.2272 0.9439 0.2398 0.0742 0.5195
    2 2.3576 -8.6327 -3.4007 -0.2716 0.7642 -0.5851 0.0938 0.5117
    2 1.8975 -8.5115 -3.1326 -0.1509 0.7968 -0.5851 0.0703 0.5156
frogbomb.bmp
    2 1.9020 -8.4136 -2.9331 0.2272 0.9439 0.2398 0.0742 0.5195
    2 1.8975 -8.5115 -3.1326 -0.1509 0.7968 -0.5851 0.0703 0.5156
    2 1.3063 -8.3562 -2.6884 -0.1624 0.9243 0.3453 0.0117 0.5234
frogbomb.bmp
    2 1.3063 -8.3562 -2.6884 -0.1624 0.9243 0.3453 0.0117 0.5234
    2 1.8975 -8.5115 -3.1326 -0.1509 0.7968 -0.5851 0.0703 0.5156
    2 1.2963 -8.4695 -2.8822 -0.3030 0.7715 -0.5594 0.0352 0.5195
frogbomb.bmp
    2 1.3063 -8.3562 -2.6884 -0.1624 0.9243 0.3453 0.0117 0.5234
    2 1.2963 -8.4695 -2.8822 -0.3030 0.7715 -0.5594 0.0352 0.5195
    2 0.7349 -8.8015 -2.9032 -0.4470 0.7225 -0.5274 0.0703 0.5156
frogbomb.bmp
    2 0.7349 -8.8015 -2.9032 -0.4470 0.7225 -0.5274 0.0703 0.5156
    2 1.2963 -8.4695 -2.8822 -0.3030 0.7715 -0.5594 0.0352 0.5195
    4 1.4598 -9.8756 -4.1396 -0.1674 0.9567 0.2382 0.0117 0.4805
frogbomb.bmp
    2 -1.5214 -11.8985 -2.6175 -0.4351 0.3439 0.8321 0.9688 0.3359
    2 -1.4129 -11.8744 -2.6754 0.6940 0.6388 0.3321 0.9805 0.3359
    2 -1.5049 -11.2011 -2.9821 0.8082 -0.0623 0.5856 0.9805 0.4336
frogbomb.bmp
    2 -1.5214 -11.8985 -2.6175 -0.4351 0.3439 0.8321 0.9688 0.3359
    2 -1.5049 -11.2011 -2.9821 0.8082 -0.0623 0.5856 0.9805 0.4336
    2 -1.6241 -11.1949 -2.9404 -0.4022 0.2765 0.8728 0.9688 0.4336
frogbomb.bmp
    2 -1.6241 -11.1949 -2.9404 -0.4022 0.2765 0.8728 0.9688 0.4336
    2 -1.5049 -11.2011 -2.9821 0.8082 -0.0623 0.5856 0.9805 0.4336
    5 -1.1562 -10.3207 -2.9118 -0.0430 0.2921 0.9554 0.9688 0.5312
frogbomb.bmp
    2 -1.6241 -11.1949 -2.9404 -0.4022 0.2765 0.8728 0.9688 0.4336
    5 -1.1562 -10.3207 -2.9118 -0.0430 0.2921 0.9554 0.9688 0.5312
    5 -1.2538 -10.2969 -3.0030 -0.7655 0.6074 0.2123 0.9531 0.5312
frogbomb.bmp
    5 -1.2538 -10.2969 -3.0030 -0.7655 0.6074 0.2123 0.9531 0.5312
    5 -1.1562 -10.3207 -2.9118 -0.0430 0.2921 0.9554 0.9688 0.5312
    5 -0.5806 -9.8393 -3.2114 0.1282 0.3424 0.9308 0.9688 0.6133
frogbomb.bmp
    5 -1.2538 -10.2969 -3.0030 -0.7655 0.6074 0.2123 0.9531 0.5312
    5 -0.5806 -9.8393 -3.2114 0.1282 0.3424 0.9308 0.9688 0.6133
    5 -0.6470 -9.7765 -3.3059 -0.4803 0.8684 0.1235 0.9531 0.6133
frogbomb.bmp
    5 -0.6470 -9.7765 -3.3059 -0.4803 0.8684 0.1235 0.9531 0.6133
    5 -0.5806 -9.8393 -3.2114 0.1282 0.3424 0.9308 0.9688 0.6133
    5 -0.1137 -9.5552 -3.4460 0.1493 0.9888 -0.0060 0.9531 0.6602
frogbomb.bmp
    5 -0.6470 -9.7765 -3.3059 -0.4803 0.8684 0.1235 0.9531 0.6133
    5 -0.1137 -9.5552 -3.4460 0.1493 0.9888 -0.0060 0.9531 0.6602
    5 -0.6575 -9.8466 -3.4117 -0.4872 0.2808 -0.8269 0.9414 0.6133
frogbomb.bmp
    5 -0.6575 -9.8466 -3.4117 -0.4872 0.2808 -0.8269 0.9414 0.6133
    5 -0.1137 -9.5552 -3.4460 0.1493 0.9888 -0.0060 0.9531 0.6602
    5 -0.1428 -9.6305 -3.5464 -0.2952 0.4885 -0.8211 0.9414 0.6602
frogbomb.bmp
    5 -0.6575 -9.8466 -3.4117 -0.4872 0.2808 -0.8269 0.9414 0.6133
    5 -0.1428 -9.6305 -3.5464 -0.2952 0.4885 -0.8211 0.9414 0.6602
    5 -0.6001 -9.9465 -3.3852 0.1684 -0.7010 -0.6930 0.9297 0.6133
frogbomb.bmp
    5 -0.6001 -9.9465 -3.3852 0.1684 -0.7010 -0.6930 0.9297 0.6133
    5 -0.1428 -9.6305 -3.5464 -0.2952 0.4885 -0.8211 0.9414 0.6602
    5 -0.1522 -9.7394 -3.4989 -0.3492 -0.7619 -0.5455 0.9297 0.6602
frogbomb.bmp
    5 -0.6001 -9.9465 -3.3852 0.1684 -0.7010 -0.6930 0.9297 0.6133
    5 -0.1522 -9.7394 -3.4989 -0.3492 -0.7619 -0.5455 0.9297 0.6602
    5 -0.1264 -9.7357 -3.3676 0.2745 -0.6794 0.6805 0.9180 0.6602
frogbomb.bmp
    5 -0.1264 -9.7357 -3.3676 0.2745 -0.6794 0.6805 0.9180 0.6602
    5 -0.1522 -9.7394 -3.4989 -0.3492 -0.7619 -0.5455 0.9297 0.6602
    5 0.7519 -10.5086 -4.0749 -0.2588 -0.7971 0.5456 0.9180 0.7109
frogbomb.bmp
    4 -0.7384 -10.1324 -4.2385 0.0170 -0.4875 -0.8729 0.8516 0.5703
    4 -0.6714 -10.1825 -4.0544 0.5091 -0.7943 0.3316 0.8398 0.5703
    4 -1.0832 -10.3583 -4.1225 0.1172 -0.4669 -0.8765 0.8516 0.4922
frogbomb.bmp
    4 -0.7384 -10.1324 -4.2385 0.0170 -0.4875 -0.8729 0.8516 0.5703
    4 -1.0832 -10.3583 -4.1225 0.1172 -0.4669 -0.8765 0.8516 0.4922
    4 -0.7530 -9.9450 -4.2550 -0.6555 0.5802 -0.4835 0.8672 0.5703
frogbomb.bmp
    4 -0.7530 -9.9450 -4.2550 -0.6555 0.5802 -0.4835 0.8672 0.5703
    4 -1.0832 -10.3583 -4.1225 0.1172 -0.4669 -0.8765 0.8516 0.4922
    4 -1.1505 -10.2611 -4.1111 -0.6486 0.4286 -0.6290 0.8672 0.4922
frogbomb.bmp
    4 -0.7530 -9.9450 -4.2550 -0.6555 0.5802 -0.4835 0.8672 0.5703
    4 -1.1505 -10.2611 -4.1111 -0.6486 0.4286 -0.6290 0.8672 0.4922
    4 -0.6936 -9.8690 -4.0858 -0.5434 0.7368 0.4023 0.8789 0.5703
frogbomb.bmp
    4 -0.6936 -9.8690 -4.0858 -0.5434 0.7368 0.4023 0.8789 0.5703
    4 -1.1505 -10.2611 -4.1111 -0.6486 0.4286 -0.6290 0.8672 0.4922
    4 -1.1253 -10.2260 -3.9885 -0.5643 0.6901 0.4531 0.8789 0.4922
frogbomb.bmp
    4 -0.6936 -9.8690 -4.0858 -0.5434 0.7368 0.4023 0.8789 0.5703
    4 -1.1253 -10.2260 -3.9885 -0.5643 0.6901 0.4531 0.8789 0.4922
    4 -1.0505 -10.3141 -3.9273 0.1651 0.0139 0.9862 0.8906 0.4922
frogbomb.bmp
    4 -1.0505 -10.3141 -3.9273 0.1651 0.0139 0.9862 0.8906 0.4922
    4 -1.1253 -10.2260 -3.9885 -0.5643 0.6901 0.4531 0.8789 0.4922
    4 -1.6623 -10.8695 -3.8267 -0.8071 0.4120 0.4230 0.8789 0.4180
frogbomb.bmp
    4 -1.0505 -10.3141 -3.9273 0.1651 0.0139 0.9862 0.8906 0.4922
    4 -1.6623 -10.8695 -3.8267 -0.8071 0.4120 0.4230 0.8789 0.4180
    4 -1.5592 -10.9087 -3.7690 0.0562 0.0851 0.9948 0.8906 0.4180
frogbomb.bmp
    4 -1.5592 -10.9087 -3.7690 0.0562 0.0851 0.9948 0.8906 0.4180
    4 -1.6623 -10.8695 -3.8267 -0.8071 0.4120 0.4230 0.8789 0.4180
    2 -1.8083 -11.8210 -3.8146 -0.2780 0.0188 0.9604 0.8906 0.3125
frogbomb.bmp
    4 -1.5592 -10.9087 -3.7690 0.0562 0.0851 0.9948 0.8906 0.4180
    2 -1.8083 -11.8210 -3.8146 -0.2780 0.0188 0.9604 0.8906 0.3125
    2 -1.6863 -11.8075 -3.8706 0.8755 0.0174 0.4828 0.9023 0.3125
frogbomb.bmp
    2 -1.6863 -11.8075 -3.8706 0.8755 0.0174 0.4828 0.9023 0.3125
    2 -1.8083 -11.8210 -3.8146 -0.2780 0.0188 0.9604 0.8906 0.3125
    2 -1.5926 -12.5371 -3.7327 -0.2757 -0.0817 0.9578 0.8906 0.2148
frogbomb.bmp
    2 -1.6863 -11.8075 -3.8706 0.8755 0.0174 0.4828 0.9023 0.3125
    2 -1.5926 -12.5371 -3.7327 -0.2757 -0.0817 0.9578 0.8906 0.2148
    2 -1.4945 -12.4696 -3.7886 0.6786 0.5078 0.5307 0.9023 0.2148
frogbomb.bmp
    2 -1.4945 -12.4696 -3.7886 0.6786 0.5078 0.5307 0.9023 0.2148
    2 -1.5926 -12.5371 -3.7327 -0.2757 -0.0817 0.9578 0.8906 0.2148
    2 -0.8662 -12.9787 -3.7472 0.2776 0.9223 0.2688 0.9023 0.1172
frogbomb.bmp
    18 1.4025 -10.3327 -2.5189 0.8848 0.4655 -0.0227 0.3633 0.8359
    18 1.2562 -10.2612 -2.8450 0.7150 0.5548 -0.4254 0.4023 0.7891
    18 1.1852 -9.9994 -2.6141 0.6365 0.7355 -0.2323 0.4023 0.8086
frogbomb.bmp
    18 1.4025 -10.3327 -2.5189 0.8848 0.4655 -0.0227 0.3633 0.8359
    18 1.1852 -9.9994 -2.6141 0.6365 0.7355 -0.2323 0.4023 0.8086
    18 1.2593 -10.0961 -2.2283 0.7354 0.5762 0.3566 0.3711 0.8750
frogbomb.bmp
    18 1.2593 -10.0961 -2.2283 0.7354 0.5762 0.3566 0.3711 0.8750
    18 1.1852 -9.9994 -2.6141 0.6365 0.7355 -0.2323 0.4023 0.8086
    18 0.9927 -9.8782 -2.3313 0.3437 0.9195 0.1909 0.4219 0.8516
frogbomb.bmp
    18 1.2593 -10.0961 -2.2283 0.7354 0.5762 0.3566 0.3711 0.8750
    18 0.9927 -9.8782 -2.3313 0.3437 0.9195 0.1909 0.4219 0.8516
    18 0.9110 -10.0223 -2.0150 0.2220 0.7015 0.6772 0.4219 0.9141
frogbomb.bmp
    18 0.9110 -10.0223 -2.0150 0.2220 0.7015 0.6772 0.4219 0.9141
    18 0.9927 -9.8782 -2.3313 0.3437 0.9195 0.1909 0.4219 0.8516
    18 0.6324 -9.8615 -2.2622 -0.2055 0.9356 0.2873 0.4805 0.8750
frogbomb.bmp
    18 0.9110 -10.0223 -2.0150 0.2220 0.7015 0.6772 0.4219 0.9141
    18 0.6324 -9.8615 -2.2622 -0.2055 0.9356 0.2873 0.4805 0.8750
    18 0.5113 -10.1103 -1.9706 -0.3845 0.5632 0.7314 0.4883 0.9453
frogbomb.bmp
    18 0.5113 -10.1103 -1.9706 -0.3845 0.5632 0.7314 0.4883 0.9453
    18 0.6324 -9.8615 -2.2622 -0.2055 0.9356 0.2873 0.4805 0.8750
    18 0.3435 -10.0360 -2.2662 -0.6681 0.6810 0.2999 0.5352 0.9023
frogbomb.bmp
    18 0.5113 -10.1103 -1.9706 -0.3845 0.5632 0.7314 0.4883 0.9453
    18 0.3435 -10.0360 -2.2662 -0.6681 0.6810 0.2999 0.5352 0.9023
    18 0.2158 -10.3501 -2.1209 -0.8299 0.2165 0.5142 0.5469 0.9531
frogbomb.bmp
    18 0.2158 -10.3501 -2.1209 -0.8299 0.2165 0.5142 0.5469 0.9531
    18 0.3435 -10.0360 -2.2662 -0.6681 0.6810 0.2999 0.5352 0.9023
    18 0.1501 -10.2484 -2.5045 -0.9260 0.3727 -0.0598 0.5781 0.8867
frogbomb.bmp
    18 0.2158 -10.3501 -2.1209 -0.8299 0.2165 0.5142 0.5469 0.9531
    18 0.1501 -10.2484 -2.5045 -0.9260 0.3727 -0.0598 0.5781 0.8867
    18 0.1217 -10.6355 -2.3939 -0.9851 0.0195 0.1707 0.5781 0.9336
frogbomb.bmp
    18 0.1217 -10.6355 -2.3939 -0.9851 0.0195 0.1707 0.5781 0.9336
    18 0.1501 -10.2484 -2.5045 -0.9260 0.3727 -0.0598 0.5781 0.8867
    18 0.1591 -10.5262 -2.7350 -0.9548 0.1566 -0.2527 0.5859 0.8711
frogbomb.bmp
    2 4.4156 -11.3666 -5.0950 0.9630 0.1270 -0.2376 0.7656 0.4492
    2 4.4858 -12.2726 -5.3532 0.9726 -0.1398 -0.1857 0.6992 0.4648
    2 4.2646 -11.8891 -6.1491 0.9292 0.0526 -0.3658 0.7031 0.3750
frogbomb.bmp
    2 4.4156 -11.3666 -5.0950 0.9630 0.1270 -0.2376 0.7656 0.4492
    2 4.2646 -11.8891 -6.1491 0.9292 0.0526 -0.3658 0.7031 0.3750
    2 4.0915 -10.9437 -5.8843 0.9118 0.2605 -0.3175 0.7656 0.3438
frogbomb.bmp
    2 4.0915 -10.9437 -5.8843 0.9118 0.2605 -0.3175 0.7656 0.3438
    2 4.2646 -11.8891 -6.1491 0.9292 0.0526 -0.3658 0.7031 0.3750
    2 3.8155 -11.6453 -7.0001 0.8027 -0.0312 -0.5955 0.6836 0.2812
frogbomb.bmp
    2 4.0915 -10.9437 -5.8843 0.9118 0.2605 -0.3175 0.7656 0.3438
    2 3.8155 -11.6453 -7.0001 0.8027 -0.0312 -0.5955 0.6836 0.2812
    4 3.6987 -10.5151 -6.9629 0.8044 0.3380 -0.4885 0.7188 0.1992
frogbomb.bmp
    4 3.6987 -10.5151 -6.9629 0.8044 0.3380 -0.4885 0.7188 0.1992
    2 3.8155 -11.6453 -7.0001 0.8027 -0.0312 -0.5955 0.6836 0.2812
    2 3.0659 -11.5497 -7.7005 0.4171 -0.1311 -0.8994 0.6328 0.1953
frogbomb.bmp
    4 3.6987 -10.5151 -6.9629 0.8044 0.3380 -0.4885 0.7188 0.1992
    2 3.0659 -11.5497 -7.7005 0.4171 -0.1311 -0.8994 0.6328 0.1953
    9 2.5442 -9.9153 -7.7747 0.2690 0.4387 -0.8574 0.6484 0.1016
frogbomb.bmp
    9 2.5442 -9.9153 -7.7747 0.2690 0.4387 -0.8574 0.6484 0.1016
    2 3.0659 -11.5497 -7.7005 0.4171 -0.1311 -0.8994 0.6328 0.1953
    2 2.0946 -11.4771 -7.8514 0.0394 -0.1277 -0.9910 0.5547 0.1562
frogbomb.bmp
    9 2.5442 -9.9153 -7.7747 0.2690 0.4387 -0.8574 0.6484 0.1016
    2 2.0946 -11.4771 -7.8514 0.0394 -0.1277 -0.9910 0.5547 0.1562
    10 1.5378 -10.0022 -7.6659 -0.1126 0.3471 -0.9310 0.5547 0.0391
frogbomb.bmp
    10 1.5378 -10.0022 -7.6659 -0.1126 0.3471 -0.9310 0.5547 0.0391
    2 2.0946 -11.4771 -7.8514 0.0394 -0.1277 -0.9910 0.5547 0.1562
    2 1.0906 -11.5192 -7.7813 -0.1870 -0.0747 -0.9795 0.4648 0.1367
frogbomb.bmp
    10 1.5378 -10.0022 -7.6659 -0.1126 0.3471 -0.9310 0.5547 0.0391
    2 1.0906 -11.5192 -7.7813 -0.1870 -0.0747 -0.9795 0.4648 0.1367
    10 0.5660 -10.1682 -7.5217 -0.3410 0.2738 -0.8993 0.4648 0.0234
frogbomb.bmp
    10 0.5660 -10.1682 -7.5217 -0.3410 0.2738 -0.8993 0.4648 0.0234
    2 1.0906 -11.5192 -7.7813 -0.1870 -0.0747 -0.9795 0.4648 0.1367
    10 -0.2813 -10.5163 -7.1464 -0.6263 0.1764 -0.7593 0.5547 0.0391
frogbomb.bmp
    17 2.2386 -9.7681 -2.7283 -0.8092 0.5262 0.2613 0.3633 0.8359
    17 2.3385 -9.9316 -2.4351 -0.6913 0.3288 0.6435 0.3516 0.9023
    17 2.4788 -9.5969 -2.4631 -0.5617 0.5686 0.6010 0.3711 0.8750
frogbomb.bmp
    17 2.2386 -9.7681 -2.7283 -0.8092 0.5262 0.2613 0.3633 0.8359
    17 2.4788 -9.5969 -2.4631 -0.5617 0.5686 0.6010 0.3711 0.8750
    17 2.4539 -9.4456 -2.8334 -0.5916 0.8056 0.0310 0.4023 0.8086
frogbomb.bmp
    17 2.4539 -9.4456 -2.8334 -0.5916 0.8056 0.0310 0.4023 0.8086
    17 2.4788 -9.5969 -2.4631 -0.5617 0.5686 0.6010 0.3711 0.8750
    17 2.7309 -9.3748 -2.5957 -0.1874 0.9035 0.3855 0.4219 0.8516
frogbomb.bmp
    17 2.4539 -9.4456 -2.8334 -0.5916 0.8056 0.0310 0.4023 0.8086
    17 2.7309 -9.3748 -2.5957 -0.1874 0.9035 0.3855 0.4219 0.8516
    17 2.8388 -9.3159 -2.9389 -0.0242 0.9914 -0.1287 0.4688 0.8086
frogbomb.bmp
    17 2.8388 -9.3159 -2.9389 -0.0242 0.9914 -0.1287 0.4688 0.8086
    17 2.7309 -9.3748 -2.5957 -0.1874 0.9035 0.3855 0.4219 0.8516
    17 3.0976 -9.4033 -2.6237 0.3673 0.8656 0.3403 0.4805 0.8750
frogbomb.bmp
    17 2.8388 -9.3159 -2.9389 -0.0242 0.9914 -0.1287 0.4688 0.8086
    17 3.0976 -9.4033 -2.6237 0.3673 0.8656 0.3403 0.4805 0.8750
    17 3.2182 -9.4488 -3.0120 0.5611 0.7954 -0.2290 0.5352 0.8359
frogbomb.bmp
    17 3.2182 -9.4488 -3.0120 0.5611 0.7954 -0.2290 0.5352 0.8359
    17 3.0976 -9.4033 -2.6237 0.3673 0.8656 0.3403 0.4805 0.8750
    17 3.3580 -9.5990 -2.7249 0.7894 0.5793 0.2031 0.5352 0.9023
frogbomb.bmp
    17 3.2182 -9.4488 -3.0120 0.5611 0.7954 -0.2290 0.5352 0.8359
    17 3.3580 -9.5990 -2.7249 0.7894 0.5793 0.2031 0.5352 0.9023
    17 3.4628 -9.7826 -3.0262 0.9184 0.3099 -0.2461 0.5781 0.8867
frogbomb.bmp
    17 3.4628 -9.7826 -3.0262 0.9184 0.3099 -0.2461 0.5781 0.8867
    17 3.3580 -9.5990 -2.7249 0.7894 0.5793 0.2031 0.5352 0.9023
    17 3.4796 -9.9300 -2.6514 0.9478 0.0779 0.3093 0.5469 0.9531
frogbomb.bmp
    17 3.4628 -9.7826 -3.0262 0.9184 0.3099 -0.2461 0.5781 0.8867
    17 3.4796 -9.9300 -2.6514 0.9478 0.0779 0.3093 0.5469 0.9531
    17 3.4681 -10.1806 -2.9723 0.9935 -0.0768 -0.0842 0.5781 0.9336
frogbomb.bmp
    17 3.4681 -10.1806 -2.9723 0.9935 -0.0768 -0.0842 0.5781 0.9336
    17 3.4796 -9.9300 -2.6514 0.9478 0.0779 0.3093 0.5469 0.9531
    17 3.3985 -10.2878 -2.6309 0.9186 -0.2097 0.3349 0.5352 0.9844
frogbomb.bmp
    5 0.7140 -10.4881 -4.1868 -0.7572 -0.3928 -0.5219 0.9297 0.7109
    5 0.7519 -10.5086 -4.0749 -0.2588 -0.7971 0.5456 0.9180 0.7109
    5 -0.1522 -9.7394 -3.4989 -0.3492 -0.7619 -0.5455 0.9297 0.6602
frogbomb.bmp
    5 0.7140 -10.4881 -4.1868 -0.7572 -0.3928 -0.5219 0.9297 0.7109
    5 -0.1522 -9.7394 -3.4989 -0.3492 -0.7619 -0.5455 0.9297 0.6602
    5 0.7934 -10.4049 -4.2413 -0.1769 0.5526 -0.8145 0.9414 0.7109
frogbomb.bmp
    5 0.7934 -10.4049 -4.2413 -0.1769 0.5526 -0.8145 0.9414 0.7109
    5 -0.1522 -9.7394 -3.4989 -0.3492 -0.7619 -0.5455 0.9297 0.6602
    5 -0.1428 -9.6305 -3.5464 -0.2952 0.4885 -0.8211 0.9414 0.6602
frogbomb.bmp
    5 0.7934 -10.4049 -4.2413 -0.1769 0.5526 -0.8145 0.9414 0.7109
    5 -0.1428 -9.6305 -3.5464 -0.2952 0.4885 -0.8211 0.9414 0.6602
    5 0.8839 -10.3751 -4.1594 0.5860 0.8033 -0.1065 0.9531 0.7109
frogbomb.bmp
    5 0.8839 -10.3751 -4.1594 0.5860 0.8033 -0.1065 0.9531 0.7109
    5 -0.1428 -9.6305 -3.5464 -0.2952 0.4885 -0.8211 0.9414 0.6602
    5 -0.1137 -9.5552 -3.4460 0.1493 0.9888 -0.0060 0.9531 0.6602
frogbomb.bmp
    5 0.8839 -10.3751 -4.1594 0.5860 0.8033 -0.1065 0.9531 0.7109
    5 -0.1137 -9.5552 -3.4460 0.1493 0.9888 -0.0060 0.9531 0.6602
    5 -0.0988 -9.6199 -3.3450 0.3634 0.4497 0.8159 0.9688 0.6602
frogbomb.bmp
    5 -0.0988 -9.6199 -3.3450 0.3634 0.4497 0.8159 0.9688 0.6602
    5 -0.1137 -9.5552 -3.4460 0.1493 0.9888 -0.0060 0.9531 0.6602
    5 -0.5806 -9.8393 -3.2114 0.1282 0.3424 0.9308 0.9688 0.6133
frogbomb.bmp
    5 -0.0988 -9.6199 -3.3450 0.3634 0.4497 0.8159 0.9688 0.6602
    5 -0.5806 -9.8393 -3.2114 0.1282 0.3424 0.9308 0.9688 0.6133
    5 -0.5537 -9.9472 -3.2617 0.5946 -0.6961 0.4024 0.9805 0.6133
frogbomb.bmp
    5 -0.5537 -9.9472 -3.2617 0.5946 -0.6961 0.4024 0.9805 0.6133
    5 -0.5806 -9.8393 -3.2114 0.1282 0.3424 0.9308 0.9688 0.6133
    5 -1.1562 -10.3207 -2.9118 -0.0430 0.2921 0.9554 0.9688 0.5312
frogbomb.bmp
    5 -0.5537 -9.9472 -3.2617 0.5946 -0.6961 0.4024 0.9805 0.6133
    5 -1.1562 -10.3207 -2.9118 -0.0430 0.2921 0.9554 0.9688 0.5312
    5 -1.0776 -10.3610 -2.9780 0.7492 -0.4280 0.5055 0.9805 0.5312
frogbomb.bmp
    5 -1.0776 -10.3610 -2.9780 0.7492 -0.4280 0.5055 0.9805 0.5312
    5 -1.1562 -10.3207 -2.9118 -0.0430 0.2921 0.9554 0.9688 0.5312
    2 -1.5049 -11.2011 -2.9821 0.8082 -0.0623 0.5856 0.9805 0.4336
frogbomb.bmp
    2 3.8793 -9.8652 -2.7771 0.6593 0.6570 0.3656 0.2227 0.6602
    13 3.6308 -9.6914 -3.2682 0.5549 0.7562 0.3468 0.2109 0.5977
    2 3.4485 -9.6640 -2.8978 0.5349 0.8113 0.2362 0.1875 0.6289
frogbomb.bmp
    2 3.8793 -9.8652 -2.7771 0.6593 0.6570 0.3656 0.2227 0.6602
    2 3.4485 -9.6640 -2.8978 0.5349 0.8113 0.2362 0.1875 0.6289
    20 3.5519 -9.8096 -2.7316 0.3926 0.9095 0.1368 0.1953 0.6523
frogbomb.bmp
    20 3.5519 -9.8096 -2.7316 0.3926 0.9095 0.1368 0.1953 0.6523
    2 3.4485 -9.6640 -2.8978 0.5349 0.8113 0.2362 0.1875 0.6289
    20 3.4407 -9.6786 -2.6446 0.7742 0.6242 0.1052 0.1836 0.6484
frogbomb.bmp
    20 3.5519 -9.8096 -2.7316 0.3926 0.9095 0.1368 0.1953 0.6523
    20 3.4407 -9.6786 -2.6446 0.7742 0.6242 0.1052 0.1836 0.6484
    20 3.5038 -9.7636 -2.6130 0.4840 0.8680 -0.1113 0.1875 0.6602
frogbomb.bmp
    20 3.5038 -9.7636 -2.6130 0.4840 0.8680 -0.1113 0.1875 0.6602
    20 3.4407 -9.6786 -2.6446 0.7742 0.6242 0.1052 0.1836 0.6484
    20 3.3414 -9.5979 -2.4599 0.7646 0.5193 0.3817 0.1719 0.6602
frogbomb.bmp
    20 3.5038 -9.7636 -2.6130 0.4840 0.8680 -0.1113 0.1875 0.6602
    20 3.3414 -9.5979 -2.4599 0.7646 0.5193 0.3817 0.1719 0.6602
    20 3.3250 -9.6534 -2.3708 0.5122 0.8552 0.0798 0.1680 0.6719
frogbomb.bmp
    20 3.3250 -9.6534 -2.3708 0.5122 0.8552 0.0798 0.1680 0.6719
    20 3.3414 -9.5979 -2.4599 0.7646 0.5193 0.3817 0.1719 0.6602
    20 3.1835 -9.5814 -2.2520 0.3670 0.9246 0.1020 0.1562 0.6758
frogbomb.bmp
    20 3.3250 -9.6534 -2.3708 0.5122 0.8552 0.0798 0.1680 0.6719
    20 3.1835 -9.5814 -2.2520 0.3670 0.9246 0.1020 0.1562 0.6758
    21 3.2631 -9.5438 -1.9823 0.5173 0.6789 0.5211 0.1562 0.7031
frogbomb.bmp
    21 3.2631 -9.5438 -1.9823 0.5173 0.6789 0.5211 0.1562 0.7031
    20 3.1835 -9.5814 -2.2520 0.3670 0.9246 0.1020 0.1562 0.6758
    20 2.8500 -9.5028 -2.2162 0.1961 0.9739 0.1145 0.1250 0.6680
frogbomb.bmp
    21 3.2631 -9.5438 -1.9823 0.5173 0.6789 0.5211 0.1562 0.7031
    20 2.8500 -9.5028 -2.2162 0.1961 0.9739 0.1145 0.1250 0.6680
    19 2.7110 -9.3750 -1.8656 0.2605 0.8012 0.5387 0.1055 0.6875
frogbomb.bmp
    2 -0.4792 -12.4339 -7.0012 -0.6335 -0.2936 -0.7159 0.6328 0.1953
    8 -1.0169 -11.1610 -6.3841 -0.8804 0.0449 -0.4720 0.6484 0.1016
    2 0.2268 -11.9430 -7.4829 -0.4046 -0.1659 -0.8993 0.5547 0.1562
frogbomb.bmp
    2 -0.4792 -12.4339 -7.0012 -0.6335 -0.2936 -0.7159 0.6328 0.1953
    2 0.2268 -11.9430 -7.4829 -0.4046 -0.1659 -0.8993 0.5547 0.1562
    2 0.1573 -13.5593 -6.5273 -0.4361 -0.6754 -0.5947 0.6094 0.3008
frogbomb.bmp
    2 0.1573 -13.5593 -6.5273 -0.4361 -0.6754 -0.5947 0.6094 0.3008
    2 0.2268 -11.9430 -7.4829 -0.4046 -0.1659 -0.8993 0.5547 0.1562
    2 1.5560 -13.0734 -7.3869 -0.0395 -0.5175 -0.8548 0.4648 0.2461
frogbomb.bmp
    2 0.1573 -13.5593 -6.5273 -0.4361 -0.6754 -0.5947 0.6094 0.3008
    2 1.5560 -13.0734 -7.3869 -0.0395 -0.5175 -0.8548 0.4648 0.2461
    2 2.0537 -14.1964 -6.2840 0.1041 -0.8393 -0.5336 0.4648 0.3984
frogbomb.bmp
    2 2.0537 -14.1964 -6.2840 0.1041 -0.8393 -0.5336 0.4648 0.3984
    2 1.5560 -13.0734 -7.3869 -0.0395 -0.5175 -0.8548 0.4648 0.2461
    2 3.2259 -12.7940 -7.1326 0.4489 -0.4547 -0.7693 0.6094 0.3008
frogbomb.bmp
    2 2.0537 -14.1964 -6.2840 0.1041 -0.8393 -0.5336 0.4648 0.3984
    2 3.2259 -12.7940 -7.1326 0.4489 -0.4547 -0.7693 0.6094 0.3008
    2 3.3961 -13.7180 -6.1616 0.5265 -0.6986 -0.4845 0.5898 0.4258
frogbomb.bmp
    2 3.3961 -13.7180 -6.1616 0.5265 -0.6986 -0.4845 0.5898 0.4258
    2 3.2259 -12.7940 -7.1326 0.4489 -0.4547 -0.7693 0.6094 0.3008
    2 4.0624 -12.6108 -6.3313 0.8154 -0.3352 -0.4720 0.6719 0.3828
frogbomb.bmp
    2 3.3961 -13.7180 -6.1616 0.5265 -0.6986 -0.4845 0.5898 0.4258
    2 4.0624 -12.6108 -6.3313 0.8154 -0.3352 -0.4720 0.6719 0.3828
    2 3.9945 -13.3166 -5.5463 0.8232 -0.5164 -0.2359 0.6367 0.4766
frogbomb.bmp
    2 3.9945 -13.3166 -5.5463 0.8232 -0.5164 -0.2359 0.6367 0.4766
    2 4.0624 -12.6108 -6.3313 0.8154 -0.3352 -0.4720 0.6719 0.3828
    2 4.4858 -12.2726 -5.3532 0.9726 -0.1398 -0.1857 0.6992 0.4648
frogbomb.bmp
    2 -0.7481 -13.1393 -5.1603 -0.9134 -0.4070 -0.0023 0.7031 0.3750
    2 -0.9402 -12.1987 -4.8918 -0.9588 -0.2616 0.1107 0.7656 0.3438
    2 -0.7969 -12.7957 -6.0903 -0.8550 -0.4319 -0.2870 0.6836 0.2812
frogbomb.bmp
    2 -0.7481 -13.1393 -5.1603 -0.9134 -0.4070 -0.0023 0.7031 0.3750
    2 -0.7969 -12.7957 -6.0903 -0.8550 -0.4319 -0.2870 0.6836 0.2812
    2 -0.3213 -13.7042 -5.4665 -0.6829 -0.7089 -0.1765 0.6719 0.3828
frogbomb.bmp
    2 -0.3213 -13.7042 -5.4665 -0.6829 -0.7089 -0.1765 0.6719 0.3828
    2 -0.7969 -12.7957 -6.0903 -0.8550 -0.4319 -0.2870 0.6836 0.2812
    2 0.1573 -13.5593 -6.5273 -0.4361 -0.6754 -0.5947 0.6094 0.3008
frogbomb.bmp
    2 -0.3213 -13.7042 -5.4665 -0.6829 -0.7089 -0.1765 0.6719 0.3828
    2 0.1573 -13.5593 -6.5273 -0.4361 -0.6754 -0.5947 0.6094 0.3008
    2 0.7849 -14.3693 -5.6465 -0.2869 -0.9015 -0.3241 0.5898 0.4258
frogbomb.bmp
    2 0.7849 -14.3693 -5.6465 -0.2869 -0.9015 -0.3241 0.5898 0.4258
    2 0.1573 -13.5593 -6.5273 -0.4361 -0.6754 -0.5947 0.6094 0.3008
    2 2.0537 -14.1964 -6.2840 0.1041 -0.8393 -0.5336 0.4648 0.3984
frogbomb.bmp
    2 0.7849 -14.3693 -5.6465 -0.2869 -0.9015 -0.3241 0.5898 0.4258
    2 2.0537 -14.1964 -6.2840 0.1041 -0.8393 -0.5336 0.4648 0.3984
    2 2.5195 -14.6796 -4.5334 0.2329 -0.9713 -0.0474 0.4648 0.5820
frogbomb.bmp
    2 2.5195 -14.6796 -4.5334 0.2329 -0.9713 -0.0474 0.4648 0.5820
    2 2.0537 -14.1964 -6.2840 0.1041 -0.8393 -0.5336 0.4648 0.3984
    2 3.3961 -13.7180 -6.1616 0.5265 -0.6986 -0.4845 0.5898 0.4258
frogbomb.bmp
    2 2.5195 -14.6796 -4.5334 0.2329 -0.9713 -0.0474 0.4648 0.5820
    2 3.3961 -13.7180 -6.1616 0.5265 -0.6986 -0.4845 0.5898 0.4258
    2 3.5167 -14.1262 -4.9494 0.6183 -0.7724 -0.1450 0.5703 0.5508
frogbomb.bmp
    2 3.5167 -14.1262 -4.9494 0.6183 -0.7724 -0.1450 0.5703 0.5508
    2 3.3961 -13.7180 -6.1616 0.5265 -0.6986 -0.4845 0.5898 0.4258
    2 3.9945 -13.3166 -5.5463 0.8232 -0.5164 -0.2359 0.6367 0.4766
frogbomb.bmp
    18 1.3659 -10.4392 -2.1873 0.8539 0.3311 0.4015 0.3516 0.9023
    18 1.4025 -10.3327 -2.5189 0.8848 0.4655 -0.0227 0.3633 0.8359
    18 1.2593 -10.0961 -2.2283 0.7354 0.5762 0.3566 0.3711 0.8750
frogbomb.bmp
    18 1.3659 -10.4392 -2.1873 0.8539 0.3311 0.4015 0.3516 0.9023
    18 1.2593 -10.0961 -2.2283 0.7354 0.5762 0.3566 0.3711 0.8750
    18 1.1336 -10.3639 -1.9218 0.4979 0.3511 0.7930 0.3789 0.9453
frogbomb.bmp
    18 1.1336 -10.3639 -1.9218 0.4979 0.3511 0.7930 0.3789 0.9453
    18 1.2593 -10.0961 -2.2283 0.7354 0.5762 0.3566 0.3711 0.8750
    18 0.9110 -10.0223 -2.0150 0.2220 0.7015 0.6772 0.4219 0.9141
frogbomb.bmp
    18 1.1336 -10.3639 -1.9218 0.4979 0.3511 0.7930 0.3789 0.9453
    18 0.9110 -10.0223 -2.0150 0.2220 0.7015 0.6772 0.4219 0.9141
    18 0.7893 -10.3087 -1.8187 0.0341 0.2741 0.9611 0.4336 0.9727
frogbomb.bmp
    18 0.7893 -10.3087 -1.8187 0.0341 0.2741 0.9611 0.4336 0.9727
    18 0.9110 -10.0223 -2.0150 0.2220 0.7015 0.6772 0.4219 0.9141
    18 0.5113 -10.1103 -1.9706 -0.3845 0.5632 0.7314 0.4883 0.9453
frogbomb.bmp
    18 0.7893 -10.3087 -1.8187 0.0341 0.2741 0.9611 0.4336 0.9727
    18 0.5113 -10.1103 -1.9706 -0.3845 0.5632 0.7314 0.4883 0.9453
    18 0.4959 -10.5036 -1.8503 -0.4381 0.1279 0.8898 0.4883 0.9922
frogbomb.bmp
    18 0.4959 -10.5036 -1.8503 -0.4381 0.1279 0.8898 0.4883 0.9922
    18 0.5113 -10.1103 -1.9706 -0.3845 0.5632 0.7314 0.4883 0.9453
    18 0.2158 -10.3501 -2.1209 -0.8299 0.2165 0.5142 0.5469 0.9531
frogbomb.bmp
    18 0.4959 -10.5036 -1.8503 -0.4381 0.1279 0.8898 0.4883 0.9922
    18 0.2158 -10.3501 -2.1209 -0.8299 0.2165 0.5142 0.5469 0.9531
    18 0.2818 -10.7104 -2.0676 -0.8159 -0.0671 0.5742 0.5352 0.9844
frogbomb.bmp
    18 0.2818 -10.7104 -2.0676 -0.8159 -0.0671 0.5742 0.5352 0.9844
    18 0.2158 -10.3501 -2.1209 -0.8299 0.2165 0.5142 0.5469 0.9531
    18 0.1217 -10.6355 -2.3939 -0.9851 0.0195 0.1707 0.5781 0.9336
frogbomb.bmp
    2 3.8242 -9.9571 -5.3003 0.7455 0.5204 -0.4163 0.2969 0.4180
    9 3.1985 -9.6192 -6.4493 0.7217 0.6089 -0.3292 0.2891 0.3047
    4 3.2176 -8.9163 -5.1089 0.5745 0.7728 -0.2696 0.2266 0.4219
frogbomb.bmp
    2 3.8242 -9.9571 -5.3003 0.7455 0.5204 -0.4163 0.2969 0.4180
    4 3.2176 -8.9163 -5.1089 0.5745 0.7728 -0.2696 0.2266 0.4219
    5 3.5373 -9.0189 -4.7344 0.6265 0.7500 -0.2120 0.2422 0.4570
frogbomb.bmp
    5 3.5373 -9.0189 -4.7344 0.6265 0.7500 -0.2120 0.2422 0.4570
    4 3.2176 -8.9163 -5.1089 0.5745 0.7728 -0.2696 0.2266 0.4219
    4 2.7171 -8.7352 -4.5700 -0.0497 0.7861 0.6160 0.1719 0.4453
frogbomb.bmp
    5 3.5373 -9.0189 -4.7344 0.6265 0.7500 -0.2120 0.2422 0.4570
    4 2.7171 -8.7352 -4.5700 -0.0497 0.7861 0.6160 0.1719 0.4453
    5 2.8675 -8.8518 -4.1232 -0.5143 0.7884 -0.3375 0.1680 0.4805
frogbomb.bmp
    5 2.8675 -8.8518 -4.1232 -0.5143 0.7884 -0.3375 0.1680 0.4805
    4 2.7171 -8.7352 -4.5700 -0.0497 0.7861 0.6160 0.1719 0.4453
    5 2.6882 -9.4417 -4.3528 -0.5970 0.7596 0.2583 0.1445 0.4766
frogbomb.bmp
    5 2.8675 -8.8518 -4.1232 -0.5143 0.7884 -0.3375 0.1680 0.4805
    5 2.6882 -9.4417 -4.3528 -0.5970 0.7596 0.2583 0.1445 0.4766
    2 2.3576 -8.6327 -3.4007 -0.2716 0.7642 -0.5851 0.0938 0.5117
frogbomb.bmp
    2 2.3576 -8.6327 -3.4007 -0.2716 0.7642 -0.5851 0.0938 0.5117
    5 2.6882 -9.4417 -4.3528 -0.5970 0.7596 0.2583 0.1445 0.4766
    4 1.4598 -9.8756 -4.1396 -0.1674 0.9567 0.2382 0.0117 0.4805
frogbomb.bmp
    2 2.3576 -8.6327 -3.4007 -0.2716 0.7642 -0.5851 0.0938 0.5117
    4 1.4598 -9.8756 -4.1396 -0.1674 0.9567 0.2382 0.0117 0.4805
    2 1.8975 -8.5115 -3.1326 -0.1509 0.7968 -0.5851 0.0703 0.5156
frogbomb.bmp
    2 1.8975 -8.5115 -3.1326 -0.1509 0.7968 -0.5851 0.0703 0.5156
    4 1.4598 -9.8756 -4.1396 -0.1674 0.9567 0.2382 0.0117 0.4805
    2 1.2963 -8.4695 -2.8822 -0.3030 0.7715 -0.5594 0.0352 0.5195
frogbomb.bmp
    17 2.3082 -9.6610 -3.0698 -0.7333 0.6615 -0.1568 0.4023 0.7891
    17 2.2386 -9.7681 -2.7283 -0.8092 0.5262 0.2613 0.3633 0.8359
    17 2.4539 -9.4456 -2.8334 -0.5916 0.8056 0.0310 0.4023 0.8086
frogbomb.bmp
    17 2.3082 -9.6610 -3.0698 -0.7333 0.6615 -0.1568 0.4023 0.7891
    17 2.4539 -9.4456 -2.8334 -0.5916 0.8056 0.0310 0.4023 0.8086
    17 2.5878 -9.4867 -3.2237 -0.3234 0.8362 -0.4429 0.4570 0.7695
frogbomb.bmp
    17 2.5878 -9.4867 -3.2237 -0.3234 0.8362 -0.4429 0.4570 0.7695
    17 2.4539 -9.4456 -2.8334 -0.5916 0.8056 0.0310 0.4023 0.8086
    17 2.8388 -9.3159 -2.9389 -0.0242 0.9914 -0.1287 0.4688 0.8086
frogbomb.bmp
    17 2.5878 -9.4867 -3.2237 -0.3234 0.8362 -0.4429 0.4570 0.7695
    17 2.8388 -9.3159 -2.9389 -0.0242 0.9914 -0.1287 0.4688 0.8086
    17 2.9427 -9.4581 -3.2541 0.1461 0.7832 -0.6044 0.5156 0.7891
frogbomb.bmp
    17 2.9427 -9.4581 -3.2541 0.1461 0.7832 -0.6044 0.5156 0.7891
    17 2.8388 -9.3159 -2.9389 -0.0242 0.9914 -0.1287 0.4688 0.8086
    17 3.2182 -9.4488 -3.0120 0.5611 0.7954 -0.2290 0.5352 0.8359
frogbomb.bmp
    17 2.9427 -9.4581 -3.2541 0.1461 0.7832 -0.6044 0.5156 0.7891
    17 3.2182 -9.4488 -3.0120 0.5611 0.7954 -0.2290 0.5352 0.8359
    17 3.2040 -9.6951 -3.3414 0.5789 0.5344 -0.6159 0.5664 0.8203
frogbomb.bmp
    17 3.2040 -9.6951 -3.3414 0.5789 0.5344 -0.6159 0.5664 0.8203
    17 3.2182 -9.4488 -3.0120 0.5611 0.7954 -0.2290 0.5352 0.8359
    17 3.4628 -9.7826 -3.0262 0.9184 0.3099 -0.2461 0.5781 0.8867
frogbomb.bmp
    17 3.2040 -9.6951 -3.3414 0.5789 0.5344 -0.6159 0.5664 0.8203
    17 3.4628 -9.7826 -3.0262 0.9184 0.3099 -0.2461 0.5781 0.8867
    17 3.3602 -10.0211 -3.2766 0.8765 0.1230 -0.4654 0.5859 0.8711
frogbomb.bmp
    17 3.3602 -10.0211 -3.2766 0.8765 0.1230 -0.4654 0.5859 0.8711
    17 3.4628 -9.7826 -3.0262 0.9184 0.3099 -0.2461 0.5781 0.8867
    17 3.4681 -10.1806 -2.9723 0.9935 -0.0768 -0.0842 0.5781 0.9336
frogbomb.bmp
    12 0.8183 -12.3000 -2.0071 0.1801 -0.4571 0.8710 0.9531 0.0117
    12 0.8269 -12.0580 -1.9605 0.0086 0.1733 0.9848 0.9688 0.0117
    12 -0.2262 -12.5263 -1.8915 -0.0239 -0.7101 0.7037 0.9531 0.1367
frogbomb.bmp
    12 0.8183 -12.3000 -2.0071 0.1801 -0.4571 0.8710 0.9531 0.0117
    12 -0.2262 -12.5263 -1.8915 -0.0239 -0.7101 0.7037 0.9531 0.1367
    12 -0.2133 -12.5541 -2.0584 0.1099 -0.8569 -0.5036 0.9414 0.1367
frogbomb.bmp
    12 -0.2133 -12.5541 -2.0584 0.1099 -0.8569 -0.5036 0.9414 0.1367
    12 -0.2262 -12.5263 -1.8915 -0.0239 -0.7101 0.7037 0.9531 0.1367
    12 -0.8750 -12.4888 -2.2065 -0.1103 -0.9046 -0.4116 0.9414 0.2383
frogbomb.bmp
    12 -0.2133 -12.5541 -2.0584 0.1099 -0.8569 -0.5036 0.9414 0.1367
    12 -0.8750 -12.4888 -2.2065 -0.1103 -0.9046 -0.4116 0.9414 0.2383
    12 -0.8165 -12.3785 -2.2492 0.4579 0.0470 -0.8877 0.9297 0.2383
frogbomb.bmp
    12 -0.8165 -12.3785 -2.2492 0.4579 0.0470 -0.8877 0.9297 0.2383
    12 -0.8750 -12.4888 -2.2065 -0.1103 -0.9046 -0.4116 0.9414 0.2383
    2 -1.4093 -11.9374 -2.7899 0.6967 -0.1238 -0.7066 0.9297 0.3359
frogbomb.bmp
    12 -0.8165 -12.3785 -2.2492 0.4579 0.0470 -0.8877 0.9297 0.2383
    2 -1.4093 -11.9374 -2.7899 0.6967 -0.1238 -0.7066 0.9297 0.3359
    2 -1.4129 -11.8744 -2.6754 0.6940 0.6388 0.3321 0.9180 0.3359
frogbomb.bmp
    2 -1.4129 -11.8744 -2.6754 0.6940 0.6388 0.3321 0.9180 0.3359
    2 -1.4093 -11.9374 -2.7899 0.6967 -0.1238 -0.7066 0.9297 0.3359
    2 -1.5148 -11.2535 -3.0986 0.6880 -0.2379 -0.6856 0.9297 0.4336
frogbomb.bmp
    2 -1.4129 -11.8744 -2.6754 0.6940 0.6388 0.3321 0.9180 0.3359
    2 -1.5148 -11.2535 -3.0986 0.6880 -0.2379 -0.6856 0.9297 0.4336
    2 -1.5049 -11.2011 -2.9821 0.8082 -0.0623 0.5856 0.9180 0.4336
frogbomb.bmp
    2 -1.5049 -11.2011 -2.9821 0.8082 -0.0623 0.5856 0.9180 0.4336
    2 -1.5148 -11.2535 -3.0986 0.6880 -0.2379 -0.6856 0.9297 0.4336
    5 -1.0776 -10.3610 -2.9780 0.7492 -0.4280 0.5055 0.9180 0.5312
frogbomb.bmp
    7 0.6275 -9.4259 -3.7464 -0.9955 0.0940 -0.0076 0.7344 0.1172
    6 0.5531 -10.1469 -4.2856 -0.8383 0.2957 -0.4581 0.8203 0.1367
    6 0.6063 -10.2341 -4.0035 -0.6491 -0.3360 0.6825 0.8281 0.1172
frogbomb.bmp
    7 0.6275 -9.4259 -3.7464 -0.9955 0.0940 -0.0076 0.7344 0.1172
    6 0.6063 -10.2341 -4.0035 -0.6491 -0.3360 0.6825 0.8281 0.1172
    7 0.7772 -9.3199 -3.5037 -0.2240 0.0366 0.9739 0.7383 0.0977
frogbomb.bmp
    7 0.7772 -9.3199 -3.5037 -0.2240 0.0366 0.9739 0.7383 0.0977
    6 0.6063 -10.2341 -4.0035 -0.6491 -0.3360 0.6825 0.8281 0.1172
    6 1.4804 -10.0348 -4.1706 0.2991 -0.3266 0.8966 0.8281 0.0117
frogbomb.bmp
    7 0.7772 -9.3199 -3.5037 -0.2240 0.0366 0.9739 0.7383 0.0977
    6 1.4804 -10.0348 -4.1706 0.2991 -0.3266 0.8966 0.8281 0.0117
    6 1.3736 -9.3317 -3.8694 0.4269 -0.0132 0.9042 0.7383 0.0117
frogbomb.bmp
    6 1.3736 -9.3317 -3.8694 0.4269 -0.0132 0.9042 0.7383 0.0117
    6 1.4804 -10.0348 -4.1706 0.2991 -0.3266 0.8966 0.8281 0.0117
    7 2.0731 -9.1138 -4.0966 0.7898 0.3466 0.5061 0.7383 0.0977
frogbomb.bmp
    6 1.3736 -9.3317 -3.8694 0.4269 -0.0132 0.9042 0.7383 0.0117
    7 2.0731 -9.1138 -4.0966 0.7898 0.3466 0.5061 0.7383 0.0977
    7 1.7018 -8.5891 -4.1915 0.6160 0.6932 0.3742 0.6719 0.0703
frogbomb.bmp
    7 1.7018 -8.5891 -4.1915 0.6160 0.6932 0.3742 0.6719 0.0703
    7 2.0731 -9.1138 -4.0966 0.7898 0.3466 0.5061 0.7383 0.0977
    7 2.0044 -9.2068 -4.3763 0.4133 0.2739 -0.8684 0.7344 0.1172
frogbomb.bmp
    7 1.7018 -8.5891 -4.1915 0.6160 0.6932 0.3742 0.6719 0.0703
    7 2.0044 -9.2068 -4.3763 0.4133 0.2739 -0.8684 0.7344 0.1172
    7 1.6033 -8.5617 -4.4703 0.2668 0.4847 -0.8330 0.6523 0.0898
frogbomb.bmp
    6 1.3240 -9.2503 -4.1326 -0.3481 -0.0164 -0.9373 0.8281 0.2422
    7 0.6493 -8.7135 -4.0338 -0.9075 0.2967 -0.2974 0.7734 0.3164
    7 1.0427 -8.3862 -4.3474 -0.3947 0.6709 -0.6277 0.8281 0.3438
frogbomb.bmp
    6 1.3240 -9.2503 -4.1326 -0.3481 -0.0164 -0.9373 0.8281 0.2422
    7 0.6275 -9.4259 -3.7464 -0.9955 0.0940 -0.0076 0.7500 0.2422
    7 0.6493 -8.7135 -4.0338 -0.9075 0.2967 -0.2974 0.7734 0.3164
frogbomb.bmp
    6 1.3240 -9.2503 -4.1326 -0.3481 -0.0164 -0.9373 0.8281 0.2422
    6 0.5531 -10.1469 -4.2856 -0.8383 0.2957 -0.4581 0.7344 0.1680
    7 0.6275 -9.4259 -3.7464 -0.9955 0.0940 -0.0076 0.7500 0.2422
frogbomb.bmp
    6 1.3240 -9.2503 -4.1326 -0.3481 -0.0164 -0.9373 0.8281 0.2422
    6 1.4379 -9.9651 -4.3963 -0.1806 0.3102 -0.9334 0.8281 0.1680
    6 0.5531 -10.1469 -4.2856 -0.8383 0.2957 -0.4581 0.7344 0.1680
frogbomb.bmp
    6 1.3240 -9.2503 -4.1326 -0.3481 -0.0164 -0.9373 0.8281 0.2422
    6 2.3226 -9.7832 -4.5070 0.5903 0.5288 -0.6098 0.7344 0.1680
    6 1.4379 -9.9651 -4.3963 -0.1806 0.3102 -0.9334 0.8281 0.1680
frogbomb.bmp
    6 1.3240 -9.2503 -4.1326 -0.3481 -0.0164 -0.9373 0.8281 0.2422
    7 2.0044 -9.2068 -4.3763 0.4133 0.2739 -0.8684 0.7500 0.2422
    6 2.3226 -9.7832 -4.5070 0.5903 0.5288 -0.6098 0.7344 0.1680
frogbomb.bmp
    6 1.3240 -9.2503 -4.1326 -0.3481 -0.0164 -0.9373 0.8281 0.2422
    7 1.6033 -8.5617 -4.4703 0.2668 0.4847 -0.8330 0.7734 0.3164
    7 2.0044 -9.2068 -4.3763 0.4133 0.2739 -0.8684 0.7500 0.2422
frogbomb.bmp
    6 1.3240 -9.2503 -4.1326 -0.3481 -0.0164 -0.9373 0.8281 0.2422
    7 1.0427 -8.3862 -4.3474 -0.3947 0.6709 -0.6277 0.8281 0.3438
    7 1.6033 -8.5617 -4.4703 0.2668 0.4847 -0.8330 0.7734 0.3164
frogbomb.bmp
    14 0.0788 -9.9797 -2.5267 -0.5899 0.4039 0.6992 0.1719 0.5781
    2 -0.1361 -9.8145 -2.7482 -0.5477 0.2094 0.8101 0.1836 0.5430
    2 -0.5028 -10.4502 -2.8571 -0.7851 0.3234 0.5283 0.2305 0.5508
frogbomb.bmp
    14 0.0788 -9.9797 -2.5267 -0.5899 0.4039 0.6992 0.1719 0.5781
    2 0.4288 -9.3516 -2.6505 -0.1531 0.0941 0.9837 0.1211 0.5469
    2 -0.1361 -9.8145 -2.7482 -0.5477 0.2094 0.8101 0.1836 0.5430
frogbomb.bmp
    14 0.0788 -9.9797 -2.5267 -0.5899 0.4039 0.6992 0.1719 0.5781
    14 0.5952 -9.5090 -2.6532 -0.1689 0.3092 0.9359 0.1094 0.5625
    2 0.4288 -9.3516 -2.6505 -0.1531 0.0941 0.9837 0.1211 0.5469
frogbomb.bmp
    14 0.0788 -9.9797 -2.5267 -0.5899 0.4039 0.6992 0.1719 0.5781
    14 0.1655 -10.0532 -2.3381 -0.6971 0.4900 0.5234 0.1680 0.6055
    14 0.5952 -9.5090 -2.6532 -0.1689 0.3092 0.9359 0.1094 0.5625
frogbomb.bmp
    14 0.0788 -9.9797 -2.5267 -0.5899 0.4039 0.6992 0.1719 0.5781
    14 0.0620 -10.4341 -2.3101 -0.7903 0.3311 0.5155 0.1836 0.6211
    14 0.1655 -10.0532 -2.3381 -0.6971 0.4900 0.5234 0.1680 0.6055
frogbomb.bmp
    14 0.0788 -9.9797 -2.5267 -0.5899 0.4039 0.6992 0.1719 0.5781
    14 -0.1812 -10.6546 -2.5382 -0.6560 0.4576 0.6002 0.2109 0.5977
    14 0.0620 -10.4341 -2.3101 -0.7903 0.3311 0.5155 0.1836 0.6211
frogbomb.bmp
    14 0.0788 -9.9797 -2.5267 -0.5899 0.4039 0.6992 0.1719 0.5781
    2 -0.5028 -10.4502 -2.8571 -0.7851 0.3234 0.5283 0.2305 0.5508
    14 -0.1812 -10.6546 -2.5382 -0.6560 0.4576 0.6002 0.2109 0.5977
frogbomb.bmp
    2 -0.5157 -12.9182 -3.2237 -0.7697 -0.4853 0.4148 0.7461 0.5703
    2 -0.5569 -12.9267 -3.7626 -0.8761 -0.4553 0.1587 0.7656 0.5000
    2 0.0903 -13.8179 -3.5236 -0.5633 -0.7245 0.3972 0.6719 0.5625
frogbomb.bmp
    2 -0.5157 -12.9182 -3.2237 -0.7697 -0.4853 0.4148 0.7461 0.5703
    2 0.0903 -13.8179 -3.5236 -0.5633 -0.7245 0.3972 0.6719 0.5625
    12 0.5029 -13.1261 -2.5262 -0.4008 -0.5652 0.7210 0.6367 0.6797
frogbomb.bmp
    12 0.5029 -13.1261 -2.5262 -0.4008 -0.5652 0.7210 0.6367 0.6797
    2 0.0903 -13.8179 -3.5236 -0.5633 -0.7245 0.3972 0.6719 0.5625
    2 1.4509 -14.5108 -3.5667 -0.1420 -0.8708 0.4708 0.5703 0.6250
frogbomb.bmp
    12 0.5029 -13.1261 -2.5262 -0.4008 -0.5652 0.7210 0.6367 0.6797
    2 1.4509 -14.5108 -3.5667 -0.1420 -0.8708 0.4708 0.5703 0.6250
    2 1.1917 -13.2329 -2.3604 -0.1903 -0.6020 0.7755 0.5859 0.7227
frogbomb.bmp
    2 1.1917 -13.2329 -2.3604 -0.1903 -0.6020 0.7755 0.5859 0.7227
    2 1.4509 -14.5108 -3.5667 -0.1420 -0.8708 0.4708 0.5703 0.6250
    2 2.6316 -14.5087 -3.7490 0.2957 -0.8652 0.4051 0.4648 0.6406
frogbomb.bmp
    2 1.1917 -13.2329 -2.3604 -0.1903 -0.6020 0.7755 0.5859 0.7227
    2 2.6316 -14.5087 -3.7490 0.2957 -0.8652 0.4051 0.4648 0.6406
    2 2.0680 -13.3531 -2.2728 -0.0852 -0.6547 0.7510 0.5117 0.7500
frogbomb.bmp
    2 2.0680 -13.3531 -2.2728 -0.0852 -0.6547 0.7510 0.5117 0.7500
    2 2.6316 -14.5087 -3.7490 0.2957 -0.8652 0.4051 0.4648 0.6406
    2 2.6373 -13.3984 -2.3164 0.2984 -0.6275 0.7192 0.4648 0.7656
frogbomb.bmp
    19 1.7038 -9.4546 -2.0716 -0.1282 0.8783 0.4606 0.0117 0.6406
    2 1.3866 -9.4007 -2.3786 -0.3949 0.6984 0.5969 0.0352 0.6016
    19 1.2055 -9.5512 -1.6876 -0.2510 0.8241 0.5078 0.0703 0.6680
frogbomb.bmp
    19 1.7038 -9.4546 -2.0716 -0.1282 0.8783 0.4606 0.0117 0.6406
    19 1.2055 -9.5512 -1.6876 -0.2510 0.8241 0.5078 0.0703 0.6680
    19 1.8766 -9.8147 -1.6511 0.0453 0.5016 0.8639 0.0117 0.7031
frogbomb.bmp
    19 1.8766 -9.8147 -1.6511 0.0453 0.5016 0.8639 0.0117 0.7031
    19 1.2055 -9.5512 -1.6876 -0.2510 0.8241 0.5078 0.0703 0.6680
    2 1.3037 -10.0874 -1.4859 0.0533 0.2712 0.9610 0.0781 0.7148
frogbomb.bmp
    19 1.8766 -9.8147 -1.6511 0.0453 0.5016 0.8639 0.0117 0.7031
    2 1.3037 -10.0874 -1.4859 0.0533 0.2712 0.9610 0.0781 0.7148
    19 2.0750 -10.4176 -1.4076 0.1629 0.1214 0.9791 0.0117 0.7617
frogbomb.bmp
    19 2.0750 -10.4176 -1.4076 0.1629 0.1214 0.9791 0.0117 0.7617
    2 1.3037 -10.0874 -1.4859 0.0533 0.2712 0.9610 0.0781 0.7148
    3 1.3516 -10.5974 -1.3636 -0.0588 0.0238 0.9980 0.0859 0.7500
frogbomb.bmp
    19 2.0750 -10.4176 -1.4076 0.1629 0.1214 0.9791 0.0117 0.7617
    3 1.3516 -10.5974 -1.3636 -0.0588 0.0238 0.9980 0.0859 0.7500
    3 1.6427 -12.0826 -1.6042 -0.1279 -0.3356 0.9333 0.1094 0.8555
frogbomb.bmp
    3 1.6427 -12.0826 -1.6042 -0.1279 -0.3356 0.9333 0.1094 0.8555
    3 1.3516 -10.5974 -1.3636 -0.0588 0.0238 0.9980 0.0859 0.7500
    12 0.8245 -11.9923 -1.7776 -0.2687 -0.3642 0.8917 0.1914 0.8086
frogbomb.bmp
    5 -0.4697 -9.7195 -2.9698 -0.8279 0.4704 0.3053 0.2188 0.4961
    2 0.1813 -9.0748 -2.7573 -0.6262 0.6878 0.3670 0.1367 0.5156
    5 -0.0450 -9.6758 -3.2878 -0.2529 0.8261 -0.5035 0.1680 0.4805
frogbomb.bmp
    5 -0.4697 -9.7195 -2.9698 -0.8279 0.4704 0.3053 0.2188 0.4961
    5 -0.0450 -9.6758 -3.2878 -0.2529 0.8261 -0.5035 0.1680 0.4805
    5 -0.7480 -10.2313 -3.5052 -0.8852 0.4231 0.1935 0.2422 0.4570
frogbomb.bmp
    5 -0.7480 -10.2313 -3.5052 -0.8852 0.4231 0.1935 0.2422 0.4570
    5 -0.0450 -9.6758 -3.2878 -0.2529 0.8261 -0.5035 0.1680 0.4805
    4 -0.2139 -9.5645 -3.7293 -0.0497 0.7861 0.6160 0.1719 0.4453
frogbomb.bmp
    5 -0.7480 -10.2313 -3.5052 -0.8852 0.4231 0.1935 0.2422 0.4570
    4 -0.2139 -9.5645 -3.7293 -0.0497 0.7861 0.6160 0.1719 0.4453
    4 -0.7524 -10.0395 -3.9702 -0.8878 0.3511 0.2975 0.2266 0.4219
frogbomb.bmp
    4 -0.7524 -10.0395 -3.9702 -0.8878 0.3511 0.2975 0.2266 0.4219
    4 -0.2139 -9.5645 -3.7293 -0.0497 0.7861 0.6160 0.1719 0.4453
    4 -0.5206 -9.2358 -4.2489 -0.6691 0.5481 0.5019 0.1797 0.3750
frogbomb.bmp
    4 -0.7524 -10.0395 -3.9702 -0.8878 0.3511 0.2975 0.2266 0.4219
    4 -0.5206 -9.2358 -4.2489 -0.6691 0.5481 0.5019 0.1797 0.3750
    8 -0.6778 -9.2471 -4.5264 -0.8393 0.4900 0.2357 0.1836 0.3438
frogbomb.bmp
    8 -0.6778 -9.2471 -4.5264 -0.8393 0.4900 0.2357 0.1836 0.3438
    4 -0.5206 -9.2358 -4.2489 -0.6691 0.5481 0.5019 0.1797 0.3750
    8 -0.0543 -8.3832 -4.9606 -0.6212 0.7409 0.2553 0.0898 0.2969
frogbomb.bmp
    18 1.1852 -9.9994 -2.6141 0.6365 0.7355 -0.2323 0.4023 0.8086
    18 1.2562 -10.2612 -2.8450 0.7150 0.5548 -0.4254 0.4023 0.7891
    18 0.9657 -10.0822 -2.9514 0.2596 0.7350 -0.6265 0.4570 0.7695
frogbomb.bmp
    18 1.1852 -9.9994 -2.6141 0.6365 0.7355 -0.2323 0.4023 0.8086
    18 0.9657 -10.0822 -2.9514 0.2596 0.7350 -0.6265 0.4570 0.7695
    18 0.8072 -9.8482 -2.6419 0.0620 0.9592 -0.2757 0.4688 0.8086
frogbomb.bmp
    18 0.8072 -9.8482 -2.6419 0.0620 0.9592 -0.2757 0.4688 0.8086
    18 0.9657 -10.0822 -2.9514 0.2596 0.7350 -0.6265 0.4570 0.7695
    18 0.6033 -10.0142 -2.8983 -0.2382 0.7125 -0.6600 0.5156 0.7891
frogbomb.bmp
    18 0.8072 -9.8482 -2.6419 0.0620 0.9592 -0.2757 0.4688 0.8086
    18 0.6033 -10.0142 -2.8983 -0.2382 0.7125 -0.6600 0.5156 0.7891
    18 0.4129 -9.9443 -2.5995 -0.5422 0.8158 -0.2015 0.5352 0.8359
frogbomb.bmp
    18 0.4129 -9.9443 -2.5995 -0.5422 0.8158 -0.2015 0.5352 0.8359
    18 0.6033 -10.0142 -2.8983 -0.2382 0.7125 -0.6600 0.5156 0.7891
    18 0.3196 -10.2269 -2.8821 -0.6764 0.5118 -0.5296 0.5664 0.8203
frogbomb.bmp
    18 0.4129 -9.9443 -2.5995 -0.5422 0.8158 -0.2015 0.5352 0.8359
    18 0.3196 -10.2269 -2.8821 -0.6764 0.5118 -0.5296 0.5664 0.8203
    18 0.1501 -10.2484 -2.5045 -0.9260 0.3727 -0.0598 0.5781 0.8867
frogbomb.bmp
    18 0.1501 -10.2484 -2.5045 -0.9260 0.3727 -0.0598 0.5781 0.8867
    18 0.3196 -10.2269 -2.8821 -0.6764 0.5118 -0.5296 0.5664 0.8203
    18 0.1591 -10.5262 -2.7350 -0.9548 0.1566 -0.2527 0.5859 0.8711
frogbomb.bmp
    5 3.3518 -8.6383 -4.0659 0.4609 0.8854 -0.0600 0.2188 0.4961
    2 2.5256 -8.4901 -3.2198 0.2776 0.9223 0.2688 0.1367 0.5156
    2 3.1231 -9.0016 -3.3911 0.6426 0.5928 0.4854 0.1836 0.5430
frogbomb.bmp
    5 3.3518 -8.6383 -4.0659 0.4609 0.8854 -0.0600 0.2188 0.4961
    2 3.1231 -9.0016 -3.3911 0.6426 0.5928 0.4854 0.1836 0.5430
    2 3.6811 -9.3598 -4.2067 0.7882 0.5677 0.2375 0.2578 0.5000
frogbomb.bmp
    2 3.6811 -9.3598 -4.2067 0.7882 0.5677 0.2375 0.2578 0.5000
    2 3.1231 -9.0016 -3.3911 0.6426 0.5928 0.4854 0.1836 0.5430
    2 3.6713 -9.4091 -3.6805 0.6886 0.6950 0.2069 0.2305 0.5508
frogbomb.bmp
    2 3.6811 -9.3598 -4.2067 0.7882 0.5677 0.2375 0.2578 0.5000
    2 3.6713 -9.4091 -3.6805 0.6886 0.6950 0.2069 0.2305 0.5508
    2 4.2743 -10.2820 -4.2807 0.9445 0.3155 0.0920 0.2930 0.5586
frogbomb.bmp
    2 4.2743 -10.2820 -4.2807 0.9445 0.3155 0.0920 0.2930 0.5586
    2 3.6713 -9.4091 -3.6805 0.6886 0.6950 0.2069 0.2305 0.5508
    2 4.3424 -9.9919 -3.5153 0.8678 0.4916 0.0729 0.2695 0.6133
frogbomb.bmp
    2 4.2743 -10.2820 -4.2807 0.9445 0.3155 0.0920 0.2930 0.5586
    2 4.3424 -9.9919 -3.5153 0.8678 0.4916 0.0729 0.2695 0.6133
    2 4.3166 -10.5854 -3.8646 0.9841 0.1595 0.0774 0.3047 0.6211
frogbomb.bmp
    2 4.3166 -10.5854 -3.8646 0.9841 0.1595 0.0774 0.3047 0.6211
    2 4.3424 -9.9919 -3.5153 0.8678 0.4916 0.0729 0.2695 0.6133
    2 4.3856 -10.7405 -3.1258 0.9384 0.0318 0.3441 0.2773 0.7070
frogbomb.bmp
    2 2.5235 -9.7831 -1.7265 0.1868 0.3045 0.9340 0.0781 0.7148
    19 2.0750 -10.4176 -1.4076 0.1629 0.1214 0.9791 0.0117 0.7617
    2 2.7609 -10.2456 -1.6402 0.3948 0.1370 0.9085 0.0859 0.7500
frogbomb.bmp
    2 2.5235 -9.7831 -1.7265 0.1868 0.3045 0.9340 0.0781 0.7148
    19 1.8766 -9.8147 -1.6511 0.0453 0.5016 0.8639 0.0117 0.7031
    19 2.0750 -10.4176 -1.4076 0.1629 0.1214 0.9791 0.0117 0.7617
frogbomb.bmp
    2 2.5235 -9.7831 -1.7265 0.1868 0.3045 0.9340 0.0781 0.7148
    19 2.2919 -9.2802 -1.9019 0.0143 0.8906 0.4545 0.0703 0.6680
    19 1.8766 -9.8147 -1.6511 0.0453 0.5016 0.8639 0.0117 0.7031
frogbomb.bmp
    2 2.5235 -9.7831 -1.7265 0.1868 0.3045 0.9340 0.0781 0.7148
    19 2.7110 -9.3750 -1.8656 0.2605 0.8012 0.5387 0.1055 0.6875
    19 2.2919 -9.2802 -1.9019 0.0143 0.8906 0.4545 0.0703 0.6680
frogbomb.bmp
    2 2.5235 -9.7831 -1.7265 0.1868 0.3045 0.9340 0.0781 0.7148
    21 3.2631 -9.5438 -1.9823 0.5173 0.6789 0.5211 0.1562 0.7031
    19 2.7110 -9.3750 -1.8656 0.2605 0.8012 0.5387 0.1055 0.6875
frogbomb.bmp
    2 2.5235 -9.7831 -1.7265 0.1868 0.3045 0.9340 0.0781 0.7148
    2 3.4413 -10.0915 -2.0387 0.6426 0.0805 0.7620 0.1602 0.7266
    21 3.2631 -9.5438 -1.9823 0.5173 0.6789 0.5211 0.1562 0.7031
frogbomb.bmp
    2 2.5235 -9.7831 -1.7265 0.1868 0.3045 0.9340 0.0781 0.7148
    2 2.7609 -10.2456 -1.6402 0.3948 0.1370 0.9085 0.0859 0.7500
    2 3.4413 -10.0915 -2.0387 0.6426 0.0805 0.7620 0.1602 0.7266
frogbomb.bmp
    2 3.0972 -13.0964 -2.4759 0.6315 -0.4810 0.6081 0.5117 0.7500
    2 2.6373 -13.3984 -2.3164 0.2984 -0.6275 0.7192 0.4648 0.7656
    2 2.6316 -14.5087 -3.7490 0.2957 -0.8652 0.4051 0.4648 0.6406
frogbomb.bmp
    2 3.0972 -13.0964 -2.4759 0.6315 -0.4810 0.6081 0.5117 0.7500
    2 2.6316 -14.5087 -3.7490 0.2957 -0.8652 0.4051 0.4648 0.6406
    2 3.7266 -12.6007 -2.8605 0.7136 -0.3837 0.5861 0.5859 0.7227
frogbomb.bmp
    2 3.7266 -12.6007 -2.8605 0.7136 -0.3837 0.5861 0.5859 0.7227
    2 2.6316 -14.5087 -3.7490 0.2957 -0.8652 0.4051 0.4648 0.6406
    2 3.6618 -13.9594 -4.0029 0.6791 -0.6660 0.3088 0.5703 0.6250
frogbomb.bmp
    2 3.7266 -12.6007 -2.8605 0.7136 -0.3837 0.5861 0.5859 0.7227
    2 3.6618 -13.9594 -4.0029 0.6791 -0.6660 0.3088 0.5703 0.6250
    2 4.1821 -12.2154 -3.2562 0.8416 -0.2553 0.4759 0.6367 0.6797
frogbomb.bmp
    2 4.1821 -12.2154 -3.2562 0.8416 -0.2553 0.4759 0.6367 0.6797
    2 3.6618 -13.9594 -4.0029 0.6791 -0.6660 0.3088 0.5703 0.6250
    2 4.4740 -12.7245 -4.3884 0.9304 -0.3519 0.1026 0.6719 0.5625
frogbomb.bmp
    2 4.1821 -12.2154 -3.2562 0.8416 -0.2553 0.4759 0.6367 0.6797
    2 4.4740 -12.7245 -4.3884 0.9304 -0.3519 0.1026 0.6719 0.5625
    2 4.6685 -11.6252 -4.2464 0.9968 -0.0447 0.0663 0.7461 0.5703
frogbomb.bmp
    2 4.6685 -11.6252 -4.2464 0.9968 -0.0447 0.0663 0.7461 0.5703
    2 4.4740 -12.7245 -4.3884 0.9304 -0.3519 0.1026 0.6719 0.5625
    2 4.5130 -11.6622 -4.7627 0.9783 0.0073 -0.2071 0.7656 0.5000
frogbomb.bmp
    2 3.0659 -11.5497 -7.7005 0.4171 -0.1311 -0.8994 0.6328 0.1953
    2 3.8155 -11.6453 -7.0001 0.8027 -0.0312 -0.5955 0.6836 0.2812
    2 3.2259 -12.7940 -7.1326 0.4489 -0.4547 -0.7693 0.6094 0.3008
frogbomb.bmp
    2 3.0659 -11.5497 -7.7005 0.4171 -0.1311 -0.8994 0.6328 0.1953
    2 3.2259 -12.7940 -7.1326 0.4489 -0.4547 -0.7693 0.6094 0.3008
    2 2.0946 -11.4771 -7.8514 0.0394 -0.1277 -0.9910 0.5547 0.1562
frogbomb.bmp
    2 2.0946 -11.4771 -7.8514 0.0394 -0.1277 -0.9910 0.5547 0.1562
    2 3.2259 -12.7940 -7.1326 0.4489 -0.4547 -0.7693 0.6094 0.3008
    2 1.5560 -13.0734 -7.3869 -0.0395 -0.5175 -0.8548 0.4648 0.2461
frogbomb.bmp
    2 2.0946 -11.4771 -7.8514 0.0394 -0.1277 -0.9910 0.5547 0.1562
    2 1.5560 -13.0734 -7.3869 -0.0395 -0.5175 -0.8548 0.4648 0.2461
    2 1.0906 -11.5192 -7.7813 -0.1870 -0.0747 -0.9795 0.4648 0.1367
frogbomb.bmp
    2 1.0906 -11.5192 -7.7813 -0.1870 -0.0747 -0.9795 0.4648 0.1367
    2 1.5560 -13.0734 -7.3869 -0.0395 -0.5175 -0.8548 0.4648 0.2461
    2 0.2268 -11.9430 -7.4829 -0.4046 -0.1659 -0.8993 0.5547 0.1562
frogbomb.bmp
    2 1.0906 -11.5192 -7.7813 -0.1870 -0.0747 -0.9795 0.4648 0.1367
    2 0.2268 -11.9430 -7.4829 -0.4046 -0.1659 -0.8993 0.5547 0.1562
    10 -0.2813 -10.5163 -7.1464 -0.6263 0.1764 -0.7593 0.5547 0.0391
frogbomb.bmp
    10 -0.2813 -10.5163 -7.1464 -0.6263 0.1764 -0.7593 0.5547 0.0391
    2 0.2268 -11.9430 -7.4829 -0.4046 -0.1659 -0.8993 0.5547 0.1562
    8 -1.0169 -11.1610 -6.3841 -0.8804 0.0449 -0.4720 0.6484 0.1016
frogbomb.bmp
    9 2.5356 -8.7056 -5.3719 0.4733 0.7518 -0.4590 0.1836 0.3438
    9 2.4552 -8.7059 -6.0207 0.5832 0.7968 -0.1581 0.1875 0.2891
    9 1.5335 -8.1635 -5.2122 0.2913 0.9372 -0.1920 0.0898 0.2969
frogbomb.bmp
    9 2.5356 -8.7056 -5.3719 0.4733 0.7518 -0.4590 0.1836 0.3438
    9 1.5335 -8.1635 -5.2122 0.2913 0.9372 -0.1920 0.0898 0.2969
    4 2.5217 -8.3751 -5.1216 0.4311 0.8656 -0.2547 0.1797 0.3750
frogbomb.bmp
    4 2.5217 -8.3751 -5.1216 0.4311 0.8656 -0.2547 0.1797 0.3750
    9 1.5335 -8.1635 -5.2122 0.2913 0.9372 -0.1920 0.0898 0.2969
    4 1.4599 -8.0963 -5.0155 0.1891 0.9788 -0.0782 0.0859 0.3320
frogbomb.bmp
    4 2.5217 -8.3751 -5.1216 0.4311 0.8656 -0.2547 0.1797 0.3750
    4 1.4599 -8.0963 -5.0155 0.1891 0.9788 -0.0782 0.0859 0.3320
    4 2.4413 -8.4677 -4.7792 0.2928 0.7267 0.6214 0.1562 0.4062
frogbomb.bmp
    4 2.4413 -8.4677 -4.7792 0.2928 0.7267 0.6214 0.1562 0.4062
    4 1.4599 -8.0963 -5.0155 0.1891 0.9788 -0.0782 0.0859 0.3320
    4 1.5297 -8.0947 -4.6576 0.2016 0.7526 0.6269 0.0781 0.3672
frogbomb.bmp
    4 2.4413 -8.4677 -4.7792 0.2928 0.7267 0.6214 0.1562 0.4062
    4 1.5297 -8.0947 -4.6576 0.2016 0.7526 0.6269 0.0781 0.3672
    4 1.7084 -8.5249 -4.6470 0.1023 0.2401 0.9653 0.0938 0.4102
frogbomb.bmp
    4 1.7084 -8.5249 -4.6470 0.1023 0.2401 0.9653 0.0938 0.4102
    4 1.5297 -8.0947 -4.6576 0.2016 0.7526 0.6269 0.0781 0.3672
    4 1.2603 -8.4205 -4.6402 0.1611 0.1067 0.9812 0.0547 0.3867
frogbomb.bmp
    17 2.4788 -9.5969 -2.4631 -0.5617 0.5686 0.6010 0.3711 0.8750
    17 2.3385 -9.9316 -2.4351 -0.6913 0.3288 0.6435 0.3516 0.9023
    17 2.6403 -9.9042 -2.2273 -0.2512 0.2650 0.9310 0.3789 0.9453
frogbomb.bmp
    17 2.4788 -9.5969 -2.4631 -0.5617 0.5686 0.6010 0.3711 0.8750
    17 2.6403 -9.9042 -2.2273 -0.2512 0.2650 0.9310 0.3789 0.9453
    17 2.8689 -9.5772 -2.3344 0.0243 0.6079 0.7936 0.4219 0.9141
frogbomb.bmp
    17 2.8689 -9.5772 -2.3344 0.0243 0.6079 0.7936 0.4219 0.9141
    17 2.6403 -9.9042 -2.2273 -0.2512 0.2650 0.9310 0.3789 0.9453
    17 3.0091 -9.8973 -2.2148 0.2286 0.1308 0.9647 0.4336 0.9727
frogbomb.bmp
    17 2.8689 -9.5772 -2.3344 0.0243 0.6079 0.7936 0.4219 0.9141
    17 3.0091 -9.8973 -2.2148 0.2286 0.1308 0.9647 0.4336 0.9727
    17 3.2455 -9.6982 -2.4005 0.6077 0.4199 0.6742 0.4883 0.9453
frogbomb.bmp
    17 3.2455 -9.6982 -2.4005 0.6077 0.4199 0.6742 0.4883 0.9453
    17 3.0091 -9.8973 -2.2148 0.2286 0.1308 0.9647 0.4336 0.9727
    17 3.2565 -10.1126 -2.3450 0.6512 -0.0368 0.7580 0.4883 0.9922
frogbomb.bmp
    17 3.2455 -9.6982 -2.4005 0.6077 0.4199 0.6742 0.4883 0.9453
    17 3.2565 -10.1126 -2.3450 0.6512 -0.0368 0.7580 0.4883 0.9922
    17 3.4796 -9.9300 -2.6514 0.9478 0.0779 0.3093 0.5469 0.9531
frogbomb.bmp
    17 3.4796 -9.9300 -2.6514 0.9478 0.0779 0.3093 0.5469 0.9531
    17 3.2565 -10.1126 -2.3450 0.6512 -0.0368 0.7580 0.4883 0.9922
    17 3.3985 -10.2878 -2.6309 0.9186 -0.2097 0.3349 0.5352 0.9844
frogbomb.bmp
    2 -1.6350 -11.2624 -3.1342 -0.4046 -0.1659 -0.8993 0.9414 0.4336
    2 -1.5148 -11.2535 -3.0986 0.6880 -0.2379 -0.6856 0.9297 0.4336
    2 -1.4093 -11.9374 -2.7899 0.6967 -0.1238 -0.7066 0.9297 0.3359
frogbomb.bmp
    2 -1.6350 -11.2624 -3.1342 -0.4046 -0.1659 -0.8993 0.9414 0.4336
    2 -1.4093 -11.9374 -2.7899 0.6967 -0.1238 -0.7066 0.9297 0.3359
    2 -1.5203 -12.0050 -2.7998 -0.3019 -0.6539 -0.6937 0.9414 0.3359
frogbomb.bmp
    2 -1.5203 -12.0050 -2.7998 -0.3019 -0.6539 -0.6937 0.9414 0.3359
    2 -1.4093 -11.9374 -2.7899 0.6967 -0.1238 -0.7066 0.9297 0.3359
    12 -0.8750 -12.4888 -2.2065 -0.1103 -0.9046 -0.4116 0.9414 0.2383
frogbomb.bmp
    2 -1.5203 -12.0050 -2.7998 -0.3019 -0.6539 -0.6937 0.9414 0.3359
    12 -0.8750 -12.4888 -2.2065 -0.1103 -0.9046 -0.4116 0.9414 0.2383
    12 -0.9289 -12.4642 -2.0926 -0.5226 -0.6485 0.5534 0.9531 0.2383
frogbomb.bmp
    12 -0.9289 -12.4642 -2.0926 -0.5226 -0.6485 0.5534 0.9531 0.2383
    12 -0.8750 -12.4888 -2.2065 -0.1103 -0.9046 -0.4116 0.9414 0.2383
    12 -0.2262 -12.5263 -1.8915 -0.0239 -0.7101 0.7037 0.9531 0.1367
frogbomb.bmp
    12 -0.9289 -12.4642 -2.0926 -0.5226 -0.6485 0.5534 0.9531 0.2383
    12 -0.2262 -12.5263 -1.8915 -0.0239 -0.7101 0.7037 0.9531 0.1367
    12 -0.9083 -12.3372 -2.0690 -0.3314 0.3855 0.8612 0.9688 0.2383
frogbomb.bmp
    12 -0.9083 -12.3372 -2.0690 -0.3314 0.3855 0.8612 0.9688 0.2383
    12 -0.2262 -12.5263 -1.8915 -0.0239 -0.7101 0.7037 0.9531 0.1367
    12 -0.2265 -12.3928 -1.8635 -0.1230 0.3211 0.9390 0.9688 0.1367
frogbomb.bmp
    2 -0.9233 -13.0652 -3.6674 -0.1987 -0.0208 0.9798 0.8906 0.1172
    2 -1.6689 -12.5930 -3.8178 -0.8267 -0.5471 0.1316 0.8789 0.2148
    2 -0.9320 -13.1743 -3.7430 -0.4281 -0.8604 0.2766 0.8789 0.1172
frogbomb.bmp
    2 -0.9233 -13.0652 -3.6674 -0.1987 -0.0208 0.9798 0.8906 0.1172
    2 -0.9320 -13.1743 -3.7430 -0.4281 -0.8604 0.2766 0.8789 0.1172
    2 -0.2823 -13.2729 -3.6063 -0.2212 -0.8899 0.3990 0.8789 0.0156
frogbomb.bmp
    2 -0.2823 -13.2729 -3.6063 -0.2212 -0.8899 0.3990 0.8789 0.0156
    2 -0.9320 -13.1743 -3.7430 -0.4281 -0.8604 0.2766 0.8789 0.1172
    2 -0.8976 -13.1516 -3.8592 -0.2041 -0.6434 -0.7378 0.8672 0.1172
frogbomb.bmp
    2 -0.2823 -13.2729 -3.6063 -0.2212 -0.8899 0.3990 0.8789 0.0156
    2 -0.8976 -13.1516 -3.8592 -0.2041 -0.6434 -0.7378 0.8672 0.1172
    2 -0.2898 -13.2224 -3.8465 -0.0099 -0.5833 -0.8122 0.8672 0.0156
frogbomb.bmp
    2 -0.2898 -13.2224 -3.8465 -0.0099 -0.5833 -0.8122 0.8672 0.0156
    2 -0.8976 -13.1516 -3.8592 -0.2041 -0.6434 -0.7378 0.8672 0.1172
    2 -0.8570 -13.0263 -3.8674 0.1918 0.4350 -0.8797 0.8516 0.1172
frogbomb.bmp
    2 -0.2898 -13.2224 -3.8465 -0.0099 -0.5833 -0.8122 0.8672 0.0156
    2 -0.8570 -13.0263 -3.8674 0.1918 0.4350 -0.8797 0.8516 0.1172
    2 -0.2821 -13.0434 -3.7936 0.1010 0.6931 -0.7137 0.8516 0.0156
frogbomb.bmp
    2 -0.2821 -13.0434 -3.7936 0.1010 0.6931 -0.7137 0.8516 0.0156
    2 -0.8570 -13.0263 -3.8674 0.1918 0.4350 -0.8797 0.8516 0.1172
    2 -0.2958 -12.9720 -3.6133 -0.0857 0.9447 0.3165 0.8398 0.0156
frogbomb.bmp
    2 1.3058 -14.6777 -4.5133 -0.2068 -0.9782 0.0177 0.5703 0.5508
    2 2.6316 -14.5087 -3.7490 0.2957 -0.8652 0.4051 0.4648 0.6406
    2 1.4509 -14.5108 -3.5667 -0.1420 -0.8708 0.4708 0.5703 0.6250
frogbomb.bmp
    2 1.3058 -14.6777 -4.5133 -0.2068 -0.9782 0.0177 0.5703 0.5508
    2 1.4509 -14.5108 -3.5667 -0.1420 -0.8708 0.4708 0.5703 0.6250
    2 0.3351 -14.2293 -4.8245 -0.5226 -0.8521 0.0295 0.6367 0.4766
frogbomb.bmp
    2 0.3351 -14.2293 -4.8245 -0.5226 -0.8521 0.0295 0.6367 0.4766
    2 1.4509 -14.5108 -3.5667 -0.1420 -0.8708 0.4708 0.5703 0.6250
    2 0.0903 -13.8179 -3.5236 -0.5633 -0.7245 0.3972 0.6719 0.5625
frogbomb.bmp
    2 0.3351 -14.2293 -4.8245 -0.5226 -0.8521 0.0295 0.6367 0.4766
    2 0.0903 -13.8179 -3.5236 -0.5633 -0.7245 0.3972 0.6719 0.5625
    2 -0.4697 -13.5086 -4.3757 -0.7972 -0.5812 0.1634 0.6992 0.4648
frogbomb.bmp
    2 -0.4697 -13.5086 -4.3757 -0.7972 -0.5812 0.1634 0.6992 0.4648
    2 0.0903 -13.8179 -3.5236 -0.5633 -0.7245 0.3972 0.6719 0.5625
    2 -0.5569 -12.9267 -3.7626 -0.8761 -0.4553 0.1587 0.7656 0.5000
frogbomb.bmp
    2 -0.4697 -13.5086 -4.3757 -0.7972 -0.5812 0.1634 0.6992 0.4648
    2 -0.5569 -12.9267 -3.7626 -0.8761 -0.4553 0.1587 0.7656 0.5000
    2 -0.7304 -12.6501 -4.0799 -0.9288 -0.3448 0.1356 0.7656 0.4492
frogbomb.bmp
    7 1.1648 -8.4126 -4.0897 0.0989 0.8521 0.5140 0.6406 0.0117
    7 0.6493 -8.7135 -4.0338 -0.9075 0.2967 -0.2974 0.6523 0.0898
    7 0.7929 -8.7337 -3.7756 -0.2801 0.5487 0.7877 0.6719 0.0703
frogbomb.bmp
    7 1.1648 -8.4126 -4.0897 0.0989 0.8521 0.5140 0.6406 0.0117
    7 1.0427 -8.3862 -4.3474 -0.3947 0.6709 -0.6277 0.6133 0.0117
    7 0.6493 -8.7135 -4.0338 -0.9075 0.2967 -0.2974 0.6523 0.0898
frogbomb.bmp
    7 1.1648 -8.4126 -4.0897 0.0989 0.8521 0.5140 0.6406 0.0117
    7 1.6033 -8.5617 -4.4703 0.2668 0.4847 -0.8330 0.6523 0.0898
    7 1.0427 -8.3862 -4.3474 -0.3947 0.6709 -0.6277 0.6133 0.0117
frogbomb.bmp
    7 1.1648 -8.4126 -4.0897 0.0989 0.8521 0.5140 0.6406 0.0117
    7 1.7018 -8.5891 -4.1915 0.6160 0.6932 0.3742 0.6719 0.0703
    7 1.6033 -8.5617 -4.4703 0.2668 0.4847 -0.8330 0.6523 0.0898
frogbomb.bmp
    7 1.1648 -8.4126 -4.0897 0.0989 0.8521 0.5140 0.6406 0.0117
    6 1.3736 -9.3317 -3.8694 0.4269 -0.0132 0.9042 0.7383 0.0117
    7 1.7018 -8.5891 -4.1915 0.6160 0.6932 0.3742 0.6719 0.0703
frogbomb.bmp
    7 1.1648 -8.4126 -4.0897 0.0989 0.8521 0.5140 0.6406 0.0117
    7 0.7929 -8.7337 -3.7756 -0.2801 0.5487 0.7877 0.6719 0.0703
    6 1.3736 -9.3317 -3.8694 0.4269 -0.0132 0.9042 0.7383 0.0117
frogbomb.bmp
    4 1.1054 -8.3316 -3.8523 -0.2641 0.9640 0.0301 0.8984 0.8008
    4 2.0102 -8.4139 -4.0867 0.3610 0.9230 -0.1329 0.7539 0.8242
    4 0.9023 -8.3654 -4.5937 -0.2641 0.9640 0.0301 0.8984 0.6758
frogbomb.bmp
    4 1.1054 -8.3316 -3.8523 -0.2641 0.9640 0.0301 0.8984 0.8008
    4 0.9023 -8.3654 -4.5937 -0.2641 0.9640 0.0301 0.8984 0.6758
    4 0.3684 -8.8784 -3.6158 -0.7752 0.6016 0.1930 0.7539 0.8242
frogbomb.bmp
    4 0.3684 -8.8784 -3.6158 -0.7752 0.6016 0.1930 0.7539 0.8242
    4 0.9023 -8.3654 -4.5937 -0.2641 0.9640 0.0301 0.8984 0.6758
    4 0.1851 -8.9016 -4.2778 -0.7534 0.6289 0.1918 0.7539 0.7109
frogbomb.bmp
    4 0.3684 -8.8784 -3.6158 -0.7752 0.6016 0.1930 0.7539 0.8242
    4 0.1851 -8.9016 -4.2778 -0.7534 0.6289 0.1918 0.7539 0.7109
    4 0.0980 -9.7242 -3.5512 -0.9633 0.0117 0.2680 0.6719 0.8633
frogbomb.bmp
    4 0.0980 -9.7242 -3.5512 -0.9633 0.0117 0.2680 0.6719 0.8633
    4 0.1851 -8.9016 -4.2778 -0.7534 0.6289 0.1918 0.7539 0.7109
    4 -0.0285 -9.7410 -4.0089 -0.9602 0.0879 0.2651 0.6719 0.7852
frogbomb.bmp
    4 0.0980 -9.7242 -3.5512 -0.9633 0.0117 0.2680 0.6719 0.8633
    4 -0.0285 -9.7410 -4.0089 -0.9602 0.0879 0.2651 0.6719 0.7852
    4 0.2336 -10.3566 -3.7397 -0.9219 -0.2832 0.2646 0.6094 0.8789
frogbomb.bmp
    2 1.3357 -8.6259 -2.8805 -0.1624 0.9243 0.3453 0.9883 0.9648
    2 2.0862 -8.7236 -3.2422 0.3996 0.8832 0.2457 0.8672 0.9531
    2 1.1283 -8.3971 -3.6423 -0.1624 0.9243 0.3453 0.9883 0.8125
frogbomb.bmp
    2 1.3357 -8.6259 -2.8805 -0.1624 0.9243 0.3453 0.9883 0.9648
    2 1.1283 -8.3971 -3.6423 -0.1624 0.9243 0.3453 0.9883 0.8125
    2 0.6377 -9.0849 -2.9565 -0.6383 0.6243 0.4504 0.8672 0.9531
frogbomb.bmp
    2 0.6377 -9.0849 -2.9565 -0.6383 0.6243 0.4504 0.8672 0.9531
    2 1.1283 -8.3971 -3.6423 -0.1624 0.9243 0.3453 0.9883 0.8125
    2 0.3606 -8.8446 -3.6317 -0.6558 0.5919 0.4685 0.8594 0.8164
frogbomb.bmp
    2 0.6377 -9.0849 -2.9565 -0.6383 0.6243 0.4504 0.8672 0.9531
    2 0.3606 -8.8446 -3.6317 -0.6558 0.5919 0.4685 0.8594 0.8164
    2 0.1018 -9.8065 -3.2873 -0.9275 0.1459 0.3442 0.7695 0.9336
frogbomb.bmp
    2 0.1018 -9.8065 -3.2873 -0.9275 0.1459 0.3442 0.7695 0.9336
    2 0.3606 -8.8446 -3.6317 -0.6558 0.5919 0.4685 0.8594 0.8164
    2 -0.0303 -9.6205 -3.7220 -0.9275 0.1459 0.3442 0.7695 0.8438
frogbomb.bmp
    2 0.1018 -9.8065 -3.2873 -0.9275 0.1459 0.3442 0.7695 0.9336
    2 -0.0303 -9.6205 -3.7220 -0.9275 0.1459 0.3442 0.7695 0.8438
    2 0.0762 -10.3275 -3.8100 -0.9612 -0.1736 0.2144 0.7031 0.8828
frogbomb.bmp
    2 -1.5029 -12.4935 -3.9145 0.5897 0.3038 -0.7483 0.8516 0.2148
    2 -1.4945 -12.4696 -3.7886 0.6786 0.5078 0.5307 0.8398 0.2148
    2 -0.8570 -13.0263 -3.8674 0.1918 0.4350 -0.8797 0.8516 0.1172
frogbomb.bmp
    2 -1.5029 -12.4935 -3.9145 0.5897 0.3038 -0.7483 0.8516 0.2148
    2 -1.7134 -11.7991 -3.9974 0.6465 0.0007 -0.7629 0.8516 0.3125
    2 -1.4945 -12.4696 -3.7886 0.6786 0.5078 0.5307 0.8398 0.2148
frogbomb.bmp
    2 -1.5029 -12.4935 -3.9145 0.5897 0.3038 -0.7483 0.8516 0.2148
    2 -1.8377 -11.8190 -4.0140 -0.4966 -0.0191 -0.8678 0.8672 0.3125
    2 -1.7134 -11.7991 -3.9974 0.6465 0.0007 -0.7629 0.8516 0.3125
frogbomb.bmp
    2 -1.5029 -12.4935 -3.9145 0.5897 0.3038 -0.7483 0.8516 0.2148
    2 -1.6154 -12.5655 -3.9378 -0.3850 -0.3632 -0.8485 0.8672 0.2148
    2 -1.8377 -11.8190 -4.0140 -0.4966 -0.0191 -0.8678 0.8672 0.3125
frogbomb.bmp
    2 -1.5029 -12.4935 -3.9145 0.5897 0.3038 -0.7483 0.8516 0.2148
    2 -0.8976 -13.1516 -3.8592 -0.2041 -0.6434 -0.7378 0.8672 0.1172
    2 -1.6154 -12.5655 -3.9378 -0.3850 -0.3632 -0.8485 0.8672 0.2148
frogbomb.bmp
    2 -1.5029 -12.4935 -3.9145 0.5897 0.3038 -0.7483 0.8516 0.2148
    2 -0.8570 -13.0263 -3.8674 0.1918 0.4350 -0.8797 0.8516 0.1172
    2 -0.8976 -13.1516 -3.8592 -0.2041 -0.6434 -0.7378 0.8672 0.1172
frogbomb.bmp
    18 0.9927 -9.8782 -2.3313 0.3437 0.9195 0.1909 0.4219 0.8516
    18 1.1852 -9.9994 -2.6141 0.6365 0.7355 -0.2323 0.4023 0.8086
    18 0.8072 -9.8482 -2.6419 0.0620 0.9592 -0.2757 0.4688 0.8086
frogbomb.bmp
    18 0.9927 -9.8782 -2.3313 0.3437 0.9195 0.1909 0.4219 0.8516
    18 0.8072 -9.8482 -2.6419 0.0620 0.9592 -0.2757 0.4688 0.8086
    18 0.6324 -9.8615 -2.2622 -0.2055 0.9356 0.2873 0.4805 0.8750
frogbomb.bmp
    18 0.6324 -9.8615 -2.2622 -0.2055 0.9356 0.2873 0.4805 0.8750
    18 0.8072 -9.8482 -2.6419 0.0620 0.9592 -0.2757 0.4688 0.8086
    18 0.4129 -9.9443 -2.5995 -0.5422 0.8158 -0.2015 0.5352 0.8359
frogbomb.bmp
    18 0.6324 -9.8615 -2.2622 -0.2055 0.9356 0.2873 0.4805 0.8750
    18 0.4129 -9.9443 -2.5995 -0.5422 0.8158 -0.2015 0.5352 0.8359
    18 0.3435 -10.0360 -2.2662 -0.6681 0.6810 0.2999 0.5352 0.9023
frogbomb.bmp
    18 0.3435 -10.0360 -2.2662 -0.6681 0.6810 0.2999 0.5352 0.9023
    18 0.4129 -9.9443 -2.5995 -0.5422 0.8158 -0.2015 0.5352 0.8359
    18 0.1501 -10.2484 -2.5045 -0.9260 0.3727 -0.0598 0.5781 0.8867
frogbomb.bmp
    2 1.4315 -8.7077 -2.4981 0.1118 0.3009 0.9471 0.0117 0.5586
    2 1.5256 -9.0377 -2.4385 0.1221 0.2666 0.9560 0.0117 0.5859
    2 1.7668 -9.0433 -2.6592 0.4431 0.3503 0.8252 0.0391 0.5703
frogbomb.bmp
    2 1.4315 -8.7077 -2.4981 0.1118 0.3009 0.9471 0.0117 0.5586
    2 1.7668 -9.0433 -2.6592 0.4431 0.3503 0.8252 0.0391 0.5703
    2 1.8224 -8.7191 -2.7118 0.4520 0.2719 0.8495 0.0547 0.5547
frogbomb.bmp
    2 1.8224 -8.7191 -2.7118 0.4520 0.2719 0.8495 0.0547 0.5547
    2 1.7668 -9.0433 -2.6592 0.4431 0.3503 0.8252 0.0391 0.5703
    2 2.4414 -9.0139 -2.9789 0.3250 0.5025 0.8012 0.1094 0.5625
frogbomb.bmp
    2 1.8224 -8.7191 -2.7118 0.4520 0.2719 0.8495 0.0547 0.5547
    2 2.4414 -9.0139 -2.9789 0.3250 0.5025 0.8012 0.1094 0.5625
    2 2.4872 -8.8382 -3.0566 0.4431 0.3503 0.8252 0.1211 0.5469
frogbomb.bmp
    2 2.4872 -8.8382 -3.0566 0.4431 0.3503 0.8252 0.1211 0.5469
    2 2.4414 -9.0139 -2.9789 0.3250 0.5025 0.8012 0.1094 0.5625
    13 3.1250 -9.2052 -3.0882 0.5481 0.7070 0.4469 0.1719 0.5781
frogbomb.bmp
    2 2.4414 -9.0139 -2.9789 0.3250 0.5025 0.8012 0.1094 0.5625
    13 2.7634 -9.2920 -2.7085 0.1975 0.7842 0.5883 0.1289 0.6055
    13 3.1495 -9.3111 -2.8863 0.5549 0.7562 0.3468 0.1680 0.6055
frogbomb.bmp
    2 2.4414 -9.0139 -2.9789 0.3250 0.5025 0.8012 0.1094 0.5625
    13 3.1495 -9.3111 -2.8863 0.5549 0.7562 0.3468 0.1680 0.6055
    13 3.1250 -9.2052 -3.0882 0.5481 0.7070 0.4469 0.1719 0.5781
frogbomb.bmp
    13 3.1250 -9.2052 -3.0882 0.5481 0.7070 0.4469 0.1719 0.5781
    13 3.1495 -9.3111 -2.8863 0.5549 0.7562 0.3468 0.1680 0.6055
    13 3.4082 -9.6042 -2.9478 0.6945 0.6542 0.2995 0.1836 0.6211
frogbomb.bmp
    13 3.1250 -9.2052 -3.0882 0.5481 0.7070 0.4469 0.1719 0.5781
    13 3.4082 -9.6042 -2.9478 0.6945 0.6542 0.2995 0.1836 0.6211
    13 3.6308 -9.6914 -3.2682 0.5549 0.7562 0.3468 0.2109 0.5977
frogbomb.bmp
    13 3.6308 -9.6914 -3.2682 0.5549 0.7562 0.3468 0.2109 0.5977
    13 3.4082 -9.6042 -2.9478 0.6945 0.6542 0.2995 0.1836 0.6211
    2 3.4485 -9.6640 -2.8978 0.5349 0.8113 0.2362 0.1875 0.6289
frogbomb.bmp
    17 2.7309 -9.3748 -2.5957 -0.1874 0.9035 0.3855 0.4219 0.8516
    17 2.4788 -9.5969 -2.4631 -0.5617 0.5686 0.6010 0.3711 0.8750
    17 2.8689 -9.5772 -2.3344 0.0243 0.6079 0.7936 0.4219 0.9141
frogbomb.bmp
    17 2.7309 -9.3748 -2.5957 -0.1874 0.9035 0.3855 0.4219 0.8516
    17 2.8689 -9.5772 -2.3344 0.0243 0.6079 0.7936 0.4219 0.9141
    17 3.0976 -9.4033 -2.6237 0.3673 0.8656 0.3403 0.4805 0.8750
frogbomb.bmp
    17 3.0976 -9.4033 -2.6237 0.3673 0.8656 0.3403 0.4805 0.8750
    17 2.8689 -9.5772 -2.3344 0.0243 0.6079 0.7936 0.4219 0.9141
    17 3.2455 -9.6982 -2.4005 0.6077 0.4199 0.6742 0.4883 0.9453
frogbomb.bmp
    17 3.0976 -9.4033 -2.6237 0.3673 0.8656 0.3403 0.4805 0.8750
    17 3.2455 -9.6982 -2.4005 0.6077 0.4199 0.6742 0.4883 0.9453
    17 3.3580 -9.5990 -2.7249 0.7894 0.5793 0.2031 0.5352 0.9023
frogbomb.bmp
    17 3.3580 -9.5990 -2.7249 0.7894 0.5793 0.2031 0.5352 0.9023
    17 3.2455 -9.6982 -2.4005 0.6077 0.4199 0.6742 0.4883 0.9453
    17 3.4796 -9.9300 -2.6514 0.9478 0.0779 0.3093 0.5469 0.9531
frogbomb.bmp
    12 -0.1942 -12.4216 -2.0719 0.0007 0.3226 -0.9465 0.9297 0.1367
    12 -0.2032 -12.3347 -1.9720 -0.1599 0.9860 -0.0471 0.9180 0.1367
    12 0.5382 -12.1645 -2.2382 -0.2954 0.2975 -0.9079 0.9297 0.0117
frogbomb.bmp
    12 -0.1942 -12.4216 -2.0719 0.0007 0.3226 -0.9465 0.9297 0.1367
    12 -0.8165 -12.3785 -2.2492 0.4579 0.0470 -0.8877 0.9297 0.2383
    12 -0.2032 -12.3347 -1.9720 -0.1599 0.9860 -0.0471 0.9180 0.1367
frogbomb.bmp
    12 -0.1942 -12.4216 -2.0719 0.0007 0.3226 -0.9465 0.9297 0.1367
    12 -0.2133 -12.5541 -2.0584 0.1099 -0.8569 -0.5036 0.9414 0.1367
    12 -0.8165 -12.3785 -2.2492 0.4579 0.0470 -0.8877 0.9297 0.2383
frogbomb.bmp
    12 -0.1942 -12.4216 -2.0719 0.0007 0.3226 -0.9465 0.9297 0.1367
    12 0.6095 -12.3954 -2.1510 0.1362 -0.9572 -0.2554 0.9414 0.0117
    12 -0.2133 -12.5541 -2.0584 0.1099 -0.8569 -0.5036 0.9414 0.1367
frogbomb.bmp
    12 -0.1942 -12.4216 -2.0719 0.0007 0.3226 -0.9465 0.9297 0.1367
    12 0.5382 -12.1645 -2.2382 -0.2954 0.2975 -0.9079 0.9297 0.0117
    12 0.6095 -12.3954 -2.1510 0.1362 -0.9572 -0.2554 0.9414 0.0117
frogbomb.bmp
    4 -0.6382 -10.0149 -3.9616 -0.0818 0.2160 0.9730 0.8906 0.5703
    4 -0.6936 -9.8690 -4.0858 -0.5434 0.7368 0.4023 0.8789 0.5703
    4 -1.0505 -10.3141 -3.9273 0.1651 0.0139 0.9862 0.8906 0.4922
frogbomb.bmp
    4 -0.6382 -10.0149 -3.9616 -0.0818 0.2160 0.9730 0.8906 0.5703
    4 -1.0505 -10.3141 -3.9273 0.1651 0.0139 0.9862 0.8906 0.4922
    4 -1.0188 -10.3957 -4.0100 0.6568 -0.7442 0.1213 0.9023 0.4922
frogbomb.bmp
    4 -1.0188 -10.3957 -4.0100 0.6568 -0.7442 0.1213 0.9023 0.4922
    4 -1.0505 -10.3141 -3.9273 0.1651 0.0139 0.9862 0.8906 0.4922
    4 -1.5592 -10.9087 -3.7690 0.0562 0.0851 0.9948 0.8906 0.4180
frogbomb.bmp
    4 -1.0188 -10.3957 -4.0100 0.6568 -0.7442 0.1213 0.9023 0.4922
    4 -1.5592 -10.9087 -3.7690 0.0562 0.0851 0.9948 0.8906 0.4180
    4 -1.4820 -10.9181 -3.8474 0.8799 -0.4089 0.2420 0.9023 0.4180
frogbomb.bmp
    4 -1.4820 -10.9181 -3.8474 0.8799 -0.4089 0.2420 0.9023 0.4180
    4 -1.5592 -10.9087 -3.7690 0.0562 0.0851 0.9948 0.8906 0.4180
    2 -1.6863 -11.8075 -3.8706 0.8755 0.0174 0.4828 0.9023 0.3125
frogbomb.bmp
    15 0.7635 -10.0733 -1.7781 -0.6108 0.7063 0.3579 0.1250 0.6680
    15 0.8884 -9.9340 -1.8956 -0.7036 0.6879 0.1780 0.1055 0.6562
    15 0.6638 -10.0545 -1.8261 -0.2661 0.6611 0.7015 0.1289 0.6562
frogbomb.bmp
    15 0.7635 -10.0733 -1.7781 -0.6108 0.7063 0.3579 0.1250 0.6680
    15 0.6638 -10.0545 -1.8261 -0.2661 0.6611 0.7015 0.1289 0.6562
    15 0.5241 -10.3076 -1.6975 -0.6263 0.5865 0.5135 0.1562 0.6758
frogbomb.bmp
    15 0.5241 -10.3076 -1.6975 -0.6263 0.5865 0.5135 0.1562 0.6758
    15 0.6638 -10.0545 -1.8261 -0.2661 0.6611 0.7015 0.1289 0.6562
    15 0.4631 -10.2411 -1.7635 -0.4502 0.4151 0.7906 0.1523 0.6641
frogbomb.bmp
    15 0.5241 -10.3076 -1.6975 -0.6263 0.5865 0.5135 0.1562 0.6758
    15 0.4631 -10.2411 -1.7635 -0.4502 0.4151 0.7906 0.1523 0.6641
    15 0.3224 -10.3931 -1.8243 -0.6494 0.0683 0.7574 0.1719 0.6602
frogbomb.bmp
    2 3.8793 -9.8652 -2.7771 0.6593 0.6570 0.3656 0.2227 0.6602
    21 3.2631 -9.5438 -1.9823 0.5173 0.6789 0.5211 0.1562 0.7031
    2 3.4413 -10.0915 -2.0387 0.6426 0.0805 0.7620 0.1602 0.7266
frogbomb.bmp
    2 3.8793 -9.8652 -2.7771 0.6593 0.6570 0.3656 0.2227 0.6602
    20 3.3250 -9.6534 -2.3708 0.5122 0.8552 0.0798 0.1680 0.6719
    21 3.2631 -9.5438 -1.9823 0.5173 0.6789 0.5211 0.1562 0.7031
frogbomb.bmp
    2 3.8793 -9.8652 -2.7771 0.6593 0.6570 0.3656 0.2227 0.6602
    20 3.5038 -9.7636 -2.6130 0.4840 0.8680 -0.1113 0.1875 0.6602
    20 3.3250 -9.6534 -2.3708 0.5122 0.8552 0.0798 0.1680 0.6719
frogbomb.bmp
    2 3.8793 -9.8652 -2.7771 0.6593 0.6570 0.3656 0.2227 0.6602
    20 3.5519 -9.8096 -2.7316 0.3926 0.9095 0.1368 0.1953 0.6523
    20 3.5038 -9.7636 -2.6130 0.4840 0.8680 -0.1113 0.1875 0.6602
frogbomb.bmp
    2 4.3797 -11.2307 -3.6160 0.9699 0.0076 0.2432 0.3359 0.7031
    2 4.1821 -12.2154 -3.2562 0.8416 -0.2553 0.4759 0.2734 0.8633
    2 4.6685 -11.6252 -4.2464 0.9968 -0.0447 0.0663 0.4102 0.6797
frogbomb.bmp
    2 4.3797 -11.2307 -3.6160 0.9699 0.0076 0.2432 0.3359 0.7031
    2 4.6685 -11.6252 -4.2464 0.9968 -0.0447 0.0663 0.4102 0.6797
    2 4.6240 -10.9756 -4.2890 0.9636 0.2670 -0.0120 0.3711 0.6055
frogbomb.bmp
    2 4.6240 -10.9756 -4.2890 0.9636 0.2670 -0.0120 0.3711 0.6055
    2 4.6685 -11.6252 -4.2464 0.9968 -0.0447 0.0663 0.4102 0.6797
    2 4.5130 -11.6622 -4.7627 0.9783 0.0073 -0.2071 0.4297 0.5898
frogbomb.bmp
    2 4.6240 -10.9756 -4.2890 0.9636 0.2670 -0.0120 0.3711 0.6055
    2 4.5130 -11.6622 -4.7627 0.9783 0.0073 -0.2071 0.4297 0.5898
    2 4.4156 -11.3666 -5.0950 0.9630 0.1270 -0.2376 0.4180 0.5312
frogbomb.bmp
    2 2.5495 -9.3880 -2.5847 0.0863 0.8320 0.5481 0.1055 0.6172
    2 1.8250 -9.2914 -2.4651 0.2090 0.8457 0.4911 0.0352 0.6016
    20 2.4659 -9.4507 -2.4417 0.1257 0.9772 0.1711 0.0898 0.6289
frogbomb.bmp
    2 2.5495 -9.3880 -2.5847 0.0863 0.8320 0.5481 0.1055 0.6172
    20 2.4659 -9.4507 -2.4417 0.1257 0.9772 0.1711 0.0898 0.6289
    20 2.6386 -9.4266 -2.4309 -0.1167 0.9539 0.2766 0.1094 0.6328
frogbomb.bmp
    20 2.6386 -9.4266 -2.4309 -0.1167 0.9539 0.2766 0.1094 0.6328
    20 2.4659 -9.4507 -2.4417 0.1257 0.9772 0.1711 0.0898 0.6289
    20 2.6468 -9.4673 -2.2684 0.1794 0.9834 -0.0277 0.1055 0.6562
frogbomb.bmp
    20 2.6386 -9.4266 -2.4309 -0.1167 0.9539 0.2766 0.1094 0.6328
    20 2.6468 -9.4673 -2.2684 0.1794 0.9834 -0.0277 0.1055 0.6562
    20 2.8990 -9.4532 -2.3041 0.1507 0.8504 0.5040 0.1289 0.6562
frogbomb.bmp
    4 2.6580 -8.9999 -4.2855 0.8209 0.5165 -0.2437 0.6719 0.8633
    4 1.8269 -8.4371 -4.7487 0.3315 0.9359 -0.1194 0.7539 0.7109
    4 2.0102 -8.4139 -4.0867 0.3610 0.9230 -0.1329 0.7539 0.8242
frogbomb.bmp
    4 2.6580 -8.9999 -4.2855 0.8209 0.5165 -0.2437 0.6719 0.8633
    4 2.5315 -9.0167 -4.7432 0.7801 0.5802 -0.2341 0.6719 0.7852
    4 1.8269 -8.4371 -4.7487 0.3315 0.9359 -0.1194 0.7539 0.7109
frogbomb.bmp
    4 2.6580 -8.9999 -4.2855 0.8209 0.5165 -0.2437 0.6719 0.8633
    4 2.7751 -9.6375 -4.4687 0.9327 0.2416 -0.2676 0.6094 0.8789
    4 2.5315 -9.0167 -4.7432 0.7801 0.5802 -0.2341 0.6719 0.7852
frogbomb.bmp
    4 2.6580 -8.9999 -4.2855 0.8209 0.5165 -0.2437 0.6719 0.8633
    4 2.8401 -9.6430 -4.2473 0.9327 0.2416 -0.2676 0.6094 0.9180
    4 2.7751 -9.6375 -4.4687 0.9327 0.2416 -0.2676 0.6094 0.8789
frogbomb.bmp
    2 2.7320 -9.1504 -3.8061 0.8251 0.5650 0.0039 0.7695 0.9336
    2 1.9616 -8.4453 -3.9475 0.4351 0.8640 0.2533 0.8594 0.8164
    2 2.0862 -8.7236 -3.2422 0.3996 0.8832 0.2457 0.8672 0.9531
frogbomb.bmp
    2 2.7320 -9.1504 -3.8061 0.8251 0.5650 0.0039 0.7695 0.9336
    2 2.5999 -8.9645 -4.2408 0.8251 0.5650 0.0039 0.7695 0.8438
    2 1.9616 -8.4453 -3.9475 0.4351 0.8640 0.2533 0.8594 0.8164
frogbomb.bmp
    2 2.7320 -9.1504 -3.8061 0.8251 0.5650 0.0039 0.7695 0.9336
    2 2.8017 -9.6477 -4.3476 0.9394 0.3020 -0.1620 0.7031 0.8828
    2 2.5999 -8.9645 -4.2408 0.8251 0.5650 0.0039 0.7695 0.8438
frogbomb.bmp
    2 2.7320 -9.1504 -3.8061 0.8251 0.5650 0.0039 0.7695 0.9336
    2 2.8618 -9.7212 -4.1360 0.9394 0.3020 -0.1620 0.7031 0.9219
    2 2.8017 -9.6477 -4.3476 0.9394 0.3020 -0.1620 0.7031 0.8828
frogbomb.bmp
    12 -0.9289 -12.4642 -2.0926 -0.5226 -0.6485 0.5534 0.9531 0.2383
    12 -0.9083 -12.3372 -2.0690 -0.3314 0.3855 0.8612 0.9688 0.2383
    2 -1.5897 -11.9804 -2.6951 -0.8978 -0.4108 0.1587 0.9531 0.3359
frogbomb.bmp
    12 -0.9289 -12.4642 -2.0926 -0.5226 -0.6485 0.5534 0.9531 0.2383
    2 -1.5897 -11.9804 -2.6951 -0.8978 -0.4108 0.1587 0.9531 0.3359
    2 -1.5203 -12.0050 -2.7998 -0.3019 -0.6539 -0.6937 0.9414 0.3359
frogbomb.bmp
    2 -1.5203 -12.0050 -2.7998 -0.3019 -0.6539 -0.6937 0.9414 0.3359
    2 -1.5897 -11.9804 -2.6951 -0.8978 -0.4108 0.1587 0.9531 0.3359
    2 -1.7084 -11.2247 -3.0332 -0.9858 0.1491 -0.0768 0.9531 0.4336
frogbomb.bmp
    2 -1.5203 -12.0050 -2.7998 -0.3019 -0.6539 -0.6937 0.9414 0.3359
    2 -1.7084 -11.2247 -3.0332 -0.9858 0.1491 -0.0768 0.9531 0.4336
    2 -1.6350 -11.2624 -3.1342 -0.4046 -0.1659 -0.8993 0.9414 0.4336
frogbomb.bmp
    5 -0.6001 -9.9465 -3.3852 0.1684 -0.7010 -0.6930 0.9297 0.6133
    5 -1.1002 -10.3664 -3.0999 0.4707 -0.5731 -0.6708 0.9297 0.5312
    5 -1.2146 -10.3227 -3.1174 -0.5478 0.2396 -0.8015 0.9414 0.5312
frogbomb.bmp
    5 -0.6001 -9.9465 -3.3852 0.1684 -0.7010 -0.6930 0.9297 0.6133
    5 -1.2146 -10.3227 -3.1174 -0.5478 0.2396 -0.8015 0.9414 0.5312
    5 -0.6575 -9.8466 -3.4117 -0.4872 0.2808 -0.8269 0.9414 0.6133
frogbomb.bmp
    5 -0.6575 -9.8466 -3.4117 -0.4872 0.2808 -0.8269 0.9414 0.6133
    5 -1.2146 -10.3227 -3.1174 -0.5478 0.2396 -0.8015 0.9414 0.5312
    5 -1.2538 -10.2969 -3.0030 -0.7655 0.6074 0.2123 0.9531 0.5312
frogbomb.bmp
    5 -0.6575 -9.8466 -3.4117 -0.4872 0.2808 -0.8269 0.9414 0.6133
    5 -1.2538 -10.2969 -3.0030 -0.7655 0.6074 0.2123 0.9531 0.5312
    5 -0.6470 -9.7765 -3.3059 -0.4803 0.8684 0.1235 0.9531 0.6133
frogbomb.bmp
    4 -1.0832 -10.3583 -4.1225 0.1172 -0.4669 -0.8765 0.8516 0.4922
    4 -1.5256 -10.8850 -3.9670 0.3672 -0.2950 -0.8821 0.8516 0.4180
    4 -1.6354 -10.8612 -3.9504 -0.6950 0.3081 -0.6496 0.8672 0.4180
frogbomb.bmp
    4 -1.0832 -10.3583 -4.1225 0.1172 -0.4669 -0.8765 0.8516 0.4922
    4 -1.6354 -10.8612 -3.9504 -0.6950 0.3081 -0.6496 0.8672 0.4180
    4 -1.1505 -10.2611 -4.1111 -0.6486 0.4286 -0.6290 0.8672 0.4922
frogbomb.bmp
    4 -1.1505 -10.2611 -4.1111 -0.6486 0.4286 -0.6290 0.8672 0.4922
    4 -1.6354 -10.8612 -3.9504 -0.6950 0.3081 -0.6496 0.8672 0.4180
    4 -1.6623 -10.8695 -3.8267 -0.8071 0.4120 0.4230 0.8789 0.4180
frogbomb.bmp
    4 -1.1505 -10.2611 -4.1111 -0.6486 0.4286 -0.6290 0.8672 0.4922
    4 -1.6623 -10.8695 -3.8267 -0.8071 0.4120 0.4230 0.8789 0.4180
    4 -1.1253 -10.2260 -3.9885 -0.5643 0.6901 0.4531 0.8789 0.4922
frogbomb.bmp
    2 -1.6154 -12.5655 -3.9378 -0.3850 -0.3632 -0.8485 0.8672 0.2148
    2 -1.8978 -11.8291 -3.9064 -0.9947 -0.0340 0.0969 0.8789 0.3125
    2 -1.8377 -11.8190 -4.0140 -0.4966 -0.0191 -0.8678 0.8672 0.3125
frogbomb.bmp
    2 -1.6154 -12.5655 -3.9378 -0.3850 -0.3632 -0.8485 0.8672 0.2148
    2 -1.6689 -12.5930 -3.8178 -0.8267 -0.5471 0.1316 0.8789 0.2148
    2 -1.8978 -11.8291 -3.9064 -0.9947 -0.0340 0.0969 0.8789 0.3125
frogbomb.bmp
    2 -1.6154 -12.5655 -3.9378 -0.3850 -0.3632 -0.8485 0.8672 0.2148
    2 -0.9320 -13.1743 -3.7430 -0.4281 -0.8604 0.2766 0.8789 0.1172
    2 -1.6689 -12.5930 -3.8178 -0.8267 -0.5471 0.1316 0.8789 0.2148
frogbomb.bmp
    2 -1.6154 -12.5655 -3.9378 -0.3850 -0.3632 -0.8485 0.8672 0.2148
    2 -0.8976 -13.1516 -3.8592 -0.2041 -0.6434 -0.7378 0.8672 0.1172
    2 -0.9320 -13.1743 -3.7430 -0.4281 -0.8604 0.2766 0.8789 0.1172
frogbomb.bmp
    2 -0.7889 -12.3257 -3.2212 -0.9119 -0.2008 0.3580 0.3711 0.6055
    2 -0.5569 -12.9267 -3.7626 -0.8761 -0.4553 0.1587 0.4297 0.5898
    2 -0.5157 -12.9182 -3.2237 -0.7697 -0.4853 0.4148 0.4102 0.6797
frogbomb.bmp
    2 -0.7889 -12.3257 -3.2212 -0.9119 -0.2008 0.3580 0.3711 0.6055
    2 -0.5157 -12.9182 -3.2237 -0.7697 -0.4853 0.4148 0.4102 0.6797
    12 -0.2304 -12.3805 -2.6998 -0.7081 -0.4109 0.5742 0.3359 0.7031
frogbomb.bmp
    12 -0.2304 -12.3805 -2.6998 -0.7081 -0.4109 0.5742 0.3359 0.7031
    2 -0.5157 -12.9182 -3.2237 -0.7697 -0.4853 0.4148 0.4102 0.6797
    12 0.5029 -13.1261 -2.5262 -0.4008 -0.5652 0.7210 0.2734 0.8633
frogbomb.bmp
    8 -1.0971 -9.9974 -5.7014 -0.9286 0.3032 -0.2140 0.2383 0.2031
    8 -1.1972 -10.6518 -4.9768 -0.9856 0.0897 0.1436 0.2891 0.3047
    8 -0.8455 -9.4577 -5.1129 -0.8945 0.4468 0.0137 0.1875 0.2891
frogbomb.bmp
    8 -1.0971 -9.9974 -5.7014 -0.9286 0.3032 -0.2140 0.2383 0.2031
    8 -0.8455 -9.4577 -5.1129 -0.8945 0.4468 0.0137 0.1875 0.2891
    8 -0.3842 -9.2627 -6.3729 -0.7096 0.4692 -0.5256 0.1211 0.1328
frogbomb.bmp
    8 -0.3842 -9.2627 -6.3729 -0.7096 0.4692 -0.5256 0.1211 0.1328
    8 -0.8455 -9.4577 -5.1129 -0.8945 0.4468 0.0137 0.1875 0.2891
    8 -0.2472 -8.5370 -5.6431 -0.7459 0.6306 -0.2142 0.0938 0.2266
frogbomb.bmp
    3 1.3516 -10.5974 -1.3636 -0.0588 0.0238 0.9980 0.0859 0.7500
    2 1.3037 -10.0874 -1.4859 0.0533 0.2712 0.9610 0.0781 0.7148
    2 0.5824 -10.8046 -1.4748 -0.2876 -0.1600 0.9443 0.1602 0.7266
frogbomb.bmp
    3 1.3516 -10.5974 -1.3636 -0.0588 0.0238 0.9980 0.0859 0.7500
    2 0.5824 -10.8046 -1.4748 -0.2876 -0.1600 0.9443 0.1602 0.7266
    12 0.8245 -11.9923 -1.7776 -0.2687 -0.3642 0.8917 0.1914 0.8086
frogbomb.bmp
    12 0.8245 -11.9923 -1.7776 -0.2687 -0.3642 0.8917 0.1914 0.8086
    2 0.5824 -10.8046 -1.4748 -0.2876 -0.1600 0.9443 0.1602 0.7266
    12 -0.2845 -11.9040 -2.1940 -0.6566 -0.3702 0.6572 0.2773 0.7070
frogbomb.bmp
    4 -1.2451 -11.9139 -5.5449 -0.9764 -0.2147 -0.0222 0.7188 0.1992
    8 -1.0169 -11.1610 -6.3841 -0.8804 0.0449 -0.4720 0.6484 0.1016
    2 -0.4792 -12.4339 -7.0012 -0.6335 -0.2936 -0.7159 0.6328 0.1953
frogbomb.bmp
    4 -1.2451 -11.9139 -5.5449 -0.9764 -0.2147 -0.0222 0.7188 0.1992
    2 -0.4792 -12.4339 -7.0012 -0.6335 -0.2936 -0.7159 0.6328 0.1953
    2 -0.7969 -12.7957 -6.0903 -0.8550 -0.4319 -0.2870 0.6836 0.2812
frogbomb.bmp
    2 -0.7969 -12.7957 -6.0903 -0.8550 -0.4319 -0.2870 0.6836 0.2812
    2 -0.4792 -12.4339 -7.0012 -0.6335 -0.2936 -0.7159 0.6328 0.1953
    2 0.1573 -13.5593 -6.5273 -0.4361 -0.6754 -0.5947 0.6094 0.3008
frogbomb.bmp
    15 0.2010 -10.6174 -1.9349 -0.8120 0.5003 0.3007 0.1875 0.6602
    15 0.1306 -10.6810 -2.0324 -0.6732 0.6040 0.4266 0.1953 0.6523
    16 -0.1042 -10.9011 -1.9267 -0.6913 0.2965 0.6589 0.2227 0.6602
frogbomb.bmp
    15 0.2010 -10.6174 -1.9349 -0.8120 0.5003 0.3007 0.1875 0.6602
    16 -0.1042 -10.9011 -1.9267 -0.6913 0.2965 0.6589 0.2227 0.6602
    15 0.3930 -10.4403 -1.7644 -0.7265 0.4447 0.5239 0.1680 0.6719
frogbomb.bmp
    15 0.3930 -10.4403 -1.7644 -0.7265 0.4447 0.5239 0.1680 0.6719
    16 -0.1042 -10.9011 -1.9267 -0.6913 0.2965 0.6589 0.2227 0.6602
    16 0.5985 -10.3321 -1.3996 -0.4356 0.2923 0.8513 0.1562 0.7031
frogbomb.bmp
    7 0.7772 -9.3199 -3.5037 -0.2240 0.0366 0.9739 0.7383 0.0977
    6 1.3736 -9.3317 -3.8694 0.4269 -0.0132 0.9042 0.7383 0.0117
    7 0.7929 -8.7337 -3.7756 -0.2801 0.5487 0.7877 0.6719 0.0703
frogbomb.bmp
    7 0.7772 -9.3199 -3.5037 -0.2240 0.0366 0.9739 0.7383 0.0977
    7 0.7929 -8.7337 -3.7756 -0.2801 0.5487 0.7877 0.6719 0.0703
    7 0.6275 -9.4259 -3.7464 -0.9955 0.0940 -0.0076 0.7344 0.1172
frogbomb.bmp
    7 0.6275 -9.4259 -3.7464 -0.9955 0.0940 -0.0076 0.7344 0.1172
    7 0.7929 -8.7337 -3.7756 -0.2801 0.5487 0.7877 0.6719 0.0703
    7 0.6493 -8.7135 -4.0338 -0.9075 0.2967 -0.2974 0.6523 0.0898
frogbomb.bmp
    2 4.2646 -11.8891 -6.1491 0.9292 0.0526 -0.3658 0.7031 0.3750
    2 4.4858 -12.2726 -5.3532 0.9726 -0.1398 -0.1857 0.6992 0.4648
    2 4.0624 -12.6108 -6.3313 0.8154 -0.3352 -0.4720 0.6719 0.3828
frogbomb.bmp
    2 4.2646 -11.8891 -6.1491 0.9292 0.0526 -0.3658 0.7031 0.3750
    2 4.0624 -12.6108 -6.3313 0.8154 -0.3352 -0.4720 0.6719 0.3828
    2 3.8155 -11.6453 -7.0001 0.8027 -0.0312 -0.5955 0.6836 0.2812
frogbomb.bmp
    2 3.8155 -11.6453 -7.0001 0.8027 -0.0312 -0.5955 0.6836 0.2812
    2 4.0624 -12.6108 -6.3313 0.8154 -0.3352 -0.4720 0.6719 0.3828
    2 3.2259 -12.7940 -7.1326 0.4489 -0.4547 -0.7693 0.6094 0.3008
frogbomb.bmp
    7 2.0731 -9.1138 -4.0966 0.7898 0.3466 0.5061 0.7383 0.0977
    6 1.4804 -10.0348 -4.1706 0.2991 -0.3266 0.8966 0.8281 0.0117
    6 2.3758 -9.8704 -4.2249 0.7245 0.2498 0.6424 0.8281 0.1172
frogbomb.bmp
    7 2.0731 -9.1138 -4.0966 0.7898 0.3466 0.5061 0.7383 0.0977
    6 2.3758 -9.8704 -4.2249 0.7245 0.2498 0.6424 0.8281 0.1172
    7 2.0044 -9.2068 -4.3763 0.4133 0.2739 -0.8684 0.7344 0.1172
frogbomb.bmp
    7 2.0044 -9.2068 -4.3763 0.4133 0.2739 -0.8684 0.7344 0.1172
    6 2.3758 -9.8704 -4.2249 0.7245 0.2498 0.6424 0.8281 0.1172
    6 2.3226 -9.7832 -4.5070 0.5903 0.5288 -0.6098 0.8203 0.1367
frogbomb.bmp
    5 0.8659 -10.4365 -4.0574 0.6321 0.0512 0.7732 0.9688 0.7109
    5 0.8839 -10.3751 -4.1594 0.5860 0.8033 -0.1065 0.9531 0.7109
    5 -0.0988 -9.6199 -3.3450 0.3634 0.4497 0.8159 0.9688 0.6602
frogbomb.bmp
    5 0.8659 -10.4365 -4.0574 0.6321 0.0512 0.7732 0.9688 0.7109
    5 -0.0988 -9.6199 -3.3450 0.3634 0.4497 0.8159 0.9688 0.6602
    5 -0.1264 -9.7357 -3.3676 0.2745 -0.6794 0.6805 0.9805 0.6602
frogbomb.bmp
    5 -0.1264 -9.7357 -3.3676 0.2745 -0.6794 0.6805 0.9805 0.6602
    5 -0.0988 -9.6199 -3.3450 0.3634 0.4497 0.8159 0.9688 0.6602
    5 -0.5537 -9.9472 -3.2617 0.5946 -0.6961 0.4024 0.9805 0.6133
frogbomb.bmp
    2 -1.1670 -11.6773 -3.7861 -0.9613 -0.1992 0.1903 0.3320 0.4961
    2 -0.8146 -11.5512 -3.2769 -0.8809 -0.1398 0.4521 0.2930 0.5586
    2 -1.1230 -11.0092 -3.4633 -0.8884 0.1902 0.4179 0.2773 0.5000
frogbomb.bmp
    2 -1.1670 -11.6773 -3.7861 -0.9613 -0.1992 0.1903 0.3320 0.4961
    2 -1.1230 -11.0092 -3.4633 -0.8884 0.1902 0.4179 0.2773 0.5000
    2 -0.9597 -11.1503 -4.3566 -0.9946 0.0812 0.0642 0.2969 0.4180
frogbomb.bmp
    10 0.5660 -10.1682 -7.5217 -0.3410 0.2738 -0.8993 0.0117 0.0117
    10 -0.2813 -10.5163 -7.1464 -0.6263 0.1764 -0.7593 0.1250 0.0312
    11 0.4191 -8.8133 -6.6905 -0.3938 0.6033 -0.6935 0.0117 0.1133
frogbomb.bmp
    10 0.5660 -10.1682 -7.5217 -0.3410 0.2738 -0.8993 0.0117 0.0117
    11 0.4191 -8.8133 -6.6905 -0.3938 0.6033 -0.6935 0.0117 0.1133
    10 1.5378 -10.0022 -7.6659 -0.1126 0.3471 -0.9310 0.1250 0.0312
frogbomb.bmp
    15 0.6638 -10.0545 -1.8261 -0.7693 -0.1961 -0.6080 0.1289 0.6562
    15 0.8033 -9.8944 -2.0344 -0.7693 -0.1961 -0.6080 0.1094 0.6328
    2 0.9673 -10.0249 -2.2083 -0.7693 -0.1961 -0.6080 0.1289 0.6328
frogbomb.bmp
    15 0.6638 -10.0545 -1.8261 -0.7693 -0.1961 -0.6080 0.1289 0.6562
    2 0.9673 -10.0249 -2.2083 -0.7693 -0.1961 -0.6080 0.1289 0.6328
    15 0.8202 -10.1847 -1.9894 -0.7693 -0.1961 -0.6080 0.1406 0.6484
frogbomb.bmp
    15 0.3224 -10.3931 -1.8243 -0.2988 0.5998 -0.7423 0.1719 0.6602
    15 0.4631 -10.2411 -1.7635 -0.2988 0.5998 -0.7423 0.1523 0.6641
    15 0.6470 -10.3434 -1.9106 -0.2988 0.5998 -0.7423 0.1523 0.6523
frogbomb.bmp
    15 0.3224 -10.3931 -1.8243 -0.2988 0.5998 -0.7423 0.1719 0.6602
    15 0.6470 -10.3434 -1.9106 -0.2988 0.5998 -0.7423 0.1523 0.6523
    15 0.4788 -10.5233 -1.9877 -0.2988 0.5998 -0.7423 0.1641 0.6484
frogbomb.bmp
    14 0.5347 -9.8451 -2.2989 0.1345 -0.3993 0.9069 0.1289 0.6055
    14 0.1655 -10.0532 -2.3381 0.1345 -0.3993 0.9069 0.1680 0.6055
    2 0.3451 -10.2006 -2.4456 0.1345 -0.3993 0.9069 0.1602 0.6172
frogbomb.bmp
    14 0.5347 -9.8451 -2.2989 0.1345 -0.3993 0.9069 0.1289 0.6055
    2 0.3451 -10.2006 -2.4456 0.1345 -0.3993 0.9069 0.1602 0.6172
    2 0.7095 -9.9947 -2.4129 0.1345 -0.3993 0.9069 0.1406 0.6211
frogbomb.bmp
    18 0.7893 -10.3087 -1.8187 0.0341 0.2741 0.9611 0.4336 0.9727
    18 0.4959 -10.5036 -1.8503 -0.4381 0.1279 0.8898 0.4883 0.9922
    18 0.8708 -10.6680 -1.8268 0.1009 0.0085 0.9949 0.4219 0.9922
frogbomb.bmp
    18 0.7893 -10.3087 -1.8187 0.0341 0.2741 0.9611 0.4336 0.9727
    18 0.8708 -10.6680 -1.8268 0.1009 0.0085 0.9949 0.4219 0.9922
    18 1.1336 -10.3639 -1.9218 0.4979 0.3511 0.7930 0.3789 0.9453
frogbomb.bmp
    18 0.6641 -10.3167 -3.0901 -0.2070 0.5043 -0.8384 0.5195 0.7773
    18 0.3196 -10.2269 -2.8821 -0.6764 0.5118 -0.5296 0.5664 0.8203
    18 0.6033 -10.0142 -2.8983 -0.2382 0.7125 -0.6600 0.5156 0.7891
frogbomb.bmp
    18 0.6641 -10.3167 -3.0901 -0.2070 0.5043 -0.8384 0.5195 0.7773
    18 0.6033 -10.0142 -2.8983 -0.2382 0.7125 -0.6600 0.5156 0.7891
    18 0.9657 -10.0822 -2.9514 0.2596 0.7350 -0.6265 0.4570 0.7695
frogbomb.bmp
    4 1.4598 -9.8756 -4.1396 -0.1674 0.9567 0.2382 0.0117 0.4805
    4 0.9298 -8.4368 -4.5683 0.2544 0.0781 0.9639 0.0195 0.3789
    4 0.6482 -8.5937 -4.4646 0.3162 0.1505 0.9367 0.0547 0.3867
frogbomb.bmp
    4 1.4598 -9.8756 -4.1396 -0.1674 0.9567 0.2382 0.0117 0.4805
    4 0.6482 -8.5937 -4.4646 0.3162 0.1505 0.9367 0.0547 0.3867
    4 0.3727 -8.9028 -4.2639 0.2858 0.2921 0.9127 0.0938 0.4102
frogbomb.bmp
    9 2.4552 -8.7059 -6.0207 0.5832 0.7968 -0.1581 0.1875 0.2891
    9 1.4048 -8.5462 -6.8629 0.0200 0.7550 -0.6554 0.1211 0.1328
    9 1.4036 -8.0942 -5.9281 0.2301 0.9394 -0.2540 0.0938 0.2266
frogbomb.bmp
    9 2.4552 -8.7059 -6.0207 0.5832 0.7968 -0.1581 0.1875 0.2891
    9 1.4036 -8.0942 -5.9281 0.2301 0.9394 -0.2540 0.0938 0.2266
    9 1.5335 -8.1635 -5.2122 0.2913 0.9372 -0.1920 0.0898 0.2969
frogbomb.bmp
    4 1.5297 -8.0947 -4.6576 0.2016 0.7526 0.6269 0.0781 0.3672
    4 1.4599 -8.0963 -5.0155 0.1891 0.9788 -0.0782 0.0859 0.3320
    4 0.8668 -8.1501 -4.5053 0.0270 0.6630 0.7482 0.0117 0.3594
frogbomb.bmp
    4 1.5297 -8.0947 -4.6576 0.2016 0.7526 0.6269 0.0781 0.3672
    4 0.8668 -8.1501 -4.5053 0.0270 0.6630 0.7482 0.0117 0.3594
    4 1.2603 -8.4205 -4.6402 0.1611 0.1067 0.9812 0.0547 0.3867
frogbomb.bmp
    2 3.8242 -9.9571 -5.3003 0.7455 0.5204 -0.4163 0.2969 0.4180
    5 3.5373 -9.0189 -4.7344 0.6265 0.7500 -0.2120 0.2422 0.4570
    2 4.2137 -9.6781 -4.5160 0.8328 0.5385 0.1282 0.2773 0.5000
frogbomb.bmp
    2 3.8242 -9.9571 -5.3003 0.7455 0.5204 -0.4163 0.2969 0.4180
    2 4.2137 -9.6781 -4.5160 0.8328 0.5385 0.1282 0.2773 0.5000
    2 4.4365 -10.2797 -4.8915 0.9431 0.2758 -0.1854 0.3320 0.4961
frogbomb.bmp
    20 2.6386 -9.4266 -2.4309 0.8091 -0.2664 -0.5239 0.1094 0.6328
    2 2.5111 -9.6399 -2.5128 0.8091 -0.2664 -0.5239 0.1289 0.6328
    2 2.4323 -9.6062 -2.6569 0.8091 -0.2664 -0.5239 0.1250 0.6250
frogbomb.bmp
    20 2.6386 -9.4266 -2.4309 0.8091 -0.2664 -0.5239 0.1094 0.6328
    2 2.4323 -9.6062 -2.6569 0.8091 -0.2664 -0.5239 0.1250 0.6250
    2 2.5495 -9.3880 -2.5847 0.8091 -0.2664 -0.5239 0.1055 0.6172
frogbomb.bmp
    20 2.8990 -9.4532 -2.3041 0.4562 0.0451 -0.8887 0.1289 0.6562
    20 2.7790 -9.6725 -2.3788 0.4562 0.0451 -0.8887 0.1406 0.6484
    2 2.5111 -9.6399 -2.5128 0.4562 0.0451 -0.8887 0.1289 0.6328
frogbomb.bmp
    20 2.8990 -9.4532 -2.3041 0.4562 0.0451 -0.8887 0.1289 0.6562
    2 2.5111 -9.6399 -2.5128 0.4562 0.0451 -0.8887 0.1289 0.6328
    20 2.6386 -9.4266 -2.4309 0.4562 0.0451 -0.8887 0.1094 0.6328
frogbomb.bmp
    20 3.3414 -9.5979 -2.4599 -0.3528 0.4597 -0.8150 0.1719 0.6602
    20 3.2214 -9.8172 -2.5346 -0.3528 0.4597 -0.8150 0.1641 0.6484
    20 3.0317 -9.7185 -2.3901 -0.3528 0.4597 -0.8150 0.1523 0.6523
frogbomb.bmp
    20 3.3414 -9.5979 -2.4599 -0.3528 0.4597 -0.8150 0.1719 0.6602
    20 3.0317 -9.7185 -2.3901 -0.3528 0.4597 -0.8150 0.1523 0.6523
    20 3.1805 -9.5148 -2.3423 -0.3528 0.4597 -0.8150 0.1523 0.6641
frogbomb.bmp
    2 3.4485 -9.6640 -2.8978 -0.8391 0.5431 0.0300 0.1875 0.6289
    2 3.2932 -9.8918 -2.9626 -0.8391 0.5431 0.0300 0.1719 0.6289
    2 3.3010 -9.9052 -2.7271 -0.8391 0.5431 0.0300 0.1680 0.6445
frogbomb.bmp
    2 3.4485 -9.6640 -2.8978 -0.8391 0.5431 0.0300 0.1875 0.6289
    2 3.3010 -9.9052 -2.7271 -0.8391 0.5431 0.0300 0.1680 0.6445
    20 3.4407 -9.6786 -2.6446 -0.8489 0.5286 0.0014 0.1836 0.6484
frogbomb.bmp
    13 2.7634 -9.2920 -2.7085 0.3513 -0.4592 0.8160 0.1289 0.6055
    2 2.6345 -9.5146 -2.7926 0.3513 -0.4592 0.8160 0.1406 0.6211
    2 3.0135 -9.5350 -2.9720 0.3513 -0.4592 0.8160 0.1602 0.6172
frogbomb.bmp
    13 2.7634 -9.2920 -2.7085 0.3513 -0.4592 0.8160 0.1289 0.6055
    2 3.0135 -9.5350 -2.9720 0.3513 -0.4592 0.8160 0.1602 0.6172
    13 3.1495 -9.3111 -2.8863 0.3513 -0.4592 0.8160 0.1680 0.6055
frogbomb.bmp
    2 2.5495 -9.3880 -2.5847 0.6284 -0.5287 0.5705 0.1055 0.6172
    2 2.4323 -9.6062 -2.6569 0.6284 -0.5287 0.5705 0.1250 0.6250
    2 2.6345 -9.5146 -2.7926 0.6284 -0.5287 0.5705 0.1406 0.6211
frogbomb.bmp
    2 2.5495 -9.3880 -2.5847 0.6284 -0.5287 0.5705 0.1055 0.6172
    2 2.6345 -9.5146 -2.7926 0.6284 -0.5287 0.5705 0.1406 0.6211
    13 2.7634 -9.2920 -2.7085 0.6284 -0.5287 0.5705 0.1289 0.6055
frogbomb.bmp
    17 2.8849 -10.2379 -2.2416 0.1441 -0.1313 0.9808 0.4219 0.9922
    17 3.2565 -10.1126 -2.3450 0.6512 -0.0368 0.7580 0.4883 0.9922
    17 3.0091 -9.8973 -2.2148 0.2286 0.1308 0.9647 0.4336 0.9727
frogbomb.bmp
    17 2.8849 -10.2379 -2.2416 0.1441 -0.1313 0.9808 0.4219 0.9922
    17 3.0091 -9.8973 -2.2148 0.2286 0.1308 0.9647 0.4336 0.9727
    17 2.6403 -9.9042 -2.2273 -0.2512 0.2650 0.9310 0.3789 0.9453
frogbomb.bmp
    17 2.9427 -9.4581 -3.2541 0.1461 0.7832 -0.6044 0.5156 0.7891
    17 3.2040 -9.6951 -3.3414 0.5789 0.5344 -0.6159 0.5664 0.8203
    17 2.8115 -9.7272 -3.4640 0.0507 0.6064 -0.7936 0.5195 0.7773
frogbomb.bmp
    17 2.9427 -9.4581 -3.2541 0.1461 0.7832 -0.6044 0.5156 0.7891
    17 2.8115 -9.7272 -3.4640 0.0507 0.6064 -0.7936 0.5195 0.7773
    17 2.5878 -9.4867 -3.2237 -0.3234 0.8362 -0.4429 0.4570 0.7695
frogbomb.bmp
    12 -0.8165 -12.3785 -2.2492 0.4579 0.0470 -0.8877 0.9297 0.2383
    2 -1.4129 -11.8744 -2.6754 0.6940 0.6388 0.3321 0.9180 0.3359
    12 -0.8325 -12.2884 -2.1648 0.3191 0.9475 0.0195 0.9180 0.2383
frogbomb.bmp
    12 -0.8165 -12.3785 -2.2492 0.4579 0.0470 -0.8877 0.9297 0.2383
    12 -0.8325 -12.2884 -2.1648 0.3191 0.9475 0.0195 0.9180 0.2383
    12 -0.2032 -12.3347 -1.9720 -0.1599 0.9860 -0.0471 0.9180 0.1367
frogbomb.bmp
    2 -0.8570 -13.0263 -3.8674 0.1918 0.4350 -0.8797 0.8516 0.1172
    2 -1.4945 -12.4696 -3.7886 0.6786 0.5078 0.5307 0.8398 0.2148
    2 -0.8662 -12.9787 -3.7472 0.2776 0.9223 0.2688 0.8398 0.1172
frogbomb.bmp
    2 -0.8570 -13.0263 -3.8674 0.1918 0.4350 -0.8797 0.8516 0.1172
    2 -0.8662 -12.9787 -3.7472 0.2776 0.9223 0.2688 0.8398 0.1172
    2 -0.2958 -12.9720 -3.6133 -0.0857 0.9447 0.3165 0.8398 0.0156
frogbomb.bmp
    2 -1.7134 -11.7991 -3.9974 0.6465 0.0007 -0.7629 0.8516 0.3125
    4 -1.4820 -10.9181 -3.8474 0.8799 -0.4089 0.2420 0.8398 0.4180
    2 -1.6863 -11.8075 -3.8706 0.8755 0.0174 0.4828 0.8398 0.3125
frogbomb.bmp
    2 -1.7134 -11.7991 -3.9974 0.6465 0.0007 -0.7629 0.8516 0.3125
    2 -1.6863 -11.8075 -3.8706 0.8755 0.0174 0.4828 0.8398 0.3125
    2 -1.4945 -12.4696 -3.7886 0.6786 0.5078 0.5307 0.8398 0.2148
frogbomb.bmp
    4 0.7671 -8.1149 -4.8179 -0.1505 0.9140 0.3769 0.0117 0.3281
    11 0.6190 -7.9257 -5.1426 -0.1345 0.9684 0.2101 0.0117 0.2852
    4 0.1613 -8.4637 -4.6431 -0.5051 0.7695 0.3908 0.0859 0.3320
frogbomb.bmp
    2 -0.5028 -10.4502 -2.8571 -0.7851 0.3234 0.5283 0.2305 0.5508
    2 -0.1361 -9.8145 -2.7482 -0.5477 0.2094 0.8101 0.1836 0.5430
    2 -0.7216 -10.4579 -3.3382 -0.8031 0.2180 0.5546 0.2578 0.5000
frogbomb.bmp
    12 0.8245 -11.9923 -1.7776 -0.2687 -0.3642 0.8917 0.1914 0.8086
    12 0.5029 -13.1261 -2.5262 -0.4008 -0.5652 0.7210 0.2734 0.8633
    2 1.1917 -13.2329 -2.3604 -0.1903 -0.6020 0.7755 0.1719 0.9492
frogbomb.bmp
    4 -1.2451 -11.9139 -5.5449 -0.9764 -0.2147 -0.0222 0.7188 0.1992
    2 -0.7969 -12.7957 -6.0903 -0.8550 -0.4319 -0.2870 0.6836 0.2812
    2 -0.9402 -12.1987 -4.8918 -0.9588 -0.2616 0.1107 0.7656 0.3438
frogbomb.bmp
    2 -0.8146 -11.5512 -3.2769 -0.8809 -0.1398 0.4521 0.2930 0.5586
    2 -0.5626 -11.8023 -2.9021 -0.8479 -0.2974 0.4388 0.3047 0.6211
    2 -0.7274 -11.2564 -2.5152 -0.9042 0.0585 0.4231 0.2695 0.6133
frogbomb.bmp
    2 -0.5569 -12.9267 -3.7626 -0.8761 -0.4553 0.1587 0.4297 0.5898
    2 -0.7889 -12.3257 -3.2212 -0.9119 -0.2008 0.3580 0.3711 0.6055
    2 -0.7304 -12.6501 -4.0799 -0.9288 -0.3448 0.1356 0.4180 0.5312
frogbomb.bmp
    2 -0.7216 -10.4579 -3.3382 -0.8031 0.2180 0.5546 0.2578 0.5000
    5 -0.4697 -9.7195 -2.9698 -0.8279 0.4704 0.3053 0.2188 0.4961
    5 -0.7480 -10.2313 -3.5052 -0.8852 0.4231 0.1935 0.2422 0.4570
frogbomb.bmp
    14 0.0620 -10.4341 -2.3101 -0.7903 0.3311 0.5155 0.1836 0.6211
    14 -0.1812 -10.6546 -2.5382 -0.6560 0.4576 0.6002 0.2109 0.5977
    2 0.0750 -10.5054 -2.2324 -0.7408 0.4958 0.4533 0.1875 0.6289
frogbomb.bmp
    2 0.7960 -9.8253 -2.2388 -0.7206 -0.6658 -0.1934 0.1055 0.6172
    2 0.9647 -9.9723 -2.3674 -0.7206 -0.6658 -0.1934 0.1250 0.6250
    15 0.8033 -9.8944 -2.0344 -0.7206 -0.6658 -0.1934 0.1094 0.6328
frogbomb.bmp
    2 0.9673 -10.0249 -2.2083 -0.7448 -0.6317 -0.2149 0.1289 0.6328
    15 0.8033 -9.8944 -2.0344 -0.7448 -0.6317 -0.2149 0.1094 0.6328
    2 0.9647 -9.9723 -2.3674 -0.7448 -0.6317 -0.2149 0.1250 0.6250
frogbomb.bmp
    15 0.6638 -10.0545 -1.8261 -0.5376 0.3164 -0.7816 0.1289 0.6562
    15 0.8202 -10.1847 -1.9894 -0.5376 0.3164 -0.7816 0.1406 0.6484
    15 0.4631 -10.2411 -1.7635 -0.5376 0.3164 -0.7816 0.1523 0.6641
frogbomb.bmp
    15 0.6470 -10.3434 -1.9106 -0.5391 0.2169 -0.8138 0.1523 0.6523
    15 0.4631 -10.2411 -1.7635 -0.5391 0.2169 -0.8138 0.1523 0.6641
    15 0.8202 -10.1847 -1.9894 -0.5391 0.2169 -0.8138 0.1406 0.6484
frogbomb.bmp
    15 0.3224 -10.3931 -1.8243 0.0142 0.7825 -0.6225 0.1719 0.6602
    15 0.4788 -10.5233 -1.9877 0.0142 0.7825 -0.6225 0.1641 0.6484
    15 0.1979 -10.5122 -1.9685 0.0142 0.7825 -0.6225 0.1836 0.6484
frogbomb.bmp
    2 0.3659 -10.6373 -2.1481 0.0162 0.8155 -0.5786 0.1680 0.6445
    15 0.1979 -10.5122 -1.9685 0.0162 0.8155 -0.5786 0.1836 0.6484
    15 0.4788 -10.5233 -1.9877 0.0162 0.8155 -0.5786 0.1641 0.6484
frogbomb.bmp
    15 0.1979 -10.5122 -1.9685 0.4428 0.8785 -0.1792 0.1836 0.6484
    2 0.3659 -10.6373 -2.1481 0.4428 0.8785 -0.1792 0.1680 0.6445
    2 0.0750 -10.5054 -2.2324 0.4428 0.8785 -0.1792 0.1875 0.6289
frogbomb.bmp
    2 0.2818 -10.6429 -2.3685 0.4497 0.8646 -0.2242 0.1719 0.6289
    2 0.0750 -10.5054 -2.2324 0.4497 0.8646 -0.2242 0.1875 0.6289
    2 0.3659 -10.6373 -2.1481 0.4497 0.8646 -0.2242 0.1680 0.6445
frogbomb.bmp
    2 0.0750 -10.5054 -2.2324 0.6885 0.6088 0.3941 0.1875 0.6289
    2 0.2818 -10.6429 -2.3685 0.6885 0.6088 0.3941 0.1719 0.6289
    14 0.0620 -10.4341 -2.3101 0.6885 0.6088 0.3941 0.1836 0.6211
frogbomb.bmp
    2 0.2750 -10.5774 -2.4266 0.6555 0.5431 0.5248 0.1719 0.6250
    14 0.0620 -10.4341 -2.3101 0.6555 0.5431 0.5248 0.1836 0.6211
    2 0.2818 -10.6429 -2.3685 0.6555 0.5431 0.5248 0.1719 0.6289
frogbomb.bmp
    14 0.0620 -10.4341 -2.3101 0.4603 -0.0363 0.8870 0.1836 0.6211
    2 0.2750 -10.5774 -2.4266 0.4603 -0.0363 0.8870 0.1719 0.6250
    14 0.1655 -10.0532 -2.3381 0.4603 -0.0363 0.8870 0.1680 0.6055
frogbomb.bmp
    2 0.3451 -10.2006 -2.4456 0.4080 -0.0514 0.9115 0.1602 0.6172
    14 0.1655 -10.0532 -2.3381 0.4080 -0.0514 0.9115 0.1680 0.6055
    2 0.2750 -10.5774 -2.4266 0.4080 -0.0514 0.9115 0.1719 0.6250
frogbomb.bmp
    14 0.5347 -9.8451 -2.2989 -0.1651 -0.6697 0.7240 0.1289 0.6055
    2 0.7095 -9.9947 -2.4129 -0.1651 -0.6697 0.7240 0.1406 0.6211
    2 0.7960 -9.8253 -2.2388 -0.1651 -0.6697 0.7240 0.1055 0.6172
frogbomb.bmp
    2 0.9647 -9.9723 -2.3674 -0.0691 -0.7027 0.7081 0.1250 0.6250
    2 0.7960 -9.8253 -2.2388 -0.0691 -0.7027 0.7081 0.1055 0.6172
    2 0.7095 -9.9947 -2.4129 -0.0691 -0.7027 0.7081 0.1406 0.6211
frogbomb.bmp
    15 0.8033 -9.8944 -2.0344 -0.2323 0.8936 0.3842 0.1094 0.6328
    15 0.6638 -10.0545 -1.8261 -0.2661 0.6611 0.7015 0.1289 0.6562
    15 0.8884 -9.9340 -1.8956 -0.7036 0.6879 0.1780 0.1055 0.6562
frogbomb.bmp
    19 1.7038 -9.4546 -2.0716 -0.1282 0.8783 0.4606 0.0117 0.6406
    19 1.8766 -9.8147 -1.6511 0.0453 0.5016 0.8639 0.0117 0.7031
    19 2.2919 -9.2802 -1.9019 0.0143 0.8906 0.4545 0.0703 0.6680
frogbomb.bmp
    20 3.0317 -9.7185 -2.3901 -0.0092 0.2425 -0.9701 0.1523 0.6523
    20 2.7790 -9.6725 -2.3788 -0.0092 0.2425 -0.9701 0.1406 0.6484
    20 3.1805 -9.5148 -2.3423 -0.0092 0.2425 -0.9701 0.1523 0.6641
frogbomb.bmp
    20 2.8990 -9.4532 -2.3041 -0.0474 0.3355 -0.9409 0.1289 0.6562
    20 3.1805 -9.5148 -2.3423 -0.0474 0.3355 -0.9409 0.1523 0.6641
    20 2.7790 -9.6725 -2.3788 -0.0474 0.3355 -0.9409 0.1406 0.6484
frogbomb.bmp
    2 3.3010 -9.9052 -2.7271 -0.6452 0.5597 -0.5200 0.1680 0.6445
    20 3.2214 -9.8172 -2.5346 -0.6452 0.5597 -0.5200 0.1641 0.6484
    20 3.4407 -9.6786 -2.6446 -0.6452 0.5597 -0.5200 0.1836 0.6484
frogbomb.bmp
    20 3.3414 -9.5979 -2.4599 -0.6444 0.5308 -0.5504 0.1719 0.6602
    20 3.4407 -9.6786 -2.6446 -0.6444 0.5308 -0.5504 0.1836 0.6484
    20 3.2214 -9.8172 -2.5346 -0.6444 0.5308 -0.5504 0.1641 0.6484
frogbomb.bmp
    2 3.2483 -9.8358 -3.0131 -0.6164 0.2030 0.7608 0.1719 0.6250
    2 3.2932 -9.8918 -2.9626 -0.6164 0.2030 0.7608 0.1719 0.6289
    13 3.4082 -9.6042 -2.9478 -0.6164 0.2030 0.7608 0.1836 0.6211
frogbomb.bmp
    2 3.4485 -9.6640 -2.8978 -0.6534 0.2180 0.7250 0.1875 0.6289
    13 3.4082 -9.6042 -2.9478 -0.6534 0.2180 0.7250 0.1836 0.6211
    2 3.2932 -9.8918 -2.9626 -0.6534 0.2180 0.7250 0.1719 0.6289
frogbomb.bmp
    2 3.0135 -9.5350 -2.9720 -0.1011 -0.2368 0.9663 0.1602 0.6172
    2 3.2483 -9.8358 -3.0131 -0.1011 -0.2368 0.9663 0.1719 0.6250
    13 3.1495 -9.3111 -2.8863 -0.1011 -0.2368 0.9663 0.1680 0.6055
frogbomb.bmp
    13 3.4082 -9.6042 -2.9478 -0.0662 -0.2312 0.9707 0.1836 0.6211
    13 3.1495 -9.3111 -2.8863 -0.0662 -0.2312 0.9707 0.1680 0.6055
    2 3.2483 -9.8358 -3.0131 -0.0662 -0.2312 0.9707 0.1719 0.6250
frogbomb.bmp
    4 1.8269 -8.4371 -4.7487 0.3315 0.9359 -0.1194 0.7539 0.7109
    4 0.9023 -8.3654 -4.5937 -0.2641 0.9640 0.0301 0.8984 0.6758
    4 2.0102 -8.4139 -4.0867 0.3610 0.9230 -0.1329 0.7539 0.8242
frogbomb.bmp
    2 1.9616 -8.4453 -3.9475 0.4351 0.8640 0.2533 0.8594 0.8164
    2 1.1283 -8.3971 -3.6423 -0.1624 0.9243 0.3453 0.9883 0.8125
    2 2.0862 -8.7236 -3.2422 0.3996 0.8832 0.2457 0.8672 0.9531
frogbomb.bmp
    4 0.2987 -10.3620 -3.5183 -0.9219 -0.2832 0.2646 0.6094 0.9180
    4 0.0980 -9.7242 -3.5512 -0.9633 0.0117 0.2680 0.6719 0.8633
    4 0.2336 -10.3566 -3.7397 -0.9219 -0.2832 0.2646 0.6094 0.8789
frogbomb.bmp
    2 0.1363 -10.4010 -3.5983 -0.9612 -0.1736 0.2144 0.7031 0.9219
    2 0.1018 -9.8065 -3.2873 -0.9275 0.1459 0.3442 0.7695 0.9336
    2 0.0762 -10.3275 -3.8100 -0.9612 -0.1736 0.2144 0.7031 0.8828
frogbomb.bmp
    12 -0.2265 -12.3928 -1.8635 -0.1230 0.3211 0.9390 0.9688 0.1367
    12 -0.2262 -12.5263 -1.8915 -0.0239 -0.7101 0.7037 0.9531 0.1367
    12 0.8269 -12.0580 -1.9605 0.0086 0.1733 0.9848 0.9688 0.0117
frogbomb.bmp
    12 0.6131 -11.9904 -2.0745 -0.3159 0.8695 0.3796 0.9180 0.0117
    12 0.5382 -12.1645 -2.2382 -0.2954 0.2975 -0.9079 0.9297 0.0117
    12 -0.2032 -12.3347 -1.9720 -0.1599 0.9860 -0.0471 0.9180 0.1367
frogbomb.bmp
    12 0.6095 -12.3954 -2.1510 0.1362 -0.9572 -0.2554 0.9414 0.0117
    12 0.8183 -12.3000 -2.0071 0.1801 -0.4571 0.8710 0.9531 0.0117
    12 -0.2133 -12.5541 -2.0584 0.1099 -0.8569 -0.5036 0.9414 0.1367
frogbomb.bmp
    2 -1.4129 -11.8744 -2.6754 0.6940 0.6388 0.3321 0.9805 0.3359
    2 -1.5214 -11.8985 -2.6175 -0.4351 0.3439 0.8321 0.9688 0.3359
    12 -0.8325 -12.2884 -2.1648 0.3191 0.9475 0.0195 0.9805 0.2383
frogbomb.bmp
    5 0.7519 -10.5086 -4.0749 -0.2588 -0.7971 0.5456 0.9805 0.7109
    5 0.8659 -10.4365 -4.0574 0.6321 0.0512 0.7732 0.9688 0.7109
    5 -0.1264 -9.7357 -3.3676 0.2745 -0.6794 0.6805 0.9805 0.6602
frogbomb.bmp
    2 -0.2905 -13.1140 -3.5001 -0.2780 0.0188 0.9604 0.8906 0.0156
    2 -0.9233 -13.0652 -3.6674 -0.1987 -0.0208 0.9798 0.8906 0.1172
    2 -0.2823 -13.2729 -3.6063 -0.2212 -0.8899 0.3990 0.8789 0.0156
frogbomb.bmp
    4 -0.6714 -10.1825 -4.0544 0.5091 -0.7943 0.3316 0.9023 0.5703
    4 -0.6382 -10.0149 -3.9616 -0.0818 0.2160 0.9730 0.8906 0.5703
    4 -1.0188 -10.3957 -4.0100 0.6568 -0.7442 0.1213 0.9023 0.4922
end
