version 1
nodes
  0 "Bone01" -1
  1 "Bone_Lefthand" 0
  2 "Bone_Root" 1
  3 "Bone_Head_Top" 2
  4 "Bone_Mouth00" 2
  5 "Bone_Mouth01" 4
  6 "Bone_Toung" 4
  7 "Bone_Toung01" 6
  8 "Bone_Bol_L" 4
  9 "Bone_Bol_R" 4
  10 "Bone_Bol_Bottom" 4
  11 "Bone_Bol_M" 4
  12 "Bone_Head_L" 2
  13 "Bone_EyeCover_R_B" 2
  14 "Bone_EyeCover_L_B" 2
  15 "Bone_EyeCover_L_Top00" 2
  16 "Bone_EyeCover_L_Top01" 15
  17 "Bone_EyeL" 2
  18 "Bone_EyeR" 2
  19 "Bone_MiGan" 2
  20 "Bone_EyeCover_R_Top00" 2
  21 "Bone_EyeCover_R_Top01" 20
  22 "Bone04" -1
  23 "Bone_Righthand" 22
  24 "Bone_Se_Hand-R" 23
  25 "Bone43" 23
  26 "Bone44" 25
  27 "Bone45" 26
  28 "Bone39" 23
  29 "Bone40" 28
  30 "Bone41" 29
  31 "Bone35" 23
  32 "Bone36" 31
  33 "Bone37" 32
  34 "Bone31" 23
  35 "Bone32" 34
  36 "Bone33" 35
  37 "Bone27" 23
  38 "Bone28" 37
  39 "Bone29" 38
  40 "Bone_Se_Hand-L" 1
  41 "Bone09" 1
  42 "Bone10" 41
  43 "Bone11" 42
  44 "Bone13" 1
  45 "Bone14" 44
  46 "Bone15" 45
  47 "Bone17" 1
  48 "Bone18" 47
  49 "Bone19" 48
  50 "Bone21" 1
  51 "Bone22" 50
  52 "Bone23" 51
  53 "Bone05" 1
  54 "Bone06" 53
  55 "Bone07" 54
end
skeleton
  time 0
    0 6.588923 -1.679034 -7.896679 0.938021 -2.029654 -1.071638
    1 -0.071920 -8.498732 -0.104134 -0.177538 0.288091 0.095931
    2 -0.480402 -2.843485 2.688040 0.673012 -2.243426 1.543597
    3 -0.088869 0.170559 2.606216 -0.393785 1.196515 1.798619
    4 -0.011142 0.781255 -0.800262 1.900872 -0.084824 -0.012746
    5 0.000000 0.718097 -0.000002 -0.067308 0.000000 0.000000
    6 -0.000001 0.897711 1.580295 -0.150667 -0.044153 -0.157780
    7 -0.000000 -0.000000 0.811541 0.569018 -0.134605 0.274998
    8 2.156043 -1.398221 2.021274 -0.482214 0.223274 0.729826
    9 -2.130264 -1.398221 2.021276 2.513451 -0.480505 -0.777436
    10 0.078373 -2.106275 0.868908 -0.176167 0.008544 0.018050
    11 0.072788 -0.729863 3.122958 -1.000949 0.008544 0.018050
    12 1.775118 -0.139594 1.671897 0.513126 0.811034 3.113585
    13 -1.241366 -1.806391 1.056407 1.256939 -0.061300 2.555561
    14 1.239846 -1.806390 1.056407 1.163316 3.080293 0.586032
    15 1.218724 -1.798575 1.272704 -1.340342 0.061300 -2.555561
    16 0.004859 -0.122106 -0.000735 0.073338 0.041702 0.036316
    17 -1.061022 -1.480885 1.175125 -0.000000 0.000000 -0.698132
    18 1.061021 -1.480883 1.175125 -0.223871 0.333597 -1.189563
    19 -0.001760 -2.447698 1.417189 0.231764 -0.000000 3.141592
    20 -1.220244 -1.798577 1.272703 -1.487043 -3.080293 -0.586032
    21 -0.004860 0.122106 0.000735 0.010737 0.041702 0.036316
    22 -8.297180 -3.196684 -7.507103 0.513487 2.896541 0.714597
    23 0.096951 -8.450422 -0.009364 0.350146 -0.363690 0.067657
    24 -0.139400 -0.111699 0.014398 0.214206 0.247309 1.662257
    25 1.164474 -2.543937 -0.170327 -0.694129 0.028326 0.405625
    26 0.024034 -1.129039 0.017807 -0.915708 0.000000 -0.000001
    27 0.014896 -0.883992 -0.019847 -1.123223 0.000000 -0.000000
    28 0.447949 -2.798981 -0.200442 -0.829150 0.046066 0.361427
    29 -0.032909 -1.480206 0.004935 -0.953035 0.000000 0.000000
    30 -0.027023 -1.076921 -0.020212 -0.936361 0.000000 -0.000000
    31 -0.249535 -2.846962 -0.174215 -0.591324 0.073408 0.096039
    32 0.043235 -1.683941 0.096015 -0.877808 0.000001 0.000000
    33 0.031729 -1.160831 0.058834 -0.978572 -0.000000 -0.000000
    34 -0.963867 -2.785142 -0.085346 -0.385590 0.152057 -0.217191
    35 0.028477 -1.403065 0.006271 -0.552763 0.000001 0.000000
    36 0.021414 -0.957780 0.020046 -0.589232 0.000000 0.000000
    37 -0.591283 -1.257737 0.232709 -0.863459 -0.554358 -2.761807
    38 1.522835 0.058679 0.016852 0.001411 -0.604173 -0.046880
    39 1.117948 0.048424 -0.005766 -0.000243 -0.804729 0.065422
    40 0.120152 -0.050266 -0.054488 0.287569 3.110905 1.561085
    41 -1.180679 -2.507216 -0.193860 -1.079389 0.013294 -0.477916
    42 -0.024968 -1.123935 0.017595 -0.753579 0.000000 0.000000
    43 -0.020059 -0.890964 0.010094 -0.750680 -0.000000 -0.000000
    44 -0.488518 -2.755600 -0.228259 -0.828623 -0.012955 -0.306739
    45 0.039887 -1.479790 0.029853 -0.790906 0.000000 0.000000
    46 0.028784 -1.075732 -0.023109 -0.687783 -0.000000 -0.000000
    47 0.250027 -2.820664 -0.238394 -0.565649 -0.058472 -0.078775
    48 -0.049760 -1.680543 0.100480 -0.715679 0.000000 -0.000000
    49 -0.034142 -1.148310 0.084779 -0.729995 0.000000 0.000000
    50 0.957767 -2.746777 -0.090299 -0.627380 -0.162276 0.191555
    51 -0.033420 -1.397126 -0.011255 -0.546397 0.000000 0.000001
    52 -0.022361 -0.957433 0.018785 -0.686032 0.000000 0.000000
    53 0.583509 -1.197273 0.185380 0.580101 -0.604309 -0.605981
    54 1.535925 0.010248 0.005008 -0.002964 -0.675329 0.000890
    55 1.100770 0.004527 -0.010675 -0.002796 -0.468450 0.003459
end
triangles
witch hand.bmp
    40 5.3891 -10.0012 -5.2611 0.7395 -0.2334 -0.6313 0.4375 0.1934
    40 5.0154 -9.9657 -5.5307 0.2279 -0.1305 -0.9649 0.4844 0.1914
    0 5.1263 -9.3650 -5.6226 0.0852 -0.1839 -0.9792 0.4902 0.2695
witch hand.bmp
    40 5.3891 -10.0012 -5.2611 0.7395 -0.2334 -0.6313 0.4375 0.1934
    0 5.1263 -9.3650 -5.6226 0.0852 -0.1839 -0.9792 0.4902 0.2695
    0 5.4396 -9.4040 -5.4870 0.6066 -0.3320 -0.7224 0.4414 0.2695
witch hand.bmp
    0 5.4396 -9.4040 -5.4870 0.6066 -0.3320 -0.7224 0.4414 0.2695
    0 5.1263 -9.3650 -5.6226 0.0852 -0.1839 -0.9792 0.4902 0.2695
    0 5.7705 -7.9994 -6.0849 0.4919 -0.4746 -0.7299 0.4492 0.4492
witch hand.bmp
    0 5.4396 -9.4040 -5.4870 0.6066 -0.3320 -0.7224 0.4414 0.2695
    0 5.7705 -7.9994 -6.0849 0.4919 -0.4746 -0.7299 0.4492 0.4492
    0 6.1301 -7.9178 -5.7007 0.8473 -0.4139 -0.3329 0.3984 0.4453
witch hand.bmp
    0 6.1301 -7.9178 -5.7007 0.8473 -0.4139 -0.3329 0.3984 0.4453
    0 5.7705 -7.9994 -6.0849 0.4919 -0.4746 -0.7299 0.4492 0.4492
    0 6.7789 -6.1124 -6.5423 0.8473 -0.4139 -0.3329 0.4141 0.6641
witch hand.bmp
    0 6.1301 -7.9178 -5.7007 0.8473 -0.4139 -0.3329 0.3984 0.4453
    0 6.7789 -6.1124 -6.5423 0.8473 -0.4139 -0.3329 0.4141 0.6641
    0 6.2528 -7.7385 -5.1806 0.9498 -0.2135 0.2287 0.3496 0.4473
witch hand.bmp
    0 6.2528 -7.7385 -5.1806 0.9498 -0.2135 0.2287 0.3496 0.4473
    0 6.7789 -6.1124 -6.5423 0.8473 -0.4139 -0.3329 0.4141 0.6641
    0 6.8831 -5.8778 -5.8609 0.9498 -0.2135 0.2287 0.3633 0.6621
witch hand.bmp
    0 6.2528 -7.7385 -5.1806 0.9498 -0.2135 0.2287 0.3496 0.4473
    0 6.8831 -5.8778 -5.8609 0.9498 -0.2135 0.2287 0.3633 0.6621
    0 6.6173 -5.6666 -5.2792 0.6946 0.0069 0.7194 0.3027 0.6582
witch hand.bmp
    0 6.6173 -5.6666 -5.2792 0.6946 0.0069 0.7194 0.3027 0.6582
    0 6.8831 -5.8778 -5.8609 0.9498 -0.2135 0.2287 0.3633 0.6621
    0 7.0169 -4.3835 -5.7078 0.7316 0.0381 0.6806 0.3164 0.7871
witch hand.bmp
    0 6.6173 -5.6666 -5.2792 0.6946 0.0069 0.7194 0.3027 0.6582
    0 7.0169 -4.3835 -5.7078 0.7316 0.0381 0.6806 0.3164 0.7871
    0 6.4057 -4.1678 -5.4217 0.0975 0.2762 0.9562 0.2637 0.7852
witch hand.bmp
    0 6.4057 -4.1678 -5.4217 0.0975 0.2762 0.9562 0.2637 0.7852
    0 7.0169 -4.3835 -5.7078 0.7316 0.0381 0.6806 0.3164 0.7871
    0 7.0617 -1.2727 -6.4553 0.2111 0.2759 0.9377 0.2832 0.9863
witch hand.bmp
    0 6.4057 -4.1678 -5.4217 0.0975 0.2762 0.9562 0.2637 0.7852
    0 7.0617 -1.2727 -6.4553 0.2111 0.2759 0.9377 0.2832 0.9863
    0 5.6559 -4.0088 -5.7126 -0.5574 0.3360 0.7592 0.2031 0.7891
witch hand.bmp
    0 5.6559 -4.0088 -5.7126 -0.5574 0.3360 0.7592 0.2031 0.7891
    0 7.0617 -1.2727 -6.4553 0.2111 0.2759 0.9377 0.2832 0.9863
    0 6.2784 -1.1466 -6.5949 -0.4027 0.3324 0.8529 0.2227 0.9805
witch hand.bmp
    0 5.6559 -4.0088 -5.7126 -0.5574 0.3360 0.7592 0.2031 0.7891
    0 6.2784 -1.1466 -6.5949 -0.4027 0.3324 0.8529 0.2227 0.9805
    0 5.3520 -4.0633 -6.1400 -0.8425 0.2591 0.4723 0.1621 0.7930
witch hand.bmp
    0 5.3520 -4.0633 -6.1400 -0.8425 0.2591 0.4723 0.1621 0.7930
    0 6.2784 -1.1466 -6.5949 -0.4027 0.3324 0.8529 0.2227 0.9805
    0 5.5446 -1.2493 -7.2147 -0.8913 0.2483 0.3794 0.1719 0.9824
witch hand.bmp
    0 5.3520 -4.0633 -6.1400 -0.8425 0.2591 0.4723 0.1621 0.7930
    0 5.5446 -1.2493 -7.2147 -0.8913 0.2483 0.3794 0.1719 0.9824
    0 5.2249 -4.1009 -6.4103 -0.9314 0.1868 0.3125 0.1426 0.7988
witch hand.bmp
    0 5.2249 -4.1009 -6.4103 -0.9314 0.1868 0.3125 0.1426 0.7988
    0 5.5446 -1.2493 -7.2147 -0.8913 0.2483 0.3794 0.1719 0.9824
    0 5.1485 -4.1595 -6.6818 -0.9854 0.1260 0.1144 0.1211 0.7988
witch hand.bmp
    0 5.2249 -4.1009 -6.4103 -0.9314 0.1868 0.3125 0.1426 0.7988
    0 5.1485 -4.1595 -6.6818 -0.9854 0.1260 0.1144 0.1211 0.7988
    0 5.0383 -5.5466 -6.2401 -0.9949 0.0984 0.0219 0.1270 0.6680
witch hand.bmp
    0 5.0383 -5.5466 -6.2401 -0.9949 0.0984 0.0219 0.1270 0.6680
    0 5.1485 -4.1595 -6.6818 -0.9854 0.1260 0.1144 0.1211 0.7988
    0 5.0846 -5.7249 -6.7318 -0.8999 -0.0926 -0.4262 0.0820 0.6680
witch hand.bmp
    0 5.0383 -5.5466 -6.2401 -0.9949 0.0984 0.0219 0.1270 0.6680
    0 5.0846 -5.7249 -6.7318 -0.8999 -0.0926 -0.4262 0.0820 0.6680
    0 4.8777 -7.5893 -5.6597 -0.9734 0.0441 -0.2249 0.1289 0.4609
witch hand.bmp
    0 4.8777 -7.5893 -5.6597 -0.9734 0.0441 -0.2249 0.1289 0.4609
    0 5.0846 -5.7249 -6.7318 -0.8999 -0.0926 -0.4262 0.0820 0.6680
    0 4.8682 -7.6943 -5.9622 -0.9211 -0.0538 -0.3857 0.0996 0.4609
witch hand.bmp
    0 4.8777 -7.5893 -5.6597 -0.9734 0.0441 -0.2249 0.1289 0.4609
    0 4.8682 -7.6943 -5.9622 -0.9211 -0.0538 -0.3857 0.0996 0.4609
    0 4.6971 -9.1922 -5.3306 -0.8903 0.1545 -0.4283 0.1211 0.2812
witch hand.bmp
    0 4.6971 -9.1922 -5.3306 -0.8903 0.1545 -0.4283 0.1211 0.2812
    0 4.8682 -7.6943 -5.9622 -0.9211 -0.0538 -0.3857 0.0996 0.4609
    0 5.0201 -7.7830 -6.0886 -0.6114 -0.2415 -0.7535 0.0742 0.4648
witch hand.bmp
    0 4.6971 -9.1922 -5.3306 -0.8903 0.1545 -0.4283 0.1211 0.2812
    0 5.0201 -7.7830 -6.0886 -0.6114 -0.2415 -0.7535 0.0742 0.4648
    0 4.8971 -9.3108 -5.5665 -0.5498 -0.0155 -0.8352 0.0664 0.2891
witch hand.bmp
    0 4.8971 -9.3108 -5.5665 -0.5498 -0.0155 -0.8352 0.0664 0.2891
    0 5.0201 -7.7830 -6.0886 -0.6114 -0.2415 -0.7535 0.0742 0.4648
    0 5.3524 -7.9164 -6.2421 -0.1385 -0.4072 -0.9028 0.0312 0.4707
witch hand.bmp
    0 4.8971 -9.3108 -5.5665 -0.5498 -0.0155 -0.8352 0.0664 0.2891
    0 5.3524 -7.9164 -6.2421 -0.1385 -0.4072 -0.9028 0.0312 0.4707
    0 5.1263 -9.3650 -5.6226 0.0852 -0.1839 -0.9792 0.0371 0.2891
witch hand.bmp
    22 -4.6350 -9.6107 -4.0692 -0.6806 -0.5515 -0.4823 0.4902 0.2695
    24 -4.6745 -9.9404 -3.5649 -0.9799 -0.0343 -0.1965 0.4375 0.1934
    22 -4.7598 -9.5260 -3.7494 -0.9317 -0.3592 0.0538 0.4414 0.2695
witch hand.bmp
    22 -4.6350 -9.6107 -4.0692 -0.6806 -0.5515 -0.4823 0.4902 0.2695
    22 -4.7598 -9.5260 -3.7494 -0.9317 -0.3592 0.0538 0.4414 0.2695
    22 -5.5779 -8.4043 -4.4651 -0.8005 -0.5934 0.0847 0.4492 0.4492
witch hand.bmp
    22 -5.5779 -8.4043 -4.4651 -0.8005 -0.5934 0.0847 0.4492 0.4492
    22 -4.7598 -9.5260 -3.7494 -0.9317 -0.3592 0.0538 0.4414 0.2695
    22 -5.5699 -8.1112 -4.0206 -0.7764 -0.3180 0.5441 0.3984 0.4453
witch hand.bmp
    22 -5.5779 -8.4043 -4.4651 -0.8005 -0.5934 0.0847 0.4492 0.4492
    22 -5.5699 -8.1112 -4.0206 -0.7764 -0.3180 0.5441 0.3984 0.4453
    22 -6.8223 -6.6466 -4.8178 -0.7764 -0.3180 0.5441 0.4141 0.6641
witch hand.bmp
    22 -6.8223 -6.6466 -4.8178 -0.7764 -0.3180 0.5441 0.4141 0.6641
    22 -5.5699 -8.1112 -4.0206 -0.7764 -0.3180 0.5441 0.3984 0.4453
    22 -5.3118 -7.7312 -3.6940 -0.4909 0.0615 0.8691 0.3496 0.4473
witch hand.bmp
    22 -6.8223 -6.6466 -4.8178 -0.7764 -0.3180 0.5441 0.4141 0.6641
    22 -5.3118 -7.7312 -3.6940 -0.4909 0.0615 0.8691 0.3496 0.4473
    22 -6.4517 -6.1676 -4.4307 -0.4909 0.0615 0.8691 0.3633 0.6621
witch hand.bmp
    22 -6.4517 -6.1676 -4.4307 -0.4909 0.0615 0.8691 0.3633 0.6621
    22 -5.3118 -7.7312 -3.6940 -0.4909 0.0615 0.8691 0.3496 0.4473
    22 -5.8862 -5.8177 -4.3350 0.0208 0.4162 0.9091 0.3027 0.6582
witch hand.bmp
    22 -6.4517 -6.1676 -4.4307 -0.4909 0.0615 0.8691 0.3633 0.6621
    22 -5.8862 -5.8177 -4.3350 0.0208 0.4162 0.9091 0.3027 0.6582
    22 -6.6240 -4.7264 -4.8428 -0.0362 0.4381 0.8982 0.3164 0.7871
witch hand.bmp
    22 -6.6240 -4.7264 -4.8428 -0.0362 0.4381 0.8982 0.3164 0.7871
    22 -5.8862 -5.8177 -4.3350 0.0208 0.4162 0.9091 0.3027 0.6582
    22 -6.0148 -4.5605 -5.1803 0.5722 0.6208 0.5359 0.2637 0.7852
witch hand.bmp
    22 -6.6240 -4.7264 -4.8428 -0.0362 0.4381 0.8982 0.3164 0.7871
    22 -6.0148 -4.5605 -5.1803 0.5722 0.6208 0.5359 0.2637 0.7852
    22 -7.5575 -2.1740 -6.5269 0.4799 0.6378 0.6025 0.2832 0.9863
witch hand.bmp
    22 -7.5575 -2.1740 -6.5269 0.4799 0.6378 0.6025 0.2832 0.9863
    22 -6.0148 -4.5605 -5.1803 0.5722 0.6208 0.5359 0.2637 0.7852
    22 -5.7214 -4.6763 -5.9279 0.8838 0.4646 -0.0555 0.2031 0.7891
witch hand.bmp
    22 -7.5575 -2.1740 -6.5269 0.4799 0.6378 0.6025 0.2832 0.9863
    22 -5.7214 -4.6763 -5.9279 0.8838 0.4646 -0.0555 0.2031 0.7891
    22 -7.1208 -2.2807 -7.1953 0.8421 0.5283 0.1086 0.2227 0.9805
witch hand.bmp
    22 -7.1208 -2.2807 -7.1953 0.8421 0.5283 0.1086 0.2227 0.9805
    22 -5.7214 -4.6763 -5.9279 0.8838 0.4646 -0.0555 0.2031 0.7891
    22 -5.8020 -4.9487 -6.3723 0.8901 0.2297 -0.3936 0.1621 0.7930
witch hand.bmp
    22 -7.1208 -2.2807 -7.1953 0.8421 0.5283 0.1086 0.2227 0.9805
    22 -5.8020 -4.9487 -6.3723 0.8901 0.2297 -0.3936 0.1621 0.7930
    22 -7.0387 -2.7457 -8.0383 0.8601 0.1756 -0.4790 0.1719 0.9824
witch hand.bmp
    22 -7.0387 -2.7457 -8.0383 0.8601 0.1756 -0.4790 0.1719 0.9824
    22 -5.8020 -4.9487 -6.3723 0.8901 0.2297 -0.3936 0.1621 0.7930
    22 -5.9030 -5.1023 -6.6124 0.8484 0.0869 -0.5221 0.1426 0.7988
witch hand.bmp
    22 -7.0387 -2.7457 -8.0383 0.8601 0.1756 -0.4790 0.1719 0.9824
    22 -5.9030 -5.1023 -6.6124 0.8484 0.0869 -0.5221 0.1426 0.7988
    22 -6.0333 -5.2717 -6.8057 0.7540 -0.0520 -0.6549 0.1211 0.7988
witch hand.bmp
    22 -6.0333 -5.2717 -6.8057 0.7540 -0.0520 -0.6549 0.1211 0.7988
    22 -5.9030 -5.1023 -6.6124 0.8484 0.0869 -0.5221 0.1426 0.7988
    22 -5.4674 -6.3993 -6.0545 0.6987 -0.1129 -0.7064 0.1270 0.6680
witch hand.bmp
    22 -6.0333 -5.2717 -6.8057 0.7540 -0.0520 -0.6549 0.1211 0.7988
    22 -5.4674 -6.3993 -6.0545 0.6987 -0.1129 -0.7064 0.1270 0.6680
    22 -5.8340 -6.7218 -6.2457 0.3397 -0.4299 -0.8365 0.0820 0.6680
witch hand.bmp
    22 -5.8340 -6.7218 -6.2457 0.3397 -0.4299 -0.8365 0.0820 0.6680
    22 -5.4674 -6.3993 -6.0545 0.6987 -0.1129 -0.7064 0.1270 0.6680
    22 -4.7010 -8.0701 -4.9805 0.5163 -0.2479 -0.8198 0.1289 0.4609
witch hand.bmp
    22 -5.8340 -6.7218 -6.2457 0.3397 -0.4299 -0.8365 0.0820 0.6680
    22 -4.7010 -8.0701 -4.9805 0.5163 -0.2479 -0.8198 0.1289 0.4609
    22 -4.8945 -8.2784 -5.1281 0.3784 -0.3844 -0.8421 0.0996 0.4609
witch hand.bmp
    22 -4.8945 -8.2784 -5.1281 0.3784 -0.3844 -0.8421 0.0996 0.4609
    22 -4.7010 -8.0701 -4.9805 0.5163 -0.2479 -0.8198 0.1289 0.4609
    22 -4.1466 -9.4261 -4.2559 0.3231 -0.2570 -0.9108 0.1211 0.2812
witch hand.bmp
    22 -4.8945 -8.2784 -5.1281 0.3784 -0.3844 -0.8421 0.0996 0.4609
    22 -4.1466 -9.4261 -4.2559 0.3231 -0.2570 -0.9108 0.1211 0.2812
    22 -5.0842 -8.3649 -5.0704 -0.0745 -0.6237 -0.7781 0.0742 0.4648
witch hand.bmp
    22 -5.0842 -8.3649 -5.0704 -0.0745 -0.6237 -0.7781 0.0742 0.4648
    22 -4.1466 -9.4261 -4.2559 0.3231 -0.2570 -0.9108 0.1211 0.2812
    22 -4.4460 -9.5833 -4.2175 -0.2041 -0.5069 -0.8375 0.0664 0.2891
witch hand.bmp
    22 -5.0842 -8.3649 -5.0704 -0.0745 -0.6237 -0.7781 0.0742 0.4648
    22 -4.4460 -9.5833 -4.2175 -0.2041 -0.5069 -0.8375 0.0664 0.2891
    22 -5.4143 -8.4678 -4.8752 -0.4900 -0.7287 -0.4785 0.0312 0.4707
witch hand.bmp
    22 -5.4143 -8.4678 -4.8752 -0.4900 -0.7287 -0.4785 0.0312 0.4707
    22 -4.4460 -9.5833 -4.2175 -0.2041 -0.5069 -0.8375 0.0664 0.2891
    22 -4.6350 -9.6107 -4.0692 -0.6806 -0.5515 -0.4823 0.0371 0.2891
witch hand.bmp
    34 -2.7370 -11.7231 -0.1729 0.0377 0.2745 0.9608 0.5879 0.0586
    34 -2.4944 -11.6686 -0.2931 0.5967 0.4671 0.6525 0.5938 0.0371
    34 -3.3652 -10.8505 -0.6159 -0.0261 0.4770 0.8785 0.7051 0.0859
witch hand.bmp
    34 -2.7370 -11.7231 -0.1729 0.0377 0.2745 0.9608 0.5879 0.0586
    34 -3.3652 -10.8505 -0.6159 -0.0261 0.4770 0.8785 0.7051 0.0859
    34 -3.5772 -11.0075 -0.6050 -0.5785 0.1025 0.8092 0.6953 0.1152
witch hand.bmp
    34 -3.5772 -11.0075 -0.6050 -0.5785 0.1025 0.8092 0.6953 0.1152
    34 -3.3652 -10.8505 -0.6159 -0.0261 0.4770 0.8785 0.7051 0.0859
    23 -3.4913 -10.2695 -0.9906 -0.2875 0.5547 0.7808 0.7617 0.0918
witch hand.bmp
    34 -3.5772 -11.0075 -0.6050 -0.5785 0.1025 0.8092 0.6953 0.1152
    23 -3.4913 -10.2695 -0.9906 -0.2875 0.5547 0.7808 0.7617 0.0918
    23 -3.9412 -10.5959 -1.1355 -0.6070 0.3527 0.7121 0.7461 0.1426
witch hand.bmp
    23 -3.9412 -10.5959 -1.1355 -0.6070 0.3527 0.7121 0.7461 0.1426
    23 -3.4913 -10.2695 -0.9906 -0.2875 0.5547 0.7808 0.7617 0.0918
    23 -3.8428 -9.9810 -1.4770 -0.5230 0.5855 0.6194 0.8105 0.1289
witch hand.bmp
    23 -3.9412 -10.5959 -1.1355 -0.6070 0.3527 0.7121 0.7461 0.1426
    23 -3.8428 -9.9810 -1.4770 -0.5230 0.5855 0.6194 0.8105 0.1289
    23 -4.4588 -10.9497 -1.3989 -0.7374 0.1890 0.6485 0.7363 0.2070
witch hand.bmp
    23 -4.4588 -10.9497 -1.3989 -0.7374 0.1890 0.6485 0.7363 0.2070
    23 -3.8428 -9.9810 -1.4770 -0.5230 0.5855 0.6194 0.8105 0.1289
    23 -4.4384 -9.5854 -2.4929 -0.6831 0.5813 0.4422 0.9023 0.2031
witch hand.bmp
    23 -4.4588 -10.9497 -1.3989 -0.7374 0.1890 0.6485 0.7363 0.2070
    23 -4.4384 -9.5854 -2.4929 -0.6831 0.5813 0.4422 0.9023 0.2031
    23 -4.7416 -11.3238 -1.7245 -0.8446 0.0126 0.5353 0.7266 0.2578
witch hand.bmp
    23 -4.7416 -11.3238 -1.7245 -0.8446 0.0126 0.5353 0.7266 0.2578
    23 -4.4384 -9.5854 -2.4929 -0.6831 0.5813 0.4422 0.9023 0.2031
    23 -4.7595 -10.1019 -2.6203 -0.9058 0.2906 0.3084 0.8691 0.2598
witch hand.bmp
    23 -4.7416 -11.3238 -1.7245 -0.8446 0.0126 0.5353 0.7266 0.2578
    23 -4.7595 -10.1019 -2.6203 -0.9058 0.2906 0.3084 0.8691 0.2598
    23 -4.9091 -10.6635 -2.8817 -0.9956 0.0939 0.0073 0.8398 0.2988
witch hand.bmp
    23 -4.9091 -10.6635 -2.8817 -0.9956 0.0939 0.0073 0.8398 0.2988
    23 -4.7595 -10.1019 -2.6203 -0.9058 0.2906 0.3084 0.8691 0.2598
    23 -4.8202 -10.2086 -3.2306 -0.9675 0.1813 -0.1761 0.8984 0.2949
witch hand.bmp
    23 -4.9091 -10.6635 -2.8817 -0.9956 0.0939 0.0073 0.8398 0.2988
    23 -4.8202 -10.2086 -3.2306 -0.9675 0.1813 -0.1761 0.8984 0.2949
    23 -4.8394 -11.1147 -3.2839 -0.7906 -0.1967 -0.5799 0.8242 0.3320
witch hand.bmp
    23 -4.8394 -11.1147 -3.2839 -0.7906 -0.1967 -0.5799 0.8242 0.3320
    23 -4.8202 -10.2086 -3.2306 -0.9675 0.1813 -0.1761 0.8984 0.2949
    23 -4.6575 -10.5046 -3.6653 -0.7096 -0.2136 -0.6715 0.9023 0.3223
witch hand.bmp
    23 -4.8394 -11.1147 -3.2839 -0.7906 -0.1967 -0.5799 0.8242 0.3320
    23 -4.6575 -10.5046 -3.6653 -0.7096 -0.2136 -0.6715 0.9023 0.3223
    23 -4.3349 -11.0765 -3.4951 -0.0769 -0.4930 -0.8666 0.8379 0.3613
witch hand.bmp
    23 -4.3349 -11.0765 -3.4951 -0.0769 -0.4930 -0.8666 0.8379 0.3613
    23 -4.6575 -10.5046 -3.6653 -0.7096 -0.2136 -0.6715 0.9023 0.3223
    23 -4.2782 -10.5637 -3.7884 -0.1471 -0.4909 -0.8587 0.9082 0.3418
witch hand.bmp
    23 -4.3349 -11.0765 -3.4951 -0.0769 -0.4930 -0.8666 0.8379 0.3613
    23 -4.2782 -10.5637 -3.7884 -0.1471 -0.4909 -0.8587 0.9082 0.3418
    23 -3.9603 -10.5213 -3.7868 0.3676 -0.4764 -0.7987 0.9102 0.3574
witch hand.bmp
    23 -3.9603 -10.5213 -3.7868 0.3676 -0.4764 -0.7987 0.9102 0.3574
    23 -4.2782 -10.5637 -3.7884 -0.1471 -0.4909 -0.8587 0.9082 0.3418
    24 -4.1756 -10.0321 -4.1069 -0.0612 -0.3936 -0.9172 0.9316 0.3359
witch hand.bmp
    23 -3.9603 -10.5213 -3.7868 0.3676 -0.4764 -0.7987 0.9102 0.3574
    24 -4.1756 -10.0321 -4.1069 -0.0612 -0.3936 -0.9172 0.9316 0.3359
    24 -3.8591 -9.9191 -4.0931 0.4916 -0.2643 -0.8298 0.9336 0.3496
witch hand.bmp
    22 -4.7598 -9.5260 -3.7494 -0.9317 -0.3592 0.0538 0.4414 0.2695
    24 -4.6745 -9.9404 -3.5649 -0.9799 -0.0343 -0.1965 0.4375 0.1934
    24 -4.6249 -9.7020 -3.1412 -0.9490 0.2851 0.1346 0.3906 0.1934
witch hand.bmp
    22 -4.7598 -9.5260 -3.7494 -0.9317 -0.3592 0.0538 0.4414 0.2695
    24 -4.6249 -9.7020 -3.1412 -0.9490 0.2851 0.1346 0.3906 0.1934
    22 -4.6717 -9.2074 -3.3254 -0.8519 -0.0728 0.5186 0.3906 0.2715
witch hand.bmp
    22 -4.6717 -9.2074 -3.3254 -0.8519 -0.0728 0.5186 0.3906 0.2715
    24 -4.6249 -9.7020 -3.1412 -0.9490 0.2851 0.1346 0.3906 0.1934
    24 -4.3621 -9.3795 -2.7712 -0.7376 0.5019 0.4518 0.3457 0.1953
witch hand.bmp
    22 -4.6717 -9.2074 -3.3254 -0.8519 -0.0728 0.5186 0.3906 0.2715
    24 -4.3621 -9.3795 -2.7712 -0.7376 0.5019 0.4518 0.3457 0.1953
    22 -4.4458 -8.8958 -3.0930 -0.5807 0.2430 0.7770 0.3496 0.2734
witch hand.bmp
    22 -4.4458 -8.8958 -3.0930 -0.5807 0.2430 0.7770 0.3496 0.2734
    24 -4.3621 -9.3795 -2.7712 -0.7376 0.5019 0.4518 0.3457 0.1953
    24 -3.9122 -9.0912 -2.5809 -0.1892 0.6731 0.7149 0.2949 0.1953
witch hand.bmp
    22 -4.4458 -8.8958 -3.0930 -0.5807 0.2430 0.7770 0.3496 0.2734
    24 -3.9122 -9.0912 -2.5809 -0.1892 0.6731 0.7149 0.2949 0.1953
    22 -4.0092 -8.5822 -3.0489 0.0611 0.5920 0.8036 0.3008 0.2754
witch hand.bmp
    22 -4.0092 -8.5822 -3.0489 0.0611 0.5920 0.8036 0.3008 0.2754
    24 -3.9122 -9.0912 -2.5809 -0.1892 0.6731 0.7149 0.2949 0.1953
    22 -3.7281 -8.5398 -3.2672 0.5540 0.6819 0.4775 0.2500 0.2715
witch hand.bmp
    22 -4.0092 -8.5822 -3.0489 0.0611 0.5920 0.8036 0.3008 0.2754
    22 -3.7281 -8.5398 -3.2672 0.5540 0.6819 0.4775 0.2500 0.2715
    22 -4.4488 -7.4115 -3.8820 0.5722 0.6208 0.5359 0.2480 0.4473
witch hand.bmp
    22 -4.4488 -7.4115 -3.8820 0.5722 0.6208 0.5359 0.2480 0.4473
    22 -3.7281 -8.5398 -3.2672 0.5540 0.6819 0.4775 0.2500 0.2715
    22 -3.6075 -8.5732 -3.4615 0.8291 0.5568 0.0505 0.2227 0.2754
witch hand.bmp
    22 -4.4488 -7.4115 -3.8820 0.5722 0.6208 0.5359 0.2480 0.4473
    22 -3.6075 -8.5732 -3.4615 0.8291 0.5568 0.0505 0.2227 0.2754
    22 -4.2993 -7.4488 -4.1534 0.8568 0.5126 0.0563 0.2188 0.4492
witch hand.bmp
    22 -4.2993 -7.4488 -4.1534 0.8568 0.5126 0.0563 0.2188 0.4492
    22 -3.6075 -8.5732 -3.4615 0.8291 0.5568 0.0505 0.2227 0.2754
    22 -3.5920 -8.7043 -3.7006 0.8878 0.3124 -0.3380 0.1953 0.2793
witch hand.bmp
    22 -4.2993 -7.4488 -4.1534 0.8568 0.5126 0.0563 0.2188 0.4492
    22 -3.5920 -8.7043 -3.7006 0.8878 0.3124 -0.3380 0.1953 0.2793
    22 -4.3052 -7.5298 -4.3356 0.8982 0.3612 -0.2505 0.2012 0.4512
witch hand.bmp
    22 -4.3052 -7.5298 -4.3356 0.8982 0.3612 -0.2505 0.2012 0.4512
    22 -3.5920 -8.7043 -3.7006 0.8878 0.3124 -0.3380 0.1953 0.2793
    22 -4.3412 -7.7100 -4.6615 0.8601 0.1756 -0.4790 0.1758 0.4551
witch hand.bmp
    22 -4.3052 -7.5298 -4.3356 0.8982 0.3612 -0.2505 0.2012 0.4512
    22 -4.3412 -7.7100 -4.6615 0.8601 0.1756 -0.4790 0.1758 0.4551
    22 -5.1557 -5.8186 -5.2202 0.8838 0.4646 -0.0555 0.2051 0.6562
witch hand.bmp
    22 -5.1557 -5.8186 -5.2202 0.8838 0.4646 -0.0555 0.2051 0.6562
    22 -4.3412 -7.7100 -4.6615 0.8601 0.1756 -0.4790 0.1758 0.4551
    22 -5.2070 -6.0605 -5.6680 0.8838 0.1882 -0.4284 0.1680 0.6621
witch hand.bmp
    22 -5.1557 -5.8186 -5.2202 0.8838 0.4646 -0.0555 0.2051 0.6562
    22 -5.2070 -6.0605 -5.6680 0.8838 0.1882 -0.4284 0.1680 0.6621
    22 -5.7214 -4.6763 -5.9279 0.8838 0.4646 -0.0555 0.2031 0.7891
witch hand.bmp
    22 -5.7214 -4.6763 -5.9279 0.8838 0.4646 -0.0555 0.2031 0.7891
    22 -5.2070 -6.0605 -5.6680 0.8838 0.1882 -0.4284 0.1680 0.6621
    22 -5.8020 -4.9487 -6.3723 0.8901 0.2297 -0.3936 0.1621 0.7930
witch hand.bmp
    50 4.4287 -11.6304 -2.4214 0.4161 -0.1386 0.8987 0.7051 0.0859
    50 3.3989 -12.1098 -2.1685 0.1953 -0.3013 0.9333 0.5879 0.0586
    50 4.4900 -11.8592 -2.5575 0.5839 -0.6361 0.5044 0.6953 0.1152
witch hand.bmp
    50 4.4287 -11.6304 -2.4214 0.4161 -0.1386 0.8987 0.7051 0.0859
    50 4.4900 -11.8592 -2.5575 0.5839 -0.6361 0.5044 0.6953 0.1152
    1 4.8746 -11.0125 -2.6706 0.7410 -0.0988 0.6642 0.7617 0.0918
witch hand.bmp
    1 4.8746 -11.0125 -2.6706 0.7410 -0.0988 0.6642 0.7617 0.0918
    50 4.4900 -11.8592 -2.5575 0.5839 -0.6361 0.5044 0.6953 0.1152
    1 4.9981 -11.3759 -3.0980 0.8459 -0.3257 0.4223 0.7461 0.1426
witch hand.bmp
    1 4.8746 -11.0125 -2.6706 0.7410 -0.0988 0.6642 0.7617 0.0918
    1 4.9981 -11.3759 -3.0980 0.8459 -0.3257 0.4223 0.7461 0.1426
    1 5.1939 -10.6976 -3.1655 0.8996 -0.0917 0.4271 0.8105 0.1289
witch hand.bmp
    1 5.1939 -10.6976 -3.1655 0.8996 -0.0917 0.4271 0.8105 0.1289
    1 4.9981 -11.3759 -3.0980 0.8459 -0.3257 0.4223 0.7461 0.1426
    1 5.1374 -11.7290 -3.6544 0.8573 -0.4619 0.2274 0.7363 0.2070
witch hand.bmp
    1 5.1939 -10.6976 -3.1655 0.8996 -0.0917 0.4271 0.8105 0.1289
    1 5.1374 -11.7290 -3.6544 0.8573 -0.4619 0.2274 0.7363 0.2070
    1 5.6058 -10.1324 -4.1913 0.9703 -0.1316 0.2028 0.9023 0.2031
witch hand.bmp
    1 5.6058 -10.1324 -4.1913 0.9703 -0.1316 0.2028 0.9023 0.2031
    1 5.1374 -11.7290 -3.6544 0.8573 -0.4619 0.2274 0.7363 0.2070
    1 5.0556 -11.9775 -4.1730 0.8083 -0.5878 0.0352 0.7266 0.2578
witch hand.bmp
    1 5.6058 -10.1324 -4.1913 0.9703 -0.1316 0.2028 0.9023 0.2031
    1 5.0556 -11.9775 -4.1730 0.8083 -0.5878 0.0352 0.7266 0.2578
    1 5.5260 -10.5946 -4.5847 0.9505 -0.2934 -0.1028 0.8691 0.2598
witch hand.bmp
    1 5.5260 -10.5946 -4.5847 0.9505 -0.2934 -0.1028 0.8691 0.2598
    1 5.0556 -11.9775 -4.1730 0.8083 -0.5878 0.0352 0.7266 0.2578
    1 5.2595 -10.9689 -5.0359 0.8280 -0.3342 -0.4503 0.8398 0.2988
witch hand.bmp
    1 5.5260 -10.5946 -4.5847 0.9505 -0.2934 -0.1028 0.8691 0.2598
    1 5.2595 -10.9689 -5.0359 0.8280 -0.3342 -0.4503 0.8398 0.2988
    1 5.3640 -10.3983 -5.1541 0.7920 -0.2169 -0.5707 0.8984 0.2949
witch hand.bmp
    1 5.3640 -10.3983 -5.1541 0.7920 -0.2169 -0.5707 0.8984 0.2949
    1 5.2595 -10.9689 -5.0359 0.8280 -0.3342 -0.4503 0.8398 0.2988
    1 4.8314 -11.0887 -5.4605 0.3477 -0.1882 -0.9185 0.8242 0.3320
witch hand.bmp
    1 5.3640 -10.3983 -5.1541 0.7920 -0.2169 -0.5707 0.8984 0.2949
    1 4.8314 -11.0887 -5.4605 0.3477 -0.1882 -0.9185 0.8242 0.3320
    1 4.9499 -10.3565 -5.5131 0.2434 -0.0983 -0.9649 0.9023 0.3223
witch hand.bmp
    1 4.9499 -10.3565 -5.5131 0.2434 -0.0983 -0.9649 0.9023 0.3223
    1 4.8314 -11.0887 -5.4605 0.3477 -0.1882 -0.9185 0.8242 0.3320
    1 4.4156 -10.7552 -5.3805 -0.4514 0.0123 -0.8922 0.8379 0.3613
witch hand.bmp
    1 4.9499 -10.3565 -5.5131 0.2434 -0.0983 -0.9649 0.9023 0.3223
    1 4.4156 -10.7552 -5.3805 -0.4514 0.0123 -0.8922 0.8379 0.3613
    1 4.5885 -10.1926 -5.4569 -0.3689 0.0346 -0.9288 0.9082 0.3418
witch hand.bmp
    1 4.5885 -10.1926 -5.4569 -0.3689 0.0346 -0.9288 0.9082 0.3418
    1 4.4156 -10.7552 -5.3805 -0.4514 0.0123 -0.8922 0.8379 0.3613
    1 4.3610 -10.0200 -5.2952 -0.7382 0.2221 -0.6369 0.9102 0.3574
witch hand.bmp
    1 4.5885 -10.1926 -5.4569 -0.3689 0.0346 -0.9288 0.9082 0.3418
    1 4.3610 -10.0200 -5.2952 -0.7382 0.2221 -0.6369 0.9102 0.3574
    40 4.7154 -9.8029 -5.4688 -0.4359 0.0428 -0.8990 0.9316 0.3359
witch hand.bmp
    40 4.7154 -9.8029 -5.4688 -0.4359 0.0428 -0.8990 0.9316 0.3359
    1 4.3610 -10.0200 -5.2952 -0.7382 0.2221 -0.6369 0.9102 0.3574
    40 4.5010 -9.6310 -5.2750 -0.7725 0.3042 -0.5575 0.9336 0.3496
witch hand.bmp
    0 5.6559 -4.0088 -5.7126 -0.5574 0.3360 0.7592 0.2031 0.7891
    0 5.3520 -4.0633 -6.1400 -0.8425 0.2591 0.4723 0.1621 0.7930
    0 5.1798 -5.4378 -5.6961 -0.8706 0.2363 0.4315 0.1680 0.6621
witch hand.bmp
    0 5.6559 -4.0088 -5.7126 -0.5574 0.3360 0.7592 0.2031 0.7891
    0 5.1798 -5.4378 -5.6961 -0.8706 0.2363 0.4315 0.1680 0.6621
    0 5.5019 -5.3997 -5.3019 -0.5574 0.3360 0.7592 0.2051 0.6562
witch hand.bmp
    0 5.5019 -5.3997 -5.3019 -0.5574 0.3360 0.7592 0.2051 0.6562
    0 5.1798 -5.4378 -5.6961 -0.8706 0.2363 0.4315 0.1680 0.6621
    0 4.9196 -7.4370 -5.0801 -0.8913 0.2483 0.3794 0.1758 0.4551
witch hand.bmp
    0 5.5019 -5.3997 -5.3019 -0.5574 0.3360 0.7592 0.2051 0.6562
    0 4.9196 -7.4370 -5.0801 -0.8913 0.2483 0.3794 0.1758 0.4551
    0 5.1449 -7.4112 -4.7926 -0.7226 0.3194 0.6131 0.2012 0.4512
witch hand.bmp
    0 5.1449 -7.4112 -4.7926 -0.7226 0.3194 0.6131 0.2012 0.4512
    0 4.9196 -7.4370 -5.0801 -0.8913 0.2483 0.3794 0.1758 0.4551
    0 4.8406 -8.8196 -4.3318 -0.7412 0.4783 0.4710 0.1953 0.2793
witch hand.bmp
    0 5.1449 -7.4112 -4.7926 -0.7226 0.3194 0.6131 0.2012 0.4512
    0 4.8406 -8.8196 -4.3318 -0.7412 0.4783 0.4710 0.1953 0.2793
    0 5.2820 -7.4134 -4.6477 -0.4520 0.3376 0.8257 0.2188 0.4492
witch hand.bmp
    0 5.2820 -7.4134 -4.6477 -0.4520 0.3376 0.8257 0.2188 0.4492
    0 4.8406 -8.8196 -4.3318 -0.7412 0.4783 0.4710 0.1953 0.2793
    0 5.0325 -8.7965 -4.1514 -0.3677 0.4803 0.7963 0.2227 0.2754
witch hand.bmp
    0 5.2820 -7.4134 -4.6477 -0.4520 0.3376 0.8257 0.2188 0.4492
    0 5.0325 -8.7965 -4.1514 -0.3677 0.4803 0.7963 0.2227 0.2754
    0 5.5906 -7.4650 -4.5747 0.0975 0.2762 0.9562 0.2480 0.4473
witch hand.bmp
    0 5.5906 -7.4650 -4.5747 0.0975 0.2762 0.9562 0.2480 0.4473
    0 5.0325 -8.7965 -4.1514 -0.3677 0.4803 0.7963 0.2227 0.2754
    0 5.2676 -8.8234 -4.1065 0.1080 0.3496 0.9306 0.2500 0.2715
witch hand.bmp
    0 5.5906 -7.4650 -4.5747 0.0975 0.2762 0.9562 0.2480 0.4473
    0 5.2676 -8.8234 -4.1065 0.1080 0.3496 0.9306 0.2500 0.2715
    0 5.6039 -8.9180 -4.1866 0.6603 0.0764 0.7471 0.3008 0.2754
witch hand.bmp
    0 5.6039 -8.9180 -4.1866 0.6603 0.0764 0.7471 0.3008 0.2754
    0 5.2676 -8.8234 -4.1065 0.1080 0.3496 0.9306 0.2500 0.2715
    40 5.4976 -9.3551 -3.9041 0.7475 0.2495 0.6157 0.2949 0.1953
witch hand.bmp
    0 5.6039 -8.9180 -4.1866 0.6603 0.0764 0.7471 0.3008 0.2754
    40 5.4976 -9.3551 -3.9041 0.7475 0.2495 0.6157 0.2949 0.1953
    0 5.8107 -9.1413 -4.6320 0.9498 -0.2135 0.2287 0.3496 0.2734
witch hand.bmp
    0 5.8107 -9.1413 -4.6320 0.9498 -0.2135 0.2287 0.3496 0.2734
    40 5.4976 -9.3551 -3.9041 0.7475 0.2495 0.6157 0.2949 0.1953
    40 5.6799 -9.6583 -4.3348 0.9738 -0.0828 0.2120 0.3457 0.1953
witch hand.bmp
    0 5.8107 -9.1413 -4.6320 0.9498 -0.2135 0.2287 0.3496 0.2734
    40 5.6799 -9.6583 -4.3348 0.9738 -0.0828 0.2120 0.3457 0.1953
    0 5.7459 -9.2919 -5.0505 0.9143 -0.3255 -0.2411 0.3906 0.2715
witch hand.bmp
    0 5.7459 -9.2919 -5.0505 0.9143 -0.3255 -0.2411 0.3906 0.2715
    40 5.6799 -9.6583 -4.3348 0.9738 -0.0828 0.2120 0.3457 0.1953
    40 5.6294 -9.9059 -4.8383 0.9457 -0.2194 -0.2398 0.3906 0.1934
witch hand.bmp
    0 5.7459 -9.2919 -5.0505 0.9143 -0.3255 -0.2411 0.3906 0.2715
    40 5.6294 -9.9059 -4.8383 0.9457 -0.2194 -0.2398 0.3906 0.1934
    0 5.4396 -9.4040 -5.4870 0.6066 -0.3320 -0.7224 0.4414 0.2695
witch hand.bmp
    0 5.4396 -9.4040 -5.4870 0.6066 -0.3320 -0.7224 0.4414 0.2695
    40 5.6294 -9.9059 -4.8383 0.9457 -0.2194 -0.2398 0.3906 0.1934
    40 5.3891 -10.0012 -5.2611 0.7395 -0.2334 -0.6313 0.4375 0.1934
witch hand.bmp
    31 -3.1389 -12.7959 -0.8721 -0.3369 -0.5083 0.7926 0.9434 0.9395
    31 -3.2262 -12.8923 -1.0355 -0.6010 -0.7526 0.2693 0.9473 0.9668
    32 -2.9565 -13.0492 -1.1645 -0.4304 -0.8967 0.1040 0.9277 0.9648
witch hand.bmp
    31 -3.1389 -12.7959 -0.8721 -0.3369 -0.5083 0.7926 0.9434 0.9395
    32 -2.9565 -13.0492 -1.1645 -0.4304 -0.8967 0.1040 0.9277 0.9648
    32 -2.8362 -13.0167 -1.0116 -0.0475 -0.7273 0.6847 0.9258 0.9375
witch hand.bmp
    32 -2.8362 -13.0167 -1.0116 -0.0475 -0.7273 0.6847 0.9258 0.9375
    32 -2.9565 -13.0492 -1.1645 -0.4304 -0.8967 0.1040 0.9277 0.9648
    32 -2.0499 -13.4793 -1.7270 -0.0918 -0.9850 -0.1463 0.7754 0.9629
witch hand.bmp
    32 -2.8362 -13.0167 -1.0116 -0.0475 -0.7273 0.6847 0.9258 0.9375
    32 -2.0499 -13.4793 -1.7270 -0.0918 -0.9850 -0.1463 0.7754 0.9629
    32 -1.9313 -13.4375 -1.5636 0.3804 -0.8343 0.3990 0.7754 0.9375
witch hand.bmp
    32 -1.9313 -13.4375 -1.5636 0.3804 -0.8343 0.3990 0.7754 0.9375
    32 -2.0499 -13.4793 -1.7270 -0.0918 -0.9850 -0.1463 0.7754 0.9629
    33 -1.7661 -13.2044 -2.2831 0.0212 -0.9031 -0.4288 0.7090 0.9648
witch hand.bmp
    32 -1.9313 -13.4375 -1.5636 0.3804 -0.8343 0.3990 0.7754 0.9375
    33 -1.7661 -13.2044 -2.2831 0.0212 -0.9031 -0.4288 0.7090 0.9648
    33 -1.6379 -13.1870 -2.1591 0.3672 -0.9066 -0.2081 0.7148 0.9375
witch hand.bmp
    33 -1.6379 -13.1870 -2.1591 0.3672 -0.9066 -0.2081 0.7148 0.9375
    33 -1.7661 -13.2044 -2.2831 0.0212 -0.9031 -0.4288 0.7090 0.9648
    33 -1.4688 -13.0085 -2.6228 0.3934 -0.8905 -0.2286 0.6230 0.9492
witch hand.bmp
    33 -1.6379 -13.1870 -2.1591 0.3672 -0.9066 -0.2081 0.7148 0.9375
    33 -1.4688 -13.0085 -2.6228 0.3934 -0.8905 -0.2286 0.6230 0.9492
    33 -1.6379 -13.1870 -2.1591 0.5016 -0.8531 -0.1437 0.7148 0.9375
witch hand.bmp
    33 -1.6379 -13.1870 -2.1591 0.5016 -0.8531 -0.1437 0.7148 0.9375
    33 -1.4688 -13.0085 -2.6228 0.3934 -0.8905 -0.2286 0.6230 0.9492
    33 -1.3999 -12.9740 -2.6070 0.6751 -0.7377 0.0021 0.6152 0.9336
witch hand.bmp
    33 -1.6379 -13.1870 -2.1591 0.5016 -0.8531 -0.1437 0.7148 0.9375
    33 -1.3999 -12.9740 -2.6070 0.6751 -0.7377 0.0021 0.6152 0.9336
    33 -1.6379 -13.1870 -2.1591 0.8369 -0.5036 0.2144 0.7148 0.9375
witch hand.bmp
    33 -1.6379 -13.1870 -2.1591 0.8369 -0.5036 0.2144 0.7148 0.9375
    33 -1.3999 -12.9740 -2.6070 0.6751 -0.7377 0.0021 0.6152 0.9336
    33 -1.3773 -12.9156 -2.5297 0.8369 -0.5036 0.2144 0.6230 0.9180
witch hand.bmp
    33 -1.6379 -13.1870 -2.1591 0.8369 -0.5036 0.2144 0.7148 0.9375
    33 -1.3773 -12.9156 -2.5297 0.8369 -0.5036 0.2144 0.6230 0.9180
    33 -1.5677 -13.0320 -2.0834 0.8967 -0.0768 0.4359 0.7090 0.9102
witch hand.bmp
    33 -1.5677 -13.0320 -2.0834 0.8967 -0.0768 0.4359 0.7090 0.9102
    33 -1.3773 -12.9156 -2.5297 0.8369 -0.5036 0.2144 0.6230 0.9180
    33 -1.3821 -12.8684 -2.4475 0.9870 0.0983 0.1271 0.6309 0.9023
witch hand.bmp
    33 -1.5677 -13.0320 -2.0834 0.8967 -0.0768 0.4359 0.7090 0.9102
    33 -1.3821 -12.8684 -2.4475 0.9870 0.0983 0.1271 0.6309 0.9023
    33 -1.4623 -12.7946 -2.3789 0.6728 0.6300 0.3879 0.6543 0.8887
witch hand.bmp
    33 -1.4623 -12.7946 -2.3789 0.6728 0.6300 0.3879 0.6543 0.8887
    33 -1.3821 -12.8684 -2.4475 0.9870 0.0983 0.1271 0.6309 0.9023
    33 -1.4201 -12.8070 -2.4983 0.7391 0.5911 -0.3230 0.6094 0.9004
witch hand.bmp
    49 1.1316 -11.9299 -3.2582 -0.1269 0.5430 0.8301 0.6543 0.8887
    49 1.0343 -11.8980 -3.3363 -0.5968 0.7331 0.3261 0.6094 0.9004
    49 1.0175 -11.9680 -3.2851 -0.6630 0.1526 0.7329 0.6309 0.9023
witch hand.bmp
    49 1.1316 -11.9299 -3.2582 -0.1269 0.5430 0.8301 0.6543 0.8887
    49 1.0175 -11.9680 -3.2851 -0.6630 0.1526 0.7329 0.6309 0.9023
    49 1.3259 -12.2541 -3.1554 -0.4698 -0.1144 0.8753 0.7090 0.9102
witch hand.bmp
    49 1.3259 -12.2541 -3.1554 -0.4698 -0.1144 0.8753 0.7090 0.9102
    49 1.0175 -11.9680 -3.2851 -0.6630 0.1526 0.7329 0.6309 0.9023
    49 0.9539 -11.9866 -3.3529 -0.6710 -0.4504 0.5889 0.6230 0.9180
witch hand.bmp
    49 1.3259 -12.2541 -3.1554 -0.4698 -0.1144 0.8753 0.7090 0.9102
    49 0.9539 -11.9866 -3.3529 -0.6710 -0.4504 0.5889 0.6230 0.9180
    49 1.3016 -12.3871 -3.2730 -0.6710 -0.4504 0.5889 0.7148 0.9375
witch hand.bmp
    49 1.3016 -12.3871 -3.2730 -0.6710 -0.4504 0.5889 0.7148 0.9375
    49 0.9539 -11.9866 -3.3529 -0.6710 -0.4504 0.5889 0.6230 0.9180
    49 0.9112 -12.0162 -3.4271 -0.7199 -0.6304 0.2906 0.6152 0.9336
witch hand.bmp
    49 1.3016 -12.3871 -3.2730 -0.6710 -0.4504 0.5889 0.7148 0.9375
    49 0.9112 -12.0162 -3.4271 -0.7199 -0.6304 0.2906 0.6152 0.9336
    49 1.3016 -12.3871 -3.2730 -0.7007 -0.7117 0.0504 0.7148 0.9375
witch hand.bmp
    49 1.3016 -12.3871 -3.2730 -0.7007 -0.7117 0.0504 0.7148 0.9375
    49 0.9112 -12.0162 -3.4271 -0.7199 -0.6304 0.2906 0.6152 0.9336
    49 0.9460 -12.0548 -3.4978 -0.6603 -0.7452 -0.0931 0.6230 0.9492
witch hand.bmp
    49 1.3016 -12.3871 -3.2730 -0.7007 -0.7117 0.0504 0.7148 0.9375
    49 0.9460 -12.0548 -3.4978 -0.6603 -0.7452 -0.0931 0.6230 0.9492
    49 1.3016 -12.3871 -3.2730 -0.6603 -0.7452 -0.0931 0.7148 0.9375
witch hand.bmp
    49 1.3016 -12.3871 -3.2730 -0.6603 -0.7452 -0.0931 0.7148 0.9375
    49 0.9460 -12.0548 -3.4978 -0.6603 -0.7452 -0.0931 0.6230 0.9492
    49 1.3178 -12.3751 -3.4624 -0.5093 -0.7146 -0.4795 0.7090 0.9648
witch hand.bmp
    49 1.3016 -12.3871 -3.2730 -0.6603 -0.7452 -0.0931 0.7148 0.9375
    49 1.3178 -12.3751 -3.4624 -0.5093 -0.7146 -0.4795 0.7090 0.9648
    48 1.7382 -12.8037 -3.0736 -0.4302 -0.8235 0.3698 0.7754 0.9375
witch hand.bmp
    48 1.7382 -12.8037 -3.0736 -0.4302 -0.8235 0.3698 0.7754 0.9375
    49 1.3178 -12.3751 -3.4624 -0.5093 -0.7146 -0.4795 0.7090 0.9648
    48 1.7436 -12.8130 -3.2758 -0.3447 -0.8595 -0.3774 0.7754 0.9629
witch hand.bmp
    48 1.7382 -12.8037 -3.0736 -0.4302 -0.8235 0.3698 0.7754 0.9375
    48 1.7436 -12.8130 -3.2758 -0.3447 -0.8595 -0.3774 0.7754 0.9629
    48 2.8703 -12.9415 -3.0420 -0.0274 -0.9297 0.3673 0.9258 0.9375
witch hand.bmp
    48 2.8703 -12.9415 -3.0420 -0.0274 -0.9297 0.3673 0.9258 0.9375
    48 1.7436 -12.8130 -3.2758 -0.3447 -0.8595 -0.3774 0.7754 0.9629
    48 2.8865 -12.9386 -3.2385 -0.0381 -0.9365 -0.3486 0.9277 0.9648
witch hand.bmp
    48 2.8703 -12.9415 -3.0420 -0.0274 -0.9297 0.3673 0.9258 0.9375
    48 2.8865 -12.9386 -3.2385 -0.0381 -0.9365 -0.3486 0.9277 0.9648
    47 3.2320 -12.9127 -3.0341 0.2625 -0.8965 0.3569 0.9434 0.9395
witch hand.bmp
    47 3.2320 -12.9127 -3.0341 0.2625 -0.8965 0.3569 0.9434 0.9395
    48 2.8865 -12.9386 -3.2385 -0.0381 -0.9365 -0.3486 0.9277 0.9648
    47 3.1901 -12.9378 -3.2403 0.1684 -0.9433 -0.2860 0.9473 0.9668
witch hand.bmp
    27 -3.0321 -12.6686 -3.4052 0.4741 0.6485 -0.5956 0.5957 0.9336
    27 -2.9671 -12.6835 -3.2918 0.8088 0.5868 0.0391 0.6094 0.9004
    27 -2.9909 -12.7684 -3.3995 0.7535 0.1364 -0.6431 0.6055 0.9336
witch hand.bmp
    27 -3.0321 -12.6686 -3.4052 0.4741 0.6485 -0.5956 0.5957 0.9336
    27 -2.9909 -12.7684 -3.3995 0.7535 0.1364 -0.6431 0.6055 0.9336
    27 -3.1033 -12.7096 -3.4535 -0.0114 0.3759 -0.9266 0.6016 0.9590
witch hand.bmp
    27 -3.1033 -12.7096 -3.4535 -0.0114 0.3759 -0.9266 0.6016 0.9590
    27 -2.9909 -12.7684 -3.3995 0.7535 0.1364 -0.6431 0.6055 0.9336
    27 -3.0991 -12.8037 -3.4480 0.0707 -0.4097 -0.9095 0.6289 0.9629
witch hand.bmp
    27 -3.1033 -12.7096 -3.4535 -0.0114 0.3759 -0.9266 0.6016 0.9590
    27 -3.0991 -12.8037 -3.4480 0.0707 -0.4097 -0.9095 0.6289 0.9629
    27 -3.1815 -12.7768 -3.4343 -0.4817 -0.0472 -0.8751 0.6504 0.9805
witch hand.bmp
    27 -3.1815 -12.7768 -3.4343 -0.4817 -0.0472 -0.8751 0.6504 0.9805
    27 -3.0991 -12.8037 -3.4480 0.0707 -0.4097 -0.9095 0.6289 0.9629
    27 -3.2544 -13.0327 -3.2833 -0.0017 -0.5990 -0.8007 0.7090 0.9648
witch hand.bmp
    27 -3.1815 -12.7768 -3.4343 -0.4817 -0.0472 -0.8751 0.6504 0.9805
    27 -3.2544 -13.0327 -3.2833 -0.0017 -0.5990 -0.8007 0.7090 0.9648
    27 -3.5218 -13.2515 -3.0758 -0.5191 -0.2725 -0.8102 0.7891 0.9785
witch hand.bmp
    27 -3.5218 -13.2515 -3.0758 -0.5191 -0.2725 -0.8102 0.7891 0.9785
    27 -3.2544 -13.0327 -3.2833 -0.0017 -0.5990 -0.8007 0.7090 0.9648
    26 -3.4247 -13.4369 -2.9959 -0.0892 -0.8433 -0.5299 0.7754 0.9629
witch hand.bmp
    27 -3.5218 -13.2515 -3.0758 -0.5191 -0.2725 -0.8102 0.7891 0.9785
    26 -3.4247 -13.4369 -2.9959 -0.0892 -0.8433 -0.5299 0.7754 0.9629
    26 -4.1290 -13.2073 -2.6338 -0.4352 -0.8080 -0.3972 0.9277 0.9648
witch hand.bmp
    26 -4.1290 -13.2073 -2.6338 -0.4352 -0.8080 -0.3972 0.9277 0.9648
    26 -3.4247 -13.4369 -2.9959 -0.0892 -0.8433 -0.5299 0.7754 0.9629
    26 -4.0038 -13.2048 -2.4810 -0.0309 -0.9495 0.3124 0.9258 0.9375
witch hand.bmp
    26 -4.1290 -13.2073 -2.6338 -0.4352 -0.8080 -0.3972 0.9277 0.9648
    26 -4.0038 -13.2048 -2.4810 -0.0309 -0.9495 0.3124 0.9258 0.9375
    25 -4.2265 -13.1727 -2.3170 -0.3273 -0.7899 0.5186 0.9434 0.9395
witch hand.bmp
    25 -4.2265 -13.1727 -2.3170 -0.3273 -0.7899 0.5186 0.9434 0.9395
    26 -4.0038 -13.2048 -2.4810 -0.0309 -0.9495 0.3124 0.9258 0.9375
    26 -3.9435 -13.1445 -2.3789 0.3430 -0.6424 0.6853 0.9258 0.9082
witch hand.bmp
    25 -4.2265 -13.1727 -2.3170 -0.3273 -0.7899 0.5186 0.9434 0.9395
    26 -3.9435 -13.1445 -2.3789 0.3430 -0.6424 0.6853 0.9258 0.9082
    25 -4.1249 -13.1220 -2.2299 0.0468 -0.6116 0.7898 0.9434 0.9062
witch hand.bmp
    25 -4.1249 -13.1220 -2.2299 0.0468 -0.6116 0.7898 0.9434 0.9062
    26 -3.9435 -13.1445 -2.3789 0.3430 -0.6424 0.6853 0.9258 0.9082
    26 -3.8916 -12.9548 -2.3316 0.5612 0.2822 0.7781 0.9355 0.8809
witch hand.bmp
    25 -4.1249 -13.1220 -2.2299 0.0468 -0.6116 0.7898 0.9434 0.9062
    26 -3.8916 -12.9548 -2.3316 0.5612 0.2822 0.7781 0.9355 0.8809
    25 -3.9554 -12.9989 -2.2479 0.7290 -0.4234 0.5379 0.9492 0.8809
witch hand.bmp
    34 -2.4944 -11.6686 -0.2931 0.5967 0.4671 0.6525 0.5938 0.0371
    34 -2.3901 -11.7445 -0.5412 0.4810 -0.7911 -0.3779 0.6055 0.0176
    34 -2.9485 -10.8984 -0.7779 0.6391 0.4985 0.5857 0.6953 0.0625
witch hand.bmp
    34 -2.4944 -11.6686 -0.2931 0.5967 0.4671 0.6525 0.5938 0.0371
    34 -2.9485 -10.8984 -0.7779 0.6391 0.4985 0.5857 0.6953 0.0625
    34 -3.3652 -10.8505 -0.6159 -0.0261 0.4770 0.8785 0.7051 0.0859
witch hand.bmp
    34 -3.3652 -10.8505 -0.6159 -0.0261 0.4770 0.8785 0.7051 0.0859
    34 -2.9485 -10.8984 -0.7779 0.6391 0.4985 0.5857 0.6953 0.0625
    23 -3.0681 -10.5767 -0.8403 0.4396 0.3886 0.8098 0.7363 0.0605
witch hand.bmp
    34 -3.3652 -10.8505 -0.6159 -0.0261 0.4770 0.8785 0.7051 0.0859
    23 -3.0681 -10.5767 -0.8403 0.4396 0.3886 0.8098 0.7363 0.0605
    23 -3.4913 -10.2695 -0.9906 -0.2875 0.5547 0.7808 0.7617 0.0918
witch hand.bmp
    23 -3.4913 -10.2695 -0.9906 -0.2875 0.5547 0.7808 0.7617 0.0918
    23 -3.0681 -10.5767 -0.8403 0.4396 0.3886 0.8098 0.7363 0.0605
    23 -3.0486 -9.9786 -1.1219 -0.0278 0.3757 0.9263 0.7910 0.0469
witch hand.bmp
    23 -3.4913 -10.2695 -0.9906 -0.2875 0.5547 0.7808 0.7617 0.0918
    23 -3.0486 -9.9786 -1.1219 -0.0278 0.3757 0.9263 0.7910 0.0469
    23 -3.8428 -9.9810 -1.4770 -0.5230 0.5855 0.6194 0.8105 0.1289
witch hand.bmp
    23 -3.8428 -9.9810 -1.4770 -0.5230 0.5855 0.6194 0.8105 0.1289
    23 -3.0486 -9.9786 -1.1219 -0.0278 0.3757 0.9263 0.7910 0.0469
    38 -2.5686 -9.3147 -1.2689 0.0486 0.7143 0.6982 0.8281 0.0547
witch hand.bmp
    23 -3.8428 -9.9810 -1.4770 -0.5230 0.5855 0.6194 0.8105 0.1289
    38 -2.5686 -9.3147 -1.2689 0.0486 0.7143 0.6982 0.8281 0.0547
    37 -3.7361 -9.2829 -2.3483 -0.1565 0.8542 0.4959 0.9023 0.1348
witch hand.bmp
    37 -3.7361 -9.2829 -2.3483 -0.1565 0.8542 0.4959 0.9023 0.1348
    38 -2.5686 -9.3147 -1.2689 0.0486 0.7143 0.6982 0.8281 0.0547
    37 -3.1088 -9.3284 -2.1097 0.0140 0.9995 -0.0288 0.8867 0.0723
witch hand.bmp
    37 -3.7361 -9.2829 -2.3483 -0.1565 0.8542 0.4959 0.9023 0.1348
    37 -3.1088 -9.3284 -2.1097 0.0140 0.9995 -0.0288 0.8867 0.0723
    37 -3.1195 -9.3225 -2.6489 0.3796 0.9180 0.1152 0.9336 0.0918
witch hand.bmp
    37 -3.1195 -9.3225 -2.6489 0.3796 0.9180 0.1152 0.9336 0.0918
    37 -3.1088 -9.3284 -2.1097 0.0140 0.9995 -0.0288 0.8867 0.0723
    38 -2.2407 -9.2804 -2.1706 0.4715 0.8305 -0.2966 0.9082 0.0371
witch hand.bmp
    37 -3.1195 -9.3225 -2.6489 0.3796 0.9180 0.1152 0.9336 0.0918
    38 -2.2407 -9.2804 -2.1706 0.4715 0.8305 -0.2966 0.9082 0.0371
    37 -2.9108 -9.4863 -2.7774 0.5853 0.6501 -0.4845 0.9434 0.0801
witch hand.bmp
    37 -2.9108 -9.4863 -2.7774 0.5853 0.6501 -0.4845 0.9434 0.0801
    38 -2.2407 -9.2804 -2.1706 0.4715 0.8305 -0.2966 0.9082 0.0371
    38 -2.3019 -9.5420 -2.5243 0.6056 0.3484 -0.7155 0.9316 0.0273
witch hand.bmp
    37 -2.9108 -9.4863 -2.7774 0.5853 0.6501 -0.4845 0.9434 0.0801
    38 -2.3019 -9.5420 -2.5243 0.6056 0.3484 -0.7155 0.9316 0.0273
    37 -2.8794 -9.7447 -2.9487 0.6724 0.0669 -0.7372 0.9551 0.0703
witch hand.bmp
    53 3.4053 -10.4720 -3.0841 -0.7020 -0.6234 -0.3444 0.7988 0.7734
    53 3.3488 -9.7816 -3.1936 -0.8433 0.3961 -0.3633 0.8613 0.7734
    53 3.6808 -9.8026 -3.7001 -0.6976 0.2430 -0.6741 0.8672 0.7266
witch hand.bmp
    53 3.4053 -10.4720 -3.0841 -0.7020 -0.6234 -0.3444 0.7988 0.7734
    53 3.6808 -9.8026 -3.7001 -0.6976 0.2430 -0.6741 0.8672 0.7266
    1 3.9463 -10.7278 -3.3200 -0.8971 -0.3760 -0.2321 0.7832 0.6973
witch hand.bmp
    1 3.9463 -10.7278 -3.3200 -0.8971 -0.3760 -0.2321 0.7832 0.6973
    53 3.6808 -9.8026 -3.7001 -0.6976 0.2430 -0.6741 0.8672 0.7266
    1 4.0441 -9.9539 -4.0260 -0.9045 0.1293 -0.4064 0.8711 0.6602
witch hand.bmp
    1 3.9463 -10.7278 -3.3200 -0.8971 -0.3760 -0.2321 0.7832 0.6973
    1 4.0441 -9.9539 -4.0260 -0.9045 0.1293 -0.4064 0.8711 0.6602
    1 4.1817 -10.8455 -4.1553 -0.9982 0.0531 0.0267 0.7969 0.6113
witch hand.bmp
    1 4.1817 -10.8455 -4.1553 -0.9982 0.0531 0.0267 0.7969 0.6113
    1 4.0441 -9.9539 -4.0260 -0.9045 0.1293 -0.4064 0.8711 0.6602
    1 4.1505 -10.1605 -4.5384 -0.9888 0.1251 -0.0814 0.8672 0.5996
witch hand.bmp
    1 4.1817 -10.8455 -4.1553 -0.9982 0.0531 0.0267 0.7969 0.6113
    1 4.1505 -10.1605 -4.5384 -0.9888 0.1251 -0.0814 0.8672 0.5996
    1 4.0265 -10.7975 -4.6092 -0.9815 0.1550 0.1125 0.8086 0.5762
witch hand.bmp
    1 4.0265 -10.7975 -4.6092 -0.9815 0.1550 0.1125 0.8086 0.5762
    1 4.1505 -10.1605 -4.5384 -0.9888 0.1251 -0.0814 0.8672 0.5996
    1 4.1496 -10.4438 -5.1484 -0.8675 0.1540 -0.4730 0.8535 0.5273
witch hand.bmp
    1 4.0265 -10.7975 -4.6092 -0.9815 0.1550 0.1125 0.8086 0.5762
    1 4.1496 -10.4438 -5.1484 -0.8675 0.1540 -0.4730 0.8535 0.5273
    1 4.0708 -10.7118 -5.0783 -0.9045 0.1293 -0.4064 0.8223 0.5273
witch hand.bmp
    1 4.0708 -10.7118 -5.0783 -0.9045 0.1293 -0.4064 0.8223 0.5273
    1 4.1496 -10.4438 -5.1484 -0.8675 0.1540 -0.4730 0.8535 0.5273
    1 4.4156 -10.7552 -5.3805 -0.4514 0.0123 -0.8922 0.8359 0.4824
witch hand.bmp
    1 4.0708 -10.7118 -5.0783 -0.9045 0.1293 -0.4064 0.8223 0.5273
    1 4.4156 -10.7552 -5.3805 -0.4514 0.0123 -0.8922 0.8359 0.4824
    1 4.0451 -11.7523 -5.1200 -0.7611 -0.5401 -0.3592 0.7344 0.5000
witch hand.bmp
    1 4.0451 -11.7523 -5.1200 -0.7611 -0.5401 -0.3592 0.7344 0.5000
    1 4.4156 -10.7552 -5.3805 -0.4514 0.0123 -0.8922 0.8359 0.4824
    1 4.2892 -11.9921 -5.3958 -0.3113 -0.1887 -0.9314 0.7266 0.4570
witch hand.bmp
    1 4.0451 -11.7523 -5.1200 -0.7611 -0.5401 -0.3592 0.7344 0.5000
    1 4.2892 -11.9921 -5.3958 -0.3113 -0.1887 -0.9314 0.7266 0.4570
    41 4.2035 -11.7698 -5.1313 -0.6859 -0.6351 -0.3553 0.6914 0.4844
witch hand.bmp
    41 4.2035 -11.7698 -5.1313 -0.6859 -0.6351 -0.3553 0.6914 0.4844
    1 4.2892 -11.9921 -5.3958 -0.3113 -0.1887 -0.9314 0.7266 0.4570
    41 4.1877 -12.1257 -5.2830 -0.4233 -0.0096 -0.9059 0.6875 0.4414
witch hand.bmp
    41 4.2035 -11.7698 -5.1313 -0.6859 -0.6351 -0.3553 0.6914 0.4844
    41 4.1877 -12.1257 -5.2830 -0.4233 -0.0096 -0.9059 0.6875 0.4414
    41 3.2354 -12.2496 -5.1862 0.1037 0.1215 -0.9872 0.6016 0.4336
witch hand.bmp
    36 -1.2225 -12.8621 -0.9569 0.7312 -0.3826 -0.5647 0.5957 0.9336
    36 -1.1891 -12.7619 -0.8717 0.9741 0.1420 -0.1761 0.6094 0.9004
    36 -1.2289 -12.9012 -0.8567 0.8100 -0.5603 -0.1728 0.6055 0.9336
witch hand.bmp
    36 -1.2225 -12.8621 -0.9569 0.7312 -0.3826 -0.5647 0.5957 0.9336
    36 -1.2289 -12.9012 -0.8567 0.8100 -0.5603 -0.1728 0.6055 0.9336
    36 -1.3264 -12.9023 -0.9792 0.2452 -0.6437 -0.7249 0.6016 0.9590
witch hand.bmp
    36 -1.3264 -12.9023 -0.9792 0.2452 -0.6437 -0.7249 0.6016 0.9590
    36 -1.2289 -12.9012 -0.8567 0.8100 -0.5603 -0.1728 0.6055 0.9336
    36 -1.3672 -12.9605 -0.8947 -0.0305 -0.9987 -0.0401 0.6289 0.9629
witch hand.bmp
    36 -1.3264 -12.9023 -0.9792 0.2452 -0.6437 -0.7249 0.6016 0.9590
    36 -1.3672 -12.9605 -0.8947 -0.0305 -0.9987 -0.0401 0.6289 0.9629
    36 -1.4470 -12.9058 -0.9582 -0.3877 -0.7364 -0.5544 0.6504 0.9805
witch hand.bmp
    36 -1.4470 -12.9058 -0.9582 -0.3877 -0.7364 -0.5544 0.6504 0.9805
    36 -1.3672 -12.9605 -0.8947 -0.0305 -0.9987 -0.0401 0.6289 0.9629
    36 -1.6615 -12.8347 -0.7063 -0.2997 -0.9455 0.1275 0.7090 0.9648
witch hand.bmp
    36 -1.4470 -12.9058 -0.9582 -0.3877 -0.7364 -0.5544 0.6504 0.9805
    36 -1.6615 -12.8347 -0.7063 -0.2997 -0.9455 0.1275 0.7090 0.9648
    36 -2.0313 -12.6584 -0.6108 -0.5913 -0.7162 -0.3707 0.7891 0.9785
witch hand.bmp
    36 -2.0313 -12.6584 -0.6108 -0.5913 -0.7162 -0.3707 0.7891 0.9785
    36 -1.6615 -12.8347 -0.7063 -0.2997 -0.9455 0.1275 0.7090 0.9648
    36 -1.9640 -12.7002 -0.4591 -0.3958 -0.8704 0.2930 0.7754 0.9629
witch hand.bmp
    36 -2.0313 -12.6584 -0.6108 -0.5913 -0.7162 -0.3707 0.7891 0.9785
    36 -1.9640 -12.7002 -0.4591 -0.3958 -0.8704 0.2930 0.7754 0.9629
    35 -2.7411 -12.1128 -0.3455 -0.5563 -0.7712 0.3096 0.9277 0.9648
witch hand.bmp
    35 -2.7411 -12.1128 -0.3455 -0.5563 -0.7712 0.3096 0.9277 0.9648
    36 -1.9640 -12.7002 -0.4591 -0.3958 -0.8704 0.2930 0.7754 0.9629
    36 -1.8517 -12.6606 -0.3267 0.0207 -0.6080 0.7936 0.7754 0.9375
witch hand.bmp
    35 -2.7411 -12.1128 -0.3455 -0.5563 -0.7712 0.3096 0.9277 0.9648
    36 -1.8517 -12.6606 -0.3267 0.0207 -0.6080 0.7936 0.7754 0.9375
    35 -2.6691 -12.0255 -0.1805 -0.2682 -0.4207 0.8666 0.9258 0.9375
witch hand.bmp
    35 -2.6691 -12.0255 -0.1805 -0.2682 -0.4207 0.8666 0.9258 0.9375
    36 -1.8517 -12.6606 -0.3267 0.0207 -0.6080 0.7936 0.7754 0.9375
    35 -2.5549 -11.8777 -0.1703 0.2214 0.1663 0.9609 0.9258 0.9082
witch hand.bmp
    35 -2.6691 -12.0255 -0.1805 -0.2682 -0.4207 0.8666 0.9258 0.9375
    35 -2.5549 -11.8777 -0.1703 0.2214 0.1663 0.9609 0.9258 0.9082
    34 -2.8659 -11.8537 -0.1936 -0.4964 -0.2337 0.8360 0.9434 0.9395
witch hand.bmp
    34 -2.8659 -11.8537 -0.1936 -0.4964 -0.2337 0.8360 0.9434 0.9395
    35 -2.5549 -11.8777 -0.1703 0.2214 0.1663 0.9609 0.9258 0.9082
    34 -2.7370 -11.7231 -0.1729 0.0377 0.2745 0.9608 0.9434 0.9062
witch hand.bmp
    39 -0.9884 -10.3927 -1.2349 0.6843 0.0547 0.7271 0.1934 0.1582
    39 -1.1732 -10.6747 -1.2657 -0.0401 -0.4002 0.9155 0.2285 0.1387
    39 -0.8177 -10.8946 -1.3523 0.5327 0.0022 0.8463 0.1895 0.0898
witch hand.bmp
    39 -0.9884 -10.3927 -1.2349 0.6843 0.0547 0.7271 0.1934 0.1582
    39 -0.8177 -10.8946 -1.3523 0.5327 0.0022 0.8463 0.1895 0.0898
    39 -0.7407 -10.8320 -1.5266 0.9197 0.3576 0.1619 0.1562 0.0918
witch hand.bmp
    39 -0.7407 -10.8320 -1.5266 0.9197 0.3576 0.1619 0.1562 0.0918
    39 -0.8177 -10.8946 -1.3523 0.5327 0.0022 0.8463 0.1895 0.0898
    39 -0.4699 -11.2917 -1.5921 0.9469 -0.0694 0.3139 0.1543 0.0391
witch hand.bmp
    39 -0.7407 -10.8320 -1.5266 0.9197 0.3576 0.1619 0.1562 0.0918
    39 -0.4699 -11.2917 -1.5921 0.9469 -0.0694 0.3139 0.1543 0.0391
    39 -0.4740 -11.3318 -1.7942 0.8930 -0.0832 -0.4422 0.1387 0.0312
witch hand.bmp
    39 -0.4740 -11.3318 -1.7942 0.8930 -0.0832 -0.4422 0.1387 0.0312
    39 -0.4699 -11.2917 -1.5921 0.9469 -0.0694 0.3139 0.1543 0.0391
    39 -0.5072 -11.3687 -1.7734 0.6512 -0.7108 -0.2658 0.1387 0.0234
witch hand.bmp
    39 -0.4740 -11.3318 -1.7942 0.8930 -0.0832 -0.4422 0.1387 0.0312
    39 -0.5072 -11.3687 -1.7734 0.6512 -0.7108 -0.2658 0.1387 0.0234
    39 -0.6550 -11.3304 -1.9220 0.2708 -0.1955 -0.9426 0.1133 0.0410
witch hand.bmp
    39 -0.6550 -11.3304 -1.9220 0.2708 -0.1955 -0.9426 0.1133 0.0410
    39 -0.5072 -11.3687 -1.7734 0.6512 -0.7108 -0.2658 0.1387 0.0234
    39 -0.7618 -11.4344 -1.8492 -0.2958 -0.8064 -0.5121 0.0957 0.0371
witch hand.bmp
    39 -0.6550 -11.3304 -1.9220 0.2708 -0.1955 -0.9426 0.1133 0.0410
    39 -0.7618 -11.4344 -1.8492 -0.2958 -0.8064 -0.5121 0.0957 0.0371
    39 -1.1065 -10.9615 -1.8541 -0.4424 -0.2797 -0.8521 0.0820 0.0879
witch hand.bmp
    39 -1.1065 -10.9615 -1.8541 -0.4424 -0.2797 -0.8521 0.0820 0.0879
    39 -0.7618 -11.4344 -1.8492 -0.2958 -0.8064 -0.5121 0.0957 0.0371
    39 -1.1203 -11.1392 -1.6870 -0.7259 -0.6660 -0.1721 0.0703 0.0703
witch hand.bmp
    39 -1.1065 -10.9615 -1.8541 -0.4424 -0.2797 -0.8521 0.0820 0.0879
    39 -1.1203 -11.1392 -1.6870 -0.7259 -0.6660 -0.1721 0.0703 0.0703
    39 -1.4501 -10.7010 -1.6289 -0.7723 -0.5580 -0.3036 0.0547 0.1426
witch hand.bmp
    39 -1.4501 -10.7010 -1.6289 -0.7723 -0.5580 -0.3036 0.0547 0.1426
    39 -1.1203 -11.1392 -1.6870 -0.7259 -0.6660 -0.1721 0.0703 0.0703
    39 -1.3891 -10.7433 -1.3714 -0.6105 -0.6239 0.4879 0.0234 0.1328
witch hand.bmp
    39 -1.4501 -10.7010 -1.6289 -0.7723 -0.5580 -0.3036 0.0547 0.1426
    39 -1.3891 -10.7433 -1.3714 -0.6105 -0.6239 0.4879 0.0234 0.1328
    39 -1.5593 -10.5998 -1.5662 -0.3298 -0.9413 -0.0723 0.0332 0.1602
witch hand.bmp
    39 -1.5593 -10.5998 -1.5662 -0.3298 -0.9413 -0.0723 0.0332 0.1602
    39 -1.3891 -10.7433 -1.3714 -0.6105 -0.6239 0.4879 0.0234 0.1328
    39 -1.4347 -10.5921 -1.2581 -0.3590 -0.5753 0.7349 0.0137 0.1582
witch hand.bmp
    34 -2.5334 -11.9620 -0.6820 -0.5207 0.7964 -0.3076 0.9512 0.8125
    34 -2.3901 -11.7445 -0.5412 0.4810 -0.7911 -0.3779 0.9512 0.8516
    35 -2.4198 -11.7160 -0.6059 -0.2371 0.9652 -0.1102 0.9395 0.8477
witch hand.bmp
    34 -2.5334 -11.9620 -0.6820 -0.5207 0.7964 -0.3076 0.9512 0.8125
    35 -2.4198 -11.7160 -0.6059 -0.2371 0.9652 -0.1102 0.9395 0.8477
    35 -2.5575 -11.9095 -0.7489 -0.6232 0.4697 -0.6253 0.9395 0.8125
witch hand.bmp
    35 -2.5575 -11.9095 -0.7489 -0.6232 0.4697 -0.6253 0.9395 0.8125
    35 -2.4198 -11.7160 -0.6059 -0.2371 0.9652 -0.1102 0.9395 0.8477
    35 -1.7904 -12.2882 -0.6215 -0.6954 -0.0656 -0.7156 0.8477 0.8516
witch hand.bmp
    35 -2.5575 -11.9095 -0.7489 -0.6232 0.4697 -0.6253 0.9395 0.8125
    35 -1.7904 -12.2882 -0.6215 -0.6954 -0.0656 -0.7156 0.8477 0.8516
    35 -1.9332 -12.4566 -0.7490 -0.8534 0.4769 0.2104 0.8398 0.8125
witch hand.bmp
    35 -1.9332 -12.4566 -0.7490 -0.8534 0.4769 0.2104 0.8398 0.8125
    35 -1.7904 -12.2882 -0.6215 -0.6954 -0.0656 -0.7156 0.8477 0.8516
    36 -1.8314 -12.2703 -0.6501 -0.3923 0.8705 0.2972 0.8242 0.8496
witch hand.bmp
    35 -1.9332 -12.4566 -0.7490 -0.8534 0.4769 0.2104 0.8398 0.8125
    36 -1.8314 -12.2703 -0.6501 -0.3923 0.8705 0.2972 0.8242 0.8496
    36 -1.9872 -12.4322 -0.7672 -0.9266 0.3564 -0.1204 0.8164 0.8145
witch hand.bmp
    36 -1.9872 -12.4322 -0.7672 -0.9266 0.3564 -0.1204 0.8164 0.8145
    36 -1.8314 -12.2703 -0.6501 -0.3923 0.8705 0.2972 0.8242 0.8496
    36 -1.5859 -12.4686 -0.9877 -0.0490 0.6593 -0.7503 0.7207 0.8320
witch hand.bmp
    36 -1.9872 -12.4322 -0.7672 -0.9266 0.3564 -0.1204 0.8164 0.8145
    36 -1.5859 -12.4686 -0.9877 -0.0490 0.6593 -0.7503 0.7207 0.8320
    36 -1.4876 -12.7049 -1.0820 -0.2364 -0.1675 -0.9571 0.6992 0.8145
witch hand.bmp
    36 -1.4876 -12.7049 -1.0820 -0.2364 -0.1675 -0.9571 0.6992 0.8145
    36 -1.5859 -12.4686 -0.9877 -0.0490 0.6593 -0.7503 0.7207 0.8320
    36 -1.3687 -12.6730 -1.0699 0.3880 0.1385 -0.9112 0.6895 0.8301
witch hand.bmp
    36 -1.4876 -12.7049 -1.0820 -0.2364 -0.1675 -0.9571 0.6992 0.8145
    36 -1.3687 -12.6730 -1.0699 0.3880 0.1385 -0.9112 0.6895 0.8301
    36 -1.2225 -12.8621 -0.9569 0.7312 -0.3826 -0.5647 0.6719 0.8301
witch hand.bmp
    36 -1.2225 -12.8621 -0.9569 0.7312 -0.3826 -0.5647 0.6719 0.8301
    36 -1.3687 -12.6730 -1.0699 0.3880 0.1385 -0.9112 0.6895 0.8301
    36 -1.3144 -12.5568 -0.9672 0.6464 0.6593 -0.3840 0.6992 0.8516
witch hand.bmp
    36 -1.2225 -12.8621 -0.9569 0.7312 -0.3826 -0.5647 0.6719 0.8301
    36 -1.3144 -12.5568 -0.9672 0.6464 0.6593 -0.3840 0.6992 0.8516
    36 -1.1891 -12.7619 -0.8717 0.9741 0.1420 -0.1761 0.6797 0.8535
witch hand.bmp
    36 -1.1891 -12.7619 -0.8717 0.9741 0.1420 -0.1761 0.6797 0.8535
    36 -1.3144 -12.5568 -0.9672 0.6464 0.6593 -0.3840 0.6992 0.8516
    36 -1.2349 -12.6732 -0.7959 0.8050 0.5191 0.2871 0.6992 0.8691
witch hand.bmp
    28 -3.2925 -12.7032 -1.9048 0.9270 -0.3477 -0.1405 0.9512 0.8516
    28 -3.3243 -12.8285 -1.6473 0.6465 0.1703 0.7436 0.9492 0.8730
    29 -3.3733 -12.7011 -1.8629 0.7896 -0.5635 0.2430 0.9395 0.8477
witch hand.bmp
    28 -3.2925 -12.7032 -1.9048 0.9270 -0.3477 -0.1405 0.9512 0.8516
    29 -3.3733 -12.7011 -1.8629 0.7896 -0.5635 0.2430 0.9395 0.8477
    29 -3.5505 -12.7798 -2.0654 -0.7019 -0.7115 -0.0316 0.9395 0.8125
witch hand.bmp
    29 -3.5505 -12.7798 -2.0654 -0.7019 -0.7115 -0.0316 0.9395 0.8125
    29 -3.3733 -12.7011 -1.8629 0.7896 -0.5635 0.2430 0.9395 0.8477
    29 -2.5543 -12.8363 -2.4740 -0.5505 -0.1797 0.8152 0.8477 0.8516
witch hand.bmp
    29 -3.5505 -12.7798 -2.0654 -0.7019 -0.7115 -0.0316 0.9395 0.8125
    29 -2.5543 -12.8363 -2.4740 -0.5505 -0.1797 0.8152 0.8477 0.8516
    29 -2.6850 -12.8958 -2.6684 0.7176 0.2608 -0.6457 0.8398 0.8125
witch hand.bmp
    29 -2.6850 -12.8958 -2.6684 0.7176 0.2608 -0.6457 0.8398 0.8125
    29 -2.5543 -12.8363 -2.4740 -0.5505 -0.1797 0.8152 0.8477 0.8516
    30 -2.5767 -12.8262 -2.4505 -0.4383 -0.0289 0.8984 0.8242 0.8496
witch hand.bmp
    29 -2.6850 -12.8958 -2.6684 0.7176 0.2608 -0.6457 0.8398 0.8125
    30 -2.5767 -12.8262 -2.4505 -0.4383 -0.0289 0.8984 0.8242 0.8496
    30 -2.7301 -12.8924 -2.6370 -0.8831 -0.3926 0.2568 0.8164 0.8145
witch hand.bmp
    30 -2.7301 -12.8924 -2.6370 -0.8831 -0.3926 0.2568 0.8164 0.8145
    30 -2.5767 -12.8262 -2.4505 -0.4383 -0.0289 0.8984 0.8242 0.8496
    30 -2.5029 -12.4674 -2.8299 -0.6549 0.7385 0.1604 0.7207 0.8320
witch hand.bmp
    30 -2.7301 -12.8924 -2.6370 -0.8831 -0.3926 0.2568 0.8164 0.8145
    30 -2.5029 -12.4674 -2.8299 -0.6549 0.7385 0.1604 0.7207 0.8320
    30 -2.3448 -12.3982 -3.0983 -0.6045 0.5600 -0.5665 0.6992 0.8145
witch hand.bmp
    30 -2.3448 -12.3982 -3.0983 -0.6045 0.5600 -0.5665 0.6992 0.8145
    30 -2.5029 -12.4674 -2.8299 -0.6549 0.7385 0.1604 0.7207 0.8320
    30 -2.2678 -12.3573 -3.0699 -0.1338 0.9461 -0.2950 0.6895 0.8301
witch hand.bmp
    30 -2.3448 -12.3982 -3.0983 -0.6045 0.5600 -0.5665 0.6992 0.8145
    30 -2.2678 -12.3573 -3.0699 -0.1338 0.9461 -0.2950 0.6895 0.8301
    30 -2.0903 -12.4249 -3.1721 0.4386 0.6625 -0.6073 0.6719 0.8301
witch hand.bmp
    30 -2.0903 -12.4249 -3.1721 0.4386 0.6625 -0.6073 0.6719 0.8301
    30 -2.2678 -12.3573 -3.0699 -0.1338 0.9461 -0.2950 0.6895 0.8301
    30 -2.2190 -12.3518 -2.9350 0.1456 0.9151 0.3759 0.6992 0.8516
witch hand.bmp
    30 -2.0903 -12.4249 -3.1721 0.4386 0.6625 -0.6073 0.6719 0.8301
    30 -2.2190 -12.3518 -2.9350 0.1456 0.9151 0.3759 0.6992 0.8516
    30 -2.0308 -12.4187 -3.0463 0.7539 0.6560 0.0368 0.6797 0.8535
witch hand.bmp
    30 -2.0308 -12.4187 -3.0463 0.7539 0.6560 0.0368 0.6797 0.8535
    30 -2.2190 -12.3518 -2.9350 0.1456 0.9151 0.3759 0.6992 0.8516
    30 -2.0664 -12.4682 -2.9276 0.6993 0.3929 0.5972 0.6992 0.8691
witch hand.bmp
    37 -2.5642 -10.4133 -2.6050 0.5568 -0.5840 -0.5907 0.8672 0.7266
    37 -2.3326 -10.5473 -1.6971 0.4339 -0.8824 0.1818 0.7988 0.7734
    23 -2.9622 -10.7621 -1.9192 0.5384 -0.8109 -0.2294 0.7832 0.6973
witch hand.bmp
    37 -2.5642 -10.4133 -2.6050 0.5568 -0.5840 -0.5907 0.8672 0.7266
    23 -2.9622 -10.7621 -1.9192 0.5384 -0.8109 -0.2294 0.7832 0.6973
    37 -3.1536 -10.4801 -2.8202 0.5339 -0.6647 -0.5227 0.8711 0.6602
witch hand.bmp
    37 -3.1536 -10.4801 -2.8202 0.5339 -0.6647 -0.5227 0.8711 0.6602
    23 -2.9622 -10.7621 -1.9192 0.5384 -0.8109 -0.2294 0.7832 0.6973
    23 -3.6105 -10.9495 -2.4946 0.7948 -0.5471 -0.2625 0.7969 0.6113
witch hand.bmp
    37 -3.1536 -10.4801 -2.8202 0.5339 -0.6647 -0.5227 0.8711 0.6602
    23 -3.6105 -10.9495 -2.4946 0.7948 -0.5471 -0.2625 0.7969 0.6113
    23 -3.4890 -10.5367 -3.1510 0.7337 -0.5364 -0.4172 0.8672 0.5996
witch hand.bmp
    23 -3.4890 -10.5367 -3.1510 0.7337 -0.5364 -0.4172 0.8672 0.5996
    23 -3.6105 -10.9495 -2.4946 0.7948 -0.5471 -0.2625 0.7969 0.6113
    23 -3.6906 -11.1254 -2.9363 0.8785 -0.4126 -0.2408 0.8086 0.5762
witch hand.bmp
    23 -3.4890 -10.5367 -3.1510 0.7337 -0.5364 -0.4172 0.8672 0.5996
    23 -3.6906 -11.1254 -2.9363 0.8785 -0.4126 -0.2408 0.8086 0.5762
    23 -3.8901 -10.9253 -3.5245 0.5062 -0.5078 -0.6970 0.8535 0.5273
witch hand.bmp
    23 -3.8901 -10.9253 -3.5245 0.5062 -0.5078 -0.6970 0.8535 0.5273
    23 -3.6906 -11.1254 -2.9363 0.8785 -0.4126 -0.2408 0.8086 0.5762
    23 -3.9119 -11.1556 -3.3510 0.5571 -0.5300 -0.6393 0.8223 0.5273
witch hand.bmp
    23 -3.8901 -10.9253 -3.5245 0.5062 -0.5078 -0.6970 0.8535 0.5273
    23 -3.9119 -11.1556 -3.3510 0.5571 -0.5300 -0.6393 0.8223 0.5273
    23 -4.3349 -11.0765 -3.4951 -0.0769 -0.4930 -0.8666 0.8359 0.4824
witch hand.bmp
    23 -4.3349 -11.0765 -3.4951 -0.0769 -0.4930 -0.8666 0.8359 0.4824
    23 -3.9119 -11.1556 -3.3510 0.5571 -0.5300 -0.6393 0.8223 0.5273
    23 -4.3253 -11.9880 -2.8880 0.4595 -0.6766 -0.5754 0.7344 0.5000
witch hand.bmp
    23 -4.3349 -11.0765 -3.4951 -0.0769 -0.4930 -0.8666 0.8359 0.4824
    23 -4.3253 -11.9880 -2.8880 0.4595 -0.6766 -0.5754 0.7344 0.5000
    23 -4.7589 -12.1120 -2.9363 -0.3304 -0.5502 -0.7669 0.7266 0.4570
witch hand.bmp
    23 -4.7589 -12.1120 -2.9363 -0.3304 -0.5502 -0.7669 0.7266 0.4570
    23 -4.3253 -11.9880 -2.8880 0.4595 -0.6766 -0.5754 0.7344 0.5000
    25 -4.4329 -12.0680 -2.8588 0.3274 -0.4765 -0.8159 0.6914 0.4844
witch hand.bmp
    23 -4.7589 -12.1120 -2.9363 -0.3304 -0.5502 -0.7669 0.7266 0.4570
    25 -4.4329 -12.0680 -2.8588 0.3274 -0.4765 -0.8159 0.6914 0.4844
    25 -4.7338 -12.3078 -2.7492 -0.4114 -0.5297 -0.7417 0.6875 0.4414
witch hand.bmp
    25 -4.7338 -12.3078 -2.7492 -0.4114 -0.5297 -0.7417 0.6875 0.4414
    25 -4.4329 -12.0680 -2.8588 0.3274 -0.4765 -0.8159 0.6914 0.4844
    25 -4.1950 -13.1019 -2.6302 0.4265 0.6170 -0.6614 0.6016 0.4336
witch hand.bmp
    55 2.4704 -10.3961 -2.5853 0.0093 -0.9237 -0.3831 0.2520 0.1230
    54 2.5810 -10.4414 -2.4357 -0.1878 -0.9821 0.0117 0.2441 0.1602
    55 2.3948 -10.3517 -2.3509 -0.2286 -0.8936 0.3863 0.2285 0.1387
witch hand.bmp
    55 2.4704 -10.3961 -2.5853 0.0093 -0.9237 -0.3831 0.2520 0.1230
    55 2.3948 -10.3517 -2.3509 -0.2286 -0.8936 0.3863 0.2285 0.1387
    55 1.9383 -10.3035 -2.4242 -0.2333 -0.9138 0.3326 0.2051 0.0723
witch hand.bmp
    55 1.9383 -10.3035 -2.4242 -0.2333 -0.9138 0.3326 0.2051 0.0723
    55 2.3948 -10.3517 -2.3509 -0.2286 -0.8936 0.3863 0.2285 0.1387
    55 1.9995 -10.2029 -2.2682 -0.2774 -0.4058 0.8709 0.1895 0.0898
witch hand.bmp
    55 1.9383 -10.3035 -2.4242 -0.2333 -0.9138 0.3326 0.2051 0.0723
    55 1.9995 -10.2029 -2.2682 -0.2774 -0.4058 0.8709 0.1895 0.0898
    55 1.4794 -10.1471 -2.4239 -0.6279 -0.6223 0.4673 0.1758 0.0371
witch hand.bmp
    55 1.4794 -10.1471 -2.4239 -0.6279 -0.6223 0.4673 0.1758 0.0371
    55 1.9995 -10.2029 -2.2682 -0.2774 -0.4058 0.8709 0.1895 0.0898
    55 1.4615 -10.0258 -2.3784 -0.6169 0.1725 0.7679 0.1543 0.0391
witch hand.bmp
    55 1.4794 -10.1471 -2.4239 -0.6279 -0.6223 0.4673 0.1758 0.0371
    55 1.4615 -10.0258 -2.3784 -0.6169 0.1725 0.7679 0.1543 0.0391
    55 1.4109 -9.9356 -2.5578 -0.9740 0.2146 -0.0721 0.1387 0.0234
witch hand.bmp
    55 1.4109 -9.9356 -2.5578 -0.9740 0.2146 -0.0721 0.1387 0.0234
    55 1.4615 -10.0258 -2.3784 -0.6169 0.1725 0.7679 0.1543 0.0391
    55 1.4285 -9.8871 -2.5306 -0.6367 0.7285 0.2529 0.1387 0.0312
witch hand.bmp
    55 1.4109 -9.9356 -2.5578 -0.9740 0.2146 -0.0721 0.1387 0.0234
    55 1.4285 -9.8871 -2.5306 -0.6367 0.7285 0.2529 0.1387 0.0312
    55 1.5252 -9.8683 -2.7185 -0.3722 0.7773 -0.5072 0.1133 0.0410
witch hand.bmp
    55 1.5252 -9.8683 -2.7185 -0.3722 0.7773 -0.5072 0.1133 0.0410
    55 1.4285 -9.8871 -2.5306 -0.6367 0.7285 0.2529 0.1387 0.0312
    55 1.9901 -9.8835 -2.4487 -0.2793 0.8920 0.3554 0.1367 0.0898
witch hand.bmp
    55 1.5252 -9.8683 -2.7185 -0.3722 0.7773 -0.5072 0.1133 0.0410
    55 1.9901 -9.8835 -2.4487 -0.2793 0.8920 0.3554 0.1367 0.0898
    55 2.0598 -9.8608 -2.6554 -0.0730 0.9375 -0.3402 0.1133 0.0938
witch hand.bmp
    55 2.0598 -9.8608 -2.6554 -0.0730 0.9375 -0.3402 0.1133 0.0938
    55 1.9901 -9.8835 -2.4487 -0.2793 0.8920 0.3554 0.1367 0.0898
    55 2.0461 -9.8559 -2.4384 -0.3731 0.8802 0.2934 0.1367 0.0977
witch hand.bmp
    55 2.0598 -9.8608 -2.6554 -0.0730 0.9375 -0.3402 0.1133 0.0938
    55 2.0461 -9.8559 -2.4384 -0.3731 0.8802 0.2934 0.1367 0.0977
    55 2.5317 -9.7776 -2.5505 -0.1070 0.9532 -0.2828 0.1074 0.1562
witch hand.bmp
    55 2.5317 -9.7776 -2.5505 -0.1070 0.9532 -0.2828 0.1074 0.1562
    55 2.0461 -9.8559 -2.4384 -0.3731 0.8802 0.2934 0.1367 0.0977
    55 2.5013 -9.7784 -2.3054 -0.2450 0.9241 0.2932 0.1367 0.1582
witch hand.bmp
    43 2.1763 -11.0106 -5.0525 -0.7817 0.6194 -0.0720 0.6055 0.9336
    43 2.2425 -10.9269 -5.0574 -0.3037 0.9526 -0.0167 0.5957 0.9336
    43 2.2765 -10.9625 -5.1451 -0.1487 0.7713 -0.6189 0.6016 0.9590
witch hand.bmp
    43 2.1763 -11.0106 -5.0525 -0.7817 0.6194 -0.0720 0.6055 0.9336
    43 2.2765 -10.9625 -5.1451 -0.1487 0.7713 -0.6189 0.6016 0.9590
    43 2.2216 -11.0443 -5.1593 -0.5671 0.1298 -0.8134 0.6289 0.9629
witch hand.bmp
    43 2.2216 -11.0443 -5.1593 -0.5671 0.1298 -0.8134 0.6289 0.9629
    43 2.2765 -10.9625 -5.1451 -0.1487 0.7713 -0.6189 0.6016 0.9590
    43 2.3042 -11.0393 -5.1830 0.0612 0.2780 -0.9586 0.6504 0.9805
witch hand.bmp
    43 2.2216 -11.0443 -5.1593 -0.5671 0.1298 -0.8134 0.6289 0.9629
    43 2.3042 -11.0393 -5.1830 0.0612 0.2780 -0.9586 0.6504 0.9805
    43 2.3126 -11.3532 -5.1824 -0.5552 -0.1014 -0.8255 0.7090 0.9648
witch hand.bmp
    43 2.3126 -11.3532 -5.1824 -0.5552 -0.1014 -0.8255 0.7090 0.9648
    43 2.3042 -11.0393 -5.1830 0.0612 0.2780 -0.9586 0.6504 0.9805
    43 2.5033 -11.6944 -5.2279 0.0440 0.0643 -0.9970 0.7891 0.9785
witch hand.bmp
    43 2.3126 -11.3532 -5.1824 -0.5552 -0.1014 -0.8255 0.7090 0.9648
    43 2.5033 -11.6944 -5.2279 0.0440 0.0643 -0.9970 0.7891 0.9785
    42 2.3763 -11.8392 -5.1775 -0.5448 -0.3741 -0.7505 0.7754 0.9629
witch hand.bmp
    42 2.3763 -11.8392 -5.1775 -0.5448 -0.3741 -0.7505 0.7754 0.9629
    43 2.5033 -11.6944 -5.2279 0.0440 0.0643 -0.9970 0.7891 0.9785
    42 3.0694 -12.2842 -5.1840 -0.3436 -0.4734 -0.8111 0.9277 0.9648
witch hand.bmp
    42 2.3763 -11.8392 -5.1775 -0.5448 -0.3741 -0.7505 0.7754 0.9629
    42 3.0694 -12.2842 -5.1840 -0.3436 -0.4734 -0.8111 0.9277 0.9648
    42 3.0172 -12.3186 -4.9975 -0.6125 -0.7845 -0.0969 0.9258 0.9375
witch hand.bmp
    42 3.0172 -12.3186 -4.9975 -0.6125 -0.7845 -0.0969 0.9258 0.9375
    42 3.0694 -12.2842 -5.1840 -0.3436 -0.4734 -0.8111 0.9277 0.9648
    41 3.2103 -12.5026 -4.9876 -0.3440 -0.9379 -0.0452 0.9434 0.9395
witch hand.bmp
    42 3.0172 -12.3186 -4.9975 -0.6125 -0.7845 -0.0969 0.9258 0.9375
    41 3.2103 -12.5026 -4.9876 -0.3440 -0.9379 -0.0452 0.9434 0.9395
    42 3.0278 -12.3084 -4.8763 -0.5849 -0.6432 0.4941 0.9258 0.9082
witch hand.bmp
    42 3.0278 -12.3084 -4.8763 -0.5849 -0.6432 0.4941 0.9258 0.9082
    41 3.2103 -12.5026 -4.9876 -0.3440 -0.9379 -0.0452 0.9434 0.9395
    41 3.1959 -12.4728 -4.8483 -0.4026 -0.8012 0.4427 0.9434 0.9062
witch hand.bmp
    42 3.0278 -12.3084 -4.8763 -0.5849 -0.6432 0.4941 0.9258 0.9082
    41 3.1959 -12.4728 -4.8483 -0.4026 -0.8012 0.4427 0.9434 0.9062
    42 3.1502 -12.1950 -4.7364 0.2028 0.1008 0.9740 0.9355 0.8809
witch hand.bmp
    42 3.1502 -12.1950 -4.7364 0.2028 0.1008 0.9740 0.9355 0.8809
    41 3.1959 -12.4728 -4.8483 -0.4026 -0.8012 0.4427 0.9434 0.9062
    41 3.1960 -12.3005 -4.7279 -0.4854 -0.1563 0.8602 0.9492 0.8809
witch hand.bmp
    52 1.5320 -11.5545 -2.6376 -0.6208 0.7525 0.2198 0.6797 0.8535
    52 1.6266 -11.5609 -2.5551 -0.2721 0.6400 0.7186 0.6992 0.8691
    52 1.7731 -11.4522 -2.6832 -0.0208 0.9867 0.1614 0.6992 0.8516
witch hand.bmp
    52 1.5320 -11.5545 -2.6376 -0.6208 0.7525 0.2198 0.6797 0.8535
    52 1.7731 -11.4522 -2.6832 -0.0208 0.9867 0.1614 0.6992 0.8516
    52 1.5012 -11.5841 -2.7683 -0.7663 0.4942 -0.4105 0.6719 0.8301
witch hand.bmp
    52 1.5012 -11.5841 -2.7683 -0.7663 0.4942 -0.4105 0.6719 0.8301
    52 1.7731 -11.4522 -2.6832 -0.0208 0.9867 0.1614 0.6992 0.8516
    52 1.7423 -11.4945 -2.8294 -0.1442 0.7948 -0.5895 0.6895 0.8301
witch hand.bmp
    52 1.5012 -11.5841 -2.7683 -0.7663 0.4942 -0.4105 0.6719 0.8301
    52 1.7423 -11.4945 -2.8294 -0.1442 0.7948 -0.5895 0.6895 0.8301
    52 1.8103 -11.5776 -2.8908 0.1200 0.2647 -0.9568 0.6992 0.8145
witch hand.bmp
    52 1.8103 -11.5776 -2.8908 0.1200 0.2647 -0.9568 0.6992 0.8145
    52 1.7423 -11.4945 -2.8294 -0.1442 0.7948 -0.5895 0.6895 0.8301
    52 2.0352 -11.5404 -2.7410 0.5182 0.7717 -0.3686 0.7207 0.8320
witch hand.bmp
    52 1.8103 -11.5776 -2.8908 0.1200 0.2647 -0.9568 0.6992 0.8145
    52 2.0352 -11.5404 -2.7410 0.5182 0.7717 -0.3686 0.7207 0.8320
    52 2.3455 -11.8707 -2.6656 0.9320 -0.2636 -0.2488 0.8164 0.8145
witch hand.bmp
    52 2.3455 -11.8707 -2.6656 0.9320 -0.2636 -0.2488 0.8164 0.8145
    52 2.0352 -11.5404 -2.7410 0.5182 0.7717 -0.3686 0.7207 0.8320
    52 2.3303 -11.7419 -2.4479 0.8595 0.1542 0.4873 0.8242 0.8496
witch hand.bmp
    52 2.3455 -11.8707 -2.6656 0.9320 -0.2636 -0.2488 0.8164 0.8145
    52 2.3303 -11.7419 -2.4479 0.8595 0.1542 0.4873 0.8242 0.8496
    51 2.2785 -11.8703 -2.6497 0.9490 -0.3080 0.0674 0.8398 0.8125
witch hand.bmp
    51 2.2785 -11.8703 -2.6497 0.9490 -0.3080 0.0674 0.8398 0.8125
    52 2.3303 -11.7419 -2.4479 0.8595 0.1542 0.4873 0.8242 0.8496
    51 2.2816 -11.7507 -2.4246 0.4882 -0.0468 -0.8715 0.8477 0.8516
witch hand.bmp
    51 2.2785 -11.8703 -2.6497 0.9490 -0.3080 0.0674 0.8398 0.8125
    51 2.2816 -11.7507 -2.4246 0.4882 -0.0468 -0.8715 0.8477 0.8516
    51 3.1085 -11.8415 -2.6499 0.7260 0.3379 -0.5989 0.9395 0.8125
witch hand.bmp
    51 3.1085 -11.8415 -2.6499 0.7260 0.3379 -0.5989 0.9395 0.8125
    51 2.2816 -11.7507 -2.4246 0.4882 -0.0468 -0.8715 0.8477 0.8516
    51 3.1321 -11.7162 -2.4036 0.7511 0.6439 0.1457 0.9395 0.8477
witch hand.bmp
    51 3.1085 -11.8415 -2.6499 0.7260 0.3379 -0.5989 0.9395 0.8125
    51 3.1321 -11.7162 -2.4036 0.7511 0.6439 0.1457 0.9395 0.8477
    50 3.0778 -11.8775 -2.6289 0.8431 0.5377 -0.0089 0.9512 0.8125
witch hand.bmp
    50 3.0778 -11.8775 -2.6289 0.8431 0.5377 -0.0089 0.9512 0.8125
    51 3.1321 -11.7162 -2.4036 0.7511 0.6439 0.1457 0.9395 0.8477
    50 3.1179 -11.7388 -2.3678 -0.4663 0.0578 -0.8828 0.9512 0.8516
witch hand.bmp
    46 1.4285 -11.3739 -4.1396 -0.4369 0.7031 0.5611 0.6797 0.8535
    46 1.5060 -11.4583 -4.0714 -0.1717 0.2897 0.9416 0.6992 0.8691
    46 1.6569 -11.3632 -4.1426 0.3015 0.7843 0.5422 0.6992 0.8516
witch hand.bmp
    46 1.4285 -11.3739 -4.1396 -0.4369 0.7031 0.5611 0.6797 0.8535
    46 1.6569 -11.3632 -4.1426 0.3015 0.7843 0.5422 0.6992 0.8516
    46 1.4116 -11.3515 -4.2760 -0.5050 0.8522 -0.1371 0.6719 0.8301
witch hand.bmp
    46 1.4116 -11.3515 -4.2760 -0.5050 0.8522 -0.1371 0.6719 0.8301
    46 1.6569 -11.3632 -4.1426 0.3015 0.7843 0.5422 0.6992 0.8516
    46 1.6267 -11.3364 -4.2804 0.1963 0.9684 -0.1536 0.6895 0.8301
witch hand.bmp
    46 1.4116 -11.3515 -4.2760 -0.5050 0.8522 -0.1371 0.6719 0.8301
    46 1.6267 -11.3364 -4.2804 0.1963 0.9684 -0.1536 0.6895 0.8301
    46 1.6563 -11.3808 -4.3528 0.3481 0.6213 -0.7021 0.6992 0.8145
witch hand.bmp
    46 1.6563 -11.3808 -4.3528 0.3481 0.6213 -0.7021 0.6992 0.8145
    46 1.6267 -11.3364 -4.2804 0.1963 0.9684 -0.1536 0.6895 0.8301
    46 1.9155 -11.5375 -4.2449 0.8055 0.5825 -0.1087 0.7207 0.8320
witch hand.bmp
    46 1.6563 -11.3808 -4.3528 0.3481 0.6213 -0.7021 0.6992 0.8145
    46 1.9155 -11.5375 -4.2449 0.8055 0.5825 -0.1087 0.7207 0.8320
    46 2.0983 -12.0301 -4.2754 0.6884 0.3401 -0.6407 0.8164 0.8145
witch hand.bmp
    46 2.0983 -12.0301 -4.2754 0.6884 0.3401 -0.6407 0.8164 0.8145
    46 1.9155 -11.5375 -4.2449 0.8055 0.5825 -0.1087 0.7207 0.8320
    46 2.0797 -11.9924 -4.0288 0.6952 0.4553 0.5562 0.8242 0.8496
witch hand.bmp
    46 2.0983 -12.0301 -4.2754 0.6884 0.3401 -0.6407 0.8164 0.8145
    46 2.0797 -11.9924 -4.0288 0.6952 0.4553 0.5562 0.8242 0.8496
    45 2.1215 -12.0519 -4.2696 0.5159 0.5795 -0.6308 0.8398 0.8125
witch hand.bmp
    45 2.1215 -12.0519 -4.2696 0.5159 0.5795 -0.6308 0.8398 0.8125
    46 2.0797 -11.9924 -4.0288 0.6952 0.4553 0.5562 0.8242 0.8496
    45 2.1179 -12.0466 -4.0270 0.5095 0.7118 0.4835 0.8477 0.8516
witch hand.bmp
    45 2.1215 -12.0519 -4.2696 0.5159 0.5795 -0.6308 0.8398 0.8125
    45 2.1179 -12.0466 -4.0270 0.5095 0.7118 0.4835 0.8477 0.8516
    45 3.0943 -12.4697 -4.2007 -0.9784 0.1800 -0.1013 0.9395 0.8125
witch hand.bmp
    45 3.0943 -12.4697 -4.2007 -0.9784 0.1800 -0.1013 0.9395 0.8125
    45 2.1179 -12.0466 -4.0270 0.5095 0.7118 0.4835 0.8477 0.8516
    45 3.0831 -12.4210 -3.9151 -0.9190 0.3452 0.1904 0.9395 0.8477
witch hand.bmp
    45 3.0943 -12.4697 -4.2007 -0.9784 0.1800 -0.1013 0.9395 0.8125
    45 3.0831 -12.4210 -3.9151 -0.9190 0.3452 0.1904 0.9395 0.8477
    44 3.0778 -12.3820 -3.9218 -0.8593 0.4214 0.2899 0.9512 0.8516
witch hand.bmp
    44 3.0778 -12.3820 -3.9218 -0.8593 0.4214 0.2899 0.9512 0.8516
    45 3.0831 -12.4210 -3.9151 -0.9190 0.3452 0.1904 0.9395 0.8477
    44 3.1046 -12.6097 -3.7398 -0.1363 0.0817 0.9873 0.9492 0.8730
witch hand.bmp
    50 3.4210 -12.2494 -2.2870 0.2702 -0.8602 0.4326 0.9434 0.9395
    50 3.3989 -12.1098 -2.1685 0.1953 -0.3013 0.9333 0.9434 0.9062
    51 3.1460 -12.1243 -2.1604 0.0154 -0.2686 0.9631 0.9258 0.9082
witch hand.bmp
    50 3.4210 -12.2494 -2.2870 0.2702 -0.8602 0.4326 0.9434 0.9395
    51 3.1460 -12.1243 -2.1604 0.0154 -0.2686 0.9631 0.9258 0.9082
    51 3.1381 -12.2773 -2.2678 0.0356 -0.8829 0.4682 0.9258 0.9375
witch hand.bmp
    51 3.1381 -12.2773 -2.2678 0.0356 -0.8829 0.4682 0.9258 0.9375
    51 3.1460 -12.1243 -2.1604 0.0154 -0.2686 0.9631 0.9258 0.9082
    51 2.1663 -12.2679 -2.2727 -0.3680 -0.8160 0.4458 0.7754 0.9375
witch hand.bmp
    51 3.1381 -12.2773 -2.2678 0.0356 -0.8829 0.4682 0.9258 0.9375
    51 2.1663 -12.2679 -2.2727 -0.3680 -0.8160 0.4458 0.7754 0.9375
    51 3.1317 -12.2795 -2.4598 -0.0139 -0.9686 -0.2483 0.9277 0.9648
witch hand.bmp
    51 3.1317 -12.2795 -2.4598 -0.0139 -0.9686 -0.2483 0.9277 0.9648
    51 2.1663 -12.2679 -2.2727 -0.3680 -0.8160 0.4458 0.7754 0.9375
    51 2.1604 -12.2714 -2.4506 -0.3292 -0.9134 -0.2395 0.7754 0.9629
witch hand.bmp
    51 3.1317 -12.2795 -2.4598 -0.0139 -0.9686 -0.2483 0.9277 0.9648
    51 2.1604 -12.2714 -2.4506 -0.3292 -0.9134 -0.2395 0.7754 0.9629
    52 2.2189 -12.1242 -2.6517 -0.0151 -0.5543 -0.8322 0.7891 0.9785
witch hand.bmp
    52 2.2189 -12.1242 -2.6517 -0.0151 -0.5543 -0.8322 0.7891 0.9785
    51 2.1604 -12.2714 -2.4506 -0.3292 -0.9134 -0.2395 0.7754 0.9629
    52 1.8318 -11.9579 -2.6832 -0.4196 -0.8151 -0.3993 0.7090 0.9648
witch hand.bmp
    52 2.2189 -12.1242 -2.6517 -0.0151 -0.5543 -0.8322 0.7891 0.9785
    52 1.8318 -11.9579 -2.6832 -0.4196 -0.8151 -0.3993 0.7090 0.9648
    52 1.6394 -11.7485 -2.8668 -0.1689 -0.3855 -0.9071 0.6504 0.9805
witch hand.bmp
    52 1.6394 -11.7485 -2.8668 -0.1689 -0.3855 -0.9071 0.6504 0.9805
    52 1.8318 -11.9579 -2.6832 -0.4196 -0.8151 -0.3993 0.7090 0.9648
    52 1.5377 -11.7579 -2.8201 -0.6391 -0.6082 -0.4709 0.6289 0.9629
witch hand.bmp
    52 1.6394 -11.7485 -2.8668 -0.1689 -0.3855 -0.9071 0.6504 0.9805
    52 1.5377 -11.7579 -2.8201 -0.6391 -0.6082 -0.4709 0.6289 0.9629
    52 1.5471 -11.6706 -2.8398 -0.5687 0.1335 -0.8116 0.6016 0.9590
witch hand.bmp
    52 1.5471 -11.6706 -2.8398 -0.5687 0.1335 -0.8116 0.6016 0.9590
    52 1.5377 -11.7579 -2.8201 -0.6391 -0.6082 -0.4709 0.6289 0.9629
    52 1.4741 -11.6585 -2.6945 -0.9658 0.2244 -0.1298 0.6055 0.9336
witch hand.bmp
    52 1.5471 -11.6706 -2.8398 -0.5687 0.1335 -0.8116 0.6016 0.9590
    52 1.4741 -11.6585 -2.6945 -0.9658 0.2244 -0.1298 0.6055 0.9336
    52 1.5012 -11.5841 -2.7683 -0.7663 0.4942 -0.4105 0.5957 0.9336
witch hand.bmp
    52 1.5012 -11.5841 -2.7683 -0.7663 0.4942 -0.4105 0.5957 0.9336
    52 1.4741 -11.6585 -2.6945 -0.9658 0.2244 -0.1298 0.6055 0.9336
    52 1.5320 -11.5545 -2.6376 -0.6208 0.7525 0.2198 0.6094 0.9004
witch hand.bmp
    53 4.5306 -9.3672 -3.4195 0.0104 0.9365 0.3506 0.9434 0.0801
    53 3.9224 -9.3909 -3.1904 -0.2669 0.9636 0.0131 0.9316 0.0273
    53 4.2333 -9.5246 -2.8970 0.2179 0.8204 0.5286 0.9082 0.0371
witch hand.bmp
    53 4.5306 -9.3672 -3.4195 0.0104 0.9365 0.3506 0.9434 0.0801
    53 4.2333 -9.5246 -2.8970 0.2179 0.8204 0.5286 0.9082 0.0371
    40 4.9157 -9.3804 -3.4962 0.3854 0.6790 0.6249 0.9336 0.0918
witch hand.bmp
    40 4.9157 -9.3804 -3.4962 0.3854 0.6790 0.6249 0.9336 0.0918
    53 4.2333 -9.5246 -2.8970 0.2179 0.8204 0.5286 0.9082 0.0371
    1 5.0048 -9.7322 -3.1003 0.6066 0.5630 0.5613 0.8867 0.0723
witch hand.bmp
    40 4.9157 -9.3804 -3.4962 0.3854 0.6790 0.6249 0.9336 0.0918
    1 5.0048 -9.7322 -3.1003 0.6066 0.5630 0.5613 0.8867 0.0723
    1 5.3906 -9.8602 -3.6219 0.8555 0.1635 0.4914 0.9023 0.1348
witch hand.bmp
    1 5.3906 -9.8602 -3.6219 0.8555 0.1635 0.4914 0.9023 0.1348
    1 5.0048 -9.7322 -3.1003 0.6066 0.5630 0.5613 0.8867 0.0723
    1 4.8524 -10.1940 -2.5841 0.6169 0.2141 0.7573 0.8281 0.0547
witch hand.bmp
    1 5.3906 -9.8602 -3.6219 0.8555 0.1635 0.4914 0.9023 0.1348
    1 4.8524 -10.1940 -2.5841 0.6169 0.2141 0.7573 0.8281 0.0547
    1 5.1939 -10.6976 -3.1655 0.8996 -0.0917 0.4271 0.8105 0.1289
witch hand.bmp
    1 5.1939 -10.6976 -3.1655 0.8996 -0.0917 0.4271 0.8105 0.1289
    1 4.8524 -10.1940 -2.5841 0.6169 0.2141 0.7573 0.8281 0.0547
    1 4.6542 -10.5407 -2.4869 0.4424 -0.0394 0.8959 0.7910 0.0469
witch hand.bmp
    1 5.1939 -10.6976 -3.1655 0.8996 -0.0917 0.4271 0.8105 0.1289
    1 4.6542 -10.5407 -2.4869 0.4424 -0.0394 0.8959 0.7910 0.0469
    1 4.8746 -11.0125 -2.6706 0.7410 -0.0988 0.6642 0.7617 0.0918
witch hand.bmp
    1 4.8746 -11.0125 -2.6706 0.7410 -0.0988 0.6642 0.7617 0.0918
    1 4.6542 -10.5407 -2.4869 0.4424 -0.0394 0.8959 0.7910 0.0469
    1 4.4003 -11.1483 -2.4255 0.1006 0.0545 0.9934 0.7363 0.0605
witch hand.bmp
    1 4.8746 -11.0125 -2.6706 0.7410 -0.0988 0.6642 0.7617 0.0918
    1 4.4003 -11.1483 -2.4255 0.1006 0.0545 0.9934 0.7363 0.0605
    50 4.4287 -11.6304 -2.4214 0.4161 -0.1386 0.8987 0.7051 0.0859
witch hand.bmp
    50 4.4287 -11.6304 -2.4214 0.4161 -0.1386 0.8987 0.7051 0.0859
    1 4.4003 -11.1483 -2.4255 0.1006 0.0545 0.9934 0.7363 0.0605
    50 4.0748 -11.3595 -2.4353 -0.1156 0.4300 0.8954 0.6953 0.0625
witch hand.bmp
    50 4.4287 -11.6304 -2.4214 0.4161 -0.1386 0.8987 0.7051 0.0859
    50 4.0748 -11.3595 -2.4353 -0.1156 0.4300 0.8954 0.6953 0.0625
    50 3.2477 -11.8698 -2.1706 -0.0703 0.3460 0.9356 0.5938 0.0371
witch hand.bmp
    50 3.2477 -11.8698 -2.1706 -0.0703 0.3460 0.9356 0.5938 0.0371
    50 4.0748 -11.3595 -2.4353 -0.1156 0.4300 0.8954 0.6953 0.0625
    50 3.1179 -11.7388 -2.3678 -0.4663 0.0578 -0.8828 0.6055 0.0176
witch hand.bmp
    46 1.9396 -12.2138 -4.3518 -0.0204 -0.1026 -0.9945 0.7891 0.9785
    45 2.9812 -12.6992 -4.2980 0.0242 -0.1565 -0.9874 0.9316 0.9863
    45 2.8680 -12.8551 -4.2047 -0.1570 -0.7941 -0.5871 0.9277 0.9648
witch hand.bmp
    46 1.9396 -12.2138 -4.3518 -0.0204 -0.1026 -0.9945 0.7891 0.9785
    45 2.8680 -12.8551 -4.2047 -0.1570 -0.7941 -0.5871 0.9277 0.9648
    45 1.8812 -12.4202 -4.2770 -0.4365 -0.5754 -0.6917 0.7754 0.9629
witch hand.bmp
    45 1.8812 -12.4202 -4.2770 -0.4365 -0.5754 -0.6917 0.7754 0.9629
    45 2.8680 -12.8551 -4.2047 -0.1570 -0.7941 -0.5871 0.9277 0.9648
    45 2.8190 -12.8943 -4.0274 -0.2563 -0.9625 0.0894 0.9258 0.9375
witch hand.bmp
    45 1.8812 -12.4202 -4.2770 -0.4365 -0.5754 -0.6917 0.7754 0.9629
    45 2.8190 -12.8943 -4.0274 -0.2563 -0.9625 0.0894 0.9258 0.9375
    45 1.8198 -12.4678 -4.1191 -0.6854 -0.7260 0.0559 0.7754 0.9375
witch hand.bmp
    45 1.8198 -12.4678 -4.1191 -0.6854 -0.7260 0.0559 0.7754 0.9375
    45 2.8190 -12.8943 -4.0274 -0.2563 -0.9625 0.0894 0.9258 0.9375
    45 1.8590 -12.3590 -3.9432 -0.5044 -0.3968 0.7669 0.7812 0.9082
witch hand.bmp
    45 1.8198 -12.4678 -4.1191 -0.6854 -0.7260 0.0559 0.7754 0.9375
    45 1.8590 -12.3590 -3.9432 -0.5044 -0.3968 0.7669 0.7812 0.9082
    46 1.5623 -11.8240 -4.0575 -0.7362 -0.2317 0.6359 0.7090 0.9102
witch hand.bmp
    46 1.5623 -11.8240 -4.0575 -0.7362 -0.2317 0.6359 0.7090 0.9102
    45 1.8590 -12.3590 -3.9432 -0.5044 -0.3968 0.7669 0.7812 0.9082
    46 1.5060 -11.4583 -4.0714 -0.1717 0.2897 0.9416 0.6543 0.8887
witch hand.bmp
    46 1.5623 -11.8240 -4.0575 -0.7362 -0.2317 0.6359 0.7090 0.9102
    46 1.5060 -11.4583 -4.0714 -0.1717 0.2897 0.9416 0.6543 0.8887
    46 1.3879 -11.4503 -4.1383 -0.7879 0.0028 0.6158 0.6309 0.9023
witch hand.bmp
    46 1.3879 -11.4503 -4.1383 -0.7879 0.0028 0.6158 0.6309 0.9023
    46 1.5060 -11.4583 -4.0714 -0.1717 0.2897 0.9416 0.6543 0.8887
    46 1.4285 -11.3739 -4.1396 -0.4369 0.7031 0.5611 0.6094 0.9004
witch hand.bmp
    46 1.3879 -11.4503 -4.1383 -0.7879 0.0028 0.6158 0.6309 0.9023
    46 1.4285 -11.3739 -4.1396 -0.4369 0.7031 0.5611 0.6094 0.9004
    46 1.3527 -11.4351 -4.2641 -0.8417 0.5335 -0.0833 0.6055 0.9336
witch hand.bmp
    46 1.3527 -11.4351 -4.2641 -0.8417 0.5335 -0.0833 0.6055 0.9336
    46 1.4285 -11.3739 -4.1396 -0.4369 0.7031 0.5611 0.6094 0.9004
    46 1.4116 -11.3515 -4.2760 -0.5050 0.8522 -0.1371 0.5957 0.9336
witch hand.bmp
    46 1.3527 -11.4351 -4.2641 -0.8417 0.5335 -0.0833 0.6055 0.9336
    46 1.4116 -11.3515 -4.2760 -0.5050 0.8522 -0.1371 0.5957 0.9336
    46 1.4424 -11.4010 -4.3781 -0.3448 0.6196 -0.7051 0.6016 0.9590
witch hand.bmp
    43 2.2346 -10.9878 -4.9377 -0.3797 0.6677 0.6404 0.6797 0.8535
    43 2.2678 -11.0725 -4.8950 -0.2252 0.1616 0.9608 0.6992 0.8691
    43 2.4329 -11.0213 -4.9123 0.3789 0.5720 0.7275 0.6992 0.8516
witch hand.bmp
    43 2.2346 -10.9878 -4.9377 -0.3797 0.6677 0.6404 0.6797 0.8535
    43 2.4329 -11.0213 -4.9123 0.3789 0.5720 0.7275 0.6992 0.8516
    43 2.2425 -10.9269 -5.0574 -0.3037 0.9526 -0.0167 0.6719 0.8301
witch hand.bmp
    43 2.2425 -10.9269 -5.0574 -0.3037 0.9526 -0.0167 0.6719 0.8301
    43 2.4329 -11.0213 -4.9123 0.3789 0.5720 0.7275 0.6992 0.8516
    43 2.4329 -10.9721 -5.0327 0.4823 0.8752 0.0368 0.6895 0.8301
witch hand.bmp
    43 2.2425 -10.9269 -5.0574 -0.3037 0.9526 -0.0167 0.6719 0.8301
    43 2.4329 -10.9721 -5.0327 0.4823 0.8752 0.0368 0.6895 0.8301
    43 2.4672 -11.0175 -5.1002 0.6148 0.5743 -0.5406 0.6992 0.8145
witch hand.bmp
    43 2.4672 -11.0175 -5.1002 0.6148 0.5743 -0.5406 0.6992 0.8145
    43 2.4329 -10.9721 -5.0327 0.4823 0.8752 0.0368 0.6895 0.8301
    43 2.6233 -11.2409 -4.9879 0.9055 0.3736 0.2013 0.7207 0.8320
witch hand.bmp
    43 2.4672 -11.0175 -5.1002 0.6148 0.5743 -0.5406 0.6992 0.8145
    43 2.6233 -11.2409 -4.9879 0.9055 0.3736 0.2013 0.7207 0.8320
    43 2.6849 -11.5768 -5.0934 0.9066 -0.2153 -0.3629 0.8164 0.8145
witch hand.bmp
    43 2.6849 -11.5768 -5.0934 0.9066 -0.2153 -0.3629 0.8164 0.8145
    43 2.6233 -11.2409 -4.9879 0.9055 0.3736 0.2013 0.7207 0.8320
    43 2.6420 -11.5922 -4.8962 0.7772 -0.1605 0.6084 0.8242 0.8496
witch hand.bmp
    43 2.6849 -11.5768 -5.0934 0.9066 -0.2153 -0.3629 0.8164 0.8145
    43 2.6420 -11.5922 -4.8962 0.7772 -0.1605 0.6084 0.8242 0.8496
    42 2.6564 -11.6023 -5.0956 0.9115 -0.2167 -0.3496 0.8398 0.8125
witch hand.bmp
    42 2.6564 -11.6023 -5.0956 0.9115 -0.2167 -0.3496 0.8398 0.8125
    43 2.6420 -11.5922 -4.8962 0.7772 -0.1605 0.6084 0.8242 0.8496
    42 2.6284 -11.6184 -4.8871 0.5766 0.1467 0.8038 0.8477 0.8516
witch hand.bmp
    42 2.6564 -11.6023 -5.0956 0.9115 -0.2167 -0.3496 0.8398 0.8125
    42 2.6284 -11.6184 -4.8871 0.5766 0.1467 0.8038 0.8477 0.8516
    41 3.1464 -12.0559 -4.8621 0.1599 0.8005 0.5776 0.9395 0.8477
witch hand.bmp
    41 3.1464 -12.0559 -4.8621 0.1599 0.8005 0.5776 0.9395 0.8477
    42 2.6284 -11.6184 -4.8871 0.5766 0.1467 0.8038 0.8477 0.8516
    42 3.1502 -12.1950 -4.7364 0.2028 0.1008 0.9740 0.9336 0.8691
witch hand.bmp
    41 3.1464 -12.0559 -4.8621 0.1599 0.8005 0.5776 0.9395 0.8477
    42 3.1502 -12.1950 -4.7364 0.2028 0.1008 0.9740 0.9336 0.8691
    41 3.1960 -12.3005 -4.7279 -0.4854 -0.1563 0.8602 0.9492 0.8730
witch hand.bmp
    25 -4.1950 -13.1019 -2.6302 0.4265 0.6170 -0.6614 0.9453 0.7832
    25 -4.0073 -12.9455 -2.6877 0.4931 -0.7981 -0.3463 0.9512 0.8125
    26 -4.1205 -12.7978 -2.6612 -0.8205 0.5716 -0.0051 0.9395 0.8125
witch hand.bmp
    25 -4.1950 -13.1019 -2.6302 0.4265 0.6170 -0.6614 0.9453 0.7832
    26 -4.1205 -12.7978 -2.6612 -0.8205 0.5716 -0.0051 0.9395 0.8125
    26 -4.1526 -13.0452 -2.6891 -0.7159 -0.0085 -0.6982 0.9336 0.7852
witch hand.bmp
    26 -4.1526 -13.0452 -2.6891 -0.7159 -0.0085 -0.6982 0.9336 0.7852
    26 -4.1205 -12.7978 -2.6612 -0.8205 0.5716 -0.0051 0.9395 0.8125
    26 -3.4543 -13.0576 -3.0487 0.5724 -0.2460 -0.7822 0.8398 0.8125
witch hand.bmp
    26 -4.1526 -13.0452 -2.6891 -0.7159 -0.0085 -0.6982 0.9336 0.7852
    26 -3.4543 -13.0576 -3.0487 0.5724 -0.2460 -0.7822 0.8398 0.8125
    27 -3.5218 -13.2515 -3.0758 -0.5191 -0.2725 -0.8102 0.8301 0.7852
witch hand.bmp
    27 -3.5218 -13.2515 -3.0758 -0.5191 -0.2725 -0.8102 0.8301 0.7852
    26 -3.4543 -13.0576 -3.0487 0.5724 -0.2460 -0.7822 0.8398 0.8125
    27 -3.5672 -13.0209 -2.9692 -0.9437 -0.2123 0.2535 0.8164 0.8145
witch hand.bmp
    27 -3.5218 -13.2515 -3.0758 -0.5191 -0.2725 -0.8102 0.8301 0.7852
    27 -3.5672 -13.0209 -2.9692 -0.9437 -0.2123 0.2535 0.8164 0.8145
    27 -3.2589 -12.6644 -3.3249 -0.6426 0.5845 -0.4954 0.6992 0.8145
witch hand.bmp
    27 -3.2589 -12.6644 -3.3249 -0.6426 0.5845 -0.4954 0.6992 0.8145
    27 -3.5672 -13.0209 -2.9692 -0.9437 -0.2123 0.2535 0.8164 0.8145
    27 -3.3789 -12.7359 -3.0749 -0.5424 0.7867 0.2947 0.7207 0.8320
witch hand.bmp
    27 -3.2589 -12.6644 -3.3249 -0.6426 0.5845 -0.4954 0.6992 0.8145
    27 -3.3789 -12.7359 -3.0749 -0.5424 0.7867 0.2947 0.7207 0.8320
    27 -3.1819 -12.6043 -3.3011 -0.1590 0.9587 -0.2356 0.6895 0.8301
witch hand.bmp
    27 -3.1819 -12.6043 -3.3011 -0.1590 0.9587 -0.2356 0.6895 0.8301
    27 -3.3789 -12.7359 -3.0749 -0.5424 0.7867 0.2947 0.7207 0.8320
    27 -3.1227 -12.6221 -3.1954 0.2112 0.8802 0.4251 0.6992 0.8516
witch hand.bmp
    27 -3.1819 -12.6043 -3.3011 -0.1590 0.9587 -0.2356 0.6895 0.8301
    27 -3.1227 -12.6221 -3.1954 0.2112 0.8802 0.4251 0.6992 0.8516
    27 -3.0321 -12.6686 -3.4052 0.4741 0.6485 -0.5956 0.6719 0.8301
witch hand.bmp
    27 -3.0321 -12.6686 -3.4052 0.4741 0.6485 -0.5956 0.6719 0.8301
    27 -3.1227 -12.6221 -3.1954 0.2112 0.8802 0.4251 0.6992 0.8516
    27 -2.9671 -12.6835 -3.2918 0.8088 0.5868 0.0391 0.6797 0.8535
witch hand.bmp
    31 -3.1524 -12.9184 -1.2272 -0.5433 -0.7050 -0.4559 0.9453 0.7832
    31 -2.9316 -12.7377 -1.3514 -0.2992 0.9479 -0.1093 0.9512 0.8125
    32 -2.9391 -12.6973 -1.3864 -0.7188 0.6047 -0.3430 0.9395 0.8125
witch hand.bmp
    31 -3.1524 -12.9184 -1.2272 -0.5433 -0.7050 -0.4559 0.9453 0.7832
    32 -2.9391 -12.6973 -1.3864 -0.7188 0.6047 -0.3430 0.9395 0.8125
    32 -3.0254 -12.9570 -1.3143 -0.6336 -0.4734 -0.6120 0.9336 0.7852
witch hand.bmp
    32 -3.0254 -12.9570 -1.3143 -0.6336 -0.4734 -0.6120 0.9336 0.7852
    32 -2.9391 -12.6973 -1.3864 -0.7188 0.6047 -0.3430 0.9395 0.8125
    32 -2.1335 -13.0781 -1.9047 -0.9728 0.2308 -0.0219 0.8398 0.8125
witch hand.bmp
    32 -3.0254 -12.9570 -1.3143 -0.6336 -0.4734 -0.6120 0.9336 0.7852
    32 -2.1335 -13.0781 -1.9047 -0.9728 0.2308 -0.0219 0.8398 0.8125
    33 -2.1205 -13.2897 -1.9677 -0.6000 -0.5225 -0.6058 0.8301 0.7852
witch hand.bmp
    33 -2.1205 -13.2897 -1.9677 -0.6000 -0.5225 -0.6058 0.8301 0.7852
    32 -2.1335 -13.0781 -1.9047 -0.9728 0.2308 -0.0219 0.8398 0.8125
    33 -2.1844 -13.0115 -1.9497 -0.9874 0.1319 0.0871 0.8164 0.8145
witch hand.bmp
    33 -2.1205 -13.2897 -1.9677 -0.6000 -0.5225 -0.6058 0.8301 0.7852
    33 -2.1844 -13.0115 -1.9497 -0.9874 0.1319 0.0871 0.8164 0.8145
    33 -1.7569 -12.7989 -2.5456 -0.6009 0.3000 -0.7409 0.6992 0.8145
witch hand.bmp
    33 -1.7569 -12.7989 -2.5456 -0.6009 0.3000 -0.7409 0.6992 0.8145
    33 -2.1844 -13.0115 -1.9497 -0.9874 0.1319 0.0871 0.8164 0.8145
    33 -1.9252 -12.7158 -2.2721 -0.5610 0.8127 -0.1572 0.7207 0.8320
witch hand.bmp
    33 -1.7569 -12.7989 -2.5456 -0.6009 0.3000 -0.7409 0.6992 0.8145
    33 -1.9252 -12.7158 -2.2721 -0.5610 0.8127 -0.1572 0.7207 0.8320
    33 -1.6594 -12.7249 -2.5447 -0.0687 0.7641 -0.6414 0.6895 0.8301
witch hand.bmp
    33 -1.6594 -12.7249 -2.5447 -0.0687 0.7641 -0.6414 0.6895 0.8301
    33 -1.9252 -12.7158 -2.2721 -0.5610 0.8127 -0.1572 0.7207 0.8320
    33 -1.6177 -12.6773 -2.4260 0.2337 0.9721 -0.0195 0.6992 0.8516
witch hand.bmp
    33 -1.6594 -12.7249 -2.5447 -0.0687 0.7641 -0.6414 0.6895 0.8301
    33 -1.6177 -12.6773 -2.4260 0.2337 0.9721 -0.0195 0.6992 0.8516
    33 -1.4201 -12.8070 -2.4983 0.7391 0.5911 -0.3230 0.6797 0.8535
witch hand.bmp
    33 -1.4201 -12.8070 -2.4983 0.7391 0.5911 -0.3230 0.6797 0.8535
    33 -1.6177 -12.6773 -2.4260 0.2337 0.9721 -0.0195 0.6992 0.8516
    33 -1.4623 -12.7946 -2.3789 0.6728 0.6300 0.3879 0.6992 0.8691
witch hand.bmp
    30 -2.0389 -12.5141 -3.1618 0.7082 0.2836 -0.6466 0.6055 0.9336
    30 -2.0903 -12.4249 -3.1721 0.4386 0.6625 -0.6073 0.5957 0.9336
    30 -2.0308 -12.4187 -3.0463 0.7539 0.6560 0.0368 0.6094 0.9004
witch hand.bmp
    30 -2.0389 -12.5141 -3.1618 0.7082 0.2836 -0.6466 0.6055 0.9336
    30 -2.0308 -12.4187 -3.0463 0.7539 0.6560 0.0368 0.6094 0.9004
    30 -2.0056 -12.5016 -3.0446 0.9912 -0.0900 0.0975 0.6309 0.9023
witch hand.bmp
    30 -2.0056 -12.5016 -3.0446 0.9912 -0.0900 0.0975 0.6309 0.9023
    30 -2.0308 -12.4187 -3.0463 0.7539 0.6560 0.0368 0.6094 0.9004
    30 -2.0664 -12.4682 -2.9276 0.6993 0.3929 0.5972 0.6543 0.8887
witch hand.bmp
    30 -2.0056 -12.5016 -3.0446 0.9912 -0.0900 0.0975 0.6309 0.9023
    30 -2.0664 -12.4682 -2.9276 0.6993 0.3929 0.5972 0.6543 0.8887
    30 -2.1476 -12.8003 -2.7854 0.9290 -0.3022 0.2134 0.7090 0.9102
witch hand.bmp
    30 -2.1476 -12.8003 -2.7854 0.9290 -0.3022 0.2134 0.7090 0.9102
    30 -2.0664 -12.4682 -2.9276 0.6993 0.3929 0.5972 0.6543 0.8887
    29 -2.4007 -13.2198 -2.3787 0.7448 -0.4187 0.5196 0.7812 0.9082
witch hand.bmp
    30 -2.1476 -12.8003 -2.7854 0.9290 -0.3022 0.2134 0.7090 0.9102
    29 -2.4007 -13.2198 -2.3787 0.7448 -0.4187 0.5196 0.7812 0.9082
    29 -2.4831 -13.3544 -2.4982 0.4155 -0.9096 -0.0002 0.7754 0.9375
witch hand.bmp
    29 -2.4831 -13.3544 -2.4982 0.4155 -0.9096 -0.0002 0.7754 0.9375
    29 -2.4007 -13.2198 -2.3787 0.7448 -0.4187 0.5196 0.7812 0.9082
    29 -3.3730 -13.2410 -1.8607 -0.0689 -0.9257 0.3719 0.9258 0.9375
witch hand.bmp
    29 -2.4831 -13.3544 -2.4982 0.4155 -0.9096 -0.0002 0.7754 0.9375
    29 -3.3730 -13.2410 -1.8607 -0.0689 -0.9257 0.3719 0.9258 0.9375
    29 -2.6139 -13.3176 -2.6253 -0.1230 -0.8158 -0.5651 0.7754 0.9629
witch hand.bmp
    29 -2.6139 -13.3176 -2.6253 -0.1230 -0.8158 -0.5651 0.7754 0.9629
    29 -3.3730 -13.2410 -1.8607 -0.0689 -0.9257 0.3719 0.9258 0.9375
    29 -3.4915 -13.2281 -2.0010 -0.4434 -0.8701 -0.2153 0.9277 0.9648
witch hand.bmp
    29 -2.6139 -13.3176 -2.6253 -0.1230 -0.8158 -0.5651 0.7754 0.9629
    29 -3.4915 -13.2281 -2.0010 -0.4434 -0.8701 -0.2153 0.9277 0.9648
    30 -2.6672 -13.1273 -2.7228 -0.5239 -0.2991 -0.7976 0.7891 0.9785
witch hand.bmp
    30 -2.6672 -13.1273 -2.7228 -0.5239 -0.2991 -0.7976 0.7891 0.9785
    29 -3.4915 -13.2281 -2.0010 -0.4434 -0.8701 -0.2153 0.9277 0.9648
    29 -3.5898 -13.0580 -2.0898 -0.5879 -0.3274 -0.7397 0.9316 0.9863
witch hand.bmp
    28 -3.3243 -12.8285 -1.6473 0.6465 0.1703 0.7436 0.5566 0.6191
    28 -3.2925 -12.7032 -1.9048 0.9270 -0.3477 -0.1405 0.5586 0.5918
    28 -3.6260 -12.0523 -1.9281 0.9231 0.3346 -0.1896 0.6367 0.5879
witch hand.bmp
    28 -3.3243 -12.8285 -1.6473 0.6465 0.1703 0.7436 0.5566 0.6191
    28 -3.6260 -12.0523 -1.9281 0.9231 0.3346 -0.1896 0.6367 0.5879
    28 -3.9810 -11.9089 -1.3866 -0.2362 -0.8167 0.5265 0.6328 0.6152
witch hand.bmp
    28 -3.9810 -11.9089 -1.3866 -0.2362 -0.8167 0.5265 0.6328 0.6152
    28 -3.6260 -12.0523 -1.9281 0.9231 0.3346 -0.1896 0.6367 0.5879
    31 -3.6783 -11.8953 -1.7511 0.7648 -0.6177 0.1830 0.6484 0.6191
witch hand.bmp
    28 -3.9810 -11.9089 -1.3866 -0.2362 -0.8167 0.5265 0.6328 0.6152
    31 -3.6783 -11.8953 -1.7511 0.7648 -0.6177 0.1830 0.6484 0.6191
    31 -3.4105 -11.8695 -1.6964 0.2990 -0.1442 -0.9433 0.6426 0.6445
witch hand.bmp
    31 -3.4105 -11.8695 -1.6964 0.2990 -0.1442 -0.9433 0.6426 0.6445
    31 -3.6783 -11.8953 -1.7511 0.7648 -0.6177 0.1830 0.6484 0.6191
    23 -3.6413 -11.6990 -1.7618 0.7813 -0.1025 -0.6157 0.6953 0.6211
witch hand.bmp
    31 -3.4105 -11.8695 -1.6964 0.2990 -0.1442 -0.9433 0.6426 0.6445
    23 -3.6413 -11.6990 -1.7618 0.7813 -0.1025 -0.6157 0.6953 0.6211
    31 -3.1724 -11.6810 -1.4500 0.8962 0.2564 -0.3619 0.6484 0.6816
witch hand.bmp
    31 -3.1724 -11.6810 -1.4500 0.8962 0.2564 -0.3619 0.6484 0.6816
    23 -3.6413 -11.6990 -1.7618 0.7813 -0.1025 -0.6157 0.6953 0.6211
    23 -3.2503 -11.2949 -1.4139 0.7857 -0.2825 -0.5503 0.7109 0.6836
witch hand.bmp
    31 -3.1724 -11.6810 -1.4500 0.8962 0.2564 -0.3619 0.6484 0.6816
    23 -3.2503 -11.2949 -1.4139 0.7857 -0.2825 -0.5503 0.7109 0.6836
    34 -3.1526 -11.4630 -1.2388 0.6748 -0.7339 0.0775 0.6719 0.6973
witch hand.bmp
    34 -3.1526 -11.4630 -1.2388 0.6748 -0.7339 0.0775 0.6719 0.6973
    23 -3.2503 -11.2949 -1.4139 0.7857 -0.2825 -0.5503 0.7109 0.6836
    34 -2.9240 -11.3759 -1.1246 0.4423 -0.4673 -0.7655 0.6699 0.7227
witch hand.bmp
    34 -3.1526 -11.4630 -1.2388 0.6748 -0.7339 0.0775 0.6719 0.6973
    34 -2.9240 -11.3759 -1.1246 0.4423 -0.4673 -0.7655 0.6699 0.7227
    31 -3.5650 -11.3999 -0.9838 0.0088 -0.5297 0.8481 0.6504 0.6953
witch hand.bmp
    31 -3.5650 -11.3999 -0.9838 0.0088 -0.5297 0.8481 0.6504 0.6953
    34 -2.9240 -11.3759 -1.1246 0.4423 -0.4673 -0.7655 0.6699 0.7227
    34 -2.8099 -12.0878 -0.5236 -0.4468 -0.8709 -0.2045 0.5781 0.7305
witch hand.bmp
    25 -3.9554 -12.9989 -2.2479 0.7290 -0.4234 0.5379 0.5723 0.5176
    25 -3.8564 -12.8935 -2.5337 0.7201 -0.6889 -0.0829 0.5859 0.4941
    25 -4.0748 -12.1043 -2.5417 0.9470 0.2245 -0.2299 0.6621 0.5215
witch hand.bmp
    25 -3.9554 -12.9989 -2.2479 0.7290 -0.4234 0.5379 0.5723 0.5176
    25 -4.0748 -12.1043 -2.5417 0.9470 0.2245 -0.2299 0.6621 0.5215
    25 -4.4632 -12.1666 -1.9582 -0.0370 -0.9215 0.3867 0.6504 0.5332
witch hand.bmp
    25 -4.4632 -12.1666 -1.9582 -0.0370 -0.9215 0.3867 0.6504 0.5332
    25 -4.0748 -12.1043 -2.5417 0.9470 0.2245 -0.2299 0.6621 0.5215
    28 -4.1294 -11.9013 -2.3858 0.3134 -0.8935 0.3216 0.6660 0.5430
witch hand.bmp
    25 -4.4632 -12.1666 -1.9582 -0.0370 -0.9215 0.3867 0.6504 0.5332
    28 -4.1294 -11.9013 -2.3858 0.3134 -0.8935 0.3216 0.6660 0.5430
    28 -3.8971 -11.9925 -2.2365 0.5038 -0.3184 -0.8030 0.6465 0.5625
witch hand.bmp
    28 -3.8971 -11.9925 -2.2365 0.5038 -0.3184 -0.8030 0.6465 0.5625
    28 -4.1294 -11.9013 -2.3858 0.3134 -0.8935 0.3216 0.6660 0.5430
    23 -3.9492 -11.9555 -2.3574 0.4660 -0.8611 -0.2034 0.7090 0.5586
witch hand.bmp
    28 -3.8971 -11.9925 -2.2365 0.5038 -0.3184 -0.8030 0.6465 0.5625
    23 -3.9492 -11.9555 -2.3574 0.4660 -0.8611 -0.2034 0.7090 0.5586
    23 -3.6413 -11.6990 -1.7618 0.7813 -0.1025 -0.6157 0.6953 0.6211
witch hand.bmp
    23 -3.6413 -11.6990 -1.7618 0.7813 -0.1025 -0.6157 0.6953 0.6211
    23 -3.9492 -11.9555 -2.3574 0.4660 -0.8611 -0.2034 0.7090 0.5586
    23 -3.6105 -10.9495 -2.4946 0.7948 -0.5471 -0.2625 0.7969 0.6113
witch hand.bmp
    23 -3.6413 -11.6990 -1.7618 0.7813 -0.1025 -0.6157 0.6953 0.6211
    23 -3.6105 -10.9495 -2.4946 0.7948 -0.5471 -0.2625 0.7969 0.6113
    23 -3.2503 -11.2949 -1.4139 0.7857 -0.2825 -0.5503 0.7109 0.6836
witch hand.bmp
    23 -3.2503 -11.2949 -1.4139 0.7857 -0.2825 -0.5503 0.7109 0.6836
    23 -3.6105 -10.9495 -2.4946 0.7948 -0.5471 -0.2625 0.7969 0.6113
    23 -2.9622 -10.7621 -1.9192 0.5384 -0.8109 -0.2294 0.7832 0.6973
witch hand.bmp
    23 -3.2503 -11.2949 -1.4139 0.7857 -0.2825 -0.5503 0.7109 0.6836
    23 -2.9622 -10.7621 -1.9192 0.5384 -0.8109 -0.2294 0.7832 0.6973
    23 -2.8364 -10.7850 -1.0462 0.9721 -0.0028 0.2345 0.7324 0.7578
witch hand.bmp
    23 -2.8364 -10.7850 -1.0462 0.9721 -0.0028 0.2345 0.7324 0.7578
    23 -2.9622 -10.7621 -1.9192 0.5384 -0.8109 -0.2294 0.7832 0.6973
    23 -2.5912 -10.4552 -1.3881 0.5566 -0.6673 0.4949 0.7793 0.7676
witch hand.bmp
    49 1.0343 -11.8980 -3.3363 -0.5968 0.7331 0.3261 0.6797 0.8535
    49 1.1316 -11.9299 -3.2582 -0.1269 0.5430 0.8301 0.6992 0.8691
    49 1.2563 -11.8239 -3.3791 0.0711 0.9486 0.3085 0.6992 0.8516
witch hand.bmp
    49 1.0343 -11.8980 -3.3363 -0.5968 0.7331 0.3261 0.6797 0.8535
    49 1.2563 -11.8239 -3.3791 0.0711 0.9486 0.3085 0.6992 0.8516
    49 1.2216 -11.8367 -3.5037 -0.1087 0.9144 -0.3900 0.6895 0.8301
witch hand.bmp
    49 1.2216 -11.8367 -3.5037 -0.1087 0.9144 -0.3900 0.6895 0.8301
    49 1.2563 -11.8239 -3.3791 0.0711 0.9486 0.3085 0.6992 0.8516
    49 1.5791 -11.9325 -3.4649 0.5629 0.7608 -0.3229 0.7207 0.8320
witch hand.bmp
    49 1.2216 -11.8367 -3.5037 -0.1087 0.9144 -0.3900 0.6895 0.8301
    49 1.5791 -11.9325 -3.4649 0.5629 0.7608 -0.3229 0.7207 0.8320
    49 1.2696 -11.9095 -3.5818 0.1198 0.4530 -0.8834 0.6992 0.8145
witch hand.bmp
    49 1.2696 -11.9095 -3.5818 0.1198 0.4530 -0.8834 0.6992 0.8145
    49 1.5791 -11.9325 -3.4649 0.5629 0.7608 -0.3229 0.7207 0.8320
    49 1.8774 -12.3443 -3.4342 0.7015 0.2078 -0.6817 0.8164 0.8145
witch hand.bmp
    49 1.2696 -11.9095 -3.5818 0.1198 0.4530 -0.8834 0.6992 0.8145
    49 1.8774 -12.3443 -3.4342 0.7015 0.2078 -0.6817 0.8164 0.8145
    49 1.7425 -12.5954 -3.4584 -0.0175 -0.3636 -0.9314 0.8301 0.7852
witch hand.bmp
    49 1.7425 -12.5954 -3.4584 -0.0175 -0.3636 -0.9314 0.8301 0.7852
    49 1.8774 -12.3443 -3.4342 0.7015 0.2078 -0.6817 0.8164 0.8145
    48 1.9199 -12.4155 -3.3783 0.5350 0.4040 -0.7420 0.8398 0.8125
witch hand.bmp
    49 1.7425 -12.5954 -3.4584 -0.0175 -0.3636 -0.9314 0.8301 0.7852
    48 1.9199 -12.4155 -3.3783 0.5350 0.4040 -0.7420 0.8398 0.8125
    48 2.9210 -12.8151 -3.3773 0.0147 -0.3302 -0.9438 0.9336 0.7852
witch hand.bmp
    48 2.9210 -12.8151 -3.3773 0.0147 -0.3302 -0.9438 0.9336 0.7852
    48 1.9199 -12.4155 -3.3783 0.5350 0.4040 -0.7420 0.8398 0.8125
    48 2.9425 -12.5327 -3.3224 0.4104 0.6164 -0.6720 0.9395 0.8125
witch hand.bmp
    48 2.9210 -12.8151 -3.3773 0.0147 -0.3302 -0.9438 0.9336 0.7852
    48 2.9425 -12.5327 -3.3224 0.4104 0.6164 -0.6720 0.9395 0.8125
    47 3.0701 -12.8284 -3.3617 -0.0605 -0.4710 -0.8800 0.9453 0.7832
witch hand.bmp
    47 3.0701 -12.8284 -3.3617 -0.0605 -0.4710 -0.8800 0.9453 0.7832
    48 2.9425 -12.5327 -3.3224 0.4104 0.6164 -0.6720 0.9395 0.8125
    47 2.9583 -12.5492 -3.3158 0.1408 0.5483 -0.8244 0.9512 0.8125
witch hand.bmp
    1 4.0655 -11.1218 -2.5396 -0.7478 -0.2301 0.6228 0.7324 0.7578
    1 3.9745 -10.6005 -2.6151 -0.4562 -0.7952 -0.3995 0.7793 0.7676
    1 3.9463 -10.7278 -3.3200 -0.8971 -0.3760 -0.2321 0.7832 0.6973
witch hand.bmp
    1 4.0655 -11.1218 -2.5396 -0.7478 -0.2301 0.6228 0.7324 0.7578
    1 3.9463 -10.7278 -3.3200 -0.8971 -0.3760 -0.2321 0.7832 0.6973
    1 4.0009 -11.4950 -3.1892 -0.9564 0.2917 0.0171 0.7109 0.6836
witch hand.bmp
    1 4.0009 -11.4950 -3.1892 -0.9564 0.2917 0.0171 0.7109 0.6836
    1 3.9463 -10.7278 -3.3200 -0.8971 -0.3760 -0.2321 0.7832 0.6973
    1 4.1817 -10.8455 -4.1553 -0.9982 0.0531 0.0267 0.7969 0.6113
witch hand.bmp
    1 4.0009 -11.4950 -3.1892 -0.9564 0.2917 0.0171 0.7109 0.6836
    1 4.1817 -10.8455 -4.1553 -0.9982 0.0531 0.0267 0.7969 0.6113
    1 3.9771 -11.8034 -3.7737 -0.8579 0.4964 -0.1324 0.6953 0.6211
witch hand.bmp
    1 3.9771 -11.8034 -3.7737 -0.8579 0.4964 -0.1324 0.6953 0.6211
    1 4.1817 -10.8455 -4.1553 -0.9982 0.0531 0.0267 0.7969 0.6113
    1 3.9127 -11.8303 -4.4789 -0.9622 -0.1301 -0.2391 0.7090 0.5586
witch hand.bmp
    1 3.9771 -11.8034 -3.7737 -0.8579 0.4964 -0.1324 0.6953 0.6211
    1 3.9127 -11.8303 -4.4789 -0.9622 -0.1301 -0.2391 0.7090 0.5586
    44 3.8499 -11.9356 -4.3433 -0.7742 0.3989 -0.4913 0.6465 0.5625
witch hand.bmp
    44 3.8499 -11.9356 -4.3433 -0.7742 0.3989 -0.4913 0.6465 0.5625
    1 3.9127 -11.8303 -4.4789 -0.9622 -0.1301 -0.2391 0.7090 0.5586
    50 4.2238 -12.1716 -4.5876 -0.8303 0.0126 0.5572 0.6660 0.5430
witch hand.bmp
    44 3.8499 -11.9356 -4.3433 -0.7742 0.3989 -0.4913 0.6465 0.5625
    50 4.2238 -12.1716 -4.5876 -0.8303 0.0126 0.5572 0.6660 0.5430
    44 4.2586 -12.4022 -4.4812 -0.7406 -0.6700 0.0515 0.6504 0.5332
witch hand.bmp
    44 4.2586 -12.4022 -4.4812 -0.7406 -0.6700 0.0515 0.6504 0.5332
    50 4.2238 -12.1716 -4.5876 -0.8303 0.0126 0.5572 0.6660 0.5430
    41 3.9680 -11.7641 -4.7083 0.1023 0.8212 0.5615 0.6621 0.5215
witch hand.bmp
    44 4.2586 -12.4022 -4.4812 -0.7406 -0.6700 0.0515 0.6504 0.5332
    41 3.9680 -11.7641 -4.7083 0.1023 0.8212 0.5615 0.6621 0.5215
    41 3.1960 -12.3005 -4.7279 -0.4854 -0.1563 0.8602 0.5723 0.5176
witch hand.bmp
    41 3.1960 -12.3005 -4.7279 -0.4854 -0.1563 0.8602 0.5723 0.5176
    41 3.9680 -11.7641 -4.7083 0.1023 0.8212 0.5615 0.6621 0.5215
    41 3.2121 -12.0177 -4.8570 -0.4004 0.8016 0.4440 0.5859 0.4941
witch hand.bmp
    50 4.3264 -11.9291 -2.9648 -0.0848 -0.7935 0.6026 0.6504 0.6953
    50 3.2183 -12.1985 -2.6380 -0.1449 -0.6550 -0.7416 0.5781 0.7305
    50 3.7473 -11.4724 -2.9103 -0.5120 0.5767 -0.6366 0.6699 0.7227
witch hand.bmp
    50 4.3264 -11.9291 -2.9648 -0.0848 -0.7935 0.6026 0.6504 0.6953
    50 3.7473 -11.4724 -2.9103 -0.5120 0.5767 -0.6366 0.6699 0.7227
    44 4.0893 -11.5170 -2.9942 -0.7475 -0.6360 -0.1918 0.6719 0.6973
witch hand.bmp
    44 4.0893 -11.5170 -2.9942 -0.7475 -0.6360 -0.1918 0.6719 0.6973
    50 3.7473 -11.4724 -2.9103 -0.5120 0.5767 -0.6366 0.6699 0.7227
    1 4.0009 -11.4950 -3.1892 -0.9564 0.2917 0.0171 0.7109 0.6836
witch hand.bmp
    44 4.0893 -11.5170 -2.9942 -0.7475 -0.6360 -0.1918 0.6719 0.6973
    1 4.0009 -11.4950 -3.1892 -0.9564 0.2917 0.0171 0.7109 0.6836
    47 3.7223 -11.7632 -3.2585 -0.6393 0.7243 0.2583 0.6484 0.6816
witch hand.bmp
    47 3.7223 -11.7632 -3.2585 -0.6393 0.7243 0.2583 0.6484 0.6816
    1 4.0009 -11.4950 -3.1892 -0.9564 0.2917 0.0171 0.7109 0.6836
    1 3.9771 -11.8034 -3.7737 -0.8579 0.4964 -0.1324 0.6953 0.6211
witch hand.bmp
    47 3.7223 -11.7632 -3.2585 -0.6393 0.7243 0.2583 0.6484 0.6816
    1 3.9771 -11.8034 -3.7737 -0.8579 0.4964 -0.1324 0.6953 0.6211
    47 3.7312 -11.8958 -3.6258 -0.6174 0.4098 -0.6715 0.6426 0.6445
witch hand.bmp
    47 3.7312 -11.8958 -3.6258 -0.6174 0.4098 -0.6715 0.6426 0.6445
    1 3.9771 -11.8034 -3.7737 -0.8579 0.4964 -0.1324 0.6953 0.6211
    47 3.8921 -11.9944 -3.8128 -0.8184 -0.3849 0.4267 0.6484 0.6191
witch hand.bmp
    47 3.7312 -11.8958 -3.6258 -0.6174 0.4098 -0.6715 0.6426 0.6445
    47 3.8921 -11.9944 -3.8128 -0.8184 -0.3849 0.4267 0.6484 0.6191
    47 4.3494 -12.2773 -3.6524 -0.4292 -0.8757 0.2212 0.6328 0.6152
witch hand.bmp
    47 4.3494 -12.2773 -3.6524 -0.4292 -0.8757 0.2212 0.6328 0.6152
    47 3.8921 -11.9944 -3.8128 -0.8184 -0.3849 0.4267 0.6484 0.6191
    44 3.7049 -12.0072 -3.9612 -0.5478 0.7328 0.4036 0.6367 0.5879
witch hand.bmp
    47 4.3494 -12.2773 -3.6524 -0.4292 -0.8757 0.2212 0.6328 0.6152
    44 3.7049 -12.0072 -3.9612 -0.5478 0.7328 0.4036 0.6367 0.5879
    44 3.1046 -12.6097 -3.7398 -0.1363 0.0817 0.9873 0.5566 0.6191
witch hand.bmp
    44 3.1046 -12.6097 -3.7398 -0.1363 0.0817 0.9873 0.5566 0.6191
    44 3.7049 -12.0072 -3.9612 -0.5478 0.7328 0.4036 0.6367 0.5879
    44 3.0778 -12.3820 -3.9218 -0.8593 0.4214 0.2899 0.5586 0.5918
witch hand.bmp
    28 -3.9810 -11.9089 -1.3866 -0.2362 -0.8167 0.5265 0.6621 0.2168
    31 -3.1524 -12.9184 -1.2272 -0.5433 -0.7050 -0.4559 0.5176 0.2012
    31 -3.2262 -12.8923 -1.0355 -0.6010 -0.7526 0.2693 0.5215 0.1816
witch hand.bmp
    28 -3.9810 -11.9089 -1.3866 -0.2362 -0.8167 0.5265 0.6621 0.2168
    31 -3.2262 -12.8923 -1.0355 -0.6010 -0.7526 0.2693 0.5215 0.1816
    31 -4.1043 -11.7622 -1.1649 -0.7619 -0.4088 0.5025 0.6738 0.2090
witch hand.bmp
    31 -4.1043 -11.7622 -1.1649 -0.7619 -0.4088 0.5025 0.6738 0.2090
    31 -3.2262 -12.8923 -1.0355 -0.6010 -0.7526 0.2693 0.5215 0.1816
    31 -3.9499 -11.7005 -0.9716 -0.5884 -0.2011 0.7832 0.6719 0.1855
witch hand.bmp
    31 -4.1043 -11.7622 -1.1649 -0.7619 -0.4088 0.5025 0.6738 0.2090
    31 -3.9499 -11.7005 -0.9716 -0.5884 -0.2011 0.7832 0.6719 0.1855
    23 -4.4588 -10.9497 -1.3989 -0.7374 0.1890 0.6485 0.7363 0.2070
witch hand.bmp
    23 -4.4588 -10.9497 -1.3989 -0.7374 0.1890 0.6485 0.7363 0.2070
    31 -3.9499 -11.7005 -0.9716 -0.5884 -0.2011 0.7832 0.6719 0.1855
    31 -3.8216 -11.5127 -0.8841 -0.2224 0.0188 0.9748 0.6836 0.1602
witch hand.bmp
    23 -4.4588 -10.9497 -1.3989 -0.7374 0.1890 0.6485 0.7363 0.2070
    31 -3.8216 -11.5127 -0.8841 -0.2224 0.0188 0.9748 0.6836 0.1602
    23 -3.9412 -10.5959 -1.1355 -0.6070 0.3527 0.7121 0.7461 0.1426
witch hand.bmp
    23 -3.9412 -10.5959 -1.1355 -0.6070 0.3527 0.7121 0.7461 0.1426
    31 -3.8216 -11.5127 -0.8841 -0.2224 0.0188 0.9748 0.6836 0.1602
    34 -3.7351 -11.1066 -0.8281 -0.7166 -0.1375 0.6838 0.6992 0.1445
witch hand.bmp
    23 -3.9412 -10.5959 -1.1355 -0.6070 0.3527 0.7121 0.7461 0.1426
    34 -3.7351 -11.1066 -0.8281 -0.7166 -0.1375 0.6838 0.6992 0.1445
    34 -3.5772 -11.0075 -0.6050 -0.5785 0.1025 0.8092 0.6953 0.1152
witch hand.bmp
    34 -3.5772 -11.0075 -0.6050 -0.5785 0.1025 0.8092 0.6953 0.1152
    34 -3.7351 -11.1066 -0.8281 -0.7166 -0.1375 0.6838 0.6992 0.1445
    34 -2.8724 -12.0081 -0.3333 -0.6602 -0.6577 0.3628 0.5723 0.0918
witch hand.bmp
    34 -3.5772 -11.0075 -0.6050 -0.5785 0.1025 0.8092 0.6953 0.1152
    34 -2.8724 -12.0081 -0.3333 -0.6602 -0.6577 0.3628 0.5723 0.0918
    34 -2.8659 -11.8537 -0.1936 -0.4964 -0.2337 0.8360 0.5781 0.0762
witch hand.bmp
    22 -3.7281 -8.5398 -3.2672 0.5540 0.6819 0.4775 0.2500 0.2715
    24 -3.9122 -9.0912 -2.5809 -0.1892 0.6731 0.7149 0.2949 0.1953
    24 -3.4912 -9.0028 -2.7396 0.3153 0.6942 0.6471 0.2500 0.1953
witch hand.bmp
    22 -3.7281 -8.5398 -3.2672 0.5540 0.6819 0.4775 0.2500 0.2715
    24 -3.4912 -9.0028 -2.7396 0.3153 0.6942 0.6471 0.2500 0.1953
    22 -3.6075 -8.5732 -3.4615 0.8291 0.5568 0.0505 0.2227 0.2754
witch hand.bmp
    22 -3.6075 -8.5732 -3.4615 0.8291 0.5568 0.0505 0.2227 0.2754
    24 -3.4912 -9.0028 -2.7396 0.3153 0.6942 0.6471 0.2500 0.1953
    24 -3.2936 -9.0254 -2.9268 0.6784 0.7101 0.1885 0.2207 0.1953
witch hand.bmp
    22 -3.6075 -8.5732 -3.4615 0.8291 0.5568 0.0505 0.2227 0.2754
    24 -3.2936 -9.0254 -2.9268 0.6784 0.7101 0.1885 0.2207 0.1953
    22 -3.5920 -8.7043 -3.7006 0.8878 0.3124 -0.3380 0.1953 0.2793
witch hand.bmp
    22 -3.5920 -8.7043 -3.7006 0.8878 0.3124 -0.3380 0.1953 0.2793
    24 -3.2936 -9.0254 -2.9268 0.6784 0.7101 0.1885 0.2207 0.1953
    24 -3.2277 -9.1645 -3.2102 0.8724 0.3975 -0.2846 0.2012 0.1973
witch hand.bmp
    22 -3.5920 -8.7043 -3.7006 0.8878 0.3124 -0.3380 0.1953 0.2793
    24 -3.2277 -9.1645 -3.2102 0.8724 0.3975 -0.2846 0.2012 0.1973
    22 -3.6594 -8.9145 -3.8942 0.8108 0.1031 -0.5762 0.1719 0.2773
witch hand.bmp
    22 -3.6594 -8.9145 -3.8942 0.8108 0.1031 -0.5762 0.1719 0.2773
    24 -3.2277 -9.1645 -3.2102 0.8724 0.3975 -0.2846 0.2012 0.1973
    24 -3.2836 -9.3412 -3.4808 0.8753 0.0949 -0.4742 0.1719 0.1973
witch hand.bmp
    22 -3.6594 -8.9145 -3.8942 0.8108 0.1031 -0.5762 0.1719 0.2773
    24 -3.2836 -9.3412 -3.4808 0.8753 0.0949 -0.4742 0.1719 0.1973
    22 -3.8267 -9.1803 -4.0939 0.6781 -0.0516 -0.7331 0.1445 0.2715
witch hand.bmp
    22 -3.8267 -9.1803 -4.0939 0.6781 -0.0516 -0.7331 0.1445 0.2715
    24 -3.2836 -9.3412 -3.4808 0.8753 0.0949 -0.4742 0.1719 0.1973
    24 -3.4939 -9.5531 -3.7136 0.7587 -0.0796 -0.6465 0.1426 0.1973
witch hand.bmp
    22 -3.8267 -9.1803 -4.0939 0.6781 -0.0516 -0.7331 0.1445 0.2715
    24 -3.4939 -9.5531 -3.7136 0.7587 -0.0796 -0.6465 0.1426 0.1973
    24 -3.8591 -9.9191 -4.0931 0.4916 -0.2643 -0.8298 0.1113 0.2012
witch hand.bmp
    47 4.3494 -12.2773 -3.6524 -0.4292 -0.8757 0.2212 0.6621 0.2168
    44 3.1046 -12.6097 -3.7398 -0.1363 0.0817 0.9873 0.5605 0.2266
    44 3.1815 -12.8466 -3.8283 0.0541 -0.7418 0.6685 0.5625 0.2461
witch hand.bmp
    47 4.3494 -12.2773 -3.6524 -0.4292 -0.8757 0.2212 0.6621 0.2168
    44 3.1815 -12.8466 -3.8283 0.0541 -0.7418 0.6685 0.5625 0.2461
    44 4.3180 -12.3974 -3.7589 0.3619 -0.7881 0.4980 0.6777 0.2246
witch hand.bmp
    44 4.3180 -12.3974 -3.7589 0.3619 -0.7881 0.4980 0.6777 0.2246
    44 3.1815 -12.8466 -3.8283 0.0541 -0.7418 0.6685 0.5625 0.2461
    44 4.2656 -12.5560 -3.9775 0.4274 -0.8666 0.2577 0.6699 0.2500
witch hand.bmp
    44 4.3180 -12.3974 -3.7589 0.3619 -0.7881 0.4980 0.6777 0.2246
    44 4.2656 -12.5560 -3.9775 0.4274 -0.8666 0.2577 0.6699 0.2500
    1 5.0556 -11.9775 -4.1730 0.8083 -0.5878 0.0352 0.7266 0.2578
witch hand.bmp
    1 5.0556 -11.9775 -4.1730 0.8083 -0.5878 0.0352 0.7266 0.2578
    44 4.2656 -12.5560 -3.9775 0.4274 -0.8666 0.2577 0.6699 0.2500
    44 4.3425 -12.5235 -4.2541 0.3843 -0.9157 -0.1178 0.6816 0.2734
witch hand.bmp
    1 5.0556 -11.9775 -4.1730 0.8083 -0.5878 0.0352 0.7266 0.2578
    44 4.3425 -12.5235 -4.2541 0.3843 -0.9157 -0.1178 0.6816 0.2734
    1 4.8500 -12.1432 -4.7530 0.7389 -0.6308 -0.2367 0.7246 0.3086
witch hand.bmp
    1 4.8500 -12.1432 -4.7530 0.7389 -0.6308 -0.2367 0.7246 0.3086
    44 4.3425 -12.5235 -4.2541 0.3843 -0.9157 -0.1178 0.6816 0.2734
    41 4.2456 -12.5355 -4.6066 0.0551 -0.9890 0.1374 0.6895 0.2988
witch hand.bmp
    1 4.8500 -12.1432 -4.7530 0.7389 -0.6308 -0.2367 0.7246 0.3086
    41 4.2456 -12.5355 -4.6066 0.0551 -0.9890 0.1374 0.6895 0.2988
    41 4.2116 -12.4521 -4.9502 0.2573 -0.9352 -0.2434 0.6953 0.3281
witch hand.bmp
    41 4.2116 -12.4521 -4.9502 0.2573 -0.9352 -0.2434 0.6953 0.3281
    41 4.2456 -12.5355 -4.6066 0.0551 -0.9890 0.1374 0.6895 0.2988
    41 3.1959 -12.4728 -4.8483 -0.4026 -0.8012 0.4427 0.5977 0.3359
witch hand.bmp
    41 4.2116 -12.4521 -4.9502 0.2573 -0.9352 -0.2434 0.6953 0.3281
    41 3.1959 -12.4728 -4.8483 -0.4026 -0.8012 0.4427 0.5977 0.3359
    41 3.2103 -12.5026 -4.9876 -0.3440 -0.9379 -0.0452 0.6035 0.3574
witch hand.bmp
    27 -2.9999 -12.7189 -3.2009 0.7251 0.3389 0.5994 0.6992 0.8691
    27 -2.9671 -12.6835 -3.2918 0.8088 0.5868 0.0391 0.6797 0.8535
    27 -3.1227 -12.6221 -3.1954 0.2112 0.8802 0.4251 0.6992 0.8516
witch hand.bmp
    27 -2.9999 -12.7189 -3.2009 0.7251 0.3389 0.5994 0.6992 0.8691
    27 -3.1227 -12.6221 -3.1954 0.2112 0.8802 0.4251 0.6992 0.8516
    27 -3.3001 -13.1600 -2.7543 0.6369 0.1993 0.7447 0.8340 0.8730
witch hand.bmp
    27 -3.3001 -13.1600 -2.7543 0.6369 0.1993 0.7447 0.8340 0.8730
    27 -3.1227 -12.6221 -3.1954 0.2112 0.8802 0.4251 0.6992 0.8516
    27 -3.4401 -12.9840 -2.8176 -0.3625 -0.0730 0.9291 0.8242 0.8496
witch hand.bmp
    27 -3.3001 -13.1600 -2.7543 0.6369 0.1993 0.7447 0.8340 0.8730
    27 -3.4401 -12.9840 -2.8176 -0.3625 -0.0730 0.9291 0.8242 0.8496
    26 -3.3272 -13.0231 -2.8700 0.8459 0.0446 -0.5314 0.8477 0.8516
witch hand.bmp
    26 -3.3272 -13.0231 -2.8700 0.8459 0.0446 -0.5314 0.8477 0.8516
    27 -3.4401 -12.9840 -2.8176 -0.3625 -0.0730 0.9291 0.8242 0.8496
    26 -3.4543 -13.0576 -3.0487 0.5724 -0.2460 -0.7822 0.8398 0.8125
witch hand.bmp
    26 -3.3272 -13.0231 -2.8700 0.8459 0.0446 -0.5314 0.8477 0.8516
    26 -3.4543 -13.0576 -3.0487 0.5724 -0.2460 -0.7822 0.8398 0.8125
    26 -3.9841 -12.7380 -2.4990 -0.4223 0.7412 0.5218 0.9395 0.8477
witch hand.bmp
    26 -3.9841 -12.7380 -2.4990 -0.4223 0.7412 0.5218 0.9395 0.8477
    26 -3.4543 -13.0576 -3.0487 0.5724 -0.2460 -0.7822 0.8398 0.8125
    26 -4.1205 -12.7978 -2.6612 -0.8205 0.5716 -0.0051 0.9395 0.8125
witch hand.bmp
    26 -3.9841 -12.7380 -2.4990 -0.4223 0.7412 0.5218 0.9395 0.8477
    26 -4.1205 -12.7978 -2.6612 -0.8205 0.5716 -0.0051 0.9395 0.8125
    25 -3.8564 -12.8935 -2.5337 0.7201 -0.6889 -0.0829 0.9512 0.8516
witch hand.bmp
    25 -3.8564 -12.8935 -2.5337 0.7201 -0.6889 -0.0829 0.9512 0.8516
    26 -4.1205 -12.7978 -2.6612 -0.8205 0.5716 -0.0051 0.9395 0.8125
    25 -4.0073 -12.9455 -2.6877 0.4931 -0.7981 -0.3463 0.9512 0.8125
witch hand.bmp
    39 -0.8862 -10.3125 -1.4720 0.4865 0.8635 0.1331 0.3652 0.1680
    39 -0.9354 -10.3357 -1.6875 0.4919 0.7553 -0.4331 0.3809 0.1777
    38 -1.5099 -9.9490 -1.5308 0.5425 0.8150 0.2034 0.3730 0.1230
witch hand.bmp
    39 -0.8862 -10.3125 -1.4720 0.4865 0.8635 0.1331 0.3652 0.1680
    38 -1.5099 -9.9490 -1.5308 0.5425 0.8150 0.2034 0.3730 0.1230
    39 -0.9884 -10.3927 -1.2349 0.3139 0.6710 0.6717 0.3379 0.1719
witch hand.bmp
    39 -0.9884 -10.3927 -1.2349 0.3139 0.6710 0.6717 0.3379 0.1719
    38 -1.5099 -9.9490 -1.5308 0.5425 0.8150 0.2034 0.3730 0.1230
    38 -1.6009 -10.0265 -1.2994 0.3048 0.5567 0.7728 0.3398 0.1191
witch hand.bmp
    39 -0.9884 -10.3927 -1.2349 0.3139 0.6710 0.6717 0.3379 0.1719
    38 -1.6009 -10.0265 -1.2994 0.3048 0.5567 0.7728 0.3398 0.1191
    38 -1.7160 -10.2648 -1.2356 -0.0618 -0.0258 0.9978 0.3125 0.1133
witch hand.bmp
    38 -1.7160 -10.2648 -1.2356 -0.0618 -0.0258 0.9978 0.3125 0.1133
    38 -1.6009 -10.0265 -1.2994 0.3048 0.5567 0.7728 0.3398 0.1191
    38 -2.0651 -9.7322 -1.3076 0.3542 0.4686 0.8093 0.3457 0.0684
witch hand.bmp
    38 -1.7160 -10.2648 -1.2356 -0.0618 -0.0258 0.9978 0.3125 0.1133
    38 -2.0651 -9.7322 -1.3076 0.3542 0.4686 0.8093 0.3457 0.0684
    38 -2.2457 -10.0960 -1.2165 0.0293 -0.1377 0.9900 0.3027 0.0605
witch hand.bmp
    38 -2.2457 -10.0960 -1.2165 0.0293 -0.1377 0.9900 0.3027 0.0605
    38 -2.0651 -9.7322 -1.3076 0.3542 0.4686 0.8093 0.3457 0.0684
    23 -2.8034 -10.3250 -1.1670 0.5356 0.0082 0.8444 0.2852 0.0293
witch hand.bmp
    38 -2.2457 -10.0960 -1.2165 0.0293 -0.1377 0.9900 0.3027 0.0605
    23 -2.8034 -10.3250 -1.1670 0.5356 0.0082 0.8444 0.2852 0.0293
    38 -2.3214 -10.2652 -1.3708 0.1342 -0.7303 0.6698 0.2695 0.0684
witch hand.bmp
    38 -2.3214 -10.2652 -1.3708 0.1342 -0.7303 0.6698 0.2695 0.0684
    23 -2.8034 -10.3250 -1.1670 0.5356 0.0082 0.8444 0.2852 0.0293
    23 -2.5912 -10.4552 -1.3881 0.5566 -0.6673 0.4949 0.2637 0.0410
witch hand.bmp
    23 -4.7589 -12.1120 -2.9363 -0.3304 -0.5502 -0.7669 0.7363 0.3652
    25 -4.7338 -12.3078 -2.7492 -0.4114 -0.5297 -0.7417 0.7031 0.3652
    25 -4.8446 -12.3949 -2.5268 -0.8839 -0.4661 -0.0388 0.6992 0.3496
witch hand.bmp
    23 -4.7589 -12.1120 -2.9363 -0.3304 -0.5502 -0.7669 0.7363 0.3652
    25 -4.8446 -12.3949 -2.5268 -0.8839 -0.4661 -0.0388 0.6992 0.3496
    23 -4.9957 -11.9546 -2.6499 -0.9751 -0.1803 -0.1291 0.7344 0.3438
witch hand.bmp
    23 -4.9957 -11.9546 -2.6499 -0.9751 -0.1803 -0.1291 0.7344 0.3438
    25 -4.8446 -12.3949 -2.5268 -0.8839 -0.4661 -0.0388 0.6992 0.3496
    25 -4.7603 -12.3242 -2.2763 -0.8128 -0.4064 0.4173 0.6953 0.3281
witch hand.bmp
    23 -4.9957 -11.9546 -2.6499 -0.9751 -0.1803 -0.1291 0.7344 0.3438
    25 -4.7603 -12.3242 -2.2763 -0.8128 -0.4064 0.4173 0.6953 0.3281
    23 -4.9302 -11.7280 -2.1796 -0.9452 -0.0849 0.3152 0.7246 0.3086
witch hand.bmp
    23 -4.9302 -11.7280 -2.1796 -0.9452 -0.0849 0.3152 0.7246 0.3086
    25 -4.7603 -12.3242 -2.2763 -0.8128 -0.4064 0.4173 0.6953 0.3281
    25 -4.6385 -12.2130 -1.9643 -0.5743 -0.4716 0.6691 0.6895 0.2988
witch hand.bmp
    23 -4.9302 -11.7280 -2.1796 -0.9452 -0.0849 0.3152 0.7246 0.3086
    25 -4.6385 -12.2130 -1.9643 -0.5743 -0.4716 0.6691 0.6895 0.2988
    28 -4.4729 -12.1386 -1.7432 -0.7149 -0.5223 0.4649 0.6816 0.2734
witch hand.bmp
    28 -4.4729 -12.1386 -1.7432 -0.7149 -0.5223 0.4649 0.6816 0.2734
    25 -4.6385 -12.2130 -1.9643 -0.5743 -0.4716 0.6691 0.6895 0.2988
    25 -4.4632 -12.1666 -1.9582 -0.0370 -0.9215 0.3867 0.6797 0.2871
witch hand.bmp
    28 -4.4729 -12.1386 -1.7432 -0.7149 -0.5223 0.4649 0.6816 0.2734
    25 -4.4632 -12.1666 -1.9582 -0.0370 -0.9215 0.3867 0.6797 0.2871
    28 -3.7157 -13.0916 -1.8672 -0.6532 -0.7572 0.0041 0.5664 0.2832
witch hand.bmp
    28 -3.7157 -13.0916 -1.8672 -0.6532 -0.7572 0.0041 0.5664 0.2832
    25 -4.4632 -12.1666 -1.9582 -0.0370 -0.9215 0.3867 0.6797 0.2871
    28 -3.6544 -12.9892 -2.0707 -0.4940 -0.3635 -0.7898 0.5684 0.2988
witch hand.bmp
    38 -2.3019 -9.5420 -2.5243 0.6056 0.3484 -0.7155 0.9219 0.7656
    38 -2.3411 -10.2155 -2.3611 0.7030 -0.4292 -0.5670 0.8613 0.7734
    37 -2.5642 -10.4133 -2.6050 0.5568 -0.5840 -0.5907 0.8672 0.7266
witch hand.bmp
    38 -2.3019 -9.5420 -2.5243 0.6056 0.3484 -0.7155 0.9219 0.7656
    37 -2.5642 -10.4133 -2.6050 0.5568 -0.5840 -0.5907 0.8672 0.7266
    37 -2.8794 -9.7447 -2.9487 0.6724 0.0669 -0.7372 0.9375 0.7031
witch hand.bmp
    37 -2.8794 -9.7447 -2.9487 0.6724 0.0669 -0.7372 0.9375 0.7031
    37 -2.5642 -10.4133 -2.6050 0.5568 -0.5840 -0.5907 0.8672 0.7266
    37 -3.1536 -10.4801 -2.8202 0.5339 -0.6647 -0.5227 0.8711 0.6602
witch hand.bmp
    37 -2.8794 -9.7447 -2.9487 0.6724 0.0669 -0.7372 0.9375 0.7031
    37 -3.1536 -10.4801 -2.8202 0.5339 -0.6647 -0.5227 0.8711 0.6602
    37 -3.1882 -10.1074 -3.2399 0.7558 -0.3179 -0.5725 0.9277 0.6465
witch hand.bmp
    37 -3.1882 -10.1074 -3.2399 0.7558 -0.3179 -0.5725 0.9277 0.6465
    37 -3.1536 -10.4801 -2.8202 0.5339 -0.6647 -0.5227 0.8711 0.6602
    23 -3.4890 -10.5367 -3.1510 0.7337 -0.5364 -0.4172 0.8672 0.5996
witch hand.bmp
    37 -3.1882 -10.1074 -3.2399 0.7558 -0.3179 -0.5725 0.9277 0.6465
    23 -3.4890 -10.5367 -3.1510 0.7337 -0.5364 -0.4172 0.8672 0.5996
    23 -3.4436 -10.1713 -3.4823 0.7094 -0.3577 -0.6073 0.9199 0.5996
witch hand.bmp
    23 -3.4436 -10.1713 -3.4823 0.7094 -0.3577 -0.6073 0.9199 0.5996
    23 -3.4890 -10.5367 -3.1510 0.7337 -0.5364 -0.4172 0.8672 0.5996
    23 -3.8901 -10.9253 -3.5245 0.5062 -0.5078 -0.6970 0.8535 0.5273
witch hand.bmp
    23 -3.4436 -10.1713 -3.4823 0.7094 -0.3577 -0.6073 0.9199 0.5996
    23 -3.8901 -10.9253 -3.5245 0.5062 -0.5078 -0.6970 0.8535 0.5273
    23 -3.9603 -10.5213 -3.7868 0.3676 -0.4764 -0.7987 0.9062 0.5234
witch hand.bmp
    23 -3.9603 -10.5213 -3.7868 0.3676 -0.4764 -0.7987 0.9062 0.5234
    23 -3.8901 -10.9253 -3.5245 0.5062 -0.5078 -0.6970 0.8535 0.5273
    23 -4.3349 -11.0765 -3.4951 -0.0769 -0.4930 -0.8666 0.8359 0.4824
witch hand.bmp
    39 -1.5593 -10.5998 -1.5662 -0.3298 -0.9413 -0.0723 0.8340 0.4316
    39 -1.4347 -10.5921 -1.2581 -0.3590 -0.5753 0.7349 0.8320 0.3887
    38 -1.7702 -10.5486 -1.4401 -0.3090 -0.8859 0.3459 0.8770 0.3945
witch hand.bmp
    39 -1.5593 -10.5998 -1.5662 -0.3298 -0.9413 -0.0723 0.8340 0.4316
    38 -1.7702 -10.5486 -1.4401 -0.3090 -0.8859 0.3459 0.8770 0.3945
    38 -1.7148 -10.6136 -1.6065 -0.0989 -0.9949 -0.0185 0.8750 0.4082
witch hand.bmp
    38 -1.7148 -10.6136 -1.6065 -0.0989 -0.9949 -0.0185 0.8750 0.4082
    38 -1.7702 -10.5486 -1.4401 -0.3090 -0.8859 0.3459 0.8770 0.3945
    38 -2.3214 -10.2652 -1.3708 0.1342 -0.7303 0.6698 0.9336 0.3809
witch hand.bmp
    38 -1.7148 -10.6136 -1.6065 -0.0989 -0.9949 -0.0185 0.8750 0.4082
    38 -2.3214 -10.2652 -1.3708 0.1342 -0.7303 0.6698 0.9336 0.3809
    38 -2.2077 -10.4626 -1.7124 0.2064 -0.9677 0.1445 0.9277 0.3984
witch hand.bmp
    38 -2.2077 -10.4626 -1.7124 0.2064 -0.9677 0.1445 0.9277 0.3984
    38 -2.3214 -10.2652 -1.3708 0.1342 -0.7303 0.6698 0.9336 0.3809
    37 -2.3326 -10.5473 -1.6971 0.4339 -0.8824 0.1818 0.9648 0.3906
witch hand.bmp
    38 -2.2077 -10.4626 -1.7124 0.2064 -0.9677 0.1445 0.9277 0.3984
    37 -2.3326 -10.5473 -1.6971 0.4339 -0.8824 0.1818 0.9648 0.3906
    38 -2.0281 -10.3313 -2.0405 0.2217 -0.7040 -0.6747 0.9238 0.4531
witch hand.bmp
    38 -2.0281 -10.3313 -2.0405 0.2217 -0.7040 -0.6747 0.9238 0.4531
    37 -2.3326 -10.5473 -1.6971 0.4339 -0.8824 0.1818 0.9648 0.3906
    38 -2.3411 -10.2155 -2.3611 0.7030 -0.4292 -0.5670 0.9707 0.4551
witch hand.bmp
    38 -2.0281 -10.3313 -2.0405 0.2217 -0.7040 -0.6747 0.9238 0.4531
    38 -2.3411 -10.2155 -2.3611 0.7030 -0.4292 -0.5670 0.9707 0.4551
    38 -1.8968 -9.9147 -2.1536 0.6608 0.0852 -0.7457 0.9297 0.4980
witch hand.bmp
    38 -1.8968 -9.9147 -2.1536 0.6608 0.0852 -0.7457 0.9297 0.4980
    38 -2.3411 -10.2155 -2.3611 0.7030 -0.4292 -0.5670 0.9707 0.4551
    38 -2.3019 -9.5420 -2.5243 0.6056 0.3484 -0.7155 0.9824 0.5156
witch hand.bmp
    53 3.5270 -9.5902 -2.6785 -0.2817 0.9377 0.2036 0.9297 0.4980
    53 3.9224 -9.3909 -3.1904 -0.2669 0.9636 0.0131 0.9824 0.5156
    53 3.3488 -9.7816 -3.1936 -0.8433 0.3961 -0.3633 0.9707 0.4551
witch hand.bmp
    53 3.5270 -9.5902 -2.6785 -0.2817 0.9377 0.2036 0.9297 0.4980
    53 3.3488 -9.7816 -3.1936 -0.8433 0.3961 -0.3633 0.9707 0.4551
    53 3.2165 -9.9061 -2.7741 -0.5039 0.3846 -0.7734 0.9238 0.4531
witch hand.bmp
    53 3.2165 -9.9061 -2.7741 -0.5039 0.3846 -0.7734 0.9238 0.4531
    53 3.3488 -9.7816 -3.1936 -0.8433 0.3961 -0.3633 0.9707 0.4551
    53 3.4053 -10.4720 -3.0841 -0.7020 -0.6234 -0.3444 0.9648 0.3906
witch hand.bmp
    53 3.2165 -9.9061 -2.7741 -0.5039 0.3846 -0.7734 0.9238 0.4531
    53 3.4053 -10.4720 -3.0841 -0.7020 -0.6234 -0.3444 0.9648 0.3906
    53 3.2323 -10.2958 -2.7298 -0.2907 -0.0568 -0.9551 0.9277 0.3984
witch hand.bmp
    53 3.2323 -10.2958 -2.7298 -0.2907 -0.0568 -0.9551 0.9277 0.3984
    53 3.4053 -10.4720 -3.0841 -0.7020 -0.6234 -0.3444 0.9648 0.3906
    54 3.5582 -10.5731 -2.7228 -0.1846 -0.9654 -0.1841 0.9336 0.3809
witch hand.bmp
    53 3.2323 -10.2958 -2.7298 -0.2907 -0.0568 -0.9551 0.9277 0.3984
    54 3.5582 -10.5731 -2.7228 -0.1846 -0.9654 -0.1841 0.9336 0.3809
    54 2.8805 -10.3050 -2.8238 -0.0751 -0.3845 -0.9201 0.8750 0.4082
witch hand.bmp
    54 2.8805 -10.3050 -2.8238 -0.0751 -0.3845 -0.9201 0.8750 0.4082
    54 3.5582 -10.5731 -2.7228 -0.1846 -0.9654 -0.1841 0.9336 0.3809
    54 2.9521 -10.4269 -2.7049 -0.2268 -0.8381 -0.4960 0.8770 0.3945
witch hand.bmp
    54 2.8805 -10.3050 -2.8238 -0.0751 -0.3845 -0.9201 0.8750 0.4082
    54 2.9521 -10.4269 -2.7049 -0.2268 -0.8381 -0.4960 0.8770 0.3945
    54 2.5237 -10.2714 -2.7157 -0.3198 -0.5526 -0.7697 0.8340 0.4316
witch hand.bmp
    54 2.5237 -10.2714 -2.7157 -0.3198 -0.5526 -0.7697 0.8340 0.4316
    54 2.9521 -10.4269 -2.7049 -0.2268 -0.8381 -0.4960 0.8770 0.3945
    54 2.5810 -10.4414 -2.4357 -0.1878 -0.9821 0.0117 0.8320 0.3887
witch hand.bmp
    47 3.1901 -12.9378 -3.2403 0.1684 -0.9433 -0.2860 0.5215 0.1816
    47 4.3494 -12.2773 -3.6524 -0.4292 -0.8757 0.2212 0.6621 0.2168
    47 4.4682 -12.3380 -3.5081 0.5043 -0.8585 -0.0936 0.6738 0.2090
witch hand.bmp
    47 3.1901 -12.9378 -3.2403 0.1684 -0.9433 -0.2860 0.5215 0.1816
    47 4.4682 -12.3380 -3.5081 0.5043 -0.8585 -0.0936 0.6738 0.2090
    47 4.4558 -12.3224 -3.2544 0.5689 -0.7645 0.3031 0.6719 0.1855
witch hand.bmp
    47 4.4558 -12.3224 -3.2544 0.5689 -0.7645 0.3031 0.6719 0.1855
    47 4.4682 -12.3380 -3.5081 0.5043 -0.8585 -0.0936 0.6738 0.2090
    1 5.1374 -11.7290 -3.6544 0.8573 -0.4619 0.2274 0.7363 0.2070
witch hand.bmp
    47 4.4558 -12.3224 -3.2544 0.5689 -0.7645 0.3031 0.6719 0.1855
    1 5.1374 -11.7290 -3.6544 0.8573 -0.4619 0.2274 0.7363 0.2070
    47 4.4839 -12.1581 -3.0740 0.4903 -0.5649 0.6637 0.6836 0.1602
witch hand.bmp
    47 4.4839 -12.1581 -3.0740 0.4903 -0.5649 0.6637 0.6836 0.1602
    1 5.1374 -11.7290 -3.6544 0.8573 -0.4619 0.2274 0.7363 0.2070
    1 4.9981 -11.3759 -3.0980 0.8459 -0.3257 0.4223 0.7461 0.1426
witch hand.bmp
    47 4.4839 -12.1581 -3.0740 0.4903 -0.5649 0.6637 0.6836 0.1602
    1 4.9981 -11.3759 -3.0980 0.8459 -0.3257 0.4223 0.7461 0.1426
    50 4.5407 -11.8906 -2.8420 0.5577 -0.7565 0.3417 0.6992 0.1445
witch hand.bmp
    50 4.5407 -11.8906 -2.8420 0.5577 -0.7565 0.3417 0.6992 0.1445
    1 4.9981 -11.3759 -3.0980 0.8459 -0.3257 0.4223 0.7461 0.1426
    50 4.4900 -11.8592 -2.5575 0.5839 -0.6361 0.5044 0.6953 0.1152
witch hand.bmp
    50 4.5407 -11.8906 -2.8420 0.5577 -0.7565 0.3417 0.6992 0.1445
    50 4.4900 -11.8592 -2.5575 0.5839 -0.6361 0.5044 0.6953 0.1152
    50 3.3171 -12.2740 -2.4733 0.1127 -0.9745 -0.1938 0.5723 0.0918
witch hand.bmp
    50 3.3171 -12.2740 -2.4733 0.1127 -0.9745 -0.1938 0.5723 0.0918
    50 4.4900 -11.8592 -2.5575 0.5839 -0.6361 0.5044 0.6953 0.1152
    50 3.4210 -12.2494 -2.2870 0.2702 -0.8602 0.4326 0.5781 0.0762
witch hand.bmp
    1 4.3610 -10.0200 -5.2952 -0.7382 0.2221 -0.6369 0.9062 0.5234
    1 4.4156 -10.7552 -5.3805 -0.4514 0.0123 -0.8922 0.8359 0.4824
    1 4.1496 -10.4438 -5.1484 -0.8675 0.1540 -0.4730 0.8535 0.5273
witch hand.bmp
    1 4.3610 -10.0200 -5.2952 -0.7382 0.2221 -0.6369 0.9062 0.5234
    1 4.1496 -10.4438 -5.1484 -0.8675 0.1540 -0.4730 0.8535 0.5273
    1 4.2469 -9.7014 -4.6912 -0.9152 0.3571 -0.1867 0.9199 0.5996
witch hand.bmp
    1 4.2469 -9.7014 -4.6912 -0.9152 0.3571 -0.1867 0.9199 0.5996
    1 4.1496 -10.4438 -5.1484 -0.8675 0.1540 -0.4730 0.8535 0.5273
    1 4.1505 -10.1605 -4.5384 -0.9888 0.1251 -0.0814 0.8672 0.5996
witch hand.bmp
    1 4.2469 -9.7014 -4.6912 -0.9152 0.3571 -0.1867 0.9199 0.5996
    1 4.1505 -10.1605 -4.5384 -0.9888 0.1251 -0.0814 0.8672 0.5996
    1 4.2681 -9.4860 -4.2399 -0.8729 0.4781 -0.0979 0.9277 0.6465
witch hand.bmp
    1 4.2681 -9.4860 -4.2399 -0.8729 0.4781 -0.0979 0.9277 0.6465
    1 4.1505 -10.1605 -4.5384 -0.9888 0.1251 -0.0814 0.8672 0.5996
    1 4.0441 -9.9539 -4.0260 -0.9045 0.1293 -0.4064 0.8711 0.6602
witch hand.bmp
    1 4.2681 -9.4860 -4.2399 -0.8729 0.4781 -0.0979 0.9277 0.6465
    1 4.0441 -9.9539 -4.0260 -0.9045 0.1293 -0.4064 0.8711 0.6602
    53 4.3457 -9.3463 -3.6694 -0.4880 0.8724 -0.0279 0.9375 0.7031
witch hand.bmp
    53 4.3457 -9.3463 -3.6694 -0.4880 0.8724 -0.0279 0.9375 0.7031
    1 4.0441 -9.9539 -4.0260 -0.9045 0.1293 -0.4064 0.8711 0.6602
    53 3.6808 -9.8026 -3.7001 -0.6976 0.2430 -0.6741 0.8672 0.7266
witch hand.bmp
    53 4.3457 -9.3463 -3.6694 -0.4880 0.8724 -0.0279 0.9375 0.7031
    53 3.6808 -9.8026 -3.7001 -0.6976 0.2430 -0.6741 0.8672 0.7266
    53 3.9224 -9.3909 -3.1904 -0.2669 0.9636 0.0131 0.9219 0.7656
witch hand.bmp
    53 3.9224 -9.3909 -3.1904 -0.2669 0.9636 0.0131 0.9219 0.7656
    53 3.6808 -9.8026 -3.7001 -0.6976 0.2430 -0.6741 0.8672 0.7266
    53 3.3488 -9.7816 -3.1936 -0.8433 0.3961 -0.3633 0.8613 0.7734
witch hand.bmp
    55 2.4997 -10.1715 -2.0820 0.2055 -0.0751 0.9758 0.3379 0.1719
    54 2.6609 -10.3826 -2.2460 0.1095 -0.7417 0.6617 0.3145 0.1582
    54 3.0673 -10.4240 -2.3626 -0.0157 -0.8298 0.5578 0.3125 0.1133
witch hand.bmp
    55 2.4997 -10.1715 -2.0820 0.2055 -0.0751 0.9758 0.3379 0.1719
    54 3.0673 -10.4240 -2.3626 -0.0157 -0.8298 0.5578 0.3125 0.1133
    54 3.1246 -10.2196 -2.2027 0.0812 -0.2381 0.9678 0.3398 0.1191
witch hand.bmp
    54 3.1246 -10.2196 -2.2027 0.0812 -0.2381 0.9678 0.3398 0.1191
    54 3.0673 -10.4240 -2.3626 -0.0157 -0.8298 0.5578 0.3125 0.1133
    54 3.6774 -10.2659 -2.2122 0.0767 -0.1801 0.9806 0.3457 0.0684
witch hand.bmp
    54 3.1246 -10.2196 -2.2027 0.0812 -0.2381 0.9678 0.3398 0.1191
    54 3.6774 -10.2659 -2.2122 0.0767 -0.1801 0.9806 0.3457 0.0684
    54 3.1151 -9.9737 -2.2486 0.1221 0.4606 0.8791 0.3730 0.1230
witch hand.bmp
    54 3.1151 -9.9737 -2.2486 0.1221 0.4606 0.8791 0.3730 0.1230
    54 3.6774 -10.2659 -2.2122 0.0767 -0.1801 0.9806 0.3457 0.0684
    53 3.9448 -9.9044 -2.3608 0.2438 0.4666 0.8502 0.3945 0.0762
witch hand.bmp
    54 3.1151 -9.9737 -2.2486 0.1221 0.4606 0.8791 0.3730 0.1230
    53 3.9448 -9.9044 -2.3608 0.2438 0.4666 0.8502 0.3945 0.0762
    54 3.0528 -9.8092 -2.4110 -0.0115 0.8778 0.4789 0.3984 0.1250
witch hand.bmp
    54 3.0528 -9.8092 -2.4110 -0.0115 0.8778 0.4789 0.3984 0.1250
    53 3.9448 -9.9044 -2.3608 0.2438 0.4666 0.8502 0.3945 0.0762
    53 3.7634 -9.6781 -2.5199 0.0891 0.7663 0.6363 0.4219 0.0762
witch hand.bmp
    54 3.0528 -9.8092 -2.4110 -0.0115 0.8778 0.4789 0.3984 0.1250
    53 3.7634 -9.6781 -2.5199 0.0891 0.7663 0.6363 0.4219 0.0762
    53 3.5270 -9.5902 -2.6785 -0.2817 0.9377 0.2036 0.4453 0.0859
witch hand.bmp
    53 3.5270 -9.5902 -2.6785 -0.2817 0.9377 0.2036 0.4453 0.0859
    53 3.7634 -9.6781 -2.5199 0.0891 0.7663 0.6363 0.4219 0.0762
    53 3.9224 -9.3909 -3.1904 -0.2669 0.9636 0.0131 0.4688 0.0430
witch hand.bmp
    0 4.6354 -9.0609 -4.9114 -0.9506 0.2953 -0.0956 0.1445 0.2715
    40 4.4978 -9.3301 -4.7085 -0.8668 0.4495 -0.2159 0.1426 0.1973
    40 4.5027 -9.1602 -4.3703 -0.8063 0.5912 -0.0187 0.1719 0.1973
witch hand.bmp
    0 4.6354 -9.0609 -4.9114 -0.9506 0.2953 -0.0956 0.1445 0.2715
    40 4.5027 -9.1602 -4.3703 -0.8063 0.5912 -0.0187 0.1719 0.1973
    0 4.7110 -8.9223 -4.5744 -0.8906 0.4242 0.1640 0.1719 0.2773
witch hand.bmp
    0 4.7110 -8.9223 -4.5744 -0.8906 0.4242 0.1640 0.1719 0.2773
    40 4.5027 -9.1602 -4.3703 -0.8063 0.5912 -0.0187 0.1719 0.1973
    40 4.6298 -9.0679 -4.0891 -0.6053 0.7682 0.2084 0.2012 0.1973
witch hand.bmp
    0 4.7110 -8.9223 -4.5744 -0.8906 0.4242 0.1640 0.1719 0.2773
    40 4.6298 -9.0679 -4.0891 -0.6053 0.7682 0.2084 0.2012 0.1973
    0 4.8406 -8.8196 -4.3318 -0.7412 0.4783 0.4710 0.1953 0.2793
witch hand.bmp
    0 4.8406 -8.8196 -4.3318 -0.7412 0.4783 0.4710 0.1953 0.2793
    40 4.6298 -9.0679 -4.0891 -0.6053 0.7682 0.2084 0.2012 0.1973
    40 4.8679 -9.0462 -3.8599 -0.1720 0.8226 0.5420 0.2207 0.1953
witch hand.bmp
    0 4.8406 -8.8196 -4.3318 -0.7412 0.4783 0.4710 0.1953 0.2793
    40 4.8679 -9.0462 -3.8599 -0.1720 0.8226 0.5420 0.2207 0.1953
    0 5.0325 -8.7965 -4.1514 -0.3677 0.4803 0.7963 0.2227 0.2754
witch hand.bmp
    0 5.0325 -8.7965 -4.1514 -0.3677 0.4803 0.7963 0.2227 0.2754
    40 4.8679 -9.0462 -3.8599 -0.1720 0.8226 0.5420 0.2207 0.1953
    40 5.1196 -9.1245 -3.7933 0.2835 0.6291 0.7238 0.2500 0.1953
witch hand.bmp
    0 5.0325 -8.7965 -4.1514 -0.3677 0.4803 0.7963 0.2227 0.2754
    40 5.1196 -9.1245 -3.7933 0.2835 0.6291 0.7238 0.2500 0.1953
    0 5.2676 -8.8234 -4.1065 0.1080 0.3496 0.9306 0.2500 0.2715
witch hand.bmp
    0 5.2676 -8.8234 -4.1065 0.1080 0.3496 0.9306 0.2500 0.2715
    40 5.1196 -9.1245 -3.7933 0.2835 0.6291 0.7238 0.2500 0.1953
    40 5.4976 -9.3551 -3.9041 0.7475 0.2495 0.6157 0.2949 0.1953
witch hand.bmp
    33 -1.4830 -12.8605 -2.6063 0.5314 0.2956 -0.7939 0.5957 0.9336
    33 -1.4201 -12.8070 -2.4983 0.7391 0.5911 -0.3230 0.6094 0.9004
    33 -1.4476 -12.9643 -2.5654 0.6940 -0.0671 -0.7169 0.6055 0.9336
witch hand.bmp
    33 -1.4830 -12.8605 -2.6063 0.5314 0.2956 -0.7939 0.5957 0.9336
    33 -1.4476 -12.9643 -2.5654 0.6940 -0.0671 -0.7169 0.6055 0.9336
    33 -1.5869 -12.9258 -2.6430 0.0324 0.0312 -0.9990 0.6016 0.9590
witch hand.bmp
    33 -1.5869 -12.9258 -2.6430 0.0324 0.0312 -0.9990 0.6016 0.9590
    33 -1.4476 -12.9643 -2.5654 0.6940 -0.0671 -0.7169 0.6055 0.9336
    33 -1.5601 -13.0235 -2.6159 0.1176 -0.6751 -0.7283 0.6289 0.9629
witch hand.bmp
    33 -1.5869 -12.9258 -2.6430 0.0324 0.0312 -0.9990 0.6016 0.9590
    33 -1.5601 -13.0235 -2.6159 0.1176 -0.6751 -0.7283 0.6289 0.9629
    33 -1.6719 -13.0033 -2.6023 -0.4551 -0.4137 -0.7885 0.6504 0.9805
witch hand.bmp
    33 -1.6719 -13.0033 -2.6023 -0.4551 -0.4137 -0.7885 0.6504 0.9805
    33 -1.5601 -13.0235 -2.6159 0.1176 -0.6751 -0.7283 0.6289 0.9629
    33 -1.7661 -13.2044 -2.2831 0.0212 -0.9031 -0.4288 0.7090 0.9648
witch hand.bmp
    33 -1.6719 -13.0033 -2.6023 -0.4551 -0.4137 -0.7885 0.6504 0.9805
    33 -1.7661 -13.2044 -2.2831 0.0212 -0.9031 -0.4288 0.7090 0.9648
    33 -2.1205 -13.2897 -1.9677 -0.6000 -0.5225 -0.6058 0.7891 0.9785
witch hand.bmp
    33 -2.1205 -13.2897 -1.9677 -0.6000 -0.5225 -0.6058 0.7891 0.9785
    33 -1.7661 -13.2044 -2.2831 0.0212 -0.9031 -0.4288 0.7090 0.9648
    32 -2.0499 -13.4793 -1.7270 -0.0918 -0.9850 -0.1463 0.7754 0.9629
witch hand.bmp
    33 -2.1205 -13.2897 -1.9677 -0.6000 -0.5225 -0.6058 0.7891 0.9785
    32 -2.0499 -13.4793 -1.7270 -0.0918 -0.9850 -0.1463 0.7754 0.9629
    32 -2.9565 -13.0492 -1.1645 -0.4304 -0.8967 0.1040 0.9277 0.9648
witch hand.bmp
    27 -2.9196 -12.5545 -3.3761 0.1969 0.3843 0.9020 0.7305 0.3887
    27 -2.9740 -12.7441 -3.2508 -0.0683 0.5937 0.8018 0.7656 0.3770
    27 -2.8983 -12.5408 -3.4500 0.9877 0.1317 -0.0847 0.7305 0.4004
witch hand.bmp
    27 -2.9196 -12.5545 -3.3761 0.1969 0.3843 0.9020 0.7305 0.3887
    27 -2.8983 -12.5408 -3.4500 0.9877 0.1317 -0.0847 0.7305 0.4004
    27 -2.9945 -12.3100 -3.5542 -0.0856 0.9744 -0.2079 0.6934 0.4141
witch hand.bmp
    27 -2.9945 -12.3100 -3.5542 -0.0856 0.9744 -0.2079 0.6934 0.4141
    27 -2.8983 -12.5408 -3.4500 0.9877 0.1317 -0.0847 0.7305 0.4004
    27 -2.9418 -12.5609 -3.5406 0.6432 -0.0864 -0.7608 0.7305 0.4141
witch hand.bmp
    27 -2.9945 -12.3100 -3.5542 -0.0856 0.9744 -0.2079 0.6934 0.4141
    27 -2.9418 -12.5609 -3.5406 0.6432 -0.0864 -0.7608 0.7305 0.4141
    27 -3.0195 -12.5911 -3.5618 -0.0196 -0.1740 -0.9846 0.7305 0.4277
witch hand.bmp
    27 -3.0195 -12.5911 -3.5618 -0.0196 -0.1740 -0.9846 0.7305 0.4277
    27 -2.9418 -12.5609 -3.5406 0.6432 -0.0864 -0.7608 0.7305 0.4141
    27 -2.9520 -12.7970 -3.4450 0.6365 -0.5279 -0.5623 0.7676 0.4180
witch hand.bmp
    27 -3.0195 -12.5911 -3.5618 -0.0196 -0.1740 -0.9846 0.7305 0.4277
    27 -2.9520 -12.7970 -3.4450 0.6365 -0.5279 -0.5623 0.7676 0.4180
    27 -3.0666 -12.8214 -3.4663 0.0040 -0.5495 -0.8355 0.7676 0.4355
witch hand.bmp
    27 -3.0666 -12.8214 -3.4663 0.0040 -0.5495 -0.8355 0.7676 0.4355
    27 -2.9520 -12.7970 -3.4450 0.6365 -0.5279 -0.5623 0.7676 0.4180
    27 -3.1536 -13.0788 -3.1856 0.5647 -0.7597 -0.3224 0.8164 0.4199
witch hand.bmp
    27 -3.0666 -12.8214 -3.4663 0.0040 -0.5495 -0.8355 0.7676 0.4355
    27 -3.1536 -13.0788 -3.1856 0.5647 -0.7597 -0.3224 0.8164 0.4199
    27 -3.2544 -13.0327 -3.2833 0.0952 -0.7716 -0.6289 0.8086 0.4551
witch hand.bmp
    30 -1.9923 -12.2310 -3.1183 -0.1089 0.6251 0.7729 0.7305 0.3887
    30 -2.0414 -12.4802 -2.9428 -0.0279 0.4984 0.8665 0.7656 0.3770
    30 -1.9527 -12.2301 -3.1920 0.9776 0.1842 0.1024 0.7305 0.4004
witch hand.bmp
    30 -1.9923 -12.2310 -3.1183 -0.1089 0.6251 0.7729 0.7305 0.3887
    30 -1.9527 -12.2301 -3.1920 0.9776 0.1842 0.1024 0.7305 0.4004
    30 -2.0432 -11.9590 -3.3446 -0.0838 0.9758 -0.2022 0.6934 0.4141
witch hand.bmp
    30 -2.0432 -11.9590 -3.3446 -0.0838 0.9758 -0.2022 0.6934 0.4141
    30 -1.9527 -12.2301 -3.1920 0.9776 0.1842 0.1024 0.7305 0.4004
    30 -1.9849 -12.2522 -3.3196 0.7985 -0.0329 -0.6012 0.7305 0.4141
witch hand.bmp
    30 -2.0432 -11.9590 -3.3446 -0.0838 0.9758 -0.2022 0.6934 0.4141
    30 -1.9849 -12.2522 -3.3196 0.7985 -0.0329 -0.6012 0.7305 0.4141
    30 -2.0488 -12.2963 -3.3436 0.1493 -0.1649 -0.9750 0.7305 0.4277
witch hand.bmp
    30 -2.0488 -12.2963 -3.3436 0.1493 -0.1649 -0.9750 0.7305 0.4277
    30 -1.9849 -12.2522 -3.3196 0.7985 -0.0329 -0.6012 0.7305 0.4141
    30 -1.9939 -12.5509 -3.2100 0.7207 -0.5002 -0.4801 0.7676 0.4180
witch hand.bmp
    30 -2.0488 -12.2963 -3.3436 0.1493 -0.1649 -0.9750 0.7305 0.4277
    30 -1.9939 -12.5509 -3.2100 0.7207 -0.5002 -0.4801 0.7676 0.4180
    30 -2.1175 -12.5963 -3.2390 0.0813 -0.5656 -0.8207 0.7676 0.4355
witch hand.bmp
    30 -2.1175 -12.5963 -3.2390 0.0813 -0.5656 -0.8207 0.7676 0.4355
    30 -1.9939 -12.5509 -3.2100 0.7207 -0.5002 -0.4801 0.7676 0.4180
    30 -2.2285 -12.8786 -2.8760 0.6064 -0.7270 -0.3222 0.8164 0.4199
witch hand.bmp
    30 -2.1175 -12.5963 -3.2390 0.0813 -0.5656 -0.8207 0.7676 0.4355
    30 -2.2285 -12.8786 -2.8760 0.6064 -0.7270 -0.3222 0.8164 0.4199
    30 -2.3560 -12.8703 -2.9933 0.2321 -0.7937 -0.5623 0.8086 0.4551
witch hand.bmp
    33 -1.4015 -12.6626 -2.7370 -0.0822 0.9004 0.4272 0.7305 0.3887
    33 -1.4381 -12.8129 -2.3877 -0.1634 0.8751 0.4556 0.7656 0.3770
    33 -1.3346 -12.7215 -2.8052 0.9553 0.2822 0.0877 0.7305 0.4004
witch hand.bmp
    33 -1.4015 -12.6626 -2.7370 -0.0822 0.9004 0.4272 0.7305 0.3887
    33 -1.3346 -12.7215 -2.8052 0.9553 0.2822 0.0877 0.7305 0.4004
    33 -1.4240 -12.5247 -3.0985 -0.0654 0.6550 -0.7528 0.6934 0.4141
witch hand.bmp
    33 -1.4240 -12.5247 -3.0985 -0.0654 0.6550 -0.7528 0.6934 0.4141
    33 -1.3346 -12.7215 -2.8052 0.9553 0.2822 0.0877 0.7305 0.4004
    33 -1.3310 -12.7969 -2.8773 0.7663 -0.4228 -0.4838 0.7305 0.4141
witch hand.bmp
    33 -1.4240 -12.5247 -3.0985 -0.0654 0.6550 -0.7528 0.6934 0.4141
    33 -1.3310 -12.7969 -2.8773 0.7663 -0.4228 -0.4838 0.7305 0.4141
    33 -1.4466 -12.8473 -2.8636 0.0857 -0.7359 -0.6717 0.7305 0.4277
witch hand.bmp
    33 -1.4466 -12.8473 -2.8636 0.0857 -0.7359 -0.6717 0.7305 0.4277
    33 -1.3310 -12.7969 -2.8773 0.7663 -0.4228 -0.4838 0.7305 0.4141
    33 -1.3984 -13.0278 -2.5590 0.7368 -0.6676 -0.1070 0.7676 0.4180
witch hand.bmp
    33 -1.4466 -12.8473 -2.8636 0.0857 -0.7359 -0.6717 0.7305 0.4277
    33 -1.3984 -13.0278 -2.5590 0.7368 -0.6676 -0.1070 0.7676 0.4180
    33 -1.5309 -13.0647 -2.6088 0.0772 -0.8593 -0.5057 0.7676 0.4355
witch hand.bmp
    33 -1.5309 -13.0647 -2.6088 0.0772 -0.8593 -0.5057 0.7676 0.4355
    33 -1.3984 -13.0278 -2.5590 0.7368 -0.6676 -0.1070 0.7676 0.4180
    33 -1.6379 -13.1870 -2.1591 0.6318 -0.7728 0.0600 0.8164 0.4199
witch hand.bmp
    33 -1.5309 -13.0647 -2.6088 0.0772 -0.8593 -0.5057 0.7676 0.4355
    33 -1.6379 -13.1870 -2.1591 0.6318 -0.7728 0.0600 0.8164 0.4199
    33 -1.7661 -13.2044 -2.2831 0.1761 -0.9606 -0.2149 0.8086 0.4551
witch hand.bmp
    36 -1.0196 -12.8573 -1.0141 0.4480 0.8814 -0.1501 0.7305 0.3887
    36 -1.2165 -12.7407 -0.7732 0.3081 0.9394 -0.1504 0.7656 0.3770
    36 -1.0040 -12.9317 -0.9703 0.8907 -0.0112 0.4544 0.7305 0.4004
witch hand.bmp
    36 -1.0196 -12.8573 -1.0141 0.4480 0.8814 -0.1501 0.7305 0.3887
    36 -1.0040 -12.9317 -0.9703 0.8907 -0.0112 0.4544 0.7305 0.4004
    36 -0.9096 -12.9914 -1.3292 0.4593 -0.0799 -0.8847 0.6934 0.4141
witch hand.bmp
    36 -0.9096 -12.9914 -1.3292 0.4593 -0.0799 -0.8847 0.6934 0.4141
    36 -1.0040 -12.9317 -0.9703 0.8907 -0.0112 0.4544 0.7305 0.4004
    36 -1.0512 -13.0075 -0.9590 0.5520 -0.7122 0.4337 0.7305 0.4141
witch hand.bmp
    36 -0.9096 -12.9914 -1.3292 0.4593 -0.0799 -0.8847 0.6934 0.4141
    36 -1.0512 -13.0075 -0.9590 0.5520 -0.7122 0.4337 0.7305 0.4141
    36 -1.1113 -13.0315 -1.0081 0.0010 -0.9987 0.0506 0.7305 0.4277
witch hand.bmp
    36 -1.1113 -13.0315 -1.0081 0.0010 -0.9987 0.0506 0.7305 0.4277
    36 -1.0512 -13.0075 -0.9590 0.5520 -0.7122 0.4337 0.7305 0.4141
    36 -1.2831 -12.9226 -0.7047 0.3300 -0.6218 0.7103 0.7676 0.4180
witch hand.bmp
    36 -1.1113 -13.0315 -1.0081 0.0010 -0.9987 0.0506 0.7305 0.4277
    36 -1.2831 -12.9226 -0.7047 0.3300 -0.6218 0.7103 0.7676 0.4180
    36 -1.3541 -12.9723 -0.7686 -0.1571 -0.9505 0.2682 0.7676 0.4355
witch hand.bmp
    36 -1.3541 -12.9723 -0.7686 -0.1571 -0.9505 0.2682 0.7676 0.4355
    36 -1.2831 -12.9226 -0.7047 0.3300 -0.6218 0.7103 0.7676 0.4180
    36 -1.5834 -12.7742 -0.5239 0.0828 -0.6181 0.7817 0.8164 0.4199
witch hand.bmp
    36 -1.3541 -12.9723 -0.7686 -0.1571 -0.9505 0.2682 0.7676 0.4355
    36 -1.5834 -12.7742 -0.5239 0.0828 -0.6181 0.7817 0.8164 0.4199
    36 -1.6615 -12.8347 -0.7063 -0.4733 -0.8585 0.1974 0.8086 0.4551
witch hand.bmp
    39 -0.4803 -11.5231 -1.9174 -0.5770 -0.5909 -0.5638 0.7305 0.3887
    39 -0.7177 -11.2318 -1.9527 -0.6628 -0.4382 -0.6072 0.7656 0.3770
    39 -0.4111 -11.4894 -1.8913 0.4454 0.0428 -0.8943 0.7305 0.4004
witch hand.bmp
    39 -0.4803 -11.5231 -1.9174 -0.5770 -0.5909 -0.5638 0.7305 0.3887
    39 -0.4111 -11.4894 -1.8913 0.4454 0.0428 -0.8943 0.7305 0.4004
    39 -0.2547 -11.8883 -1.7628 0.2971 -0.9520 0.0743 0.6934 0.4141
witch hand.bmp
    39 -0.2547 -11.8883 -1.7628 0.2971 -0.9520 0.0743 0.6934 0.4141
    39 -0.4111 -11.4894 -1.8913 0.4454 0.0428 -0.8943 0.7305 0.4004
    39 -0.3304 -11.4457 -1.8245 0.8682 0.2878 -0.4043 0.7305 0.4141
witch hand.bmp
    39 -0.2547 -11.8883 -1.7628 0.2971 -0.9520 0.0743 0.6934 0.4141
    39 -0.3304 -11.4457 -1.8245 0.8682 0.2878 -0.4043 0.7305 0.4141
    39 -0.3388 -11.4414 -1.7153 0.9146 0.2707 0.3005 0.7305 0.4277
witch hand.bmp
    39 -0.3388 -11.4414 -1.7153 0.9146 0.2707 0.3005 0.7305 0.4277
    39 -0.3304 -11.4457 -1.8245 0.8682 0.2878 -0.4043 0.7305 0.4141
    39 -0.5199 -11.0885 -1.8110 0.7295 0.5437 -0.4149 0.7676 0.4180
witch hand.bmp
    39 -0.3388 -11.4414 -1.7153 0.9146 0.2707 0.3005 0.7305 0.4277
    39 -0.5199 -11.0885 -1.8110 0.7295 0.5437 -0.4149 0.7676 0.4180
    39 -0.5098 -11.0929 -1.6634 0.8438 0.5117 0.1617 0.7676 0.4355
witch hand.bmp
    39 -0.5098 -11.0929 -1.6634 0.8438 0.5117 0.1617 0.7676 0.4355
    39 -0.5199 -11.0885 -1.8110 0.7295 0.5437 -0.4149 0.7676 0.4180
    39 -0.7816 -10.7889 -1.7312 0.6022 0.6714 -0.4319 0.8164 0.4199
witch hand.bmp
    39 -0.5098 -11.0929 -1.6634 0.8438 0.5117 0.1617 0.7676 0.4355
    39 -0.7816 -10.7889 -1.7312 0.6022 0.6714 -0.4319 0.8164 0.4199
    39 -0.7407 -10.8320 -1.5266 0.7207 0.6477 0.2471 0.8086 0.4551
witch hand.bmp
    52 2.0352 -11.5404 -2.7410 0.5182 0.7717 -0.3686 0.7207 0.8320
    52 1.7423 -11.4945 -2.8294 -0.1442 0.7948 -0.5895 0.6895 0.8301
    52 1.7731 -11.4522 -2.6832 -0.0208 0.9867 0.1614 0.6992 0.8516
witch hand.bmp
    52 2.0352 -11.5404 -2.7410 0.5182 0.7717 -0.3686 0.7207 0.8320
    52 1.7731 -11.4522 -2.6832 -0.0208 0.9867 0.1614 0.6992 0.8516
    52 2.3303 -11.7419 -2.4479 0.8595 0.1542 0.4873 0.8242 0.8496
witch hand.bmp
    52 2.3303 -11.7419 -2.4479 0.8595 0.1542 0.4873 0.8242 0.8496
    52 1.7731 -11.4522 -2.6832 -0.0208 0.9867 0.1614 0.6992 0.8516
    52 2.1984 -11.8498 -2.2431 -0.0777 0.5633 0.8226 0.8340 0.8730
witch hand.bmp
    52 2.3303 -11.7419 -2.4479 0.8595 0.1542 0.4873 0.8242 0.8496
    52 2.1984 -11.8498 -2.2431 -0.0777 0.5633 0.8226 0.8340 0.8730
    51 2.2816 -11.7507 -2.4246 0.4882 -0.0468 -0.8715 0.8477 0.8516
witch hand.bmp
    51 2.2816 -11.7507 -2.4246 0.4882 -0.0468 -0.8715 0.8477 0.8516
    52 2.1984 -11.8498 -2.2431 -0.0777 0.5633 0.8226 0.8340 0.8730
    51 3.1565 -11.8880 -2.1728 -0.0532 0.4839 0.8735 0.9336 0.8691
witch hand.bmp
    51 2.2816 -11.7507 -2.4246 0.4882 -0.0468 -0.8715 0.8477 0.8516
    51 3.1565 -11.8880 -2.1728 -0.0532 0.4839 0.8735 0.9336 0.8691
    51 3.1321 -11.7162 -2.4036 0.7511 0.6439 0.1457 0.9395 0.8477
witch hand.bmp
    51 3.1321 -11.7162 -2.4036 0.7511 0.6439 0.1457 0.9395 0.8477
    51 3.1565 -11.8880 -2.1728 -0.0532 0.4839 0.8735 0.9336 0.8691
    50 3.2477 -11.8698 -2.1706 -0.0703 0.3460 0.9356 0.9492 0.8730
witch hand.bmp
    51 3.1321 -11.7162 -2.4036 0.7511 0.6439 0.1457 0.9395 0.8477
    50 3.2477 -11.8698 -2.1706 -0.0703 0.3460 0.9356 0.9492 0.8730
    50 3.1179 -11.7388 -2.3678 -0.4663 0.0578 -0.8828 0.9512 0.8516
witch hand.bmp
    49 1.2563 -11.8239 -3.3791 0.0711 0.9486 0.3085 0.6992 0.8516
    49 1.1316 -11.9299 -3.2582 -0.1269 0.5430 0.8301 0.6992 0.8691
    49 1.7667 -12.3737 -3.0201 -0.0028 0.4537 0.8912 0.8340 0.8730
witch hand.bmp
    49 1.2563 -11.8239 -3.3791 0.0711 0.9486 0.3085 0.6992 0.8516
    49 1.7667 -12.3737 -3.0201 -0.0028 0.4537 0.8912 0.8340 0.8730
    49 1.8784 -12.2437 -3.1945 0.7038 0.6309 0.3267 0.8242 0.8496
witch hand.bmp
    49 1.8784 -12.2437 -3.1945 0.7038 0.6309 0.3267 0.8242 0.8496
    49 1.7667 -12.3737 -3.0201 -0.0028 0.4537 0.8912 0.8340 0.8730
    48 1.9199 -12.3357 -3.1624 0.4883 0.8338 0.2576 0.8477 0.8516
witch hand.bmp
    49 1.8784 -12.2437 -3.1945 0.7038 0.6309 0.3267 0.8242 0.8496
    48 1.9199 -12.3357 -3.1624 0.4883 0.8338 0.2576 0.8477 0.8516
    48 1.9199 -12.4155 -3.3783 0.5350 0.4040 -0.7420 0.8398 0.8125
witch hand.bmp
    48 1.9199 -12.4155 -3.3783 0.5350 0.4040 -0.7420 0.8398 0.8125
    48 1.9199 -12.3357 -3.1624 0.4883 0.8338 0.2576 0.8477 0.8516
    48 2.9335 -12.4312 -3.0830 0.4794 0.8729 0.0907 0.9395 0.8477
witch hand.bmp
    48 1.9199 -12.4155 -3.3783 0.5350 0.4040 -0.7420 0.8398 0.8125
    48 2.9335 -12.4312 -3.0830 0.4794 0.8729 0.0907 0.9395 0.8477
    48 2.9425 -12.5327 -3.3224 0.4104 0.6164 -0.6720 0.9395 0.8125
witch hand.bmp
    48 2.9425 -12.5327 -3.3224 0.4104 0.6164 -0.6720 0.9395 0.8125
    48 2.9335 -12.4312 -3.0830 0.4794 0.8729 0.0907 0.9395 0.8477
    47 2.9489 -12.4668 -3.0684 0.4435 0.8957 0.0339 0.9512 0.8516
witch hand.bmp
    48 2.9425 -12.5327 -3.3224 0.4104 0.6164 -0.6720 0.9395 0.8125
    47 2.9489 -12.4668 -3.0684 0.4435 0.8957 0.0339 0.9512 0.8516
    47 2.9583 -12.5492 -3.3158 0.1408 0.5483 -0.8244 0.9512 0.8125
witch hand.bmp
    52 1.5167 -11.6227 -2.5818 -0.6583 0.1872 0.7291 0.6309 0.9023
    52 1.4463 -11.6111 -2.6299 -0.6804 -0.4147 0.6043 0.6230 0.9160
    52 1.8049 -11.8100 -2.4166 -0.5430 -0.0216 0.8394 0.7090 0.9102
witch hand.bmp
    52 1.5167 -11.6227 -2.5818 -0.6583 0.1872 0.7291 0.6309 0.9023
    52 1.8049 -11.8100 -2.4166 -0.5430 -0.0216 0.8394 0.7090 0.9102
    52 1.6266 -11.5609 -2.5551 -0.2721 0.6400 0.7186 0.6543 0.8887
witch hand.bmp
    52 1.6266 -11.5609 -2.5551 -0.2721 0.6400 0.7186 0.6543 0.8887
    52 1.8049 -11.8100 -2.4166 -0.5430 -0.0216 0.8394 0.7090 0.9102
    51 2.1542 -12.1157 -2.1646 -0.3579 -0.1877 0.9147 0.7812 0.9082
witch hand.bmp
    52 1.6266 -11.5609 -2.5551 -0.2721 0.6400 0.7186 0.6543 0.8887
    51 2.1542 -12.1157 -2.1646 -0.3579 -0.1877 0.9147 0.7812 0.9082
    52 2.1984 -11.8498 -2.2431 -0.0777 0.5633 0.8226 0.7910 0.8848
witch hand.bmp
    52 2.1984 -11.8498 -2.2431 -0.0777 0.5633 0.8226 0.7910 0.8848
    51 2.1542 -12.1157 -2.1646 -0.3579 -0.1877 0.9147 0.7812 0.9082
    51 3.1460 -12.1243 -2.1604 0.0154 -0.2686 0.9631 0.9258 0.9082
witch hand.bmp
    52 2.1984 -11.8498 -2.2431 -0.0777 0.5633 0.8226 0.7910 0.8848
    51 3.1460 -12.1243 -2.1604 0.0154 -0.2686 0.9631 0.9258 0.9082
    51 3.1565 -11.8880 -2.1728 -0.0532 0.4839 0.8735 0.9355 0.8809
witch hand.bmp
    51 3.1565 -11.8880 -2.1728 -0.0532 0.4839 0.8735 0.9355 0.8809
    51 3.1460 -12.1243 -2.1604 0.0154 -0.2686 0.9631 0.9258 0.9082
    50 3.3989 -12.1098 -2.1685 0.1953 -0.3013 0.9333 0.9434 0.9062
witch hand.bmp
    51 3.1565 -11.8880 -2.1728 -0.0532 0.4839 0.8735 0.9355 0.8809
    50 3.3989 -12.1098 -2.1685 0.1953 -0.3013 0.9333 0.9434 0.9062
    50 3.2477 -11.8698 -2.1706 -0.0703 0.3460 0.9356 0.9492 0.8809
witch hand.bmp
    45 2.9812 -12.6992 -4.2980 0.0242 -0.1565 -0.9874 0.9316 0.9863
    44 3.1285 -12.6819 -4.2950 -0.0832 -0.1375 -0.9870 0.9512 0.9863
    44 3.1751 -12.8814 -4.1779 0.0812 -0.8637 -0.4974 0.9473 0.9668
witch hand.bmp
    45 2.9812 -12.6992 -4.2980 0.0242 -0.1565 -0.9874 0.9316 0.9863
    44 3.1751 -12.8814 -4.1779 0.0812 -0.8637 -0.4974 0.9473 0.9668
    45 2.8680 -12.8551 -4.2047 -0.1570 -0.7941 -0.5871 0.9277 0.9648
witch hand.bmp
    45 2.8680 -12.8551 -4.2047 -0.1570 -0.7941 -0.5871 0.9277 0.9648
    44 3.1751 -12.8814 -4.1779 0.0812 -0.8637 -0.4974 0.9473 0.9668
    44 3.1994 -12.9062 -4.0103 0.1281 -0.9880 0.0859 0.9434 0.9395
witch hand.bmp
    45 2.8680 -12.8551 -4.2047 -0.1570 -0.7941 -0.5871 0.9277 0.9648
    44 3.1994 -12.9062 -4.0103 0.1281 -0.9880 0.0859 0.9434 0.9395
    45 2.8190 -12.8943 -4.0274 -0.2563 -0.9625 0.0894 0.9258 0.9375
witch hand.bmp
    45 2.8190 -12.8943 -4.0274 -0.2563 -0.9625 0.0894 0.9258 0.9375
    44 3.1994 -12.9062 -4.0103 0.1281 -0.9880 0.0859 0.9434 0.9395
    44 3.1815 -12.8466 -3.8283 0.0541 -0.7418 0.6685 0.9434 0.9062
witch hand.bmp
    45 2.8190 -12.8943 -4.0274 -0.2563 -0.9625 0.0894 0.9258 0.9375
    44 3.1815 -12.8466 -3.8283 0.0541 -0.7418 0.6685 0.9434 0.9062
    45 2.8457 -12.8125 -3.8474 -0.2485 -0.6446 0.7230 0.9258 0.9082
witch hand.bmp
    45 2.8457 -12.8125 -3.8474 -0.2485 -0.6446 0.7230 0.9258 0.9082
    44 3.1815 -12.8466 -3.8283 0.0541 -0.7418 0.6685 0.9434 0.9062
    44 3.1046 -12.6097 -3.7398 -0.1363 0.0817 0.9873 0.9492 0.8809
witch hand.bmp
    45 2.8457 -12.8125 -3.8474 -0.2485 -0.6446 0.7230 0.9258 0.9082
    44 3.1046 -12.6097 -3.7398 -0.1363 0.0817 0.9873 0.9492 0.8809
    45 2.9331 -12.5963 -3.7692 -0.1032 0.1449 0.9841 0.9355 0.8809
witch hand.bmp
    41 3.2301 -12.4617 -5.1766 -0.2664 -0.6816 -0.6815 0.6094 0.3730
    41 3.2354 -12.2496 -5.1862 0.1037 0.1215 -0.9872 0.6152 0.3906
    41 4.1877 -12.1257 -5.2830 -0.4233 -0.0096 -0.9059 0.7031 0.3652
witch hand.bmp
    41 3.2301 -12.4617 -5.1766 -0.2664 -0.6816 -0.6815 0.6094 0.3730
    41 4.1877 -12.1257 -5.2830 -0.4233 -0.0096 -0.9059 0.7031 0.3652
    41 4.1916 -12.3763 -5.2025 0.1715 -0.7410 -0.6492 0.6992 0.3496
witch hand.bmp
    41 4.1916 -12.3763 -5.2025 0.1715 -0.7410 -0.6492 0.6992 0.3496
    41 4.1877 -12.1257 -5.2830 -0.4233 -0.0096 -0.9059 0.7031 0.3652
    1 4.2892 -11.9921 -5.3958 -0.3113 -0.1887 -0.9314 0.7363 0.3652
witch hand.bmp
    41 4.1916 -12.3763 -5.2025 0.1715 -0.7410 -0.6492 0.6992 0.3496
    1 4.2892 -11.9921 -5.3958 -0.3113 -0.1887 -0.9314 0.7363 0.3652
    1 4.6471 -12.1146 -5.2375 0.5881 -0.5337 -0.6076 0.7344 0.3438
witch hand.bmp
    1 4.6471 -12.1146 -5.2375 0.5881 -0.5337 -0.6076 0.7344 0.3438
    1 4.2892 -11.9921 -5.3958 -0.3113 -0.1887 -0.9314 0.7363 0.3652
    1 4.8314 -11.0887 -5.4605 0.3477 -0.1882 -0.9185 0.8242 0.3320
witch hand.bmp
    1 4.6471 -12.1146 -5.2375 0.5881 -0.5337 -0.6076 0.7344 0.3438
    1 4.8314 -11.0887 -5.4605 0.3477 -0.1882 -0.9185 0.8242 0.3320
    1 4.8500 -12.1432 -4.7530 0.7389 -0.6308 -0.2367 0.7246 0.3086
witch hand.bmp
    1 4.8500 -12.1432 -4.7530 0.7389 -0.6308 -0.2367 0.7246 0.3086
    1 4.8314 -11.0887 -5.4605 0.3477 -0.1882 -0.9185 0.8242 0.3320
    1 5.2595 -10.9689 -5.0359 0.8280 -0.3342 -0.4503 0.8398 0.2988
witch hand.bmp
    1 4.8500 -12.1432 -4.7530 0.7389 -0.6308 -0.2367 0.7246 0.3086
    1 5.2595 -10.9689 -5.0359 0.8280 -0.3342 -0.4503 0.8398 0.2988
    1 5.0556 -11.9775 -4.1730 0.8083 -0.5878 0.0352 0.7266 0.2578
witch hand.bmp
    0 5.8107 -9.1413 -4.6320 0.9498 -0.2135 0.2287 0.3496 0.2734
    0 5.7459 -9.2919 -5.0505 0.9143 -0.3255 -0.2411 0.3906 0.2715
    0 6.2528 -7.7385 -5.1806 0.9498 -0.2135 0.2287 0.3496 0.4473
witch hand.bmp
    0 5.8107 -9.1413 -4.6320 0.9498 -0.2135 0.2287 0.3496 0.2734
    0 6.2528 -7.7385 -5.1806 0.9498 -0.2135 0.2287 0.3496 0.4473
    0 5.6039 -8.9180 -4.1866 0.6603 0.0764 0.7471 0.3008 0.2754
witch hand.bmp
    0 5.6039 -8.9180 -4.1866 0.6603 0.0764 0.7471 0.3008 0.2754
    0 6.2528 -7.7385 -5.1806 0.9498 -0.2135 0.2287 0.3496 0.4473
    0 6.0008 -7.5694 -4.7001 0.6603 0.0764 0.7471 0.2949 0.4414
witch hand.bmp
    0 5.6039 -8.9180 -4.1866 0.6603 0.0764 0.7471 0.3008 0.2754
    0 6.0008 -7.5694 -4.7001 0.6603 0.0764 0.7471 0.2949 0.4414
    0 5.5906 -7.4650 -4.5747 0.0975 0.2762 0.9562 0.2480 0.4473
witch hand.bmp
    0 5.5906 -7.4650 -4.5747 0.0975 0.2762 0.9562 0.2480 0.4473
    0 6.0008 -7.5694 -4.7001 0.6603 0.0764 0.7471 0.2949 0.4414
    0 6.0834 -5.5037 -5.0634 0.0527 0.2497 0.9669 0.2559 0.6543
witch hand.bmp
    0 5.5906 -7.4650 -4.5747 0.0975 0.2762 0.9562 0.2480 0.4473
    0 6.0834 -5.5037 -5.0634 0.0527 0.2497 0.9669 0.2559 0.6543
    0 5.2820 -7.4134 -4.6477 -0.4520 0.3376 0.8257 0.2188 0.4492
witch hand.bmp
    0 5.2820 -7.4134 -4.6477 -0.4520 0.3376 0.8257 0.2188 0.4492
    0 6.0834 -5.5037 -5.0634 0.0527 0.2497 0.9669 0.2559 0.6543
    0 5.5019 -5.3997 -5.3019 -0.5574 0.3360 0.7592 0.2051 0.6562
witch hand.bmp
    0 5.2820 -7.4134 -4.6477 -0.4520 0.3376 0.8257 0.2188 0.4492
    0 5.5019 -5.3997 -5.3019 -0.5574 0.3360 0.7592 0.2051 0.6562
    0 5.1449 -7.4112 -4.7926 -0.7226 0.3194 0.6131 0.2012 0.4512
witch hand.bmp
    43 2.2440 -11.4153 -5.0674 -0.9213 -0.3318 -0.2029 0.8164 0.4199
    43 2.2658 -11.3686 -4.9353 -0.8705 -0.3606 0.3348 0.8105 0.3848
    43 2.1294 -11.0180 -4.9559 -0.8242 -0.0176 0.5660 0.7676 0.3965
witch hand.bmp
    43 2.2440 -11.4153 -5.0674 -0.9213 -0.3318 -0.2029 0.8164 0.4199
    43 2.1294 -11.0180 -4.9559 -0.8242 -0.0176 0.5660 0.7676 0.3965
    43 2.1154 -11.0021 -5.0773 -0.9596 -0.0019 -0.2813 0.7676 0.4180
witch hand.bmp
    43 2.1154 -11.0021 -5.0773 -0.9596 -0.0019 -0.2813 0.7676 0.4180
    43 2.1294 -11.0180 -4.9559 -0.8242 -0.0176 0.5660 0.7676 0.3965
    43 2.1766 -10.7753 -4.9723 -0.7768 0.3950 0.4904 0.7305 0.4004
witch hand.bmp
    43 2.1154 -11.0021 -5.0773 -0.9596 -0.0019 -0.2813 0.7676 0.4180
    43 2.1766 -10.7753 -4.9723 -0.7768 0.3950 0.4904 0.7305 0.4004
    43 2.1806 -10.7556 -5.0722 -0.8348 0.4657 -0.2937 0.7305 0.4141
witch hand.bmp
    43 2.1806 -10.7556 -5.0722 -0.8348 0.4657 -0.2937 0.7305 0.4141
    43 2.1766 -10.7753 -4.9723 -0.7768 0.3950 0.4904 0.7305 0.4004
    43 2.3311 -10.5435 -5.0305 0.4393 0.8925 0.1020 0.6934 0.4141
witch hand.bmp
    43 2.1806 -10.7556 -5.0722 -0.8348 0.4657 -0.2937 0.7305 0.4141
    43 2.3311 -10.5435 -5.0305 0.4393 0.8925 0.1020 0.6934 0.4141
    43 2.2130 -10.7912 -5.1399 -0.4128 0.3410 -0.8446 0.7305 0.4277
witch hand.bmp
    43 2.2130 -10.7912 -5.1399 -0.4128 0.3410 -0.8446 0.7305 0.4277
    43 2.3311 -10.5435 -5.0305 0.4393 0.8925 0.1020 0.6934 0.4141
    43 2.2924 -10.8274 -5.1539 0.8101 0.0826 -0.5805 0.7305 0.4434
witch hand.bmp
    43 2.2130 -10.7912 -5.1399 -0.4128 0.3410 -0.8446 0.7305 0.4277
    43 2.2924 -10.8274 -5.1539 0.8101 0.0826 -0.5805 0.7305 0.4434
    43 2.2938 -11.0921 -5.1839 0.8396 0.0213 -0.5428 0.7676 0.4551
witch hand.bmp
    46 1.5632 -11.8845 -4.1994 -0.8453 -0.5321 -0.0478 0.8164 0.4199
    46 1.5623 -11.8240 -4.0575 -0.8189 -0.4715 0.3273 0.8105 0.3848
    46 1.3392 -11.4430 -4.1516 -0.7627 -0.1142 0.6365 0.7676 0.3965
witch hand.bmp
    46 1.5632 -11.8845 -4.1994 -0.8453 -0.5321 -0.0478 0.8164 0.4199
    46 1.3392 -11.4430 -4.1516 -0.7627 -0.1142 0.6365 0.7676 0.3965
    46 1.2772 -11.4646 -4.2823 -0.9632 -0.2585 -0.0741 0.7676 0.4180
witch hand.bmp
    46 1.2772 -11.4646 -4.2823 -0.9632 -0.2585 -0.0741 0.7676 0.4180
    46 1.3392 -11.4430 -4.1516 -0.7627 -0.1142 0.6365 0.7676 0.3965
    46 1.3371 -11.1443 -4.1824 -0.7055 0.2612 0.6588 0.7305 0.4004
witch hand.bmp
    46 1.2772 -11.4646 -4.2823 -0.9632 -0.2585 -0.0741 0.7676 0.4180
    46 1.3371 -11.1443 -4.1824 -0.7055 0.2612 0.6588 0.7305 0.4004
    46 1.2929 -11.1334 -4.3078 -0.9720 0.2298 -0.0498 0.7305 0.4141
witch hand.bmp
    46 1.2929 -11.1334 -4.3078 -0.9720 0.2298 -0.0498 0.7305 0.4141
    46 1.3371 -11.1443 -4.1824 -0.7055 0.2612 0.6588 0.7305 0.4004
    46 1.3924 -10.8581 -4.3103 0.2100 0.9767 -0.0453 0.6934 0.4141
witch hand.bmp
    46 1.2929 -11.1334 -4.3078 -0.9720 0.2298 -0.0498 0.7305 0.4141
    46 1.3924 -10.8581 -4.3103 0.2100 0.9767 -0.0453 0.6934 0.4141
    46 1.3224 -11.1778 -4.3803 -0.6621 0.1325 -0.7376 0.7305 0.4277
witch hand.bmp
    46 1.3224 -11.1778 -4.3803 -0.6621 0.1325 -0.7376 0.7305 0.4277
    46 1.3924 -10.8581 -4.3103 0.2100 0.9767 -0.0453 0.6934 0.4141
    46 1.3994 -11.2008 -4.4038 0.6403 0.1767 -0.7475 0.7305 0.4434
witch hand.bmp
    46 1.3224 -11.1778 -4.3803 -0.6621 0.1325 -0.7376 0.7305 0.4277
    46 1.3994 -11.2008 -4.4038 0.6403 0.1767 -0.7475 0.7305 0.4434
    46 1.4795 -11.5038 -4.4200 0.6360 0.1344 -0.7599 0.7676 0.4551
witch hand.bmp
    49 1.3016 -12.3871 -3.2730 -0.6626 -0.6858 0.3009 0.8164 0.4199
    49 1.3259 -12.2541 -3.1554 -0.5312 -0.4255 0.7327 0.8105 0.3848
    49 0.9888 -11.9801 -3.2799 -0.5364 0.0586 0.8420 0.7676 0.3965
witch hand.bmp
    49 1.3016 -12.3871 -3.2730 -0.6626 -0.6858 0.3009 0.8164 0.4199
    49 0.9888 -11.9801 -3.2799 -0.5364 0.0586 0.8420 0.7676 0.3965
    49 0.9230 -12.0818 -3.3996 -0.8112 -0.5241 0.2594 0.7676 0.4180
witch hand.bmp
    49 0.9230 -12.0818 -3.3996 -0.8112 -0.5241 0.2594 0.7676 0.4180
    49 0.9888 -11.9801 -3.2799 -0.5364 0.0586 0.8420 0.7676 0.3965
    49 0.8078 -11.7197 -3.4969 -0.6115 0.3355 0.7166 0.7305 0.4004
witch hand.bmp
    49 0.9230 -12.0818 -3.3996 -0.8112 -0.5241 0.2594 0.7676 0.4180
    49 0.8078 -11.7197 -3.4969 -0.6115 0.3355 0.7166 0.7305 0.4004
    49 0.7432 -11.7683 -3.5631 -0.9843 -0.1729 0.0369 0.7305 0.4141
witch hand.bmp
    49 0.7432 -11.7683 -3.5631 -0.9843 -0.1729 0.0369 0.7305 0.4141
    49 0.8078 -11.7197 -3.4969 -0.6115 0.3355 0.7166 0.7305 0.4004
    49 0.7762 -11.4391 -3.7448 -0.2048 0.8461 -0.4922 0.6934 0.4141
witch hand.bmp
    49 0.7432 -11.7683 -3.5631 -0.9843 -0.1729 0.0369 0.7305 0.4141
    49 0.7762 -11.4391 -3.7448 -0.2048 0.8461 -0.4922 0.6934 0.4141
    49 0.8340 -11.8255 -3.6370 -0.6510 -0.4789 -0.5890 0.7305 0.4277
witch hand.bmp
    49 0.8340 -11.8255 -3.6370 -0.6510 -0.4789 -0.5890 0.7305 0.4277
    49 0.7762 -11.4391 -3.7448 -0.2048 0.8461 -0.4922 0.6934 0.4141
    49 0.9059 -11.8079 -3.6989 0.3222 -0.0615 -0.9447 0.7305 0.4434
witch hand.bmp
    49 0.8340 -11.8255 -3.6370 -0.6510 -0.4789 -0.5890 0.7305 0.4277
    49 0.9059 -11.8079 -3.6989 0.3222 -0.0615 -0.9447 0.7305 0.4434
    49 1.1011 -12.0983 -3.5886 0.5631 0.0364 -0.8256 0.7676 0.4551
witch hand.bmp
    52 1.8033 -11.9715 -2.4783 -0.5178 -0.7433 0.4236 0.8164 0.4199
    52 1.8049 -11.8100 -2.4166 -0.3813 -0.1543 0.9115 0.8105 0.3848
    52 1.5074 -11.6973 -2.5466 -0.5407 0.0248 0.8408 0.7676 0.3965
witch hand.bmp
    52 1.8033 -11.9715 -2.4783 -0.5178 -0.7433 0.4236 0.8164 0.4199
    52 1.5074 -11.6973 -2.5466 -0.5407 0.0248 0.8408 0.7676 0.3965
    52 1.4915 -11.7901 -2.5998 -0.7002 -0.5624 0.4397 0.7676 0.4180
witch hand.bmp
    52 1.4915 -11.7901 -2.5998 -0.7002 -0.5624 0.4397 0.7676 0.4180
    52 1.5074 -11.6973 -2.5466 -0.5407 0.0248 0.8408 0.7676 0.3965
    52 1.2988 -11.4850 -2.7454 -0.6970 0.2763 0.6617 0.7305 0.4004
witch hand.bmp
    52 1.4915 -11.7901 -2.5998 -0.7002 -0.5624 0.4397 0.7676 0.4180
    52 1.2988 -11.4850 -2.7454 -0.6970 0.2763 0.6617 0.7305 0.4004
    52 1.2690 -11.5668 -2.7818 -0.9097 -0.3410 0.2371 0.7305 0.4141
witch hand.bmp
    52 1.2690 -11.5668 -2.7818 -0.9097 -0.3410 0.2371 0.7305 0.4141
    52 1.2988 -11.4850 -2.7454 -0.6970 0.2763 0.6617 0.7305 0.4004
    52 1.2037 -11.2825 -3.0399 -0.3440 0.6889 -0.6380 0.6934 0.4141
witch hand.bmp
    52 1.2690 -11.5668 -2.7818 -0.9097 -0.3410 0.2371 0.7305 0.4141
    52 1.2037 -11.2825 -3.0399 -0.3440 0.6889 -0.6380 0.6934 0.4141
    52 1.3146 -11.5955 -2.8618 -0.6677 -0.6376 -0.3842 0.7305 0.4277
witch hand.bmp
    52 1.3146 -11.5955 -2.8618 -0.6677 -0.6376 -0.3842 0.7305 0.4277
    52 1.2037 -11.2825 -3.0399 -0.3440 0.6889 -0.6380 0.6934 0.4141
    52 1.3619 -11.5710 -2.9336 0.2497 -0.1917 -0.9491 0.7305 0.4434
witch hand.bmp
    52 1.3146 -11.5955 -2.8618 -0.6677 -0.6376 -0.3842 0.7305 0.4277
    52 1.3619 -11.5710 -2.9336 0.2497 -0.1917 -0.9491 0.7305 0.4434
    52 1.5898 -11.7748 -2.8194 0.4093 -0.1172 -0.9049 0.7676 0.4551
witch hand.bmp
    55 2.0461 -9.8559 -2.4384 0.1372 0.9001 0.4135 0.8164 0.4199
    55 2.0598 -9.8608 -2.6554 0.2228 0.9497 -0.2202 0.8105 0.3848
    55 1.6388 -9.7813 -2.5980 -0.0110 0.9868 -0.1615 0.7676 0.3965
witch hand.bmp
    55 2.0461 -9.8559 -2.4384 0.1372 0.9001 0.4135 0.8164 0.4199
    55 1.6388 -9.7813 -2.5980 -0.0110 0.9868 -0.1615 0.7676 0.3965
    55 1.6463 -9.7911 -2.4568 -0.0405 0.8933 0.4477 0.7676 0.4180
witch hand.bmp
    55 1.6463 -9.7911 -2.4568 -0.0405 0.8933 0.4477 0.7676 0.4180
    55 1.6388 -9.7813 -2.5980 -0.0110 0.9868 -0.1615 0.7676 0.3965
    55 1.2480 -9.8498 -2.6198 -0.2883 0.9219 -0.2589 0.7305 0.4004
witch hand.bmp
    55 1.6463 -9.7911 -2.4568 -0.0405 0.8933 0.4477 0.7676 0.4180
    55 1.2480 -9.8498 -2.6198 -0.2883 0.9219 -0.2589 0.7305 0.4004
    55 1.2399 -9.8465 -2.5066 -0.3267 0.8429 0.4275 0.7305 0.4141
witch hand.bmp
    55 1.2399 -9.8465 -2.5066 -0.3267 0.8429 0.4275 0.7305 0.4141
    55 1.2480 -9.8498 -2.6198 -0.2883 0.9219 -0.2589 0.7305 0.4004
    55 0.8479 -10.0379 -2.6211 -0.9287 -0.3172 -0.1921 0.6934 0.4141
witch hand.bmp
    55 1.2399 -9.8465 -2.5066 -0.3267 0.8429 0.4275 0.7305 0.4141
    55 0.8479 -10.0379 -2.6211 -0.9287 -0.3172 -0.1921 0.6934 0.4141
    55 1.2568 -9.9339 -2.4427 -0.3296 0.3102 0.8917 0.7305 0.4277
witch hand.bmp
    55 1.2568 -9.9339 -2.4427 -0.3296 0.3102 0.8917 0.7305 0.4277
    55 0.8479 -10.0379 -2.6211 -0.9287 -0.3172 -0.1921 0.6934 0.4141
    55 1.2668 -10.0234 -2.4332 -0.1414 -0.8885 0.4365 0.7305 0.4434
witch hand.bmp
    55 1.2568 -9.9339 -2.4427 -0.3296 0.3102 0.8917 0.7305 0.4277
    55 1.2668 -10.0234 -2.4332 -0.1414 -0.8885 0.4365 0.7305 0.4434
    55 1.6361 -10.0213 -2.3306 -0.1149 -0.7744 0.6221 0.7676 0.4551
witch hand.bmp
    27 -2.9999 -12.7189 -3.2009 0.7251 0.3389 0.5994 0.6543 0.8887
    27 -3.3001 -13.1600 -2.7543 0.6369 0.1993 0.7447 0.7910 0.8848
    26 -3.2761 -13.3765 -2.7776 0.6623 -0.5073 0.5513 0.7812 0.9082
witch hand.bmp
    27 -2.9999 -12.7189 -3.2009 0.7251 0.3389 0.5994 0.6543 0.8887
    26 -3.2761 -13.3765 -2.7776 0.6623 -0.5073 0.5513 0.7812 0.9082
    27 -3.0851 -12.9851 -3.0891 0.9204 -0.3623 0.1471 0.7090 0.9102
witch hand.bmp
    27 -3.0851 -12.9851 -3.0891 0.9204 -0.3623 0.1471 0.7090 0.9102
    26 -3.2761 -13.3765 -2.7776 0.6623 -0.5073 0.5513 0.7812 0.9082
    26 -3.3269 -13.4631 -2.8904 0.3560 -0.9345 0.0031 0.7754 0.9375
witch hand.bmp
    27 -3.0851 -12.9851 -3.0891 0.9204 -0.3623 0.1471 0.7090 0.9102
    26 -3.3269 -13.4631 -2.8904 0.3560 -0.9345 0.0031 0.7754 0.9375
    27 -3.1536 -13.0788 -3.1856 0.6220 -0.6612 -0.4195 0.7148 0.9375
witch hand.bmp
    27 -3.1536 -13.0788 -3.1856 0.6220 -0.6612 -0.4195 0.7148 0.9375
    26 -3.3269 -13.4631 -2.8904 0.3560 -0.9345 0.0031 0.7754 0.9375
    27 -3.2544 -13.0327 -3.2833 -0.0017 -0.5990 -0.8007 0.7090 0.9648
witch hand.bmp
    27 -3.1536 -13.0788 -3.1856 0.6220 -0.6612 -0.4195 0.7148 0.9375
    27 -3.2544 -13.0327 -3.2833 -0.0017 -0.5990 -0.8007 0.7090 0.9648
    27 -3.0110 -12.7771 -3.4597 0.3331 -0.7114 -0.6188 0.6230 0.9492
witch hand.bmp
    27 -3.0110 -12.7771 -3.4597 0.3331 -0.7114 -0.6188 0.6230 0.9492
    27 -3.2544 -13.0327 -3.2833 -0.0017 -0.5990 -0.8007 0.7090 0.9648
    27 -3.0991 -12.8037 -3.4480 0.0707 -0.4097 -0.9095 0.6289 0.9629
witch hand.bmp
    36 -1.4664 -12.6351 -0.5620 0.6478 0.0844 0.7571 0.7090 0.9102
    36 -1.1978 -12.7955 -0.7795 0.8309 -0.0112 0.5564 0.6309 0.9023
    36 -1.2349 -12.6732 -0.7959 0.8050 0.5191 0.2871 0.6543 0.8887
witch hand.bmp
    36 -1.4664 -12.6351 -0.5620 0.6478 0.0844 0.7571 0.7090 0.9102
    36 -1.2349 -12.6732 -0.7959 0.8050 0.5191 0.2871 0.6543 0.8887
    36 -1.7477 -12.5017 -0.3218 0.4669 0.0108 0.8843 0.7812 0.9082
witch hand.bmp
    36 -1.7477 -12.5017 -0.3218 0.4669 0.0108 0.8843 0.7812 0.9082
    36 -1.2349 -12.6732 -0.7959 0.8050 0.5191 0.2871 0.6543 0.8887
    36 -1.7392 -12.3323 -0.4069 0.6385 0.6084 0.4714 0.7910 0.8848
witch hand.bmp
    36 -1.7477 -12.5017 -0.3218 0.4669 0.0108 0.8843 0.7812 0.9082
    36 -1.7392 -12.3323 -0.4069 0.6385 0.6084 0.4714 0.7910 0.8848
    35 -2.5549 -11.8777 -0.1703 0.2214 0.1663 0.9609 0.9258 0.9082
witch hand.bmp
    35 -2.5549 -11.8777 -0.1703 0.2214 0.1663 0.9609 0.9258 0.9082
    36 -1.7392 -12.3323 -0.4069 0.6385 0.6084 0.4714 0.7910 0.8848
    35 -2.4398 -11.7171 -0.3152 0.6284 0.6234 0.4653 0.9355 0.8809
witch hand.bmp
    35 -2.5549 -11.8777 -0.1703 0.2214 0.1663 0.9609 0.9258 0.9082
    35 -2.4398 -11.7171 -0.3152 0.6284 0.6234 0.4653 0.9355 0.8809
    34 -2.7370 -11.7231 -0.1729 0.0377 0.2745 0.9608 0.9434 0.9062
witch hand.bmp
    34 -2.7370 -11.7231 -0.1729 0.0377 0.2745 0.9608 0.9434 0.9062
    35 -2.4398 -11.7171 -0.3152 0.6284 0.6234 0.4653 0.9355 0.8809
    34 -2.4944 -11.6686 -0.2931 0.5967 0.4671 0.6525 0.9492 0.8809
witch hand.bmp
    33 -1.8355 -13.0013 -1.6906 0.6170 0.5848 0.5267 0.8340 0.8730
    33 -1.6177 -12.6773 -2.4260 0.2337 0.9721 -0.0195 0.6992 0.8516
    33 -2.0181 -12.8799 -1.7989 -0.3897 0.6541 0.6482 0.8242 0.8496
witch hand.bmp
    33 -1.8355 -13.0013 -1.6906 0.6170 0.5848 0.5267 0.8340 0.8730
    33 -2.0181 -12.8799 -1.7989 -0.3897 0.6541 0.6482 0.8242 0.8496
    32 -1.9920 -12.9626 -1.7645 -0.3138 0.8111 0.4936 0.8477 0.8516
witch hand.bmp
    32 -1.9920 -12.9626 -1.7645 -0.3138 0.8111 0.4936 0.8477 0.8516
    33 -2.0181 -12.8799 -1.7989 -0.3897 0.6541 0.6482 0.8242 0.8496
    32 -2.1335 -13.0781 -1.9047 -0.9728 0.2308 -0.0219 0.8398 0.8125
witch hand.bmp
    32 -1.9920 -12.9626 -1.7645 -0.3138 0.8111 0.4936 0.8477 0.8516
    32 -2.1335 -13.0781 -1.9047 -0.9728 0.2308 -0.0219 0.8398 0.8125
    32 -2.7637 -12.5662 -1.2449 -0.2474 0.9685 0.0299 0.9395 0.8477
witch hand.bmp
    32 -2.7637 -12.5662 -1.2449 -0.2474 0.9685 0.0299 0.9395 0.8477
    32 -2.1335 -13.0781 -1.9047 -0.9728 0.2308 -0.0219 0.8398 0.8125
    32 -2.9391 -12.6973 -1.3864 -0.7188 0.6047 -0.3430 0.9395 0.8125
witch hand.bmp
    32 -2.7637 -12.5662 -1.2449 -0.2474 0.9685 0.0299 0.9395 0.8477
    32 -2.9391 -12.6973 -1.3864 -0.7188 0.6047 -0.3430 0.9395 0.8125
    31 -2.7675 -12.6170 -1.1884 -0.4987 0.8168 -0.2900 0.9512 0.8516
witch hand.bmp
    31 -2.7675 -12.6170 -1.1884 -0.4987 0.8168 -0.2900 0.9512 0.8516
    32 -2.9391 -12.6973 -1.3864 -0.7188 0.6047 -0.3430 0.9395 0.8125
    31 -2.9316 -12.7377 -1.3514 -0.2992 0.9479 -0.1093 0.9512 0.8125
witch hand.bmp
    30 -2.3560 -12.8703 -2.9933 0.0543 -0.6503 -0.7577 0.7090 0.9648
    30 -2.2285 -12.8786 -2.8760 0.5823 -0.6859 -0.4364 0.7148 0.9375
    29 -2.4831 -13.3544 -2.4982 0.4155 -0.9096 -0.0002 0.7754 0.9375
witch hand.bmp
    30 -2.3560 -12.8703 -2.9933 0.0543 -0.6503 -0.7577 0.7090 0.9648
    30 -2.0725 -12.5319 -3.2357 0.4765 -0.7218 -0.5019 0.6230 0.9492
    30 -2.2285 -12.8786 -2.8760 0.5823 -0.6859 -0.4364 0.7148 0.9375
witch hand.bmp
    30 -2.3560 -12.8703 -2.9933 0.0543 -0.6503 -0.7577 0.7090 0.9648
    30 -2.1519 -12.5741 -3.2342 0.1769 -0.3797 -0.9080 0.6289 0.9629
    30 -2.0725 -12.5319 -3.2357 0.4765 -0.7218 -0.5019 0.6230 0.9492
witch hand.bmp
    30 -2.3560 -12.8703 -2.9933 0.0543 -0.6503 -0.7577 0.7090 0.9648
    30 -2.2653 -12.5585 -3.2027 -0.4981 -0.1138 -0.8596 0.6504 0.9805
    30 -2.1519 -12.5741 -3.2342 0.1769 -0.3797 -0.9080 0.6289 0.9629
witch hand.bmp
    30 -2.3560 -12.8703 -2.9933 0.0543 -0.6503 -0.7577 0.7090 0.9648
    30 -2.6672 -13.1273 -2.7228 -0.5239 -0.2991 -0.7976 0.7891 0.9785
    30 -2.2653 -12.5585 -3.2027 -0.4981 -0.1138 -0.8596 0.6504 0.9805
witch hand.bmp
    30 -2.3560 -12.8703 -2.9933 0.0543 -0.6503 -0.7577 0.7090 0.9648
    29 -2.6139 -13.3176 -2.6253 -0.1230 -0.8158 -0.5651 0.7754 0.9629
    30 -2.6672 -13.1273 -2.7228 -0.5239 -0.2991 -0.7976 0.7891 0.9785
witch hand.bmp
    30 -2.3560 -12.8703 -2.9933 0.0543 -0.6503 -0.7577 0.7090 0.9648
    29 -2.4831 -13.3544 -2.4982 0.4155 -0.9096 -0.0002 0.7754 0.9375
    29 -2.6139 -13.3176 -2.6253 -0.1230 -0.8158 -0.5651 0.7754 0.9629
witch hand.bmp
    36 -1.3144 -12.5568 -0.9672 0.6464 0.6593 -0.3840 0.6992 0.8516
    36 -1.5859 -12.4686 -0.9877 -0.0490 0.6593 -0.7503 0.7207 0.8320
    36 -1.8314 -12.2703 -0.6501 -0.3923 0.8705 0.2972 0.8242 0.8496
witch hand.bmp
    36 -1.3144 -12.5568 -0.9672 0.6464 0.6593 -0.3840 0.6992 0.8516
    36 -1.8314 -12.2703 -0.6501 -0.3923 0.8705 0.2972 0.8242 0.8496
    36 -1.7392 -12.3323 -0.4069 0.6385 0.6084 0.4714 0.8340 0.8730
witch hand.bmp
    36 -1.7392 -12.3323 -0.4069 0.6385 0.6084 0.4714 0.8340 0.8730
    36 -1.8314 -12.2703 -0.6501 -0.3923 0.8705 0.2972 0.8242 0.8496
    35 -1.7904 -12.2882 -0.6215 -0.6954 -0.0656 -0.7156 0.8477 0.8516
witch hand.bmp
    36 -1.7392 -12.3323 -0.4069 0.6385 0.6084 0.4714 0.8340 0.8730
    35 -1.7904 -12.2882 -0.6215 -0.6954 -0.0656 -0.7156 0.8477 0.8516
    35 -2.4398 -11.7171 -0.3152 0.6284 0.6234 0.4653 0.9336 0.8691
witch hand.bmp
    35 -2.4398 -11.7171 -0.3152 0.6284 0.6234 0.4653 0.9336 0.8691
    35 -1.7904 -12.2882 -0.6215 -0.6954 -0.0656 -0.7156 0.8477 0.8516
    35 -2.4198 -11.7160 -0.6059 -0.2371 0.9652 -0.1102 0.9395 0.8477
witch hand.bmp
    35 -2.4398 -11.7171 -0.3152 0.6284 0.6234 0.4653 0.9336 0.8691
    35 -2.4198 -11.7160 -0.6059 -0.2371 0.9652 -0.1102 0.9395 0.8477
    34 -2.4944 -11.6686 -0.2931 0.5967 0.4671 0.6525 0.9492 0.8730
witch hand.bmp
    34 -2.4944 -11.6686 -0.2931 0.5967 0.4671 0.6525 0.9492 0.8730
    35 -2.4198 -11.7160 -0.6059 -0.2371 0.9652 -0.1102 0.9395 0.8477
    34 -2.3901 -11.7445 -0.5412 0.4810 -0.7911 -0.3779 0.9512 0.8516
witch hand.bmp
    28 -3.7157 -13.0916 -1.8672 -0.6532 -0.7572 0.0041 0.9473 0.9668
    29 -3.5898 -13.0580 -2.0898 -0.5879 -0.3274 -0.7397 0.9316 0.9863
    29 -3.4915 -13.2281 -2.0010 -0.4434 -0.8701 -0.2153 0.9277 0.9648
witch hand.bmp
    28 -3.7157 -13.0916 -1.8672 -0.6532 -0.7572 0.0041 0.9473 0.9668
    29 -3.4915 -13.2281 -2.0010 -0.4434 -0.8701 -0.2153 0.9277 0.9648
    28 -3.6597 -13.0606 -1.7084 -0.4416 -0.7067 0.5528 0.9434 0.9395
witch hand.bmp
    28 -3.6597 -13.0606 -1.7084 -0.4416 -0.7067 0.5528 0.9434 0.9395
    29 -3.4915 -13.2281 -2.0010 -0.4434 -0.8701 -0.2153 0.9277 0.9648
    29 -3.3730 -13.2410 -1.8607 -0.0689 -0.9257 0.3719 0.9258 0.9375
witch hand.bmp
    28 -3.6597 -13.0606 -1.7084 -0.4416 -0.7067 0.5528 0.9434 0.9395
    29 -3.3730 -13.2410 -1.8607 -0.0689 -0.9257 0.3719 0.9258 0.9375
    28 -3.5285 -12.9861 -1.5892 0.0010 -0.4340 0.9009 0.9434 0.9062
witch hand.bmp
    28 -3.5285 -12.9861 -1.5892 0.0010 -0.4340 0.9009 0.9434 0.9062
    29 -3.3730 -13.2410 -1.8607 -0.0689 -0.9257 0.3719 0.9258 0.9375
    29 -3.2724 -13.1271 -1.7471 0.3559 -0.5329 0.7677 0.9258 0.9082
witch hand.bmp
    28 -3.5285 -12.9861 -1.5892 0.0010 -0.4340 0.9009 0.9434 0.9062
    29 -3.2724 -13.1271 -1.7471 0.3559 -0.5329 0.7677 0.9258 0.9082
    28 -3.3243 -12.8285 -1.6473 0.6465 0.1703 0.7436 0.9492 0.8809
witch hand.bmp
    28 -3.3243 -12.8285 -1.6473 0.6465 0.1703 0.7436 0.9492 0.8809
    29 -3.2724 -13.1271 -1.7471 0.3559 -0.5329 0.7677 0.9258 0.9082
    29 -3.2401 -12.8931 -1.7250 0.6569 0.2650 0.7058 0.9355 0.8809
witch hand.bmp
    29 -3.3733 -12.7011 -1.8629 0.7896 -0.5635 0.2430 0.9395 0.8477
    28 -3.3243 -12.8285 -1.6473 0.6465 0.1703 0.7436 0.9492 0.8730
    29 -3.2401 -12.8931 -1.7250 0.6569 0.2650 0.7058 0.9336 0.8691
witch hand.bmp
    29 -3.3733 -12.7011 -1.8629 0.7896 -0.5635 0.2430 0.9395 0.8477
    29 -3.2401 -12.8931 -1.7250 0.6569 0.2650 0.7058 0.9336 0.8691
    29 -2.5543 -12.8363 -2.4740 -0.5505 -0.1797 0.8152 0.8477 0.8516
witch hand.bmp
    29 -2.5543 -12.8363 -2.4740 -0.5505 -0.1797 0.8152 0.8477 0.8516
    29 -3.2401 -12.8931 -1.7250 0.6569 0.2650 0.7058 0.9336 0.8691
    30 -2.3898 -12.9700 -2.4047 0.6595 0.2725 0.7006 0.8340 0.8730
witch hand.bmp
    29 -2.5543 -12.8363 -2.4740 -0.5505 -0.1797 0.8152 0.8477 0.8516
    30 -2.3898 -12.9700 -2.4047 0.6595 0.2725 0.7006 0.8340 0.8730
    30 -2.5767 -12.8262 -2.4505 -0.4383 -0.0289 0.8984 0.8242 0.8496
witch hand.bmp
    30 -2.5767 -12.8262 -2.4505 -0.4383 -0.0289 0.8984 0.8242 0.8496
    30 -2.3898 -12.9700 -2.4047 0.6595 0.2725 0.7006 0.8340 0.8730
    30 -2.2190 -12.3518 -2.9350 0.1456 0.9151 0.3759 0.6992 0.8516
witch hand.bmp
    30 -2.5767 -12.8262 -2.4505 -0.4383 -0.0289 0.8984 0.8242 0.8496
    30 -2.2190 -12.3518 -2.9350 0.1456 0.9151 0.3759 0.6992 0.8516
    30 -2.5029 -12.4674 -2.8299 -0.6549 0.7385 0.1604 0.7207 0.8320
witch hand.bmp
    30 -2.5029 -12.4674 -2.8299 -0.6549 0.7385 0.1604 0.7207 0.8320
    30 -2.2190 -12.3518 -2.9350 0.1456 0.9151 0.3759 0.6992 0.8516
    30 -2.2678 -12.3573 -3.0699 -0.1338 0.9461 -0.2950 0.6895 0.8301
witch hand.bmp
    38 -1.9459 -9.6051 -1.6241 0.6501 0.7301 0.2104 0.3945 0.0762
    38 -1.4586 -10.0215 -1.7558 0.6095 0.6855 -0.3983 0.3984 0.1250
    38 -1.8941 -9.7094 -1.9356 0.7341 0.6041 -0.3102 0.4219 0.0762
witch hand.bmp
    38 -1.9459 -9.6051 -1.6241 0.6501 0.7301 0.2104 0.3945 0.0762
    38 -1.5099 -9.9490 -1.5308 0.5425 0.8150 0.2034 0.3730 0.1230
    38 -1.4586 -10.0215 -1.7558 0.6095 0.6855 -0.3983 0.3984 0.1250
witch hand.bmp
    38 -1.9459 -9.6051 -1.6241 0.6501 0.7301 0.2104 0.3945 0.0762
    38 -2.0651 -9.7322 -1.3076 0.3542 0.4686 0.8093 0.3457 0.0684
    38 -1.5099 -9.9490 -1.5308 0.5425 0.8150 0.2034 0.3730 0.1230
witch hand.bmp
    38 -1.9459 -9.6051 -1.6241 0.6501 0.7301 0.2104 0.3945 0.0762
    38 -2.5686 -9.3147 -1.2689 0.0486 0.7143 0.6982 0.3574 0.0098
    38 -2.0651 -9.7322 -1.3076 0.3542 0.4686 0.8093 0.3457 0.0684
witch hand.bmp
    38 -1.9459 -9.6051 -1.6241 0.6501 0.7301 0.2104 0.3945 0.0762
    38 -2.2924 -9.2154 -1.7175 0.3374 0.9295 0.1487 0.4102 0.0234
    38 -2.5686 -9.3147 -1.2689 0.0486 0.7143 0.6982 0.3574 0.0098
witch hand.bmp
    38 -1.9459 -9.6051 -1.6241 0.6501 0.7301 0.2104 0.3945 0.0762
    38 -2.2407 -9.2804 -2.1706 0.4715 0.8305 -0.2966 0.4434 0.0293
    38 -2.2924 -9.2154 -1.7175 0.3374 0.9295 0.1487 0.4102 0.0234
witch hand.bmp
    38 -1.9459 -9.6051 -1.6241 0.6501 0.7301 0.2104 0.3945 0.0762
    38 -1.8941 -9.7094 -1.9356 0.7341 0.6041 -0.3102 0.4219 0.0762
    38 -2.2407 -9.2804 -2.1706 0.4715 0.8305 -0.2966 0.4434 0.0293
witch hand.bmp
    24 -3.8591 -9.9191 -4.0931 0.4916 -0.2643 -0.8298 0.1113 0.2012
    24 -4.1756 -10.0321 -4.1069 -0.0612 -0.3936 -0.9172 0.0625 0.2090
    22 -4.1466 -9.4261 -4.2559 0.3231 -0.2570 -0.9108 0.1211 0.2812
witch hand.bmp
    24 -3.8591 -9.9191 -4.0931 0.4916 -0.2643 -0.8298 0.1113 0.2012
    22 -4.1466 -9.4261 -4.2559 0.3231 -0.2570 -0.9108 0.1211 0.2812
    22 -3.8267 -9.1803 -4.0939 0.6781 -0.0516 -0.7331 0.1445 0.2715
witch hand.bmp
    22 -3.8267 -9.1803 -4.0939 0.6781 -0.0516 -0.7331 0.1445 0.2715
    22 -4.1466 -9.4261 -4.2559 0.3231 -0.2570 -0.9108 0.1211 0.2812
    22 -4.5719 -7.9891 -4.9647 0.6277 -0.1486 -0.7641 0.1406 0.4609
witch hand.bmp
    22 -3.8267 -9.1803 -4.0939 0.6781 -0.0516 -0.7331 0.1445 0.2715
    22 -4.5719 -7.9891 -4.9647 0.6277 -0.1486 -0.7641 0.1406 0.4609
    22 -4.4980 -7.8714 -4.8366 0.7832 0.0305 -0.6210 0.1562 0.4590
witch hand.bmp
    22 -4.4980 -7.8714 -4.8366 0.7832 0.0305 -0.6210 0.1562 0.4590
    22 -4.5719 -7.9891 -4.9647 0.6277 -0.1486 -0.7641 0.1406 0.4609
    22 -5.3397 -6.2336 -5.8854 0.8041 0.0353 -0.5934 0.1484 0.6660
witch hand.bmp
    22 -4.4980 -7.8714 -4.8366 0.7832 0.0305 -0.6210 0.1562 0.4590
    22 -5.3397 -6.2336 -5.8854 0.8041 0.0353 -0.5934 0.1484 0.6660
    22 -5.2070 -6.0605 -5.6680 0.8838 0.1882 -0.4284 0.1680 0.6621
witch hand.bmp
    22 -5.2070 -6.0605 -5.6680 0.8838 0.1882 -0.4284 0.1680 0.6621
    22 -5.3397 -6.2336 -5.8854 0.8041 0.0353 -0.5934 0.1484 0.6660
    22 -5.8020 -4.9487 -6.3723 0.8901 0.2297 -0.3936 0.1621 0.7930
witch hand.bmp
    22 -5.3118 -7.7312 -3.6940 -0.4909 0.0615 0.8691 0.3496 0.4473
    22 -4.4458 -8.8958 -3.0930 -0.5807 0.2430 0.7770 0.3496 0.2734
    22 -4.0092 -8.5822 -3.0489 0.0611 0.5920 0.8036 0.3008 0.2754
witch hand.bmp
    22 -5.3118 -7.7312 -3.6940 -0.4909 0.0615 0.8691 0.3496 0.4473
    22 -4.0092 -8.5822 -3.0489 0.0611 0.5920 0.8036 0.3008 0.2754
    22 -4.8125 -7.4633 -3.6371 0.0677 0.4578 0.8865 0.2949 0.4414
witch hand.bmp
    22 -4.8125 -7.4633 -3.6371 0.0677 0.4578 0.8865 0.2949 0.4414
    22 -4.0092 -8.5822 -3.0489 0.0611 0.5920 0.8036 0.3008 0.2754
    22 -4.4488 -7.4115 -3.8820 0.5722 0.6208 0.5359 0.2480 0.4473
witch hand.bmp
    22 -4.8125 -7.4633 -3.6371 0.0677 0.4578 0.8865 0.2949 0.4414
    22 -4.4488 -7.4115 -3.8820 0.5722 0.6208 0.5359 0.2480 0.4473
    22 -5.3744 -5.7089 -4.6413 0.6143 0.5913 0.5226 0.2559 0.6543
witch hand.bmp
    22 -5.3744 -5.7089 -4.6413 0.6143 0.5913 0.5226 0.2559 0.6543
    22 -4.4488 -7.4115 -3.8820 0.5722 0.6208 0.5359 0.2480 0.4473
    22 -4.2993 -7.4488 -4.1534 0.8568 0.5126 0.0563 0.2188 0.4492
witch hand.bmp
    22 -5.3744 -5.7089 -4.6413 0.6143 0.5913 0.5226 0.2559 0.6543
    22 -4.2993 -7.4488 -4.1534 0.8568 0.5126 0.0563 0.2188 0.4492
    22 -5.1557 -5.8186 -5.2202 0.8838 0.4646 -0.0555 0.2051 0.6562
witch hand.bmp
    22 -5.1557 -5.8186 -5.2202 0.8838 0.4646 -0.0555 0.2051 0.6562
    22 -4.2993 -7.4488 -4.1534 0.8568 0.5126 0.0563 0.2188 0.4492
    22 -4.3052 -7.5298 -4.3356 0.8982 0.3612 -0.2505 0.2012 0.4512
witch hand.bmp
    22 -9.2162 -3.8622 -7.3979 -0.7522 -0.6426 -0.1459 0.5020 0.9824
    22 -8.5439 -3.8997 -8.1761 -0.3149 -0.6452 -0.6961 0.5703 0.9805
    22 -7.1182 -6.0394 -6.8339 -0.2810 -0.6733 -0.6838 0.5488 0.7949
witch hand.bmp
    22 -9.2162 -3.8622 -7.3979 -0.7522 -0.6426 -0.1459 0.5020 0.9824
    22 -7.1182 -6.0394 -6.8339 -0.2810 -0.6733 -0.6838 0.5488 0.7949
    22 -7.6429 -6.0291 -6.1417 -0.7597 -0.6434 -0.0942 0.4883 0.7949
witch hand.bmp
    22 -7.6429 -6.0291 -6.1417 -0.7597 -0.6434 -0.0942 0.4883 0.7949
    22 -7.1182 -6.0394 -6.8339 -0.2810 -0.6733 -0.6838 0.5488 0.7949
    22 -6.4592 -7.0437 -6.0282 -0.3032 -0.7082 -0.6376 0.5137 0.6641
witch hand.bmp
    22 -7.6429 -6.0291 -6.1417 -0.7597 -0.6434 -0.0942 0.4883 0.7949
    22 -6.4592 -7.0437 -6.0282 -0.3032 -0.7082 -0.6376 0.5137 0.6641
    22 -6.8000 -7.0329 -5.5627 -0.7364 -0.6714 -0.0832 0.4746 0.6641
witch hand.bmp
    22 -6.8000 -7.0329 -5.5627 -0.7364 -0.6714 -0.0832 0.4746 0.6641
    22 -6.4592 -7.0437 -6.0282 -0.3032 -0.7082 -0.6376 0.5137 0.6641
    22 -5.4143 -8.4678 -4.8752 -0.4900 -0.7287 -0.4785 0.4863 0.4492
witch hand.bmp
    22 -6.8000 -7.0329 -5.5627 -0.7364 -0.6714 -0.0832 0.4746 0.6641
    22 -5.4143 -8.4678 -4.8752 -0.4900 -0.7287 -0.4785 0.4863 0.4492
    22 -5.5779 -8.4043 -4.4651 -0.8005 -0.5934 0.0847 0.4492 0.4492
witch hand.bmp
    22 -5.5779 -8.4043 -4.4651 -0.8005 -0.5934 0.0847 0.4492 0.4492
    22 -5.4143 -8.4678 -4.8752 -0.4900 -0.7287 -0.4785 0.4863 0.4492
    22 -4.6350 -9.6107 -4.0692 -0.6806 -0.5515 -0.4823 0.4902 0.2695
witch hand.bmp
    22 -7.6674 -5.6319 -5.3775 -0.7764 -0.3180 0.5441 0.4336 0.7949
    22 -7.6429 -6.0291 -6.1417 -0.7597 -0.6434 -0.0942 0.4883 0.7949
    22 -6.8000 -7.0329 -5.5627 -0.7364 -0.6714 -0.0832 0.4746 0.6641
witch hand.bmp
    22 -7.6674 -5.6319 -5.3775 -0.7764 -0.3180 0.5441 0.4336 0.7949
    22 -9.2162 -3.8622 -7.3979 -0.7522 -0.6426 -0.1459 0.5020 0.9824
    22 -7.6429 -6.0291 -6.1417 -0.7597 -0.6434 -0.0942 0.4883 0.7949
witch hand.bmp
    22 -7.6674 -5.6319 -5.3775 -0.7764 -0.3180 0.5441 0.4336 0.7949
    22 -9.3403 -3.4806 -6.6624 -0.8001 -0.3189 0.5081 0.4395 0.9844
    22 -9.2162 -3.8622 -7.3979 -0.7522 -0.6426 -0.1459 0.5020 0.9824
witch hand.bmp
    22 -7.6674 -5.6319 -5.3775 -0.7764 -0.3180 0.5441 0.4336 0.7949
    22 -8.9012 -2.9256 -6.2692 -0.4907 0.1047 0.8650 0.3926 0.9844
    22 -9.3403 -3.4806 -6.6624 -0.8001 -0.3189 0.5081 0.4395 0.9844
witch hand.bmp
    22 -7.6674 -5.6319 -5.3775 -0.7764 -0.3180 0.5441 0.4336 0.7949
    22 -7.1847 -5.0735 -4.9602 -0.4907 0.1047 0.8650 0.3770 0.7930
    22 -8.9012 -2.9256 -6.2692 -0.4907 0.1047 0.8650 0.3926 0.9844
witch hand.bmp
    22 -7.6674 -5.6319 -5.3775 -0.7764 -0.3180 0.5441 0.4336 0.7949
    22 -6.8223 -6.6466 -4.8178 -0.7764 -0.3180 0.5441 0.4141 0.6641
    22 -7.1847 -5.0735 -4.9602 -0.4907 0.1047 0.8650 0.3770 0.7930
witch hand.bmp
    22 -7.6674 -5.6319 -5.3775 -0.7764 -0.3180 0.5441 0.4336 0.7949
    22 -6.8000 -7.0329 -5.5627 -0.7364 -0.6714 -0.0832 0.4746 0.6641
    22 -6.8223 -6.6466 -4.8178 -0.7764 -0.3180 0.5441 0.4141 0.6641
witch hand.bmp
    43 2.2346 -10.9878 -4.9377 -0.3797 0.6677 0.6404 0.6094 0.9004
    43 2.1763 -11.0106 -5.0525 -0.7817 0.6194 -0.0720 0.6055 0.9336
    43 2.1771 -11.0597 -4.9421 -0.8022 0.0533 0.5947 0.6309 0.9023
witch hand.bmp
    43 2.2346 -10.9878 -4.9377 -0.3797 0.6677 0.6404 0.6094 0.9004
    43 2.1771 -11.0597 -4.9421 -0.8022 0.0533 0.5947 0.6309 0.9023
    43 2.2678 -11.0725 -4.8950 -0.2252 0.1616 0.9608 0.6543 0.8887
witch hand.bmp
    43 2.2678 -11.0725 -4.8950 -0.2252 0.1616 0.9608 0.6543 0.8887
    43 2.1771 -11.0597 -4.9421 -0.8022 0.0533 0.5947 0.6309 0.9023
    43 2.2658 -11.3686 -4.9353 -0.8573 -0.1498 0.4925 0.7090 0.9102
witch hand.bmp
    43 2.2678 -11.0725 -4.8950 -0.2252 0.1616 0.9608 0.6543 0.8887
    43 2.2658 -11.3686 -4.9353 -0.8573 -0.1498 0.4925 0.7090 0.9102
    42 2.3509 -11.8613 -4.8986 -0.6531 -0.4359 0.6193 0.7812 0.9082
witch hand.bmp
    42 2.3509 -11.8613 -4.8986 -0.6531 -0.4359 0.6193 0.7812 0.9082
    43 2.2658 -11.3686 -4.9353 -0.8573 -0.1498 0.4925 0.7090 0.9102
    42 2.3081 -11.8838 -5.0423 -0.8355 -0.5347 -0.1267 0.7754 0.9375
witch hand.bmp
    42 2.3509 -11.8613 -4.8986 -0.6531 -0.4359 0.6193 0.7812 0.9082
    42 2.3081 -11.8838 -5.0423 -0.8355 -0.5347 -0.1267 0.7754 0.9375
    42 3.0172 -12.3186 -4.9975 -0.6125 -0.7845 -0.0969 0.9258 0.9375
witch hand.bmp
    42 3.0172 -12.3186 -4.9975 -0.6125 -0.7845 -0.0969 0.9258 0.9375
    42 2.3081 -11.8838 -5.0423 -0.8355 -0.5347 -0.1267 0.7754 0.9375
    42 2.3763 -11.8392 -5.1775 -0.5448 -0.3741 -0.7505 0.7754 0.9629
witch hand.bmp
    46 1.9155 -11.5375 -4.2449 0.8055 0.5825 -0.1087 0.7207 0.8320
    46 1.6267 -11.3364 -4.2804 0.1963 0.9684 -0.1536 0.6895 0.8301
    46 1.6569 -11.3632 -4.1426 0.3015 0.7843 0.5422 0.6992 0.8516
witch hand.bmp
    46 1.9155 -11.5375 -4.2449 0.8055 0.5825 -0.1087 0.7207 0.8320
    46 1.6569 -11.3632 -4.1426 0.3015 0.7843 0.5422 0.6992 0.8516
    46 2.0797 -11.9924 -4.0288 0.6952 0.4553 0.5562 0.8242 0.8496
witch hand.bmp
    46 2.0797 -11.9924 -4.0288 0.6952 0.4553 0.5562 0.8242 0.8496
    46 1.6569 -11.3632 -4.1426 0.3015 0.7843 0.5422 0.6992 0.8516
    46 1.9045 -12.1249 -3.9115 -0.0941 0.1589 0.9828 0.8340 0.8730
witch hand.bmp
    46 2.0797 -11.9924 -4.0288 0.6952 0.4553 0.5562 0.8242 0.8496
    46 1.9045 -12.1249 -3.9115 -0.0941 0.1589 0.9828 0.8340 0.8730
    45 2.1179 -12.0466 -4.0270 0.5095 0.7118 0.4835 0.8477 0.8516
witch hand.bmp
    45 2.1179 -12.0466 -4.0270 0.5095 0.7118 0.4835 0.8477 0.8516
    46 1.9045 -12.1249 -3.9115 -0.0941 0.1589 0.9828 0.8340 0.8730
    45 2.9331 -12.5963 -3.7692 -0.1032 0.1449 0.9841 0.9336 0.8691
witch hand.bmp
    45 2.1179 -12.0466 -4.0270 0.5095 0.7118 0.4835 0.8477 0.8516
    45 2.9331 -12.5963 -3.7692 -0.1032 0.1449 0.9841 0.9336 0.8691
    45 3.0831 -12.4210 -3.9151 -0.9190 0.3452 0.1904 0.9395 0.8477
witch hand.bmp
    45 3.0831 -12.4210 -3.9151 -0.9190 0.3452 0.1904 0.9395 0.8477
    45 2.9331 -12.5963 -3.7692 -0.1032 0.1449 0.9841 0.9336 0.8691
    44 3.1046 -12.6097 -3.7398 -0.1363 0.0817 0.9873 0.9492 0.8730
witch hand.bmp
    55 1.4032 -10.1261 -2.6287 -0.8412 -0.4729 -0.2622 0.1367 0.0098
    55 1.4794 -10.1471 -2.4239 -0.6279 -0.6223 0.4673 0.1758 0.0371
    55 1.4109 -9.9356 -2.5578 -0.9740 0.2146 -0.0721 0.1387 0.0234
witch hand.bmp
    55 1.4032 -10.1261 -2.6287 -0.8412 -0.4729 -0.2622 0.1367 0.0098
    55 1.4109 -9.9356 -2.5578 -0.9740 0.2146 -0.0721 0.1387 0.0234
    55 1.5098 -10.0260 -2.7768 -0.4835 -0.0796 -0.8717 0.0957 0.0371
witch hand.bmp
    55 1.5098 -10.0260 -2.7768 -0.4835 -0.0796 -0.8717 0.0957 0.0371
    55 1.4109 -9.9356 -2.5578 -0.9740 0.2146 -0.0721 0.1387 0.0234
    55 1.5252 -9.8683 -2.7185 -0.3722 0.7773 -0.5072 0.1133 0.0410
witch hand.bmp
    55 1.5098 -10.0260 -2.7768 -0.4835 -0.0796 -0.8717 0.0957 0.0371
    55 1.5252 -9.8683 -2.7185 -0.3722 0.7773 -0.5072 0.1133 0.0410
    55 2.1033 -9.9906 -2.7977 0.0029 0.3364 -0.9417 0.0820 0.0879
witch hand.bmp
    55 2.1033 -9.9906 -2.7977 0.0029 0.3364 -0.9417 0.0820 0.0879
    55 1.5252 -9.8683 -2.7185 -0.3722 0.7773 -0.5072 0.1133 0.0410
    55 2.0598 -9.8608 -2.6554 -0.0730 0.9375 -0.3402 0.1133 0.0938
witch hand.bmp
    55 2.1033 -9.9906 -2.7977 0.0029 0.3364 -0.9417 0.0820 0.0879
    55 2.0598 -9.8608 -2.6554 -0.0730 0.9375 -0.3402 0.1133 0.0938
    55 2.6112 -9.8981 -2.7584 -0.1220 0.5405 -0.8325 0.0781 0.1602
witch hand.bmp
    55 2.6112 -9.8981 -2.7584 -0.1220 0.5405 -0.8325 0.0781 0.1602
    55 2.0598 -9.8608 -2.6554 -0.0730 0.9375 -0.3402 0.1133 0.0938
    55 2.5317 -9.7776 -2.5505 -0.1070 0.9532 -0.2828 0.1074 0.1562
witch hand.bmp
    55 1.9926 -10.0067 -2.3080 -0.2718 0.4568 0.8470 0.1562 0.0918
    55 1.4615 -10.0258 -2.3784 -0.6169 0.1725 0.7679 0.1543 0.0391
    55 1.9995 -10.2029 -2.2682 -0.2774 -0.4058 0.8709 0.1895 0.0898
witch hand.bmp
    55 1.9926 -10.0067 -2.3080 -0.2718 0.4568 0.8470 0.1562 0.0918
    55 1.4285 -9.8871 -2.5306 -0.6367 0.7285 0.2529 0.1387 0.0312
    55 1.4615 -10.0258 -2.3784 -0.6169 0.1725 0.7679 0.1543 0.0391
witch hand.bmp
    55 1.9926 -10.0067 -2.3080 -0.2718 0.4568 0.8470 0.1562 0.0918
    55 1.9901 -9.8835 -2.4487 -0.2793 0.8920 0.3554 0.1367 0.0898
    55 1.4285 -9.8871 -2.5306 -0.6367 0.7285 0.2529 0.1387 0.0312
witch hand.bmp
    55 1.9926 -10.0067 -2.3080 -0.2718 0.4568 0.8470 0.1562 0.0918
    55 2.0461 -9.8559 -2.4384 -0.3731 0.8802 0.2934 0.1367 0.0977
    55 1.9901 -9.8835 -2.4487 -0.2793 0.8920 0.3554 0.1367 0.0898
witch hand.bmp
    55 1.9926 -10.0067 -2.3080 -0.2718 0.4568 0.8470 0.1562 0.0918
    55 2.4941 -9.9041 -2.1247 -0.3616 0.4814 0.7984 0.1562 0.1621
    55 2.0461 -9.8559 -2.4384 -0.3731 0.8802 0.2934 0.1367 0.0977
witch hand.bmp
    55 1.9926 -10.0067 -2.3080 -0.2718 0.4568 0.8470 0.1562 0.0918
    55 2.4997 -10.1715 -2.0820 -0.3354 -0.2199 0.9160 0.1934 0.1582
    55 2.4941 -9.9041 -2.1247 -0.3616 0.4814 0.7984 0.1562 0.1621
witch hand.bmp
    55 1.9926 -10.0067 -2.3080 -0.2718 0.4568 0.8470 0.1562 0.0918
    55 1.9995 -10.2029 -2.2682 -0.2774 -0.4058 0.8709 0.1895 0.0898
    55 2.4997 -10.1715 -2.0820 -0.3354 -0.2199 0.9160 0.1934 0.1582
witch hand.bmp
    49 0.9745 -12.0247 -3.4238 -0.9661 0.2284 -0.1203 0.6055 0.9336
    49 0.9991 -11.9276 -3.4646 -0.7867 0.5788 -0.2146 0.5957 0.9336
    49 1.0406 -11.9884 -3.5694 -0.5904 0.3425 -0.7308 0.6016 0.9590
witch hand.bmp
    49 0.9745 -12.0247 -3.4238 -0.9661 0.2284 -0.1203 0.6055 0.9336
    49 1.0406 -11.9884 -3.5694 -0.5904 0.3425 -0.7308 0.6016 0.9590
    49 1.0164 -12.0802 -3.5525 -0.6917 -0.4007 -0.6008 0.6289 0.9629
witch hand.bmp
    49 1.0164 -12.0802 -3.5525 -0.6917 -0.4007 -0.6008 0.6289 0.9629
    49 1.0406 -11.9884 -3.5694 -0.5904 0.3425 -0.7308 0.6016 0.9590
    49 1.1161 -12.0766 -3.6086 -0.2131 -0.1924 -0.9579 0.6504 0.9805
witch hand.bmp
    49 1.0164 -12.0802 -3.5525 -0.6917 -0.4007 -0.6008 0.6289 0.9629
    49 1.1161 -12.0766 -3.6086 -0.2131 -0.1924 -0.9579 0.6504 0.9805
    49 1.3178 -12.3751 -3.4624 -0.5093 -0.7146 -0.4795 0.7090 0.9648
witch hand.bmp
    49 1.3178 -12.3751 -3.4624 -0.5093 -0.7146 -0.4795 0.7090 0.9648
    49 1.1161 -12.0766 -3.6086 -0.2131 -0.1924 -0.9579 0.6504 0.9805
    49 1.7425 -12.5954 -3.4584 -0.0175 -0.3636 -0.9314 0.7891 0.9785
witch hand.bmp
    49 1.3178 -12.3751 -3.4624 -0.5093 -0.7146 -0.4795 0.7090 0.9648
    49 1.7425 -12.5954 -3.4584 -0.0175 -0.3636 -0.9314 0.7891 0.9785
    48 1.7436 -12.8130 -3.2758 -0.3447 -0.8595 -0.3774 0.7754 0.9629
witch hand.bmp
    48 1.7436 -12.8130 -3.2758 -0.3447 -0.8595 -0.3774 0.7754 0.9629
    49 1.7425 -12.5954 -3.4584 -0.0175 -0.3636 -0.9314 0.7891 0.9785
    48 2.8865 -12.9386 -3.2385 -0.0381 -0.9365 -0.3486 0.9277 0.9648
witch hand.bmp
    46 1.6098 -11.8570 -4.3546 -0.5952 -0.3942 -0.7002 0.7090 0.9648
    45 1.8812 -12.4202 -4.2770 -0.4365 -0.5754 -0.6917 0.7754 0.9629
    45 1.8198 -12.4678 -4.1191 -0.6854 -0.7260 0.0559 0.7754 0.9375
witch hand.bmp
    46 1.6098 -11.8570 -4.3546 -0.5952 -0.3942 -0.7002 0.7090 0.9648
    46 1.9396 -12.2138 -4.3518 -0.0204 -0.1026 -0.9945 0.7891 0.9785
    45 1.8812 -12.4202 -4.2770 -0.4365 -0.5754 -0.6917 0.7754 0.9629
witch hand.bmp
    46 1.6098 -11.8570 -4.3546 -0.5952 -0.3942 -0.7002 0.7090 0.9648
    46 1.4974 -11.4950 -4.4208 -0.0580 0.0733 -0.9956 0.6504 0.9805
    46 1.9396 -12.2138 -4.3518 -0.0204 -0.1026 -0.9945 0.7891 0.9785
witch hand.bmp
    46 1.6098 -11.8570 -4.3546 -0.5952 -0.3942 -0.7002 0.7090 0.9648
    46 1.3932 -11.4835 -4.3862 -0.7044 -0.0878 -0.7043 0.6289 0.9629
    46 1.4974 -11.4950 -4.4208 -0.0580 0.0733 -0.9956 0.6504 0.9805
witch hand.bmp
    46 1.6098 -11.8570 -4.3546 -0.5952 -0.3942 -0.7002 0.7090 0.9648
    46 1.3376 -11.4336 -4.3360 -0.8290 -0.4922 -0.2656 0.6230 0.9492
    46 1.3932 -11.4835 -4.3862 -0.7044 -0.0878 -0.7043 0.6289 0.9629
witch hand.bmp
    46 1.6098 -11.8570 -4.3546 -0.5952 -0.3942 -0.7002 0.7090 0.9648
    46 1.5632 -11.8845 -4.1994 -0.2933 -0.7979 -0.5266 0.7148 0.9375
    46 1.3376 -11.4336 -4.3360 -0.8290 -0.4922 -0.2656 0.6230 0.9492
witch hand.bmp
    46 1.6098 -11.8570 -4.3546 -0.5952 -0.3942 -0.7002 0.7090 0.9648
    45 1.8198 -12.4678 -4.1191 -0.6854 -0.7260 0.0559 0.7754 0.9375
    46 1.5632 -11.8845 -4.1994 -0.2933 -0.7979 -0.5266 0.7148 0.9375
witch hand.bmp
    1 4.6542 -10.5407 -2.4869 0.4424 -0.0394 0.8959 0.3184 0.0176
    1 4.8524 -10.1940 -2.5841 0.6169 0.2141 0.7573 0.3574 0.0098
    54 3.6774 -10.2659 -2.2122 0.0767 -0.1801 0.9806 0.3457 0.0684
witch hand.bmp
    1 4.6542 -10.5407 -2.4869 0.4424 -0.0394 0.8959 0.3184 0.0176
    54 3.6774 -10.2659 -2.2122 0.0767 -0.1801 0.9806 0.3457 0.0684
    1 4.2720 -10.6941 -2.4985 -0.1214 -0.2274 0.9662 0.2852 0.0293
witch hand.bmp
    1 4.2720 -10.6941 -2.4985 -0.1214 -0.2274 0.9662 0.2852 0.0293
    54 3.6774 -10.2659 -2.2122 0.0767 -0.1801 0.9806 0.3457 0.0684
    54 3.6020 -10.5873 -2.4769 -0.1558 -0.9030 0.4005 0.3027 0.0605
witch hand.bmp
    1 4.2720 -10.6941 -2.4985 -0.1214 -0.2274 0.9662 0.2852 0.0293
    54 3.6020 -10.5873 -2.4769 -0.1558 -0.9030 0.4005 0.3027 0.0605
    54 3.5582 -10.5731 -2.7228 -0.1846 -0.9654 -0.1841 0.2695 0.0684
witch hand.bmp
    54 3.5582 -10.5731 -2.7228 -0.1846 -0.9654 -0.1841 0.2695 0.0684
    54 3.6020 -10.5873 -2.4769 -0.1558 -0.9030 0.4005 0.3027 0.0605
    54 3.0673 -10.4240 -2.3626 -0.0157 -0.8298 0.5578 0.3125 0.1133
witch hand.bmp
    54 3.5582 -10.5731 -2.7228 -0.1846 -0.9654 -0.1841 0.2695 0.0684
    54 3.0673 -10.4240 -2.3626 -0.0157 -0.8298 0.5578 0.3125 0.1133
    54 2.9875 -10.4828 -2.5522 -0.1362 -0.9904 -0.0242 0.2852 0.1152
witch hand.bmp
    54 2.9875 -10.4828 -2.5522 -0.1362 -0.9904 -0.0242 0.2852 0.1152
    54 3.0673 -10.4240 -2.3626 -0.0157 -0.8298 0.5578 0.3125 0.1133
    54 2.5810 -10.4414 -2.4357 -0.1878 -0.9821 0.0117 0.2910 0.1582
witch hand.bmp
    0 7.1885 -4.8690 -7.0962 0.8473 -0.4139 -0.3329 0.4336 0.7949
    0 6.7789 -6.1124 -6.5423 0.8473 -0.4139 -0.3329 0.4141 0.6641
    0 6.1628 -6.1671 -7.1215 0.3160 -0.4853 -0.8153 0.4746 0.6641
witch hand.bmp
    0 7.1885 -4.8690 -7.0962 0.8473 -0.4139 -0.3329 0.4336 0.7949
    0 7.2651 -4.5839 -6.2983 0.9498 -0.2135 0.2287 0.3770 0.7930
    0 6.7789 -6.1124 -6.5423 0.8473 -0.4139 -0.3329 0.4141 0.6641
witch hand.bmp
    0 7.1885 -4.8690 -7.0962 0.8473 -0.4139 -0.3329 0.4336 0.7949
    0 8.0166 -1.8865 -7.5137 0.9637 -0.1814 0.1958 0.3926 0.9844
    0 7.2651 -4.5839 -6.2983 0.9498 -0.2135 0.2287 0.3770 0.7930
witch hand.bmp
    0 7.1885 -4.8690 -7.0962 0.8473 -0.4139 -0.3329 0.4336 0.7949
    0 7.9381 -2.1883 -8.2713 0.8390 -0.3972 -0.3719 0.4395 0.9844
    0 8.0166 -1.8865 -7.5137 0.9637 -0.1814 0.1958 0.3926 0.9844
witch hand.bmp
    0 7.1885 -4.8690 -7.0962 0.8473 -0.4139 -0.3329 0.4336 0.7949
    0 7.2675 -2.2554 -8.7689 0.2902 -0.4319 -0.8539 0.5020 0.9824
    0 7.9381 -2.1883 -8.2713 0.8390 -0.3972 -0.3719 0.4395 0.9844
witch hand.bmp
    0 7.1885 -4.8690 -7.0962 0.8473 -0.4139 -0.3329 0.4336 0.7949
    0 6.5762 -4.9184 -7.6880 0.3306 -0.4526 -0.8282 0.4883 0.7949
    0 7.2675 -2.2554 -8.7689 0.2902 -0.4319 -0.8539 0.5020 0.9824
witch hand.bmp
    0 7.1885 -4.8690 -7.0962 0.8473 -0.4139 -0.3329 0.4336 0.7949
    0 6.1628 -6.1671 -7.1215 0.3160 -0.4853 -0.8153 0.4746 0.6641
    0 6.5762 -4.9184 -7.6880 0.3306 -0.4526 -0.8282 0.4883 0.7949
witch hand.bmp
    0 5.1798 -5.4378 -5.6961 -0.8706 0.2363 0.4315 0.1680 0.6621
    0 5.3520 -4.0633 -6.1400 -0.8425 0.2591 0.4723 0.1621 0.7930
    0 5.0897 -5.4803 -5.9890 -0.9600 0.1742 0.2191 0.1484 0.6660
witch hand.bmp
    0 5.1798 -5.4378 -5.6961 -0.8706 0.2363 0.4315 0.1680 0.6621
    0 5.0897 -5.4803 -5.9890 -0.9600 0.1742 0.2191 0.1484 0.6660
    0 4.8779 -7.4965 -5.3653 -0.9653 0.1835 0.1859 0.1562 0.4590
witch hand.bmp
    0 4.8779 -7.4965 -5.3653 -0.9653 0.1835 0.1859 0.1562 0.4590
    0 5.0897 -5.4803 -5.9890 -0.9600 0.1742 0.2191 0.1484 0.6660
    0 4.8153 -7.5377 -5.5295 -0.9923 0.0980 -0.0763 0.1406 0.4609
witch hand.bmp
    0 4.8779 -7.4965 -5.3653 -0.9653 0.1835 0.1859 0.1562 0.4590
    0 4.8153 -7.5377 -5.5295 -0.9923 0.0980 -0.0763 0.1406 0.4609
    0 4.6354 -9.0609 -4.9114 -0.9506 0.2953 -0.0956 0.1445 0.2715
witch hand.bmp
    0 4.6354 -9.0609 -4.9114 -0.9506 0.2953 -0.0956 0.1445 0.2715
    0 4.8153 -7.5377 -5.5295 -0.9923 0.0980 -0.0763 0.1406 0.4609
    0 4.6971 -9.1922 -5.3306 -0.8903 0.1545 -0.4283 0.1211 0.2812
witch hand.bmp
    0 4.6354 -9.0609 -4.9114 -0.9506 0.2953 -0.0956 0.1445 0.2715
    0 4.6971 -9.1922 -5.3306 -0.8903 0.1545 -0.4283 0.1211 0.2812
    40 4.5010 -9.6310 -5.2750 -0.7725 0.3042 -0.5575 0.1113 0.2012
witch hand.bmp
    40 4.5010 -9.6310 -5.2750 -0.7725 0.3042 -0.5575 0.1113 0.2012
    0 4.6971 -9.1922 -5.3306 -0.8903 0.1545 -0.4283 0.1211 0.2812
    40 4.7154 -9.8029 -5.4688 -0.4359 0.0428 -0.8990 0.0625 0.2090
witch hand.bmp
    0 5.7705 -7.9994 -6.0849 0.4919 -0.4746 -0.7299 0.4492 0.4492
    0 5.1263 -9.3650 -5.6226 0.0852 -0.1839 -0.9792 0.4902 0.2695
    0 5.3524 -7.9164 -6.2421 -0.1385 -0.4072 -0.9028 0.4863 0.4492
witch hand.bmp
    0 5.7705 -7.9994 -6.0849 0.4919 -0.4746 -0.7299 0.4492 0.4492
    0 5.3524 -7.9164 -6.2421 -0.1385 -0.4072 -0.9028 0.4863 0.4492
    0 6.1628 -6.1671 -7.1215 0.3160 -0.4853 -0.8153 0.4746 0.6641
witch hand.bmp
    0 6.1628 -6.1671 -7.1215 0.3160 -0.4853 -0.8153 0.4746 0.6641
    0 5.3524 -7.9164 -6.2421 -0.1385 -0.4072 -0.9028 0.4863 0.4492
    0 5.6052 -6.0261 -7.1695 -0.3734 -0.3470 -0.8603 0.5137 0.6641
witch hand.bmp
    0 6.1628 -6.1671 -7.1215 0.3160 -0.4853 -0.8153 0.4746 0.6641
    0 5.6052 -6.0261 -7.1695 -0.3734 -0.3470 -0.8603 0.5137 0.6641
    0 6.5762 -4.9184 -7.6880 0.3306 -0.4526 -0.8282 0.4883 0.7949
witch hand.bmp
    0 6.5762 -4.9184 -7.6880 0.3306 -0.4526 -0.8282 0.4883 0.7949
    0 5.6052 -6.0261 -7.1695 -0.3734 -0.3470 -0.8603 0.5137 0.6641
    0 5.7263 -4.7049 -7.7474 -0.4132 -0.2994 -0.8600 0.5488 0.7949
witch hand.bmp
    0 6.5762 -4.9184 -7.6880 0.3306 -0.4526 -0.8282 0.4883 0.7949
    0 5.7263 -4.7049 -7.7474 -0.4132 -0.2994 -0.8600 0.5488 0.7949
    0 7.2675 -2.2554 -8.7689 0.2902 -0.4319 -0.8539 0.5020 0.9824
witch hand.bmp
    0 7.2675 -2.2554 -8.7689 0.2902 -0.4319 -0.8539 0.5020 0.9824
    0 5.7263 -4.7049 -7.7474 -0.4132 -0.2994 -0.8600 0.5488 0.7949
    0 6.2594 -2.0494 -8.7843 -0.3920 -0.2648 -0.8810 0.5703 0.9805
witch hand.bmp
    32 -1.8411 -13.2975 -1.5296 0.7514 -0.2489 0.6111 0.7812 0.9082
    33 -1.5677 -13.0320 -2.0834 0.8967 -0.0768 0.4359 0.7090 0.9102
    33 -1.4623 -12.7946 -2.3789 0.6728 0.6300 0.3879 0.6543 0.8887
witch hand.bmp
    32 -1.8411 -13.2975 -1.5296 0.7514 -0.2489 0.6111 0.7812 0.9082
    32 -1.9313 -13.4375 -1.5636 0.3804 -0.8343 0.3990 0.7754 0.9375
    33 -1.5677 -13.0320 -2.0834 0.8967 -0.0768 0.4359 0.7090 0.9102
witch hand.bmp
    32 -1.8411 -13.2975 -1.5296 0.7514 -0.2489 0.6111 0.7812 0.9082
    32 -2.7534 -12.8877 -0.9596 0.3570 -0.2705 0.8941 0.9258 0.9082
    32 -1.9313 -13.4375 -1.5636 0.3804 -0.8343 0.3990 0.7754 0.9375
witch hand.bmp
    32 -1.8411 -13.2975 -1.5296 0.7514 -0.2489 0.6111 0.7812 0.9082
    32 -2.6801 -12.6594 -1.0062 0.6037 0.5234 0.6013 0.9355 0.8809
    32 -2.7534 -12.8877 -0.9596 0.3570 -0.2705 0.8941 0.9258 0.9082
witch hand.bmp
    32 -1.8411 -13.2975 -1.5296 0.7514 -0.2489 0.6111 0.7812 0.9082
    33 -1.8355 -13.0013 -1.6906 0.6170 0.5848 0.5267 0.7910 0.8848
    32 -2.6801 -12.6594 -1.0062 0.6037 0.5234 0.6013 0.9355 0.8809
witch hand.bmp
    32 -1.8411 -13.2975 -1.5296 0.7514 -0.2489 0.6111 0.7812 0.9082
    33 -1.4623 -12.7946 -2.3789 0.6728 0.6300 0.3879 0.6543 0.8887
    33 -1.8355 -13.0013 -1.6906 0.6170 0.5848 0.5267 0.7910 0.8848
witch hand.bmp
    34 -2.8099 -12.0878 -0.5236 -0.4468 -0.8709 -0.2045 0.9453 0.7832
    34 -2.5334 -11.9620 -0.6820 -0.5207 0.7964 -0.3076 0.9512 0.8125
    35 -2.5575 -11.9095 -0.7489 -0.6232 0.4697 -0.6253 0.9395 0.8125
witch hand.bmp
    34 -2.8099 -12.0878 -0.5236 -0.4468 -0.8709 -0.2045 0.9453 0.7832
    35 -2.5575 -11.9095 -0.7489 -0.6232 0.4697 -0.6253 0.9395 0.8125
    35 -2.7498 -12.1123 -0.5480 -0.5726 -0.6577 -0.4894 0.9336 0.7852
witch hand.bmp
    35 -2.7498 -12.1123 -0.5480 -0.5726 -0.6577 -0.4894 0.9336 0.7852
    35 -2.5575 -11.9095 -0.7489 -0.6232 0.4697 -0.6253 0.9395 0.8125
    35 -1.9332 -12.4566 -0.7490 -0.8534 0.4769 0.2104 0.8398 0.8125
witch hand.bmp
    35 -2.7498 -12.1123 -0.5480 -0.5726 -0.6577 -0.4894 0.9336 0.7852
    35 -1.9332 -12.4566 -0.7490 -0.8534 0.4769 0.2104 0.8398 0.8125
    36 -2.0313 -12.6584 -0.6108 -0.5913 -0.7162 -0.3707 0.8301 0.7852
witch hand.bmp
    36 -2.0313 -12.6584 -0.6108 -0.5913 -0.7162 -0.3707 0.8301 0.7852
    35 -1.9332 -12.4566 -0.7490 -0.8534 0.4769 0.2104 0.8398 0.8125
    36 -1.9872 -12.4322 -0.7672 -0.9266 0.3564 -0.1204 0.8164 0.8145
witch hand.bmp
    36 -2.0313 -12.6584 -0.6108 -0.5913 -0.7162 -0.3707 0.8301 0.7852
    36 -1.9872 -12.4322 -0.7672 -0.9266 0.3564 -0.1204 0.8164 0.8145
    36 -1.4876 -12.7049 -1.0820 -0.2364 -0.1675 -0.9571 0.6992 0.8145
witch hand.bmp
    36 -1.5834 -12.7742 -0.5239 0.2165 -0.6912 0.6894 0.7148 0.9375
    36 -1.4664 -12.6351 -0.5620 0.6478 0.0844 0.7571 0.7090 0.9102
    36 -1.8517 -12.6606 -0.3267 0.0207 -0.6080 0.7936 0.7754 0.9375
witch hand.bmp
    36 -1.5834 -12.7742 -0.5239 0.2165 -0.6912 0.6894 0.7148 0.9375
    36 -1.1537 -12.8558 -0.8222 0.4541 -0.4477 0.7703 0.6230 0.9160
    36 -1.4664 -12.6351 -0.5620 0.6478 0.0844 0.7571 0.7090 0.9102
witch hand.bmp
    36 -1.5834 -12.7742 -0.5239 0.2165 -0.6912 0.6894 0.7148 0.9375
    36 -1.1729 -12.9300 -0.8684 0.2692 -0.7142 0.6461 0.6152 0.9336
    36 -1.1537 -12.8558 -0.8222 0.4541 -0.4477 0.7703 0.6230 0.9160
witch hand.bmp
    36 -1.5834 -12.7742 -0.5239 0.2165 -0.6912 0.6894 0.7148 0.9375
    36 -1.2518 -12.9585 -0.9025 0.0387 -0.8749 0.4828 0.6211 0.9492
    36 -1.1729 -12.9300 -0.8684 0.2692 -0.7142 0.6461 0.6152 0.9336
witch hand.bmp
    36 -1.5834 -12.7742 -0.5239 0.2165 -0.6912 0.6894 0.7148 0.9375
    36 -1.6615 -12.8347 -0.7063 -0.2997 -0.9455 0.1275 0.7090 0.9648
    36 -1.2518 -12.9585 -0.9025 0.0387 -0.8749 0.4828 0.6211 0.9492
witch hand.bmp
    36 -1.5834 -12.7742 -0.5239 0.2165 -0.6912 0.6894 0.7148 0.9375
    36 -1.8517 -12.6606 -0.3267 0.0207 -0.6080 0.7936 0.7754 0.9375
    36 -1.6615 -12.8347 -0.7063 -0.2997 -0.9455 0.1275 0.7090 0.9648
witch hand.bmp
    28 -3.6544 -12.9892 -2.0707 -0.4940 -0.3635 -0.7898 0.9453 0.7832
    28 -3.4666 -12.7955 -2.1176 0.5748 -0.5911 -0.5658 0.9512 0.8125
    29 -3.5505 -12.7798 -2.0654 -0.7019 -0.7115 -0.0316 0.9395 0.8125
witch hand.bmp
    28 -3.6544 -12.9892 -2.0707 -0.4940 -0.3635 -0.7898 0.9453 0.7832
    29 -3.5505 -12.7798 -2.0654 -0.7019 -0.7115 -0.0316 0.9395 0.8125
    29 -3.5898 -13.0580 -2.0898 -0.5879 -0.3274 -0.7397 0.9336 0.7852
witch hand.bmp
    29 -3.5898 -13.0580 -2.0898 -0.5879 -0.3274 -0.7397 0.9336 0.7852
    29 -3.5505 -12.7798 -2.0654 -0.7019 -0.7115 -0.0316 0.9395 0.8125
    29 -2.6850 -12.8958 -2.6684 0.7176 0.2608 -0.6457 0.8398 0.8125
witch hand.bmp
    29 -3.5898 -13.0580 -2.0898 -0.5879 -0.3274 -0.7397 0.9336 0.7852
    29 -2.6850 -12.8958 -2.6684 0.7176 0.2608 -0.6457 0.8398 0.8125
    30 -2.6672 -13.1273 -2.7228 -0.5239 -0.2991 -0.7976 0.8301 0.7852
witch hand.bmp
    30 -2.6672 -13.1273 -2.7228 -0.5239 -0.2991 -0.7976 0.8301 0.7852
    29 -2.6850 -12.8958 -2.6684 0.7176 0.2608 -0.6457 0.8398 0.8125
    30 -2.7301 -12.8924 -2.6370 -0.8831 -0.3926 0.2568 0.8164 0.8145
witch hand.bmp
    30 -2.6672 -13.1273 -2.7228 -0.5239 -0.2991 -0.7976 0.8301 0.7852
    30 -2.7301 -12.8924 -2.6370 -0.8831 -0.3926 0.2568 0.8164 0.8145
    30 -2.3448 -12.3982 -3.0983 -0.6045 0.5600 -0.5665 0.6992 0.8145
witch hand.bmp
    39 -0.7816 -10.7889 -1.7312 0.8288 0.2066 -0.5200 0.1367 0.0977
    39 -1.1227 -10.4195 -1.8417 0.3339 0.1882 -0.9236 0.1074 0.1562
    39 -0.9354 -10.3357 -1.6875 0.7710 0.3259 -0.5472 0.1367 0.1582
witch hand.bmp
    39 -0.7816 -10.7889 -1.7312 0.8288 0.2066 -0.5200 0.1367 0.0977
    39 -0.9344 -10.8735 -1.8607 0.2693 0.1827 -0.9456 0.1133 0.0938
    39 -1.1227 -10.4195 -1.8417 0.3339 0.1882 -0.9236 0.1074 0.1562
witch hand.bmp
    39 -0.7816 -10.7889 -1.7312 0.8288 0.2066 -0.5200 0.1367 0.0977
    39 -0.7676 -10.8496 -1.7204 0.8164 0.3134 -0.4851 0.1367 0.0898
    39 -0.9344 -10.8735 -1.8607 0.2693 0.1827 -0.9456 0.1133 0.0938
witch hand.bmp
    39 -0.7816 -10.7889 -1.7312 0.8288 0.2066 -0.5200 0.1367 0.0977
    39 -0.7407 -10.8320 -1.5266 0.9197 0.3576 0.1619 0.1562 0.0918
    39 -0.7676 -10.8496 -1.7204 0.8164 0.3134 -0.4851 0.1367 0.0898
witch hand.bmp
    39 -0.7816 -10.7889 -1.7312 0.8288 0.2066 -0.5200 0.1367 0.0977
    39 -0.8862 -10.3125 -1.4720 0.9554 0.2753 0.1072 0.1562 0.1621
    39 -0.7407 -10.8320 -1.5266 0.9197 0.3576 0.1619 0.1562 0.0918
witch hand.bmp
    39 -0.7816 -10.7889 -1.7312 0.8288 0.2066 -0.5200 0.1367 0.0977
    39 -0.9354 -10.3357 -1.6875 0.7710 0.3259 -0.5472 0.1367 0.1582
    39 -0.8862 -10.3125 -1.4720 0.9554 0.2753 0.1072 0.1562 0.1621
witch hand.bmp
    27 -3.3001 -13.1600 -2.7543 0.6369 0.1993 0.7447 0.7910 0.8848
    26 -3.8916 -12.9548 -2.3316 0.5612 0.2822 0.7781 0.9355 0.8809
    26 -3.9435 -13.1445 -2.3789 0.3430 -0.6424 0.6853 0.9258 0.9082
witch hand.bmp
    27 -3.3001 -13.1600 -2.7543 0.6369 0.1993 0.7447 0.7910 0.8848
    26 -3.9435 -13.1445 -2.3789 0.3430 -0.6424 0.6853 0.9258 0.9082
    26 -3.2761 -13.3765 -2.7776 0.6623 -0.5073 0.5513 0.7812 0.9082
witch hand.bmp
    26 -3.2761 -13.3765 -2.7776 0.6623 -0.5073 0.5513 0.7812 0.9082
    26 -3.9435 -13.1445 -2.3789 0.3430 -0.6424 0.6853 0.9258 0.9082
    26 -4.0038 -13.2048 -2.4810 -0.0309 -0.9495 0.3124 0.9258 0.9375
witch hand.bmp
    26 -3.2761 -13.3765 -2.7776 0.6623 -0.5073 0.5513 0.7812 0.9082
    26 -4.0038 -13.2048 -2.4810 -0.0309 -0.9495 0.3124 0.9258 0.9375
    26 -3.3269 -13.4631 -2.8904 0.3560 -0.9345 0.0031 0.7754 0.9375
witch hand.bmp
    26 -3.3269 -13.4631 -2.8904 0.3560 -0.9345 0.0031 0.7754 0.9375
    26 -4.0038 -13.2048 -2.4810 -0.0309 -0.9495 0.3124 0.9258 0.9375
    26 -3.4247 -13.4369 -2.9959 -0.0892 -0.8433 -0.5299 0.7754 0.9629
witch hand.bmp
    26 -3.3269 -13.4631 -2.8904 0.3560 -0.9345 0.0031 0.7754 0.9375
    26 -3.4247 -13.4369 -2.9959 -0.0892 -0.8433 -0.5299 0.7754 0.9629
    27 -3.2544 -13.0327 -3.2833 -0.0017 -0.5990 -0.8007 0.7090 0.9648
witch hand.bmp
    30 -2.2285 -12.8786 -2.8760 0.7980 -0.5768 -0.1747 0.7148 0.9375
    30 -2.1476 -12.8003 -2.7854 0.9290 -0.3022 0.2134 0.7090 0.9102
    30 -2.2285 -12.8786 -2.8760 0.5823 -0.6859 -0.4364 0.7148 0.9375
witch hand.bmp
    30 -2.2285 -12.8786 -2.8760 0.7980 -0.5768 -0.1747 0.7148 0.9375
    30 -2.0056 -12.5016 -3.0446 0.9912 -0.0900 0.0975 0.6309 0.9023
    30 -2.1476 -12.8003 -2.7854 0.9290 -0.3022 0.2134 0.7090 0.9102
witch hand.bmp
    30 -2.2285 -12.8786 -2.8760 0.7980 -0.5768 -0.1747 0.7148 0.9375
    30 -1.9885 -12.4873 -3.1330 0.8352 -0.5478 -0.0488 0.6230 0.9180
    30 -2.0056 -12.5016 -3.0446 0.9912 -0.0900 0.0975 0.6309 0.9023
witch hand.bmp
    30 -2.2285 -12.8786 -2.8760 0.7980 -0.5768 -0.1747 0.7148 0.9375
    30 -2.0149 -12.5114 -3.2099 0.6978 -0.6576 -0.2840 0.6152 0.9336
    30 -1.9885 -12.4873 -3.1330 0.8352 -0.5478 -0.0488 0.6230 0.9180
witch hand.bmp
    30 -2.2285 -12.8786 -2.8760 0.7980 -0.5768 -0.1747 0.7148 0.9375
    30 -2.0725 -12.5319 -3.2357 0.4765 -0.7218 -0.5019 0.6230 0.9492
    30 -2.0149 -12.5114 -3.2099 0.6978 -0.6576 -0.2840 0.6152 0.9336
witch hand.bmp
    30 -2.2285 -12.8786 -2.8760 0.7980 -0.5768 -0.1747 0.7148 0.9375
    30 -2.2285 -12.8786 -2.8760 0.5823 -0.6859 -0.4364 0.7148 0.9375
    30 -2.0725 -12.5319 -3.2357 0.4765 -0.7218 -0.5019 0.6230 0.9492
witch hand.bmp
    39 -0.5750 -11.3507 -1.5283 0.3888 -0.5464 0.7418 0.1758 0.0371
    39 -1.0428 -11.1665 -1.4967 -0.4760 -0.7038 0.5273 0.2285 0.0566
    39 -0.6421 -11.4976 -1.6744 0.1258 -0.9797 0.1561 0.1914 0.0156
witch hand.bmp
    39 -0.5750 -11.3507 -1.5283 0.3888 -0.5464 0.7418 0.1758 0.0371
    39 -0.9177 -11.0477 -1.3798 -0.0755 -0.4178 0.9054 0.2051 0.0723
    39 -1.0428 -11.1665 -1.4967 -0.4760 -0.7038 0.5273 0.2285 0.0566
witch hand.bmp
    39 -0.5750 -11.3507 -1.5283 0.3888 -0.5464 0.7418 0.1758 0.0371
    39 -0.8177 -10.8946 -1.3523 0.5327 0.0022 0.8463 0.1895 0.0898
    39 -0.9177 -11.0477 -1.3798 -0.0755 -0.4178 0.9054 0.2051 0.0723
witch hand.bmp
    39 -0.5750 -11.3507 -1.5283 0.3888 -0.5464 0.7418 0.1758 0.0371
    39 -0.4699 -11.2917 -1.5921 0.9469 -0.0694 0.3139 0.1543 0.0391
    39 -0.8177 -10.8946 -1.3523 0.5327 0.0022 0.8463 0.1895 0.0898
witch hand.bmp
    39 -0.5750 -11.3507 -1.5283 0.3888 -0.5464 0.7418 0.1758 0.0371
    39 -0.5072 -11.3687 -1.7734 0.6512 -0.7108 -0.2658 0.1387 0.0234
    39 -0.4699 -11.2917 -1.5921 0.9469 -0.0694 0.3139 0.1543 0.0391
witch hand.bmp
    39 -0.5750 -11.3507 -1.5283 0.3888 -0.5464 0.7418 0.1758 0.0371
    39 -0.6421 -11.4976 -1.6744 0.1258 -0.9797 0.1561 0.1367 0.0098
    39 -0.5072 -11.3687 -1.7734 0.6512 -0.7108 -0.2658 0.1387 0.0234
witch hand.bmp
    38 -1.5415 -10.5007 -1.8874 0.0661 -0.6598 -0.7485 0.8750 0.4531
    38 -2.0281 -10.3313 -2.0405 0.2217 -0.7040 -0.6747 0.9238 0.4531
    38 -1.4752 -10.2236 -1.8896 0.3958 0.1690 -0.9026 0.8770 0.4785
witch hand.bmp
    38 -1.5415 -10.5007 -1.8874 0.0661 -0.6598 -0.7485 0.8750 0.4531
    38 -2.2077 -10.4626 -1.7124 0.2064 -0.9677 0.1445 0.9277 0.3984
    38 -2.0281 -10.3313 -2.0405 0.2217 -0.7040 -0.6747 0.9238 0.4531
witch hand.bmp
    38 -1.5415 -10.5007 -1.8874 0.0661 -0.6598 -0.7485 0.8750 0.4531
    38 -1.7148 -10.6136 -1.6065 -0.0989 -0.9949 -0.0185 0.8750 0.4082
    38 -2.2077 -10.4626 -1.7124 0.2064 -0.9677 0.1445 0.9277 0.3984
witch hand.bmp
    38 -1.5415 -10.5007 -1.8874 0.0661 -0.6598 -0.7485 0.8750 0.4531
    39 -1.5593 -10.5998 -1.5662 -0.3298 -0.9413 -0.0723 0.8340 0.4316
    38 -1.7148 -10.6136 -1.6065 -0.0989 -0.9949 -0.0185 0.8750 0.4082
witch hand.bmp
    38 -1.5415 -10.5007 -1.8874 0.0661 -0.6598 -0.7485 0.8750 0.4531
    39 -1.3588 -10.5056 -1.8713 -0.0655 -0.2759 -0.9590 0.8320 0.4629
    39 -1.5593 -10.5998 -1.5662 -0.3298 -0.9413 -0.0723 0.8340 0.4316
witch hand.bmp
    38 -1.5415 -10.5007 -1.8874 0.0661 -0.6598 -0.7485 0.8750 0.4531
    38 -1.4752 -10.2236 -1.8896 0.3958 0.1690 -0.9026 0.8770 0.4785
    39 -1.3588 -10.5056 -1.8713 -0.0655 -0.2759 -0.9590 0.8320 0.4629
witch hand.bmp
    39 -0.9354 -10.3357 -1.6875 0.4919 0.7553 -0.4331 0.3809 0.1777
    39 -1.1227 -10.4195 -1.8417 0.3421 0.3709 -0.8633 0.3984 0.1816
    38 -1.4752 -10.2236 -1.8896 0.3958 0.1690 -0.9026 0.4219 0.1250
witch hand.bmp
    39 -0.9354 -10.3357 -1.6875 0.4919 0.7553 -0.4331 0.3809 0.1777
    38 -1.4752 -10.2236 -1.8896 0.3958 0.1690 -0.9026 0.4219 0.1250
    38 -1.4586 -10.0215 -1.7558 0.6095 0.6855 -0.3983 0.3984 0.1250
witch hand.bmp
    38 -1.4586 -10.0215 -1.7558 0.6095 0.6855 -0.3983 0.3984 0.1250
    38 -1.4752 -10.2236 -1.8896 0.3958 0.1690 -0.9026 0.4219 0.1250
    38 -1.8968 -9.9147 -2.1536 0.6608 0.0852 -0.7457 0.4453 0.0859
witch hand.bmp
    38 -1.4586 -10.0215 -1.7558 0.6095 0.6855 -0.3983 0.3984 0.1250
    38 -1.8968 -9.9147 -2.1536 0.6608 0.0852 -0.7457 0.4453 0.0859
    38 -1.8941 -9.7094 -1.9356 0.7341 0.6041 -0.3102 0.4219 0.0762
witch hand.bmp
    38 -1.8941 -9.7094 -1.9356 0.7341 0.6041 -0.3102 0.4219 0.0762
    38 -1.8968 -9.9147 -2.1536 0.6608 0.0852 -0.7457 0.4453 0.0859
    38 -2.3019 -9.5420 -2.5243 0.6056 0.3484 -0.7155 0.4688 0.0430
witch hand.bmp
    38 -1.8941 -9.7094 -1.9356 0.7341 0.6041 -0.3102 0.4219 0.0762
    38 -2.3019 -9.5420 -2.5243 0.6056 0.3484 -0.7155 0.4688 0.0430
    38 -2.2407 -9.2804 -2.1706 0.4715 0.8305 -0.2966 0.4434 0.0293
witch hand.bmp
    28 -4.1495 -11.9493 -1.3948 -0.3683 -0.3554 0.8591 0.6777 0.2246
    31 -4.1043 -11.7622 -1.1649 -0.7619 -0.4088 0.5025 0.6738 0.2090
    23 -4.4588 -10.9497 -1.3989 -0.7374 0.1890 0.6485 0.7363 0.2070
witch hand.bmp
    28 -4.1495 -11.9493 -1.3948 -0.3683 -0.3554 0.8591 0.6777 0.2246
    28 -3.9810 -11.9089 -1.3866 -0.2362 -0.8167 0.5265 0.6621 0.2168
    31 -4.1043 -11.7622 -1.1649 -0.7619 -0.4088 0.5025 0.6738 0.2090
witch hand.bmp
    28 -4.1495 -11.9493 -1.3948 -0.3683 -0.3554 0.8591 0.6777 0.2246
    28 -3.5285 -12.9861 -1.5892 0.0010 -0.4340 0.9009 0.5625 0.2461
    28 -3.9810 -11.9089 -1.3866 -0.2362 -0.8167 0.5265 0.6621 0.2168
witch hand.bmp
    28 -4.1495 -11.9493 -1.3948 -0.3683 -0.3554 0.8591 0.6777 0.2246
    28 -4.2893 -12.1503 -1.5203 -0.5588 -0.3680 0.7432 0.6699 0.2500
    28 -3.5285 -12.9861 -1.5892 0.0010 -0.4340 0.9009 0.5625 0.2461
witch hand.bmp
    28 -4.1495 -11.9493 -1.3948 -0.3683 -0.3554 0.8591 0.6777 0.2246
    23 -4.7416 -11.3238 -1.7245 -0.8446 0.0126 0.5353 0.7266 0.2578
    28 -4.2893 -12.1503 -1.5203 -0.5588 -0.3680 0.7432 0.6699 0.2500
witch hand.bmp
    28 -4.1495 -11.9493 -1.3948 -0.3683 -0.3554 0.8591 0.6777 0.2246
    23 -4.4588 -10.9497 -1.3989 -0.7374 0.1890 0.6485 0.7363 0.2070
    23 -4.7416 -11.3238 -1.7245 -0.8446 0.0126 0.5353 0.7266 0.2578
witch hand.bmp
    28 -3.7157 -13.0916 -1.8672 -0.6532 -0.7572 0.0041 0.5664 0.2832
    28 -3.6597 -13.0606 -1.7084 -0.4416 -0.7067 0.5528 0.5645 0.2676
    28 -4.2893 -12.1503 -1.5203 -0.5588 -0.3680 0.7432 0.6699 0.2500
witch hand.bmp
    28 -3.7157 -13.0916 -1.8672 -0.6532 -0.7572 0.0041 0.5664 0.2832
    28 -4.2893 -12.1503 -1.5203 -0.5588 -0.3680 0.7432 0.6699 0.2500
    28 -4.4729 -12.1386 -1.7432 -0.7149 -0.5223 0.4649 0.6816 0.2734
witch hand.bmp
    28 -4.4729 -12.1386 -1.7432 -0.7149 -0.5223 0.4649 0.6816 0.2734
    28 -4.2893 -12.1503 -1.5203 -0.5588 -0.3680 0.7432 0.6699 0.2500
    23 -4.7416 -11.3238 -1.7245 -0.8446 0.0126 0.5353 0.7266 0.2578
witch hand.bmp
    28 -4.4729 -12.1386 -1.7432 -0.7149 -0.5223 0.4649 0.6816 0.2734
    23 -4.7416 -11.3238 -1.7245 -0.8446 0.0126 0.5353 0.7266 0.2578
    23 -4.9302 -11.7280 -2.1796 -0.9452 -0.0849 0.3152 0.7246 0.3086
witch hand.bmp
    23 -4.9302 -11.7280 -2.1796 -0.9452 -0.0849 0.3152 0.7246 0.3086
    23 -4.7416 -11.3238 -1.7245 -0.8446 0.0126 0.5353 0.7266 0.2578
    23 -4.9091 -10.6635 -2.8817 -0.9956 0.0939 0.0073 0.8398 0.2988
witch hand.bmp
    23 -4.9302 -11.7280 -2.1796 -0.9452 -0.0849 0.3152 0.7246 0.3086
    23 -4.9091 -10.6635 -2.8817 -0.9956 0.0939 0.0073 0.8398 0.2988
    23 -4.8394 -11.1147 -3.2839 -0.7906 -0.1967 -0.5799 0.8242 0.3320
witch hand.bmp
    37 -3.7361 -9.2829 -2.3483 -0.1565 0.8542 0.4959 0.9023 0.1348
    37 -3.1195 -9.3225 -2.6489 0.3796 0.9180 0.1152 0.9336 0.0918
    24 -3.9122 -9.0912 -2.5809 -0.1892 0.6731 0.7149 0.9531 0.1348
witch hand.bmp
    37 -3.7361 -9.2829 -2.3483 -0.1565 0.8542 0.4959 0.9023 0.1348
    24 -3.9122 -9.0912 -2.5809 -0.1892 0.6731 0.7149 0.9531 0.1348
    23 -4.4384 -9.5854 -2.4929 -0.6831 0.5813 0.4422 0.9023 0.2031
witch hand.bmp
    23 -4.4384 -9.5854 -2.4929 -0.6831 0.5813 0.4422 0.9023 0.2031
    24 -3.9122 -9.0912 -2.5809 -0.1892 0.6731 0.7149 0.9531 0.1348
    24 -4.3621 -9.3795 -2.7712 -0.7376 0.5019 0.4518 0.9434 0.2012
witch hand.bmp
    23 -4.4384 -9.5854 -2.4929 -0.6831 0.5813 0.4422 0.9023 0.2031
    24 -4.3621 -9.3795 -2.7712 -0.7376 0.5019 0.4518 0.9434 0.2012
    23 -4.7244 -9.8626 -2.8170 -0.9008 0.4133 0.1333 0.9004 0.2578
witch hand.bmp
    23 -4.7244 -9.8626 -2.8170 -0.9008 0.4133 0.1333 0.9004 0.2578
    24 -4.3621 -9.3795 -2.7712 -0.7376 0.5019 0.4518 0.9434 0.2012
    24 -4.6249 -9.7020 -3.1412 -0.9490 0.2851 0.1346 0.9336 0.2520
witch hand.bmp
    23 -4.7244 -9.8626 -2.8170 -0.9008 0.4133 0.1333 0.9004 0.2578
    24 -4.6249 -9.7020 -3.1412 -0.9490 0.2851 0.1346 0.9336 0.2520
    24 -4.6745 -9.9404 -3.5649 -0.9799 -0.0343 -0.1965 0.9297 0.2871
witch hand.bmp
    23 -3.9492 -11.9555 -2.3574 0.4660 -0.8611 -0.2034 0.7090 0.5586
    23 -3.6906 -11.1254 -2.9363 0.8785 -0.4126 -0.2408 0.8086 0.5762
    23 -3.6105 -10.9495 -2.4946 0.7948 -0.5471 -0.2625 0.7969 0.6113
witch hand.bmp
    23 -3.9492 -11.9555 -2.3574 0.4660 -0.8611 -0.2034 0.7090 0.5586
    23 -3.9119 -11.1556 -3.3510 0.5571 -0.5300 -0.6393 0.8223 0.5273
    23 -3.6906 -11.1254 -2.9363 0.8785 -0.4126 -0.2408 0.8086 0.5762
witch hand.bmp
    23 -3.9492 -11.9555 -2.3574 0.4660 -0.8611 -0.2034 0.7090 0.5586
    23 -4.3253 -11.9880 -2.8880 0.4595 -0.6766 -0.5754 0.7344 0.5000
    23 -3.9119 -11.1556 -3.3510 0.5571 -0.5300 -0.6393 0.8223 0.5273
witch hand.bmp
    23 -3.9492 -11.9555 -2.3574 0.4660 -0.8611 -0.2034 0.7090 0.5586
    25 -4.4329 -12.0680 -2.8588 0.3274 -0.4765 -0.8159 0.6914 0.4844
    23 -4.3253 -11.9880 -2.8880 0.4595 -0.6766 -0.5754 0.7344 0.5000
witch hand.bmp
    23 -3.9492 -11.9555 -2.3574 0.4660 -0.8611 -0.2034 0.7090 0.5586
    25 -4.0748 -12.1043 -2.5417 0.9470 0.2245 -0.2299 0.6621 0.5215
    25 -4.4329 -12.0680 -2.8588 0.3274 -0.4765 -0.8159 0.6914 0.4844
witch hand.bmp
    23 -3.9492 -11.9555 -2.3574 0.4660 -0.8611 -0.2034 0.7090 0.5586
    28 -4.1294 -11.9013 -2.3858 0.3134 -0.8935 0.3216 0.6660 0.5430
    25 -4.0748 -12.1043 -2.5417 0.9470 0.2245 -0.2299 0.6621 0.5215
witch hand.bmp
    22 -7.6562 -3.4721 -8.4743 0.3621 -0.3383 -0.8686 0.0781 0.9805
    22 -7.0387 -2.7457 -8.0383 0.8601 0.1756 -0.4790 0.1719 0.9824
    22 -6.3492 -5.6087 -7.0705 0.4166 -0.3586 -0.8354 0.0781 0.7988
witch hand.bmp
    22 -7.6562 -3.4721 -8.4743 0.3621 -0.3383 -0.8686 0.0781 0.9805
    22 -6.3492 -5.6087 -7.0705 0.4166 -0.3586 -0.8354 0.0781 0.7988
    22 -7.1182 -6.0394 -6.8339 -0.2810 -0.6733 -0.6838 0.0098 0.8008
witch hand.bmp
    22 -7.1182 -6.0394 -6.8339 -0.2810 -0.6733 -0.6838 0.0098 0.8008
    22 -6.3492 -5.6087 -7.0705 0.4166 -0.3586 -0.8354 0.0781 0.7988
    22 -5.8340 -6.7218 -6.2457 0.3397 -0.4299 -0.8365 0.0820 0.6680
witch hand.bmp
    22 -7.1182 -6.0394 -6.8339 -0.2810 -0.6733 -0.6838 0.0098 0.8008
    22 -5.8340 -6.7218 -6.2457 0.3397 -0.4299 -0.8365 0.0820 0.6680
    22 -6.4592 -7.0437 -6.0282 -0.3032 -0.7082 -0.6376 0.0176 0.6719
witch hand.bmp
    22 -6.4592 -7.0437 -6.0282 -0.3032 -0.7082 -0.6376 0.0176 0.6719
    22 -5.8340 -6.7218 -6.2457 0.3397 -0.4299 -0.8365 0.0820 0.6680
    22 -5.0842 -8.3649 -5.0704 -0.0745 -0.6237 -0.7781 0.0742 0.4648
witch hand.bmp
    22 -6.4592 -7.0437 -6.0282 -0.3032 -0.7082 -0.6376 0.0176 0.6719
    22 -5.0842 -8.3649 -5.0704 -0.0745 -0.6237 -0.7781 0.0742 0.4648
    22 -5.4143 -8.4678 -4.8752 -0.4900 -0.7287 -0.4785 0.0312 0.4707
witch hand.bmp
    41 3.1721 -12.0447 -5.0808 0.3281 0.8338 -0.4440 0.9395 0.8125
    41 3.2354 -12.2496 -5.1862 0.1037 0.1215 -0.9872 0.9453 0.7832
    42 3.1975 -12.1789 -5.1942 0.6077 0.2675 -0.7478 0.9336 0.7852
witch hand.bmp
    41 3.1721 -12.0447 -5.0808 0.3281 0.8338 -0.4440 0.9395 0.8125
    41 3.2402 -12.0264 -5.0755 -0.2243 0.7968 -0.5611 0.9512 0.8125
    41 3.2354 -12.2496 -5.1862 0.1037 0.1215 -0.9872 0.9453 0.7832
witch hand.bmp
    41 3.1721 -12.0447 -5.0808 0.3281 0.8338 -0.4440 0.9395 0.8125
    41 3.2121 -12.0177 -4.8570 -0.4004 0.8016 0.4440 0.9512 0.8516
    41 3.2402 -12.0264 -5.0755 -0.2243 0.7968 -0.5611 0.9512 0.8125
witch hand.bmp
    41 3.1721 -12.0447 -5.0808 0.3281 0.8338 -0.4440 0.9395 0.8125
    41 3.1464 -12.0559 -4.8621 0.1599 0.8005 0.5776 0.9395 0.8477
    41 3.2121 -12.0177 -4.8570 -0.4004 0.8016 0.4440 0.9512 0.8516
witch hand.bmp
    41 3.1721 -12.0447 -5.0808 0.3281 0.8338 -0.4440 0.9395 0.8125
    42 2.6564 -11.6023 -5.0956 0.9115 -0.2167 -0.3496 0.8398 0.8125
    41 3.1464 -12.0559 -4.8621 0.1599 0.8005 0.5776 0.9395 0.8477
witch hand.bmp
    41 3.1721 -12.0447 -5.0808 0.3281 0.8338 -0.4440 0.9395 0.8125
    42 3.1975 -12.1789 -5.1942 0.6077 0.2675 -0.7478 0.9336 0.7852
    42 2.6564 -11.6023 -5.0956 0.9115 -0.2167 -0.3496 0.8398 0.8125
witch hand.bmp
    43 2.2440 -11.4153 -5.0674 -0.9576 -0.1872 -0.2190 0.7148 0.9375
    42 2.3081 -11.8838 -5.0423 -0.8355 -0.5347 -0.1267 0.7754 0.9375
    43 2.2658 -11.3686 -4.9353 -0.8573 -0.1498 0.4925 0.7090 0.9102
witch hand.bmp
    43 2.2440 -11.4153 -5.0674 -0.9576 -0.1872 -0.2190 0.7148 0.9375
    43 2.3126 -11.3532 -5.1824 -0.5552 -0.1014 -0.8255 0.7090 0.9648
    42 2.3081 -11.8838 -5.0423 -0.8355 -0.5347 -0.1267 0.7754 0.9375
witch hand.bmp
    43 2.2440 -11.4153 -5.0674 -0.9576 -0.1872 -0.2190 0.7148 0.9375
    43 2.1664 -10.9830 -5.1235 -0.8154 -0.2011 -0.5429 0.6230 0.9492
    43 2.3126 -11.3532 -5.1824 -0.5552 -0.1014 -0.8255 0.7090 0.9648
witch hand.bmp
    43 2.2440 -11.4153 -5.0674 -0.9576 -0.1872 -0.2190 0.7148 0.9375
    43 2.1294 -10.9689 -5.0762 -0.9457 -0.2372 -0.2224 0.6152 0.9336
    43 2.1664 -10.9830 -5.1235 -0.8154 -0.2011 -0.5429 0.6230 0.9492
witch hand.bmp
    43 2.2440 -11.4153 -5.0674 -0.9576 -0.1872 -0.2190 0.7148 0.9375
    43 2.1386 -10.9965 -4.9953 -0.9604 -0.2455 0.1318 0.6230 0.9180
    43 2.1294 -10.9689 -5.0762 -0.9457 -0.2372 -0.2224 0.6152 0.9336
witch hand.bmp
    43 2.2440 -11.4153 -5.0674 -0.9576 -0.1872 -0.2190 0.7148 0.9375
    43 2.2658 -11.3686 -4.9353 -0.8573 -0.1498 0.4925 0.7090 0.9102
    43 2.1386 -10.9965 -4.9953 -0.9604 -0.2455 0.1318 0.6230 0.9180
witch hand.bmp
    48 1.7448 -12.6853 -2.9715 -0.3553 -0.2938 0.8874 0.7812 0.9082
    49 1.7667 -12.3737 -3.0201 -0.0028 0.4537 0.8912 0.7910 0.8848
    49 1.1316 -11.9299 -3.2582 -0.1269 0.5430 0.8301 0.6543 0.8887
witch hand.bmp
    48 1.7448 -12.6853 -2.9715 -0.3553 -0.2938 0.8874 0.7812 0.9082
    48 2.9140 -12.5883 -2.8651 -0.0070 0.3598 0.9330 0.9355 0.8809
    49 1.7667 -12.3737 -3.0201 -0.0028 0.4537 0.8912 0.7910 0.8848
witch hand.bmp
    48 1.7448 -12.6853 -2.9715 -0.3553 -0.2938 0.8874 0.7812 0.9082
    48 2.8860 -12.8253 -2.9173 -0.0478 -0.5085 0.8597 0.9258 0.9082
    48 2.9140 -12.5883 -2.8651 -0.0070 0.3598 0.9330 0.9355 0.8809
witch hand.bmp
    48 1.7448 -12.6853 -2.9715 -0.3553 -0.2938 0.8874 0.7812 0.9082
    48 1.7382 -12.8037 -3.0736 -0.4302 -0.8235 0.3698 0.7754 0.9375
    48 2.8860 -12.8253 -2.9173 -0.0478 -0.5085 0.8597 0.9258 0.9082
witch hand.bmp
    48 1.7448 -12.6853 -2.9715 -0.3553 -0.2938 0.8874 0.7812 0.9082
    49 1.3259 -12.2541 -3.1554 -0.4698 -0.1144 0.8753 0.7090 0.9102
    48 1.7382 -12.8037 -3.0736 -0.4302 -0.8235 0.3698 0.7754 0.9375
witch hand.bmp
    48 1.7448 -12.6853 -2.9715 -0.3553 -0.2938 0.8874 0.7812 0.9082
    49 1.1316 -11.9299 -3.2582 -0.1269 0.5430 0.8301 0.6543 0.8887
    49 1.3259 -12.2541 -3.1554 -0.4698 -0.1144 0.8753 0.7090 0.9102
witch hand.bmp
    52 1.8033 -11.9715 -2.4783 -0.6887 -0.6433 0.3344 0.7148 0.9375
    51 2.1663 -12.2679 -2.2727 -0.3680 -0.8160 0.4458 0.7754 0.9375
    52 1.8049 -11.8100 -2.4166 -0.5430 -0.0216 0.8394 0.7090 0.9102
witch hand.bmp
    52 1.8033 -11.9715 -2.4783 -0.6887 -0.6433 0.3344 0.7148 0.9375
    52 1.8318 -11.9579 -2.6832 -0.4196 -0.8151 -0.3993 0.7090 0.9648
    51 2.1663 -12.2679 -2.2727 -0.3680 -0.8160 0.4458 0.7754 0.9375
witch hand.bmp
    52 1.8033 -11.9715 -2.4783 -0.6887 -0.6433 0.3344 0.7148 0.9375
    52 1.4557 -11.6954 -2.7805 -0.6384 -0.7683 0.0467 0.6211 0.9492
    52 1.8318 -11.9579 -2.6832 -0.4196 -0.8151 -0.3993 0.7090 0.9648
witch hand.bmp
    52 1.8033 -11.9715 -2.4783 -0.6887 -0.6433 0.3344 0.7148 0.9375
    52 1.4139 -11.6433 -2.7068 -0.6887 -0.6433 0.3344 0.6152 0.9336
    52 1.4557 -11.6954 -2.7805 -0.6384 -0.7683 0.0467 0.6211 0.9492
witch hand.bmp
    52 1.8033 -11.9715 -2.4783 -0.6887 -0.6433 0.3344 0.7148 0.9375
    52 1.4463 -11.6111 -2.6299 -0.6804 -0.4147 0.6043 0.6230 0.9160
    52 1.4139 -11.6433 -2.7068 -0.6887 -0.6433 0.3344 0.6152 0.9336
witch hand.bmp
    52 1.8033 -11.9715 -2.4783 -0.6887 -0.6433 0.3344 0.7148 0.9375
    52 1.8049 -11.8100 -2.4166 -0.5430 -0.0216 0.8394 0.7090 0.9102
    52 1.4463 -11.6111 -2.6299 -0.6804 -0.4147 0.6043 0.6230 0.9160
witch hand.bmp
    46 1.5632 -11.8845 -4.1994 0.0156 -0.9230 -0.3846 0.7148 0.9375
    46 1.3879 -11.4503 -4.1383 -0.7879 0.0028 0.6158 0.6309 0.9023
    46 1.3322 -11.4100 -4.1981 -0.8490 -0.4109 0.3322 0.6230 0.9180
witch hand.bmp
    46 1.5632 -11.8845 -4.1994 0.0156 -0.9230 -0.3846 0.7148 0.9375
    46 1.5623 -11.8240 -4.0575 -0.7362 -0.2317 0.6359 0.7090 0.9102
    46 1.3879 -11.4503 -4.1383 -0.7879 0.0028 0.6158 0.6309 0.9023
witch hand.bmp
    46 1.5632 -11.8845 -4.1994 0.0156 -0.9230 -0.3846 0.7148 0.9375
    46 1.5632 -11.8845 -4.1994 -0.2933 -0.7979 -0.5266 0.7148 0.9375
    46 1.5623 -11.8240 -4.0575 -0.7362 -0.2317 0.6359 0.7090 0.9102
witch hand.bmp
    46 1.5632 -11.8845 -4.1994 0.0156 -0.9230 -0.3846 0.7148 0.9375
    46 1.3376 -11.4336 -4.3360 -0.8290 -0.4922 -0.2656 0.6230 0.9492
    46 1.5632 -11.8845 -4.1994 -0.2933 -0.7979 -0.5266 0.7148 0.9375
witch hand.bmp
    46 1.5632 -11.8845 -4.1994 0.0156 -0.9230 -0.3846 0.7148 0.9375
    46 1.3086 -11.4146 -4.2795 -0.8837 -0.4659 0.0459 0.6152 0.9336
    46 1.3376 -11.4336 -4.3360 -0.8290 -0.4922 -0.2656 0.6230 0.9492
witch hand.bmp
    46 1.5632 -11.8845 -4.1994 0.0156 -0.9230 -0.3846 0.7148 0.9375
    46 1.3322 -11.4100 -4.1981 -0.8490 -0.4109 0.3322 0.6230 0.9180
    46 1.3086 -11.4146 -4.2795 -0.8837 -0.4659 0.0459 0.6152 0.9336
witch hand.bmp
    54 2.8391 -9.9561 -2.8560 -0.0460 0.3261 -0.9442 0.8750 0.4531
    54 2.9407 -9.7976 -2.6421 -0.0823 0.9320 -0.3531 0.8770 0.4785
    53 3.2165 -9.9061 -2.7741 -0.5039 0.3846 -0.7734 0.9238 0.4531
witch hand.bmp
    54 2.8391 -9.9561 -2.8560 -0.0460 0.3261 -0.9442 0.8750 0.4531
    55 2.6112 -9.8981 -2.7584 -0.1220 0.5405 -0.8325 0.8320 0.4629
    54 2.9407 -9.7976 -2.6421 -0.0823 0.9320 -0.3531 0.8770 0.4785
witch hand.bmp
    54 2.8391 -9.9561 -2.8560 -0.0460 0.3261 -0.9442 0.8750 0.4531
    54 2.5237 -10.2714 -2.7157 -0.3198 -0.5526 -0.7697 0.8340 0.4316
    55 2.6112 -9.8981 -2.7584 -0.1220 0.5405 -0.8325 0.8320 0.4629
witch hand.bmp
    54 2.8391 -9.9561 -2.8560 -0.0460 0.3261 -0.9442 0.8750 0.4531
    54 2.8805 -10.3050 -2.8238 -0.0751 -0.3845 -0.9201 0.8750 0.4082
    54 2.5237 -10.2714 -2.7157 -0.3198 -0.5526 -0.7697 0.8340 0.4316
witch hand.bmp
    54 2.8391 -9.9561 -2.8560 -0.0460 0.3261 -0.9442 0.8750 0.4531
    53 3.2323 -10.2958 -2.7298 -0.2907 -0.0568 -0.9551 0.9277 0.3984
    54 2.8805 -10.3050 -2.8238 -0.0751 -0.3845 -0.9201 0.8750 0.4082
witch hand.bmp
    54 2.8391 -9.9561 -2.8560 -0.0460 0.3261 -0.9442 0.8750 0.4531
    53 3.2165 -9.9061 -2.7741 -0.5039 0.3846 -0.7734 0.9238 0.4531
    53 3.2323 -10.2958 -2.7298 -0.2907 -0.0568 -0.9551 0.9277 0.3984
witch hand.bmp
    47 3.2320 -12.9127 -3.0341 0.2625 -0.8965 0.3569 0.5293 0.1660
    47 3.1901 -12.9378 -3.2403 0.1684 -0.9433 -0.2860 0.5215 0.1816
    47 4.4558 -12.3224 -3.2544 0.5689 -0.7645 0.3031 0.6719 0.1855
witch hand.bmp
    47 3.2320 -12.9127 -3.0341 0.2625 -0.8965 0.3569 0.5293 0.1660
    47 4.4558 -12.3224 -3.2544 0.5689 -0.7645 0.3031 0.6719 0.1855
    47 3.1951 -12.8227 -2.9091 0.1558 -0.5450 0.8239 0.5332 0.1445
witch hand.bmp
    47 3.1951 -12.8227 -2.9091 0.1558 -0.5450 0.8239 0.5332 0.1445
    47 4.4558 -12.3224 -3.2544 0.5689 -0.7645 0.3031 0.6719 0.1855
    47 4.4839 -12.1581 -3.0740 0.4903 -0.5649 0.6637 0.6836 0.1602
witch hand.bmp
    47 3.1951 -12.8227 -2.9091 0.1558 -0.5450 0.8239 0.5332 0.1445
    47 4.4839 -12.1581 -3.0740 0.4903 -0.5649 0.6637 0.6836 0.1602
    50 4.3264 -11.9291 -2.9648 -0.0848 -0.7935 0.6026 0.6816 0.1465
witch hand.bmp
    50 4.3264 -11.9291 -2.9648 -0.0848 -0.7935 0.6026 0.6816 0.1465
    47 4.4839 -12.1581 -3.0740 0.4903 -0.5649 0.6637 0.6836 0.1602
    50 4.5407 -11.8906 -2.8420 0.5577 -0.7565 0.3417 0.6992 0.1445
witch hand.bmp
    50 4.3264 -11.9291 -2.9648 -0.0848 -0.7935 0.6026 0.6816 0.1465
    50 4.5407 -11.8906 -2.8420 0.5577 -0.7565 0.3417 0.6992 0.1445
    50 3.3171 -12.2740 -2.4733 0.1127 -0.9745 -0.1938 0.5723 0.0918
witch hand.bmp
    1 5.5926 -10.3072 -4.6740 0.9583 -0.2158 -0.1875 0.9004 0.2578
    1 5.6058 -10.1324 -4.1913 0.9703 -0.1316 0.2028 0.9023 0.2031
    1 5.5260 -10.5946 -4.5847 0.9505 -0.2934 -0.1028 0.8691 0.2598
witch hand.bmp
    1 5.5926 -10.3072 -4.6740 0.9583 -0.2158 -0.1875 0.9004 0.2578
    40 5.6799 -9.6583 -4.3348 0.9738 -0.0828 0.2120 0.9434 0.2012
    1 5.6058 -10.1324 -4.1913 0.9703 -0.1316 0.2028 0.9023 0.2031
witch hand.bmp
    1 5.5926 -10.3072 -4.6740 0.9583 -0.2158 -0.1875 0.9004 0.2578
    40 5.6294 -9.9059 -4.8383 0.9457 -0.2194 -0.2398 0.9336 0.2520
    40 5.6799 -9.6583 -4.3348 0.9738 -0.0828 0.2120 0.9434 0.2012
witch hand.bmp
    1 5.5926 -10.3072 -4.6740 0.9583 -0.2158 -0.1875 0.9004 0.2578
    40 5.3891 -10.0012 -5.2611 0.7395 -0.2334 -0.6313 0.9297 0.2871
    40 5.6294 -9.9059 -4.8383 0.9457 -0.2194 -0.2398 0.9336 0.2520
witch hand.bmp
    1 5.5926 -10.3072 -4.6740 0.9583 -0.2158 -0.1875 0.9004 0.2578
    1 5.3640 -10.3983 -5.1541 0.7920 -0.2169 -0.5707 0.8984 0.2949
    40 5.3891 -10.0012 -5.2611 0.7395 -0.2334 -0.6313 0.9297 0.2871
witch hand.bmp
    1 5.5926 -10.3072 -4.6740 0.9583 -0.2158 -0.1875 0.9004 0.2578
    1 5.5260 -10.5946 -4.5847 0.9505 -0.2934 -0.1028 0.8691 0.2598
    1 5.3640 -10.3983 -5.1541 0.7920 -0.2169 -0.5707 0.8984 0.2949
witch hand.bmp
    1 3.9127 -11.8303 -4.4789 -0.9622 -0.1301 -0.2391 0.7090 0.5586
    41 3.9680 -11.7641 -4.7083 0.1023 0.8212 0.5615 0.6621 0.5215
    50 4.2238 -12.1716 -4.5876 -0.8303 0.0126 0.5572 0.6660 0.5430
witch hand.bmp
    1 3.9127 -11.8303 -4.4789 -0.9622 -0.1301 -0.2391 0.7090 0.5586
    41 4.2035 -11.7698 -5.1313 -0.6859 -0.6351 -0.3553 0.6914 0.4844
    41 3.9680 -11.7641 -4.7083 0.1023 0.8212 0.5615 0.6621 0.5215
witch hand.bmp
    1 3.9127 -11.8303 -4.4789 -0.9622 -0.1301 -0.2391 0.7090 0.5586
    1 4.0451 -11.7523 -5.1200 -0.7611 -0.5401 -0.3592 0.7344 0.5000
    41 4.2035 -11.7698 -5.1313 -0.6859 -0.6351 -0.3553 0.6914 0.4844
witch hand.bmp
    1 3.9127 -11.8303 -4.4789 -0.9622 -0.1301 -0.2391 0.7090 0.5586
    1 4.0708 -10.7118 -5.0783 -0.9045 0.1293 -0.4064 0.8223 0.5273
    1 4.0451 -11.7523 -5.1200 -0.7611 -0.5401 -0.3592 0.7344 0.5000
witch hand.bmp
    1 3.9127 -11.8303 -4.4789 -0.9622 -0.1301 -0.2391 0.7090 0.5586
    1 4.0265 -10.7975 -4.6092 -0.9815 0.1550 0.1125 0.8086 0.5762
    1 4.0708 -10.7118 -5.0783 -0.9045 0.1293 -0.4064 0.8223 0.5273
witch hand.bmp
    1 3.9127 -11.8303 -4.4789 -0.9622 -0.1301 -0.2391 0.7090 0.5586
    1 4.1817 -10.8455 -4.1553 -0.9982 0.0531 0.0267 0.7969 0.6113
    1 4.0265 -10.7975 -4.6092 -0.9815 0.1550 0.1125 0.8086 0.5762
witch hand.bmp
    27 -2.9532 -12.7674 -3.2843 0.9786 -0.1307 0.1590 0.6309 0.9023
    27 -2.9999 -12.7189 -3.2009 0.7251 0.3389 0.5994 0.6543 0.8887
    27 -3.0851 -12.9851 -3.0891 0.9204 -0.3623 0.1471 0.7090 0.9102
witch hand.bmp
    27 -2.9532 -12.7674 -3.2843 0.9786 -0.1307 0.1590 0.6309 0.9023
    27 -3.0851 -12.9851 -3.0891 0.9204 -0.3623 0.1471 0.7090 0.9102
    27 -2.9339 -12.7493 -3.3715 0.7926 -0.5989 -0.1145 0.6230 0.9180
witch hand.bmp
    27 -2.9339 -12.7493 -3.3715 0.7926 -0.5989 -0.1145 0.6230 0.9180
    27 -3.0851 -12.9851 -3.0891 0.9204 -0.3623 0.1471 0.7090 0.9102
    27 -3.1536 -13.0788 -3.1856 0.6220 -0.6612 -0.4195 0.7148 0.9375
witch hand.bmp
    27 -2.9339 -12.7493 -3.3715 0.7926 -0.5989 -0.1145 0.6230 0.9180
    27 -3.1536 -13.0788 -3.1856 0.6220 -0.6612 -0.4195 0.7148 0.9375
    27 -2.9560 -12.7536 -3.4449 0.5978 -0.6984 -0.3936 0.6152 0.9336
witch hand.bmp
    27 -2.9560 -12.7536 -3.4449 0.5978 -0.6984 -0.3936 0.6152 0.9336
    27 -3.1536 -13.0788 -3.1856 0.6220 -0.6612 -0.4195 0.7148 0.9375
    27 -3.0110 -12.7771 -3.4597 0.3331 -0.7114 -0.6188 0.6230 0.9492
witch hand.bmp
    33 -1.6719 -13.0033 -2.6023 -0.4551 -0.4137 -0.7885 0.6953 0.7930
    33 -2.1205 -13.2897 -1.9677 -0.6000 -0.5225 -0.6058 0.8301 0.7852
    33 -1.7569 -12.7989 -2.5456 -0.6009 0.3000 -0.7409 0.6992 0.8145
witch hand.bmp
    33 -1.6719 -13.0033 -2.6023 -0.4551 -0.4137 -0.7885 0.6953 0.7930
    33 -1.7569 -12.7989 -2.5456 -0.6009 0.3000 -0.7409 0.6992 0.8145
    33 -1.5869 -12.9258 -2.6430 0.0324 0.0312 -0.9990 0.6758 0.8066
witch hand.bmp
    33 -1.5869 -12.9258 -2.6430 0.0324 0.0312 -0.9990 0.6758 0.8066
    33 -1.7569 -12.7989 -2.5456 -0.6009 0.3000 -0.7409 0.6992 0.8145
    33 -1.6594 -12.7249 -2.5447 -0.0687 0.7641 -0.6414 0.6895 0.8301
witch hand.bmp
    33 -1.5869 -12.9258 -2.6430 0.0324 0.0312 -0.9990 0.6758 0.8066
    33 -1.6594 -12.7249 -2.5447 -0.0687 0.7641 -0.6414 0.6895 0.8301
    33 -1.4830 -12.8605 -2.6063 0.5314 0.2956 -0.7939 0.6719 0.8301
witch hand.bmp
    33 -1.4830 -12.8605 -2.6063 0.5314 0.2956 -0.7939 0.6719 0.8301
    33 -1.6594 -12.7249 -2.5447 -0.0687 0.7641 -0.6414 0.6895 0.8301
    33 -1.4201 -12.8070 -2.4983 0.7391 0.5911 -0.3230 0.6797 0.8535
witch hand.bmp
    39 -1.1732 -10.6747 -1.2657 -0.0401 -0.4002 0.9155 0.2285 0.1387
    39 -0.9177 -11.0477 -1.3798 -0.0755 -0.4178 0.9054 0.2051 0.0723
    39 -0.8177 -10.8946 -1.3523 0.5327 0.0022 0.8463 0.1895 0.0898
witch hand.bmp
    39 -1.1732 -10.6747 -1.2657 -0.0401 -0.4002 0.9155 0.2285 0.1387
    39 -1.3891 -10.7433 -1.3714 -0.6105 -0.6239 0.4879 0.2520 0.1230
    39 -0.9177 -11.0477 -1.3798 -0.0755 -0.4178 0.9054 0.2051 0.0723
witch hand.bmp
    39 -1.1732 -10.6747 -1.2657 -0.0401 -0.4002 0.9155 0.2285 0.1387
    39 -1.4347 -10.5921 -1.2581 -0.3590 -0.5753 0.7349 0.2441 0.1602
    39 -1.3891 -10.7433 -1.3714 -0.6105 -0.6239 0.4879 0.2520 0.1230
witch hand.bmp
    39 -1.1732 -10.6747 -1.2657 -0.0401 -0.4002 0.9155 0.2285 0.1387
    39 -1.2553 -10.4921 -1.1693 0.0953 -0.4224 0.9014 0.2207 0.1582
    39 -1.4347 -10.5921 -1.2581 -0.3590 -0.5753 0.7349 0.2441 0.1602
witch hand.bmp
    39 -1.1732 -10.6747 -1.2657 -0.0401 -0.4002 0.9155 0.2285 0.1387
    39 -0.9884 -10.3927 -1.2349 0.3150 -0.3239 0.8921 0.1934 0.1582
    39 -1.2553 -10.4921 -1.1693 0.0953 -0.4224 0.9014 0.2207 0.1582
witch hand.bmp
    39 -1.1065 -10.9615 -1.8541 -0.4424 -0.2797 -0.8521 0.0820 0.0879
    39 -1.3588 -10.5056 -1.8713 -0.0655 -0.2759 -0.9590 0.0781 0.1602
    39 -0.9344 -10.8735 -1.8607 0.2693 0.1827 -0.9456 0.1133 0.0938
witch hand.bmp
    39 -1.1065 -10.9615 -1.8541 -0.4424 -0.2797 -0.8521 0.0820 0.0879
    39 -0.9344 -10.8735 -1.8607 0.2693 0.1827 -0.9456 0.1133 0.0938
    39 -0.6550 -11.3304 -1.9220 0.2708 -0.1955 -0.9426 0.1133 0.0410
witch hand.bmp
    39 -0.6550 -11.3304 -1.9220 0.2708 -0.1955 -0.9426 0.1133 0.0410
    39 -0.9344 -10.8735 -1.8607 0.2693 0.1827 -0.9456 0.1133 0.0938
    39 -0.7676 -10.8496 -1.7204 0.8164 0.3134 -0.4851 0.1367 0.0898
witch hand.bmp
    39 -0.6550 -11.3304 -1.9220 0.2708 -0.1955 -0.9426 0.1133 0.0410
    39 -0.7676 -10.8496 -1.7204 0.8164 0.3134 -0.4851 0.1367 0.0898
    39 -0.4740 -11.3318 -1.7942 0.8930 -0.0832 -0.4422 0.1387 0.0312
witch hand.bmp
    39 -0.4740 -11.3318 -1.7942 0.8930 -0.0832 -0.4422 0.1387 0.0312
    39 -0.7676 -10.8496 -1.7204 0.8164 0.3134 -0.4851 0.1367 0.0898
    39 -0.7407 -10.8320 -1.5266 0.9197 0.3576 0.1619 0.1562 0.0918
witch hand.bmp
    23 -2.5912 -10.4552 -1.3881 0.5566 -0.6673 0.4949 0.7422 0.0215
    23 -2.8034 -10.3250 -1.1670 0.5356 0.0082 0.8444 0.7617 0.0352
    23 -3.0681 -10.5767 -0.8403 0.4396 0.3886 0.8098 0.7363 0.0605
witch hand.bmp
    23 -2.5912 -10.4552 -1.3881 0.5566 -0.6673 0.4949 0.7422 0.0215
    23 -3.0681 -10.5767 -0.8403 0.4396 0.3886 0.8098 0.7363 0.0605
    23 -2.8364 -10.7850 -1.0462 0.9721 -0.0028 0.2345 0.7168 0.0371
witch hand.bmp
    23 -2.8364 -10.7850 -1.0462 0.9721 -0.0028 0.2345 0.7168 0.0371
    23 -3.0681 -10.5767 -0.8403 0.4396 0.3886 0.8098 0.7363 0.0605
    34 -2.9485 -10.8984 -0.7779 0.6391 0.4985 0.5857 0.6953 0.0625
witch hand.bmp
    23 -2.8364 -10.7850 -1.0462 0.9721 -0.0028 0.2345 0.7168 0.0371
    34 -2.9485 -10.8984 -0.7779 0.6391 0.4985 0.5857 0.6953 0.0625
    34 -2.7715 -11.0251 -1.0513 0.8726 0.2586 -0.4143 0.6855 0.0352
witch hand.bmp
    34 -2.7715 -11.0251 -1.0513 0.8726 0.2586 -0.4143 0.6855 0.0352
    34 -2.9485 -10.8984 -0.7779 0.6391 0.4985 0.5857 0.6953 0.0625
    34 -2.3901 -11.7445 -0.5412 0.4810 -0.7911 -0.3779 0.6055 0.0176
witch hand.bmp
    31 -3.5650 -11.3999 -0.9838 0.0088 -0.5297 0.8481 0.6816 0.1465
    34 -3.7351 -11.1066 -0.8281 -0.7166 -0.1375 0.6838 0.6992 0.1445
    31 -3.8216 -11.5127 -0.8841 -0.2224 0.0188 0.9748 0.6836 0.1602
witch hand.bmp
    31 -3.5650 -11.3999 -0.9838 0.0088 -0.5297 0.8481 0.6816 0.1465
    31 -3.8216 -11.5127 -0.8841 -0.2224 0.0188 0.9748 0.6836 0.1602
    31 -3.0179 -12.7169 -0.8144 0.1100 -0.1808 0.9773 0.5332 0.1445
witch hand.bmp
    31 -3.0179 -12.7169 -0.8144 0.1100 -0.1808 0.9773 0.5332 0.1445
    31 -3.8216 -11.5127 -0.8841 -0.2224 0.0188 0.9748 0.6836 0.1602
    31 -3.9499 -11.7005 -0.9716 -0.5884 -0.2011 0.7832 0.6719 0.1855
witch hand.bmp
    31 -3.0179 -12.7169 -0.8144 0.1100 -0.1808 0.9773 0.5332 0.1445
    31 -3.9499 -11.7005 -0.9716 -0.5884 -0.2011 0.7832 0.6719 0.1855
    31 -3.1389 -12.7959 -0.8721 -0.3369 -0.5083 0.7926 0.5293 0.1660
witch hand.bmp
    31 -3.1389 -12.7959 -0.8721 -0.3369 -0.5083 0.7926 0.5293 0.1660
    31 -3.9499 -11.7005 -0.9716 -0.5884 -0.2011 0.7832 0.6719 0.1855
    31 -3.2262 -12.8923 -1.0355 -0.6010 -0.7526 0.2693 0.5215 0.1816
witch hand.bmp
    24 -3.4912 -9.0028 -2.7396 0.3153 0.6942 0.6471 0.9629 0.1113
    24 -3.9122 -9.0912 -2.5809 -0.1892 0.6731 0.7149 0.9531 0.1348
    37 -3.1195 -9.3225 -2.6489 0.3796 0.9180 0.1152 0.9336 0.0918
witch hand.bmp
    24 -3.4912 -9.0028 -2.7396 0.3153 0.6942 0.6471 0.9629 0.1113
    37 -3.1195 -9.3225 -2.6489 0.3796 0.9180 0.1152 0.9336 0.0918
    24 -3.2936 -9.0254 -2.9268 0.6784 0.7101 0.1885 0.9707 0.0996
witch hand.bmp
    24 -3.2936 -9.0254 -2.9268 0.6784 0.7101 0.1885 0.9707 0.0996
    37 -3.1195 -9.3225 -2.6489 0.3796 0.9180 0.1152 0.9336 0.0918
    37 -2.9108 -9.4863 -2.7774 0.5853 0.6501 -0.4845 0.9434 0.0801
witch hand.bmp
    24 -3.2936 -9.0254 -2.9268 0.6784 0.7101 0.1885 0.9707 0.0996
    37 -2.9108 -9.4863 -2.7774 0.5853 0.6501 -0.4845 0.9434 0.0801
    24 -3.2277 -9.1645 -3.2102 0.8724 0.3975 -0.2846 0.9766 0.0879
witch hand.bmp
    24 -3.2277 -9.1645 -3.2102 0.8724 0.3975 -0.2846 0.9766 0.0879
    37 -2.9108 -9.4863 -2.7774 0.5853 0.6501 -0.4845 0.9434 0.0801
    37 -2.8794 -9.7447 -2.9487 0.6724 0.0669 -0.7372 0.9551 0.0703
witch hand.bmp
    24 -3.2836 -9.3412 -3.4808 0.8753 0.0949 -0.4742 0.9609 0.6426
    24 -3.2277 -9.1645 -3.2102 0.8724 0.3975 -0.2846 0.9688 0.6777
    37 -3.1882 -10.1074 -3.2399 0.7558 -0.3179 -0.5725 0.9277 0.6465
witch hand.bmp
    24 -3.2836 -9.3412 -3.4808 0.8753 0.0949 -0.4742 0.9609 0.6426
    37 -3.1882 -10.1074 -3.2399 0.7558 -0.3179 -0.5725 0.9277 0.6465
    24 -3.4939 -9.5531 -3.7136 0.7587 -0.0796 -0.6465 0.9531 0.6094
witch hand.bmp
    24 -3.4939 -9.5531 -3.7136 0.7587 -0.0796 -0.6465 0.9531 0.6094
    37 -3.1882 -10.1074 -3.2399 0.7558 -0.3179 -0.5725 0.9277 0.6465
    23 -3.4436 -10.1713 -3.4823 0.7094 -0.3577 -0.6073 0.9199 0.5996
witch hand.bmp
    24 -3.4939 -9.5531 -3.7136 0.7587 -0.0796 -0.6465 0.9531 0.6094
    23 -3.4436 -10.1713 -3.4823 0.7094 -0.3577 -0.6073 0.9199 0.5996
    24 -3.8591 -9.9191 -4.0931 0.4916 -0.2643 -0.8298 0.9355 0.5352
witch hand.bmp
    24 -3.8591 -9.9191 -4.0931 0.4916 -0.2643 -0.8298 0.9355 0.5352
    23 -3.4436 -10.1713 -3.4823 0.7094 -0.3577 -0.6073 0.9199 0.5996
    23 -3.9603 -10.5213 -3.7868 0.3676 -0.4764 -0.7987 0.9062 0.5234
witch hand.bmp
    31 -3.1724 -11.6810 -1.4500 0.8962 0.2564 -0.3619 0.6484 0.6816
    31 -2.9316 -12.7377 -1.3514 -0.2992 0.9479 -0.1093 0.5566 0.6621
    31 -3.4105 -11.8695 -1.6964 0.2990 -0.1442 -0.9433 0.6426 0.6445
witch hand.bmp
    31 -3.1724 -11.6810 -1.4500 0.8962 0.2564 -0.3619 0.6484 0.6816
    31 -2.7675 -12.6170 -1.1884 -0.4987 0.8168 -0.2900 0.5625 0.6934
    31 -2.9316 -12.7377 -1.3514 -0.2992 0.9479 -0.1093 0.5566 0.6621
witch hand.bmp
    31 -3.1724 -11.6810 -1.4500 0.8962 0.2564 -0.3619 0.6484 0.6816
    31 -2.7863 -12.6320 -0.9136 0.6685 0.1448 0.7295 0.5566 0.7129
    31 -2.7675 -12.6170 -1.1884 -0.4987 0.8168 -0.2900 0.5625 0.6934
witch hand.bmp
    31 -3.1724 -11.6810 -1.4500 0.8962 0.2564 -0.3619 0.6484 0.6816
    31 -3.5650 -11.3999 -0.9838 0.0088 -0.5297 0.8481 0.6504 0.6953
    31 -2.7863 -12.6320 -0.9136 0.6685 0.1448 0.7295 0.5566 0.7129
witch hand.bmp
    31 -3.1724 -11.6810 -1.4500 0.8962 0.2564 -0.3619 0.6484 0.6816
    34 -3.1526 -11.4630 -1.2388 0.6748 -0.7339 0.0775 0.6719 0.6973
    31 -3.5650 -11.3999 -0.9838 0.0088 -0.5297 0.8481 0.6504 0.6953
witch hand.bmp
    38 -1.7160 -10.2648 -1.2356 -0.0618 -0.0258 0.9978 0.3125 0.1133
    39 -1.2553 -10.4921 -1.1693 -0.0367 0.1859 0.9819 0.3145 0.1582
    39 -0.9884 -10.3927 -1.2349 0.3139 0.6710 0.6717 0.3379 0.1719
witch hand.bmp
    38 -1.7160 -10.2648 -1.2356 -0.0618 -0.0258 0.9978 0.3125 0.1133
    39 -1.4347 -10.5921 -1.2581 -0.3590 -0.5753 0.7349 0.2910 0.1582
    39 -1.2553 -10.4921 -1.1693 -0.0367 0.1859 0.9819 0.3145 0.1582
witch hand.bmp
    38 -1.7160 -10.2648 -1.2356 -0.0618 -0.0258 0.9978 0.3125 0.1133
    38 -1.7557 -10.4651 -1.2997 -0.3008 -0.5504 0.7788 0.2852 0.1152
    39 -1.4347 -10.5921 -1.2581 -0.3590 -0.5753 0.7349 0.2910 0.1582
witch hand.bmp
    38 -1.7160 -10.2648 -1.2356 -0.0618 -0.0258 0.9978 0.3125 0.1133
    38 -2.3214 -10.2652 -1.3708 0.1342 -0.7303 0.6698 0.2695 0.0684
    38 -1.7557 -10.4651 -1.2997 -0.3008 -0.5504 0.7788 0.2852 0.1152
witch hand.bmp
    38 -1.7160 -10.2648 -1.2356 -0.0618 -0.0258 0.9978 0.3125 0.1133
    38 -2.2457 -10.0960 -1.2165 0.0293 -0.1377 0.9900 0.3027 0.0605
    38 -2.3214 -10.2652 -1.3708 0.1342 -0.7303 0.6698 0.2695 0.0684
witch hand.bmp
    22 -5.9030 -5.1023 -6.6124 0.8484 0.0869 -0.5221 0.1426 0.7988
    22 -5.8020 -4.9487 -6.3723 0.8901 0.2297 -0.3936 0.1621 0.7930
    22 -5.3397 -6.2336 -5.8854 0.8041 0.0353 -0.5934 0.1484 0.6660
witch hand.bmp
    22 -5.9030 -5.1023 -6.6124 0.8484 0.0869 -0.5221 0.1426 0.7988
    22 -5.3397 -6.2336 -5.8854 0.8041 0.0353 -0.5934 0.1484 0.6660
    22 -5.4674 -6.3993 -6.0545 0.6987 -0.1129 -0.7064 0.1270 0.6680
witch hand.bmp
    22 -5.4674 -6.3993 -6.0545 0.6987 -0.1129 -0.7064 0.1270 0.6680
    22 -5.3397 -6.2336 -5.8854 0.8041 0.0353 -0.5934 0.1484 0.6660
    22 -4.5719 -7.9891 -4.9647 0.6277 -0.1486 -0.7641 0.1406 0.4609
witch hand.bmp
    22 -5.4674 -6.3993 -6.0545 0.6987 -0.1129 -0.7064 0.1270 0.6680
    22 -4.5719 -7.9891 -4.9647 0.6277 -0.1486 -0.7641 0.1406 0.4609
    22 -4.7010 -8.0701 -4.9805 0.5163 -0.2479 -0.8198 0.1289 0.4609
witch hand.bmp
    22 -4.7010 -8.0701 -4.9805 0.5163 -0.2479 -0.8198 0.1289 0.4609
    22 -4.5719 -7.9891 -4.9647 0.6277 -0.1486 -0.7641 0.1406 0.4609
    22 -4.1466 -9.4261 -4.2559 0.3231 -0.2570 -0.9108 0.1211 0.2812
witch hand.bmp
    22 -5.1557 -5.8186 -5.2202 0.8838 0.4646 -0.0555 0.2051 0.6562
    22 -5.7214 -4.6763 -5.9279 0.8838 0.4646 -0.0555 0.2031 0.7891
    22 -6.0148 -4.5605 -5.1803 0.5722 0.6208 0.5359 0.2637 0.7852
witch hand.bmp
    22 -5.1557 -5.8186 -5.2202 0.8838 0.4646 -0.0555 0.2051 0.6562
    22 -6.0148 -4.5605 -5.1803 0.5722 0.6208 0.5359 0.2637 0.7852
    22 -5.3744 -5.7089 -4.6413 0.6143 0.5913 0.5226 0.2559 0.6543
witch hand.bmp
    22 -5.3744 -5.7089 -4.6413 0.6143 0.5913 0.5226 0.2559 0.6543
    22 -6.0148 -4.5605 -5.1803 0.5722 0.6208 0.5359 0.2637 0.7852
    22 -5.8862 -5.8177 -4.3350 0.0208 0.4162 0.9091 0.3027 0.6582
witch hand.bmp
    22 -5.3744 -5.7089 -4.6413 0.6143 0.5913 0.5226 0.2559 0.6543
    22 -5.8862 -5.8177 -4.3350 0.0208 0.4162 0.9091 0.3027 0.6582
    22 -4.8125 -7.4633 -3.6371 0.0677 0.4578 0.8865 0.2949 0.4414
witch hand.bmp
    22 -4.8125 -7.4633 -3.6371 0.0677 0.4578 0.8865 0.2949 0.4414
    22 -5.8862 -5.8177 -4.3350 0.0208 0.4162 0.9091 0.3027 0.6582
    22 -5.3118 -7.7312 -3.6940 -0.4909 0.0615 0.8691 0.3496 0.4473
witch hand.bmp
    27 -2.9040 -12.7651 -3.3360 0.9642 -0.2088 0.1638 0.7676 0.3965
    27 -2.9740 -12.7441 -3.2508 -0.0683 0.5937 0.8018 0.7656 0.3770
    27 -3.0851 -12.9851 -3.0891 0.7968 -0.5889 0.1354 0.8105 0.3848
witch hand.bmp
    27 -2.9040 -12.7651 -3.3360 0.9642 -0.2088 0.1638 0.7676 0.3965
    27 -2.8983 -12.5408 -3.4500 0.9877 0.1317 -0.0847 0.7305 0.4004
    27 -2.9740 -12.7441 -3.2508 -0.0683 0.5937 0.8018 0.7656 0.3770
witch hand.bmp
    27 -2.9040 -12.7651 -3.3360 0.9642 -0.2088 0.1638 0.7676 0.3965
    27 -2.9520 -12.7970 -3.4450 0.6365 -0.5279 -0.5623 0.7676 0.4180
    27 -2.8983 -12.5408 -3.4500 0.9877 0.1317 -0.0847 0.7305 0.4004
witch hand.bmp
    27 -2.9040 -12.7651 -3.3360 0.9642 -0.2088 0.1638 0.7676 0.3965
    27 -3.1536 -13.0788 -3.1856 0.5647 -0.7597 -0.3224 0.8164 0.4199
    27 -2.9520 -12.7970 -3.4450 0.6365 -0.5279 -0.5623 0.7676 0.4180
witch hand.bmp
    27 -2.9040 -12.7651 -3.3360 0.9642 -0.2088 0.1638 0.7676 0.3965
    27 -3.0851 -12.9851 -3.0891 0.7968 -0.5889 0.1354 0.8105 0.3848
    27 -3.1536 -13.0788 -3.1856 0.5647 -0.7597 -0.3224 0.8164 0.4199
witch hand.bmp
    27 -2.9945 -12.3100 -3.5542 -0.0856 0.9744 -0.2079 0.5898 0.4160
    27 -3.0934 -12.5957 -3.5298 -0.9441 0.2518 -0.2127 0.5625 0.4336
    27 -2.9786 -12.5874 -3.4763 -0.6589 0.2646 0.7042 0.5625 0.4160
witch hand.bmp
    27 -2.9945 -12.3100 -3.5542 -0.0856 0.9744 -0.2079 0.5898 0.4160
    27 -2.9786 -12.5874 -3.4763 -0.6589 0.2646 0.7042 0.5625 0.4160
    27 -2.9196 -12.5545 -3.3761 0.1969 0.3843 0.9020 0.5645 0.3965
witch hand.bmp
    27 -2.9196 -12.5545 -3.3761 0.1969 0.3843 0.9020 0.5645 0.3965
    27 -2.9786 -12.5874 -3.4763 -0.6589 0.2646 0.7042 0.5625 0.4160
    27 -2.9870 -12.7611 -3.4052 -0.6928 0.4405 0.5709 0.5391 0.4160
witch hand.bmp
    27 -2.9196 -12.5545 -3.3761 0.1969 0.3843 0.9020 0.5645 0.3965
    27 -2.9870 -12.7611 -3.4052 -0.6928 0.4405 0.5709 0.5391 0.4160
    27 -2.9740 -12.7441 -3.2508 -0.0683 0.5937 0.8018 0.5371 0.3867
witch hand.bmp
    27 -2.9740 -12.7441 -3.2508 -0.0683 0.5937 0.8018 0.5371 0.3867
    27 -2.9870 -12.7611 -3.4052 -0.6928 0.4405 0.5709 0.5391 0.4160
    27 -3.0851 -12.9851 -3.0891 0.7968 -0.5889 0.1354 0.5059 0.3945
witch hand.bmp
    30 -1.9661 -12.5059 -3.0750 0.9683 -0.1918 0.1598 0.7676 0.3965
    30 -2.0414 -12.4802 -2.9428 -0.0279 0.4984 0.8665 0.7656 0.3770
    30 -2.1476 -12.8003 -2.7854 0.8006 -0.5989 -0.0205 0.8105 0.3848
witch hand.bmp
    30 -1.9661 -12.5059 -3.0750 0.9683 -0.1918 0.1598 0.7676 0.3965
    30 -1.9527 -12.2301 -3.1920 0.9776 0.1842 0.1024 0.7305 0.4004
    30 -2.0414 -12.4802 -2.9428 -0.0279 0.4984 0.8665 0.7656 0.3770
witch hand.bmp
    30 -1.9661 -12.5059 -3.0750 0.9683 -0.1918 0.1598 0.7676 0.3965
    30 -1.9939 -12.5509 -3.2100 0.7207 -0.5002 -0.4801 0.7676 0.4180
    30 -1.9527 -12.2301 -3.1920 0.9776 0.1842 0.1024 0.7305 0.4004
witch hand.bmp
    30 -1.9661 -12.5059 -3.0750 0.9683 -0.1918 0.1598 0.7676 0.3965
    30 -2.2285 -12.8786 -2.8760 0.6064 -0.7270 -0.3222 0.8164 0.4199
    30 -1.9939 -12.5509 -3.2100 0.7207 -0.5002 -0.4801 0.7676 0.4180
witch hand.bmp
    30 -1.9661 -12.5059 -3.0750 0.9683 -0.1918 0.1598 0.7676 0.3965
    30 -2.1476 -12.8003 -2.7854 0.8006 -0.5989 -0.0205 0.8105 0.3848
    30 -2.2285 -12.8786 -2.8760 0.6064 -0.7270 -0.3222 0.8164 0.4199
witch hand.bmp
    30 -2.0432 -11.9590 -3.3446 -0.0838 0.9758 -0.2022 0.5898 0.4160
    30 -2.1338 -12.3061 -3.3243 -0.9221 0.2018 -0.3301 0.5625 0.4336
    30 -1.9808 -12.2855 -3.2404 -0.8942 0.2286 0.3849 0.5625 0.4160
witch hand.bmp
    30 -2.0432 -11.9590 -3.3446 -0.0838 0.9758 -0.2022 0.5898 0.4160
    30 -1.9808 -12.2855 -3.2404 -0.8942 0.2286 0.3849 0.5625 0.4160
    30 -1.9923 -12.2310 -3.1183 -0.1089 0.6251 0.7729 0.5645 0.3965
witch hand.bmp
    30 -1.9923 -12.2310 -3.1183 -0.1089 0.6251 0.7729 0.5645 0.3965
    30 -1.9808 -12.2855 -3.2404 -0.8942 0.2286 0.3849 0.5625 0.4160
    30 -2.0662 -12.4982 -3.1600 -0.7630 0.4542 0.4599 0.5391 0.4160
witch hand.bmp
    30 -1.9923 -12.2310 -3.1183 -0.1089 0.6251 0.7729 0.5645 0.3965
    30 -2.0662 -12.4982 -3.1600 -0.7630 0.4542 0.4599 0.5391 0.4160
    30 -2.0414 -12.4802 -2.9428 -0.0279 0.4984 0.8665 0.5371 0.3867
witch hand.bmp
    30 -2.0414 -12.4802 -2.9428 -0.0279 0.4984 0.8665 0.5371 0.3867
    30 -2.0662 -12.4982 -3.1600 -0.7630 0.4542 0.4599 0.5391 0.4160
    30 -2.1476 -12.8003 -2.7854 0.8006 -0.5989 -0.0205 0.5059 0.3945
witch hand.bmp
    33 -1.3578 -12.8867 -2.4562 0.9481 0.0635 0.3117 0.7676 0.3965
    33 -1.4381 -12.8129 -2.3877 -0.1634 0.8751 0.4556 0.7656 0.3770
    33 -1.5677 -13.0320 -2.0834 0.8270 -0.4126 0.3819 0.8105 0.3848
witch hand.bmp
    33 -1.3578 -12.8867 -2.4562 0.9481 0.0635 0.3117 0.7676 0.3965
    33 -1.3346 -12.7215 -2.8052 0.9553 0.2822 0.0877 0.7305 0.4004
    33 -1.4381 -12.8129 -2.3877 -0.1634 0.8751 0.4556 0.7656 0.3770
witch hand.bmp
    33 -1.3578 -12.8867 -2.4562 0.9481 0.0635 0.3117 0.7676 0.3965
    33 -1.3984 -13.0278 -2.5590 0.7368 -0.6676 -0.1070 0.7676 0.4180
    33 -1.3346 -12.7215 -2.8052 0.9553 0.2822 0.0877 0.7305 0.4004
witch hand.bmp
    33 -1.3578 -12.8867 -2.4562 0.9481 0.0635 0.3117 0.7676 0.3965
    33 -1.6379 -13.1870 -2.1591 0.6318 -0.7728 0.0600 0.8164 0.4199
    33 -1.3984 -13.0278 -2.5590 0.7368 -0.6676 -0.1070 0.7676 0.4180
witch hand.bmp
    33 -1.3578 -12.8867 -2.4562 0.9481 0.0635 0.3117 0.7676 0.3965
    33 -1.5677 -13.0320 -2.0834 0.8270 -0.4126 0.3819 0.8105 0.3848
    33 -1.6379 -13.1870 -2.1591 0.6318 -0.7728 0.0600 0.8164 0.4199
witch hand.bmp
    36 -1.2235 -12.8324 -0.7097 0.6832 0.0154 0.7301 0.7676 0.3965
    36 -1.2165 -12.7407 -0.7732 0.3081 0.9394 -0.1504 0.7656 0.3770
    36 -1.4664 -12.6351 -0.5620 0.4816 0.0419 0.8754 0.8105 0.3848
witch hand.bmp
    36 -1.2235 -12.8324 -0.7097 0.6832 0.0154 0.7301 0.7676 0.3965
    36 -1.0040 -12.9317 -0.9703 0.8907 -0.0112 0.4544 0.7305 0.4004
    36 -1.2165 -12.7407 -0.7732 0.3081 0.9394 -0.1504 0.7656 0.3770
witch hand.bmp
    36 -1.2235 -12.8324 -0.7097 0.6832 0.0154 0.7301 0.7676 0.3965
    36 -1.2831 -12.9226 -0.7047 0.3300 -0.6218 0.7103 0.7676 0.4180
    36 -1.0040 -12.9317 -0.9703 0.8907 -0.0112 0.4544 0.7305 0.4004
witch hand.bmp
    36 -1.2235 -12.8324 -0.7097 0.6832 0.0154 0.7301 0.7676 0.3965
    36 -1.5834 -12.7742 -0.5239 0.0828 -0.6181 0.7817 0.8164 0.4199
    36 -1.2831 -12.9226 -0.7047 0.3300 -0.6218 0.7103 0.7676 0.4180
witch hand.bmp
    36 -1.2235 -12.8324 -0.7097 0.6832 0.0154 0.7301 0.7676 0.3965
    36 -1.4664 -12.6351 -0.5620 0.4816 0.0419 0.8754 0.8105 0.3848
    36 -1.5834 -12.7742 -0.5239 0.0828 -0.6181 0.7817 0.8164 0.4199
witch hand.bmp
    39 -0.6001 -11.1486 -1.9156 0.3680 0.3326 -0.8683 0.7676 0.3965
    39 -0.7177 -11.2318 -1.9527 -0.6628 -0.4382 -0.6072 0.7656 0.3770
    39 -0.9344 -10.8735 -1.8607 0.1702 0.4750 -0.8634 0.8105 0.3848
witch hand.bmp
    39 -0.6001 -11.1486 -1.9156 0.3680 0.3326 -0.8683 0.7676 0.3965
    39 -0.4111 -11.4894 -1.8913 0.4454 0.0428 -0.8943 0.7305 0.4004
    39 -0.7177 -11.2318 -1.9527 -0.6628 -0.4382 -0.6072 0.7656 0.3770
witch hand.bmp
    39 -0.6001 -11.1486 -1.9156 0.3680 0.3326 -0.8683 0.7676 0.3965
    39 -0.5199 -11.0885 -1.8110 0.7295 0.5437 -0.4149 0.7676 0.4180
    39 -0.4111 -11.4894 -1.8913 0.4454 0.0428 -0.8943 0.7305 0.4004
witch hand.bmp
    39 -0.6001 -11.1486 -1.9156 0.3680 0.3326 -0.8683 0.7676 0.3965
    39 -0.7816 -10.7889 -1.7312 0.6022 0.6714 -0.4319 0.8164 0.4199
    39 -0.5199 -11.0885 -1.8110 0.7295 0.5437 -0.4149 0.7676 0.4180
witch hand.bmp
    39 -0.6001 -11.1486 -1.9156 0.3680 0.3326 -0.8683 0.7676 0.3965
    39 -0.9344 -10.8735 -1.8607 0.1702 0.4750 -0.8634 0.8105 0.3848
    39 -0.7816 -10.7889 -1.7312 0.6022 0.6714 -0.4319 0.8164 0.4199
witch hand.bmp
    39 -0.2547 -11.8883 -1.7628 0.2971 -0.9520 0.0743 0.5898 0.4160
    39 -0.3798 -11.4669 -1.6387 -0.0537 -0.2881 0.9561 0.5625 0.4336
    39 -0.4087 -11.4657 -1.8169 -0.7965 -0.4040 0.4499 0.5625 0.4160
witch hand.bmp
    39 -0.2547 -11.8883 -1.7628 0.2971 -0.9520 0.0743 0.5898 0.4160
    39 -0.4087 -11.4657 -1.8169 -0.7965 -0.4040 0.4499 0.5625 0.4160
    39 -0.4803 -11.5231 -1.9174 -0.5770 -0.5909 -0.5638 0.5645 0.3965
witch hand.bmp
    39 -0.4803 -11.5231 -1.9174 -0.5770 -0.5909 -0.5638 0.5645 0.3965
    39 -0.4087 -11.4657 -1.8169 -0.7965 -0.4040 0.4499 0.5625 0.4160
    39 -0.5754 -11.2420 -1.7873 -0.6945 -0.5340 0.4822 0.5391 0.4160
witch hand.bmp
    39 -0.4803 -11.5231 -1.9174 -0.5770 -0.5909 -0.5638 0.5645 0.3965
    39 -0.5754 -11.2420 -1.7873 -0.6945 -0.5340 0.4822 0.5391 0.4160
    39 -0.7177 -11.2318 -1.9527 -0.6628 -0.4382 -0.6072 0.5371 0.3867
witch hand.bmp
    39 -0.7177 -11.2318 -1.9527 -0.6628 -0.4382 -0.6072 0.5371 0.3867
    39 -0.5754 -11.2420 -1.7873 -0.6945 -0.5340 0.4822 0.5391 0.4160
    39 -0.9344 -10.8735 -1.8607 0.1702 0.4750 -0.8634 0.5059 0.3945
witch hand.bmp
    33 -1.4240 -12.5247 -3.0985 -0.0654 0.6550 -0.7528 0.5898 0.4160
    33 -1.5391 -12.8226 -2.8747 -0.8473 -0.1429 -0.5116 0.5625 0.4336
    33 -1.4428 -12.7383 -2.7957 -0.8199 0.5001 0.2788 0.5625 0.4160
witch hand.bmp
    33 -1.4240 -12.5247 -3.0985 -0.0654 0.6550 -0.7528 0.5898 0.4160
    33 -1.4428 -12.7383 -2.7957 -0.8199 0.5001 0.2788 0.5625 0.4160
    33 -1.4015 -12.6626 -2.7370 -0.0822 0.9004 0.4272 0.5645 0.3965
witch hand.bmp
    33 -1.4015 -12.6626 -2.7370 -0.0822 0.9004 0.4272 0.5645 0.3965
    33 -1.4428 -12.7383 -2.7957 -0.8199 0.5001 0.2788 0.5625 0.4160
    33 -1.4743 -12.9345 -2.5646 -0.7898 0.5663 0.2357 0.5391 0.4160
witch hand.bmp
    33 -1.4015 -12.6626 -2.7370 -0.0822 0.9004 0.4272 0.5645 0.3965
    33 -1.4743 -12.9345 -2.5646 -0.7898 0.5663 0.2357 0.5391 0.4160
    33 -1.4381 -12.8129 -2.3877 -0.1634 0.8751 0.4556 0.5371 0.3867
witch hand.bmp
    33 -1.4381 -12.8129 -2.3877 -0.1634 0.8751 0.4556 0.5371 0.3867
    33 -1.4743 -12.9345 -2.5646 -0.7898 0.5663 0.2357 0.5391 0.4160
    33 -1.5677 -13.0320 -2.0834 0.8270 -0.4126 0.3819 0.5059 0.3945
witch hand.bmp
    36 -0.9096 -12.9914 -1.3292 0.4593 -0.0799 -0.8847 0.5898 0.4160
    36 -1.1658 -13.0118 -1.1037 -0.5989 -0.3574 -0.7167 0.5625 0.4336
    36 -1.0896 -12.9309 -1.0573 -0.4350 0.7293 -0.5281 0.5625 0.4160
witch hand.bmp
    36 -0.9096 -12.9914 -1.3292 0.4593 -0.0799 -0.8847 0.5898 0.4160
    36 -1.0896 -12.9309 -1.0573 -0.4350 0.7293 -0.5281 0.5625 0.4160
    36 -1.0196 -12.8573 -1.0141 0.4480 0.8814 -0.1501 0.5645 0.3965
witch hand.bmp
    36 -1.0196 -12.8573 -1.0141 0.4480 0.8814 -0.1501 0.5645 0.3965
    36 -1.0896 -12.9309 -1.0573 -0.4350 0.7293 -0.5281 0.5625 0.4160
    36 -1.2500 -12.8705 -0.8540 -0.3649 0.7047 -0.6084 0.5391 0.4160
witch hand.bmp
    36 -1.0196 -12.8573 -1.0141 0.4480 0.8814 -0.1501 0.5645 0.3965
    36 -1.2500 -12.8705 -0.8540 -0.3649 0.7047 -0.6084 0.5391 0.4160
    36 -1.2165 -12.7407 -0.7732 0.3081 0.9394 -0.1504 0.5371 0.3867
witch hand.bmp
    36 -1.2165 -12.7407 -0.7732 0.3081 0.9394 -0.1504 0.5371 0.3867
    36 -1.2500 -12.8705 -0.8540 -0.3649 0.7047 -0.6084 0.5391 0.4160
    36 -1.4664 -12.6351 -0.5620 0.4816 0.0419 0.8754 0.5059 0.3945
witch hand.bmp
    43 2.6233 -11.2409 -4.9879 0.9055 0.3736 0.2013 0.7207 0.8320
    43 2.4329 -10.9721 -5.0327 0.4823 0.8752 0.0368 0.6895 0.8301
    43 2.4329 -11.0213 -4.9123 0.3789 0.5720 0.7275 0.6992 0.8516
witch hand.bmp
    43 2.6233 -11.2409 -4.9879 0.9055 0.3736 0.2013 0.7207 0.8320
    43 2.4329 -11.0213 -4.9123 0.3789 0.5720 0.7275 0.6992 0.8516
    43 2.6420 -11.5922 -4.8962 0.7772 -0.1605 0.6084 0.8242 0.8496
witch hand.bmp
    43 2.6420 -11.5922 -4.8962 0.7772 -0.1605 0.6084 0.8242 0.8496
    43 2.4329 -11.0213 -4.9123 0.3789 0.5720 0.7275 0.6992 0.8516
    43 2.4806 -11.7338 -4.8384 -0.1534 -0.0122 0.9881 0.8340 0.8730
witch hand.bmp
    43 2.6420 -11.5922 -4.8962 0.7772 -0.1605 0.6084 0.8242 0.8496
    43 2.4806 -11.7338 -4.8384 -0.1534 -0.0122 0.9881 0.8340 0.8730
    42 2.6284 -11.6184 -4.8871 0.5766 0.1467 0.8038 0.8477 0.8516
witch hand.bmp
    42 2.6284 -11.6184 -4.8871 0.5766 0.1467 0.8038 0.8477 0.8516
    43 2.4806 -11.7338 -4.8384 -0.1534 -0.0122 0.9881 0.8340 0.8730
    42 3.1502 -12.1950 -4.7364 0.2028 0.1008 0.9740 0.9336 0.8691
witch hand.bmp
    49 0.9991 -11.9276 -3.4646 -0.7867 0.5788 -0.2146 0.6719 0.8301
    49 1.0343 -11.8980 -3.3363 -0.5968 0.7331 0.3261 0.6797 0.8535
    49 1.2216 -11.8367 -3.5037 -0.1087 0.9144 -0.3900 0.6895 0.8301
witch hand.bmp
    49 0.9991 -11.9276 -3.4646 -0.7867 0.5788 -0.2146 0.6719 0.8301
    49 1.2216 -11.8367 -3.5037 -0.1087 0.9144 -0.3900 0.6895 0.8301
    49 1.0406 -11.9884 -3.5694 -0.5904 0.3425 -0.7308 0.6758 0.8066
witch hand.bmp
    49 1.0406 -11.9884 -3.5694 -0.5904 0.3425 -0.7308 0.6758 0.8066
    49 1.2216 -11.8367 -3.5037 -0.1087 0.9144 -0.3900 0.6895 0.8301
    49 1.2696 -11.9095 -3.5818 0.1198 0.4530 -0.8834 0.6992 0.8145
witch hand.bmp
    49 1.0406 -11.9884 -3.5694 -0.5904 0.3425 -0.7308 0.6758 0.8066
    49 1.2696 -11.9095 -3.5818 0.1198 0.4530 -0.8834 0.6992 0.8145
    49 1.1161 -12.0766 -3.6086 -0.2131 -0.1924 -0.9579 0.6953 0.7930
witch hand.bmp
    49 1.1161 -12.0766 -3.6086 -0.2131 -0.1924 -0.9579 0.6953 0.7930
    49 1.2696 -11.9095 -3.5818 0.1198 0.4530 -0.8834 0.6992 0.8145
    49 1.7425 -12.5954 -3.4584 -0.0175 -0.3636 -0.9314 0.8301 0.7852
witch hand.bmp
    51 3.1085 -11.8415 -2.6499 0.7260 0.3379 -0.5989 0.9395 0.8125
    50 3.2183 -12.1985 -2.6380 -0.1449 -0.6550 -0.7416 0.9453 0.7832
    51 3.1318 -12.1828 -2.6421 -0.0355 -0.5092 -0.8599 0.9336 0.7852
witch hand.bmp
    51 3.1085 -11.8415 -2.6499 0.7260 0.3379 -0.5989 0.9395 0.8125
    51 3.1318 -12.1828 -2.6421 -0.0355 -0.5092 -0.8599 0.9336 0.7852
    51 2.2785 -11.8703 -2.6497 0.9490 -0.3080 0.0674 0.8398 0.8125
witch hand.bmp
    51 2.2785 -11.8703 -2.6497 0.9490 -0.3080 0.0674 0.8398 0.8125
    51 3.1318 -12.1828 -2.6421 -0.0355 -0.5092 -0.8599 0.9336 0.7852
    52 2.2189 -12.1242 -2.6517 -0.0151 -0.5543 -0.8322 0.8301 0.7852
witch hand.bmp
    51 2.2785 -11.8703 -2.6497 0.9490 -0.3080 0.0674 0.8398 0.8125
    52 2.2189 -12.1242 -2.6517 -0.0151 -0.5543 -0.8322 0.8301 0.7852
    52 2.3455 -11.8707 -2.6656 0.9320 -0.2636 -0.2488 0.8164 0.8145
witch hand.bmp
    52 2.3455 -11.8707 -2.6656 0.9320 -0.2636 -0.2488 0.8164 0.8145
    52 2.2189 -12.1242 -2.6517 -0.0151 -0.5543 -0.8322 0.8301 0.7852
    52 1.8103 -11.5776 -2.8908 0.1200 0.2647 -0.9568 0.6992 0.8145
witch hand.bmp
    45 3.0943 -12.4697 -4.2007 -0.9784 0.1800 -0.1013 0.9395 0.8125
    44 3.1285 -12.6819 -4.2950 -0.0832 -0.1375 -0.9870 0.9453 0.7832
    45 2.9812 -12.6992 -4.2980 0.0242 -0.1565 -0.9874 0.9336 0.7852
witch hand.bmp
    45 3.0943 -12.4697 -4.2007 -0.9784 0.1800 -0.1013 0.9395 0.8125
    45 2.9812 -12.6992 -4.2980 0.0242 -0.1565 -0.9874 0.9336 0.7852
    45 2.1215 -12.0519 -4.2696 0.5159 0.5795 -0.6308 0.8398 0.8125
witch hand.bmp
    45 2.1215 -12.0519 -4.2696 0.5159 0.5795 -0.6308 0.8398 0.8125
    45 2.9812 -12.6992 -4.2980 0.0242 -0.1565 -0.9874 0.9336 0.7852
    46 1.9396 -12.2138 -4.3518 -0.0204 -0.1026 -0.9945 0.8301 0.7852
witch hand.bmp
    45 2.1215 -12.0519 -4.2696 0.5159 0.5795 -0.6308 0.8398 0.8125
    46 1.9396 -12.2138 -4.3518 -0.0204 -0.1026 -0.9945 0.8301 0.7852
    46 2.0983 -12.0301 -4.2754 0.6884 0.3401 -0.6407 0.8164 0.8145
witch hand.bmp
    46 2.0983 -12.0301 -4.2754 0.6884 0.3401 -0.6407 0.8164 0.8145
    46 1.9396 -12.2138 -4.3518 -0.0204 -0.1026 -0.9945 0.8301 0.7852
    46 1.6563 -11.3808 -4.3528 0.3481 0.6213 -0.7021 0.6992 0.8145
witch hand.bmp
    55 1.9826 -10.2023 -2.7798 -0.0907 -0.4870 -0.8687 0.0703 0.0703
    55 2.1033 -9.9906 -2.7977 0.0029 0.3364 -0.9417 0.0820 0.0879
    55 2.5189 -10.2132 -2.7549 0.3989 -0.3614 -0.8428 0.0547 0.1426
witch hand.bmp
    55 1.9826 -10.2023 -2.7798 -0.0907 -0.4870 -0.8687 0.0703 0.0703
    55 1.5098 -10.0260 -2.7768 -0.4835 -0.0796 -0.8717 0.0957 0.0371
    55 2.1033 -9.9906 -2.7977 0.0029 0.3364 -0.9417 0.0820 0.0879
witch hand.bmp
    55 1.9826 -10.2023 -2.7798 -0.0907 -0.4870 -0.8687 0.0703 0.0703
    55 1.9161 -10.3166 -2.6179 -0.2347 -0.9285 -0.2879 0.0430 0.0684
    55 1.5098 -10.0260 -2.7768 -0.4835 -0.0796 -0.8717 0.0957 0.0371
witch hand.bmp
    55 1.9826 -10.2023 -2.7798 -0.0907 -0.4870 -0.8687 0.0703 0.0703
    55 2.4704 -10.3961 -2.5853 0.0093 -0.9237 -0.3831 0.0234 0.1328
    55 1.9161 -10.3166 -2.6179 -0.2347 -0.9285 -0.2879 0.0430 0.0684
witch hand.bmp
    55 1.9826 -10.2023 -2.7798 -0.0907 -0.4870 -0.8687 0.0703 0.0703
    55 2.5189 -10.2132 -2.7549 0.3989 -0.3614 -0.8428 0.0547 0.1426
    55 2.4704 -10.3961 -2.5853 0.0093 -0.9237 -0.3831 0.0234 0.1328
witch hand.bmp
    55 2.4941 -9.9041 -2.1247 0.2269 0.5262 0.8195 0.3652 0.1680
    55 2.4997 -10.1715 -2.0820 0.2055 -0.0751 0.9758 0.3379 0.1719
    54 3.1151 -9.9737 -2.2486 0.1221 0.4606 0.8791 0.3730 0.1230
witch hand.bmp
    55 2.4941 -9.9041 -2.1247 0.2269 0.5262 0.8195 0.3652 0.1680
    54 3.1151 -9.9737 -2.2486 0.1221 0.4606 0.8791 0.3730 0.1230
    55 2.5013 -9.7784 -2.3054 0.1447 0.9193 0.3659 0.3809 0.1777
witch hand.bmp
    55 2.5013 -9.7784 -2.3054 0.1447 0.9193 0.3659 0.3809 0.1777
    54 3.1151 -9.9737 -2.2486 0.1221 0.4606 0.8791 0.3730 0.1230
    54 3.0528 -9.8092 -2.4110 -0.0115 0.8778 0.4789 0.3984 0.1250
witch hand.bmp
    55 2.5013 -9.7784 -2.3054 0.1447 0.9193 0.3659 0.3809 0.1777
    54 3.0528 -9.8092 -2.4110 -0.0115 0.8778 0.4789 0.3984 0.1250
    54 2.9407 -9.7976 -2.6421 -0.0823 0.9320 -0.3531 0.4219 0.1250
witch hand.bmp
    54 2.9407 -9.7976 -2.6421 -0.0823 0.9320 -0.3531 0.4219 0.1250
    54 3.0528 -9.8092 -2.4110 -0.0115 0.8778 0.4789 0.3984 0.1250
    53 3.5270 -9.5902 -2.6785 -0.2817 0.9377 0.2036 0.4453 0.0859
witch hand.bmp
    44 4.2656 -12.5560 -3.9775 0.4274 -0.8666 0.2577 0.6699 0.2500
    44 3.1994 -12.9062 -4.0103 0.1281 -0.9880 0.0859 0.5645 0.2676
    44 3.1751 -12.8814 -4.1779 0.0812 -0.8637 -0.4974 0.5664 0.2832
witch hand.bmp
    44 4.2656 -12.5560 -3.9775 0.4274 -0.8666 0.2577 0.6699 0.2500
    44 3.1751 -12.8814 -4.1779 0.0812 -0.8637 -0.4974 0.5664 0.2832
    44 4.3425 -12.5235 -4.2541 0.3843 -0.9157 -0.1178 0.6816 0.2734
witch hand.bmp
    44 4.3425 -12.5235 -4.2541 0.3843 -0.9157 -0.1178 0.6816 0.2734
    44 3.1751 -12.8814 -4.1779 0.0812 -0.8637 -0.4974 0.5664 0.2832
    44 4.2586 -12.4022 -4.4812 -0.7406 -0.6700 0.0515 0.6797 0.2871
witch hand.bmp
    44 4.3425 -12.5235 -4.2541 0.3843 -0.9157 -0.1178 0.6816 0.2734
    44 4.2586 -12.4022 -4.4812 -0.7406 -0.6700 0.0515 0.6797 0.2871
    41 4.2456 -12.5355 -4.6066 0.0551 -0.9890 0.1374 0.6895 0.2988
witch hand.bmp
    41 4.2456 -12.5355 -4.6066 0.0551 -0.9890 0.1374 0.6895 0.2988
    44 4.2586 -12.4022 -4.4812 -0.7406 -0.6700 0.0515 0.6797 0.2871
    41 3.1959 -12.4728 -4.8483 -0.4026 -0.8012 0.4427 0.5977 0.3359
witch hand.bmp
    44 4.2890 -11.2477 -2.4841 -0.9154 -0.0996 -0.3901 0.6855 0.0352
    50 3.1179 -11.7388 -2.3678 -0.4663 0.0578 -0.8828 0.6055 0.0176
    50 4.0748 -11.3595 -2.4353 -0.1156 0.4300 0.8954 0.6953 0.0625
witch hand.bmp
    44 4.2890 -11.2477 -2.4841 -0.9154 -0.0996 -0.3901 0.6855 0.0352
    50 4.0748 -11.3595 -2.4353 -0.1156 0.4300 0.8954 0.6953 0.0625
    1 4.0655 -11.1218 -2.5396 -0.7478 -0.2301 0.6228 0.7168 0.0371
witch hand.bmp
    1 4.0655 -11.1218 -2.5396 -0.7478 -0.2301 0.6228 0.7168 0.0371
    50 4.0748 -11.3595 -2.4353 -0.1156 0.4300 0.8954 0.6953 0.0625
    1 4.4003 -11.1483 -2.4255 0.1006 0.0545 0.9934 0.7363 0.0605
witch hand.bmp
    1 4.0655 -11.1218 -2.5396 -0.7478 -0.2301 0.6228 0.7168 0.0371
    1 4.4003 -11.1483 -2.4255 0.1006 0.0545 0.9934 0.7363 0.0605
    1 3.9745 -10.6005 -2.6151 -0.4562 -0.7952 -0.3995 0.7422 0.0215
witch hand.bmp
    1 3.9745 -10.6005 -2.6151 -0.4562 -0.7952 -0.3995 0.7422 0.0215
    1 4.4003 -11.1483 -2.4255 0.1006 0.0545 0.9934 0.7363 0.0605
    1 4.2720 -10.6941 -2.4985 -0.1214 -0.2274 0.9662 0.7617 0.0352
witch hand.bmp
    47 2.9489 -12.4668 -3.0684 0.4435 0.8957 0.0339 0.5625 0.6934
    47 3.0442 -12.6114 -2.8562 -0.1100 0.1558 0.9816 0.5566 0.7129
    47 3.7223 -11.7632 -3.2585 -0.6393 0.7243 0.2583 0.6484 0.6816
witch hand.bmp
    47 2.9489 -12.4668 -3.0684 0.4435 0.8957 0.0339 0.5625 0.6934
    47 3.7223 -11.7632 -3.2585 -0.6393 0.7243 0.2583 0.6484 0.6816
    47 2.9583 -12.5492 -3.3158 0.1408 0.5483 -0.8244 0.5566 0.6621
witch hand.bmp
    47 2.9583 -12.5492 -3.3158 0.1408 0.5483 -0.8244 0.5566 0.6621
    47 3.7223 -11.7632 -3.2585 -0.6393 0.7243 0.2583 0.6484 0.6816
    47 3.7312 -11.8958 -3.6258 -0.6174 0.4098 -0.6715 0.6426 0.6445
witch hand.bmp
    47 2.9583 -12.5492 -3.3158 0.1408 0.5483 -0.8244 0.5566 0.6621
    47 3.7312 -11.8958 -3.6258 -0.6174 0.4098 -0.6715 0.6426 0.6445
    47 3.0701 -12.8284 -3.3617 -0.0605 -0.4710 -0.8800 0.5430 0.6387
witch hand.bmp
    47 3.0701 -12.8284 -3.3617 -0.0605 -0.4710 -0.8800 0.5430 0.6387
    47 3.7312 -11.8958 -3.6258 -0.6174 0.4098 -0.6715 0.6426 0.6445
    47 4.3494 -12.2773 -3.6524 -0.4292 -0.8757 0.2212 0.6328 0.6152
witch hand.bmp
    40 4.5010 -9.6310 -5.2750 -0.7725 0.3042 -0.5575 0.9355 0.5352
    1 4.3610 -10.0200 -5.2952 -0.7382 0.2221 -0.6369 0.9062 0.5234
    1 4.2469 -9.7014 -4.6912 -0.9152 0.3571 -0.1867 0.9199 0.5996
witch hand.bmp
    40 4.5010 -9.6310 -5.2750 -0.7725 0.3042 -0.5575 0.9355 0.5352
    1 4.2469 -9.7014 -4.6912 -0.9152 0.3571 -0.1867 0.9199 0.5996
    40 4.4978 -9.3301 -4.7085 -0.8668 0.4495 -0.2159 0.9531 0.6094
witch hand.bmp
    40 4.4978 -9.3301 -4.7085 -0.8668 0.4495 -0.2159 0.9531 0.6094
    1 4.2469 -9.7014 -4.6912 -0.9152 0.3571 -0.1867 0.9199 0.5996
    1 4.2681 -9.4860 -4.2399 -0.8729 0.4781 -0.0979 0.9277 0.6465
witch hand.bmp
    40 4.4978 -9.3301 -4.7085 -0.8668 0.4495 -0.2159 0.9531 0.6094
    1 4.2681 -9.4860 -4.2399 -0.8729 0.4781 -0.0979 0.9277 0.6465
    40 4.5027 -9.1602 -4.3703 -0.8063 0.5912 -0.0187 0.9609 0.6426
witch hand.bmp
    40 4.5027 -9.1602 -4.3703 -0.8063 0.5912 -0.0187 0.9609 0.6426
    1 4.2681 -9.4860 -4.2399 -0.8729 0.4781 -0.0979 0.9277 0.6465
    40 4.6298 -9.0679 -4.0891 -0.6053 0.7682 0.2084 0.9688 0.6777
witch hand.bmp
    40 5.1196 -9.1245 -3.7933 0.2835 0.6291 0.7238 0.9629 0.1113
    40 4.8679 -9.0462 -3.8599 -0.1720 0.8226 0.5420 0.9707 0.0996
    40 4.9157 -9.3804 -3.4962 0.3854 0.6790 0.6249 0.9336 0.0918
witch hand.bmp
    40 5.1196 -9.1245 -3.7933 0.2835 0.6291 0.7238 0.9629 0.1113
    40 4.9157 -9.3804 -3.4962 0.3854 0.6790 0.6249 0.9336 0.0918
    40 5.4976 -9.3551 -3.9041 0.7475 0.2495 0.6157 0.9531 0.1348
witch hand.bmp
    40 5.4976 -9.3551 -3.9041 0.7475 0.2495 0.6157 0.9531 0.1348
    40 4.9157 -9.3804 -3.4962 0.3854 0.6790 0.6249 0.9336 0.0918
    1 5.3906 -9.8602 -3.6219 0.8555 0.1635 0.4914 0.9023 0.1348
witch hand.bmp
    40 5.4976 -9.3551 -3.9041 0.7475 0.2495 0.6157 0.9531 0.1348
    1 5.3906 -9.8602 -3.6219 0.8555 0.1635 0.4914 0.9023 0.1348
    1 5.6058 -10.1324 -4.1913 0.9703 -0.1316 0.2028 0.9023 0.2031
witch hand.bmp
    1 5.6058 -10.1324 -4.1913 0.9703 -0.1316 0.2028 0.9023 0.2031
    1 5.3906 -9.8602 -3.6219 0.8555 0.1635 0.4914 0.9023 0.1348
    1 5.1939 -10.6976 -3.1655 0.8996 -0.0917 0.4271 0.8105 0.1289
witch hand.bmp
    0 5.1271 -4.3191 -7.1865 -0.9378 -0.0378 -0.3452 0.0781 0.7988
    0 5.5244 -1.6414 -8.1759 -0.9181 0.0007 -0.3964 0.0781 0.9805
    0 5.7263 -4.7049 -7.7474 -0.4132 -0.2994 -0.8600 0.0098 0.8008
witch hand.bmp
    0 5.1271 -4.3191 -7.1865 -0.9378 -0.0378 -0.3452 0.0781 0.7988
    0 5.7263 -4.7049 -7.7474 -0.4132 -0.2994 -0.8600 0.0098 0.8008
    0 5.0846 -5.7249 -6.7318 -0.8999 -0.0926 -0.4262 0.0820 0.6680
witch hand.bmp
    0 5.0846 -5.7249 -6.7318 -0.8999 -0.0926 -0.4262 0.0820 0.6680
    0 5.7263 -4.7049 -7.7474 -0.4132 -0.2994 -0.8600 0.0098 0.8008
    0 5.6052 -6.0261 -7.1695 -0.3734 -0.3470 -0.8603 0.0176 0.6719
witch hand.bmp
    0 5.0846 -5.7249 -6.7318 -0.8999 -0.0926 -0.4262 0.0820 0.6680
    0 5.6052 -6.0261 -7.1695 -0.3734 -0.3470 -0.8603 0.0176 0.6719
    0 5.0201 -7.7830 -6.0886 -0.6114 -0.2415 -0.7535 0.0742 0.4648
witch hand.bmp
    0 5.0201 -7.7830 -6.0886 -0.6114 -0.2415 -0.7535 0.0742 0.4648
    0 5.6052 -6.0261 -7.1695 -0.3734 -0.3470 -0.8603 0.0176 0.6719
    0 5.3524 -7.9164 -6.2421 -0.1385 -0.4072 -0.9028 0.0312 0.4707
witch hand.bmp
    0 4.8777 -7.5893 -5.6597 -0.9734 0.0441 -0.2249 0.1289 0.4609
    0 4.6971 -9.1922 -5.3306 -0.8903 0.1545 -0.4283 0.1211 0.2812
    0 4.8153 -7.5377 -5.5295 -0.9923 0.0980 -0.0763 0.1406 0.4609
witch hand.bmp
    0 4.8777 -7.5893 -5.6597 -0.9734 0.0441 -0.2249 0.1289 0.4609
    0 4.8153 -7.5377 -5.5295 -0.9923 0.0980 -0.0763 0.1406 0.4609
    0 5.0383 -5.5466 -6.2401 -0.9949 0.0984 0.0219 0.1270 0.6680
witch hand.bmp
    0 5.0383 -5.5466 -6.2401 -0.9949 0.0984 0.0219 0.1270 0.6680
    0 4.8153 -7.5377 -5.5295 -0.9923 0.0980 -0.0763 0.1406 0.4609
    0 5.0897 -5.4803 -5.9890 -0.9600 0.1742 0.2191 0.1484 0.6660
witch hand.bmp
    0 5.0383 -5.5466 -6.2401 -0.9949 0.0984 0.0219 0.1270 0.6680
    0 5.0897 -5.4803 -5.9890 -0.9600 0.1742 0.2191 0.1484 0.6660
    0 5.2249 -4.1009 -6.4103 -0.9314 0.1868 0.3125 0.1426 0.7988
witch hand.bmp
    0 5.2249 -4.1009 -6.4103 -0.9314 0.1868 0.3125 0.1426 0.7988
    0 5.0897 -5.4803 -5.9890 -0.9600 0.1742 0.2191 0.1484 0.6660
    0 5.3520 -4.0633 -6.1400 -0.8425 0.2591 0.4723 0.1621 0.7930
witch hand.bmp
    0 6.0008 -7.5694 -4.7001 0.6603 0.0764 0.7471 0.2949 0.4414
    0 6.2528 -7.7385 -5.1806 0.9498 -0.2135 0.2287 0.3496 0.4473
    0 6.6173 -5.6666 -5.2792 0.6946 0.0069 0.7194 0.3027 0.6582
witch hand.bmp
    0 6.0008 -7.5694 -4.7001 0.6603 0.0764 0.7471 0.2949 0.4414
    0 6.6173 -5.6666 -5.2792 0.6946 0.0069 0.7194 0.3027 0.6582
    0 6.0834 -5.5037 -5.0634 0.0527 0.2497 0.9669 0.2559 0.6543
witch hand.bmp
    0 6.0834 -5.5037 -5.0634 0.0527 0.2497 0.9669 0.2559 0.6543
    0 6.6173 -5.6666 -5.2792 0.6946 0.0069 0.7194 0.3027 0.6582
    0 6.4057 -4.1678 -5.4217 0.0975 0.2762 0.9562 0.2637 0.7852
witch hand.bmp
    0 6.0834 -5.5037 -5.0634 0.0527 0.2497 0.9669 0.2559 0.6543
    0 6.4057 -4.1678 -5.4217 0.0975 0.2762 0.9562 0.2637 0.7852
    0 5.5019 -5.3997 -5.3019 -0.5574 0.3360 0.7592 0.2051 0.6562
witch hand.bmp
    0 5.5019 -5.3997 -5.3019 -0.5574 0.3360 0.7592 0.2051 0.6562
    0 6.4057 -4.1678 -5.4217 0.0975 0.2762 0.9562 0.2637 0.7852
    0 5.6559 -4.0088 -5.7126 -0.5574 0.3360 0.7592 0.2031 0.7891
witch hand.bmp
    43 2.1806 -11.0419 -5.1625 -0.5500 -0.0397 -0.8343 0.7676 0.4355
    43 2.2440 -11.4153 -5.0674 -0.9213 -0.3318 -0.2029 0.8164 0.4199
    43 2.1154 -11.0021 -5.0773 -0.9596 -0.0019 -0.2813 0.7676 0.4180
witch hand.bmp
    43 2.1806 -11.0419 -5.1625 -0.5500 -0.0397 -0.8343 0.7676 0.4355
    43 2.3126 -11.3532 -5.1824 -0.6520 -0.3048 -0.6942 0.8086 0.4551
    43 2.2440 -11.4153 -5.0674 -0.9213 -0.3318 -0.2029 0.8164 0.4199
witch hand.bmp
    43 2.1806 -11.0419 -5.1625 -0.5500 -0.0397 -0.8343 0.7676 0.4355
    43 2.2938 -11.0921 -5.1839 0.8396 0.0213 -0.5428 0.7676 0.4551
    43 2.3126 -11.3532 -5.1824 -0.6520 -0.3048 -0.6942 0.8086 0.4551
witch hand.bmp
    43 2.1806 -11.0419 -5.1625 -0.5500 -0.0397 -0.8343 0.7676 0.4355
    43 2.2130 -10.7912 -5.1399 -0.4128 0.3410 -0.8446 0.7305 0.4277
    43 2.2938 -11.0921 -5.1839 0.8396 0.0213 -0.5428 0.7676 0.4551
witch hand.bmp
    43 2.1806 -11.0419 -5.1625 -0.5500 -0.0397 -0.8343 0.7676 0.4355
    43 2.1154 -11.0021 -5.0773 -0.9596 -0.0019 -0.2813 0.7676 0.4180
    43 2.2130 -10.7912 -5.1399 -0.4128 0.3410 -0.8446 0.7305 0.4277
witch hand.bmp
    43 2.2214 -10.8188 -5.0490 0.9085 -0.2932 0.2977 0.5625 0.4160
    43 2.2924 -10.8274 -5.1539 0.8101 0.0826 -0.5805 0.5625 0.4336
    43 2.3311 -10.5435 -5.0305 0.4393 0.8925 0.1020 0.5898 0.4160
witch hand.bmp
    43 2.2214 -10.8188 -5.0490 0.9085 -0.2932 0.2977 0.5625 0.4160
    43 2.2938 -11.0921 -5.1839 0.8396 0.0213 -0.5428 0.5371 0.4414
    43 2.2924 -10.8274 -5.1539 0.8101 0.0826 -0.5805 0.5625 0.4336
witch hand.bmp
    43 2.2214 -10.8188 -5.0490 0.9085 -0.2932 0.2977 0.5625 0.4160
    43 2.1745 -11.0007 -5.0527 0.9689 -0.0889 0.2308 0.5391 0.4160
    43 2.2938 -11.0921 -5.1839 0.8396 0.0213 -0.5428 0.5371 0.4414
witch hand.bmp
    43 2.2214 -10.8188 -5.0490 0.9085 -0.2932 0.2977 0.5625 0.4160
    43 2.2219 -10.8170 -4.9286 0.3343 -0.0813 0.9390 0.5645 0.3965
    43 2.1745 -11.0007 -5.0527 0.9689 -0.0889 0.2308 0.5391 0.4160
witch hand.bmp
    43 2.2214 -10.8188 -5.0490 0.9085 -0.2932 0.2977 0.5625 0.4160
    43 2.3311 -10.5435 -5.0305 0.4393 0.8925 0.1020 0.5898 0.4160
    43 2.2219 -10.8170 -4.9286 0.3343 -0.0813 0.9390 0.5645 0.3965
witch hand.bmp
    46 1.3568 -11.4993 -4.3748 -0.6277 -0.3005 -0.7181 0.7676 0.4355
    46 1.5632 -11.8845 -4.1994 -0.8453 -0.5321 -0.0478 0.8164 0.4199
    46 1.2772 -11.4646 -4.2823 -0.9632 -0.2585 -0.0741 0.7676 0.4180
witch hand.bmp
    46 1.3568 -11.4993 -4.3748 -0.6277 -0.3005 -0.7181 0.7676 0.4355
    46 1.6098 -11.8570 -4.3546 -0.6769 -0.5724 -0.4628 0.8086 0.4551
    46 1.5632 -11.8845 -4.1994 -0.8453 -0.5321 -0.0478 0.8164 0.4199
witch hand.bmp
    46 1.3568 -11.4993 -4.3748 -0.6277 -0.3005 -0.7181 0.7676 0.4355
    46 1.4795 -11.5038 -4.4200 0.6360 0.1344 -0.7599 0.7676 0.4551
    46 1.6098 -11.8570 -4.3546 -0.6769 -0.5724 -0.4628 0.8086 0.4551
witch hand.bmp
    46 1.3568 -11.4993 -4.3748 -0.6277 -0.3005 -0.7181 0.7676 0.4355
    46 1.3224 -11.1778 -4.3803 -0.6621 0.1325 -0.7376 0.7305 0.4277
    46 1.4795 -11.5038 -4.4200 0.6360 0.1344 -0.7599 0.7676 0.4551
witch hand.bmp
    46 1.3568 -11.4993 -4.3748 -0.6277 -0.3005 -0.7181 0.7676 0.4355
    46 1.2772 -11.4646 -4.2823 -0.9632 -0.2585 -0.0741 0.7676 0.4180
    46 1.3224 -11.1778 -4.3803 -0.6621 0.1325 -0.7376 0.7305 0.4277
witch hand.bmp
    46 1.3259 -11.1957 -4.2451 0.9893 0.0059 -0.1460 0.5625 0.4160
    46 1.3994 -11.2008 -4.4038 0.6403 0.1767 -0.7475 0.5625 0.4336
    46 1.3924 -10.8581 -4.3103 0.2100 0.9767 -0.0453 0.5898 0.4160
witch hand.bmp
    46 1.3259 -11.1957 -4.2451 0.9893 0.0059 -0.1460 0.5625 0.4160
    46 1.4795 -11.5038 -4.4200 0.6360 0.1344 -0.7599 0.5371 0.4414
    46 1.3994 -11.2008 -4.4038 0.6403 0.1767 -0.7475 0.5625 0.4336
witch hand.bmp
    46 1.3259 -11.1957 -4.2451 0.9893 0.0059 -0.1460 0.5625 0.4160
    46 1.3706 -11.4263 -4.2649 0.9762 0.2154 0.0263 0.5391 0.4160
    46 1.4795 -11.5038 -4.4200 0.6360 0.1344 -0.7599 0.5371 0.4414
witch hand.bmp
    46 1.3259 -11.1957 -4.2451 0.9893 0.0059 -0.1460 0.5625 0.4160
    46 1.4071 -11.1703 -4.1447 0.6410 0.3673 0.6740 0.5645 0.3965
    46 1.3706 -11.4263 -4.2649 0.9762 0.2154 0.0263 0.5391 0.4160
witch hand.bmp
    46 1.3259 -11.1957 -4.2451 0.9893 0.0059 -0.1460 0.5625 0.4160
    46 1.3924 -10.8581 -4.3103 0.2100 0.9767 -0.0453 0.5898 0.4160
    46 1.4071 -11.1703 -4.1447 0.6410 0.3673 0.6740 0.5645 0.3965
witch hand.bmp
    49 0.9868 -12.1185 -3.5363 -0.5824 -0.6479 -0.4910 0.7676 0.4355
    49 1.3016 -12.3871 -3.2730 -0.6626 -0.6858 0.3009 0.8164 0.4199
    49 0.9230 -12.0818 -3.3996 -0.8112 -0.5241 0.2594 0.7676 0.4180
witch hand.bmp
    49 0.9868 -12.1185 -3.5363 -0.5824 -0.6479 -0.4910 0.7676 0.4355
    49 1.3178 -12.3751 -3.4624 -0.5192 -0.8239 -0.2271 0.8086 0.4551
    49 1.3016 -12.3871 -3.2730 -0.6626 -0.6858 0.3009 0.8164 0.4199
witch hand.bmp
    49 0.9868 -12.1185 -3.5363 -0.5824 -0.6479 -0.4910 0.7676 0.4355
    49 1.1011 -12.0983 -3.5886 0.5631 0.0364 -0.8256 0.7676 0.4551
    49 1.3178 -12.3751 -3.4624 -0.5192 -0.8239 -0.2271 0.8086 0.4551
witch hand.bmp
    49 0.9868 -12.1185 -3.5363 -0.5824 -0.6479 -0.4910 0.7676 0.4355
    49 0.8340 -11.8255 -3.6370 -0.6510 -0.4789 -0.5890 0.7305 0.4277
    49 1.1011 -12.0983 -3.5886 0.5631 0.0364 -0.8256 0.7676 0.4551
witch hand.bmp
    49 0.9868 -12.1185 -3.5363 -0.5824 -0.6479 -0.4910 0.7676 0.4355
    49 0.9230 -12.0818 -3.3996 -0.8112 -0.5241 0.2594 0.7676 0.4180
    49 0.8340 -11.8255 -3.6370 -0.6510 -0.4789 -0.5890 0.7305 0.4277
witch hand.bmp
    52 1.5149 -11.8349 -2.7054 -0.5305 -0.8161 -0.2293 0.7676 0.4355
    52 1.8033 -11.9715 -2.4783 -0.5178 -0.7433 0.4236 0.8164 0.4199
    52 1.4915 -11.7901 -2.5998 -0.7002 -0.5624 0.4397 0.7676 0.4180
witch hand.bmp
    52 1.5149 -11.8349 -2.7054 -0.5305 -0.8161 -0.2293 0.7676 0.4355
    52 1.8318 -11.9579 -2.6832 -0.2298 -0.9082 -0.3499 0.8086 0.4551
    52 1.8033 -11.9715 -2.4783 -0.5178 -0.7433 0.4236 0.8164 0.4199
witch hand.bmp
    52 1.5149 -11.8349 -2.7054 -0.5305 -0.8161 -0.2293 0.7676 0.4355
    52 1.5898 -11.7748 -2.8194 0.4093 -0.1172 -0.9049 0.7676 0.4551
    52 1.8318 -11.9579 -2.6832 -0.2298 -0.9082 -0.3499 0.8086 0.4551
witch hand.bmp
    52 1.5149 -11.8349 -2.7054 -0.5305 -0.8161 -0.2293 0.7676 0.4355
    52 1.3146 -11.5955 -2.8618 -0.6677 -0.6376 -0.3842 0.7305 0.4277
    52 1.5898 -11.7748 -2.8194 0.4093 -0.1172 -0.9049 0.7676 0.4551
witch hand.bmp
    52 1.5149 -11.8349 -2.7054 -0.5305 -0.8161 -0.2293 0.7676 0.4355
    52 1.4915 -11.7901 -2.5998 -0.7002 -0.5624 0.4397 0.7676 0.4180
    52 1.3146 -11.5955 -2.8618 -0.6677 -0.6376 -0.3842 0.7305 0.4277
witch hand.bmp
    55 1.6385 -9.9049 -2.3630 -0.1038 0.4858 0.8679 0.7676 0.4355
    55 2.0461 -9.8559 -2.4384 0.1372 0.9001 0.4135 0.8164 0.4199
    55 1.6463 -9.7911 -2.4568 -0.0405 0.8933 0.4477 0.7676 0.4180
witch hand.bmp
    55 1.6385 -9.9049 -2.3630 -0.1038 0.4858 0.8679 0.7676 0.4355
    55 1.9926 -10.0067 -2.3080 0.0836 0.4187 0.9043 0.8086 0.4551
    55 2.0461 -9.8559 -2.4384 0.1372 0.9001 0.4135 0.8164 0.4199
witch hand.bmp
    55 1.6385 -9.9049 -2.3630 -0.1038 0.4858 0.8679 0.7676 0.4355
    55 1.6361 -10.0213 -2.3306 -0.1149 -0.7744 0.6221 0.7676 0.4551
    55 1.9926 -10.0067 -2.3080 0.0836 0.4187 0.9043 0.8086 0.4551
witch hand.bmp
    55 1.6385 -9.9049 -2.3630 -0.1038 0.4858 0.8679 0.7676 0.4355
    55 1.2568 -9.9339 -2.4427 -0.3296 0.3102 0.8917 0.7305 0.4277
    55 1.6361 -10.0213 -2.3306 -0.1149 -0.7744 0.6221 0.7676 0.4551
witch hand.bmp
    55 1.6385 -9.9049 -2.3630 -0.1038 0.4858 0.8679 0.7676 0.4355
    55 1.6463 -9.7911 -2.4568 -0.0405 0.8933 0.4477 0.7676 0.4180
    55 1.2568 -9.9339 -2.4427 -0.3296 0.3102 0.8917 0.7305 0.4277
witch hand.bmp
    55 1.2713 -9.8969 -2.5620 0.1937 -0.8933 -0.4056 0.5625 0.4160
    55 1.2668 -10.0234 -2.4332 -0.1414 -0.8885 0.4365 0.5625 0.4336
    55 0.8479 -10.0379 -2.6211 -0.9287 -0.3172 -0.1921 0.5898 0.4160
witch hand.bmp
    55 1.2713 -9.8969 -2.5620 0.1937 -0.8933 -0.4056 0.5625 0.4160
    55 1.6361 -10.0213 -2.3306 -0.1149 -0.7744 0.6221 0.5371 0.4414
    55 1.2668 -10.0234 -2.4332 -0.1414 -0.8885 0.4365 0.5625 0.4336
witch hand.bmp
    55 1.2713 -9.8969 -2.5620 0.1937 -0.8933 -0.4056 0.5625 0.4160
    55 1.5586 -9.8997 -2.5447 0.0093 -0.9237 -0.3831 0.5391 0.4160
    55 1.6361 -10.0213 -2.3306 -0.1149 -0.7744 0.6221 0.5371 0.4414
witch hand.bmp
    55 1.2713 -9.8969 -2.5620 0.1937 -0.8933 -0.4056 0.5625 0.4160
    55 1.2700 -9.8742 -2.6934 -0.1443 -0.0813 -0.9862 0.5645 0.3965
    55 1.5586 -9.8997 -2.5447 0.0093 -0.9237 -0.3831 0.5391 0.4160
witch hand.bmp
    55 1.2713 -9.8969 -2.5620 0.1937 -0.8933 -0.4056 0.5625 0.4160
    55 0.8479 -10.0379 -2.6211 -0.9287 -0.3172 -0.1921 0.5898 0.4160
    55 1.2700 -9.8742 -2.6934 -0.1443 -0.0813 -0.9862 0.5645 0.3965
witch hand.bmp
    49 0.8996 -11.7431 -3.5634 0.9288 0.3041 -0.2117 0.5625 0.4160
    49 0.9059 -11.8079 -3.6989 0.3222 -0.0615 -0.9447 0.5625 0.4336
    49 0.7762 -11.4391 -3.7448 -0.2048 0.8461 -0.4922 0.5898 0.4160
witch hand.bmp
    49 0.8996 -11.7431 -3.5634 0.9288 0.3041 -0.2117 0.5625 0.4160
    49 1.1011 -12.0983 -3.5886 0.5631 0.0364 -0.8256 0.5371 0.4414
    49 0.9059 -11.8079 -3.6989 0.3222 -0.0615 -0.9447 0.5625 0.4336
witch hand.bmp
    49 0.8996 -11.7431 -3.5634 0.9288 0.3041 -0.2117 0.5625 0.4160
    49 0.9964 -12.0058 -3.4318 0.8987 0.3831 -0.2135 0.5391 0.4160
    49 1.1011 -12.0983 -3.5886 0.5631 0.0364 -0.8256 0.5371 0.4414
witch hand.bmp
    49 0.8996 -11.7431 -3.5634 0.9288 0.3041 -0.2117 0.5625 0.4160
    49 0.9218 -11.6855 -3.4792 0.5523 0.7106 0.4359 0.5645 0.3965
    49 0.9964 -12.0058 -3.4318 0.8987 0.3831 -0.2135 0.5391 0.4160
witch hand.bmp
    49 0.8996 -11.7431 -3.5634 0.9288 0.3041 -0.2117 0.5625 0.4160
    49 0.7762 -11.4391 -3.7448 -0.2048 0.8461 -0.4922 0.5898 0.4160
    49 0.9218 -11.6855 -3.4792 0.5523 0.7106 0.4359 0.5645 0.3965
witch hand.bmp
    52 1.3622 -11.4887 -2.8330 0.8394 0.4702 -0.2727 0.5625 0.4160
    52 1.3619 -11.5710 -2.9336 0.2497 -0.1917 -0.9491 0.5625 0.4336
    52 1.2037 -11.2825 -3.0399 -0.3440 0.6889 -0.6380 0.5898 0.4160
witch hand.bmp
    52 1.3622 -11.4887 -2.8330 0.8394 0.4702 -0.2727 0.5625 0.4160
    52 1.5898 -11.7748 -2.8194 0.4093 -0.1172 -0.9049 0.5371 0.4414
    52 1.3619 -11.5710 -2.9336 0.2497 -0.1917 -0.9491 0.5625 0.4336
witch hand.bmp
    52 1.3622 -11.4887 -2.8330 0.8394 0.4702 -0.2727 0.5625 0.4160
    52 1.5161 -11.6536 -2.6986 0.7755 0.5388 -0.3290 0.5391 0.4160
    52 1.5898 -11.7748 -2.8194 0.4093 -0.1172 -0.9049 0.5371 0.4414
witch hand.bmp
    52 1.3622 -11.4887 -2.8330 0.8394 0.4702 -0.2727 0.5625 0.4160
    52 1.3485 -11.4270 -2.7542 0.2611 0.8823 0.3917 0.5645 0.3965
    52 1.5161 -11.6536 -2.6986 0.7755 0.5388 -0.3290 0.5391 0.4160
witch hand.bmp
    52 1.3622 -11.4887 -2.8330 0.8394 0.4702 -0.2727 0.5625 0.4160
    52 1.2037 -11.2825 -3.0399 -0.3440 0.6889 -0.6380 0.5898 0.4160
    52 1.3485 -11.4270 -2.7542 0.2611 0.8823 0.3917 0.5645 0.3965
witch hand.bmp
    27 -3.2589 -12.6644 -3.3249 -0.6426 0.5845 -0.4954 0.6992 0.8145
    27 -3.1815 -12.7768 -3.4343 -0.4817 -0.0472 -0.8751 0.6953 0.7930
    27 -3.5218 -13.2515 -3.0758 -0.5191 -0.2725 -0.8102 0.8301 0.7852
witch hand.bmp
    27 -3.2589 -12.6644 -3.3249 -0.6426 0.5845 -0.4954 0.6992 0.8145
    27 -3.1033 -12.7096 -3.4535 -0.0114 0.3759 -0.9266 0.6758 0.8066
    27 -3.1815 -12.7768 -3.4343 -0.4817 -0.0472 -0.8751 0.6953 0.7930
witch hand.bmp
    27 -3.2589 -12.6644 -3.3249 -0.6426 0.5845 -0.4954 0.6992 0.8145
    27 -3.0321 -12.6686 -3.4052 0.4741 0.6485 -0.5956 0.6719 0.8301
    27 -3.1033 -12.7096 -3.4535 -0.0114 0.3759 -0.9266 0.6758 0.8066
witch hand.bmp
    27 -3.2589 -12.6644 -3.3249 -0.6426 0.5845 -0.4954 0.6992 0.8145
    27 -3.1819 -12.6043 -3.3011 -0.1590 0.9587 -0.2356 0.6895 0.8301
    27 -3.0321 -12.6686 -3.4052 0.4741 0.6485 -0.5956 0.6719 0.8301
witch hand.bmp
    32 -2.7534 -12.8877 -0.9596 0.3570 -0.2705 0.8941 0.9258 0.9082
    32 -2.8362 -13.0167 -1.0116 -0.0475 -0.7273 0.6847 0.9258 0.9375
    32 -1.9313 -13.4375 -1.5636 0.3804 -0.8343 0.3990 0.7754 0.9375
witch hand.bmp
    32 -2.7534 -12.8877 -0.9596 0.3570 -0.2705 0.8941 0.9258 0.9082
    31 -3.1389 -12.7959 -0.8721 -0.3369 -0.5083 0.7926 0.9434 0.9395
    32 -2.8362 -13.0167 -1.0116 -0.0475 -0.7273 0.6847 0.9258 0.9375
witch hand.bmp
    32 -2.7534 -12.8877 -0.9596 0.3570 -0.2705 0.8941 0.9258 0.9082
    31 -3.0179 -12.7169 -0.8144 0.1100 -0.1808 0.9773 0.9434 0.9062
    31 -3.1389 -12.7959 -0.8721 -0.3369 -0.5083 0.7926 0.9434 0.9395
witch hand.bmp
    32 -2.7534 -12.8877 -0.9596 0.3570 -0.2705 0.8941 0.9258 0.9082
    32 -2.6801 -12.6594 -1.0062 0.6037 0.5234 0.6013 0.9355 0.8809
    31 -3.0179 -12.7169 -0.8144 0.1100 -0.1808 0.9773 0.9434 0.9062
witch hand.bmp
    35 -2.7498 -12.1123 -0.5480 -0.5726 -0.6577 -0.4894 0.9316 0.9863
    36 -2.0313 -12.6584 -0.6108 -0.5913 -0.7162 -0.3707 0.7891 0.9785
    35 -2.7411 -12.1128 -0.3455 -0.5563 -0.7712 0.3096 0.9277 0.9648
witch hand.bmp
    35 -2.7498 -12.1123 -0.5480 -0.5726 -0.6577 -0.4894 0.9316 0.9863
    35 -2.7411 -12.1128 -0.3455 -0.5563 -0.7712 0.3096 0.9277 0.9648
    34 -2.8724 -12.0081 -0.3333 -0.6602 -0.6577 0.3628 0.9473 0.9668
witch hand.bmp
    34 -2.8724 -12.0081 -0.3333 -0.6602 -0.6577 0.3628 0.9473 0.9668
    35 -2.7411 -12.1128 -0.3455 -0.5563 -0.7712 0.3096 0.9277 0.9648
    35 -2.6691 -12.0255 -0.1805 -0.2682 -0.4207 0.8666 0.9258 0.9375
witch hand.bmp
    34 -2.8724 -12.0081 -0.3333 -0.6602 -0.6577 0.3628 0.9473 0.9668
    35 -2.6691 -12.0255 -0.1805 -0.2682 -0.4207 0.8666 0.9258 0.9375
    34 -2.8659 -11.8537 -0.1936 -0.4964 -0.2337 0.8360 0.9434 0.9395
witch hand.bmp
    27 -2.9909 -12.7684 -3.3995 -0.3309 0.9403 0.0800 0.6055 0.9336
    27 -3.0110 -12.7771 -3.4597 -0.3309 0.9403 0.0800 0.6230 0.9492
    27 -3.0991 -12.8037 -3.4480 -0.3665 0.9259 0.0920 0.6289 0.9629
witch hand.bmp
    27 -2.9909 -12.7684 -3.3995 -0.3309 0.9403 0.0800 0.6055 0.9336
    27 -2.9560 -12.7536 -3.4449 -0.2896 0.9563 0.0411 0.6152 0.9336
    27 -3.0110 -12.7771 -3.4597 -0.3309 0.9403 0.0800 0.6230 0.9492
witch hand.bmp
    27 -2.9909 -12.7684 -3.3995 -0.3309 0.9403 0.0800 0.6055 0.9336
    27 -2.9339 -12.7493 -3.3715 -0.3309 0.9403 0.0800 0.6230 0.9180
    27 -2.9560 -12.7536 -3.4449 -0.2896 0.9563 0.0411 0.6152 0.9336
witch hand.bmp
    27 -2.9909 -12.7684 -3.3995 -0.3309 0.9403 0.0800 0.6055 0.9336
    27 -2.9532 -12.7674 -3.2843 -0.3309 0.9403 0.0800 0.6309 0.9023
    27 -2.9339 -12.7493 -3.3715 -0.3309 0.9403 0.0800 0.6230 0.9180
witch hand.bmp
    33 -1.4476 -12.9643 -2.5654 -0.2611 0.8120 -0.5220 0.6055 0.9336
    33 -1.4688 -13.0085 -2.6228 -0.2188 0.8230 -0.5243 0.6230 0.9492
    33 -1.5601 -13.0235 -2.6159 -0.2188 0.8230 -0.5243 0.6289 0.9629
witch hand.bmp
    33 -1.4476 -12.9643 -2.5654 -0.2611 0.8120 -0.5220 0.6055 0.9336
    33 -1.3999 -12.9740 -2.6070 -0.2611 0.8120 -0.5220 0.6152 0.9336
    33 -1.4688 -13.0085 -2.6228 -0.2188 0.8230 -0.5243 0.6230 0.9492
witch hand.bmp
    33 -1.4476 -12.9643 -2.5654 -0.2611 0.8120 -0.5220 0.6055 0.9336
    33 -1.3773 -12.9156 -2.5297 -0.3007 0.8080 -0.5067 0.6230 0.9180
    33 -1.3999 -12.9740 -2.6070 -0.2611 0.8120 -0.5220 0.6152 0.9336
witch hand.bmp
    33 -1.4476 -12.9643 -2.5654 -0.2611 0.8120 -0.5220 0.6055 0.9336
    33 -1.3821 -12.8684 -2.4475 -0.3007 0.8080 -0.5067 0.6309 0.9023
    33 -1.3773 -12.9156 -2.5297 -0.3007 0.8080 -0.5067 0.6230 0.9180
witch hand.bmp
    36 -1.2289 -12.9012 -0.8567 0.1158 0.5126 -0.8508 0.6055 0.9336
    36 -1.2518 -12.9585 -0.9025 0.1158 0.5126 -0.8508 0.6211 0.9492
    36 -1.3672 -12.9605 -0.8947 0.0677 0.5419 -0.8377 0.6289 0.9629
witch hand.bmp
    36 -1.2289 -12.9012 -0.8567 0.1158 0.5126 -0.8508 0.6055 0.9336
    36 -1.1729 -12.9300 -0.8684 0.1476 0.4789 -0.8654 0.6152 0.9336
    36 -1.2518 -12.9585 -0.9025 0.1158 0.5126 -0.8508 0.6211 0.9492
witch hand.bmp
    36 -1.2289 -12.9012 -0.8567 0.1158 0.5126 -0.8508 0.6055 0.9336
    36 -1.1537 -12.8558 -0.8222 0.0677 0.5419 -0.8377 0.6230 0.9160
    36 -1.1729 -12.9300 -0.8684 0.1476 0.4789 -0.8654 0.6152 0.9336
witch hand.bmp
    36 -1.2289 -12.9012 -0.8567 0.1158 0.5126 -0.8508 0.6055 0.9336
    36 -1.1978 -12.7955 -0.7795 0.0386 0.5812 -0.8129 0.6309 0.9023
    36 -1.1537 -12.8558 -0.8222 0.0677 0.5419 -0.8377 0.6230 0.9160
witch hand.bmp
    30 -2.0389 -12.5141 -3.1618 -0.4432 0.8958 -0.0327 0.6055 0.9336
    30 -2.0725 -12.5319 -3.2357 -0.4432 0.8958 -0.0327 0.6230 0.9492
    30 -2.1519 -12.5741 -3.2342 -0.4432 0.8958 -0.0327 0.6289 0.9629
witch hand.bmp
    30 -2.0389 -12.5141 -3.1618 -0.4432 0.8958 -0.0327 0.6055 0.9336
    30 -2.0149 -12.5114 -3.2099 -0.4039 0.9131 -0.0562 0.6152 0.9336
    30 -2.0725 -12.5319 -3.2357 -0.4432 0.8958 -0.0327 0.6230 0.9492
witch hand.bmp
    30 -2.0389 -12.5141 -3.1618 -0.4432 0.8958 -0.0327 0.6055 0.9336
    30 -1.9885 -12.4873 -3.1330 -0.4968 0.8677 0.0133 0.6230 0.9180
    30 -2.0149 -12.5114 -3.2099 -0.4039 0.9131 -0.0562 0.6152 0.9336
witch hand.bmp
    30 -2.0389 -12.5141 -3.1618 -0.4432 0.8958 -0.0327 0.6055 0.9336
    30 -2.0056 -12.5016 -3.0446 -0.5141 0.8560 0.0543 0.6309 0.9023
    30 -1.9885 -12.4873 -3.1330 -0.4968 0.8677 0.0133 0.6230 0.9180
witch hand.bmp
    23 -3.2503 -11.2949 -1.4139 0.7857 -0.2825 -0.5503 0.7109 0.6836
    23 -2.8364 -10.7850 -1.0462 0.9721 -0.0028 0.2345 0.7324 0.7578
    34 -2.7715 -11.0251 -1.0513 0.8726 0.2586 -0.4143 0.6973 0.7559
witch hand.bmp
    23 -3.2503 -11.2949 -1.4139 0.7857 -0.2825 -0.5503 0.7109 0.6836
    34 -2.7715 -11.0251 -1.0513 0.8726 0.2586 -0.4143 0.6973 0.7559
    34 -2.9240 -11.3759 -1.1246 0.4423 -0.4673 -0.7655 0.6699 0.7227
witch hand.bmp
    34 -2.9240 -11.3759 -1.1246 0.4423 -0.4673 -0.7655 0.6699 0.7227
    34 -2.7715 -11.0251 -1.0513 0.8726 0.2586 -0.4143 0.6973 0.7559
    34 -2.5334 -11.9620 -0.6820 -0.5207 0.7964 -0.3076 0.5957 0.7520
witch hand.bmp
    34 -2.9240 -11.3759 -1.1246 0.4423 -0.4673 -0.7655 0.6699 0.7227
    34 -2.5334 -11.9620 -0.6820 -0.5207 0.7964 -0.3076 0.5957 0.7520
    34 -2.8099 -12.0878 -0.5236 -0.4468 -0.8709 -0.2045 0.5781 0.7305
witch hand.bmp
    25 -4.7603 -12.3242 -2.2763 -0.8128 -0.4064 0.4173 0.6953 0.3281
    25 -4.1249 -13.1220 -2.2299 0.0468 -0.6116 0.7898 0.5977 0.3359
    25 -4.6385 -12.2130 -1.9643 -0.5743 -0.4716 0.6691 0.6895 0.2988
witch hand.bmp
    25 -4.7603 -12.3242 -2.2763 -0.8128 -0.4064 0.4173 0.6953 0.3281
    25 -4.2265 -13.1727 -2.3170 -0.3273 -0.7899 0.5186 0.6035 0.3574
    25 -4.1249 -13.1220 -2.2299 0.0468 -0.6116 0.7898 0.5977 0.3359
witch hand.bmp
    25 -4.7603 -12.3242 -2.2763 -0.8128 -0.4064 0.4173 0.6953 0.3281
    25 -4.3153 -13.2029 -2.4873 -0.5575 -0.8234 -0.1056 0.6094 0.3730
    25 -4.2265 -13.1727 -2.3170 -0.3273 -0.7899 0.5186 0.6035 0.3574
witch hand.bmp
    25 -4.7603 -12.3242 -2.2763 -0.8128 -0.4064 0.4173 0.6953 0.3281
    25 -4.8446 -12.3949 -2.5268 -0.8839 -0.4661 -0.0388 0.6992 0.3496
    25 -4.3153 -13.2029 -2.4873 -0.5575 -0.8234 -0.1056 0.6094 0.3730
witch hand.bmp
    28 -3.6544 -12.9892 -2.0707 -0.4940 -0.3635 -0.7898 0.5547 0.5312
    25 -4.4632 -12.1666 -1.9582 -0.0370 -0.9215 0.3867 0.6504 0.5332
    28 -3.8971 -11.9925 -2.2365 0.5038 -0.3184 -0.8030 0.6465 0.5625
witch hand.bmp
    28 -3.6544 -12.9892 -2.0707 -0.4940 -0.3635 -0.7898 0.5547 0.5312
    28 -3.8971 -11.9925 -2.2365 0.5038 -0.3184 -0.8030 0.6465 0.5625
    28 -3.4666 -12.7955 -2.1176 0.5748 -0.5911 -0.5658 0.5586 0.5586
witch hand.bmp
    28 -3.4666 -12.7955 -2.1176 0.5748 -0.5911 -0.5658 0.5586 0.5586
    28 -3.8971 -11.9925 -2.2365 0.5038 -0.3184 -0.8030 0.6465 0.5625
    28 -3.6260 -12.0523 -1.9281 0.9231 0.3346 -0.1896 0.6367 0.5879
witch hand.bmp
    28 -3.4666 -12.7955 -2.1176 0.5748 -0.5911 -0.5658 0.5586 0.5586
    28 -3.6260 -12.0523 -1.9281 0.9231 0.3346 -0.1896 0.6367 0.5879
    28 -3.2925 -12.7032 -1.9048 0.9270 -0.3477 -0.1405 0.5586 0.5918
witch hand.bmp
    23 -4.7595 -10.1019 -2.6203 -0.9058 0.2906 0.3084 0.8691 0.2598
    23 -4.4384 -9.5854 -2.4929 -0.6831 0.5813 0.4422 0.9023 0.2031
    23 -4.7244 -9.8626 -2.8170 -0.9008 0.4133 0.1333 0.9004 0.2578
witch hand.bmp
    23 -4.7595 -10.1019 -2.6203 -0.9058 0.2906 0.3084 0.8691 0.2598
    23 -4.7244 -9.8626 -2.8170 -0.9008 0.4133 0.1333 0.9004 0.2578
    23 -4.8202 -10.2086 -3.2306 -0.9675 0.1813 -0.1761 0.8984 0.2949
witch hand.bmp
    23 -4.8202 -10.2086 -3.2306 -0.9675 0.1813 -0.1761 0.8984 0.2949
    23 -4.7244 -9.8626 -2.8170 -0.9008 0.4133 0.1333 0.9004 0.2578
    24 -4.6745 -9.9404 -3.5649 -0.9799 -0.0343 -0.1965 0.9297 0.2871
witch hand.bmp
    23 -4.8202 -10.2086 -3.2306 -0.9675 0.1813 -0.1761 0.8984 0.2949
    24 -4.6745 -9.9404 -3.5649 -0.9799 -0.0343 -0.1965 0.9297 0.2871
    24 -4.4951 -10.0770 -3.9799 -0.6105 -0.3261 -0.7218 0.9297 0.3203
witch hand.bmp
    22 -7.1847 -5.0735 -4.9602 -0.4907 0.1047 0.8650 0.3770 0.7930
    22 -8.3033 -2.4423 -6.1679 -0.1073 0.4404 0.8914 0.3301 0.9863
    22 -8.9012 -2.9256 -6.2692 -0.4907 0.1047 0.8650 0.3926 0.9844
witch hand.bmp
    22 -7.1847 -5.0735 -4.9602 -0.4907 0.1047 0.8650 0.3770 0.7930
    22 -6.6240 -4.7264 -4.8428 -0.0362 0.4381 0.8982 0.3164 0.7871
    22 -8.3033 -2.4423 -6.1679 -0.1073 0.4404 0.8914 0.3301 0.9863
witch hand.bmp
    22 -7.1847 -5.0735 -4.9602 -0.4907 0.1047 0.8650 0.3770 0.7930
    22 -6.4517 -6.1676 -4.4307 -0.4909 0.0615 0.8691 0.3633 0.6621
    22 -6.6240 -4.7264 -4.8428 -0.0362 0.4381 0.8982 0.3164 0.7871
witch hand.bmp
    22 -7.1847 -5.0735 -4.9602 -0.4907 0.1047 0.8650 0.3770 0.7930
    22 -6.8223 -6.6466 -4.8178 -0.7764 -0.3180 0.5441 0.4141 0.6641
    22 -6.4517 -6.1676 -4.4307 -0.4909 0.0615 0.8691 0.3633 0.6621
witch hand.bmp
    27 -3.0934 -12.5957 -3.5298 -0.9441 0.2518 -0.2127 0.7305 0.4434
    27 -2.9945 -12.3100 -3.5542 -0.0856 0.9744 -0.2079 0.6934 0.4141
    27 -3.0195 -12.5911 -3.5618 -0.0196 -0.1740 -0.9846 0.7305 0.4277
witch hand.bmp
    27 -3.0934 -12.5957 -3.5298 -0.9441 0.2518 -0.2127 0.7305 0.4434
    27 -3.0195 -12.5911 -3.5618 -0.0196 -0.1740 -0.9846 0.7305 0.4277
    27 -3.1793 -12.8320 -3.4154 -0.9637 0.2263 -0.1419 0.7676 0.4551
witch hand.bmp
    27 -3.1793 -12.8320 -3.4154 -0.9637 0.2263 -0.1419 0.7676 0.4551
    27 -3.0195 -12.5911 -3.5618 -0.0196 -0.1740 -0.9846 0.7305 0.4277
    27 -3.0666 -12.8214 -3.4663 0.0040 -0.5495 -0.8355 0.7676 0.4355
witch hand.bmp
    27 -3.1793 -12.8320 -3.4154 -0.9637 0.2263 -0.1419 0.7676 0.4551
    27 -3.0666 -12.8214 -3.4663 0.0040 -0.5495 -0.8355 0.7676 0.4355
    27 -3.2544 -13.0327 -3.2833 0.0952 -0.7716 -0.6289 0.8086 0.4551
witch hand.bmp
    30 -2.1338 -12.3061 -3.3243 -0.9221 0.2018 -0.3301 0.7305 0.4434
    30 -2.0432 -11.9590 -3.3446 -0.0838 0.9758 -0.2022 0.6934 0.4141
    30 -2.0488 -12.2963 -3.3436 0.1493 -0.1649 -0.9750 0.7305 0.4277
witch hand.bmp
    30 -2.1338 -12.3061 -3.3243 -0.9221 0.2018 -0.3301 0.7305 0.4434
    30 -2.0488 -12.2963 -3.3436 0.1493 -0.1649 -0.9750 0.7305 0.4277
    30 -2.2441 -12.5775 -3.2118 -0.9304 0.1583 -0.3306 0.7676 0.4551
witch hand.bmp
    30 -2.2441 -12.5775 -3.2118 -0.9304 0.1583 -0.3306 0.7676 0.4551
    30 -2.0488 -12.2963 -3.3436 0.1493 -0.1649 -0.9750 0.7305 0.4277
    30 -2.1175 -12.5963 -3.2390 0.0813 -0.5656 -0.8207 0.7676 0.4355
witch hand.bmp
    30 -2.2441 -12.5775 -3.2118 -0.9304 0.1583 -0.3306 0.7676 0.4551
    30 -2.1175 -12.5963 -3.2390 0.0813 -0.5656 -0.8207 0.7676 0.4355
    30 -2.3560 -12.8703 -2.9933 0.2321 -0.7937 -0.5623 0.8086 0.4551
witch hand.bmp
    33 -1.5391 -12.8226 -2.8747 -0.8473 -0.1429 -0.5116 0.7305 0.4434
    33 -1.4240 -12.5247 -3.0985 -0.0654 0.6550 -0.7528 0.6934 0.4141
    33 -1.4466 -12.8473 -2.8636 0.0857 -0.7359 -0.6717 0.7305 0.4277
witch hand.bmp
    33 -1.5391 -12.8226 -2.8747 -0.8473 -0.1429 -0.5116 0.7305 0.4434
    33 -1.4466 -12.8473 -2.8636 0.0857 -0.7359 -0.6717 0.7305 0.4277
    33 -1.6500 -13.0243 -2.5890 -0.9490 0.0364 -0.3133 0.7676 0.4551
witch hand.bmp
    33 -1.6500 -13.0243 -2.5890 -0.9490 0.0364 -0.3133 0.7676 0.4551
    33 -1.4466 -12.8473 -2.8636 0.0857 -0.7359 -0.6717 0.7305 0.4277
    33 -1.5309 -13.0647 -2.6088 0.0772 -0.8593 -0.5057 0.7676 0.4355
witch hand.bmp
    33 -1.6500 -13.0243 -2.5890 -0.9490 0.0364 -0.3133 0.7676 0.4551
    33 -1.5309 -13.0647 -2.6088 0.0772 -0.8593 -0.5057 0.7676 0.4355
    33 -1.7661 -13.2044 -2.2831 0.1761 -0.9606 -0.2149 0.8086 0.4551
witch hand.bmp
    36 -1.1658 -13.0118 -1.1037 -0.5989 -0.3574 -0.7167 0.7305 0.4434
    36 -0.9096 -12.9914 -1.3292 0.4593 -0.0799 -0.8847 0.6934 0.4141
    36 -1.1113 -13.0315 -1.0081 0.0010 -0.9987 0.0506 0.7305 0.4277
witch hand.bmp
    36 -1.1658 -13.0118 -1.1037 -0.5989 -0.3574 -0.7167 0.7305 0.4434
    36 -1.1113 -13.0315 -1.0081 0.0010 -0.9987 0.0506 0.7305 0.4277
    36 -1.4167 -12.9417 -0.9044 -0.6599 -0.1868 -0.7278 0.7676 0.4551
witch hand.bmp
    36 -1.4167 -12.9417 -0.9044 -0.6599 -0.1868 -0.7278 0.7676 0.4551
    36 -1.1113 -13.0315 -1.0081 0.0010 -0.9987 0.0506 0.7305 0.4277
    36 -1.3541 -12.9723 -0.7686 -0.1571 -0.9505 0.2682 0.7676 0.4355
witch hand.bmp
    36 -1.4167 -12.9417 -0.9044 -0.6599 -0.1868 -0.7278 0.7676 0.4551
    36 -1.3541 -12.9723 -0.7686 -0.1571 -0.9505 0.2682 0.7676 0.4355
    36 -1.6615 -12.8347 -0.7063 -0.4733 -0.8585 0.1974 0.8086 0.4551
witch hand.bmp
    39 -0.3798 -11.4669 -1.6387 -0.0537 -0.2881 0.9561 0.7305 0.4434
    39 -0.2547 -11.8883 -1.7628 0.2971 -0.9520 0.0743 0.6934 0.4141
    39 -0.3388 -11.4414 -1.7153 0.9146 0.2707 0.3005 0.7305 0.4277
witch hand.bmp
    39 -0.3798 -11.4669 -1.6387 -0.0537 -0.2881 0.9561 0.7305 0.4434
    39 -0.3388 -11.4414 -1.7153 0.9146 0.2707 0.3005 0.7305 0.4277
    39 -0.5407 -11.1297 -1.5526 0.1017 -0.1359 0.9855 0.7676 0.4551
witch hand.bmp
    39 -0.5407 -11.1297 -1.5526 0.1017 -0.1359 0.9855 0.7676 0.4551
    39 -0.3388 -11.4414 -1.7153 0.9146 0.2707 0.3005 0.7305 0.4277
    39 -0.5098 -11.0929 -1.6634 0.8438 0.5117 0.1617 0.7676 0.4355
witch hand.bmp
    39 -0.5407 -11.1297 -1.5526 0.1017 -0.1359 0.9855 0.7676 0.4551
    39 -0.5098 -11.0929 -1.6634 0.8438 0.5117 0.1617 0.7676 0.4355
    39 -0.7407 -10.8320 -1.5266 0.7207 0.6477 0.2471 0.8086 0.4551
witch hand.bmp
    43 2.6849 -11.5768 -5.0934 0.9066 -0.2153 -0.3629 0.8164 0.8145
    42 2.6564 -11.6023 -5.0956 0.9115 -0.2167 -0.3496 0.8398 0.8125
    43 2.5033 -11.6944 -5.2279 0.0440 0.0643 -0.9970 0.8301 0.7852
witch hand.bmp
    43 2.6849 -11.5768 -5.0934 0.9066 -0.2153 -0.3629 0.8164 0.8145
    43 2.5033 -11.6944 -5.2279 0.0440 0.0643 -0.9970 0.8301 0.7852
    43 2.4672 -11.0175 -5.1002 0.6148 0.5743 -0.5406 0.6992 0.8145
witch hand.bmp
    43 2.4672 -11.0175 -5.1002 0.6148 0.5743 -0.5406 0.6992 0.8145
    43 2.5033 -11.6944 -5.2279 0.0440 0.0643 -0.9970 0.8301 0.7852
    43 2.3042 -11.0393 -5.1830 0.0612 0.2780 -0.9586 0.6953 0.7930
witch hand.bmp
    43 2.4672 -11.0175 -5.1002 0.6148 0.5743 -0.5406 0.6992 0.8145
    43 2.3042 -11.0393 -5.1830 0.0612 0.2780 -0.9586 0.6953 0.7930
    43 2.2765 -10.9625 -5.1451 -0.1487 0.7713 -0.6189 0.6758 0.8066
witch hand.bmp
    48 1.9199 -12.3357 -3.1624 0.4883 0.8338 0.2576 0.8477 0.8516
    49 1.7667 -12.3737 -3.0201 -0.0028 0.4537 0.8912 0.8340 0.8730
    48 2.9140 -12.5883 -2.8651 -0.0070 0.3598 0.9330 0.9336 0.8691
witch hand.bmp
    48 1.9199 -12.3357 -3.1624 0.4883 0.8338 0.2576 0.8477 0.8516
    48 2.9140 -12.5883 -2.8651 -0.0070 0.3598 0.9330 0.9336 0.8691
    48 2.9335 -12.4312 -3.0830 0.4794 0.8729 0.0907 0.9395 0.8477
witch hand.bmp
    48 2.9335 -12.4312 -3.0830 0.4794 0.8729 0.0907 0.9395 0.8477
    48 2.9140 -12.5883 -2.8651 -0.0070 0.3598 0.9330 0.9336 0.8691
    47 3.0442 -12.6114 -2.8562 -0.1100 0.1558 0.9816 0.9492 0.8730
witch hand.bmp
    48 2.9335 -12.4312 -3.0830 0.4794 0.8729 0.0907 0.9395 0.8477
    47 3.0442 -12.6114 -2.8562 -0.1100 0.1558 0.9816 0.9492 0.8730
    47 2.9489 -12.4668 -3.0684 0.4435 0.8957 0.0339 0.9512 0.8516
witch hand.bmp
    43 2.1763 -11.0106 -5.0525 0.7263 0.6603 0.1909 0.6055 0.9336
    43 2.1386 -10.9965 -4.9953 0.7263 0.6603 0.1909 0.6230 0.9180
    43 2.1771 -11.0597 -4.9421 0.7263 0.6603 0.1909 0.6309 0.9023
witch hand.bmp
    43 2.1763 -11.0106 -5.0525 0.7263 0.6603 0.1909 0.6055 0.9336
    43 2.1294 -10.9689 -5.0762 0.6861 0.7031 0.1867 0.6152 0.9336
    43 2.1386 -10.9965 -4.9953 0.7263 0.6603 0.1909 0.6230 0.9180
witch hand.bmp
    43 2.1763 -11.0106 -5.0525 0.7263 0.6603 0.1909 0.6055 0.9336
    43 2.1664 -10.9830 -5.1235 0.7263 0.6603 0.1909 0.6230 0.9492
    43 2.1294 -10.9689 -5.0762 0.6861 0.7031 0.1867 0.6152 0.9336
witch hand.bmp
    43 2.1763 -11.0106 -5.0525 0.7263 0.6603 0.1909 0.6055 0.9336
    43 2.2216 -11.0443 -5.1593 0.7531 0.6335 0.1772 0.6289 0.9629
    43 2.1664 -10.9830 -5.1235 0.7263 0.6603 0.1909 0.6230 0.9492
witch hand.bmp
    49 0.9745 -12.0247 -3.4238 0.1214 0.9033 -0.4114 0.6055 0.9336
    49 0.9539 -11.9866 -3.3529 0.1598 0.8908 -0.4254 0.6230 0.9180
    49 1.0175 -11.9680 -3.2851 0.1598 0.8908 -0.4254 0.6309 0.9023
witch hand.bmp
    49 0.9745 -12.0247 -3.4238 0.1214 0.9033 -0.4114 0.6055 0.9336
    49 0.9112 -12.0162 -3.4271 0.1214 0.9033 -0.4114 0.6152 0.9336
    49 0.9539 -11.9866 -3.3529 0.1598 0.8908 -0.4254 0.6230 0.9180
witch hand.bmp
    49 0.9745 -12.0247 -3.4238 0.1214 0.9033 -0.4114 0.6055 0.9336
    49 0.9460 -12.0548 -3.4978 0.0904 0.9186 -0.3847 0.6230 0.9492
    49 0.9112 -12.0162 -3.4271 0.1214 0.9033 -0.4114 0.6152 0.9336
witch hand.bmp
    49 0.9745 -12.0247 -3.4238 0.1214 0.9033 -0.4114 0.6055 0.9336
    49 1.0164 -12.0802 -3.5525 0.0904 0.9186 -0.3847 0.6289 0.9629
    49 0.9460 -12.0548 -3.4978 0.0904 0.9186 -0.3847 0.6230 0.9492
witch hand.bmp
    52 1.4741 -11.6585 -2.6945 0.3038 0.8319 -0.4644 0.6055 0.9336
    52 1.4463 -11.6111 -2.6299 0.3583 0.8146 -0.4560 0.6230 0.9160
    52 1.5167 -11.6227 -2.5818 0.4047 0.8084 -0.4274 0.6309 0.9023
witch hand.bmp
    52 1.4741 -11.6585 -2.6945 0.3038 0.8319 -0.4644 0.6055 0.9336
    52 1.4139 -11.6433 -2.7068 0.2585 0.8376 -0.4812 0.6152 0.9336
    52 1.4463 -11.6111 -2.6299 0.3583 0.8146 -0.4560 0.6230 0.9160
witch hand.bmp
    52 1.4741 -11.6585 -2.6945 0.3038 0.8319 -0.4644 0.6055 0.9336
    52 1.4557 -11.6954 -2.7805 0.3038 0.8319 -0.4644 0.6211 0.9492
    52 1.4139 -11.6433 -2.7068 0.2585 0.8376 -0.4812 0.6152 0.9336
witch hand.bmp
    52 1.4741 -11.6585 -2.6945 0.3038 0.8319 -0.4644 0.6055 0.9336
    52 1.5377 -11.7579 -2.8201 0.3583 0.8146 -0.4560 0.6289 0.9629
    52 1.4557 -11.6954 -2.7805 0.3038 0.8319 -0.4644 0.6211 0.9492
witch hand.bmp
    46 1.3527 -11.4351 -4.2641 0.5722 0.8111 -0.1212 0.6055 0.9336
    46 1.3322 -11.4100 -4.1981 0.6327 0.7653 -0.1184 0.6230 0.9180
    46 1.3879 -11.4503 -4.1383 0.6650 0.7406 -0.0967 0.6309 0.9023
witch hand.bmp
    46 1.3527 -11.4351 -4.2641 0.5722 0.8111 -0.1212 0.6055 0.9336
    46 1.3086 -11.4146 -4.2795 0.5321 0.8388 -0.1155 0.6152 0.9336
    46 1.3322 -11.4100 -4.1981 0.6327 0.7653 -0.1184 0.6230 0.9180
witch hand.bmp
    46 1.3527 -11.4351 -4.2641 0.5722 0.8111 -0.1212 0.6055 0.9336
    46 1.3376 -11.4336 -4.3360 0.5722 0.8111 -0.1212 0.6230 0.9492
    46 1.3086 -11.4146 -4.2795 0.5321 0.8388 -0.1155 0.6152 0.9336
witch hand.bmp
    46 1.3527 -11.4351 -4.2641 0.5722 0.8111 -0.1212 0.6055 0.9336
    46 1.3932 -11.4835 -4.3862 0.5722 0.8111 -0.1212 0.6289 0.9629
    46 1.3376 -11.4336 -4.3360 0.5722 0.8111 -0.1212 0.6230 0.9492
witch hand.bmp
    50 3.3171 -12.2740 -2.4733 0.1127 -0.9745 -0.1938 0.9473 0.9668
    51 3.1318 -12.1828 -2.6421 -0.0355 -0.5092 -0.8599 0.9316 0.9863
    50 3.2183 -12.1985 -2.6380 -0.1449 -0.6550 -0.7416 0.9512 0.9863
witch hand.bmp
    50 3.3171 -12.2740 -2.4733 0.1127 -0.9745 -0.1938 0.9473 0.9668
    51 3.1317 -12.2795 -2.4598 -0.0139 -0.9686 -0.2483 0.9277 0.9648
    51 3.1318 -12.1828 -2.6421 -0.0355 -0.5092 -0.8599 0.9316 0.9863
witch hand.bmp
    50 3.3171 -12.2740 -2.4733 0.1127 -0.9745 -0.1938 0.9473 0.9668
    51 3.1381 -12.2773 -2.2678 0.0356 -0.8829 0.4682 0.9258 0.9375
    51 3.1317 -12.2795 -2.4598 -0.0139 -0.9686 -0.2483 0.9277 0.9648
witch hand.bmp
    50 3.3171 -12.2740 -2.4733 0.1127 -0.9745 -0.1938 0.9473 0.9668
    50 3.4210 -12.2494 -2.2870 0.2702 -0.8602 0.4326 0.9434 0.9395
    51 3.1381 -12.2773 -2.2678 0.0356 -0.8829 0.4682 0.9258 0.9375
witch hand.bmp
    48 2.8860 -12.8253 -2.9173 -0.0478 -0.5085 0.8597 0.9258 0.9082
    47 3.1951 -12.8227 -2.9091 0.1558 -0.5450 0.8239 0.9434 0.9062
    48 2.9140 -12.5883 -2.8651 -0.0070 0.3598 0.9330 0.9355 0.8809
witch hand.bmp
    48 2.8860 -12.8253 -2.9173 -0.0478 -0.5085 0.8597 0.9258 0.9082
    47 3.2320 -12.9127 -3.0341 0.2625 -0.8965 0.3569 0.9434 0.9395
    47 3.1951 -12.8227 -2.9091 0.1558 -0.5450 0.8239 0.9434 0.9062
witch hand.bmp
    48 2.8860 -12.8253 -2.9173 -0.0478 -0.5085 0.8597 0.9258 0.9082
    48 2.8703 -12.9415 -3.0420 -0.0274 -0.9297 0.3673 0.9258 0.9375
    47 3.2320 -12.9127 -3.0341 0.2625 -0.8965 0.3569 0.9434 0.9395
witch hand.bmp
    48 2.8860 -12.8253 -2.9173 -0.0478 -0.5085 0.8597 0.9258 0.9082
    48 1.7382 -12.8037 -3.0736 -0.4302 -0.8235 0.3698 0.7754 0.9375
    48 2.8703 -12.9415 -3.0420 -0.0274 -0.9297 0.3673 0.9258 0.9375
witch hand.bmp
    41 4.2116 -12.4521 -4.9502 0.2573 -0.9352 -0.2434 0.6953 0.3281
    1 4.6471 -12.1146 -5.2375 0.5881 -0.5337 -0.6076 0.7344 0.3438
    1 4.8500 -12.1432 -4.7530 0.7389 -0.6308 -0.2367 0.7246 0.3086
witch hand.bmp
    41 4.2116 -12.4521 -4.9502 0.2573 -0.9352 -0.2434 0.6953 0.3281
    41 4.1916 -12.3763 -5.2025 0.1715 -0.7410 -0.6492 0.6992 0.3496
    1 4.6471 -12.1146 -5.2375 0.5881 -0.5337 -0.6076 0.7344 0.3438
witch hand.bmp
    41 4.2116 -12.4521 -4.9502 0.2573 -0.9352 -0.2434 0.6953 0.3281
    41 3.2301 -12.4617 -5.1766 -0.2664 -0.6816 -0.6815 0.6094 0.3730
    41 4.1916 -12.3763 -5.2025 0.1715 -0.7410 -0.6492 0.6992 0.3496
witch hand.bmp
    41 4.2116 -12.4521 -4.9502 0.2573 -0.9352 -0.2434 0.6953 0.3281
    41 3.2103 -12.5026 -4.9876 -0.3440 -0.9379 -0.0452 0.6035 0.3574
    41 3.2301 -12.4617 -5.1766 -0.2664 -0.6816 -0.6815 0.6094 0.3730
witch hand.bmp
    44 4.2890 -11.2477 -2.4841 -0.9154 -0.0996 -0.3901 0.6973 0.7559
    50 3.0778 -11.8775 -2.6289 0.8431 0.5377 -0.0089 0.5957 0.7520
    50 3.1179 -11.7388 -2.3678 -0.4663 0.0578 -0.8828 0.6152 0.7812
witch hand.bmp
    44 4.2890 -11.2477 -2.4841 -0.9154 -0.0996 -0.3901 0.6973 0.7559
    50 3.7473 -11.4724 -2.9103 -0.5120 0.5767 -0.6366 0.6699 0.7227
    50 3.0778 -11.8775 -2.6289 0.8431 0.5377 -0.0089 0.5957 0.7520
witch hand.bmp
    44 4.2890 -11.2477 -2.4841 -0.9154 -0.0996 -0.3901 0.6973 0.7559
    1 4.0009 -11.4950 -3.1892 -0.9564 0.2917 0.0171 0.7109 0.6836
    50 3.7473 -11.4724 -2.9103 -0.5120 0.5767 -0.6366 0.6699 0.7227
witch hand.bmp
    44 4.2890 -11.2477 -2.4841 -0.9154 -0.0996 -0.3901 0.6973 0.7559
    1 4.0655 -11.1218 -2.5396 -0.7478 -0.2301 0.6228 0.7324 0.7578
    1 4.0009 -11.4950 -3.1892 -0.9564 0.2917 0.0171 0.7109 0.6836
witch hand.bmp
    44 3.8499 -11.9356 -4.3433 -0.7742 0.3989 -0.4913 0.6465 0.5625
    44 3.7049 -12.0072 -3.9612 -0.5478 0.7328 0.4036 0.6367 0.5879
    1 3.9771 -11.8034 -3.7737 -0.8579 0.4964 -0.1324 0.6953 0.6211
witch hand.bmp
    44 3.8499 -11.9356 -4.3433 -0.7742 0.3989 -0.4913 0.6465 0.5625
    44 3.0886 -12.4290 -4.1976 -0.9000 0.2047 -0.3848 0.5586 0.5586
    44 3.7049 -12.0072 -3.9612 -0.5478 0.7328 0.4036 0.6367 0.5879
witch hand.bmp
    44 3.8499 -11.9356 -4.3433 -0.7742 0.3989 -0.4913 0.6465 0.5625
    44 3.1285 -12.6819 -4.2950 -0.0832 -0.1375 -0.9870 0.5547 0.5312
    44 3.0886 -12.4290 -4.1976 -0.9000 0.2047 -0.3848 0.5586 0.5586
witch hand.bmp
    44 3.8499 -11.9356 -4.3433 -0.7742 0.3989 -0.4913 0.6465 0.5625
    44 4.2586 -12.4022 -4.4812 -0.7406 -0.6700 0.0515 0.6504 0.5332
    44 3.1285 -12.6819 -4.2950 -0.0832 -0.1375 -0.9870 0.5547 0.5312
witch hand.bmp
    53 4.5306 -9.3672 -3.4195 0.0104 0.9365 0.3506 0.9434 0.0801
    53 4.3457 -9.3463 -3.6694 -0.4880 0.8724 -0.0279 0.9551 0.0703
    53 3.9224 -9.3909 -3.1904 -0.2669 0.9636 0.0131 0.9316 0.0273
witch hand.bmp
    53 4.5306 -9.3672 -3.4195 0.0104 0.9365 0.3506 0.9434 0.0801
    40 4.6298 -9.0679 -4.0891 -0.6053 0.7682 0.2084 0.9766 0.0879
    53 4.3457 -9.3463 -3.6694 -0.4880 0.8724 -0.0279 0.9551 0.0703
witch hand.bmp
    53 4.5306 -9.3672 -3.4195 0.0104 0.9365 0.3506 0.9434 0.0801
    40 4.8679 -9.0462 -3.8599 -0.1720 0.8226 0.5420 0.9707 0.0996
    40 4.6298 -9.0679 -4.0891 -0.6053 0.7682 0.2084 0.9766 0.0879
witch hand.bmp
    53 4.5306 -9.3672 -3.4195 0.0104 0.9365 0.3506 0.9434 0.0801
    40 4.9157 -9.3804 -3.4962 0.3854 0.6790 0.6249 0.9336 0.0918
    40 4.8679 -9.0462 -3.8599 -0.1720 0.8226 0.5420 0.9707 0.0996
witch hand.bmp
    53 3.9448 -9.9044 -2.3608 0.2438 0.4666 0.8502 0.3945 0.0762
    53 4.2333 -9.5246 -2.8970 0.2179 0.8204 0.5286 0.4434 0.0293
    53 3.7634 -9.6781 -2.5199 0.0891 0.7663 0.6363 0.4219 0.0762
witch hand.bmp
    53 3.9448 -9.9044 -2.3608 0.2438 0.4666 0.8502 0.3945 0.0762
    53 4.4037 -9.8763 -2.6499 0.3723 0.6472 0.6652 0.4102 0.0234
    53 4.2333 -9.5246 -2.8970 0.2179 0.8204 0.5286 0.4434 0.0293
witch hand.bmp
    53 3.9448 -9.9044 -2.3608 0.2438 0.4666 0.8502 0.3945 0.0762
    1 4.8524 -10.1940 -2.5841 0.6169 0.2141 0.7573 0.3574 0.0098
    53 4.4037 -9.8763 -2.6499 0.3723 0.6472 0.6652 0.4102 0.0234
witch hand.bmp
    53 3.9448 -9.9044 -2.3608 0.2438 0.4666 0.8502 0.3945 0.0762
    54 3.6774 -10.2659 -2.2122 0.0767 -0.1801 0.9806 0.3457 0.0684
    1 4.8524 -10.1940 -2.5841 0.6169 0.2141 0.7573 0.3574 0.0098
witch hand.bmp
    40 5.0154 -9.9657 -5.5307 0.2279 -0.1305 -0.9649 0.9297 0.3203
    1 4.5885 -10.1926 -5.4569 -0.3689 0.0346 -0.9288 0.9082 0.3418
    40 4.7154 -9.8029 -5.4688 -0.4359 0.0428 -0.8990 0.9316 0.3359
witch hand.bmp
    40 5.0154 -9.9657 -5.5307 0.2279 -0.1305 -0.9649 0.9297 0.3203
    1 4.9499 -10.3565 -5.5131 0.2434 -0.0983 -0.9649 0.9023 0.3223
    1 4.5885 -10.1926 -5.4569 -0.3689 0.0346 -0.9288 0.9082 0.3418
witch hand.bmp
    40 5.0154 -9.9657 -5.5307 0.2279 -0.1305 -0.9649 0.9297 0.3203
    1 5.3640 -10.3983 -5.1541 0.7920 -0.2169 -0.5707 0.8984 0.2949
    1 4.9499 -10.3565 -5.5131 0.2434 -0.0983 -0.9649 0.9023 0.3223
witch hand.bmp
    40 5.0154 -9.9657 -5.5307 0.2279 -0.1305 -0.9649 0.9297 0.3203
    40 5.3891 -10.0012 -5.2611 0.7395 -0.2334 -0.6313 0.9297 0.2871
    1 5.3640 -10.3983 -5.1541 0.7920 -0.2169 -0.5707 0.8984 0.2949
witch hand.bmp
    0 7.7707 -1.5746 -6.8594 0.7771 0.0516 0.6272 0.3301 0.9863
    0 7.0617 -1.2727 -6.4553 0.2111 0.2759 0.9377 0.2832 0.9863
    0 7.0169 -4.3835 -5.7078 0.7316 0.0381 0.6806 0.3164 0.7871
witch hand.bmp
    0 7.7707 -1.5746 -6.8594 0.7771 0.0516 0.6272 0.3301 0.9863
    0 7.0169 -4.3835 -5.7078 0.7316 0.0381 0.6806 0.3164 0.7871
    0 7.2651 -4.5839 -6.2983 0.9498 -0.2135 0.2287 0.3770 0.7930
witch hand.bmp
    0 7.2651 -4.5839 -6.2983 0.9498 -0.2135 0.2287 0.3770 0.7930
    0 7.0169 -4.3835 -5.7078 0.7316 0.0381 0.6806 0.3164 0.7871
    0 6.8831 -5.8778 -5.8609 0.9498 -0.2135 0.2287 0.3633 0.6621
witch hand.bmp
    0 7.2651 -4.5839 -6.2983 0.9498 -0.2135 0.2287 0.3770 0.7930
    0 6.8831 -5.8778 -5.8609 0.9498 -0.2135 0.2287 0.3633 0.6621
    0 6.7789 -6.1124 -6.5423 0.8473 -0.4139 -0.3329 0.4141 0.6641
witch hand.bmp
    43 2.1294 -11.0180 -4.9559 -0.8242 -0.0176 0.5660 0.7676 0.3965
    43 2.2658 -11.3686 -4.9353 -0.8705 -0.3606 0.3348 0.8105 0.3848
    43 2.2148 -11.0523 -4.9192 0.6106 0.0773 0.7882 0.7656 0.3770
witch hand.bmp
    43 2.1294 -11.0180 -4.9559 -0.8242 -0.0176 0.5660 0.7676 0.3965
    43 2.2148 -11.0523 -4.9192 0.6106 0.0773 0.7882 0.7656 0.3770
    43 2.1766 -10.7753 -4.9723 -0.7768 0.3950 0.4904 0.7305 0.4004
witch hand.bmp
    43 2.1766 -10.7753 -4.9723 -0.7768 0.3950 0.4904 0.7305 0.4004
    43 2.2148 -11.0523 -4.9192 0.6106 0.0773 0.7882 0.7656 0.3770
    43 2.2219 -10.8170 -4.9286 0.3343 -0.0813 0.9390 0.7305 0.3887
witch hand.bmp
    43 2.1766 -10.7753 -4.9723 -0.7768 0.3950 0.4904 0.7305 0.4004
    43 2.2219 -10.8170 -4.9286 0.3343 -0.0813 0.9390 0.7305 0.3887
    43 2.3311 -10.5435 -5.0305 0.4393 0.8925 0.1020 0.6934 0.4141
witch hand.bmp
    46 1.3392 -11.4430 -4.1516 -0.7627 -0.1142 0.6365 0.7676 0.3965
    46 1.5623 -11.8240 -4.0575 -0.8189 -0.4715 0.3273 0.8105 0.3848
    46 1.4747 -11.4626 -4.0719 0.5904 0.2298 0.7737 0.7656 0.3770
witch hand.bmp
    46 1.3392 -11.4430 -4.1516 -0.7627 -0.1142 0.6365 0.7676 0.3965
    46 1.4747 -11.4626 -4.0719 0.5904 0.2298 0.7737 0.7656 0.3770
    46 1.3371 -11.1443 -4.1824 -0.7055 0.2612 0.6588 0.7305 0.4004
witch hand.bmp
    46 1.3371 -11.1443 -4.1824 -0.7055 0.2612 0.6588 0.7305 0.4004
    46 1.4747 -11.4626 -4.0719 0.5904 0.2298 0.7737 0.7656 0.3770
    46 1.4071 -11.1703 -4.1447 0.6410 0.3673 0.6740 0.7305 0.3887
witch hand.bmp
    46 1.3371 -11.1443 -4.1824 -0.7055 0.2612 0.6588 0.7305 0.4004
    46 1.4071 -11.1703 -4.1447 0.6410 0.3673 0.6740 0.7305 0.3887
    46 1.3924 -10.8581 -4.3103 0.2100 0.9767 -0.0453 0.6934 0.4141
witch hand.bmp
    49 0.9888 -11.9801 -3.2799 -0.5364 0.0586 0.8420 0.7676 0.3965
    49 1.3259 -12.2541 -3.1554 -0.5312 -0.4255 0.7327 0.8105 0.3848
    49 1.1102 -11.9396 -3.2648 0.6245 0.6697 0.4019 0.7656 0.3770
witch hand.bmp
    49 0.9888 -11.9801 -3.2799 -0.5364 0.0586 0.8420 0.7676 0.3965
    49 1.1102 -11.9396 -3.2648 0.6245 0.6697 0.4019 0.7656 0.3770
    49 0.8078 -11.7197 -3.4969 -0.6115 0.3355 0.7166 0.7305 0.4004
witch hand.bmp
    49 0.8078 -11.7197 -3.4969 -0.6115 0.3355 0.7166 0.7305 0.4004
    49 1.1102 -11.9396 -3.2648 0.6245 0.6697 0.4019 0.7656 0.3770
    49 0.9218 -11.6855 -3.4792 0.5523 0.7106 0.4359 0.7305 0.3887
witch hand.bmp
    49 0.8078 -11.7197 -3.4969 -0.6115 0.3355 0.7166 0.7305 0.4004
    49 0.9218 -11.6855 -3.4792 0.5523 0.7106 0.4359 0.7305 0.3887
    49 0.7762 -11.4391 -3.7448 -0.2048 0.8461 -0.4922 0.6934 0.4141
witch hand.bmp
    52 1.5074 -11.6973 -2.5466 -0.5407 0.0248 0.8408 0.7676 0.3965
    52 1.8049 -11.8100 -2.4166 -0.3813 -0.1543 0.9115 0.8105 0.3848
    52 1.5727 -11.5972 -2.5641 0.4039 0.8357 0.3721 0.7656 0.3770
witch hand.bmp
    52 1.5074 -11.6973 -2.5466 -0.5407 0.0248 0.8408 0.7676 0.3965
    52 1.5727 -11.5972 -2.5641 0.4039 0.8357 0.3721 0.7656 0.3770
    52 1.2988 -11.4850 -2.7454 -0.6970 0.2763 0.6617 0.7305 0.4004
witch hand.bmp
    52 1.2988 -11.4850 -2.7454 -0.6970 0.2763 0.6617 0.7305 0.4004
    52 1.5727 -11.5972 -2.5641 0.4039 0.8357 0.3721 0.7656 0.3770
    52 1.3485 -11.4270 -2.7542 0.2611 0.8823 0.3917 0.7305 0.3887
witch hand.bmp
    52 1.2988 -11.4850 -2.7454 -0.6970 0.2763 0.6617 0.7305 0.4004
    52 1.3485 -11.4270 -2.7542 0.2611 0.8823 0.3917 0.7305 0.3887
    52 1.2037 -11.2825 -3.0399 -0.3440 0.6889 -0.6380 0.6934 0.4141
witch hand.bmp
    55 1.6388 -9.7813 -2.5980 -0.0110 0.9868 -0.1615 0.7676 0.3965
    55 2.0598 -9.8608 -2.6554 0.2228 0.9497 -0.2202 0.8105 0.3848
    55 1.6398 -9.8414 -2.7339 0.0263 -0.0239 -0.9994 0.7656 0.3770
witch hand.bmp
    55 1.6388 -9.7813 -2.5980 -0.0110 0.9868 -0.1615 0.7676 0.3965
    55 1.6398 -9.8414 -2.7339 0.0263 -0.0239 -0.9994 0.7656 0.3770
    55 1.2480 -9.8498 -2.6198 -0.2883 0.9219 -0.2589 0.7305 0.4004
witch hand.bmp
    55 1.2480 -9.8498 -2.6198 -0.2883 0.9219 -0.2589 0.7305 0.4004
    55 1.6398 -9.8414 -2.7339 0.0263 -0.0239 -0.9994 0.7656 0.3770
    55 1.2700 -9.8742 -2.6934 -0.1443 -0.0813 -0.9862 0.7305 0.3887
witch hand.bmp
    55 1.2480 -9.8498 -2.6198 -0.2883 0.9219 -0.2589 0.7305 0.4004
    55 1.2700 -9.8742 -2.6934 -0.1443 -0.0813 -0.9862 0.7305 0.3887
    55 0.8479 -10.0379 -2.6211 -0.9287 -0.3172 -0.1921 0.6934 0.4141
witch hand.bmp
    26 -4.1526 -13.0452 -2.6891 -0.7159 -0.0085 -0.6982 0.9316 0.9863
    27 -3.5218 -13.2515 -3.0758 -0.5191 -0.2725 -0.8102 0.7891 0.9785
    26 -4.1290 -13.2073 -2.6338 -0.4352 -0.8080 -0.3972 0.9277 0.9648
witch hand.bmp
    26 -4.1526 -13.0452 -2.6891 -0.7159 -0.0085 -0.6982 0.9316 0.9863
    26 -4.1290 -13.2073 -2.6338 -0.4352 -0.8080 -0.3972 0.9277 0.9648
    25 -4.3153 -13.2029 -2.4873 -0.5575 -0.8234 -0.1056 0.9473 0.9668
witch hand.bmp
    25 -4.3153 -13.2029 -2.4873 -0.5575 -0.8234 -0.1056 0.9473 0.9668
    26 -4.1290 -13.2073 -2.6338 -0.4352 -0.8080 -0.3972 0.9277 0.9648
    25 -4.2265 -13.1727 -2.3170 -0.3273 -0.7899 0.5186 0.9434 0.9395
witch hand.bmp
    36 -1.4470 -12.9058 -0.9582 -0.3877 -0.7364 -0.5544 0.6953 0.7930
    36 -2.0313 -12.6584 -0.6108 -0.5913 -0.7162 -0.3707 0.8301 0.7852
    36 -1.4876 -12.7049 -1.0820 -0.2364 -0.1675 -0.9571 0.6992 0.8145
witch hand.bmp
    36 -1.4470 -12.9058 -0.9582 -0.3877 -0.7364 -0.5544 0.6953 0.7930
    36 -1.4876 -12.7049 -1.0820 -0.2364 -0.1675 -0.9571 0.6992 0.8145
    36 -1.3264 -12.9023 -0.9792 0.2452 -0.6437 -0.7249 0.6758 0.8066
witch hand.bmp
    36 -1.3264 -12.9023 -0.9792 0.2452 -0.6437 -0.7249 0.6758 0.8066
    36 -1.4876 -12.7049 -1.0820 -0.2364 -0.1675 -0.9571 0.6992 0.8145
    36 -1.2225 -12.8621 -0.9569 0.7312 -0.3826 -0.5647 0.6719 0.8301
witch hand.bmp
    30 -2.2653 -12.5585 -3.2027 -0.4981 -0.1138 -0.8596 0.6953 0.7930
    30 -2.6672 -13.1273 -2.7228 -0.5239 -0.2991 -0.7976 0.8301 0.7852
    30 -2.3448 -12.3982 -3.0983 -0.6045 0.5600 -0.5665 0.6992 0.8145
witch hand.bmp
    30 -2.2653 -12.5585 -3.2027 -0.4981 -0.1138 -0.8596 0.6953 0.7930
    30 -2.3448 -12.3982 -3.0983 -0.6045 0.5600 -0.5665 0.6992 0.8145
    30 -2.1782 -12.4817 -3.2255 -0.0366 0.3844 -0.9224 0.6758 0.8066
witch hand.bmp
    30 -2.1782 -12.4817 -3.2255 -0.0366 0.3844 -0.9224 0.6758 0.8066
    30 -2.3448 -12.3982 -3.0983 -0.6045 0.5600 -0.5665 0.6992 0.8145
    30 -2.0903 -12.4249 -3.1721 0.4386 0.6625 -0.6073 0.6719 0.8301
witch hand.bmp
    29 -2.4007 -13.2198 -2.3787 0.7448 -0.4187 0.5196 0.7812 0.9082
    30 -2.0664 -12.4682 -2.9276 0.6993 0.3929 0.5972 0.6543 0.8887
    30 -2.3898 -12.9700 -2.4047 0.6595 0.2725 0.7006 0.7910 0.8848
witch hand.bmp
    29 -2.4007 -13.2198 -2.3787 0.7448 -0.4187 0.5196 0.7812 0.9082
    30 -2.3898 -12.9700 -2.4047 0.6595 0.2725 0.7006 0.7910 0.8848
    29 -3.2724 -13.1271 -1.7471 0.3559 -0.5329 0.7677 0.9258 0.9082
witch hand.bmp
    29 -3.2724 -13.1271 -1.7471 0.3559 -0.5329 0.7677 0.9258 0.9082
    30 -2.3898 -12.9700 -2.4047 0.6595 0.2725 0.7006 0.7910 0.8848
    29 -3.2401 -12.8931 -1.7250 0.6569 0.2650 0.7058 0.9355 0.8809
witch hand.bmp
    26 -3.8916 -12.9548 -2.3316 0.5612 0.2822 0.7781 0.9336 0.8691
    26 -3.3272 -13.0231 -2.8700 0.8459 0.0446 -0.5314 0.8477 0.8516
    26 -3.9841 -12.7380 -2.4990 -0.4223 0.7412 0.5218 0.9395 0.8477
witch hand.bmp
    26 -3.8916 -12.9548 -2.3316 0.5612 0.2822 0.7781 0.9336 0.8691
    26 -3.9841 -12.7380 -2.4990 -0.4223 0.7412 0.5218 0.9395 0.8477
    25 -3.9554 -12.9989 -2.2479 0.7290 -0.4234 0.5379 0.9492 0.8730
witch hand.bmp
    25 -3.9554 -12.9989 -2.2479 0.7290 -0.4234 0.5379 0.9492 0.8730
    26 -3.9841 -12.7380 -2.4990 -0.4223 0.7412 0.5218 0.9395 0.8477
    25 -3.8564 -12.8935 -2.5337 0.7201 -0.6889 -0.0829 0.9512 0.8516
witch hand.bmp
    32 -2.6801 -12.6594 -1.0062 0.6037 0.5234 0.6013 0.9336 0.8691
    32 -1.9920 -12.9626 -1.7645 -0.3138 0.8111 0.4936 0.8477 0.8516
    32 -2.7637 -12.5662 -1.2449 -0.2474 0.9685 0.0299 0.9395 0.8477
witch hand.bmp
    32 -2.6801 -12.6594 -1.0062 0.6037 0.5234 0.6013 0.9336 0.8691
    32 -2.7637 -12.5662 -1.2449 -0.2474 0.9685 0.0299 0.9395 0.8477
    31 -2.7863 -12.6320 -0.9136 0.6685 0.1448 0.7295 0.9492 0.8730
witch hand.bmp
    31 -2.7863 -12.6320 -0.9136 0.6685 0.1448 0.7295 0.9492 0.8730
    32 -2.7637 -12.5662 -1.2449 -0.2474 0.9685 0.0299 0.9395 0.8477
    31 -2.7675 -12.6170 -1.1884 -0.4987 0.8168 -0.2900 0.9512 0.8516
witch hand.bmp
    27 -3.5672 -13.0209 -2.9692 -0.9437 -0.2123 0.2535 0.8164 0.8145
    26 -3.4543 -13.0576 -3.0487 0.5724 -0.2460 -0.7822 0.8398 0.8125
    27 -3.4401 -12.9840 -2.8176 -0.3625 -0.0730 0.9291 0.8242 0.8496
witch hand.bmp
    27 -3.5672 -13.0209 -2.9692 -0.9437 -0.2123 0.2535 0.8164 0.8145
    27 -3.4401 -12.9840 -2.8176 -0.3625 -0.0730 0.9291 0.8242 0.8496
    27 -3.3789 -12.7359 -3.0749 -0.5424 0.7867 0.2947 0.7207 0.8320
witch hand.bmp
    27 -3.3789 -12.7359 -3.0749 -0.5424 0.7867 0.2947 0.7207 0.8320
    27 -3.4401 -12.9840 -2.8176 -0.3625 -0.0730 0.9291 0.8242 0.8496
    27 -3.1227 -12.6221 -3.1954 0.2112 0.8802 0.4251 0.6992 0.8516
witch hand.bmp
    33 -2.1844 -13.0115 -1.9497 -0.9874 0.1319 0.0871 0.8164 0.8145
    32 -2.1335 -13.0781 -1.9047 -0.9728 0.2308 -0.0219 0.8398 0.8125
    33 -2.0181 -12.8799 -1.7989 -0.3897 0.6541 0.6482 0.8242 0.8496
witch hand.bmp
    33 -2.1844 -13.0115 -1.9497 -0.9874 0.1319 0.0871 0.8164 0.8145
    33 -2.0181 -12.8799 -1.7989 -0.3897 0.6541 0.6482 0.8242 0.8496
    33 -1.9252 -12.7158 -2.2721 -0.5610 0.8127 -0.1572 0.7207 0.8320
witch hand.bmp
    33 -1.9252 -12.7158 -2.2721 -0.5610 0.8127 -0.1572 0.7207 0.8320
    33 -2.0181 -12.8799 -1.7989 -0.3897 0.6541 0.6482 0.8242 0.8496
    33 -1.6177 -12.6773 -2.4260 0.2337 0.9721 -0.0195 0.6992 0.8516
witch hand.bmp
    33 -1.6379 -13.1870 -2.1591 0.3672 -0.9066 -0.2081 0.7148 0.9375
    33 -1.6379 -13.1870 -2.1591 0.5016 -0.8531 -0.1437 0.7148 0.9375
    33 -1.6379 -13.1870 -2.1591 0.8369 -0.5036 0.2144 0.7148 0.9375
witch hand.bmp
    33 -1.6379 -13.1870 -2.1591 0.3672 -0.9066 -0.2081 0.7148 0.9375
    33 -1.6379 -13.1870 -2.1591 0.8369 -0.5036 0.2144 0.7148 0.9375
    32 -1.9313 -13.4375 -1.5636 0.3804 -0.8343 0.3990 0.7754 0.9375
witch hand.bmp
    32 -1.9313 -13.4375 -1.5636 0.3804 -0.8343 0.3990 0.7754 0.9375
    33 -1.6379 -13.1870 -2.1591 0.8369 -0.5036 0.2144 0.7148 0.9375
    33 -1.5677 -13.0320 -2.0834 0.8967 -0.0768 0.4359 0.7090 0.9102
witch hand.bmp
    39 -0.7618 -11.4344 -1.8492 -0.2958 -0.8064 -0.5121 0.0957 0.0371
    39 -0.6421 -11.4976 -1.6744 0.1258 -0.9797 0.1561 0.0703 0.0293
    39 -1.0428 -11.1665 -1.4967 -0.4760 -0.7038 0.5273 0.0430 0.0684
witch hand.bmp
    39 -0.7618 -11.4344 -1.8492 -0.2958 -0.8064 -0.5121 0.0957 0.0371
    39 -1.0428 -11.1665 -1.4967 -0.4760 -0.7038 0.5273 0.0430 0.0684
    39 -1.1203 -11.1392 -1.6870 -0.7259 -0.6660 -0.1721 0.0703 0.0703
witch hand.bmp
    39 -1.1203 -11.1392 -1.6870 -0.7259 -0.6660 -0.1721 0.0703 0.0703
    39 -1.0428 -11.1665 -1.4967 -0.4760 -0.7038 0.5273 0.0430 0.0684
    39 -1.3891 -10.7433 -1.3714 -0.6105 -0.6239 0.4879 0.0234 0.1328
witch hand.bmp
    30 -2.1519 -12.5741 -3.2342 0.1769 -0.3797 -0.9080 0.6289 0.9629
    30 -2.2653 -12.5585 -3.2027 -0.4981 -0.1138 -0.8596 0.6504 0.9805
    30 -2.1782 -12.4817 -3.2255 -0.0366 0.3844 -0.9224 0.6016 0.9590
witch hand.bmp
    30 -2.1519 -12.5741 -3.2342 0.1769 -0.3797 -0.9080 0.6289 0.9629
    30 -2.1782 -12.4817 -3.2255 -0.0366 0.3844 -0.9224 0.6016 0.9590
    30 -2.0389 -12.5141 -3.1618 0.7082 0.2836 -0.6466 0.6055 0.9336
witch hand.bmp
    30 -2.0389 -12.5141 -3.1618 0.7082 0.2836 -0.6466 0.6055 0.9336
    30 -2.1782 -12.4817 -3.2255 -0.0366 0.3844 -0.9224 0.6016 0.9590
    30 -2.0903 -12.4249 -3.1721 0.4386 0.6625 -0.6073 0.5957 0.9336
witch hand.bmp
    31 -3.2262 -12.8923 -1.0355 -0.6010 -0.7526 0.2693 0.9473 0.9668
    31 -3.1524 -12.9184 -1.2272 -0.5433 -0.7050 -0.4559 0.9512 0.9863
    32 -3.0254 -12.9570 -1.3143 -0.6336 -0.4734 -0.6120 0.9316 0.9863
witch hand.bmp
    31 -3.2262 -12.8923 -1.0355 -0.6010 -0.7526 0.2693 0.9473 0.9668
    32 -3.0254 -12.9570 -1.3143 -0.6336 -0.4734 -0.6120 0.9316 0.9863
    32 -2.9565 -13.0492 -1.1645 -0.4304 -0.8967 0.1040 0.9277 0.9648
witch hand.bmp
    32 -2.9565 -13.0492 -1.1645 -0.4304 -0.8967 0.1040 0.9277 0.9648
    32 -3.0254 -12.9570 -1.3143 -0.6336 -0.4734 -0.6120 0.9316 0.9863
    33 -2.1205 -13.2897 -1.9677 -0.6000 -0.5225 -0.6058 0.7891 0.9785
witch hand.bmp
    25 -4.0748 -12.1043 -2.5417 0.9470 0.2245 -0.2299 0.6621 0.5215
    25 -3.8564 -12.8935 -2.5337 0.7201 -0.6889 -0.0829 0.5859 0.4941
    25 -4.0073 -12.9455 -2.6877 0.4931 -0.7981 -0.3463 0.5957 0.4668
witch hand.bmp
    25 -4.0748 -12.1043 -2.5417 0.9470 0.2245 -0.2299 0.6621 0.5215
    25 -4.0073 -12.9455 -2.6877 0.4931 -0.7981 -0.3463 0.5957 0.4668
    25 -4.4329 -12.0680 -2.8588 0.3274 -0.4765 -0.8159 0.6914 0.4844
witch hand.bmp
    25 -4.4329 -12.0680 -2.8588 0.3274 -0.4765 -0.8159 0.6914 0.4844
    25 -4.0073 -12.9455 -2.6877 0.4931 -0.7981 -0.3463 0.5957 0.4668
    25 -4.1950 -13.1019 -2.6302 0.4265 0.6170 -0.6614 0.6016 0.4336
witch hand.bmp
    23 -4.6575 -10.5046 -3.6653 -0.7096 -0.2136 -0.6715 0.9023 0.3223
    23 -4.8202 -10.2086 -3.2306 -0.9675 0.1813 -0.1761 0.8984 0.2949
    24 -4.4951 -10.0770 -3.9799 -0.6105 -0.3261 -0.7218 0.9297 0.3203
witch hand.bmp
    23 -4.6575 -10.5046 -3.6653 -0.7096 -0.2136 -0.6715 0.9023 0.3223
    24 -4.4951 -10.0770 -3.9799 -0.6105 -0.3261 -0.7218 0.9297 0.3203
    23 -4.2782 -10.5637 -3.7884 -0.1471 -0.4909 -0.8587 0.9082 0.3418
witch hand.bmp
    23 -4.2782 -10.5637 -3.7884 -0.1471 -0.4909 -0.8587 0.9082 0.3418
    24 -4.4951 -10.0770 -3.9799 -0.6105 -0.3261 -0.7218 0.9297 0.3203
    24 -4.1756 -10.0321 -4.1069 -0.0612 -0.3936 -0.9172 0.9316 0.3359
witch hand.bmp
    23 -4.9957 -11.9546 -2.6499 -0.9751 -0.1803 -0.1291 0.7344 0.3438
    23 -4.9302 -11.7280 -2.1796 -0.9452 -0.0849 0.3152 0.7246 0.3086
    23 -4.8394 -11.1147 -3.2839 -0.7906 -0.1967 -0.5799 0.8242 0.3320
witch hand.bmp
    23 -4.9957 -11.9546 -2.6499 -0.9751 -0.1803 -0.1291 0.7344 0.3438
    23 -4.8394 -11.1147 -3.2839 -0.7906 -0.1967 -0.5799 0.8242 0.3320
    23 -4.7589 -12.1120 -2.9363 -0.3304 -0.5502 -0.7669 0.7363 0.3652
witch hand.bmp
    23 -4.7589 -12.1120 -2.9363 -0.3304 -0.5502 -0.7669 0.7363 0.3652
    23 -4.8394 -11.1147 -3.2839 -0.7906 -0.1967 -0.5799 0.8242 0.3320
    23 -4.3349 -11.0765 -3.4951 -0.0769 -0.4930 -0.8666 0.8379 0.3613
witch hand.bmp
    22 -4.4460 -9.5833 -4.2175 -0.2041 -0.5069 -0.8375 0.0664 0.2891
    22 -4.1466 -9.4261 -4.2559 0.3231 -0.2570 -0.9108 0.1211 0.2812
    24 -4.1756 -10.0321 -4.1069 -0.0612 -0.3936 -0.9172 0.0625 0.2090
witch hand.bmp
    22 -4.4460 -9.5833 -4.2175 -0.2041 -0.5069 -0.8375 0.0664 0.2891
    24 -4.1756 -10.0321 -4.1069 -0.0612 -0.3936 -0.9172 0.0625 0.2090
    22 -4.6350 -9.6107 -4.0692 -0.6806 -0.5515 -0.4823 0.0371 0.2891
witch hand.bmp
    22 -4.6350 -9.6107 -4.0692 -0.6806 -0.5515 -0.4823 0.0371 0.2891
    24 -4.1756 -10.0321 -4.1069 -0.0612 -0.3936 -0.9172 0.0625 0.2090
    24 -4.4951 -10.0770 -3.9799 -0.6105 -0.3261 -0.7218 0.0312 0.2129
witch hand.bmp
    22 -3.6594 -8.9145 -3.8942 0.8108 0.1031 -0.5762 0.1719 0.2773
    22 -3.8267 -9.1803 -4.0939 0.6781 -0.0516 -0.7331 0.1445 0.2715
    22 -4.4980 -7.8714 -4.8366 0.7832 0.0305 -0.6210 0.1562 0.4590
witch hand.bmp
    22 -3.6594 -8.9145 -3.8942 0.8108 0.1031 -0.5762 0.1719 0.2773
    22 -4.4980 -7.8714 -4.8366 0.7832 0.0305 -0.6210 0.1562 0.4590
    22 -4.3412 -7.7100 -4.6615 0.8601 0.1756 -0.4790 0.1758 0.4551
witch hand.bmp
    22 -4.3412 -7.7100 -4.6615 0.8601 0.1756 -0.4790 0.1758 0.4551
    22 -4.4980 -7.8714 -4.8366 0.7832 0.0305 -0.6210 0.1562 0.4590
    22 -5.2070 -6.0605 -5.6680 0.8838 0.1882 -0.4284 0.1680 0.6621
witch hand.bmp
    22 -5.5699 -8.1112 -4.0206 -0.7764 -0.3180 0.5441 0.3984 0.4453
    22 -4.7598 -9.5260 -3.7494 -0.9317 -0.3592 0.0538 0.4414 0.2695
    22 -4.6717 -9.2074 -3.3254 -0.8519 -0.0728 0.5186 0.3906 0.2715
witch hand.bmp
    22 -5.5699 -8.1112 -4.0206 -0.7764 -0.3180 0.5441 0.3984 0.4453
    22 -4.6717 -9.2074 -3.3254 -0.8519 -0.0728 0.5186 0.3906 0.2715
    22 -5.3118 -7.7312 -3.6940 -0.4909 0.0615 0.8691 0.3496 0.4473
witch hand.bmp
    22 -5.3118 -7.7312 -3.6940 -0.4909 0.0615 0.8691 0.3496 0.4473
    22 -4.6717 -9.2074 -3.3254 -0.8519 -0.0728 0.5186 0.3906 0.2715
    22 -4.4458 -8.8958 -3.0930 -0.5807 0.2430 0.7770 0.3496 0.2734
witch hand.bmp
    27 -2.9786 -12.5874 -3.4763 -0.6589 0.2646 0.7042 0.5625 0.4160
    27 -3.0934 -12.5957 -3.5298 -0.9441 0.2518 -0.2127 0.5625 0.4336
    27 -3.1793 -12.8320 -3.4154 -0.9637 0.2263 -0.1419 0.5371 0.4414
witch hand.bmp
    27 -2.9786 -12.5874 -3.4763 -0.6589 0.2646 0.7042 0.5625 0.4160
    27 -3.1793 -12.8320 -3.4154 -0.9637 0.2263 -0.1419 0.5371 0.4414
    27 -2.9870 -12.7611 -3.4052 -0.6928 0.4405 0.5709 0.5391 0.4160
witch hand.bmp
    27 -2.9870 -12.7611 -3.4052 -0.6928 0.4405 0.5709 0.5391 0.4160
    27 -3.1793 -12.8320 -3.4154 -0.9637 0.2263 -0.1419 0.5371 0.4414
    27 -3.2544 -13.0327 -3.2833 0.0952 -0.7716 -0.6289 0.5059 0.4395
witch hand.bmp
    30 -1.9808 -12.2855 -3.2404 -0.8942 0.2286 0.3849 0.5625 0.4160
    30 -2.1338 -12.3061 -3.3243 -0.9221 0.2018 -0.3301 0.5625 0.4336
    30 -2.2441 -12.5775 -3.2118 -0.9304 0.1583 -0.3306 0.5371 0.4414
witch hand.bmp
    30 -1.9808 -12.2855 -3.2404 -0.8942 0.2286 0.3849 0.5625 0.4160
    30 -2.2441 -12.5775 -3.2118 -0.9304 0.1583 -0.3306 0.5371 0.4414
    30 -2.0662 -12.4982 -3.1600 -0.7630 0.4542 0.4599 0.5391 0.4160
witch hand.bmp
    30 -2.0662 -12.4982 -3.1600 -0.7630 0.4542 0.4599 0.5391 0.4160
    30 -2.2441 -12.5775 -3.2118 -0.9304 0.1583 -0.3306 0.5371 0.4414
    30 -2.3560 -12.8703 -2.9933 0.2321 -0.7937 -0.5623 0.5059 0.4395
witch hand.bmp
    39 -0.4087 -11.4657 -1.8169 -0.7965 -0.4040 0.4499 0.5625 0.4160
    39 -0.3798 -11.4669 -1.6387 -0.0537 -0.2881 0.9561 0.5625 0.4336
    39 -0.5407 -11.1297 -1.5526 0.1017 -0.1359 0.9855 0.5371 0.4414
witch hand.bmp
    39 -0.4087 -11.4657 -1.8169 -0.7965 -0.4040 0.4499 0.5625 0.4160
    39 -0.5407 -11.1297 -1.5526 0.1017 -0.1359 0.9855 0.5371 0.4414
    39 -0.5754 -11.2420 -1.7873 -0.6945 -0.5340 0.4822 0.5391 0.4160
witch hand.bmp
    39 -0.5754 -11.2420 -1.7873 -0.6945 -0.5340 0.4822 0.5391 0.4160
    39 -0.5407 -11.1297 -1.5526 0.1017 -0.1359 0.9855 0.5371 0.4414
    39 -0.7407 -10.8320 -1.5266 0.7207 0.6477 0.2471 0.5059 0.4395
witch hand.bmp
    33 -1.4428 -12.7383 -2.7957 -0.8199 0.5001 0.2788 0.5625 0.4160
    33 -1.5391 -12.8226 -2.8747 -0.8473 -0.1429 -0.5116 0.5625 0.4336
    33 -1.6500 -13.0243 -2.5890 -0.9490 0.0364 -0.3133 0.5371 0.4414
witch hand.bmp
    33 -1.4428 -12.7383 -2.7957 -0.8199 0.5001 0.2788 0.5625 0.4160
    33 -1.6500 -13.0243 -2.5890 -0.9490 0.0364 -0.3133 0.5371 0.4414
    33 -1.4743 -12.9345 -2.5646 -0.7898 0.5663 0.2357 0.5391 0.4160
witch hand.bmp
    33 -1.4743 -12.9345 -2.5646 -0.7898 0.5663 0.2357 0.5391 0.4160
    33 -1.6500 -13.0243 -2.5890 -0.9490 0.0364 -0.3133 0.5371 0.4414
    33 -1.7661 -13.2044 -2.2831 0.1761 -0.9606 -0.2149 0.5059 0.4395
witch hand.bmp
    36 -1.0896 -12.9309 -1.0573 -0.4350 0.7293 -0.5281 0.5625 0.4160
    36 -1.1658 -13.0118 -1.1037 -0.5989 -0.3574 -0.7167 0.5625 0.4336
    36 -1.4167 -12.9417 -0.9044 -0.6599 -0.1868 -0.7278 0.5371 0.4414
witch hand.bmp
    36 -1.0896 -12.9309 -1.0573 -0.4350 0.7293 -0.5281 0.5625 0.4160
    36 -1.4167 -12.9417 -0.9044 -0.6599 -0.1868 -0.7278 0.5371 0.4414
    36 -1.2500 -12.8705 -0.8540 -0.3649 0.7047 -0.6084 0.5391 0.4160
witch hand.bmp
    36 -1.2500 -12.8705 -0.8540 -0.3649 0.7047 -0.6084 0.5391 0.4160
    36 -1.4167 -12.9417 -0.9044 -0.6599 -0.1868 -0.7278 0.5371 0.4414
    36 -1.6615 -12.8347 -0.7063 -0.4733 -0.8585 0.1974 0.5059 0.4395
witch hand.bmp
    43 2.4806 -11.7338 -4.8384 -0.1534 -0.0122 0.9881 0.7910 0.8848
    43 2.2678 -11.0725 -4.8950 -0.2252 0.1616 0.9608 0.6543 0.8887
    42 2.3509 -11.8613 -4.8986 -0.6531 -0.4359 0.6193 0.7812 0.9082
witch hand.bmp
    43 2.4806 -11.7338 -4.8384 -0.1534 -0.0122 0.9881 0.7910 0.8848
    42 2.3509 -11.8613 -4.8986 -0.6531 -0.4359 0.6193 0.7812 0.9082
    42 3.0278 -12.3084 -4.8763 -0.5849 -0.6432 0.4941 0.9258 0.9082
witch hand.bmp
    42 3.0278 -12.3084 -4.8763 -0.5849 -0.6432 0.4941 0.9258 0.9082
    42 2.3509 -11.8613 -4.8986 -0.6531 -0.4359 0.6193 0.7812 0.9082
    42 3.0172 -12.3186 -4.9975 -0.6125 -0.7845 -0.0969 0.9258 0.9375
witch hand.bmp
    42 3.0694 -12.2842 -5.1840 -0.3436 -0.4734 -0.8111 0.9277 0.9648
    43 2.5033 -11.6944 -5.2279 0.0440 0.0643 -0.9970 0.7891 0.9785
    42 3.1975 -12.1789 -5.1942 0.6077 0.2675 -0.7478 0.9316 0.9863
witch hand.bmp
    42 3.0694 -12.2842 -5.1840 -0.3436 -0.4734 -0.8111 0.9277 0.9648
    42 3.1975 -12.1789 -5.1942 0.6077 0.2675 -0.7478 0.9316 0.9863
    41 3.2301 -12.4617 -5.1766 -0.2664 -0.6816 -0.6815 0.9473 0.9668
witch hand.bmp
    41 3.2301 -12.4617 -5.1766 -0.2664 -0.6816 -0.6815 0.9473 0.9668
    42 3.1975 -12.1789 -5.1942 0.6077 0.2675 -0.7478 0.9316 0.9863
    41 3.2354 -12.2496 -5.1862 0.1037 0.1215 -0.9872 0.9512 0.9863
witch hand.bmp
    48 1.7382 -12.8037 -3.0736 -0.4302 -0.8235 0.3698 0.7754 0.9375
    49 1.3259 -12.2541 -3.1554 -0.4698 -0.1144 0.8753 0.7090 0.9102
    49 1.3016 -12.3871 -3.2730 -0.6710 -0.4504 0.5889 0.7148 0.9375
witch hand.bmp
    48 1.7382 -12.8037 -3.0736 -0.4302 -0.8235 0.3698 0.7754 0.9375
    49 1.3016 -12.3871 -3.2730 -0.6710 -0.4504 0.5889 0.7148 0.9375
    49 1.3016 -12.3871 -3.2730 -0.6603 -0.7452 -0.0931 0.7148 0.9375
witch hand.bmp
    49 1.3016 -12.3871 -3.2730 -0.6603 -0.7452 -0.0931 0.7148 0.9375
    49 1.3016 -12.3871 -3.2730 -0.6710 -0.4504 0.5889 0.7148 0.9375
    49 1.3016 -12.3871 -3.2730 -0.7007 -0.7117 0.0504 0.7148 0.9375
witch hand.bmp
    48 2.8865 -12.9386 -3.2385 -0.0381 -0.9365 -0.3486 0.9277 0.9648
    49 1.7425 -12.5954 -3.4584 -0.0175 -0.3636 -0.9314 0.7891 0.9785
    48 2.9210 -12.8151 -3.3773 0.0147 -0.3302 -0.9438 0.9316 0.9863
witch hand.bmp
    48 2.8865 -12.9386 -3.2385 -0.0381 -0.9365 -0.3486 0.9277 0.9648
    48 2.9210 -12.8151 -3.3773 0.0147 -0.3302 -0.9438 0.9316 0.9863
    47 3.1901 -12.9378 -3.2403 0.1684 -0.9433 -0.2860 0.9473 0.9668
witch hand.bmp
    47 3.1901 -12.9378 -3.2403 0.1684 -0.9433 -0.2860 0.9473 0.9668
    48 2.9210 -12.8151 -3.3773 0.0147 -0.3302 -0.9438 0.9316 0.9863
    47 3.0701 -12.8284 -3.3617 -0.0605 -0.4710 -0.8800 0.9512 0.9863
witch hand.bmp
    46 1.9045 -12.1249 -3.9115 -0.0941 0.1589 0.9828 0.7910 0.8848
    46 1.5060 -11.4583 -4.0714 -0.1717 0.2897 0.9416 0.6543 0.8887
    45 1.8590 -12.3590 -3.9432 -0.5044 -0.3968 0.7669 0.7812 0.9082
witch hand.bmp
    46 1.9045 -12.1249 -3.9115 -0.0941 0.1589 0.9828 0.7910 0.8848
    45 1.8590 -12.3590 -3.9432 -0.5044 -0.3968 0.7669 0.7812 0.9082
    45 2.8457 -12.8125 -3.8474 -0.2485 -0.6446 0.7230 0.9258 0.9082
witch hand.bmp
    45 2.8457 -12.8125 -3.8474 -0.2485 -0.6446 0.7230 0.9258 0.9082
    45 1.8590 -12.3590 -3.9432 -0.5044 -0.3968 0.7669 0.7812 0.9082
    45 2.8190 -12.8943 -4.0274 -0.2563 -0.9625 0.0894 0.9258 0.9375
witch hand.bmp
    52 1.5471 -11.6706 -2.8398 -0.5687 0.1335 -0.8116 0.6758 0.8066
    52 1.5012 -11.5841 -2.7683 -0.7663 0.4942 -0.4105 0.6719 0.8301
    52 1.8103 -11.5776 -2.8908 0.1200 0.2647 -0.9568 0.6992 0.8145
witch hand.bmp
    52 1.5471 -11.6706 -2.8398 -0.5687 0.1335 -0.8116 0.6758 0.8066
    52 1.8103 -11.5776 -2.8908 0.1200 0.2647 -0.9568 0.6992 0.8145
    52 1.6394 -11.7485 -2.8668 -0.1689 -0.3855 -0.9071 0.6953 0.7930
witch hand.bmp
    52 1.6394 -11.7485 -2.8668 -0.1689 -0.3855 -0.9071 0.6953 0.7930
    52 1.8103 -11.5776 -2.8908 0.1200 0.2647 -0.9568 0.6992 0.8145
    52 2.2189 -12.1242 -2.6517 -0.0151 -0.5543 -0.8322 0.8301 0.7852
witch hand.bmp
    46 1.4424 -11.4010 -4.3781 -0.3448 0.6196 -0.7051 0.6758 0.8066
    46 1.4116 -11.3515 -4.2760 -0.5050 0.8522 -0.1371 0.6719 0.8301
    46 1.6563 -11.3808 -4.3528 0.3481 0.6213 -0.7021 0.6992 0.8145
witch hand.bmp
    46 1.4424 -11.4010 -4.3781 -0.3448 0.6196 -0.7051 0.6758 0.8066
    46 1.6563 -11.3808 -4.3528 0.3481 0.6213 -0.7021 0.6992 0.8145
    46 1.4974 -11.4950 -4.4208 -0.0580 0.0733 -0.9956 0.6953 0.7930
witch hand.bmp
    46 1.4974 -11.4950 -4.4208 -0.0580 0.0733 -0.9956 0.6953 0.7930
    46 1.6563 -11.3808 -4.3528 0.3481 0.6213 -0.7021 0.6992 0.8145
    46 1.9396 -12.2138 -4.3518 -0.0204 -0.1026 -0.9945 0.8301 0.7852
witch hand.bmp
    55 1.4794 -10.1471 -2.4239 -0.6279 -0.6223 0.4673 0.1758 0.0371
    55 1.4032 -10.1261 -2.6287 -0.8412 -0.4729 -0.2622 0.1914 0.0156
    55 1.9161 -10.3166 -2.6179 -0.2347 -0.9285 -0.2879 0.2285 0.0566
witch hand.bmp
    55 1.4794 -10.1471 -2.4239 -0.6279 -0.6223 0.4673 0.1758 0.0371
    55 1.9161 -10.3166 -2.6179 -0.2347 -0.9285 -0.2879 0.2285 0.0566
    55 1.9383 -10.3035 -2.4242 -0.2333 -0.9138 0.3326 0.2051 0.0723
witch hand.bmp
    55 1.9383 -10.3035 -2.4242 -0.2333 -0.9138 0.3326 0.2051 0.0723
    55 1.9161 -10.3166 -2.6179 -0.2347 -0.9285 -0.2879 0.2285 0.0566
    55 2.4704 -10.3961 -2.5853 0.0093 -0.9237 -0.3831 0.2520 0.1230
witch hand.bmp
    55 2.5189 -10.2132 -2.7549 0.3989 -0.3614 -0.8428 0.0547 0.1426
    55 2.6112 -9.8981 -2.7584 0.8309 -0.2394 -0.5023 0.0781 0.1602
    54 2.5237 -10.2714 -2.7157 -0.3198 -0.5526 -0.7697 0.0332 0.1602
witch hand.bmp
    55 2.5189 -10.2132 -2.7549 0.3989 -0.3614 -0.8428 0.0547 0.1426
    54 2.5237 -10.2714 -2.7157 -0.3198 -0.5526 -0.7697 0.0332 0.1602
    55 2.4704 -10.3961 -2.5853 0.0093 -0.9237 -0.3831 0.0234 0.1328
witch hand.bmp
    55 2.4704 -10.3961 -2.5853 0.0093 -0.9237 -0.3831 0.0234 0.1328
    54 2.5237 -10.2714 -2.7157 -0.3198 -0.5526 -0.7697 0.0332 0.1602
    54 2.5810 -10.4414 -2.4357 -0.1878 -0.9821 0.0117 0.0137 0.1582
witch hand.bmp
    49 1.5791 -11.9325 -3.4649 0.5629 0.7608 -0.3229 0.7207 0.8320
    49 1.2563 -11.8239 -3.3791 0.0711 0.9486 0.3085 0.6992 0.8516
    49 1.8784 -12.2437 -3.1945 0.7038 0.6309 0.3267 0.8242 0.8496
witch hand.bmp
    49 1.5791 -11.9325 -3.4649 0.5629 0.7608 -0.3229 0.7207 0.8320
    49 1.8784 -12.2437 -3.1945 0.7038 0.6309 0.3267 0.8242 0.8496
    49 1.8774 -12.3443 -3.4342 0.7015 0.2078 -0.6817 0.8164 0.8145
witch hand.bmp
    49 1.8774 -12.3443 -3.4342 0.7015 0.2078 -0.6817 0.8164 0.8145
    49 1.8784 -12.2437 -3.1945 0.7038 0.6309 0.3267 0.8242 0.8496
    48 1.9199 -12.4155 -3.3783 0.5350 0.4040 -0.7420 0.8398 0.8125
witch hand.bmp
    41 4.2035 -11.7698 -5.1313 -0.6859 -0.6351 -0.3553 0.6914 0.4844
    41 3.2354 -12.2496 -5.1862 0.1037 0.1215 -0.9872 0.6016 0.4336
    41 3.2402 -12.0264 -5.0755 -0.2243 0.7968 -0.5611 0.5957 0.4668
witch hand.bmp
    41 4.2035 -11.7698 -5.1313 -0.6859 -0.6351 -0.3553 0.6914 0.4844
    41 3.2402 -12.0264 -5.0755 -0.2243 0.7968 -0.5611 0.5957 0.4668
    41 3.9680 -11.7641 -4.7083 0.1023 0.8212 0.5615 0.6621 0.5215
witch hand.bmp
    41 3.9680 -11.7641 -4.7083 0.1023 0.8212 0.5615 0.6621 0.5215
    41 3.2402 -12.0264 -5.0755 -0.2243 0.7968 -0.5611 0.5957 0.4668
    41 3.2121 -12.0177 -4.8570 -0.4004 0.8016 0.4440 0.5859 0.4941
witch hand.bmp
    47 4.4682 -12.3380 -3.5081 0.5043 -0.8585 -0.0936 0.6738 0.2090
    47 4.3494 -12.2773 -3.6524 -0.4292 -0.8757 0.2212 0.6621 0.2168
    44 4.3180 -12.3974 -3.7589 0.3619 -0.7881 0.4980 0.6777 0.2246
witch hand.bmp
    47 4.4682 -12.3380 -3.5081 0.5043 -0.8585 -0.0936 0.6738 0.2090
    44 4.3180 -12.3974 -3.7589 0.3619 -0.7881 0.4980 0.6777 0.2246
    1 5.1374 -11.7290 -3.6544 0.8573 -0.4619 0.2274 0.7363 0.2070
witch hand.bmp
    1 5.1374 -11.7290 -3.6544 0.8573 -0.4619 0.2274 0.7363 0.2070
    44 4.3180 -12.3974 -3.7589 0.3619 -0.7881 0.4980 0.6777 0.2246
    1 5.0556 -11.9775 -4.1730 0.8083 -0.5878 0.0352 0.7266 0.2578
witch hand.bmp
    0 5.1263 -9.3650 -5.6226 0.0852 -0.1839 -0.9792 0.0371 0.2891
    40 5.0154 -9.9657 -5.5307 0.2279 -0.1305 -0.9649 0.0312 0.2129
    40 4.7154 -9.8029 -5.4688 -0.4359 0.0428 -0.8990 0.0625 0.2090
witch hand.bmp
    0 5.1263 -9.3650 -5.6226 0.0852 -0.1839 -0.9792 0.0371 0.2891
    40 4.7154 -9.8029 -5.4688 -0.4359 0.0428 -0.8990 0.0625 0.2090
    0 4.8971 -9.3108 -5.5665 -0.5498 -0.0155 -0.8352 0.0664 0.2891
witch hand.bmp
    0 4.8971 -9.3108 -5.5665 -0.5498 -0.0155 -0.8352 0.0664 0.2891
    40 4.7154 -9.8029 -5.4688 -0.4359 0.0428 -0.8990 0.0625 0.2090
    0 4.6971 -9.1922 -5.3306 -0.8903 0.1545 -0.4283 0.1211 0.2812
witch hand.bmp
    0 4.8779 -7.4965 -5.3653 -0.9653 0.1835 0.1859 0.1562 0.4590
    0 4.6354 -9.0609 -4.9114 -0.9506 0.2953 -0.0956 0.1445 0.2715
    0 4.7110 -8.9223 -4.5744 -0.8906 0.4242 0.1640 0.1719 0.2773
witch hand.bmp
    0 4.8779 -7.4965 -5.3653 -0.9653 0.1835 0.1859 0.1562 0.4590
    0 4.7110 -8.9223 -4.5744 -0.8906 0.4242 0.1640 0.1719 0.2773
    0 4.9196 -7.4370 -5.0801 -0.8913 0.2483 0.3794 0.1758 0.4551
witch hand.bmp
    0 4.9196 -7.4370 -5.0801 -0.8913 0.2483 0.3794 0.1758 0.4551
    0 4.7110 -8.9223 -4.5744 -0.8906 0.4242 0.1640 0.1719 0.2773
    0 4.8406 -8.8196 -4.3318 -0.7412 0.4783 0.4710 0.1953 0.2793
witch hand.bmp
    0 5.5446 -1.2493 -7.2147 -0.8913 0.2483 0.3794 0.1719 0.9824
    0 5.5244 -1.6414 -8.1759 -0.9181 0.0007 -0.3964 0.0781 0.9805
    0 5.1271 -4.3191 -7.1865 -0.9378 -0.0378 -0.3452 0.0781 0.7988
witch hand.bmp
    0 5.5446 -1.2493 -7.2147 -0.8913 0.2483 0.3794 0.1719 0.9824
    0 5.1271 -4.3191 -7.1865 -0.9378 -0.0378 -0.3452 0.0781 0.7988
    0 5.1485 -4.1595 -6.6818 -0.9854 0.1260 0.1144 0.1211 0.7988
witch hand.bmp
    0 5.1485 -4.1595 -6.6818 -0.9854 0.1260 0.1144 0.1211 0.7988
    0 5.1271 -4.3191 -7.1865 -0.9378 -0.0378 -0.3452 0.0781 0.7988
    0 5.0846 -5.7249 -6.7318 -0.8999 -0.0926 -0.4262 0.0820 0.6680
witch hand.bmp
    27 -2.9532 -12.7674 -3.2843 0.9786 -0.1307 0.1590 0.6309 0.9023
    27 -2.9909 -12.7684 -3.3995 0.7535 0.1364 -0.6431 0.6055 0.9336
    27 -2.9671 -12.6835 -3.2918 0.8088 0.5868 0.0391 0.6094 0.9004
witch hand.bmp
    27 -2.9532 -12.7674 -3.2843 0.9786 -0.1307 0.1590 0.6309 0.9023
    27 -2.9671 -12.6835 -3.2918 0.8088 0.5868 0.0391 0.6094 0.9004
    27 -2.9999 -12.7189 -3.2009 0.7251 0.3389 0.5994 0.6543 0.8887
witch hand.bmp
    36 -1.1978 -12.7955 -0.7795 0.8309 -0.0112 0.5564 0.6309 0.9023
    36 -1.2289 -12.9012 -0.8567 0.8100 -0.5603 -0.1728 0.6055 0.9336
    36 -1.1891 -12.7619 -0.8717 0.9741 0.1420 -0.1761 0.6094 0.9004
witch hand.bmp
    36 -1.1978 -12.7955 -0.7795 0.8309 -0.0112 0.5564 0.6309 0.9023
    36 -1.1891 -12.7619 -0.8717 0.9741 0.1420 -0.1761 0.6094 0.9004
    36 -1.2349 -12.6732 -0.7959 0.8050 0.5191 0.2871 0.6543 0.8887
witch hand.bmp
    36 -1.8517 -12.6606 -0.3267 0.0207 -0.6080 0.7936 0.7754 0.9375
    36 -1.4664 -12.6351 -0.5620 0.6478 0.0844 0.7571 0.7090 0.9102
    36 -1.7477 -12.5017 -0.3218 0.4669 0.0108 0.8843 0.7812 0.9082
witch hand.bmp
    36 -1.8517 -12.6606 -0.3267 0.0207 -0.6080 0.7936 0.7754 0.9375
    36 -1.7477 -12.5017 -0.3218 0.4669 0.0108 0.8843 0.7812 0.9082
    35 -2.5549 -11.8777 -0.1703 0.2214 0.1663 0.9609 0.9258 0.9082
witch hand.bmp
    25 -4.4632 -12.1666 -1.9582 -0.0370 -0.9215 0.3867 0.6797 0.2871
    25 -4.6385 -12.2130 -1.9643 -0.5743 -0.4716 0.6691 0.6895 0.2988
    25 -4.1249 -13.1220 -2.2299 0.0468 -0.6116 0.7898 0.5977 0.3359
witch hand.bmp
    25 -4.4632 -12.1666 -1.9582 -0.0370 -0.9215 0.3867 0.6797 0.2871
    25 -4.1249 -13.1220 -2.2299 0.0468 -0.6116 0.7898 0.5977 0.3359
    25 -3.9554 -12.9989 -2.2479 0.7290 -0.4234 0.5379 0.5938 0.3223
witch hand.bmp
    34 -2.8724 -12.0081 -0.3333 -0.6602 -0.6577 0.3628 0.5723 0.0918
    34 -3.7351 -11.1066 -0.8281 -0.7166 -0.1375 0.6838 0.6992 0.1445
    31 -3.5650 -11.3999 -0.9838 0.0088 -0.5297 0.8481 0.6816 0.1465
witch hand.bmp
    34 -2.8724 -12.0081 -0.3333 -0.6602 -0.6577 0.3628 0.5723 0.0918
    31 -3.5650 -11.3999 -0.9838 0.0088 -0.5297 0.8481 0.6816 0.1465
    34 -2.8099 -12.0878 -0.5236 -0.4468 -0.8709 -0.2045 0.5684 0.1016
witch hand.bmp
    28 -3.6260 -12.0523 -1.9281 0.9231 0.3346 -0.1896 0.6367 0.5879
    28 -3.8971 -11.9925 -2.2365 0.5038 -0.3184 -0.8030 0.6465 0.5625
    23 -3.6413 -11.6990 -1.7618 0.7813 -0.1025 -0.6157 0.6953 0.6211
witch hand.bmp
    28 -3.6260 -12.0523 -1.9281 0.9231 0.3346 -0.1896 0.6367 0.5879
    23 -3.6413 -11.6990 -1.7618 0.7813 -0.1025 -0.6157 0.6953 0.6211
    31 -3.6783 -11.8953 -1.7511 0.7648 -0.6177 0.1830 0.6484 0.6191
witch hand.bmp
    38 -1.7702 -10.5486 -1.4401 -0.3090 -0.8859 0.3459 0.8770 0.3945
    39 -1.4347 -10.5921 -1.2581 -0.3590 -0.5753 0.7349 0.8320 0.3887
    38 -1.7557 -10.4651 -1.2997 -0.3008 -0.5504 0.7788 0.8789 0.3789
witch hand.bmp
    38 -1.7702 -10.5486 -1.4401 -0.3090 -0.8859 0.3459 0.8770 0.3945
    38 -1.7557 -10.4651 -1.2997 -0.3008 -0.5504 0.7788 0.8789 0.3789
    38 -2.3214 -10.2652 -1.3708 0.1342 -0.7303 0.6698 0.9336 0.3809
witch hand.bmp
    31 -3.4105 -11.8695 -1.6964 0.2990 -0.1442 -0.9433 0.6426 0.6445
    31 -2.9316 -12.7377 -1.3514 -0.2992 0.9479 -0.1093 0.5566 0.6621
    31 -3.1524 -12.9184 -1.2272 -0.5433 -0.7050 -0.4559 0.5430 0.6387
witch hand.bmp
    31 -3.4105 -11.8695 -1.6964 0.2990 -0.1442 -0.9433 0.6426 0.6445
    31 -3.1524 -12.9184 -1.2272 -0.5433 -0.7050 -0.4559 0.5430 0.6387
    28 -3.9810 -11.9089 -1.3866 -0.2362 -0.8167 0.5265 0.6328 0.6152
witch hand.bmp
    25 -4.7338 -12.3078 -2.7492 -0.4114 -0.5297 -0.7417 0.7031 0.3652
    25 -4.1950 -13.1019 -2.6302 0.4265 0.6170 -0.6614 0.6152 0.3906
    25 -4.3153 -13.2029 -2.4873 -0.5575 -0.8234 -0.1056 0.6094 0.3730
witch hand.bmp
    25 -4.7338 -12.3078 -2.7492 -0.4114 -0.5297 -0.7417 0.7031 0.3652
    25 -4.3153 -13.2029 -2.4873 -0.5575 -0.8234 -0.1056 0.6094 0.3730
    25 -4.8446 -12.3949 -2.5268 -0.8839 -0.4661 -0.0388 0.6992 0.3496
witch hand.bmp
    23 -3.0486 -9.9786 -1.1219 -0.0278 0.3757 0.9263 0.3184 0.0176
    23 -2.8034 -10.3250 -1.1670 0.5356 0.0082 0.8444 0.2852 0.0293
    38 -2.0651 -9.7322 -1.3076 0.3542 0.4686 0.8093 0.3457 0.0684
witch hand.bmp
    23 -3.0486 -9.9786 -1.1219 -0.0278 0.3757 0.9263 0.3184 0.0176
    38 -2.0651 -9.7322 -1.3076 0.3542 0.4686 0.8093 0.3457 0.0684
    38 -2.5686 -9.3147 -1.2689 0.0486 0.7143 0.6982 0.3574 0.0098
witch hand.bmp
    38 -2.2924 -9.2154 -1.7175 0.3374 0.9295 0.1487 0.8789 0.0430
    38 -2.2407 -9.2804 -2.1706 0.4715 0.8305 -0.2966 0.9082 0.0371
    37 -3.1088 -9.3284 -2.1097 0.0140 0.9995 -0.0288 0.8867 0.0723
witch hand.bmp
    38 -2.2924 -9.2154 -1.7175 0.3374 0.9295 0.1487 0.8789 0.0430
    37 -3.1088 -9.3284 -2.1097 0.0140 0.9995 -0.0288 0.8867 0.0723
    38 -2.5686 -9.3147 -1.2689 0.0486 0.7143 0.6982 0.8281 0.0547
witch hand.bmp
    22 -6.0333 -5.2717 -6.8057 0.7540 -0.0520 -0.6549 0.1211 0.7988
    22 -5.8340 -6.7218 -6.2457 0.3397 -0.4299 -0.8365 0.0820 0.6680
    22 -6.3492 -5.6087 -7.0705 0.4166 -0.3586 -0.8354 0.0781 0.7988
witch hand.bmp
    22 -6.0333 -5.2717 -6.8057 0.7540 -0.0520 -0.6549 0.1211 0.7988
    22 -6.3492 -5.6087 -7.0705 0.4166 -0.3586 -0.8354 0.0781 0.7988
    22 -7.0387 -2.7457 -8.0383 0.8601 0.1756 -0.4790 0.1719 0.9824
witch hand.bmp
    49 0.9745 -12.0247 -3.4238 -0.9661 0.2284 -0.1203 0.6055 0.9336
    49 1.0175 -11.9680 -3.2851 -0.6630 0.1526 0.7329 0.6309 0.9023
    49 1.0343 -11.8980 -3.3363 -0.5968 0.7331 0.3261 0.6094 0.9004
witch hand.bmp
    49 0.9745 -12.0247 -3.4238 -0.9661 0.2284 -0.1203 0.6055 0.9336
    49 1.0343 -11.8980 -3.3363 -0.5968 0.7331 0.3261 0.6094 0.9004
    49 0.9991 -11.9276 -3.4646 -0.7867 0.5788 -0.2146 0.5957 0.9336
witch hand.bmp
    52 1.5320 -11.5545 -2.6376 -0.6208 0.7525 0.2198 0.6094 0.9004
    52 1.4741 -11.6585 -2.6945 -0.9658 0.2244 -0.1298 0.6055 0.9336
    52 1.5167 -11.6227 -2.5818 -0.6583 0.1872 0.7291 0.6309 0.9023
witch hand.bmp
    52 1.5320 -11.5545 -2.6376 -0.6208 0.7525 0.2198 0.6094 0.9004
    52 1.5167 -11.6227 -2.5818 -0.6583 0.1872 0.7291 0.6309 0.9023
    52 1.6266 -11.5609 -2.5551 -0.2721 0.6400 0.7186 0.6543 0.8887
witch hand.bmp
    51 2.1542 -12.1157 -2.1646 -0.3579 -0.1877 0.9147 0.7812 0.9082
    52 1.8049 -11.8100 -2.4166 -0.5430 -0.0216 0.8394 0.7090 0.9102
    51 2.1663 -12.2679 -2.2727 -0.3680 -0.8160 0.4458 0.7754 0.9375
witch hand.bmp
    51 2.1542 -12.1157 -2.1646 -0.3579 -0.1877 0.9147 0.7812 0.9082
    51 2.1663 -12.2679 -2.2727 -0.3680 -0.8160 0.4458 0.7754 0.9375
    51 3.1460 -12.1243 -2.1604 0.0154 -0.2686 0.9631 0.9258 0.9082
witch hand.bmp
    44 3.0886 -12.4290 -4.1976 -0.9000 0.2047 -0.3848 0.9512 0.8125
    44 3.1285 -12.6819 -4.2950 -0.0832 -0.1375 -0.9870 0.9453 0.7832
    45 3.0943 -12.4697 -4.2007 -0.9784 0.1800 -0.1013 0.9395 0.8125
witch hand.bmp
    44 3.0886 -12.4290 -4.1976 -0.9000 0.2047 -0.3848 0.9512 0.8125
    45 3.0943 -12.4697 -4.2007 -0.9784 0.1800 -0.1013 0.9395 0.8125
    44 3.0778 -12.3820 -3.9218 -0.8593 0.4214 0.2899 0.9512 0.8516
witch hand.bmp
    46 1.3932 -11.4835 -4.3862 -0.7044 -0.0878 -0.7043 0.6289 0.9629
    46 1.3527 -11.4351 -4.2641 -0.8417 0.5335 -0.0833 0.6055 0.9336
    46 1.4424 -11.4010 -4.3781 -0.3448 0.6196 -0.7051 0.6016 0.9590
witch hand.bmp
    46 1.3932 -11.4835 -4.3862 -0.7044 -0.0878 -0.7043 0.6289 0.9629
    46 1.4424 -11.4010 -4.3781 -0.3448 0.6196 -0.7051 0.6016 0.9590
    46 1.4974 -11.4950 -4.4208 -0.0580 0.0733 -0.9956 0.6504 0.9805
witch hand.bmp
    55 2.3948 -10.3517 -2.3509 -0.2286 -0.8936 0.3863 0.2285 0.1387
    54 2.5810 -10.4414 -2.4357 -0.1878 -0.9821 0.0117 0.2441 0.1602
    54 2.6609 -10.3826 -2.2460 -0.2732 -0.8141 0.5125 0.2207 0.1582
witch hand.bmp
    55 2.3948 -10.3517 -2.3509 -0.2286 -0.8936 0.3863 0.2285 0.1387
    54 2.6609 -10.3826 -2.2460 -0.2732 -0.8141 0.5125 0.2207 0.1582
    55 2.4997 -10.1715 -2.0820 -0.3029 -0.7325 0.6097 0.1934 0.1582
witch hand.bmp
    47 3.7223 -11.7632 -3.2585 -0.6393 0.7243 0.2583 0.6484 0.6816
    47 3.0442 -12.6114 -2.8562 -0.1100 0.1558 0.9816 0.5566 0.7129
    50 4.3264 -11.9291 -2.9648 -0.0848 -0.7935 0.6026 0.6504 0.6953
witch hand.bmp
    47 3.7223 -11.7632 -3.2585 -0.6393 0.7243 0.2583 0.6484 0.6816
    50 4.3264 -11.9291 -2.9648 -0.0848 -0.7935 0.6026 0.6504 0.6953
    44 4.0893 -11.5170 -2.9942 -0.7475 -0.6360 -0.1918 0.6719 0.6973
witch hand.bmp
    54 2.9875 -10.4828 -2.5522 -0.1362 -0.9904 -0.0242 0.8789 0.3789
    54 2.5810 -10.4414 -2.4357 -0.1878 -0.9821 0.0117 0.8320 0.3887
    54 2.9521 -10.4269 -2.7049 -0.2268 -0.8381 -0.4960 0.8770 0.3945
witch hand.bmp
    54 2.9875 -10.4828 -2.5522 -0.1362 -0.9904 -0.0242 0.8789 0.3789
    54 2.9521 -10.4269 -2.7049 -0.2268 -0.8381 -0.4960 0.8770 0.3945
    54 3.5582 -10.5731 -2.7228 -0.1846 -0.9654 -0.1841 0.9336 0.3809
witch hand.bmp
    1 5.0048 -9.7322 -3.1003 0.6066 0.5630 0.5613 0.8867 0.0723
    53 4.2333 -9.5246 -2.8970 0.2179 0.8204 0.5286 0.9082 0.0371
    53 4.4037 -9.8763 -2.6499 0.3723 0.6472 0.6652 0.8789 0.0430
witch hand.bmp
    1 5.0048 -9.7322 -3.1003 0.6066 0.5630 0.5613 0.8867 0.0723
    53 4.4037 -9.8763 -2.6499 0.3723 0.6472 0.6652 0.8789 0.0430
    1 4.8524 -10.1940 -2.5841 0.6169 0.2141 0.7573 0.8281 0.0547
witch hand.bmp
    0 6.1301 -7.9178 -5.7007 0.8473 -0.4139 -0.3329 0.3984 0.4453
    0 6.2528 -7.7385 -5.1806 0.9498 -0.2135 0.2287 0.3496 0.4473
    0 5.7459 -9.2919 -5.0505 0.9143 -0.3255 -0.2411 0.3906 0.2715
witch hand.bmp
    0 6.1301 -7.9178 -5.7007 0.8473 -0.4139 -0.3329 0.3984 0.4453
    0 5.7459 -9.2919 -5.0505 0.9143 -0.3255 -0.2411 0.3906 0.2715
    0 5.4396 -9.4040 -5.4870 0.6066 -0.3320 -0.7224 0.4414 0.2695
witch hand.bmp
    43 2.1745 -11.0007 -5.0527 0.9689 -0.0889 0.2308 0.5391 0.4160
    43 2.2219 -10.8170 -4.9286 0.3343 -0.0813 0.9390 0.5645 0.3965
    43 2.2148 -11.0523 -4.9192 0.6106 0.0773 0.7882 0.5371 0.3867
witch hand.bmp
    43 2.1745 -11.0007 -5.0527 0.9689 -0.0889 0.2308 0.5391 0.4160
    43 2.2148 -11.0523 -4.9192 0.6106 0.0773 0.7882 0.5371 0.3867
    43 2.2658 -11.3686 -4.9353 -0.8705 -0.3606 0.3348 0.5059 0.3945
witch hand.bmp
    46 1.3706 -11.4263 -4.2649 0.9762 0.2154 0.0263 0.5391 0.4160
    46 1.4071 -11.1703 -4.1447 0.6410 0.3673 0.6740 0.5645 0.3965
    46 1.4747 -11.4626 -4.0719 0.5904 0.2298 0.7737 0.5371 0.3867
witch hand.bmp
    46 1.3706 -11.4263 -4.2649 0.9762 0.2154 0.0263 0.5391 0.4160
    46 1.4747 -11.4626 -4.0719 0.5904 0.2298 0.7737 0.5371 0.3867
    46 1.5623 -11.8240 -4.0575 -0.8189 -0.4715 0.3273 0.5059 0.3945
witch hand.bmp
    55 1.5586 -9.8997 -2.5447 0.0093 -0.9237 -0.3831 0.5391 0.4160
    55 1.2700 -9.8742 -2.6934 -0.1443 -0.0813 -0.9862 0.5645 0.3965
    55 1.6398 -9.8414 -2.7339 0.0263 -0.0239 -0.9994 0.5371 0.3867
witch hand.bmp
    55 1.5586 -9.8997 -2.5447 0.0093 -0.9237 -0.3831 0.5391 0.4160
    55 1.6398 -9.8414 -2.7339 0.0263 -0.0239 -0.9994 0.5371 0.3867
    55 2.0598 -9.8608 -2.6554 0.2228 0.9497 -0.2202 0.5059 0.3945
witch hand.bmp
    49 0.9964 -12.0058 -3.4318 0.8987 0.3831 -0.2135 0.5391 0.4160
    49 0.9218 -11.6855 -3.4792 0.5523 0.7106 0.4359 0.5645 0.3965
    49 1.1102 -11.9396 -3.2648 0.6245 0.6697 0.4019 0.5371 0.3867
witch hand.bmp
    49 0.9964 -12.0058 -3.4318 0.8987 0.3831 -0.2135 0.5391 0.4160
    49 1.1102 -11.9396 -3.2648 0.6245 0.6697 0.4019 0.5371 0.3867
    49 1.3259 -12.2541 -3.1554 -0.5312 -0.4255 0.7327 0.5059 0.3945
witch hand.bmp
    52 1.5161 -11.6536 -2.6986 0.7755 0.5388 -0.3290 0.5391 0.4160
    52 1.3485 -11.4270 -2.7542 0.2611 0.8823 0.3917 0.5645 0.3965
    52 1.5727 -11.5972 -2.5641 0.4039 0.8357 0.3721 0.5371 0.3867
witch hand.bmp
    52 1.5161 -11.6536 -2.6986 0.7755 0.5388 -0.3290 0.5391 0.4160
    52 1.5727 -11.5972 -2.5641 0.4039 0.8357 0.3721 0.5371 0.3867
    52 1.8049 -11.8100 -2.4166 -0.3813 -0.1543 0.9115 0.5059 0.3945
witch hand.bmp
    33 -1.4201 -12.8070 -2.4983 0.7391 0.5911 -0.3230 0.6094 0.9004
    33 -1.3821 -12.8684 -2.4475 0.9870 0.0983 0.1271 0.6309 0.9023
    33 -1.4476 -12.9643 -2.5654 0.6940 -0.0671 -0.7169 0.6055 0.9336
witch hand.bmp
    36 -1.3144 -12.5568 -0.9672 0.6464 0.6593 -0.3840 0.6992 0.8516
    36 -1.3687 -12.6730 -1.0699 0.3880 0.1385 -0.9112 0.6895 0.8301
    36 -1.5859 -12.4686 -0.9877 -0.0490 0.6593 -0.7503 0.7207 0.8320
witch hand.bmp
    29 -2.4831 -13.3544 -2.4982 0.4155 -0.9096 -0.0002 0.7754 0.9375
    30 -2.2285 -12.8786 -2.8760 0.5823 -0.6859 -0.4364 0.7148 0.9375
    30 -2.1476 -12.8003 -2.7854 0.9290 -0.3022 0.2134 0.7090 0.9102
witch hand.bmp
    29 -2.4007 -13.2198 -2.3787 0.7448 -0.4187 0.5196 0.7812 0.9082
    29 -3.2724 -13.1271 -1.7471 0.3559 -0.5329 0.7677 0.9258 0.9082
    29 -3.3730 -13.2410 -1.8607 -0.0689 -0.9257 0.3719 0.9258 0.9375
witch hand.bmp
    39 -1.3891 -10.7433 -1.3714 -0.6105 -0.6239 0.4879 0.2520 0.1230
    39 -1.0428 -11.1665 -1.4967 -0.4760 -0.7038 0.5273 0.2285 0.0566
    39 -0.9177 -11.0477 -1.3798 -0.0755 -0.4178 0.9054 0.2051 0.0723
witch hand.bmp
    39 -0.5072 -11.3687 -1.7734 0.6512 -0.7108 -0.2658 0.1387 0.0234
    39 -0.6421 -11.4976 -1.6744 0.1258 -0.9797 0.1561 0.1367 0.0098
    39 -0.7618 -11.4344 -1.8492 -0.2958 -0.8064 -0.5121 0.0957 0.0371
witch hand.bmp
    39 -1.3588 -10.5056 -1.8713 -0.0655 -0.2759 -0.9590 0.0781 0.1602
    39 -1.1227 -10.4195 -1.8417 0.3339 0.1882 -0.9236 0.1074 0.1562
    39 -0.9344 -10.8735 -1.8607 0.2693 0.1827 -0.9456 0.1133 0.0938
witch hand.bmp
    39 -1.4501 -10.7010 -1.6289 -0.7723 -0.5580 -0.3036 0.0547 0.1426
    39 -1.3588 -10.5056 -1.8713 -0.0655 -0.2759 -0.9590 0.0781 0.1602
    39 -1.1065 -10.9615 -1.8541 -0.4424 -0.2797 -0.8521 0.0820 0.0879
witch hand.bmp
    26 -3.8916 -12.9548 -2.3316 0.5612 0.2822 0.7781 0.9336 0.8691
    27 -3.3001 -13.1600 -2.7543 0.6369 0.1993 0.7447 0.8340 0.8730
    26 -3.3272 -13.0231 -2.8700 0.8459 0.0446 -0.5314 0.8477 0.8516
witch hand.bmp
    32 -2.6801 -12.6594 -1.0062 0.6037 0.5234 0.6013 0.9336 0.8691
    33 -1.8355 -13.0013 -1.6906 0.6170 0.5848 0.5267 0.8340 0.8730
    32 -1.9920 -12.9626 -1.7645 -0.3138 0.8111 0.4936 0.8477 0.8516
witch hand.bmp
    33 -1.8355 -13.0013 -1.6906 0.6170 0.5848 0.5267 0.8340 0.8730
    33 -1.4623 -12.7946 -2.3789 0.6728 0.6300 0.3879 0.6992 0.8691
    33 -1.6177 -12.6773 -2.4260 0.2337 0.9721 -0.0195 0.6992 0.8516
witch hand.bmp
    36 -1.7392 -12.3323 -0.4069 0.6385 0.6084 0.4714 0.8340 0.8730
    36 -1.2349 -12.6732 -0.7959 0.8050 0.5191 0.2871 0.6992 0.8691
    36 -1.3144 -12.5568 -0.9672 0.6464 0.6593 -0.3840 0.6992 0.8516
witch hand.bmp
    30 -2.3898 -12.9700 -2.4047 0.6595 0.2725 0.7006 0.8340 0.8730
    30 -2.0664 -12.4682 -2.9276 0.6993 0.3929 0.5972 0.6992 0.8691
    30 -2.2190 -12.3518 -2.9350 0.1456 0.9151 0.3759 0.6992 0.8516
witch hand.bmp
    39 -0.7407 -10.8320 -1.5266 0.9197 0.3576 0.1619 0.1562 0.0918
    39 -0.8862 -10.3125 -1.4720 0.9554 0.2753 0.1072 0.1562 0.1621
    39 -0.9884 -10.3927 -1.2349 0.6843 0.0547 0.7271 0.1934 0.1582
witch hand.bmp
    36 -1.8517 -12.6606 -0.3267 0.0207 -0.6080 0.7936 0.7754 0.9375
    36 -1.9640 -12.7002 -0.4591 -0.3958 -0.8704 0.2930 0.7754 0.9629
    36 -1.6615 -12.8347 -0.7063 -0.2997 -0.9455 0.1275 0.7090 0.9648
witch hand.bmp
    29 -3.5505 -12.7798 -2.0654 -0.7019 -0.7115 -0.0316 0.9395 0.8125
    28 -3.4666 -12.7955 -2.1176 0.5748 -0.5911 -0.5658 0.9512 0.8125
    28 -3.2925 -12.7032 -1.9048 0.9270 -0.3477 -0.1405 0.9512 0.8516
witch hand.bmp
    33 -1.5601 -13.0235 -2.6159 0.1176 -0.6751 -0.7283 0.6289 0.9629
    33 -1.4688 -13.0085 -2.6228 0.3934 -0.8905 -0.2286 0.6230 0.9492
    33 -1.7661 -13.2044 -2.2831 0.0212 -0.9031 -0.4288 0.7090 0.9648
witch hand.bmp
    36 -1.1537 -12.8558 -0.8222 0.4541 -0.4477 0.7703 0.6230 0.9160
    36 -1.1978 -12.7955 -0.7795 0.8309 -0.0112 0.5564 0.6309 0.9023
    36 -1.4664 -12.6351 -0.5620 0.6478 0.0844 0.7571 0.7090 0.9102
witch hand.bmp
    39 -1.3588 -10.5056 -1.8713 -0.7120 -0.3979 -0.5786 0.0781 0.1602
    39 -1.4501 -10.7010 -1.6289 -0.7723 -0.5580 -0.3036 0.0547 0.1426
    39 -1.5593 -10.5998 -1.5662 -0.3298 -0.9413 -0.0723 0.0332 0.1602
witch hand.bmp
    25 -4.3153 -13.2029 -2.4873 -0.5575 -0.8234 -0.1056 0.9473 0.9668
    25 -4.1950 -13.1019 -2.6302 0.4265 0.6170 -0.6614 0.9512 0.9863
    26 -4.1526 -13.0452 -2.6891 -0.7159 -0.0085 -0.6982 0.9316 0.9863
witch hand.bmp
    34 -2.8724 -12.0081 -0.3333 -0.6602 -0.6577 0.3628 0.9473 0.9668
    34 -2.8099 -12.0878 -0.5236 -0.4468 -0.8709 -0.2045 0.9512 0.9863
    35 -2.7498 -12.1123 -0.5480 -0.5726 -0.6577 -0.4894 0.9316 0.9863
witch hand.bmp
    28 -3.7157 -13.0916 -1.8672 -0.6532 -0.7572 0.0041 0.9473 0.9668
    28 -3.6544 -12.9892 -2.0707 -0.4940 -0.3635 -0.7898 0.9512 0.9863
    29 -3.5898 -13.0580 -2.0898 -0.5879 -0.3274 -0.7397 0.9316 0.9863
witch hand.bmp
    32 -2.6801 -12.6594 -1.0062 0.6037 0.5234 0.6013 0.9355 0.8809
    31 -2.7863 -12.6320 -0.9136 0.6685 0.1448 0.7295 0.9492 0.8809
    31 -3.0179 -12.7169 -0.8144 0.1100 -0.1808 0.9773 0.9434 0.9062
witch hand.bmp
    37 -2.5642 -10.4133 -2.6050 0.5568 -0.5840 -0.5907 0.8672 0.7266
    38 -2.3411 -10.2155 -2.3611 0.7030 -0.4292 -0.5670 0.8613 0.7734
    37 -2.3326 -10.5473 -1.6971 0.4339 -0.8824 0.1818 0.7988 0.7734
witch hand.bmp
    38 -2.0281 -10.3313 -2.0405 0.2217 -0.7040 -0.6747 0.9238 0.4531
    38 -1.8968 -9.9147 -2.1536 0.6608 0.0852 -0.7457 0.9297 0.4980
    38 -1.4752 -10.2236 -1.8896 0.3958 0.1690 -0.9026 0.8770 0.4785
witch hand.bmp
    39 -0.9354 -10.3357 -1.6875 0.4919 0.7553 -0.4331 0.3809 0.1777
    38 -1.4586 -10.0215 -1.7558 0.6095 0.6855 -0.3983 0.3984 0.1250
    38 -1.5099 -9.9490 -1.5308 0.5425 0.8150 0.2034 0.3730 0.1230
witch hand.bmp
    28 -4.2893 -12.1503 -1.5203 -0.5588 -0.3680 0.7432 0.6699 0.2500
    28 -3.6597 -13.0606 -1.7084 -0.4416 -0.7067 0.5528 0.5645 0.2676
    28 -3.5285 -12.9861 -1.5892 0.0010 -0.4340 0.9009 0.5625 0.2461
witch hand.bmp
    28 -3.5285 -12.9861 -1.5892 0.0010 -0.4340 0.9009 0.5625 0.2461
    28 -3.3243 -12.8285 -1.6473 0.6465 0.1703 0.7436 0.5605 0.2266
    28 -3.9810 -11.9089 -1.3866 -0.2362 -0.8167 0.5265 0.6621 0.2168
witch hand.bmp
    38 -2.0651 -9.7322 -1.3076 0.3542 0.4686 0.8093 0.3457 0.0684
    38 -1.6009 -10.0265 -1.2994 0.3048 0.5567 0.7728 0.3398 0.1191
    38 -1.5099 -9.9490 -1.5308 0.5425 0.8150 0.2034 0.3730 0.1230
witch hand.bmp
    23 -2.9622 -10.7621 -1.9192 0.5384 -0.8109 -0.2294 0.7832 0.6973
    37 -2.3326 -10.5473 -1.6971 0.4339 -0.8824 0.1818 0.7988 0.7734
    23 -2.5912 -10.4552 -1.3881 0.5566 -0.6673 0.4949 0.7793 0.7676
witch hand.bmp
    34 -2.7715 -11.0251 -1.0513 0.8726 0.2586 -0.4143 0.6973 0.7559
    34 -2.3901 -11.7445 -0.5412 0.4810 -0.7911 -0.3779 0.6152 0.7812
    34 -2.5334 -11.9620 -0.6820 -0.5207 0.7964 -0.3076 0.5957 0.7520
witch hand.bmp
    34 -3.5772 -11.0075 -0.6050 -0.5785 0.1025 0.8092 0.6953 0.1152
    34 -2.8659 -11.8537 -0.1936 -0.4964 -0.2337 0.8360 0.5781 0.0762
    34 -2.7370 -11.7231 -0.1729 0.0377 0.2745 0.9608 0.5879 0.0586
witch hand.bmp
    31 -3.0179 -12.7169 -0.8144 0.1100 -0.1808 0.9773 0.5332 0.1445
    31 -2.7863 -12.6320 -0.9136 0.6685 0.1448 0.7295 0.5371 0.1191
    31 -3.5650 -11.3999 -0.9838 0.0088 -0.5297 0.8481 0.6816 0.1465
witch hand.bmp
    37 -3.1882 -10.1074 -3.2399 0.7558 -0.3179 -0.5725 0.9277 0.6465
    24 -3.2277 -9.1645 -3.2102 0.8724 0.3975 -0.2846 0.9688 0.6777
    37 -2.8794 -9.7447 -2.9487 0.6724 0.0669 -0.7372 0.9375 0.7031
witch hand.bmp
    37 -3.7361 -9.2829 -2.3483 -0.1565 0.8542 0.4959 0.9023 0.1348
    23 -4.4384 -9.5854 -2.4929 -0.6831 0.5813 0.4422 0.9023 0.2031
    23 -3.8428 -9.9810 -1.4770 -0.5230 0.5855 0.6194 0.8105 0.1289
witch hand.bmp
    23 -3.0681 -10.5767 -0.8403 0.4396 0.3886 0.8098 0.7363 0.0605
    23 -2.8034 -10.3250 -1.1670 0.5356 0.0082 0.8444 0.7617 0.0352
    23 -3.0486 -9.9786 -1.1219 -0.0278 0.3757 0.9263 0.7910 0.0469
witch hand.bmp
    38 -2.3214 -10.2652 -1.3708 0.1342 -0.7303 0.6698 0.9336 0.3809
    23 -2.5912 -10.4552 -1.3881 0.5566 -0.6673 0.4949 0.9668 0.3711
    37 -2.3326 -10.5473 -1.6971 0.4339 -0.8824 0.1818 0.9648 0.3906
witch hand.bmp
    38 -1.4752 -10.2236 -1.8896 0.3958 0.1690 -0.9026 0.8770 0.4785
    39 -1.1227 -10.4195 -1.8417 0.3421 0.3709 -0.8633 0.8340 0.4707
    39 -1.3588 -10.5056 -1.8713 -0.0655 -0.2759 -0.9590 0.8320 0.4629
witch hand.bmp
    22 -4.6350 -9.6107 -4.0692 -0.6806 -0.5515 -0.4823 0.4902 0.2695
    24 -4.4951 -10.0770 -3.9799 -0.6105 -0.3261 -0.7218 0.4844 0.1914
    24 -4.6745 -9.9404 -3.5649 -0.9799 -0.0343 -0.1965 0.4375 0.1934
witch hand.bmp
    36 -1.6615 -12.8347 -0.7063 -0.2997 -0.9455 0.1275 0.7090 0.9648
    36 -1.3672 -12.9605 -0.8947 -0.0305 -0.9987 -0.0401 0.6289 0.9629
    36 -1.2518 -12.9585 -0.9025 0.0387 -0.8749 0.4828 0.6211 0.9492
witch hand.bmp
    22 -7.1182 -6.0394 -6.8339 -0.2810 -0.6733 -0.6838 0.0098 0.8008
    22 -8.5439 -3.8997 -8.1761 -0.3149 -0.6452 -0.6961 0.0117 0.9863
    22 -7.6562 -3.4721 -8.4743 0.3621 -0.3383 -0.8686 0.0781 0.9805
witch hand.bmp
    22 -7.5575 -2.1740 -6.5269 0.4799 0.6378 0.6025 0.2832 0.9863
    22 -8.3033 -2.4423 -6.1679 -0.1073 0.4404 0.8914 0.3301 0.9863
    22 -6.6240 -4.7264 -4.8428 -0.0362 0.4381 0.8982 0.3164 0.7871
witch hand.bmp
    22 -3.5920 -8.7043 -3.7006 0.8878 0.3124 -0.3380 0.1953 0.2793
    22 -3.6594 -8.9145 -3.8942 0.8108 0.1031 -0.5762 0.1719 0.2773
    22 -4.3412 -7.7100 -4.6615 0.8601 0.1756 -0.4790 0.1758 0.4551
witch hand.bmp
    22 -6.8223 -6.6466 -4.8178 -0.7764 -0.3180 0.5441 0.4141 0.6641
    22 -6.8000 -7.0329 -5.5627 -0.7364 -0.6714 -0.0832 0.4746 0.6641
    22 -5.5779 -8.4043 -4.4651 -0.8005 -0.5934 0.0847 0.4492 0.4492
witch hand.bmp
    22 -4.8945 -8.2784 -5.1281 0.3784 -0.3844 -0.8421 0.0996 0.4609
    22 -5.0842 -8.3649 -5.0704 -0.0745 -0.6237 -0.7781 0.0742 0.4648
    22 -5.8340 -6.7218 -6.2457 0.3397 -0.4299 -0.8365 0.0820 0.6680
witch hand.bmp
    27 -2.9520 -12.7970 -3.4450 0.6365 -0.5279 -0.5623 0.7676 0.4180
    27 -2.9418 -12.5609 -3.5406 0.6432 -0.0864 -0.7608 0.7305 0.4141
    27 -2.8983 -12.5408 -3.4500 0.9877 0.1317 -0.0847 0.7305 0.4004
witch hand.bmp
    27 -3.2544 -13.0327 -3.2833 -0.7319 -0.1463 0.6655 0.5059 0.4395
    27 -3.1536 -13.0788 -3.1856 -0.7319 -0.1463 0.6655 0.5020 0.4160
    27 -3.0851 -12.9851 -3.0891 -0.7319 -0.1463 0.6655 0.5059 0.3945
witch hand.bmp
    27 -2.9870 -12.7611 -3.4052 -0.5816 0.7402 0.3375 0.5391 0.4160
    27 -3.2544 -13.0327 -3.2833 -0.5816 0.7402 0.3375 0.5059 0.4395
    27 -3.0851 -12.9851 -3.0891 -0.5816 0.7402 0.3375 0.5059 0.3945
witch hand.bmp
    30 -1.9939 -12.5509 -3.2100 0.7207 -0.5002 -0.4801 0.7676 0.4180
    30 -1.9849 -12.2522 -3.3196 0.7985 -0.0329 -0.6012 0.7305 0.4141
    30 -1.9527 -12.2301 -3.1920 0.9776 0.1842 0.1024 0.7305 0.4004
witch hand.bmp
    30 -2.3560 -12.8703 -2.9933 -0.6353 -0.2644 0.7256 0.5059 0.4395
    30 -2.2285 -12.8786 -2.8760 -0.6353 -0.2644 0.7256 0.5020 0.4160
    30 -2.1476 -12.8003 -2.7854 -0.6353 -0.2644 0.7256 0.5059 0.3945
witch hand.bmp
    30 -2.0662 -12.4982 -3.1600 -0.6282 0.6760 0.3852 0.5391 0.4160
    30 -2.3560 -12.8703 -2.9933 -0.6282 0.6760 0.3852 0.5059 0.4395
    30 -2.1476 -12.8003 -2.7854 -0.6282 0.6760 0.3852 0.5059 0.3945
witch hand.bmp
    33 -1.3984 -13.0278 -2.5590 0.7368 -0.6676 -0.1070 0.7676 0.4180
    33 -1.3310 -12.7969 -2.8773 0.7663 -0.4228 -0.4838 0.7305 0.4141
    33 -1.3346 -12.7215 -2.8052 0.9553 0.2822 0.0877 0.7305 0.4004
witch hand.bmp
    36 -1.2831 -12.9226 -0.7047 0.3300 -0.6218 0.7103 0.7676 0.4180
    36 -1.0512 -13.0075 -0.9590 0.5520 -0.7122 0.4337 0.7305 0.4141
    36 -1.0040 -12.9317 -0.9703 0.8907 -0.0112 0.4544 0.7305 0.4004
witch hand.bmp
    39 -0.5199 -11.0885 -1.8110 0.7295 0.5437 -0.4149 0.7676 0.4180
    39 -0.3304 -11.4457 -1.8245 0.8682 0.2878 -0.4043 0.7305 0.4141
    39 -0.4111 -11.4894 -1.8913 0.4454 0.0428 -0.8943 0.7305 0.4004
witch hand.bmp
    39 -0.7407 -10.8320 -1.5266 -0.6650 0.6840 0.3000 0.5059 0.4395
    39 -0.7816 -10.7889 -1.7312 -0.6650 0.6840 0.3000 0.5020 0.4160
    39 -0.9344 -10.8735 -1.8607 -0.6650 0.6840 0.3000 0.5059 0.3945
witch hand.bmp
    39 -0.5754 -11.2420 -1.7873 -0.6814 -0.5662 0.4637 0.5391 0.4160
    39 -0.7407 -10.8320 -1.5266 -0.6814 -0.5662 0.4637 0.5059 0.4395
    39 -0.9344 -10.8735 -1.8607 -0.6814 -0.5662 0.4637 0.5059 0.3945
witch hand.bmp
    33 -1.7661 -13.2044 -2.2831 -0.7218 0.0447 0.6907 0.5059 0.4395
    33 -1.6379 -13.1870 -2.1591 -0.7218 0.0447 0.6907 0.5020 0.4160
    33 -1.5677 -13.0320 -2.0834 -0.7218 0.0447 0.6907 0.5059 0.3945
witch hand.bmp
    33 -1.4743 -12.9345 -2.5646 -0.6665 0.7453 0.0174 0.5391 0.4160
    33 -1.7661 -13.2044 -2.2831 -0.6665 0.7453 0.0174 0.5059 0.4395
    33 -1.5677 -13.0320 -2.0834 -0.6665 0.7453 0.0174 0.5059 0.3945
witch hand.bmp
    36 -1.6615 -12.8347 -0.7063 -0.7557 0.6352 0.1595 0.5059 0.4395
    36 -1.5834 -12.7742 -0.5239 -0.7557 0.6352 0.1595 0.5020 0.4160
    36 -1.4664 -12.6351 -0.5620 -0.7557 0.6352 0.1595 0.5059 0.3945
witch hand.bmp
    36 -1.2500 -12.8705 -0.8540 -0.1993 0.7123 -0.6730 0.5391 0.4160
    36 -1.6615 -12.8347 -0.7063 -0.1993 0.7123 -0.6730 0.5059 0.4395
    36 -1.4664 -12.6351 -0.5620 -0.1993 0.7123 -0.6730 0.5059 0.3945
witch hand.bmp
    43 2.2346 -10.9878 -4.9377 -0.3797 0.6677 0.6404 0.6094 0.9004
    43 2.2425 -10.9269 -5.0574 -0.3037 0.9526 -0.0167 0.5957 0.9336
    43 2.1763 -11.0106 -5.0525 -0.7817 0.6194 -0.0720 0.6055 0.9336
witch hand.bmp
    51 3.1085 -11.8415 -2.6499 0.7260 0.3379 -0.5989 0.9395 0.8125
    50 3.0778 -11.8775 -2.6289 0.8431 0.5377 -0.0089 0.9512 0.8125
    50 3.2183 -12.1985 -2.6380 -0.1449 -0.6550 -0.7416 0.9453 0.7832
witch hand.bmp
    52 2.2189 -12.1242 -2.6517 -0.0151 -0.5543 -0.8322 0.7891 0.9785
    51 3.1318 -12.1828 -2.6421 -0.0355 -0.5092 -0.8599 0.9316 0.9863
    51 3.1317 -12.2795 -2.4598 -0.0139 -0.9686 -0.2483 0.9277 0.9648
witch hand.bmp
    46 1.5623 -11.8240 -4.0575 -0.7362 -0.2317 0.6359 0.7090 0.9102
    46 1.5632 -11.8845 -4.1994 -0.2933 -0.7979 -0.5266 0.7148 0.9375
    45 1.8198 -12.4678 -4.1191 -0.6854 -0.7260 0.0559 0.7754 0.9375
witch hand.bmp
    55 2.3948 -10.3517 -2.3509 -0.2286 -0.8936 0.3863 0.2285 0.1387
    55 2.4997 -10.1715 -2.0820 -0.3354 -0.2199 0.9160 0.1934 0.1582
    55 1.9995 -10.2029 -2.2682 -0.2774 -0.4058 0.8709 0.1895 0.0898
witch hand.bmp
    55 2.1033 -9.9906 -2.7977 0.0029 0.3364 -0.9417 0.0820 0.0879
    55 2.6112 -9.8981 -2.7584 -0.1220 0.5405 -0.8325 0.0781 0.1602
    55 2.5189 -10.2132 -2.7549 0.3989 -0.3614 -0.8428 0.0547 0.1426
witch hand.bmp
    43 2.4329 -11.0213 -4.9123 0.3789 0.5720 0.7275 0.6992 0.8516
    43 2.2678 -11.0725 -4.8950 -0.2252 0.1616 0.9608 0.6992 0.8691
    43 2.4806 -11.7338 -4.8384 -0.1534 -0.0122 0.9881 0.8340 0.8730
witch hand.bmp
    42 3.0278 -12.3084 -4.8763 -0.5849 -0.6432 0.4941 0.9258 0.9082
    42 3.1502 -12.1950 -4.7364 0.2028 0.1008 0.9740 0.9355 0.8809
    43 2.4806 -11.7338 -4.8384 -0.1534 -0.0122 0.9881 0.7910 0.8848
witch hand.bmp
    52 1.7731 -11.4522 -2.6832 -0.0208 0.9867 0.1614 0.6992 0.8516
    52 1.6266 -11.5609 -2.5551 -0.2721 0.6400 0.7186 0.6992 0.8691
    52 2.1984 -11.8498 -2.2431 -0.0777 0.5633 0.8226 0.8340 0.8730
witch hand.bmp
    46 1.6569 -11.3632 -4.1426 0.3015 0.7843 0.5422 0.6992 0.8516
    46 1.5060 -11.4583 -4.0714 -0.1717 0.2897 0.9416 0.6992 0.8691
    46 1.9045 -12.1249 -3.9115 -0.0941 0.1589 0.9828 0.8340 0.8730
witch hand.bmp
    45 2.8457 -12.8125 -3.8474 -0.2485 -0.6446 0.7230 0.9258 0.9082
    45 2.9331 -12.5963 -3.7692 -0.1032 0.1449 0.9841 0.9355 0.8809
    46 1.9045 -12.1249 -3.9115 -0.0941 0.1589 0.9828 0.7910 0.8848
witch hand.bmp
    55 2.4941 -9.9041 -2.1247 -0.3616 0.4814 0.7984 0.1562 0.1621
    55 2.5013 -9.7784 -2.3054 -0.2450 0.9241 0.2932 0.1367 0.1582
    55 2.0461 -9.8559 -2.4384 -0.3731 0.8802 0.2934 0.1367 0.0977
witch hand.bmp
    52 1.8318 -11.9579 -2.6832 -0.4196 -0.8151 -0.3993 0.7090 0.9648
    51 2.1604 -12.2714 -2.4506 -0.3292 -0.9134 -0.2395 0.7754 0.9629
    51 2.1663 -12.2679 -2.2727 -0.3680 -0.8160 0.4458 0.7754 0.9375
witch hand.bmp
    43 2.4672 -11.0175 -5.1002 0.6148 0.5743 -0.5406 0.6992 0.8145
    43 2.2765 -10.9625 -5.1451 -0.1487 0.7713 -0.6189 0.6758 0.8066
    43 2.2425 -10.9269 -5.0574 -0.3037 0.9526 -0.0167 0.6719 0.8301
witch hand.bmp
    43 2.2658 -11.3686 -4.9353 -0.8573 -0.1498 0.4925 0.7090 0.9102
    43 2.1771 -11.0597 -4.9421 -0.8022 0.0533 0.5947 0.6309 0.9023
    43 2.1386 -10.9965 -4.9953 -0.9604 -0.2455 0.1318 0.6230 0.9180
witch hand.bmp
    43 2.1664 -10.9830 -5.1235 -0.8154 -0.2011 -0.5429 0.6230 0.9492
    43 2.2216 -11.0443 -5.1593 -0.5671 0.1298 -0.8134 0.6289 0.9629
    43 2.3126 -11.3532 -5.1824 -0.5552 -0.1014 -0.8255 0.7090 0.9648
witch hand.bmp
    49 0.9460 -12.0548 -3.4978 -0.6603 -0.7452 -0.0931 0.6230 0.9492
    49 1.0164 -12.0802 -3.5525 -0.6917 -0.4007 -0.6008 0.6289 0.9629
    49 1.3178 -12.3751 -3.4624 -0.5093 -0.7146 -0.4795 0.7090 0.9648
witch hand.bmp
    43 2.3126 -11.3532 -5.1824 -0.5552 -0.1014 -0.8255 0.7090 0.9648
    42 2.3763 -11.8392 -5.1775 -0.5448 -0.3741 -0.7505 0.7754 0.9629
    42 2.3081 -11.8838 -5.0423 -0.8355 -0.5347 -0.1267 0.7754 0.9375
witch hand.bmp
    55 1.9161 -10.3166 -2.6179 -0.2347 -0.9285 -0.2879 0.0430 0.0684
    55 1.4032 -10.1261 -2.6287 -0.8412 -0.4729 -0.2622 0.0703 0.0293
    55 1.5098 -10.0260 -2.7768 -0.4835 -0.0796 -0.8717 0.0957 0.0371
witch hand.bmp
    42 3.1975 -12.1789 -5.1942 0.6077 0.2675 -0.7478 0.9336 0.7852
    43 2.5033 -11.6944 -5.2279 0.0440 0.0643 -0.9970 0.8301 0.7852
    42 2.6564 -11.6023 -5.0956 0.9115 -0.2167 -0.3496 0.8398 0.8125
witch hand.bmp
    42 3.0694 -12.2842 -5.1840 -0.3436 -0.4734 -0.8111 0.9277 0.9648
    41 3.2301 -12.4617 -5.1766 -0.2664 -0.6816 -0.6815 0.9473 0.9668
    41 3.2103 -12.5026 -4.9876 -0.3440 -0.9379 -0.0452 0.9434 0.9395
witch hand.bmp
    41 3.1960 -12.3005 -4.7279 -0.4854 -0.1563 0.8602 0.9492 0.8730
    41 3.2121 -12.0177 -4.8570 -0.4004 0.8016 0.4440 0.9512 0.8516
    41 3.1464 -12.0559 -4.8621 0.1599 0.8005 0.5776 0.9395 0.8477
witch hand.bmp
    47 3.1951 -12.8227 -2.9091 0.1558 -0.5450 0.8239 0.9434 0.9062
    47 3.0442 -12.6114 -2.8562 -0.1100 0.1558 0.9816 0.9492 0.8809
    48 2.9140 -12.5883 -2.8651 -0.0070 0.3598 0.9330 0.9355 0.8809
witch hand.bmp
    1 4.2892 -11.9921 -5.3958 -0.3113 -0.1887 -0.9314 0.7363 0.3652
    1 4.4156 -10.7552 -5.3805 -0.4514 0.0123 -0.8922 0.8379 0.3613
    1 4.8314 -11.0887 -5.4605 0.3477 -0.1882 -0.9185 0.8242 0.3320
witch hand.bmp
    54 2.9407 -9.7976 -2.6421 -0.0823 0.9320 -0.3531 0.8770 0.4785
    53 3.5270 -9.5902 -2.6785 -0.2817 0.9377 0.2036 0.9297 0.4980
    53 3.2165 -9.9061 -2.7741 -0.5039 0.3846 -0.7734 0.9238 0.4531
witch hand.bmp
    54 2.9407 -9.7976 -2.6421 -0.0823 0.9320 -0.3531 0.4219 0.1250
    55 2.5317 -9.7776 -2.5505 -0.0020 0.9801 -0.1985 0.3984 0.1816
    55 2.5013 -9.7784 -2.3054 0.1447 0.9193 0.3659 0.3809 0.1777
witch hand.bmp
    55 2.4997 -10.1715 -2.0820 0.2055 -0.0751 0.9758 0.3379 0.1719
    54 3.1246 -10.2196 -2.2027 0.0812 -0.2381 0.9678 0.3398 0.1191
    54 3.1151 -9.9737 -2.2486 0.1221 0.4606 0.8791 0.3730 0.1230
witch hand.bmp
    47 3.1901 -12.9378 -3.2403 0.1684 -0.9433 -0.2860 0.5215 0.1816
    47 3.0701 -12.8284 -3.3617 -0.0605 -0.4710 -0.8800 0.5176 0.2012
    47 4.3494 -12.2773 -3.6524 -0.4292 -0.8757 0.2212 0.6621 0.2168
witch hand.bmp
    44 3.1815 -12.8466 -3.8283 0.0541 -0.7418 0.6685 0.5625 0.2461
    44 3.1994 -12.9062 -4.0103 0.1281 -0.9880 0.0859 0.5645 0.2676
    44 4.2656 -12.5560 -3.9775 0.4274 -0.8666 0.2577 0.6699 0.2500
witch hand.bmp
    53 3.7634 -9.6781 -2.5199 0.0891 0.7663 0.6363 0.4219 0.0762
    53 4.2333 -9.5246 -2.8970 0.2179 0.8204 0.5286 0.4434 0.0293
    53 3.9224 -9.3909 -3.1904 -0.2669 0.9636 0.0131 0.4688 0.0430
witch hand.bmp
    54 3.0673 -10.4240 -2.3626 -0.0157 -0.8298 0.5578 0.3125 0.1133
    54 2.6609 -10.3826 -2.2460 0.1095 -0.7417 0.6617 0.3145 0.1582
    54 2.5810 -10.4414 -2.4357 -0.1878 -0.9821 0.0117 0.2910 0.1582
witch hand.bmp
    53 3.4053 -10.4720 -3.0841 -0.7020 -0.6234 -0.3444 0.7988 0.7734
    1 3.9463 -10.7278 -3.3200 -0.8971 -0.3760 -0.2321 0.7832 0.6973
    1 3.9745 -10.6005 -2.6151 -0.4562 -0.7952 -0.3995 0.7793 0.7676
witch hand.bmp
    44 3.1751 -12.8814 -4.1779 0.0812 -0.8637 -0.4974 0.5664 0.2832
    44 3.1285 -12.6819 -4.2950 -0.0832 -0.1375 -0.9870 0.5684 0.2988
    44 4.2586 -12.4022 -4.4812 -0.7406 -0.6700 0.0515 0.6797 0.2871
witch hand.bmp
    44 4.2586 -12.4022 -4.4812 -0.7406 -0.6700 0.0515 0.6797 0.2871
    41 3.1960 -12.3005 -4.7279 -0.4854 -0.1563 0.8602 0.5938 0.3223
    41 3.1959 -12.4728 -4.8483 -0.4026 -0.8012 0.4427 0.5977 0.3359
witch hand.bmp
    50 3.3989 -12.1098 -2.1685 0.1953 -0.3013 0.9333 0.5879 0.0586
    50 3.4210 -12.2494 -2.2870 0.2702 -0.8602 0.4326 0.5781 0.0762
    50 4.4900 -11.8592 -2.5575 0.5839 -0.6361 0.5044 0.6953 0.1152
witch hand.bmp
    50 3.3171 -12.2740 -2.4733 0.1127 -0.9745 -0.1938 0.5723 0.0918
    50 3.2183 -12.1985 -2.6380 -0.1449 -0.6550 -0.7416 0.5684 0.1016
    50 4.3264 -11.9291 -2.9648 -0.0848 -0.7935 0.6026 0.6816 0.1465
witch hand.bmp
    50 4.3264 -11.9291 -2.9648 -0.0848 -0.7935 0.6026 0.6816 0.1465
    47 3.0442 -12.6114 -2.8562 -0.1100 0.1558 0.9816 0.5371 0.1191
    47 3.1951 -12.8227 -2.9091 0.1558 -0.5450 0.8239 0.5332 0.1445
witch hand.bmp
    50 3.2183 -12.1985 -2.6380 -0.1449 -0.6550 -0.7416 0.5781 0.7305
    50 3.0778 -11.8775 -2.6289 0.8431 0.5377 -0.0089 0.5957 0.7520
    50 3.7473 -11.4724 -2.9103 -0.5120 0.5767 -0.6366 0.6699 0.7227
witch hand.bmp
    40 4.6298 -9.0679 -4.0891 -0.6053 0.7682 0.2084 0.9688 0.6777
    1 4.2681 -9.4860 -4.2399 -0.8729 0.4781 -0.0979 0.9277 0.6465
    53 4.3457 -9.3463 -3.6694 -0.4880 0.8724 -0.0279 0.9375 0.7031
witch hand.bmp
    1 5.6058 -10.1324 -4.1913 0.9703 -0.1316 0.2028 0.9023 0.2031
    40 5.6799 -9.6583 -4.3348 0.9738 -0.0828 0.2120 0.9434 0.2012
    40 5.4976 -9.3551 -3.9041 0.7475 0.2495 0.6157 0.9531 0.1348
witch hand.bmp
    44 3.0886 -12.4290 -4.1976 -0.9000 0.2047 -0.3848 0.5586 0.5586
    44 3.0778 -12.3820 -3.9218 -0.8593 0.4214 0.2899 0.5586 0.5918
    44 3.7049 -12.0072 -3.9612 -0.5478 0.7328 0.4036 0.6367 0.5879
witch hand.bmp
    50 3.2477 -11.8698 -2.1706 -0.0703 0.3460 0.9356 0.5938 0.0371
    50 3.3989 -12.1098 -2.1685 0.1953 -0.3013 0.9333 0.5879 0.0586
    50 4.4287 -11.6304 -2.4214 0.4161 -0.1386 0.8987 0.7051 0.0859
witch hand.bmp
    1 4.2720 -10.6941 -2.4985 -0.1214 -0.2274 0.9662 0.7617 0.0352
    1 4.4003 -11.1483 -2.4255 0.1006 0.0545 0.9934 0.7363 0.0605
    1 4.6542 -10.5407 -2.4869 0.4424 -0.0394 0.8959 0.7910 0.0469
witch hand.bmp
    53 3.4053 -10.4720 -3.0841 -0.7020 -0.6234 -0.3444 0.9648 0.3906
    1 3.9745 -10.6005 -2.6151 -0.4562 -0.7952 -0.3995 0.9668 0.3711
    54 3.5582 -10.5731 -2.7228 -0.1846 -0.9654 -0.1841 0.9336 0.3809
witch hand.bmp
    54 3.5582 -10.5731 -2.7228 -0.1846 -0.9654 -0.1841 0.2695 0.0684
    1 3.9745 -10.6005 -2.6151 -0.4562 -0.7952 -0.3995 0.2637 0.0410
    1 4.2720 -10.6941 -2.4985 -0.1214 -0.2274 0.9662 0.2852 0.0293
witch hand.bmp
    1 3.9771 -11.8034 -3.7737 -0.8579 0.4964 -0.1324 0.6953 0.6211
    44 3.7049 -12.0072 -3.9612 -0.5478 0.7328 0.4036 0.6367 0.5879
    47 3.8921 -11.9944 -3.8128 -0.8184 -0.3849 0.4267 0.6484 0.6191
witch hand.bmp
    55 2.6112 -9.8981 -2.7584 -0.1220 0.5405 -0.8325 0.8320 0.4629
    55 2.5317 -9.7776 -2.5505 -0.0020 0.9801 -0.1985 0.8340 0.4707
    54 2.9407 -9.7976 -2.6421 -0.0823 0.9320 -0.3531 0.8770 0.4785
witch hand.bmp
    54 3.0673 -10.4240 -2.3626 -0.0157 -0.8298 0.5578 0.3125 0.1133
    54 3.6020 -10.5873 -2.4769 -0.1558 -0.9030 0.4005 0.3027 0.0605
    54 3.6774 -10.2659 -2.2122 0.0767 -0.1801 0.9806 0.3457 0.0684
witch hand.bmp
    40 4.5010 -9.6310 -5.2750 -0.7725 0.3042 -0.5575 0.1113 0.2012
    40 4.4978 -9.3301 -4.7085 -0.8668 0.4495 -0.2159 0.1426 0.1973
    0 4.6354 -9.0609 -4.9114 -0.9506 0.2953 -0.0956 0.1445 0.2715
witch hand.bmp
    52 1.4557 -11.6954 -2.7805 -0.6384 -0.7683 0.0467 0.6211 0.9492
    52 1.5377 -11.7579 -2.8201 -0.6391 -0.6082 -0.4709 0.6289 0.9629
    52 1.8318 -11.9579 -2.6832 -0.4196 -0.8151 -0.3993 0.7090 0.9648
witch hand.bmp
    0 5.5244 -1.6414 -8.1759 -0.9181 0.0007 -0.3964 0.0781 0.9805
    0 6.2594 -2.0494 -8.7843 -0.3920 -0.2648 -0.8810 0.0117 0.9863
    0 5.7263 -4.7049 -7.7474 -0.4132 -0.2994 -0.8600 0.0098 0.8008
witch hand.bmp
    0 7.2651 -4.5839 -6.2983 0.9498 -0.2135 0.2287 0.3770 0.7930
    0 8.0166 -1.8865 -7.5137 0.9637 -0.1814 0.1958 0.3926 0.9844
    0 7.7707 -1.5746 -6.8594 0.7771 0.0516 0.6272 0.3301 0.9863
witch hand.bmp
    0 5.7705 -7.9994 -6.0849 0.4919 -0.4746 -0.7299 0.4492 0.4492
    0 6.1628 -6.1671 -7.1215 0.3160 -0.4853 -0.8153 0.4746 0.6641
    0 6.7789 -6.1124 -6.5423 0.8473 -0.4139 -0.3329 0.4141 0.6641
witch hand.bmp
    0 4.8779 -7.4965 -5.3653 -0.9653 0.1835 0.1859 0.1562 0.4590
    0 4.9196 -7.4370 -5.0801 -0.8913 0.2483 0.3794 0.1758 0.4551
    0 5.1798 -5.4378 -5.6961 -0.8706 0.2363 0.4315 0.1680 0.6621
witch hand.bmp
    0 5.0201 -7.7830 -6.0886 -0.6114 -0.2415 -0.7535 0.0742 0.4648
    0 4.8682 -7.6943 -5.9622 -0.9211 -0.0538 -0.3857 0.0996 0.4609
    0 5.0846 -5.7249 -6.7318 -0.8999 -0.0926 -0.4262 0.0820 0.6680
witch hand.bmp
    43 2.1154 -11.0021 -5.0773 -0.9596 -0.0019 -0.2813 0.7676 0.4180
    43 2.1806 -10.7556 -5.0722 -0.8348 0.4657 -0.2937 0.7305 0.4141
    43 2.2130 -10.7912 -5.1399 -0.4128 0.3410 -0.8446 0.7305 0.4277
witch hand.bmp
    43 2.2440 -11.4153 -5.0674 0.7675 -0.6335 0.0978 0.5020 0.4160
    43 2.3126 -11.3532 -5.1824 0.7675 -0.6335 0.0978 0.5059 0.4395
    43 2.2658 -11.3686 -4.9353 0.7675 -0.6335 0.0978 0.5059 0.3945
witch hand.bmp
    43 2.3126 -11.3532 -5.1824 0.9315 0.3039 0.1999 0.5059 0.4395
    43 2.1745 -11.0007 -5.0527 0.9315 0.3039 0.1999 0.5391 0.4160
    43 2.2658 -11.3686 -4.9353 0.9315 0.3039 0.1999 0.5059 0.3945
witch hand.bmp
    43 2.2938 -11.0921 -5.1839 0.8396 0.0213 -0.5428 0.5371 0.4414
    43 2.1745 -11.0007 -5.0527 0.9689 -0.0889 0.2308 0.5391 0.4160
    43 2.3126 -11.3532 -5.1824 -0.6520 -0.3048 -0.6942 0.5059 0.4395
witch hand.bmp
    46 1.2772 -11.4646 -4.2823 -0.9632 -0.2585 -0.0741 0.7676 0.4180
    46 1.2929 -11.1334 -4.3078 -0.9720 0.2298 -0.0498 0.7305 0.4141
    46 1.3224 -11.1778 -4.3803 -0.6621 0.1325 -0.7376 0.7305 0.4277
witch hand.bmp
    46 1.5632 -11.8845 -4.1994 0.8269 -0.5288 0.1914 0.5020 0.4160
    46 1.6098 -11.8570 -4.3546 0.8269 -0.5288 0.1914 0.5059 0.4395
    46 1.5623 -11.8240 -4.0575 0.8269 -0.5288 0.1914 0.5059 0.3945
witch hand.bmp
    46 1.6098 -11.8570 -4.3546 0.8827 0.4633 0.0783 0.5059 0.4395
    46 1.3706 -11.4263 -4.2649 0.8827 0.4633 0.0783 0.5391 0.4160
    46 1.5623 -11.8240 -4.0575 0.8827 0.4633 0.0783 0.5059 0.3945
witch hand.bmp
    46 1.4795 -11.5038 -4.4200 0.6360 0.1344 -0.7599 0.5371 0.4414
    46 1.3706 -11.4263 -4.2649 0.9762 0.2154 0.0263 0.5391 0.4160
    46 1.6098 -11.8570 -4.3546 -0.6769 -0.5724 -0.4628 0.5059 0.4395
witch hand.bmp
    49 0.9230 -12.0818 -3.3996 -0.8112 -0.5241 0.2594 0.7676 0.4180
    49 0.7432 -11.7683 -3.5631 -0.9843 -0.1729 0.0369 0.7305 0.4141
    49 0.8340 -11.8255 -3.6370 -0.6510 -0.4789 -0.5890 0.7305 0.4277
witch hand.bmp
    52 1.4915 -11.7901 -2.5998 -0.7002 -0.5624 0.4397 0.7676 0.4180
    52 1.2690 -11.5668 -2.7818 -0.9097 -0.3410 0.2371 0.7305 0.4141
    52 1.3146 -11.5955 -2.8618 -0.6677 -0.6376 -0.3842 0.7305 0.4277
witch hand.bmp
    55 1.6463 -9.7911 -2.4568 -0.0405 0.8933 0.4477 0.7676 0.4180
    55 1.2399 -9.8465 -2.5066 -0.3267 0.8429 0.4275 0.7305 0.4141
    55 1.2568 -9.9339 -2.4427 -0.3296 0.3102 0.8917 0.7305 0.4277
witch hand.bmp
    55 2.0461 -9.8559 -2.4384 0.9632 -0.2588 0.0727 0.5020 0.4160
    55 1.9926 -10.0067 -2.3080 0.9632 -0.2588 0.0727 0.5059 0.4395
    55 2.0598 -9.8608 -2.6554 0.9632 -0.2588 0.0727 0.5059 0.3945
witch hand.bmp
    55 1.9926 -10.0067 -2.3080 0.0093 -0.9237 -0.3831 0.5059 0.4395
    55 1.5586 -9.8997 -2.5447 0.0093 -0.9237 -0.3831 0.5391 0.4160
    55 2.0598 -9.8608 -2.6554 0.0093 -0.9237 -0.3831 0.5059 0.3945
witch hand.bmp
    55 1.6361 -10.0213 -2.3306 -0.1149 -0.7744 0.6221 0.5371 0.4414
    55 1.5586 -9.8997 -2.5447 0.0093 -0.9237 -0.3831 0.5391 0.4160
    55 1.9926 -10.0067 -2.3080 0.0836 0.4187 0.9043 0.5059 0.4395
witch hand.bmp
    49 1.3016 -12.3871 -3.2730 0.9665 -0.2442 0.0790 0.5020 0.4160
    49 1.3178 -12.3751 -3.4624 0.9665 -0.2442 0.0790 0.5059 0.4395
    49 1.3259 -12.2541 -3.1554 0.9665 -0.2442 0.0790 0.5059 0.3945
witch hand.bmp
    49 1.3178 -12.3751 -3.4624 0.7264 0.6324 -0.2690 0.5059 0.4395
    49 0.9964 -12.0058 -3.4318 0.7264 0.6324 -0.2690 0.5391 0.4160
    49 1.3259 -12.2541 -3.1554 0.7264 0.6324 -0.2690 0.5059 0.3945
witch hand.bmp
    49 1.1011 -12.0983 -3.5886 0.5631 0.0364 -0.8256 0.5371 0.4414
    49 0.9964 -12.0058 -3.4318 0.8987 0.3831 -0.2135 0.5391 0.4160
    49 1.3178 -12.3751 -3.4624 -0.5192 -0.8239 -0.2271 0.5059 0.4395
witch hand.bmp
    52 1.8033 -11.9715 -2.4783 0.9759 -0.1395 0.1678 0.5020 0.4160
    52 1.8318 -11.9579 -2.6832 0.9759 -0.1395 0.1678 0.5059 0.4395
    52 1.8049 -11.8100 -2.4166 0.9759 -0.1395 0.1678 0.5059 0.3945
witch hand.bmp
    52 1.8318 -11.9579 -2.6832 0.6609 0.6749 -0.3281 0.5059 0.4395
    52 1.5161 -11.6536 -2.6986 0.6609 0.6749 -0.3281 0.5391 0.4160
    52 1.8049 -11.8100 -2.4166 0.6609 0.6749 -0.3281 0.5059 0.3945
witch hand.bmp
    52 1.5898 -11.7748 -2.8194 0.4093 -0.1172 -0.9049 0.5371 0.4414
    52 1.5161 -11.6536 -2.6986 0.7755 0.5388 -0.3290 0.5391 0.4160
    52 1.8318 -11.9579 -2.6832 -0.2298 -0.9082 -0.3499 0.5059 0.4395
end
