version 1
nodes
  0 "Bip01" -1
  1 "UpperArm.L" 0
  2 "Arm0.L" 1
  3 "Arm1.L" 2
  4 "Hand.L" 3
  5 "RingFinger00.L" 4
  6 "RingFinger01.L" 5
  7 "RingFinger02.L" 6
  8 "MiddleFinger00.L" 4
  9 "MiddleFinger01.L" 8
  10 "MiddleFinger02.L" 9
  11 "ForeFinger00.L" 4
  12 "ForeFinger01.L" 11
  13 "ForeFinger02.L" 12
  14 "PinkyFinger00.L" 4
  15 "PinkyFinger01.L" 14
  16 "PinkyFinger02.L" 15
  17 "BigFinger00.L" 4
  18 "BigFinger01.L" 17
  19 "BigFinger02.L" 18
  20 "TweakHand.L" 4
  21 "UpperArm.R" 0
  22 "Arm0.R" 21
  23 "Arm1.R" 22
  24 "Hand.R" 23
  25 "RingFinger00.R" 24
  26 "RingFinger01.R" 25
  27 "RingFinger02.R" 26
  28 "MiddleFinger00.R" 24
  29 "MiddleFinger01.R" 28
  30 "MiddleFinger02.R" 29
  31 "ForeFinger00.R" 24
  32 "ForeFinger01.R" 31
  33 "ForeFinger02.R" 32
  34 "PinkyFinger00.R" 24
  35 "PinkyFinger01.R" 34
  36 "PinkyFinger02.R" 35
  37 "BigFinger00.R" 24
  38 "BigFinger01.R" 37
  39 "BigFinger02.R" 38
  40 "TweakHand.R" 24
end
skeleton
  time 0
    0 0.000000 0.000000 0.000000 0.000000 -0.000000 0.000219
    1 0.000000 0.356282 0.000000 -0.143331 -0.135913 -1.517505
    2 -0.000002 8.001784 0.000000 0.167868 0.181212 -0.060099
    3 -0.000001 4.141104 -0.000000 -0.000000 -0.000000 -0.000000
    4 0.049388 4.843594 -0.249700 -0.096077 1.132527 -0.065399
    5 0.293923 2.763671 -0.399864 -1.056923 -1.302443 0.859935
    6 -0.000000 1.523632 -0.000000 0.005777 0.021871 -0.071144
    7 -0.000000 1.170672 0.000000 -0.010816 -0.010190 0.001828
    8 -0.478336 2.787057 -0.408376 -0.099983 -1.193974 0.085763
    9 -0.000000 1.753122 -0.000000 0.030730 0.027895 0.039408
    10 -0.000000 1.209039 -0.000000 0.020455 0.018307 0.058332
    11 -1.124034 2.682920 -0.093720 -0.057324 -1.013707 0.239645
    12 -0.000000 1.401967 0.000000 0.069216 0.059796 -0.026422
    13 -0.000000 1.040004 0.000000 0.030249 0.033866 0.033451
    14 1.015606 2.524465 -0.442784 -2.155162 -1.342577 1.724952
    15 -0.000000 1.210064 0.000000 0.023238 0.021954 -0.002658
    16 -0.000000 1.031764 -0.000000 0.038852 0.038277 -0.007297
    17 -0.628946 1.171386 0.201537 0.498939 -0.127467 1.199687
    18 -0.000000 1.393162 -0.000000 -0.044644 -0.050830 -0.032764
    19 -0.000000 1.243747 -0.000000 0.128395 0.202866 0.186678
    20 -0.128372 0.040936 -0.042159 -3.087172 -1.167562 0.022963
    21 -22.351187 0.356282 0.000000 -0.143331 0.135913 1.517504
    22 0.000001 8.001784 -0.000000 0.167868 -0.181212 0.060099
    23 0.000000 4.141106 -0.000000 -0.000000 -0.000000 0.000000
    24 -0.049389 4.843597 -0.249699 -0.096077 -1.132527 0.065399
    25 -0.293924 2.763670 -0.399864 -1.086322 1.291639 -0.881567
    26 -0.000000 1.423181 0.000000 0.023454 -0.022667 0.091110
    27 0.000000 1.272436 -0.000000 -0.020120 0.010160 -0.009795
    28 0.478336 2.787053 -0.408376 -0.099983 1.193974 -0.085764
    29 0.000000 1.753124 0.000000 0.030731 -0.027896 -0.039408
    30 0.000000 1.209039 -0.000000 0.020454 -0.018306 -0.058332
    31 1.124034 2.682922 -0.093720 -0.057324 1.013707 -0.239646
    32 0.000000 1.401965 -0.000000 0.069216 -0.059796 0.026422
    33 0.000000 1.040002 -0.000000 0.030251 -0.033868 -0.033451
    34 -1.015605 2.524465 -0.442783 -2.155168 1.342576 -1.724957
    35 0.000000 1.210063 0.000000 0.023241 -0.021958 0.002660
    36 0.000000 1.031768 0.000000 0.038849 -0.038274 0.007296
    37 0.628945 1.171388 0.201537 0.498939 0.127465 -1.199690
    38 0.000000 1.393161 -0.000000 -0.044645 0.050836 0.032769
    39 0.000000 1.243749 -0.000000 0.128399 -0.202874 -0.186686
    40 0.128372 0.040936 -0.042159 -3.087171 1.167562 -0.022963
end
triangles
hands.bmp
  23 -37.437817 0.743871 0.131580 -0.084374 0.412098 0.907224 0.437285 0.121937
  23 -37.356205 1.162425 -0.222188 -0.137653 0.846147 0.514865 0.400391 0.121094
  40 -38.821991 0.905089 -0.150776 -0.107414 0.825521 0.554056 0.392578 0.039063
hands.bmp
  23 -37.437817 0.743871 0.131580 -0.084374 0.412098 0.907224 0.437285 0.121937
  40 -38.821991 0.905089 -0.150776 -0.107414 0.825521 0.554056 0.392578 0.039063
  40 -38.905064 0.570586 0.110007 -0.047835 0.423281 0.904735 0.429472 0.039906
hands.bmp
  26 -43.370682 0.633523 -2.125888 0.147408 -0.391408 -0.908334 0.871094 0.968750
  26 -43.397453 0.858494 -2.117411 0.118644 0.416829 -0.901209 0.892578 0.964844
  26 -43.306847 0.878089 -2.113242 -0.039616 0.502736 -0.863532 0.890625 0.984375
hands.bmp
  26 -43.370682 0.633523 -2.125888 0.147408 -0.391408 -0.908334 0.871094 0.968750
  26 -43.306847 0.878089 -2.113242 -0.039616 0.502736 -0.863532 0.890625 0.984375
  26 -43.295177 0.645576 -2.112085 0.136122 -0.369095 -0.919369 0.871094 0.986328
hands.bmp
  23 -37.246742 -0.449441 -0.660950 -0.097129 -0.895897 0.433513 0.136719 0.119141
  23 -37.285461 -0.308165 -0.300059 -0.076275 -0.797440 0.598558 0.121094 0.117188
  40 -39.033882 -0.201507 -0.359225 -0.068141 -0.888824 0.453154 0.121094 0.023438
hands.bmp
  23 -37.246742 -0.449441 -0.660950 -0.097129 -0.895897 0.433513 0.136719 0.119141
  40 -39.033882 -0.201507 -0.359225 -0.068141 -0.888824 0.453154 0.121094 0.023438
  40 -39.130993 -0.344150 -0.728038 -0.069622 -0.902094 0.425888 0.140625 0.017578
hands.bmp
  22 -33.684799 1.794949 -0.332206 -0.029530 0.890565 0.453897 0.423828 0.335938
  22 -33.648808 1.892265 -1.163911 -0.032258 0.987808 -0.152299 0.373047 0.339844
  23 -35.478527 1.661036 -1.089315 -0.164726 0.981788 -0.094648 0.361328 0.232422
hands.bmp
  22 -33.684799 1.794949 -0.332206 -0.029530 0.890565 0.453897 0.423828 0.335938
  23 -35.478527 1.661036 -1.089315 -0.164726 0.981788 -0.094648 0.361328 0.232422
  23 -35.524204 1.503826 -0.237142 -0.121936 0.867100 0.482979 0.412109 0.228516
hands.bmp
  1 0.128297 1.741085 0.780562 0.032691 0.902540 0.429363 0.421875 0.808594
  1 0.224830 1.017145 1.546780 0.096068 0.441216 0.892244 0.464629 0.811390
  1 4.038760 1.032480 1.131670 0.134177 0.441272 0.887285 0.470488 0.680531
hands.bmp
  1 0.128297 1.741085 0.780562 0.032691 0.902540 0.429363 0.421875 0.808594
  1 4.038760 1.032480 1.131670 0.134177 0.441272 0.887285 0.470488 0.680531
  1 3.942658 1.875615 0.254579 0.064301 0.916062 0.395849 0.427734 0.677734
hands.bmp
  21 -30.336037 1.630511 -0.366597 -0.062265 0.917055 0.393869 0.429688 0.505859
  21 -30.253002 1.724161 -1.178098 -0.052975 0.996701 -0.061484 0.376953 0.503906
  22 -30.866230 1.749470 -1.095431 0.028945 0.996596 -0.077188 0.376953 0.474609
hands.bmp
  21 -30.336037 1.630511 -0.366597 -0.062265 0.917055 0.393869 0.429688 0.505859
  22 -30.866230 1.749470 -1.095431 0.028945 0.996596 -0.077188 0.376953 0.474609
  22 -30.873463 1.641897 -0.304562 0.067455 0.882951 0.464593 0.427734 0.476563
hands.bmp
  21 -30.336037 1.630511 -0.366597 -0.062265 0.917055 0.393869 0.429688 0.505859
  21 -29.704216 1.708597 -0.212959 -0.170363 0.894173 0.414043 0.429688 0.531250
  21 -29.551777 1.811393 -1.095169 -0.076295 0.991308 -0.107181 0.376953 0.533203
hands.bmp
  21 -30.336037 1.630511 -0.366597 -0.062265 0.917055 0.393869 0.429688 0.505859
  21 -29.551777 1.811393 -1.095169 -0.076295 0.991308 -0.107181 0.376953 0.533203
  21 -30.253002 1.724161 -1.178098 -0.052975 0.996701 -0.061484 0.376953 0.503906
hands.bmp
  21 -29.401173 1.534203 -1.974591 0.124890 0.787051 -0.604114 0.337891 0.533203
  21 -30.151604 1.686916 -2.098821 -0.002032 0.847893 -0.530164 0.337891 0.503906
  21 -30.253002 1.724161 -1.178098 -0.052975 0.996701 -0.061484 0.376953 0.503906
hands.bmp
  21 -29.401173 1.534203 -1.974591 0.124890 0.787051 -0.604114 0.337891 0.533203
  21 -30.253002 1.724161 -1.178098 -0.052975 0.996701 -0.061484 0.376953 0.503906
  21 -29.551777 1.811393 -1.095169 -0.076295 0.991308 -0.107181 0.376953 0.533203
hands.bmp
  40 -39.488407 -0.184903 -2.012717 -0.696821 -0.348576 -0.626845 0.031250 0.835938
  40 -39.442951 0.022153 -2.093105 -0.616376 0.029383 -0.786904 0.011719 0.833984
  40 -39.115837 -0.034087 -2.057976 0.567034 -0.062748 -0.821301 0.019531 0.882813
hands.bmp
  40 -39.488407 -0.184903 -2.012717 -0.696821 -0.348576 -0.626845 0.031250 0.835938
  40 -39.115837 -0.034087 -2.057976 0.567034 -0.062748 -0.821301 0.019531 0.882813
  40 -39.141506 -0.242721 -1.987880 0.529040 -0.469012 -0.707208 0.039063 0.882813
hands.bmp
  38 -41.176922 0.450406 2.079654 -0.168643 0.562976 0.809084 0.498047 0.972656
  38 -40.941925 0.279384 2.110115 0.641242 0.619541 0.452744 0.525391 0.974609
  38 -40.815990 0.382861 1.667019 0.607955 0.666984 0.430724 0.535156 0.927734
hands.bmp
  38 -41.176922 0.450406 2.079654 -0.168643 0.562976 0.809084 0.498047 0.972656
  38 -40.815990 0.382861 1.667019 0.607955 0.666984 0.430724 0.535156 0.927734
  38 -41.036674 0.583749 1.634735 -0.054289 0.959797 0.275396 0.498047 0.923828
hands.bmp
  1 3.849801 1.988997 -0.587159 -0.001856 0.992763 -0.120076 0.376953 0.677734
  1 3.942658 1.875615 0.254579 0.064301 0.916062 0.395849 0.427734 0.677734
  1 7.347938 1.708591 -0.212959 0.170366 0.894173 0.414041 0.429688 0.531250
hands.bmp
  1 3.849801 1.988997 -0.587159 -0.001856 0.992763 -0.120076 0.376953 0.677734
  1 7.347938 1.708591 -0.212959 0.170366 0.894173 0.414041 0.429688 0.531250
  1 7.195498 1.811387 -1.095169 0.076300 0.991308 -0.107175 0.376953 0.533203
hands.bmp
  18 18.670158 -0.265672 1.678280 -0.119659 -0.990335 0.070128 0.783203 0.724609
  18 19.000584 -0.127330 1.570186 0.679224 -0.720592 -0.139286 0.830078 0.724609
  18 19.108719 -0.107110 1.930322 0.739368 -0.533594 0.410624 0.830078 0.687500
hands.bmp
  18 18.670158 -0.265672 1.678280 -0.119659 -0.990335 0.070128 0.783203 0.724609
  18 19.108719 -0.107110 1.930322 0.739368 -0.533594 0.410624 0.830078 0.687500
  18 18.766525 -0.269870 2.059983 0.115490 -0.681130 0.722997 0.783203 0.685547
hands.bmp
  21 -26.310024 -1.031934 0.595909 -0.091984 -0.802206 0.589919 0.095703 0.671875
  21 -22.484604 -0.946524 1.120187 -0.054655 -0.783597 0.618861 0.101563 0.802734
  21 -22.564335 0.157813 1.652902 -0.109224 -0.189427 0.975801 0.056641 0.802734
hands.bmp
  21 -26.310024 -1.031934 0.595909 -0.091984 -0.802206 0.589919 0.095703 0.671875
  21 -22.564335 0.157813 1.652902 -0.109224 -0.189427 0.975801 0.056641 0.802734
  21 -26.388508 0.123201 1.238250 -0.142898 -0.200086 0.969302 0.052734 0.669922
hands.bmp
  21 -26.388508 0.123201 1.238250 -0.142898 -0.200086 0.969302 0.052734 0.669922
  21 -29.844700 0.164884 0.559643 -0.269008 -0.177657 0.946611 0.052734 0.523438
  21 -29.694202 -0.799727 0.035259 -0.215982 -0.780129 0.587154 0.095703 0.525391
hands.bmp
  21 -26.388508 0.123201 1.238250 -0.142898 -0.200086 0.969302 0.052734 0.669922
  21 -29.694202 -0.799727 0.035259 -0.215982 -0.780129 0.587154 0.095703 0.525391
  21 -26.310024 -1.031934 0.595909 -0.091984 -0.802206 0.589919 0.095703 0.671875
hands.bmp
  1 -0.113667 -0.523787 -1.075269 -0.131791 -0.590984 -0.795845 0.232422 0.804688
  1 -0.135840 0.553666 -1.413354 -0.130346 0.070109 -0.988987 0.285156 0.806641
  1 3.679545 0.627616 -2.018892 -0.130387 0.070076 -0.988984 0.285156 0.675781
hands.bmp
  1 -0.113667 -0.523787 -1.075269 -0.131791 -0.590984 -0.795845 0.232422 0.804688
  1 3.679545 0.627616 -2.018892 -0.130387 0.070076 -0.988984 0.285156 0.675781
  1 3.712050 -0.499862 -1.690348 -0.101279 -0.575489 -0.811514 0.228516 0.673828
hands.bmp
  22 -30.873463 1.641897 -0.304562 0.067455 0.882951 0.464593 0.427734 0.476563
  22 -30.866230 1.749470 -1.095431 0.028945 0.996596 -0.077188 0.376953 0.474609
  22 -33.648808 1.892265 -1.163911 -0.032258 0.987808 -0.152299 0.373047 0.339844
hands.bmp
  22 -30.873463 1.641897 -0.304562 0.067455 0.882951 0.464593 0.427734 0.476563
  22 -33.648808 1.892265 -1.163911 -0.032258 0.987808 -0.152299 0.373047 0.339844
  22 -33.684799 1.794949 -0.332206 -0.029530 0.890565 0.453897 0.423828 0.335938
hands.bmp
  40 -39.114456 -0.024175 -2.017978 0.575615 -0.028959 -0.817208 0.527344 0.318359
  40 -39.116104 0.547734 -1.827140 0.604649 0.411846 -0.681749 0.523438 0.269531
  40 -38.688190 0.523599 -1.933461 0.107848 0.439588 -0.891701 0.578125 0.277344
hands.bmp
  40 -39.114456 -0.024175 -2.017978 0.575615 -0.028959 -0.817208 0.527344 0.318359
  40 -38.688190 0.523599 -1.933461 0.107848 0.439588 -0.891701 0.578125 0.277344
  40 -38.696568 -0.057551 -2.074158 0.155673 -0.049709 -0.986557 0.585938 0.316406
hands.bmp
  39 -41.432308 -0.142816 2.658733 -0.753497 -0.650950 0.092233 0.654297 0.898438
  39 -41.515518 -0.012185 2.701309 -0.979170 0.037761 0.199502 0.626953 0.896484
  39 -41.483757 0.027492 2.124927 -0.994537 -0.067338 -0.079766 0.607422 0.960938
hands.bmp
  39 -41.432308 -0.142816 2.658733 -0.753497 -0.650950 0.092233 0.654297 0.898438
  39 -41.483757 0.027492 2.124927 -0.994537 -0.067338 -0.079766 0.607422 0.960938
  39 -41.360752 -0.140105 2.111492 -0.655247 -0.728946 -0.198214 0.638672 0.970703
hands.bmp
  20 16.694168 -0.430806 -0.919361 0.068489 -0.981758 0.177371 0.152344 0.023438
  3 14.887168 -0.560100 -0.870819 0.102875 -0.981244 0.163026 0.150391 0.121094
  20 16.633442 -0.405543 -1.020227 0.069789 -0.988814 -0.131821 0.164063 0.025391
hands.bmp
  40 -38.912933 -0.321235 -1.711311 -0.063316 -0.737144 -0.672763 0.208984 0.033203
  40 -38.883167 -0.183146 -1.801566 -0.083173 -0.393412 -0.915592 0.220703 0.033203
  23 -37.271099 -0.302926 -1.851176 -0.102407 -0.651861 -0.751392 0.222656 0.126953
hands.bmp
  40 -38.912933 -0.321235 -1.711311 -0.063316 -0.737144 -0.672763 0.208984 0.033203
  23 -37.271099 -0.302926 -1.851176 -0.102407 -0.651861 -0.751392 0.222656 0.126953
  23 -37.255512 -0.492336 -1.630992 -0.085337 -0.812185 -0.577125 0.205078 0.125000
hands.bmp
  4 19.536282 0.504580 -2.408413 -0.102235 0.835576 -0.539779 0.742188 0.320313
  4 19.646992 0.690410 -2.113267 0.250118 0.894709 -0.370051 0.734375 0.292969
  14 20.522377 0.501634 -2.716301 0.649837 0.754924 -0.088331 0.652344 0.332031
hands.bmp
  4 19.536282 0.504580 -2.408413 -0.102235 0.835576 -0.539779 0.742188 0.320313
  14 20.522377 0.501634 -2.716301 0.649837 0.754924 -0.088331 0.652344 0.332031
  14 20.477634 0.495969 -2.831914 0.424965 0.718639 -0.550420 0.658203 0.355469
hands.bmp
  3 15.011405 0.463678 0.180345 0.061941 -0.123126 0.990456 0.072266 0.109375
  3 14.969001 0.102868 -0.019951 0.053636 -0.511977 0.857323 0.099609 0.113281
  20 16.507980 0.206172 0.088901 -0.010117 -0.477852 0.878382 0.085938 0.021484
hands.bmp
  3 15.011405 0.463678 0.180345 0.061941 -0.123126 0.990456 0.072266 0.109375
  20 16.507980 0.206172 0.088901 -0.010117 -0.477852 0.878382 0.085938 0.021484
  20 16.481060 0.404645 0.158790 0.015011 -0.030250 0.999430 0.068359 0.019531
hands.bmp
  12 20.946838 0.691777 0.333319 -0.122893 -0.663972 0.737590 0.906250 0.634766
  11 20.806324 0.727952 0.300087 -0.195936 -0.628863 0.752423 0.904297 0.646484
  11 20.904995 0.616603 0.087565 0.048695 -0.985238 -0.164120 0.941406 0.646484
hands.bmp
  12 20.946838 0.691777 0.333319 -0.122893 -0.663972 0.737590 0.906250 0.634766
  11 20.904995 0.616603 0.087565 0.048695 -0.985238 -0.164120 0.941406 0.646484
  12 21.009331 0.585824 0.101440 0.110605 -0.961346 -0.252150 0.941406 0.634766
hands.bmp
  40 -38.714005 -0.286902 -2.014213 0.100557 -0.468593 -0.877673 0.039063 0.945313
  40 -39.177746 -0.199704 -1.957287 0.557894 -0.447225 -0.699102 0.042969 0.888672
  40 -39.114456 -0.024175 -2.017978 0.575615 -0.028959 -0.817208 0.025391 0.888672
hands.bmp
  40 -38.714005 -0.286902 -2.014213 0.100557 -0.468593 -0.877673 0.039063 0.945313
  40 -39.114456 -0.024175 -2.017978 0.575615 -0.028959 -0.817208 0.025391 0.888672
  40 -38.696568 -0.057551 -2.074158 0.155673 -0.049709 -0.986557 0.021484 0.945313
hands.bmp
  37 -40.168121 -0.048467 0.805257 0.723232 -0.533199 0.438901 0.845703 0.648438
  37 -40.793201 -0.395589 0.761930 -0.051384 -0.990105 0.130586 0.792969 0.664063
  37 -40.635769 -0.449197 0.297989 -0.003412 -0.999343 -0.036084 0.791016 0.621094
hands.bmp
  37 -40.168121 -0.048467 0.805257 0.723232 -0.533199 0.438901 0.845703 0.648438
  37 -40.635769 -0.449197 0.297989 -0.003412 -0.999343 -0.036084 0.791016 0.621094
  37 -39.855350 -0.050593 0.196676 0.494146 -0.760931 0.420481 0.847656 0.587891
hands.bmp
  21 -26.087524 1.570868 -1.615268 0.079877 0.724134 -0.685018 0.337891 0.677734
  21 -26.035824 0.627622 -2.018892 0.130387 0.070076 -0.988984 0.285156 0.675781
  21 -29.239647 0.650050 -2.429658 0.157045 0.103008 -0.982205 0.285156 0.541016
hands.bmp
  21 -26.087524 1.570868 -1.615268 0.079877 0.724134 -0.685018 0.337891 0.677734
  21 -29.239647 0.650050 -2.429658 0.157045 0.103008 -0.982205 0.285156 0.541016
  21 -29.401173 1.534203 -1.974591 0.124890 0.787051 -0.604114 0.337891 0.533203
hands.bmp
  40 -38.829685 0.895917 -1.300800 -0.182947 0.789501 -0.585849 0.316406 0.035156
  40 -38.796101 1.103805 -0.830954 -0.174191 0.983540 -0.048022 0.351563 0.037109
  23 -37.306557 1.350010 -0.944507 -0.176084 0.979813 -0.094659 0.353516 0.126953
hands.bmp
  40 -38.829685 0.895917 -1.300800 -0.182947 0.789501 -0.585849 0.316406 0.035156
  23 -37.306557 1.350010 -0.944507 -0.176084 0.979813 -0.094659 0.353516 0.126953
  23 -37.335331 1.048358 -1.533046 -0.193347 0.772183 -0.605269 0.314453 0.126953
hands.bmp
  35 -43.683018 0.480391 -3.115794 -0.190400 0.913772 0.358843 0.947266 0.816406
  35 -42.953735 0.439927 -2.784267 -0.145887 0.970365 0.192636 0.949219 0.962891
  35 -42.948803 0.444354 -2.841328 0.207360 0.938646 -0.275581 0.917969 0.962891
hands.bmp
  35 -43.683018 0.480391 -3.115794 -0.190400 0.913772 0.358843 0.947266 0.816406
  35 -42.948803 0.444354 -2.841328 0.207360 0.938646 -0.275581 0.917969 0.962891
  35 -43.684616 0.507431 -3.206714 0.099179 0.931762 -0.349260 0.919922 0.812500
hands.bmp
  24 -41.806961 -0.069518 -1.618430 -0.333749 -0.911188 0.241555 0.623047 0.496094
  24 -40.853443 -0.263919 -1.252890 -0.344517 -0.862457 0.370777 0.714844 0.496094
  24 -41.037842 0.012887 -0.907817 -0.394841 -0.889609 0.229556 0.710938 0.529297
hands.bmp
  24 -41.806961 -0.069518 -1.618430 -0.333749 -0.911188 0.241555 0.623047 0.496094
  24 -41.037842 0.012887 -0.907817 -0.394841 -0.889609 0.229556 0.710938 0.529297
  24 -42.050049 0.271640 -1.028584 -0.280965 -0.929370 0.239438 0.623047 0.552734
hands.bmp
  20 16.275036 1.281232 -0.823124 -0.106588 0.994027 -0.023442 0.558594 0.152344
  20 16.723946 1.186683 -0.816671 -0.623966 0.779199 -0.059294 0.507813 0.158203
  20 16.749386 0.968131 -1.356660 -0.564071 0.720667 -0.403067 0.515625 0.224609
hands.bmp
  20 16.275036 1.281232 -0.823124 -0.106588 0.994027 -0.023442 0.558594 0.152344
  20 16.749386 0.968131 -1.356660 -0.564071 0.720667 -0.403067 0.515625 0.224609
  20 16.277439 1.111009 -1.423390 -0.060724 0.861660 -0.503839 0.570313 0.224609
hands.bmp
  24 -41.445663 1.157117 0.080583 0.032447 0.932312 0.360197 0.789063 0.089844
  24 -41.530937 1.222772 -0.487412 0.021660 0.999589 0.018798 0.777344 0.140625
  24 -42.111725 1.274688 -0.255481 -0.033316 0.994359 -0.100699 0.726563 0.117188
hands.bmp
  24 -41.445663 1.157117 0.080583 0.032447 0.932312 0.360197 0.789063 0.089844
  24 -42.111725 1.274688 -0.255481 -0.033316 0.994359 -0.100699 0.726563 0.117188
  24 -42.055965 1.194558 0.046958 0.024416 0.848827 0.528107 0.734375 0.089844
hands.bmp
  4 19.089386 1.157107 0.080583 -0.032497 0.932306 0.360207 0.789063 0.089844
  4 19.174656 1.222762 -0.487412 -0.021641 0.999588 0.018843 0.777344 0.140625
  4 18.508144 1.178546 -0.256319 -0.080651 0.985181 0.151372 0.839844 0.121094
hands.bmp
  4 19.174656 1.222762 -0.487412 -0.021641 0.999588 0.018843 0.777344 0.140625
  4 19.186481 1.231311 -1.167403 0.042870 0.978783 -0.200366 0.773438 0.201172
  4 18.508144 1.178546 -0.256319 -0.080651 0.985181 0.151372 0.839844 0.121094
hands.bmp
  4 18.508144 1.178546 -0.256319 -0.080651 0.985181 0.151372 0.839844 0.121094
  4 19.186481 1.231311 -1.167403 0.042870 0.978783 -0.200366 0.773438 0.201172
  4 17.460953 1.116225 -0.914585 -0.066835 0.995627 -0.065263 0.929688 0.185547
hands.bmp
  24 -39.817230 1.116235 -0.914585 0.066837 0.995627 -0.065263 0.929688 0.185547
  24 -40.130226 1.045346 -1.483719 0.143243 0.907395 -0.395116 0.902344 0.242188
  24 -41.587143 1.063188 -1.637575 -0.074856 0.912357 -0.402494 0.769531 0.251953
hands.bmp
  24 -39.817230 1.116235 -0.914585 0.066837 0.995627 -0.065263 0.929688 0.185547
  24 -41.587143 1.063188 -1.637575 -0.074856 0.912357 -0.402494 0.769531 0.251953
  24 -41.542759 1.231320 -1.167403 -0.042859 0.978797 -0.200301 0.773438 0.201172
hands.bmp
  24 -41.602478 0.721103 -2.162498 0.017218 0.792747 -0.609308 0.769531 0.300781
  24 -41.587143 1.063188 -1.637575 -0.074856 0.912357 -0.402494 0.769531 0.251953
  24 -40.130226 1.045346 -1.483719 0.143243 0.907395 -0.395116 0.902344 0.242188
hands.bmp
  24 -41.602478 0.721103 -2.162498 0.017218 0.792747 -0.609308 0.769531 0.300781
  24 -40.130226 1.045346 -1.483719 0.143243 0.907395 -0.395116 0.902344 0.242188
  24 -40.386532 0.714326 -2.041960 0.181045 0.684808 -0.705876 0.876953 0.283203
hands.bmp
  4 19.693771 0.271630 -1.028584 0.280964 -0.929370 0.239437 0.623047 0.552734
  8 20.240055 0.399508 -0.889947 0.262545 -0.941945 -0.209308 0.578125 0.583984
  8 20.271194 0.509465 -0.596791 0.250698 -0.614065 0.748381 0.589844 0.615234
hands.bmp
  4 19.693771 0.271630 -1.028584 0.280964 -0.929370 0.239437 0.623047 0.552734
  8 20.271194 0.509465 -0.596791 0.250698 -0.614065 0.748381 0.589844 0.615234
  4 19.638611 0.394626 -0.462254 0.296547 -0.939938 0.169043 0.644531 0.607422
hands.bmp
  24 -39.786152 0.600093 -1.881039 0.299085 0.571558 -0.764113 0.933594 0.273438
  24 -39.772949 0.043124 -2.104449 0.318855 -0.058203 -0.946015 0.939453 0.300781
  24 -40.497501 0.172305 -2.409789 0.264099 0.031824 -0.963970 0.865234 0.316406
hands.bmp
  24 -39.786152 0.600093 -1.881039 0.299085 0.571558 -0.764113 0.933594 0.273438
  24 -40.497501 0.172305 -2.409789 0.264099 0.031824 -0.963970 0.865234 0.316406
  24 -40.386532 0.714326 -2.041960 0.181045 0.684808 -0.705876 0.876953 0.283203
hands.bmp
  18 19.086254 -0.002042 1.962823 0.872572 -0.488424 0.007795 0.597656 0.986328
  19 19.127480 0.027482 2.124927 0.994537 -0.067340 -0.079765 0.607422 0.960938
  19 19.004471 -0.140115 2.111492 0.655244 -0.728949 -0.198216 0.638672 0.970703
hands.bmp
  18 19.086254 -0.002042 1.962823 0.872572 -0.488424 0.007795 0.597656 0.986328
  19 19.004471 -0.140115 2.111492 0.655244 -0.728949 -0.198216 0.638672 0.970703
  18 18.963615 -0.131116 1.963022 0.605360 -0.781050 -0.153295 0.617188 0.988281
hands.bmp
  4 18.073788 -0.267297 -2.086042 -0.132543 -0.727994 -0.672649 0.880859 0.343750
  4 17.438194 -0.308768 -1.885553 -0.157059 -0.760432 -0.630140 0.945313 0.318359
  4 17.391575 -0.093791 -2.034252 -0.188398 -0.489770 -0.851253 0.943359 0.308594
hands.bmp
  40 -39.494957 -0.154300 -1.942571 -0.720719 -0.288456 -0.630363 0.966797 0.302734
  40 -39.504848 -0.304015 -1.802617 -0.704970 -0.540433 -0.459293 0.968750 0.310547
  24 -39.794472 -0.308759 -1.885553 0.157059 -0.760432 -0.630139 0.945313 0.318359
hands.bmp
  40 -39.494957 -0.154300 -1.942571 -0.720719 -0.288456 -0.630363 0.966797 0.302734
  24 -39.794472 -0.308759 -1.885553 0.157059 -0.760432 -0.630139 0.945313 0.318359
  24 -39.747852 -0.093781 -2.034252 0.188398 -0.489771 -0.851252 0.943359 0.308594
hands.bmp
  30 -45.013855 0.785089 -0.669784 -0.084737 -0.639243 0.764322 0.906250 0.519531
  30 -45.015366 0.726027 -0.871549 -0.097692 -0.953779 -0.284185 0.939453 0.511719
  29 -44.800568 0.707695 -0.853312 -0.089969 -0.971969 -0.217215 0.941406 0.535156
hands.bmp
  30 -45.013855 0.785089 -0.669784 -0.084737 -0.639243 0.764322 0.906250 0.519531
  29 -44.800568 0.707695 -0.853312 -0.089969 -0.971969 -0.217215 0.941406 0.535156
  29 -44.818886 0.769428 -0.651189 -0.095987 -0.626214 0.773720 0.902344 0.542969
hands.bmp
  21 -29.844700 0.164884 0.559643 -0.269008 -0.177657 0.946611 0.052734 0.523438
  21 -30.276714 0.085676 0.384176 -0.205984 -0.212526 0.955198 0.052734 0.498047
  21 -30.344795 -0.717356 -0.069373 -0.218130 -0.778068 0.589093 0.095703 0.498047
hands.bmp
  21 -29.844700 0.164884 0.559643 -0.269008 -0.177657 0.946611 0.052734 0.523438
  21 -30.344795 -0.717356 -0.069373 -0.218130 -0.778068 0.589093 0.095703 0.498047
  21 -29.694202 -0.799727 0.035259 -0.215982 -0.780129 0.587154 0.095703 0.525391
hands.bmp
  21 -30.344795 -0.717356 -0.069373 -0.218130 -0.778068 0.589093 0.095703 0.498047
  21 -30.225830 -0.955858 -1.148800 -0.017647 -0.987460 -0.156877 0.171875 0.496094
  21 -29.475864 -1.148787 -1.054275 -0.086093 -0.980686 -0.175622 0.173828 0.529297
hands.bmp
  21 -30.344795 -0.717356 -0.069373 -0.218130 -0.778068 0.589093 0.095703 0.498047
  21 -29.475864 -1.148787 -1.054275 -0.086093 -0.980686 -0.175622 0.173828 0.529297
  21 -29.694202 -0.799727 0.035259 -0.215982 -0.780129 0.587154 0.095703 0.525391
hands.bmp
  20 16.700027 1.234931 -0.816955 -0.623946 0.779215 -0.059289 0.503906 0.158203
  20 16.701775 1.074401 -0.067071 -0.603748 0.657346 0.450982 0.490234 0.078125
  20 17.012142 1.089175 -0.102503 0.589957 0.688475 0.421843 0.451172 0.087891
hands.bmp
  20 16.700027 1.234931 -0.816955 -0.623946 0.779215 -0.059289 0.503906 0.158203
  20 17.012142 1.089175 -0.102503 0.589957 0.688475 0.421843 0.451172 0.087891
  20 17.043480 1.212220 -0.851954 0.651001 0.758264 -0.035128 0.460938 0.169922
hands.bmp
  21 -30.122868 -0.384223 -2.223988 0.093540 -0.608775 -0.787809 0.232422 0.501953
  21 -30.052723 0.462265 -2.660836 0.082939 -0.068212 -0.994217 0.277344 0.503906
  21 -29.239647 0.650050 -2.429658 0.157045 0.103008 -0.982205 0.285156 0.541016
hands.bmp
  21 -30.122868 -0.384223 -2.223988 0.093540 -0.608775 -0.787809 0.232422 0.501953
  21 -29.239647 0.650050 -2.429658 0.157045 0.103008 -0.982205 0.285156 0.541016
  21 -29.252048 -0.417672 -2.121736 0.048364 -0.607315 -0.792987 0.228516 0.537109
hands.bmp
  40 -39.504848 -0.304015 -1.802617 -0.704970 -0.540433 -0.459293 0.968750 0.310547
  40 -39.483166 -0.446239 -1.603111 -0.744997 -0.588612 -0.313873 0.970703 0.316406
  24 -39.803680 -0.487159 -1.572042 0.097165 -0.962083 -0.254862 0.949219 0.333984
hands.bmp
  40 -39.504848 -0.304015 -1.802617 -0.704970 -0.540433 -0.459293 0.968750 0.310547
  24 -39.803680 -0.487159 -1.572042 0.097165 -0.962083 -0.254862 0.949219 0.333984
  24 -39.794472 -0.308759 -1.885553 0.157059 -0.760432 -0.630139 0.945313 0.318359
hands.bmp
  22 -30.844582 0.544970 -2.543225 -0.049914 0.132186 -0.989968 0.277344 0.472656
  22 -30.845005 1.456551 -2.025618 -0.130476 0.794303 -0.593346 0.333984 0.474609
  21 -30.151604 1.686916 -2.098821 -0.002032 0.847893 -0.530164 0.337891 0.503906
hands.bmp
  22 -30.844582 0.544970 -2.543225 -0.049914 0.132186 -0.989968 0.277344 0.472656
  21 -30.151604 1.686916 -2.098821 -0.002032 0.847893 -0.530164 0.337891 0.503906
  21 -30.052723 0.462265 -2.660836 0.082939 -0.068212 -0.994217 0.277344 0.503906
hands.bmp
  22 -33.605976 0.437904 -2.531572 -0.062446 0.132719 -0.989185 0.279297 0.341797
  22 -33.657040 1.459608 -2.052808 -0.049157 0.714911 -0.697486 0.326172 0.341797
  22 -30.845005 1.456551 -2.025618 -0.130476 0.794303 -0.593346 0.333984 0.474609
hands.bmp
  22 -33.605976 0.437904 -2.531572 -0.062446 0.132719 -0.989185 0.279297 0.341797
  22 -30.845005 1.456551 -2.025618 -0.130476 0.794303 -0.593346 0.333984 0.474609
  22 -30.844582 0.544970 -2.543225 -0.049914 0.132186 -0.989968 0.277344 0.472656
hands.bmp
  2 8.488727 1.456545 -2.025618 0.130486 0.794298 -0.593350 0.333984 0.474609
  2 11.300761 1.459600 -2.052808 0.049157 0.714911 -0.697485 0.326172 0.341797
  2 11.249698 0.437897 -2.531572 0.062447 0.132719 -0.989185 0.279297 0.341797
hands.bmp
  2 8.488727 1.456545 -2.025618 0.130486 0.794298 -0.593350 0.333984 0.474609
  2 11.249698 0.437897 -2.531572 0.062447 0.132719 -0.989185 0.279297 0.341797
  2 8.488303 0.544964 -2.543225 0.049914 0.132186 -0.989967 0.277344 0.472656
hands.bmp
  23 -37.351250 0.477066 -1.981124 -0.179007 0.319663 -0.930469 0.271484 0.128906
  23 -37.335331 1.048358 -1.533046 -0.193347 0.772183 -0.605269 0.314453 0.126953
  23 -35.501572 1.328933 -1.817996 -0.163148 0.745978 -0.645677 0.318359 0.234375
hands.bmp
  23 -37.351250 0.477066 -1.981124 -0.179007 0.319663 -0.930469 0.271484 0.128906
  23 -35.501572 1.328933 -1.817996 -0.163148 0.745978 -0.645677 0.318359 0.234375
  23 -35.462177 0.327105 -2.356500 -0.136194 0.132712 -0.981753 0.267578 0.234375
hands.bmp
  20 16.949604 -0.450625 -0.445591 0.037614 -0.592554 0.804652 0.851563 0.406250
  20 16.915752 -0.292840 -0.365860 0.029307 -0.436862 0.899051 0.851563 0.429688
  20 16.887089 -0.305154 -0.396300 -0.766555 -0.327051 0.552658 0.863281 0.429688
hands.bmp
  20 16.949604 -0.450625 -0.445591 0.037614 -0.592554 0.804652 0.851563 0.406250
  20 16.887089 -0.305154 -0.396300 -0.766555 -0.327051 0.552658 0.863281 0.429688
  20 16.928226 -0.432269 -0.455880 -0.798804 -0.398441 0.450729 0.863281 0.406250
hands.bmp
  31 -43.126904 0.689992 0.337286 -0.216093 -0.591711 0.776648 0.644531 0.031250
  31 -42.240944 0.592296 0.244879 -0.078982 -0.684647 0.724583 0.710938 0.041016
  31 -42.189487 0.855514 0.275996 -0.033511 0.247698 0.968257 0.722656 0.066406
hands.bmp
  31 -43.126904 0.689992 0.337286 -0.216093 -0.591711 0.776648 0.644531 0.031250
  31 -42.189487 0.855514 0.275996 -0.033511 0.247698 0.968257 0.722656 0.066406
  31 -43.149330 0.952529 0.406356 -0.258405 0.231846 0.937803 0.636719 0.050781
hands.bmp
  11 19.833210 0.855504 0.275996 0.033510 0.247695 0.968258 0.722656 0.066406
  4 19.699684 1.194549 0.046958 -0.024420 0.848826 0.528107 0.734375 0.089844
  11 19.486378 0.873008 0.348126 0.253190 0.424606 0.869255 0.763672 0.062500
hands.bmp
  19 19.004471 -0.140115 2.111492 0.655244 -0.728949 -0.198216 0.638672 0.970703
  19 19.076031 -0.142825 2.658733 0.753503 -0.650942 0.092238 0.654297 0.898438
  19 18.923046 -0.284400 2.520702 -0.020477 -0.999420 0.027215 0.666016 0.916016
hands.bmp
  19 19.004471 -0.140115 2.111492 0.655244 -0.728949 -0.198216 0.638672 0.970703
  19 18.923046 -0.284400 2.520702 -0.020477 -0.999420 0.027215 0.666016 0.916016
  18 18.789486 -0.211177 2.018415 -0.188588 -0.980774 -0.050173 0.662109 0.988281
hands.bmp
  37 -41.202484 0.913901 0.583818 -0.270799 0.818128 0.507282 0.814453 0.042969
  37 -40.807789 0.953963 0.546296 0.096763 0.927724 0.360505 0.847656 0.048828
  24 -40.864422 1.178555 -0.256319 0.080651 0.985181 0.151373 0.839844 0.121094
hands.bmp
  37 -41.202484 0.913901 0.583818 -0.270799 0.818128 0.507282 0.814453 0.042969
  24 -40.864422 1.178555 -0.256319 0.080651 0.985181 0.151373 0.839844 0.121094
  24 -41.445663 1.157117 0.080583 0.032447 0.932312 0.360197 0.789063 0.089844
hands.bmp
  37 -40.807789 0.953963 0.546296 0.096763 0.927724 0.360505 0.847656 0.048828
  37 -40.243279 0.854173 0.418742 0.419288 0.747698 0.514923 0.906250 0.062500
  24 -39.907661 1.048715 -0.201939 0.163188 0.931636 0.324689 0.925781 0.121094
hands.bmp
  37 -40.807789 0.953963 0.546296 0.096763 0.927724 0.360505 0.847656 0.048828
  24 -39.907661 1.048715 -0.201939 0.163188 0.931636 0.324689 0.925781 0.121094
  24 -40.864422 1.178555 -0.256319 0.080651 0.985181 0.151373 0.839844 0.121094
hands.bmp
  4 17.551384 1.048705 -0.201939 -0.163193 0.931636 0.324690 0.925781 0.121094
  17 17.443462 0.552913 0.269318 -0.459379 0.511387 0.726261 0.951172 0.076172
  17 17.886997 0.854163 0.418742 -0.419289 0.747697 0.514923 0.906250 0.062500
hands.bmp
  9 22.586792 1.217735 -0.846868 -0.039469 0.967259 -0.250704 0.919922 0.812500
  9 21.452034 1.113226 -0.891695 -0.136643 0.946670 -0.291795 0.917969 0.962891
  9 21.404682 1.065725 -0.786809 -0.079091 0.934313 0.347569 0.949219 0.962891
hands.bmp
  9 22.586792 1.217735 -0.846868 -0.039469 0.967259 -0.250704 0.919922 0.812500
  9 21.404682 1.065725 -0.786809 -0.079091 0.934313 0.347569 0.949219 0.962891
  9 22.530540 1.159554 -0.739397 -0.051759 0.858539 0.510130 0.947266 0.816406
hands.bmp
  17 17.443462 0.552913 0.269318 -0.459379 0.511387 0.726261 0.951172 0.076172
  17 17.447598 0.359073 0.349373 -0.656172 0.071672 0.751200 0.957031 0.070313
  17 17.810917 0.297978 0.859731 -0.738517 0.296178 0.605699 0.923828 0.027344
hands.bmp
  38 -40.418377 -0.055764 1.277903 0.700710 -0.513321 0.495487 0.605469 0.890625
  38 -40.412308 0.057672 1.263916 0.821067 -0.087157 0.564139 0.597656 0.886719
  38 -40.733021 0.034884 1.719243 0.806656 -0.351876 0.474857 0.574219 0.931641
hands.bmp
  38 -40.418377 -0.055764 1.277903 0.700710 -0.513321 0.495487 0.605469 0.890625
  38 -40.733021 0.034884 1.719243 0.806656 -0.351876 0.474857 0.574219 0.931641
  38 -40.754490 -0.065312 1.719534 0.721740 -0.572918 0.388402 0.582031 0.929688
hands.bmp
  17 17.795532 0.131022 0.885969 -0.804528 -0.065041 0.590343 0.931641 0.023438
  17 17.478264 0.130694 0.331945 -0.700722 -0.325558 0.634824 0.964844 0.060547
  17 17.774136 0.086549 0.834351 -0.822829 -0.132306 0.552674 0.939453 0.019531
hands.bmp
  37 -40.168121 -0.048467 0.805257 0.723232 -0.533199 0.438901 0.945313 0.013672
  37 -39.855350 -0.050593 0.196676 0.494146 -0.760931 0.420481 0.970703 0.052734
  37 -39.834541 0.130704 0.331945 0.700722 -0.325559 0.634823 0.964844 0.060547
hands.bmp
  37 -40.168121 -0.048467 0.805257 0.723232 -0.533199 0.438901 0.945313 0.013672
  37 -39.834541 0.130704 0.331945 0.700722 -0.325559 0.634823 0.964844 0.060547
  37 -40.130413 0.086558 0.834351 0.822823 -0.132302 0.552683 0.939453 0.019531
hands.bmp
  40 -39.034176 -0.201480 -0.379222 0.601333 0.649631 -0.465164 0.609375 0.740234
  40 -38.760715 -0.323682 -0.223385 0.890661 0.361061 -0.276330 0.603516 0.750000
  40 -38.749989 -0.505042 -0.553830 0.729705 0.142124 -0.668828 0.593750 0.730469
hands.bmp
  40 -39.034176 -0.201480 -0.379222 0.601333 0.649631 -0.465164 0.609375 0.740234
  40 -38.749989 -0.505042 -0.553830 0.729705 0.142124 -0.668828 0.593750 0.730469
  40 -39.051903 -0.360501 -0.719220 0.842472 0.532156 -0.083971 0.599609 0.720703
hands.bmp
  40 -38.760715 -0.323682 -0.223385 0.890661 0.361061 -0.276330 0.603516 0.750000
  40 -38.725182 -0.386718 -0.193990 0.811254 -0.501839 0.300040 0.601563 0.753906
  40 -38.723122 -0.547317 -0.544280 0.708415 -0.617809 -0.341263 0.589844 0.730469
hands.bmp
  40 -38.760715 -0.323682 -0.223385 0.890661 0.361061 -0.276330 0.603516 0.750000
  40 -38.723122 -0.547317 -0.544280 0.708415 -0.617809 -0.341263 0.589844 0.730469
  40 -38.749989 -0.505042 -0.553830 0.729705 0.142124 -0.668828 0.593750 0.730469
hands.bmp
  40 -38.775520 -0.392732 -0.173258 -0.086516 -0.833630 0.545505 0.597656 0.755859
  40 -38.792747 -0.541757 -0.533251 0.027064 -0.974314 -0.223563 0.585938 0.732422
  40 -38.723122 -0.547317 -0.544280 0.708415 -0.617809 -0.341263 0.589844 0.730469
hands.bmp
  40 -38.775520 -0.392732 -0.173258 -0.086516 -0.833630 0.545505 0.597656 0.755859
  40 -38.723122 -0.547317 -0.544280 0.708415 -0.617809 -0.341263 0.589844 0.730469
  40 -38.725182 -0.386718 -0.193990 0.811254 -0.501839 0.300040 0.601563 0.753906
hands.bmp
  40 -38.719360 -0.116384 0.096331 0.816056 -0.446831 0.366599 0.617188 0.769531
  40 -38.808773 -0.109244 0.117654 -0.072297 -0.676454 0.732928 0.615234 0.773438
  40 -38.775520 -0.392732 -0.173258 -0.086516 -0.833630 0.545505 0.597656 0.755859
hands.bmp
  40 -38.719360 -0.116384 0.096331 0.816056 -0.446831 0.366599 0.617188 0.769531
  40 -38.775520 -0.392732 -0.173258 -0.086516 -0.833630 0.545505 0.597656 0.755859
  40 -38.725182 -0.386718 -0.193990 0.811254 -0.501839 0.300040 0.601563 0.753906
hands.bmp
  20 17.080719 0.081841 -2.013101 0.720729 0.039412 -0.692096 0.964844 0.296875
  4 17.416672 0.043115 -2.104449 -0.318855 -0.058204 -0.946015 0.939453 0.300781
  4 17.391575 -0.093791 -2.034252 -0.188398 -0.489770 -0.851253 0.943359 0.308594
hands.bmp
  20 17.080719 0.081841 -2.013101 0.720729 0.039412 -0.692096 0.964844 0.296875
  4 17.391575 -0.093791 -2.034252 -0.188398 -0.489770 -0.851253 0.943359 0.308594
  20 17.138676 -0.154309 -1.942571 0.720752 -0.288417 -0.630343 0.966797 0.302734
hands.bmp
  20 16.323784 0.091098 0.276062 -0.815685 -0.349673 0.460855 0.632813 0.777344
  20 16.440704 0.130530 0.297833 0.029314 -0.436853 0.899055 0.632813 0.781250
  20 16.310127 0.370879 0.366259 -0.836818 -0.094192 0.539318 0.652344 0.781250
hands.bmp
  20 16.440704 0.130530 0.297833 0.029314 -0.436853 0.899055 0.632813 0.781250
  20 16.327381 0.402350 0.386558 -0.004730 -0.019618 0.999796 0.654297 0.785156
  20 16.310127 0.370879 0.366259 -0.836818 -0.094192 0.539318 0.652344 0.781250
hands.bmp
  20 16.310127 0.370879 0.366259 -0.836818 -0.094192 0.539318 0.652344 0.781250
  20 16.327381 0.402350 0.386558 -0.004730 -0.019618 0.999796 0.654297 0.785156
  20 16.290951 0.620154 0.316317 -0.856781 0.168815 0.487266 0.664063 0.781250
hands.bmp
  20 16.327381 0.402350 0.386558 -0.004730 -0.019618 0.999796 0.654297 0.785156
  20 16.342083 0.604173 0.337047 -0.019652 0.385935 0.922317 0.666016 0.785156
  20 16.290951 0.620154 0.316317 -0.856781 0.168815 0.487266 0.664063 0.781250
hands.bmp
  24 -39.797340 -0.446765 -0.833105 -0.063279 -0.985560 0.157060 0.818359 0.500000
  24 -39.803680 -0.487159 -1.572042 0.097165 -0.962083 -0.254862 0.794922 0.433594
  40 -39.522995 -0.483230 -1.382554 -0.729472 -0.682565 -0.044453 0.822266 0.439453
hands.bmp
  24 -39.797340 -0.446765 -0.833105 -0.063279 -0.985560 0.157060 0.818359 0.500000
  40 -39.522995 -0.483230 -1.382554 -0.729472 -0.682565 -0.044453 0.822266 0.439453
  40 -39.488312 -0.425956 -0.702909 -0.595275 -0.779195 0.196223 0.847656 0.501953
hands.bmp
  40 -38.760715 -0.323682 -0.223385 0.890661 0.361061 -0.276330 0.603516 0.750000
  40 -39.034176 -0.201480 -0.379222 0.601333 0.649631 -0.465164 0.609375 0.740234
  40 -38.922195 0.020249 -0.110529 0.722448 0.452597 -0.522709 0.623047 0.757813
hands.bmp
  40 -38.760715 -0.323682 -0.223385 0.890661 0.361061 -0.276330 0.603516 0.750000
  40 -38.922195 0.020249 -0.110529 0.722448 0.452597 -0.522709 0.623047 0.757813
  40 -38.757572 -0.083224 0.046932 0.911908 0.240708 -0.332389 0.619141 0.767578
hands.bmp
  32 -43.365608 0.585834 0.101440 -0.110605 -0.961343 -0.252164 0.941406 0.634766
  32 -43.303116 0.691787 0.333319 0.122891 -0.663979 0.737584 0.906250 0.634766
  32 -44.151176 0.754570 0.472402 0.030222 -0.666041 0.745303 0.902344 0.542969
hands.bmp
  32 -43.365608 0.585834 0.101440 -0.110605 -0.961343 -0.252164 0.941406 0.634766
  32 -44.151176 0.754570 0.472402 0.030222 -0.666041 0.745303 0.902344 0.542969
  32 -44.202370 0.682579 0.275434 -0.199799 -0.948926 -0.244171 0.941406 0.535156
hands.bmp
  40 -38.883167 -0.183146 -1.801566 -0.083173 -0.393412 -0.915592 0.220703 0.033203
  40 -38.880833 -0.022817 -1.831382 -0.142905 0.041420 -0.988869 0.234375 0.033203
  23 -37.273422 -0.043277 -1.971910 -0.132303 -0.269722 -0.953806 0.240234 0.128906
hands.bmp
  40 -38.883167 -0.183146 -1.801566 -0.083173 -0.393412 -0.915592 0.220703 0.033203
  23 -37.273422 -0.043277 -1.971910 -0.132303 -0.269722 -0.953806 0.240234 0.128906
  23 -37.271099 -0.302926 -1.851176 -0.102407 -0.651861 -0.751392 0.222656 0.126953
hands.bmp
  40 -38.791504 -0.621932 -1.373471 -0.017213 -0.998445 -0.053014 0.101563 0.943359
  40 -39.176094 -0.541047 -1.357718 0.626434 -0.779258 -0.018361 0.105469 0.888672
  40 -39.136414 -0.504041 -1.588274 0.586229 -0.769891 -0.252196 0.083984 0.888672
hands.bmp
  40 -38.791504 -0.621932 -1.373471 -0.017213 -0.998445 -0.053014 0.101563 0.943359
  40 -39.136414 -0.504041 -1.588274 0.586229 -0.769891 -0.252196 0.083984 0.888672
  40 -38.742943 -0.595662 -1.624174 0.014713 -0.939572 -0.342034 0.078125 0.945313
hands.bmp
  24 -39.772949 0.043124 -2.104449 0.318855 -0.058203 -0.946015 0.939453 0.300781
  24 -39.747852 -0.093781 -2.034252 0.188398 -0.489771 -0.851252 0.943359 0.308594
  24 -40.430069 -0.267287 -2.086042 0.132542 -0.727994 -0.672649 0.880859 0.343750
hands.bmp
  24 -39.772949 0.043124 -2.104449 0.318855 -0.058203 -0.946015 0.939453 0.300781
  24 -40.430069 -0.267287 -2.086042 0.132542 -0.727994 -0.672649 0.880859 0.343750
  24 -40.497501 0.172305 -2.409789 0.264099 0.031824 -0.963970 0.865234 0.316406
hands.bmp
  20 16.819817 -0.541057 -1.357718 -0.626509 -0.779199 -0.018327 0.105469 0.888672
  20 16.804478 -0.482244 -0.637784 -0.668804 -0.726647 0.157118 0.201172 0.888672
  20 16.789520 -0.413209 -0.677912 -0.694025 -0.708568 0.127518 0.197266 0.892578
hands.bmp
  40 -39.137455 -0.253436 -0.297771 0.516907 -0.749464 0.413656 0.238281 0.890625
  40 -39.118671 -0.275008 -0.268073 0.663141 -0.657060 0.358491 0.242188 0.886719
  40 -39.160759 -0.482234 -0.637784 0.668782 -0.726667 0.157117 0.201172 0.888672
hands.bmp
  40 -39.137455 -0.253436 -0.297771 0.516907 -0.749464 0.413656 0.238281 0.890625
  40 -39.160759 -0.482234 -0.637784 0.668782 -0.726667 0.157117 0.201172 0.888672
  40 -39.145798 -0.413199 -0.677912 0.694006 -0.708587 0.127515 0.197266 0.892578
hands.bmp
  20 16.465714 0.905080 -0.150776 0.107416 0.825521 0.554055 0.392578 0.039063
  3 14.999927 1.162417 -0.222188 0.137653 0.846147 0.514865 0.400391 0.121094
  3 15.081536 0.743863 0.131580 0.084375 0.412098 0.907224 0.437285 0.121937
hands.bmp
  20 16.465714 0.905080 -0.150776 0.107416 0.825521 0.554055 0.392578 0.039063
  3 15.081536 0.743863 0.131580 0.084375 0.412098 0.907224 0.437285 0.121937
  20 16.548782 0.570577 0.110007 0.047836 0.423280 0.904735 0.429472 0.039906
hands.bmp
  20 16.785675 0.007674 0.022691 -0.481128 -0.632436 0.607076 0.279297 0.890625
  20 16.731007 -0.066924 0.051789 -0.657588 -0.559683 0.504315 0.283203 0.886719
  20 16.789135 0.178449 0.223000 -0.640712 -0.380680 0.666762 0.302734 0.884766
hands.bmp
  40 -39.399876 0.128562 0.246665 -0.571019 -0.338362 0.747963 0.304688 0.839844
  40 -39.437439 -0.059007 0.076937 -0.575284 -0.561335 0.594939 0.287109 0.841797
  40 -39.087284 -0.066915 0.051789 0.657605 -0.559664 0.504314 0.283203 0.886719
hands.bmp
  40 -39.399876 0.128562 0.246665 -0.571019 -0.338362 0.747963 0.304688 0.839844
  40 -39.087284 -0.066915 0.051789 0.657605 -0.559664 0.504314 0.283203 0.886719
  40 -39.145416 0.178458 0.223000 0.640709 -0.380695 0.666756 0.302734 0.884766
hands.bmp
  40 -39.099060 0.365340 0.312590 0.634328 -0.015193 0.772915 0.326172 0.884766
  40 -39.408043 0.390029 0.317156 -0.600901 0.008736 0.799276 0.326172 0.837891
  40 -39.399876 0.128562 0.246665 -0.571019 -0.338362 0.747963 0.304688 0.839844
hands.bmp
  40 -39.099060 0.365340 0.312590 0.634328 -0.015193 0.772915 0.326172 0.884766
  40 -39.399876 0.128562 0.246665 -0.571019 -0.338362 0.747963 0.304688 0.839844
  40 -39.145416 0.178458 0.223000 0.640709 -0.380695 0.666756 0.302734 0.884766
hands.bmp
  20 16.251366 1.058475 -0.053696 -0.872445 -0.431791 -0.228901 0.693359 0.759766
  20 16.441441 0.963338 -0.181054 -0.604228 -0.717325 -0.346918 0.685547 0.751953
  20 16.465862 0.604079 0.108837 -0.610584 -0.377683 -0.696090 0.662109 0.767578
hands.bmp
  20 16.251366 1.058475 -0.053696 -0.872445 -0.431791 -0.228901 0.693359 0.759766
  20 16.465862 0.604079 0.108837 -0.610584 -0.377683 -0.696090 0.662109 0.767578
  20 16.315746 0.571990 0.256608 -0.863258 -0.244953 -0.441342 0.664063 0.775391
hands.bmp
  40 -39.345551 0.555591 0.256461 -0.656611 0.326158 0.680061 0.339844 0.837891
  40 -39.424511 0.592017 0.147658 -0.588941 0.397692 0.703555 0.337891 0.828125
  40 -39.419476 0.390964 0.217314 -0.603683 0.091464 0.791960 0.324219 0.830078
hands.bmp
  40 -39.345551 0.555591 0.256461 -0.656611 0.326158 0.680061 0.339844 0.837891
  40 -39.419476 0.390964 0.217314 -0.603683 0.091464 0.791960 0.324219 0.830078
  40 -39.408043 0.390029 0.317156 -0.600901 0.008736 0.799276 0.326172 0.837891
hands.bmp
  11 20.904995 0.616603 0.087565 0.697153 -0.709276 0.104426 0.552734 0.685547
  11 20.845581 0.577481 0.047070 0.404280 -0.900904 -0.157894 0.554688 0.681641
  11 20.978325 0.872729 -0.161275 0.919544 -0.311520 -0.239572 0.535156 0.669922
hands.bmp
  11 20.978325 0.872729 -0.161275 0.919544 -0.311520 -0.239572 0.535156 0.669922
  11 20.845581 0.577481 0.047070 0.404280 -0.900904 -0.157894 0.554688 0.681641
  11 21.029125 0.860998 -0.199773 0.669446 -0.220813 -0.709284 0.533203 0.664063
hands.bmp
  31 -43.385403 0.861010 -0.199773 -0.669456 -0.220754 -0.709293 0.533203 0.664063
  28 -42.231518 0.973800 -0.607791 -0.579783 0.812353 0.062723 0.593750 0.626953
  31 -42.483822 0.522393 -0.031573 -0.271600 -0.942794 -0.193322 0.615234 0.648438
hands.bmp
  31 -43.385403 0.861010 -0.199773 -0.669456 -0.220754 -0.709293 0.533203 0.664063
  31 -42.483822 0.522393 -0.031573 -0.271600 -0.942794 -0.193322 0.615234 0.648438
  31 -43.201859 0.577491 0.047070 -0.404285 -0.900901 -0.157894 0.554688 0.681641
hands.bmp
  11 20.127541 0.522384 -0.031573 0.271585 -0.942797 -0.193328 0.615234 0.648438
  8 20.052433 0.528615 -0.395850 0.822682 -0.521618 0.226074 0.613281 0.625000
  8 19.875240 0.973790 -0.607791 0.579780 0.812355 0.062725 0.593750 0.626953
hands.bmp
  8 19.875240 0.973790 -0.607791 0.579780 0.812355 0.062725 0.593750 0.626953
  8 20.052433 0.528615 -0.395850 0.822682 -0.521618 0.226074 0.613281 0.625000
  8 20.271194 0.509465 -0.596791 0.250698 -0.614065 0.748381 0.589844 0.615234
hands.bmp
  8 20.052433 0.528615 -0.395850 0.822682 -0.521618 0.226074 0.613281 0.625000
  4 19.638611 0.394626 -0.462254 0.296547 -0.939938 0.169043 0.644531 0.607422
  8 20.271194 0.509465 -0.596791 0.250698 -0.614065 0.748381 0.589844 0.615234
hands.bmp
  28 -42.627472 0.509475 -0.596791 -0.250700 -0.614067 0.748379 0.589844 0.615234
  28 -42.596333 0.399518 -0.889947 -0.262547 -0.941944 -0.209308 0.578125 0.583984
  24 -42.050049 0.271640 -1.028584 -0.280965 -0.929370 0.239438 0.623047 0.552734
hands.bmp
  28 -42.627472 0.509475 -0.596791 -0.250700 -0.614067 0.748379 0.589844 0.615234
  24 -42.050049 0.271640 -1.028584 -0.280965 -0.929370 0.239438 0.623047 0.552734
  24 -41.994892 0.394635 -0.462254 -0.296548 -0.939938 0.169043 0.644531 0.607422
hands.bmp
  38 -40.926617 -0.018273 2.126424 0.277316 -0.356114 0.892345 0.552734 0.982422
  38 -40.961712 -0.075652 2.117719 0.700722 -0.513306 0.495486 0.558594 0.986328
  38 -40.754490 -0.065312 1.719534 0.721740 -0.572918 0.388402 0.582031 0.929688
hands.bmp
  38 -40.926617 -0.018273 2.126424 0.277316 -0.356114 0.892345 0.552734 0.982422
  38 -40.754490 -0.065312 1.719534 0.721740 -0.572918 0.388402 0.582031 0.929688
  38 -40.733021 0.034884 1.719243 0.806656 -0.351876 0.474857 0.574219 0.931641
hands.bmp
  40 -38.791504 -0.621932 -1.373471 -0.017213 -0.998445 -0.053014 0.101563 0.943359
  40 -38.830002 -0.588891 -0.762794 0.022984 -0.775219 0.631275 0.181641 0.945313
  40 -39.145798 -0.413199 -0.677912 0.694006 -0.708587 0.127515 0.197266 0.892578
hands.bmp
  40 -38.791504 -0.621932 -1.373471 -0.017213 -0.998445 -0.053014 0.101563 0.943359
  40 -39.145798 -0.413199 -0.677912 0.694006 -0.708587 0.127515 0.197266 0.892578
  40 -39.176094 -0.541047 -1.357718 0.626434 -0.779258 -0.018361 0.105469 0.888672
hands.bmp
  24 -41.806961 -0.069518 -1.618430 -0.333749 -0.911188 0.241555 0.623047 0.496094
  24 -41.480122 -0.189021 -2.152094 -0.128076 -0.971456 -0.199675 0.636719 0.439453
  24 -40.650761 -0.509568 -1.701862 -0.137540 -0.984731 -0.106717 0.720703 0.449219
hands.bmp
  24 -41.806961 -0.069518 -1.618430 -0.333749 -0.911188 0.241555 0.623047 0.496094
  24 -40.650761 -0.509568 -1.701862 -0.137540 -0.984731 -0.106717 0.720703 0.449219
  24 -40.853443 -0.263919 -1.252890 -0.344517 -0.862457 0.370777 0.714844 0.496094
hands.bmp
  24 -40.338165 -0.499558 -1.657318 -0.024322 -0.985674 -0.166899 0.748047 0.445313
  24 -40.335701 -0.365119 -0.883159 -0.296557 -0.939941 0.169010 0.771484 0.507813
  24 -40.853443 -0.263919 -1.252890 -0.344517 -0.862457 0.370777 0.714844 0.496094
hands.bmp
  24 -40.338165 -0.499558 -1.657318 -0.024322 -0.985674 -0.166899 0.748047 0.445313
  24 -40.853443 -0.263919 -1.252890 -0.344517 -0.862457 0.370777 0.714844 0.496094
  24 -40.650761 -0.509568 -1.701862 -0.137540 -0.984731 -0.106717 0.720703 0.449219
hands.bmp
  4 18.294479 -0.509578 -1.701862 0.137538 -0.984731 -0.106714 0.720703 0.449219
  4 17.981884 -0.499568 -1.657318 0.024321 -0.985674 -0.166898 0.748047 0.445313
  4 18.073788 -0.267297 -2.086042 -0.132543 -0.727994 -0.672649 0.726563 0.408203
hands.bmp
  4 19.246197 0.721093 -2.162498 -0.017218 0.792747 -0.609307 0.769531 0.300781
  4 18.030254 0.714316 -2.041960 -0.180991 0.684795 -0.705902 0.876953 0.283203
  4 17.773945 1.045337 -1.483719 -0.143243 0.907394 -0.395117 0.902344 0.242188
hands.bmp
  4 19.246197 0.721093 -2.162498 -0.017218 0.792747 -0.609307 0.769531 0.300781
  4 17.773945 1.045337 -1.483719 -0.143243 0.907394 -0.395117 0.902344 0.242188
  4 19.230865 1.063178 -1.637575 0.074858 0.912356 -0.402495 0.769531 0.251953
hands.bmp
  20 16.703022 0.622996 0.252357 -0.623517 0.331483 0.708058 0.484375 0.031250
  20 16.989273 0.555581 0.256461 0.656619 0.326183 0.680041 0.443359 0.037109
  20 17.012142 1.089175 -0.102503 0.589957 0.688475 0.421843 0.451172 0.087891
hands.bmp
  20 16.703022 0.622996 0.252357 -0.623517 0.331483 0.708058 0.484375 0.031250
  20 17.012142 1.089175 -0.102503 0.589957 0.688475 0.421843 0.451172 0.087891
  20 16.701775 1.074401 -0.067071 -0.603748 0.657346 0.450982 0.490234 0.078125
hands.bmp
  40 -39.116104 0.547734 -1.827140 0.604649 0.411846 -0.681749 0.523438 0.269531
  40 -39.105663 0.968141 -1.356660 0.564075 0.720678 -0.403042 0.515625 0.224609
  40 -38.633720 1.111018 -1.423390 0.060701 0.861670 -0.503825 0.570313 0.224609
hands.bmp
  40 -39.116104 0.547734 -1.827140 0.604649 0.411846 -0.681749 0.523438 0.269531
  40 -38.633720 1.111018 -1.423390 0.060701 0.861670 -0.503825 0.570313 0.224609
  40 -38.688190 0.523599 -1.933461 0.107848 0.439588 -0.891701 0.578125 0.277344
hands.bmp
  40 -39.105663 0.968141 -1.356660 0.564075 0.720678 -0.403042 0.515625 0.224609
  40 -39.080223 1.186692 -0.816671 0.623919 0.779238 -0.059265 0.507813 0.158203
  40 -38.631317 1.281241 -0.823124 0.106550 0.994031 -0.023442 0.558594 0.152344
hands.bmp
  40 -39.105663 0.968141 -1.356660 0.564075 0.720678 -0.403042 0.515625 0.224609
  40 -38.631317 1.281241 -0.823124 0.106550 0.994031 -0.023442 0.558594 0.152344
  40 -38.633720 1.111018 -1.423390 0.060701 0.861670 -0.503825 0.570313 0.224609
hands.bmp
  40 -39.080223 1.186692 -0.816671 0.623919 0.779238 -0.059265 0.507813 0.158203
  40 -39.054749 0.993896 -0.087232 0.603745 0.657333 0.451004 0.494141 0.078125
  40 -38.642506 1.111413 0.016897 0.055521 0.818147 0.572322 0.544922 0.064453
hands.bmp
  40 -39.080223 1.186692 -0.816671 0.623919 0.779238 -0.059265 0.507813 0.158203
  40 -38.642506 1.111413 0.016897 0.055521 0.818147 0.572322 0.544922 0.064453
  40 -38.631317 1.281241 -0.823124 0.106550 0.994031 -0.023442 0.558594 0.152344
hands.bmp
  40 -39.049561 0.632276 0.182219 0.571509 0.363214 0.735835 0.488281 0.039063
  40 -38.698364 0.604182 0.337047 0.019645 0.385917 0.922324 0.537109 0.021484
  40 -38.642506 1.111413 0.016897 0.055521 0.818147 0.572322 0.544922 0.064453
hands.bmp
  40 -39.049561 0.632276 0.182219 0.571509 0.363214 0.735835 0.488281 0.039063
  40 -38.642506 1.111413 0.016897 0.055521 0.818147 0.572322 0.544922 0.064453
  40 -39.054749 0.993896 -0.087232 0.603745 0.657333 0.451004 0.494141 0.078125
hands.bmp
  20 16.698471 0.993886 -0.087232 -0.603768 0.657308 0.451011 0.494141 0.078125
  20 16.693283 0.632266 0.182219 -0.571536 0.363220 0.735811 0.488281 0.039063
  20 16.701775 1.074401 -0.067071 -0.603748 0.657346 0.450982 0.490234 0.078125
hands.bmp
  20 16.693283 0.632266 0.182219 -0.571536 0.363220 0.735811 0.488281 0.039063
  20 16.703022 0.622996 0.252357 -0.623517 0.331483 0.708058 0.484375 0.031250
  20 16.701775 1.074401 -0.067071 -0.603748 0.657346 0.450982 0.490234 0.078125
hands.bmp
  40 -39.368420 1.089185 -0.102503 -0.589953 0.688489 0.421828 0.451172 0.087891
  40 -39.345551 0.555591 0.256461 -0.656611 0.326158 0.680061 0.443359 0.037109
  40 -39.059303 0.623006 0.252357 0.623501 0.331479 0.708074 0.484375 0.031250
hands.bmp
  40 -39.368420 1.089185 -0.102503 -0.589953 0.688489 0.421828 0.451172 0.087891
  40 -39.059303 0.623006 0.252357 0.623501 0.331479 0.708074 0.484375 0.031250
  40 -39.058056 1.074410 -0.067071 0.603720 0.657377 0.450974 0.490234 0.078125
hands.bmp
  20 17.012142 1.089175 -0.102503 0.589957 0.688475 0.421843 0.451172 0.087891
  20 16.989273 0.555581 0.256461 0.656619 0.326183 0.680041 0.443359 0.037109
  20 16.999962 0.997922 -0.142813 0.738000 0.585663 0.335194 0.445313 0.087891
hands.bmp
  20 16.989273 0.555581 0.256461 0.656619 0.326183 0.680041 0.443359 0.037109
  20 17.068230 0.592008 0.147658 0.588937 0.397679 0.703566 0.437500 0.039063
  20 16.999962 0.997922 -0.142813 0.738000 0.585663 0.335194 0.445313 0.087891
hands.bmp
  38 -41.414845 0.222564 0.922250 -0.998441 -0.055160 0.008535 0.429688 0.873047
  38 -41.355698 0.510537 1.002701 -0.780352 0.596184 0.188720 0.460938 0.865234
  37 -41.471653 0.567578 0.580777 -0.701921 0.254461 0.665249 0.443359 0.833984
hands.bmp
  38 -41.414845 0.222564 0.922250 -0.998441 -0.055160 0.008535 0.429688 0.873047
  37 -41.471653 0.567578 0.580777 -0.701921 0.254461 0.665249 0.443359 0.833984
  37 -41.468891 0.265853 0.564847 -0.903543 -0.385146 0.187810 0.421875 0.845703
hands.bmp
  4 18.497166 -0.263928 -1.252890 0.344512 -0.862458 0.370779 0.714844 0.496094
  4 17.979420 -0.365129 -0.883159 0.296556 -0.939942 0.169009 0.771484 0.507813
  4 17.981884 -0.499568 -1.657318 0.024321 -0.985674 -0.166898 0.748047 0.445313
hands.bmp
  4 18.497166 -0.263928 -1.252890 0.344512 -0.862458 0.370779 0.714844 0.496094
  4 17.981884 -0.499568 -1.657318 0.024321 -0.985674 -0.166898 0.748047 0.445313
  4 18.294479 -0.509578 -1.701862 0.137538 -0.984731 -0.106714 0.720703 0.449219
hands.bmp
  40 -38.926128 -0.390437 -1.551196 -0.095285 -0.935828 -0.339332 0.197266 0.031250
  40 -38.912933 -0.321235 -1.711311 -0.063316 -0.737144 -0.672763 0.208984 0.033203
  23 -37.255512 -0.492336 -1.630992 -0.085337 -0.812185 -0.577125 0.205078 0.125000
hands.bmp
  40 -38.926128 -0.390437 -1.551196 -0.095285 -0.935828 -0.339332 0.197266 0.031250
  23 -37.255512 -0.492336 -1.630992 -0.085337 -0.812185 -0.577125 0.205078 0.125000
  23 -37.239197 -0.651688 -1.390907 -0.110522 -0.979581 -0.167949 0.183594 0.121094
hands.bmp
  40 -39.483608 -0.446197 -1.633107 -0.744889 -0.588766 -0.313841 0.070313 0.837891
  40 -39.488689 -0.345426 -1.842916 -0.747676 -0.485907 -0.452631 0.050781 0.835938
  40 -39.142876 -0.413184 -1.838081 0.518517 -0.668065 -0.533695 0.058594 0.882813
hands.bmp
  40 -39.483608 -0.446197 -1.633107 -0.744889 -0.588766 -0.313841 0.070313 0.837891
  40 -39.142876 -0.413184 -1.838081 0.518517 -0.668065 -0.533695 0.058594 0.882813
  40 -39.170738 -0.551454 -1.617840 0.565693 -0.774699 -0.282547 0.082031 0.884766
hands.bmp
  3 13.009593 -0.537160 -0.305944 0.083299 -0.797355 0.597734 0.119141 0.228516
  3 12.965362 -0.818856 -0.796648 0.098832 -0.958858 0.266128 0.144531 0.230469
  3 14.887168 -0.560100 -0.870819 0.102875 -0.981244 0.163026 0.150391 0.121094
hands.bmp
  3 13.009593 -0.537160 -0.305944 0.083299 -0.797355 0.597734 0.119141 0.228516
  3 14.887168 -0.560100 -0.870819 0.102875 -0.981244 0.163026 0.150391 0.121094
  3 14.890464 -0.449449 -0.660950 0.097126 -0.895898 0.433513 0.136719 0.119141
hands.bmp
  40 -38.791504 -0.621932 -1.373471 -0.017213 -0.998445 -0.053014 0.724609 0.771484
  40 -38.711620 -0.628316 -1.364650 0.808415 -0.588532 0.009719 0.720703 0.767578
  40 -38.740444 -0.596044 -0.774119 0.742452 -0.409299 0.530320 0.728516 0.718750
hands.bmp
  40 -38.791504 -0.621932 -1.373471 -0.017213 -0.998445 -0.053014 0.724609 0.771484
  40 -38.740444 -0.596044 -0.774119 0.742452 -0.409299 0.530320 0.728516 0.718750
  40 -38.830002 -0.588891 -0.762794 0.022984 -0.775219 0.631275 0.732422 0.716797
hands.bmp
  18 18.585644 0.279374 2.110115 -0.641245 0.619545 0.452734 0.525391 0.974609
  18 18.497108 0.097795 2.134399 -0.517029 0.130974 0.845888 0.542969 0.978516
  18 18.550636 0.052337 2.121432 0.585477 0.227957 0.777979 0.539063 0.986328
hands.bmp
  18 18.497108 0.097795 2.134399 -0.517029 0.130974 0.845888 0.542969 0.978516
  18 18.540810 -0.016505 2.167957 -0.016024 -0.242385 0.970048 0.548828 0.980469
  18 18.550636 0.052337 2.121432 0.585477 0.227957 0.777979 0.539063 0.986328
hands.bmp
  18 18.550636 0.052337 2.121432 0.585477 0.227957 0.777979 0.539063 0.986328
  18 18.540810 -0.016505 2.167957 -0.016024 -0.242385 0.970048 0.548828 0.980469
  18 18.570335 -0.018283 2.126424 -0.277352 -0.356169 0.892311 0.552734 0.982422
hands.bmp
  31 -43.366920 1.082543 -0.115036 -0.719881 0.466512 -0.513944 0.615234 0.105469
  31 -43.334103 1.033595 -0.086276 -0.988296 0.151314 -0.019367 0.607422 0.103516
  31 -43.267559 1.188716 0.056587 -0.947144 0.244999 0.207109 0.611328 0.087891
hands.bmp
  31 -43.366920 1.082543 -0.115036 -0.719881 0.466512 -0.513944 0.615234 0.105469
  31 -43.267559 1.188716 0.056587 -0.947144 0.244999 0.207109 0.611328 0.087891
  31 -43.256351 1.246173 0.037276 -0.596188 0.797214 -0.094921 0.619141 0.091797
hands.bmp
  20 16.366840 -0.547326 -0.544280 -0.708409 -0.617819 -0.341257 0.589844 0.730469
  20 16.436466 -0.541766 -0.533251 -0.027062 -0.974311 -0.223575 0.585938 0.732422
  20 16.419243 -0.392741 -0.173258 0.086342 -0.833313 0.546017 0.597656 0.755859
hands.bmp
  20 16.366840 -0.547326 -0.544280 -0.708409 -0.617819 -0.341257 0.589844 0.730469
  20 16.419243 -0.392741 -0.173258 0.086342 -0.833313 0.546017 0.597656 0.755859
  20 16.368900 -0.386727 -0.193990 -0.811252 -0.501846 0.300035 0.601563 0.753906
hands.bmp
  20 16.277439 1.111009 -1.423390 -0.060724 0.861660 -0.503839 0.570313 0.224609
  20 16.749386 0.968131 -1.356660 -0.564071 0.720667 -0.403067 0.515625 0.224609
  20 16.759827 0.547725 -1.827140 -0.604657 0.411835 -0.681749 0.523438 0.269531
hands.bmp
  20 16.277439 1.111009 -1.423390 -0.060724 0.861660 -0.503839 0.570313 0.224609
  20 16.759827 0.547725 -1.827140 -0.604657 0.411835 -0.681749 0.523438 0.269531
  20 16.331909 0.523589 -1.933461 -0.107877 0.439567 -0.891708 0.578125 0.277344
hands.bmp
  22 -30.774261 -1.091470 -1.250006 0.065768 -0.988268 -0.137843 0.169922 0.470703
  22 -30.812008 -0.748140 -0.209430 -0.037219 -0.814208 0.579379 0.107422 0.472656
  22 -33.447056 -0.806200 -0.331699 -0.037751 -0.847217 0.529904 0.121094 0.339844
hands.bmp
  22 -30.774261 -1.091470 -1.250006 0.065768 -0.988268 -0.137843 0.169922 0.470703
  22 -33.447056 -0.806200 -0.331699 -0.037751 -0.847217 0.529904 0.121094 0.339844
  22 -33.369247 -1.069751 -1.383690 -0.037142 -0.986507 -0.159449 0.169922 0.341797
hands.bmp
  21 -26.068329 -0.499856 -1.690348 0.101279 -0.575489 -0.811514 0.228516 0.673828
  21 -22.242613 -0.523784 -1.075269 0.131811 -0.591023 -0.795812 0.232422 0.804688
  21 -22.346615 -1.235705 -0.039051 0.056997 -0.983079 -0.174091 0.164063 0.800781
hands.bmp
  21 -26.068329 -0.499856 -1.690348 0.101279 -0.575489 -0.811514 0.228516 0.673828
  21 -22.346615 -1.235705 -0.039051 0.056997 -0.983079 -0.174091 0.164063 0.800781
  21 -26.172234 -1.381042 -0.552889 0.010444 -0.980615 -0.195665 0.171875 0.669922
hands.bmp
  21 -26.035824 0.627622 -2.018892 0.130387 0.070076 -0.988984 0.285156 0.675781
  21 -22.220440 0.553670 -1.413354 0.130346 0.070108 -0.988987 0.285156 0.806641
  21 -22.242613 -0.523784 -1.075269 0.131811 -0.591023 -0.795812 0.232422 0.804688
hands.bmp
  21 -26.035824 0.627622 -2.018892 0.130387 0.070076 -0.988984 0.285156 0.675781
  21 -22.242613 -0.523784 -1.075269 0.131811 -0.591023 -0.795812 0.232422 0.804688
  21 -26.068329 -0.499856 -1.690348 0.101279 -0.575489 -0.811514 0.228516 0.673828
hands.bmp
  28 -43.808311 1.113237 -0.891695 0.136638 0.946670 -0.291796 0.917969 0.962891
  28 -43.828041 0.978624 -1.070554 0.048871 0.499936 -0.864683 0.892578 0.964844
  29 -44.963829 1.073597 -1.022906 0.006895 0.543125 -0.839623 0.892578 0.812500
hands.bmp
  28 -43.808311 1.113237 -0.891695 0.136638 0.946670 -0.291796 0.917969 0.962891
  29 -44.963829 1.073597 -1.022906 0.006895 0.543125 -0.839623 0.892578 0.812500
  29 -44.943069 1.217747 -0.846868 0.039469 0.967259 -0.250704 0.919922 0.812500
hands.bmp
  21 -26.206081 1.989002 -0.587159 0.001857 0.992763 -0.120076 0.376953 0.677734
  21 -22.381718 1.854420 -0.061267 0.039977 0.995451 -0.086478 0.376953 0.808594
  21 -22.271851 1.556916 -1.010171 0.116123 0.743467 -0.658614 0.333984 0.808594
hands.bmp
  21 -26.206081 1.989002 -0.587159 0.001857 0.992763 -0.120076 0.376953 0.677734
  21 -22.271851 1.556916 -1.010171 0.116123 0.743467 -0.658614 0.333984 0.808594
  21 -26.087524 1.570868 -1.615268 0.079877 0.724134 -0.685018 0.337891 0.677734
hands.bmp
  21 -22.581108 1.017149 1.546780 -0.096068 0.441216 0.892244 0.011719 0.806641
  21 -26.395039 1.032486 1.131670 -0.134153 0.441230 0.887310 0.007813 0.675781
  21 -26.388508 0.123201 1.238250 -0.142898 -0.200086 0.969302 0.052734 0.669922
hands.bmp
  21 -22.581108 1.017149 1.546780 -0.096068 0.441216 0.892244 0.011719 0.806641
  21 -26.388508 0.123201 1.238250 -0.142898 -0.200086 0.969302 0.052734 0.669922
  21 -22.564335 0.157813 1.652902 -0.109224 -0.189427 0.975801 0.056641 0.802734
hands.bmp
  21 -26.395039 1.032486 1.131670 -0.134153 0.441230 0.887310 0.470488 0.680531
  21 -22.581108 1.017149 1.546780 -0.096068 0.441216 0.892244 0.464629 0.811390
  21 -22.484577 1.741089 0.780562 -0.032691 0.902540 0.429363 0.421875 0.808594
hands.bmp
  21 -26.395039 1.032486 1.131670 -0.134153 0.441230 0.887310 0.470488 0.680531
  21 -22.484577 1.741089 0.780562 -0.032691 0.902540 0.429363 0.421875 0.808594
  21 -26.298939 1.875621 0.254579 -0.064302 0.916062 0.395849 0.427734 0.677734
hands.bmp
  2 8.485705 -0.474299 -2.290248 -0.089616 -0.600954 -0.794244 0.226563 0.472656
  2 11.158484 -0.491968 -2.341490 0.042050 -0.580280 -0.813331 0.228516 0.341797
  2 11.012969 -1.069758 -1.383690 0.037142 -0.986507 -0.159449 0.169922 0.341797
hands.bmp
  2 8.485705 -0.474299 -2.290248 -0.089616 -0.600954 -0.794244 0.226563 0.472656
  2 11.012969 -1.069758 -1.383690 0.037142 -0.986507 -0.159449 0.169922 0.341797
  2 8.417983 -1.091475 -1.250006 -0.065768 -0.988269 -0.137840 0.169922 0.470703
hands.bmp
  40 -39.368420 1.089185 -0.102503 -0.589953 0.688489 0.421828 0.451172 0.087891
  40 -39.399761 1.212230 -0.851954 -0.651008 0.758258 -0.035123 0.460938 0.169922
  40 -39.415154 1.143235 -0.841823 -0.766478 0.641501 0.031440 0.455078 0.169922
hands.bmp
  40 -39.368420 1.089185 -0.102503 -0.589953 0.688489 0.421828 0.451172 0.087891
  40 -39.415154 1.143235 -0.841823 -0.766478 0.641501 0.031440 0.455078 0.169922
  40 -39.356243 0.997931 -0.142813 -0.737964 0.585699 0.335211 0.445313 0.087891
hands.bmp
  10 23.393673 1.148041 -0.701631 0.772186 0.281506 0.569634 0.955078 0.673828
  10 23.327099 1.235224 -0.709808 0.294752 0.805192 0.514575 0.955078 0.689453
  10 23.244080 1.105417 -0.635259 0.121232 0.302288 0.945476 0.966797 0.707031
hands.bmp
  10 23.327099 1.235224 -0.709808 0.294752 0.805192 0.514575 0.955078 0.689453
  10 22.991829 1.172327 -0.741983 -0.077362 0.937871 0.338251 0.947266 0.748047
  10 23.244080 1.105417 -0.635259 0.121232 0.302288 0.945476 0.966797 0.707031
hands.bmp
  10 23.244080 1.105417 -0.635259 0.121232 0.302288 0.945476 0.966797 0.707031
  10 22.991829 1.172327 -0.741983 -0.077362 0.937871 0.338251 0.947266 0.748047
  9 22.530540 1.159554 -0.739397 -0.051759 0.858539 0.510130 0.947266 0.816406
hands.bmp
  30 -45.329300 1.203295 -0.845849 0.060184 0.963398 -0.261232 0.919922 0.751953
  30 -45.348106 1.172338 -0.741983 0.077359 0.937871 0.338251 0.947266 0.748047
  29 -44.886818 1.159565 -0.739397 0.051759 0.858539 0.510129 0.947266 0.816406
hands.bmp
  30 -45.329300 1.203295 -0.845849 0.060184 0.963398 -0.261232 0.919922 0.751953
  29 -44.886818 1.159565 -0.739397 0.051759 0.858539 0.510129 0.947266 0.816406
  29 -44.943069 1.217747 -0.846868 0.039469 0.967259 -0.250704 0.919922 0.812500
hands.bmp
  28 -43.760960 1.065737 -0.786809 0.079075 0.934317 0.347562 0.949219 0.962891
  28 -43.808311 1.113237 -0.891695 0.136638 0.946670 -0.291796 0.917969 0.962891
  29 -44.943069 1.217747 -0.846868 0.039469 0.967259 -0.250704 0.919922 0.812500
hands.bmp
  28 -43.760960 1.065737 -0.786809 0.079075 0.934317 0.347562 0.949219 0.962891
  29 -44.943069 1.217747 -0.846868 0.039469 0.967259 -0.250704 0.919922 0.812500
  29 -44.886818 1.159565 -0.739397 0.051759 0.858539 0.510129 0.947266 0.816406
hands.bmp
  28 -43.760960 1.065737 -0.786809 0.079075 0.934317 0.347562 0.949219 0.962891
  28 -43.664742 1.068277 -0.782851 0.015322 0.935021 0.354261 0.949219 0.980469
  28 -43.736229 1.092211 -0.900393 0.173053 0.929741 -0.325013 0.917969 0.980469
hands.bmp
  28 -43.760960 1.065737 -0.786809 0.079075 0.934317 0.347562 0.949219 0.962891
  28 -43.736229 1.092211 -0.900393 0.173053 0.929741 -0.325013 0.917969 0.980469
  28 -43.808311 1.113237 -0.891695 0.136638 0.946670 -0.291796 0.917969 0.962891
hands.bmp
  28 -43.736229 1.092211 -0.900393 0.173053 0.929741 -0.325013 0.917969 0.980469
  28 -43.733932 0.958303 -1.070284 0.075272 0.447733 -0.890993 0.890625 0.984375
  28 -43.828041 0.978624 -1.070554 0.048871 0.499936 -0.864683 0.892578 0.964844
hands.bmp
  28 -43.736229 1.092211 -0.900393 0.173053 0.929741 -0.325013 0.917969 0.980469
  28 -43.828041 0.978624 -1.070554 0.048871 0.499936 -0.864683 0.892578 0.964844
  28 -43.808311 1.113237 -0.891695 0.136638 0.946670 -0.291796 0.917969 0.962891
hands.bmp
  28 -43.733932 0.958303 -1.070284 0.075272 0.447733 -0.890993 0.890625 0.984375
  28 -43.670937 0.791851 -1.119527 -0.118672 -0.478952 -0.869783 0.871094 0.986328
  28 -43.823792 0.759436 -1.101183 -0.057794 -0.331626 -0.941639 0.871094 0.968750
hands.bmp
  28 -43.733932 0.958303 -1.070284 0.075272 0.447733 -0.890993 0.890625 0.984375
  28 -43.823792 0.759436 -1.101183 -0.057794 -0.331626 -0.941639 0.871094 0.968750
  28 -43.828041 0.978624 -1.070554 0.048871 0.499936 -0.864683 0.892578 0.964844
hands.bmp
  20 16.961887 -0.559945 -0.685588 -0.890667 0.361056 -0.276318 0.808594 0.361328
  20 16.963219 -0.469573 -0.585433 -0.889062 0.331726 -0.315479 0.808594 0.382813
  20 16.973335 -0.468762 -0.595284 -0.048866 0.795629 -0.603810 0.818359 0.382813
hands.bmp
  20 16.961887 -0.559945 -0.685588 -0.890667 0.361056 -0.276318 0.808594 0.361328
  20 16.973335 -0.468762 -0.595284 -0.048866 0.795629 -0.603810 0.818359 0.382813
  20 16.971203 -0.549167 -0.695438 -0.053872 0.843395 -0.534586 0.818359 0.361328
hands.bmp
  13 22.538246 0.876158 0.629757 0.253092 -0.441636 0.860756 0.902344 0.394531
  13 22.529659 1.091242 0.655548 -0.029932 0.262419 0.964490 0.886719 0.394531
  12 21.890068 1.045549 0.555274 -0.196228 0.233009 0.952471 0.882813 0.531250
hands.bmp
  13 22.538246 0.876158 0.629757 0.253092 -0.441636 0.860756 0.902344 0.394531
  12 21.890068 1.045549 0.555274 -0.196228 0.233009 0.952471 0.882813 0.531250
  13 21.949028 0.800514 0.490471 -0.050572 -0.664120 0.745913 0.906250 0.519531
hands.bmp
  19 19.034828 0.252427 2.139617 0.744741 0.665258 0.052852 0.812500 0.964844
  19 18.981064 0.328366 2.577730 0.099359 0.972324 0.211459 0.773438 0.916016
  19 19.065971 0.188760 2.671009 0.768579 0.617583 0.166964 0.787109 0.900391
hands.bmp
  19 19.065971 0.188760 2.671009 0.768579 0.617583 0.166964 0.787109 0.900391
  19 18.981064 0.328366 2.577730 0.099359 0.972324 0.211459 0.773438 0.916016
  19 19.040707 0.180467 2.931381 0.450479 0.634517 0.628058 0.759766 0.865234
hands.bmp
  40 -38.669678 0.341067 0.306259 0.886622 -0.073774 -0.456573 0.652344 0.777344
  40 -38.837337 0.404655 0.158790 0.648332 -0.044479 -0.760057 0.652344 0.767578
  40 -38.822144 0.604089 0.108837 0.610564 -0.377657 -0.696123 0.662109 0.767578
hands.bmp
  40 -38.669678 0.341067 0.306259 0.886622 -0.073774 -0.456573 0.652344 0.777344
  40 -38.822144 0.604089 0.108837 0.610564 -0.377657 -0.696123 0.662109 0.767578
  40 -38.672024 0.572000 0.256608 0.863256 -0.244961 -0.441343 0.664063 0.775391
hands.bmp
  20 16.785675 0.007674 0.022691 -0.481128 -0.632436 0.607076 0.279297 0.890625
  20 16.719303 0.182912 0.171977 -0.540923 -0.411561 0.733498 0.298828 0.890625
  20 16.440704 0.130530 0.297833 0.029314 -0.436853 0.899055 0.302734 0.941406
hands.bmp
  20 16.785675 0.007674 0.022691 -0.481128 -0.632436 0.607076 0.279297 0.890625
  20 16.440704 0.130530 0.297833 0.029314 -0.436853 0.899055 0.302734 0.941406
  20 16.452496 -0.109254 0.117654 0.072301 -0.676455 0.732926 0.281250 0.941406
hands.bmp
  19 18.881752 0.176694 2.960005 -0.320403 0.650471 0.688643 0.740234 0.871094
  19 18.799950 -0.016820 3.004281 -0.677825 0.033826 0.734445 0.722656 0.863281
  19 18.857758 -0.035083 3.015453 -0.082609 -0.069334 0.994167 0.722656 0.855469
hands.bmp
  19 18.857758 -0.035083 3.015453 -0.082609 -0.069334 0.994167 0.722656 0.855469
  19 18.799950 -0.016820 3.004281 -0.677825 0.033826 0.734445 0.722656 0.863281
  19 18.836445 -0.176154 2.930924 -0.490071 -0.671511 0.555791 0.695313 0.875000
hands.bmp
  39 -41.192726 -0.176145 2.930924 0.490065 -0.671517 0.555789 0.695313 0.875000
  39 -41.086258 -0.153981 2.587160 0.758340 -0.624723 0.186125 0.697266 0.917969
  39 -41.044392 -0.002200 2.640166 0.899529 0.058875 0.432876 0.720703 0.917969
hands.bmp
  39 -41.192726 -0.176145 2.930924 0.490065 -0.671517 0.555789 0.695313 0.875000
  39 -41.044392 -0.002200 2.640166 0.899529 0.058875 0.432876 0.720703 0.917969
  39 -41.156231 -0.016810 3.004281 0.677827 0.033820 0.734443 0.722656 0.863281
hands.bmp
  19 18.688110 -0.002210 2.640166 -0.899528 0.058883 0.432876 0.720703 0.917969
  19 18.648735 -0.005935 2.578234 -0.908327 0.022718 0.417643 0.720703 0.925781
  19 18.729977 -0.153991 2.587160 -0.758341 -0.624722 0.186123 0.697266 0.917969
hands.bmp
  38 -40.961712 -0.075652 2.117719 0.796719 -0.591564 0.123659 0.691406 0.984375
  38 -40.906918 0.052346 2.121432 0.977455 -0.049925 0.205157 0.720703 0.986328
  39 -41.005016 -0.005925 2.578234 0.908327 0.022715 0.417644 0.720703 0.925781
hands.bmp
  38 -40.961712 -0.075652 2.117719 0.796719 -0.591564 0.123659 0.691406 0.984375
  39 -41.005016 -0.005925 2.578234 0.908327 0.022715 0.417644 0.720703 0.925781
  39 -41.086258 -0.153981 2.587160 0.758340 -0.624723 0.186125 0.697266 0.917969
hands.bmp
  23 -35.400433 -0.302711 -2.196430 -0.118051 -0.551323 -0.825898 0.236328 0.236328
  23 -35.462177 0.327105 -2.356500 -0.136194 0.132712 -0.981753 0.267578 0.234375
  22 -33.605976 0.437904 -2.531572 -0.062446 0.132719 -0.989185 0.279297 0.341797
hands.bmp
  23 -35.400433 -0.302711 -2.196430 -0.118051 -0.551323 -0.825898 0.236328 0.236328
  22 -33.605976 0.437904 -2.531572 -0.062446 0.132719 -0.989185 0.279297 0.341797
  22 -33.514763 -0.491961 -2.341490 -0.042050 -0.580280 -0.813331 0.228516 0.341797
hands.bmp
  16 21.856586 0.280621 -3.502989 0.465405 -0.188373 -0.864820 0.896484 0.667969
  16 21.746006 0.255016 -3.498953 -0.137448 -0.336633 -0.931551 0.880859 0.691406
  16 21.775753 0.360403 -3.501975 -0.053417 0.365449 -0.929298 0.892578 0.695313
hands.bmp
  16 21.775753 0.360403 -3.501975 -0.053417 0.365449 -0.929298 0.892578 0.695313
  16 21.746006 0.255016 -3.498953 -0.137448 -0.336633 -0.931551 0.880859 0.691406
  16 21.564640 0.349909 -3.431126 -0.305486 0.391884 -0.867816 0.894531 0.748047
hands.bmp
  16 21.746006 0.255016 -3.498953 -0.137448 -0.336633 -0.931551 0.880859 0.691406
  15 21.199768 0.247501 -3.301660 -0.346144 -0.303468 -0.887745 0.876953 0.824219
  16 21.564640 0.349909 -3.431126 -0.305486 0.391884 -0.867816 0.894531 0.748047
hands.bmp
  16 21.564640 0.349909 -3.431126 -0.305486 0.391884 -0.867816 0.894531 0.748047
  15 21.199768 0.247501 -3.301660 -0.346144 -0.303468 -0.887745 0.876953 0.824219
  15 21.255104 0.397791 -3.308789 -0.327897 0.475397 -0.816383 0.892578 0.812500
hands.bmp
  35 -42.852592 0.339562 -2.991866 0.356513 0.410838 -0.839113 0.892578 0.964844
  35 -42.825092 0.181376 -2.949201 0.378478 -0.475327 -0.794241 0.871094 0.968750
  35 -43.556053 0.247513 -3.301660 0.346142 -0.303467 -0.887747 0.876953 0.824219
hands.bmp
  35 -42.852592 0.339562 -2.991866 0.356513 0.410838 -0.839113 0.892578 0.964844
  35 -43.556053 0.247513 -3.301660 0.346142 -0.303467 -0.887747 0.876953 0.824219
  35 -43.611389 0.397802 -3.308789 0.327896 0.475404 -0.816379 0.892578 0.812500
hands.bmp
  35 -43.611389 0.397802 -3.308789 0.327896 0.475404 -0.816379 0.892578 0.812500
  35 -43.684616 0.507431 -3.206714 0.099179 0.931762 -0.349260 0.919922 0.812500
  35 -42.948803 0.444354 -2.841328 0.207360 0.938646 -0.275581 0.917969 0.962891
hands.bmp
  35 -43.611389 0.397802 -3.308789 0.327896 0.475404 -0.816379 0.892578 0.812500
  35 -42.948803 0.444354 -2.841328 0.207360 0.938646 -0.275581 0.917969 0.962891
  35 -42.852592 0.339562 -2.991866 0.356513 0.410838 -0.839113 0.892578 0.964844
hands.bmp
  3 13.145293 1.328925 -1.817996 0.163144 0.745979 -0.645678 0.318359 0.234375
  3 14.979053 1.048350 -1.533046 0.193354 0.772181 -0.605269 0.314453 0.126953
  3 14.994971 0.477058 -1.981124 0.179005 0.319612 -0.930487 0.271484 0.128906
hands.bmp
  3 13.145293 1.328925 -1.817996 0.163144 0.745979 -0.645678 0.318359 0.234375
  3 14.994971 0.477058 -1.981124 0.179005 0.319612 -0.930487 0.271484 0.128906
  3 13.105897 0.327097 -2.356500 0.136190 0.132710 -0.981754 0.267578 0.234375
hands.bmp
  35 -42.953735 0.439927 -2.784267 -0.145887 0.970365 0.192636 0.949219 0.962891
  34 -42.884861 0.451808 -2.749129 -0.250155 0.959624 0.128626 0.949219 0.980469
  34 -42.863998 0.437480 -2.792250 0.174385 0.942379 -0.285504 0.917969 0.980469
hands.bmp
  35 -42.953735 0.439927 -2.784267 -0.145887 0.970365 0.192636 0.949219 0.962891
  34 -42.863998 0.437480 -2.792250 0.174385 0.942379 -0.285504 0.917969 0.980469
  35 -42.948803 0.444354 -2.841328 0.207360 0.938646 -0.275581 0.917969 0.962891
hands.bmp
  35 -42.982983 0.296176 -2.599928 -0.480995 0.348281 0.804577 0.976563 0.972656
  34 -42.938267 0.319545 -2.568700 -0.539846 0.308992 0.783001 0.976563 0.986328
  34 -42.884861 0.451808 -2.749129 -0.250155 0.959624 0.128626 0.949219 0.980469
hands.bmp
  35 -42.982983 0.296176 -2.599928 -0.480995 0.348281 0.804577 0.976563 0.972656
  34 -42.884861 0.451808 -2.749129 -0.250155 0.959624 0.128626 0.949219 0.980469
  35 -42.953735 0.439927 -2.784267 -0.145887 0.970365 0.192636 0.949219 0.962891
hands.bmp
  13 22.529659 1.091242 0.655548 -0.029932 0.262419 0.964490 0.886719 0.394531
  13 22.538246 0.876158 0.629757 0.253092 -0.441636 0.860756 0.902344 0.394531
  13 22.671680 1.097515 0.615663 0.610797 0.130963 0.780881 0.902344 0.375000
hands.bmp
  14 20.571667 0.331075 -2.521159 0.879850 0.198044 0.432022 0.494141 0.482422
  14 20.494095 0.017112 -2.564848 0.708896 -0.623855 0.329047 0.507813 0.458984
  14 20.515663 0.059175 -2.612447 0.931179 -0.353408 -0.089487 0.500000 0.457031
hands.bmp
  14 20.571667 0.331075 -2.521159 0.879850 0.198044 0.432022 0.494141 0.482422
  14 20.515663 0.059175 -2.612447 0.931179 -0.353408 -0.089487 0.500000 0.457031
  14 20.581989 0.319535 -2.568700 0.986043 -0.011790 -0.166074 0.492188 0.480469
hands.bmp
  20 16.296036 -0.271783 -1.995095 -0.839130 -0.299948 -0.453753 0.687500 0.812500
  20 16.357727 -0.286912 -2.014213 -0.100552 -0.468588 -0.877675 0.691406 0.820313
  20 16.358013 -0.447436 -1.844414 -0.817138 -0.482002 -0.316164 0.703125 0.804688
hands.bmp
  20 16.296036 -0.271783 -1.995095 -0.839130 -0.299948 -0.453753 0.687500 0.812500
  20 16.358013 -0.447436 -1.844414 -0.817138 -0.482002 -0.316164 0.703125 0.804688
  20 16.324982 -0.419990 -1.794854 -0.877326 0.308559 0.367548 0.699219 0.800781
hands.bmp
  33 -44.790726 0.731964 0.518271 -0.162653 -0.961269 0.222500 0.921875 0.416016
  33 -44.894524 0.876169 0.629757 -0.253087 -0.441633 0.860759 0.902344 0.394531
  33 -44.976944 0.852026 0.548369 -0.719433 -0.624436 0.304133 0.923828 0.386719
hands.bmp
  33 -44.790726 0.731964 0.518271 -0.162653 -0.961269 0.222500 0.921875 0.416016
  33 -44.976944 0.852026 0.548369 -0.719433 -0.624436 0.304133 0.923828 0.386719
  33 -44.931686 0.805285 0.450049 -0.560565 -0.747165 -0.357087 0.939453 0.396484
hands.bmp
  13 22.575409 0.805273 0.450049 0.560570 -0.747163 -0.357083 0.939453 0.396484
  13 22.434448 0.731953 0.518271 0.162655 -0.961267 0.222506 0.921875 0.416016
  13 22.030334 0.721840 0.301262 0.210128 -0.915997 -0.341755 0.939453 0.511719
hands.bmp
  13 22.434448 0.731953 0.518271 0.162655 -0.961267 0.222506 0.921875 0.416016
  13 21.949028 0.800514 0.490471 -0.050572 -0.664120 0.745913 0.906250 0.519531
  13 22.030334 0.721840 0.301262 0.210128 -0.915997 -0.341755 0.939453 0.511719
hands.bmp
  11 20.977825 1.033586 -0.086276 0.255220 0.526071 -0.811241 0.890625 0.984375
  11 20.911282 1.188706 0.056587 0.139082 0.960387 -0.241481 0.917969 0.980469
  12 21.022751 1.190643 0.078823 0.081242 0.958982 -0.271574 0.917969 0.962891
hands.bmp
  11 20.977825 1.033586 -0.086276 0.255220 0.526071 -0.811241 0.890625 0.984375
  12 21.022751 1.190643 0.078823 0.081242 0.958982 -0.271574 0.917969 0.962891
  12 21.067970 1.054794 -0.060820 0.207931 0.526759 -0.824190 0.892578 0.964844
hands.bmp
  3 14.950278 1.350002 -0.944507 0.176085 0.979813 -0.094659 0.353516 0.126953
  20 16.439823 1.103795 -0.830954 0.174191 0.983540 -0.048021 0.351563 0.037109
  20 16.473408 0.895907 -1.300800 0.183737 0.789391 -0.585750 0.316406 0.035156
hands.bmp
  3 14.950278 1.350002 -0.944507 0.176085 0.979813 -0.094659 0.353516 0.126953
  20 16.473408 0.895907 -1.300800 0.183737 0.789391 -0.585750 0.316406 0.035156
  3 14.979053 1.048350 -1.533046 0.193354 0.772181 -0.605269 0.314453 0.126953
hands.bmp
  31 -43.261272 0.616612 0.087565 -0.048700 -0.985239 -0.164108 0.941406 0.646484
  31 -43.162601 0.727962 0.300087 0.195935 -0.628870 0.752418 0.904297 0.646484
  32 -43.303116 0.691787 0.333319 0.122891 -0.663979 0.737584 0.906250 0.634766
hands.bmp
  31 -43.261272 0.616612 0.087565 -0.048700 -0.985239 -0.164108 0.941406 0.646484
  32 -43.303116 0.691787 0.333319 0.122891 -0.663979 0.737584 0.906250 0.634766
  32 -43.365608 0.585834 0.101440 -0.110605 -0.961343 -0.252164 0.941406 0.634766
hands.bmp
  7 22.813801 0.898960 -2.123390 0.341091 0.389320 0.855621 0.886719 0.394531
  7 22.843147 0.726353 -2.150718 0.621710 -0.376027 0.687081 0.902344 0.394531
  7 22.915802 0.925840 -2.209258 0.821712 0.359359 0.442324 0.902344 0.375000
hands.bmp
  37 -40.151810 0.131032 0.885969 0.804495 -0.065094 0.590382 0.931641 0.023438
  37 -39.834541 0.130704 0.331945 0.700722 -0.325559 0.634823 0.964844 0.060547
  37 -39.803875 0.359082 0.349373 0.656169 0.071660 0.751204 0.957031 0.070313
hands.bmp
  37 -40.151810 0.131032 0.885969 0.804495 -0.065094 0.590382 0.931641 0.023438
  37 -39.803875 0.359082 0.349373 0.656169 0.071660 0.751204 0.957031 0.070313
  37 -40.167194 0.297988 0.859731 0.738516 0.296174 0.605703 0.923828 0.027344
hands.bmp
  4 19.542854 0.580634 0.323578 0.408185 -0.502805 0.761953 0.675781 0.669922
  17 19.112614 0.265843 0.564847 0.903545 -0.385142 0.187807 0.718750 0.671875
  4 18.963879 0.094577 -0.177459 0.510019 -0.858931 -0.046023 0.710938 0.607422
hands.bmp
  4 19.542854 0.580634 0.323578 0.408185 -0.502805 0.761953 0.675781 0.669922
  4 18.963879 0.094577 -0.177459 0.510019 -0.858931 -0.046023 0.710938 0.607422
  4 19.638611 0.394626 -0.462254 0.296547 -0.939938 0.169043 0.644531 0.607422
hands.bmp
  24 -42.111725 1.274688 -0.255481 -0.033316 0.994359 -0.100699 0.726563 0.117188
  24 -42.029339 1.135556 -0.573372 -0.288281 0.955261 -0.066113 0.732422 0.144531
  31 -43.366920 1.082543 -0.115036 -0.719881 0.466512 -0.513944 0.615234 0.105469
hands.bmp
  24 -42.111725 1.274688 -0.255481 -0.033316 0.994359 -0.100699 0.726563 0.117188
  31 -43.366920 1.082543 -0.115036 -0.719881 0.466512 -0.513944 0.615234 0.105469
  31 -43.256351 1.246173 0.037276 -0.596188 0.797214 -0.094921 0.619141 0.091797
hands.bmp
  7 22.823750 0.673851 -2.322959 0.415135 -0.758101 -0.502937 0.939453 0.396484
  7 22.705051 0.619701 -2.181614 0.262161 -0.948452 0.178073 0.921875 0.416016
  7 22.178539 0.595490 -2.191576 0.041311 -0.952288 -0.302394 0.939453 0.511719
hands.bmp
  7 22.705051 0.619701 -2.181614 0.262161 -0.948452 0.178073 0.921875 0.416016
  7 22.235847 0.658686 -2.031508 0.245123 -0.621193 0.744335 0.906250 0.519531
  7 22.178539 0.595490 -2.191576 0.041311 -0.952288 -0.302394 0.939453 0.511719
hands.bmp
  26 -44.405228 0.570082 -2.152187 -0.057892 -0.972485 -0.225659 0.941406 0.535156
  26 -44.427063 0.647629 -1.966958 -0.267998 -0.593343 0.759027 0.902344 0.542969
  27 -44.592125 0.658697 -2.031508 -0.245122 -0.621196 0.744333 0.906250 0.519531
hands.bmp
  26 -44.405228 0.570082 -2.152187 -0.057892 -0.972485 -0.225659 0.941406 0.535156
  27 -44.592125 0.658697 -2.031508 -0.245122 -0.621196 0.744333 0.906250 0.519531
  27 -44.534817 0.595501 -2.191576 -0.041304 -0.952287 -0.302395 0.939453 0.511719
hands.bmp
  26 -43.437168 0.503403 -1.949681 0.056667 -0.975513 -0.212518 0.941406 0.634766
  26 -43.454529 0.577028 -1.740690 -0.224074 -0.683898 0.694316 0.906250 0.634766
  26 -44.427063 0.647629 -1.966958 -0.267998 -0.593343 0.759027 0.902344 0.542969
hands.bmp
  26 -43.437168 0.503403 -1.949681 0.056667 -0.975513 -0.212518 0.941406 0.634766
  26 -44.427063 0.647629 -1.966958 -0.267998 -0.593343 0.759027 0.902344 0.542969
  26 -44.405228 0.570082 -2.152187 -0.057892 -0.972485 -0.225659 0.941406 0.535156
hands.bmp
  26 -43.255360 0.507518 -1.908728 0.146652 -0.963733 -0.222960 0.941406 0.646484
  26 -43.324280 0.576922 -1.699605 -0.233611 -0.650446 0.722735 0.904297 0.646484
  26 -43.454529 0.577028 -1.740690 -0.224074 -0.683898 0.694316 0.906250 0.634766
hands.bmp
  26 -43.255360 0.507518 -1.908728 0.146652 -0.963733 -0.222960 0.941406 0.646484
  26 -43.454529 0.577028 -1.740690 -0.224074 -0.683898 0.694316 0.906250 0.634766
  26 -43.437168 0.503403 -1.949681 0.056667 -0.975513 -0.212518 0.941406 0.634766
hands.bmp
  26 -43.495831 0.778538 -1.674434 -0.347892 0.264017 0.899593 0.886719 0.628906
  26 -43.454529 0.577028 -1.740690 -0.224074 -0.683898 0.694316 0.906250 0.634766
  26 -43.324280 0.576922 -1.699605 -0.233611 -0.650446 0.722735 0.904297 0.646484
hands.bmp
  26 -43.495831 0.778538 -1.674434 -0.347892 0.264017 0.899593 0.886719 0.628906
  26 -43.324280 0.576922 -1.699605 -0.233611 -0.650446 0.722735 0.904297 0.646484
  26 -43.397705 0.798109 -1.625545 -0.470719 0.296711 0.830895 0.880859 0.644531
hands.bmp
  31 -43.267559 1.188716 0.056587 -0.139072 0.960392 -0.241466 0.917969 0.980469
  32 -43.379028 1.190655 0.078823 -0.081243 0.958986 -0.271562 0.917969 0.962891
  32 -43.308689 1.129199 0.193174 0.099435 0.867886 0.486709 0.949219 0.962891
hands.bmp
  31 -43.267559 1.188716 0.056587 -0.139072 0.960392 -0.241466 0.917969 0.980469
  32 -43.308689 1.129199 0.193174 0.099435 0.867886 0.486709 0.949219 0.962891
  31 -43.236122 1.150125 0.167143 -0.007100 0.883409 0.468548 0.949219 0.980469
hands.bmp
  40 -38.797718 0.963347 -0.181054 0.604232 -0.717322 -0.346918 0.685547 0.751953
  40 -38.809399 1.064740 -0.840815 0.524347 -0.851055 0.027655 0.695313 0.710938
  40 -38.587200 1.207496 -0.833874 0.808396 -0.588557 0.009765 0.701172 0.710938
hands.bmp
  40 -38.797718 0.963347 -0.181054 0.604232 -0.717322 -0.346918 0.685547 0.751953
  40 -38.587200 1.207496 -0.833874 0.808396 -0.588557 0.009765 0.701172 0.710938
  40 -38.607647 1.058484 -0.053696 0.872429 -0.431828 -0.228894 0.693359 0.759766
hands.bmp
  21 -26.395039 1.032486 1.131670 -0.134153 0.441230 0.887310 0.007813 0.675781
  21 -29.841656 1.023977 0.433341 -0.265867 0.430711 0.862440 0.007813 0.529297
  21 -29.844700 0.164884 0.559643 -0.269008 -0.177657 0.946611 0.052734 0.523438
hands.bmp
  21 -26.395039 1.032486 1.131670 -0.134153 0.441230 0.887310 0.007813 0.675781
  21 -29.844700 0.164884 0.559643 -0.269008 -0.177657 0.946611 0.052734 0.523438
  21 -26.388508 0.123201 1.238250 -0.142898 -0.200086 0.969302 0.052734 0.669922
hands.bmp
  34 -42.863998 0.437480 -2.792250 0.174385 0.942379 -0.285504 0.917969 0.980469
  34 -42.780033 0.348575 -2.965587 0.308543 0.370822 -0.875952 0.890625 0.984375
  35 -42.852592 0.339562 -2.991866 0.356513 0.410838 -0.839113 0.892578 0.964844
hands.bmp
  34 -42.863998 0.437480 -2.792250 0.174385 0.942379 -0.285504 0.917969 0.980469
  35 -42.852592 0.339562 -2.991866 0.356513 0.410838 -0.839113 0.892578 0.964844
  35 -42.948803 0.444354 -2.841328 0.207360 0.938646 -0.275581 0.917969 0.962891
hands.bmp
  12 22.013100 1.114412 0.152879 0.207944 0.526768 -0.824181 0.892578 0.812500
  13 22.412743 1.080816 0.257651 0.272710 0.483371 -0.831854 0.894531 0.748047
  12 21.999161 0.984131 0.091780 0.302472 -0.207747 -0.930243 0.876953 0.824219
hands.bmp
  12 21.999161 0.984131 0.091780 0.302472 -0.207747 -0.930243 0.876953 0.824219
  13 22.412743 1.080816 0.257651 0.272710 0.483371 -0.831854 0.894531 0.748047
  13 22.663441 1.008472 0.324110 0.500870 -0.234323 -0.833200 0.880859 0.691406
hands.bmp
  13 22.412743 1.080816 0.257651 0.272710 0.483371 -0.831854 0.894531 0.748047
  13 22.686081 1.105976 0.359888 0.593060 0.445288 -0.670819 0.892578 0.695313
  13 22.663441 1.008472 0.324110 0.500870 -0.234323 -0.833200 0.880859 0.691406
hands.bmp
  13 22.663441 1.008472 0.324110 0.500870 -0.234323 -0.833200 0.880859 0.691406
  13 22.686081 1.105976 0.359888 0.593060 0.445288 -0.670819 0.892578 0.695313
  13 22.772270 1.049543 0.417218 0.918758 -0.139170 -0.369481 0.896484 0.667969
hands.bmp
  27 -44.897717 0.988504 -2.260512 0.006718 0.933569 -0.358335 0.919922 0.751953
  27 -44.915684 0.980490 -2.186940 -0.072064 0.976106 0.204999 0.947266 0.748047
  26 -44.502457 0.997355 -2.084465 -0.089238 0.877582 0.471048 0.947266 0.816406
hands.bmp
  27 -44.897717 0.988504 -2.260512 0.006718 0.933569 -0.358335 0.919922 0.751953
  26 -44.502457 0.997355 -2.084465 -0.089238 0.877582 0.471048 0.947266 0.816406
  26 -44.499466 1.051680 -2.219149 0.045466 0.943967 -0.326892 0.919922 0.812500
hands.bmp
  13 22.772270 1.049543 0.417218 0.918758 -0.139170 -0.369481 0.896484 0.667969
  13 22.741619 1.174372 0.540823 0.901449 0.367166 0.229301 0.921875 0.671875
  13 22.787628 1.089643 0.560940 0.983023 0.027393 0.181425 0.923828 0.662109
hands.bmp
  13 22.741619 1.174372 0.540823 0.901449 0.367166 0.229301 0.921875 0.671875
  13 22.671680 1.097515 0.615663 0.610797 0.130963 0.780881 0.955078 0.673828
  13 22.787628 1.089643 0.560940 0.983023 0.027393 0.181425 0.923828 0.662109
hands.bmp
  34 -42.863998 0.437480 -2.792250 -0.828592 0.225690 -0.512347 0.654297 0.355469
  34 -42.833916 0.495978 -2.831914 -0.424974 0.718629 -0.550426 0.658203 0.355469
  34 -42.722431 0.375545 -2.993056 -0.067820 0.387309 -0.919452 0.667969 0.371094
hands.bmp
  34 -42.863998 0.437480 -2.792250 -0.828592 0.225690 -0.512347 0.654297 0.355469
  34 -42.722431 0.375545 -2.993056 -0.067820 0.387309 -0.919452 0.667969 0.371094
  34 -42.780033 0.348575 -2.965587 -0.556586 0.189932 -0.808788 0.660156 0.373047
hands.bmp
  24 -41.892559 0.504590 -2.408413 0.102238 0.835576 -0.539778 0.742188 0.320313
  24 -41.816818 0.372102 -2.634047 0.292035 0.490374 -0.821127 0.748047 0.341797
  34 -42.722431 0.375545 -2.993056 -0.067820 0.387309 -0.919452 0.667969 0.371094
hands.bmp
  24 -41.892559 0.504590 -2.408413 0.102238 0.835576 -0.539778 0.742188 0.320313
  34 -42.722431 0.375545 -2.993056 -0.067820 0.387309 -0.919452 0.667969 0.371094
  34 -42.833916 0.495978 -2.831914 -0.424974 0.718629 -0.550426 0.658203 0.355469
hands.bmp
  34 -42.878654 0.501643 -2.716301 -0.649811 0.754948 -0.088315 0.652344 0.332031
  24 -42.003269 0.690419 -2.113267 -0.250121 0.894707 -0.370052 0.734375 0.292969
  24 -41.892559 0.504590 -2.408413 0.102238 0.835576 -0.539778 0.742188 0.320313
hands.bmp
  34 -42.878654 0.501643 -2.716301 -0.649811 0.754948 -0.088315 0.652344 0.332031
  24 -41.892559 0.504590 -2.408413 0.102238 0.835576 -0.539778 0.742188 0.320313
  34 -42.833916 0.495978 -2.831914 -0.424974 0.718629 -0.550426 0.658203 0.355469
hands.bmp
  21 -30.151604 1.686916 -2.098821 -0.002032 0.847893 -0.530164 0.337891 0.503906
  21 -29.401173 1.534203 -1.974591 0.124890 0.787051 -0.604114 0.337891 0.533203
  21 -29.239647 0.650050 -2.429658 0.157045 0.103008 -0.982205 0.285156 0.541016
hands.bmp
  21 -30.151604 1.686916 -2.098821 -0.002032 0.847893 -0.530164 0.337891 0.503906
  21 -29.239647 0.650050 -2.429658 0.157045 0.103008 -0.982205 0.285156 0.541016
  21 -30.052723 0.462265 -2.660836 0.082939 -0.068212 -0.994217 0.277344 0.503906
hands.bmp
  4 19.646992 0.690410 -2.113267 0.250118 0.894709 -0.370051 0.734375 0.292969
  4 19.741306 0.832383 -1.858221 0.104648 0.727611 -0.677961 0.726563 0.269531
  4 19.755650 0.604211 -1.926282 0.694209 0.416769 -0.586837 0.726563 0.283203
hands.bmp
  20 16.279392 -0.052398 -2.055042 -0.857930 -0.050470 -0.511281 0.671875 0.822266
  20 16.340286 -0.057561 -2.074158 -0.155669 -0.049728 -0.986557 0.673828 0.828125
  20 16.357727 -0.286912 -2.014213 -0.100552 -0.468588 -0.877675 0.691406 0.820313
hands.bmp
  20 16.279392 -0.052398 -2.055042 -0.857930 -0.050470 -0.511281 0.671875 0.822266
  20 16.357727 -0.286912 -2.014213 -0.100552 -0.468588 -0.877675 0.691406 0.820313
  20 16.296036 -0.271783 -1.995095 -0.839130 -0.299948 -0.453753 0.687500 0.812500
hands.bmp
  20 16.294197 0.480433 -1.864065 -0.900934 -0.227090 0.369795 0.625000 0.808594
  20 16.468967 0.394040 -1.681602 -0.741329 -0.304200 0.598243 0.636719 0.792969
  20 16.462349 0.905053 -1.280948 -0.700562 -0.596852 0.391127 0.595703 0.765625
hands.bmp
  20 16.294197 0.480433 -1.864065 -0.900934 -0.227090 0.369795 0.625000 0.808594
  20 16.462349 0.905053 -1.280948 -0.700562 -0.596852 0.391127 0.595703 0.765625
  20 16.281631 1.051145 -1.383406 -0.872397 -0.427589 0.236837 0.582031 0.771484
hands.bmp
  25 -43.300850 1.048966 -1.800728 -0.441475 0.884520 0.150745 0.613281 0.251953
  25 -42.195374 0.943671 -1.354085 -0.247403 0.963278 -0.104342 0.718750 0.224609
  25 -42.233212 0.968059 -1.630624 0.017720 0.981226 -0.192044 0.712891 0.248047
hands.bmp
  25 -43.300850 1.048966 -1.800728 -0.441475 0.884520 0.150745 0.613281 0.251953
  25 -42.233212 0.968059 -1.630624 0.017720 0.981226 -0.192044 0.712891 0.248047
  25 -43.298370 1.030581 -1.976955 -0.380855 0.828797 -0.409934 0.615234 0.273438
hands.bmp
  34 -42.184010 -0.049794 -2.150624 -0.514152 -0.739383 0.434696 0.576172 0.470703
  34 -42.850376 0.017121 -2.564848 -0.708906 -0.623849 0.329036 0.507813 0.458984
  34 -42.759132 -0.049731 -2.730395 -0.404165 -0.823521 -0.398074 0.511719 0.433594
hands.bmp
  34 -42.184010 -0.049794 -2.150624 -0.514152 -0.739383 0.434696 0.576172 0.470703
  34 -42.759132 -0.049731 -2.730395 -0.404165 -0.823521 -0.398074 0.511719 0.433594
  34 -41.868027 -0.123702 -2.390605 -0.025455 -0.950459 -0.309807 0.595703 0.433594
hands.bmp
  31 -43.256351 1.246173 0.037276 -0.596188 0.797214 -0.094921 0.619141 0.091797
  31 -43.267559 1.188716 0.056587 -0.947144 0.244999 0.207109 0.611328 0.087891
  31 -43.236122 1.150125 0.167143 -0.832888 0.324547 0.448293 0.621094 0.068359
hands.bmp
  31 -43.256351 1.246173 0.037276 -0.596188 0.797214 -0.094921 0.619141 0.091797
  31 -43.236122 1.150125 0.167143 -0.832888 0.324547 0.448293 0.621094 0.068359
  31 -43.209053 1.200017 0.175957 -0.402415 0.751831 0.522314 0.626953 0.070313
hands.bmp
  40 -39.145214 -0.413255 -0.637916 0.960991 -0.203763 0.187023 0.539063 0.330078
  40 -39.160759 -0.482234 -0.637784 0.960975 -0.203786 0.187078 0.539063 0.330078
  40 -39.096409 -0.718007 -1.119106 0.960995 -0.203689 0.187083 0.615234 0.335938
hands.bmp
  40 -39.145214 -0.413255 -0.637916 0.960991 -0.203763 0.187023 0.539063 0.330078
  40 -39.096409 -0.718007 -1.119106 0.960995 -0.203689 0.187083 0.615234 0.335938
  40 -39.075031 -0.699649 -1.129395 0.961000 -0.203690 0.187056 0.615234 0.335938
hands.bmp
  11 21.010643 1.082534 -0.115036 0.719869 0.466534 -0.513940 0.615234 0.105469
  8 19.875240 0.973790 -0.607791 0.579780 0.812355 0.062725 0.716797 0.148438
  4 19.673058 1.135547 -0.573372 0.288277 0.955262 -0.066113 0.732422 0.144531
hands.bmp
  4 19.673058 1.135547 -0.573372 0.288277 0.955262 -0.066113 0.732422 0.144531
  8 19.875240 0.973790 -0.607791 0.579780 0.812355 0.062725 0.716797 0.148438
  4 19.797474 1.184365 -0.779863 0.178361 0.948072 0.263337 0.720703 0.162109
hands.bmp
  25 -43.323563 0.994079 -1.971231 -0.846205 0.422685 -0.324459 0.611328 0.273438
  25 -43.338879 1.005204 -1.827908 -0.831882 0.554874 -0.009368 0.607422 0.253906
  25 -43.300850 1.048966 -1.800728 -0.441475 0.884520 0.150745 0.613281 0.251953
hands.bmp
  25 -43.323563 0.994079 -1.971231 -0.846205 0.422685 -0.324459 0.611328 0.273438
  25 -43.300850 1.048966 -1.800728 -0.441475 0.884520 0.150745 0.613281 0.251953
  25 -43.298370 1.030581 -1.976955 -0.380855 0.828797 -0.409934 0.615234 0.273438
hands.bmp
  28 -42.263943 1.154975 -1.037144 -0.095482 0.955230 -0.280035 0.708984 0.187500
  28 -43.712990 1.128540 -0.912232 -0.560096 0.788930 -0.252751 0.582031 0.177734
  28 -43.640411 1.110157 -0.775507 -0.559938 0.785731 0.262863 0.583984 0.156250
hands.bmp
  28 -42.263943 1.154975 -1.037144 -0.095482 0.955230 -0.280035 0.708984 0.187500
  28 -43.640411 1.110157 -0.775507 -0.559938 0.785731 0.262863 0.583984 0.156250
  28 -42.153751 1.184375 -0.779863 -0.178365 0.948073 0.263333 0.720703 0.162109
hands.bmp
  28 -42.263943 1.154975 -1.037144 -0.095482 0.955230 -0.280035 0.708984 0.187500
  28 -42.253941 1.058248 -1.186624 -0.237859 0.722148 -0.649557 0.712891 0.208984
  28 -43.721199 0.992809 -1.091425 -0.556156 0.472571 -0.683642 0.582031 0.193359
hands.bmp
  28 -42.263943 1.154975 -1.037144 -0.095482 0.955230 -0.280035 0.708984 0.187500
  28 -43.721199 0.992809 -1.091425 -0.556156 0.472571 -0.683642 0.582031 0.193359
  28 -43.712990 1.128540 -0.912232 -0.560096 0.788930 -0.252751 0.582031 0.177734
hands.bmp
  15 21.304485 0.355293 -2.993901 0.420152 0.350766 0.836920 0.882813 0.531250
  15 20.626705 0.296166 -2.599928 0.481006 0.348280 0.804571 0.886719 0.628906
  15 20.562328 0.106261 -2.656431 0.526318 -0.614488 0.587702 0.906250 0.634766
hands.bmp
  15 21.304485 0.355293 -2.993901 0.420152 0.350766 0.836920 0.882813 0.531250
  15 20.562328 0.106261 -2.656431 0.526318 -0.614488 0.587702 0.906250 0.634766
  15 21.284256 0.172598 -3.004589 0.483376 -0.546137 0.684165 0.902344 0.542969
hands.bmp
  8 21.364922 0.992798 -1.091425 0.556162 0.472514 -0.683677 0.582031 0.193359
  8 21.377655 0.958292 -1.070284 0.937739 0.141407 -0.317253 0.570313 0.193359
  8 21.317390 0.777960 -1.167484 0.635962 -0.246989 -0.731129 0.583984 0.210938
hands.bmp
  8 21.377655 0.958292 -1.070284 0.937739 0.141407 -0.317253 0.570313 0.193359
  8 21.314659 0.791840 -1.119527 0.973630 -0.227215 -0.020423 0.572266 0.212891
  8 21.317390 0.777960 -1.167484 0.635962 -0.246989 -0.731129 0.583984 0.210938
hands.bmp
  40 -39.116104 0.547734 -1.827140 0.604649 0.411846 -0.681749 0.523438 0.269531
  40 -39.114456 -0.024175 -2.017978 0.575615 -0.028959 -0.817208 0.527344 0.318359
  40 -39.115837 -0.034087 -2.057976 0.567034 -0.062748 -0.821301 0.525391 0.322266
hands.bmp
  40 -39.116104 0.547734 -1.827140 0.604649 0.411846 -0.681749 0.523438 0.269531
  40 -39.115837 -0.034087 -2.057976 0.567034 -0.062748 -0.821301 0.525391 0.322266
  40 -39.101295 0.616786 -1.877267 0.604603 0.411846 -0.681791 0.519531 0.275391
hands.bmp
  4 17.440395 -0.355992 -0.348587 -0.057784 -0.927157 0.370190 0.833984 0.541016
  20 17.124329 -0.276185 -0.312772 0.587953 -0.672041 0.450190 0.859375 0.531250
  20 17.132030 -0.425965 -0.702909 0.595260 -0.779205 0.196228 0.847656 0.501953
hands.bmp
  4 17.440395 -0.355992 -0.348587 -0.057784 -0.927157 0.370190 0.833984 0.541016
  20 17.132030 -0.425965 -0.702909 0.595260 -0.779205 0.196228 0.847656 0.501953
  4 17.441063 -0.446774 -0.833105 0.063281 -0.985560 0.157059 0.818359 0.500000
hands.bmp
  8 20.240055 0.399508 -0.889947 0.262545 -0.941945 -0.209308 0.578125 0.583984
  5 20.114498 0.416203 -1.203815 0.890547 -0.453448 -0.036208 0.580078 0.560547
  5 19.898346 0.848908 -1.301526 0.632390 0.659703 -0.406047 0.564453 0.556641
hands.bmp
  5 19.898346 0.848908 -1.301526 0.632390 0.659703 -0.406047 0.564453 0.556641
  5 20.114498 0.416203 -1.203815 0.890547 -0.453448 -0.036208 0.580078 0.560547
  5 20.284870 0.409146 -1.509630 0.468256 -0.611093 0.638201 0.562500 0.533203
hands.bmp
  5 20.114498 0.416203 -1.203815 0.890547 -0.453448 -0.036208 0.580078 0.560547
  4 19.693771 0.271630 -1.028584 0.280964 -0.929370 0.239437 0.623047 0.552734
  5 20.284870 0.409146 -1.509630 0.468256 -0.611093 0.638201 0.562500 0.533203
hands.bmp
  5 20.284870 0.409146 -1.509630 0.468256 -0.611093 0.638201 0.562500 0.533203
  4 19.693771 0.271630 -1.028584 0.280964 -0.929370 0.239437 0.623047 0.552734
  5 20.043182 0.234534 -1.699104 0.365395 -0.886284 -0.284583 0.568359 0.507813
hands.bmp
  25 -42.399460 0.234544 -1.699104 -0.365400 -0.886280 -0.284589 0.568359 0.507813
  34 -42.167484 0.121791 -1.932939 -0.870325 -0.480007 -0.110129 0.583984 0.488281
  24 -41.806961 -0.069518 -1.618430 -0.333749 -0.911188 0.241555 0.623047 0.496094
hands.bmp
  25 -42.399460 0.234544 -1.699104 -0.365400 -0.886280 -0.284589 0.568359 0.507813
  24 -41.806961 -0.069518 -1.618430 -0.333749 -0.911188 0.241555 0.623047 0.496094
  24 -42.050049 0.271640 -1.028584 -0.280965 -0.929370 0.239438 0.623047 0.552734
hands.bmp
  4 19.450680 -0.069528 -1.618430 0.333744 -0.911187 0.241562 0.623047 0.496094
  14 19.827732 -0.049804 -2.150624 0.514154 -0.739383 0.434694 0.576172 0.470703
  14 19.811207 0.121781 -1.932939 0.870324 -0.480009 -0.110129 0.583984 0.488281
hands.bmp
  14 19.811207 0.121781 -1.932939 0.870324 -0.480009 -0.110129 0.583984 0.488281
  14 19.827732 -0.049804 -2.150624 0.514154 -0.739383 0.434694 0.576172 0.470703
  4 19.755650 0.604211 -1.926282 0.694209 0.416769 -0.586837 0.568359 0.482422
hands.bmp
  40 -38.725182 -0.386718 -0.193990 0.811254 -0.501839 0.300040 0.601563 0.753906
  40 -38.760715 -0.323682 -0.223385 0.890661 0.361061 -0.276330 0.603516 0.750000
  40 -38.757572 -0.083224 0.046932 0.911908 0.240708 -0.332389 0.619141 0.767578
hands.bmp
  40 -38.725182 -0.386718 -0.193990 0.811254 -0.501839 0.300040 0.601563 0.753906
  40 -38.757572 -0.083224 0.046932 0.911908 0.240708 -0.332389 0.619141 0.767578
  40 -38.719360 -0.116384 0.096331 0.816056 -0.446831 0.366599 0.617188 0.769531
hands.bmp
  9 22.549400 0.969135 -0.610221 0.004278 0.234860 0.972020 0.882813 0.531250
  10 22.657578 0.785078 -0.669784 0.084727 -0.639244 0.764322 0.906250 0.519531
  10 23.309658 0.914623 -0.659705 0.470035 -0.358521 0.806554 0.902344 0.394531
hands.bmp
  9 22.549400 0.969135 -0.610221 0.004278 0.234860 0.972020 0.882813 0.531250
  10 23.309658 0.914623 -0.659705 0.470035 -0.358521 0.806554 0.902344 0.394531
  10 23.244080 1.105417 -0.635259 0.121232 0.302288 0.945476 0.886719 0.394531
hands.bmp
  25 -43.265530 0.904950 -2.144403 -0.221758 0.456418 -0.861688 0.619141 0.287109
  25 -43.298370 1.030581 -1.976955 -0.380855 0.828797 -0.409934 0.615234 0.273438
  25 -42.233212 0.968059 -1.630624 0.017720 0.981226 -0.192044 0.712891 0.248047
hands.bmp
  25 -43.265530 0.904950 -2.144403 -0.221758 0.456418 -0.861688 0.619141 0.287109
  25 -42.233212 0.968059 -1.630624 0.017720 0.981226 -0.192044 0.712891 0.248047
  25 -42.097584 0.832393 -1.858221 -0.104649 0.727612 -0.677960 0.726563 0.269531
hands.bmp
  20 16.804478 -0.482244 -0.637784 -0.668804 -0.726647 0.157118 0.201172 0.888672
  20 17.136871 -0.495811 -0.652930 0.562251 -0.799161 0.212639 0.199219 0.839844
  20 17.087566 -0.329295 -0.253379 0.587978 -0.672017 0.450195 0.244141 0.841797
hands.bmp
  20 16.804478 -0.482244 -0.637784 -0.668804 -0.726647 0.157118 0.201172 0.888672
  20 17.087566 -0.329295 -0.253379 0.587978 -0.672017 0.450195 0.244141 0.841797
  20 16.762394 -0.275018 -0.268073 -0.663112 -0.657049 0.358565 0.242188 0.886719
hands.bmp
  40 -38.890148 -0.012036 -1.841231 0.622835 -0.069251 0.779282 0.671875 0.804688
  40 -38.892338 -0.172381 -1.801416 0.603590 0.302546 0.737662 0.681641 0.798828
  40 -38.678951 -0.239562 -1.934653 0.876782 0.136133 0.461217 0.685547 0.808594
hands.bmp
  40 -38.890148 -0.012036 -1.841231 0.622835 -0.069251 0.779282 0.671875 0.804688
  40 -38.678951 -0.239562 -1.934653 0.876782 0.136133 0.461217 0.685547 0.808594
  40 -38.688877 0.022073 -1.984151 0.881204 -0.070066 0.467515 0.669922 0.816406
hands.bmp
  40 -38.892338 -0.172381 -1.801416 0.603590 0.302546 0.737662 0.681641 0.798828
  40 -38.851536 -0.306075 -1.712190 0.609329 0.570548 0.550631 0.693359 0.791016
  40 -38.681263 -0.419980 -1.794854 0.877319 0.308591 0.367537 0.699219 0.800781
hands.bmp
  40 -38.892338 -0.172381 -1.801416 0.603590 0.302546 0.737662 0.681641 0.798828
  40 -38.681263 -0.419980 -1.794854 0.877319 0.308591 0.367537 0.699219 0.800781
  40 -38.678951 -0.239562 -1.934653 0.876782 0.136133 0.461217 0.685547 0.808594
hands.bmp
  40 -38.851536 -0.306075 -1.712190 0.609329 0.570548 0.550631 0.693359 0.791016
  40 -38.818733 -0.429114 -1.542824 0.702005 0.667076 0.249398 0.699219 0.779297
  40 -38.726669 -0.526752 -1.574313 0.895584 0.396044 0.202677 0.707031 0.783203
hands.bmp
  40 -38.851536 -0.306075 -1.712190 0.609329 0.570548 0.550631 0.693359 0.791016
  40 -38.726669 -0.526752 -1.574313 0.895584 0.396044 0.202677 0.707031 0.783203
  40 -38.681263 -0.419980 -1.794854 0.877319 0.308591 0.367537 0.699219 0.800781
hands.bmp
  1 7.896724 1.724155 -1.178098 0.052974 0.996701 -0.061484 0.376953 0.503906
  1 7.795323 1.686911 -2.098821 0.002025 0.847892 -0.530165 0.337891 0.503906
  1 7.044894 1.534197 -1.974591 -0.124896 0.787048 -0.604116 0.337891 0.533203
hands.bmp
  1 7.896724 1.724155 -1.178098 0.052974 0.996701 -0.061484 0.376953 0.503906
  1 7.044894 1.534197 -1.974591 -0.124896 0.787048 -0.604116 0.337891 0.533203
  1 7.195498 1.811387 -1.095169 0.076300 0.991308 -0.107175 0.376953 0.533203
hands.bmp
  38 -41.179863 0.401111 2.071819 0.068207 0.980919 0.182060 0.777344 0.986328
  39 -41.337345 0.328376 2.577730 -0.099374 0.972319 0.211473 0.773438 0.916016
  39 -41.131565 0.198869 2.616241 0.672229 0.672080 0.310511 0.740234 0.914063
hands.bmp
  38 -41.179863 0.401111 2.071819 0.068207 0.980919 0.182060 0.777344 0.986328
  39 -41.131565 0.198869 2.616241 0.672229 0.672080 0.310511 0.740234 0.914063
  38 -40.941925 0.279384 2.110115 0.719037 0.625922 0.302006 0.740234 0.988281
hands.bmp
  22 -30.871788 0.043846 0.350289 0.010916 -0.283827 0.958813 0.058594 0.472656
  22 -30.812008 -0.748140 -0.209430 -0.037219 -0.814208 0.579379 0.107422 0.472656
  21 -30.344795 -0.717356 -0.069373 -0.218130 -0.778068 0.589093 0.095703 0.498047
hands.bmp
  22 -30.871788 0.043846 0.350289 0.010916 -0.283827 0.958813 0.058594 0.472656
  21 -30.344795 -0.717356 -0.069373 -0.218130 -0.778068 0.589093 0.095703 0.498047
  21 -30.276714 0.085676 0.384176 -0.205984 -0.212526 0.955198 0.052734 0.498047
hands.bmp
  22 -30.812008 -0.748140 -0.209430 -0.037219 -0.814208 0.579379 0.107422 0.472656
  22 -30.774261 -1.091470 -1.250006 0.065768 -0.988268 -0.137843 0.169922 0.470703
  21 -30.225830 -0.955858 -1.148800 -0.017647 -0.987460 -0.156877 0.171875 0.496094
hands.bmp
  22 -30.812008 -0.748140 -0.209430 -0.037219 -0.814208 0.579379 0.107422 0.472656
  21 -30.225830 -0.955858 -1.148800 -0.017647 -0.987460 -0.156877 0.171875 0.496094
  21 -30.344795 -0.717356 -0.069373 -0.218130 -0.778068 0.589093 0.095703 0.498047
hands.bmp
  22 -30.841984 -0.474294 -2.290248 0.089617 -0.600956 -0.794242 0.226563 0.472656
  21 -30.122868 -0.384223 -2.223988 0.093540 -0.608775 -0.787809 0.232422 0.501953
  21 -30.225830 -0.955858 -1.148800 -0.017647 -0.987460 -0.156877 0.171875 0.496094
hands.bmp
  22 -30.841984 -0.474294 -2.290248 0.089617 -0.600956 -0.794242 0.226563 0.472656
  21 -30.225830 -0.955858 -1.148800 -0.017647 -0.987460 -0.156877 0.171875 0.496094
  22 -30.774261 -1.091470 -1.250006 0.065768 -0.988268 -0.137843 0.169922 0.470703
hands.bmp
  22 -33.369247 -1.069751 -1.383690 -0.037142 -0.986507 -0.159449 0.169922 0.341797
  22 -33.514763 -0.491961 -2.341490 -0.042050 -0.580280 -0.813331 0.228516 0.341797
  22 -30.841984 -0.474294 -2.290248 0.089617 -0.600956 -0.794242 0.226563 0.472656
hands.bmp
  22 -33.369247 -1.069751 -1.383690 -0.037142 -0.986507 -0.159449 0.169922 0.341797
  22 -30.841984 -0.474294 -2.290248 0.089617 -0.600956 -0.794242 0.226563 0.472656
  22 -30.774261 -1.091470 -1.250006 0.065768 -0.988268 -0.137843 0.169922 0.470703
hands.bmp
  23 -35.319756 -0.850707 -1.406878 -0.103782 -0.970253 -0.218721 0.183594 0.232422
  23 -35.400433 -0.302711 -2.196430 -0.118051 -0.551323 -0.825898 0.236328 0.236328
  22 -33.514763 -0.491961 -2.341490 -0.042050 -0.580280 -0.813331 0.228516 0.341797
hands.bmp
  23 -35.319756 -0.850707 -1.406878 -0.103782 -0.970253 -0.218721 0.183594 0.232422
  22 -33.514763 -0.491961 -2.341490 -0.042050 -0.580280 -0.813331 0.228516 0.341797
  22 -33.369247 -1.069751 -1.383690 -0.037142 -0.986507 -0.159449 0.169922 0.341797
hands.bmp
  20 16.745014 0.616776 -1.877267 -0.604662 0.411830 -0.681748 0.519531 0.275391
  20 16.759827 0.547725 -1.827140 -0.604657 0.411835 -0.681749 0.523438 0.269531
  20 16.749386 0.968131 -1.356660 -0.564071 0.720667 -0.403067 0.515625 0.224609
hands.bmp
  20 16.745014 0.616776 -1.877267 -0.604662 0.411830 -0.681748 0.519531 0.275391
  20 16.749386 0.968131 -1.356660 -0.564071 0.720667 -0.403067 0.515625 0.224609
  20 16.735081 1.027184 -1.386791 -0.564043 0.720677 -0.403088 0.513672 0.228516
hands.bmp
  3 13.044152 -0.302718 -2.196430 0.118049 -0.551323 -0.825898 0.236328 0.236328
  3 14.914821 -0.302934 -1.851176 0.102407 -0.651861 -0.751392 0.222656 0.126953
  3 14.899234 -0.492344 -1.630992 0.085335 -0.812185 -0.577125 0.205078 0.125000
hands.bmp
  26 -44.397064 0.701794 -2.342412 0.145710 -0.347803 -0.926176 0.876953 0.824219
  26 -44.442986 0.905243 -2.342300 0.173445 0.407599 -0.896538 0.892578 0.812500
  26 -43.397453 0.858494 -2.117411 0.118644 0.416829 -0.901209 0.892578 0.964844
hands.bmp
  26 -44.397064 0.701794 -2.342412 0.145710 -0.347803 -0.926176 0.876953 0.824219
  26 -43.397453 0.858494 -2.117411 0.118644 0.416829 -0.901209 0.892578 0.964844
  26 -43.370682 0.633523 -2.125888 0.147408 -0.391408 -0.908334 0.871094 0.968750
hands.bmp
  26 -44.442986 0.905243 -2.342300 0.173445 0.407599 -0.896538 0.892578 0.812500
  26 -44.499466 1.051680 -2.219149 0.045466 0.943967 -0.326892 0.919922 0.812500
  26 -43.438519 0.988249 -1.974661 0.040204 0.924147 -0.379917 0.917969 0.962891
hands.bmp
  26 -44.442986 0.905243 -2.342300 0.173445 0.407599 -0.896538 0.892578 0.812500
  26 -43.438519 0.988249 -1.974661 0.040204 0.924147 -0.379917 0.917969 0.962891
  26 -43.397453 0.858494 -2.117411 0.118644 0.416829 -0.901209 0.892578 0.964844
hands.bmp
  20 16.370388 -0.526761 -1.574313 -0.895591 0.396031 0.202670 0.707031 0.783203
  20 16.462456 -0.429124 -1.542824 -0.701998 0.667082 0.249401 0.699219 0.779297
  20 16.495258 -0.306085 -1.712190 -0.609324 0.570544 0.550640 0.693359 0.791016
hands.bmp
  20 16.370388 -0.526761 -1.574313 -0.895591 0.396031 0.202670 0.707031 0.783203
  20 16.495258 -0.306085 -1.712190 -0.609324 0.570544 0.550640 0.693359 0.791016
  20 16.324982 -0.419990 -1.794854 -0.877326 0.308559 0.367548 0.699219 0.800781
hands.bmp
  19 18.688110 -0.002210 2.640166 -0.899528 0.058883 0.432876 0.720703 0.917969
  19 18.729977 -0.153991 2.587160 -0.758341 -0.624722 0.186123 0.697266 0.917969
  19 18.836445 -0.176154 2.930924 -0.490071 -0.671511 0.555791 0.695313 0.875000
hands.bmp
  19 18.688110 -0.002210 2.640166 -0.899528 0.058883 0.432876 0.720703 0.917969
  19 18.836445 -0.176154 2.930924 -0.490071 -0.671511 0.555791 0.695313 0.875000
  19 18.799950 -0.016820 3.004281 -0.677825 0.033826 0.734445 0.722656 0.863281
hands.bmp
  6 22.146179 0.997343 -2.084465 0.089238 0.877582 0.471048 0.947266 0.816406
  7 22.813801 0.898960 -2.123390 0.341091 0.389320 0.855621 0.966797 0.707031
  7 22.559406 0.980478 -2.186940 0.072065 0.976105 0.205002 0.947266 0.748047
hands.bmp
  7 22.559406 0.980478 -2.186940 0.072065 0.976105 0.205002 0.947266 0.748047
  7 22.813801 0.898960 -2.123390 0.341091 0.389320 0.855621 0.966797 0.707031
  7 22.844582 1.004192 -2.239056 0.262745 0.906494 0.330505 0.955078 0.689453
hands.bmp
  7 22.813801 0.898960 -2.123390 0.341091 0.389320 0.855621 0.966797 0.707031
  7 22.915802 0.925840 -2.209258 0.821712 0.359359 0.442324 0.955078 0.673828
  7 22.844582 1.004192 -2.239056 0.262745 0.906494 0.330505 0.955078 0.689453
hands.bmp
  27 -45.266987 0.999336 -2.349523 -0.811331 0.539453 -0.225239 0.921875 0.671875
  27 -45.335808 0.895983 -2.332735 -0.974775 0.116065 -0.190635 0.923828 0.662109
  27 -45.272079 0.925852 -2.209258 -0.821710 0.359358 0.442328 0.955078 0.673828
hands.bmp
  27 -45.266987 0.999336 -2.349523 -0.811331 0.539453 -0.225239 0.921875 0.671875
  27 -45.272079 0.925852 -2.209258 -0.821710 0.359358 0.442328 0.955078 0.673828
  27 -45.200859 1.004204 -2.239056 -0.262741 0.906492 0.330513 0.955078 0.689453
hands.bmp
  27 -45.266987 0.999336 -2.349523 -0.811331 0.539453 -0.225239 0.921875 0.671875
  27 -45.183502 0.930639 -2.448070 -0.168654 0.466564 -0.868259 0.892578 0.695313
  27 -45.295753 0.856375 -2.418334 -0.722886 -0.096034 -0.684261 0.896484 0.667969
hands.bmp
  27 -45.266987 0.999336 -2.349523 -0.811331 0.539453 -0.225239 0.921875 0.671875
  27 -45.295753 0.856375 -2.418334 -0.722886 -0.096034 -0.684261 0.896484 0.667969
  27 -45.335808 0.895983 -2.332735 -0.974775 0.116065 -0.190635 0.923828 0.662109
hands.bmp
  16 21.829929 0.363363 -3.262484 0.541610 0.396876 0.741046 0.886719 0.394531
  16 21.844425 0.193911 -3.271183 0.723615 -0.369315 0.583085 0.902344 0.394531
  16 21.907345 0.369083 -3.359818 0.919233 0.325658 0.221265 0.902344 0.375000
hands.bmp
  20 17.132130 -0.184913 -2.012717 0.696834 -0.348562 -0.626839 0.031250 0.835938
  20 17.086670 0.022143 -2.093105 0.616376 0.029390 -0.786903 0.011719 0.833984
  20 17.080719 0.081841 -2.013101 0.720729 0.039412 -0.692096 0.011719 0.826172
hands.bmp
  20 17.132130 -0.184913 -2.012717 0.696834 -0.348562 -0.626839 0.031250 0.835938
  20 17.080719 0.081841 -2.013101 0.720729 0.039412 -0.692096 0.011719 0.826172
  20 17.138676 -0.154309 -1.942571 0.720752 -0.288417 -0.630343 0.031250 0.826172
hands.bmp
  40 -38.688190 0.523599 -1.933461 0.107848 0.439588 -0.891701 0.623047 0.818359
  40 -38.660381 0.491279 -1.913911 0.844319 0.233022 -0.482521 0.625000 0.812500
  40 -38.635674 -0.052388 -2.055042 0.857928 -0.050457 -0.511286 0.671875 0.822266
hands.bmp
  40 -38.688190 0.523599 -1.933461 0.107848 0.439588 -0.891701 0.623047 0.818359
  40 -38.635674 -0.052388 -2.055042 0.857928 -0.050457 -0.511286 0.671875 0.822266
  40 -38.696568 -0.057551 -2.074158 0.155673 -0.049709 -0.986557 0.673828 0.828125
hands.bmp
  16 21.856411 0.167082 -3.360830 0.724611 -0.678187 -0.122480 0.923828 0.386719
  16 21.668415 0.135759 -3.259459 0.250117 -0.923436 0.291046 0.921875 0.416016
  16 21.781109 0.157450 -3.379168 0.200432 -0.854256 -0.479660 0.939453 0.396484
hands.bmp
  16 21.781109 0.157450 -3.379168 0.200432 -0.854256 -0.479660 0.939453 0.396484
  16 21.668415 0.135759 -3.259459 0.250117 -0.923436 0.291046 0.921875 0.416016
  16 21.335606 0.138641 -3.192147 -0.038033 -0.967759 -0.248992 0.939453 0.511719
hands.bmp
  16 21.668415 0.135759 -3.259459 0.250117 -0.923436 0.291046 0.921875 0.416016
  16 21.383938 0.198631 -3.073129 0.417014 -0.538293 0.732352 0.906250 0.519531
  16 21.335606 0.138641 -3.192147 -0.038033 -0.967759 -0.248992 0.939453 0.511719
hands.bmp
  35 -43.580067 0.110477 -3.128615 -0.023457 -0.973187 -0.228816 0.941406 0.535156
  35 -43.640541 0.172609 -3.004589 -0.483383 -0.546130 0.684166 0.902344 0.542969
  36 -43.740223 0.198643 -3.073129 -0.417021 -0.538287 0.732353 0.906250 0.519531
hands.bmp
  35 -43.580067 0.110477 -3.128615 -0.023457 -0.973187 -0.228816 0.941406 0.535156
  36 -43.740223 0.198643 -3.073129 -0.417021 -0.538287 0.732353 0.906250 0.519531
  36 -43.691891 0.138653 -3.192147 0.038031 -0.967757 -0.248996 0.939453 0.511719
hands.bmp
  35 -42.848045 0.053918 -2.778824 0.034675 -0.959476 -0.279649 0.941406 0.634766
  35 -42.918606 0.106271 -2.656431 -0.526311 -0.614496 0.587701 0.906250 0.634766
  35 -43.640541 0.172609 -3.004589 -0.483383 -0.546130 0.684166 0.902344 0.542969
hands.bmp
  35 -42.848045 0.053918 -2.778824 0.034675 -0.959476 -0.279649 0.941406 0.634766
  35 -43.640541 0.172609 -3.004589 -0.483383 -0.546130 0.684166 0.902344 0.542969
  35 -43.580067 0.110477 -3.128615 -0.023457 -0.973187 -0.228816 0.941406 0.535156
hands.bmp
  35 -43.660770 0.355305 -2.993901 -0.420153 0.350769 0.836919 0.882813 0.531250
  35 -43.640541 0.172609 -3.004589 -0.483383 -0.546130 0.684166 0.902344 0.542969
  35 -42.918606 0.106271 -2.656431 -0.526311 -0.614496 0.587701 0.906250 0.634766
hands.bmp
  35 -43.660770 0.355305 -2.993901 -0.420153 0.350769 0.836919 0.882813 0.531250
  35 -42.918606 0.106271 -2.656431 -0.526311 -0.614496 0.587701 0.906250 0.634766
  35 -42.982983 0.296176 -2.599928 -0.480995 0.348281 0.804577 0.886719 0.628906
hands.bmp
  24 -41.480122 -0.189021 -2.152094 -0.128076 -0.971456 -0.199675 0.636719 0.439453
  34 -41.868027 -0.123702 -2.390605 -0.025455 -0.950459 -0.309807 0.595703 0.433594
  34 -41.830574 0.130137 -2.630738 0.228820 -0.323970 -0.917978 0.585938 0.394531
hands.bmp
  24 -41.480122 -0.189021 -2.152094 -0.128076 -0.971456 -0.199675 0.636719 0.439453
  34 -41.830574 0.130137 -2.630738 0.228820 -0.323970 -0.917978 0.585938 0.394531
  24 -41.455074 -0.043735 -2.540121 0.117638 -0.523712 -0.843734 0.623047 0.402344
hands.bmp
  2 11.090777 -0.806208 -0.331699 0.037750 -0.847216 0.529906 0.121094 0.339844
  2 11.012969 -1.069758 -1.383690 0.037142 -0.986507 -0.159449 0.169922 0.341797
  3 12.963477 -0.850715 -1.406878 0.103784 -0.970252 -0.218722 0.183594 0.232422
hands.bmp
  2 11.090777 -0.806208 -0.331699 0.037750 -0.847216 0.529906 0.121094 0.339844
  3 12.963477 -0.850715 -1.406878 0.103784 -0.970252 -0.218722 0.183594 0.232422
  3 12.965362 -0.818856 -0.796648 0.098832 -0.958858 0.266128 0.144531 0.230469
hands.bmp
  5 20.967285 0.994069 -1.971231 0.019062 0.914197 -0.404821 0.917969 0.980469
  6 21.082241 0.988237 -1.974661 -0.040220 0.924152 -0.379902 0.917969 0.962891
  6 21.041176 0.858482 -2.117411 -0.118641 0.416830 -0.901209 0.892578 0.964844
hands.bmp
  5 20.967285 0.994069 -1.971231 0.019062 0.914197 -0.404821 0.917969 0.980469
  6 21.041176 0.858482 -2.117411 -0.118641 0.416830 -0.901209 0.892578 0.964844
  5 20.950569 0.878079 -2.113242 0.039625 0.502747 -0.863525 0.890625 0.984375
hands.bmp
  20 16.995331 -0.607438 -0.655161 0.086566 -0.833649 0.545469 0.851563 0.361328
  20 17.004646 -0.596662 -0.665010 0.887932 -0.360997 0.285058 0.841797 0.361328
  20 16.978325 -0.538596 -0.555304 0.060402 -0.795072 0.603500 0.851563 0.382813
hands.bmp
  20 16.978325 -0.538596 -0.555304 0.060402 -0.795072 0.603500 0.851563 0.382813
  20 17.004646 -0.596662 -0.665010 0.887932 -0.360997 0.285058 0.841797 0.361328
  20 16.978470 -0.538583 -0.565302 0.869224 -0.360461 0.338404 0.841797 0.382813
hands.bmp
  40 -39.334747 -0.538573 -0.565302 -0.869222 -0.360472 0.338398 0.841797 0.382813
  40 -39.360958 -0.486314 -0.584848 -0.837161 0.465535 -0.287120 0.830078 0.382813
  40 -39.368797 -0.565923 -0.684854 -0.815319 0.512417 -0.269599 0.830078 0.361328
hands.bmp
  40 -39.334747 -0.538573 -0.565302 -0.869222 -0.360472 0.338398 0.841797 0.382813
  40 -39.368797 -0.565923 -0.684854 -0.815319 0.512417 -0.269599 0.830078 0.361328
  40 -39.360928 -0.596652 -0.665010 -0.887932 -0.360951 0.285115 0.841797 0.361328
hands.bmp
  3 13.122249 1.661028 -1.089315 0.164723 0.981788 -0.094648 0.361328 0.232422
  2 11.292529 1.892258 -1.163911 0.032257 0.987808 -0.152298 0.373047 0.339844
  2 11.328521 1.794941 -0.332206 0.029531 0.890564 0.453898 0.423828 0.335938
hands.bmp
  3 13.122249 1.661028 -1.089315 0.164723 0.981788 -0.094648 0.361328 0.232422
  2 11.328521 1.794941 -0.332206 0.029531 0.890564 0.453898 0.423828 0.335938
  3 13.167926 1.503819 -0.237142 0.121936 0.867101 0.482978 0.412109 0.228516
hands.bmp
  40 -39.329613 -0.468753 -0.595284 0.048870 0.795618 -0.603824 0.818359 0.382813
  40 -39.319496 -0.469563 -0.585433 0.889088 0.331653 -0.315481 0.808594 0.382813
  40 -39.318169 -0.559936 -0.685588 0.890641 0.361098 -0.276346 0.808594 0.361328
hands.bmp
  40 -39.329613 -0.468753 -0.595284 0.048870 0.795618 -0.603824 0.818359 0.382813
  40 -39.318169 -0.559936 -0.685588 0.890641 0.361098 -0.276346 0.808594 0.361328
  40 -39.327484 -0.549157 -0.695438 0.053828 0.843384 -0.534609 0.818359 0.361328
hands.bmp
  40 -38.880833 -0.022817 -1.831382 -0.142905 0.041420 -0.988869 0.234375 0.033203
  40 -38.937923 0.362922 -1.669992 -0.194722 0.471744 -0.859966 0.275391 0.035156
  23 -37.351250 0.477066 -1.981124 -0.179007 0.319663 -0.930469 0.271484 0.128906
hands.bmp
  40 -38.880833 -0.022817 -1.831382 -0.142905 0.041420 -0.988869 0.234375 0.033203
  23 -37.351250 0.477066 -1.981124 -0.179007 0.319663 -0.930469 0.271484 0.128906
  23 -37.273422 -0.043277 -1.971910 -0.132303 -0.269722 -0.953806 0.240234 0.128906
hands.bmp
  20 16.898731 -0.544953 -0.566481 -0.811199 -0.501896 0.300095 0.863281 0.382813
  20 16.978325 -0.538596 -0.555304 0.060402 -0.795072 0.603500 0.851563 0.382813
  20 16.928226 -0.432269 -0.455880 -0.798804 -0.398441 0.450729 0.863281 0.406250
hands.bmp
  20 16.928226 -0.432269 -0.455880 -0.798804 -0.398441 0.450729 0.863281 0.406250
  20 16.978325 -0.538596 -0.555304 0.060402 -0.795072 0.603500 0.851563 0.382813
  20 16.949604 -0.450625 -0.445591 0.037614 -0.592554 0.804652 0.851563 0.406250
hands.bmp
  20 16.978325 -0.538596 -0.555304 0.060402 -0.795072 0.603500 0.851563 0.382813
  20 16.978470 -0.538583 -0.565302 0.869224 -0.360461 0.338404 0.841797 0.382813
  20 16.949604 -0.450625 -0.445591 0.037614 -0.592554 0.804652 0.851563 0.406250
hands.bmp
  4 17.551384 1.048705 -0.201939 -0.163193 0.931636 0.324690 0.925781 0.121094
  17 17.886997 0.854163 0.418742 -0.419289 0.747697 0.514923 0.906250 0.062500
  17 18.451508 0.953954 0.546296 -0.096763 0.927724 0.360506 0.847656 0.048828
hands.bmp
  4 17.551384 1.048705 -0.201939 -0.163193 0.931636 0.324690 0.925781 0.121094
  17 18.451508 0.953954 0.546296 -0.096763 0.927724 0.360506 0.847656 0.048828
  4 18.508144 1.178546 -0.256319 -0.080651 0.985181 0.151372 0.839844 0.121094
hands.bmp
  20 16.997993 -0.426694 -0.454849 0.843913 -0.268355 0.464538 0.841797 0.406250
  20 17.004681 -0.486323 -0.584848 0.837164 0.465527 -0.287126 0.830078 0.382813
  20 16.996841 -0.406718 -0.484841 0.858114 0.367140 -0.358954 0.830078 0.406250
hands.bmp
  40 -39.353123 -0.406709 -0.484841 -0.858102 0.367164 -0.358958 0.830078 0.406250
  40 -39.321922 -0.389131 -0.505277 0.033985 0.627188 -0.778126 0.818359 0.406250
  40 -39.329613 -0.468753 -0.595284 0.048870 0.795618 -0.603824 0.818359 0.382813
hands.bmp
  40 -39.353123 -0.406709 -0.484841 -0.858102 0.367164 -0.358958 0.830078 0.406250
  40 -39.329613 -0.468753 -0.595284 0.048870 0.795618 -0.603824 0.818359 0.382813
  40 -39.360958 -0.486314 -0.584848 -0.837161 0.465535 -0.287120 0.830078 0.382813
hands.bmp
  20 16.727333 -0.227677 -0.188513 -0.719556 0.297529 0.627468 0.359375 0.990234
  20 17.148197 -0.224149 -0.172335 0.692259 0.240816 0.680283 0.359375 0.929688
  20 17.127407 -0.205735 -0.222620 0.481155 0.866301 0.134207 0.363281 0.933594
hands.bmp
  20 16.727333 -0.227677 -0.188513 -0.719556 0.297529 0.627468 0.359375 0.990234
  20 17.127407 -0.205735 -0.222620 0.481155 0.866301 0.134207 0.363281 0.933594
  20 16.792263 -0.152255 -0.237462 -0.429496 0.897134 0.103362 0.363281 0.988281
hands.bmp
  20 17.063194 0.390954 0.217314 0.603692 0.091478 0.791952 0.324219 0.830078
  20 17.068230 0.592008 0.147658 0.588937 0.397679 0.703566 0.337891 0.828125
  20 16.989273 0.555581 0.256461 0.656619 0.326183 0.680041 0.339844 0.837891
hands.bmp
  20 17.063194 0.390954 0.217314 0.603692 0.091478 0.791952 0.324219 0.830078
  20 16.989273 0.555581 0.256461 0.656619 0.326183 0.680041 0.339844 0.837891
  20 17.051762 0.390019 0.317156 0.600897 0.008734 0.799279 0.326172 0.837891
hands.bmp
  20 16.887531 -0.305112 -0.426297 -0.922378 0.124297 -0.365744 0.875000 0.429688
  20 16.928226 -0.432269 -0.455880 -0.798804 -0.398441 0.450729 0.863281 0.406250
  20 16.887089 -0.305154 -0.396300 -0.766555 -0.327051 0.552658 0.863281 0.429688
hands.bmp
  38 -40.710560 0.029153 1.746858 0.860344 -0.279578 0.426197 0.568359 0.931641
  38 -40.897087 -0.016496 2.167957 0.016058 -0.242386 0.970047 0.548828 0.980469
  38 -40.926617 -0.018273 2.126424 0.277316 -0.356114 0.892345 0.552734 0.982422
hands.bmp
  38 -40.710560 0.029153 1.746858 0.860344 -0.279578 0.426197 0.568359 0.931641
  38 -40.926617 -0.018273 2.126424 0.277316 -0.356114 0.892345 0.552734 0.982422
  38 -40.733021 0.034884 1.719243 0.806656 -0.351876 0.474857 0.574219 0.931641
hands.bmp
  18 18.203979 0.538386 1.230541 -0.541754 0.661723 0.518291 0.554688 0.880859
  18 18.050957 0.166226 1.217137 -0.773036 0.233946 0.589649 0.583984 0.880859
  18 18.321266 0.124755 1.707253 -0.857740 0.199972 0.473596 0.560547 0.931641
hands.bmp
  18 18.203979 0.538386 1.230541 -0.541754 0.661723 0.518291 0.554688 0.880859
  18 18.321266 0.124755 1.707253 -0.857740 0.199972 0.473596 0.560547 0.931641
  18 18.459713 0.382852 1.667019 -0.607954 0.666982 0.430728 0.535156 0.927734
hands.bmp
  20 16.997993 -0.426694 -0.454849 0.843913 -0.268355 0.464538 0.841797 0.406250
  20 16.996841 -0.406718 -0.484841 0.858114 0.367140 -0.358954 0.830078 0.406250
  20 16.985168 -0.277255 -0.394823 0.803963 -0.181788 0.566212 0.841797 0.429688
hands.bmp
  20 16.985168 -0.277255 -0.394823 0.803963 -0.181788 0.566212 0.841797 0.429688
  20 16.996841 -0.406718 -0.484841 0.858114 0.367140 -0.358954 0.830078 0.406250
  20 16.967270 -0.298741 -0.425119 0.903748 0.269595 -0.332502 0.830078 0.429688
hands.bmp
  20 16.996841 -0.406718 -0.484841 0.858114 0.367140 -0.358954 0.830078 0.406250
  20 16.965641 -0.389140 -0.505277 -0.033993 0.627200 -0.778116 0.818359 0.406250
  20 16.967270 -0.298741 -0.425119 0.903748 0.269595 -0.332502 0.830078 0.429688
hands.bmp
  20 16.967270 -0.298741 -0.425119 0.903748 0.269595 -0.332502 0.830078 0.429688
  20 16.965641 -0.389140 -0.505277 -0.033993 0.627200 -0.778116 0.818359 0.406250
  20 16.985901 -0.277184 -0.444818 -0.023127 0.492585 -0.869957 0.818359 0.429688
hands.bmp
  20 16.965641 -0.389140 -0.505277 -0.033993 0.627200 -0.778116 0.818359 0.406250
  20 16.956177 -0.399934 -0.485428 -0.891705 0.231964 -0.388658 0.808594 0.406250
  20 16.985901 -0.277184 -0.444818 -0.023127 0.492585 -0.869957 0.818359 0.429688
hands.bmp
  10 23.244080 1.105417 -0.635259 0.121232 0.302288 0.945476 0.886719 0.394531
  10 23.309658 0.914623 -0.659705 0.470035 -0.358521 0.806554 0.902344 0.394531
  10 23.393673 1.148041 -0.701631 0.772186 0.281506 0.569634 0.902344 0.375000
hands.bmp
  20 17.087566 -0.329295 -0.253379 0.587978 -0.672017 0.450195 0.244141 0.841797
  20 17.124329 -0.276185 -0.312772 0.587953 -0.672041 0.450190 0.242188 0.832031
  20 17.078056 -0.009091 0.016955 0.508162 -0.631439 0.585709 0.287109 0.832031
hands.bmp
  20 17.087566 -0.329295 -0.253379 0.587978 -0.672017 0.450195 0.244141 0.841797
  20 17.078056 -0.009091 0.016955 0.508162 -0.631439 0.585709 0.287109 0.832031
  20 17.081158 -0.059016 0.076937 0.575275 -0.561322 0.594959 0.287109 0.841797
hands.bmp
  40 -39.425064 -0.350854 -0.223681 0.242678 -0.950479 0.194158 0.490234 0.789063
  40 -39.390469 -0.283385 -0.284101 0.692787 -0.249567 -0.676582 0.494141 0.785156
  40 -39.198704 -0.268609 -0.286893 -0.720713 -0.288458 -0.630368 0.535156 0.785156
hands.bmp
  40 -39.425064 -0.350854 -0.223681 0.242678 -0.950479 0.194158 0.490234 0.789063
  40 -39.198704 -0.268609 -0.286893 -0.720713 -0.288458 -0.630368 0.535156 0.785156
  40 -39.133774 -0.344031 -0.237944 -0.167466 -0.962529 0.213289 0.539063 0.789063
hands.bmp
  10 23.111088 0.780685 -0.715656 0.261985 -0.923664 0.279659 0.921875 0.416016
  10 22.659088 0.726015 -0.871549 0.097687 -0.953778 -0.284190 0.939453 0.511719
  10 23.281273 0.853281 -0.862513 0.515108 -0.754114 -0.407402 0.939453 0.396484
hands.bmp
  30 -45.637550 0.853292 -0.862513 -0.515132 -0.754106 -0.407385 0.939453 0.396484
  30 -45.670780 1.017326 -1.022790 -0.313990 -0.208382 -0.926276 0.960938 0.392578
  29 -44.988411 0.871361 -1.077654 -0.072467 -0.270865 -0.959886 0.968750 0.525391
hands.bmp
  30 -45.637550 0.853292 -0.862513 -0.515132 -0.754106 -0.407385 0.939453 0.396484
  29 -44.988411 0.871361 -1.077654 -0.072467 -0.270865 -0.959886 0.968750 0.525391
  30 -45.015366 0.726027 -0.871549 -0.097692 -0.953779 -0.284185 0.939453 0.511719
hands.bmp
  10 22.659088 0.726015 -0.871549 0.097687 -0.953778 -0.284190 0.939453 0.511719
  9 22.444290 0.707684 -0.853312 0.089972 -0.971968 -0.217217 0.941406 0.535156
  9 22.632133 0.871349 -1.077654 0.072467 -0.270864 -0.959886 0.968750 0.525391
hands.bmp
  28 -43.823792 0.759436 -1.101183 -0.057794 -0.331626 -0.941639 0.970703 0.628906
  29 -43.754105 0.619030 -0.876843 -0.117315 -0.976778 -0.179280 0.941406 0.634766
  29 -44.800568 0.707695 -0.853312 -0.089969 -0.971969 -0.217215 0.941406 0.535156
hands.bmp
  28 -43.823792 0.759436 -1.101183 -0.057794 -0.331626 -0.941639 0.970703 0.628906
  29 -44.800568 0.707695 -0.853312 -0.089969 -0.971969 -0.217215 0.941406 0.535156
  29 -44.988411 0.871361 -1.077654 -0.072467 -0.270865 -0.959886 0.968750 0.525391
hands.bmp
  1 7.485377 1.023972 0.433341 0.265867 0.430711 0.862440 0.470488 0.534046
  1 7.907660 0.984348 0.207492 0.125749 0.443222 0.887548 0.470488 0.506702
  1 7.979758 1.630506 -0.366597 0.062265 0.917056 0.393868 0.429688 0.505859
hands.bmp
  1 7.485377 1.023972 0.433341 0.265867 0.430711 0.862440 0.470488 0.534046
  1 7.979758 1.630506 -0.366597 0.062265 0.917056 0.393868 0.429688 0.505859
  1 7.347938 1.708591 -0.212959 0.170366 0.894173 0.414041 0.429688 0.531250
hands.bmp
  31 -43.236122 1.150125 0.167143 -0.007100 0.883409 0.468548 0.949219 0.980469
  32 -43.308689 1.129199 0.193174 0.099435 0.867886 0.486709 0.949219 0.962891
  32 -43.309444 0.949555 0.368183 0.080260 0.309378 0.947546 0.976563 0.972656
hands.bmp
  31 -43.236122 1.150125 0.167143 -0.007100 0.883409 0.468548 0.949219 0.980469
  32 -43.309444 0.949555 0.368183 0.080260 0.309378 0.947546 0.976563 0.972656
  31 -43.188141 0.940988 0.375373 -0.033536 0.247664 0.968266 0.976563 0.986328
hands.bmp
  32 -43.308689 1.129199 0.193174 0.099435 0.867886 0.486709 0.949219 0.962891
  32 -44.284485 1.172104 0.415872 0.099462 0.867892 0.486693 0.947266 0.816406
  32 -44.246346 1.045561 0.555274 0.196225 0.233009 0.952472 0.970703 0.828125
hands.bmp
  32 -43.308689 1.129199 0.193174 0.099435 0.867886 0.486709 0.949219 0.962891
  32 -44.246346 1.045561 0.555274 0.196225 0.233009 0.952472 0.970703 0.828125
  32 -43.309444 0.949555 0.368183 0.080260 0.309378 0.947546 0.976563 0.972656
hands.bmp
  12 21.890068 1.045549 0.555274 -0.196228 0.233009 0.952471 0.970703 0.828125
  13 22.529659 1.091242 0.655548 -0.029932 0.262419 0.964490 0.966797 0.707031
  12 21.928207 1.172092 0.415872 -0.099462 0.867891 0.486695 0.947266 0.816406
hands.bmp
  12 21.928207 1.172092 0.415872 -0.099462 0.867891 0.486695 0.947266 0.816406
  13 22.529659 1.091242 0.655548 -0.029932 0.262419 0.964490 0.966797 0.707031
  13 22.329865 1.165918 0.497419 -0.082817 0.907640 0.411498 0.947266 0.748047
hands.bmp
  13 22.529659 1.091242 0.655548 -0.029932 0.262419 0.964490 0.966797 0.707031
  13 22.605461 1.190006 0.589973 0.192940 0.770001 0.608172 0.955078 0.689453
  13 22.329865 1.165918 0.497419 -0.082817 0.907640 0.411498 0.947266 0.748047
hands.bmp
  33 -44.669491 1.223362 0.404549 -0.089032 0.978331 -0.186928 0.919922 0.751953
  33 -45.046165 1.208622 0.524968 -0.658134 0.752839 -0.009606 0.923828 0.681641
  33 -44.961739 1.190018 0.589973 -0.192974 0.770032 0.608122 0.955078 0.689453
hands.bmp
  33 -44.669491 1.223362 0.404549 -0.089032 0.978331 -0.186928 0.919922 0.751953
  33 -44.961739 1.190018 0.589973 -0.192974 0.770032 0.608122 0.955078 0.689453
  33 -44.686142 1.165930 0.497419 0.082812 0.907640 0.411500 0.947266 0.748047
hands.bmp
  11 20.831863 0.940978 0.375373 0.033537 0.247672 0.968263 0.880859 0.644531
  11 20.806324 0.727952 0.300087 -0.195936 -0.628863 0.752423 0.904297 0.646484
  12 20.946838 0.691777 0.333319 -0.122893 -0.663972 0.737590 0.906250 0.634766
hands.bmp
  11 20.831863 0.940978 0.375373 0.033537 0.247672 0.968263 0.880859 0.644531
  12 20.946838 0.691777 0.333319 -0.122893 -0.663972 0.737590 0.906250 0.634766
  12 20.953167 0.949546 0.368183 -0.080259 0.309384 0.947544 0.886719 0.628906
hands.bmp
  40 -39.399876 0.128562 0.246665 -0.571019 -0.338362 0.747963 0.304688 0.839844
  40 -39.438526 0.161761 0.167270 -0.524724 -0.320702 0.788552 0.304688 0.832031
  40 -39.434334 -0.009082 0.016955 -0.508173 -0.631449 0.585690 0.287109 0.832031
hands.bmp
  40 -39.399876 0.128562 0.246665 -0.571019 -0.338362 0.747963 0.304688 0.839844
  40 -39.434334 -0.009082 0.016955 -0.508173 -0.631449 0.585690 0.287109 0.832031
  40 -39.437439 -0.059007 0.076937 -0.575284 -0.561335 0.594939 0.287109 0.841797
hands.bmp
  40 -39.434334 -0.009082 0.016955 -0.508173 -0.631449 0.585690 0.287109 0.832031
  40 -39.480610 -0.276175 -0.312772 -0.587941 -0.672042 0.450205 0.242188 0.832031
  40 -39.443844 -0.329286 -0.253379 -0.587975 -0.672005 0.450217 0.244141 0.841797
hands.bmp
  40 -39.434334 -0.009082 0.016955 -0.508173 -0.631449 0.585690 0.287109 0.832031
  40 -39.443844 -0.329286 -0.253379 -0.587975 -0.672005 0.450217 0.244141 0.841797
  40 -39.437439 -0.059007 0.076937 -0.575284 -0.561335 0.594939 0.287109 0.841797
hands.bmp
  40 -39.480610 -0.276175 -0.312772 -0.587941 -0.672042 0.450205 0.242188 0.832031
  40 -39.488312 -0.425956 -0.702909 -0.595275 -0.779195 0.196223 0.199219 0.832031
  40 -39.493153 -0.495801 -0.652930 -0.562249 -0.799161 0.212643 0.199219 0.839844
hands.bmp
  40 -39.480610 -0.276175 -0.312772 -0.587941 -0.672042 0.450205 0.242188 0.832031
  40 -39.493153 -0.495801 -0.652930 -0.562249 -0.799161 0.212643 0.199219 0.839844
  40 -39.443844 -0.329286 -0.253379 -0.587975 -0.672005 0.450217 0.244141 0.841797
hands.bmp
  40 -39.390469 -0.283385 -0.284101 0.692787 -0.249567 -0.676582 0.375000 0.943359
  40 -39.436321 -0.229560 -0.283354 0.129424 0.815664 -0.563863 0.371094 0.941406
  40 -39.192333 -0.188863 -0.286876 -0.226432 0.804628 -0.548910 0.371094 0.980469
hands.bmp
  40 -39.390469 -0.283385 -0.284101 0.692787 -0.249567 -0.676582 0.375000 0.943359
  40 -39.192333 -0.188863 -0.286876 -0.226432 0.804628 -0.548910 0.371094 0.980469
  40 -39.198704 -0.268609 -0.286893 -0.720713 -0.288458 -0.630368 0.375000 0.976563
hands.bmp
  20 17.172440 -0.553004 -1.392568 0.729455 -0.682583 -0.044459 0.091797 0.837891
  20 17.127327 -0.446206 -1.633107 0.744914 -0.588731 -0.313845 0.070313 0.837891
  20 17.166718 -0.483239 -1.382554 0.729492 -0.682544 -0.044455 0.091797 0.828125
hands.bmp
  20 17.166718 -0.483239 -1.382554 0.729492 -0.682544 -0.044455 0.091797 0.828125
  20 17.127327 -0.446206 -1.633107 0.744914 -0.588731 -0.313845 0.070313 0.837891
  20 17.126884 -0.446248 -1.603111 0.745022 -0.588601 -0.313834 0.072266 0.828125
hands.bmp
  20 17.127327 -0.446206 -1.633107 0.744914 -0.588731 -0.313845 0.070313 0.837891
  20 17.148571 -0.304025 -1.802617 0.704958 -0.540450 -0.459291 0.050781 0.828125
  20 17.126884 -0.446248 -1.603111 0.745022 -0.588601 -0.313834 0.072266 0.828125
hands.bmp
  20 16.246876 1.258920 -0.833569 -0.887254 0.460850 -0.019927 0.705078 0.710938
  20 16.251366 1.058475 -0.053696 -0.872445 -0.431791 -0.228901 0.693359 0.759766
  20 16.257412 1.099074 -0.003545 -0.843341 0.451869 0.290845 0.695313 0.763672
hands.bmp
  25 -42.097584 0.832393 -1.858221 -0.104649 0.727612 -0.677960 0.726563 0.269531
  24 -41.587143 1.063188 -1.637575 -0.074856 0.912357 -0.402494 0.769531 0.251953
  24 -41.602478 0.721103 -2.162498 0.017218 0.792747 -0.609308 0.769531 0.300781
hands.bmp
  25 -42.097584 0.832393 -1.858221 -0.104649 0.727612 -0.677960 0.726563 0.269531
  24 -41.602478 0.721103 -2.162498 0.017218 0.792747 -0.609308 0.769531 0.300781
  24 -42.003269 0.690419 -2.113267 -0.250121 0.894707 -0.370052 0.734375 0.292969
hands.bmp
  40 -38.822144 0.604089 0.108837 0.610564 -0.377657 -0.696123 0.662109 0.767578
  40 -38.797718 0.963347 -0.181054 0.604232 -0.717322 -0.346918 0.685547 0.751953
  40 -38.607647 1.058484 -0.053696 0.872429 -0.431828 -0.228894 0.693359 0.759766
hands.bmp
  40 -38.822144 0.604089 0.108837 0.610564 -0.377657 -0.696123 0.662109 0.767578
  40 -38.607647 1.058484 -0.053696 0.872429 -0.431828 -0.228894 0.693359 0.759766
  40 -38.672024 0.572000 0.256608 0.863256 -0.244961 -0.441343 0.664063 0.775391
hands.bmp
  20 16.742779 0.365331 0.312590 -0.633587 -0.013738 0.773549 0.326172 0.884766
  20 17.051762 0.390019 0.317156 0.600897 0.008734 0.799279 0.326172 0.837891
  20 16.989273 0.555581 0.256461 0.656619 0.326183 0.680041 0.339844 0.837891
hands.bmp
  20 16.742779 0.365331 0.312590 -0.633587 -0.013738 0.773549 0.326172 0.884766
  20 16.989273 0.555581 0.256461 0.656619 0.326183 0.680041 0.339844 0.837891
  20 16.703022 0.622996 0.252357 -0.623517 0.331483 0.708058 0.339844 0.882813
hands.bmp
  40 -38.745934 0.156573 0.217111 0.902117 0.091638 -0.421648 0.632813 0.773438
  40 -38.856976 0.175509 0.068750 0.714094 0.285913 -0.639002 0.636719 0.765625
  40 -38.837337 0.404655 0.158790 0.648332 -0.044479 -0.760057 0.652344 0.767578
hands.bmp
  40 -38.745934 0.156573 0.217111 0.902117 0.091638 -0.421648 0.632813 0.773438
  40 -38.837337 0.404655 0.158790 0.648332 -0.044479 -0.760057 0.652344 0.767578
  40 -38.669678 0.341067 0.306259 0.886622 -0.073774 -0.456573 0.652344 0.777344
hands.bmp
  20 16.389652 0.156564 0.217111 -0.902124 0.091669 -0.421627 0.632813 0.773438
  20 16.500698 0.175500 0.068750 -0.714058 0.285924 -0.639037 0.636719 0.765625
  20 16.401295 -0.083234 0.046932 -0.911909 0.240697 -0.332395 0.619141 0.767578
hands.bmp
  20 16.500698 0.175500 0.068750 -0.714058 0.285924 -0.639037 0.636719 0.765625
  20 16.565914 0.020240 -0.110529 -0.722457 0.452583 -0.522709 0.623047 0.757813
  20 16.401295 -0.083234 0.046932 -0.911909 0.240697 -0.332395 0.619141 0.767578
hands.bmp
  20 17.078056 -0.009091 0.016955 0.508162 -0.631439 0.585709 0.287109 0.832031
  20 17.082249 0.161752 0.167270 0.524721 -0.320703 0.788554 0.304688 0.832031
  20 17.043598 0.128552 0.246665 0.571021 -0.338359 0.747963 0.304688 0.839844
hands.bmp
  20 17.078056 -0.009091 0.016955 0.508162 -0.631439 0.585709 0.287109 0.832031
  20 17.043598 0.128552 0.246665 0.571021 -0.338359 0.747963 0.304688 0.839844
  20 17.081158 -0.059016 0.076937 0.575275 -0.561322 0.594959 0.287109 0.841797
hands.bmp
  40 -38.740444 -0.596044 -0.774119 0.742452 -0.409299 0.530320 0.728516 0.718750
  40 -38.711620 -0.628316 -1.364650 0.808415 -0.588532 0.009719 0.720703 0.767578
  40 -38.784401 -0.542254 -1.323460 0.879007 0.473324 0.057539 0.714844 0.767578
hands.bmp
  40 -38.740444 -0.596044 -0.774119 0.742452 -0.409299 0.530320 0.728516 0.718750
  40 -38.784401 -0.542254 -1.323460 0.879007 0.473324 0.057539 0.714844 0.767578
  40 -38.767311 -0.553767 -0.783667 0.746235 0.475942 0.465417 0.724609 0.718750
hands.bmp
  20 17.136871 -0.495811 -0.652930 0.562251 -0.799161 0.212639 0.199219 0.839844
  20 17.132030 -0.425965 -0.702909 0.595260 -0.779205 0.196228 0.199219 0.832031
  20 17.124329 -0.276185 -0.312772 0.587953 -0.672041 0.450190 0.242188 0.832031
hands.bmp
  20 17.136871 -0.495811 -0.652930 0.562251 -0.799161 0.212639 0.199219 0.839844
  20 17.124329 -0.276185 -0.312772 0.587953 -0.672041 0.450190 0.242188 0.832031
  20 17.087566 -0.329295 -0.253379 0.587978 -0.672017 0.450195 0.244141 0.841797
hands.bmp
  20 16.370388 -0.526761 -1.574313 -0.895591 0.396031 0.202670 0.707031 0.783203
  20 16.324982 -0.419990 -1.794854 -0.877326 0.308559 0.367548 0.699219 0.800781
  20 16.345852 -0.588904 -1.614762 -0.796740 -0.589620 -0.132489 0.710938 0.785156
hands.bmp
  20 16.345852 -0.588904 -1.614762 -0.796740 -0.589620 -0.132489 0.710938 0.785156
  20 16.324982 -0.419990 -1.794854 -0.877326 0.308559 0.367548 0.699219 0.800781
  20 16.358013 -0.447436 -1.844414 -0.817138 -0.482002 -0.316164 0.703125 0.804688
hands.bmp
  40 -38.714291 -0.447427 -1.844414 0.817084 -0.482071 -0.316198 0.703125 0.804688
  40 -38.714005 -0.286902 -2.014213 0.100557 -0.468593 -0.877673 0.691406 0.820313
  40 -38.652317 -0.271773 -1.995095 0.839137 -0.299948 -0.453741 0.687500 0.812500
hands.bmp
  40 -38.714291 -0.447427 -1.844414 0.817084 -0.482071 -0.316198 0.703125 0.804688
  40 -38.652317 -0.271773 -1.995095 0.839137 -0.299948 -0.453741 0.687500 0.812500
  40 -38.681263 -0.419980 -1.794854 0.877319 0.308591 0.367537 0.699219 0.800781
hands.bmp
  40 -38.714005 -0.286902 -2.014213 0.100557 -0.468593 -0.877673 0.691406 0.820313
  40 -38.696568 -0.057551 -2.074158 0.155673 -0.049709 -0.986557 0.673828 0.828125
  40 -38.635674 -0.052388 -2.055042 0.857928 -0.050457 -0.511286 0.671875 0.822266
hands.bmp
  40 -38.714005 -0.286902 -2.014213 0.100557 -0.468593 -0.877673 0.691406 0.820313
  40 -38.635674 -0.052388 -2.055042 0.857928 -0.050457 -0.511286 0.671875 0.822266
  40 -38.652317 -0.271773 -1.995095 0.839137 -0.299948 -0.453741 0.687500 0.812500
hands.bmp
  40 -39.436321 -0.229560 -0.283354 0.129424 0.815664 -0.563863 0.371094 0.941406
  40 -39.483685 -0.205726 -0.222620 -0.481156 0.866309 0.134155 0.363281 0.933594
  40 -39.148544 -0.152246 -0.237462 0.429498 0.897133 0.103369 0.363281 0.988281
hands.bmp
  40 -39.436321 -0.229560 -0.283354 0.129424 0.815664 -0.563863 0.371094 0.941406
  40 -39.148544 -0.152246 -0.237462 0.429498 0.897133 0.103369 0.363281 0.988281
  40 -39.192333 -0.188863 -0.286876 -0.226432 0.804628 -0.548910 0.371094 0.980469
hands.bmp
  23 -37.356205 1.162425 -0.222188 -0.137653 0.846147 0.514865 0.400391 0.121094
  23 -37.437817 0.743871 0.131580 -0.084374 0.412098 0.907224 0.437285 0.121937
  23 -35.540390 0.865625 0.335428 -0.058558 0.312600 0.948078 0.454863 0.227406
hands.bmp
  23 -37.356205 1.162425 -0.222188 -0.137653 0.846147 0.514865 0.400391 0.121094
  23 -35.540390 0.865625 0.335428 -0.058558 0.312600 0.948078 0.454863 0.227406
  23 -35.524204 1.503826 -0.237142 -0.121936 0.867100 0.482979 0.412109 0.228516
hands.bmp
  22 -33.668274 1.046925 0.349766 -0.013892 0.371570 0.928301 0.470488 0.334827
  22 -33.684799 1.794949 -0.332206 -0.029530 0.890565 0.453897 0.423828 0.335938
  23 -35.524204 1.503826 -0.237142 -0.121936 0.867100 0.482979 0.412109 0.228516
hands.bmp
  22 -33.668274 1.046925 0.349766 -0.013892 0.371570 0.928301 0.470488 0.334827
  23 -35.524204 1.503826 -0.237142 -0.121936 0.867100 0.482979 0.412109 0.228516
  23 -35.540390 0.865625 0.335428 -0.058558 0.312600 0.948078 0.454863 0.227406
hands.bmp
  21 -29.551777 1.811393 -1.095169 -0.076295 0.991308 -0.107181 0.376953 0.533203
  21 -26.206081 1.989002 -0.587159 0.001857 0.992763 -0.120076 0.376953 0.677734
  21 -26.087524 1.570868 -1.615268 0.079877 0.724134 -0.685018 0.337891 0.677734
hands.bmp
  21 -29.551777 1.811393 -1.095169 -0.076295 0.991308 -0.107181 0.376953 0.533203
  21 -26.087524 1.570868 -1.615268 0.079877 0.724134 -0.685018 0.337891 0.677734
  21 -29.401173 1.534203 -1.974591 0.124890 0.787051 -0.604114 0.337891 0.533203
hands.bmp
  21 -30.263939 0.984354 0.207492 -0.125749 0.443221 0.887548 0.470488 0.506702
  21 -30.336037 1.630511 -0.366597 -0.062265 0.917055 0.393869 0.429688 0.505859
  22 -30.873463 1.641897 -0.304562 0.067455 0.882951 0.464593 0.427734 0.476563
hands.bmp
  21 -30.263939 0.984354 0.207492 -0.125749 0.443221 0.887548 0.470488 0.506702
  22 -30.873463 1.641897 -0.304562 0.067455 0.882951 0.464593 0.427734 0.476563
  22 -30.947113 0.974241 0.359826 0.062204 0.368437 0.927569 0.470488 0.477406
hands.bmp
  21 -29.841656 1.023977 0.433341 -0.265867 0.430711 0.862440 0.470488 0.534046
  21 -29.704216 1.708597 -0.212959 -0.170363 0.894173 0.414043 0.429688 0.531250
  21 -30.336037 1.630511 -0.366597 -0.062265 0.917055 0.393869 0.429688 0.505859
hands.bmp
  21 -29.841656 1.023977 0.433341 -0.265867 0.430711 0.862440 0.470488 0.534046
  21 -30.336037 1.630511 -0.366597 -0.062265 0.917055 0.393869 0.429688 0.505859
  21 -30.263939 0.984354 0.207492 -0.125749 0.443221 0.887548 0.470488 0.506702
hands.bmp
  21 -29.704216 1.708597 -0.212959 -0.170363 0.894173 0.414043 0.429688 0.531250
  21 -26.298939 1.875621 0.254579 -0.064302 0.916062 0.395849 0.427734 0.677734
  21 -26.206081 1.989002 -0.587159 0.001857 0.992763 -0.120076 0.376953 0.677734
hands.bmp
  21 -29.704216 1.708597 -0.212959 -0.170363 0.894173 0.414043 0.429688 0.531250
  21 -26.206081 1.989002 -0.587159 0.001857 0.992763 -0.120076 0.376953 0.677734
  21 -29.551777 1.811393 -1.095169 -0.076295 0.991308 -0.107181 0.376953 0.533203
hands.bmp
  20 17.080719 0.081841 -2.013101 0.720729 0.039412 -0.692096 0.964844 0.296875
  20 17.031689 0.529313 -1.793176 0.681086 0.449320 -0.578130 0.962891 0.265625
  4 17.429871 0.600083 -1.881039 -0.299085 0.571559 -0.764113 0.933594 0.273438
hands.bmp
  20 17.080719 0.081841 -2.013101 0.720729 0.039412 -0.692096 0.964844 0.296875
  4 17.429871 0.600083 -1.881039 -0.299085 0.571559 -0.764113 0.933594 0.273438
  4 17.416672 0.043115 -2.104449 -0.318855 -0.058204 -0.946015 0.939453 0.300781
hands.bmp
  25 -43.300850 1.048966 -1.800728 -0.441475 0.884520 0.150745 0.613281 0.251953
  25 -43.338879 1.005204 -1.827908 -0.831882 0.554874 -0.009368 0.607422 0.253906
  26 -43.397705 0.798109 -1.625545 -0.990274 0.046479 0.131140 0.603516 0.234375
hands.bmp
  25 -43.300850 1.048966 -1.800728 -0.441475 0.884520 0.150745 0.613281 0.251953
  26 -43.397705 0.798109 -1.625545 -0.990274 0.046479 0.131140 0.603516 0.234375
  25 -43.376587 0.829517 -1.576886 -0.703350 0.283595 0.651823 0.609375 0.234375
hands.bmp
  38 -41.414845 0.222564 0.922250 -0.998441 -0.055160 0.008535 0.855469 0.781250
  37 -41.468891 0.265853 0.564847 -0.903543 -0.385146 0.187810 0.865234 0.816406
  37 -41.332897 -0.069867 0.650865 -0.742893 -0.661637 -0.101714 0.845703 0.812500
hands.bmp
  38 -41.414845 0.222564 0.922250 -0.998441 -0.055160 0.008535 0.855469 0.781250
  37 -41.332897 -0.069867 0.650865 -0.742893 -0.661637 -0.101714 0.845703 0.812500
  38 -41.298904 -0.127307 1.037794 -0.718842 -0.680992 -0.139697 0.839844 0.775391
hands.bmp
  38 -41.356861 -0.127320 1.570186 -0.679221 -0.720597 -0.139280 0.830078 0.724609
  38 -41.438740 0.066758 1.528595 -0.952675 -0.258655 -0.159715 0.843750 0.726563
  38 -41.414845 0.222564 0.922250 -0.998441 -0.055160 0.008535 0.855469 0.781250
hands.bmp
  38 -41.356861 -0.127320 1.570186 -0.679221 -0.720597 -0.139280 0.830078 0.724609
  38 -41.414845 0.222564 0.922250 -0.998441 -0.055160 0.008535 0.855469 0.781250
  38 -41.298904 -0.127307 1.037794 -0.718842 -0.680992 -0.139697 0.839844 0.775391
hands.bmp
  38 -41.464996 -0.107100 1.930322 -0.739367 -0.533598 0.410622 0.830078 0.687500
  38 -41.500183 0.105094 1.948660 -0.868319 0.168536 0.466495 0.845703 0.685547
  38 -41.438740 0.066758 1.528595 -0.952675 -0.258655 -0.159715 0.843750 0.726563
hands.bmp
  38 -41.464996 -0.107100 1.930322 -0.739367 -0.533598 0.410622 0.830078 0.687500
  38 -41.438740 0.066758 1.528595 -0.952675 -0.258655 -0.159715 0.843750 0.726563
  38 -41.356861 -0.127320 1.570186 -0.679221 -0.720597 -0.139280 0.830078 0.724609
hands.bmp
  18 19.108719 -0.107110 1.930322 0.739368 -0.533594 0.410624 0.830078 0.687500
  18 19.143906 0.105084 1.948660 0.868322 0.168544 0.466486 0.845703 0.685547
  18 19.105274 0.110818 1.961882 0.443815 0.052287 0.894592 0.847656 0.681641
hands.bmp
  28 -42.153751 1.184375 -0.779863 -0.178365 0.948073 0.263333 0.720703 0.162109
  24 -42.029339 1.135556 -0.573372 -0.288281 0.955261 -0.066113 0.732422 0.144531
  24 -41.530937 1.222772 -0.487412 0.021660 0.999589 0.018798 0.777344 0.140625
hands.bmp
  28 -42.153751 1.184375 -0.779863 -0.178365 0.948073 0.263333 0.720703 0.162109
  24 -41.530937 1.222772 -0.487412 0.021660 0.999589 0.018798 0.777344 0.140625
  24 -41.542759 1.231320 -1.167403 -0.042859 0.978797 -0.200301 0.773438 0.201172
hands.bmp
  21 -30.263939 0.984354 0.207492 -0.125749 0.443221 0.887548 0.007813 0.503906
  21 -30.276714 0.085676 0.384176 -0.205984 -0.212526 0.955198 0.052734 0.498047
  21 -29.844700 0.164884 0.559643 -0.269008 -0.177657 0.946611 0.052734 0.523438
hands.bmp
  21 -30.263939 0.984354 0.207492 -0.125749 0.443221 0.887548 0.007813 0.503906
  21 -29.844700 0.164884 0.559643 -0.269008 -0.177657 0.946611 0.052734 0.523438
  21 -29.841656 1.023977 0.433341 -0.265867 0.430711 0.862440 0.007813 0.529297
hands.bmp
  24 -39.791061 0.983878 -1.429947 0.179562 0.866670 -0.465446 0.933594 0.238281
  24 -39.786152 0.600093 -1.881039 0.299085 0.571558 -0.764113 0.933594 0.273438
  24 -40.386532 0.714326 -2.041960 0.181045 0.684808 -0.705876 0.876953 0.283203
hands.bmp
  24 -39.791061 0.983878 -1.429947 0.179562 0.866670 -0.465446 0.933594 0.238281
  24 -40.386532 0.714326 -2.041960 0.181045 0.684808 -0.705876 0.876953 0.283203
  24 -40.130226 1.045346 -1.483719 0.143243 0.907395 -0.395116 0.902344 0.242188
hands.bmp
  5 20.909252 0.904941 -2.144403 0.221758 0.456411 -0.861691 0.619141 0.287109
  5 20.950569 0.878079 -2.113242 0.686073 0.246247 -0.684592 0.613281 0.287109
  5 20.938900 0.645566 -2.112085 0.911152 -0.078102 -0.404600 0.617188 0.302734
hands.bmp
  5 20.909252 0.904941 -2.144403 0.221758 0.456411 -0.861691 0.619141 0.287109
  5 20.938900 0.645566 -2.112085 0.911152 -0.078102 -0.404600 0.617188 0.302734
  5 20.907440 0.604295 -2.166920 0.412644 -0.282294 -0.866046 0.623047 0.302734
hands.bmp
  24 -41.602478 0.721103 -2.162498 0.017218 0.792747 -0.609308 0.769531 0.300781
  24 -40.386532 0.714326 -2.041960 0.181045 0.684808 -0.705876 0.876953 0.283203
  24 -40.497501 0.172305 -2.409789 0.264099 0.031824 -0.963970 0.865234 0.316406
hands.bmp
  24 -41.602478 0.721103 -2.162498 0.017218 0.792747 -0.609308 0.769531 0.300781
  24 -40.497501 0.172305 -2.409789 0.264099 0.031824 -0.963970 0.865234 0.316406
  24 -41.474041 0.346654 -2.528414 0.207539 0.448280 -0.869467 0.781250 0.333984
hands.bmp
  20 16.819817 -0.541057 -1.357718 -0.626509 -0.779199 -0.018327 0.105469 0.888672
  20 16.784073 -0.594069 -1.368317 -0.626513 -0.779195 -0.018367 0.105469 0.884766
  20 16.804478 -0.482244 -0.637784 -0.668804 -0.726647 0.157118 0.201172 0.888672
hands.bmp
  1 7.869550 -0.955864 -1.148800 0.017649 -0.987461 -0.156876 0.171875 0.496094
  1 7.766589 -0.384229 -2.223988 -0.093539 -0.608775 -0.787810 0.232422 0.501953
  2 8.485705 -0.474299 -2.290248 -0.089616 -0.600954 -0.794244 0.226563 0.472656
hands.bmp
  1 7.869550 -0.955864 -1.148800 0.017649 -0.987461 -0.156876 0.171875 0.496094
  2 8.485705 -0.474299 -2.290248 -0.089616 -0.600954 -0.794244 0.226563 0.472656
  2 8.417983 -1.091475 -1.250006 -0.065768 -0.988269 -0.137840 0.169922 0.470703
hands.bmp
  4 18.294479 -0.509578 -1.701862 0.137538 -0.984731 -0.106714 0.720703 0.449219
  4 19.123844 -0.189031 -2.152094 0.128077 -0.971456 -0.199674 0.636719 0.439453
  4 19.450680 -0.069528 -1.618430 0.333744 -0.911187 0.241562 0.623047 0.496094
hands.bmp
  4 18.294479 -0.509578 -1.701862 0.137538 -0.984731 -0.106714 0.720703 0.449219
  4 19.450680 -0.069528 -1.618430 0.333744 -0.911187 0.241562 0.623047 0.496094
  4 18.497166 -0.263928 -1.252890 0.344512 -0.862458 0.370779 0.714844 0.496094
hands.bmp
  38 -40.418377 -0.055764 1.277903 0.700710 -0.513321 0.495487 0.738281 0.779297
  38 -40.901005 -0.330819 1.211459 -0.009798 -0.994162 0.107454 0.785156 0.771484
  37 -40.793201 -0.395589 0.761930 -0.051384 -0.990105 0.130586 0.783203 0.818359
hands.bmp
  38 -40.418377 -0.055764 1.277903 0.700710 -0.513321 0.495487 0.738281 0.779297
  37 -40.793201 -0.395589 0.761930 -0.051384 -0.990105 0.130586 0.783203 0.818359
  37 -40.168121 -0.048467 0.805257 0.723232 -0.533199 0.438901 0.720703 0.832031
hands.bmp
  40 -39.488689 -0.345426 -1.842916 -0.747676 -0.485907 -0.452631 0.050781 0.835938
  40 -39.488407 -0.184903 -2.012717 -0.696821 -0.348576 -0.626845 0.031250 0.835938
  40 -39.141506 -0.242721 -1.987880 0.529040 -0.469012 -0.707208 0.039063 0.882813
hands.bmp
  40 -39.488689 -0.345426 -1.842916 -0.747676 -0.485907 -0.452631 0.050781 0.835938
  40 -39.141506 -0.242721 -1.987880 0.529040 -0.469012 -0.707208 0.039063 0.882813
  40 -39.142876 -0.413184 -1.838081 0.518517 -0.668065 -0.533695 0.058594 0.882813
hands.bmp
  26 -44.538429 0.829906 -1.953821 -0.221414 0.291767 0.930509 0.970703 0.828125
  26 -43.495831 0.778538 -1.674434 -0.347892 0.264017 0.899593 0.976563 0.972656
  26 -43.448425 0.962841 -1.850740 -0.256510 0.900467 0.351228 0.949219 0.962891
hands.bmp
  26 -44.538429 0.829906 -1.953821 -0.221414 0.291767 0.930509 0.970703 0.828125
  26 -43.448425 0.962841 -1.850740 -0.256510 0.900467 0.351228 0.949219 0.962891
  26 -44.502457 0.997355 -2.084465 -0.089238 0.877582 0.471048 0.947266 0.816406
hands.bmp
  36 -43.920925 0.349920 -3.431126 0.305481 0.391884 -0.867819 0.894531 0.748047
  36 -43.922070 0.455057 -3.327463 0.090444 0.900776 -0.424762 0.919922 0.751953
  35 -43.684616 0.507431 -3.206714 0.099179 0.931762 -0.349260 0.919922 0.812500
hands.bmp
  36 -43.920925 0.349920 -3.431126 0.305481 0.391884 -0.867819 0.894531 0.748047
  35 -43.684616 0.507431 -3.206714 0.099179 0.931762 -0.349260 0.919922 0.812500
  35 -43.611389 0.397802 -3.308789 0.327896 0.475404 -0.816379 0.892578 0.812500
hands.bmp
  36 -44.132038 0.360415 -3.501975 0.053415 0.365458 -0.929294 0.892578 0.695313
  36 -44.206497 0.452776 -3.452736 -0.524051 0.616270 -0.587862 0.923828 0.681641
  36 -43.922070 0.455057 -3.327463 0.090444 0.900776 -0.424762 0.919922 0.751953
hands.bmp
  36 -44.132038 0.360415 -3.501975 0.053415 0.365458 -0.929294 0.892578 0.695313
  36 -43.922070 0.455057 -3.327463 0.090444 0.900776 -0.424762 0.919922 0.751953
  36 -43.920925 0.349920 -3.431126 0.305481 0.391884 -0.867819 0.894531 0.748047
hands.bmp
  16 21.775753 0.360403 -3.501975 -0.053417 0.365449 -0.929298 0.892578 0.695313
  16 21.850212 0.452765 -3.452736 0.524138 0.616109 -0.587953 0.923828 0.681641
  16 21.842667 0.424902 -3.439828 0.834778 0.329814 -0.440872 0.921875 0.671875
hands.bmp
  16 21.850212 0.452765 -3.452736 0.524138 0.616109 -0.587953 0.923828 0.681641
  16 21.831192 0.442183 -3.347255 0.411079 0.884924 0.218914 0.955078 0.689453
  16 21.842667 0.424902 -3.439828 0.834778 0.329814 -0.440872 0.921875 0.671875
hands.bmp
  36 -44.198952 0.424913 -3.439828 -0.834727 0.330011 -0.440822 0.921875 0.671875
  36 -44.285706 0.322388 -3.447743 -0.897150 0.040727 -0.439845 0.923828 0.662109
  36 -44.263630 0.369095 -3.359818 -0.919237 0.325646 0.221264 0.955078 0.673828
hands.bmp
  36 -44.198952 0.424913 -3.439828 -0.834727 0.330011 -0.440822 0.921875 0.671875
  36 -44.263630 0.369095 -3.359818 -0.919237 0.325646 0.221264 0.955078 0.673828
  36 -44.187477 0.442194 -3.347255 -0.411085 0.884921 0.218915 0.955078 0.689453
hands.bmp
  16 21.831192 0.442183 -3.347255 0.411079 0.884924 0.218914 0.955078 0.689453
  16 21.829929 0.363363 -3.262484 0.541610 0.396876 0.741046 0.966797 0.707031
  16 21.907345 0.369083 -3.359818 0.919233 0.325658 0.221265 0.955078 0.673828
hands.bmp
  12 20.952412 1.129189 0.193174 -0.099446 0.867890 0.486701 0.949219 0.962891
  12 21.022751 1.190643 0.078823 0.081242 0.958982 -0.271574 0.917969 0.962891
  11 20.911282 1.188706 0.056587 0.139082 0.960387 -0.241481 0.917969 0.980469
hands.bmp
  12 20.952412 1.129189 0.193174 -0.099446 0.867890 0.486701 0.949219 0.962891
  11 20.911282 1.188706 0.056587 0.139082 0.960387 -0.241481 0.917969 0.980469
  11 20.879845 1.150115 0.167143 0.006164 0.883515 0.468362 0.949219 0.980469
hands.bmp
  18 18.056030 0.057662 1.263916 -0.821502 -0.086837 0.563554 0.597656 0.886719
  18 18.057297 0.085919 1.278053 -0.832839 -0.018652 0.553201 0.591797 0.884766
  17 17.774136 0.086549 0.834351 -0.822829 -0.132306 0.552674 0.621094 0.843750
hands.bmp
  17 17.774136 0.086549 0.834351 -0.822829 -0.132306 0.552674 0.621094 0.843750
  18 18.057297 0.085919 1.278053 -0.832839 -0.018652 0.553201 0.591797 0.884766
  17 17.795532 0.131022 0.885969 -0.804528 -0.065041 0.590343 0.613281 0.839844
hands.bmp
  18 18.057297 0.085919 1.278053 -0.832839 -0.018652 0.553201 0.591797 0.884766
  18 18.050957 0.166226 1.217137 -0.773036 0.233946 0.589649 0.583984 0.880859
  17 17.795532 0.131022 0.885969 -0.804528 -0.065041 0.590343 0.613281 0.839844
hands.bmp
  17 17.795532 0.131022 0.885969 -0.804528 -0.065041 0.590343 0.613281 0.839844
  18 18.050957 0.166226 1.217137 -0.773036 0.233946 0.589649 0.583984 0.880859
  17 17.810917 0.297978 0.859731 -0.738517 0.296178 0.605699 0.605469 0.835938
hands.bmp
  38 -40.901005 -0.330819 1.211459 -0.009798 -0.994162 0.107454 0.785156 0.771484
  38 -41.298904 -0.127307 1.037794 -0.718842 -0.680992 -0.139697 0.839844 0.775391
  37 -41.332897 -0.069867 0.650865 -0.742893 -0.661637 -0.101714 0.845703 0.812500
hands.bmp
  38 -40.901005 -0.330819 1.211459 -0.009798 -0.994162 0.107454 0.785156 0.771484
  37 -41.332897 -0.069867 0.650865 -0.742893 -0.661637 -0.101714 0.845703 0.812500
  37 -40.793201 -0.395589 0.761930 -0.051384 -0.990105 0.130586 0.783203 0.818359
hands.bmp
  34 -42.698997 0.169686 -2.971307 -0.187275 -0.436363 -0.880066 0.509766 0.400391
  34 -41.830574 0.130137 -2.630738 0.228820 -0.323970 -0.917978 0.585938 0.394531
  34 -41.868027 -0.123702 -2.390605 -0.025455 -0.950459 -0.309807 0.595703 0.433594
hands.bmp
  34 -42.698997 0.169686 -2.971307 -0.187275 -0.436363 -0.880066 0.509766 0.400391
  34 -41.868027 -0.123702 -2.390605 -0.025455 -0.950459 -0.309807 0.595703 0.433594
  34 -42.759132 -0.049731 -2.730395 -0.404165 -0.823521 -0.398074 0.511719 0.433594
hands.bmp
  30 -45.710167 0.895466 -0.735044 -0.825370 -0.529711 0.195375 0.923828 0.386719
  30 -45.637550 0.853292 -0.862513 -0.515132 -0.754106 -0.407385 0.939453 0.396484
  30 -45.467365 0.780697 -0.715656 -0.261995 -0.923660 0.279663 0.921875 0.416016
hands.bmp
  30 -45.710167 0.895466 -0.735044 -0.825370 -0.529711 0.195375 0.923828 0.386719
  30 -45.467365 0.780697 -0.715656 -0.261995 -0.923660 0.279663 0.921875 0.416016
  30 -45.665936 0.914635 -0.659705 -0.470029 -0.358518 0.806559 0.902344 0.394531
hands.bmp
  40 -39.488312 -0.425956 -0.702909 -0.595275 -0.779195 0.196223 0.847656 0.501953
  40 -39.480610 -0.276175 -0.312772 -0.587941 -0.672042 0.450205 0.859375 0.531250
  24 -39.796673 -0.355983 -0.348587 0.057784 -0.927157 0.370191 0.833984 0.541016
hands.bmp
  40 -39.488312 -0.425956 -0.702909 -0.595275 -0.779195 0.196223 0.847656 0.501953
  24 -39.796673 -0.355983 -0.348587 0.057784 -0.927157 0.370191 0.833984 0.541016
  24 -39.797340 -0.446765 -0.833105 -0.063279 -0.985560 0.157060 0.818359 0.500000
hands.bmp
  14 20.366154 0.375535 -2.993056 0.067828 0.387312 -0.919450 0.667969 0.371094
  4 19.460537 0.372092 -2.634047 -0.292031 0.490377 -0.821126 0.748047 0.341797
  4 19.536282 0.504580 -2.408413 -0.102235 0.835576 -0.539779 0.742188 0.320313
hands.bmp
  14 20.366154 0.375535 -2.993056 0.067828 0.387312 -0.919450 0.667969 0.371094
  4 19.536282 0.504580 -2.408413 -0.102235 0.835576 -0.539779 0.742188 0.320313
  14 20.477634 0.495969 -2.831914 0.424965 0.718639 -0.550420 0.658203 0.355469
hands.bmp
  40 -39.054749 0.993896 -0.087232 0.603745 0.657333 0.451004 0.494141 0.078125
  40 -39.080223 1.186692 -0.816671 0.623919 0.779238 -0.059265 0.507813 0.158203
  40 -39.056309 1.234941 -0.816955 0.623914 0.779243 -0.059259 0.503906 0.158203
hands.bmp
  40 -39.054749 0.993896 -0.087232 0.603745 0.657333 0.451004 0.494141 0.078125
  40 -39.056309 1.234941 -0.816955 0.623914 0.779243 -0.059259 0.503906 0.158203
  40 -39.058056 1.074410 -0.067071 0.603720 0.657377 0.450974 0.490234 0.078125
hands.bmp
  24 -41.320160 0.094586 -0.177459 -0.510023 -0.858929 -0.046021 0.710938 0.607422
  37 -41.468891 0.265853 0.564847 -0.903543 -0.385146 0.187810 0.718750 0.671875
  24 -41.899132 0.580644 0.323578 -0.408187 -0.502805 0.761952 0.675781 0.669922
hands.bmp
  24 -41.320160 0.094586 -0.177459 -0.510023 -0.858929 -0.046021 0.710938 0.607422
  24 -41.899132 0.580644 0.323578 -0.408187 -0.502805 0.761952 0.675781 0.669922
  24 -41.994892 0.394635 -0.462254 -0.296548 -0.939938 0.169043 0.644531 0.607422
hands.bmp
  4 19.638611 0.394626 -0.462254 0.296547 -0.939938 0.169043 0.644531 0.607422
  11 19.884666 0.592286 0.244879 0.078979 -0.684648 0.724582 0.644531 0.673828
  4 19.542854 0.580634 0.323578 0.408185 -0.502805 0.761953 0.675781 0.669922
hands.bmp
  20 16.246876 1.258920 -0.833569 -0.887254 0.460850 -0.019927 0.566406 0.722656
  20 16.248188 1.098638 -1.413835 -0.853325 0.438324 -0.282328 0.580078 0.773438
  20 16.230923 1.207486 -0.833874 -0.808417 -0.588530 0.009766 0.570313 0.722656
hands.bmp
  20 16.230923 1.207486 -0.833874 -0.808417 -0.588530 0.009766 0.570313 0.722656
  20 16.248188 1.098638 -1.413835 -0.853325 0.438324 -0.282328 0.580078 0.773438
  20 16.281631 1.051145 -1.383406 -0.872397 -0.427589 0.236837 0.582031 0.771484
hands.bmp
  20 16.248188 1.098638 -1.413835 -0.853325 0.438324 -0.282328 0.580078 0.773438
  20 16.304104 0.491269 -1.913911 -0.844355 0.233010 -0.482464 0.625000 0.812500
  20 16.281631 1.051145 -1.383406 -0.872397 -0.427589 0.236837 0.582031 0.771484
hands.bmp
  20 16.281631 1.051145 -1.383406 -0.872397 -0.427589 0.236837 0.582031 0.771484
  20 16.304104 0.491269 -1.913911 -0.844355 0.233010 -0.482464 0.625000 0.812500
  20 16.294197 0.480433 -1.864065 -0.900934 -0.227090 0.369795 0.625000 0.808594
hands.bmp
  20 16.304104 0.491269 -1.913911 -0.844355 0.233010 -0.482464 0.625000 0.812500
  20 16.279392 -0.052398 -2.055042 -0.857930 -0.050470 -0.511281 0.671875 0.822266
  20 16.294197 0.480433 -1.864065 -0.900934 -0.227090 0.369795 0.625000 0.808594
hands.bmp
  20 16.294197 0.480433 -1.864065 -0.900934 -0.227090 0.369795 0.625000 0.808594
  20 16.279392 -0.052398 -2.055042 -0.857930 -0.050470 -0.511281 0.671875 0.822266
  20 16.332596 0.022063 -1.984151 -0.881205 -0.070097 0.467509 0.669922 0.816406
hands.bmp
  40 -38.688877 0.022073 -1.984151 0.881204 -0.070066 0.467515 0.669922 0.816406
  40 -38.678951 -0.239562 -1.934653 0.876782 0.136133 0.461217 0.685547 0.808594
  40 -38.652317 -0.271773 -1.995095 0.839137 -0.299948 -0.453741 0.687500 0.812500
hands.bmp
  40 -38.688877 0.022073 -1.984151 0.881204 -0.070066 0.467515 0.669922 0.816406
  40 -38.652317 -0.271773 -1.995095 0.839137 -0.299948 -0.453741 0.687500 0.812500
  40 -38.635674 -0.052388 -2.055042 0.857928 -0.050457 -0.511286 0.671875 0.822266
hands.bmp
  20 16.296036 -0.271783 -1.995095 -0.839130 -0.299948 -0.453753 0.687500 0.812500
  20 16.324982 -0.419990 -1.794854 -0.877326 0.308559 0.367548 0.699219 0.800781
  20 16.322670 -0.239572 -1.934653 -0.876780 0.136123 0.461224 0.685547 0.808594
hands.bmp
  20 16.565327 0.020183 -0.070533 0.028665 -0.715004 0.698532 0.101563 0.025391
  3 14.929183 -0.308172 -0.300059 0.076274 -0.797439 0.598559 0.121094 0.117188
  20 16.677605 -0.201516 -0.359225 0.068140 -0.888824 0.453153 0.121094 0.023438
hands.bmp
  3 14.929183 -0.308172 -0.300059 0.076274 -0.797439 0.598559 0.121094 0.117188
  3 13.009593 -0.537160 -0.305944 0.083299 -0.797355 0.597734 0.119141 0.228516
  3 14.890464 -0.449449 -0.660950 0.097126 -0.895898 0.433513 0.136719 0.119141
hands.bmp
  23 -37.243446 -0.560092 -0.870819 -0.102879 -0.981235 0.163078 0.150391 0.121094
  23 -35.321640 -0.818849 -0.796648 -0.098839 -0.958858 0.266125 0.144531 0.230469
  23 -35.365871 -0.537152 -0.305944 -0.083299 -0.797356 0.597733 0.119141 0.228516
hands.bmp
  23 -37.243446 -0.560092 -0.870819 -0.102879 -0.981235 0.163078 0.150391 0.121094
  23 -35.365871 -0.537152 -0.305944 -0.083299 -0.797356 0.597733 0.119141 0.228516
  23 -37.246742 -0.449441 -0.660950 -0.097129 -0.895897 0.433513 0.136719 0.119141
hands.bmp
  3 14.887168 -0.560100 -0.870819 0.102875 -0.981244 0.163026 0.150391 0.121094
  3 12.965362 -0.818856 -0.796648 0.098832 -0.958858 0.266128 0.144531 0.230469
  3 14.882583 -0.520696 -1.061151 0.106390 -0.994079 0.022108 0.160156 0.121094
hands.bmp
  23 -37.238861 -0.520688 -1.061151 -0.106392 -0.994079 0.022107 0.160156 0.121094
  23 -37.239197 -0.651688 -1.390907 -0.110522 -0.979581 -0.167949 0.183594 0.121094
  23 -35.319756 -0.850707 -1.406878 -0.103782 -0.970253 -0.218721 0.183594 0.232422
hands.bmp
  23 -37.238861 -0.520688 -1.061151 -0.106392 -0.994079 0.022107 0.160156 0.121094
  23 -35.319756 -0.850707 -1.406878 -0.103782 -0.970253 -0.218721 0.183594 0.232422
  23 -35.321640 -0.818849 -0.796648 -0.098839 -0.958858 0.266125 0.144531 0.230469
hands.bmp
  23 -35.501572 1.328933 -1.817996 -0.163148 0.745978 -0.645677 0.318359 0.234375
  23 -37.335331 1.048358 -1.533046 -0.193347 0.772183 -0.605269 0.314453 0.126953
  23 -37.306557 1.350010 -0.944507 -0.176084 0.979813 -0.094659 0.353516 0.126953
hands.bmp
  23 -35.501572 1.328933 -1.817996 -0.163148 0.745978 -0.645677 0.318359 0.234375
  23 -37.306557 1.350010 -0.944507 -0.176084 0.979813 -0.094659 0.353516 0.126953
  23 -35.478527 1.661036 -1.089315 -0.164726 0.981788 -0.094648 0.361328 0.232422
hands.bmp
  1 -0.084430 1.556912 -1.010171 -0.116146 0.743428 -0.658654 0.333984 0.808594
  1 0.025439 1.854416 -0.061267 -0.039965 0.995456 -0.086427 0.376953 0.808594
  1 3.849801 1.988997 -0.587159 -0.001856 0.992763 -0.120076 0.376953 0.677734
hands.bmp
  1 -0.084430 1.556912 -1.010171 -0.116146 0.743428 -0.658654 0.333984 0.808594
  1 3.849801 1.988997 -0.587159 -0.001856 0.992763 -0.120076 0.376953 0.677734
  1 3.731246 1.570862 -1.615268 -0.079839 0.724110 -0.685048 0.337891 0.677734
hands.bmp
  40 -39.504475 -0.224139 -0.172335 -0.692249 0.240837 0.680285 0.476563 0.802734
  40 -39.493305 -0.335382 -0.172653 -0.406730 -0.546643 0.731951 0.480469 0.796875
  40 -39.089985 -0.307412 -0.188530 0.492731 -0.515244 0.701241 0.548828 0.796875
hands.bmp
  40 -39.504475 -0.224139 -0.172335 -0.692249 0.240837 0.680285 0.476563 0.802734
  40 -39.089985 -0.307412 -0.188530 0.492731 -0.515244 0.701241 0.548828 0.796875
  40 -39.083611 -0.227668 -0.188513 0.719568 0.297512 0.627462 0.552734 0.802734
hands.bmp
  10 22.973022 1.203283 -0.845849 -0.060184 0.963398 -0.261234 0.919922 0.751953
  10 22.991829 1.172327 -0.741983 -0.077362 0.937871 0.338251 0.947266 0.748047
  10 23.327099 1.235224 -0.709808 0.294752 0.805192 0.514575 0.955078 0.689453
hands.bmp
  10 22.973022 1.203283 -0.845849 -0.060184 0.963398 -0.261234 0.919922 0.751953
  10 23.327099 1.235224 -0.709808 0.294752 0.805192 0.514575 0.955078 0.689453
  10 23.408318 1.284605 -0.844587 0.606991 0.766204 -0.210936 0.923828 0.681641
hands.bmp
  40 -39.419476 0.390964 0.217314 -0.603683 0.091464 0.791960 0.984375 0.085938
  40 -39.424511 0.592017 0.147658 -0.588941 0.397692 0.703555 0.982422 0.091797
  37 -39.799744 0.552922 0.269318 0.459382 0.511384 0.726261 0.951172 0.076172
hands.bmp
  40 -39.419476 0.390964 0.217314 -0.603683 0.091464 0.791960 0.984375 0.085938
  37 -39.799744 0.552922 0.269318 0.459382 0.511384 0.726261 0.951172 0.076172
  37 -39.803875 0.359082 0.349373 0.656169 0.071660 0.751204 0.957031 0.070313
hands.bmp
  23 -37.285461 -0.308165 -0.300059 -0.076275 -0.797440 0.598558 0.121094 0.117188
  23 -35.365871 -0.537152 -0.305944 -0.083299 -0.797356 0.597733 0.119141 0.228516
  23 -35.426304 0.114835 0.254199 -0.053192 -0.395318 0.917003 0.080078 0.222656
hands.bmp
  23 -37.285461 -0.308165 -0.300059 -0.076275 -0.797440 0.598558 0.121094 0.117188
  23 -35.426304 0.114835 0.254199 -0.053192 -0.395318 0.917003 0.080078 0.222656
  23 -37.325279 0.102876 -0.019951 -0.053636 -0.511977 0.857323 0.099609 0.113281
hands.bmp
  23 -35.365871 -0.537152 -0.305944 -0.083299 -0.797356 0.597733 0.119141 0.228516
  22 -33.447056 -0.806200 -0.331699 -0.037751 -0.847217 0.529904 0.121094 0.339844
  22 -33.622189 0.086759 0.371189 -0.023466 -0.313449 0.949315 0.068359 0.328125
hands.bmp
  23 -35.365871 -0.537152 -0.305944 -0.083299 -0.797356 0.597733 0.119141 0.228516
  22 -33.622189 0.086759 0.371189 -0.023466 -0.313449 0.949315 0.068359 0.328125
  23 -35.426304 0.114835 0.254199 -0.053192 -0.395318 0.917003 0.080078 0.222656
hands.bmp
  22 -33.447056 -0.806200 -0.331699 -0.037751 -0.847217 0.529904 0.121094 0.339844
  22 -30.812008 -0.748140 -0.209430 -0.037219 -0.814208 0.579379 0.107422 0.472656
  22 -30.871788 0.043846 0.350289 0.010916 -0.283827 0.958813 0.058594 0.472656
hands.bmp
  22 -33.447056 -0.806200 -0.331699 -0.037751 -0.847217 0.529904 0.121094 0.339844
  22 -30.871788 0.043846 0.350289 0.010916 -0.283827 0.958813 0.058594 0.472656
  22 -33.622189 0.086759 0.371189 -0.023466 -0.313449 0.949315 0.068359 0.328125
hands.bmp
  3 15.081536 0.743863 0.131580 0.084375 0.412098 0.907224 0.060547 0.109375
  3 13.184112 0.865618 0.335428 0.058558 0.312600 0.948078 0.042969 0.218750
  3 15.011405 0.463678 0.180345 0.061941 -0.123126 0.990456 0.072266 0.109375
hands.bmp
  23 -37.367683 0.463686 0.180345 -0.061941 -0.123127 0.990456 0.072266 0.109375
  23 -37.325279 0.102876 -0.019951 -0.053636 -0.511977 0.857323 0.099609 0.113281
  23 -35.426304 0.114835 0.254199 -0.053192 -0.395318 0.917003 0.080078 0.222656
hands.bmp
  23 -37.367683 0.463686 0.180345 -0.061941 -0.123127 0.990456 0.072266 0.109375
  23 -35.426304 0.114835 0.254199 -0.053192 -0.395318 0.917003 0.080078 0.222656
  23 -35.540390 0.865625 0.335428 -0.058558 0.312600 0.948078 0.042969 0.218750
hands.bmp
  23 -35.426304 0.114835 0.254199 -0.053192 -0.395318 0.917003 0.080078 0.222656
  22 -33.622189 0.086759 0.371189 -0.023466 -0.313449 0.949315 0.068359 0.328125
  22 -33.668274 1.046925 0.349766 -0.013892 0.371570 0.928301 0.025391 0.328125
hands.bmp
  23 -35.426304 0.114835 0.254199 -0.053192 -0.395318 0.917003 0.080078 0.222656
  22 -33.668274 1.046925 0.349766 -0.013892 0.371570 0.928301 0.025391 0.328125
  23 -35.540390 0.865625 0.335428 -0.058558 0.312600 0.948078 0.042969 0.218750
hands.bmp
  15 20.491768 0.053908 -2.778824 -0.034682 -0.959485 -0.279618 0.941406 0.634766
  15 21.223782 0.110466 -3.128615 0.023456 -0.973188 -0.228814 0.941406 0.535156
  15 21.284256 0.172598 -3.004589 0.483376 -0.546137 0.684165 0.902344 0.542969
hands.bmp
  15 20.491768 0.053908 -2.778824 -0.034682 -0.959485 -0.279618 0.941406 0.634766
  15 21.284256 0.172598 -3.004589 0.483376 -0.546137 0.684165 0.902344 0.542969
  15 20.562328 0.106261 -2.656431 0.526318 -0.614488 0.587702 0.906250 0.634766
hands.bmp
  17 19.115372 0.567569 0.580777 0.701920 0.254464 0.665250 0.443359 0.833984
  18 18.999416 0.510528 1.002701 0.780350 0.596189 0.188712 0.460938 0.865234
  18 19.058567 0.222554 0.922250 0.998441 -0.055159 0.008535 0.429688 0.873047
hands.bmp
  17 19.115372 0.567569 0.580777 0.701920 0.254464 0.665250 0.443359 0.833984
  18 19.058567 0.222554 0.922250 0.998441 -0.055159 0.008535 0.429688 0.873047
  17 19.112614 0.265843 0.564847 0.903545 -0.385142 0.187807 0.421875 0.845703
hands.bmp
  13 22.434448 0.731953 0.518271 0.162655 -0.961267 0.222506 0.921875 0.416016
  13 22.538246 0.876158 0.629757 0.253092 -0.441636 0.860756 0.902344 0.394531
  13 21.949028 0.800514 0.490471 -0.050572 -0.664120 0.745913 0.906250 0.519531
hands.bmp
  32 -44.246346 1.045561 0.555274 0.196225 0.233009 0.952472 0.882813 0.531250
  33 -44.885937 1.091253 0.655548 0.029933 0.262421 0.964489 0.886719 0.394531
  33 -44.894524 0.876169 0.629757 -0.253087 -0.441633 0.860759 0.902344 0.394531
hands.bmp
  32 -44.246346 1.045561 0.555274 0.196225 0.233009 0.952472 0.882813 0.531250
  33 -44.894524 0.876169 0.629757 -0.253087 -0.441633 0.860759 0.902344 0.394531
  33 -44.305305 0.800526 0.490471 0.050568 -0.664120 0.745914 0.906250 0.519531
hands.bmp
  13 21.949028 0.800514 0.490471 -0.050572 -0.664120 0.745913 0.906250 0.519531
  12 21.890068 1.045549 0.555274 -0.196228 0.233009 0.952471 0.882813 0.531250
  12 21.794899 0.754559 0.472402 -0.030220 -0.666043 0.745301 0.902344 0.542969
hands.bmp
  32 -44.151176 0.754570 0.472402 0.030222 -0.666041 0.745303 0.902344 0.542969
  32 -43.303116 0.691787 0.333319 0.122891 -0.663979 0.737584 0.906250 0.634766
  32 -43.309444 0.949555 0.368183 0.080260 0.309378 0.947546 0.886719 0.628906
hands.bmp
  32 -44.151176 0.754570 0.472402 0.030222 -0.666041 0.745303 0.902344 0.542969
  32 -43.309444 0.949555 0.368183 0.080260 0.309378 0.947546 0.886719 0.628906
  32 -44.246346 1.045561 0.555274 0.196225 0.233009 0.952472 0.882813 0.531250
hands.bmp
  32 -43.303116 0.691787 0.333319 0.122891 -0.663979 0.737584 0.906250 0.634766
  31 -43.162601 0.727962 0.300087 0.195935 -0.628870 0.752418 0.904297 0.646484
  31 -43.188141 0.940988 0.375373 -0.033536 0.247664 0.968266 0.880859 0.644531
hands.bmp
  32 -43.303116 0.691787 0.333319 0.122891 -0.663979 0.737584 0.906250 0.634766
  31 -43.188141 0.940988 0.375373 -0.033536 0.247664 0.968266 0.880859 0.644531
  32 -43.309444 0.949555 0.368183 0.080260 0.309378 0.947546 0.886719 0.628906
hands.bmp
  30 -45.665936 0.914635 -0.659705 -0.470029 -0.358518 0.806559 0.902344 0.394531
  30 -45.013855 0.785089 -0.669784 -0.084737 -0.639243 0.764322 0.906250 0.519531
  29 -44.905678 0.969147 -0.610221 -0.004282 0.234861 0.972019 0.882813 0.531250
hands.bmp
  30 -45.665936 0.914635 -0.659705 -0.470029 -0.358518 0.806559 0.902344 0.394531
  29 -44.905678 0.969147 -0.610221 -0.004282 0.234861 0.972019 0.882813 0.531250
  30 -45.600357 1.105429 -0.635259 -0.121234 0.302284 0.945477 0.886719 0.394531
hands.bmp
  9 22.549400 0.969135 -0.610221 0.004278 0.234860 0.972020 0.882813 0.531250
  9 22.462608 0.769417 -0.651189 0.095987 -0.626216 0.773719 0.902344 0.542969
  10 22.657578 0.785078 -0.669784 0.084727 -0.639244 0.764322 0.906250 0.519531
hands.bmp
  21 -26.172234 -1.381042 -0.552889 0.010444 -0.980615 -0.195665 0.171875 0.669922
  21 -22.346615 -1.235705 -0.039051 0.056997 -0.983079 -0.174091 0.164063 0.800781
  21 -22.484604 -0.946524 1.120187 -0.054655 -0.783597 0.618861 0.101563 0.802734
hands.bmp
  21 -26.172234 -1.381042 -0.552889 0.010444 -0.980615 -0.195665 0.171875 0.669922
  21 -22.484604 -0.946524 1.120187 -0.054655 -0.783597 0.618861 0.101563 0.802734
  21 -26.310024 -1.031934 0.595909 -0.091984 -0.802206 0.589919 0.095703 0.671875
hands.bmp
  29 -44.800568 0.707695 -0.853312 -0.089969 -0.971969 -0.217215 0.941406 0.535156
  29 -43.754105 0.619030 -0.876843 -0.117315 -0.976778 -0.179280 0.941406 0.634766
  29 -43.742077 0.680107 -0.665833 -0.009162 -0.686252 0.727306 0.906250 0.634766
hands.bmp
  29 -44.800568 0.707695 -0.853312 -0.089969 -0.971969 -0.217215 0.941406 0.535156
  29 -43.742077 0.680107 -0.665833 -0.009162 -0.686252 0.727306 0.906250 0.634766
  29 -44.818886 0.769428 -0.651189 -0.095987 -0.626214 0.773720 0.902344 0.542969
hands.bmp
  20 16.742779 0.365331 0.312590 -0.633587 -0.013738 0.773549 0.326172 0.884766
  20 16.789135 0.178449 0.223000 -0.640712 -0.380680 0.666762 0.302734 0.884766
  20 17.043598 0.128552 0.246665 0.571021 -0.338359 0.747963 0.304688 0.839844
hands.bmp
  20 16.742779 0.365331 0.312590 -0.633587 -0.013738 0.773549 0.326172 0.884766
  20 17.043598 0.128552 0.246665 0.571021 -0.338359 0.747963 0.304688 0.839844
  20 17.051762 0.390019 0.317156 0.600897 0.008734 0.799279 0.326172 0.837891
hands.bmp
  5 21.041428 0.798098 -1.625545 0.470712 0.296717 0.830897 0.976563 0.986328
  6 21.139553 0.778526 -1.674434 0.347895 0.264015 0.899592 0.976563 0.972656
  6 21.092148 0.962830 -1.850740 0.256510 0.900468 0.351226 0.949219 0.962891
hands.bmp
  5 21.041428 0.798098 -1.625545 0.470712 0.296717 0.830897 0.976563 0.986328
  6 21.092148 0.962830 -1.850740 0.256510 0.900468 0.351226 0.949219 0.962891
  5 20.982601 1.005195 -1.827908 0.357805 0.905345 0.228748 0.949219 0.980469
hands.bmp
  26 -43.397453 0.858494 -2.117411 0.118644 0.416829 -0.901209 0.892578 0.964844
  26 -43.438519 0.988249 -1.974661 0.040204 0.924147 -0.379917 0.917969 0.962891
  25 -43.323563 0.994079 -1.971231 -0.019049 0.914193 -0.404832 0.917969 0.980469
hands.bmp
  26 -43.397453 0.858494 -2.117411 0.118644 0.416829 -0.901209 0.892578 0.964844
  25 -43.323563 0.994079 -1.971231 -0.019049 0.914193 -0.404832 0.917969 0.980469
  26 -43.306847 0.878089 -2.113242 -0.039616 0.502736 -0.863532 0.890625 0.984375
hands.bmp
  26 -43.438519 0.988249 -1.974661 0.040204 0.924147 -0.379917 0.917969 0.962891
  26 -43.448425 0.962841 -1.850740 -0.256510 0.900467 0.351228 0.949219 0.962891
  25 -43.338879 1.005204 -1.827908 -0.357798 0.905347 0.228754 0.949219 0.980469
hands.bmp
  26 -43.438519 0.988249 -1.974661 0.040204 0.924147 -0.379917 0.917969 0.962891
  25 -43.338879 1.005204 -1.827908 -0.357798 0.905347 0.228754 0.949219 0.980469
  25 -43.323563 0.994079 -1.971231 -0.019049 0.914193 -0.404832 0.917969 0.980469
hands.bmp
  26 -43.448425 0.962841 -1.850740 -0.256510 0.900467 0.351228 0.949219 0.962891
  26 -43.495831 0.778538 -1.674434 -0.347892 0.264017 0.899593 0.976563 0.972656
  26 -43.397705 0.798109 -1.625545 -0.470719 0.296711 0.830895 0.976563 0.986328
hands.bmp
  26 -43.448425 0.962841 -1.850740 -0.256510 0.900467 0.351228 0.949219 0.962891
  26 -43.397705 0.798109 -1.625545 -0.470719 0.296711 0.830895 0.976563 0.986328
  25 -43.338879 1.005204 -1.827908 -0.357798 0.905347 0.228754 0.949219 0.980469
hands.bmp
  24 -41.480122 -0.189021 -2.152094 -0.128076 -0.971456 -0.199675 0.636719 0.439453
  24 -41.455074 -0.043735 -2.540121 0.117638 -0.523712 -0.843734 0.623047 0.402344
  24 -40.430069 -0.267287 -2.086042 0.132542 -0.727994 -0.672649 0.726563 0.408203
hands.bmp
  24 -41.480122 -0.189021 -2.152094 -0.128076 -0.971456 -0.199675 0.636719 0.439453
  24 -40.430069 -0.267287 -2.086042 0.132542 -0.727994 -0.672649 0.726563 0.408203
  24 -40.650761 -0.509568 -1.701862 -0.137540 -0.984731 -0.106717 0.720703 0.449219
hands.bmp
  24 -41.806961 -0.069518 -1.618430 -0.333749 -0.911188 0.241555 0.623047 0.496094
  34 -42.184010 -0.049794 -2.150624 -0.514152 -0.739383 0.434696 0.576172 0.470703
  34 -41.868027 -0.123702 -2.390605 -0.025455 -0.950459 -0.309807 0.595703 0.433594
hands.bmp
  24 -41.806961 -0.069518 -1.618430 -0.333749 -0.911188 0.241555 0.623047 0.496094
  34 -41.868027 -0.123702 -2.390605 -0.025455 -0.950459 -0.309807 0.595703 0.433594
  24 -41.480122 -0.189021 -2.152094 -0.128076 -0.971456 -0.199675 0.636719 0.439453
hands.bmp
  16 21.565784 0.455046 -3.327463 -0.090450 0.900775 -0.424762 0.919922 0.751953
  16 21.850212 0.452765 -3.452736 0.524138 0.616109 -0.587953 0.923828 0.681641
  16 21.775753 0.360403 -3.501975 -0.053417 0.365449 -0.929298 0.892578 0.695313
hands.bmp
  16 21.565784 0.455046 -3.327463 -0.090450 0.900775 -0.424762 0.919922 0.751953
  16 21.775753 0.360403 -3.501975 -0.053417 0.365449 -0.929298 0.892578 0.695313
  16 21.564640 0.349909 -3.431126 -0.305486 0.391884 -0.867816 0.894531 0.748047
hands.bmp
  34 -42.850376 0.017121 -2.564848 -0.708906 -0.623849 0.329036 0.507813 0.458984
  34 -42.871941 0.059184 -2.612447 -0.931183 -0.353390 -0.089522 0.500000 0.457031
  34 -42.792561 0.006684 -2.730524 -0.837552 -0.354409 -0.415813 0.505859 0.431641
hands.bmp
  34 -42.850376 0.017121 -2.564848 -0.708906 -0.623849 0.329036 0.507813 0.458984
  34 -42.792561 0.006684 -2.730524 -0.837552 -0.354409 -0.415813 0.505859 0.431641
  34 -42.759132 -0.049731 -2.730395 -0.404165 -0.823521 -0.398074 0.511719 0.433594
hands.bmp
  4 19.536282 0.504580 -2.408413 -0.102235 0.835576 -0.539779 0.742188 0.320313
  4 19.246197 0.721093 -2.162498 -0.017218 0.792747 -0.609307 0.769531 0.300781
  4 19.646992 0.690410 -2.113267 0.250118 0.894709 -0.370051 0.734375 0.292969
hands.bmp
  40 -38.809399 1.064740 -0.840815 0.524347 -0.851055 0.027655 0.580078 0.724609
  40 -38.818630 0.905063 -1.280948 0.700556 -0.596859 0.391127 0.595703 0.765625
  40 -38.637909 1.051154 -1.383406 0.872392 -0.427592 0.236848 0.582031 0.771484
hands.bmp
  40 -38.809399 1.064740 -0.840815 0.524347 -0.851055 0.027655 0.580078 0.724609
  40 -38.637909 1.051154 -1.383406 0.872392 -0.427592 0.236848 0.582031 0.771484
  40 -38.587200 1.207496 -0.833874 0.808396 -0.588557 0.009765 0.570313 0.722656
hands.bmp
  4 19.741306 0.832383 -1.858221 0.104648 0.727611 -0.677961 0.726563 0.269531
  4 19.230865 1.063178 -1.637575 0.074858 0.912356 -0.402495 0.769531 0.251953
  4 19.876930 0.968049 -1.630624 -0.017713 0.981226 -0.192045 0.712891 0.248047
hands.bmp
  4 19.230865 1.063178 -1.637575 0.074858 0.912356 -0.402495 0.769531 0.251953
  4 19.839096 0.943662 -1.354085 0.247406 0.963280 -0.104317 0.718750 0.224609
  4 19.876930 0.968049 -1.630624 -0.017713 0.981226 -0.192045 0.712891 0.248047
hands.bmp
  25 -43.300850 1.048966 -1.800728 -0.441475 0.884520 0.150745 0.613281 0.251953
  25 -43.376587 0.829517 -1.576886 -0.703350 0.283595 0.651823 0.609375 0.234375
  28 -42.254623 0.848918 -1.301526 -0.632383 0.659708 -0.406051 0.703125 0.216797
hands.bmp
  25 -43.300850 1.048966 -1.800728 -0.441475 0.884520 0.150745 0.613281 0.251953
  28 -42.254623 0.848918 -1.301526 -0.632383 0.659708 -0.406051 0.703125 0.216797
  25 -42.195374 0.943671 -1.354085 -0.247403 0.963278 -0.104342 0.718750 0.224609
hands.bmp
  18 19.058567 0.222554 0.922250 0.998441 -0.055159 0.008535 0.855469 0.781250
  18 19.082458 0.066749 1.528595 0.952669 -0.258679 -0.159707 0.843750 0.726563
  18 19.000584 -0.127330 1.570186 0.679224 -0.720592 -0.139286 0.830078 0.724609
hands.bmp
  18 19.058567 0.222554 0.922250 0.998441 -0.055159 0.008535 0.855469 0.781250
  18 19.000584 -0.127330 1.570186 0.679224 -0.720592 -0.139286 0.830078 0.724609
  18 18.942623 -0.127316 1.037794 0.718830 -0.681005 -0.139695 0.839844 0.775391
hands.bmp
  27 -45.200859 1.004204 -2.239056 -0.262741 0.906492 0.330513 0.955078 0.689453
  27 -44.915684 0.980490 -2.186940 -0.072064 0.976106 0.204999 0.947266 0.748047
  27 -44.897717 0.988504 -2.260512 0.006718 0.933569 -0.358335 0.919922 0.751953
hands.bmp
  27 -45.200859 1.004204 -2.239056 -0.262741 0.906492 0.330513 0.955078 0.689453
  27 -44.897717 0.988504 -2.260512 0.006718 0.933569 -0.358335 0.919922 0.751953
  27 -45.244682 1.027418 -2.353251 -0.439961 0.825569 -0.353369 0.923828 0.681641
hands.bmp
  40 -39.105663 0.968141 -1.356660 0.564075 0.720678 -0.403042 0.515625 0.224609
  40 -39.116104 0.547734 -1.827140 0.604649 0.411846 -0.681749 0.523438 0.269531
  40 -39.101295 0.616786 -1.877267 0.604603 0.411846 -0.681791 0.519531 0.275391
hands.bmp
  40 -39.105663 0.968141 -1.356660 0.564075 0.720678 -0.403042 0.515625 0.224609
  40 -39.101295 0.616786 -1.877267 0.604603 0.411846 -0.681791 0.519531 0.275391
  40 -39.091358 1.027194 -1.386791 0.564077 0.720654 -0.403082 0.513672 0.228516
hands.bmp
  13 22.605461 1.190006 0.589973 0.192940 0.770001 0.608172 0.955078 0.689453
  13 22.689888 1.208611 0.524968 0.658150 0.752826 -0.009564 0.923828 0.681641
  13 22.313213 1.223351 0.404549 0.089024 0.978332 -0.186928 0.919922 0.751953
hands.bmp
  13 22.605461 1.190006 0.589973 0.192940 0.770001 0.608172 0.955078 0.689453
  13 22.313213 1.223351 0.404549 0.089024 0.978332 -0.186928 0.919922 0.751953
  13 22.329865 1.165918 0.497419 -0.082817 0.907640 0.411498 0.947266 0.748047
hands.bmp
  35 -43.660770 0.355305 -2.993901 -0.420153 0.350769 0.836919 0.882813 0.531250
  36 -44.186214 0.363375 -3.262484 -0.541610 0.396873 0.741047 0.886719 0.394531
  36 -44.200710 0.193922 -3.271183 -0.723617 -0.369320 0.583080 0.902344 0.394531
hands.bmp
  35 -43.660770 0.355305 -2.993901 -0.420153 0.350769 0.836919 0.882813 0.531250
  36 -44.200710 0.193922 -3.271183 -0.723617 -0.369320 0.583080 0.902344 0.394531
  36 -43.740223 0.198643 -3.073129 -0.417021 -0.538287 0.732353 0.906250 0.519531
hands.bmp
  20 17.058876 1.143226 -0.841823 0.766473 0.641507 0.031434 0.455078 0.169922
  20 17.031654 0.950555 -1.352545 0.633822 0.698013 -0.333239 0.462891 0.234375
  20 17.043480 1.212220 -0.851954 0.651001 0.758264 -0.035128 0.460938 0.169922
hands.bmp
  20 17.043480 1.212220 -0.851954 0.651001 0.758264 -0.035128 0.460938 0.169922
  20 17.031654 0.950555 -1.352545 0.633822 0.698013 -0.333239 0.462891 0.234375
  20 17.086971 1.015168 -1.371646 0.619769 0.685900 -0.381349 0.470703 0.234375
hands.bmp
  24 -41.816818 0.372102 -2.634047 0.292035 0.490374 -0.821127 0.748047 0.341797
  24 -41.474041 0.346654 -2.528414 0.207539 0.448280 -0.869467 0.781250 0.333984
  24 -41.455074 -0.043735 -2.540121 0.117638 -0.523712 -0.843734 0.785156 0.353516
hands.bmp
  24 -41.816818 0.372102 -2.634047 0.292035 0.490374 -0.821127 0.748047 0.341797
  24 -41.455074 -0.043735 -2.540121 0.117638 -0.523712 -0.843734 0.785156 0.353516
  34 -41.830574 0.130137 -2.630738 0.228820 -0.323970 -0.917978 0.753906 0.355469
hands.bmp
  20 17.031689 0.529313 -1.793176 0.681086 0.449320 -0.578130 0.470703 0.281250
  20 17.080719 0.081841 -2.013101 0.720729 0.039412 -0.692096 0.474609 0.335938
  20 17.105427 0.625506 -1.871969 0.632127 0.448894 -0.631593 0.476563 0.281250
hands.bmp
  20 17.105427 0.625506 -1.871969 0.632127 0.448894 -0.631593 0.476563 0.281250
  20 17.080719 0.081841 -2.013101 0.720729 0.039412 -0.692096 0.474609 0.335938
  20 17.086670 0.022143 -2.093105 0.616376 0.029390 -0.786903 0.482422 0.337891
hands.bmp
  20 16.752335 -0.446271 -0.698505 -0.692747 -0.249603 -0.676609 0.429688 0.990234
  20 16.727333 -0.227677 -0.188513 -0.719556 0.297529 0.627468 0.359375 0.990234
  20 16.792263 -0.152255 -0.237462 -0.429496 0.897134 0.103362 0.363281 0.988281
hands.bmp
  40 -39.483685 -0.205726 -0.222620 -0.481156 0.866309 0.134155 0.363281 0.933594
  40 -39.504475 -0.224139 -0.172335 -0.692249 0.240837 0.680285 0.359375 0.929688
  40 -39.083611 -0.227668 -0.188513 0.719568 0.297512 0.627462 0.359375 0.990234
hands.bmp
  40 -39.483685 -0.205726 -0.222620 -0.481156 0.866309 0.134155 0.363281 0.933594
  40 -39.083611 -0.227668 -0.188513 0.719568 0.297512 0.627462 0.359375 0.990234
  40 -39.148544 -0.152246 -0.237462 0.429498 0.897133 0.103369 0.363281 0.988281
hands.bmp
  20 17.127407 -0.205735 -0.222620 0.481155 0.866301 0.134207 0.363281 0.933594
  20 17.148197 -0.224149 -0.172335 0.692259 0.240816 0.680283 0.359375 0.929688
  20 17.108620 -0.387713 -0.683197 0.492976 0.515971 -0.700534 0.427734 0.933594
hands.bmp
  20 17.148197 -0.224149 -0.172335 0.692259 0.240816 0.680283 0.359375 0.929688
  20 17.166416 -0.483413 -0.682482 0.720724 -0.288373 -0.630395 0.429688 0.929688
  20 17.108620 -0.387713 -0.683197 0.492976 0.515971 -0.700534 0.427734 0.933594
hands.bmp
  40 -39.094666 -0.397218 -0.698642 0.406399 0.545908 -0.732683 0.427734 0.986328
  40 -39.108616 -0.446261 -0.698505 0.692760 -0.249575 -0.676606 0.429688 0.990234
  40 -39.522697 -0.483403 -0.682482 -0.720715 -0.288426 -0.630381 0.429688 0.929688
hands.bmp
  40 -39.094666 -0.397218 -0.698642 0.406399 0.545908 -0.732683 0.427734 0.986328
  40 -39.522697 -0.483403 -0.682482 -0.720715 -0.288426 -0.630381 0.429688 0.929688
  40 -39.464897 -0.387704 -0.683197 -0.492976 0.515996 -0.700516 0.427734 0.933594
hands.bmp
  20 16.738384 -0.397227 -0.698642 -0.406414 0.545847 -0.732720 0.427734 0.986328
  20 16.752335 -0.446271 -0.698505 -0.692747 -0.249603 -0.676609 0.429688 0.990234
  20 16.792263 -0.152255 -0.237462 -0.429496 0.897134 0.103362 0.363281 0.988281
hands.bmp
  20 16.738384 -0.397227 -0.698642 -0.406414 0.545847 -0.732720 0.427734 0.986328
  20 16.792263 -0.152255 -0.237462 -0.429496 0.897134 0.103362 0.363281 0.988281
  20 16.836052 -0.188872 -0.286876 0.226428 0.804621 -0.548922 0.371094 0.980469
hands.bmp
  8 21.270279 0.965792 -0.515565 0.478820 0.321340 0.816990 0.517578 0.660156
  8 21.257294 0.619947 -0.655995 0.491463 -0.630515 0.600762 0.515625 0.640625
  8 21.302582 0.679296 -0.681020 0.842563 -0.341506 0.416487 0.509766 0.640625
hands.bmp
  8 21.270279 0.965792 -0.515565 0.478820 0.321340 0.816990 0.517578 0.660156
  8 21.302582 0.679296 -0.681020 0.842563 -0.341506 0.416487 0.509766 0.640625
  8 21.303406 0.951998 -0.572240 0.915614 -0.015160 0.401773 0.511719 0.658203
hands.bmp
  20 17.080044 -0.229569 -0.283354 -0.129526 0.815472 -0.564117 0.371094 0.941406
  20 17.127407 -0.205735 -0.222620 0.481155 0.866301 0.134207 0.363281 0.933594
  20 17.087952 -0.389373 -0.633498 -0.163268 0.964252 -0.208716 0.419922 0.941406
hands.bmp
  20 17.127407 -0.205735 -0.222620 0.481155 0.866301 0.134207 0.363281 0.933594
  20 17.108620 -0.387713 -0.683197 0.492976 0.515971 -0.700534 0.427734 0.933594
  20 17.087952 -0.389373 -0.633498 -0.163268 0.964252 -0.208716 0.419922 0.941406
hands.bmp
  8 21.379951 1.092199 -0.900393 -0.173056 0.929742 -0.325011 0.917969 0.980469
  8 21.308464 1.068266 -0.782851 -0.015318 0.935022 0.354259 0.949219 0.980469
  9 21.404682 1.065725 -0.786809 -0.079091 0.934313 0.347569 0.949219 0.962891
hands.bmp
  8 21.379951 1.092199 -0.900393 -0.173056 0.929742 -0.325011 0.917969 0.980469
  9 21.404682 1.065725 -0.786809 -0.079091 0.934313 0.347569 0.949219 0.962891
  9 21.452034 1.113226 -0.891695 -0.136643 0.946670 -0.291795 0.917969 0.962891
hands.bmp
  20 17.108620 -0.387713 -0.683197 0.492976 0.515971 -0.700534 0.427734 0.933594
  20 16.738384 -0.397227 -0.698642 -0.406414 0.545847 -0.732720 0.427734 0.986328
  20 16.825768 -0.370193 -0.647317 0.246108 0.949134 -0.196407 0.419922 0.980469
hands.bmp
  20 16.825768 -0.370193 -0.647317 0.246108 0.949134 -0.196407 0.419922 0.980469
  20 16.738384 -0.397227 -0.698642 -0.406414 0.545847 -0.732720 0.427734 0.986328
  20 16.836052 -0.188872 -0.286876 0.226428 0.804621 -0.548922 0.371094 0.980469
hands.bmp
  20 16.825768 -0.370193 -0.647317 0.246108 0.949134 -0.196407 0.419922 0.980469
  20 16.836052 -0.188872 -0.286876 0.226428 0.804621 -0.548922 0.371094 0.980469
  20 16.842422 -0.268619 -0.286893 0.720724 -0.288439 -0.630365 0.375000 0.976563
hands.bmp
  29 -44.818886 0.769428 -0.651189 -0.095987 -0.626214 0.773720 0.902344 0.542969
  29 -43.742077 0.680107 -0.665833 -0.009162 -0.686252 0.727306 0.906250 0.634766
  28 -43.746143 0.887342 -0.569196 -0.022159 0.292335 0.956059 0.886719 0.628906
hands.bmp
  29 -44.818886 0.769428 -0.651189 -0.095987 -0.626214 0.773720 0.902344 0.542969
  28 -43.746143 0.887342 -0.569196 -0.022159 0.292335 0.956059 0.886719 0.628906
  29 -44.905678 0.969147 -0.610221 -0.004282 0.234861 0.972019 0.882813 0.531250
hands.bmp
  30 -45.749950 1.148052 -0.701631 -0.772185 0.281505 0.569636 0.955078 0.673828
  30 -45.683376 1.235235 -0.709808 -0.294768 0.805176 0.514591 0.955078 0.689453
  30 -45.757790 1.235971 -0.830894 -0.963662 0.262834 -0.047687 0.921875 0.671875
hands.bmp
  30 -45.749950 1.148052 -0.701631 -0.772185 0.281505 0.569636 0.955078 0.673828
  30 -45.757790 1.235971 -0.830894 -0.963662 0.262834 -0.047687 0.921875 0.671875
  30 -45.855064 1.127892 -0.794066 -0.973788 0.227023 0.014059 0.923828 0.662109
hands.bmp
  20 17.051331 -0.442470 -0.584103 -0.719592 0.297554 0.627415 0.416016 0.943359
  20 17.087952 -0.389373 -0.633498 -0.163268 0.964252 -0.208716 0.419922 0.941406
  20 16.877110 -0.396199 -0.586594 0.692302 0.240820 0.680238 0.416016 0.976563
hands.bmp
  20 16.877110 -0.396199 -0.586594 0.692302 0.240820 0.680238 0.416016 0.976563
  20 16.825768 -0.370193 -0.647317 0.246108 0.949134 -0.196407 0.419922 0.980469
  20 16.842422 -0.268619 -0.286893 0.720724 -0.288439 -0.630365 0.375000 0.976563
hands.bmp
  40 -39.504848 -0.304015 -1.802617 -0.704970 -0.540433 -0.459293 0.050781 0.828125
  40 -39.494957 -0.154300 -1.942571 -0.720719 -0.288456 -0.630363 0.031250 0.826172
  40 -39.488407 -0.184903 -2.012717 -0.696821 -0.348576 -0.626845 0.031250 0.835938
hands.bmp
  40 -39.504848 -0.304015 -1.802617 -0.704970 -0.540433 -0.459293 0.050781 0.828125
  40 -39.488407 -0.184903 -2.012717 -0.696821 -0.348576 -0.626845 0.031250 0.835938
  40 -39.488689 -0.345426 -1.842916 -0.747676 -0.485907 -0.452631 0.050781 0.835938
hands.bmp
  40 -39.243370 -0.305144 -0.396300 0.766590 -0.327050 0.552610 0.863281 0.429688
  40 -39.272030 -0.292830 -0.365860 -0.029303 -0.436866 0.899049 0.851563 0.429688
  40 -39.305885 -0.450616 -0.445591 -0.037705 -0.592535 0.804662 0.851563 0.406250
hands.bmp
  40 -39.243370 -0.305144 -0.396300 0.766590 -0.327050 0.552610 0.863281 0.429688
  40 -39.305885 -0.450616 -0.445591 -0.037705 -0.592535 0.804662 0.851563 0.406250
  40 -39.284504 -0.432260 -0.455880 0.798787 -0.398473 0.450731 0.863281 0.406250
hands.bmp
  40 -39.080223 1.186692 -0.816671 0.623919 0.779238 -0.059265 0.507813 0.158203
  40 -39.105663 0.968141 -1.356660 0.564075 0.720678 -0.403042 0.515625 0.224609
  40 -39.091358 1.027194 -1.386791 0.564077 0.720654 -0.403082 0.513672 0.228516
hands.bmp
  40 -39.080223 1.186692 -0.816671 0.623919 0.779238 -0.059265 0.507813 0.158203
  40 -39.091358 1.027194 -1.386791 0.564077 0.720654 -0.403082 0.513672 0.228516
  40 -39.056309 1.234941 -0.816955 0.623914 0.779243 -0.059259 0.503906 0.158203
hands.bmp
  36 -43.922070 0.455057 -3.327463 0.090444 0.900776 -0.424762 0.919922 0.751953
  36 -44.206497 0.452776 -3.452736 -0.524051 0.616270 -0.587862 0.923828 0.681641
  36 -44.187477 0.442194 -3.347255 -0.411085 0.884921 0.218915 0.955078 0.689453
hands.bmp
  36 -43.922070 0.455057 -3.327463 0.090444 0.900776 -0.424762 0.919922 0.751953
  36 -44.187477 0.442194 -3.347255 -0.411085 0.884921 0.218915 0.955078 0.689453
  36 -43.967285 0.432486 -3.272274 -0.171568 0.972845 0.155362 0.947266 0.748047
hands.bmp
  20 16.803745 -0.482314 -0.587789 0.132942 -0.816620 0.561657 0.539063 0.730469
  20 16.777496 -0.344041 -0.237944 0.166646 -0.963115 0.211278 0.539063 0.789063
  20 16.733707 -0.307422 -0.188530 -0.492725 -0.515265 0.701231 0.548828 0.796875
hands.bmp
  20 16.733707 -0.307422 -0.188530 -0.492725 -0.515265 0.701231 0.548828 0.796875
  20 16.777496 -0.344041 -0.237944 0.166646 -0.963115 0.211278 0.539063 0.789063
  20 17.137024 -0.335391 -0.172653 0.406725 -0.546639 0.731957 0.480469 0.796875
hands.bmp
  20 16.777496 -0.344041 -0.237944 0.166646 -0.963115 0.211278 0.539063 0.789063
  20 17.068787 -0.350863 -0.223681 -0.242679 -0.950475 0.194174 0.490234 0.789063
  20 17.137024 -0.335391 -0.172653 0.406725 -0.546639 0.731957 0.480469 0.796875
hands.bmp
  20 17.137024 -0.335391 -0.172653 0.406725 -0.546639 0.731957 0.480469 0.796875
  20 17.068787 -0.350863 -0.223681 -0.242679 -0.950475 0.194174 0.490234 0.789063
  20 17.129799 -0.536510 -0.633088 0.429732 -0.897140 -0.102330 0.480469 0.722656
hands.bmp
  20 17.068787 -0.350863 -0.223681 -0.242679 -0.950475 0.194174 0.490234 0.789063
  20 17.076839 -0.510655 -0.583823 -0.223099 -0.803766 0.551531 0.490234 0.730469
  20 17.129799 -0.536510 -0.633088 0.429732 -0.897140 -0.102330 0.480469 0.722656
hands.bmp
  20 17.129799 -0.536510 -0.633088 0.429732 -0.897140 -0.102330 0.480469 0.722656
  20 17.076839 -0.510655 -0.583823 -0.223099 -0.803766 0.551531 0.490234 0.730469
  20 16.794655 -0.483027 -0.647930 -0.480878 -0.866311 -0.135135 0.548828 0.722656
hands.bmp
  20 17.076839 -0.510655 -0.583823 -0.223099 -0.803766 0.551531 0.490234 0.730469
  20 16.803745 -0.482314 -0.587789 0.132942 -0.816620 0.561657 0.539063 0.730469
  20 16.794655 -0.483027 -0.647930 -0.480878 -0.866311 -0.135135 0.548828 0.722656
hands.bmp
  20 16.794655 -0.483027 -0.647930 -0.480878 -0.866311 -0.135135 0.548828 0.722656
  20 16.803745 -0.482314 -0.587789 0.132942 -0.816620 0.561657 0.539063 0.730469
  20 16.733707 -0.307422 -0.188530 -0.492725 -0.515265 0.701231 0.548828 0.796875
hands.bmp
  40 -39.108616 -0.446261 -0.698505 0.692760 -0.249575 -0.676606 0.552734 0.718750
  40 -39.083611 -0.227668 -0.188513 0.719568 0.297512 0.627462 0.552734 0.802734
  40 -39.089985 -0.307412 -0.188530 0.492731 -0.515244 0.701241 0.548828 0.796875
hands.bmp
  40 -39.108616 -0.446261 -0.698505 0.692760 -0.249575 -0.676606 0.552734 0.718750
  40 -39.089985 -0.307412 -0.188530 0.492731 -0.515244 0.701241 0.548828 0.796875
  40 -39.150936 -0.483018 -0.647930 0.480879 -0.866311 -0.135135 0.548828 0.722656
hands.bmp
  20 16.419243 -0.392741 -0.173258 0.086342 -0.833313 0.546017 0.244141 0.941406
  20 16.781174 -0.253446 -0.297771 -0.516921 -0.749433 0.413695 0.238281 0.890625
  20 16.785675 0.007674 0.022691 -0.481128 -0.632436 0.607076 0.279297 0.890625
hands.bmp
  20 16.419243 -0.392741 -0.173258 0.086342 -0.833313 0.546017 0.244141 0.941406
  20 16.785675 0.007674 0.022691 -0.481128 -0.632436 0.607076 0.279297 0.890625
  20 16.452496 -0.109254 0.117654 0.072301 -0.676455 0.732926 0.281250 0.941406
hands.bmp
  40 -39.522697 -0.483403 -0.682482 -0.720715 -0.288426 -0.630381 0.476563 0.718750
  40 -39.486076 -0.536500 -0.633088 -0.429708 -0.897150 -0.102336 0.480469 0.722656
  40 -39.493305 -0.335382 -0.172653 -0.406730 -0.546643 0.731951 0.480469 0.796875
hands.bmp
  40 -39.522697 -0.483403 -0.682482 -0.720715 -0.288426 -0.630381 0.476563 0.718750
  40 -39.493305 -0.335382 -0.172653 -0.406730 -0.546643 0.731951 0.480469 0.796875
  40 -39.504475 -0.224139 -0.172335 -0.692249 0.240837 0.680285 0.476563 0.802734
hands.bmp
  20 17.166416 -0.483413 -0.682482 0.720724 -0.288373 -0.630395 0.476563 0.718750
  20 17.129799 -0.536510 -0.633088 0.429732 -0.897140 -0.102330 0.480469 0.722656
  20 16.752335 -0.446271 -0.698505 -0.692747 -0.249603 -0.676609 0.552734 0.718750
hands.bmp
  20 17.129799 -0.536510 -0.633088 0.429732 -0.897140 -0.102330 0.480469 0.722656
  20 16.794655 -0.483027 -0.647930 -0.480878 -0.866311 -0.135135 0.548828 0.722656
  20 16.752335 -0.446271 -0.698505 -0.692747 -0.249603 -0.676609 0.552734 0.718750
hands.bmp
  21 -26.298939 1.875621 0.254579 -0.064302 0.916062 0.395849 0.427734 0.677734
  21 -22.484577 1.741089 0.780562 -0.032691 0.902540 0.429363 0.421875 0.808594
  21 -22.381718 1.854420 -0.061267 0.039977 0.995451 -0.086478 0.376953 0.808594
hands.bmp
  21 -26.298939 1.875621 0.254579 -0.064302 0.916062 0.395849 0.427734 0.677734
  21 -22.381718 1.854420 -0.061267 0.039977 0.995451 -0.086478 0.376953 0.808594
  21 -26.206081 1.989002 -0.587159 0.001857 0.992763 -0.120076 0.376953 0.677734
hands.bmp
  30 -45.413227 1.098404 -1.008800 0.022443 0.559100 -0.828797 0.894531 0.748047
  30 -45.329300 1.203295 -0.845849 0.060184 0.963398 -0.261232 0.919922 0.751953
  29 -44.943069 1.217747 -0.846868 0.039469 0.967259 -0.250704 0.919922 0.812500
hands.bmp
  30 -45.413227 1.098404 -1.008800 0.022443 0.559100 -0.828797 0.894531 0.748047
  29 -44.943069 1.217747 -0.846868 0.039469 0.967259 -0.250704 0.919922 0.812500
  29 -44.963829 1.073597 -1.022906 0.006895 0.543125 -0.839623 0.892578 0.812500
hands.bmp
  30 -45.739632 1.154985 -0.996157 -0.390023 0.480262 -0.785640 0.892578 0.695313
  30 -45.764595 1.284616 -0.844587 -0.606998 0.766199 -0.210934 0.923828 0.681641
  30 -45.329300 1.203295 -0.845849 0.060184 0.963398 -0.261232 0.919922 0.751953
hands.bmp
  30 -45.739632 1.154985 -0.996157 -0.390023 0.480262 -0.785640 0.892578 0.695313
  30 -45.329300 1.203295 -0.845849 0.060184 0.963398 -0.261232 0.919922 0.751953
  30 -45.413227 1.098404 -1.008800 0.022443 0.559100 -0.828797 0.894531 0.748047
hands.bmp
  10 23.383354 1.154974 -0.996157 0.389970 0.480262 -0.785667 0.892578 0.695313
  10 23.408318 1.284605 -0.844587 0.606991 0.766204 -0.210936 0.923828 0.681641
  10 23.401512 1.235960 -0.830894 0.963658 0.262849 -0.047688 0.921875 0.671875
hands.bmp
  10 23.408318 1.284605 -0.844587 0.606991 0.766204 -0.210936 0.923828 0.681641
  10 23.327099 1.235224 -0.709808 0.294752 0.805192 0.514575 0.955078 0.689453
  10 23.401512 1.235960 -0.830894 0.963658 0.262849 -0.047688 0.921875 0.671875
hands.bmp
  24 -42.111725 1.274688 -0.255481 -0.033316 0.994359 -0.100699 0.726563 0.117188
  31 -43.256351 1.246173 0.037276 -0.596188 0.797214 -0.094921 0.619141 0.091797
  31 -43.209053 1.200017 0.175957 -0.402415 0.751831 0.522314 0.626953 0.070313
hands.bmp
  24 -42.111725 1.274688 -0.255481 -0.033316 0.994359 -0.100699 0.726563 0.117188
  31 -43.209053 1.200017 0.175957 -0.402415 0.751831 0.522314 0.626953 0.070313
  24 -42.055965 1.194558 0.046958 0.024416 0.848827 0.528107 0.734375 0.089844
hands.bmp
  9 22.607552 1.073586 -1.022906 -0.006895 0.543124 -0.839624 0.892578 0.812500
  10 23.056950 1.098392 -1.008800 -0.022443 0.559097 -0.828798 0.894531 0.748047
  9 22.632133 0.871349 -1.077654 0.072467 -0.270864 -0.959886 0.876953 0.824219
hands.bmp
  9 22.632133 0.871349 -1.077654 0.072467 -0.270864 -0.959886 0.876953 0.824219
  10 23.056950 1.098392 -1.008800 -0.022443 0.559097 -0.828798 0.894531 0.748047
  10 23.314503 1.017315 -1.022790 0.313988 -0.208388 -0.926275 0.880859 0.691406
hands.bmp
  10 23.056950 1.098392 -1.008800 -0.022443 0.559097 -0.828798 0.894531 0.748047
  10 23.383354 1.154974 -0.996157 0.389970 0.480262 -0.785667 0.892578 0.695313
  10 23.314503 1.017315 -1.022790 0.313988 -0.208388 -0.926275 0.880859 0.691406
hands.bmp
  10 23.314503 1.017315 -1.022790 0.313988 -0.208388 -0.926275 0.880859 0.691406
  10 23.383354 1.154974 -0.996157 0.389970 0.480262 -0.785667 0.892578 0.695313
  10 23.468933 1.061264 -0.943302 0.864728 -0.068420 -0.497558 0.896484 0.667969
hands.bmp
  7 22.705051 0.619701 -2.181614 0.262161 -0.948452 0.178073 0.921875 0.416016
  7 22.843147 0.726353 -2.150718 0.621710 -0.376027 0.687081 0.902344 0.394531
  7 22.235847 0.658686 -2.031508 0.245123 -0.621193 0.744335 0.906250 0.519531
hands.bmp
  5 19.898346 0.848908 -1.301526 0.632390 0.659703 -0.406047 0.703125 0.216797
  5 21.020309 0.829506 -1.576886 0.703349 0.283578 0.651831 0.609375 0.234375
  5 20.944572 1.048957 -1.800728 0.441469 0.884523 0.150748 0.613281 0.251953
hands.bmp
  5 19.898346 0.848908 -1.301526 0.632390 0.659703 -0.406047 0.703125 0.216797
  5 20.944572 1.048957 -1.800728 0.441469 0.884523 0.150748 0.613281 0.251953
  4 19.839096 0.943662 -1.354085 0.247406 0.963280 -0.104317 0.718750 0.224609
hands.bmp
  7 22.235847 0.658686 -2.031508 0.245123 -0.621193 0.744335 0.906250 0.519531
  6 22.182152 0.829895 -1.953821 0.221408 0.291765 0.930512 0.882813 0.531250
  6 22.070786 0.647617 -1.966958 0.267998 -0.593344 0.759025 0.902344 0.542969
hands.bmp
  10 23.353889 0.895454 -0.735044 0.825369 -0.529712 0.195374 0.923828 0.386719
  10 23.281273 0.853281 -0.862513 0.515108 -0.754114 -0.407402 0.939453 0.396484
  10 23.468933 1.061264 -0.943302 0.864728 -0.068420 -0.497558 0.947266 0.371094
hands.bmp
  10 23.353889 0.895454 -0.735044 0.825369 -0.529712 0.195374 0.923828 0.386719
  10 23.468933 1.061264 -0.943302 0.864728 -0.068420 -0.497558 0.947266 0.371094
  10 23.498787 1.127880 -0.794066 0.973783 0.227042 0.014076 0.923828 0.367188
hands.bmp
  20 16.393707 -0.505052 -0.553830 -0.729706 0.142093 -0.668834 0.593750 0.730469
  20 16.404434 -0.323691 -0.223385 -0.890660 0.361066 -0.276328 0.603516 0.750000
  20 16.677898 -0.201489 -0.379222 -0.601326 0.649638 -0.465163 0.609375 0.740234
hands.bmp
  20 16.393707 -0.505052 -0.553830 -0.729706 0.142093 -0.668834 0.593750 0.730469
  20 16.677898 -0.201489 -0.379222 -0.601326 0.649638 -0.465163 0.609375 0.740234
  20 16.695625 -0.360511 -0.719220 -0.842465 0.532168 -0.083965 0.599609 0.720703
hands.bmp
  39 -41.279327 -0.284390 2.520702 0.020475 -0.999420 0.027202 0.666016 0.916016
  39 -41.086258 -0.153981 2.587160 0.758340 -0.624723 0.186125 0.697266 0.917969
  39 -41.192726 -0.176145 2.930924 0.490065 -0.671517 0.555789 0.695313 0.875000
hands.bmp
  39 -41.279327 -0.284390 2.520702 0.020475 -0.999420 0.027202 0.666016 0.916016
  39 -41.192726 -0.176145 2.930924 0.490065 -0.671517 0.555789 0.695313 0.875000
  39 -41.383301 -0.184915 2.933007 -0.360186 -0.729361 0.581635 0.679688 0.863281
hands.bmp
  22 -30.866230 1.749470 -1.095431 0.028945 0.996596 -0.077188 0.376953 0.474609
  22 -30.845005 1.456551 -2.025618 -0.130476 0.794303 -0.593346 0.333984 0.474609
  22 -33.657040 1.459608 -2.052808 -0.049157 0.714911 -0.697486 0.326172 0.341797
hands.bmp
  22 -30.866230 1.749470 -1.095431 0.028945 0.996596 -0.077188 0.376953 0.474609
  22 -33.657040 1.459608 -2.052808 -0.049157 0.714911 -0.697486 0.326172 0.341797
  22 -33.648808 1.892265 -1.163911 -0.032258 0.987808 -0.152299 0.373047 0.339844
hands.bmp
  35 -42.953735 0.439927 -2.784267 -0.145887 0.970365 0.192636 0.949219 0.962891
  35 -43.683018 0.480391 -3.115794 -0.190400 0.913772 0.358843 0.947266 0.816406
  35 -43.660770 0.355305 -2.993901 -0.420153 0.350769 0.836919 0.970703 0.828125
hands.bmp
  35 -42.953735 0.439927 -2.784267 -0.145887 0.970365 0.192636 0.949219 0.962891
  35 -43.660770 0.355305 -2.993901 -0.420153 0.350769 0.836919 0.970703 0.828125
  35 -42.982983 0.296176 -2.599928 -0.480995 0.348281 0.804577 0.976563 0.972656
hands.bmp
  15 21.304485 0.355293 -2.993901 0.420152 0.350766 0.836920 0.970703 0.828125
  16 21.829929 0.363363 -3.262484 0.541610 0.396876 0.741046 0.966797 0.707031
  15 21.326733 0.480379 -3.115794 0.190395 0.913774 0.358840 0.947266 0.816406
hands.bmp
  15 21.326733 0.480379 -3.115794 0.190395 0.913774 0.358840 0.947266 0.816406
  16 21.829929 0.363363 -3.262484 0.541610 0.396876 0.741046 0.966797 0.707031
  16 21.611000 0.432474 -3.272274 0.171563 0.972846 0.155363 0.947266 0.748047
hands.bmp
  16 21.829929 0.363363 -3.262484 0.541610 0.396876 0.741046 0.966797 0.707031
  16 21.831192 0.442183 -3.347255 0.411079 0.884924 0.218914 0.955078 0.689453
  16 21.611000 0.432474 -3.272274 0.171563 0.972846 0.155363 0.947266 0.748047
hands.bmp
  14 20.402851 -0.049741 -2.730395 0.404159 -0.823522 -0.398080 0.511719 0.433594
  14 20.342716 0.169677 -2.971307 0.187278 -0.436351 -0.880071 0.509766 0.400391
  14 20.408512 0.185802 -2.904141 0.745036 -0.317100 -0.586829 0.505859 0.400391
hands.bmp
  14 20.402851 -0.049741 -2.730395 0.404159 -0.823522 -0.398080 0.511719 0.433594
  14 20.408512 0.185802 -2.904141 0.745036 -0.317100 -0.586829 0.505859 0.400391
  14 20.436283 0.006675 -2.730524 0.837542 -0.354419 -0.415826 0.505859 0.431641
hands.bmp
  39 -41.156231 -0.016810 3.004281 0.677827 0.033820 0.734443 0.722656 0.863281
  39 -41.044392 -0.002200 2.640166 0.899529 0.058875 0.432876 0.720703 0.917969
  39 -41.131565 0.198869 2.616241 0.672229 0.672080 0.310511 0.740234 0.914063
hands.bmp
  39 -41.156231 -0.016810 3.004281 0.677827 0.033820 0.734443 0.722656 0.863281
  39 -41.131565 0.198869 2.616241 0.672229 0.672080 0.310511 0.740234 0.914063
  39 -41.238029 0.176703 2.960005 0.320405 0.650472 0.688641 0.740234 0.871094
hands.bmp
  19 18.775288 0.198859 2.616241 -0.672227 0.672082 0.310511 0.740234 0.914063
  19 18.648735 -0.005935 2.578234 -0.908327 0.022718 0.417643 0.720703 0.925781
  19 18.688110 -0.002210 2.640166 -0.899528 0.058883 0.432876 0.720703 0.917969
hands.bmp
  12 20.953167 0.949546 0.368183 -0.080259 0.309384 0.947544 0.886719 0.628906
  12 20.946838 0.691777 0.333319 -0.122893 -0.663972 0.737590 0.906250 0.634766
  12 21.794899 0.754559 0.472402 -0.030220 -0.666043 0.745301 0.902344 0.542969
hands.bmp
  12 20.953167 0.949546 0.368183 -0.080259 0.309384 0.947544 0.886719 0.628906
  12 21.794899 0.754559 0.472402 -0.030220 -0.666043 0.745301 0.902344 0.542969
  12 21.890068 1.045549 0.555274 -0.196228 0.233009 0.952471 0.882813 0.531250
hands.bmp
  6 22.070786 0.647617 -1.966958 0.267998 -0.593344 0.759025 0.902344 0.542969
  6 21.098251 0.577017 -1.740690 0.224074 -0.683902 0.694311 0.906250 0.634766
  6 21.080883 0.503391 -1.949681 -0.056660 -0.975509 -0.212534 0.941406 0.634766
hands.bmp
  6 22.070786 0.647617 -1.966958 0.267998 -0.593344 0.759025 0.902344 0.542969
  6 21.080883 0.503391 -1.949681 -0.056660 -0.975509 -0.212534 0.941406 0.634766
  6 22.048950 0.570070 -2.152187 0.057907 -0.972496 -0.225607 0.941406 0.535156
hands.bmp
  7 22.817238 0.810539 -2.461430 0.126063 -0.288603 -0.949113 0.880859 0.691406
  7 22.827225 0.930628 -2.448070 0.168655 0.466563 -0.868260 0.892578 0.695313
  7 22.939476 0.856363 -2.418334 0.722890 -0.096042 -0.684256 0.896484 0.667969
hands.bmp
  7 22.827225 0.930628 -2.448070 0.168655 0.466563 -0.868260 0.892578 0.695313
  7 22.888405 1.027407 -2.353251 0.439960 0.825565 -0.353381 0.923828 0.681641
  7 22.910709 0.999325 -2.349523 0.811342 0.539441 -0.225231 0.921875 0.671875
hands.bmp
  7 22.910709 0.999325 -2.349523 0.811342 0.539441 -0.225231 0.921875 0.671875
  7 22.888405 1.027407 -2.353251 0.439960 0.825565 -0.353381 0.923828 0.681641
  7 22.844582 1.004192 -2.239056 0.262745 0.906494 0.330505 0.955078 0.689453
hands.bmp
  4 18.508144 1.178546 -0.256319 -0.080651 0.985181 0.151372 0.839844 0.121094
  17 18.451508 0.953954 0.546296 -0.096763 0.927724 0.360506 0.847656 0.048828
  17 18.846207 0.913892 0.583818 0.270798 0.818129 0.507280 0.814453 0.042969
hands.bmp
  4 18.508144 1.178546 -0.256319 -0.080651 0.985181 0.151372 0.839844 0.121094
  17 18.846207 0.913892 0.583818 0.270798 0.818129 0.507280 0.814453 0.042969
  4 19.089386 1.157107 0.080583 -0.032497 0.932306 0.360207 0.789063 0.089844
hands.bmp
  2 8.509952 1.749464 -1.095431 -0.028944 0.996596 -0.077190 0.376953 0.474609
  1 7.896724 1.724155 -1.178098 0.052974 0.996701 -0.061484 0.376953 0.503906
  1 7.979758 1.630506 -0.366597 0.062265 0.917056 0.393868 0.429688 0.505859
hands.bmp
  2 8.509952 1.749464 -1.095431 -0.028944 0.996596 -0.077190 0.376953 0.474609
  1 7.979758 1.630506 -0.366597 0.062265 0.917056 0.393868 0.429688 0.505859
  2 8.517184 1.641891 -0.304562 -0.067482 0.882971 0.464552 0.427734 0.476563
hands.bmp
  4 19.897663 1.058238 -1.186624 0.237859 0.722146 -0.649560 0.712891 0.208984
  4 19.186481 1.231311 -1.167403 0.042870 0.978783 -0.200366 0.773438 0.201172
  4 19.907661 1.154965 -1.037144 0.095482 0.955230 -0.280034 0.708984 0.187500
hands.bmp
  4 19.907661 1.154965 -1.037144 0.095482 0.955230 -0.280034 0.708984 0.187500
  4 19.186481 1.231311 -1.167403 0.042870 0.978783 -0.200366 0.773438 0.201172
  4 19.797474 1.184365 -0.779863 0.178361 0.948072 0.263337 0.720703 0.162109
hands.bmp
  38 -40.413574 0.085929 1.278053 0.832842 -0.018656 0.553197 0.591797 0.884766
  38 -40.677544 0.124764 1.707253 0.857748 0.199933 0.473598 0.560547 0.931641
  38 -40.710560 0.029153 1.746858 0.860344 -0.279578 0.426197 0.568359 0.931641
hands.bmp
  38 -40.413574 0.085929 1.278053 0.832842 -0.018656 0.553197 0.591797 0.884766
  38 -40.710560 0.029153 1.746858 0.860344 -0.279578 0.426197 0.568359 0.931641
  38 -40.412308 0.057672 1.263916 0.821067 -0.087157 0.564139 0.597656 0.886719
hands.bmp
  4 19.174656 1.222762 -0.487412 -0.021641 0.999588 0.018843 0.777344 0.140625
  4 19.755444 1.274678 -0.255481 0.033316 0.994359 -0.100699 0.726563 0.117188
  4 19.673058 1.135547 -0.573372 0.288277 0.955262 -0.066113 0.732422 0.144531
hands.bmp
  40 -39.141956 0.007684 0.022691 0.481148 -0.632387 0.607111 0.279297 0.890625
  40 -39.137455 -0.253436 -0.297771 0.516907 -0.749464 0.413656 0.238281 0.890625
  40 -38.775520 -0.392732 -0.173258 -0.086516 -0.833630 0.545505 0.244141 0.941406
hands.bmp
  40 -39.141956 0.007684 0.022691 0.481148 -0.632387 0.607111 0.279297 0.890625
  40 -38.775520 -0.392732 -0.173258 -0.086516 -0.833630 0.545505 0.244141 0.941406
  40 -38.808773 -0.109244 0.117654 -0.072297 -0.676454 0.732928 0.281250 0.941406
hands.bmp
  40 -38.796986 0.130540 0.297833 -0.029316 -0.436860 0.899052 0.302734 0.941406
  40 -39.075581 0.182921 0.171977 0.540599 -0.408838 0.735258 0.298828 0.890625
  40 -39.141956 0.007684 0.022691 0.481148 -0.632387 0.607111 0.279297 0.890625
hands.bmp
  40 -38.796986 0.130540 0.297833 -0.029316 -0.436860 0.899052 0.302734 0.941406
  40 -39.141956 0.007684 0.022691 0.481148 -0.632387 0.607111 0.279297 0.890625
  40 -38.808773 -0.109244 0.117654 -0.072297 -0.676454 0.732928 0.281250 0.941406
hands.bmp
  40 -38.683659 0.402360 0.386558 0.004769 -0.019603 0.999797 0.328125 0.941406
  40 -39.066204 0.412890 0.242166 0.572405 0.025807 0.819565 0.322266 0.890625
  40 -39.075581 0.182921 0.171977 0.540599 -0.408838 0.735258 0.298828 0.890625
hands.bmp
  40 -38.683659 0.402360 0.386558 0.004769 -0.019603 0.999797 0.328125 0.941406
  40 -39.075581 0.182921 0.171977 0.540599 -0.408838 0.735258 0.298828 0.890625
  40 -38.796986 0.130540 0.297833 -0.029316 -0.436860 0.899052 0.302734 0.941406
hands.bmp
  40 -38.683659 0.402360 0.386558 0.004769 -0.019603 0.999797 0.328125 0.941406
  40 -38.698364 0.604182 0.337047 0.019645 0.385917 0.922324 0.343750 0.939453
  40 -39.049561 0.632276 0.182219 0.571509 0.363214 0.735835 0.335938 0.890625
hands.bmp
  40 -38.683659 0.402360 0.386558 0.004769 -0.019603 0.999797 0.328125 0.941406
  40 -39.049561 0.632276 0.182219 0.571509 0.363214 0.735835 0.335938 0.890625
  40 -39.066204 0.412890 0.242166 0.572405 0.025807 0.819565 0.322266 0.890625
hands.bmp
  20 16.709923 0.412881 0.242166 -0.572403 0.025814 0.819566 0.322266 0.890625
  20 16.703022 0.622996 0.252357 -0.623517 0.331483 0.708058 0.339844 0.882813
  20 16.693283 0.632266 0.182219 -0.571536 0.363220 0.735811 0.335938 0.890625
hands.bmp
  7 22.939476 0.856363 -2.418334 0.722890 -0.096042 -0.684256 0.896484 0.667969
  7 22.827225 0.930628 -2.448070 0.168655 0.466563 -0.868260 0.892578 0.695313
  7 22.910709 0.999325 -2.349523 0.811342 0.539441 -0.225231 0.921875 0.671875
hands.bmp
  7 22.939476 0.856363 -2.418334 0.722890 -0.096042 -0.684256 0.896484 0.667969
  7 22.910709 0.999325 -2.349523 0.811342 0.539441 -0.225231 0.921875 0.671875
  7 22.979530 0.895971 -2.332735 0.974775 0.116063 -0.190636 0.923828 0.662109
hands.bmp
  4 17.440395 -0.355992 -0.348587 -0.057784 -0.927157 0.370190 0.833984 0.541016
  4 18.041088 -0.335439 -0.367294 0.142521 -0.989594 -0.019784 0.785156 0.562500
  17 17.499073 -0.050603 0.196676 -0.494148 -0.760928 0.420484 0.847656 0.587891
hands.bmp
  17 17.499073 -0.050603 0.196676 -0.494148 -0.760928 0.420484 0.847656 0.587891
  4 18.041088 -0.335439 -0.367294 0.142521 -0.989594 -0.019784 0.785156 0.562500
  17 18.279491 -0.449206 0.297989 0.003411 -0.999343 -0.036084 0.791016 0.621094
hands.bmp
  4 18.041088 -0.335439 -0.367294 0.142521 -0.989594 -0.019784 0.785156 0.562500
  4 18.963879 0.094577 -0.177459 0.510019 -0.858931 -0.046023 0.710938 0.607422
  17 18.279491 -0.449206 0.297989 0.003411 -0.999343 -0.036084 0.791016 0.621094
hands.bmp
  24 -41.037842 0.012887 -0.907817 -0.394841 -0.889609 0.229556 0.710938 0.529297
  24 -41.320160 0.094586 -0.177459 -0.510023 -0.858929 -0.046021 0.710938 0.607422
  24 -41.994892 0.394635 -0.462254 -0.296548 -0.939938 0.169043 0.644531 0.607422
hands.bmp
  24 -41.037842 0.012887 -0.907817 -0.394841 -0.889609 0.229556 0.710938 0.529297
  24 -41.994892 0.394635 -0.462254 -0.296548 -0.939938 0.169043 0.644531 0.607422
  24 -42.050049 0.271640 -1.028584 -0.280965 -0.929370 0.239438 0.623047 0.552734
hands.bmp
  4 18.963879 0.094577 -0.177459 0.510019 -0.858931 -0.046023 0.710938 0.607422
  17 19.112614 0.265843 0.564847 0.903545 -0.385142 0.187807 0.718750 0.671875
  17 18.976620 -0.069877 0.650865 0.742887 -0.661645 -0.101709 0.738281 0.673828
hands.bmp
  26 -43.324280 0.576922 -1.699605 -0.946856 -0.320765 0.023961 0.490234 0.546875
  25 -43.312786 0.529201 -1.638854 -0.642170 -0.542056 0.542027 0.496094 0.550781
  25 -43.376587 0.829517 -1.576886 -0.703350 0.283595 0.651823 0.498047 0.574219
hands.bmp
  26 -43.324280 0.576922 -1.699605 -0.946856 -0.320765 0.023961 0.490234 0.546875
  25 -43.376587 0.829517 -1.576886 -0.703350 0.283595 0.651823 0.498047 0.574219
  26 -43.397705 0.798109 -1.625545 -0.990274 0.046479 0.131140 0.492188 0.572266
hands.bmp
  5 21.020309 0.829506 -1.576886 0.703349 0.283578 0.651831 0.498047 0.574219
  5 20.284870 0.409146 -1.509630 0.468256 -0.611093 0.638201 0.562500 0.533203
  5 20.956501 0.529191 -1.638854 0.642144 -0.542070 0.542043 0.496094 0.550781
hands.bmp
  5 20.956501 0.529191 -1.638854 0.642144 -0.542070 0.542043 0.496094 0.550781
  5 20.284870 0.409146 -1.509630 0.468256 -0.611093 0.638201 0.562500 0.533203
  5 20.903591 0.444474 -1.911295 0.632613 -0.725004 -0.272342 0.488281 0.519531
hands.bmp
  5 20.284870 0.409146 -1.509630 0.468256 -0.611093 0.638201 0.562500 0.533203
  5 20.043182 0.234534 -1.699104 0.365395 -0.886284 -0.284583 0.568359 0.507813
  5 20.903591 0.444474 -1.911295 0.632613 -0.725004 -0.272342 0.488281 0.519531
hands.bmp
  31 -43.209053 1.200017 0.175957 -0.402415 0.751831 0.522314 0.626953 0.070313
  31 -43.236122 1.150125 0.167143 -0.832888 0.324547 0.448293 0.621094 0.068359
  31 -43.188141 0.940988 0.375373 -0.683473 0.118357 0.720317 0.628906 0.050781
hands.bmp
  31 -43.209053 1.200017 0.175957 -0.402415 0.751831 0.522314 0.626953 0.070313
  31 -43.188141 0.940988 0.375373 -0.683473 0.118357 0.720317 0.628906 0.050781
  31 -43.149330 0.952529 0.406356 -0.258405 0.231846 0.937803 0.636719 0.050781
hands.bmp
  38 -40.933025 0.707805 1.134369 -0.092417 0.922672 0.374347 0.505859 0.873047
  38 -41.036674 0.583749 1.634735 -0.054289 0.959797 0.275396 0.498047 0.923828
  38 -40.815990 0.382861 1.667019 0.607955 0.666984 0.430724 0.535156 0.927734
hands.bmp
  38 -40.933025 0.707805 1.134369 -0.092417 0.922672 0.374347 0.505859 0.873047
  38 -40.815990 0.382861 1.667019 0.607955 0.666984 0.430724 0.535156 0.927734
  38 -40.560261 0.538396 1.230541 0.541750 0.661734 0.518281 0.554688 0.880859
hands.bmp
  38 -40.677544 0.124764 1.707253 0.857748 0.199933 0.473598 0.560547 0.931641
  38 -40.407238 0.166236 1.217137 0.773039 0.233971 0.589635 0.583984 0.880859
  38 -40.560261 0.538396 1.230541 0.541750 0.661734 0.518281 0.554688 0.880859
hands.bmp
  38 -40.677544 0.124764 1.707253 0.857748 0.199933 0.473598 0.560547 0.931641
  38 -40.560261 0.538396 1.230541 0.541750 0.661734 0.518281 0.554688 0.880859
  38 -40.815990 0.382861 1.667019 0.607955 0.666984 0.430724 0.535156 0.927734
hands.bmp
  13 22.620667 0.852015 0.548369 0.719435 -0.624432 0.304136 0.923828 0.386719
  13 22.538246 0.876158 0.629757 0.253092 -0.441636 0.860756 0.902344 0.394531
  13 22.434448 0.731953 0.518271 0.162655 -0.961267 0.222506 0.921875 0.416016
hands.bmp
  13 22.620667 0.852015 0.548369 0.719435 -0.624432 0.304136 0.923828 0.386719
  13 22.434448 0.731953 0.518271 0.162655 -0.961267 0.222506 0.921875 0.416016
  13 22.575409 0.805273 0.450049 0.560570 -0.747163 -0.357083 0.939453 0.396484
hands.bmp
  40 -39.368420 1.089185 -0.102503 -0.589953 0.688489 0.421828 0.451172 0.087891
  40 -39.058056 1.074410 -0.067071 0.603720 0.657377 0.450974 0.490234 0.078125
  40 -39.056309 1.234941 -0.816955 0.623914 0.779243 -0.059259 0.503906 0.158203
hands.bmp
  40 -39.368420 1.089185 -0.102503 -0.589953 0.688489 0.421828 0.451172 0.087891
  40 -39.056309 1.234941 -0.816955 0.623914 0.779243 -0.059259 0.503906 0.158203
  40 -39.399761 1.212230 -0.851954 -0.651008 0.758258 -0.035123 0.460938 0.169922
hands.bmp
  30 -45.739632 1.154985 -0.996157 -0.390023 0.480262 -0.785640 0.892578 0.695313
  30 -45.825211 1.061275 -0.943302 -0.864733 -0.068414 -0.497550 0.896484 0.667969
  30 -45.855064 1.127892 -0.794066 -0.973788 0.227023 0.014059 0.923828 0.662109
hands.bmp
  30 -45.739632 1.154985 -0.996157 -0.390023 0.480262 -0.785640 0.892578 0.695313
  30 -45.855064 1.127892 -0.794066 -0.973788 0.227023 0.014059 0.923828 0.662109
  30 -45.757790 1.235971 -0.830894 -0.963662 0.262834 -0.047687 0.921875 0.671875
hands.bmp
  40 -39.101295 0.616786 -1.877267 0.604603 0.411846 -0.681791 0.519531 0.275391
  40 -39.461708 0.625516 -1.871969 -0.632128 0.448863 -0.631614 0.476563 0.281250
  40 -39.443249 1.015178 -1.371646 -0.619777 0.685890 -0.381356 0.470703 0.234375
hands.bmp
  40 -39.101295 0.616786 -1.877267 0.604603 0.411846 -0.681791 0.519531 0.275391
  40 -39.443249 1.015178 -1.371646 -0.619777 0.685890 -0.381356 0.470703 0.234375
  40 -39.091358 1.027194 -1.386791 0.564077 0.720654 -0.403082 0.513672 0.228516
hands.bmp
  40 -39.115837 -0.034087 -2.057976 0.567034 -0.062748 -0.821301 0.525391 0.322266
  40 -39.442951 0.022153 -2.093105 -0.616376 0.029383 -0.786904 0.482422 0.337891
  40 -39.461708 0.625516 -1.871969 -0.632128 0.448863 -0.631614 0.476563 0.281250
hands.bmp
  40 -39.115837 -0.034087 -2.057976 0.567034 -0.062748 -0.821301 0.525391 0.322266
  40 -39.461708 0.625516 -1.871969 -0.632128 0.448863 -0.631614 0.476563 0.281250
  40 -39.101295 0.616786 -1.877267 0.604603 0.411846 -0.681791 0.519531 0.275391
hands.bmp
  39 -41.515518 -0.012185 2.701309 -0.979170 0.037761 0.199502 0.812500 0.884766
  39 -41.422253 0.188769 2.671009 -0.768584 0.617577 0.166963 0.787109 0.900391
  39 -41.391106 0.252437 2.139617 -0.744741 0.665257 0.052858 0.812500 0.964844
hands.bmp
  39 -41.515518 -0.012185 2.701309 -0.979170 0.037761 0.199502 0.812500 0.884766
  39 -41.391106 0.252437 2.139617 -0.744741 0.665257 0.052858 0.812500 0.964844
  39 -41.483757 0.027492 2.124927 -0.994537 -0.067338 -0.079766 0.835938 0.949219
hands.bmp
  20 16.286224 1.111403 0.016897 -0.055536 0.818146 0.572322 0.544922 0.064453
  20 16.698471 0.993886 -0.087232 -0.603768 0.657308 0.451011 0.494141 0.078125
  20 16.723946 1.186683 -0.816671 -0.623966 0.779199 -0.059294 0.507813 0.158203
hands.bmp
  20 16.286224 1.111403 0.016897 -0.055536 0.818146 0.572322 0.544922 0.064453
  20 16.723946 1.186683 -0.816671 -0.623966 0.779199 -0.059294 0.507813 0.158203
  20 16.275036 1.281232 -0.823124 -0.106588 0.994027 -0.023442 0.558594 0.152344
hands.bmp
  23 -37.271099 -0.302926 -1.851176 -0.102407 -0.651861 -0.751392 0.222656 0.126953
  23 -37.273422 -0.043277 -1.971910 -0.132303 -0.269722 -0.953806 0.240234 0.128906
  23 -35.462177 0.327105 -2.356500 -0.136194 0.132712 -0.981753 0.267578 0.234375
hands.bmp
  23 -37.271099 -0.302926 -1.851176 -0.102407 -0.651861 -0.751392 0.222656 0.126953
  23 -35.462177 0.327105 -2.356500 -0.136194 0.132712 -0.981753 0.267578 0.234375
  23 -35.400433 -0.302711 -2.196430 -0.118051 -0.551323 -0.825898 0.236328 0.236328
hands.bmp
  40 -39.356243 0.997931 -0.142813 -0.737964 0.585699 0.335211 0.974609 0.117188
  24 -39.907661 1.048715 -0.201939 0.163188 0.931636 0.324689 0.925781 0.121094
  37 -39.799744 0.552922 0.269318 0.459382 0.511384 0.726261 0.951172 0.076172
hands.bmp
  40 -39.356243 0.997931 -0.142813 -0.737964 0.585699 0.335211 0.974609 0.117188
  37 -39.799744 0.552922 0.269318 0.459382 0.511384 0.726261 0.951172 0.076172
  40 -39.424511 0.592017 0.147658 -0.588941 0.397692 0.703555 0.982422 0.091797
hands.bmp
  12 20.953167 0.949546 0.368183 -0.080259 0.309384 0.947544 0.976563 0.972656
  12 20.952412 1.129189 0.193174 -0.099446 0.867890 0.486701 0.949219 0.962891
  11 20.879845 1.150115 0.167143 0.006164 0.883515 0.468362 0.949219 0.980469
hands.bmp
  12 20.953167 0.949546 0.368183 -0.080259 0.309384 0.947544 0.976563 0.972656
  11 20.879845 1.150115 0.167143 0.006164 0.883515 0.468362 0.949219 0.980469
  11 20.831863 0.940978 0.375373 0.033537 0.247672 0.968263 0.976563 0.986328
hands.bmp
  22 -33.514763 -0.491961 -2.341490 -0.042050 -0.580280 -0.813331 0.228516 0.341797
  22 -33.605976 0.437904 -2.531572 -0.062446 0.132719 -0.989185 0.279297 0.341797
  22 -30.844582 0.544970 -2.543225 -0.049914 0.132186 -0.989968 0.277344 0.472656
hands.bmp
  22 -33.514763 -0.491961 -2.341490 -0.042050 -0.580280 -0.813331 0.228516 0.341797
  22 -30.844582 0.544970 -2.543225 -0.049914 0.132186 -0.989968 0.277344 0.472656
  22 -30.841984 -0.474294 -2.290248 0.089617 -0.600956 -0.794242 0.226563 0.472656
hands.bmp
  2 8.515508 0.043840 0.350289 -0.010916 -0.283828 0.958813 0.058594 0.472656
  2 8.455729 -0.748146 -0.209430 0.037219 -0.814209 0.579378 0.107422 0.472656
  2 11.090777 -0.806208 -0.331699 0.037750 -0.847216 0.529906 0.121094 0.339844
hands.bmp
  2 8.515508 0.043840 0.350289 -0.010916 -0.283828 0.958813 0.058594 0.472656
  2 11.090777 -0.806208 -0.331699 0.037750 -0.847216 0.529906 0.121094 0.339844
  2 11.265910 0.086751 0.371189 0.023467 -0.313449 0.949315 0.068359 0.328125
hands.bmp
  20 16.286224 1.111403 0.016897 -0.055536 0.818146 0.572322 0.544922 0.064453
  20 16.342083 0.604173 0.337047 -0.019652 0.385935 0.922317 0.537109 0.021484
  20 16.693283 0.632266 0.182219 -0.571536 0.363220 0.735811 0.488281 0.039063
hands.bmp
  20 16.286224 1.111403 0.016897 -0.055536 0.818146 0.572322 0.544922 0.064453
  20 16.693283 0.632266 0.182219 -0.571536 0.363220 0.735811 0.488281 0.039063
  20 16.698471 0.993886 -0.087232 -0.603768 0.657308 0.451011 0.494141 0.078125
hands.bmp
  3 13.105897 0.327097 -2.356500 0.136190 0.132710 -0.981754 0.267578 0.234375
  3 14.994971 0.477058 -1.981124 0.179005 0.319612 -0.930487 0.271484 0.128906
  3 14.917144 -0.043284 -1.971910 0.131989 -0.269747 -0.953843 0.240234 0.128906
hands.bmp
  15 20.491768 0.053908 -2.778824 -0.034682 -0.959485 -0.279618 0.941406 0.634766
  14 20.436283 0.006675 -2.730524 -0.024118 -0.968359 -0.248393 0.941406 0.646484
  14 20.408512 0.185802 -2.904141 -0.389517 -0.544290 -0.742984 0.972656 0.640625
hands.bmp
  34 -42.871941 0.059184 -2.612447 -0.590245 -0.687041 0.423776 0.904297 0.646484
  35 -42.918606 0.106271 -2.656431 -0.526311 -0.614496 0.587701 0.906250 0.634766
  35 -42.848045 0.053918 -2.778824 0.034675 -0.959476 -0.279649 0.941406 0.634766
hands.bmp
  34 -42.871941 0.059184 -2.612447 -0.590245 -0.687041 0.423776 0.904297 0.646484
  35 -42.848045 0.053918 -2.778824 0.034675 -0.959476 -0.279649 0.941406 0.634766
  34 -42.792561 0.006684 -2.730524 0.024087 -0.968352 -0.248425 0.941406 0.646484
hands.bmp
  35 -43.580067 0.110477 -3.128615 -0.023457 -0.973187 -0.228816 0.941406 0.535156
  35 -43.556053 0.247513 -3.301660 0.346142 -0.303467 -0.887747 0.968750 0.525391
  35 -42.825092 0.181376 -2.949201 0.378478 -0.475327 -0.794241 0.970703 0.628906
hands.bmp
  35 -43.580067 0.110477 -3.128615 -0.023457 -0.973187 -0.228816 0.941406 0.535156
  35 -42.825092 0.181376 -2.949201 0.378478 -0.475327 -0.794241 0.970703 0.628906
  35 -42.848045 0.053918 -2.778824 0.034675 -0.959476 -0.279649 0.941406 0.634766
hands.bmp
  15 20.491768 0.053908 -2.778824 -0.034682 -0.959485 -0.279618 0.941406 0.634766
  14 20.408512 0.185802 -2.904141 -0.389517 -0.544290 -0.742984 0.972656 0.640625
  15 20.468811 0.181367 -2.949201 -0.378485 -0.475320 -0.794241 0.970703 0.628906
hands.bmp
  26 -44.499466 1.051680 -2.219149 0.045466 0.943967 -0.326892 0.919922 0.812500
  26 -44.442986 0.905243 -2.342300 0.173445 0.407599 -0.896538 0.892578 0.812500
  27 -44.893776 0.878977 -2.418273 0.135060 0.429521 -0.892900 0.894531 0.748047
hands.bmp
  26 -44.499466 1.051680 -2.219149 0.045466 0.943967 -0.326892 0.919922 0.812500
  27 -44.893776 0.878977 -2.418273 0.135060 0.429521 -0.892900 0.894531 0.748047
  27 -44.897717 0.988504 -2.260512 0.006718 0.933569 -0.358335 0.919922 0.751953
hands.bmp
  7 22.537498 0.878965 -2.418273 -0.135061 0.429524 -0.892898 0.894531 0.748047
  6 22.040787 0.701782 -2.342412 -0.145710 -0.347802 -0.926176 0.876953 0.824219
  6 22.086708 0.905231 -2.342300 -0.173446 0.407599 -0.896538 0.892578 0.812500
hands.bmp
  7 22.537498 0.878965 -2.418273 -0.135061 0.429524 -0.892898 0.894531 0.748047
  7 22.817238 0.810539 -2.461430 0.126063 -0.288603 -0.949113 0.880859 0.691406
  6 22.040787 0.701782 -2.342412 -0.145710 -0.347802 -0.926176 0.876953 0.824219
hands.bmp
  7 22.537498 0.878965 -2.418273 -0.135061 0.429524 -0.892898 0.894531 0.748047
  7 22.827225 0.930628 -2.448070 0.168655 0.466563 -0.868260 0.892578 0.695313
  7 22.817238 0.810539 -2.461430 0.126063 -0.288603 -0.949113 0.880859 0.691406
hands.bmp
  5 20.982601 1.005195 -1.827908 0.357805 0.905345 0.228748 0.949219 0.980469
  6 21.092148 0.962830 -1.850740 0.256510 0.900468 0.351226 0.949219 0.962891
  6 21.082241 0.988237 -1.974661 -0.040220 0.924152 -0.379902 0.917969 0.962891
hands.bmp
  5 20.982601 1.005195 -1.827908 0.357805 0.905345 0.228748 0.949219 0.980469
  6 21.082241 0.988237 -1.974661 -0.040220 0.924152 -0.379902 0.917969 0.962891
  5 20.967285 0.994069 -1.971231 0.019062 0.914197 -0.404821 0.917969 0.980469
hands.bmp
  15 20.468811 0.181367 -2.949201 -0.378485 -0.475320 -0.794241 0.970703 0.628906
  15 21.199768 0.247501 -3.301660 -0.346144 -0.303468 -0.887745 0.968750 0.525391
  15 21.223782 0.110466 -3.128615 0.023456 -0.973188 -0.228814 0.941406 0.535156
hands.bmp
  15 20.468811 0.181367 -2.949201 -0.378485 -0.475320 -0.794241 0.970703 0.628906
  15 21.223782 0.110466 -3.128615 0.023456 -0.973188 -0.228814 0.941406 0.535156
  15 20.491768 0.053908 -2.778824 -0.034682 -0.959485 -0.279618 0.941406 0.634766
hands.bmp
  20 17.012520 -0.565932 -0.684854 0.815362 0.512346 -0.269604 0.830078 0.361328
  20 17.004681 -0.486323 -0.584848 0.837164 0.465527 -0.287126 0.830078 0.382813
  20 16.978470 -0.538583 -0.565302 0.869224 -0.360461 0.338404 0.841797 0.382813
hands.bmp
  20 17.012520 -0.565932 -0.684854 0.815362 0.512346 -0.269604 0.830078 0.361328
  20 16.978470 -0.538583 -0.565302 0.869224 -0.360461 0.338404 0.841797 0.382813
  20 17.004646 -0.596662 -0.665010 0.887932 -0.360997 0.285058 0.841797 0.361328
hands.bmp
  38 -41.464996 -0.107100 1.930322 -0.739367 -0.533598 0.410622 0.830078 0.687500
  38 -41.356861 -0.127320 1.570186 -0.679221 -0.720597 -0.139280 0.830078 0.724609
  38 -41.026436 -0.265662 1.678280 0.119659 -0.990335 0.070128 0.783203 0.724609
hands.bmp
  38 -41.464996 -0.107100 1.930322 -0.739367 -0.533598 0.410622 0.830078 0.687500
  38 -41.026436 -0.265662 1.678280 0.119659 -0.990335 0.070128 0.783203 0.724609
  38 -41.122803 -0.269860 2.059983 -0.115491 -0.681122 0.723004 0.783203 0.685547
hands.bmp
  21 -30.225830 -0.955858 -1.148800 -0.017647 -0.987460 -0.156877 0.171875 0.496094
  21 -30.122868 -0.384223 -2.223988 0.093540 -0.608775 -0.787809 0.232422 0.501953
  21 -29.252048 -0.417672 -2.121736 0.048364 -0.607315 -0.792987 0.228516 0.537109
hands.bmp
  21 -30.225830 -0.955858 -1.148800 -0.017647 -0.987460 -0.156877 0.171875 0.496094
  21 -29.252048 -0.417672 -2.121736 0.048364 -0.607315 -0.792987 0.228516 0.537109
  21 -29.475864 -1.148787 -1.054275 -0.086093 -0.980686 -0.175622 0.173828 0.529297
hands.bmp
  5 20.114498 0.416203 -1.203815 0.890547 -0.453448 -0.036208 0.580078 0.560547
  8 20.240055 0.399508 -0.889947 0.262545 -0.941945 -0.209308 0.578125 0.583984
  4 19.693771 0.271630 -1.028584 0.280964 -0.929370 0.239437 0.623047 0.552734
hands.bmp
  6 21.139553 0.778526 -1.674434 0.347895 0.264015 0.899592 0.886719 0.628906
  5 21.041428 0.798098 -1.625545 0.470712 0.296717 0.830897 0.880859 0.644531
  5 20.968002 0.576913 -1.699605 0.233596 -0.650452 0.722734 0.904297 0.646484
hands.bmp
  6 21.139553 0.778526 -1.674434 0.347895 0.264015 0.899592 0.886719 0.628906
  5 20.968002 0.576913 -1.699605 0.233596 -0.650452 0.722734 0.904297 0.646484
  6 21.098251 0.577017 -1.740690 0.224074 -0.683902 0.694311 0.906250 0.634766
hands.bmp
  28 -43.613571 0.619959 -0.655995 -0.491459 -0.630517 0.600763 0.515625 0.640625
  28 -43.658859 0.679308 -0.681020 -0.842568 -0.341534 0.416454 0.509766 0.640625
  28 -43.602066 0.601992 -0.891250 -0.936593 -0.349066 0.030777 0.500000 0.615234
hands.bmp
  28 -43.613571 0.619959 -0.655995 -0.491459 -0.630517 0.600763 0.515625 0.640625
  28 -43.602066 0.601992 -0.891250 -0.936593 -0.349066 0.030777 0.500000 0.615234
  28 -43.568916 0.532490 -0.904299 -0.531296 -0.828148 -0.178592 0.503906 0.611328
hands.bmp
  40 -39.321922 -0.389131 -0.505277 0.033985 0.627188 -0.778126 0.818359 0.406250
  40 -39.312458 -0.399924 -0.485428 0.891703 0.231990 -0.388647 0.808594 0.406250
  40 -39.319496 -0.469563 -0.585433 0.889088 0.331653 -0.315481 0.808594 0.382813
hands.bmp
  40 -39.321922 -0.389131 -0.505277 0.033985 0.627188 -0.778126 0.818359 0.406250
  40 -39.319496 -0.469563 -0.585433 0.889088 0.331653 -0.315481 0.808594 0.382813
  40 -39.329613 -0.468753 -0.595284 0.048870 0.795618 -0.603824 0.818359 0.382813
hands.bmp
  31 -42.240944 0.592296 0.244879 -0.078982 -0.684647 0.724583 0.644531 0.673828
  31 -43.126904 0.689992 0.337286 -0.216093 -0.591711 0.776648 0.576172 0.708984
  31 -43.201859 0.577491 0.047070 -0.404285 -0.900901 -0.157894 0.554688 0.681641
hands.bmp
  31 -42.240944 0.592296 0.244879 -0.078982 -0.684647 0.724583 0.644531 0.673828
  31 -43.201859 0.577491 0.047070 -0.404285 -0.900901 -0.157894 0.554688 0.681641
  31 -42.483822 0.522393 -0.031573 -0.271600 -0.942794 -0.193322 0.615234 0.648438
hands.bmp
  11 20.845581 0.577481 0.047070 0.404280 -0.900904 -0.157894 0.554688 0.681641
  11 20.904995 0.616603 0.087565 0.697153 -0.709276 0.104426 0.552734 0.685547
  11 20.770626 0.689982 0.337286 0.216090 -0.591719 0.776643 0.576172 0.708984
hands.bmp
  11 20.770626 0.689982 0.337286 0.216090 -0.591719 0.776643 0.576172 0.708984
  11 20.904995 0.616603 0.087565 0.697153 -0.709276 0.104426 0.552734 0.685547
  11 20.806324 0.727952 0.300087 0.533124 -0.530922 0.658711 0.570313 0.708984
hands.bmp
  4 17.434780 0.983869 -1.429947 -0.179562 0.866671 -0.465445 0.933594 0.238281
  4 17.460953 1.116225 -0.914585 -0.066835 0.995627 -0.065263 0.929688 0.185547
  4 17.773945 1.045337 -1.483719 -0.143243 0.907394 -0.395117 0.902344 0.242188
hands.bmp
  40 -39.415154 1.143235 -0.841823 -0.766478 0.641501 0.031440 0.968750 0.179688
  40 -39.387932 0.950564 -1.352545 -0.633834 0.697980 -0.333284 0.964844 0.230469
  24 -39.791061 0.983878 -1.429947 0.179562 0.866670 -0.465446 0.933594 0.238281
hands.bmp
  40 -39.415154 1.143235 -0.841823 -0.766478 0.641501 0.031440 0.968750 0.179688
  24 -39.791061 0.983878 -1.429947 0.179562 0.866670 -0.465446 0.933594 0.238281
  24 -39.817230 1.116235 -0.914585 0.066837 0.995627 -0.065263 0.929688 0.185547
hands.bmp
  3 13.167926 1.503819 -0.237142 0.121936 0.867101 0.482978 0.412109 0.228516
  2 11.328521 1.794941 -0.332206 0.029531 0.890564 0.453898 0.423828 0.335938
  2 11.311996 1.046917 0.349766 0.013892 0.371570 0.928301 0.470488 0.334827
hands.bmp
  3 13.167926 1.503819 -0.237142 0.121936 0.867101 0.482978 0.412109 0.228516
  2 11.311996 1.046917 0.349766 0.013892 0.371570 0.928301 0.470488 0.334827
  3 13.184112 0.865618 0.335428 0.058558 0.312600 0.948078 0.454863 0.227406
hands.bmp
  9 21.471764 0.978613 -1.070554 -0.048868 0.499937 -0.864682 0.892578 0.964844
  8 21.377655 0.958292 -1.070284 -0.075271 0.447735 -0.890992 0.890625 0.984375
  8 21.379951 1.092199 -0.900393 -0.173056 0.929742 -0.325011 0.917969 0.980469
hands.bmp
  9 21.471764 0.978613 -1.070554 -0.048868 0.499937 -0.864682 0.892578 0.964844
  8 21.379951 1.092199 -0.900393 -0.173056 0.929742 -0.325011 0.917969 0.980469
  9 21.452034 1.113226 -0.891695 -0.136643 0.946670 -0.291795 0.917969 0.962891
hands.bmp
  20 16.758175 -0.024184 -2.017978 -0.575559 -0.028936 -0.817248 0.025391 0.888672
  20 16.785225 -0.242730 -1.987880 -0.529034 -0.469098 -0.707157 0.039063 0.882813
  20 16.821468 -0.199714 -1.957287 -0.557887 -0.447326 -0.699043 0.042969 0.888672
hands.bmp
  40 -39.188290 -0.359403 -1.807337 0.518501 -0.668031 -0.533752 0.060547 0.888672
  40 -39.142876 -0.413184 -1.838081 0.518517 -0.668065 -0.533695 0.058594 0.882813
  40 -39.141506 -0.242721 -1.987880 0.529040 -0.469012 -0.707208 0.039063 0.882813
hands.bmp
  40 -39.188290 -0.359403 -1.807337 0.518501 -0.668031 -0.533752 0.060547 0.888672
  40 -39.141506 -0.242721 -1.987880 0.529040 -0.469012 -0.707208 0.039063 0.882813
  40 -39.177746 -0.199704 -1.957287 0.557894 -0.447225 -0.699102 0.042969 0.888672
hands.bmp
  20 16.832012 -0.359412 -1.807337 -0.518504 -0.668030 -0.533750 0.060547 0.888672
  20 16.786598 -0.413194 -1.838081 -0.518524 -0.668053 -0.533702 0.058594 0.882813
  20 16.814457 -0.551463 -1.617840 -0.565681 -0.774717 -0.282521 0.082031 0.884766
hands.bmp
  20 16.789520 -0.413209 -0.677912 -0.694025 -0.708568 0.127518 0.197266 0.892578
  20 16.384163 -0.596053 -0.774119 -0.742460 -0.409303 0.530306 0.187500 0.947266
  20 16.473724 -0.588901 -0.762794 -0.022981 -0.775226 0.631265 0.181641 0.945313
hands.bmp
  20 16.789520 -0.413209 -0.677912 -0.694025 -0.708568 0.127518 0.197266 0.892578
  20 16.411030 -0.553777 -0.783667 -0.746256 0.475951 0.465373 0.195313 0.943359
  20 16.384163 -0.596053 -0.774119 -0.742460 -0.409303 0.530306 0.187500 0.947266
hands.bmp
  20 16.789520 -0.413209 -0.677912 -0.694025 -0.708568 0.127518 0.197266 0.892578
  20 16.695625 -0.360511 -0.719220 -0.842465 0.532168 -0.083965 0.197266 0.914063
  20 16.411030 -0.553777 -0.783667 -0.746256 0.475951 0.465373 0.195313 0.943359
hands.bmp
  13 22.605461 1.190006 0.589973 0.192940 0.770001 0.608172 0.955078 0.689453
  13 22.671680 1.097515 0.615663 0.610797 0.130963 0.780881 0.955078 0.673828
  13 22.741619 1.174372 0.540823 0.901449 0.367166 0.229301 0.921875 0.671875
hands.bmp
  13 22.605461 1.190006 0.589973 0.192940 0.770001 0.608172 0.955078 0.689453
  13 22.741619 1.174372 0.540823 0.901449 0.367166 0.229301 0.921875 0.671875
  13 22.689888 1.208611 0.524968 0.658150 0.752826 -0.009564 0.923828 0.681641
hands.bmp
  40 -38.792747 -0.541757 -0.533251 0.027064 -0.974314 -0.223563 0.205078 0.941406
  40 -38.775520 -0.392732 -0.173258 -0.086516 -0.833630 0.545505 0.244141 0.941406
  40 -39.137455 -0.253436 -0.297771 0.516907 -0.749464 0.413656 0.238281 0.890625
hands.bmp
  40 -38.792747 -0.541757 -0.533251 0.027064 -0.974314 -0.223563 0.205078 0.941406
  40 -39.137455 -0.253436 -0.297771 0.516907 -0.749464 0.413656 0.238281 0.890625
  40 -39.145798 -0.413199 -0.677912 0.694006 -0.708587 0.127515 0.197266 0.892578
hands.bmp
  20 16.742779 0.365331 0.312590 -0.633587 -0.013738 0.773549 0.326172 0.884766
  20 16.703022 0.622996 0.252357 -0.623517 0.331483 0.708058 0.339844 0.882813
  20 16.709923 0.412881 0.242166 -0.572403 0.025814 0.819566 0.322266 0.890625
hands.bmp
  40 -39.345551 0.555591 0.256461 -0.656611 0.326158 0.680061 0.339844 0.837891
  40 -39.408043 0.390029 0.317156 -0.600901 0.008736 0.799276 0.326172 0.837891
  40 -39.099060 0.365340 0.312590 0.634328 -0.015193 0.772915 0.326172 0.884766
hands.bmp
  40 -39.345551 0.555591 0.256461 -0.656611 0.326158 0.680061 0.339844 0.837891
  40 -39.099060 0.365340 0.312590 0.634328 -0.015193 0.772915 0.326172 0.884766
  40 -39.059303 0.623006 0.252357 0.623501 0.331479 0.708074 0.339844 0.882813
hands.bmp
  40 -39.075581 0.182921 0.171977 0.540599 -0.408838 0.735258 0.298828 0.890625
  40 -39.066204 0.412890 0.242166 0.572405 0.025807 0.819565 0.322266 0.890625
  40 -39.099060 0.365340 0.312590 0.634328 -0.015193 0.772915 0.326172 0.884766
hands.bmp
  40 -39.075581 0.182921 0.171977 0.540599 -0.408838 0.735258 0.298828 0.890625
  40 -39.099060 0.365340 0.312590 0.634328 -0.015193 0.772915 0.326172 0.884766
  40 -39.145416 0.178458 0.223000 0.640709 -0.380695 0.666756 0.302734 0.884766
hands.bmp
  16 21.856411 0.167082 -3.360830 0.724611 -0.678187 -0.122480 0.923828 0.386719
  16 21.844425 0.193911 -3.271183 0.723615 -0.369315 0.583085 0.902344 0.394531
  16 21.668415 0.135759 -3.259459 0.250117 -0.923436 0.291046 0.921875 0.416016
hands.bmp
  16 21.668415 0.135759 -3.259459 0.250117 -0.923436 0.291046 0.921875 0.416016
  16 21.844425 0.193911 -3.271183 0.723615 -0.369315 0.583085 0.902344 0.394531
  16 21.383938 0.198631 -3.073129 0.417014 -0.538293 0.732352 0.906250 0.519531
hands.bmp
  28 -43.673668 0.777971 -1.167484 -0.635971 -0.246958 -0.731131 0.490234 0.589844
  28 -42.254623 0.848918 -1.301526 -0.632383 0.659708 -0.406051 0.564453 0.556641
  28 -42.596333 0.399518 -0.889947 -0.262547 -0.941944 -0.209308 0.578125 0.583984
hands.bmp
  28 -43.673668 0.777971 -1.167484 -0.635971 -0.246958 -0.731131 0.490234 0.589844
  28 -42.596333 0.399518 -0.889947 -0.262547 -0.941944 -0.209308 0.578125 0.583984
  28 -43.568916 0.532490 -0.904299 -0.531296 -0.828148 -0.178592 0.503906 0.611328
hands.bmp
  16 21.383938 0.198631 -3.073129 0.417014 -0.538293 0.732352 0.906250 0.519531
  15 21.304485 0.355293 -2.993901 0.420152 0.350766 0.836920 0.882813 0.531250
  15 21.284256 0.172598 -3.004589 0.483376 -0.546137 0.684165 0.902344 0.542969
hands.bmp
  30 -45.825211 1.061275 -0.943302 -0.864733 -0.068414 -0.497550 0.947266 0.371094
  30 -45.637550 0.853292 -0.862513 -0.515132 -0.754106 -0.407385 0.939453 0.396484
  30 -45.710167 0.895466 -0.735044 -0.825370 -0.529711 0.195375 0.923828 0.386719
hands.bmp
  30 -45.825211 1.061275 -0.943302 -0.864733 -0.068414 -0.497550 0.947266 0.371094
  30 -45.710167 0.895466 -0.735044 -0.825370 -0.529711 0.195375 0.923828 0.386719
  30 -45.855064 1.127892 -0.794066 -0.973788 0.227023 0.014059 0.923828 0.367188
hands.bmp
  10 23.468933 1.061264 -0.943302 0.864728 -0.068420 -0.497558 0.947266 0.371094
  10 23.281273 0.853281 -0.862513 0.515108 -0.754114 -0.407402 0.939453 0.396484
  10 23.314503 1.017315 -1.022790 0.313988 -0.208388 -0.926275 0.960938 0.392578
hands.bmp
  10 23.244080 1.105417 -0.635259 0.121232 0.302288 0.945476 0.966797 0.707031
  9 22.530540 1.159554 -0.739397 -0.051759 0.858539 0.510130 0.947266 0.816406
  9 22.549400 0.969135 -0.610221 0.004278 0.234860 0.972020 0.970703 0.828125
hands.bmp
  28 -43.746143 0.887342 -0.569196 -0.022159 0.292335 0.956059 0.976563 0.972656
  28 -43.760960 1.065737 -0.786809 0.079075 0.934317 0.347562 0.949219 0.962891
  29 -44.886818 1.159565 -0.739397 0.051759 0.858539 0.510129 0.947266 0.816406
hands.bmp
  28 -43.746143 0.887342 -0.569196 -0.022159 0.292335 0.956059 0.976563 0.972656
  29 -44.886818 1.159565 -0.739397 0.051759 0.858539 0.510129 0.947266 0.816406
  29 -44.905678 0.969147 -0.610221 -0.004282 0.234861 0.972019 0.970703 0.828125
hands.bmp
  20 16.296036 -0.271783 -1.995095 -0.839130 -0.299948 -0.453753 0.687500 0.812500
  20 16.322670 -0.239572 -1.934653 -0.876780 0.136123 0.461224 0.685547 0.808594
  20 16.332596 0.022063 -1.984151 -0.881205 -0.070097 0.467509 0.669922 0.816406
hands.bmp
  20 16.296036 -0.271783 -1.995095 -0.839130 -0.299948 -0.453753 0.687500 0.812500
  20 16.332596 0.022063 -1.984151 -0.881205 -0.070097 0.467509 0.669922 0.816406
  20 16.279392 -0.052398 -2.055042 -0.857930 -0.050470 -0.511281 0.671875 0.822266
hands.bmp
  31 -43.334602 0.872739 -0.161275 -0.385832 -0.335639 -0.859348 0.972656 0.640625
  31 -43.261272 0.616612 0.087565 -0.048700 -0.985239 -0.164108 0.941406 0.646484
  32 -43.365608 0.585834 0.101440 -0.110605 -0.961343 -0.252164 0.941406 0.634766
hands.bmp
  31 -43.334602 0.872739 -0.161275 -0.385832 -0.335639 -0.859348 0.972656 0.640625
  32 -43.365608 0.585834 0.101440 -0.110605 -0.961343 -0.252164 0.941406 0.634766
  32 -43.438042 0.874979 -0.130618 -0.302448 -0.207757 -0.930249 0.970703 0.628906
hands.bmp
  9 22.586792 1.217735 -0.846868 -0.039469 0.967259 -0.250704 0.919922 0.812500
  10 22.973022 1.203283 -0.845849 -0.060184 0.963398 -0.261234 0.919922 0.751953
  10 23.056950 1.098392 -1.008800 -0.022443 0.559097 -0.828798 0.894531 0.748047
hands.bmp
  9 22.586792 1.217735 -0.846868 -0.039469 0.967259 -0.250704 0.919922 0.812500
  10 23.056950 1.098392 -1.008800 -0.022443 0.559097 -0.828798 0.894531 0.748047
  9 22.607552 1.073586 -1.022906 -0.006895 0.543124 -0.839624 0.892578 0.812500
hands.bmp
  12 21.846092 0.682568 0.275434 0.199802 -0.948926 -0.244171 0.941406 0.535156
  12 21.999161 0.984131 0.091780 0.302472 -0.207747 -0.930243 0.968750 0.525391
  13 22.030334 0.721840 0.301262 0.210128 -0.915997 -0.341755 0.939453 0.511719
hands.bmp
  33 -44.931686 0.805285 0.450049 -0.560565 -0.747165 -0.357087 0.939453 0.396484
  33 -45.019718 1.008484 0.324110 -0.500869 -0.234321 -0.833201 0.960938 0.392578
  32 -44.355438 0.984142 0.091780 -0.302478 -0.207745 -0.930241 0.968750 0.525391
hands.bmp
  33 -44.931686 0.805285 0.450049 -0.560565 -0.747165 -0.357087 0.939453 0.396484
  32 -44.355438 0.984142 0.091780 -0.302478 -0.207745 -0.930241 0.968750 0.525391
  33 -44.386612 0.721851 0.301262 -0.210128 -0.915995 -0.341758 0.939453 0.511719
hands.bmp
  26 -43.295177 0.645576 -2.112085 0.136122 -0.369095 -0.919369 0.972656 0.640625
  26 -43.255360 0.507518 -1.908728 0.146652 -0.963733 -0.222960 0.941406 0.646484
  26 -43.437168 0.503403 -1.949681 0.056667 -0.975513 -0.212518 0.941406 0.634766
hands.bmp
  26 -43.295177 0.645576 -2.112085 0.136122 -0.369095 -0.919369 0.972656 0.640625
  26 -43.437168 0.503403 -1.949681 0.056667 -0.975513 -0.212518 0.941406 0.634766
  26 -43.370682 0.633523 -2.125888 0.147408 -0.391408 -0.908334 0.970703 0.628906
hands.bmp
  26 -44.405228 0.570082 -2.152187 -0.057892 -0.972485 -0.225659 0.941406 0.535156
  26 -44.397064 0.701794 -2.342412 0.145710 -0.347803 -0.926176 0.968750 0.525391
  26 -43.370682 0.633523 -2.125888 0.147408 -0.391408 -0.908334 0.970703 0.628906
hands.bmp
  26 -44.405228 0.570082 -2.152187 -0.057892 -0.972485 -0.225659 0.941406 0.535156
  26 -43.370682 0.633523 -2.125888 0.147408 -0.391408 -0.908334 0.970703 0.628906
  26 -43.437168 0.503403 -1.949681 0.056667 -0.975513 -0.212518 0.941406 0.634766
hands.bmp
  6 22.048950 0.570070 -2.152187 0.057907 -0.972496 -0.225607 0.941406 0.535156
  6 22.040787 0.701782 -2.342412 -0.145710 -0.347802 -0.926176 0.968750 0.525391
  7 22.178539 0.595490 -2.191576 0.041311 -0.952288 -0.302394 0.939453 0.511719
hands.bmp
  27 -45.180027 0.673862 -2.322959 -0.415134 -0.758101 -0.502939 0.939453 0.396484
  27 -45.173515 0.810551 -2.461430 -0.126074 -0.288599 -0.949113 0.960938 0.392578
  26 -44.397064 0.701794 -2.342412 0.145710 -0.347803 -0.926176 0.968750 0.525391
hands.bmp
  27 -45.180027 0.673862 -2.322959 -0.415134 -0.758101 -0.502939 0.939453 0.396484
  26 -44.397064 0.701794 -2.342412 0.145710 -0.347803 -0.926176 0.968750 0.525391
  27 -44.534817 0.595501 -2.191576 -0.041304 -0.952287 -0.302395 0.939453 0.511719
hands.bmp
  39 -41.279327 -0.284390 2.520702 0.020475 -0.999420 0.027202 0.666016 0.916016
  39 -41.432308 -0.142816 2.658733 -0.753497 -0.650950 0.092233 0.654297 0.898438
  39 -41.360752 -0.140105 2.111492 -0.655247 -0.728946 -0.198214 0.638672 0.970703
hands.bmp
  39 -41.279327 -0.284390 2.520702 0.020475 -0.999420 0.027202 0.666016 0.916016
  39 -41.360752 -0.140105 2.111492 -0.655247 -0.728946 -0.198214 0.638672 0.970703
  38 -41.145763 -0.211167 2.018415 0.188588 -0.980774 -0.050181 0.662109 0.988281
hands.bmp
  14 19.511745 -0.123712 -2.390605 0.025461 -0.950457 -0.309813 0.595703 0.433594
  14 19.827732 -0.049804 -2.150624 0.514154 -0.739383 0.434694 0.576172 0.470703
  4 19.450680 -0.069528 -1.618430 0.333744 -0.911187 0.241562 0.623047 0.496094
hands.bmp
  14 19.511745 -0.123712 -2.390605 0.025461 -0.950457 -0.309813 0.595703 0.433594
  4 19.450680 -0.069528 -1.618430 0.333744 -0.911187 0.241562 0.623047 0.496094
  4 19.123844 -0.189031 -2.152094 0.128077 -0.971456 -0.199674 0.636719 0.439453
hands.bmp
  38 -41.442535 -0.002032 1.962823 -0.872565 -0.488436 0.007809 0.597656 0.986328
  38 -41.319897 -0.131106 1.963022 -0.605357 -0.781054 -0.153291 0.617188 0.988281
  39 -41.360752 -0.140105 2.111492 -0.655247 -0.728946 -0.198214 0.638672 0.970703
hands.bmp
  38 -41.442535 -0.002032 1.962823 -0.872565 -0.488436 0.007809 0.597656 0.986328
  39 -41.360752 -0.140105 2.111492 -0.655247 -0.728946 -0.198214 0.638672 0.970703
  39 -41.483757 0.027492 2.124927 -0.994537 -0.067338 -0.079766 0.607422 0.960938
hands.bmp
  19 19.004471 -0.140115 2.111492 0.655244 -0.728949 -0.198216 0.638672 0.970703
  18 18.789486 -0.211177 2.018415 0.315602 -0.933738 -0.168904 0.662109 0.988281
  18 18.963615 -0.131116 1.963022 0.605360 -0.781050 -0.153295 0.617188 0.988281
hands.bmp
  33 -44.769020 1.080828 0.257651 -0.272715 0.483362 -0.831858 0.894531 0.748047
  33 -44.669491 1.223362 0.404549 -0.089032 0.978331 -0.186928 0.919922 0.751953
  32 -44.334629 1.241405 0.295946 -0.081262 0.958988 -0.271549 0.919922 0.812500
hands.bmp
  33 -44.769020 1.080828 0.257651 -0.272715 0.483362 -0.831858 0.894531 0.748047
  32 -44.334629 1.241405 0.295946 -0.081262 0.958988 -0.271549 0.919922 0.812500
  32 -44.369377 1.114424 0.152879 -0.207945 0.526766 -0.824182 0.892578 0.812500
hands.bmp
  24 -40.430069 -0.267287 -2.086042 0.132542 -0.727994 -0.672649 0.726563 0.408203
  24 -39.794472 -0.308759 -1.885553 0.157059 -0.760432 -0.630139 0.778401 0.431692
  24 -39.803680 -0.487159 -1.572042 0.097165 -0.962083 -0.254862 0.794922 0.433594
hands.bmp
  24 -40.430069 -0.267287 -2.086042 0.132542 -0.727994 -0.672649 0.726563 0.408203
  24 -39.803680 -0.487159 -1.572042 0.097165 -0.962083 -0.254862 0.794922 0.433594
  24 -40.338165 -0.499558 -1.657318 -0.024322 -0.985674 -0.166899 0.748047 0.445313
hands.bmp
  4 18.681561 0.012877 -0.907817 0.394841 -0.889609 0.229557 0.710938 0.529297
  4 17.979420 -0.365129 -0.883159 0.296556 -0.939942 0.169009 0.771484 0.507813
  4 18.497166 -0.263928 -1.252890 0.344512 -0.862458 0.370779 0.714844 0.496094
hands.bmp
  24 -40.338165 -0.499558 -1.657318 -0.024322 -0.985674 -0.166899 0.748047 0.445313
  24 -39.803680 -0.487159 -1.572042 0.097165 -0.962083 -0.254862 0.794922 0.433594
  24 -39.797340 -0.446765 -0.833105 -0.063279 -0.985560 0.157060 0.818359 0.500000
hands.bmp
  24 -40.338165 -0.499558 -1.657318 -0.024322 -0.985674 -0.166899 0.748047 0.445313
  24 -39.797340 -0.446765 -0.833105 -0.063279 -0.985560 0.157060 0.818359 0.500000
  24 -40.335701 -0.365119 -0.883159 -0.296557 -0.939941 0.169010 0.771484 0.507813
hands.bmp
  18 18.376740 0.034875 1.719243 -0.806656 -0.351873 0.474860 0.574219 0.931641
  18 18.354279 0.029143 1.746858 -0.860338 -0.279571 0.426214 0.568359 0.931641
  18 18.056030 0.057662 1.263916 -0.821502 -0.086837 0.563554 0.597656 0.886719
hands.bmp
  8 21.284134 1.110146 -0.775507 0.559920 0.785754 0.262831 0.583984 0.156250
  8 21.356712 1.128529 -0.912232 0.560091 0.788932 -0.252754 0.582031 0.177734
  4 19.907661 1.154965 -1.037144 0.095482 0.955230 -0.280034 0.708984 0.187500
hands.bmp
  8 21.284134 1.110146 -0.775507 0.559920 0.785754 0.262831 0.583984 0.156250
  4 19.907661 1.154965 -1.037144 0.095482 0.955230 -0.280034 0.708984 0.187500
  4 19.797474 1.184365 -0.779863 0.178361 0.948072 0.263337 0.720703 0.162109
hands.bmp
  18 18.057297 0.085919 1.278053 -0.832839 -0.018652 0.553201 0.591797 0.884766
  18 18.321266 0.124755 1.707253 -0.857740 0.199972 0.473596 0.560547 0.931641
  18 18.050957 0.166226 1.217137 -0.773036 0.233946 0.589649 0.583984 0.880859
hands.bmp
  38 -41.414845 0.222564 0.922250 -0.998441 -0.055160 0.008535 0.429688 0.873047
  38 -41.471481 0.159612 1.531044 -0.973642 0.221479 -0.054485 0.443359 0.919922
  38 -41.328056 0.390447 1.556430 -0.714581 0.693135 0.094538 0.470703 0.919922
hands.bmp
  38 -41.414845 0.222564 0.922250 -0.998441 -0.055160 0.008535 0.429688 0.873047
  38 -41.328056 0.390447 1.556430 -0.714581 0.693135 0.094538 0.470703 0.919922
  38 -41.355698 0.510537 1.002701 -0.780352 0.596184 0.188720 0.460938 0.865234
hands.bmp
  34 -42.722431 0.375545 -2.993056 -0.067820 0.387309 -0.919452 0.667969 0.371094
  24 -41.816818 0.372102 -2.634047 0.292035 0.490374 -0.821127 0.748047 0.341797
  34 -41.830574 0.130137 -2.630738 0.228820 -0.323970 -0.917978 0.753906 0.355469
hands.bmp
  34 -42.722431 0.375545 -2.993056 -0.067820 0.387309 -0.919452 0.667969 0.371094
  34 -41.830574 0.130137 -2.630738 0.228820 -0.323970 -0.917978 0.753906 0.355469
  34 -42.698997 0.169686 -2.971307 -0.187275 -0.436363 -0.880066 0.673828 0.384766
hands.bmp
  36 -44.285706 0.322388 -3.447743 -0.897150 0.040727 -0.439845 0.923828 0.367188
  36 -44.212696 0.167093 -3.360830 -0.724613 -0.678186 -0.122475 0.923828 0.386719
  36 -44.200710 0.193922 -3.271183 -0.723617 -0.369320 0.583080 0.902344 0.394531
hands.bmp
  36 -44.285706 0.322388 -3.447743 -0.897150 0.040727 -0.439845 0.923828 0.367188
  36 -44.200710 0.193922 -3.271183 -0.723617 -0.369320 0.583080 0.902344 0.394531
  36 -44.263630 0.369095 -3.359818 -0.919237 0.325646 0.221264 0.902344 0.375000
hands.bmp
  37 -41.468891 0.265853 0.564847 -0.903543 -0.385146 0.187810 0.763672 0.023438
  37 -41.471653 0.567578 0.580777 -0.701921 0.254461 0.665249 0.785156 0.035156
  31 -41.842659 0.873017 0.348126 -0.253190 0.424610 0.869253 0.763672 0.062500
hands.bmp
  37 -41.468891 0.265853 0.564847 -0.903543 -0.385146 0.187810 0.763672 0.023438
  31 -41.842659 0.873017 0.348126 -0.253190 0.424610 0.869253 0.763672 0.062500
  24 -41.899132 0.580644 0.323578 -0.408187 -0.502805 0.761952 0.742188 0.041016
hands.bmp
  34 -42.764793 0.185811 -2.904141 -0.745035 -0.317116 -0.586822 0.505859 0.400391
  34 -42.698997 0.169686 -2.971307 -0.187275 -0.436363 -0.880066 0.509766 0.400391
  34 -42.759132 -0.049731 -2.730395 -0.404165 -0.823521 -0.398074 0.511719 0.433594
hands.bmp
  34 -42.764793 0.185811 -2.904141 -0.745035 -0.317116 -0.586822 0.505859 0.400391
  34 -42.759132 -0.049731 -2.730395 -0.404165 -0.823521 -0.398074 0.511719 0.433594
  34 -42.792561 0.006684 -2.730524 -0.837552 -0.354409 -0.415813 0.505859 0.431641
hands.bmp
  20 16.785225 -0.242730 -1.987880 -0.529034 -0.469098 -0.707157 0.039063 0.882813
  20 17.132130 -0.184913 -2.012717 0.696834 -0.348562 -0.626839 0.031250 0.835938
  20 17.132412 -0.345435 -1.842916 0.747629 -0.485961 -0.452652 0.050781 0.835938
hands.bmp
  20 16.785225 -0.242730 -1.987880 -0.529034 -0.469098 -0.707157 0.039063 0.882813
  20 17.132412 -0.345435 -1.842916 0.747629 -0.485961 -0.452652 0.050781 0.835938
  20 16.786598 -0.413194 -1.838081 -0.518524 -0.668053 -0.533702 0.058594 0.882813
hands.bmp
  40 -39.342182 -0.277175 -0.444818 0.023133 0.492361 -0.870084 0.818359 0.429688
  40 -39.243813 -0.305102 -0.426297 0.922376 0.124341 -0.365735 0.875000 0.429688
  40 -39.284504 -0.432260 -0.455880 0.798787 -0.398473 0.450731 0.863281 0.406250
hands.bmp
  40 -39.342182 -0.277175 -0.444818 0.023133 0.492361 -0.870084 0.818359 0.429688
  40 -39.284504 -0.432260 -0.455880 0.798787 -0.398473 0.450731 0.863281 0.406250
  40 -39.312458 -0.399924 -0.485428 0.891703 0.231990 -0.388647 0.808594 0.406250
hands.bmp
  40 -38.711620 -0.628316 -1.364650 0.808415 -0.588532 0.009719 0.720703 0.767578
  40 -38.702129 -0.588895 -1.614762 0.796757 -0.589596 -0.132496 0.710938 0.785156
  40 -38.726669 -0.526752 -1.574313 0.895584 0.396044 0.202677 0.707031 0.783203
hands.bmp
  40 -38.711620 -0.628316 -1.364650 0.808415 -0.588532 0.009719 0.720703 0.767578
  40 -38.726669 -0.526752 -1.574313 0.895584 0.396044 0.202677 0.707031 0.783203
  40 -38.784401 -0.542254 -1.323460 0.879007 0.473324 0.057539 0.714844 0.767578
hands.bmp
  25 -43.312786 0.529201 -1.638854 -0.642170 -0.542056 0.542027 0.496094 0.550781
  26 -43.324280 0.576922 -1.699605 -0.946856 -0.320765 0.023961 0.490234 0.546875
  26 -43.255360 0.507518 -1.908728 -0.995067 -0.023422 -0.096396 0.484375 0.519531
hands.bmp
  25 -43.312786 0.529201 -1.638854 -0.642170 -0.542056 0.542027 0.496094 0.550781
  26 -43.255360 0.507518 -1.908728 -0.995067 -0.023422 -0.096396 0.484375 0.519531
  25 -43.259876 0.444484 -1.911295 -0.632566 -0.725040 -0.272355 0.488281 0.519531
hands.bmp
  18 18.605434 -0.075662 2.117719 -0.700698 -0.513335 0.495489 0.767578 0.683594
  18 18.766525 -0.269870 2.059983 0.115490 -0.681130 0.722997 0.783203 0.685547
  18 18.789486 -0.211177 2.018415 0.305676 0.422245 0.853388 0.767578 0.681641
hands.bmp
  18 18.789486 -0.211177 2.018415 0.305676 0.422245 0.853388 0.767578 0.681641
  18 18.766525 -0.269870 2.059983 0.115490 -0.681130 0.722997 0.783203 0.685547
  18 18.963615 -0.131116 1.963022 0.164075 0.279920 0.945899 0.783203 0.681641
hands.bmp
  18 18.766525 -0.269870 2.059983 0.115490 -0.681130 0.722997 0.783203 0.685547
  18 19.108719 -0.107110 1.930322 0.739368 -0.533594 0.410624 0.830078 0.687500
  18 18.963615 -0.131116 1.963022 0.164075 0.279920 0.945899 0.783203 0.681641
hands.bmp
  18 18.963615 -0.131116 1.963022 0.164075 0.279920 0.945899 0.783203 0.681641
  18 19.108719 -0.107110 1.930322 0.739368 -0.533594 0.410624 0.830078 0.687500
  18 19.086254 -0.002042 1.962823 0.543067 -0.136414 0.828535 0.830078 0.681641
hands.bmp
  18 19.108719 -0.107110 1.930322 0.739368 -0.533594 0.410624 0.830078 0.687500
  18 19.105274 0.110818 1.961882 0.443815 0.052287 0.894592 0.847656 0.681641
  18 19.086254 -0.002042 1.962823 0.543067 -0.136414 0.828535 0.830078 0.681641
hands.bmp
  28 -43.664742 1.068277 -0.782851 -0.951946 0.259608 0.162488 0.574219 0.156250
  28 -43.640411 1.110157 -0.775507 -0.559938 0.785731 0.262863 0.583984 0.156250
  28 -43.712990 1.128540 -0.912232 -0.560096 0.788930 -0.252751 0.582031 0.177734
hands.bmp
  28 -43.664742 1.068277 -0.782851 -0.951946 0.259608 0.162488 0.574219 0.156250
  28 -43.712990 1.128540 -0.912232 -0.560096 0.788930 -0.252751 0.582031 0.177734
  28 -43.736229 1.092211 -0.900393 -0.948013 0.307454 -0.082121 0.572266 0.177734
hands.bmp
  8 21.308464 1.068266 -0.782851 0.951943 0.259619 0.162486 0.574219 0.156250
  8 21.284134 1.110146 -0.775507 0.559920 0.785754 0.262831 0.583984 0.156250
  8 21.303406 0.951998 -0.572240 0.915614 -0.015160 0.401773 0.582031 0.132813
hands.bmp
  8 21.284134 1.110146 -0.775507 0.559920 0.785754 0.262831 0.583984 0.156250
  8 21.270279 0.965792 -0.515565 0.478820 0.321340 0.816990 0.587891 0.132813
  8 21.303406 0.951998 -0.572240 0.915614 -0.015160 0.401773 0.582031 0.132813
hands.bmp
  20 16.310127 0.370879 0.366259 -0.836818 -0.094192 0.539318 0.652344 0.781250
  20 16.389652 0.156564 0.217111 -0.902124 0.091669 -0.421627 0.632813 0.773438
  20 16.323784 0.091098 0.276062 -0.815685 -0.349673 0.460855 0.632813 0.777344
hands.bmp
  40 -38.719360 -0.116384 0.096331 0.816056 -0.446831 0.366599 0.617188 0.769531
  40 -38.757572 -0.083224 0.046932 0.911908 0.240708 -0.332389 0.619141 0.767578
  40 -38.745934 0.156573 0.217111 0.902117 0.091638 -0.421648 0.632813 0.773438
hands.bmp
  40 -38.719360 -0.116384 0.096331 0.816056 -0.446831 0.366599 0.617188 0.769531
  40 -38.745934 0.156573 0.217111 0.902117 0.091638 -0.421648 0.632813 0.773438
  40 -38.680061 0.091107 0.276062 0.815689 -0.349678 0.460844 0.632813 0.777344
hands.bmp
  22 -30.844582 0.544970 -2.543225 -0.049914 0.132186 -0.989968 0.277344 0.472656
  21 -30.052723 0.462265 -2.660836 0.082939 -0.068212 -0.994217 0.277344 0.503906
  21 -30.122868 -0.384223 -2.223988 0.093540 -0.608775 -0.787809 0.232422 0.501953
hands.bmp
  22 -30.844582 0.544970 -2.543225 -0.049914 0.132186 -0.989968 0.277344 0.472656
  21 -30.122868 -0.384223 -2.223988 0.093540 -0.608775 -0.787809 0.232422 0.501953
  22 -30.841984 -0.474294 -2.290248 0.089617 -0.600956 -0.794242 0.226563 0.472656
hands.bmp
  11 20.879845 1.150115 0.167143 0.832914 0.324495 0.448281 0.621094 0.068359
  11 20.911282 1.188706 0.056587 0.947146 0.244992 0.207108 0.611328 0.087891
  11 20.900074 1.246163 0.037276 0.596168 0.797227 -0.094934 0.619141 0.091797
hands.bmp
  11 20.879845 1.150115 0.167143 0.832914 0.324495 0.448281 0.621094 0.068359
  11 20.900074 1.246163 0.037276 0.596168 0.797227 -0.094934 0.619141 0.091797
  11 20.852776 1.200007 0.175957 0.402417 0.751825 0.522322 0.626953 0.070313
hands.bmp
  24 -40.397366 -0.335429 -0.367294 -0.142521 -0.989594 -0.019783 0.785156 0.562500
  24 -41.320160 0.094586 -0.177459 -0.510023 -0.858929 -0.046021 0.710938 0.607422
  24 -41.037842 0.012887 -0.907817 -0.394841 -0.889609 0.229556 0.710938 0.529297
hands.bmp
  24 -40.397366 -0.335429 -0.367294 -0.142521 -0.989594 -0.019783 0.785156 0.562500
  24 -41.037842 0.012887 -0.907817 -0.394841 -0.889609 0.229556 0.710938 0.529297
  24 -40.335701 -0.365119 -0.883159 -0.296557 -0.939941 0.169010 0.771484 0.507813
hands.bmp
  4 18.141220 0.172296 -2.409789 -0.264105 0.031826 -0.963969 0.865234 0.316406
  4 17.416672 0.043115 -2.104449 -0.318855 -0.058204 -0.946015 0.939453 0.300781
  4 17.429871 0.600083 -1.881039 -0.299085 0.571559 -0.764113 0.933594 0.273438
hands.bmp
  4 18.141220 0.172296 -2.409789 -0.264105 0.031826 -0.963969 0.865234 0.316406
  4 17.429871 0.600083 -1.881039 -0.299085 0.571559 -0.764113 0.933594 0.273438
  4 18.030254 0.714316 -2.041960 -0.180991 0.684795 -0.705902 0.876953 0.283203
hands.bmp
  20 16.345852 -0.588904 -1.614762 -0.796740 -0.589620 -0.132489 0.710938 0.785156
  20 16.358013 -0.447436 -1.844414 -0.817138 -0.482002 -0.316164 0.703125 0.804688
  20 16.386665 -0.595672 -1.624174 -0.014709 -0.939577 -0.342023 0.714844 0.791016
hands.bmp
  20 16.386665 -0.595672 -1.624174 -0.014709 -0.939577 -0.342023 0.714844 0.791016
  20 16.358013 -0.447436 -1.844414 -0.817138 -0.482002 -0.316164 0.703125 0.804688
  20 16.359894 -0.467345 -1.864416 -0.048369 -0.761451 -0.646415 0.707031 0.810547
hands.bmp
  20 16.358013 -0.447436 -1.844414 -0.817138 -0.482002 -0.316164 0.703125 0.804688
  20 16.357727 -0.286912 -2.014213 -0.100552 -0.468588 -0.877675 0.691406 0.820313
  20 16.359894 -0.467345 -1.864416 -0.048369 -0.761451 -0.646415 0.707031 0.810547
hands.bmp
  40 -39.437439 -0.059007 0.076937 -0.575284 -0.561335 0.594939 0.287109 0.841797
  40 -39.443844 -0.329286 -0.253379 -0.587975 -0.672005 0.450217 0.244141 0.841797
  40 -39.118671 -0.275008 -0.268073 0.663141 -0.657060 0.358491 0.242188 0.886719
hands.bmp
  40 -39.437439 -0.059007 0.076937 -0.575284 -0.561335 0.594939 0.287109 0.841797
  40 -39.118671 -0.275008 -0.268073 0.663141 -0.657060 0.358491 0.242188 0.886719
  40 -39.087284 -0.066915 0.051789 0.657605 -0.559664 0.504314 0.283203 0.886719
hands.bmp
  40 -39.443844 -0.329286 -0.253379 -0.587975 -0.672005 0.450217 0.244141 0.841797
  40 -39.493153 -0.495801 -0.652930 -0.562249 -0.799161 0.212643 0.199219 0.839844
  40 -39.160759 -0.482234 -0.637784 0.668782 -0.726667 0.157117 0.201172 0.888672
hands.bmp
  40 -39.443844 -0.329286 -0.253379 -0.587975 -0.672005 0.450217 0.244141 0.841797
  40 -39.160759 -0.482234 -0.637784 0.668782 -0.726667 0.157117 0.201172 0.888672
  40 -39.118671 -0.275008 -0.268073 0.663141 -0.657060 0.358491 0.242188 0.886719
hands.bmp
  2 11.090777 -0.806208 -0.331699 0.037750 -0.847216 0.529906 0.121094 0.339844
  3 12.965362 -0.818856 -0.796648 0.098832 -0.958858 0.266128 0.144531 0.230469
  3 13.009593 -0.537160 -0.305944 0.083299 -0.797355 0.597734 0.119141 0.228516
hands.bmp
  23 -35.319756 -0.850707 -1.406878 -0.103782 -0.970253 -0.218721 0.183594 0.232422
  22 -33.369247 -1.069751 -1.383690 -0.037142 -0.986507 -0.159449 0.169922 0.341797
  22 -33.447056 -0.806200 -0.331699 -0.037751 -0.847217 0.529904 0.121094 0.339844
hands.bmp
  23 -35.319756 -0.850707 -1.406878 -0.103782 -0.970253 -0.218721 0.183594 0.232422
  22 -33.447056 -0.806200 -0.331699 -0.037751 -0.847217 0.529904 0.121094 0.339844
  23 -35.321640 -0.818849 -0.796648 -0.098839 -0.958858 0.266125 0.144531 0.230469
hands.bmp
  3 14.950278 1.350002 -0.944507 0.176085 0.979813 -0.094659 0.353516 0.126953
  3 14.979053 1.048350 -1.533046 0.193354 0.772181 -0.605269 0.314453 0.126953
  3 13.145293 1.328925 -1.817996 0.163144 0.745979 -0.645678 0.318359 0.234375
hands.bmp
  3 14.950278 1.350002 -0.944507 0.176085 0.979813 -0.094659 0.353516 0.126953
  3 13.145293 1.328925 -1.817996 0.163144 0.745979 -0.645678 0.318359 0.234375
  3 13.122249 1.661028 -1.089315 0.164723 0.981788 -0.094648 0.361328 0.232422
hands.bmp
  40 -38.905064 0.570586 0.110007 -0.047835 0.423281 0.904735 0.056641 0.017578
  40 -38.837337 0.404655 0.158790 -0.015013 -0.030248 0.999430 0.068359 0.019531
  23 -37.367683 0.463686 0.180345 -0.061941 -0.123127 0.990456 0.072266 0.109375
hands.bmp
  40 -38.905064 0.570586 0.110007 -0.047835 0.423281 0.904735 0.056641 0.017578
  23 -37.367683 0.463686 0.180345 -0.061941 -0.123127 0.990456 0.072266 0.109375
  23 -37.437817 0.743871 0.131580 -0.084374 0.412098 0.907224 0.060547 0.109375
hands.bmp
  40 -38.864258 0.206182 0.088901 0.010117 -0.477853 0.878382 0.085938 0.021484
  23 -37.325279 0.102876 -0.019951 -0.053636 -0.511977 0.857323 0.099609 0.113281
  23 -37.367683 0.463686 0.180345 -0.061941 -0.123127 0.990456 0.072266 0.109375
hands.bmp
  40 -38.864258 0.206182 0.088901 0.010117 -0.477853 0.878382 0.085938 0.021484
  23 -37.367683 0.463686 0.180345 -0.061941 -0.123127 0.990456 0.072266 0.109375
  40 -38.837337 0.404655 0.158790 -0.015013 -0.030248 0.999430 0.068359 0.019531
hands.bmp
  15 21.223782 0.110466 -3.128615 0.023456 -0.973188 -0.228814 0.941406 0.535156
  15 21.199768 0.247501 -3.301660 -0.346144 -0.303468 -0.887745 0.968750 0.525391
  16 21.335606 0.138641 -3.192147 -0.038033 -0.967759 -0.248992 0.939453 0.511719
hands.bmp
  26 -44.502457 0.997355 -2.084465 -0.089238 0.877582 0.471048 0.947266 0.816406
  26 -43.448425 0.962841 -1.850740 -0.256510 0.900467 0.351228 0.949219 0.962891
  26 -43.438519 0.988249 -1.974661 0.040204 0.924147 -0.379917 0.917969 0.962891
hands.bmp
  26 -44.502457 0.997355 -2.084465 -0.089238 0.877582 0.471048 0.947266 0.816406
  26 -43.438519 0.988249 -1.974661 0.040204 0.924147 -0.379917 0.917969 0.962891
  26 -44.499466 1.051680 -2.219149 0.045466 0.943967 -0.326892 0.919922 0.812500
hands.bmp
  16 21.781109 0.157450 -3.379168 0.200432 -0.854256 -0.479660 0.939453 0.396484
  16 21.746006 0.255016 -3.498953 -0.137448 -0.336633 -0.931551 0.960938 0.392578
  16 21.856586 0.280621 -3.502989 0.465405 -0.188373 -0.864820 0.947266 0.371094
hands.bmp
  39 -41.131565 0.198869 2.616241 0.672229 0.672080 0.310511 0.740234 0.914063
  39 -41.337345 0.328376 2.577730 -0.099374 0.972319 0.211473 0.773438 0.916016
  39 -41.396988 0.180476 2.931381 -0.450483 0.634509 0.628063 0.759766 0.865234
hands.bmp
  39 -41.131565 0.198869 2.616241 0.672229 0.672080 0.310511 0.740234 0.914063
  39 -41.396988 0.180476 2.931381 -0.450483 0.634509 0.628063 0.759766 0.865234
  39 -41.238029 0.176703 2.960005 0.320405 0.650472 0.688641 0.740234 0.871094
hands.bmp
  4 19.536282 0.504580 -2.408413 -0.102235 0.835576 -0.539779 0.742188 0.320313
  4 19.460537 0.372092 -2.634047 -0.292031 0.490377 -0.821126 0.748047 0.341797
  4 19.117764 0.346644 -2.528414 -0.207540 0.448281 -0.869466 0.781250 0.333984
hands.bmp
  4 19.536282 0.504580 -2.408413 -0.102235 0.835576 -0.539779 0.742188 0.320313
  4 19.117764 0.346644 -2.528414 -0.207540 0.448281 -0.869466 0.781250 0.333984
  4 19.246197 0.721093 -2.162498 -0.017218 0.792747 -0.609307 0.769531 0.300781
hands.bmp
  36 -43.967285 0.432486 -3.272274 -0.171568 0.972845 0.155362 0.947266 0.748047
  35 -43.683018 0.480391 -3.115794 -0.190400 0.913772 0.358843 0.947266 0.816406
  35 -43.684616 0.507431 -3.206714 0.099179 0.931762 -0.349260 0.919922 0.812500
hands.bmp
  36 -43.967285 0.432486 -3.272274 -0.171568 0.972845 0.155362 0.947266 0.748047
  35 -43.684616 0.507431 -3.206714 0.099179 0.931762 -0.349260 0.919922 0.812500
  36 -43.922070 0.455057 -3.327463 0.090444 0.900776 -0.424762 0.919922 0.751953
hands.bmp
  40 -39.354275 -0.426684 -0.454849 -0.843916 -0.268351 0.464537 0.841797 0.406250
  40 -39.360958 -0.486314 -0.584848 -0.837161 0.465535 -0.287120 0.830078 0.382813
  40 -39.334747 -0.538573 -0.565302 -0.869222 -0.360472 0.338398 0.841797 0.382813
hands.bmp
  40 -39.354275 -0.426684 -0.454849 -0.843916 -0.268351 0.464537 0.841797 0.406250
  40 -39.334747 -0.538573 -0.565302 -0.869222 -0.360472 0.338398 0.841797 0.382813
  40 -39.305885 -0.450616 -0.445591 -0.037705 -0.592535 0.804662 0.851563 0.406250
hands.bmp
  32 -43.438042 0.874979 -0.130618 -0.302448 -0.207757 -0.930249 0.871094 0.968750
  32 -43.424248 1.054806 -0.060820 -0.207927 0.526764 -0.824188 0.892578 0.964844
  31 -43.334103 1.033595 -0.086276 -0.255210 0.526076 -0.811241 0.890625 0.984375
hands.bmp
  32 -43.438042 0.874979 -0.130618 -0.302448 -0.207757 -0.930249 0.871094 0.968750
  31 -43.334103 1.033595 -0.086276 -0.255210 0.526076 -0.811241 0.890625 0.984375
  31 -43.334602 0.872739 -0.161275 -0.385832 -0.335639 -0.859348 0.871094 0.986328
hands.bmp
  32 -43.379028 1.190655 0.078823 -0.081243 0.958986 -0.271562 0.917969 0.962891
  31 -43.267559 1.188716 0.056587 -0.139072 0.960392 -0.241466 0.917969 0.980469
  31 -43.334103 1.033595 -0.086276 -0.255210 0.526076 -0.811241 0.890625 0.984375
hands.bmp
  32 -43.379028 1.190655 0.078823 -0.081243 0.958986 -0.271562 0.917969 0.962891
  31 -43.334103 1.033595 -0.086276 -0.255210 0.526076 -0.811241 0.890625 0.984375
  32 -43.424248 1.054806 -0.060820 -0.207927 0.526764 -0.824188 0.892578 0.964844
hands.bmp
  26 -43.295177 0.645576 -2.112085 -0.911149 -0.078103 -0.404607 0.617188 0.302734
  26 -43.306847 0.878089 -2.113242 -0.686069 0.246259 -0.684592 0.613281 0.287109
  25 -43.265530 0.904950 -2.144403 -0.221758 0.456418 -0.861688 0.619141 0.287109
hands.bmp
  26 -43.295177 0.645576 -2.112085 -0.911149 -0.078103 -0.404607 0.617188 0.302734
  25 -43.265530 0.904950 -2.144403 -0.221758 0.456418 -0.861688 0.619141 0.287109
  25 -43.263718 0.604304 -2.166920 -0.412634 -0.282298 -0.866049 0.623047 0.302734
hands.bmp
  26 -43.306847 0.878089 -2.113242 -0.686069 0.246259 -0.684592 0.613281 0.287109
  25 -43.323563 0.994079 -1.971231 -0.846205 0.422685 -0.324459 0.611328 0.273438
  25 -43.298370 1.030581 -1.976955 -0.380855 0.828797 -0.409934 0.615234 0.273438
hands.bmp
  26 -43.306847 0.878089 -2.113242 -0.686069 0.246259 -0.684592 0.613281 0.287109
  25 -43.298370 1.030581 -1.976955 -0.380855 0.828797 -0.409934 0.615234 0.273438
  25 -43.265530 0.904950 -2.144403 -0.221758 0.456418 -0.861688 0.619141 0.287109
hands.bmp
  14 20.522377 0.501634 -2.716301 0.649837 0.754924 -0.088331 0.652344 0.332031
  14 20.528584 0.451798 -2.749129 0.917246 0.210228 -0.338326 0.648438 0.339844
  14 20.477634 0.495969 -2.831914 0.424965 0.718639 -0.550420 0.658203 0.355469
hands.bmp
  4 19.230865 1.063178 -1.637575 0.074858 0.912356 -0.402495 0.769531 0.251953
  4 17.773945 1.045337 -1.483719 -0.143243 0.907394 -0.395117 0.902344 0.242188
  4 17.460953 1.116225 -0.914585 -0.066835 0.995627 -0.065263 0.929688 0.185547
hands.bmp
  4 19.230865 1.063178 -1.637575 0.074858 0.912356 -0.402495 0.769531 0.251953
  4 17.460953 1.116225 -0.914585 -0.066835 0.995627 -0.065263 0.929688 0.185547
  4 19.186481 1.231311 -1.167403 0.042870 0.978783 -0.200366 0.773438 0.201172
hands.bmp
  28 -43.658859 0.679308 -0.681020 -0.842568 -0.341534 0.416454 0.509766 0.640625
  28 -43.613571 0.619959 -0.655995 -0.491459 -0.630517 0.600763 0.515625 0.640625
  28 -43.626556 0.965803 -0.515565 -0.478829 0.321324 0.816990 0.517578 0.660156
hands.bmp
  28 -43.658859 0.679308 -0.681020 -0.842568 -0.341534 0.416454 0.509766 0.640625
  28 -43.626556 0.965803 -0.515565 -0.478829 0.321324 0.816990 0.517578 0.660156
  28 -43.659683 0.952009 -0.572240 -0.915512 -0.015297 0.402001 0.511719 0.658203
hands.bmp
  8 21.270279 0.965792 -0.515565 0.478820 0.321340 0.816990 0.517578 0.660156
  8 20.271194 0.509465 -0.596791 0.250698 -0.614065 0.748381 0.589844 0.615234
  8 21.257294 0.619947 -0.655995 0.491463 -0.630515 0.600762 0.515625 0.640625
hands.bmp
  8 21.270279 0.965792 -0.515565 0.478820 0.321340 0.816990 0.517578 0.660156
  8 19.875240 0.973790 -0.607791 0.579780 0.812355 0.062725 0.593750 0.626953
  8 20.271194 0.509465 -0.596791 0.250698 -0.614065 0.748381 0.589844 0.615234
hands.bmp
  40 -38.666409 0.370889 0.366259 0.836839 -0.094207 0.539282 0.652344 0.781250
  40 -38.669678 0.341067 0.306259 0.886622 -0.073774 -0.456573 0.652344 0.777344
  40 -38.672024 0.572000 0.256608 0.863256 -0.244961 -0.441343 0.664063 0.775391
hands.bmp
  40 -38.666409 0.370889 0.366259 0.836839 -0.094207 0.539282 0.652344 0.781250
  40 -38.672024 0.572000 0.256608 0.863256 -0.244961 -0.441343 0.664063 0.775391
  40 -38.647228 0.620164 0.316317 0.856778 0.168786 0.487281 0.664063 0.781250
hands.bmp
  20 16.310127 0.370879 0.366259 -0.836818 -0.094192 0.539318 0.652344 0.781250
  20 16.313396 0.341058 0.306259 -0.886591 -0.073860 -0.456620 0.652344 0.777344
  20 16.389652 0.156564 0.217111 -0.902124 0.091669 -0.421627 0.632813 0.773438
hands.bmp
  36 -44.137394 0.157461 -3.379168 -0.200438 -0.854259 -0.479652 0.939453 0.396484
  36 -44.102291 0.255028 -3.498953 0.137447 -0.336638 -0.931549 0.960938 0.392578
  35 -43.556053 0.247513 -3.301660 0.346142 -0.303467 -0.887747 0.968750 0.525391
hands.bmp
  36 -44.137394 0.157461 -3.379168 -0.200438 -0.854259 -0.479652 0.939453 0.396484
  35 -43.556053 0.247513 -3.301660 0.346142 -0.303467 -0.887747 0.968750 0.525391
  36 -43.691891 0.138653 -3.192147 0.038031 -0.967757 -0.248996 0.939453 0.511719
hands.bmp
  4 17.447399 -0.487168 -1.572042 -0.097164 -0.962083 -0.254863 0.949219 0.333984
  20 17.166718 -0.483239 -1.382554 0.729492 -0.682544 -0.044455 0.972656 0.324219
  20 17.126884 -0.446248 -1.603111 0.745022 -0.588601 -0.313834 0.970703 0.316406
hands.bmp
  24 -39.747852 -0.093781 -2.034252 0.188398 -0.489771 -0.851252 0.943359 0.308594
  24 -39.772949 0.043124 -2.104449 0.318855 -0.058203 -0.946015 0.939453 0.300781
  40 -39.437000 0.081851 -2.013101 -0.720724 0.039424 -0.692100 0.964844 0.296875
hands.bmp
  24 -39.747852 -0.093781 -2.034252 0.188398 -0.489771 -0.851252 0.943359 0.308594
  40 -39.437000 0.081851 -2.013101 -0.720724 0.039424 -0.692100 0.964844 0.296875
  40 -39.494957 -0.154300 -1.942571 -0.720719 -0.288456 -0.630363 0.966797 0.302734
hands.bmp
  24 -39.786152 0.600093 -1.881039 0.299085 0.571558 -0.764113 0.933594 0.273438
  40 -39.387966 0.529323 -1.793176 -0.681092 0.449339 -0.578107 0.962891 0.265625
  40 -39.437000 0.081851 -2.013101 -0.720724 0.039424 -0.692100 0.964844 0.296875
hands.bmp
  24 -39.786152 0.600093 -1.881039 0.299085 0.571558 -0.764113 0.933594 0.273438
  40 -39.437000 0.081851 -2.013101 -0.720724 0.039424 -0.692100 0.964844 0.296875
  24 -39.772949 0.043124 -2.104449 0.318855 -0.058203 -0.946015 0.939453 0.300781
hands.bmp
  26 -44.538429 0.829906 -1.953821 -0.221414 0.291767 0.930509 0.882813 0.531250
  27 -45.170078 0.898972 -2.123390 -0.341092 0.389319 0.855621 0.886719 0.394531
  27 -45.199425 0.726364 -2.150718 -0.621719 -0.376030 0.687071 0.902344 0.394531
hands.bmp
  26 -44.538429 0.829906 -1.953821 -0.221414 0.291767 0.930509 0.882813 0.531250
  27 -45.199425 0.726364 -2.150718 -0.621719 -0.376030 0.687071 0.902344 0.394531
  27 -44.592125 0.658697 -2.031508 -0.245122 -0.621196 0.744333 0.906250 0.519531
hands.bmp
  40 -39.437000 0.081851 -2.013101 -0.720724 0.039424 -0.692100 0.011719 0.826172
  40 -39.442951 0.022153 -2.093105 -0.616376 0.029383 -0.786904 0.011719 0.833984
  40 -39.488407 -0.184903 -2.012717 -0.696821 -0.348576 -0.626845 0.031250 0.835938
hands.bmp
  40 -39.437000 0.081851 -2.013101 -0.720724 0.039424 -0.692100 0.011719 0.826172
  40 -39.488407 -0.184903 -2.012717 -0.696821 -0.348576 -0.626845 0.031250 0.835938
  40 -39.494957 -0.154300 -1.942571 -0.720719 -0.288456 -0.630363 0.031250 0.826172
hands.bmp
  34 -42.780033 0.348575 -2.965587 0.308543 0.370822 -0.875952 0.890625 0.984375
  34 -42.764793 0.185811 -2.904141 0.389511 -0.544294 -0.742984 0.871094 0.986328
  35 -42.825092 0.181376 -2.949201 0.378478 -0.475327 -0.794241 0.871094 0.968750
hands.bmp
  34 -42.780033 0.348575 -2.965587 0.308543 0.370822 -0.875952 0.890625 0.984375
  35 -42.825092 0.181376 -2.949201 0.378478 -0.475327 -0.794241 0.871094 0.968750
  35 -42.852592 0.339562 -2.991866 0.356513 0.410838 -0.839113 0.892578 0.964844
hands.bmp
  7 22.813801 0.898960 -2.123390 0.341091 0.389320 0.855621 0.966797 0.707031
  6 22.146179 0.997343 -2.084465 0.089238 0.877582 0.471048 0.947266 0.816406
  6 22.182152 0.829895 -1.953821 0.221408 0.291765 0.930512 0.970703 0.828125
hands.bmp
  16 21.383938 0.198631 -3.073129 0.417014 -0.538293 0.732352 0.906250 0.519531
  15 21.284256 0.172598 -3.004589 0.483376 -0.546137 0.684165 0.902344 0.542969
  15 21.223782 0.110466 -3.128615 0.023456 -0.973188 -0.228814 0.941406 0.535156
hands.bmp
  16 21.383938 0.198631 -3.073129 0.417014 -0.538293 0.732352 0.906250 0.519531
  15 21.223782 0.110466 -3.128615 0.023456 -0.973188 -0.228814 0.941406 0.535156
  16 21.335606 0.138641 -3.192147 -0.038033 -0.967759 -0.248992 0.939453 0.511719
hands.bmp
  39 -41.383301 -0.184915 2.933007 -0.360186 -0.729361 0.581635 0.679688 0.863281
  39 -41.442703 -0.039849 3.005995 -0.560894 -0.038716 0.826982 0.654297 0.857422
  39 -41.515518 -0.012185 2.701309 -0.979170 0.037761 0.199502 0.626953 0.896484
hands.bmp
  39 -41.383301 -0.184915 2.933007 -0.360186 -0.729361 0.581635 0.679688 0.863281
  39 -41.515518 -0.012185 2.701309 -0.979170 0.037761 0.199502 0.626953 0.896484
  39 -41.432308 -0.142816 2.658733 -0.753497 -0.650950 0.092233 0.654297 0.898438
hands.bmp
  13 22.772270 1.049543 0.417218 0.918758 -0.139170 -0.369481 0.947266 0.371094
  13 22.575409 0.805273 0.450049 0.560570 -0.747163 -0.357083 0.939453 0.396484
  13 22.663441 1.008472 0.324110 0.500870 -0.234323 -0.833200 0.960938 0.392578
hands.bmp
  7 22.939476 0.856363 -2.418334 0.722890 -0.096042 -0.684256 0.947266 0.371094
  7 22.823750 0.673851 -2.322959 0.415135 -0.758101 -0.502937 0.939453 0.396484
  7 22.817238 0.810539 -2.461430 0.126063 -0.288603 -0.949113 0.960938 0.392578
hands.bmp
  30 -45.683376 1.235235 -0.709808 -0.294768 0.805176 0.514591 0.955078 0.689453
  30 -45.348106 1.172338 -0.741983 0.077359 0.937871 0.338251 0.947266 0.748047
  30 -45.329300 1.203295 -0.845849 0.060184 0.963398 -0.261232 0.919922 0.751953
hands.bmp
  30 -45.683376 1.235235 -0.709808 -0.294768 0.805176 0.514591 0.955078 0.689453
  30 -45.329300 1.203295 -0.845849 0.060184 0.963398 -0.261232 0.919922 0.751953
  30 -45.764595 1.284616 -0.844587 -0.606998 0.766199 -0.210934 0.923828 0.681641
hands.bmp
  39 -41.396988 0.180476 2.931381 -0.450483 0.634509 0.628063 0.759766 0.865234
  39 -41.422253 0.188769 2.671009 -0.768584 0.617577 0.166963 0.787109 0.900391
  39 -41.515518 -0.012185 2.701309 -0.979170 0.037761 0.199502 0.812500 0.884766
hands.bmp
  39 -41.396988 0.180476 2.931381 -0.450483 0.634509 0.628063 0.759766 0.865234
  39 -41.515518 -0.012185 2.701309 -0.979170 0.037761 0.199502 0.812500 0.884766
  39 -41.442703 -0.039849 3.005995 -0.560894 -0.038716 0.826982 0.773438 0.843750
hands.bmp
  33 -45.097897 1.174383 0.540823 -0.901452 0.367163 0.229291 0.921875 0.671875
  33 -45.027958 1.097527 0.615663 -0.610793 0.131017 0.780875 0.955078 0.673828
  33 -44.961739 1.190018 0.589973 -0.192974 0.770032 0.608122 0.955078 0.689453
hands.bmp
  33 -45.097897 1.174383 0.540823 -0.901452 0.367163 0.229291 0.921875 0.671875
  33 -44.961739 1.190018 0.589973 -0.192974 0.770032 0.608122 0.955078 0.689453
  33 -45.046165 1.208622 0.524968 -0.658134 0.752839 -0.009606 0.923828 0.681641
hands.bmp
  13 22.605461 1.190006 0.589973 0.192940 0.770001 0.608172 0.955078 0.689453
  13 22.529659 1.091242 0.655548 -0.029932 0.262419 0.964490 0.966797 0.707031
  13 22.671680 1.097515 0.615663 0.610797 0.130963 0.780881 0.955078 0.673828
hands.bmp
  10 23.309658 0.914623 -0.659705 0.470035 -0.358521 0.806554 0.902344 0.394531
  10 22.657578 0.785078 -0.669784 0.084727 -0.639244 0.764322 0.906250 0.519531
  10 23.111088 0.780685 -0.715656 0.261985 -0.923664 0.279659 0.921875 0.416016
hands.bmp
  10 23.111088 0.780685 -0.715656 0.261985 -0.923664 0.279659 0.921875 0.416016
  10 22.657578 0.785078 -0.669784 0.084727 -0.639244 0.764322 0.906250 0.519531
  10 22.659088 0.726015 -0.871549 0.097687 -0.953778 -0.284190 0.939453 0.511719
hands.bmp
  24 -41.474041 0.346654 -2.528414 0.207539 0.448280 -0.869467 0.781250 0.333984
  24 -41.816818 0.372102 -2.634047 0.292035 0.490374 -0.821127 0.748047 0.341797
  24 -41.892559 0.504590 -2.408413 0.102238 0.835576 -0.539778 0.742188 0.320313
hands.bmp
  24 -41.474041 0.346654 -2.528414 0.207539 0.448280 -0.869467 0.781250 0.333984
  24 -41.892559 0.504590 -2.408413 0.102238 0.835576 -0.539778 0.742188 0.320313
  24 -41.602478 0.721103 -2.162498 0.017218 0.792747 -0.609308 0.769531 0.300781
hands.bmp
  37 -40.635769 -0.449197 0.297989 -0.003412 -0.999343 -0.036084 0.791016 0.621094
  37 -40.793201 -0.395589 0.761930 -0.051384 -0.990105 0.130586 0.792969 0.664063
  37 -41.332897 -0.069867 0.650865 -0.742893 -0.661637 -0.101714 0.738281 0.673828
hands.bmp
  37 -40.635769 -0.449197 0.297989 -0.003412 -0.999343 -0.036084 0.791016 0.621094
  37 -41.332897 -0.069867 0.650865 -0.742893 -0.661637 -0.101714 0.738281 0.673828
  24 -41.320160 0.094586 -0.177459 -0.510023 -0.858929 -0.046021 0.710938 0.607422
hands.bmp
  4 19.876930 0.968049 -1.630624 -0.017713 0.981226 -0.192045 0.712891 0.248047
  5 20.942093 1.030572 -1.976955 0.380871 0.828788 -0.409937 0.615234 0.273438
  5 20.909252 0.904941 -2.144403 0.221758 0.456411 -0.861691 0.619141 0.287109
hands.bmp
  4 19.876930 0.968049 -1.630624 -0.017713 0.981226 -0.192045 0.712891 0.248047
  5 20.909252 0.904941 -2.144403 0.221758 0.456411 -0.861691 0.619141 0.287109
  4 19.741306 0.832383 -1.858221 0.104648 0.727611 -0.677961 0.726563 0.269531
hands.bmp
  4 17.551384 1.048705 -0.201939 -0.163193 0.931636 0.324690 0.925781 0.121094
  4 18.508144 1.178546 -0.256319 -0.080651 0.985181 0.151372 0.839844 0.121094
  4 17.460953 1.116225 -0.914585 -0.066835 0.995627 -0.065263 0.929688 0.185547
hands.bmp
  34 -42.871941 0.059184 -2.612447 -0.931183 -0.353390 -0.089522 0.500000 0.457031
  34 -42.850376 0.017121 -2.564848 -0.708906 -0.623849 0.329036 0.507813 0.458984
  34 -42.927944 0.331084 -2.521159 -0.879852 0.198043 0.432018 0.494141 0.482422
hands.bmp
  34 -42.871941 0.059184 -2.612447 -0.931183 -0.353390 -0.089522 0.500000 0.457031
  34 -42.927944 0.331084 -2.521159 -0.879852 0.198043 0.432018 0.494141 0.482422
  34 -42.938267 0.319545 -2.568700 -0.986041 -0.011763 -0.166087 0.492188 0.480469
hands.bmp
  20 16.752335 -0.446271 -0.698505 -0.692747 -0.249603 -0.676609 0.552734 0.718750
  20 16.794655 -0.483027 -0.647930 -0.480878 -0.866311 -0.135135 0.548828 0.722656
  20 16.733707 -0.307422 -0.188530 -0.492725 -0.515265 0.701231 0.548828 0.796875
hands.bmp
  20 16.752335 -0.446271 -0.698505 -0.692747 -0.249603 -0.676609 0.552734 0.718750
  20 16.733707 -0.307422 -0.188530 -0.492725 -0.515265 0.701231 0.548828 0.796875
  20 16.727333 -0.227677 -0.188513 -0.719556 0.297529 0.627468 0.552734 0.802734
hands.bmp
  40 -39.444229 -0.389363 -0.633498 0.163331 0.964237 -0.208736 0.419922 0.941406
  40 -39.233387 -0.396190 -0.586594 -0.692312 0.240803 0.680234 0.416016 0.976563
  40 -39.182049 -0.370183 -0.647317 -0.246110 0.949133 -0.196409 0.419922 0.980469
hands.bmp
  40 -39.444229 -0.389363 -0.633498 0.163331 0.964237 -0.208736 0.419922 0.941406
  40 -39.182049 -0.370183 -0.647317 -0.246110 0.949133 -0.196409 0.419922 0.980469
  40 -39.464897 -0.387704 -0.683197 -0.492976 0.515996 -0.700516 0.427734 0.933594
hands.bmp
  5 19.898346 0.848908 -1.301526 0.632390 0.659703 -0.406047 0.703125 0.216797
  4 19.839096 0.943662 -1.354085 0.247406 0.963280 -0.104317 0.718750 0.224609
  4 19.897663 1.058238 -1.186624 0.237859 0.722146 -0.649560 0.712891 0.208984
hands.bmp
  9 22.444290 0.707684 -0.853312 0.089972 -0.971968 -0.217217 0.941406 0.535156
  9 21.397827 0.619019 -0.876843 0.117314 -0.976778 -0.179284 0.941406 0.634766
  9 21.467514 0.759424 -1.101183 0.057805 -0.331678 -0.941620 0.970703 0.628906
hands.bmp
  9 22.444290 0.707684 -0.853312 0.089972 -0.971968 -0.217217 0.941406 0.535156
  9 21.467514 0.759424 -1.101183 0.057805 -0.331678 -0.941620 0.970703 0.628906
  9 22.632133 0.871349 -1.077654 0.072467 -0.270864 -0.959886 0.968750 0.525391
hands.bmp
  20 16.246876 1.258920 -0.833569 -0.887254 0.460850 -0.019927 0.705078 0.710938
  20 16.230923 1.207486 -0.833874 -0.808417 -0.588530 0.009766 0.701172 0.710938
  20 16.251366 1.058475 -0.053696 -0.872445 -0.431791 -0.228901 0.693359 0.759766
hands.bmp
  2 8.515508 0.043840 0.350289 -0.010916 -0.283828 0.958813 0.058594 0.472656
  1 7.920436 0.085670 0.384176 0.205984 -0.212526 0.955198 0.052734 0.498047
  1 7.988515 -0.717361 -0.069373 0.218130 -0.778067 0.589093 0.095703 0.498047
hands.bmp
  2 8.515508 0.043840 0.350289 -0.010916 -0.283828 0.958813 0.058594 0.472656
  1 7.988515 -0.717361 -0.069373 0.218130 -0.778067 0.589093 0.095703 0.498047
  2 8.455729 -0.748146 -0.209430 0.037219 -0.814209 0.579378 0.107422 0.472656
hands.bmp
  40 -38.767311 -0.553767 -0.783667 0.746235 0.475942 0.465417 0.724609 0.718750
  40 -38.784401 -0.542254 -1.323460 0.879007 0.473324 0.057539 0.714844 0.767578
  40 -38.867729 -0.455342 -1.322118 0.632826 0.770137 0.080129 0.705078 0.767578
hands.bmp
  40 -38.767311 -0.553767 -0.783667 0.746235 0.475942 0.465417 0.724609 0.718750
  40 -38.867729 -0.455342 -1.322118 0.632826 0.770137 0.080129 0.705078 0.767578
  40 -39.051903 -0.360501 -0.719220 0.842472 0.532156 -0.083971 0.712891 0.716797
hands.bmp
  20 17.004646 -0.596662 -0.665010 0.056793 -0.563184 -0.824377 0.412109 0.902344
  20 16.995331 -0.607438 -0.655161 0.057132 -0.563247 -0.824311 0.388672 0.916016
  20 17.012520 -0.565932 -0.684854 0.057170 -0.563254 -0.824304 0.412109 0.875000
hands.bmp
  40 -39.318169 -0.559936 -0.685588 -0.057207 -0.563244 -0.824308 0.365234 0.875000
  40 -39.281189 -0.603021 -0.666188 -0.057172 -0.563258 -0.824301 0.365234 0.902344
  40 -39.351608 -0.607429 -0.655161 -0.057124 -0.563212 -0.824336 0.388672 0.916016
hands.bmp
  40 -39.318169 -0.559936 -0.685588 -0.057207 -0.563244 -0.824308 0.365234 0.875000
  40 -39.351608 -0.607429 -0.655161 -0.057124 -0.563212 -0.824336 0.388672 0.916016
  40 -39.368797 -0.565923 -0.684854 -0.057167 -0.563231 -0.824320 0.412109 0.875000
hands.bmp
  20 16.832012 -0.359412 -1.807337 -0.518504 -0.668030 -0.533750 0.060547 0.888672
  20 16.814457 -0.551463 -1.617840 -0.565681 -0.774717 -0.282521 0.082031 0.884766
  20 16.780136 -0.504050 -1.588274 -0.586226 -0.769878 -0.252244 0.083984 0.888672
hands.bmp
  20 16.780136 -0.504050 -1.588274 -0.586226 -0.769878 -0.252244 0.083984 0.888672
  20 16.814457 -0.551463 -1.617840 -0.565681 -0.774717 -0.282521 0.082031 0.884766
  20 16.819817 -0.541057 -1.357718 -0.626509 -0.779199 -0.018327 0.105469 0.888672
hands.bmp
  20 16.814457 -0.551463 -1.617840 -0.565681 -0.774717 -0.282521 0.082031 0.884766
  20 16.784073 -0.594069 -1.368317 -0.626513 -0.779195 -0.018367 0.105469 0.884766
  20 16.819817 -0.541057 -1.357718 -0.626509 -0.779199 -0.018327 0.105469 0.888672
hands.bmp
  40 -39.420578 -0.752294 -1.144402 -0.004004 -0.914721 0.404067 0.613281 0.382813
  40 -39.291237 -0.752580 -1.216307 -0.004006 -0.914719 0.404070 0.621094 0.361328
  40 -39.160759 -0.482234 -0.637784 -0.004008 -0.914708 0.404095 0.539063 0.330078
hands.bmp
  40 -39.420578 -0.752294 -1.144402 -0.004004 -0.914721 0.404067 0.613281 0.382813
  40 -39.160759 -0.482234 -0.637784 -0.004008 -0.914708 0.404095 0.539063 0.330078
  40 -39.493153 -0.495801 -0.652930 -0.004023 -0.914710 0.404090 0.531250 0.384766
hands.bmp
  20 16.804478 -0.482244 -0.637784 0.004007 -0.914711 0.404089 0.539063 0.330078
  20 16.740128 -0.718017 -1.119106 -0.095232 -0.915197 0.391594 0.615234 0.335938
  20 16.934956 -0.752589 -1.216307 0.004005 -0.914722 0.404065 0.621094 0.361328
hands.bmp
  23 -35.462177 0.327105 -2.356500 -0.136194 0.132712 -0.981753 0.267578 0.234375
  23 -35.501572 1.328933 -1.817996 -0.163148 0.745978 -0.645677 0.318359 0.234375
  22 -33.657040 1.459608 -2.052808 -0.049157 0.714911 -0.697486 0.326172 0.341797
hands.bmp
  23 -35.462177 0.327105 -2.356500 -0.136194 0.132712 -0.981753 0.267578 0.234375
  22 -33.657040 1.459608 -2.052808 -0.049157 0.714911 -0.697486 0.326172 0.341797
  22 -33.605976 0.437904 -2.531572 -0.062446 0.132719 -0.989185 0.279297 0.341797
hands.bmp
  19 19.034828 0.252427 2.139617 0.744741 0.665258 0.052852 0.812500 0.964844
  18 18.995766 0.303992 1.981697 0.629783 0.769702 0.104560 0.804688 0.986328
  18 18.823586 0.401101 2.071819 0.386610 0.896867 0.214856 0.777344 0.986328
hands.bmp
  18 18.570335 -0.018283 2.126424 -0.277352 -0.356169 0.892311 0.552734 0.982422
  18 18.605434 -0.075662 2.117719 -0.700698 -0.513335 0.495489 0.558594 0.986328
  18 18.550636 0.052337 2.121432 0.585477 0.227957 0.777979 0.539063 0.986328
hands.bmp
  18 18.585644 0.279374 2.110115 -0.641245 0.619545 0.452734 0.525391 0.974609
  18 18.823586 0.401101 2.071819 0.308598 -0.361572 0.879792 0.496094 0.980469
  18 18.820641 0.450397 2.079654 0.168661 0.562996 0.809067 0.498047 0.972656
hands.bmp
  18 18.820641 0.450397 2.079654 0.168661 0.562996 0.809067 0.498047 0.972656
  18 18.823586 0.401101 2.071819 0.308598 -0.361572 0.879792 0.496094 0.980469
  18 18.995766 0.303992 1.981697 0.651991 0.733017 0.193891 0.472656 0.962891
hands.bmp
  18 19.143906 0.105084 1.948660 0.868322 0.168544 0.466486 0.845703 0.685547
  18 19.082458 0.066749 1.528595 0.952669 -0.258679 -0.159707 0.843750 0.726563
  18 19.115204 0.159602 1.531044 0.973649 0.221455 -0.054460 0.857422 0.728516
hands.bmp
  18 19.115204 0.159602 1.531044 0.973649 0.221455 -0.054460 0.857422 0.728516
  18 19.082458 0.066749 1.528595 0.952669 -0.258679 -0.159707 0.843750 0.726563
  18 19.058567 0.222554 0.922250 0.998441 -0.055159 0.008535 0.855469 0.781250
hands.bmp
  15 20.468811 0.181367 -2.949201 -0.378485 -0.475320 -0.794241 0.871094 0.968750
  14 20.408512 0.185802 -2.904141 -0.389517 -0.544290 -0.742984 0.871094 0.986328
  14 20.423752 0.348565 -2.965587 -0.308542 0.370818 -0.875954 0.890625 0.984375
hands.bmp
  15 20.468811 0.181367 -2.949201 -0.378485 -0.475320 -0.794241 0.871094 0.968750
  14 20.423752 0.348565 -2.965587 -0.308542 0.370818 -0.875954 0.890625 0.984375
  15 20.496311 0.339553 -2.991866 -0.356514 0.410836 -0.839113 0.892578 0.964844
hands.bmp
  18 18.576744 0.707795 1.134369 0.092417 0.922672 0.374347 0.505859 0.873047
  17 18.846207 0.913892 0.583818 0.270798 0.818129 0.507280 0.476563 0.822266
  17 18.451508 0.953954 0.546296 -0.096763 0.927724 0.360506 0.517578 0.814453
hands.bmp
  17 17.886997 0.854163 0.418742 -0.419289 0.747697 0.514923 0.906250 0.062500
  17 17.992874 0.673251 0.732207 -0.487017 0.702818 0.518518 0.894531 0.033203
  17 18.451508 0.953954 0.546296 -0.096763 0.927724 0.360506 0.847656 0.048828
hands.bmp
  20 16.366840 -0.547326 -0.544280 -0.708409 -0.617819 -0.341257 0.203125 0.945313
  20 16.393707 -0.505052 -0.553830 -0.729706 0.142093 -0.668834 0.197266 0.943359
  20 16.436466 -0.541766 -0.533251 -0.027062 -0.974311 -0.223575 0.205078 0.941406
hands.bmp
  40 -39.091358 1.027194 -1.386791 0.564077 0.720654 -0.403082 0.513672 0.228516
  40 -39.443249 1.015178 -1.371646 -0.619777 0.685890 -0.381356 0.470703 0.234375
  40 -39.399761 1.212230 -0.851954 -0.651008 0.758258 -0.035123 0.460938 0.169922
hands.bmp
  40 -39.091358 1.027194 -1.386791 0.564077 0.720654 -0.403082 0.513672 0.228516
  40 -39.399761 1.212230 -0.851954 -0.651008 0.758258 -0.035123 0.460938 0.169922
  40 -39.056309 1.234941 -0.816955 0.623914 0.779243 -0.059259 0.503906 0.158203
hands.bmp
  20 16.315746 0.571990 0.256608 -0.863258 -0.244953 -0.441342 0.664063 0.775391
  20 16.313396 0.341058 0.306259 -0.886591 -0.073860 -0.456620 0.652344 0.777344
  20 16.310127 0.370879 0.366259 -0.836818 -0.094192 0.539318 0.652344 0.781250
hands.bmp
  20 16.315746 0.571990 0.256608 -0.863258 -0.244953 -0.441342 0.664063 0.775391
  20 16.310127 0.370879 0.366259 -0.836818 -0.094192 0.539318 0.652344 0.781250
  20 16.290951 0.620154 0.316317 -0.856781 0.168815 0.487266 0.664063 0.781250
hands.bmp
  20 16.788937 -0.413264 -0.637916 0.027013 -0.153847 0.987725 0.539063 0.330078
  20 16.804478 -0.482244 -0.637784 0.027017 -0.153816 0.987730 0.539063 0.330078
  20 17.114548 -0.467500 -0.653218 0.027016 -0.153816 0.987730 0.531250 0.384766
hands.bmp
  20 17.114548 -0.467500 -0.653218 0.027016 -0.153816 0.987730 0.531250 0.384766
  20 16.804478 -0.482244 -0.637784 0.027017 -0.153816 0.987730 0.539063 0.330078
  20 17.136871 -0.495811 -0.652930 0.027009 -0.153814 0.987731 0.531250 0.384766
hands.bmp
  20 17.114548 -0.467500 -0.653218 0.948398 -0.314430 0.040926 0.531250 0.384766
  20 17.136871 -0.495811 -0.652930 0.948405 -0.314415 0.040876 0.531250 0.384766
  20 17.082932 -0.730746 -1.164102 0.948380 -0.314494 0.040856 0.613281 0.382813
hands.bmp
  20 17.082932 -0.730746 -1.164102 0.948380 -0.314494 0.040856 0.613281 0.382813
  20 17.136871 -0.495811 -0.652930 0.948405 -0.314415 0.040876 0.531250 0.384766
  20 17.064297 -0.752303 -1.144402 0.948375 -0.314506 0.040881 0.613281 0.382813
hands.bmp
  18 19.086254 -0.002042 1.962823 0.872572 -0.488424 0.007795 0.847656 0.982422
  18 19.105274 0.110818 1.961882 0.958493 0.281938 -0.042441 0.828125 0.988281
  19 19.127480 0.027482 2.124927 0.994537 -0.067340 -0.079765 0.835938 0.949219
hands.bmp
  19 19.034828 0.252427 2.139617 0.744741 0.665258 0.052852 0.812500 0.964844
  18 18.823586 0.401101 2.071819 -0.068208 0.980918 0.182063 0.777344 0.986328
  19 18.981064 0.328366 2.577730 0.099359 0.972324 0.211459 0.773438 0.916016
hands.bmp
  19 19.076031 -0.142825 2.658733 0.753503 -0.650942 0.092238 0.654297 0.898438
  19 19.027020 -0.184924 2.933007 0.360178 -0.729364 0.581636 0.679688 0.863281
  19 18.923046 -0.284400 2.520702 -0.020477 -0.999420 0.027215 0.666016 0.916016
hands.bmp
  18 18.995766 0.303992 1.981697 0.651991 0.733017 0.193891 0.472656 0.962891
  18 19.105274 0.110818 1.961882 0.443815 0.052287 0.894592 0.451172 0.966797
  18 19.143906 0.105084 1.948660 0.868322 0.168544 0.466486 0.451172 0.960938
hands.bmp
  5 21.020309 0.829506 -1.576886 0.703349 0.283578 0.651831 0.498047 0.574219
  5 19.898346 0.848908 -1.301526 0.632390 0.659703 -0.406047 0.564453 0.556641
  5 20.284870 0.409146 -1.509630 0.468256 -0.611093 0.638201 0.562500 0.533203
hands.bmp
  11 21.010643 1.082534 -0.115036 0.719869 0.466534 -0.513940 0.615234 0.105469
  11 21.029125 0.860998 -0.199773 0.669446 -0.220813 -0.709284 0.615234 0.113281
  8 19.875240 0.973790 -0.607791 0.579780 0.812355 0.062725 0.716797 0.148438
hands.bmp
  14 19.811207 0.121781 -1.932939 0.870324 -0.480009 -0.110129 0.583984 0.488281
  4 19.755650 0.604211 -1.926282 0.694209 0.416769 -0.586837 0.568359 0.482422
  5 20.043182 0.234534 -1.699104 0.365395 -0.886284 -0.284583 0.568359 0.507813
hands.bmp
  14 20.528584 0.451798 -2.749129 0.917246 0.210228 -0.338326 0.648438 0.339844
  14 20.507717 0.437470 -2.792250 0.828571 0.225712 -0.512370 0.654297 0.355469
  14 20.477634 0.495969 -2.831914 0.424965 0.718639 -0.550420 0.658203 0.355469
hands.bmp
  17 18.846207 0.913892 0.583818 0.270798 0.818129 0.507280 0.814453 0.042969
  17 19.115372 0.567569 0.580777 0.701920 0.254464 0.665250 0.785156 0.035156
  11 19.486378 0.873008 0.348126 0.253190 0.424606 0.869255 0.763672 0.062500
hands.bmp
  20 16.758175 -0.024184 -2.017978 -0.575559 -0.028936 -0.817248 0.025391 0.888672
  20 16.759560 -0.034097 -2.057976 -0.567013 -0.062756 -0.821315 0.019531 0.882813
  20 16.785225 -0.242730 -1.987880 -0.529034 -0.469098 -0.707157 0.039063 0.882813
hands.bmp
  20 16.789135 0.178449 0.223000 -0.640712 -0.380680 0.666762 0.302734 0.884766
  20 16.719303 0.182912 0.171977 -0.540923 -0.411561 0.733498 0.298828 0.890625
  20 16.785675 0.007674 0.022691 -0.481128 -0.632436 0.607076 0.279297 0.890625
hands.bmp
  20 17.012520 -0.565932 -0.684854 0.057170 -0.563254 -0.824304 0.412109 0.875000
  20 16.961887 -0.559945 -0.685588 0.057208 -0.563242 -0.824309 0.365234 0.875000
  20 16.971203 -0.549167 -0.695438 0.057172 -0.563219 -0.824328 0.388672 0.861328
hands.bmp
  20 17.127327 -0.446206 -1.633107 0.744914 -0.588731 -0.313845 0.070313 0.837891
  20 17.132412 -0.345435 -1.842916 0.747629 -0.485961 -0.452652 0.050781 0.835938
  20 17.148571 -0.304025 -1.802617 0.704958 -0.540450 -0.459291 0.050781 0.828125
hands.bmp
  20 16.718750 -0.699658 -1.129395 -0.515380 -0.774374 -0.367053 0.615234 0.335938
  20 16.886208 -0.766513 -1.237044 -0.515315 -0.774399 -0.367093 0.623047 0.361328
  20 16.934956 -0.752589 -1.216307 -0.515347 -0.774386 -0.367075 0.623047 0.361328
hands.bmp
  20 16.934956 -0.752589 -1.216307 -0.518520 -0.668011 -0.533759 0.623047 0.361328
  20 16.740128 -0.718017 -1.119106 -0.518519 -0.668009 -0.533763 0.615234 0.335938
  20 16.718750 -0.699658 -1.129395 -0.518516 -0.668006 -0.533768 0.615234 0.335938
hands.bmp
  20 16.886208 -0.766513 -1.237044 0.332367 -0.715503 -0.614482 0.623047 0.361328
  20 17.082932 -0.730746 -1.164102 0.332379 -0.715498 -0.614481 0.613281 0.382813
  20 17.064297 -0.752303 -1.144402 0.332377 -0.715499 -0.614481 0.613281 0.382813
hands.bmp
  20 17.064297 -0.752303 -1.144402 0.270846 -0.862328 -0.427824 0.613281 0.382813
  20 16.934956 -0.752589 -1.216307 0.270872 -0.862325 -0.427814 0.623047 0.361328
  20 16.886208 -0.766513 -1.237044 0.270827 -0.862327 -0.427837 0.623047 0.361328
hands.bmp
  40 -38.613693 1.099084 -0.003545 0.843332 0.451876 0.290860 0.695313 0.763672
  40 -38.647228 0.620164 0.316317 0.856778 0.168786 0.487281 0.664063 0.781250
  40 -38.672024 0.572000 0.256608 0.863256 -0.244961 -0.441343 0.664063 0.775391
hands.bmp
  40 -38.613693 1.099084 -0.003545 0.843332 0.451876 0.290860 0.695313 0.763672
  40 -38.672024 0.572000 0.256608 0.863256 -0.244961 -0.441343 0.664063 0.775391
  40 -38.607647 1.058484 -0.053696 0.872429 -0.431828 -0.228894 0.693359 0.759766
hands.bmp
  20 16.465714 0.905080 -0.150776 0.107416 0.825521 0.554055 0.392578 0.039063
  20 16.439823 1.103795 -0.830954 0.174191 0.983540 -0.048021 0.351563 0.037109
  3 14.950278 1.350002 -0.944507 0.176085 0.979813 -0.094659 0.353516 0.126953
hands.bmp
  20 16.465714 0.905080 -0.150776 0.107416 0.825521 0.554055 0.392578 0.039063
  3 14.950278 1.350002 -0.944507 0.176085 0.979813 -0.094659 0.353516 0.126953
  3 14.999927 1.162417 -0.222188 0.137653 0.846147 0.514865 0.400391 0.121094
hands.bmp
  3 14.950278 1.350002 -0.944507 0.176085 0.979813 -0.094659 0.353516 0.126953
  3 13.122249 1.661028 -1.089315 0.164723 0.981788 -0.094648 0.361328 0.232422
  3 13.167926 1.503819 -0.237142 0.121936 0.867101 0.482978 0.412109 0.228516
hands.bmp
  3 14.950278 1.350002 -0.944507 0.176085 0.979813 -0.094659 0.353516 0.126953
  3 13.167926 1.503819 -0.237142 0.121936 0.867101 0.482978 0.412109 0.228516
  3 14.999927 1.162417 -0.222188 0.137653 0.846147 0.514865 0.400391 0.121094
hands.bmp
  32 -44.202370 0.682579 0.275434 -0.199799 -0.948926 -0.244171 0.941406 0.535156
  32 -44.151176 0.754570 0.472402 0.030222 -0.666041 0.745303 0.902344 0.542969
  33 -44.305305 0.800526 0.490471 0.050568 -0.664120 0.745914 0.906250 0.519531
hands.bmp
  32 -44.202370 0.682579 0.275434 -0.199799 -0.948926 -0.244171 0.941406 0.535156
  33 -44.305305 0.800526 0.490471 0.050568 -0.664120 0.745914 0.906250 0.519531
  33 -44.386612 0.721851 0.301262 -0.210128 -0.915995 -0.341758 0.939453 0.511719
hands.bmp
  2 11.292529 1.892258 -1.163911 0.032257 0.987808 -0.152298 0.373047 0.339844
  2 8.509952 1.749464 -1.095431 -0.028944 0.996596 -0.077190 0.376953 0.474609
  2 8.517184 1.641891 -0.304562 -0.067482 0.882971 0.464552 0.427734 0.476563
hands.bmp
  2 11.292529 1.892258 -1.163911 0.032257 0.987808 -0.152298 0.373047 0.339844
  2 8.517184 1.641891 -0.304562 -0.067482 0.882971 0.464552 0.427734 0.476563
  2 11.328521 1.794941 -0.332206 0.029531 0.890564 0.453898 0.423828 0.335938
hands.bmp
  38 -41.328056 0.390447 1.556430 -0.714581 0.693135 0.094538 0.470703 0.919922
  38 -41.352047 0.304002 1.981697 -0.652202 0.732610 0.194718 0.472656 0.962891
  38 -41.176922 0.450406 2.079654 -0.168643 0.562976 0.809084 0.498047 0.972656
hands.bmp
  38 -41.328056 0.390447 1.556430 -0.714581 0.693135 0.094538 0.470703 0.919922
  38 -41.176922 0.450406 2.079654 -0.168643 0.562976 0.809084 0.498047 0.972656
  38 -41.036674 0.583749 1.634735 -0.054289 0.959797 0.275396 0.498047 0.923828
hands.bmp
  2 8.488303 0.544964 -2.543225 0.049914 0.132186 -0.989967 0.277344 0.472656
  2 11.249698 0.437897 -2.531572 0.062447 0.132719 -0.989185 0.279297 0.341797
  2 11.158484 -0.491968 -2.341490 0.042050 -0.580280 -0.813331 0.228516 0.341797
hands.bmp
  2 8.488303 0.544964 -2.543225 0.049914 0.132186 -0.989967 0.277344 0.472656
  2 11.158484 -0.491968 -2.341490 0.042050 -0.580280 -0.813331 0.228516 0.341797
  2 8.485705 -0.474299 -2.290248 -0.089616 -0.600954 -0.794244 0.226563 0.472656
hands.bmp
  12 21.999161 0.984131 0.091780 0.302472 -0.207747 -0.930243 0.968750 0.525391
  13 22.663441 1.008472 0.324110 0.500870 -0.234323 -0.833200 0.960938 0.392578
  13 22.575409 0.805273 0.450049 0.560570 -0.747163 -0.357083 0.939453 0.396484
hands.bmp
  12 21.999161 0.984131 0.091780 0.302472 -0.207747 -0.930243 0.968750 0.525391
  13 22.575409 0.805273 0.450049 0.560570 -0.747163 -0.357083 0.939453 0.396484
  13 22.030334 0.721840 0.301262 0.210128 -0.915997 -0.341755 0.939453 0.511719
hands.bmp
  1 3.731246 1.570862 -1.615268 -0.079839 0.724110 -0.685048 0.337891 0.677734
  1 3.849801 1.988997 -0.587159 -0.001856 0.992763 -0.120076 0.376953 0.677734
  1 7.195498 1.811387 -1.095169 0.076300 0.991308 -0.107175 0.376953 0.533203
hands.bmp
  1 3.731246 1.570862 -1.615268 -0.079839 0.724110 -0.685048 0.337891 0.677734
  1 7.195498 1.811387 -1.095169 0.076300 0.991308 -0.107175 0.376953 0.533203
  1 7.044894 1.534197 -1.974591 -0.124896 0.787048 -0.604116 0.337891 0.533203
hands.bmp
  1 6.883367 0.650044 -2.429658 -0.157046 0.103010 -0.982204 0.285156 0.541016
  1 3.679545 0.627616 -2.018892 -0.130387 0.070076 -0.988984 0.285156 0.675781
  1 3.731246 1.570862 -1.615268 -0.079839 0.724110 -0.685048 0.337891 0.677734
hands.bmp
  1 6.883367 0.650044 -2.429658 -0.157046 0.103010 -0.982204 0.285156 0.541016
  1 3.731246 1.570862 -1.615268 -0.079839 0.724110 -0.685048 0.337891 0.677734
  1 7.044894 1.534197 -1.974591 -0.124896 0.787048 -0.604116 0.337891 0.533203
hands.bmp
  1 6.895768 -0.417678 -2.121736 -0.048353 -0.607401 -0.792922 0.228516 0.537109
  1 3.712050 -0.499862 -1.690348 -0.101279 -0.575489 -0.811514 0.228516 0.673828
  1 3.679545 0.627616 -2.018892 -0.130387 0.070076 -0.988984 0.285156 0.675781
hands.bmp
  1 6.895768 -0.417678 -2.121736 -0.048353 -0.607401 -0.792922 0.228516 0.537109
  1 3.679545 0.627616 -2.018892 -0.130387 0.070076 -0.988984 0.285156 0.675781
  1 6.883367 0.650044 -2.429658 -0.157046 0.103010 -0.982204 0.285156 0.541016
hands.bmp
  1 7.119586 -1.148793 -1.054275 0.086067 -0.980679 -0.175672 0.173828 0.529297
  1 3.815955 -1.381047 -0.552889 -0.010450 -0.980615 -0.195664 0.171875 0.669922
  1 3.712050 -0.499862 -1.690348 -0.101279 -0.575489 -0.811514 0.228516 0.673828
hands.bmp
  1 7.119586 -1.148793 -1.054275 0.086067 -0.980679 -0.175672 0.173828 0.529297
  1 3.712050 -0.499862 -1.690348 -0.101279 -0.575489 -0.811514 0.228516 0.673828
  1 6.895768 -0.417678 -2.121736 -0.048353 -0.607401 -0.792922 0.228516 0.537109
hands.bmp
  1 7.337924 -0.799733 0.035259 0.215982 -0.780130 0.587154 0.095703 0.525391
  1 3.953745 -1.031940 0.595909 0.091979 -0.802205 0.589921 0.095703 0.671875
  1 3.815955 -1.381047 -0.552889 -0.010450 -0.980615 -0.195664 0.171875 0.669922
hands.bmp
  1 7.337924 -0.799733 0.035259 0.215982 -0.780130 0.587154 0.095703 0.525391
  1 3.815955 -1.381047 -0.552889 -0.010450 -0.980615 -0.195664 0.171875 0.669922
  1 7.119586 -1.148793 -1.054275 0.086067 -0.980679 -0.175672 0.173828 0.529297
hands.bmp
  1 -0.009664 -1.235709 -0.039051 -0.056998 -0.983079 -0.174091 0.164063 0.800781
  1 -0.113667 -0.523787 -1.075269 -0.131791 -0.590984 -0.795845 0.232422 0.804688
  1 3.712050 -0.499862 -1.690348 -0.101279 -0.575489 -0.811514 0.228516 0.673828
hands.bmp
  1 -0.009664 -1.235709 -0.039051 -0.056998 -0.983079 -0.174091 0.164063 0.800781
  1 3.712050 -0.499862 -1.690348 -0.101279 -0.575489 -0.811514 0.228516 0.673828
  1 3.815955 -1.381047 -0.552889 -0.010450 -0.980615 -0.195664 0.171875 0.669922
hands.bmp
  1 0.208056 0.157809 1.652902 0.109227 -0.189480 0.975790 0.056641 0.802734
  1 0.128325 -0.946527 1.120187 0.054654 -0.783597 0.618861 0.101563 0.802734
  1 3.953745 -1.031940 0.595909 0.091979 -0.802205 0.589921 0.095703 0.671875
hands.bmp
  1 0.208056 0.157809 1.652902 0.109227 -0.189480 0.975790 0.056641 0.802734
  1 3.953745 -1.031940 0.595909 0.091979 -0.802205 0.589921 0.095703 0.671875
  1 4.032228 0.123196 1.238250 0.142900 -0.200086 0.969301 0.052734 0.669922
hands.bmp
  1 4.032228 0.123196 1.238250 0.142900 -0.200086 0.969301 0.052734 0.669922
  1 4.038760 1.032480 1.131670 0.134177 0.441272 0.887285 0.007813 0.675781
  1 0.224830 1.017145 1.546780 0.096068 0.441216 0.892244 0.011719 0.806641
hands.bmp
  1 4.032228 0.123196 1.238250 0.142900 -0.200086 0.969301 0.052734 0.669922
  1 0.224830 1.017145 1.546780 0.096068 0.441216 0.892244 0.011719 0.806641
  1 0.208056 0.157809 1.652902 0.109227 -0.189480 0.975790 0.056641 0.802734
hands.bmp
  20 16.677605 -0.201516 -0.359225 0.068140 -0.888824 0.453153 0.121094 0.023438
  3 14.929183 -0.308172 -0.300059 0.076274 -0.797439 0.598559 0.121094 0.117188
  3 14.890464 -0.449449 -0.660950 0.097126 -0.895898 0.433513 0.136719 0.119141
hands.bmp
  20 16.677605 -0.201516 -0.359225 0.068140 -0.888824 0.453153 0.121094 0.023438
  3 14.890464 -0.449449 -0.660950 0.097126 -0.895898 0.433513 0.136719 0.119141
  20 16.774715 -0.344159 -0.728038 0.069621 -0.902094 0.425887 0.140625 0.017578
hands.bmp
  3 14.890464 -0.449449 -0.660950 0.097126 -0.895898 0.433513 0.136719 0.119141
  3 14.887168 -0.560100 -0.870819 0.102875 -0.981244 0.163026 0.150391 0.121094
  20 16.694168 -0.430806 -0.919361 0.068489 -0.981758 0.177371 0.152344 0.023438
hands.bmp
  3 14.890464 -0.449449 -0.660950 0.097126 -0.895898 0.433513 0.136719 0.119141
  20 16.694168 -0.430806 -0.919361 0.068489 -0.981758 0.177371 0.152344 0.023438
  20 16.774715 -0.344159 -0.728038 0.069621 -0.902094 0.425887 0.140625 0.017578
hands.bmp
  40 -39.050449 -0.430797 -0.919361 -0.068489 -0.981758 0.177373 0.152344 0.023438
  40 -38.989719 -0.405534 -1.020227 -0.069789 -0.988814 -0.131823 0.164063 0.025391
  23 -37.243446 -0.560092 -0.870819 -0.102879 -0.981235 0.163078 0.150391 0.121094
hands.bmp
  3 14.882583 -0.520696 -1.061151 0.106390 -0.994079 0.022108 0.160156 0.121094
  20 16.570457 -0.440606 -1.321232 0.107699 -0.993977 0.020258 0.185547 0.031250
  20 16.633442 -0.405543 -1.020227 0.069789 -0.988814 -0.131821 0.164063 0.025391
hands.bmp
  3 14.882583 -0.520696 -1.061151 0.106390 -0.994079 0.022108 0.160156 0.121094
  20 16.633442 -0.405543 -1.020227 0.069789 -0.988814 -0.131821 0.164063 0.025391
  3 14.887168 -0.560100 -0.870819 0.102875 -0.981244 0.163026 0.150391 0.121094
hands.bmp
  3 14.882916 -0.651695 -1.390907 0.110525 -0.979580 -0.167949 0.183594 0.121094
  20 16.569851 -0.390447 -1.551196 0.095286 -0.935828 -0.339333 0.197266 0.031250
  20 16.570457 -0.440606 -1.321232 0.107699 -0.993977 0.020258 0.185547 0.031250
hands.bmp
  3 14.882916 -0.651695 -1.390907 0.110525 -0.979580 -0.167949 0.183594 0.121094
  20 16.570457 -0.440606 -1.321232 0.107699 -0.993977 0.020258 0.185547 0.031250
  3 14.882583 -0.520696 -1.061151 0.106390 -0.994079 0.022108 0.160156 0.121094
hands.bmp
  3 14.899234 -0.492344 -1.630992 0.085335 -0.812185 -0.577125 0.205078 0.125000
  20 16.556656 -0.321244 -1.711311 0.063753 -0.737076 -0.672796 0.208984 0.033203
  20 16.569851 -0.390447 -1.551196 0.095286 -0.935828 -0.339333 0.197266 0.031250
hands.bmp
  3 14.899234 -0.492344 -1.630992 0.085335 -0.812185 -0.577125 0.205078 0.125000
  20 16.569851 -0.390447 -1.551196 0.095286 -0.935828 -0.339333 0.197266 0.031250
  3 14.882916 -0.651695 -1.390907 0.110525 -0.979580 -0.167949 0.183594 0.121094
hands.bmp
  3 14.914821 -0.302934 -1.851176 0.102407 -0.651861 -0.751392 0.222656 0.126953
  20 16.526890 -0.183156 -1.801566 0.083182 -0.393367 -0.915611 0.220703 0.033203
  20 16.556656 -0.321244 -1.711311 0.063753 -0.737076 -0.672796 0.208984 0.033203
hands.bmp
  3 14.914821 -0.302934 -1.851176 0.102407 -0.651861 -0.751392 0.222656 0.126953
  20 16.556656 -0.321244 -1.711311 0.063753 -0.737076 -0.672796 0.208984 0.033203
  3 14.899234 -0.492344 -1.630992 0.085335 -0.812185 -0.577125 0.205078 0.125000
hands.bmp
  3 14.917144 -0.043284 -1.971910 0.131989 -0.269747 -0.953843 0.240234 0.128906
  20 16.524551 -0.022826 -1.831382 0.142900 0.041418 -0.988870 0.234375 0.033203
  20 16.526890 -0.183156 -1.801566 0.083182 -0.393367 -0.915611 0.220703 0.033203
hands.bmp
  3 14.917144 -0.043284 -1.971910 0.131989 -0.269747 -0.953843 0.240234 0.128906
  20 16.526890 -0.183156 -1.801566 0.083182 -0.393367 -0.915611 0.220703 0.033203
  3 14.914821 -0.302934 -1.851176 0.102407 -0.651861 -0.751392 0.222656 0.126953
hands.bmp
  3 14.994971 0.477058 -1.981124 0.179005 0.319612 -0.930487 0.271484 0.128906
  20 16.581646 0.362912 -1.669992 0.194727 0.471742 -0.859966 0.275391 0.035156
  20 16.524551 -0.022826 -1.831382 0.142900 0.041418 -0.988870 0.234375 0.033203
hands.bmp
  3 14.994971 0.477058 -1.981124 0.179005 0.319612 -0.930487 0.271484 0.128906
  20 16.524551 -0.022826 -1.831382 0.142900 0.041418 -0.988870 0.234375 0.033203
  3 14.917144 -0.043284 -1.971910 0.131989 -0.269747 -0.953843 0.240234 0.128906
hands.bmp
  3 14.979053 1.048350 -1.533046 0.193354 0.772181 -0.605269 0.314453 0.126953
  20 16.473408 0.895907 -1.300800 0.183737 0.789391 -0.585750 0.316406 0.035156
  20 16.581646 0.362912 -1.669992 0.194727 0.471742 -0.859966 0.275391 0.035156
hands.bmp
  3 14.979053 1.048350 -1.533046 0.193354 0.772181 -0.605269 0.314453 0.126953
  20 16.581646 0.362912 -1.669992 0.194727 0.471742 -0.859966 0.275391 0.035156
  3 14.994971 0.477058 -1.981124 0.179005 0.319612 -0.930487 0.271484 0.128906
hands.bmp
  21 -26.068329 -0.499856 -1.690348 0.101279 -0.575489 -0.811514 0.228516 0.673828
  21 -26.172234 -1.381042 -0.552889 0.010444 -0.980615 -0.195665 0.171875 0.669922
  21 -29.475864 -1.148787 -1.054275 -0.086093 -0.980686 -0.175622 0.173828 0.529297
hands.bmp
  21 -26.068329 -0.499856 -1.690348 0.101279 -0.575489 -0.811514 0.228516 0.673828
  21 -29.475864 -1.148787 -1.054275 -0.086093 -0.980686 -0.175622 0.173828 0.529297
  21 -29.252048 -0.417672 -2.121736 0.048364 -0.607315 -0.792987 0.228516 0.537109
hands.bmp
  11 20.831863 0.940978 0.375373 0.683454 0.118330 0.720339 0.628906 0.050781
  11 20.879845 1.150115 0.167143 0.832914 0.324495 0.448281 0.621094 0.068359
  11 20.852776 1.200007 0.175957 0.402417 0.751825 0.522322 0.626953 0.070313
hands.bmp
  11 20.831863 0.940978 0.375373 0.683454 0.118330 0.720339 0.628906 0.050781
  11 20.852776 1.200007 0.175957 0.402417 0.751825 0.522322 0.626953 0.070313
  11 20.793049 0.952519 0.406356 0.258394 0.231825 0.937811 0.636719 0.050781
hands.bmp
  4 19.699684 1.194549 0.046958 -0.024420 0.848826 0.528107 0.734375 0.089844
  11 19.833210 0.855504 0.275996 0.033510 0.247695 0.968258 0.722656 0.066406
  11 20.793049 0.952519 0.406356 0.258394 0.231825 0.937811 0.636719 0.050781
hands.bmp
  4 19.699684 1.194549 0.046958 -0.024420 0.848826 0.528107 0.734375 0.089844
  11 20.793049 0.952519 0.406356 0.258394 0.231825 0.937811 0.636719 0.050781
  11 20.852776 1.200007 0.175957 0.402417 0.751825 0.522322 0.626953 0.070313
hands.bmp
  11 20.852776 1.200007 0.175957 0.402417 0.751825 0.522322 0.626953 0.070313
  11 20.900074 1.246163 0.037276 0.596168 0.797227 -0.094934 0.619141 0.091797
  4 19.755444 1.274678 -0.255481 0.033316 0.994359 -0.100699 0.726563 0.117188
hands.bmp
  11 20.852776 1.200007 0.175957 0.402417 0.751825 0.522322 0.626953 0.070313
  4 19.755444 1.274678 -0.255481 0.033316 0.994359 -0.100699 0.726563 0.117188
  4 19.699684 1.194549 0.046958 -0.024420 0.848826 0.528107 0.734375 0.089844
hands.bmp
  40 -39.160023 -0.482305 -0.587789 -0.132883 -0.816627 0.561660 0.539063 0.730469
  40 -39.133774 -0.344031 -0.237944 -0.167466 -0.962529 0.213289 0.539063 0.789063
  40 -39.198704 -0.268609 -0.286893 -0.720713 -0.288458 -0.630368 0.535156 0.785156
hands.bmp
  40 -39.160023 -0.482305 -0.587789 -0.132883 -0.816627 0.561660 0.539063 0.730469
  40 -39.198704 -0.268609 -0.286893 -0.720713 -0.288458 -0.630368 0.535156 0.785156
  40 -39.233387 -0.396190 -0.586594 -0.692312 0.240803 0.680234 0.535156 0.736328
hands.bmp
  24 -41.445663 1.157117 0.080583 0.032447 0.932312 0.360197 0.789063 0.089844
  24 -40.864422 1.178555 -0.256319 0.080651 0.985181 0.151373 0.839844 0.121094
  24 -41.530937 1.222772 -0.487412 0.021660 0.999589 0.018798 0.777344 0.140625
hands.bmp
  24 -41.530937 1.222772 -0.487412 0.021660 0.999589 0.018798 0.777344 0.140625
  24 -40.864422 1.178555 -0.256319 0.080651 0.985181 0.151373 0.839844 0.121094
  24 -41.542759 1.231320 -1.167403 -0.042859 0.978797 -0.200301 0.773438 0.201172
hands.bmp
  24 -40.864422 1.178555 -0.256319 0.080651 0.985181 0.151373 0.839844 0.121094
  24 -39.817230 1.116235 -0.914585 0.066837 0.995627 -0.065263 0.929688 0.185547
  24 -41.542759 1.231320 -1.167403 -0.042859 0.978797 -0.200301 0.773438 0.201172
hands.bmp
  27 -45.061329 0.619713 -2.181614 -0.262165 -0.948450 0.178077 0.921875 0.416016
  27 -45.199425 0.726364 -2.150718 -0.621719 -0.376030 0.687071 0.902344 0.394531
  27 -45.248032 0.701824 -2.250893 -0.837080 -0.546861 -0.015505 0.923828 0.386719
hands.bmp
  27 -45.061329 0.619713 -2.181614 -0.262165 -0.948450 0.178077 0.921875 0.416016
  27 -45.248032 0.701824 -2.250893 -0.837080 -0.546861 -0.015505 0.923828 0.386719
  27 -45.180027 0.673862 -2.322959 -0.415134 -0.758101 -0.502939 0.939453 0.396484
hands.bmp
  3 13.070025 0.114827 0.254199 0.053192 -0.395318 0.917003 0.080078 0.222656
  3 14.969001 0.102868 -0.019951 0.053636 -0.511977 0.857323 0.099609 0.113281
  3 15.011405 0.463678 0.180345 0.061941 -0.123126 0.990456 0.072266 0.109375
hands.bmp
  3 13.070025 0.114827 0.254199 0.053192 -0.395318 0.917003 0.080078 0.222656
  3 15.011405 0.463678 0.180345 0.061941 -0.123126 0.990456 0.072266 0.109375
  3 13.184112 0.865618 0.335428 0.058558 0.312600 0.948078 0.042969 0.218750
hands.bmp
  4 17.434780 0.983869 -1.429947 -0.179562 0.866671 -0.465445 0.933594 0.238281
  4 17.773945 1.045337 -1.483719 -0.143243 0.907394 -0.395117 0.902344 0.242188
  4 18.030254 0.714316 -2.041960 -0.180991 0.684795 -0.705902 0.876953 0.283203
hands.bmp
  4 17.434780 0.983869 -1.429947 -0.179562 0.866671 -0.465445 0.933594 0.238281
  4 18.030254 0.714316 -2.041960 -0.180991 0.684795 -0.705902 0.876953 0.283203
  4 17.429871 0.600083 -1.881039 -0.299085 0.571559 -0.764113 0.933594 0.273438
hands.bmp
  4 17.434780 0.983869 -1.429947 -0.179562 0.866671 -0.465445 0.933594 0.238281
  20 17.031654 0.950555 -1.352545 0.633822 0.698013 -0.333239 0.964844 0.230469
  20 17.058876 1.143226 -0.841823 0.766473 0.641507 0.031434 0.968750 0.179688
hands.bmp
  4 17.434780 0.983869 -1.429947 -0.179562 0.866671 -0.465445 0.933594 0.238281
  20 17.058876 1.143226 -0.841823 0.766473 0.641507 0.031434 0.968750 0.179688
  4 17.460953 1.116225 -0.914585 -0.066835 0.995627 -0.065263 0.929688 0.185547
hands.bmp
  4 18.073788 -0.267297 -2.086042 -0.132543 -0.727994 -0.672649 0.880859 0.343750
  4 17.391575 -0.093791 -2.034252 -0.188398 -0.489770 -0.851253 0.943359 0.308594
  4 17.416672 0.043115 -2.104449 -0.318855 -0.058204 -0.946015 0.939453 0.300781
hands.bmp
  4 18.073788 -0.267297 -2.086042 -0.132543 -0.727994 -0.672649 0.880859 0.343750
  4 17.416672 0.043115 -2.104449 -0.318855 -0.058204 -0.946015 0.939453 0.300781
  4 18.141220 0.172296 -2.409789 -0.264105 0.031826 -0.963969 0.865234 0.316406
hands.bmp
  24 -40.430069 -0.267287 -2.086042 0.132542 -0.727994 -0.672649 0.880859 0.343750
  24 -39.747852 -0.093781 -2.034252 0.188398 -0.489771 -0.851252 0.943359 0.308594
  24 -39.794472 -0.308759 -1.885553 0.157059 -0.760432 -0.630139 0.945313 0.318359
hands.bmp
  27 -45.335808 0.895983 -2.332735 -0.974775 0.116065 -0.190635 0.923828 0.367188
  27 -45.248032 0.701824 -2.250893 -0.837080 -0.546861 -0.015505 0.923828 0.386719
  27 -45.199425 0.726364 -2.150718 -0.621719 -0.376030 0.687071 0.902344 0.394531
hands.bmp
  27 -45.335808 0.895983 -2.332735 -0.974775 0.116065 -0.190635 0.923828 0.367188
  27 -45.199425 0.726364 -2.150718 -0.621719 -0.376030 0.687071 0.902344 0.394531
  27 -45.272079 0.925852 -2.209258 -0.821710 0.359358 0.442328 0.902344 0.375000
hands.bmp
  1 7.488421 0.164878 0.559643 0.269009 -0.177657 0.946611 0.052734 0.523438
  1 7.485377 1.023972 0.433341 0.265867 0.430711 0.862440 0.007813 0.529297
  1 4.038760 1.032480 1.131670 0.134177 0.441272 0.887285 0.007813 0.675781
hands.bmp
  1 7.488421 0.164878 0.559643 0.269009 -0.177657 0.946611 0.052734 0.523438
  1 4.038760 1.032480 1.131670 0.134177 0.441272 0.887285 0.007813 0.675781
  1 4.032228 0.123196 1.238250 0.142900 -0.200086 0.969301 0.052734 0.669922
hands.bmp
  24 -41.899132 0.580644 0.323578 -0.408187 -0.502805 0.761952 0.742188 0.041016
  31 -41.842659 0.873017 0.348126 -0.253190 0.424610 0.869253 0.763672 0.062500
  31 -42.189487 0.855514 0.275996 -0.033511 0.247698 0.968257 0.722656 0.066406
hands.bmp
  24 -41.899132 0.580644 0.323578 -0.408187 -0.502805 0.761952 0.742188 0.041016
  31 -42.189487 0.855514 0.275996 -0.033511 0.247698 0.968257 0.722656 0.066406
  31 -42.240944 0.592296 0.244879 -0.078982 -0.684647 0.724583 0.710938 0.041016
hands.bmp
  6 21.014404 0.633513 -2.125888 -0.147406 -0.391405 -0.908335 0.970703 0.628906
  6 22.040787 0.701782 -2.342412 -0.145710 -0.347802 -0.926176 0.968750 0.525391
  6 22.048950 0.570070 -2.152187 0.057907 -0.972496 -0.225607 0.941406 0.535156
hands.bmp
  6 21.014404 0.633513 -2.125888 -0.147406 -0.391405 -0.908335 0.970703 0.628906
  6 22.048950 0.570070 -2.152187 0.057907 -0.972496 -0.225607 0.941406 0.535156
  6 21.080883 0.503391 -1.949681 -0.056660 -0.975509 -0.212534 0.941406 0.634766
hands.bmp
  1 6.895768 -0.417678 -2.121736 -0.048353 -0.607401 -0.792922 0.228516 0.537109
  1 7.766589 -0.384229 -2.223988 -0.093539 -0.608775 -0.787810 0.232422 0.501953
  1 7.869550 -0.955864 -1.148800 0.017649 -0.987461 -0.156876 0.171875 0.496094
hands.bmp
  1 6.895768 -0.417678 -2.121736 -0.048353 -0.607401 -0.792922 0.228516 0.537109
  1 7.869550 -0.955864 -1.148800 0.017649 -0.987461 -0.156876 0.171875 0.496094
  1 7.119586 -1.148793 -1.054275 0.086067 -0.980679 -0.175672 0.173828 0.529297
hands.bmp
  39 -41.383301 -0.184915 2.933007 -0.360186 -0.729361 0.581635 0.679688 0.863281
  39 -41.192726 -0.176145 2.930924 0.490065 -0.671517 0.555789 0.695313 0.875000
  39 -41.214035 -0.035073 3.015453 0.083017 -0.069253 0.994139 0.722656 0.855469
hands.bmp
  39 -41.383301 -0.184915 2.933007 -0.360186 -0.729361 0.581635 0.679688 0.863281
  39 -41.214035 -0.035073 3.015453 0.083017 -0.069253 0.994139 0.722656 0.855469
  39 -41.442703 -0.039849 3.005995 -0.560894 -0.038716 0.826982 0.722656 0.841797
hands.bmp
  1 6.883367 0.650044 -2.429658 -0.157046 0.103010 -0.982204 0.285156 0.541016
  1 7.044894 1.534197 -1.974591 -0.124896 0.787048 -0.604116 0.337891 0.533203
  1 7.795323 1.686911 -2.098821 0.002025 0.847892 -0.530165 0.337891 0.503906
hands.bmp
  1 6.883367 0.650044 -2.429658 -0.157046 0.103010 -0.982204 0.285156 0.541016
  1 7.795323 1.686911 -2.098821 0.002025 0.847892 -0.530165 0.337891 0.503906
  1 7.696445 0.462259 -2.660836 -0.082939 -0.068211 -0.994217 0.277344 0.503906
hands.bmp
  3 15.011405 0.463678 0.180345 0.061941 -0.123126 0.990456 0.072266 0.109375
  20 16.481060 0.404645 0.158790 0.015011 -0.030250 0.999430 0.068359 0.019531
  20 16.548782 0.570577 0.110007 0.047836 0.423280 0.904735 0.056641 0.017578
hands.bmp
  3 15.011405 0.463678 0.180345 0.061941 -0.123126 0.990456 0.072266 0.109375
  20 16.548782 0.570577 0.110007 0.047836 0.423280 0.904735 0.056641 0.017578
  3 15.081536 0.743863 0.131580 0.084375 0.412098 0.907224 0.060547 0.109375
hands.bmp
  22 -33.648808 1.892265 -1.163911 -0.032258 0.987808 -0.152299 0.373047 0.339844
  22 -33.657040 1.459608 -2.052808 -0.049157 0.714911 -0.697486 0.326172 0.341797
  23 -35.501572 1.328933 -1.817996 -0.163148 0.745978 -0.645677 0.318359 0.234375
hands.bmp
  22 -33.648808 1.892265 -1.163911 -0.032258 0.987808 -0.152299 0.373047 0.339844
  23 -35.501572 1.328933 -1.817996 -0.163148 0.745978 -0.645677 0.318359 0.234375
  23 -35.478527 1.661036 -1.089315 -0.164726 0.981788 -0.094648 0.361328 0.232422
hands.bmp
  2 11.300761 1.459600 -2.052808 0.049157 0.714911 -0.697485 0.326172 0.341797
  3 13.145293 1.328925 -1.817996 0.163144 0.745979 -0.645678 0.318359 0.234375
  3 13.105897 0.327097 -2.356500 0.136190 0.132710 -0.981754 0.267578 0.234375
hands.bmp
  2 11.300761 1.459600 -2.052808 0.049157 0.714911 -0.697485 0.326172 0.341797
  3 13.105897 0.327097 -2.356500 0.136190 0.132710 -0.981754 0.267578 0.234375
  2 11.249698 0.437897 -2.531572 0.062447 0.132719 -0.989185 0.279297 0.341797
hands.bmp
  37 -40.807789 0.953963 0.546296 0.096763 0.927724 0.360505 0.517578 0.814453
  38 -40.933025 0.707805 1.134369 -0.092417 0.922672 0.374347 0.505859 0.873047
  38 -40.560261 0.538396 1.230541 0.541750 0.661734 0.518281 0.554688 0.880859
hands.bmp
  37 -40.807789 0.953963 0.546296 0.096763 0.927724 0.360505 0.517578 0.814453
  38 -40.560261 0.538396 1.230541 0.541750 0.661734 0.518281 0.554688 0.880859
  37 -40.349155 0.673261 0.732207 0.487010 0.702819 0.518523 0.572266 0.828125
hands.bmp
  11 20.806324 0.727952 0.300087 0.533124 -0.530922 0.658711 0.638672 0.031250
  11 20.831863 0.940978 0.375373 0.683454 0.118330 0.720339 0.628906 0.050781
  11 20.793049 0.952519 0.406356 0.258394 0.231825 0.937811 0.636719 0.050781
hands.bmp
  11 20.806324 0.727952 0.300087 0.533124 -0.530922 0.658711 0.638672 0.031250
  11 20.793049 0.952519 0.406356 0.258394 0.231825 0.937811 0.636719 0.050781
  11 20.770626 0.689982 0.337286 0.216090 -0.591719 0.776643 0.644531 0.031250
hands.bmp
  32 -43.424248 1.054806 -0.060820 -0.207927 0.526764 -0.824188 0.892578 0.964844
  32 -43.438042 0.874979 -0.130618 -0.302448 -0.207757 -0.930249 0.871094 0.968750
  32 -44.355438 0.984142 0.091780 -0.302478 -0.207745 -0.930241 0.876953 0.824219
hands.bmp
  32 -43.424248 1.054806 -0.060820 -0.207927 0.526764 -0.824188 0.892578 0.964844
  32 -44.355438 0.984142 0.091780 -0.302478 -0.207745 -0.930241 0.876953 0.824219
  32 -44.369377 1.114424 0.152879 -0.207945 0.526766 -0.824182 0.892578 0.812500
hands.bmp
  31 -42.189487 0.855514 0.275996 -0.033511 0.247698 0.968257 0.722656 0.066406
  31 -41.842659 0.873017 0.348126 -0.253190 0.424610 0.869253 0.763672 0.062500
  24 -42.055965 1.194558 0.046958 0.024416 0.848827 0.528107 0.734375 0.089844
hands.bmp
  4 19.089386 1.157107 0.080583 -0.032497 0.932306 0.360207 0.789063 0.089844
  17 18.846207 0.913892 0.583818 0.270798 0.818129 0.507280 0.814453 0.042969
  11 19.486378 0.873008 0.348126 0.253190 0.424606 0.869255 0.763672 0.062500
hands.bmp
  4 19.089386 1.157107 0.080583 -0.032497 0.932306 0.360207 0.789063 0.089844
  11 19.486378 0.873008 0.348126 0.253190 0.424606 0.869255 0.763672 0.062500
  4 19.699684 1.194549 0.046958 -0.024420 0.848826 0.528107 0.734375 0.089844
hands.bmp
  31 -43.149330 0.952529 0.406356 -0.258405 0.231846 0.937803 0.636719 0.050781
  31 -42.189487 0.855514 0.275996 -0.033511 0.247698 0.968257 0.722656 0.066406
  24 -42.055965 1.194558 0.046958 0.024416 0.848827 0.528107 0.734375 0.089844
hands.bmp
  31 -43.149330 0.952529 0.406356 -0.258405 0.231846 0.937803 0.636719 0.050781
  24 -42.055965 1.194558 0.046958 0.024416 0.848827 0.528107 0.734375 0.089844
  31 -43.209053 1.200017 0.175957 -0.402415 0.751831 0.522314 0.626953 0.070313
hands.bmp
  9 21.467514 0.759424 -1.101183 0.057805 -0.331678 -0.941620 0.871094 0.968750
  8 21.314659 0.791840 -1.119527 0.118668 -0.478951 -0.869784 0.871094 0.986328
  8 21.377655 0.958292 -1.070284 -0.075271 0.447735 -0.890992 0.890625 0.984375
hands.bmp
  9 21.467514 0.759424 -1.101183 0.057805 -0.331678 -0.941620 0.871094 0.968750
  8 21.377655 0.958292 -1.070284 -0.075271 0.447735 -0.890992 0.890625 0.984375
  9 21.471764 0.978613 -1.070554 -0.048868 0.499937 -0.864682 0.892578 0.964844
hands.bmp
  24 -39.907661 1.048715 -0.201939 0.163188 0.931636 0.324689 0.925781 0.121094
  37 -40.243279 0.854173 0.418742 0.419288 0.747698 0.514923 0.906250 0.062500
  37 -39.799744 0.552922 0.269318 0.459382 0.511384 0.726261 0.951172 0.076172
hands.bmp
  17 17.810917 0.297978 0.859731 -0.738517 0.296178 0.605699 0.923828 0.027344
  17 17.992874 0.673251 0.732207 -0.487017 0.702818 0.518518 0.894531 0.033203
  17 17.886997 0.854163 0.418742 -0.419289 0.747697 0.514923 0.906250 0.062500
hands.bmp
  17 17.810917 0.297978 0.859731 -0.738517 0.296178 0.605699 0.923828 0.027344
  17 17.886997 0.854163 0.418742 -0.419289 0.747697 0.514923 0.906250 0.062500
  17 17.443462 0.552913 0.269318 -0.459379 0.511387 0.726261 0.951172 0.076172
hands.bmp
  37 -39.799744 0.552922 0.269318 0.459382 0.511384 0.726261 0.951172 0.076172
  37 -40.167194 0.297988 0.859731 0.738516 0.296174 0.605703 0.923828 0.027344
  37 -39.803875 0.359082 0.349373 0.656169 0.071660 0.751204 0.957031 0.070313
hands.bmp
  17 17.447598 0.359073 0.349373 -0.656172 0.071672 0.751200 0.957031 0.070313
  17 17.478264 0.130694 0.331945 -0.700722 -0.325558 0.634824 0.964844 0.060547
  17 17.795532 0.131022 0.885969 -0.804528 -0.065041 0.590343 0.931641 0.023438
hands.bmp
  17 17.447598 0.359073 0.349373 -0.656172 0.071672 0.751200 0.957031 0.070313
  17 17.795532 0.131022 0.885969 -0.804528 -0.065041 0.590343 0.931641 0.023438
  17 17.810917 0.297978 0.859731 -0.738517 0.296178 0.605699 0.923828 0.027344
hands.bmp
  37 -40.151810 0.131032 0.885969 0.804495 -0.065094 0.590382 0.931641 0.023438
  37 -40.130413 0.086558 0.834351 0.822823 -0.132302 0.552683 0.939453 0.019531
  37 -39.834541 0.130704 0.331945 0.700722 -0.325559 0.634823 0.964844 0.060547
hands.bmp
  38 -40.901005 -0.330819 1.211459 -0.009798 -0.994162 0.107454 0.785156 0.771484
  38 -40.418377 -0.055764 1.277903 0.700710 -0.513321 0.495487 0.738281 0.779297
  38 -40.754490 -0.065312 1.719534 0.721740 -0.572918 0.388402 0.759766 0.728516
hands.bmp
  38 -40.901005 -0.330819 1.211459 -0.009798 -0.994162 0.107454 0.785156 0.771484
  38 -40.754490 -0.065312 1.719534 0.721740 -0.572918 0.388402 0.759766 0.728516
  38 -41.026436 -0.265662 1.678280 0.119659 -0.990335 0.070128 0.783203 0.724609
hands.bmp
  40 -38.989719 -0.405534 -1.020227 -0.069789 -0.988814 -0.131823 0.164063 0.025391
  40 -38.926739 -0.440597 -1.321232 -0.107702 -0.993977 0.020258 0.185547 0.031250
  23 -37.238861 -0.520688 -1.061151 -0.106392 -0.994079 0.022107 0.160156 0.121094
hands.bmp
  40 -38.989719 -0.405534 -1.020227 -0.069789 -0.988814 -0.131823 0.164063 0.025391
  23 -37.238861 -0.520688 -1.061151 -0.106392 -0.994079 0.022107 0.160156 0.121094
  23 -37.243446 -0.560092 -0.870819 -0.102879 -0.981235 0.163078 0.150391 0.121094
hands.bmp
  23 -37.306557 1.350010 -0.944507 -0.176084 0.979813 -0.094659 0.353516 0.126953
  40 -38.796101 1.103805 -0.830954 -0.174191 0.983540 -0.048022 0.351563 0.037109
  40 -38.821991 0.905089 -0.150776 -0.107414 0.825521 0.554056 0.392578 0.039063
hands.bmp
  23 -37.306557 1.350010 -0.944507 -0.176084 0.979813 -0.094659 0.353516 0.126953
  40 -38.821991 0.905089 -0.150776 -0.107414 0.825521 0.554056 0.392578 0.039063
  23 -37.356205 1.162425 -0.222188 -0.137653 0.846147 0.514865 0.400391 0.121094
hands.bmp
  20 16.511452 -0.455352 -1.322118 -0.632820 0.770142 0.080130 0.705078 0.767578
  20 16.428120 -0.542264 -1.323460 -0.879013 0.473312 0.057537 0.714844 0.767578
  20 16.411030 -0.553777 -0.783667 -0.746256 0.475951 0.465373 0.724609 0.718750
hands.bmp
  20 16.511452 -0.455352 -1.322118 -0.632820 0.770142 0.080130 0.705078 0.767578
  20 16.411030 -0.553777 -0.783667 -0.746256 0.475951 0.465373 0.724609 0.718750
  20 16.695625 -0.360511 -0.719220 -0.842465 0.532168 -0.083965 0.712891 0.716797
hands.bmp
  40 -38.631317 1.281241 -0.823124 0.106550 0.994031 -0.023442 0.560547 0.722656
  40 -38.603153 1.258929 -0.833569 0.887226 0.460905 -0.019916 0.566406 0.722656
  40 -38.604465 1.098647 -1.413835 0.853307 0.438328 -0.282376 0.580078 0.773438
hands.bmp
  40 -38.631317 1.281241 -0.823124 0.106550 0.994031 -0.023442 0.560547 0.722656
  40 -38.604465 1.098647 -1.413835 0.853307 0.438328 -0.282376 0.580078 0.773438
  40 -38.633720 1.111018 -1.423390 0.060701 0.861670 -0.503825 0.574219 0.777344
hands.bmp
  20 16.452496 -0.109254 0.117654 0.072301 -0.676455 0.732926 0.615234 0.773438
  20 16.440704 0.130530 0.297833 0.029314 -0.436853 0.899055 0.632813 0.781250
  20 16.323784 0.091098 0.276062 -0.815685 -0.349673 0.460855 0.632813 0.777344
hands.bmp
  20 16.452496 -0.109254 0.117654 0.072301 -0.676455 0.732926 0.615234 0.773438
  20 16.323784 0.091098 0.276062 -0.815685 -0.349673 0.460855 0.632813 0.777344
  20 16.363083 -0.116393 0.096331 -0.816052 -0.446861 0.366570 0.617188 0.769531
hands.bmp
  40 -38.680061 0.091107 0.276062 0.815689 -0.349678 0.460844 0.632813 0.777344
  40 -38.666409 0.370889 0.366259 0.836839 -0.094207 0.539282 0.652344 0.781250
  40 -38.796986 0.130540 0.297833 -0.029316 -0.436860 0.899052 0.632813 0.781250
hands.bmp
  40 -38.796986 0.130540 0.297833 -0.029316 -0.436860 0.899052 0.632813 0.781250
  40 -38.666409 0.370889 0.366259 0.836839 -0.094207 0.539282 0.652344 0.781250
  40 -38.683659 0.402360 0.386558 0.004769 -0.019603 0.999797 0.654297 0.785156
hands.bmp
  40 -38.666409 0.370889 0.366259 0.836839 -0.094207 0.539282 0.652344 0.781250
  40 -38.647228 0.620164 0.316317 0.856778 0.168786 0.487281 0.664063 0.781250
  40 -38.683659 0.402360 0.386558 0.004769 -0.019603 0.999797 0.654297 0.785156
hands.bmp
  40 -38.683659 0.402360 0.386558 0.004769 -0.019603 0.999797 0.654297 0.785156
  40 -38.647228 0.620164 0.316317 0.856778 0.168786 0.487281 0.664063 0.781250
  40 -38.698364 0.604182 0.337047 0.019645 0.385917 0.922324 0.666016 0.785156
hands.bmp
  20 16.342083 0.604173 0.337047 -0.019652 0.385935 0.922317 0.666016 0.785156
  20 16.286224 1.111403 0.016897 -0.055536 0.818146 0.572322 0.699219 0.767578
  20 16.257412 1.099074 -0.003545 -0.843341 0.451869 0.290845 0.695313 0.763672
hands.bmp
  20 16.342083 0.604173 0.337047 -0.019652 0.385935 0.922317 0.666016 0.785156
  20 16.257412 1.099074 -0.003545 -0.843341 0.451869 0.290845 0.695313 0.763672
  20 16.290951 0.620154 0.316317 -0.856781 0.168815 0.487266 0.664063 0.781250
hands.bmp
  20 16.286224 1.111403 0.016897 -0.055536 0.818146 0.572322 0.699219 0.767578
  20 16.275036 1.281232 -0.823124 -0.106588 0.994027 -0.023442 0.708984 0.710938
  20 16.246876 1.258920 -0.833569 -0.887254 0.460850 -0.019927 0.705078 0.710938
hands.bmp
  20 16.286224 1.111403 0.016897 -0.055536 0.818146 0.572322 0.699219 0.767578
  20 16.246876 1.258920 -0.833569 -0.887254 0.460850 -0.019927 0.705078 0.710938
  20 16.257412 1.099074 -0.003545 -0.843341 0.451869 0.290845 0.695313 0.763672
hands.bmp
  20 16.357727 -0.286912 -2.014213 -0.100552 -0.468588 -0.877675 0.039063 0.945313
  20 16.821468 -0.199714 -1.957287 -0.557887 -0.447326 -0.699043 0.042969 0.888672
  20 16.832012 -0.359412 -1.807337 -0.518504 -0.668030 -0.533750 0.060547 0.888672
hands.bmp
  20 16.357727 -0.286912 -2.014213 -0.100552 -0.468588 -0.877675 0.039063 0.945313
  20 16.832012 -0.359412 -1.807337 -0.518504 -0.668030 -0.533750 0.060547 0.888672
  20 16.359894 -0.467345 -1.864416 -0.048369 -0.761451 -0.646415 0.054688 0.945313
hands.bmp
  20 16.832012 -0.359412 -1.807337 -0.518504 -0.668030 -0.533750 0.060547 0.888672
  20 16.780136 -0.504050 -1.588274 -0.586226 -0.769878 -0.252244 0.083984 0.888672
  20 16.386665 -0.595672 -1.624174 -0.014709 -0.939577 -0.342023 0.078125 0.945313
hands.bmp
  20 16.832012 -0.359412 -1.807337 -0.518504 -0.668030 -0.533750 0.060547 0.888672
  20 16.386665 -0.595672 -1.624174 -0.014709 -0.939577 -0.342023 0.078125 0.945313
  20 16.359894 -0.467345 -1.864416 -0.048369 -0.761451 -0.646415 0.054688 0.945313
hands.bmp
  11 20.977825 1.033586 -0.086276 0.255220 0.526071 -0.811241 0.890625 0.984375
  12 21.067970 1.054794 -0.060820 0.207931 0.526759 -0.824190 0.892578 0.964844
  12 21.081764 0.874968 -0.130618 0.302446 -0.207760 -0.930248 0.871094 0.968750
hands.bmp
  11 20.977825 1.033586 -0.086276 0.255220 0.526071 -0.811241 0.890625 0.984375
  12 21.081764 0.874968 -0.130618 0.302446 -0.207760 -0.930248 0.871094 0.968750
  11 20.978325 0.872729 -0.161275 0.385834 -0.335629 -0.859352 0.871094 0.986328
hands.bmp
  20 16.789520 -0.413209 -0.677912 -0.694025 -0.708568 0.127518 0.197266 0.892578
  20 16.473724 -0.588901 -0.762794 -0.022981 -0.775226 0.631265 0.181641 0.945313
  20 16.435223 -0.621942 -1.373471 0.017262 -0.998445 -0.053006 0.101563 0.943359
hands.bmp
  20 16.789520 -0.413209 -0.677912 -0.694025 -0.708568 0.127518 0.197266 0.892578
  20 16.435223 -0.621942 -1.373471 0.017262 -0.998445 -0.053006 0.101563 0.943359
  20 16.819817 -0.541057 -1.357718 -0.626509 -0.779199 -0.018327 0.105469 0.888672
hands.bmp
  40 -39.176094 -0.541047 -1.357718 0.626434 -0.779258 -0.018361 0.105469 0.888672
  40 -39.145798 -0.413199 -0.677912 0.694006 -0.708587 0.127515 0.197266 0.892578
  40 -39.160759 -0.482234 -0.637784 0.668782 -0.726667 0.157117 0.201172 0.888672
hands.bmp
  36 -44.285706 0.322388 -3.447743 -0.897150 0.040727 -0.439845 0.923828 0.367188
  36 -44.212872 0.280632 -3.502989 -0.465415 -0.188385 -0.864812 0.947266 0.371094
  36 -44.137394 0.157461 -3.379168 -0.200438 -0.854259 -0.479652 0.939453 0.396484
hands.bmp
  36 -44.285706 0.322388 -3.447743 -0.897150 0.040727 -0.439845 0.923828 0.367188
  36 -44.137394 0.157461 -3.379168 -0.200438 -0.854259 -0.479652 0.939453 0.396484
  36 -44.212696 0.167093 -3.360830 -0.724613 -0.678186 -0.122475 0.923828 0.386719
hands.bmp
  20 16.762394 -0.275018 -0.268073 -0.663112 -0.657049 0.358565 0.242188 0.886719
  20 16.731007 -0.066924 0.051789 -0.657588 -0.559683 0.504315 0.283203 0.886719
  20 16.785675 0.007674 0.022691 -0.481128 -0.632436 0.607076 0.279297 0.890625
hands.bmp
  20 16.762394 -0.275018 -0.268073 -0.663112 -0.657049 0.358565 0.242188 0.886719
  20 16.785675 0.007674 0.022691 -0.481128 -0.632436 0.607076 0.279297 0.890625
  20 16.781174 -0.253446 -0.297771 -0.516921 -0.749433 0.413695 0.238281 0.890625
hands.bmp
  40 -39.141956 0.007684 0.022691 0.481148 -0.632387 0.607111 0.279297 0.890625
  40 -39.145416 0.178458 0.223000 0.640709 -0.380695 0.666756 0.302734 0.884766
  40 -39.087284 -0.066915 0.051789 0.657605 -0.559664 0.504314 0.283203 0.886719
hands.bmp
  32 -44.334629 1.241405 0.295946 -0.081262 0.958988 -0.271549 0.919922 0.812500
  32 -44.284485 1.172104 0.415872 0.099462 0.867892 0.486693 0.947266 0.816406
  32 -43.308689 1.129199 0.193174 0.099435 0.867886 0.486709 0.949219 0.962891
hands.bmp
  32 -44.334629 1.241405 0.295946 -0.081262 0.958988 -0.271549 0.919922 0.812500
  32 -43.308689 1.129199 0.193174 0.099435 0.867886 0.486709 0.949219 0.962891
  32 -43.379028 1.190655 0.078823 -0.081243 0.958986 -0.271562 0.917969 0.962891
hands.bmp
  33 -44.669491 1.223362 0.404549 -0.089032 0.978331 -0.186928 0.919922 0.751953
  33 -44.769020 1.080828 0.257651 -0.272715 0.483362 -0.831858 0.894531 0.748047
  33 -45.042358 1.105988 0.359888 -0.593054 0.445293 -0.670822 0.892578 0.695313
hands.bmp
  33 -44.669491 1.223362 0.404549 -0.089032 0.978331 -0.186928 0.919922 0.751953
  33 -45.042358 1.105988 0.359888 -0.593054 0.445293 -0.670822 0.892578 0.695313
  33 -45.046165 1.208622 0.524968 -0.658134 0.752839 -0.009606 0.923828 0.681641
hands.bmp
  20 17.043598 0.128552 0.246665 0.571021 -0.338359 0.747963 0.304688 0.839844
  20 17.082249 0.161752 0.167270 0.524721 -0.320703 0.788554 0.304688 0.832031
  20 17.063194 0.390954 0.217314 0.603692 0.091478 0.791952 0.324219 0.830078
hands.bmp
  20 17.043598 0.128552 0.246665 0.571021 -0.338359 0.747963 0.304688 0.839844
  20 17.063194 0.390954 0.217314 0.603692 0.091478 0.791952 0.324219 0.830078
  20 17.051762 0.390019 0.317156 0.600897 0.008734 0.799279 0.326172 0.837891
hands.bmp
  24 -41.994892 0.394635 -0.462254 -0.296548 -0.939938 0.169043 0.644531 0.607422
  31 -42.240944 0.592296 0.244879 -0.078982 -0.684647 0.724583 0.644531 0.673828
  31 -42.483822 0.522393 -0.031573 -0.271600 -0.942794 -0.193322 0.615234 0.648438
hands.bmp
  24 -41.994892 0.394635 -0.462254 -0.296548 -0.939938 0.169043 0.644531 0.607422
  31 -42.483822 0.522393 -0.031573 -0.271600 -0.942794 -0.193322 0.615234 0.648438
  28 -42.408714 0.528625 -0.395850 -0.822690 -0.521608 0.226069 0.613281 0.625000
hands.bmp
  31 -43.261272 0.616612 0.087565 -0.697168 -0.709265 0.104404 0.552734 0.685547
  31 -43.334602 0.872739 -0.161275 -0.919553 -0.311491 -0.239575 0.535156 0.669922
  31 -43.201859 0.577491 0.047070 -0.404285 -0.900901 -0.157894 0.554688 0.681641
hands.bmp
  31 -43.334602 0.872739 -0.161275 -0.919553 -0.311491 -0.239575 0.535156 0.669922
  31 -43.385403 0.861010 -0.199773 -0.669456 -0.220754 -0.709293 0.533203 0.664063
  31 -43.201859 0.577491 0.047070 -0.404285 -0.900901 -0.157894 0.554688 0.681641
hands.bmp
  8 21.245789 0.601980 -0.891250 0.936574 -0.349118 0.030751 0.500000 0.615234
  8 21.302582 0.679296 -0.681020 0.842563 -0.341506 0.416487 0.509766 0.640625
  8 21.257294 0.619947 -0.655995 0.491463 -0.630515 0.600762 0.515625 0.640625
hands.bmp
  8 21.245789 0.601980 -0.891250 0.936574 -0.349118 0.030751 0.500000 0.615234
  8 21.257294 0.619947 -0.655995 0.491463 -0.630515 0.600762 0.515625 0.640625
  8 21.212631 0.532478 -0.904299 0.531273 -0.828164 -0.178586 0.503906 0.611328
hands.bmp
  31 -42.483822 0.522393 -0.031573 -0.271600 -0.942794 -0.193322 0.615234 0.648438
  28 -42.231518 0.973800 -0.607791 -0.579783 0.812353 0.062723 0.593750 0.626953
  28 -42.408714 0.528625 -0.395850 -0.822690 -0.521608 0.226069 0.613281 0.625000
hands.bmp
  28 -42.231518 0.973800 -0.607791 -0.579783 0.812353 0.062723 0.593750 0.626953
  28 -42.627472 0.509475 -0.596791 -0.250700 -0.614067 0.748379 0.589844 0.615234
  28 -42.408714 0.528625 -0.395850 -0.822690 -0.521608 0.226069 0.613281 0.625000
hands.bmp
  28 -42.408714 0.528625 -0.395850 -0.822690 -0.521608 0.226069 0.613281 0.625000
  28 -42.627472 0.509475 -0.596791 -0.250700 -0.614067 0.748379 0.589844 0.615234
  24 -41.994892 0.394635 -0.462254 -0.296548 -0.939938 0.169043 0.644531 0.607422
hands.bmp
  1 7.795323 1.686911 -2.098821 0.002025 0.847892 -0.530165 0.337891 0.503906
  2 8.488727 1.456545 -2.025618 0.130486 0.794298 -0.593350 0.333984 0.474609
  2 8.488303 0.544964 -2.543225 0.049914 0.132186 -0.989967 0.277344 0.472656
hands.bmp
  1 7.795323 1.686911 -2.098821 0.002025 0.847892 -0.530165 0.337891 0.503906
  2 8.488303 0.544964 -2.543225 0.049914 0.132186 -0.989967 0.277344 0.472656
  1 7.696445 0.462259 -2.660836 -0.082939 -0.068211 -0.994217 0.277344 0.503906
hands.bmp
  4 19.638611 0.394626 -0.462254 0.296547 -0.939938 0.169043 0.644531 0.607422
  4 18.963879 0.094577 -0.177459 0.510019 -0.858931 -0.046023 0.710938 0.607422
  4 18.681561 0.012877 -0.907817 0.394841 -0.889609 0.229557 0.710938 0.529297
hands.bmp
  4 19.638611 0.394626 -0.462254 0.296547 -0.939938 0.169043 0.644531 0.607422
  4 18.681561 0.012877 -0.907817 0.394841 -0.889609 0.229557 0.710938 0.529297
  4 19.693771 0.271630 -1.028584 0.280964 -0.929370 0.239437 0.623047 0.552734
hands.bmp
  4 18.681561 0.012877 -0.907817 0.394841 -0.889609 0.229557 0.710938 0.529297
  4 18.497166 -0.263928 -1.252890 0.344512 -0.862458 0.370779 0.714844 0.496094
  4 19.450680 -0.069528 -1.618430 0.333744 -0.911187 0.241562 0.623047 0.496094
hands.bmp
  4 18.681561 0.012877 -0.907817 0.394841 -0.889609 0.229557 0.710938 0.529297
  4 19.450680 -0.069528 -1.618430 0.333744 -0.911187 0.241562 0.623047 0.496094
  4 19.693771 0.271630 -1.028584 0.280964 -0.929370 0.239437 0.623047 0.552734
hands.bmp
  18 18.459713 0.382852 1.667019 -0.607954 0.666982 0.430728 0.535156 0.927734
  18 18.680397 0.583739 1.634735 0.054298 0.959797 0.275395 0.498047 0.923828
  18 18.576744 0.707795 1.134369 0.092417 0.922672 0.374347 0.505859 0.873047
hands.bmp
  18 18.459713 0.382852 1.667019 -0.607954 0.666982 0.430728 0.535156 0.927734
  18 18.576744 0.707795 1.134369 0.092417 0.922672 0.374347 0.505859 0.873047
  18 18.203979 0.538386 1.230541 -0.541754 0.661723 0.518291 0.554688 0.880859
hands.bmp
  17 18.976620 -0.069877 0.650865 0.742887 -0.661645 -0.101709 0.845703 0.812500
  17 19.112614 0.265843 0.564847 0.903545 -0.385142 0.187807 0.865234 0.816406
  18 19.058567 0.222554 0.922250 0.998441 -0.055159 0.008535 0.855469 0.781250
hands.bmp
  17 18.976620 -0.069877 0.650865 0.742887 -0.661645 -0.101709 0.845703 0.812500
  18 19.058567 0.222554 0.922250 0.998441 -0.055159 0.008535 0.855469 0.781250
  18 18.942623 -0.127316 1.037794 0.718830 -0.681005 -0.139695 0.839844 0.775391
hands.bmp
  24 -40.650761 -0.509568 -1.701862 -0.137540 -0.984731 -0.106717 0.720703 0.449219
  24 -40.430069 -0.267287 -2.086042 0.132542 -0.727994 -0.672649 0.726563 0.408203
  24 -40.338165 -0.499558 -1.657318 -0.024322 -0.985674 -0.166899 0.748047 0.445313
hands.bmp
  4 17.447399 -0.487168 -1.572042 -0.097164 -0.962083 -0.254863 0.794922 0.433594
  4 17.438194 -0.308768 -1.885553 -0.157059 -0.760432 -0.630140 0.778400 0.431692
  4 18.073788 -0.267297 -2.086042 -0.132543 -0.727994 -0.672649 0.726563 0.408203
hands.bmp
  4 17.447399 -0.487168 -1.572042 -0.097164 -0.962083 -0.254863 0.794922 0.433594
  4 18.073788 -0.267297 -2.086042 -0.132543 -0.727994 -0.672649 0.726563 0.408203
  4 17.981884 -0.499568 -1.657318 0.024321 -0.985674 -0.166898 0.748047 0.445313
hands.bmp
  20 16.331909 0.523589 -1.933461 -0.107877 0.439567 -0.891708 0.578125 0.277344
  20 16.759827 0.547725 -1.827140 -0.604657 0.411835 -0.681749 0.523438 0.269531
  20 16.758175 -0.024184 -2.017978 -0.575559 -0.028936 -0.817248 0.527344 0.318359
hands.bmp
  20 16.331909 0.523589 -1.933461 -0.107877 0.439567 -0.891708 0.578125 0.277344
  20 16.758175 -0.024184 -2.017978 -0.575559 -0.028936 -0.817248 0.527344 0.318359
  20 16.340286 -0.057561 -2.074158 -0.155669 -0.049728 -0.986557 0.585938 0.316406
hands.bmp
  15 21.328331 0.507420 -3.206714 -0.099203 0.931763 -0.349251 0.919922 0.812500
  16 21.565784 0.455046 -3.327463 -0.090450 0.900775 -0.424762 0.919922 0.751953
  16 21.564640 0.349909 -3.431126 -0.305486 0.391884 -0.867816 0.894531 0.748047
hands.bmp
  15 21.328331 0.507420 -3.206714 -0.099203 0.931763 -0.349251 0.919922 0.812500
  16 21.564640 0.349909 -3.431126 -0.305486 0.391884 -0.867816 0.894531 0.748047
  15 21.255104 0.397791 -3.308789 -0.327897 0.475397 -0.816383 0.892578 0.812500
hands.bmp
  1 7.119586 -1.148793 -1.054275 0.086067 -0.980679 -0.175672 0.173828 0.529297
  1 7.869550 -0.955864 -1.148800 0.017649 -0.987461 -0.156876 0.171875 0.496094
  1 7.988515 -0.717361 -0.069373 0.218130 -0.778067 0.589093 0.095703 0.498047
hands.bmp
  1 7.119586 -1.148793 -1.054275 0.086067 -0.980679 -0.175672 0.173828 0.529297
  1 7.988515 -0.717361 -0.069373 0.218130 -0.778067 0.589093 0.095703 0.498047
  1 7.337924 -0.799733 0.035259 0.215982 -0.780130 0.587154 0.095703 0.525391
hands.bmp
  6 21.082241 0.988237 -1.974661 -0.040220 0.924152 -0.379902 0.917969 0.962891
  6 22.143188 1.051668 -2.219149 -0.045470 0.943968 -0.326890 0.919922 0.812500
  6 22.086708 0.905231 -2.342300 -0.173446 0.407599 -0.896538 0.892578 0.812500
hands.bmp
  6 21.082241 0.988237 -1.974661 -0.040220 0.924152 -0.379902 0.917969 0.962891
  6 22.086708 0.905231 -2.342300 -0.173446 0.407599 -0.896538 0.892578 0.812500
  6 21.041176 0.858482 -2.117411 -0.118641 0.416830 -0.901209 0.892578 0.964844
hands.bmp
  14 20.528584 0.451798 -2.749129 0.250170 0.959621 0.128614 0.949219 0.980469
  14 20.581989 0.319535 -2.568700 0.539857 0.308982 0.782997 0.976563 0.986328
  15 20.626705 0.296166 -2.599928 0.481006 0.348280 0.804571 0.976563 0.972656
hands.bmp
  14 20.528584 0.451798 -2.749129 0.250170 0.959621 0.128614 0.949219 0.980469
  15 20.626705 0.296166 -2.599928 0.481006 0.348280 0.804571 0.976563 0.972656
  15 20.597454 0.439918 -2.784267 0.145907 0.970365 0.192619 0.949219 0.962891
hands.bmp
  40 -39.054749 0.993896 -0.087232 0.603745 0.657333 0.451004 0.494141 0.078125
  40 -39.058056 1.074410 -0.067071 0.603720 0.657377 0.450974 0.490234 0.078125
  40 -39.049561 0.632276 0.182219 0.571509 0.363214 0.735835 0.488281 0.039063
hands.bmp
  40 -39.049561 0.632276 0.182219 0.571509 0.363214 0.735835 0.488281 0.039063
  40 -39.058056 1.074410 -0.067071 0.603720 0.657377 0.450974 0.490234 0.078125
  40 -39.059303 0.623006 0.252357 0.623501 0.331479 0.708074 0.484375 0.031250
hands.bmp
  38 -41.298904 -0.127307 1.037794 -0.718842 -0.680992 -0.139697 0.839844 0.775391
  38 -40.901005 -0.330819 1.211459 -0.009798 -0.994162 0.107454 0.785156 0.771484
  38 -41.026436 -0.265662 1.678280 0.119659 -0.990335 0.070128 0.783203 0.724609
hands.bmp
  38 -41.298904 -0.127307 1.037794 -0.718842 -0.680992 -0.139697 0.839844 0.775391
  38 -41.026436 -0.265662 1.678280 0.119659 -0.990335 0.070128 0.783203 0.724609
  38 -41.356861 -0.127320 1.570186 -0.679221 -0.720597 -0.139280 0.830078 0.724609
hands.bmp
  40 -39.368420 1.089185 -0.102503 -0.589953 0.688489 0.421828 0.451172 0.087891
  40 -39.356243 0.997931 -0.142813 -0.737964 0.585699 0.335211 0.445313 0.087891
  40 -39.345551 0.555591 0.256461 -0.656611 0.326158 0.680061 0.443359 0.037109
hands.bmp
  40 -39.345551 0.555591 0.256461 -0.656611 0.326158 0.680061 0.443359 0.037109
  40 -39.356243 0.997931 -0.142813 -0.737964 0.585699 0.335211 0.445313 0.087891
  40 -39.424511 0.592017 0.147658 -0.588941 0.397692 0.703555 0.437500 0.039063
hands.bmp
  40 -39.319496 -0.469563 -0.585433 0.889088 0.331653 -0.315481 0.875000 0.382813
  40 -39.255013 -0.544944 -0.566481 0.811196 -0.501899 0.300098 0.863281 0.382813
  40 -39.281189 -0.603021 -0.666188 0.824175 -0.501900 0.262360 0.863281 0.361328
hands.bmp
  40 -39.319496 -0.469563 -0.585433 0.889088 0.331653 -0.315481 0.875000 0.382813
  40 -39.281189 -0.603021 -0.666188 0.824175 -0.501900 0.262360 0.863281 0.361328
  40 -39.318169 -0.559936 -0.685588 0.890641 0.361098 -0.276346 0.875000 0.361328
hands.bmp
  17 19.115372 0.567569 0.580777 0.701920 0.254464 0.665250 0.443359 0.833984
  17 18.846207 0.913892 0.583818 0.270798 0.818129 0.507280 0.476563 0.822266
  18 18.576744 0.707795 1.134369 0.092417 0.922672 0.374347 0.505859 0.873047
hands.bmp
  17 19.115372 0.567569 0.580777 0.701920 0.254464 0.665250 0.443359 0.833984
  18 18.576744 0.707795 1.134369 0.092417 0.922672 0.374347 0.505859 0.873047
  18 18.999416 0.510528 1.002701 0.780350 0.596189 0.188712 0.460938 0.865234
hands.bmp
  18 18.576744 0.707795 1.134369 0.092417 0.922672 0.374347 0.505859 0.873047
  18 18.680397 0.583739 1.634735 0.054298 0.959797 0.275395 0.498047 0.923828
  18 18.971779 0.390437 1.556430 0.714576 0.693140 0.094538 0.470703 0.919922
hands.bmp
  18 18.576744 0.707795 1.134369 0.092417 0.922672 0.374347 0.505859 0.873047
  18 18.971779 0.390437 1.556430 0.714576 0.693140 0.094538 0.470703 0.919922
  18 18.999416 0.510528 1.002701 0.780350 0.596189 0.188712 0.460938 0.865234
hands.bmp
  18 18.820641 0.450397 2.079654 0.168661 0.562996 0.809067 0.498047 0.972656
  18 18.995766 0.303992 1.981697 0.651991 0.733017 0.193891 0.472656 0.962891
  18 18.971779 0.390437 1.556430 0.714576 0.693140 0.094538 0.470703 0.919922
hands.bmp
  18 18.820641 0.450397 2.079654 0.168661 0.562996 0.809067 0.498047 0.972656
  18 18.971779 0.390437 1.556430 0.714576 0.693140 0.094538 0.470703 0.919922
  18 18.680397 0.583739 1.634735 0.054298 0.959797 0.275395 0.498047 0.923828
hands.bmp
  18 18.459713 0.382852 1.667019 -0.607954 0.666982 0.430728 0.535156 0.927734
  18 18.585644 0.279374 2.110115 -0.641245 0.619545 0.452734 0.525391 0.974609
  18 18.820641 0.450397 2.079654 0.168661 0.562996 0.809067 0.498047 0.972656
hands.bmp
  18 18.459713 0.382852 1.667019 -0.607954 0.666982 0.430728 0.535156 0.927734
  18 18.820641 0.450397 2.079654 0.168661 0.562996 0.809067 0.498047 0.972656
  18 18.680397 0.583739 1.634735 0.054298 0.959797 0.275395 0.498047 0.923828
hands.bmp
  18 18.459713 0.382852 1.667019 -0.607954 0.666982 0.430728 0.535156 0.927734
  18 18.321266 0.124755 1.707253 -0.857740 0.199972 0.473596 0.560547 0.931641
  18 18.497108 0.097795 2.134399 -0.517029 0.130974 0.845888 0.542969 0.978516
hands.bmp
  18 18.459713 0.382852 1.667019 -0.607954 0.666982 0.430728 0.535156 0.927734
  18 18.497108 0.097795 2.134399 -0.517029 0.130974 0.845888 0.542969 0.978516
  18 18.585644 0.279374 2.110115 -0.641245 0.619545 0.452734 0.525391 0.974609
hands.bmp
  38 -40.941925 0.279384 2.110115 0.641242 0.619541 0.452744 0.525391 0.974609
  38 -40.906918 0.052346 2.121432 -0.585450 0.227943 0.778004 0.539063 0.986328
  38 -40.853386 0.097804 2.134399 0.517033 0.130976 0.845885 0.542969 0.978516
hands.bmp
  38 -40.853386 0.097804 2.134399 0.517033 0.130976 0.845885 0.542969 0.978516
  38 -40.906918 0.052346 2.121432 -0.585450 0.227943 0.778004 0.539063 0.986328
  38 -40.897087 -0.016496 2.167957 0.016058 -0.242386 0.970047 0.548828 0.980469
hands.bmp
  38 -40.906918 0.052346 2.121432 -0.585450 0.227943 0.778004 0.539063 0.986328
  38 -40.926617 -0.018273 2.126424 0.277316 -0.356114 0.892345 0.552734 0.982422
  38 -40.897087 -0.016496 2.167957 0.016058 -0.242386 0.970047 0.548828 0.980469
hands.bmp
  18 18.354279 0.029143 1.746858 -0.860338 -0.279571 0.426214 0.568359 0.931641
  18 18.376740 0.034875 1.719243 -0.806656 -0.351873 0.474860 0.574219 0.931641
  18 18.570335 -0.018283 2.126424 -0.277352 -0.356169 0.892311 0.552734 0.982422
hands.bmp
  18 18.354279 0.029143 1.746858 -0.860338 -0.279571 0.426214 0.568359 0.931641
  18 18.570335 -0.018283 2.126424 -0.277352 -0.356169 0.892311 0.552734 0.982422
  18 18.540810 -0.016505 2.167957 -0.016024 -0.242385 0.970048 0.548828 0.980469
hands.bmp
  18 18.398209 -0.065322 1.719534 -0.721735 -0.572924 0.388404 0.582031 0.929688
  18 18.605434 -0.075662 2.117719 -0.700698 -0.513335 0.495489 0.558594 0.986328
  18 18.570335 -0.018283 2.126424 -0.277352 -0.356169 0.892311 0.552734 0.982422
hands.bmp
  18 18.398209 -0.065322 1.719534 -0.721735 -0.572924 0.388404 0.582031 0.929688
  18 18.570335 -0.018283 2.126424 -0.277352 -0.356169 0.892311 0.552734 0.982422
  18 18.376740 0.034875 1.719243 -0.806656 -0.351873 0.474860 0.574219 0.931641
hands.bmp
  18 18.376740 0.034875 1.719243 -0.806656 -0.351873 0.474860 0.574219 0.931641
  18 18.056030 0.057662 1.263916 -0.821502 -0.086837 0.563554 0.597656 0.886719
  18 18.062096 -0.055774 1.277903 -0.700720 -0.513306 0.495489 0.605469 0.890625
hands.bmp
  18 18.376740 0.034875 1.719243 -0.806656 -0.351873 0.474860 0.574219 0.931641
  18 18.062096 -0.055774 1.277903 -0.700720 -0.513306 0.495489 0.605469 0.890625
  18 18.398209 -0.065322 1.719534 -0.721735 -0.572924 0.388404 0.582031 0.929688
hands.bmp
  1 0.128325 -0.946527 1.120187 0.054654 -0.783597 0.618861 0.101563 0.802734
  1 -0.009664 -1.235709 -0.039051 -0.056998 -0.983079 -0.174091 0.164063 0.800781
  1 3.815955 -1.381047 -0.552889 -0.010450 -0.980615 -0.195664 0.171875 0.669922
hands.bmp
  1 0.128325 -0.946527 1.120187 0.054654 -0.783597 0.618861 0.101563 0.802734
  1 3.815955 -1.381047 -0.552889 -0.010450 -0.980615 -0.195664 0.171875 0.669922
  1 3.953745 -1.031940 0.595909 0.091979 -0.802205 0.589921 0.095703 0.671875
hands.bmp
  21 -26.298939 1.875621 0.254579 -0.064302 0.916062 0.395849 0.427734 0.677734
  21 -29.704216 1.708597 -0.212959 -0.170363 0.894173 0.414043 0.429688 0.531250
  21 -29.841656 1.023977 0.433341 -0.265867 0.430711 0.862440 0.470488 0.534046
hands.bmp
  21 -26.298939 1.875621 0.254579 -0.064302 0.916062 0.395849 0.427734 0.677734
  21 -29.841656 1.023977 0.433341 -0.265867 0.430711 0.862440 0.470488 0.534046
  21 -26.395039 1.032486 1.131670 -0.134153 0.441230 0.887310 0.470488 0.680531
hands.bmp
  20 17.086971 1.015168 -1.371646 0.619769 0.685900 -0.381349 0.470703 0.234375
  20 17.105427 0.625506 -1.871969 0.632127 0.448894 -0.631593 0.476563 0.281250
  20 16.745014 0.616776 -1.877267 -0.604662 0.411830 -0.681748 0.519531 0.275391
hands.bmp
  20 17.086971 1.015168 -1.371646 0.619769 0.685900 -0.381349 0.470703 0.234375
  20 16.745014 0.616776 -1.877267 -0.604662 0.411830 -0.681748 0.519531 0.275391
  20 16.735081 1.027184 -1.386791 -0.564043 0.720677 -0.403088 0.513672 0.228516
hands.bmp
  1 -0.135840 0.553666 -1.413354 -0.130346 0.070109 -0.988987 0.285156 0.806641
  1 -0.084430 1.556912 -1.010171 -0.116146 0.743428 -0.658654 0.333984 0.808594
  1 3.731246 1.570862 -1.615268 -0.079839 0.724110 -0.685048 0.337891 0.677734
hands.bmp
  1 -0.135840 0.553666 -1.413354 -0.130346 0.070109 -0.988987 0.285156 0.806641
  1 3.731246 1.570862 -1.615268 -0.079839 0.724110 -0.685048 0.337891 0.677734
  1 3.679545 0.627616 -2.018892 -0.130387 0.070076 -0.988984 0.285156 0.675781
hands.bmp
  1 7.195498 1.811387 -1.095169 0.076300 0.991308 -0.107175 0.376953 0.533203
  1 7.347938 1.708591 -0.212959 0.170366 0.894173 0.414041 0.429688 0.531250
  1 7.979758 1.630506 -0.366597 0.062265 0.917056 0.393868 0.429688 0.505859
hands.bmp
  1 7.195498 1.811387 -1.095169 0.076300 0.991308 -0.107175 0.376953 0.533203
  1 7.979758 1.630506 -0.366597 0.062265 0.917056 0.393868 0.429688 0.505859
  1 7.896724 1.724155 -1.178098 0.052974 0.996701 -0.061484 0.376953 0.503906
hands.bmp
  1 0.025439 1.854416 -0.061267 -0.039965 0.995456 -0.086427 0.376953 0.808594
  1 0.128297 1.741085 0.780562 0.032691 0.902540 0.429363 0.421875 0.808594
  1 3.942658 1.875615 0.254579 0.064301 0.916062 0.395849 0.427734 0.677734
hands.bmp
  1 0.025439 1.854416 -0.061267 -0.039965 0.995456 -0.086427 0.376953 0.808594
  1 3.942658 1.875615 0.254579 0.064301 0.916062 0.395849 0.427734 0.677734
  1 3.849801 1.988997 -0.587159 -0.001856 0.992763 -0.120076 0.376953 0.677734
hands.bmp
  21 -26.035824 0.627622 -2.018892 0.130387 0.070076 -0.988984 0.285156 0.675781
  21 -26.068329 -0.499856 -1.690348 0.101279 -0.575489 -0.811514 0.228516 0.673828
  21 -29.252048 -0.417672 -2.121736 0.048364 -0.607315 -0.792987 0.228516 0.537109
hands.bmp
  21 -26.035824 0.627622 -2.018892 0.130387 0.070076 -0.988984 0.285156 0.675781
  21 -29.252048 -0.417672 -2.121736 0.048364 -0.607315 -0.792987 0.228516 0.537109
  21 -29.239647 0.650050 -2.429658 0.157045 0.103008 -0.982205 0.285156 0.541016
hands.bmp
  10 23.383354 1.154974 -0.996157 0.389970 0.480262 -0.785667 0.892578 0.695313
  10 23.401512 1.235960 -0.830894 0.963658 0.262849 -0.047688 0.921875 0.671875
  10 23.498787 1.127880 -0.794066 0.973783 0.227042 0.014076 0.923828 0.662109
hands.bmp
  10 23.383354 1.154974 -0.996157 0.389970 0.480262 -0.785667 0.892578 0.695313
  10 23.498787 1.127880 -0.794066 0.973783 0.227042 0.014076 0.923828 0.662109
  10 23.468933 1.061264 -0.943302 0.864728 -0.068420 -0.497558 0.896484 0.667969
hands.bmp
  10 23.401512 1.235960 -0.830894 0.963658 0.262849 -0.047688 0.921875 0.671875
  10 23.327099 1.235224 -0.709808 0.294752 0.805192 0.514575 0.955078 0.689453
  10 23.393673 1.148041 -0.701631 0.772186 0.281506 0.569634 0.955078 0.673828
hands.bmp
  10 23.401512 1.235960 -0.830894 0.963658 0.262849 -0.047688 0.921875 0.671875
  10 23.393673 1.148041 -0.701631 0.772186 0.281506 0.569634 0.955078 0.673828
  10 23.498787 1.127880 -0.794066 0.973783 0.227042 0.014076 0.923828 0.662109
hands.bmp
  30 -45.749950 1.148052 -0.701631 -0.772185 0.281505 0.569636 0.955078 0.673828
  30 -45.600357 1.105429 -0.635259 -0.121234 0.302284 0.945477 0.966797 0.707031
  30 -45.683376 1.235235 -0.709808 -0.294768 0.805176 0.514591 0.955078 0.689453
hands.bmp
  30 -45.683376 1.235235 -0.709808 -0.294768 0.805176 0.514591 0.955078 0.689453
  30 -45.600357 1.105429 -0.635259 -0.121234 0.302284 0.945477 0.966797 0.707031
  30 -45.348106 1.172338 -0.741983 0.077359 0.937871 0.338251 0.947266 0.748047
hands.bmp
  30 -45.600357 1.105429 -0.635259 -0.121234 0.302284 0.945477 0.966797 0.707031
  29 -44.886818 1.159565 -0.739397 0.051759 0.858539 0.510129 0.947266 0.816406
  30 -45.348106 1.172338 -0.741983 0.077359 0.937871 0.338251 0.947266 0.748047
hands.bmp
  20 16.804478 -0.482244 -0.637784 0.004007 -0.914711 0.404089 0.539063 0.330078
  20 16.934956 -0.752589 -1.216307 0.004005 -0.914722 0.404065 0.621094 0.361328
  20 17.064297 -0.752303 -1.144402 0.004004 -0.914722 0.404064 0.613281 0.382813
hands.bmp
  20 16.804478 -0.482244 -0.637784 0.004007 -0.914711 0.404089 0.539063 0.330078
  20 17.064297 -0.752303 -1.144402 0.004004 -0.914722 0.404064 0.613281 0.382813
  20 17.136871 -0.495811 -0.652930 0.004025 -0.914710 0.404090 0.531250 0.384766
hands.bmp
  20 17.166416 -0.483413 -0.682482 0.720724 -0.288373 -0.630395 0.429688 0.929688
  20 16.752335 -0.446271 -0.698505 -0.692747 -0.249603 -0.676609 0.429688 0.990234
  20 16.738384 -0.397227 -0.698642 -0.406414 0.545847 -0.732720 0.427734 0.986328
hands.bmp
  20 17.166416 -0.483413 -0.682482 0.720724 -0.288373 -0.630395 0.429688 0.929688
  20 16.738384 -0.397227 -0.698642 -0.406414 0.545847 -0.732720 0.427734 0.986328
  20 17.108620 -0.387713 -0.683197 0.492976 0.515971 -0.700534 0.427734 0.933594
hands.bmp
  28 -43.670937 0.791851 -1.119527 -0.973642 -0.227168 -0.020418 0.486328 0.593750
  28 -43.673668 0.777971 -1.167484 -0.635971 -0.246958 -0.731131 0.490234 0.589844
  28 -43.568916 0.532490 -0.904299 -0.531296 -0.828148 -0.178592 0.503906 0.611328
hands.bmp
  28 -43.670937 0.791851 -1.119527 -0.973642 -0.227168 -0.020418 0.486328 0.593750
  28 -43.568916 0.532490 -0.904299 -0.531296 -0.828148 -0.178592 0.503906 0.611328
  28 -43.602066 0.601992 -0.891250 -0.936593 -0.349066 0.030777 0.500000 0.615234
hands.bmp
  20 16.973335 -0.468762 -0.595284 -0.048866 0.795629 -0.603810 0.818359 0.382813
  20 16.965641 -0.389140 -0.505277 -0.033993 0.627200 -0.778116 0.818359 0.406250
  20 16.996841 -0.406718 -0.484841 0.858114 0.367140 -0.358954 0.830078 0.406250
hands.bmp
  20 16.973335 -0.468762 -0.595284 -0.048866 0.795629 -0.603810 0.818359 0.382813
  20 16.996841 -0.406718 -0.484841 0.858114 0.367140 -0.358954 0.830078 0.406250
  20 17.004681 -0.486323 -0.584848 0.837164 0.465527 -0.287126 0.830078 0.382813
hands.bmp
  10 22.973022 1.203283 -0.845849 -0.060184 0.963398 -0.261234 0.919922 0.751953
  9 22.586792 1.217735 -0.846868 -0.039469 0.967259 -0.250704 0.919922 0.812500
  9 22.530540 1.159554 -0.739397 -0.051759 0.858539 0.510130 0.947266 0.816406
hands.bmp
  10 22.973022 1.203283 -0.845849 -0.060184 0.963398 -0.261234 0.919922 0.751953
  9 22.530540 1.159554 -0.739397 -0.051759 0.858539 0.510130 0.947266 0.816406
  10 22.991829 1.172327 -0.741983 -0.077362 0.937871 0.338251 0.947266 0.748047
hands.bmp
  18 19.105274 0.110818 1.961882 0.958493 0.281938 -0.042441 0.828125 0.988281
  18 18.995766 0.303992 1.981697 0.629783 0.769702 0.104560 0.804688 0.986328
  19 19.034828 0.252427 2.139617 0.744741 0.665258 0.052852 0.812500 0.964844
hands.bmp
  18 19.105274 0.110818 1.961882 0.958493 0.281938 -0.042441 0.828125 0.988281
  19 19.034828 0.252427 2.139617 0.744741 0.665258 0.052852 0.812500 0.964844
  19 19.127480 0.027482 2.124927 0.994537 -0.067340 -0.079765 0.835938 0.949219
hands.bmp
  19 19.159241 -0.012195 2.701309 0.979169 0.037764 0.199504 0.812500 0.884766
  19 19.127480 0.027482 2.124927 0.994537 -0.067340 -0.079765 0.835938 0.949219
  19 19.034828 0.252427 2.139617 0.744741 0.665258 0.052852 0.812500 0.964844
hands.bmp
  19 19.159241 -0.012195 2.701309 0.979169 0.037764 0.199504 0.812500 0.884766
  19 19.034828 0.252427 2.139617 0.744741 0.665258 0.052852 0.812500 0.964844
  19 19.065971 0.188760 2.671009 0.768579 0.617583 0.166964 0.787109 0.900391
hands.bmp
  39 -41.391106 0.252437 2.139617 -0.744741 0.665257 0.052858 0.812500 0.964844
  39 -41.422253 0.188769 2.671009 -0.768584 0.617577 0.166963 0.787109 0.900391
  39 -41.337345 0.328376 2.577730 -0.099374 0.972319 0.211473 0.773438 0.916016
hands.bmp
  39 -41.422253 0.188769 2.671009 -0.768584 0.617577 0.166963 0.787109 0.900391
  39 -41.396988 0.180476 2.931381 -0.450483 0.634509 0.628063 0.759766 0.865234
  39 -41.337345 0.328376 2.577730 -0.099374 0.972319 0.211473 0.773438 0.916016
hands.bmp
  19 18.775288 0.198859 2.616241 -0.672227 0.672082 0.310511 0.740234 0.914063
  19 18.881752 0.176694 2.960005 -0.320403 0.650471 0.688643 0.740234 0.871094
  19 19.040707 0.180467 2.931381 0.450479 0.634517 0.628058 0.759766 0.865234
hands.bmp
  19 18.775288 0.198859 2.616241 -0.672227 0.672082 0.310511 0.740234 0.914063
  19 19.040707 0.180467 2.931381 0.450479 0.634517 0.628058 0.759766 0.865234
  19 18.981064 0.328366 2.577730 0.099359 0.972324 0.211459 0.773438 0.916016
hands.bmp
  19 18.857758 -0.035083 3.015453 -0.082609 -0.069334 0.994167 0.722656 0.855469
  19 19.086426 -0.039859 3.005995 0.560890 -0.038720 0.826984 0.722656 0.841797
  19 19.040707 0.180467 2.931381 0.450479 0.634517 0.628058 0.759766 0.865234
hands.bmp
  19 18.857758 -0.035083 3.015453 -0.082609 -0.069334 0.994167 0.722656 0.855469
  19 19.040707 0.180467 2.931381 0.450479 0.634517 0.628058 0.759766 0.865234
  19 18.881752 0.176694 2.960005 -0.320403 0.650471 0.688643 0.740234 0.871094
hands.bmp
  39 -41.238029 0.176703 2.960005 0.320405 0.650472 0.688641 0.740234 0.871094
  39 -41.214035 -0.035073 3.015453 0.083017 -0.069253 0.994139 0.722656 0.855469
  39 -41.156231 -0.016810 3.004281 0.677827 0.033820 0.734443 0.722656 0.863281
hands.bmp
  39 -41.214035 -0.035073 3.015453 0.083017 -0.069253 0.994139 0.722656 0.855469
  39 -41.192726 -0.176145 2.930924 0.490065 -0.671517 0.555789 0.695313 0.875000
  39 -41.156231 -0.016810 3.004281 0.677827 0.033820 0.734443 0.722656 0.863281
hands.bmp
  40 -38.825245 0.394050 -1.681602 0.741331 -0.304200 0.598240 0.636719 0.792969
  40 -38.890148 -0.012036 -1.841231 0.622835 -0.069251 0.779282 0.671875 0.804688
  40 -38.688877 0.022073 -1.984151 0.881204 -0.070066 0.467515 0.669922 0.816406
hands.bmp
  40 -38.825245 0.394050 -1.681602 0.741331 -0.304200 0.598240 0.636719 0.792969
  40 -38.688877 0.022073 -1.984151 0.881204 -0.070066 0.467515 0.669922 0.816406
  40 -38.650475 0.480443 -1.864065 0.900934 -0.227090 0.369795 0.625000 0.808594
hands.bmp
  39 -41.044392 -0.002200 2.640166 0.899529 0.058875 0.432876 0.720703 0.917969
  39 -41.086258 -0.153981 2.587160 0.758340 -0.624723 0.186125 0.697266 0.917969
  39 -41.005016 -0.005925 2.578234 0.908327 0.022715 0.417644 0.720703 0.925781
hands.bmp
  33 -44.686142 1.165930 0.497419 0.082812 0.907640 0.411500 0.947266 0.748047
  32 -44.284485 1.172104 0.415872 0.099462 0.867892 0.486693 0.947266 0.816406
  32 -44.334629 1.241405 0.295946 -0.081262 0.958988 -0.271549 0.919922 0.812500
hands.bmp
  33 -44.686142 1.165930 0.497419 0.082812 0.907640 0.411500 0.947266 0.748047
  32 -44.334629 1.241405 0.295946 -0.081262 0.958988 -0.271549 0.919922 0.812500
  33 -44.669491 1.223362 0.404549 -0.089032 0.978331 -0.186928 0.919922 0.751953
hands.bmp
  16 21.856586 0.280621 -3.502989 0.465405 -0.188373 -0.864820 0.896484 0.667969
  16 21.775753 0.360403 -3.501975 -0.053417 0.365449 -0.929298 0.892578 0.695313
  16 21.842667 0.424902 -3.439828 0.834778 0.329814 -0.440872 0.921875 0.671875
hands.bmp
  16 21.856586 0.280621 -3.502989 0.465405 -0.188373 -0.864820 0.896484 0.667969
  16 21.842667 0.424902 -3.439828 0.834778 0.329814 -0.440872 0.921875 0.671875
  16 21.929420 0.322376 -3.447743 0.897148 0.040728 -0.439848 0.923828 0.662109
hands.bmp
  36 -44.212872 0.280632 -3.502989 -0.465415 -0.188385 -0.864812 0.896484 0.667969
  36 -44.132038 0.360415 -3.501975 0.053415 0.365458 -0.929294 0.892578 0.695313
  36 -44.102291 0.255028 -3.498953 0.137447 -0.336638 -0.931549 0.880859 0.691406
hands.bmp
  36 -44.132038 0.360415 -3.501975 0.053415 0.365458 -0.929294 0.892578 0.695313
  36 -43.920925 0.349920 -3.431126 0.305481 0.391884 -0.867819 0.894531 0.748047
  36 -44.102291 0.255028 -3.498953 0.137447 -0.336638 -0.931549 0.880859 0.691406
hands.bmp
  36 -44.102291 0.255028 -3.498953 0.137447 -0.336638 -0.931549 0.880859 0.691406
  36 -43.920925 0.349920 -3.431126 0.305481 0.391884 -0.867819 0.894531 0.748047
  35 -43.556053 0.247513 -3.301660 0.346142 -0.303467 -0.887747 0.876953 0.824219
hands.bmp
  36 -43.920925 0.349920 -3.431126 0.305481 0.391884 -0.867819 0.894531 0.748047
  35 -43.611389 0.397802 -3.308789 0.327896 0.475404 -0.816379 0.892578 0.812500
  35 -43.556053 0.247513 -3.301660 0.346142 -0.303467 -0.887747 0.876953 0.824219
hands.bmp
  11 19.486378 0.873008 0.348126 0.253190 0.424606 0.869255 0.763672 0.062500
  17 19.115372 0.567569 0.580777 0.701920 0.254464 0.665250 0.785156 0.035156
  17 19.112614 0.265843 0.564847 0.903545 -0.385142 0.187807 0.763672 0.023438
hands.bmp
  11 19.486378 0.873008 0.348126 0.253190 0.424606 0.869255 0.763672 0.062500
  17 19.112614 0.265843 0.564847 0.903545 -0.385142 0.187807 0.763672 0.023438
  4 19.542854 0.580634 0.323578 0.408185 -0.502805 0.761953 0.742188 0.041016
hands.bmp
  6 21.080883 0.503391 -1.949681 -0.056660 -0.975509 -0.212534 0.941406 0.634766
  5 20.899075 0.507508 -1.908728 -0.146660 -0.963730 -0.222971 0.941406 0.646484
  5 20.938900 0.645566 -2.112085 -0.136129 -0.369094 -0.919368 0.972656 0.640625
hands.bmp
  6 21.080883 0.503391 -1.949681 -0.056660 -0.975509 -0.212534 0.941406 0.634766
  5 20.938900 0.645566 -2.112085 -0.136129 -0.369094 -0.919368 0.972656 0.640625
  6 21.014404 0.633513 -2.125888 -0.147406 -0.391405 -0.908335 0.970703 0.628906
hands.bmp
  15 20.496311 0.339553 -2.991866 -0.356514 0.410836 -0.839113 0.892578 0.964844
  14 20.423752 0.348565 -2.965587 -0.308542 0.370818 -0.875954 0.890625 0.984375
  14 20.507717 0.437470 -2.792250 -0.174391 0.942378 -0.285504 0.917969 0.980469
hands.bmp
  15 20.496311 0.339553 -2.991866 -0.356514 0.410836 -0.839113 0.892578 0.964844
  14 20.507717 0.437470 -2.792250 -0.174391 0.942378 -0.285504 0.917969 0.980469
  15 20.592522 0.444345 -2.841328 -0.207353 0.938644 -0.275593 0.917969 0.962891
hands.bmp
  19 18.836445 -0.176154 2.930924 -0.490071 -0.671511 0.555791 0.695313 0.875000
  19 18.729977 -0.153991 2.587160 -0.758341 -0.624722 0.186123 0.697266 0.917969
  19 18.923046 -0.284400 2.520702 -0.020477 -0.999420 0.027215 0.666016 0.916016
hands.bmp
  19 18.836445 -0.176154 2.930924 -0.490071 -0.671511 0.555791 0.695313 0.875000
  19 18.923046 -0.284400 2.520702 -0.020477 -0.999420 0.027215 0.666016 0.916016
  19 19.027020 -0.184924 2.933007 0.360178 -0.729364 0.581636 0.679688 0.863281
hands.bmp
  20 16.785225 -0.242730 -1.987880 -0.529034 -0.469098 -0.707157 0.039063 0.882813
  20 16.786598 -0.413194 -1.838081 -0.518524 -0.668053 -0.533702 0.058594 0.882813
  20 16.832012 -0.359412 -1.807337 -0.518504 -0.668030 -0.533750 0.060547 0.888672
hands.bmp
  20 16.785225 -0.242730 -1.987880 -0.529034 -0.469098 -0.707157 0.039063 0.882813
  20 16.832012 -0.359412 -1.807337 -0.518504 -0.668030 -0.533750 0.060547 0.888672
  20 16.821468 -0.199714 -1.957287 -0.557887 -0.447326 -0.699043 0.042969 0.888672
hands.bmp
  33 -44.885937 1.091253 0.655548 0.029933 0.262421 0.964489 0.886719 0.394531
  33 -45.027958 1.097527 0.615663 -0.610793 0.131017 0.780875 0.902344 0.375000
  33 -44.894524 0.876169 0.629757 -0.253087 -0.441633 0.860759 0.902344 0.394531
hands.bmp
  13 22.538246 0.876158 0.629757 0.253092 -0.441636 0.860756 0.902344 0.394531
  13 22.620667 0.852015 0.548369 0.719435 -0.624432 0.304136 0.923828 0.386719
  13 22.787628 1.089643 0.560940 0.983023 0.027393 0.181425 0.923828 0.367188
hands.bmp
  13 22.538246 0.876158 0.629757 0.253092 -0.441636 0.860756 0.902344 0.394531
  13 22.787628 1.089643 0.560940 0.983023 0.027393 0.181425 0.923828 0.367188
  13 22.671680 1.097515 0.615663 0.610797 0.130963 0.780881 0.902344 0.375000
hands.bmp
  13 22.575409 0.805273 0.450049 0.560570 -0.747163 -0.357083 0.939453 0.396484
  13 22.772270 1.049543 0.417218 0.918758 -0.139170 -0.369481 0.947266 0.371094
  13 22.787628 1.089643 0.560940 0.983023 0.027393 0.181425 0.923828 0.367188
hands.bmp
  13 22.575409 0.805273 0.450049 0.560570 -0.747163 -0.357083 0.939453 0.396484
  13 22.787628 1.089643 0.560940 0.983023 0.027393 0.181425 0.923828 0.367188
  13 22.620667 0.852015 0.548369 0.719435 -0.624432 0.304136 0.923828 0.386719
hands.bmp
  40 -38.613693 1.099084 -0.003545 0.843332 0.451876 0.290860 0.695313 0.763672
  40 -38.642506 1.111413 0.016897 0.055521 0.818147 0.572322 0.699219 0.767578
  40 -38.698364 0.604182 0.337047 0.019645 0.385917 0.922324 0.666016 0.785156
hands.bmp
  40 -38.613693 1.099084 -0.003545 0.843332 0.451876 0.290860 0.695313 0.763672
  40 -38.698364 0.604182 0.337047 0.019645 0.385917 0.922324 0.666016 0.785156
  40 -38.647228 0.620164 0.316317 0.856778 0.168786 0.487281 0.664063 0.781250
hands.bmp
  33 -44.931686 0.805285 0.450049 -0.560565 -0.747165 -0.357087 0.939453 0.396484
  33 -44.386612 0.721851 0.301262 -0.210128 -0.915995 -0.341758 0.939453 0.511719
  33 -44.790726 0.731964 0.518271 -0.162653 -0.961269 0.222500 0.921875 0.416016
hands.bmp
  33 -44.790726 0.731964 0.518271 -0.162653 -0.961269 0.222500 0.921875 0.416016
  33 -44.386612 0.721851 0.301262 -0.210128 -0.915995 -0.341758 0.939453 0.511719
  33 -44.305305 0.800526 0.490471 0.050568 -0.664120 0.745914 0.906250 0.519531
hands.bmp
  13 21.949028 0.800514 0.490471 -0.050572 -0.664120 0.745913 0.906250 0.519531
  12 21.794899 0.754559 0.472402 -0.030220 -0.666043 0.745301 0.902344 0.542969
  12 21.846092 0.682568 0.275434 0.199802 -0.948926 -0.244171 0.941406 0.535156
hands.bmp
  13 21.949028 0.800514 0.490471 -0.050572 -0.664120 0.745913 0.906250 0.519531
  12 21.846092 0.682568 0.275434 0.199802 -0.948926 -0.244171 0.941406 0.535156
  13 22.030334 0.721840 0.301262 0.210128 -0.915997 -0.341755 0.939453 0.511719
hands.bmp
  12 21.794899 0.754559 0.472402 -0.030220 -0.666043 0.745301 0.902344 0.542969
  12 20.946838 0.691777 0.333319 -0.122893 -0.663972 0.737590 0.906250 0.634766
  12 21.009331 0.585824 0.101440 0.110605 -0.961346 -0.252150 0.941406 0.634766
hands.bmp
  12 21.794899 0.754559 0.472402 -0.030220 -0.666043 0.745301 0.902344 0.542969
  12 21.009331 0.585824 0.101440 0.110605 -0.961346 -0.252150 0.941406 0.634766
  12 21.846092 0.682568 0.275434 0.199802 -0.948926 -0.244171 0.941406 0.535156
hands.bmp
  4 17.438194 -0.308768 -1.885553 -0.157059 -0.760432 -0.630140 0.945313 0.318359
  20 17.148571 -0.304025 -1.802617 0.704958 -0.540450 -0.459291 0.968750 0.310547
  20 17.138676 -0.154309 -1.942571 0.720752 -0.288417 -0.630343 0.966797 0.302734
hands.bmp
  4 17.438194 -0.308768 -1.885553 -0.157059 -0.760432 -0.630140 0.945313 0.318359
  20 17.138676 -0.154309 -1.942571 0.720752 -0.288417 -0.630343 0.966797 0.302734
  4 17.391575 -0.093791 -2.034252 -0.188398 -0.489770 -0.851253 0.943359 0.308594
hands.bmp
  27 -45.170078 0.898972 -2.123390 -0.341092 0.389319 0.855621 0.886719 0.394531
  27 -45.272079 0.925852 -2.209258 -0.821710 0.359358 0.442328 0.902344 0.375000
  27 -45.199425 0.726364 -2.150718 -0.621719 -0.376030 0.687071 0.902344 0.394531
hands.bmp
  7 22.843147 0.726353 -2.150718 0.621710 -0.376027 0.687081 0.902344 0.394531
  7 22.891754 0.701813 -2.250893 0.837086 -0.546852 -0.015499 0.923828 0.386719
  7 22.979530 0.895971 -2.332735 0.974775 0.116063 -0.190636 0.923828 0.367188
hands.bmp
  7 22.843147 0.726353 -2.150718 0.621710 -0.376027 0.687081 0.902344 0.394531
  7 22.979530 0.895971 -2.332735 0.974775 0.116063 -0.190636 0.923828 0.367188
  7 22.915802 0.925840 -2.209258 0.821712 0.359359 0.442324 0.902344 0.375000
hands.bmp
  7 22.823750 0.673851 -2.322959 0.415135 -0.758101 -0.502937 0.939453 0.396484
  7 22.939476 0.856363 -2.418334 0.722890 -0.096042 -0.684256 0.947266 0.371094
  7 22.979530 0.895971 -2.332735 0.974775 0.116063 -0.190636 0.923828 0.367188
hands.bmp
  7 22.823750 0.673851 -2.322959 0.415135 -0.758101 -0.502937 0.939453 0.396484
  7 22.979530 0.895971 -2.332735 0.974775 0.116063 -0.190636 0.923828 0.367188
  7 22.891754 0.701813 -2.250893 0.837086 -0.546852 -0.015499 0.923828 0.386719
hands.bmp
  7 22.891754 0.701813 -2.250893 0.837086 -0.546852 -0.015499 0.923828 0.386719
  7 22.843147 0.726353 -2.150718 0.621710 -0.376027 0.687081 0.902344 0.394531
  7 22.705051 0.619701 -2.181614 0.262161 -0.948452 0.178073 0.921875 0.416016
hands.bmp
  7 22.891754 0.701813 -2.250893 0.837086 -0.546852 -0.015499 0.923828 0.386719
  7 22.705051 0.619701 -2.181614 0.262161 -0.948452 0.178073 0.921875 0.416016
  7 22.823750 0.673851 -2.322959 0.415135 -0.758101 -0.502937 0.939453 0.396484
hands.bmp
  27 -45.180027 0.673862 -2.322959 -0.415134 -0.758101 -0.502939 0.939453 0.396484
  27 -44.534817 0.595501 -2.191576 -0.041304 -0.952287 -0.302395 0.939453 0.511719
  27 -45.061329 0.619713 -2.181614 -0.262165 -0.948450 0.178077 0.921875 0.416016
hands.bmp
  27 -45.061329 0.619713 -2.181614 -0.262165 -0.948450 0.178077 0.921875 0.416016
  27 -44.534817 0.595501 -2.191576 -0.041304 -0.952287 -0.302395 0.939453 0.511719
  27 -44.592125 0.658697 -2.031508 -0.245122 -0.621196 0.744333 0.906250 0.519531
hands.bmp
  20 16.762394 -0.275018 -0.268073 -0.663112 -0.657049 0.358565 0.242188 0.886719
  20 17.087566 -0.329295 -0.253379 0.587978 -0.672017 0.450195 0.244141 0.841797
  20 17.081158 -0.059016 0.076937 0.575275 -0.561322 0.594959 0.287109 0.841797
hands.bmp
  20 16.762394 -0.275018 -0.268073 -0.663112 -0.657049 0.358565 0.242188 0.886719
  20 17.081158 -0.059016 0.076937 0.575275 -0.561322 0.594959 0.287109 0.841797
  20 16.731007 -0.066924 0.051789 -0.657588 -0.559683 0.504315 0.283203 0.886719
hands.bmp
  40 -39.387966 0.529323 -1.793176 -0.681092 0.449339 -0.578107 0.962891 0.265625
  24 -39.786152 0.600093 -1.881039 0.299085 0.571558 -0.764113 0.933594 0.273438
  24 -39.791061 0.983878 -1.429947 0.179562 0.866670 -0.465446 0.933594 0.238281
hands.bmp
  40 -39.387966 0.529323 -1.793176 -0.681092 0.449339 -0.578107 0.962891 0.265625
  24 -39.791061 0.983878 -1.429947 0.179562 0.866670 -0.465446 0.933594 0.238281
  40 -39.387932 0.950564 -1.352545 -0.633834 0.697980 -0.333284 0.964844 0.230469
hands.bmp
  40 -39.160759 -0.482234 -0.637784 0.668782 -0.726667 0.157117 0.201172 0.888672
  40 -39.493153 -0.495801 -0.652930 -0.562249 -0.799161 0.212643 0.199219 0.839844
  40 -39.528717 -0.552995 -1.392568 -0.729438 -0.682602 -0.044450 0.091797 0.837891
hands.bmp
  40 -39.160759 -0.482234 -0.637784 0.668782 -0.726667 0.157117 0.201172 0.888672
  40 -39.528717 -0.552995 -1.392568 -0.729438 -0.682602 -0.044450 0.091797 0.837891
  40 -39.140354 -0.594060 -1.368317 0.626454 -0.779242 -0.018353 0.105469 0.884766
hands.bmp
  7 22.235847 0.658686 -2.031508 0.245123 -0.621193 0.744335 0.906250 0.519531
  6 22.070786 0.647617 -1.966958 0.267998 -0.593344 0.759025 0.902344 0.542969
  6 22.048950 0.570070 -2.152187 0.057907 -0.972496 -0.225607 0.941406 0.535156
hands.bmp
  7 22.235847 0.658686 -2.031508 0.245123 -0.621193 0.744335 0.906250 0.519531
  6 22.048950 0.570070 -2.152187 0.057907 -0.972496 -0.225607 0.941406 0.535156
  7 22.178539 0.595490 -2.191576 0.041311 -0.952288 -0.302394 0.939453 0.511719
hands.bmp
  27 -45.183502 0.930639 -2.448070 -0.168654 0.466564 -0.868259 0.892578 0.695313
  27 -45.244682 1.027418 -2.353251 -0.439961 0.825569 -0.353369 0.923828 0.681641
  27 -44.897717 0.988504 -2.260512 0.006718 0.933569 -0.358335 0.919922 0.751953
hands.bmp
  27 -45.183502 0.930639 -2.448070 -0.168654 0.466564 -0.868259 0.892578 0.695313
  27 -44.897717 0.988504 -2.260512 0.006718 0.933569 -0.358335 0.919922 0.751953
  27 -44.893776 0.878977 -2.418273 0.135060 0.429521 -0.892900 0.894531 0.748047
hands.bmp
  12 20.952412 1.129189 0.193174 -0.099446 0.867890 0.486701 0.949219 0.962891
  12 21.928207 1.172092 0.415872 -0.099462 0.867891 0.486695 0.947266 0.816406
  12 21.978352 1.241394 0.295946 0.081251 0.958989 -0.271550 0.919922 0.812500
hands.bmp
  12 20.952412 1.129189 0.193174 -0.099446 0.867890 0.486701 0.949219 0.962891
  12 21.978352 1.241394 0.295946 0.081251 0.958989 -0.271550 0.919922 0.812500
  12 21.022751 1.190643 0.078823 0.081242 0.958982 -0.271574 0.917969 0.962891
hands.bmp
  12 21.978352 1.241394 0.295946 0.081251 0.958989 -0.271550 0.919922 0.812500
  12 22.013100 1.114412 0.152879 0.207944 0.526768 -0.824181 0.892578 0.812500
  12 21.067970 1.054794 -0.060820 0.207931 0.526759 -0.824190 0.892578 0.964844
hands.bmp
  12 21.978352 1.241394 0.295946 0.081251 0.958989 -0.271550 0.919922 0.812500
  12 21.067970 1.054794 -0.060820 0.207931 0.526759 -0.824190 0.892578 0.964844
  12 21.022751 1.190643 0.078823 0.081242 0.958982 -0.271574 0.917969 0.962891
hands.bmp
  12 21.999161 0.984131 0.091780 0.302472 -0.207747 -0.930243 0.876953 0.824219
  12 21.081764 0.874968 -0.130618 0.302446 -0.207760 -0.930248 0.871094 0.968750
  12 21.067970 1.054794 -0.060820 0.207931 0.526759 -0.824190 0.892578 0.964844
hands.bmp
  12 21.999161 0.984131 0.091780 0.302472 -0.207747 -0.930243 0.876953 0.824219
  12 21.067970 1.054794 -0.060820 0.207931 0.526759 -0.824190 0.892578 0.964844
  12 22.013100 1.114412 0.152879 0.207944 0.526768 -0.824181 0.892578 0.812500
hands.bmp
  32 -44.369377 1.114424 0.152879 -0.207945 0.526766 -0.824182 0.892578 0.812500
  32 -44.355438 0.984142 0.091780 -0.302478 -0.207745 -0.930241 0.876953 0.824219
  33 -44.769020 1.080828 0.257651 -0.272715 0.483362 -0.831858 0.894531 0.748047
hands.bmp
  32 -44.355438 0.984142 0.091780 -0.302478 -0.207745 -0.930241 0.876953 0.824219
  33 -45.019718 1.008484 0.324110 -0.500869 -0.234321 -0.833201 0.880859 0.691406
  33 -44.769020 1.080828 0.257651 -0.272715 0.483362 -0.831858 0.894531 0.748047
hands.bmp
  33 -44.769020 1.080828 0.257651 -0.272715 0.483362 -0.831858 0.894531 0.748047
  33 -45.019718 1.008484 0.324110 -0.500869 -0.234321 -0.833201 0.880859 0.691406
  33 -45.042358 1.105988 0.359888 -0.593054 0.445293 -0.670822 0.892578 0.695313
hands.bmp
  33 -45.019718 1.008484 0.324110 -0.500869 -0.234321 -0.833201 0.880859 0.691406
  33 -45.128548 1.049555 0.417218 -0.918753 -0.139177 -0.369489 0.896484 0.667969
  33 -45.042358 1.105988 0.359888 -0.593054 0.445293 -0.670822 0.892578 0.695313
hands.bmp
  13 22.689888 1.208611 0.524968 0.658150 0.752826 -0.009564 0.923828 0.681641
  13 22.741619 1.174372 0.540823 0.901449 0.367166 0.229301 0.921875 0.671875
  13 22.772270 1.049543 0.417218 0.918758 -0.139170 -0.369481 0.896484 0.667969
hands.bmp
  13 22.689888 1.208611 0.524968 0.658150 0.752826 -0.009564 0.923828 0.681641
  13 22.772270 1.049543 0.417218 0.918758 -0.139170 -0.369481 0.896484 0.667969
  13 22.686081 1.105976 0.359888 0.593060 0.445288 -0.670819 0.892578 0.695313
hands.bmp
  33 -45.128548 1.049555 0.417218 -0.918753 -0.139177 -0.369489 0.896484 0.667969
  33 -45.143906 1.089655 0.560940 -0.983024 0.027377 0.181423 0.923828 0.662109
  33 -45.097897 1.174383 0.540823 -0.901452 0.367163 0.229291 0.921875 0.671875
hands.bmp
  33 -45.097897 1.174383 0.540823 -0.901452 0.367163 0.229291 0.921875 0.671875
  33 -45.143906 1.089655 0.560940 -0.983024 0.027377 0.181423 0.923828 0.662109
  33 -45.027958 1.097527 0.615663 -0.610793 0.131017 0.780875 0.955078 0.673828
hands.bmp
  31 -43.385403 0.861010 -0.199773 -0.669456 -0.220754 -0.709293 0.615234 0.113281
  31 -43.334602 0.872739 -0.161275 -0.919553 -0.311491 -0.239575 0.605469 0.109375
  31 -43.334103 1.033595 -0.086276 -0.988296 0.151314 -0.019367 0.607422 0.103516
hands.bmp
  31 -43.385403 0.861010 -0.199773 -0.669456 -0.220754 -0.709293 0.615234 0.113281
  31 -43.334103 1.033595 -0.086276 -0.988296 0.151314 -0.019367 0.607422 0.103516
  31 -43.366920 1.082543 -0.115036 -0.719881 0.466512 -0.513944 0.615234 0.105469
hands.bmp
  40 -39.360958 -0.486314 -0.584848 -0.837161 0.465535 -0.287120 0.830078 0.382813
  40 -39.329613 -0.468753 -0.595284 0.048870 0.795618 -0.603824 0.818359 0.382813
  40 -39.327484 -0.549157 -0.695438 0.053828 0.843384 -0.534609 0.818359 0.361328
hands.bmp
  40 -39.360958 -0.486314 -0.584848 -0.837161 0.465535 -0.287120 0.830078 0.382813
  40 -39.327484 -0.549157 -0.695438 0.053828 0.843384 -0.534609 0.818359 0.361328
  40 -39.368797 -0.565923 -0.684854 -0.815319 0.512417 -0.269599 0.830078 0.361328
hands.bmp
  30 -45.749950 1.148052 -0.701631 -0.772185 0.281505 0.569636 0.902344 0.375000
  30 -45.855064 1.127892 -0.794066 -0.973788 0.227023 0.014059 0.923828 0.367188
  30 -45.710167 0.895466 -0.735044 -0.825370 -0.529711 0.195375 0.923828 0.386719
hands.bmp
  30 -45.749950 1.148052 -0.701631 -0.772185 0.281505 0.569636 0.902344 0.375000
  30 -45.710167 0.895466 -0.735044 -0.825370 -0.529711 0.195375 0.923828 0.386719
  30 -45.665936 0.914635 -0.659705 -0.470029 -0.358518 0.806559 0.902344 0.394531
hands.bmp
  4 19.755650 0.604211 -1.926282 0.694209 0.416769 -0.586837 0.726563 0.283203
  14 20.571667 0.331075 -2.521159 0.879850 0.198044 0.432022 0.648438 0.320313
  14 20.522377 0.501634 -2.716301 0.649837 0.754924 -0.088331 0.652344 0.332031
hands.bmp
  4 19.755650 0.604211 -1.926282 0.694209 0.416769 -0.586837 0.726563 0.283203
  14 20.522377 0.501634 -2.716301 0.649837 0.754924 -0.088331 0.652344 0.332031
  4 19.646992 0.690410 -2.113267 0.250118 0.894709 -0.370051 0.734375 0.292969
hands.bmp
  24 -42.003269 0.690419 -2.113267 -0.250121 0.894707 -0.370052 0.734375 0.292969
  25 -42.111927 0.604220 -1.926282 -0.694215 0.416772 -0.586828 0.726563 0.283203
  25 -42.097584 0.832393 -1.858221 -0.104649 0.727612 -0.677960 0.726563 0.269531
hands.bmp
  5 20.909252 0.904941 -2.144403 0.221758 0.456411 -0.861691 0.619141 0.287109
  5 20.907440 0.604295 -2.166920 0.412644 -0.282294 -0.866046 0.623047 0.302734
  4 19.755650 0.604211 -1.926282 0.694209 0.416769 -0.586837 0.726563 0.283203
hands.bmp
  5 20.909252 0.904941 -2.144403 0.221758 0.456411 -0.861691 0.619141 0.287109
  4 19.755650 0.604211 -1.926282 0.694209 0.416769 -0.586837 0.726563 0.283203
  4 19.741306 0.832383 -1.858221 0.104648 0.727611 -0.677961 0.726563 0.269531
hands.bmp
  40 -38.818630 0.905063 -1.280948 0.700556 -0.596859 0.391127 0.595703 0.765625
  40 -38.825245 0.394050 -1.681602 0.741331 -0.304200 0.598240 0.636719 0.792969
  40 -38.650475 0.480443 -1.864065 0.900934 -0.227090 0.369795 0.625000 0.808594
hands.bmp
  40 -38.818630 0.905063 -1.280948 0.700556 -0.596859 0.391127 0.595703 0.765625
  40 -38.650475 0.480443 -1.864065 0.900934 -0.227090 0.369795 0.625000 0.808594
  40 -38.637909 1.051154 -1.383406 0.872392 -0.427592 0.236848 0.582031 0.771484
hands.bmp
  34 -42.938267 0.319545 -2.568700 -0.986041 -0.011763 -0.166087 0.644531 0.326172
  34 -42.927944 0.331084 -2.521159 -0.879852 0.198043 0.432018 0.648438 0.320313
  34 -42.878654 0.501643 -2.716301 -0.649811 0.754948 -0.088315 0.652344 0.332031
hands.bmp
  34 -42.938267 0.319545 -2.568700 -0.986041 -0.011763 -0.166087 0.644531 0.326172
  34 -42.878654 0.501643 -2.716301 -0.649811 0.754948 -0.088315 0.652344 0.332031
  34 -42.884861 0.451808 -2.749129 -0.917238 0.210240 -0.338339 0.648438 0.339844
hands.bmp
  5 20.944572 1.048957 -1.800728 0.441469 0.884523 0.150748 0.613281 0.251953
  5 20.982601 1.005195 -1.827908 0.831895 0.554854 -0.009367 0.607422 0.253906
  5 20.967285 0.994069 -1.971231 0.846219 0.422657 -0.324461 0.611328 0.273438
hands.bmp
  5 20.944572 1.048957 -1.800728 0.441469 0.884523 0.150748 0.613281 0.251953
  5 20.967285 0.994069 -1.971231 0.846219 0.422657 -0.324461 0.611328 0.273438
  5 20.942093 1.030572 -1.976955 0.380871 0.828788 -0.409937 0.615234 0.273438
hands.bmp
  17 17.443462 0.552913 0.269318 -0.459379 0.511387 0.726261 0.951172 0.076172
  4 17.551384 1.048705 -0.201939 -0.163193 0.931636 0.324690 0.925781 0.121094
  20 16.999962 0.997922 -0.142813 0.738000 0.585663 0.335194 0.974609 0.117188
hands.bmp
  17 17.443462 0.552913 0.269318 -0.459379 0.511387 0.726261 0.951172 0.076172
  20 16.999962 0.997922 -0.142813 0.738000 0.585663 0.335194 0.974609 0.117188
  20 17.068230 0.592008 0.147658 0.588937 0.397679 0.703566 0.982422 0.091797
hands.bmp
  11 21.010643 1.082534 -0.115036 0.719869 0.466534 -0.513940 0.615234 0.105469
  4 19.673058 1.135547 -0.573372 0.288277 0.955262 -0.066113 0.732422 0.144531
  4 19.755444 1.274678 -0.255481 0.033316 0.994359 -0.100699 0.726563 0.117188
hands.bmp
  11 21.010643 1.082534 -0.115036 0.719869 0.466534 -0.513940 0.615234 0.105469
  4 19.755444 1.274678 -0.255481 0.033316 0.994359 -0.100699 0.726563 0.117188
  11 20.900074 1.246163 0.037276 0.596168 0.797227 -0.094934 0.619141 0.091797
hands.bmp
  31 -43.366920 1.082543 -0.115036 -0.719881 0.466512 -0.513944 0.615234 0.105469
  24 -42.029339 1.135556 -0.573372 -0.288281 0.955261 -0.066113 0.732422 0.144531
  28 -42.231518 0.973800 -0.607791 -0.579783 0.812353 0.062723 0.716797 0.148438
hands.bmp
  24 -42.029339 1.135556 -0.573372 -0.288281 0.955261 -0.066113 0.732422 0.144531
  28 -42.153751 1.184375 -0.779863 -0.178365 0.948073 0.263333 0.720703 0.162109
  28 -42.231518 0.973800 -0.607791 -0.579783 0.812353 0.062723 0.716797 0.148438
hands.bmp
  8 19.875240 0.973790 -0.607791 0.579780 0.812355 0.062725 0.716797 0.148438
  8 21.270279 0.965792 -0.515565 0.478820 0.321340 0.816990 0.587891 0.132813
  8 21.284134 1.110146 -0.775507 0.559920 0.785754 0.262831 0.583984 0.156250
hands.bmp
  8 19.875240 0.973790 -0.607791 0.579780 0.812355 0.062725 0.716797 0.148438
  8 21.284134 1.110146 -0.775507 0.559920 0.785754 0.262831 0.583984 0.156250
  4 19.797474 1.184365 -0.779863 0.178361 0.948072 0.263337 0.720703 0.162109
hands.bmp
  15 21.199768 0.247501 -3.301660 -0.346144 -0.303468 -0.887745 0.876953 0.824219
  15 20.468811 0.181367 -2.949201 -0.378485 -0.475320 -0.794241 0.871094 0.968750
  15 20.496311 0.339553 -2.991866 -0.356514 0.410836 -0.839113 0.892578 0.964844
hands.bmp
  15 21.199768 0.247501 -3.301660 -0.346144 -0.303468 -0.887745 0.876953 0.824219
  15 20.496311 0.339553 -2.991866 -0.356514 0.410836 -0.839113 0.892578 0.964844
  15 21.255104 0.397791 -3.308789 -0.327897 0.475397 -0.816383 0.892578 0.812500
hands.bmp
  40 -38.937923 0.362922 -1.669992 -0.194722 0.471744 -0.859966 0.275391 0.035156
  40 -38.829685 0.895917 -1.300800 -0.182947 0.789501 -0.585849 0.316406 0.035156
  23 -37.335331 1.048358 -1.533046 -0.193347 0.772183 -0.605269 0.314453 0.126953
hands.bmp
  40 -38.937923 0.362922 -1.669992 -0.194722 0.471744 -0.859966 0.275391 0.035156
  23 -37.335331 1.048358 -1.533046 -0.193347 0.772183 -0.605269 0.314453 0.126953
  23 -37.351250 0.477066 -1.981124 -0.179007 0.319663 -0.930469 0.271484 0.128906
hands.bmp
  8 21.356712 1.128529 -0.912232 0.560091 0.788932 -0.252754 0.582031 0.177734
  8 21.379951 1.092199 -0.900393 0.947243 0.309404 -0.083667 0.572266 0.177734
  8 21.377655 0.958292 -1.070284 0.937739 0.141407 -0.317253 0.570313 0.193359
hands.bmp
  8 21.356712 1.128529 -0.912232 0.560091 0.788932 -0.252754 0.582031 0.177734
  8 21.377655 0.958292 -1.070284 0.937739 0.141407 -0.317253 0.570313 0.193359
  8 21.364922 0.992798 -1.091425 0.556162 0.472514 -0.683677 0.582031 0.193359
hands.bmp
  28 -43.721199 0.992809 -1.091425 -0.556156 0.472571 -0.683642 0.582031 0.193359
  28 -43.673668 0.777971 -1.167484 -0.635971 -0.246958 -0.731131 0.583984 0.210938
  28 -43.733932 0.958303 -1.070284 -0.937739 0.141414 -0.317251 0.570313 0.193359
hands.bmp
  28 -43.733932 0.958303 -1.070284 -0.937739 0.141414 -0.317251 0.570313 0.193359
  28 -43.673668 0.777971 -1.167484 -0.635971 -0.246958 -0.731131 0.583984 0.210938
  28 -43.670937 0.791851 -1.119527 -0.973642 -0.227168 -0.020418 0.572266 0.212891
hands.bmp
  8 21.212631 0.532478 -0.904299 0.531273 -0.828164 -0.178586 0.503906 0.611328
  8 21.317390 0.777960 -1.167484 0.635962 -0.246989 -0.731129 0.490234 0.589844
  8 21.314659 0.791840 -1.119527 0.973630 -0.227215 -0.020423 0.486328 0.593750
hands.bmp
  8 21.212631 0.532478 -0.904299 0.531273 -0.828164 -0.178586 0.503906 0.611328
  8 21.314659 0.791840 -1.119527 0.973630 -0.227215 -0.020423 0.486328 0.593750
  8 21.245789 0.601980 -0.891250 0.936574 -0.349118 0.030751 0.500000 0.615234
hands.bmp
  8 20.240055 0.399508 -0.889947 0.262545 -0.941945 -0.209308 0.578125 0.583984
  5 19.898346 0.848908 -1.301526 0.632390 0.659703 -0.406047 0.564453 0.556641
  8 21.317390 0.777960 -1.167484 0.635962 -0.246989 -0.731129 0.490234 0.589844
hands.bmp
  8 20.240055 0.399508 -0.889947 0.262545 -0.941945 -0.209308 0.578125 0.583984
  8 21.317390 0.777960 -1.167484 0.635962 -0.246989 -0.731129 0.490234 0.589844
  8 21.212631 0.532478 -0.904299 0.531273 -0.828164 -0.178586 0.503906 0.611328
hands.bmp
  28 -42.596333 0.399518 -0.889947 -0.262547 -0.941944 -0.209308 0.578125 0.583984
  28 -42.254623 0.848918 -1.301526 -0.632383 0.659708 -0.406051 0.564453 0.556641
  25 -42.470776 0.416213 -1.203815 -0.890554 -0.453435 -0.036201 0.580078 0.560547
hands.bmp
  28 -42.254623 0.848918 -1.301526 -0.632383 0.659708 -0.406051 0.564453 0.556641
  25 -42.641151 0.409156 -1.509630 -0.468253 -0.611094 0.638203 0.562500 0.533203
  25 -42.470776 0.416213 -1.203815 -0.890554 -0.453435 -0.036201 0.580078 0.560547
hands.bmp
  25 -42.470776 0.416213 -1.203815 -0.890554 -0.453435 -0.036201 0.580078 0.560547
  25 -42.641151 0.409156 -1.509630 -0.468253 -0.611094 0.638203 0.562500 0.533203
  24 -42.050049 0.271640 -1.028584 -0.280965 -0.929370 0.239438 0.623047 0.552734
hands.bmp
  25 -42.641151 0.409156 -1.509630 -0.468253 -0.611094 0.638203 0.562500 0.533203
  25 -42.399460 0.234544 -1.699104 -0.365400 -0.886280 -0.284589 0.568359 0.507813
  24 -42.050049 0.271640 -1.028584 -0.280965 -0.929370 0.239438 0.623047 0.552734
hands.bmp
  38 -40.933025 0.707805 1.134369 -0.092417 0.922672 0.374347 0.505859 0.873047
  37 -41.202484 0.913901 0.583818 -0.270799 0.818128 0.507282 0.476563 0.822266
  37 -41.471653 0.567578 0.580777 -0.701921 0.254461 0.665249 0.443359 0.833984
hands.bmp
  38 -40.933025 0.707805 1.134369 -0.092417 0.922672 0.374347 0.505859 0.873047
  37 -41.471653 0.567578 0.580777 -0.701921 0.254461 0.665249 0.443359 0.833984
  38 -41.355698 0.510537 1.002701 -0.780352 0.596184 0.188720 0.460938 0.865234
hands.bmp
  24 -41.806961 -0.069518 -1.618430 -0.333749 -0.911188 0.241555 0.623047 0.496094
  34 -42.167484 0.121791 -1.932939 -0.870325 -0.480007 -0.110129 0.583984 0.488281
  34 -42.184010 -0.049794 -2.150624 -0.514152 -0.739383 0.434696 0.576172 0.470703
hands.bmp
  34 -42.167484 0.121791 -1.932939 -0.870325 -0.480007 -0.110129 0.583984 0.488281
  25 -42.111927 0.604220 -1.926282 -0.694215 0.416772 -0.586828 0.568359 0.482422
  34 -42.184010 -0.049794 -2.150624 -0.514152 -0.739383 0.434696 0.576172 0.470703
hands.bmp
  14 19.827732 -0.049804 -2.150624 0.514154 -0.739383 0.434694 0.576172 0.470703
  14 20.494095 0.017112 -2.564848 0.708896 -0.623855 0.329047 0.507813 0.458984
  14 20.571667 0.331075 -2.521159 0.879850 0.198044 0.432022 0.494141 0.482422
hands.bmp
  14 19.827732 -0.049804 -2.150624 0.514154 -0.739383 0.434694 0.576172 0.470703
  14 20.571667 0.331075 -2.521159 0.879850 0.198044 0.432022 0.494141 0.482422
  4 19.755650 0.604211 -1.926282 0.694209 0.416769 -0.586837 0.568359 0.482422
hands.bmp
  20 16.281631 1.051145 -1.383406 -0.872397 -0.427589 0.236837 0.582031 0.771484
  20 16.462349 0.905053 -1.280948 -0.700562 -0.596852 0.391127 0.595703 0.765625
  20 16.453121 1.064731 -0.840815 -0.524386 -0.851031 0.027670 0.580078 0.724609
hands.bmp
  20 16.281631 1.051145 -1.383406 -0.872397 -0.427589 0.236837 0.582031 0.771484
  20 16.453121 1.064731 -0.840815 -0.524386 -0.851031 0.027670 0.580078 0.724609
  20 16.230923 1.207486 -0.833874 -0.808417 -0.588530 0.009766 0.570313 0.722656
hands.bmp
  3 12.963477 -0.850715 -1.406878 0.103784 -0.970252 -0.218722 0.183594 0.232422
  3 14.882916 -0.651695 -1.390907 0.110525 -0.979580 -0.167949 0.183594 0.121094
  3 14.882583 -0.520696 -1.061151 0.106390 -0.994079 0.022108 0.160156 0.121094
hands.bmp
  3 12.963477 -0.850715 -1.406878 0.103784 -0.970252 -0.218722 0.183594 0.232422
  3 14.882583 -0.520696 -1.061151 0.106390 -0.994079 0.022108 0.160156 0.121094
  3 12.965362 -0.818856 -0.796648 0.098832 -0.958858 0.266128 0.144531 0.230469
hands.bmp
  20 16.332596 0.022063 -1.984151 -0.881205 -0.070097 0.467509 0.669922 0.816406
  20 16.533871 -0.012046 -1.841231 -0.622830 -0.069251 0.779286 0.671875 0.804688
  20 16.468967 0.394040 -1.681602 -0.741329 -0.304200 0.598243 0.636719 0.792969
hands.bmp
  20 16.332596 0.022063 -1.984151 -0.881205 -0.070097 0.467509 0.669922 0.816406
  20 16.468967 0.394040 -1.681602 -0.741329 -0.304200 0.598243 0.636719 0.792969
  20 16.294197 0.480433 -1.864065 -0.900934 -0.227090 0.369795 0.625000 0.808594
hands.bmp
  20 16.781174 -0.253446 -0.297771 -0.516921 -0.749433 0.413695 0.238281 0.890625
  20 16.419243 -0.392741 -0.173258 0.086342 -0.833313 0.546017 0.244141 0.941406
  20 16.436466 -0.541766 -0.533251 -0.027062 -0.974311 -0.223575 0.205078 0.941406
hands.bmp
  20 16.781174 -0.253446 -0.297771 -0.516921 -0.749433 0.413695 0.238281 0.890625
  20 16.436466 -0.541766 -0.533251 -0.027062 -0.974311 -0.223575 0.205078 0.941406
  20 16.789520 -0.413209 -0.677912 -0.694025 -0.708568 0.127518 0.197266 0.892578
hands.bmp
  7 22.537498 0.878965 -2.418273 -0.135061 0.429524 -0.892898 0.894531 0.748047
  6 22.086708 0.905231 -2.342300 -0.173446 0.407599 -0.896538 0.892578 0.812500
  6 22.143188 1.051668 -2.219149 -0.045470 0.943968 -0.326890 0.919922 0.812500
hands.bmp
  7 22.537498 0.878965 -2.418273 -0.135061 0.429524 -0.892898 0.894531 0.748047
  6 22.143188 1.051668 -2.219149 -0.045470 0.943968 -0.326890 0.919922 0.812500
  7 22.541439 0.988493 -2.260512 -0.006705 0.933570 -0.358332 0.919922 0.751953
hands.bmp
  28 -43.670937 0.791851 -1.119527 -0.118672 -0.478952 -0.869783 0.972656 0.640625
  28 -43.602066 0.601992 -0.891250 -0.139440 -0.973648 -0.180461 0.941406 0.646484
  29 -43.754105 0.619030 -0.876843 -0.117315 -0.976778 -0.179280 0.941406 0.634766
hands.bmp
  28 -43.670937 0.791851 -1.119527 -0.118672 -0.478952 -0.869783 0.972656 0.640625
  29 -43.754105 0.619030 -0.876843 -0.117315 -0.976778 -0.179280 0.941406 0.634766
  28 -43.823792 0.759436 -1.101183 -0.057794 -0.331626 -0.941639 0.970703 0.628906
hands.bmp
  20 16.370388 -0.526761 -1.574313 -0.895591 0.396031 0.202670 0.707031 0.783203
  20 16.428120 -0.542264 -1.323460 -0.879013 0.473312 0.057537 0.714844 0.767578
  20 16.511452 -0.455352 -1.322118 -0.632820 0.770142 0.080130 0.705078 0.767578
hands.bmp
  20 16.370388 -0.526761 -1.574313 -0.895591 0.396031 0.202670 0.707031 0.783203
  20 16.511452 -0.455352 -1.322118 -0.632820 0.770142 0.080130 0.705078 0.767578
  20 16.462456 -0.429124 -1.542824 -0.701998 0.667082 0.249401 0.699219 0.779297
hands.bmp
  1 7.907660 0.984348 0.207492 0.125749 0.443222 0.887548 0.007813 0.503906
  1 7.485377 1.023972 0.433341 0.265867 0.430711 0.862440 0.007813 0.529297
  1 7.488421 0.164878 0.559643 0.269009 -0.177657 0.946611 0.052734 0.523438
hands.bmp
  1 7.907660 0.984348 0.207492 0.125749 0.443222 0.887548 0.007813 0.503906
  1 7.488421 0.164878 0.559643 0.269009 -0.177657 0.946611 0.052734 0.523438
  1 7.920436 0.085670 0.384176 0.205984 -0.212526 0.955198 0.052734 0.498047
hands.bmp
  15 20.592522 0.444345 -2.841328 -0.207353 0.938644 -0.275593 0.917969 0.962891
  15 21.328331 0.507420 -3.206714 -0.099203 0.931763 -0.349251 0.919922 0.812500
  15 21.255104 0.397791 -3.308789 -0.327897 0.475397 -0.816383 0.892578 0.812500
hands.bmp
  15 20.592522 0.444345 -2.841328 -0.207353 0.938644 -0.275593 0.917969 0.962891
  15 21.255104 0.397791 -3.308789 -0.327897 0.475397 -0.816383 0.892578 0.812500
  15 20.496311 0.339553 -2.991866 -0.356514 0.410836 -0.839113 0.892578 0.964844
hands.bmp
  40 -39.528717 -0.552995 -1.392568 -0.729438 -0.682602 -0.044450 0.091797 0.837891
  40 -39.483608 -0.446197 -1.633107 -0.744889 -0.588766 -0.313841 0.070313 0.837891
  40 -39.170738 -0.551454 -1.617840 0.565693 -0.774699 -0.282547 0.082031 0.884766
hands.bmp
  40 -39.528717 -0.552995 -1.392568 -0.729438 -0.682602 -0.044450 0.091797 0.837891
  40 -39.170738 -0.551454 -1.617840 0.565693 -0.774699 -0.282547 0.082031 0.884766
  40 -39.140354 -0.594060 -1.368317 0.626454 -0.779242 -0.018353 0.105469 0.884766
hands.bmp
  12 21.890068 1.045549 0.555274 -0.196228 0.233009 0.952471 0.970703 0.828125
  12 21.928207 1.172092 0.415872 -0.099462 0.867891 0.486695 0.947266 0.816406
  12 20.952412 1.129189 0.193174 -0.099446 0.867890 0.486701 0.949219 0.962891
hands.bmp
  12 21.890068 1.045549 0.555274 -0.196228 0.233009 0.952471 0.970703 0.828125
  12 20.952412 1.129189 0.193174 -0.099446 0.867890 0.486701 0.949219 0.962891
  12 20.953167 0.949546 0.368183 -0.080259 0.309384 0.947544 0.976563 0.972656
hands.bmp
  28 -43.828041 0.978624 -1.070554 0.048871 0.499936 -0.864683 0.892578 0.964844
  28 -43.823792 0.759436 -1.101183 -0.057794 -0.331626 -0.941639 0.871094 0.968750
  29 -44.988411 0.871361 -1.077654 -0.072467 -0.270865 -0.959886 0.876953 0.824219
hands.bmp
  28 -43.828041 0.978624 -1.070554 0.048871 0.499936 -0.864683 0.892578 0.964844
  29 -44.988411 0.871361 -1.077654 -0.072467 -0.270865 -0.959886 0.876953 0.824219
  29 -44.963829 1.073597 -1.022906 0.006895 0.543125 -0.839623 0.892578 0.812500
hands.bmp
  2 11.265910 0.086751 0.371189 0.023467 -0.313449 0.949315 0.068359 0.328125
  2 11.090777 -0.806208 -0.331699 0.037750 -0.847216 0.529906 0.121094 0.339844
  3 13.009593 -0.537160 -0.305944 0.083299 -0.797355 0.597734 0.119141 0.228516
hands.bmp
  2 11.265910 0.086751 0.371189 0.023467 -0.313449 0.949315 0.068359 0.328125
  3 13.009593 -0.537160 -0.305944 0.083299 -0.797355 0.597734 0.119141 0.228516
  3 13.070025 0.114827 0.254199 0.053192 -0.395318 0.917003 0.080078 0.222656
hands.bmp
  3 14.899234 -0.492344 -1.630992 0.085335 -0.812185 -0.577125 0.205078 0.125000
  3 14.882916 -0.651695 -1.390907 0.110525 -0.979580 -0.167949 0.183594 0.121094
  3 12.963477 -0.850715 -1.406878 0.103784 -0.970252 -0.218722 0.183594 0.232422
hands.bmp
  3 14.899234 -0.492344 -1.630992 0.085335 -0.812185 -0.577125 0.205078 0.125000
  3 12.963477 -0.850715 -1.406878 0.103784 -0.970252 -0.218722 0.183594 0.232422
  3 13.044152 -0.302718 -2.196430 0.118049 -0.551323 -0.825898 0.236328 0.236328
hands.bmp
  23 -35.400433 -0.302711 -2.196430 -0.118051 -0.551323 -0.825898 0.236328 0.236328
  23 -37.255512 -0.492336 -1.630992 -0.085337 -0.812185 -0.577125 0.205078 0.125000
  23 -37.271099 -0.302926 -1.851176 -0.102407 -0.651861 -0.751392 0.222656 0.126953
hands.bmp
  39 -41.396988 0.180476 2.931381 -0.450483 0.634509 0.628063 0.759766 0.865234
  39 -41.442703 -0.039849 3.005995 -0.560894 -0.038716 0.826982 0.722656 0.841797
  39 -41.214035 -0.035073 3.015453 0.083017 -0.069253 0.994139 0.722656 0.855469
hands.bmp
  39 -41.396988 0.180476 2.931381 -0.450483 0.634509 0.628063 0.759766 0.865234
  39 -41.214035 -0.035073 3.015453 0.083017 -0.069253 0.994139 0.722656 0.855469
  39 -41.238029 0.176703 2.960005 0.320405 0.650472 0.688641 0.740234 0.871094
hands.bmp
  28 -42.254623 0.848918 -1.301526 -0.632383 0.659708 -0.406051 0.703125 0.216797
  28 -43.673668 0.777971 -1.167484 -0.635971 -0.246958 -0.731131 0.583984 0.210938
  28 -43.721199 0.992809 -1.091425 -0.556156 0.472571 -0.683642 0.582031 0.193359
hands.bmp
  28 -42.254623 0.848918 -1.301526 -0.632383 0.659708 -0.406051 0.703125 0.216797
  28 -43.721199 0.992809 -1.091425 -0.556156 0.472571 -0.683642 0.582031 0.193359
  28 -42.253941 1.058248 -1.186624 -0.237859 0.722148 -0.649557 0.712891 0.208984
hands.bmp
  6 21.082241 0.988237 -1.974661 -0.040220 0.924152 -0.379902 0.917969 0.962891
  6 21.092148 0.962830 -1.850740 0.256510 0.900468 0.351226 0.949219 0.962891
  6 22.146179 0.997343 -2.084465 0.089238 0.877582 0.471048 0.947266 0.816406
hands.bmp
  6 21.082241 0.988237 -1.974661 -0.040220 0.924152 -0.379902 0.917969 0.962891
  6 22.146179 0.997343 -2.084465 0.089238 0.877582 0.471048 0.947266 0.816406
  6 22.143188 1.051668 -2.219149 -0.045470 0.943968 -0.326890 0.919922 0.812500
hands.bmp
  7 22.541439 0.988493 -2.260512 -0.006705 0.933570 -0.358332 0.919922 0.751953
  6 22.143188 1.051668 -2.219149 -0.045470 0.943968 -0.326890 0.919922 0.812500
  6 22.146179 0.997343 -2.084465 0.089238 0.877582 0.471048 0.947266 0.816406
hands.bmp
  7 22.541439 0.988493 -2.260512 -0.006705 0.933570 -0.358332 0.919922 0.751953
  6 22.146179 0.997343 -2.084465 0.089238 0.877582 0.471048 0.947266 0.816406
  7 22.559406 0.980478 -2.186940 0.072065 0.976105 0.205002 0.947266 0.748047
hands.bmp
  26 -44.502457 0.997355 -2.084465 -0.089238 0.877582 0.471048 0.947266 0.816406
  27 -44.915684 0.980490 -2.186940 -0.072064 0.976106 0.204999 0.947266 0.748047
  27 -45.170078 0.898972 -2.123390 -0.341092 0.389319 0.855621 0.966797 0.707031
hands.bmp
  27 -44.915684 0.980490 -2.186940 -0.072064 0.976106 0.204999 0.947266 0.748047
  27 -45.200859 1.004204 -2.239056 -0.262741 0.906492 0.330513 0.955078 0.689453
  27 -45.170078 0.898972 -2.123390 -0.341092 0.389319 0.855621 0.966797 0.707031
hands.bmp
  27 -45.170078 0.898972 -2.123390 -0.341092 0.389319 0.855621 0.966797 0.707031
  27 -45.200859 1.004204 -2.239056 -0.262741 0.906492 0.330513 0.955078 0.689453
  27 -45.272079 0.925852 -2.209258 -0.821710 0.359358 0.442328 0.955078 0.673828
hands.bmp
  20 16.428120 -0.542264 -1.323460 -0.879013 0.473312 0.057537 0.714844 0.767578
  20 16.355343 -0.628325 -1.364650 -0.808406 -0.588545 0.009721 0.720703 0.767578
  20 16.384163 -0.596053 -0.774119 -0.742460 -0.409303 0.530306 0.728516 0.718750
hands.bmp
  20 16.428120 -0.542264 -1.323460 -0.879013 0.473312 0.057537 0.714844 0.767578
  20 16.384163 -0.596053 -0.774119 -0.742460 -0.409303 0.530306 0.728516 0.718750
  20 16.411030 -0.553777 -0.783667 -0.746256 0.475951 0.465373 0.724609 0.718750
hands.bmp
  19 19.159241 -0.012195 2.701309 0.979169 0.037764 0.199504 0.812500 0.884766
  19 19.065971 0.188760 2.671009 0.768579 0.617583 0.166964 0.787109 0.900391
  19 19.040707 0.180467 2.931381 0.450479 0.634517 0.628058 0.759766 0.865234
hands.bmp
  19 19.159241 -0.012195 2.701309 0.979169 0.037764 0.199504 0.812500 0.884766
  19 19.040707 0.180467 2.931381 0.450479 0.634517 0.628058 0.759766 0.865234
  19 19.086426 -0.039859 3.005995 0.560890 -0.038720 0.826984 0.773438 0.843750
hands.bmp
  36 -44.186214 0.363375 -3.262484 -0.541610 0.396873 0.741047 0.886719 0.394531
  36 -44.263630 0.369095 -3.359818 -0.919237 0.325646 0.221264 0.902344 0.375000
  36 -44.200710 0.193922 -3.271183 -0.723617 -0.369320 0.583080 0.902344 0.394531
hands.bmp
  16 21.844425 0.193911 -3.271183 0.723615 -0.369315 0.583085 0.902344 0.394531
  16 21.856411 0.167082 -3.360830 0.724611 -0.678187 -0.122480 0.923828 0.386719
  16 21.929420 0.322376 -3.447743 0.897148 0.040728 -0.439848 0.923828 0.367188
hands.bmp
  16 21.844425 0.193911 -3.271183 0.723615 -0.369315 0.583085 0.902344 0.394531
  16 21.929420 0.322376 -3.447743 0.897148 0.040728 -0.439848 0.923828 0.367188
  16 21.907345 0.369083 -3.359818 0.919233 0.325658 0.221265 0.902344 0.375000
hands.bmp
  16 21.781109 0.157450 -3.379168 0.200432 -0.854256 -0.479660 0.939453 0.396484
  16 21.856586 0.280621 -3.502989 0.465405 -0.188373 -0.864820 0.947266 0.371094
  16 21.929420 0.322376 -3.447743 0.897148 0.040728 -0.439848 0.923828 0.367188
hands.bmp
  16 21.781109 0.157450 -3.379168 0.200432 -0.854256 -0.479660 0.939453 0.396484
  16 21.929420 0.322376 -3.447743 0.897148 0.040728 -0.439848 0.923828 0.367188
  16 21.856411 0.167082 -3.360830 0.724611 -0.678187 -0.122480 0.923828 0.386719
hands.bmp
  36 -44.212696 0.167093 -3.360830 -0.724613 -0.678186 -0.122475 0.923828 0.386719
  36 -44.137394 0.157461 -3.379168 -0.200438 -0.854259 -0.479652 0.939453 0.396484
  36 -44.024700 0.135771 -3.259459 -0.250116 -0.923442 0.291027 0.921875 0.416016
hands.bmp
  36 -44.137394 0.157461 -3.379168 -0.200438 -0.854259 -0.479652 0.939453 0.396484
  36 -43.691891 0.138653 -3.192147 0.038031 -0.967757 -0.248996 0.939453 0.511719
  36 -44.024700 0.135771 -3.259459 -0.250116 -0.923442 0.291027 0.921875 0.416016
hands.bmp
  36 -44.024700 0.135771 -3.259459 -0.250116 -0.923442 0.291027 0.921875 0.416016
  36 -43.691891 0.138653 -3.192147 0.038031 -0.967757 -0.248996 0.939453 0.511719
  36 -43.740223 0.198643 -3.073129 -0.417021 -0.538287 0.732353 0.906250 0.519531
hands.bmp
  9 21.385799 0.680096 -0.665833 0.009155 -0.686246 0.727312 0.906250 0.634766
  9 21.397827 0.619019 -0.876843 0.117314 -0.976778 -0.179284 0.941406 0.634766
  9 22.444290 0.707684 -0.853312 0.089972 -0.971968 -0.217217 0.941406 0.535156
hands.bmp
  9 21.385799 0.680096 -0.665833 0.009155 -0.686246 0.727312 0.906250 0.634766
  9 22.444290 0.707684 -0.853312 0.089972 -0.971968 -0.217217 0.941406 0.535156
  9 22.462608 0.769417 -0.651189 0.095987 -0.626216 0.773719 0.902344 0.542969
hands.bmp
  38 -41.500183 0.105094 1.948660 -0.868319 0.168536 0.466495 0.451172 0.960938
  38 -41.352047 0.304002 1.981697 -0.652202 0.732610 0.194718 0.472656 0.962891
  38 -41.328056 0.390447 1.556430 -0.714581 0.693135 0.094538 0.470703 0.919922
hands.bmp
  38 -41.500183 0.105094 1.948660 -0.868319 0.168536 0.466495 0.451172 0.960938
  38 -41.328056 0.390447 1.556430 -0.714581 0.693135 0.094538 0.470703 0.919922
  38 -41.471481 0.159612 1.531044 -0.973642 0.221479 -0.054485 0.443359 0.919922
hands.bmp
  40 -39.433117 -0.510646 -0.583823 0.223101 -0.803762 0.551536 0.490234 0.730469
  40 -39.407608 -0.442460 -0.584103 0.719567 0.297557 0.627442 0.494141 0.736328
  40 -39.390469 -0.283385 -0.284101 0.692787 -0.249567 -0.676582 0.494141 0.785156
hands.bmp
  40 -39.433117 -0.510646 -0.583823 0.223101 -0.803762 0.551536 0.490234 0.730469
  40 -39.390469 -0.283385 -0.284101 0.692787 -0.249567 -0.676582 0.494141 0.785156
  40 -39.425064 -0.350854 -0.223681 0.242678 -0.950479 0.194158 0.490234 0.789063
hands.bmp
  14 20.581989 0.319535 -2.568700 0.539857 0.308982 0.782997 0.880859 0.644531
  14 20.515663 0.059175 -2.612447 0.590235 -0.687048 0.423779 0.904297 0.646484
  15 20.562328 0.106261 -2.656431 0.526318 -0.614488 0.587702 0.906250 0.634766
hands.bmp
  14 20.581989 0.319535 -2.568700 0.539857 0.308982 0.782997 0.880859 0.644531
  15 20.562328 0.106261 -2.656431 0.526318 -0.614488 0.587702 0.906250 0.634766
  15 20.626705 0.296166 -2.599928 0.481006 0.348280 0.804571 0.886719 0.628906
hands.bmp
  20 16.924911 -0.603030 -0.666188 -0.824168 -0.501914 0.262354 0.863281 0.361328
  20 16.898731 -0.544953 -0.566481 -0.811199 -0.501896 0.300095 0.863281 0.382813
  20 16.963219 -0.469573 -0.585433 -0.889062 0.331726 -0.315479 0.875000 0.382813
hands.bmp
  20 16.924911 -0.603030 -0.666188 -0.824168 -0.501914 0.262354 0.863281 0.361328
  20 16.963219 -0.469573 -0.585433 -0.889062 0.331726 -0.315479 0.875000 0.382813
  20 16.961887 -0.559945 -0.685588 -0.890667 0.361056 -0.276318 0.875000 0.361328
hands.bmp
  20 16.995331 -0.607438 -0.655161 0.086566 -0.833649 0.545469 0.851563 0.361328
  20 16.978325 -0.538596 -0.555304 0.060402 -0.795072 0.603500 0.851563 0.382813
  20 16.898731 -0.544953 -0.566481 -0.811199 -0.501896 0.300095 0.863281 0.382813
hands.bmp
  20 16.995331 -0.607438 -0.655161 0.086566 -0.833649 0.545469 0.851563 0.361328
  20 16.898731 -0.544953 -0.566481 -0.811199 -0.501896 0.300095 0.863281 0.382813
  20 16.924911 -0.603030 -0.666188 -0.824168 -0.501914 0.262354 0.863281 0.361328
hands.bmp
  40 -39.351608 -0.607429 -0.655161 -0.086504 -0.833644 0.545486 0.851563 0.361328
  40 -39.334602 -0.538587 -0.555304 -0.060571 -0.794812 0.603825 0.851563 0.382813
  40 -39.360928 -0.596652 -0.665010 -0.887932 -0.360951 0.285115 0.841797 0.361328
hands.bmp
  40 -39.334602 -0.538587 -0.555304 -0.060571 -0.794812 0.603825 0.851563 0.382813
  40 -39.334747 -0.538573 -0.565302 -0.869222 -0.360472 0.338398 0.841797 0.382813
  40 -39.360928 -0.596652 -0.665010 -0.887932 -0.360951 0.285115 0.841797 0.361328
hands.bmp
  34 -42.878654 0.501643 -2.716301 -0.649811 0.754948 -0.088315 0.652344 0.332031
  34 -42.927944 0.331084 -2.521159 -0.879852 0.198043 0.432018 0.648438 0.320313
  25 -42.111927 0.604220 -1.926282 -0.694215 0.416772 -0.586828 0.726563 0.283203
hands.bmp
  34 -42.878654 0.501643 -2.716301 -0.649811 0.754948 -0.088315 0.652344 0.332031
  25 -42.111927 0.604220 -1.926282 -0.694215 0.416772 -0.586828 0.726563 0.283203
  24 -42.003269 0.690419 -2.113267 -0.250121 0.894707 -0.370052 0.734375 0.292969
hands.bmp
  20 16.971203 -0.549167 -0.695438 -0.053872 0.843395 -0.534586 0.818359 0.361328
  20 16.973335 -0.468762 -0.595284 -0.048866 0.795629 -0.603810 0.818359 0.382813
  20 17.004681 -0.486323 -0.584848 0.837164 0.465527 -0.287126 0.830078 0.382813
hands.bmp
  20 16.971203 -0.549167 -0.695438 -0.053872 0.843395 -0.534586 0.818359 0.361328
  20 17.004681 -0.486323 -0.584848 0.837164 0.465527 -0.287126 0.830078 0.382813
  20 17.012520 -0.565932 -0.684854 0.815362 0.512346 -0.269604 0.830078 0.361328
hands.bmp
  14 20.507717 0.437470 -2.792250 -0.174391 0.942378 -0.285504 0.917969 0.980469
  14 20.528584 0.451798 -2.749129 0.250170 0.959621 0.128614 0.949219 0.980469
  15 20.597454 0.439918 -2.784267 0.145907 0.970365 0.192619 0.949219 0.962891
hands.bmp
  14 20.507717 0.437470 -2.792250 -0.174391 0.942378 -0.285504 0.917969 0.980469
  15 20.597454 0.439918 -2.784267 0.145907 0.970365 0.192619 0.949219 0.962891
  15 20.592522 0.444345 -2.841328 -0.207353 0.938644 -0.275593 0.917969 0.962891
hands.bmp
  20 16.898731 -0.544953 -0.566481 -0.811199 -0.501896 0.300095 0.863281 0.382813
  20 16.928226 -0.432269 -0.455880 -0.798804 -0.398441 0.450729 0.863281 0.406250
  20 16.956177 -0.399934 -0.485428 -0.891705 0.231964 -0.388658 0.875000 0.406250
hands.bmp
  20 16.898731 -0.544953 -0.566481 -0.811199 -0.501896 0.300095 0.863281 0.382813
  20 16.956177 -0.399934 -0.485428 -0.891705 0.231964 -0.388658 0.875000 0.406250
  20 16.963219 -0.469573 -0.585433 -0.889062 0.331726 -0.315479 0.875000 0.382813
hands.bmp
  40 -39.255013 -0.544944 -0.566481 0.811196 -0.501899 0.300098 0.863281 0.382813
  40 -39.284504 -0.432260 -0.455880 0.798787 -0.398473 0.450731 0.863281 0.406250
  40 -39.334602 -0.538587 -0.555304 -0.060571 -0.794812 0.603825 0.851563 0.382813
hands.bmp
  40 -39.284504 -0.432260 -0.455880 0.798787 -0.398473 0.450731 0.863281 0.406250
  40 -39.305885 -0.450616 -0.445591 -0.037705 -0.592535 0.804662 0.851563 0.406250
  40 -39.334602 -0.538587 -0.555304 -0.060571 -0.794812 0.603825 0.851563 0.382813
hands.bmp
  40 -39.334602 -0.538587 -0.555304 -0.060571 -0.794812 0.603825 0.851563 0.382813
  40 -39.305885 -0.450616 -0.445591 -0.037705 -0.592535 0.804662 0.851563 0.406250
  40 -39.334747 -0.538573 -0.565302 -0.869222 -0.360472 0.338398 0.841797 0.382813
hands.bmp
  20 16.978470 -0.538583 -0.565302 0.869224 -0.360461 0.338404 0.841797 0.382813
  20 17.004681 -0.486323 -0.584848 0.837164 0.465527 -0.287126 0.830078 0.382813
  20 16.997993 -0.426694 -0.454849 0.843913 -0.268355 0.464538 0.841797 0.406250
hands.bmp
  20 16.978470 -0.538583 -0.565302 0.869224 -0.360461 0.338404 0.841797 0.382813
  20 16.997993 -0.426694 -0.454849 0.843913 -0.268355 0.464538 0.841797 0.406250
  20 16.949604 -0.450625 -0.445591 0.037614 -0.592554 0.804652 0.851563 0.406250
hands.bmp
  40 -39.354275 -0.426684 -0.454849 -0.843916 -0.268351 0.464537 0.841797 0.406250
  40 -39.353123 -0.406709 -0.484841 -0.858102 0.367164 -0.358958 0.830078 0.406250
  40 -39.360958 -0.486314 -0.584848 -0.837161 0.465535 -0.287120 0.830078 0.382813
hands.bmp
  40 -39.434334 -0.009082 0.016955 -0.508173 -0.631449 0.585690 0.994141 0.068359
  40 -39.438526 0.161761 0.167270 -0.524724 -0.320702 0.788552 0.990234 0.076172
  37 -39.834541 0.130704 0.331945 0.700722 -0.325559 0.634823 0.964844 0.060547
hands.bmp
  40 -39.434334 -0.009082 0.016955 -0.508173 -0.631449 0.585690 0.994141 0.068359
  37 -39.834541 0.130704 0.331945 0.700722 -0.325559 0.634823 0.964844 0.060547
  37 -39.855350 -0.050593 0.196676 0.494146 -0.760931 0.420481 0.970703 0.052734
hands.bmp
  20 16.963219 -0.469573 -0.585433 -0.889062 0.331726 -0.315479 0.808594 0.382813
  20 16.956177 -0.399934 -0.485428 -0.891705 0.231964 -0.388658 0.808594 0.406250
  20 16.965641 -0.389140 -0.505277 -0.033993 0.627200 -0.778116 0.818359 0.406250
hands.bmp
  20 16.963219 -0.469573 -0.585433 -0.889062 0.331726 -0.315479 0.808594 0.382813
  20 16.965641 -0.389140 -0.505277 -0.033993 0.627200 -0.778116 0.818359 0.406250
  20 16.973335 -0.468762 -0.595284 -0.048866 0.795629 -0.603810 0.818359 0.382813
hands.bmp
  20 16.985901 -0.277184 -0.444818 -0.023127 0.492585 -0.869957 0.818359 0.429688
  20 16.956177 -0.399934 -0.485428 -0.891705 0.231964 -0.388658 0.875000 0.406250
  20 16.928226 -0.432269 -0.455880 -0.798804 -0.398441 0.450729 0.863281 0.406250
hands.bmp
  20 16.985901 -0.277184 -0.444818 -0.023127 0.492585 -0.869957 0.818359 0.429688
  20 16.928226 -0.432269 -0.455880 -0.798804 -0.398441 0.450729 0.863281 0.406250
  20 16.887531 -0.305112 -0.426297 -0.922378 0.124297 -0.365744 0.808594 0.429688
hands.bmp
  40 -39.243813 -0.305102 -0.426297 0.922376 0.124341 -0.365735 0.875000 0.429688
  40 -39.243370 -0.305144 -0.396300 0.766590 -0.327050 0.552610 0.863281 0.429688
  40 -39.284504 -0.432260 -0.455880 0.798787 -0.398473 0.450731 0.863281 0.406250
hands.bmp
  31 -43.149330 0.952529 0.406356 -0.258405 0.231846 0.937803 0.636719 0.050781
  31 -43.188141 0.940988 0.375373 -0.683473 0.118357 0.720317 0.628906 0.050781
  31 -43.162601 0.727962 0.300087 -0.533132 -0.530912 0.658712 0.638672 0.031250
hands.bmp
  31 -43.149330 0.952529 0.406356 -0.258405 0.231846 0.937803 0.636719 0.050781
  31 -43.162601 0.727962 0.300087 -0.533132 -0.530912 0.658712 0.638672 0.031250
  31 -43.126904 0.689992 0.337286 -0.216093 -0.591711 0.776648 0.644531 0.031250
hands.bmp
  20 16.997993 -0.426694 -0.454849 0.843913 -0.268355 0.464538 0.841797 0.406250
  20 16.985168 -0.277255 -0.394823 0.803963 -0.181788 0.566212 0.841797 0.429688
  20 16.915752 -0.292840 -0.365860 0.029307 -0.436862 0.899051 0.851563 0.429688
hands.bmp
  20 16.997993 -0.426694 -0.454849 0.843913 -0.268355 0.464538 0.841797 0.406250
  20 16.915752 -0.292840 -0.365860 0.029307 -0.436862 0.899051 0.851563 0.429688
  20 16.949604 -0.450625 -0.445591 0.037614 -0.592554 0.804652 0.851563 0.406250
hands.bmp
  40 -39.354275 -0.426684 -0.454849 -0.843916 -0.268351 0.464537 0.841797 0.406250
  40 -39.341450 -0.277246 -0.394823 -0.803957 -0.181724 0.566242 0.841797 0.429688
  40 -39.353123 -0.406709 -0.484841 -0.858102 0.367164 -0.358958 0.830078 0.406250
hands.bmp
  40 -39.341450 -0.277246 -0.394823 -0.803957 -0.181724 0.566242 0.841797 0.429688
  40 -39.323547 -0.298732 -0.425119 -0.903729 0.269686 -0.332480 0.830078 0.429688
  40 -39.353123 -0.406709 -0.484841 -0.858102 0.367164 -0.358958 0.830078 0.406250
hands.bmp
  40 -39.353123 -0.406709 -0.484841 -0.858102 0.367164 -0.358958 0.830078 0.406250
  40 -39.323547 -0.298732 -0.425119 -0.903729 0.269686 -0.332480 0.830078 0.429688
  40 -39.321922 -0.389131 -0.505277 0.033985 0.627188 -0.778126 0.818359 0.406250
hands.bmp
  40 -39.323547 -0.298732 -0.425119 -0.903729 0.269686 -0.332480 0.830078 0.429688
  40 -39.342182 -0.277175 -0.444818 0.023133 0.492361 -0.870084 0.818359 0.429688
  40 -39.321922 -0.389131 -0.505277 0.033985 0.627188 -0.778126 0.818359 0.406250
hands.bmp
  40 -39.321922 -0.389131 -0.505277 0.033985 0.627188 -0.778126 0.818359 0.406250
  40 -39.342182 -0.277175 -0.444818 0.023133 0.492361 -0.870084 0.818359 0.429688
  40 -39.312458 -0.399924 -0.485428 0.891703 0.231990 -0.388647 0.808594 0.406250
hands.bmp
  30 -45.600357 1.105429 -0.635259 -0.121234 0.302284 0.945477 0.886719 0.394531
  30 -45.749950 1.148052 -0.701631 -0.772185 0.281505 0.569636 0.902344 0.375000
  30 -45.665936 0.914635 -0.659705 -0.470029 -0.358518 0.806559 0.902344 0.394531
hands.bmp
  10 23.353889 0.895454 -0.735044 0.825369 -0.529712 0.195374 0.923828 0.386719
  10 23.498787 1.127880 -0.794066 0.973783 0.227042 0.014076 0.923828 0.367188
  10 23.393673 1.148041 -0.701631 0.772186 0.281506 0.569634 0.902344 0.375000
hands.bmp
  10 23.353889 0.895454 -0.735044 0.825369 -0.529712 0.195374 0.923828 0.386719
  10 23.393673 1.148041 -0.701631 0.772186 0.281506 0.569634 0.902344 0.375000
  10 23.309658 0.914623 -0.659705 0.470035 -0.358521 0.806554 0.902344 0.394531
hands.bmp
  10 23.111088 0.780685 -0.715656 0.261985 -0.923664 0.279659 0.921875 0.416016
  10 23.281273 0.853281 -0.862513 0.515108 -0.754114 -0.407402 0.939453 0.396484
  10 23.353889 0.895454 -0.735044 0.825369 -0.529712 0.195374 0.923828 0.386719
hands.bmp
  10 23.111088 0.780685 -0.715656 0.261985 -0.923664 0.279659 0.921875 0.416016
  10 23.353889 0.895454 -0.735044 0.825369 -0.529712 0.195374 0.923828 0.386719
  10 23.309658 0.914623 -0.659705 0.470035 -0.358521 0.806554 0.902344 0.394531
hands.bmp
  30 -45.467365 0.780697 -0.715656 -0.261995 -0.923660 0.279663 0.921875 0.416016
  30 -45.637550 0.853292 -0.862513 -0.515132 -0.754106 -0.407385 0.939453 0.396484
  30 -45.015366 0.726027 -0.871549 -0.097692 -0.953779 -0.284185 0.939453 0.511719
hands.bmp
  20 16.322670 -0.239572 -1.934653 -0.876780 0.136123 0.461224 0.685547 0.808594
  20 16.536060 -0.172391 -1.801416 -0.603584 0.302545 0.737667 0.681641 0.798828
  20 16.533871 -0.012046 -1.841231 -0.622830 -0.069251 0.779286 0.671875 0.804688
hands.bmp
  20 16.322670 -0.239572 -1.934653 -0.876780 0.136123 0.461224 0.685547 0.808594
  20 16.533871 -0.012046 -1.841231 -0.622830 -0.069251 0.779286 0.671875 0.804688
  20 16.332596 0.022063 -1.984151 -0.881205 -0.070097 0.467509 0.669922 0.816406
hands.bmp
  30 -45.015366 0.726027 -0.871549 -0.097692 -0.953779 -0.284185 0.939453 0.511719
  29 -44.988411 0.871361 -1.077654 -0.072467 -0.270865 -0.959886 0.968750 0.525391
  29 -44.800568 0.707695 -0.853312 -0.089969 -0.971969 -0.217215 0.941406 0.535156
hands.bmp
  14 20.436283 0.006675 -2.730524 0.837542 -0.354419 -0.415826 0.505859 0.431641
  14 20.515663 0.059175 -2.612447 0.931179 -0.353408 -0.089487 0.500000 0.457031
  14 20.494095 0.017112 -2.564848 0.708896 -0.623855 0.329047 0.507813 0.458984
hands.bmp
  14 20.436283 0.006675 -2.730524 0.837542 -0.354419 -0.415826 0.505859 0.431641
  14 20.494095 0.017112 -2.564848 0.708896 -0.623855 0.329047 0.507813 0.458984
  14 20.402851 -0.049741 -2.730395 0.404159 -0.823522 -0.398080 0.511719 0.433594
hands.bmp
  9 21.397827 0.619019 -0.876843 0.117314 -0.976778 -0.179284 0.941406 0.634766
  8 21.245789 0.601980 -0.891250 0.139441 -0.973647 -0.180468 0.941406 0.646484
  8 21.314659 0.791840 -1.119527 0.118668 -0.478951 -0.869784 0.972656 0.640625
hands.bmp
  9 21.397827 0.619019 -0.876843 0.117314 -0.976778 -0.179284 0.941406 0.634766
  8 21.314659 0.791840 -1.119527 0.118668 -0.478951 -0.869784 0.972656 0.640625
  9 21.467514 0.759424 -1.101183 0.057805 -0.331678 -0.941620 0.970703 0.628906
hands.bmp
  37 -40.168121 -0.048467 0.805257 0.723232 -0.533199 0.438901 0.628906 0.847656
  37 -40.130413 0.086558 0.834351 0.822823 -0.132302 0.552683 0.621094 0.843750
  38 -40.412308 0.057672 1.263916 0.821067 -0.087157 0.564139 0.597656 0.886719
hands.bmp
  37 -40.168121 -0.048467 0.805257 0.723232 -0.533199 0.438901 0.628906 0.847656
  38 -40.412308 0.057672 1.263916 0.821067 -0.087157 0.564139 0.597656 0.886719
  38 -40.418377 -0.055764 1.277903 0.700710 -0.513321 0.495487 0.605469 0.890625
hands.bmp
  20 16.389652 0.156564 0.217111 -0.902124 0.091669 -0.421627 0.632813 0.773438
  20 16.401295 -0.083234 0.046932 -0.911909 0.240697 -0.332395 0.619141 0.767578
  20 16.363083 -0.116393 0.096331 -0.816052 -0.446861 0.366570 0.617188 0.769531
hands.bmp
  20 16.389652 0.156564 0.217111 -0.902124 0.091669 -0.421627 0.632813 0.773438
  20 16.363083 -0.116393 0.096331 -0.816052 -0.446861 0.366570 0.617188 0.769531
  20 16.323784 0.091098 0.276062 -0.815685 -0.349673 0.460855 0.632813 0.777344
hands.bmp
  32 -44.246346 1.045561 0.555274 0.196225 0.233009 0.952472 0.970703 0.828125
  32 -44.284485 1.172104 0.415872 0.099462 0.867892 0.486693 0.947266 0.816406
  33 -44.885937 1.091253 0.655548 0.029933 0.262421 0.964489 0.966797 0.707031
hands.bmp
  32 -44.284485 1.172104 0.415872 0.099462 0.867892 0.486693 0.947266 0.816406
  33 -44.686142 1.165930 0.497419 0.082812 0.907640 0.411500 0.947266 0.748047
  33 -44.885937 1.091253 0.655548 0.029933 0.262421 0.964489 0.966797 0.707031
hands.bmp
  33 -44.885937 1.091253 0.655548 0.029933 0.262421 0.964489 0.966797 0.707031
  33 -44.686142 1.165930 0.497419 0.082812 0.907640 0.411500 0.947266 0.748047
  33 -44.961739 1.190018 0.589973 -0.192974 0.770032 0.608122 0.955078 0.689453
hands.bmp
  25 -43.263718 0.604304 -2.166920 -0.412634 -0.282298 -0.866049 0.482422 0.494141
  25 -43.259876 0.444484 -1.911295 -0.632566 -0.725040 -0.272355 0.488281 0.519531
  26 -43.255360 0.507518 -1.908728 -0.995067 -0.023422 -0.096396 0.484375 0.519531
hands.bmp
  25 -43.263718 0.604304 -2.166920 -0.412634 -0.282298 -0.866049 0.482422 0.494141
  26 -43.255360 0.507518 -1.908728 -0.995067 -0.023422 -0.096396 0.484375 0.519531
  26 -43.295177 0.645576 -2.112085 -0.911149 -0.078103 -0.404607 0.478516 0.498047
hands.bmp
  13 22.686081 1.105976 0.359888 0.593060 0.445288 -0.670819 0.892578 0.695313
  13 22.412743 1.080816 0.257651 0.272710 0.483371 -0.831854 0.894531 0.748047
  13 22.313213 1.223351 0.404549 0.089024 0.978332 -0.186928 0.919922 0.751953
hands.bmp
  13 22.686081 1.105976 0.359888 0.593060 0.445288 -0.670819 0.892578 0.695313
  13 22.313213 1.223351 0.404549 0.089024 0.978332 -0.186928 0.919922 0.751953
  13 22.689888 1.208611 0.524968 0.658150 0.752826 -0.009564 0.923828 0.681641
hands.bmp
  26 -44.427063 0.647629 -1.966958 -0.267998 -0.593343 0.759027 0.902344 0.542969
  26 -43.454529 0.577028 -1.740690 -0.224074 -0.683898 0.694316 0.906250 0.634766
  26 -43.495831 0.778538 -1.674434 -0.347892 0.264017 0.899593 0.886719 0.628906
hands.bmp
  26 -44.427063 0.647629 -1.966958 -0.267998 -0.593343 0.759027 0.902344 0.542969
  26 -43.495831 0.778538 -1.674434 -0.347892 0.264017 0.899593 0.886719 0.628906
  26 -44.538429 0.829906 -1.953821 -0.221414 0.291767 0.930509 0.882813 0.531250
hands.bmp
  40 -38.603153 1.258929 -0.833569 0.887226 0.460905 -0.019916 0.705078 0.710938
  40 -38.631317 1.281241 -0.823124 0.106550 0.994031 -0.023442 0.708984 0.710938
  40 -38.642506 1.111413 0.016897 0.055521 0.818147 0.572322 0.699219 0.767578
hands.bmp
  40 -38.603153 1.258929 -0.833569 0.887226 0.460905 -0.019916 0.705078 0.710938
  40 -38.642506 1.111413 0.016897 0.055521 0.818147 0.572322 0.699219 0.767578
  40 -38.613693 1.099084 -0.003545 0.843332 0.451876 0.290860 0.695313 0.763672
hands.bmp
  20 16.804478 -0.482244 -0.637784 -0.668804 -0.726647 0.157118 0.201172 0.888672
  20 16.762394 -0.275018 -0.268073 -0.663112 -0.657049 0.358565 0.242188 0.886719
  20 16.781174 -0.253446 -0.297771 -0.516921 -0.749433 0.413695 0.238281 0.890625
hands.bmp
  20 16.804478 -0.482244 -0.637784 -0.668804 -0.726647 0.157118 0.201172 0.888672
  20 16.781174 -0.253446 -0.297771 -0.516921 -0.749433 0.413695 0.238281 0.890625
  20 16.789520 -0.413209 -0.677912 -0.694025 -0.708568 0.127518 0.197266 0.892578
hands.bmp
  20 17.172440 -0.553004 -1.392568 0.729455 -0.682583 -0.044459 0.091797 0.837891
  20 17.166718 -0.483239 -1.382554 0.729492 -0.682544 -0.044455 0.091797 0.828125
  20 17.132030 -0.425965 -0.702909 0.595260 -0.779205 0.196228 0.199219 0.832031
hands.bmp
  20 17.172440 -0.553004 -1.392568 0.729455 -0.682583 -0.044459 0.091797 0.837891
  20 17.132030 -0.425965 -0.702909 0.595260 -0.779205 0.196228 0.199219 0.832031
  20 17.136871 -0.495811 -0.652930 0.562251 -0.799161 0.212639 0.199219 0.839844
hands.bmp
  40 -39.528717 -0.552995 -1.392568 -0.729438 -0.682602 -0.044450 0.091797 0.837891
  40 -39.522995 -0.483230 -1.382554 -0.729472 -0.682565 -0.044453 0.091797 0.828125
  40 -39.483608 -0.446197 -1.633107 -0.744889 -0.588766 -0.313841 0.070313 0.837891
hands.bmp
  40 -39.522995 -0.483230 -1.382554 -0.729472 -0.682565 -0.044453 0.091797 0.828125
  40 -39.483166 -0.446239 -1.603111 -0.744997 -0.588612 -0.313873 0.072266 0.828125
  40 -39.483608 -0.446197 -1.633107 -0.744889 -0.588766 -0.313841 0.070313 0.837891
hands.bmp
  40 -39.483608 -0.446197 -1.633107 -0.744889 -0.588766 -0.313841 0.070313 0.837891
  40 -39.483166 -0.446239 -1.603111 -0.744997 -0.588612 -0.313873 0.072266 0.828125
  40 -39.504848 -0.304015 -1.802617 -0.704970 -0.540433 -0.459293 0.050781 0.828125
hands.bmp
  40 -38.603153 1.258929 -0.833569 0.887226 0.460905 -0.019916 0.705078 0.710938
  40 -38.613693 1.099084 -0.003545 0.843332 0.451876 0.290860 0.695313 0.763672
  40 -38.607647 1.058484 -0.053696 0.872429 -0.431828 -0.228894 0.693359 0.759766
hands.bmp
  20 16.315746 0.571990 0.256608 -0.863258 -0.244953 -0.441342 0.664063 0.775391
  20 16.290951 0.620154 0.316317 -0.856781 0.168815 0.487266 0.664063 0.781250
  20 16.257412 1.099074 -0.003545 -0.843341 0.451869 0.290845 0.695313 0.763672
hands.bmp
  20 16.315746 0.571990 0.256608 -0.863258 -0.244953 -0.441342 0.664063 0.775391
  20 16.257412 1.099074 -0.003545 -0.843341 0.451869 0.290845 0.695313 0.763672
  20 16.251366 1.058475 -0.053696 -0.872445 -0.431791 -0.228901 0.693359 0.759766
hands.bmp
  40 -39.434334 -0.009082 0.016955 -0.508173 -0.631449 0.585690 0.873047 0.560547
  37 -39.855350 -0.050593 0.196676 0.494146 -0.760931 0.420481 0.847656 0.587891
  24 -39.796673 -0.355983 -0.348587 0.057784 -0.927157 0.370191 0.833984 0.541016
hands.bmp
  40 -39.434334 -0.009082 0.016955 -0.508173 -0.631449 0.585690 0.873047 0.560547
  24 -39.796673 -0.355983 -0.348587 0.057784 -0.927157 0.370191 0.833984 0.541016
  40 -39.480610 -0.276175 -0.312772 -0.587941 -0.672042 0.450205 0.859375 0.531250
hands.bmp
  20 16.465862 0.604079 0.108837 -0.610584 -0.377683 -0.696090 0.662109 0.767578
  20 16.481060 0.404645 0.158790 -0.648327 -0.044497 -0.760061 0.652344 0.767578
  20 16.313396 0.341058 0.306259 -0.886591 -0.073860 -0.456620 0.652344 0.777344
hands.bmp
  20 16.465862 0.604079 0.108837 -0.610584 -0.377683 -0.696090 0.662109 0.767578
  20 16.313396 0.341058 0.306259 -0.886591 -0.073860 -0.456620 0.652344 0.777344
  20 16.315746 0.571990 0.256608 -0.863258 -0.244953 -0.441342 0.664063 0.775391
hands.bmp
  40 -39.488312 -0.425956 -0.702909 -0.595275 -0.779195 0.196223 0.199219 0.832031
  40 -39.522995 -0.483230 -1.382554 -0.729472 -0.682565 -0.044453 0.091797 0.828125
  40 -39.528717 -0.552995 -1.392568 -0.729438 -0.682602 -0.044450 0.091797 0.837891
hands.bmp
  40 -39.488312 -0.425956 -0.702909 -0.595275 -0.779195 0.196223 0.199219 0.832031
  40 -39.528717 -0.552995 -1.392568 -0.729438 -0.682602 -0.044450 0.091797 0.837891
  40 -39.493153 -0.495801 -0.652930 -0.562249 -0.799161 0.212643 0.199219 0.839844
hands.bmp
  40 -38.745934 0.156573 0.217111 0.902117 0.091638 -0.421648 0.632813 0.773438
  40 -38.757572 -0.083224 0.046932 0.911908 0.240708 -0.332389 0.619141 0.767578
  40 -38.856976 0.175509 0.068750 0.714094 0.285913 -0.639002 0.636719 0.765625
hands.bmp
  40 -38.856976 0.175509 0.068750 0.714094 0.285913 -0.639002 0.636719 0.765625
  40 -38.757572 -0.083224 0.046932 0.911908 0.240708 -0.332389 0.619141 0.767578
  40 -38.922195 0.020249 -0.110529 0.722448 0.452597 -0.522709 0.623047 0.757813
hands.bmp
  20 16.565914 0.020240 -0.110529 -0.722457 0.452583 -0.522709 0.623047 0.757813
  20 16.677898 -0.201489 -0.379222 -0.601326 0.649638 -0.465163 0.609375 0.740234
  20 16.404434 -0.323691 -0.223385 -0.890660 0.361066 -0.276328 0.603516 0.750000
hands.bmp
  20 16.565914 0.020240 -0.110529 -0.722457 0.452583 -0.522709 0.623047 0.757813
  20 16.404434 -0.323691 -0.223385 -0.890660 0.361066 -0.276328 0.603516 0.750000
  20 16.401295 -0.083234 0.046932 -0.911909 0.240697 -0.332395 0.619141 0.767578
hands.bmp
  28 -43.733932 0.958303 -1.070284 -0.937739 0.141414 -0.317251 0.570313 0.193359
  28 -43.736229 1.092211 -0.900393 -0.948013 0.307454 -0.082121 0.572266 0.177734
  28 -43.712990 1.128540 -0.912232 -0.560096 0.788930 -0.252751 0.582031 0.177734
hands.bmp
  28 -43.733932 0.958303 -1.070284 -0.937739 0.141414 -0.317251 0.570313 0.193359
  28 -43.712990 1.128540 -0.912232 -0.560096 0.788930 -0.252751 0.582031 0.177734
  28 -43.721199 0.992809 -1.091425 -0.556156 0.472571 -0.683642 0.582031 0.193359
hands.bmp
  20 16.370388 -0.526761 -1.574313 -0.895591 0.396031 0.202670 0.707031 0.783203
  20 16.345852 -0.588904 -1.614762 -0.796740 -0.589620 -0.132489 0.710938 0.785156
  20 16.355343 -0.628325 -1.364650 -0.808406 -0.588545 0.009721 0.720703 0.767578
hands.bmp
  20 16.370388 -0.526761 -1.574313 -0.895591 0.396031 0.202670 0.707031 0.783203
  20 16.355343 -0.628325 -1.364650 -0.808406 -0.588545 0.009721 0.720703 0.767578
  20 16.428120 -0.542264 -1.323460 -0.879013 0.473312 0.057537 0.714844 0.767578
hands.bmp
  40 -38.726669 -0.526752 -1.574313 0.895584 0.396044 0.202677 0.707031 0.783203
  40 -38.702129 -0.588895 -1.614762 0.796757 -0.589596 -0.132496 0.710938 0.785156
  40 -38.681263 -0.419980 -1.794854 0.877319 0.308591 0.367537 0.699219 0.800781
hands.bmp
  40 -38.702129 -0.588895 -1.614762 0.796757 -0.589596 -0.132496 0.710938 0.785156
  40 -38.714291 -0.447427 -1.844414 0.817084 -0.482071 -0.316198 0.703125 0.804688
  40 -38.681263 -0.419980 -1.794854 0.877319 0.308591 0.367537 0.699219 0.800781
hands.bmp
  20 16.742779 0.365331 0.312590 -0.633587 -0.013738 0.773549 0.326172 0.884766
  20 16.709923 0.412881 0.242166 -0.572403 0.025814 0.819566 0.322266 0.890625
  20 16.719303 0.182912 0.171977 -0.540923 -0.411561 0.733498 0.298828 0.890625
hands.bmp
  20 16.742779 0.365331 0.312590 -0.633587 -0.013738 0.773549 0.326172 0.884766
  20 16.719303 0.182912 0.171977 -0.540923 -0.411561 0.733498 0.298828 0.890625
  20 16.789135 0.178449 0.223000 -0.640712 -0.380680 0.666762 0.302734 0.884766
hands.bmp
  40 -38.742943 -0.595662 -1.624174 0.014713 -0.939572 -0.342034 0.078125 0.945313
  40 -39.136414 -0.504041 -1.588274 0.586229 -0.769891 -0.252196 0.083984 0.888672
  40 -39.188290 -0.359403 -1.807337 0.518501 -0.668031 -0.533752 0.060547 0.888672
hands.bmp
  40 -38.742943 -0.595662 -1.624174 0.014713 -0.939572 -0.342034 0.078125 0.945313
  40 -39.188290 -0.359403 -1.807337 0.518501 -0.668031 -0.533752 0.060547 0.888672
  40 -38.716175 -0.467336 -1.864416 0.048297 -0.761457 -0.646413 0.054688 0.945313
hands.bmp
  20 16.279392 -0.052398 -2.055042 -0.857930 -0.050470 -0.511281 0.671875 0.822266
  20 16.304104 0.491269 -1.913911 -0.844355 0.233010 -0.482464 0.625000 0.812500
  20 16.331909 0.523589 -1.933461 -0.107877 0.439567 -0.891708 0.623047 0.818359
hands.bmp
  20 16.279392 -0.052398 -2.055042 -0.857930 -0.050470 -0.511281 0.671875 0.822266
  20 16.331909 0.523589 -1.933461 -0.107877 0.439567 -0.891708 0.623047 0.818359
  20 16.340286 -0.057561 -2.074158 -0.155669 -0.049728 -0.986557 0.673828 0.828125
hands.bmp
  28 -42.627472 0.509475 -0.596791 -0.250700 -0.614067 0.748379 0.589844 0.615234
  28 -43.613571 0.619959 -0.655995 -0.491459 -0.630517 0.600763 0.515625 0.640625
  28 -43.568916 0.532490 -0.904299 -0.531296 -0.828148 -0.178592 0.503906 0.611328
hands.bmp
  28 -42.627472 0.509475 -0.596791 -0.250700 -0.614067 0.748379 0.589844 0.615234
  28 -43.568916 0.532490 -0.904299 -0.531296 -0.828148 -0.178592 0.503906 0.611328
  28 -42.596333 0.399518 -0.889947 -0.262547 -0.941944 -0.209308 0.578125 0.583984
hands.bmp
  36 -44.198952 0.424913 -3.439828 -0.834727 0.330011 -0.440822 0.921875 0.671875
  36 -44.132038 0.360415 -3.501975 0.053415 0.365458 -0.929294 0.892578 0.695313
  36 -44.212872 0.280632 -3.502989 -0.465415 -0.188385 -0.864812 0.896484 0.667969
hands.bmp
  36 -44.198952 0.424913 -3.439828 -0.834727 0.330011 -0.440822 0.921875 0.671875
  36 -44.212872 0.280632 -3.502989 -0.465415 -0.188385 -0.864812 0.896484 0.667969
  36 -44.285706 0.322388 -3.447743 -0.897150 0.040727 -0.439845 0.923828 0.662109
hands.bmp
  2 11.328521 1.794941 -0.332206 0.029531 0.890564 0.453898 0.423828 0.335938
  2 8.517184 1.641891 -0.304562 -0.067482 0.882971 0.464552 0.427734 0.476563
  2 8.590835 0.974236 0.359826 -0.062204 0.368437 0.927569 0.470488 0.477406
hands.bmp
  2 11.328521 1.794941 -0.332206 0.029531 0.890564 0.453898 0.423828 0.335938
  2 8.590835 0.974236 0.359826 -0.062204 0.368437 0.927569 0.470488 0.477406
  2 11.311996 1.046917 0.349766 0.013892 0.371570 0.928301 0.470488 0.334827
hands.bmp
  3 13.070025 0.114827 0.254199 0.053192 -0.395318 0.917003 0.080078 0.222656
  3 13.009593 -0.537160 -0.305944 0.083299 -0.797355 0.597734 0.119141 0.228516
  3 14.929183 -0.308172 -0.300059 0.076274 -0.797439 0.598559 0.121094 0.117188
hands.bmp
  3 13.070025 0.114827 0.254199 0.053192 -0.395318 0.917003 0.080078 0.222656
  3 14.929183 -0.308172 -0.300059 0.076274 -0.797439 0.598559 0.121094 0.117188
  3 14.969001 0.102868 -0.019951 0.053636 -0.511977 0.857323 0.099609 0.113281
hands.bmp
  20 16.731007 -0.066924 0.051789 -0.657588 -0.559683 0.504315 0.283203 0.886719
  20 17.081158 -0.059016 0.076937 0.575275 -0.561322 0.594959 0.287109 0.841797
  20 17.043598 0.128552 0.246665 0.571021 -0.338359 0.747963 0.304688 0.839844
hands.bmp
  20 16.731007 -0.066924 0.051789 -0.657588 -0.559683 0.504315 0.283203 0.886719
  20 17.043598 0.128552 0.246665 0.571021 -0.338359 0.747963 0.304688 0.839844
  20 16.789135 0.178449 0.223000 -0.640712 -0.380680 0.666762 0.302734 0.884766
hands.bmp
  21 -26.172234 -1.381042 -0.552889 0.010444 -0.980615 -0.195665 0.171875 0.669922
  21 -26.310024 -1.031934 0.595909 -0.091984 -0.802206 0.589919 0.095703 0.671875
  21 -29.694202 -0.799727 0.035259 -0.215982 -0.780129 0.587154 0.095703 0.525391
hands.bmp
  21 -26.172234 -1.381042 -0.552889 0.010444 -0.980615 -0.195665 0.171875 0.669922
  21 -29.694202 -0.799727 0.035259 -0.215982 -0.780129 0.587154 0.095703 0.525391
  21 -29.475864 -1.148787 -1.054275 -0.086093 -0.980686 -0.175622 0.173828 0.529297
hands.bmp
  17 18.436924 -0.395598 0.761930 0.051384 -0.990105 0.130586 0.783203 0.818359
  18 18.544727 -0.330829 1.211459 0.009805 -0.994161 0.107459 0.785156 0.771484
  18 18.062096 -0.055774 1.277903 -0.700720 -0.513306 0.495489 0.738281 0.779297
hands.bmp
  17 18.436924 -0.395598 0.761930 0.051384 -0.990105 0.130586 0.783203 0.818359
  18 18.062096 -0.055774 1.277903 -0.700720 -0.513306 0.495489 0.738281 0.779297
  17 17.811844 -0.048476 0.805257 -0.723233 -0.533198 0.438900 0.720703 0.832031
hands.bmp
  17 18.976620 -0.069877 0.650865 0.742887 -0.661645 -0.101709 0.845703 0.812500
  18 18.942623 -0.127316 1.037794 0.718830 -0.681005 -0.139695 0.839844 0.775391
  18 18.544727 -0.330829 1.211459 0.009805 -0.994161 0.107459 0.785156 0.771484
hands.bmp
  17 18.976620 -0.069877 0.650865 0.742887 -0.661645 -0.101709 0.845703 0.812500
  18 18.544727 -0.330829 1.211459 0.009805 -0.994161 0.107459 0.785156 0.771484
  17 18.436924 -0.395598 0.761930 0.051384 -0.990105 0.130586 0.783203 0.818359
hands.bmp
  33 -45.143906 1.089655 0.560940 -0.983024 0.027377 0.181423 0.923828 0.367188
  33 -45.128548 1.049555 0.417218 -0.918753 -0.139177 -0.369489 0.947266 0.371094
  33 -44.931686 0.805285 0.450049 -0.560565 -0.747165 -0.357087 0.939453 0.396484
hands.bmp
  33 -45.143906 1.089655 0.560940 -0.983024 0.027377 0.181423 0.923828 0.367188
  33 -44.931686 0.805285 0.450049 -0.560565 -0.747165 -0.357087 0.939453 0.396484
  33 -44.976944 0.852026 0.548369 -0.719433 -0.624436 0.304133 0.923828 0.386719
hands.bmp
  21 -30.253002 1.724161 -1.178098 -0.052975 0.996701 -0.061484 0.376953 0.503906
  21 -30.151604 1.686916 -2.098821 -0.002032 0.847893 -0.530164 0.337891 0.503906
  22 -30.845005 1.456551 -2.025618 -0.130476 0.794303 -0.593346 0.333984 0.474609
hands.bmp
  21 -30.253002 1.724161 -1.178098 -0.052975 0.996701 -0.061484 0.376953 0.503906
  22 -30.845005 1.456551 -2.025618 -0.130476 0.794303 -0.593346 0.333984 0.474609
  22 -30.866230 1.749470 -1.095431 0.028945 0.996596 -0.077188 0.376953 0.474609
hands.bmp
  34 -42.927944 0.331084 -2.521159 -0.879852 0.198043 0.432018 0.494141 0.482422
  34 -42.850376 0.017121 -2.564848 -0.708906 -0.623849 0.329036 0.507813 0.458984
  34 -42.184010 -0.049794 -2.150624 -0.514152 -0.739383 0.434696 0.576172 0.470703
hands.bmp
  34 -42.927944 0.331084 -2.521159 -0.879852 0.198043 0.432018 0.494141 0.482422
  34 -42.184010 -0.049794 -2.150624 -0.514152 -0.739383 0.434696 0.576172 0.470703
  25 -42.111927 0.604220 -1.926282 -0.694215 0.416772 -0.586828 0.568359 0.482422
hands.bmp
  38 -41.464996 -0.107100 1.930322 -0.739367 -0.533598 0.410622 0.830078 0.687500
  38 -41.461555 0.110827 1.961882 -0.443846 0.052269 0.894578 0.847656 0.681641
  38 -41.500183 0.105094 1.948660 -0.868319 0.168536 0.466495 0.845703 0.685547
hands.bmp
  14 20.342716 0.169677 -2.971307 0.187278 -0.436351 -0.880071 0.673828 0.384766
  14 20.366154 0.375535 -2.993056 0.067828 0.387312 -0.919450 0.667969 0.371094
  14 20.423752 0.348565 -2.965587 0.556593 0.189932 -0.808783 0.660156 0.373047
hands.bmp
  14 20.342716 0.169677 -2.971307 0.187278 -0.436351 -0.880071 0.673828 0.384766
  14 20.423752 0.348565 -2.965587 0.556593 0.189932 -0.808783 0.660156 0.373047
  14 20.408512 0.185802 -2.904141 0.745036 -0.317100 -0.586829 0.667969 0.386719
hands.bmp
  14 19.474297 0.130128 -2.630738 -0.228825 -0.323969 -0.917978 0.753906 0.355469
  4 19.460537 0.372092 -2.634047 -0.292031 0.490377 -0.821126 0.748047 0.341797
  14 20.366154 0.375535 -2.993056 0.067828 0.387312 -0.919450 0.667969 0.371094
hands.bmp
  14 19.474297 0.130128 -2.630738 -0.228825 -0.323969 -0.917978 0.753906 0.355469
  14 20.366154 0.375535 -2.993056 0.067828 0.387312 -0.919450 0.667969 0.371094
  14 20.342716 0.169677 -2.971307 0.187278 -0.436351 -0.880071 0.673828 0.384766
hands.bmp
  4 19.098793 -0.043744 -2.540121 -0.117637 -0.523710 -0.843735 0.785156 0.353516
  4 19.117764 0.346644 -2.528414 -0.207540 0.448281 -0.869466 0.781250 0.333984
  4 19.460537 0.372092 -2.634047 -0.292031 0.490377 -0.821126 0.748047 0.341797
hands.bmp
  4 19.098793 -0.043744 -2.540121 -0.117637 -0.523710 -0.843735 0.785156 0.353516
  4 19.460537 0.372092 -2.634047 -0.292031 0.490377 -0.821126 0.748047 0.341797
  14 19.474297 0.130128 -2.630738 -0.228825 -0.323969 -0.917978 0.753906 0.355469
hands.bmp
  4 19.098793 -0.043744 -2.540121 -0.117637 -0.523710 -0.843735 0.785156 0.353516
  4 18.073788 -0.267297 -2.086042 -0.132543 -0.727994 -0.672649 0.880859 0.343750
  4 18.141220 0.172296 -2.409789 -0.264105 0.031826 -0.963969 0.865234 0.316406
hands.bmp
  4 19.098793 -0.043744 -2.540121 -0.117637 -0.523710 -0.843735 0.785156 0.353516
  4 18.141220 0.172296 -2.409789 -0.264105 0.031826 -0.963969 0.865234 0.316406
  4 19.117764 0.346644 -2.528414 -0.207540 0.448281 -0.869466 0.781250 0.333984
hands.bmp
  37 -40.167194 0.297988 0.859731 0.738516 0.296174 0.605703 0.605469 0.835938
  37 -40.349155 0.673261 0.732207 0.487010 0.702819 0.518523 0.572266 0.828125
  38 -40.560261 0.538396 1.230541 0.541750 0.661734 0.518281 0.554688 0.880859
hands.bmp
  37 -40.167194 0.297988 0.859731 0.738516 0.296174 0.605703 0.605469 0.835938
  38 -40.560261 0.538396 1.230541 0.541750 0.661734 0.518281 0.554688 0.880859
  38 -40.407238 0.166236 1.217137 0.773039 0.233971 0.589635 0.583984 0.880859
hands.bmp
  40 -39.176094 -0.541047 -1.357718 0.626434 -0.779258 -0.018361 0.105469 0.888672
  40 -39.160759 -0.482234 -0.637784 0.668782 -0.726667 0.157117 0.201172 0.888672
  40 -39.140354 -0.594060 -1.368317 0.626454 -0.779242 -0.018353 0.105469 0.884766
hands.bmp
  20 17.172440 -0.553004 -1.392568 0.729455 -0.682583 -0.044459 0.091797 0.837891
  20 17.136871 -0.495811 -0.652930 0.562251 -0.799161 0.212639 0.199219 0.839844
  20 16.804478 -0.482244 -0.637784 -0.668804 -0.726647 0.157118 0.201172 0.888672
hands.bmp
  20 17.172440 -0.553004 -1.392568 0.729455 -0.682583 -0.044459 0.091797 0.837891
  20 16.804478 -0.482244 -0.637784 -0.668804 -0.726647 0.157118 0.201172 0.888672
  20 16.784073 -0.594069 -1.368317 -0.626513 -0.779195 -0.018367 0.105469 0.884766
hands.bmp
  20 16.814457 -0.551463 -1.617840 -0.565681 -0.774717 -0.282521 0.082031 0.884766
  20 17.127327 -0.446206 -1.633107 0.744914 -0.588731 -0.313845 0.070313 0.837891
  20 17.172440 -0.553004 -1.392568 0.729455 -0.682583 -0.044459 0.091797 0.837891
hands.bmp
  20 16.814457 -0.551463 -1.617840 -0.565681 -0.774717 -0.282521 0.082031 0.884766
  20 17.172440 -0.553004 -1.392568 0.729455 -0.682583 -0.044459 0.091797 0.837891
  20 16.784073 -0.594069 -1.368317 -0.626513 -0.779195 -0.018367 0.105469 0.884766
hands.bmp
  20 16.786598 -0.413194 -1.838081 -0.518524 -0.668053 -0.533702 0.058594 0.882813
  20 17.132412 -0.345435 -1.842916 0.747629 -0.485961 -0.452652 0.050781 0.835938
  20 17.127327 -0.446206 -1.633107 0.744914 -0.588731 -0.313845 0.070313 0.837891
hands.bmp
  20 16.786598 -0.413194 -1.838081 -0.518524 -0.668053 -0.533702 0.058594 0.882813
  20 17.127327 -0.446206 -1.633107 0.744914 -0.588731 -0.313845 0.070313 0.837891
  20 16.814457 -0.551463 -1.617840 -0.565681 -0.774717 -0.282521 0.082031 0.884766
hands.bmp
  9 22.530540 1.159554 -0.739397 -0.051759 0.858539 0.510130 0.947266 0.816406
  9 21.404682 1.065725 -0.786809 -0.079091 0.934313 0.347569 0.949219 0.962891
  9 21.389866 0.887331 -0.569196 0.022159 0.292338 0.956058 0.976563 0.972656
hands.bmp
  9 22.530540 1.159554 -0.739397 -0.051759 0.858539 0.510130 0.947266 0.816406
  9 21.389866 0.887331 -0.569196 0.022159 0.292338 0.956058 0.976563 0.972656
  9 22.549400 0.969135 -0.610221 0.004278 0.234860 0.972020 0.970703 0.828125
hands.bmp
  20 16.759560 -0.034097 -2.057976 -0.567013 -0.062756 -0.821315 0.019531 0.882813
  20 17.086670 0.022143 -2.093105 0.616376 0.029390 -0.786903 0.011719 0.833984
  20 17.132130 -0.184913 -2.012717 0.696834 -0.348562 -0.626839 0.031250 0.835938
hands.bmp
  20 16.759560 -0.034097 -2.057976 -0.567013 -0.062756 -0.821315 0.019531 0.882813
  20 17.132130 -0.184913 -2.012717 0.696834 -0.348562 -0.626839 0.031250 0.835938
  20 16.785225 -0.242730 -1.987880 -0.529034 -0.469098 -0.707157 0.039063 0.882813
hands.bmp
  38 -40.754490 -0.065312 1.719534 0.721740 -0.572918 0.388402 0.759766 0.728516
  38 -40.961712 -0.075652 2.117719 0.700722 -0.513306 0.495486 0.767578 0.683594
  38 -41.122803 -0.269860 2.059983 -0.115491 -0.681122 0.723004 0.783203 0.685547
hands.bmp
  38 -40.754490 -0.065312 1.719534 0.721740 -0.572918 0.388402 0.759766 0.728516
  38 -41.122803 -0.269860 2.059983 -0.115491 -0.681122 0.723004 0.783203 0.685547
  38 -41.026436 -0.265662 1.678280 0.119659 -0.990335 0.070128 0.783203 0.724609
hands.bmp
  20 16.419243 -0.392741 -0.173258 0.086342 -0.833313 0.546017 0.597656 0.755859
  20 16.452496 -0.109254 0.117654 0.072301 -0.676455 0.732926 0.615234 0.773438
  20 16.363083 -0.116393 0.096331 -0.816052 -0.446861 0.366570 0.617188 0.769531
hands.bmp
  20 16.419243 -0.392741 -0.173258 0.086342 -0.833313 0.546017 0.597656 0.755859
  20 16.363083 -0.116393 0.096331 -0.816052 -0.446861 0.366570 0.617188 0.769531
  20 16.368900 -0.386727 -0.193990 -0.811252 -0.501846 0.300035 0.601563 0.753906
hands.bmp
  36 -44.132038 0.360415 -3.501975 0.053415 0.365458 -0.929294 0.892578 0.695313
  36 -44.198952 0.424913 -3.439828 -0.834727 0.330011 -0.440822 0.921875 0.671875
  36 -44.206497 0.452776 -3.452736 -0.524051 0.616270 -0.587862 0.923828 0.681641
hands.bmp
  36 -44.206497 0.452776 -3.452736 -0.524051 0.616270 -0.587862 0.923828 0.681641
  36 -44.198952 0.424913 -3.439828 -0.834727 0.330011 -0.440822 0.921875 0.671875
  36 -44.187477 0.442194 -3.347255 -0.411085 0.884921 0.218915 0.955078 0.689453
hands.bmp
  20 17.137024 -0.335391 -0.172653 0.406725 -0.546639 0.731957 0.480469 0.796875
  20 17.129799 -0.536510 -0.633088 0.429732 -0.897140 -0.102330 0.480469 0.722656
  20 17.166416 -0.483413 -0.682482 0.720724 -0.288373 -0.630395 0.476563 0.718750
hands.bmp
  20 17.137024 -0.335391 -0.172653 0.406725 -0.546639 0.731957 0.480469 0.796875
  20 17.166416 -0.483413 -0.682482 0.720724 -0.288373 -0.630395 0.476563 0.718750
  20 17.148197 -0.224149 -0.172335 0.692259 0.240816 0.680283 0.476563 0.802734
hands.bmp
  36 -44.187477 0.442194 -3.347255 -0.411085 0.884921 0.218915 0.955078 0.689453
  36 -44.263630 0.369095 -3.359818 -0.919237 0.325646 0.221264 0.955078 0.673828
  36 -44.186214 0.363375 -3.262484 -0.541610 0.396873 0.741047 0.966797 0.707031
hands.bmp
  18 18.056030 0.057662 1.263916 -0.821502 -0.086837 0.563554 0.597656 0.886719
  17 17.774136 0.086549 0.834351 -0.822829 -0.132306 0.552674 0.621094 0.843750
  17 17.811844 -0.048476 0.805257 -0.723233 -0.533198 0.438900 0.628906 0.847656
hands.bmp
  18 18.056030 0.057662 1.263916 -0.821502 -0.086837 0.563554 0.597656 0.886719
  17 17.811844 -0.048476 0.805257 -0.723233 -0.533198 0.438900 0.628906 0.847656
  18 18.062096 -0.055774 1.277903 -0.700720 -0.513306 0.495489 0.605469 0.890625
hands.bmp
  38 -40.412308 0.057672 1.263916 0.821067 -0.087157 0.564139 0.597656 0.886719
  37 -40.130413 0.086558 0.834351 0.822823 -0.132302 0.552683 0.621094 0.843750
  38 -40.413574 0.085929 1.278053 0.832842 -0.018656 0.553197 0.591797 0.884766
hands.bmp
  37 -40.130413 0.086558 0.834351 0.822823 -0.132302 0.552683 0.621094 0.843750
  37 -40.151810 0.131032 0.885969 0.804495 -0.065094 0.590382 0.613281 0.839844
  38 -40.413574 0.085929 1.278053 0.832842 -0.018656 0.553197 0.591797 0.884766
hands.bmp
  38 -40.413574 0.085929 1.278053 0.832842 -0.018656 0.553197 0.591797 0.884766
  37 -40.151810 0.131032 0.885969 0.804495 -0.065094 0.590382 0.613281 0.839844
  38 -40.407238 0.166236 1.217137 0.773039 0.233971 0.589635 0.583984 0.880859
hands.bmp
  37 -40.151810 0.131032 0.885969 0.804495 -0.065094 0.590382 0.613281 0.839844
  37 -40.167194 0.297988 0.859731 0.738516 0.296174 0.605703 0.605469 0.835938
  38 -40.407238 0.166236 1.217137 0.773039 0.233971 0.589635 0.583984 0.880859
hands.bmp
  18 18.203979 0.538386 1.230541 -0.541754 0.661723 0.518291 0.554688 0.880859
  17 17.992874 0.673251 0.732207 -0.487017 0.702818 0.518518 0.572266 0.828125
  17 17.810917 0.297978 0.859731 -0.738517 0.296178 0.605699 0.605469 0.835938
hands.bmp
  18 18.203979 0.538386 1.230541 -0.541754 0.661723 0.518291 0.554688 0.880859
  17 17.810917 0.297978 0.859731 -0.738517 0.296178 0.605699 0.605469 0.835938
  18 18.050957 0.166226 1.217137 -0.773036 0.233946 0.589649 0.583984 0.880859
hands.bmp
  18 18.203979 0.538386 1.230541 -0.541754 0.661723 0.518291 0.554688 0.880859
  18 18.576744 0.707795 1.134369 0.092417 0.922672 0.374347 0.505859 0.873047
  17 18.451508 0.953954 0.546296 -0.096763 0.927724 0.360506 0.517578 0.814453
hands.bmp
  18 18.203979 0.538386 1.230541 -0.541754 0.661723 0.518291 0.554688 0.880859
  17 18.451508 0.953954 0.546296 -0.096763 0.927724 0.360506 0.517578 0.814453
  17 17.992874 0.673251 0.732207 -0.487017 0.702818 0.518518 0.572266 0.828125
hands.bmp
  20 17.166718 -0.483239 -1.382554 0.729492 -0.682544 -0.044455 0.822266 0.439453
  4 17.447399 -0.487168 -1.572042 -0.097164 -0.962083 -0.254863 0.794922 0.433594
  4 17.441063 -0.446774 -0.833105 0.063281 -0.985560 0.157059 0.818359 0.500000
hands.bmp
  20 17.166718 -0.483239 -1.382554 0.729492 -0.682544 -0.044455 0.822266 0.439453
  4 17.441063 -0.446774 -0.833105 0.063281 -0.985560 0.157059 0.818359 0.500000
  20 17.132030 -0.425965 -0.702909 0.595260 -0.779205 0.196228 0.847656 0.501953
hands.bmp
  28 -43.746143 0.887342 -0.569196 -0.022159 0.292335 0.956059 0.976563 0.972656
  28 -43.659683 0.952009 -0.572240 -0.101497 0.340695 0.934679 0.976563 0.986328
  28 -43.664742 1.068277 -0.782851 0.015322 0.935021 0.354261 0.949219 0.980469
hands.bmp
  28 -43.746143 0.887342 -0.569196 -0.022159 0.292335 0.956059 0.976563 0.972656
  28 -43.664742 1.068277 -0.782851 0.015322 0.935021 0.354261 0.949219 0.980469
  28 -43.760960 1.065737 -0.786809 0.079075 0.934317 0.347562 0.949219 0.962891
hands.bmp
  4 17.979420 -0.365129 -0.883159 0.296556 -0.939942 0.169009 0.771484 0.507813
  4 18.041088 -0.335439 -0.367294 0.142521 -0.989594 -0.019784 0.785156 0.562500
  4 17.440395 -0.355992 -0.348587 -0.057784 -0.927157 0.370190 0.833984 0.541016
hands.bmp
  4 17.979420 -0.365129 -0.883159 0.296556 -0.939942 0.169009 0.771484 0.507813
  4 17.440395 -0.355992 -0.348587 -0.057784 -0.927157 0.370190 0.833984 0.541016
  4 17.441063 -0.446774 -0.833105 0.063281 -0.985560 0.157059 0.818359 0.500000
hands.bmp
  4 18.681561 0.012877 -0.907817 0.394841 -0.889609 0.229557 0.710938 0.529297
  4 18.963879 0.094577 -0.177459 0.510019 -0.858931 -0.046023 0.710938 0.607422
  4 18.041088 -0.335439 -0.367294 0.142521 -0.989594 -0.019784 0.785156 0.562500
hands.bmp
  4 18.681561 0.012877 -0.907817 0.394841 -0.889609 0.229557 0.710938 0.529297
  4 18.041088 -0.335439 -0.367294 0.142521 -0.989594 -0.019784 0.785156 0.562500
  4 17.979420 -0.365129 -0.883159 0.296556 -0.939942 0.169009 0.771484 0.507813
hands.bmp
  6 22.040787 0.701782 -2.342412 -0.145710 -0.347802 -0.926176 0.968750 0.525391
  7 22.817238 0.810539 -2.461430 0.126063 -0.288603 -0.949113 0.960938 0.392578
  7 22.823750 0.673851 -2.322959 0.415135 -0.758101 -0.502937 0.939453 0.396484
hands.bmp
  6 22.040787 0.701782 -2.342412 -0.145710 -0.347802 -0.926176 0.968750 0.525391
  7 22.823750 0.673851 -2.322959 0.415135 -0.758101 -0.502937 0.939453 0.396484
  7 22.178539 0.595490 -2.191576 0.041311 -0.952288 -0.302394 0.939453 0.511719
hands.bmp
  24 -41.994892 0.394635 -0.462254 -0.296548 -0.939938 0.169043 0.644531 0.607422
  24 -41.899132 0.580644 0.323578 -0.408187 -0.502805 0.761952 0.675781 0.669922
  31 -42.240944 0.592296 0.244879 -0.078982 -0.684647 0.724583 0.644531 0.673828
hands.bmp
  40 -38.603153 1.258929 -0.833569 0.887226 0.460905 -0.019916 0.566406 0.722656
  40 -38.587200 1.207496 -0.833874 0.808396 -0.588557 0.009765 0.570313 0.722656
  40 -38.604465 1.098647 -1.413835 0.853307 0.438328 -0.282376 0.580078 0.773438
hands.bmp
  40 -38.587200 1.207496 -0.833874 0.808396 -0.588557 0.009765 0.570313 0.722656
  40 -38.637909 1.051154 -1.383406 0.872392 -0.427592 0.236848 0.582031 0.771484
  40 -38.604465 1.098647 -1.413835 0.853307 0.438328 -0.282376 0.580078 0.773438
hands.bmp
  40 -38.604465 1.098647 -1.413835 0.853307 0.438328 -0.282376 0.580078 0.773438
  40 -38.637909 1.051154 -1.383406 0.872392 -0.427592 0.236848 0.582031 0.771484
  40 -38.660381 0.491279 -1.913911 0.844319 0.233022 -0.482521 0.625000 0.812500
hands.bmp
  40 -38.637909 1.051154 -1.383406 0.872392 -0.427592 0.236848 0.582031 0.771484
  40 -38.650475 0.480443 -1.864065 0.900934 -0.227090 0.369795 0.625000 0.808594
  40 -38.660381 0.491279 -1.913911 0.844319 0.233022 -0.482521 0.625000 0.812500
hands.bmp
  40 -38.660381 0.491279 -1.913911 0.844319 0.233022 -0.482521 0.625000 0.812500
  40 -38.650475 0.480443 -1.864065 0.900934 -0.227090 0.369795 0.625000 0.808594
  40 -38.635674 -0.052388 -2.055042 0.857928 -0.050457 -0.511286 0.671875 0.822266
hands.bmp
  40 -38.650475 0.480443 -1.864065 0.900934 -0.227090 0.369795 0.625000 0.808594
  40 -38.688877 0.022073 -1.984151 0.881204 -0.070066 0.467515 0.669922 0.816406
  40 -38.635674 -0.052388 -2.055042 0.857928 -0.050457 -0.511286 0.671875 0.822266
hands.bmp
  39 -41.391106 0.252437 2.139617 -0.744741 0.665257 0.052858 0.812500 0.964844
  38 -41.352047 0.304002 1.981697 -0.629780 0.769703 0.104573 0.804688 0.986328
  38 -41.461555 0.110827 1.961882 -0.958495 0.281935 -0.042420 0.828125 0.988281
hands.bmp
  39 -41.391106 0.252437 2.139617 -0.744741 0.665257 0.052858 0.812500 0.964844
  38 -41.461555 0.110827 1.961882 -0.958495 0.281935 -0.042420 0.828125 0.988281
  39 -41.483757 0.027492 2.124927 -0.994537 -0.067338 -0.079766 0.835938 0.949219
hands.bmp
  40 -38.652317 -0.271773 -1.995095 0.839137 -0.299948 -0.453741 0.687500 0.812500
  40 -38.678951 -0.239562 -1.934653 0.876782 0.136133 0.461217 0.685547 0.808594
  40 -38.681263 -0.419980 -1.794854 0.877319 0.308591 0.367537 0.699219 0.800781
hands.bmp
  40 -38.921608 0.020192 -0.070533 -0.028696 -0.714971 0.698565 0.101563 0.025391
  40 -39.033882 -0.201507 -0.359225 -0.068141 -0.888824 0.453154 0.121094 0.023438
  23 -37.285461 -0.308165 -0.300059 -0.076275 -0.797440 0.598558 0.121094 0.117188
hands.bmp
  23 -37.285461 -0.308165 -0.300059 -0.076275 -0.797440 0.598558 0.121094 0.117188
  23 -37.246742 -0.449441 -0.660950 -0.097129 -0.895897 0.433513 0.136719 0.119141
  23 -35.365871 -0.537152 -0.305944 -0.083299 -0.797356 0.597733 0.119141 0.228516
hands.bmp
  15 20.491768 0.053908 -2.778824 -0.034682 -0.959485 -0.279618 0.941406 0.634766
  15 20.562328 0.106261 -2.656431 0.526318 -0.614488 0.587702 0.906250 0.634766
  14 20.515663 0.059175 -2.612447 0.590235 -0.687048 0.423779 0.904297 0.646484
hands.bmp
  15 20.491768 0.053908 -2.778824 -0.034682 -0.959485 -0.279618 0.941406 0.634766
  14 20.515663 0.059175 -2.612447 0.590235 -0.687048 0.423779 0.904297 0.646484
  14 20.436283 0.006675 -2.730524 -0.024118 -0.968359 -0.248393 0.941406 0.646484
hands.bmp
  23 -37.243446 -0.560092 -0.870819 -0.102879 -0.981235 0.163078 0.150391 0.121094
  23 -37.238861 -0.520688 -1.061151 -0.106392 -0.994079 0.022107 0.160156 0.121094
  23 -35.321640 -0.818849 -0.796648 -0.098839 -0.958858 0.266125 0.144531 0.230469
hands.bmp
  40 -39.050449 -0.430797 -0.919361 -0.068489 -0.981758 0.177373 0.152344 0.023438
  23 -37.243446 -0.560092 -0.870819 -0.102879 -0.981235 0.163078 0.150391 0.121094
  23 -37.246742 -0.449441 -0.660950 -0.097129 -0.895897 0.433513 0.136719 0.119141
hands.bmp
  40 -39.050449 -0.430797 -0.919361 -0.068489 -0.981758 0.177373 0.152344 0.023438
  23 -37.246742 -0.449441 -0.660950 -0.097129 -0.895897 0.433513 0.136719 0.119141
  40 -39.130993 -0.344150 -0.728038 -0.069622 -0.902094 0.425888 0.140625 0.017578
hands.bmp
  1 7.337924 -0.799733 0.035259 0.215982 -0.780130 0.587154 0.095703 0.525391
  1 7.488421 0.164878 0.559643 0.269009 -0.177657 0.946611 0.052734 0.523438
  1 4.032228 0.123196 1.238250 0.142900 -0.200086 0.969301 0.052734 0.669922
hands.bmp
  1 7.337924 -0.799733 0.035259 0.215982 -0.780130 0.587154 0.095703 0.525391
  1 4.032228 0.123196 1.238250 0.142900 -0.200086 0.969301 0.052734 0.669922
  1 3.953745 -1.031940 0.595909 0.091979 -0.802205 0.589921 0.095703 0.671875
hands.bmp
  3 13.145293 1.328925 -1.817996 0.163144 0.745979 -0.645678 0.318359 0.234375
  2 11.300761 1.459600 -2.052808 0.049157 0.714911 -0.697485 0.326172 0.341797
  2 11.292529 1.892258 -1.163911 0.032257 0.987808 -0.152298 0.373047 0.339844
hands.bmp
  3 13.145293 1.328925 -1.817996 0.163144 0.745979 -0.645678 0.318359 0.234375
  2 11.292529 1.892258 -1.163911 0.032257 0.987808 -0.152298 0.373047 0.339844
  3 13.122249 1.661028 -1.089315 0.164723 0.981788 -0.094648 0.361328 0.232422
hands.bmp
  2 11.300761 1.459600 -2.052808 0.049157 0.714911 -0.697485 0.326172 0.341797
  2 8.488727 1.456545 -2.025618 0.130486 0.794298 -0.593350 0.333984 0.474609
  2 8.509952 1.749464 -1.095431 -0.028944 0.996596 -0.077190 0.376953 0.474609
hands.bmp
  2 11.300761 1.459600 -2.052808 0.049157 0.714911 -0.697485 0.326172 0.341797
  2 8.509952 1.749464 -1.095431 -0.028944 0.996596 -0.077190 0.376953 0.474609
  2 11.292529 1.892258 -1.163911 0.032257 0.987808 -0.152298 0.373047 0.339844
hands.bmp
  2 8.488727 1.456545 -2.025618 0.130486 0.794298 -0.593350 0.333984 0.474609
  1 7.795323 1.686911 -2.098821 0.002025 0.847892 -0.530165 0.337891 0.503906
  1 7.896724 1.724155 -1.178098 0.052974 0.996701 -0.061484 0.376953 0.503906
hands.bmp
  2 8.488727 1.456545 -2.025618 0.130486 0.794298 -0.593350 0.333984 0.474609
  1 7.896724 1.724155 -1.178098 0.052974 0.996701 -0.061484 0.376953 0.503906
  2 8.509952 1.749464 -1.095431 -0.028944 0.996596 -0.077190 0.376953 0.474609
hands.bmp
  3 14.969001 0.102868 -0.019951 0.053636 -0.511977 0.857323 0.099609 0.113281
  3 14.929183 -0.308172 -0.300059 0.076274 -0.797439 0.598559 0.121094 0.117188
  20 16.565327 0.020183 -0.070533 0.028665 -0.715004 0.698532 0.101563 0.025391
hands.bmp
  3 14.969001 0.102868 -0.019951 0.053636 -0.511977 0.857323 0.099609 0.113281
  20 16.565327 0.020183 -0.070533 0.028665 -0.715004 0.698532 0.101563 0.025391
  20 16.507980 0.206172 0.088901 -0.010117 -0.477852 0.878382 0.085938 0.021484
hands.bmp
  3 13.184112 0.865618 0.335428 0.058558 0.312600 0.948078 0.454863 0.227406
  3 15.081536 0.743863 0.131580 0.084375 0.412098 0.907224 0.437285 0.121937
  3 14.999927 1.162417 -0.222188 0.137653 0.846147 0.514865 0.400391 0.121094
hands.bmp
  3 13.184112 0.865618 0.335428 0.058558 0.312600 0.948078 0.454863 0.227406
  3 14.999927 1.162417 -0.222188 0.137653 0.846147 0.514865 0.400391 0.121094
  3 13.167926 1.503819 -0.237142 0.121936 0.867101 0.482978 0.412109 0.228516
hands.bmp
  23 -35.524204 1.503826 -0.237142 -0.121936 0.867100 0.482979 0.412109 0.228516
  23 -35.478527 1.661036 -1.089315 -0.164726 0.981788 -0.094648 0.361328 0.232422
  23 -37.306557 1.350010 -0.944507 -0.176084 0.979813 -0.094659 0.353516 0.126953
hands.bmp
  23 -35.524204 1.503826 -0.237142 -0.121936 0.867100 0.482979 0.412109 0.228516
  23 -37.306557 1.350010 -0.944507 -0.176084 0.979813 -0.094659 0.353516 0.126953
  23 -37.356205 1.162425 -0.222188 -0.137653 0.846147 0.514865 0.400391 0.121094
hands.bmp
  38 -40.853386 0.097804 2.134399 0.517033 0.130976 0.845885 0.542969 0.978516
  38 -40.677544 0.124764 1.707253 0.857748 0.199933 0.473598 0.560547 0.931641
  38 -40.815990 0.382861 1.667019 0.607955 0.666984 0.430724 0.535156 0.927734
hands.bmp
  38 -40.853386 0.097804 2.134399 0.517033 0.130976 0.845885 0.542969 0.978516
  38 -40.815990 0.382861 1.667019 0.607955 0.666984 0.430724 0.535156 0.927734
  38 -40.941925 0.279384 2.110115 0.641242 0.619541 0.452744 0.525391 0.974609
hands.bmp
  23 -37.437817 0.743871 0.131580 -0.084374 0.412098 0.907224 0.060547 0.109375
  23 -37.367683 0.463686 0.180345 -0.061941 -0.123127 0.990456 0.072266 0.109375
  23 -35.540390 0.865625 0.335428 -0.058558 0.312600 0.948078 0.042969 0.218750
hands.bmp
  20 16.719303 0.182912 0.171977 -0.540923 -0.411561 0.733498 0.298828 0.890625
  20 16.709923 0.412881 0.242166 -0.572403 0.025814 0.819566 0.322266 0.890625
  20 16.327381 0.402350 0.386558 -0.004730 -0.019618 0.999796 0.328125 0.941406
hands.bmp
  20 16.719303 0.182912 0.171977 -0.540923 -0.411561 0.733498 0.298828 0.890625
  20 16.327381 0.402350 0.386558 -0.004730 -0.019618 0.999796 0.328125 0.941406
  20 16.440704 0.130530 0.297833 0.029314 -0.436853 0.899055 0.302734 0.941406
hands.bmp
  8 21.212631 0.532478 -0.904299 0.531273 -0.828164 -0.178586 0.503906 0.611328
  8 21.257294 0.619947 -0.655995 0.491463 -0.630515 0.600762 0.515625 0.640625
  8 20.271194 0.509465 -0.596791 0.250698 -0.614065 0.748381 0.589844 0.615234
hands.bmp
  8 21.212631 0.532478 -0.904299 0.531273 -0.828164 -0.178586 0.503906 0.611328
  8 20.271194 0.509465 -0.596791 0.250698 -0.614065 0.748381 0.589844 0.615234
  8 20.240055 0.399508 -0.889947 0.262545 -0.941945 -0.209308 0.578125 0.583984
hands.bmp
  2 8.590835 0.974236 0.359826 -0.062204 0.368437 0.927569 0.015625 0.474609
  2 8.515508 0.043840 0.350289 -0.010916 -0.283828 0.958813 0.058594 0.472656
  2 11.265910 0.086751 0.371189 0.023467 -0.313449 0.949315 0.068359 0.328125
hands.bmp
  2 8.590835 0.974236 0.359826 -0.062204 0.368437 0.927569 0.015625 0.474609
  2 11.265910 0.086751 0.371189 0.023467 -0.313449 0.949315 0.068359 0.328125
  2 11.311996 1.046917 0.349766 0.013892 0.371570 0.928301 0.025391 0.328125
hands.bmp
  1 7.907660 0.984348 0.207492 0.125749 0.443222 0.887548 0.007813 0.503906
  1 7.920436 0.085670 0.384176 0.205984 -0.212526 0.955198 0.052734 0.498047
  2 8.515508 0.043840 0.350289 -0.010916 -0.283828 0.958813 0.058594 0.472656
hands.bmp
  1 7.907660 0.984348 0.207492 0.125749 0.443222 0.887548 0.007813 0.503906
  2 8.515508 0.043840 0.350289 -0.010916 -0.283828 0.958813 0.058594 0.472656
  2 8.590835 0.974236 0.359826 -0.062204 0.368437 0.927569 0.015625 0.474609
hands.bmp
  33 -44.790726 0.731964 0.518271 -0.162653 -0.961269 0.222500 0.921875 0.416016
  33 -44.305305 0.800526 0.490471 0.050568 -0.664120 0.745914 0.906250 0.519531
  33 -44.894524 0.876169 0.629757 -0.253087 -0.441633 0.860759 0.902344 0.394531
hands.bmp
  12 21.978352 1.241394 0.295946 0.081251 0.958989 -0.271550 0.919922 0.812500
  13 22.313213 1.223351 0.404549 0.089024 0.978332 -0.186928 0.919922 0.751953
  13 22.412743 1.080816 0.257651 0.272710 0.483371 -0.831854 0.894531 0.748047
hands.bmp
  12 21.978352 1.241394 0.295946 0.081251 0.958989 -0.271550 0.919922 0.812500
  13 22.412743 1.080816 0.257651 0.272710 0.483371 -0.831854 0.894531 0.748047
  12 22.013100 1.114412 0.152879 0.207944 0.526768 -0.824181 0.892578 0.812500
hands.bmp
  33 -44.305305 0.800526 0.490471 0.050568 -0.664120 0.745914 0.906250 0.519531
  32 -44.151176 0.754570 0.472402 0.030222 -0.666041 0.745303 0.902344 0.542969
  32 -44.246346 1.045561 0.555274 0.196225 0.233009 0.952472 0.882813 0.531250
hands.bmp
  40 -38.633720 1.111018 -1.423390 0.060701 0.861670 -0.503825 0.574219 0.777344
  40 -38.604465 1.098647 -1.413835 0.853307 0.438328 -0.282376 0.580078 0.773438
  40 -38.660381 0.491279 -1.913911 0.844319 0.233022 -0.482521 0.625000 0.812500
hands.bmp
  40 -38.633720 1.111018 -1.423390 0.060701 0.861670 -0.503825 0.574219 0.777344
  40 -38.660381 0.491279 -1.913911 0.844319 0.233022 -0.482521 0.625000 0.812500
  40 -38.688190 0.523599 -1.933461 0.107848 0.439588 -0.891701 0.623047 0.818359
hands.bmp
  5 20.942093 1.030572 -1.976955 0.380871 0.828788 -0.409937 0.615234 0.273438
  5 20.967285 0.994069 -1.971231 0.846219 0.422657 -0.324461 0.611328 0.273438
  5 20.950569 0.878079 -2.113242 0.686073 0.246247 -0.684592 0.613281 0.287109
hands.bmp
  5 20.942093 1.030572 -1.976955 0.380871 0.828788 -0.409937 0.615234 0.273438
  5 20.950569 0.878079 -2.113242 0.686073 0.246247 -0.684592 0.613281 0.287109
  5 20.909252 0.904941 -2.144403 0.221758 0.456411 -0.861691 0.619141 0.287109
hands.bmp
  29 -43.754105 0.619030 -0.876843 -0.117315 -0.976778 -0.179280 0.941406 0.634766
  28 -43.602066 0.601992 -0.891250 -0.139440 -0.973648 -0.180461 0.941406 0.646484
  28 -43.658859 0.679308 -0.681020 0.014335 -0.736417 0.676376 0.904297 0.646484
hands.bmp
  29 -43.754105 0.619030 -0.876843 -0.117315 -0.976778 -0.179280 0.941406 0.634766
  28 -43.658859 0.679308 -0.681020 0.014335 -0.736417 0.676376 0.904297 0.646484
  29 -43.742077 0.680107 -0.665833 -0.009162 -0.686252 0.727306 0.906250 0.634766
hands.bmp
  29 -44.905678 0.969147 -0.610221 -0.004282 0.234861 0.972019 0.882813 0.531250
  30 -45.013855 0.785089 -0.669784 -0.084737 -0.639243 0.764322 0.906250 0.519531
  29 -44.818886 0.769428 -0.651189 -0.095987 -0.626214 0.773720 0.902344 0.542969
hands.bmp
  9 22.444290 0.707684 -0.853312 0.089972 -0.971968 -0.217217 0.941406 0.535156
  10 22.659088 0.726015 -0.871549 0.097687 -0.953778 -0.284190 0.939453 0.511719
  10 22.657578 0.785078 -0.669784 0.084727 -0.639244 0.764322 0.906250 0.519531
hands.bmp
  9 22.444290 0.707684 -0.853312 0.089972 -0.971968 -0.217217 0.941406 0.535156
  10 22.657578 0.785078 -0.669784 0.084727 -0.639244 0.764322 0.906250 0.519531
  9 22.462608 0.769417 -0.651189 0.095987 -0.626216 0.773719 0.902344 0.542969
hands.bmp
  40 -39.188290 -0.359403 -1.807337 0.518501 -0.668031 -0.533752 0.060547 0.888672
  40 -39.177746 -0.199704 -1.957287 0.557894 -0.447225 -0.699102 0.042969 0.888672
  40 -38.714005 -0.286902 -2.014213 0.100557 -0.468593 -0.877673 0.039063 0.945313
hands.bmp
  40 -39.188290 -0.359403 -1.807337 0.518501 -0.668031 -0.533752 0.060547 0.888672
  40 -38.714005 -0.286902 -2.014213 0.100557 -0.468593 -0.877673 0.039063 0.945313
  40 -38.716175 -0.467336 -1.864416 0.048297 -0.761457 -0.646413 0.054688 0.945313
hands.bmp
  8 21.302582 0.679296 -0.681020 -0.014332 -0.736416 0.676377 0.904297 0.646484
  8 21.245789 0.601980 -0.891250 0.139441 -0.973647 -0.180468 0.941406 0.646484
  9 21.397827 0.619019 -0.876843 0.117314 -0.976778 -0.179284 0.941406 0.634766
hands.bmp
  8 21.302582 0.679296 -0.681020 -0.014332 -0.736416 0.676377 0.904297 0.646484
  9 21.397827 0.619019 -0.876843 0.117314 -0.976778 -0.179284 0.941406 0.634766
  9 21.385799 0.680096 -0.665833 0.009155 -0.686246 0.727312 0.906250 0.634766
hands.bmp
  5 20.950569 0.878079 -2.113242 0.039625 0.502747 -0.863525 0.890625 0.984375
  6 21.041176 0.858482 -2.117411 -0.118641 0.416830 -0.901209 0.892578 0.964844
  6 21.014404 0.633513 -2.125888 -0.147406 -0.391405 -0.908335 0.871094 0.968750
hands.bmp
  5 20.950569 0.878079 -2.113242 0.039625 0.502747 -0.863525 0.890625 0.984375
  6 21.014404 0.633513 -2.125888 -0.147406 -0.391405 -0.908335 0.871094 0.968750
  5 20.938900 0.645566 -2.112085 -0.136129 -0.369094 -0.919368 0.871094 0.986328
hands.bmp
  5 20.899075 0.507508 -1.908728 -0.146660 -0.963730 -0.222971 0.941406 0.646484
  6 21.080883 0.503391 -1.949681 -0.056660 -0.975509 -0.212534 0.941406 0.634766
  6 21.098251 0.577017 -1.740690 0.224074 -0.683902 0.694311 0.906250 0.634766
hands.bmp
  5 20.899075 0.507508 -1.908728 -0.146660 -0.963730 -0.222971 0.941406 0.646484
  6 21.098251 0.577017 -1.740690 0.224074 -0.683902 0.694311 0.906250 0.634766
  5 20.968002 0.576913 -1.699605 0.233596 -0.650452 0.722734 0.904297 0.646484
hands.bmp
  40 -39.443249 1.015178 -1.371646 -0.619777 0.685890 -0.381356 0.470703 0.234375
  40 -39.461708 0.625516 -1.871969 -0.632128 0.448863 -0.631614 0.476563 0.281250
  40 -39.387966 0.529323 -1.793176 -0.681092 0.449339 -0.578107 0.470703 0.281250
hands.bmp
  40 -39.443249 1.015178 -1.371646 -0.619777 0.685890 -0.381356 0.470703 0.234375
  40 -39.387966 0.529323 -1.793176 -0.681092 0.449339 -0.578107 0.470703 0.281250
  40 -39.387932 0.950564 -1.352545 -0.633834 0.697980 -0.333284 0.462891 0.234375
hands.bmp
  2 11.158484 -0.491968 -2.341490 0.042050 -0.580280 -0.813331 0.228516 0.341797
  3 13.044152 -0.302718 -2.196430 0.118049 -0.551323 -0.825898 0.236328 0.236328
  3 12.963477 -0.850715 -1.406878 0.103784 -0.970252 -0.218722 0.183594 0.232422
hands.bmp
  2 11.158484 -0.491968 -2.341490 0.042050 -0.580280 -0.813331 0.228516 0.341797
  3 12.963477 -0.850715 -1.406878 0.103784 -0.970252 -0.218722 0.183594 0.232422
  2 11.012969 -1.069758 -1.383690 0.037142 -0.986507 -0.159449 0.169922 0.341797
hands.bmp
  40 -39.051903 -0.360501 -0.719220 0.842472 0.532156 -0.083971 0.197266 0.914063
  40 -38.749989 -0.505042 -0.553830 0.729705 0.142124 -0.668828 0.197266 0.943359
  40 -38.792747 -0.541757 -0.533251 0.027064 -0.974314 -0.223563 0.205078 0.941406
hands.bmp
  40 -39.051903 -0.360501 -0.719220 0.842472 0.532156 -0.083971 0.197266 0.914063
  40 -38.792747 -0.541757 -0.533251 0.027064 -0.974314 -0.223563 0.205078 0.941406
  40 -39.145798 -0.413199 -0.677912 0.694006 -0.708587 0.127515 0.197266 0.892578
hands.bmp
  19 19.159241 -0.012195 2.701309 0.979169 0.037764 0.199504 0.626953 0.896484
  19 19.086426 -0.039859 3.005995 0.560890 -0.038720 0.826984 0.654297 0.857422
  19 19.027020 -0.184924 2.933007 0.360178 -0.729364 0.581636 0.679688 0.863281
hands.bmp
  19 19.159241 -0.012195 2.701309 0.979169 0.037764 0.199504 0.626953 0.896484
  19 19.027020 -0.184924 2.933007 0.360178 -0.729364 0.581636 0.679688 0.863281
  19 19.076031 -0.142825 2.658733 0.753503 -0.650942 0.092238 0.654297 0.898438
hands.bmp
  14 20.402851 -0.049741 -2.730395 0.404159 -0.823522 -0.398080 0.511719 0.433594
  14 20.494095 0.017112 -2.564848 0.708896 -0.623855 0.329047 0.507813 0.458984
  14 19.827732 -0.049804 -2.150624 0.514154 -0.739383 0.434694 0.576172 0.470703
hands.bmp
  14 20.402851 -0.049741 -2.730395 0.404159 -0.823522 -0.398080 0.511719 0.433594
  14 19.827732 -0.049804 -2.150624 0.514154 -0.739383 0.434694 0.576172 0.470703
  14 19.511745 -0.123712 -2.390605 0.025461 -0.950457 -0.309813 0.595703 0.433594
hands.bmp
  4 19.450680 -0.069528 -1.618430 0.333744 -0.911187 0.241562 0.623047 0.496094
  14 19.811207 0.121781 -1.932939 0.870324 -0.480009 -0.110129 0.583984 0.488281
  5 20.043182 0.234534 -1.699104 0.365395 -0.886284 -0.284583 0.568359 0.507813
hands.bmp
  4 19.450680 -0.069528 -1.618430 0.333744 -0.911187 0.241562 0.623047 0.496094
  5 20.043182 0.234534 -1.699104 0.365395 -0.886284 -0.284583 0.568359 0.507813
  4 19.693771 0.271630 -1.028584 0.280964 -0.929370 0.239437 0.623047 0.552734
hands.bmp
  24 -41.892559 0.504590 -2.408413 0.102238 0.835576 -0.539778 0.742188 0.320313
  24 -42.003269 0.690419 -2.113267 -0.250121 0.894707 -0.370052 0.734375 0.292969
  24 -41.602478 0.721103 -2.162498 0.017218 0.792747 -0.609308 0.769531 0.300781
hands.bmp
  4 19.246197 0.721093 -2.162498 -0.017218 0.792747 -0.609307 0.769531 0.300781
  4 19.230865 1.063178 -1.637575 0.074858 0.912356 -0.402495 0.769531 0.251953
  4 19.741306 0.832383 -1.858221 0.104648 0.727611 -0.677961 0.726563 0.269531
hands.bmp
  4 19.246197 0.721093 -2.162498 -0.017218 0.792747 -0.609307 0.769531 0.300781
  4 19.741306 0.832383 -1.858221 0.104648 0.727611 -0.677961 0.726563 0.269531
  4 19.646992 0.690410 -2.113267 0.250118 0.894709 -0.370051 0.734375 0.292969
hands.bmp
  25 -42.097584 0.832393 -1.858221 -0.104649 0.727612 -0.677960 0.726563 0.269531
  25 -42.233212 0.968059 -1.630624 0.017720 0.981226 -0.192044 0.712891 0.248047
  24 -41.587143 1.063188 -1.637575 -0.074856 0.912357 -0.402494 0.769531 0.251953
hands.bmp
  24 -41.587143 1.063188 -1.637575 -0.074856 0.912357 -0.402494 0.769531 0.251953
  25 -42.233212 0.968059 -1.630624 0.017720 0.981226 -0.192044 0.712891 0.248047
  25 -42.195374 0.943671 -1.354085 -0.247403 0.963278 -0.104342 0.718750 0.224609
hands.bmp
  8 21.356712 1.128529 -0.912232 0.560091 0.788932 -0.252754 0.582031 0.177734
  8 21.284134 1.110146 -0.775507 0.559920 0.785754 0.262831 0.583984 0.156250
  8 21.308464 1.068266 -0.782851 0.951943 0.259619 0.162486 0.574219 0.156250
hands.bmp
  8 21.356712 1.128529 -0.912232 0.560091 0.788932 -0.252754 0.582031 0.177734
  8 21.308464 1.068266 -0.782851 0.951943 0.259619 0.162486 0.574219 0.156250
  8 21.379951 1.092199 -0.900393 0.947243 0.309404 -0.083667 0.572266 0.177734
hands.bmp
  20 16.700027 1.234931 -0.816955 -0.623946 0.779215 -0.059289 0.503906 0.158203
  20 16.723946 1.186683 -0.816671 -0.623966 0.779199 -0.059294 0.507813 0.158203
  20 16.698471 0.993886 -0.087232 -0.603768 0.657308 0.451011 0.494141 0.078125
hands.bmp
  20 16.700027 1.234931 -0.816955 -0.623946 0.779215 -0.059289 0.503906 0.158203
  20 16.698471 0.993886 -0.087232 -0.603768 0.657308 0.451011 0.494141 0.078125
  20 16.701775 1.074401 -0.067071 -0.603748 0.657346 0.450982 0.490234 0.078125
hands.bmp
  20 16.735081 1.027184 -1.386791 -0.564043 0.720677 -0.403088 0.513672 0.228516
  20 16.749386 0.968131 -1.356660 -0.564071 0.720667 -0.403067 0.515625 0.224609
  20 16.723946 1.186683 -0.816671 -0.623966 0.779199 -0.059294 0.507813 0.158203
hands.bmp
  20 16.735081 1.027184 -1.386791 -0.564043 0.720677 -0.403088 0.513672 0.228516
  20 16.723946 1.186683 -0.816671 -0.623966 0.779199 -0.059294 0.507813 0.158203
  20 16.700027 1.234931 -0.816955 -0.623946 0.779215 -0.059289 0.503906 0.158203
hands.bmp
  20 16.693283 0.632266 0.182219 -0.571536 0.363220 0.735811 0.335938 0.890625
  20 16.342083 0.604173 0.337047 -0.019652 0.385935 0.922317 0.343750 0.939453
  20 16.327381 0.402350 0.386558 -0.004730 -0.019618 0.999796 0.328125 0.941406
hands.bmp
  20 16.693283 0.632266 0.182219 -0.571536 0.363220 0.735811 0.335938 0.890625
  20 16.327381 0.402350 0.386558 -0.004730 -0.019618 0.999796 0.328125 0.941406
  20 16.709923 0.412881 0.242166 -0.572403 0.025814 0.819566 0.322266 0.890625
hands.bmp
  20 16.759560 -0.034097 -2.057976 -0.567013 -0.062756 -0.821315 0.525391 0.322266
  20 16.758175 -0.024184 -2.017978 -0.575559 -0.028936 -0.817248 0.527344 0.318359
  20 16.759827 0.547725 -1.827140 -0.604657 0.411835 -0.681749 0.523438 0.269531
hands.bmp
  20 16.759560 -0.034097 -2.057976 -0.567013 -0.062756 -0.821315 0.525391 0.322266
  20 16.759827 0.547725 -1.827140 -0.604657 0.411835 -0.681749 0.523438 0.269531
  20 16.745014 0.616776 -1.877267 -0.604662 0.411830 -0.681748 0.519531 0.275391
hands.bmp
  20 17.058876 1.143226 -0.841823 0.766473 0.641507 0.031434 0.455078 0.169922
  20 17.043480 1.212220 -0.851954 0.651001 0.758264 -0.035128 0.460938 0.169922
  20 17.012142 1.089175 -0.102503 0.589957 0.688475 0.421843 0.451172 0.087891
hands.bmp
  20 17.058876 1.143226 -0.841823 0.766473 0.641507 0.031434 0.455078 0.169922
  20 17.012142 1.089175 -0.102503 0.589957 0.688475 0.421843 0.451172 0.087891
  20 16.999962 0.997922 -0.142813 0.738000 0.585663 0.335194 0.445313 0.087891
hands.bmp
  40 -39.415154 1.143235 -0.841823 -0.766478 0.641501 0.031440 0.455078 0.169922
  40 -39.399761 1.212230 -0.851954 -0.651008 0.758258 -0.035123 0.460938 0.169922
  40 -39.387932 0.950564 -1.352545 -0.633834 0.697980 -0.333284 0.462891 0.234375
hands.bmp
  40 -39.399761 1.212230 -0.851954 -0.651008 0.758258 -0.035123 0.460938 0.169922
  40 -39.443249 1.015178 -1.371646 -0.619777 0.685890 -0.381356 0.470703 0.234375
  40 -39.387932 0.950564 -1.352545 -0.633834 0.697980 -0.333284 0.462891 0.234375
hands.bmp
  20 17.031689 0.529313 -1.793176 0.681086 0.449320 -0.578130 0.470703 0.281250
  20 17.105427 0.625506 -1.871969 0.632127 0.448894 -0.631593 0.476563 0.281250
  20 17.086971 1.015168 -1.371646 0.619769 0.685900 -0.381349 0.470703 0.234375
hands.bmp
  20 17.031689 0.529313 -1.793176 0.681086 0.449320 -0.578130 0.470703 0.281250
  20 17.086971 1.015168 -1.371646 0.619769 0.685900 -0.381349 0.470703 0.234375
  20 17.031654 0.950555 -1.352545 0.633822 0.698013 -0.333239 0.462891 0.234375
hands.bmp
  40 -39.387966 0.529323 -1.793176 -0.681092 0.449339 -0.578107 0.470703 0.281250
  40 -39.461708 0.625516 -1.871969 -0.632128 0.448863 -0.631614 0.476563 0.281250
  40 -39.437000 0.081851 -2.013101 -0.720724 0.039424 -0.692100 0.474609 0.335938
hands.bmp
  40 -39.461708 0.625516 -1.871969 -0.632128 0.448863 -0.631614 0.476563 0.281250
  40 -39.442951 0.022153 -2.093105 -0.616376 0.029383 -0.786904 0.482422 0.337891
  40 -39.437000 0.081851 -2.013101 -0.720724 0.039424 -0.692100 0.474609 0.335938
hands.bmp
  40 -39.108616 -0.446261 -0.698505 0.692760 -0.249575 -0.676606 0.429688 0.990234
  40 -39.148544 -0.152246 -0.237462 0.429498 0.897133 0.103369 0.363281 0.988281
  40 -39.083611 -0.227668 -0.188513 0.719568 0.297512 0.627462 0.359375 0.990234
hands.bmp
  5 21.020309 0.829506 -1.576886 0.703349 0.283578 0.651831 0.498047 0.574219
  5 20.956501 0.529191 -1.638854 0.642144 -0.542070 0.542043 0.496094 0.550781
  5 20.968002 0.576913 -1.699605 0.946830 -0.320836 0.024010 0.490234 0.546875
hands.bmp
  5 21.020309 0.829506 -1.576886 0.703349 0.283578 0.651831 0.498047 0.574219
  5 20.968002 0.576913 -1.699605 0.946830 -0.320836 0.024010 0.490234 0.546875
  5 21.041428 0.798098 -1.625545 0.990277 0.046464 0.131121 0.492188 0.572266
hands.bmp
  40 -39.483685 -0.205726 -0.222620 -0.481156 0.866309 0.134155 0.363281 0.933594
  40 -39.464897 -0.387704 -0.683197 -0.492976 0.515996 -0.700516 0.427734 0.933594
  40 -39.504475 -0.224139 -0.172335 -0.692249 0.240837 0.680285 0.359375 0.929688
hands.bmp
  40 -39.504475 -0.224139 -0.172335 -0.692249 0.240837 0.680285 0.359375 0.929688
  40 -39.464897 -0.387704 -0.683197 -0.492976 0.515996 -0.700516 0.427734 0.933594
  40 -39.522697 -0.483403 -0.682482 -0.720715 -0.288426 -0.630381 0.429688 0.929688
hands.bmp
  40 -39.407608 -0.442460 -0.584103 0.719567 0.297557 0.627442 0.416016 0.943359
  40 -39.444229 -0.389363 -0.633498 0.163331 0.964237 -0.208736 0.419922 0.941406
  40 -39.436321 -0.229560 -0.283354 0.129424 0.815664 -0.563863 0.371094 0.941406
hands.bmp
  40 -39.407608 -0.442460 -0.584103 0.719567 0.297557 0.627442 0.416016 0.943359
  40 -39.436321 -0.229560 -0.283354 0.129424 0.815664 -0.563863 0.371094 0.941406
  40 -39.390469 -0.283385 -0.284101 0.692787 -0.249567 -0.676582 0.375000 0.943359
hands.bmp
  40 -39.094666 -0.397218 -0.698642 0.406399 0.545908 -0.732683 0.427734 0.986328
  40 -39.148544 -0.152246 -0.237462 0.429498 0.897133 0.103369 0.363281 0.988281
  40 -39.108616 -0.446261 -0.698505 0.692760 -0.249575 -0.676606 0.429688 0.990234
hands.bmp
  40 -39.094666 -0.397218 -0.698642 0.406399 0.545908 -0.732683 0.427734 0.986328
  40 -39.192333 -0.188863 -0.286876 -0.226432 0.804628 -0.548910 0.371094 0.980469
  40 -39.148544 -0.152246 -0.237462 0.429498 0.897133 0.103369 0.363281 0.988281
hands.bmp
  20 16.792263 -0.152255 -0.237462 -0.429496 0.897134 0.103362 0.363281 0.988281
  20 17.127407 -0.205735 -0.222620 0.481155 0.866301 0.134207 0.363281 0.933594
  20 17.080044 -0.229569 -0.283354 -0.129526 0.815472 -0.564117 0.371094 0.941406
hands.bmp
  20 16.792263 -0.152255 -0.237462 -0.429496 0.897134 0.103362 0.363281 0.988281
  20 17.080044 -0.229569 -0.283354 -0.129526 0.815472 -0.564117 0.371094 0.941406
  20 16.836052 -0.188872 -0.286876 0.226428 0.804621 -0.548922 0.371094 0.980469
hands.bmp
  40 -39.436321 -0.229560 -0.283354 0.129424 0.815664 -0.563863 0.371094 0.941406
  40 -39.444229 -0.389363 -0.633498 0.163331 0.964237 -0.208736 0.419922 0.941406
  40 -39.483685 -0.205726 -0.222620 -0.481156 0.866309 0.134155 0.363281 0.933594
hands.bmp
  40 -39.483685 -0.205726 -0.222620 -0.481156 0.866309 0.134155 0.363281 0.933594
  40 -39.444229 -0.389363 -0.633498 0.163331 0.964237 -0.208736 0.419922 0.941406
  40 -39.464897 -0.387704 -0.683197 -0.492976 0.515996 -0.700516 0.427734 0.933594
hands.bmp
  20 16.825768 -0.370193 -0.647317 0.246108 0.949134 -0.196407 0.419922 0.980469
  20 16.877110 -0.396199 -0.586594 0.692302 0.240820 0.680238 0.416016 0.976563
  20 17.087952 -0.389373 -0.633498 -0.163268 0.964252 -0.208716 0.419922 0.941406
hands.bmp
  20 16.825768 -0.370193 -0.647317 0.246108 0.949134 -0.196407 0.419922 0.980469
  20 17.087952 -0.389373 -0.633498 -0.163268 0.964252 -0.208716 0.419922 0.941406
  20 17.108620 -0.387713 -0.683197 0.492976 0.515971 -0.700534 0.427734 0.933594
hands.bmp
  40 -39.464897 -0.387704 -0.683197 -0.492976 0.515996 -0.700516 0.427734 0.933594
  40 -39.182049 -0.370183 -0.647317 -0.246110 0.949133 -0.196409 0.419922 0.980469
  40 -39.094666 -0.397218 -0.698642 0.406399 0.545908 -0.732683 0.427734 0.986328
hands.bmp
  40 -39.182049 -0.370183 -0.647317 -0.246110 0.949133 -0.196409 0.419922 0.980469
  40 -39.192333 -0.188863 -0.286876 -0.226432 0.804628 -0.548910 0.371094 0.980469
  40 -39.094666 -0.397218 -0.698642 0.406399 0.545908 -0.732683 0.427734 0.986328
hands.bmp
  40 -39.182049 -0.370183 -0.647317 -0.246110 0.949133 -0.196409 0.419922 0.980469
  40 -39.198704 -0.268609 -0.286893 -0.720713 -0.288458 -0.630368 0.375000 0.976563
  40 -39.192333 -0.188863 -0.286876 -0.226432 0.804628 -0.548910 0.371094 0.980469
hands.bmp
  20 16.836052 -0.188872 -0.286876 0.226428 0.804621 -0.548922 0.371094 0.980469
  20 17.080044 -0.229569 -0.283354 -0.129526 0.815472 -0.564117 0.371094 0.941406
  20 17.034187 -0.283395 -0.284101 -0.692787 -0.249552 -0.676587 0.375000 0.943359
hands.bmp
  20 16.836052 -0.188872 -0.286876 0.226428 0.804621 -0.548922 0.371094 0.980469
  20 17.034187 -0.283395 -0.284101 -0.692787 -0.249552 -0.676587 0.375000 0.943359
  20 16.842422 -0.268619 -0.286893 0.720724 -0.288439 -0.630365 0.375000 0.976563
hands.bmp
  20 17.080044 -0.229569 -0.283354 -0.129526 0.815472 -0.564117 0.371094 0.941406
  20 17.087952 -0.389373 -0.633498 -0.163268 0.964252 -0.208716 0.419922 0.941406
  20 17.051331 -0.442470 -0.584103 -0.719592 0.297554 0.627415 0.416016 0.943359
hands.bmp
  20 17.080044 -0.229569 -0.283354 -0.129526 0.815472 -0.564117 0.371094 0.941406
  20 17.051331 -0.442470 -0.584103 -0.719592 0.297554 0.627415 0.416016 0.943359
  20 17.034187 -0.283395 -0.284101 -0.692787 -0.249552 -0.676587 0.375000 0.943359
hands.bmp
  40 -39.407608 -0.442460 -0.584103 0.719567 0.297557 0.627442 0.416016 0.943359
  40 -39.233387 -0.396190 -0.586594 -0.692312 0.240803 0.680234 0.416016 0.976563
  40 -39.444229 -0.389363 -0.633498 0.163331 0.964237 -0.208736 0.419922 0.941406
hands.bmp
  40 -39.233387 -0.396190 -0.586594 -0.692312 0.240803 0.680234 0.416016 0.976563
  40 -39.198704 -0.268609 -0.286893 -0.720713 -0.288458 -0.630368 0.375000 0.976563
  40 -39.182049 -0.370183 -0.647317 -0.246110 0.949133 -0.196409 0.419922 0.980469
hands.bmp
  20 16.803745 -0.482314 -0.587789 0.132942 -0.816620 0.561657 0.539063 0.730469
  20 16.877110 -0.396199 -0.586594 0.692302 0.240820 0.680238 0.535156 0.736328
  20 16.842422 -0.268619 -0.286893 0.720724 -0.288439 -0.630365 0.535156 0.785156
hands.bmp
  20 16.803745 -0.482314 -0.587789 0.132942 -0.816620 0.561657 0.539063 0.730469
  20 16.842422 -0.268619 -0.286893 0.720724 -0.288439 -0.630365 0.535156 0.785156
  20 16.777496 -0.344041 -0.237944 0.166646 -0.963115 0.211278 0.539063 0.789063
hands.bmp
  20 16.842422 -0.268619 -0.286893 0.720724 -0.288439 -0.630365 0.535156 0.785156
  20 17.034187 -0.283395 -0.284101 -0.692787 -0.249552 -0.676587 0.494141 0.785156
  20 17.068787 -0.350863 -0.223681 -0.242679 -0.950475 0.194174 0.490234 0.789063
hands.bmp
  20 16.842422 -0.268619 -0.286893 0.720724 -0.288439 -0.630365 0.535156 0.785156
  20 17.068787 -0.350863 -0.223681 -0.242679 -0.950475 0.194174 0.490234 0.789063
  20 16.777496 -0.344041 -0.237944 0.166646 -0.963115 0.211278 0.539063 0.789063
hands.bmp
  20 17.034187 -0.283395 -0.284101 -0.692787 -0.249552 -0.676587 0.494141 0.785156
  20 17.051331 -0.442470 -0.584103 -0.719592 0.297554 0.627415 0.494141 0.736328
  20 17.076839 -0.510655 -0.583823 -0.223099 -0.803766 0.551531 0.490234 0.730469
hands.bmp
  20 17.034187 -0.283395 -0.284101 -0.692787 -0.249552 -0.676587 0.494141 0.785156
  20 17.076839 -0.510655 -0.583823 -0.223099 -0.803766 0.551531 0.490234 0.730469
  20 17.068787 -0.350863 -0.223681 -0.242679 -0.950475 0.194174 0.490234 0.789063
hands.bmp
  20 17.051331 -0.442470 -0.584103 -0.719592 0.297554 0.627415 0.494141 0.736328
  20 16.877110 -0.396199 -0.586594 0.692302 0.240820 0.680238 0.535156 0.736328
  20 16.803745 -0.482314 -0.587789 0.132942 -0.816620 0.561657 0.539063 0.730469
hands.bmp
  20 17.051331 -0.442470 -0.584103 -0.719592 0.297554 0.627415 0.494141 0.736328
  20 16.803745 -0.482314 -0.587789 0.132942 -0.816620 0.561657 0.539063 0.730469
  20 17.076839 -0.510655 -0.583823 -0.223099 -0.803766 0.551531 0.490234 0.730469
hands.bmp
  40 -39.160023 -0.482305 -0.587789 -0.132883 -0.816627 0.561660 0.539063 0.730469
  40 -39.089985 -0.307412 -0.188530 0.492731 -0.515244 0.701241 0.548828 0.796875
  40 -39.133774 -0.344031 -0.237944 -0.167466 -0.962529 0.213289 0.539063 0.789063
hands.bmp
  40 -39.089985 -0.307412 -0.188530 0.492731 -0.515244 0.701241 0.548828 0.796875
  40 -39.493305 -0.335382 -0.172653 -0.406730 -0.546643 0.731951 0.480469 0.796875
  40 -39.133774 -0.344031 -0.237944 -0.167466 -0.962529 0.213289 0.539063 0.789063
hands.bmp
  40 -39.133774 -0.344031 -0.237944 -0.167466 -0.962529 0.213289 0.539063 0.789063
  40 -39.493305 -0.335382 -0.172653 -0.406730 -0.546643 0.731951 0.480469 0.796875
  40 -39.425064 -0.350854 -0.223681 0.242678 -0.950479 0.194158 0.490234 0.789063
hands.bmp
  40 -39.493305 -0.335382 -0.172653 -0.406730 -0.546643 0.731951 0.480469 0.796875
  40 -39.486076 -0.536500 -0.633088 -0.429708 -0.897150 -0.102336 0.480469 0.722656
  40 -39.425064 -0.350854 -0.223681 0.242678 -0.950479 0.194158 0.490234 0.789063
hands.bmp
  40 -39.425064 -0.350854 -0.223681 0.242678 -0.950479 0.194158 0.490234 0.789063
  40 -39.486076 -0.536500 -0.633088 -0.429708 -0.897150 -0.102336 0.480469 0.722656
  40 -39.433117 -0.510646 -0.583823 0.223101 -0.803762 0.551536 0.490234 0.730469
hands.bmp
  40 -39.486076 -0.536500 -0.633088 -0.429708 -0.897150 -0.102336 0.480469 0.722656
  40 -39.150936 -0.483018 -0.647930 0.480879 -0.866311 -0.135135 0.548828 0.722656
  40 -39.433117 -0.510646 -0.583823 0.223101 -0.803762 0.551536 0.490234 0.730469
hands.bmp
  40 -39.433117 -0.510646 -0.583823 0.223101 -0.803762 0.551536 0.490234 0.730469
  40 -39.150936 -0.483018 -0.647930 0.480879 -0.866311 -0.135135 0.548828 0.722656
  40 -39.160023 -0.482305 -0.587789 -0.132883 -0.816627 0.561660 0.539063 0.730469
hands.bmp
  40 -39.150936 -0.483018 -0.647930 0.480879 -0.866311 -0.135135 0.548828 0.722656
  40 -39.089985 -0.307412 -0.188530 0.492731 -0.515244 0.701241 0.548828 0.796875
  40 -39.160023 -0.482305 -0.587789 -0.132883 -0.816627 0.561660 0.539063 0.730469
hands.bmp
  24 -40.497501 0.172305 -2.409789 0.264099 0.031824 -0.963970 0.865234 0.316406
  24 -40.430069 -0.267287 -2.086042 0.132542 -0.727994 -0.672649 0.880859 0.343750
  24 -41.455074 -0.043735 -2.540121 0.117638 -0.523712 -0.843734 0.785156 0.353516
hands.bmp
  24 -40.497501 0.172305 -2.409789 0.264099 0.031824 -0.963970 0.865234 0.316406
  24 -41.455074 -0.043735 -2.540121 0.117638 -0.523712 -0.843734 0.785156 0.353516
  24 -41.474041 0.346654 -2.528414 0.207539 0.448280 -0.869467 0.781250 0.333984
hands.bmp
  20 16.733707 -0.307422 -0.188530 -0.492725 -0.515265 0.701231 0.548828 0.796875
  20 17.137024 -0.335391 -0.172653 0.406725 -0.546639 0.731957 0.480469 0.796875
  20 17.148197 -0.224149 -0.172335 0.692259 0.240816 0.680283 0.476563 0.802734
hands.bmp
  20 16.733707 -0.307422 -0.188530 -0.492725 -0.515265 0.701231 0.548828 0.796875
  20 17.148197 -0.224149 -0.172335 0.692259 0.240816 0.680283 0.476563 0.802734
  20 16.727333 -0.227677 -0.188513 -0.719556 0.297529 0.627468 0.552734 0.802734
hands.bmp
  38 -40.853386 0.097804 2.134399 0.517033 0.130976 0.845885 0.542969 0.978516
  38 -40.897087 -0.016496 2.167957 0.016058 -0.242386 0.970047 0.548828 0.980469
  38 -40.710560 0.029153 1.746858 0.860344 -0.279578 0.426197 0.568359 0.931641
hands.bmp
  38 -40.853386 0.097804 2.134399 0.517033 0.130976 0.845885 0.542969 0.978516
  38 -40.710560 0.029153 1.746858 0.860344 -0.279578 0.426197 0.568359 0.931641
  38 -40.677544 0.124764 1.707253 0.857748 0.199933 0.473598 0.560547 0.931641
hands.bmp
  40 -39.522697 -0.483403 -0.682482 -0.720715 -0.288426 -0.630381 0.476563 0.718750
  40 -39.108616 -0.446261 -0.698505 0.692760 -0.249575 -0.676606 0.552734 0.718750
  40 -39.486076 -0.536500 -0.633088 -0.429708 -0.897150 -0.102336 0.480469 0.722656
hands.bmp
  40 -39.486076 -0.536500 -0.633088 -0.429708 -0.897150 -0.102336 0.480469 0.722656
  40 -39.108616 -0.446261 -0.698505 0.692760 -0.249575 -0.676606 0.552734 0.718750
  40 -39.150936 -0.483018 -0.647930 0.480879 -0.866311 -0.135135 0.548828 0.722656
hands.bmp
  9 22.607552 1.073586 -1.022906 -0.006895 0.543124 -0.839624 0.892578 0.812500
  9 21.471764 0.978613 -1.070554 -0.048868 0.499937 -0.864682 0.892578 0.964844
  9 21.452034 1.113226 -0.891695 -0.136643 0.946670 -0.291795 0.917969 0.962891
hands.bmp
  9 22.607552 1.073586 -1.022906 -0.006895 0.543124 -0.839624 0.892578 0.812500
  9 21.452034 1.113226 -0.891695 -0.136643 0.946670 -0.291795 0.917969 0.962891
  9 22.586792 1.217735 -0.846868 -0.039469 0.967259 -0.250704 0.919922 0.812500
hands.bmp
  4 19.755444 1.274678 -0.255481 0.033316 0.994359 -0.100699 0.726563 0.117188
  4 19.174656 1.222762 -0.487412 -0.021641 0.999588 0.018843 0.777344 0.140625
  4 19.089386 1.157107 0.080583 -0.032497 0.932306 0.360207 0.789063 0.089844
hands.bmp
  4 19.755444 1.274678 -0.255481 0.033316 0.994359 -0.100699 0.726563 0.117188
  4 19.089386 1.157107 0.080583 -0.032497 0.932306 0.360207 0.789063 0.089844
  4 19.699684 1.194549 0.046958 -0.024420 0.848826 0.528107 0.734375 0.089844
hands.bmp
  1 7.869550 -0.955864 -1.148800 0.017649 -0.987461 -0.156876 0.171875 0.496094
  2 8.417983 -1.091475 -1.250006 -0.065768 -0.988269 -0.137840 0.169922 0.470703
  2 8.455729 -0.748146 -0.209430 0.037219 -0.814209 0.579378 0.107422 0.472656
hands.bmp
  1 7.869550 -0.955864 -1.148800 0.017649 -0.987461 -0.156876 0.171875 0.496094
  2 8.455729 -0.748146 -0.209430 0.037219 -0.814209 0.579378 0.107422 0.472656
  1 7.988515 -0.717361 -0.069373 0.218130 -0.778067 0.589093 0.095703 0.498047
hands.bmp
  30 -45.739632 1.154985 -0.996157 -0.390023 0.480262 -0.785640 0.892578 0.695313
  30 -45.757790 1.235971 -0.830894 -0.963662 0.262834 -0.047687 0.921875 0.671875
  30 -45.764595 1.284616 -0.844587 -0.606998 0.766199 -0.210934 0.923828 0.681641
hands.bmp
  30 -45.764595 1.284616 -0.844587 -0.606998 0.766199 -0.210934 0.923828 0.681641
  30 -45.757790 1.235971 -0.830894 -0.963662 0.262834 -0.047687 0.921875 0.671875
  30 -45.683376 1.235235 -0.709808 -0.294768 0.805176 0.514591 0.955078 0.689453
hands.bmp
  9 22.632133 0.871349 -1.077654 0.072467 -0.270864 -0.959886 0.876953 0.824219
  9 21.467514 0.759424 -1.101183 0.057805 -0.331678 -0.941620 0.871094 0.968750
  9 21.471764 0.978613 -1.070554 -0.048868 0.499937 -0.864682 0.892578 0.964844
hands.bmp
  9 22.632133 0.871349 -1.077654 0.072467 -0.270864 -0.959886 0.876953 0.824219
  9 21.471764 0.978613 -1.070554 -0.048868 0.499937 -0.864682 0.892578 0.964844
  9 22.607552 1.073586 -1.022906 -0.006895 0.543124 -0.839624 0.892578 0.812500
hands.bmp
  29 -44.963829 1.073597 -1.022906 0.006895 0.543125 -0.839623 0.892578 0.812500
  29 -44.988411 0.871361 -1.077654 -0.072467 -0.270865 -0.959886 0.876953 0.824219
  30 -45.413227 1.098404 -1.008800 0.022443 0.559100 -0.828797 0.894531 0.748047
hands.bmp
  29 -44.988411 0.871361 -1.077654 -0.072467 -0.270865 -0.959886 0.876953 0.824219
  30 -45.670780 1.017326 -1.022790 -0.313990 -0.208382 -0.926276 0.880859 0.691406
  30 -45.413227 1.098404 -1.008800 0.022443 0.559100 -0.828797 0.894531 0.748047
hands.bmp
  30 -45.413227 1.098404 -1.008800 0.022443 0.559100 -0.828797 0.894531 0.748047
  30 -45.670780 1.017326 -1.022790 -0.313990 -0.208382 -0.926276 0.880859 0.691406
  30 -45.739632 1.154985 -0.996157 -0.390023 0.480262 -0.785640 0.892578 0.695313
hands.bmp
  30 -45.670780 1.017326 -1.022790 -0.313990 -0.208382 -0.926276 0.880859 0.691406
  30 -45.825211 1.061275 -0.943302 -0.864733 -0.068414 -0.497550 0.896484 0.667969
  30 -45.739632 1.154985 -0.996157 -0.390023 0.480262 -0.785640 0.892578 0.695313
hands.bmp
  27 -45.061329 0.619713 -2.181614 -0.262165 -0.948450 0.178077 0.921875 0.416016
  27 -44.592125 0.658697 -2.031508 -0.245122 -0.621196 0.744333 0.906250 0.519531
  27 -45.199425 0.726364 -2.150718 -0.621719 -0.376030 0.687071 0.902344 0.394531
hands.bmp
  7 22.843147 0.726353 -2.150718 0.621710 -0.376027 0.687081 0.902344 0.394531
  7 22.813801 0.898960 -2.123390 0.341091 0.389320 0.855621 0.886719 0.394531
  6 22.182152 0.829895 -1.953821 0.221408 0.291765 0.930512 0.882813 0.531250
hands.bmp
  7 22.843147 0.726353 -2.150718 0.621710 -0.376027 0.687081 0.902344 0.394531
  6 22.182152 0.829895 -1.953821 0.221408 0.291765 0.930512 0.882813 0.531250
  7 22.235847 0.658686 -2.031508 0.245123 -0.621193 0.744335 0.906250 0.519531
hands.bmp
  27 -44.592125 0.658697 -2.031508 -0.245122 -0.621196 0.744333 0.906250 0.519531
  26 -44.427063 0.647629 -1.966958 -0.267998 -0.593343 0.759027 0.902344 0.542969
  26 -44.538429 0.829906 -1.953821 -0.221414 0.291767 0.930509 0.882813 0.531250
hands.bmp
  6 21.139553 0.778526 -1.674434 0.347895 0.264015 0.899592 0.886719 0.628906
  6 21.098251 0.577017 -1.740690 0.224074 -0.683902 0.694311 0.906250 0.634766
  6 22.070786 0.647617 -1.966958 0.267998 -0.593344 0.759025 0.902344 0.542969
hands.bmp
  6 21.139553 0.778526 -1.674434 0.347895 0.264015 0.899592 0.886719 0.628906
  6 22.070786 0.647617 -1.966958 0.267998 -0.593344 0.759025 0.902344 0.542969
  6 22.182152 0.829895 -1.953821 0.221408 0.291765 0.930512 0.882813 0.531250
hands.bmp
  19 18.857758 -0.035083 3.015453 -0.082609 -0.069334 0.994167 0.722656 0.855469
  19 18.836445 -0.176154 2.930924 -0.490071 -0.671511 0.555791 0.695313 0.875000
  19 19.027020 -0.184924 2.933007 0.360178 -0.729364 0.581636 0.679688 0.863281
hands.bmp
  19 18.857758 -0.035083 3.015453 -0.082609 -0.069334 0.994167 0.722656 0.855469
  19 19.027020 -0.184924 2.933007 0.360178 -0.729364 0.581636 0.679688 0.863281
  19 19.086426 -0.039859 3.005995 0.560890 -0.038720 0.826984 0.722656 0.841797
hands.bmp
  24 -41.542759 1.231320 -1.167403 -0.042859 0.978797 -0.200301 0.773438 0.201172
  24 -41.587143 1.063188 -1.637575 -0.074856 0.912357 -0.402494 0.769531 0.251953
  25 -42.195374 0.943671 -1.354085 -0.247403 0.963278 -0.104342 0.718750 0.224609
hands.bmp
  24 -41.542759 1.231320 -1.167403 -0.042859 0.978797 -0.200301 0.773438 0.201172
  25 -42.195374 0.943671 -1.354085 -0.247403 0.963278 -0.104342 0.718750 0.224609
  28 -42.253941 1.058248 -1.186624 -0.237859 0.722148 -0.649557 0.712891 0.208984
hands.bmp
  19 18.729977 -0.153991 2.587160 -0.758341 -0.624722 0.186123 0.697266 0.917969
  18 18.605434 -0.075662 2.117719 -0.796715 -0.591568 0.123663 0.691406 0.984375
  18 18.789486 -0.211177 2.018415 -0.188588 -0.980774 -0.050173 0.662109 0.988281
hands.bmp
  19 18.729977 -0.153991 2.587160 -0.758341 -0.624722 0.186123 0.697266 0.917969
  18 18.789486 -0.211177 2.018415 -0.188588 -0.980774 -0.050173 0.662109 0.988281
  19 18.923046 -0.284400 2.520702 -0.020477 -0.999420 0.027215 0.666016 0.916016
hands.bmp
  4 19.876930 0.968049 -1.630624 -0.017713 0.981226 -0.192045 0.712891 0.248047
  4 19.839096 0.943662 -1.354085 0.247406 0.963280 -0.104317 0.718750 0.224609
  5 20.944572 1.048957 -1.800728 0.441469 0.884523 0.150748 0.613281 0.251953
hands.bmp
  4 19.876930 0.968049 -1.630624 -0.017713 0.981226 -0.192045 0.712891 0.248047
  5 20.944572 1.048957 -1.800728 0.441469 0.884523 0.150748 0.613281 0.251953
  5 20.942093 1.030572 -1.976955 0.380871 0.828788 -0.409937 0.615234 0.273438
hands.bmp
  35 -43.660770 0.355305 -2.993901 -0.420153 0.350769 0.836919 0.970703 0.828125
  35 -43.683018 0.480391 -3.115794 -0.190400 0.913772 0.358843 0.947266 0.816406
  36 -44.186214 0.363375 -3.262484 -0.541610 0.396873 0.741047 0.966797 0.707031
hands.bmp
  35 -43.683018 0.480391 -3.115794 -0.190400 0.913772 0.358843 0.947266 0.816406
  36 -43.967285 0.432486 -3.272274 -0.171568 0.972845 0.155362 0.947266 0.748047
  36 -44.186214 0.363375 -3.262484 -0.541610 0.396873 0.741047 0.966797 0.707031
hands.bmp
  36 -44.186214 0.363375 -3.262484 -0.541610 0.396873 0.741047 0.966797 0.707031
  36 -43.967285 0.432486 -3.272274 -0.171568 0.972845 0.155362 0.947266 0.748047
  36 -44.187477 0.442194 -3.347255 -0.411085 0.884921 0.218915 0.955078 0.689453
hands.bmp
  16 21.831192 0.442183 -3.347255 0.411079 0.884924 0.218914 0.955078 0.689453
  16 21.850212 0.452765 -3.452736 0.524138 0.616109 -0.587953 0.923828 0.681641
  16 21.565784 0.455046 -3.327463 -0.090450 0.900775 -0.424762 0.919922 0.751953
hands.bmp
  16 21.831192 0.442183 -3.347255 0.411079 0.884924 0.218914 0.955078 0.689453
  16 21.565784 0.455046 -3.327463 -0.090450 0.900775 -0.424762 0.919922 0.751953
  16 21.611000 0.432474 -3.272274 0.171563 0.972846 0.155363 0.947266 0.748047
hands.bmp
  8 21.364922 0.992798 -1.091425 0.556162 0.472514 -0.683677 0.582031 0.193359
  4 19.897663 1.058238 -1.186624 0.237859 0.722146 -0.649560 0.712891 0.208984
  4 19.907661 1.154965 -1.037144 0.095482 0.955230 -0.280034 0.708984 0.187500
hands.bmp
  8 21.364922 0.992798 -1.091425 0.556162 0.472514 -0.683677 0.582031 0.193359
  4 19.907661 1.154965 -1.037144 0.095482 0.955230 -0.280034 0.708984 0.187500
  8 21.356712 1.128529 -0.912232 0.560091 0.788932 -0.252754 0.582031 0.177734
hands.bmp
  39 -41.131565 0.198869 2.616241 0.672229 0.672080 0.310511 0.740234 0.914063
  39 -41.044392 -0.002200 2.640166 0.899529 0.058875 0.432876 0.720703 0.917969
  39 -41.005016 -0.005925 2.578234 0.908327 0.022715 0.417644 0.720703 0.925781
hands.bmp
  18 18.585644 0.279374 2.110115 -0.719037 0.625920 0.302009 0.740234 0.988281
  18 18.550636 0.052337 2.121432 -0.977454 -0.049932 0.205160 0.720703 0.986328
  19 18.648735 -0.005935 2.578234 -0.908327 0.022718 0.417643 0.720703 0.925781
hands.bmp
  18 18.585644 0.279374 2.110115 -0.719037 0.625920 0.302009 0.740234 0.988281
  19 18.648735 -0.005935 2.578234 -0.908327 0.022718 0.417643 0.720703 0.925781
  19 18.775288 0.198859 2.616241 -0.672227 0.672082 0.310511 0.740234 0.914063
hands.bmp
  19 18.775288 0.198859 2.616241 -0.672227 0.672082 0.310511 0.740234 0.914063
  19 18.981064 0.328366 2.577730 0.099359 0.972324 0.211459 0.773438 0.916016
  18 18.823586 0.401101 2.071819 -0.068208 0.980918 0.182063 0.777344 0.986328
hands.bmp
  19 18.775288 0.198859 2.616241 -0.672227 0.672082 0.310511 0.740234 0.914063
  18 18.823586 0.401101 2.071819 -0.068208 0.980918 0.182063 0.777344 0.986328
  18 18.585644 0.279374 2.110115 -0.719037 0.625920 0.302009 0.740234 0.988281
hands.bmp
  27 -45.173515 0.810551 -2.461430 -0.126074 -0.288599 -0.949113 0.880859 0.691406
  27 -45.295753 0.856375 -2.418334 -0.722886 -0.096034 -0.684261 0.896484 0.667969
  27 -45.183502 0.930639 -2.448070 -0.168654 0.466564 -0.868259 0.892578 0.695313
hands.bmp
  27 -45.183502 0.930639 -2.448070 -0.168654 0.466564 -0.868259 0.892578 0.695313
  27 -45.266987 0.999336 -2.349523 -0.811331 0.539453 -0.225239 0.921875 0.671875
  27 -45.244682 1.027418 -2.353251 -0.439961 0.825569 -0.353369 0.923828 0.681641
hands.bmp
  27 -45.266987 0.999336 -2.349523 -0.811331 0.539453 -0.225239 0.921875 0.671875
  27 -45.200859 1.004204 -2.239056 -0.262741 0.906492 0.330513 0.955078 0.689453
  27 -45.244682 1.027418 -2.353251 -0.439961 0.825569 -0.353369 0.923828 0.681641
hands.bmp
  7 22.541439 0.988493 -2.260512 -0.006705 0.933570 -0.358332 0.919922 0.751953
  7 22.559406 0.980478 -2.186940 0.072065 0.976105 0.205002 0.947266 0.748047
  7 22.844582 1.004192 -2.239056 0.262745 0.906494 0.330505 0.955078 0.689453
hands.bmp
  7 22.541439 0.988493 -2.260512 -0.006705 0.933570 -0.358332 0.919922 0.751953
  7 22.844582 1.004192 -2.239056 0.262745 0.906494 0.330505 0.955078 0.689453
  7 22.888405 1.027407 -2.353251 0.439960 0.825565 -0.353381 0.923828 0.681641
hands.bmp
  8 21.364922 0.992798 -1.091425 0.556162 0.472514 -0.683677 0.582031 0.193359
  8 21.317390 0.777960 -1.167484 0.635962 -0.246989 -0.731129 0.583984 0.210938
  5 19.898346 0.848908 -1.301526 0.632390 0.659703 -0.406047 0.703125 0.216797
hands.bmp
  8 21.364922 0.992798 -1.091425 0.556162 0.472514 -0.683677 0.582031 0.193359
  5 19.898346 0.848908 -1.301526 0.632390 0.659703 -0.406047 0.703125 0.216797
  4 19.897663 1.058238 -1.186624 0.237859 0.722146 -0.649560 0.712891 0.208984
hands.bmp
  28 -42.253941 1.058248 -1.186624 -0.237859 0.722148 -0.649557 0.712891 0.208984
  28 -42.263943 1.154975 -1.037144 -0.095482 0.955230 -0.280035 0.708984 0.187500
  24 -41.542759 1.231320 -1.167403 -0.042859 0.978797 -0.200301 0.773438 0.201172
hands.bmp
  28 -42.263943 1.154975 -1.037144 -0.095482 0.955230 -0.280035 0.708984 0.187500
  28 -42.153751 1.184375 -0.779863 -0.178365 0.948073 0.263333 0.720703 0.162109
  24 -41.542759 1.231320 -1.167403 -0.042859 0.978797 -0.200301 0.773438 0.201172
hands.bmp
  4 19.174656 1.222762 -0.487412 -0.021641 0.999588 0.018843 0.777344 0.140625
  4 19.673058 1.135547 -0.573372 0.288277 0.955262 -0.066113 0.732422 0.144531
  4 19.797474 1.184365 -0.779863 0.178361 0.948072 0.263337 0.720703 0.162109
hands.bmp
  4 19.174656 1.222762 -0.487412 -0.021641 0.999588 0.018843 0.777344 0.140625
  4 19.797474 1.184365 -0.779863 0.178361 0.948072 0.263337 0.720703 0.162109
  4 19.186481 1.231311 -1.167403 0.042870 0.978783 -0.200366 0.773438 0.201172
hands.bmp
  24 -41.530937 1.222772 -0.487412 0.021660 0.999589 0.018798 0.777344 0.140625
  24 -42.029339 1.135556 -0.573372 -0.288281 0.955261 -0.066113 0.732422 0.144531
  24 -42.111725 1.274688 -0.255481 -0.033316 0.994359 -0.100699 0.726563 0.117188
hands.bmp
  19 18.775288 0.198859 2.616241 -0.672227 0.672082 0.310511 0.740234 0.914063
  19 18.688110 -0.002210 2.640166 -0.899528 0.058883 0.432876 0.720703 0.917969
  19 18.799950 -0.016820 3.004281 -0.677825 0.033826 0.734445 0.722656 0.863281
hands.bmp
  19 18.775288 0.198859 2.616241 -0.672227 0.672082 0.310511 0.740234 0.914063
  19 18.799950 -0.016820 3.004281 -0.677825 0.033826 0.734445 0.722656 0.863281
  19 18.881752 0.176694 2.960005 -0.320403 0.650471 0.688643 0.740234 0.871094
hands.bmp
  4 17.441063 -0.446774 -0.833105 0.063281 -0.985560 0.157059 0.818359 0.500000
  4 17.447399 -0.487168 -1.572042 -0.097164 -0.962083 -0.254863 0.794922 0.433594
  4 17.981884 -0.499568 -1.657318 0.024321 -0.985674 -0.166898 0.748047 0.445313
hands.bmp
  4 17.441063 -0.446774 -0.833105 0.063281 -0.985560 0.157059 0.818359 0.500000
  4 17.981884 -0.499568 -1.657318 0.024321 -0.985674 -0.166898 0.748047 0.445313
  4 17.979420 -0.365129 -0.883159 0.296556 -0.939942 0.169009 0.771484 0.507813
hands.bmp
  32 -44.202370 0.682579 0.275434 -0.199799 -0.948926 -0.244171 0.941406 0.535156
  32 -44.355438 0.984142 0.091780 -0.302478 -0.207745 -0.930241 0.968750 0.525391
  32 -43.438042 0.874979 -0.130618 -0.302448 -0.207757 -0.930249 0.970703 0.628906
hands.bmp
  32 -44.202370 0.682579 0.275434 -0.199799 -0.948926 -0.244171 0.941406 0.535156
  32 -43.438042 0.874979 -0.130618 -0.302448 -0.207757 -0.930249 0.970703 0.628906
  32 -43.365608 0.585834 0.101440 -0.110605 -0.961343 -0.252164 0.941406 0.634766
hands.bmp
  40 -39.438526 0.161761 0.167270 -0.524724 -0.320702 0.788552 0.990234 0.076172
  40 -39.419476 0.390964 0.217314 -0.603683 0.091464 0.791960 0.984375 0.085938
  37 -39.803875 0.359082 0.349373 0.656169 0.071660 0.751204 0.957031 0.070313
hands.bmp
  40 -39.438526 0.161761 0.167270 -0.524724 -0.320702 0.788552 0.990234 0.076172
  37 -39.803875 0.359082 0.349373 0.656169 0.071660 0.751204 0.957031 0.070313
  37 -39.834541 0.130704 0.331945 0.700722 -0.325559 0.634823 0.964844 0.060547
hands.bmp
  40 -39.066204 0.412890 0.242166 0.572405 0.025807 0.819565 0.322266 0.890625
  40 -39.049561 0.632276 0.182219 0.571509 0.363214 0.735835 0.335938 0.890625
  40 -39.059303 0.623006 0.252357 0.623501 0.331479 0.708074 0.339844 0.882813
hands.bmp
  4 17.440395 -0.355992 -0.348587 -0.057784 -0.927157 0.370190 0.833984 0.541016
  17 17.499073 -0.050603 0.196676 -0.494148 -0.760928 0.420484 0.847656 0.587891
  20 17.078056 -0.009091 0.016955 0.508162 -0.631439 0.585709 0.873047 0.560547
hands.bmp
  4 17.440395 -0.355992 -0.348587 -0.057784 -0.927157 0.370190 0.833984 0.541016
  20 17.078056 -0.009091 0.016955 0.508162 -0.631439 0.585709 0.873047 0.560547
  20 17.124329 -0.276185 -0.312772 0.587953 -0.672041 0.450190 0.859375 0.531250
hands.bmp
  24 -39.796673 -0.355983 -0.348587 0.057784 -0.927157 0.370191 0.833984 0.541016
  37 -39.855350 -0.050593 0.196676 0.494146 -0.760931 0.420481 0.847656 0.587891
  24 -40.397366 -0.335429 -0.367294 -0.142521 -0.989594 -0.019783 0.785156 0.562500
hands.bmp
  37 -39.855350 -0.050593 0.196676 0.494146 -0.760931 0.420481 0.847656 0.587891
  37 -40.635769 -0.449197 0.297989 -0.003412 -0.999343 -0.036084 0.791016 0.621094
  24 -40.397366 -0.335429 -0.367294 -0.142521 -0.989594 -0.019783 0.785156 0.562500
hands.bmp
  24 -40.397366 -0.335429 -0.367294 -0.142521 -0.989594 -0.019783 0.785156 0.562500
  37 -40.635769 -0.449197 0.297989 -0.003412 -0.999343 -0.036084 0.791016 0.621094
  24 -41.320160 0.094586 -0.177459 -0.510023 -0.858929 -0.046021 0.710938 0.607422
hands.bmp
  17 18.976620 -0.069877 0.650865 0.742887 -0.661645 -0.101709 0.738281 0.673828
  17 18.436924 -0.395598 0.761930 0.051384 -0.990105 0.130586 0.792969 0.664063
  17 18.279491 -0.449206 0.297989 0.003411 -0.999343 -0.036084 0.791016 0.621094
hands.bmp
  17 18.976620 -0.069877 0.650865 0.742887 -0.661645 -0.101709 0.738281 0.673828
  17 18.279491 -0.449206 0.297989 0.003411 -0.999343 -0.036084 0.791016 0.621094
  4 18.963879 0.094577 -0.177459 0.510019 -0.858931 -0.046023 0.710938 0.607422
hands.bmp
  24 -41.320160 0.094586 -0.177459 -0.510023 -0.858929 -0.046021 0.710938 0.607422
  37 -41.332897 -0.069867 0.650865 -0.742893 -0.661637 -0.101714 0.738281 0.673828
  37 -41.468891 0.265853 0.564847 -0.903543 -0.385146 0.187810 0.718750 0.671875
hands.bmp
  31 -41.842659 0.873017 0.348126 -0.253190 0.424610 0.869253 0.763672 0.062500
  37 -41.202484 0.913901 0.583818 -0.270799 0.818128 0.507282 0.814453 0.042969
  24 -41.445663 1.157117 0.080583 0.032447 0.932312 0.360197 0.789063 0.089844
hands.bmp
  31 -41.842659 0.873017 0.348126 -0.253190 0.424610 0.869253 0.763672 0.062500
  24 -41.445663 1.157117 0.080583 0.032447 0.932312 0.360197 0.789063 0.089844
  24 -42.055965 1.194558 0.046958 0.024416 0.848827 0.528107 0.734375 0.089844
hands.bmp
  25 -43.376587 0.829517 -1.576886 -0.703350 0.283595 0.651823 0.498047 0.574219
  25 -43.312786 0.529201 -1.638854 -0.642170 -0.542056 0.542027 0.496094 0.550781
  25 -42.641151 0.409156 -1.509630 -0.468253 -0.611094 0.638203 0.562500 0.533203
hands.bmp
  25 -43.312786 0.529201 -1.638854 -0.642170 -0.542056 0.542027 0.496094 0.550781
  25 -43.259876 0.444484 -1.911295 -0.632566 -0.725040 -0.272355 0.488281 0.519531
  25 -42.641151 0.409156 -1.509630 -0.468253 -0.611094 0.638203 0.562500 0.533203
hands.bmp
  25 -42.641151 0.409156 -1.509630 -0.468253 -0.611094 0.638203 0.562500 0.533203
  25 -43.259876 0.444484 -1.911295 -0.632566 -0.725040 -0.272355 0.488281 0.519531
  25 -42.399460 0.234544 -1.699104 -0.365400 -0.886280 -0.284589 0.568359 0.507813
hands.bmp
  5 20.043182 0.234534 -1.699104 0.365395 -0.886284 -0.284583 0.568359 0.507813
  4 19.755650 0.604211 -1.926282 0.694209 0.416769 -0.586837 0.568359 0.482422
  5 20.907440 0.604295 -2.166920 0.412644 -0.282294 -0.866046 0.482422 0.494141
hands.bmp
  5 20.043182 0.234534 -1.699104 0.365395 -0.886284 -0.284583 0.568359 0.507813
  5 20.907440 0.604295 -2.166920 0.412644 -0.282294 -0.866046 0.482422 0.494141
  5 20.903591 0.444474 -1.911295 0.632613 -0.725004 -0.272342 0.488281 0.519531
hands.bmp
  40 -39.141956 0.007684 0.022691 0.481148 -0.632387 0.607111 0.279297 0.890625
  40 -39.087284 -0.066915 0.051789 0.657605 -0.559664 0.504314 0.283203 0.886719
  40 -39.118671 -0.275008 -0.268073 0.663141 -0.657060 0.358491 0.242188 0.886719
hands.bmp
  40 -39.141956 0.007684 0.022691 0.481148 -0.632387 0.607111 0.279297 0.890625
  40 -39.118671 -0.275008 -0.268073 0.663141 -0.657060 0.358491 0.242188 0.886719
  40 -39.137455 -0.253436 -0.297771 0.516907 -0.749464 0.413656 0.238281 0.890625
hands.bmp
  11 19.833210 0.855504 0.275996 0.033510 0.247695 0.968258 0.722656 0.066406
  11 19.884666 0.592286 0.244879 0.078979 -0.684648 0.724582 0.710938 0.041016
  11 20.770626 0.689982 0.337286 0.216090 -0.591719 0.776643 0.644531 0.031250
hands.bmp
  11 19.833210 0.855504 0.275996 0.033510 0.247695 0.968258 0.722656 0.066406
  11 20.770626 0.689982 0.337286 0.216090 -0.591719 0.776643 0.644531 0.031250
  11 20.793049 0.952519 0.406356 0.258394 0.231825 0.937811 0.636719 0.050781
hands.bmp
  18 18.354279 0.029143 1.746858 -0.860338 -0.279571 0.426214 0.568359 0.931641
  18 18.540810 -0.016505 2.167957 -0.016024 -0.242385 0.970048 0.548828 0.980469
  18 18.497108 0.097795 2.134399 -0.517029 0.130974 0.845888 0.542969 0.978516
hands.bmp
  18 18.354279 0.029143 1.746858 -0.860338 -0.279571 0.426214 0.568359 0.931641
  18 18.497108 0.097795 2.134399 -0.517029 0.130974 0.845888 0.542969 0.978516
  18 18.321266 0.124755 1.707253 -0.857740 0.199972 0.473596 0.560547 0.931641
hands.bmp
  23 -35.319756 -0.850707 -1.406878 -0.103782 -0.970253 -0.218721 0.183594 0.232422
  23 -37.239197 -0.651688 -1.390907 -0.110522 -0.979581 -0.167949 0.183594 0.121094
  23 -37.255512 -0.492336 -1.630992 -0.085337 -0.812185 -0.577125 0.205078 0.125000
hands.bmp
  23 -35.319756 -0.850707 -1.406878 -0.103782 -0.970253 -0.218721 0.183594 0.232422
  23 -37.255512 -0.492336 -1.630992 -0.085337 -0.812185 -0.577125 0.205078 0.125000
  23 -35.400433 -0.302711 -2.196430 -0.118051 -0.551323 -0.825898 0.236328 0.236328
hands.bmp
  20 17.043480 1.212220 -0.851954 0.651001 0.758264 -0.035128 0.460938 0.169922
  20 17.086971 1.015168 -1.371646 0.619769 0.685900 -0.381349 0.470703 0.234375
  20 16.735081 1.027184 -1.386791 -0.564043 0.720677 -0.403088 0.513672 0.228516
hands.bmp
  20 17.043480 1.212220 -0.851954 0.651001 0.758264 -0.035128 0.460938 0.169922
  20 16.735081 1.027184 -1.386791 -0.564043 0.720677 -0.403088 0.513672 0.228516
  20 16.700027 1.234931 -0.816955 -0.623946 0.779215 -0.059289 0.503906 0.158203
hands.bmp
  32 -43.424248 1.054806 -0.060820 -0.207927 0.526764 -0.824188 0.892578 0.964844
  32 -44.369377 1.114424 0.152879 -0.207945 0.526766 -0.824182 0.892578 0.812500
  32 -44.334629 1.241405 0.295946 -0.081262 0.958988 -0.271549 0.919922 0.812500
hands.bmp
  32 -43.424248 1.054806 -0.060820 -0.207927 0.526764 -0.824188 0.892578 0.964844
  32 -44.334629 1.241405 0.295946 -0.081262 0.958988 -0.271549 0.919922 0.812500
  32 -43.379028 1.190655 0.078823 -0.081243 0.958986 -0.271562 0.917969 0.962891
hands.bmp
  20 16.366840 -0.547326 -0.544280 -0.708409 -0.617819 -0.341257 0.589844 0.730469
  20 16.368900 -0.386727 -0.193990 -0.811252 -0.501846 0.300035 0.601563 0.753906
  20 16.404434 -0.323691 -0.223385 -0.890660 0.361066 -0.276328 0.603516 0.750000
hands.bmp
  20 16.366840 -0.547326 -0.544280 -0.708409 -0.617819 -0.341257 0.589844 0.730469
  20 16.404434 -0.323691 -0.223385 -0.890660 0.361066 -0.276328 0.603516 0.750000
  20 16.393707 -0.505052 -0.553830 -0.729706 0.142093 -0.668834 0.593750 0.730469
hands.bmp
  17 17.478264 0.130694 0.331945 -0.700722 -0.325558 0.634824 0.964844 0.060547
  20 17.082249 0.161752 0.167270 0.524721 -0.320703 0.788554 0.990234 0.076172
  20 17.078056 -0.009091 0.016955 0.508162 -0.631439 0.585709 0.994141 0.068359
hands.bmp
  17 17.478264 0.130694 0.331945 -0.700722 -0.325558 0.634824 0.964844 0.060547
  20 17.078056 -0.009091 0.016955 0.508162 -0.631439 0.585709 0.994141 0.068359
  17 17.499073 -0.050603 0.196676 -0.494148 -0.760928 0.420484 0.970703 0.052734
hands.bmp
  17 17.447598 0.359073 0.349373 -0.656172 0.071672 0.751200 0.957031 0.070313
  20 17.063194 0.390954 0.217314 0.603692 0.091478 0.791952 0.984375 0.085938
  20 17.082249 0.161752 0.167270 0.524721 -0.320703 0.788554 0.990234 0.076172
hands.bmp
  17 17.447598 0.359073 0.349373 -0.656172 0.071672 0.751200 0.957031 0.070313
  20 17.082249 0.161752 0.167270 0.524721 -0.320703 0.788554 0.990234 0.076172
  17 17.478264 0.130694 0.331945 -0.700722 -0.325558 0.634824 0.964844 0.060547
hands.bmp
  17 17.443462 0.552913 0.269318 -0.459379 0.511387 0.726261 0.951172 0.076172
  20 17.068230 0.592008 0.147658 0.588937 0.397679 0.703566 0.982422 0.091797
  20 17.063194 0.390954 0.217314 0.603692 0.091478 0.791952 0.984375 0.085938
hands.bmp
  17 17.443462 0.552913 0.269318 -0.459379 0.511387 0.726261 0.951172 0.076172
  20 17.063194 0.390954 0.217314 0.603692 0.091478 0.791952 0.984375 0.085938
  17 17.447598 0.359073 0.349373 -0.656172 0.071672 0.751200 0.957031 0.070313
hands.bmp
  7 22.915802 0.925840 -2.209258 0.821712 0.359359 0.442324 0.955078 0.673828
  7 22.979530 0.895971 -2.332735 0.974775 0.116063 -0.190636 0.923828 0.662109
  7 22.910709 0.999325 -2.349523 0.811342 0.539441 -0.225231 0.921875 0.671875
hands.bmp
  7 22.915802 0.925840 -2.209258 0.821712 0.359359 0.442324 0.955078 0.673828
  7 22.910709 0.999325 -2.349523 0.811342 0.539441 -0.225231 0.921875 0.671875
  7 22.844582 1.004192 -2.239056 0.262745 0.906494 0.330505 0.955078 0.689453
hands.bmp
  1 7.766589 -0.384229 -2.223988 -0.093539 -0.608775 -0.787810 0.232422 0.501953
  1 7.696445 0.462259 -2.660836 -0.082939 -0.068211 -0.994217 0.277344 0.503906
  2 8.488303 0.544964 -2.543225 0.049914 0.132186 -0.989967 0.277344 0.472656
hands.bmp
  1 7.766589 -0.384229 -2.223988 -0.093539 -0.608775 -0.787810 0.232422 0.501953
  2 8.488303 0.544964 -2.543225 0.049914 0.132186 -0.989967 0.277344 0.472656
  2 8.485705 -0.474299 -2.290248 -0.089616 -0.600954 -0.794244 0.226563 0.472656
hands.bmp
  22 -30.947113 0.974241 0.359826 0.062204 0.368437 0.927569 0.470488 0.477406
  22 -30.873463 1.641897 -0.304562 0.067455 0.882951 0.464593 0.427734 0.476563
  22 -33.684799 1.794949 -0.332206 -0.029530 0.890565 0.453897 0.423828 0.335938
hands.bmp
  22 -30.947113 0.974241 0.359826 0.062204 0.368437 0.927569 0.470488 0.477406
  22 -33.684799 1.794949 -0.332206 -0.029530 0.890565 0.453897 0.423828 0.335938
  22 -33.668274 1.046925 0.349766 -0.013892 0.371570 0.928301 0.470488 0.334827
hands.bmp
  2 11.249698 0.437897 -2.531572 0.062447 0.132719 -0.989185 0.279297 0.341797
  3 13.105897 0.327097 -2.356500 0.136190 0.132710 -0.981754 0.267578 0.234375
  3 13.044152 -0.302718 -2.196430 0.118049 -0.551323 -0.825898 0.236328 0.236328
hands.bmp
  2 11.249698 0.437897 -2.531572 0.062447 0.132719 -0.989185 0.279297 0.341797
  3 13.044152 -0.302718 -2.196430 0.118049 -0.551323 -0.825898 0.236328 0.236328
  2 11.158484 -0.491968 -2.341490 0.042050 -0.580280 -0.813331 0.228516 0.341797
hands.bmp
  3 14.914821 -0.302934 -1.851176 0.102407 -0.651861 -0.751392 0.222656 0.126953
  3 13.044152 -0.302718 -2.196430 0.118049 -0.551323 -0.825898 0.236328 0.236328
  3 13.105897 0.327097 -2.356500 0.136190 0.132710 -0.981754 0.267578 0.234375
hands.bmp
  3 14.914821 -0.302934 -1.851176 0.102407 -0.651861 -0.751392 0.222656 0.126953
  3 13.105897 0.327097 -2.356500 0.136190 0.132710 -0.981754 0.267578 0.234375
  3 14.917144 -0.043284 -1.971910 0.131989 -0.269747 -0.953843 0.240234 0.128906
hands.bmp
  23 -35.462177 0.327105 -2.356500 -0.136194 0.132712 -0.981753 0.267578 0.234375
  23 -37.273422 -0.043277 -1.971910 -0.132303 -0.269722 -0.953806 0.240234 0.128906
  23 -37.351250 0.477066 -1.981124 -0.179007 0.319663 -0.930469 0.271484 0.128906
hands.bmp
  35 -42.848045 0.053918 -2.778824 0.034675 -0.959476 -0.279649 0.941406 0.634766
  34 -42.764793 0.185811 -2.904141 0.389511 -0.544294 -0.742984 0.972656 0.640625
  34 -42.792561 0.006684 -2.730524 0.024087 -0.968352 -0.248425 0.941406 0.646484
hands.bmp
  22 -33.622189 0.086759 0.371189 -0.023466 -0.313449 0.949315 0.068359 0.328125
  22 -30.871788 0.043846 0.350289 0.010916 -0.283827 0.958813 0.058594 0.472656
  22 -30.947113 0.974241 0.359826 0.062204 0.368437 0.927569 0.015625 0.474609
hands.bmp
  22 -33.622189 0.086759 0.371189 -0.023466 -0.313449 0.949315 0.068359 0.328125
  22 -30.947113 0.974241 0.359826 0.062204 0.368437 0.927569 0.015625 0.474609
  22 -33.668274 1.046925 0.349766 -0.013892 0.371570 0.928301 0.025391 0.328125
hands.bmp
  10 22.973022 1.203283 -0.845849 -0.060184 0.963398 -0.261234 0.919922 0.751953
  10 23.408318 1.284605 -0.844587 0.606991 0.766204 -0.210936 0.923828 0.681641
  10 23.383354 1.154974 -0.996157 0.389970 0.480262 -0.785667 0.892578 0.695313
hands.bmp
  10 22.973022 1.203283 -0.845849 -0.060184 0.963398 -0.261234 0.919922 0.751953
  10 23.383354 1.154974 -0.996157 0.389970 0.480262 -0.785667 0.892578 0.695313
  10 23.056950 1.098392 -1.008800 -0.022443 0.559097 -0.828798 0.894531 0.748047
hands.bmp
  35 -42.848045 0.053918 -2.778824 0.034675 -0.959476 -0.279649 0.941406 0.634766
  35 -42.825092 0.181376 -2.949201 0.378478 -0.475327 -0.794241 0.970703 0.628906
  34 -42.764793 0.185811 -2.904141 0.389511 -0.544294 -0.742984 0.972656 0.640625
hands.bmp
  18 18.971779 0.390437 1.556430 0.714576 0.693140 0.094538 0.470703 0.919922
  18 19.115204 0.159602 1.531044 0.973649 0.221455 -0.054460 0.443359 0.919922
  18 19.058567 0.222554 0.922250 0.998441 -0.055159 0.008535 0.429688 0.873047
hands.bmp
  18 18.971779 0.390437 1.556430 0.714576 0.693140 0.094538 0.470703 0.919922
  18 19.058567 0.222554 0.922250 0.998441 -0.055159 0.008535 0.429688 0.873047
  18 18.999416 0.510528 1.002701 0.780350 0.596189 0.188712 0.460938 0.865234
hands.bmp
  27 -44.893776 0.878977 -2.418273 0.135060 0.429521 -0.892900 0.894531 0.748047
  26 -44.442986 0.905243 -2.342300 0.173445 0.407599 -0.896538 0.892578 0.812500
  26 -44.397064 0.701794 -2.342412 0.145710 -0.347803 -0.926176 0.876953 0.824219
hands.bmp
  27 -44.893776 0.878977 -2.418273 0.135060 0.429521 -0.892900 0.894531 0.748047
  26 -44.397064 0.701794 -2.342412 0.145710 -0.347803 -0.926176 0.876953 0.824219
  27 -45.173515 0.810551 -2.461430 -0.126074 -0.288599 -0.949113 0.880859 0.691406
hands.bmp
  27 -44.893776 0.878977 -2.418273 0.135060 0.429521 -0.892900 0.894531 0.748047
  27 -45.173515 0.810551 -2.461430 -0.126074 -0.288599 -0.949113 0.880859 0.691406
  27 -45.183502 0.930639 -2.448070 -0.168654 0.466564 -0.868259 0.892578 0.695313
hands.bmp
  7 22.541439 0.988493 -2.260512 -0.006705 0.933570 -0.358332 0.919922 0.751953
  7 22.888405 1.027407 -2.353251 0.439960 0.825565 -0.353381 0.923828 0.681641
  7 22.827225 0.930628 -2.448070 0.168655 0.466563 -0.868260 0.892578 0.695313
hands.bmp
  7 22.541439 0.988493 -2.260512 -0.006705 0.933570 -0.358332 0.919922 0.751953
  7 22.827225 0.930628 -2.448070 0.168655 0.466563 -0.868260 0.892578 0.695313
  7 22.537498 0.878965 -2.418273 -0.135061 0.429524 -0.892898 0.894531 0.748047
hands.bmp
  18 18.398209 -0.065322 1.719534 -0.721735 -0.572924 0.388404 0.759766 0.728516
  18 18.062096 -0.055774 1.277903 -0.700720 -0.513306 0.495489 0.738281 0.779297
  18 18.544727 -0.330829 1.211459 0.009805 -0.994161 0.107459 0.785156 0.771484
hands.bmp
  18 18.398209 -0.065322 1.719534 -0.721735 -0.572924 0.388404 0.759766 0.728516
  18 18.544727 -0.330829 1.211459 0.009805 -0.994161 0.107459 0.785156 0.771484
  18 18.670158 -0.265672 1.678280 -0.119659 -0.990335 0.070128 0.783203 0.724609
hands.bmp
  18 18.766525 -0.269870 2.059983 0.115490 -0.681130 0.722997 0.783203 0.685547
  18 18.605434 -0.075662 2.117719 -0.700698 -0.513335 0.495489 0.767578 0.683594
  18 18.398209 -0.065322 1.719534 -0.721735 -0.572924 0.388404 0.759766 0.728516
hands.bmp
  18 18.766525 -0.269870 2.059983 0.115490 -0.681130 0.722997 0.783203 0.685547
  18 18.398209 -0.065322 1.719534 -0.721735 -0.572924 0.388404 0.759766 0.728516
  18 18.670158 -0.265672 1.678280 -0.119659 -0.990335 0.070128 0.783203 0.724609
hands.bmp
  38 -41.145763 -0.211167 2.018415 0.188588 -0.980774 -0.050181 0.662109 0.988281
  38 -40.961712 -0.075652 2.117719 0.796719 -0.591564 0.123659 0.691406 0.984375
  39 -41.086258 -0.153981 2.587160 0.758340 -0.624723 0.186125 0.697266 0.917969
hands.bmp
  38 -41.145763 -0.211167 2.018415 0.188588 -0.980774 -0.050181 0.662109 0.988281
  39 -41.086258 -0.153981 2.587160 0.758340 -0.624723 0.186125 0.697266 0.917969
  39 -41.279327 -0.284390 2.520702 0.020475 -0.999420 0.027202 0.666016 0.916016
hands.bmp
  18 18.670158 -0.265672 1.678280 -0.119659 -0.990335 0.070128 0.783203 0.724609
  18 18.544727 -0.330829 1.211459 0.009805 -0.994161 0.107459 0.785156 0.771484
  18 18.942623 -0.127316 1.037794 0.718830 -0.681005 -0.139695 0.839844 0.775391
hands.bmp
  18 18.670158 -0.265672 1.678280 -0.119659 -0.990335 0.070128 0.783203 0.724609
  18 18.942623 -0.127316 1.037794 0.718830 -0.681005 -0.139695 0.839844 0.775391
  18 19.000584 -0.127330 1.570186 0.679224 -0.720592 -0.139286 0.830078 0.724609
hands.bmp
  25 -42.470776 0.416213 -1.203815 -0.890554 -0.453435 -0.036201 0.580078 0.560547
  24 -42.050049 0.271640 -1.028584 -0.280965 -0.929370 0.239438 0.623047 0.552734
  28 -42.596333 0.399518 -0.889947 -0.262547 -0.941944 -0.209308 0.578125 0.583984
hands.bmp
  2 11.311996 1.046917 0.349766 0.013892 0.371570 0.928301 0.025391 0.328125
  2 11.265910 0.086751 0.371189 0.023467 -0.313449 0.949315 0.068359 0.328125
  3 13.070025 0.114827 0.254199 0.053192 -0.395318 0.917003 0.080078 0.222656
hands.bmp
  2 11.311996 1.046917 0.349766 0.013892 0.371570 0.928301 0.025391 0.328125
  3 13.070025 0.114827 0.254199 0.053192 -0.395318 0.917003 0.080078 0.222656
  3 13.184112 0.865618 0.335428 0.058558 0.312600 0.948078 0.042969 0.218750
hands.bmp
  37 -40.243279 0.854173 0.418742 0.419288 0.747698 0.514923 0.906250 0.062500
  37 -40.349155 0.673261 0.732207 0.487010 0.702819 0.518523 0.894531 0.033203
  37 -40.167194 0.297988 0.859731 0.738516 0.296174 0.605703 0.923828 0.027344
hands.bmp
  37 -40.243279 0.854173 0.418742 0.419288 0.747698 0.514923 0.906250 0.062500
  37 -40.167194 0.297988 0.859731 0.738516 0.296174 0.605703 0.923828 0.027344
  37 -39.799744 0.552922 0.269318 0.459382 0.511384 0.726261 0.951172 0.076172
hands.bmp
  11 20.127541 0.522384 -0.031573 0.271585 -0.942797 -0.193328 0.615234 0.648438
  11 19.884666 0.592286 0.244879 0.078979 -0.684648 0.724582 0.644531 0.673828
  4 19.638611 0.394626 -0.462254 0.296547 -0.939938 0.169043 0.644531 0.607422
hands.bmp
  11 20.127541 0.522384 -0.031573 0.271585 -0.942797 -0.193328 0.615234 0.648438
  4 19.638611 0.394626 -0.462254 0.296547 -0.939938 0.169043 0.644531 0.607422
  8 20.052433 0.528615 -0.395850 0.822682 -0.521618 0.226074 0.613281 0.625000
hands.bmp
  27 -45.335808 0.895983 -2.332735 -0.974775 0.116065 -0.190635 0.923828 0.367188
  27 -45.295753 0.856375 -2.418334 -0.722886 -0.096034 -0.684261 0.947266 0.371094
  27 -45.180027 0.673862 -2.322959 -0.415134 -0.758101 -0.502939 0.939453 0.396484
hands.bmp
  27 -45.335808 0.895983 -2.332735 -0.974775 0.116065 -0.190635 0.923828 0.367188
  27 -45.180027 0.673862 -2.322959 -0.415134 -0.758101 -0.502939 0.939453 0.396484
  27 -45.248032 0.701824 -2.250893 -0.837080 -0.546861 -0.015505 0.923828 0.386719
hands.bmp
  31 -43.201859 0.577491 0.047070 -0.404285 -0.900901 -0.157894 0.554688 0.681641
  31 -43.126904 0.689992 0.337286 -0.216093 -0.591711 0.776648 0.576172 0.708984
  31 -43.261272 0.616612 0.087565 -0.697168 -0.709265 0.104404 0.552734 0.685547
hands.bmp
  31 -43.126904 0.689992 0.337286 -0.216093 -0.591711 0.776648 0.576172 0.708984
  31 -43.162601 0.727962 0.300087 -0.533132 -0.530912 0.658712 0.570313 0.708984
  31 -43.261272 0.616612 0.087565 -0.697168 -0.709265 0.104404 0.552734 0.685547
hands.bmp
  24 -39.791061 0.983878 -1.429947 0.179562 0.866670 -0.465446 0.933594 0.238281
  24 -40.130226 1.045346 -1.483719 0.143243 0.907395 -0.395116 0.902344 0.242188
  24 -39.817230 1.116235 -0.914585 0.066837 0.995627 -0.065263 0.929688 0.185547
hands.bmp
  40 -38.921608 0.020192 -0.070533 -0.028696 -0.714971 0.698565 0.101563 0.025391
  23 -37.285461 -0.308165 -0.300059 -0.076275 -0.797440 0.598558 0.121094 0.117188
  23 -37.325279 0.102876 -0.019951 -0.053636 -0.511977 0.857323 0.099609 0.113281
hands.bmp
  40 -38.921608 0.020192 -0.070533 -0.028696 -0.714971 0.698565 0.101563 0.025391
  23 -37.325279 0.102876 -0.019951 -0.053636 -0.511977 0.857323 0.099609 0.113281
  40 -38.864258 0.206182 0.088901 0.010117 -0.477853 0.878382 0.085938 0.021484
hands.bmp
  4 17.434780 0.983869 -1.429947 -0.179562 0.866671 -0.465445 0.933594 0.238281
  4 17.429871 0.600083 -1.881039 -0.299085 0.571559 -0.764113 0.933594 0.273438
  20 17.031689 0.529313 -1.793176 0.681086 0.449320 -0.578130 0.962891 0.265625
hands.bmp
  4 17.434780 0.983869 -1.429947 -0.179562 0.866671 -0.465445 0.933594 0.238281
  20 17.031689 0.529313 -1.793176 0.681086 0.449320 -0.578130 0.962891 0.265625
  20 17.031654 0.950555 -1.352545 0.633822 0.698013 -0.333239 0.964844 0.230469
hands.bmp
  20 16.758175 -0.024184 -2.017978 -0.575559 -0.028936 -0.817248 0.025391 0.888672
  20 16.821468 -0.199714 -1.957287 -0.557887 -0.447326 -0.699043 0.042969 0.888672
  20 16.357727 -0.286912 -2.014213 -0.100552 -0.468588 -0.877675 0.039063 0.945313
hands.bmp
  20 16.758175 -0.024184 -2.017978 -0.575559 -0.028936 -0.817248 0.025391 0.888672
  20 16.357727 -0.286912 -2.014213 -0.100552 -0.468588 -0.877675 0.039063 0.945313
  20 16.340286 -0.057561 -2.074158 -0.155669 -0.049728 -0.986557 0.021484 0.945313
hands.bmp
  40 -39.114456 -0.024175 -2.017978 0.575615 -0.028959 -0.817208 0.025391 0.888672
  40 -39.177746 -0.199704 -1.957287 0.557894 -0.447225 -0.699102 0.042969 0.888672
  40 -39.141506 -0.242721 -1.987880 0.529040 -0.469012 -0.707208 0.039063 0.882813
hands.bmp
  6 21.041176 0.858482 -2.117411 -0.118641 0.416830 -0.901209 0.892578 0.964844
  6 22.086708 0.905231 -2.342300 -0.173446 0.407599 -0.896538 0.892578 0.812500
  6 22.040787 0.701782 -2.342412 -0.145710 -0.347802 -0.926176 0.876953 0.824219
hands.bmp
  6 21.041176 0.858482 -2.117411 -0.118641 0.416830 -0.901209 0.892578 0.964844
  6 22.040787 0.701782 -2.342412 -0.145710 -0.347802 -0.926176 0.876953 0.824219
  6 21.014404 0.633513 -2.125888 -0.147406 -0.391405 -0.908335 0.871094 0.968750
hands.bmp
  40 -39.188290 -0.359403 -1.807337 0.518501 -0.668031 -0.533752 0.060547 0.888672
  40 -39.170738 -0.551454 -1.617840 0.565693 -0.774699 -0.282547 0.082031 0.884766
  40 -39.142876 -0.413184 -1.838081 0.518517 -0.668065 -0.533695 0.058594 0.882813
hands.bmp
  40 -39.145798 -0.413199 -0.677912 0.694006 -0.708587 0.127515 0.197266 0.892578
  40 -38.830002 -0.588891 -0.762794 0.022984 -0.775219 0.631275 0.181641 0.945313
  40 -38.740444 -0.596044 -0.774119 0.742452 -0.409299 0.530320 0.187500 0.947266
hands.bmp
  40 -39.145798 -0.413199 -0.677912 0.694006 -0.708587 0.127515 0.197266 0.892578
  40 -38.740444 -0.596044 -0.774119 0.742452 -0.409299 0.530320 0.187500 0.947266
  40 -38.767311 -0.553767 -0.783667 0.746235 0.475942 0.465417 0.195313 0.943359
hands.bmp
  40 -39.145798 -0.413199 -0.677912 0.694006 -0.708587 0.127515 0.197266 0.892578
  40 -38.767311 -0.553767 -0.783667 0.746235 0.475942 0.465417 0.195313 0.943359
  40 -39.051903 -0.360501 -0.719220 0.842472 0.532156 -0.083971 0.197266 0.914063
hands.bmp
  20 16.436466 -0.541766 -0.533251 -0.027062 -0.974311 -0.223575 0.205078 0.941406
  20 16.393707 -0.505052 -0.553830 -0.729706 0.142093 -0.668834 0.197266 0.943359
  20 16.695625 -0.360511 -0.719220 -0.842465 0.532168 -0.083965 0.197266 0.914063
hands.bmp
  20 16.436466 -0.541766 -0.533251 -0.027062 -0.974311 -0.223575 0.205078 0.941406
  20 16.695625 -0.360511 -0.719220 -0.842465 0.532168 -0.083965 0.197266 0.914063
  20 16.789520 -0.413209 -0.677912 -0.694025 -0.708568 0.127518 0.197266 0.892578
hands.bmp
  40 -38.791504 -0.621932 -1.373471 -0.017213 -0.998445 -0.053014 0.724609 0.771484
  40 -38.742943 -0.595662 -1.624174 0.014713 -0.939572 -0.342034 0.714844 0.791016
  40 -38.702129 -0.588895 -1.614762 0.796757 -0.589596 -0.132496 0.710938 0.785156
hands.bmp
  40 -38.791504 -0.621932 -1.373471 -0.017213 -0.998445 -0.053014 0.724609 0.771484
  40 -38.702129 -0.588895 -1.614762 0.796757 -0.589596 -0.132496 0.710938 0.785156
  40 -38.711620 -0.628316 -1.364650 0.808415 -0.588532 0.009719 0.720703 0.767578
hands.bmp
  40 -39.099060 0.365340 0.312590 0.634328 -0.015193 0.772915 0.326172 0.884766
  40 -39.066204 0.412890 0.242166 0.572405 0.025807 0.819565 0.322266 0.890625
  40 -39.059303 0.623006 0.252357 0.623501 0.331479 0.708074 0.339844 0.882813
hands.bmp
  29 -43.742077 0.680107 -0.665833 -0.009162 -0.686252 0.727306 0.906250 0.634766
  28 -43.658859 0.679308 -0.681020 0.014335 -0.736417 0.676376 0.904297 0.646484
  28 -43.659683 0.952009 -0.572240 -0.101497 0.340695 0.934679 0.880859 0.644531
hands.bmp
  29 -43.742077 0.680107 -0.665833 -0.009162 -0.686252 0.727306 0.906250 0.634766
  28 -43.659683 0.952009 -0.572240 -0.101497 0.340695 0.934679 0.880859 0.644531
  28 -43.746143 0.887342 -0.569196 -0.022159 0.292335 0.956059 0.886719 0.628906
hands.bmp
  20 16.995331 -0.607438 -0.655161 0.057132 -0.563247 -0.824311 0.388672 0.916016
  20 16.924911 -0.603030 -0.666188 0.057181 -0.563257 -0.824301 0.365234 0.902344
  20 16.961887 -0.559945 -0.685588 0.057208 -0.563242 -0.824309 0.365234 0.875000
hands.bmp
  20 16.995331 -0.607438 -0.655161 0.057132 -0.563247 -0.824311 0.388672 0.916016
  20 16.961887 -0.559945 -0.685588 0.057208 -0.563242 -0.824309 0.365234 0.875000
  20 17.012520 -0.565932 -0.684854 0.057170 -0.563254 -0.824304 0.412109 0.875000
hands.bmp
  36 -44.212696 0.167093 -3.360830 -0.724613 -0.678186 -0.122475 0.923828 0.386719
  36 -44.024700 0.135771 -3.259459 -0.250116 -0.923442 0.291027 0.921875 0.416016
  36 -44.200710 0.193922 -3.271183 -0.723617 -0.369320 0.583080 0.902344 0.394531
hands.bmp
  36 -44.024700 0.135771 -3.259459 -0.250116 -0.923442 0.291027 0.921875 0.416016
  36 -43.740223 0.198643 -3.073129 -0.417021 -0.538287 0.732353 0.906250 0.519531
  36 -44.200710 0.193922 -3.271183 -0.723617 -0.369320 0.583080 0.902344 0.394531
hands.bmp
  16 21.844425 0.193911 -3.271183 0.723615 -0.369315 0.583085 0.902344 0.394531
  16 21.829929 0.363363 -3.262484 0.541610 0.396876 0.741046 0.886719 0.394531
  15 21.304485 0.355293 -2.993901 0.420152 0.350766 0.836920 0.882813 0.531250
hands.bmp
  16 21.844425 0.193911 -3.271183 0.723615 -0.369315 0.583085 0.902344 0.394531
  15 21.304485 0.355293 -2.993901 0.420152 0.350766 0.836920 0.882813 0.531250
  16 21.383938 0.198631 -3.073129 0.417014 -0.538293 0.732352 0.906250 0.519531
hands.bmp
  36 -43.740223 0.198643 -3.073129 -0.417021 -0.538287 0.732353 0.906250 0.519531
  35 -43.640541 0.172609 -3.004589 -0.483383 -0.546130 0.684166 0.902344 0.542969
  35 -43.660770 0.355305 -2.993901 -0.420153 0.350769 0.836919 0.882813 0.531250
hands.bmp
  11 20.127541 0.522384 -0.031573 0.271585 -0.942797 -0.193328 0.615234 0.648438
  8 19.875240 0.973790 -0.607791 0.579780 0.812355 0.062725 0.593750 0.626953
  11 21.029125 0.860998 -0.199773 0.669446 -0.220813 -0.709284 0.533203 0.664063
hands.bmp
  11 20.127541 0.522384 -0.031573 0.271585 -0.942797 -0.193328 0.615234 0.648438
  11 21.029125 0.860998 -0.199773 0.669446 -0.220813 -0.709284 0.533203 0.664063
  11 20.845581 0.577481 0.047070 0.404280 -0.900904 -0.157894 0.554688 0.681641
hands.bmp
  30 -45.825211 1.061275 -0.943302 -0.864733 -0.068414 -0.497550 0.947266 0.371094
  30 -45.670780 1.017326 -1.022790 -0.313990 -0.208382 -0.926276 0.960938 0.392578
  30 -45.637550 0.853292 -0.862513 -0.515132 -0.754106 -0.407385 0.939453 0.396484
hands.bmp
  30 -45.600357 1.105429 -0.635259 -0.121234 0.302284 0.945477 0.966797 0.707031
  29 -44.905678 0.969147 -0.610221 -0.004282 0.234861 0.972019 0.970703 0.828125
  29 -44.886818 1.159565 -0.739397 0.051759 0.858539 0.510129 0.947266 0.816406
hands.bmp
  9 22.632133 0.871349 -1.077654 0.072467 -0.270864 -0.959886 0.968750 0.525391
  10 23.314503 1.017315 -1.022790 0.313988 -0.208388 -0.926275 0.960938 0.392578
  10 23.281273 0.853281 -0.862513 0.515108 -0.754114 -0.407402 0.939453 0.396484
hands.bmp
  9 22.632133 0.871349 -1.077654 0.072467 -0.270864 -0.959886 0.968750 0.525391
  10 23.281273 0.853281 -0.862513 0.515108 -0.754114 -0.407402 0.939453 0.396484
  10 22.659088 0.726015 -0.871549 0.097687 -0.953778 -0.284190 0.939453 0.511719
hands.bmp
  8 21.308464 1.068266 -0.782851 -0.015318 0.935022 0.354259 0.949219 0.980469
  8 21.303406 0.951998 -0.572240 0.101505 0.340692 0.934680 0.976563 0.986328
  9 21.389866 0.887331 -0.569196 0.022159 0.292338 0.956058 0.976563 0.972656
hands.bmp
  8 21.308464 1.068266 -0.782851 -0.015318 0.935022 0.354259 0.949219 0.980469
  9 21.389866 0.887331 -0.569196 0.022159 0.292338 0.956058 0.976563 0.972656
  9 21.404682 1.065725 -0.786809 -0.079091 0.934313 0.347569 0.949219 0.962891
hands.bmp
  40 -39.356243 0.997931 -0.142813 -0.737964 0.585699 0.335211 0.974609 0.117188
  40 -39.415154 1.143235 -0.841823 -0.766478 0.641501 0.031440 0.968750 0.179688
  24 -39.817230 1.116235 -0.914585 0.066837 0.995627 -0.065263 0.929688 0.185547
hands.bmp
  40 -39.356243 0.997931 -0.142813 -0.737964 0.585699 0.335211 0.974609 0.117188
  24 -39.817230 1.116235 -0.914585 0.066837 0.995627 -0.065263 0.929688 0.185547
  24 -39.907661 1.048715 -0.201939 0.163188 0.931636 0.324689 0.925781 0.121094
hands.bmp
  12 21.081764 0.874968 -0.130618 0.302446 -0.207760 -0.930248 0.970703 0.628906
  12 21.999161 0.984131 0.091780 0.302472 -0.207747 -0.930243 0.968750 0.525391
  12 21.846092 0.682568 0.275434 0.199802 -0.948926 -0.244171 0.941406 0.535156
hands.bmp
  12 21.081764 0.874968 -0.130618 0.302446 -0.207760 -0.930248 0.970703 0.628906
  12 21.846092 0.682568 0.275434 0.199802 -0.948926 -0.244171 0.941406 0.535156
  12 21.009331 0.585824 0.101440 0.110605 -0.961346 -0.252150 0.941406 0.634766
hands.bmp
  32 -44.202370 0.682579 0.275434 -0.199799 -0.948926 -0.244171 0.941406 0.535156
  33 -44.386612 0.721851 0.301262 -0.210128 -0.915995 -0.341758 0.939453 0.511719
  32 -44.355438 0.984142 0.091780 -0.302478 -0.207745 -0.930241 0.968750 0.525391
hands.bmp
  33 -45.046165 1.208622 0.524968 -0.658134 0.752839 -0.009606 0.923828 0.681641
  33 -45.042358 1.105988 0.359888 -0.593054 0.445293 -0.670822 0.892578 0.695313
  33 -45.128548 1.049555 0.417218 -0.918753 -0.139177 -0.369489 0.896484 0.667969
hands.bmp
  33 -45.046165 1.208622 0.524968 -0.658134 0.752839 -0.009606 0.923828 0.681641
  33 -45.128548 1.049555 0.417218 -0.918753 -0.139177 -0.369489 0.896484 0.667969
  33 -45.097897 1.174383 0.540823 -0.901452 0.367163 0.229291 0.921875 0.671875
hands.bmp
  20 16.324982 -0.419990 -1.794854 -0.877326 0.308559 0.367548 0.699219 0.800781
  20 16.495258 -0.306085 -1.712190 -0.609324 0.570544 0.550640 0.693359 0.791016
  20 16.536060 -0.172391 -1.801416 -0.603584 0.302545 0.737667 0.681641 0.798828
hands.bmp
  20 16.324982 -0.419990 -1.794854 -0.877326 0.308559 0.367548 0.699219 0.800781
  20 16.536060 -0.172391 -1.801416 -0.603584 0.302545 0.737667 0.681641 0.798828
  20 16.322670 -0.239572 -1.934653 -0.876780 0.136123 0.461224 0.685547 0.808594
hands.bmp
  40 -39.255013 -0.544944 -0.566481 0.811196 -0.501899 0.300098 0.863281 0.382813
  40 -39.334602 -0.538587 -0.555304 -0.060571 -0.794812 0.603825 0.851563 0.382813
  40 -39.351608 -0.607429 -0.655161 -0.086504 -0.833644 0.545486 0.851563 0.361328
hands.bmp
  40 -39.255013 -0.544944 -0.566481 0.811196 -0.501899 0.300098 0.863281 0.382813
  40 -39.351608 -0.607429 -0.655161 -0.086504 -0.833644 0.545486 0.851563 0.361328
  40 -39.281189 -0.603021 -0.666188 0.824175 -0.501900 0.262360 0.863281 0.361328
hands.bmp
  26 -44.405228 0.570082 -2.152187 -0.057892 -0.972485 -0.225659 0.941406 0.535156
  27 -44.534817 0.595501 -2.191576 -0.041304 -0.952287 -0.302395 0.939453 0.511719
  26 -44.397064 0.701794 -2.342412 0.145710 -0.347803 -0.926176 0.968750 0.525391
hands.bmp
  20 16.481060 0.404645 0.158790 -0.648327 -0.044497 -0.760061 0.652344 0.767578
  20 16.500698 0.175500 0.068750 -0.714058 0.285924 -0.639037 0.636719 0.765625
  20 16.389652 0.156564 0.217111 -0.902124 0.091669 -0.421627 0.632813 0.773438
hands.bmp
  20 16.481060 0.404645 0.158790 -0.648327 -0.044497 -0.760061 0.652344 0.767578
  20 16.389652 0.156564 0.217111 -0.902124 0.091669 -0.421627 0.632813 0.773438
  20 16.313396 0.341058 0.306259 -0.886591 -0.073860 -0.456620 0.652344 0.777344
hands.bmp
  19 19.127480 0.027482 2.124927 0.994537 -0.067340 -0.079765 0.607422 0.960938
  19 19.159241 -0.012195 2.701309 0.979169 0.037764 0.199504 0.626953 0.896484
  19 19.076031 -0.142825 2.658733 0.753503 -0.650942 0.092238 0.654297 0.898438
hands.bmp
  19 19.127480 0.027482 2.124927 0.994537 -0.067340 -0.079765 0.607422 0.960938
  19 19.076031 -0.142825 2.658733 0.753503 -0.650942 0.092238 0.654297 0.898438
  19 19.004471 -0.140115 2.111492 0.655244 -0.728949 -0.198216 0.638672 0.970703
hands.bmp
  40 -39.419476 0.390964 0.217314 -0.603683 0.091464 0.791960 0.324219 0.830078
  40 -39.438526 0.161761 0.167270 -0.524724 -0.320702 0.788552 0.304688 0.832031
  40 -39.399876 0.128562 0.246665 -0.571019 -0.338362 0.747963 0.304688 0.839844
hands.bmp
  40 -39.419476 0.390964 0.217314 -0.603683 0.091464 0.791960 0.324219 0.830078
  40 -39.399876 0.128562 0.246665 -0.571019 -0.338362 0.747963 0.304688 0.839844
  40 -39.408043 0.390029 0.317156 -0.600901 0.008736 0.799276 0.326172 0.837891
hands.bmp
  39 -41.360752 -0.140105 2.111492 -0.655247 -0.728946 -0.198214 0.638672 0.970703
  38 -41.319897 -0.131106 1.963022 -0.605357 -0.781054 -0.153291 0.617188 0.988281
  38 -41.145763 -0.211167 2.018415 -0.315591 -0.933743 -0.168898 0.662109 0.988281
hands.bmp
  20 17.105427 0.625506 -1.871969 0.632127 0.448894 -0.631593 0.476563 0.281250
  20 17.086670 0.022143 -2.093105 0.616376 0.029390 -0.786903 0.482422 0.337891
  20 16.759560 -0.034097 -2.057976 -0.567013 -0.062756 -0.821315 0.525391 0.322266
hands.bmp
  20 17.105427 0.625506 -1.871969 0.632127 0.448894 -0.631593 0.476563 0.281250
  20 16.759560 -0.034097 -2.057976 -0.567013 -0.062756 -0.821315 0.525391 0.322266
  20 16.745014 0.616776 -1.877267 -0.604662 0.411830 -0.681748 0.519531 0.275391
hands.bmp
  12 21.978352 1.241394 0.295946 0.081251 0.958989 -0.271550 0.919922 0.812500
  12 21.928207 1.172092 0.415872 -0.099462 0.867891 0.486695 0.947266 0.816406
  13 22.329865 1.165918 0.497419 -0.082817 0.907640 0.411498 0.947266 0.748047
hands.bmp
  12 21.978352 1.241394 0.295946 0.081251 0.958989 -0.271550 0.919922 0.812500
  13 22.329865 1.165918 0.497419 -0.082817 0.907640 0.411498 0.947266 0.748047
  13 22.313213 1.223351 0.404549 0.089024 0.978332 -0.186928 0.919922 0.751953
hands.bmp
  24 -41.037842 0.012887 -0.907817 -0.394841 -0.889609 0.229556 0.710938 0.529297
  24 -40.853443 -0.263919 -1.252890 -0.344517 -0.862457 0.370777 0.714844 0.496094
  24 -40.335701 -0.365119 -0.883159 -0.296557 -0.939941 0.169010 0.771484 0.507813
hands.bmp
  22 -30.871788 0.043846 0.350289 0.010916 -0.283827 0.958813 0.058594 0.472656
  21 -30.276714 0.085676 0.384176 -0.205984 -0.212526 0.955198 0.052734 0.498047
  21 -30.263939 0.984354 0.207492 -0.125749 0.443221 0.887548 0.007813 0.503906
hands.bmp
  22 -30.871788 0.043846 0.350289 0.010916 -0.283827 0.958813 0.058594 0.472656
  21 -30.263939 0.984354 0.207492 -0.125749 0.443221 0.887548 0.007813 0.503906
  22 -30.947113 0.974241 0.359826 0.062204 0.368437 0.927569 0.015625 0.474609
hands.bmp
  38 -40.733021 0.034884 1.719243 0.806656 -0.351876 0.474857 0.574219 0.931641
  38 -40.412308 0.057672 1.263916 0.821067 -0.087157 0.564139 0.597656 0.886719
  38 -40.710560 0.029153 1.746858 0.860344 -0.279578 0.426197 0.568359 0.931641
hands.bmp
  18 18.354279 0.029143 1.746858 -0.860338 -0.279571 0.426214 0.568359 0.931641
  18 18.321266 0.124755 1.707253 -0.857740 0.199972 0.473596 0.560547 0.931641
  18 18.057297 0.085919 1.278053 -0.832839 -0.018652 0.553201 0.591797 0.884766
hands.bmp
  18 18.354279 0.029143 1.746858 -0.860338 -0.279571 0.426214 0.568359 0.931641
  18 18.057297 0.085919 1.278053 -0.832839 -0.018652 0.553201 0.591797 0.884766
  18 18.056030 0.057662 1.263916 -0.821502 -0.086837 0.563554 0.597656 0.886719
hands.bmp
  38 -40.413574 0.085929 1.278053 0.832842 -0.018656 0.553197 0.591797 0.884766
  38 -40.407238 0.166236 1.217137 0.773039 0.233971 0.589635 0.583984 0.880859
  38 -40.677544 0.124764 1.707253 0.857748 0.199933 0.473598 0.560547 0.931641
hands.bmp
  18 19.082458 0.066749 1.528595 0.952669 -0.258679 -0.159707 0.843750 0.726563
  18 19.143906 0.105084 1.948660 0.868322 0.168544 0.466486 0.845703 0.685547
  18 19.108719 -0.107110 1.930322 0.739368 -0.533594 0.410624 0.830078 0.687500
hands.bmp
  18 19.082458 0.066749 1.528595 0.952669 -0.258679 -0.159707 0.843750 0.726563
  18 19.108719 -0.107110 1.930322 0.739368 -0.533594 0.410624 0.830078 0.687500
  18 19.000584 -0.127330 1.570186 0.679224 -0.720592 -0.139286 0.830078 0.724609
hands.bmp
  18 18.971779 0.390437 1.556430 0.714576 0.693140 0.094538 0.470703 0.919922
  18 18.995766 0.303992 1.981697 0.651991 0.733017 0.193891 0.472656 0.962891
  18 19.143906 0.105084 1.948660 0.868322 0.168544 0.466486 0.451172 0.960938
hands.bmp
  18 18.971779 0.390437 1.556430 0.714576 0.693140 0.094538 0.470703 0.919922
  18 19.143906 0.105084 1.948660 0.868322 0.168544 0.466486 0.451172 0.960938
  18 19.115204 0.159602 1.531044 0.973649 0.221455 -0.054460 0.443359 0.919922
hands.bmp
  11 19.833210 0.855504 0.275996 0.033510 0.247695 0.968258 0.722656 0.066406
  11 19.486378 0.873008 0.348126 0.253190 0.424606 0.869255 0.763672 0.062500
  4 19.542854 0.580634 0.323578 0.408185 -0.502805 0.761953 0.742188 0.041016
hands.bmp
  11 19.833210 0.855504 0.275996 0.033510 0.247695 0.968258 0.722656 0.066406
  4 19.542854 0.580634 0.323578 0.408185 -0.502805 0.761953 0.742188 0.041016
  11 19.884666 0.592286 0.244879 0.078979 -0.684648 0.724582 0.710938 0.041016
hands.bmp
  25 -43.263718 0.604304 -2.166920 -0.412634 -0.282298 -0.866049 0.482422 0.494141
  25 -42.111927 0.604220 -1.926282 -0.694215 0.416772 -0.586828 0.568359 0.482422
  25 -42.399460 0.234544 -1.699104 -0.365400 -0.886280 -0.284589 0.568359 0.507813
hands.bmp
  25 -43.263718 0.604304 -2.166920 -0.412634 -0.282298 -0.866049 0.482422 0.494141
  25 -42.399460 0.234544 -1.699104 -0.365400 -0.886280 -0.284589 0.568359 0.507813
  25 -43.259876 0.444484 -1.911295 -0.632566 -0.725040 -0.272355 0.488281 0.519531
hands.bmp
  16 21.907345 0.369083 -3.359818 0.919233 0.325658 0.221265 0.955078 0.673828
  16 21.929420 0.322376 -3.447743 0.897148 0.040728 -0.439848 0.923828 0.662109
  16 21.842667 0.424902 -3.439828 0.834778 0.329814 -0.440872 0.921875 0.671875
hands.bmp
  16 21.907345 0.369083 -3.359818 0.919233 0.325658 0.221265 0.955078 0.673828
  16 21.842667 0.424902 -3.439828 0.834778 0.329814 -0.440872 0.921875 0.671875
  16 21.831192 0.442183 -3.347255 0.411079 0.884924 0.218914 0.955078 0.689453
hands.bmp
  14 19.511745 -0.123712 -2.390605 0.025461 -0.950457 -0.309813 0.595703 0.433594
  14 19.474297 0.130128 -2.630738 -0.228825 -0.323969 -0.917978 0.585938 0.394531
  14 20.342716 0.169677 -2.971307 0.187278 -0.436351 -0.880071 0.509766 0.400391
hands.bmp
  14 19.511745 -0.123712 -2.390605 0.025461 -0.950457 -0.309813 0.595703 0.433594
  14 20.342716 0.169677 -2.971307 0.187278 -0.436351 -0.880071 0.509766 0.400391
  14 20.402851 -0.049741 -2.730395 0.404159 -0.823522 -0.398080 0.511719 0.433594
hands.bmp
  4 19.123844 -0.189031 -2.152094 0.128077 -0.971456 -0.199674 0.636719 0.439453
  4 19.098793 -0.043744 -2.540121 -0.117637 -0.523710 -0.843735 0.623047 0.402344
  14 19.474297 0.130128 -2.630738 -0.228825 -0.323969 -0.917978 0.585938 0.394531
hands.bmp
  4 19.123844 -0.189031 -2.152094 0.128077 -0.971456 -0.199674 0.636719 0.439453
  14 19.474297 0.130128 -2.630738 -0.228825 -0.323969 -0.917978 0.585938 0.394531
  14 19.511745 -0.123712 -2.390605 0.025461 -0.950457 -0.309813 0.595703 0.433594
hands.bmp
  11 20.911282 1.188706 0.056587 0.947146 0.244992 0.207108 0.611328 0.087891
  11 20.977825 1.033586 -0.086276 0.988297 0.151304 -0.019371 0.607422 0.103516
  11 21.010643 1.082534 -0.115036 0.719869 0.466534 -0.513940 0.615234 0.105469
hands.bmp
  11 20.911282 1.188706 0.056587 0.947146 0.244992 0.207108 0.611328 0.087891
  11 21.010643 1.082534 -0.115036 0.719869 0.466534 -0.513940 0.615234 0.105469
  11 20.900074 1.246163 0.037276 0.596168 0.797227 -0.094934 0.619141 0.091797
hands.bmp
  11 20.977825 1.033586 -0.086276 0.988297 0.151304 -0.019371 0.607422 0.103516
  11 20.978325 0.872729 -0.161275 0.919544 -0.311520 -0.239572 0.605469 0.109375
  11 21.029125 0.860998 -0.199773 0.669446 -0.220813 -0.709284 0.615234 0.113281
hands.bmp
  11 20.977825 1.033586 -0.086276 0.988297 0.151304 -0.019371 0.607422 0.103516
  11 21.029125 0.860998 -0.199773 0.669446 -0.220813 -0.709284 0.615234 0.113281
  11 21.010643 1.082534 -0.115036 0.719869 0.466534 -0.513940 0.615234 0.105469
hands.bmp
  38 -40.961712 -0.075652 2.117719 0.700722 -0.513306 0.495486 0.767578 0.683594
  38 -41.145763 -0.211167 2.018415 -0.305672 0.422266 0.853379 0.767578 0.681641
  38 -41.122803 -0.269860 2.059983 -0.115491 -0.681122 0.723004 0.783203 0.685547
hands.bmp
  38 -41.145763 -0.211167 2.018415 -0.305672 0.422266 0.853379 0.767578 0.681641
  38 -41.319897 -0.131106 1.963022 -0.164084 0.279887 0.945907 0.783203 0.681641
  38 -41.122803 -0.269860 2.059983 -0.115491 -0.681122 0.723004 0.783203 0.685547
hands.bmp
  38 -41.122803 -0.269860 2.059983 -0.115491 -0.681122 0.723004 0.783203 0.685547
  38 -41.319897 -0.131106 1.963022 -0.164084 0.279887 0.945907 0.783203 0.681641
  38 -41.464996 -0.107100 1.930322 -0.739367 -0.533598 0.410622 0.830078 0.687500
hands.bmp
  38 -41.319897 -0.131106 1.963022 -0.164084 0.279887 0.945907 0.783203 0.681641
  38 -41.442535 -0.002032 1.962823 -0.543101 -0.136405 0.828514 0.830078 0.681641
  38 -41.464996 -0.107100 1.930322 -0.739367 -0.533598 0.410622 0.830078 0.687500
hands.bmp
  38 -41.464996 -0.107100 1.930322 -0.739367 -0.533598 0.410622 0.830078 0.687500
  38 -41.442535 -0.002032 1.962823 -0.543101 -0.136405 0.828514 0.830078 0.681641
  38 -41.461555 0.110827 1.961882 -0.443846 0.052269 0.894578 0.847656 0.681641
hands.bmp
  40 -38.680061 0.091107 0.276062 0.815689 -0.349678 0.460844 0.632813 0.777344
  40 -38.796986 0.130540 0.297833 -0.029316 -0.436860 0.899052 0.632813 0.781250
  40 -38.808773 -0.109244 0.117654 -0.072297 -0.676454 0.732928 0.615234 0.773438
hands.bmp
  40 -38.680061 0.091107 0.276062 0.815689 -0.349678 0.460844 0.632813 0.777344
  40 -38.808773 -0.109244 0.117654 -0.072297 -0.676454 0.732928 0.615234 0.773438
  40 -38.719360 -0.116384 0.096331 0.816056 -0.446831 0.366599 0.617188 0.769531
hands.bmp
  28 -43.664742 1.068277 -0.782851 -0.951946 0.259608 0.162488 0.574219 0.156250
  28 -43.659683 0.952009 -0.572240 -0.915512 -0.015297 0.402001 0.582031 0.132813
  28 -43.640411 1.110157 -0.775507 -0.559938 0.785731 0.262863 0.583984 0.156250
hands.bmp
  28 -43.640411 1.110157 -0.775507 -0.559938 0.785731 0.262863 0.583984 0.156250
  28 -43.659683 0.952009 -0.572240 -0.915512 -0.015297 0.402001 0.582031 0.132813
  28 -43.626556 0.965803 -0.515565 -0.478829 0.321324 0.816990 0.587891 0.132813
hands.bmp
  40 -38.666409 0.370889 0.366259 0.836839 -0.094207 0.539282 0.652344 0.781250
  40 -38.680061 0.091107 0.276062 0.815689 -0.349678 0.460844 0.632813 0.777344
  40 -38.745934 0.156573 0.217111 0.902117 0.091638 -0.421648 0.632813 0.773438
hands.bmp
  24 -39.796673 -0.355983 -0.348587 0.057784 -0.927157 0.370191 0.833984 0.541016
  24 -40.397366 -0.335429 -0.367294 -0.142521 -0.989594 -0.019783 0.785156 0.562500
  24 -40.335701 -0.365119 -0.883159 -0.296557 -0.939941 0.169010 0.771484 0.507813
hands.bmp
  24 -39.796673 -0.355983 -0.348587 0.057784 -0.927157 0.370191 0.833984 0.541016
  24 -40.335701 -0.365119 -0.883159 -0.296557 -0.939941 0.169010 0.771484 0.507813
  24 -39.797340 -0.446765 -0.833105 -0.063279 -0.985560 0.157060 0.818359 0.500000
hands.bmp
  20 16.401295 -0.083234 0.046932 -0.911909 0.240697 -0.332395 0.619141 0.767578
  20 16.404434 -0.323691 -0.223385 -0.890660 0.361066 -0.276328 0.603516 0.750000
  20 16.368900 -0.386727 -0.193990 -0.811252 -0.501846 0.300035 0.601563 0.753906
hands.bmp
  20 16.401295 -0.083234 0.046932 -0.911909 0.240697 -0.332395 0.619141 0.767578
  20 16.368900 -0.386727 -0.193990 -0.811252 -0.501846 0.300035 0.601563 0.753906
  20 16.363083 -0.116393 0.096331 -0.816052 -0.446861 0.366570 0.617188 0.769531
hands.bmp
  20 16.304104 0.491269 -1.913911 -0.844355 0.233010 -0.482464 0.625000 0.812500
  20 16.248188 1.098638 -1.413835 -0.853325 0.438324 -0.282328 0.580078 0.773438
  20 16.277439 1.111009 -1.423390 -0.060724 0.861660 -0.503839 0.574219 0.777344
hands.bmp
  20 16.304104 0.491269 -1.913911 -0.844355 0.233010 -0.482464 0.625000 0.812500
  20 16.277439 1.111009 -1.423390 -0.060724 0.861660 -0.503839 0.574219 0.777344
  20 16.331909 0.523589 -1.933461 -0.107877 0.439567 -0.891708 0.623047 0.818359
hands.bmp
  20 16.248188 1.098638 -1.413835 -0.853325 0.438324 -0.282328 0.580078 0.773438
  20 16.246876 1.258920 -0.833569 -0.887254 0.460850 -0.019927 0.566406 0.722656
  20 16.275036 1.281232 -0.823124 -0.106588 0.994027 -0.023442 0.560547 0.722656
hands.bmp
  20 16.248188 1.098638 -1.413835 -0.853325 0.438324 -0.282328 0.580078 0.773438
  20 16.275036 1.281232 -0.823124 -0.106588 0.994027 -0.023442 0.560547 0.722656
  20 16.277439 1.111009 -1.423390 -0.060724 0.861660 -0.503839 0.574219 0.777344
hands.bmp
  20 16.345852 -0.588904 -1.614762 -0.796740 -0.589620 -0.132489 0.710938 0.785156
  20 16.386665 -0.595672 -1.624174 -0.014709 -0.939577 -0.342023 0.714844 0.791016
  20 16.435223 -0.621942 -1.373471 0.017262 -0.998445 -0.053006 0.724609 0.771484
hands.bmp
  20 16.345852 -0.588904 -1.614762 -0.796740 -0.589620 -0.132489 0.710938 0.785156
  20 16.435223 -0.621942 -1.373471 0.017262 -0.998445 -0.053006 0.724609 0.771484
  20 16.355343 -0.628325 -1.364650 -0.808406 -0.588545 0.009721 0.720703 0.767578
hands.bmp
  40 -38.702129 -0.588895 -1.614762 0.796757 -0.589596 -0.132496 0.710938 0.785156
  40 -38.742943 -0.595662 -1.624174 0.014713 -0.939572 -0.342034 0.714844 0.791016
  40 -38.714291 -0.447427 -1.844414 0.817084 -0.482071 -0.316198 0.703125 0.804688
hands.bmp
  40 -38.742943 -0.595662 -1.624174 0.014713 -0.939572 -0.342034 0.714844 0.791016
  40 -38.716175 -0.467336 -1.864416 0.048297 -0.761457 -0.646413 0.707031 0.810547
  40 -38.714291 -0.447427 -1.844414 0.817084 -0.482071 -0.316198 0.703125 0.804688
hands.bmp
  40 -38.714291 -0.447427 -1.844414 0.817084 -0.482071 -0.316198 0.703125 0.804688
  40 -38.716175 -0.467336 -1.864416 0.048297 -0.761457 -0.646413 0.707031 0.810547
  40 -38.714005 -0.286902 -2.014213 0.100557 -0.468593 -0.877673 0.691406 0.820313
hands.bmp
  25 -42.111927 0.604220 -1.926282 -0.694215 0.416772 -0.586828 0.726563 0.283203
  25 -43.263718 0.604304 -2.166920 -0.412634 -0.282298 -0.866049 0.623047 0.302734
  25 -43.265530 0.904950 -2.144403 -0.221758 0.456418 -0.861688 0.619141 0.287109
hands.bmp
  25 -42.111927 0.604220 -1.926282 -0.694215 0.416772 -0.586828 0.726563 0.283203
  25 -43.265530 0.904950 -2.144403 -0.221758 0.456418 -0.861688 0.619141 0.287109
  25 -42.097584 0.832393 -1.858221 -0.104649 0.727612 -0.677960 0.726563 0.269531
hands.bmp
  1 6.883367 0.650044 -2.429658 -0.157046 0.103010 -0.982204 0.285156 0.541016
  1 7.696445 0.462259 -2.660836 -0.082939 -0.068211 -0.994217 0.277344 0.503906
  1 7.766589 -0.384229 -2.223988 -0.093539 -0.608775 -0.787810 0.232422 0.501953
hands.bmp
  1 6.883367 0.650044 -2.429658 -0.157046 0.103010 -0.982204 0.285156 0.541016
  1 7.766589 -0.384229 -2.223988 -0.093539 -0.608775 -0.787810 0.232422 0.501953
  1 6.895768 -0.417678 -2.121736 -0.048353 -0.607401 -0.792922 0.228516 0.537109
hands.bmp
  22 -33.447056 -0.806200 -0.331699 -0.037751 -0.847217 0.529904 0.121094 0.339844
  23 -35.365871 -0.537152 -0.305944 -0.083299 -0.797356 0.597733 0.119141 0.228516
  23 -35.321640 -0.818849 -0.796648 -0.098839 -0.958858 0.266125 0.144531 0.230469
hands.bmp
  12 21.009331 0.585824 0.101440 0.110605 -0.961346 -0.252150 0.941406 0.634766
  11 20.904995 0.616603 0.087565 0.048695 -0.985238 -0.164120 0.941406 0.646484
  11 20.978325 0.872729 -0.161275 0.385834 -0.335629 -0.859352 0.972656 0.640625
hands.bmp
  12 21.009331 0.585824 0.101440 0.110605 -0.961346 -0.252150 0.941406 0.634766
  11 20.978325 0.872729 -0.161275 0.385834 -0.335629 -0.859352 0.972656 0.640625
  12 21.081764 0.874968 -0.130618 0.302446 -0.207760 -0.930248 0.970703 0.628906
hands.bmp
  2 11.090777 -0.806208 -0.331699 0.037750 -0.847216 0.529906 0.121094 0.339844
  2 8.455729 -0.748146 -0.209430 0.037219 -0.814209 0.579378 0.107422 0.472656
  2 8.417983 -1.091475 -1.250006 -0.065768 -0.988269 -0.137840 0.169922 0.470703
hands.bmp
  2 11.090777 -0.806208 -0.331699 0.037750 -0.847216 0.529906 0.121094 0.339844
  2 8.417983 -1.091475 -1.250006 -0.065768 -0.988269 -0.137840 0.169922 0.470703
  2 11.012969 -1.069758 -1.383690 0.037142 -0.986507 -0.159449 0.169922 0.341797
hands.bmp
  19 18.648735 -0.005935 2.578234 -0.908327 0.022718 0.417643 0.720703 0.925781
  18 18.550636 0.052337 2.121432 -0.977454 -0.049932 0.205160 0.720703 0.986328
  18 18.605434 -0.075662 2.117719 -0.796715 -0.591568 0.123663 0.691406 0.984375
hands.bmp
  19 18.648735 -0.005935 2.578234 -0.908327 0.022718 0.417643 0.720703 0.925781
  18 18.605434 -0.075662 2.117719 -0.796715 -0.591568 0.123663 0.691406 0.984375
  19 18.729977 -0.153991 2.587160 -0.758341 -0.624722 0.186123 0.697266 0.917969
hands.bmp
  40 -39.272030 -0.292830 -0.365860 -0.029303 -0.436866 0.899049 0.851563 0.429688
  40 -39.341450 -0.277246 -0.394823 -0.803957 -0.181724 0.566242 0.841797 0.429688
  40 -39.354275 -0.426684 -0.454849 -0.843916 -0.268351 0.464537 0.841797 0.406250
hands.bmp
  40 -39.272030 -0.292830 -0.365860 -0.029303 -0.436866 0.899049 0.851563 0.429688
  40 -39.354275 -0.426684 -0.454849 -0.843916 -0.268351 0.464537 0.841797 0.406250
  40 -39.305885 -0.450616 -0.445591 -0.037705 -0.592535 0.804662 0.851563 0.406250
hands.bmp
  35 -43.580067 0.110477 -3.128615 -0.023457 -0.973187 -0.228816 0.941406 0.535156
  36 -43.691891 0.138653 -3.192147 0.038031 -0.967757 -0.248996 0.939453 0.511719
  35 -43.556053 0.247513 -3.301660 0.346142 -0.303467 -0.887747 0.968750 0.525391
hands.bmp
  15 21.199768 0.247501 -3.301660 -0.346144 -0.303468 -0.887745 0.968750 0.525391
  16 21.746006 0.255016 -3.498953 -0.137448 -0.336633 -0.931551 0.960938 0.392578
  16 21.781109 0.157450 -3.379168 0.200432 -0.854256 -0.479660 0.939453 0.396484
hands.bmp
  15 21.199768 0.247501 -3.301660 -0.346144 -0.303468 -0.887745 0.968750 0.525391
  16 21.781109 0.157450 -3.379168 0.200432 -0.854256 -0.479660 0.939453 0.396484
  16 21.335606 0.138641 -3.192147 -0.038033 -0.967759 -0.248992 0.939453 0.511719
hands.bmp
  36 -44.137394 0.157461 -3.379168 -0.200438 -0.854259 -0.479652 0.939453 0.396484
  36 -44.212872 0.280632 -3.502989 -0.465415 -0.188385 -0.864812 0.947266 0.371094
  36 -44.102291 0.255028 -3.498953 0.137447 -0.336638 -0.931549 0.960938 0.392578
hands.bmp
  15 21.328331 0.507420 -3.206714 -0.099203 0.931763 -0.349251 0.919922 0.812500
  15 21.326733 0.480379 -3.115794 0.190395 0.913774 0.358840 0.947266 0.816406
  16 21.611000 0.432474 -3.272274 0.171563 0.972846 0.155363 0.947266 0.748047
hands.bmp
  15 21.328331 0.507420 -3.206714 -0.099203 0.931763 -0.349251 0.919922 0.812500
  16 21.611000 0.432474 -3.272274 0.171563 0.972846 0.155363 0.947266 0.748047
  16 21.565784 0.455046 -3.327463 -0.090450 0.900775 -0.424762 0.919922 0.751953
hands.bmp
  15 20.592522 0.444345 -2.841328 -0.207353 0.938644 -0.275593 0.917969 0.962891
  15 20.597454 0.439918 -2.784267 0.145907 0.970365 0.192619 0.949219 0.962891
  15 21.326733 0.480379 -3.115794 0.190395 0.913774 0.358840 0.947266 0.816406
hands.bmp
  15 20.592522 0.444345 -2.841328 -0.207353 0.938644 -0.275593 0.917969 0.962891
  15 21.326733 0.480379 -3.115794 0.190395 0.913774 0.358840 0.947266 0.816406
  15 21.328331 0.507420 -3.206714 -0.099203 0.931763 -0.349251 0.919922 0.812500
hands.bmp
  9 21.389866 0.887331 -0.569196 0.022159 0.292338 0.956058 0.886719 0.628906
  9 21.385799 0.680096 -0.665833 0.009155 -0.686246 0.727312 0.906250 0.634766
  9 22.462608 0.769417 -0.651189 0.095987 -0.626216 0.773719 0.902344 0.542969
hands.bmp
  9 21.389866 0.887331 -0.569196 0.022159 0.292338 0.956058 0.886719 0.628906
  9 22.462608 0.769417 -0.651189 0.095987 -0.626216 0.773719 0.902344 0.542969
  9 22.549400 0.969135 -0.610221 0.004278 0.234860 0.972020 0.882813 0.531250
hands.bmp
  8 21.303406 0.951998 -0.572240 0.101505 0.340692 0.934680 0.880859 0.644531
  8 21.302582 0.679296 -0.681020 -0.014332 -0.736416 0.676377 0.904297 0.646484
  9 21.385799 0.680096 -0.665833 0.009155 -0.686246 0.727312 0.906250 0.634766
hands.bmp
  8 21.303406 0.951998 -0.572240 0.101505 0.340692 0.934680 0.880859 0.644531
  9 21.385799 0.680096 -0.665833 0.009155 -0.686246 0.727312 0.906250 0.634766
  9 21.389866 0.887331 -0.569196 0.022159 0.292338 0.956058 0.886719 0.628906
hands.bmp
  40 -38.867729 -0.455342 -1.322118 0.632826 0.770137 0.080129 0.705078 0.767578
  40 -38.784401 -0.542254 -1.323460 0.879007 0.473324 0.057539 0.714844 0.767578
  40 -38.726669 -0.526752 -1.574313 0.895584 0.396044 0.202677 0.707031 0.783203
hands.bmp
  40 -38.867729 -0.455342 -1.322118 0.632826 0.770137 0.080129 0.705078 0.767578
  40 -38.726669 -0.526752 -1.574313 0.895584 0.396044 0.202677 0.707031 0.783203
  40 -38.818733 -0.429114 -1.542824 0.702005 0.667076 0.249398 0.699219 0.779297
hands.bmp
  2 8.517184 1.641891 -0.304562 -0.067482 0.882971 0.464552 0.427734 0.476563
  1 7.979758 1.630506 -0.366597 0.062265 0.917056 0.393868 0.429688 0.505859
  1 7.907660 0.984348 0.207492 0.125749 0.443222 0.887548 0.470488 0.506702
hands.bmp
  2 8.517184 1.641891 -0.304562 -0.067482 0.882971 0.464552 0.427734 0.476563
  1 7.907660 0.984348 0.207492 0.125749 0.443222 0.887548 0.470488 0.506702
  2 8.590835 0.974236 0.359826 -0.062204 0.368437 0.927569 0.470488 0.477406
hands.bmp
  35 -42.918606 0.106271 -2.656431 -0.526311 -0.614496 0.587701 0.906250 0.634766
  34 -42.871941 0.059184 -2.612447 -0.590245 -0.687041 0.423776 0.904297 0.646484
  34 -42.938267 0.319545 -2.568700 -0.539846 0.308992 0.783001 0.880859 0.644531
hands.bmp
  35 -42.918606 0.106271 -2.656431 -0.526311 -0.614496 0.587701 0.906250 0.634766
  34 -42.938267 0.319545 -2.568700 -0.539846 0.308992 0.783001 0.880859 0.644531
  35 -42.982983 0.296176 -2.599928 -0.480995 0.348281 0.804577 0.886719 0.628906
hands.bmp
  4 18.141220 0.172296 -2.409789 -0.264105 0.031826 -0.963969 0.865234 0.316406
  4 18.030254 0.714316 -2.041960 -0.180991 0.684795 -0.705902 0.876953 0.283203
  4 19.246197 0.721093 -2.162498 -0.017218 0.792747 -0.609307 0.769531 0.300781
hands.bmp
  4 18.141220 0.172296 -2.409789 -0.264105 0.031826 -0.963969 0.865234 0.316406
  4 19.246197 0.721093 -2.162498 -0.017218 0.792747 -0.609307 0.769531 0.300781
  4 19.117764 0.346644 -2.528414 -0.207540 0.448281 -0.869466 0.781250 0.333984
hands.bmp
  34 -42.878654 0.501643 -2.716301 -0.649811 0.754948 -0.088315 0.652344 0.332031
  34 -42.833916 0.495978 -2.831914 -0.424974 0.718629 -0.550426 0.658203 0.355469
  34 -42.884861 0.451808 -2.749129 -0.917238 0.210240 -0.338339 0.648438 0.339844
hands.bmp
  14 20.522377 0.501634 -2.716301 0.649837 0.754924 -0.088331 0.652344 0.332031
  14 20.571667 0.331075 -2.521159 0.879850 0.198044 0.432022 0.648438 0.320313
  14 20.581989 0.319535 -2.568700 0.986043 -0.011790 -0.166074 0.644531 0.326172
hands.bmp
  14 20.522377 0.501634 -2.716301 0.649837 0.754924 -0.088331 0.652344 0.332031
  14 20.581989 0.319535 -2.568700 0.986043 -0.011790 -0.166074 0.644531 0.326172
  14 20.528584 0.451798 -2.749129 0.917246 0.210228 -0.338326 0.648438 0.339844
hands.bmp
  14 20.366154 0.375535 -2.993056 0.067828 0.387312 -0.919450 0.667969 0.371094
  14 20.477634 0.495969 -2.831914 0.424965 0.718639 -0.550420 0.658203 0.355469
  14 20.507717 0.437470 -2.792250 0.828571 0.225712 -0.512370 0.654297 0.355469
hands.bmp
  14 20.366154 0.375535 -2.993056 0.067828 0.387312 -0.919450 0.667969 0.371094
  14 20.507717 0.437470 -2.792250 0.828571 0.225712 -0.512370 0.654297 0.355469
  14 20.423752 0.348565 -2.965587 0.556593 0.189932 -0.808783 0.660156 0.373047
hands.bmp
  28 -43.626556 0.965803 -0.515565 -0.478829 0.321324 0.816990 0.517578 0.660156
  28 -43.613571 0.619959 -0.655995 -0.491459 -0.630517 0.600763 0.515625 0.640625
  28 -42.627472 0.509475 -0.596791 -0.250700 -0.614067 0.748379 0.589844 0.615234
hands.bmp
  28 -43.626556 0.965803 -0.515565 -0.478829 0.321324 0.816990 0.517578 0.660156
  28 -42.627472 0.509475 -0.596791 -0.250700 -0.614067 0.748379 0.589844 0.615234
  28 -42.231518 0.973800 -0.607791 -0.579783 0.812353 0.062723 0.593750 0.626953
hands.bmp
  34 -42.780033 0.348575 -2.965587 -0.556586 0.189932 -0.808788 0.660156 0.373047
  34 -42.722431 0.375545 -2.993056 -0.067820 0.387309 -0.919452 0.667969 0.371094
  34 -42.698997 0.169686 -2.971307 -0.187275 -0.436363 -0.880066 0.673828 0.384766
hands.bmp
  34 -42.780033 0.348575 -2.965587 -0.556586 0.189932 -0.808788 0.660156 0.373047
  34 -42.698997 0.169686 -2.971307 -0.187275 -0.436363 -0.880066 0.673828 0.384766
  34 -42.764793 0.185811 -2.904141 -0.745035 -0.317116 -0.586822 0.667969 0.386719
hands.bmp
  40 -38.666409 0.370889 0.366259 0.836839 -0.094207 0.539282 0.652344 0.781250
  40 -38.745934 0.156573 0.217111 0.902117 0.091638 -0.421648 0.632813 0.773438
  40 -38.669678 0.341067 0.306259 0.886622 -0.073774 -0.456573 0.652344 0.777344
hands.bmp
  4 17.447399 -0.487168 -1.572042 -0.097164 -0.962083 -0.254863 0.949219 0.333984
  20 17.126884 -0.446248 -1.603111 0.745022 -0.588601 -0.313834 0.970703 0.316406
  20 17.148571 -0.304025 -1.802617 0.704958 -0.540450 -0.459291 0.968750 0.310547
hands.bmp
  4 17.447399 -0.487168 -1.572042 -0.097164 -0.962083 -0.254863 0.949219 0.333984
  20 17.148571 -0.304025 -1.802617 0.704958 -0.540450 -0.459291 0.968750 0.310547
  4 17.438194 -0.308768 -1.885553 -0.157059 -0.760432 -0.630140 0.945313 0.318359
hands.bmp
  24 -39.803680 -0.487159 -1.572042 0.097165 -0.962083 -0.254862 0.949219 0.333984
  40 -39.483166 -0.446239 -1.603111 -0.744997 -0.588612 -0.313873 0.970703 0.316406
  40 -39.522995 -0.483230 -1.382554 -0.729472 -0.682565 -0.044453 0.972656 0.324219
hands.bmp
  17 17.478264 0.130694 0.331945 -0.700722 -0.325558 0.634824 0.964844 0.060547
  17 17.499073 -0.050603 0.196676 -0.494148 -0.760928 0.420484 0.970703 0.052734
  17 17.811844 -0.048476 0.805257 -0.723233 -0.533198 0.438900 0.945313 0.013672
hands.bmp
  17 17.478264 0.130694 0.331945 -0.700722 -0.325558 0.634824 0.964844 0.060547
  17 17.811844 -0.048476 0.805257 -0.723233 -0.533198 0.438900 0.945313 0.013672
  17 17.774136 0.086549 0.834351 -0.822829 -0.132306 0.552674 0.939453 0.019531
hands.bmp
  38 -41.328056 0.390447 1.556430 -0.714581 0.693135 0.094538 0.470703 0.919922
  38 -41.036674 0.583749 1.634735 -0.054289 0.959797 0.275396 0.498047 0.923828
  38 -40.933025 0.707805 1.134369 -0.092417 0.922672 0.374347 0.505859 0.873047
hands.bmp
  38 -41.328056 0.390447 1.556430 -0.714581 0.693135 0.094538 0.470703 0.919922
  38 -40.933025 0.707805 1.134369 -0.092417 0.922672 0.374347 0.505859 0.873047
  38 -41.355698 0.510537 1.002701 -0.780352 0.596184 0.188720 0.460938 0.865234
hands.bmp
  20 17.132130 -0.184913 -2.012717 0.696834 -0.348562 -0.626839 0.031250 0.835938
  20 17.138676 -0.154309 -1.942571 0.720752 -0.288417 -0.630343 0.031250 0.826172
  20 17.148571 -0.304025 -1.802617 0.704958 -0.540450 -0.459291 0.050781 0.828125
hands.bmp
  20 17.132130 -0.184913 -2.012717 0.696834 -0.348562 -0.626839 0.031250 0.835938
  20 17.148571 -0.304025 -1.802617 0.704958 -0.540450 -0.459291 0.050781 0.828125
  20 17.132412 -0.345435 -1.842916 0.747629 -0.485961 -0.452652 0.050781 0.835938
hands.bmp
  20 16.780136 -0.504050 -1.588274 -0.586226 -0.769878 -0.252244 0.083984 0.888672
  20 16.819817 -0.541057 -1.357718 -0.626509 -0.779199 -0.018327 0.105469 0.888672
  20 16.435223 -0.621942 -1.373471 0.017262 -0.998445 -0.053006 0.101563 0.943359
hands.bmp
  20 16.780136 -0.504050 -1.588274 -0.586226 -0.769878 -0.252244 0.083984 0.888672
  20 16.435223 -0.621942 -1.373471 0.017262 -0.998445 -0.053006 0.101563 0.943359
  20 16.386665 -0.595672 -1.624174 -0.014709 -0.939577 -0.342023 0.078125 0.945313
hands.bmp
  39 -41.005016 -0.005925 2.578234 0.908327 0.022715 0.417644 0.720703 0.925781
  38 -40.906918 0.052346 2.121432 0.977455 -0.049925 0.205157 0.720703 0.986328
  38 -40.941925 0.279384 2.110115 0.719037 0.625922 0.302006 0.740234 0.988281
hands.bmp
  39 -41.005016 -0.005925 2.578234 0.908327 0.022715 0.417644 0.720703 0.925781
  38 -40.941925 0.279384 2.110115 0.719037 0.625922 0.302006 0.740234 0.988281
  39 -41.131565 0.198869 2.616241 0.672229 0.672080 0.310511 0.740234 0.914063
hands.bmp
  27 -45.170078 0.898972 -2.123390 -0.341092 0.389319 0.855621 0.966797 0.707031
  26 -44.538429 0.829906 -1.953821 -0.221414 0.291767 0.930509 0.970703 0.828125
  26 -44.502457 0.997355 -2.084465 -0.089238 0.877582 0.471048 0.947266 0.816406
hands.bmp
  6 21.092148 0.962830 -1.850740 0.256510 0.900468 0.351226 0.949219 0.962891
  6 21.139553 0.778526 -1.674434 0.347895 0.264015 0.899592 0.976563 0.972656
  6 22.182152 0.829895 -1.953821 0.221408 0.291765 0.930512 0.970703 0.828125
hands.bmp
  6 21.092148 0.962830 -1.850740 0.256510 0.900468 0.351226 0.949219 0.962891
  6 22.182152 0.829895 -1.953821 0.221408 0.291765 0.930512 0.970703 0.828125
  6 22.146179 0.997343 -2.084465 0.089238 0.877582 0.471048 0.947266 0.816406
hands.bmp
  1 7.988515 -0.717361 -0.069373 0.218130 -0.778067 0.589093 0.095703 0.498047
  1 7.920436 0.085670 0.384176 0.205984 -0.212526 0.955198 0.052734 0.498047
  1 7.488421 0.164878 0.559643 0.269009 -0.177657 0.946611 0.052734 0.523438
hands.bmp
  1 7.988515 -0.717361 -0.069373 0.218130 -0.778067 0.589093 0.095703 0.498047
  1 7.488421 0.164878 0.559643 0.269009 -0.177657 0.946611 0.052734 0.523438
  1 7.337924 -0.799733 0.035259 0.215982 -0.780130 0.587154 0.095703 0.525391
hands.bmp
  33 -45.128548 1.049555 0.417218 -0.918753 -0.139177 -0.369489 0.947266 0.371094
  33 -45.019718 1.008484 0.324110 -0.500869 -0.234321 -0.833201 0.960938 0.392578
  33 -44.931686 0.805285 0.450049 -0.560565 -0.747165 -0.357087 0.939453 0.396484
hands.bmp
  27 -45.295753 0.856375 -2.418334 -0.722886 -0.096034 -0.684261 0.947266 0.371094
  27 -45.173515 0.810551 -2.461430 -0.126074 -0.288599 -0.949113 0.960938 0.392578
  27 -45.180027 0.673862 -2.322959 -0.415134 -0.758101 -0.502939 0.939453 0.396484
hands.bmp
  4 18.073788 -0.267297 -2.086042 -0.132543 -0.727994 -0.672649 0.726563 0.408203
  4 19.098793 -0.043744 -2.540121 -0.117637 -0.523710 -0.843735 0.623047 0.402344
  4 19.123844 -0.189031 -2.152094 0.128077 -0.971456 -0.199674 0.636719 0.439453
hands.bmp
  4 18.073788 -0.267297 -2.086042 -0.132543 -0.727994 -0.672649 0.726563 0.408203
  4 19.123844 -0.189031 -2.152094 0.128077 -0.971456 -0.199674 0.636719 0.439453
  4 18.294479 -0.509578 -1.701862 0.137538 -0.984731 -0.106714 0.720703 0.449219
hands.bmp
  40 -39.312458 -0.399924 -0.485428 0.891703 0.231990 -0.388647 0.875000 0.406250
  40 -39.284504 -0.432260 -0.455880 0.798787 -0.398473 0.450731 0.863281 0.406250
  40 -39.255013 -0.544944 -0.566481 0.811196 -0.501899 0.300098 0.863281 0.382813
hands.bmp
  40 -39.312458 -0.399924 -0.485428 0.891703 0.231990 -0.388647 0.875000 0.406250
  40 -39.255013 -0.544944 -0.566481 0.811196 -0.501899 0.300098 0.863281 0.382813
  40 -39.319496 -0.469563 -0.585433 0.889088 0.331653 -0.315481 0.875000 0.382813
hands.bmp
  11 20.845581 0.577481 0.047070 0.404280 -0.900904 -0.157894 0.554688 0.681641
  11 20.770626 0.689982 0.337286 0.216090 -0.591719 0.776643 0.576172 0.708984
  11 19.884666 0.592286 0.244879 0.078979 -0.684648 0.724582 0.644531 0.673828
hands.bmp
  11 20.845581 0.577481 0.047070 0.404280 -0.900904 -0.157894 0.554688 0.681641
  11 19.884666 0.592286 0.244879 0.078979 -0.684648 0.724582 0.644531 0.673828
  11 20.127541 0.522384 -0.031573 0.271585 -0.942797 -0.193328 0.615234 0.648438
hands.bmp
  33 -44.961739 1.190018 0.589973 -0.192974 0.770032 0.608122 0.955078 0.689453
  33 -45.027958 1.097527 0.615663 -0.610793 0.131017 0.780875 0.955078 0.673828
  33 -44.885937 1.091253 0.655548 0.029933 0.262421 0.964489 0.966797 0.707031
hands.bmp
  30 -45.665936 0.914635 -0.659705 -0.470029 -0.358518 0.806559 0.902344 0.394531
  30 -45.467365 0.780697 -0.715656 -0.261995 -0.923660 0.279663 0.921875 0.416016
  30 -45.013855 0.785089 -0.669784 -0.084737 -0.639243 0.764322 0.906250 0.519531
hands.bmp
  30 -45.467365 0.780697 -0.715656 -0.261995 -0.923660 0.279663 0.921875 0.416016
  30 -45.015366 0.726027 -0.871549 -0.097692 -0.953779 -0.284185 0.939453 0.511719
  30 -45.013855 0.785089 -0.669784 -0.084737 -0.639243 0.764322 0.906250 0.519531
hands.bmp
  40 -39.160023 -0.482305 -0.587789 -0.132883 -0.816627 0.561660 0.539063 0.730469
  40 -39.233387 -0.396190 -0.586594 -0.692312 0.240803 0.680234 0.535156 0.736328
  40 -39.407608 -0.442460 -0.584103 0.719567 0.297557 0.627442 0.494141 0.736328
hands.bmp
  40 -39.160023 -0.482305 -0.587789 -0.132883 -0.816627 0.561660 0.539063 0.730469
  40 -39.407608 -0.442460 -0.584103 0.719567 0.297557 0.627442 0.494141 0.736328
  40 -39.433117 -0.510646 -0.583823 0.223101 -0.803762 0.551536 0.490234 0.730469
hands.bmp
  17 18.279491 -0.449206 0.297989 0.003411 -0.999343 -0.036084 0.791016 0.621094
  17 18.436924 -0.395598 0.761930 0.051384 -0.990105 0.130586 0.792969 0.664063
  17 17.811844 -0.048476 0.805257 -0.723233 -0.533198 0.438900 0.845703 0.648438
hands.bmp
  17 18.279491 -0.449206 0.297989 0.003411 -0.999343 -0.036084 0.791016 0.621094
  17 17.811844 -0.048476 0.805257 -0.723233 -0.533198 0.438900 0.845703 0.648438
  17 17.499073 -0.050603 0.196676 -0.494148 -0.760928 0.420484 0.847656 0.587891
hands.bmp
  4 17.460953 1.116225 -0.914585 -0.066835 0.995627 -0.065263 0.929688 0.185547
  20 17.058876 1.143226 -0.841823 0.766473 0.641507 0.031434 0.968750 0.179688
  20 16.999962 0.997922 -0.142813 0.738000 0.585663 0.335194 0.974609 0.117188
hands.bmp
  4 17.460953 1.116225 -0.914585 -0.066835 0.995627 -0.065263 0.929688 0.185547
  20 16.999962 0.997922 -0.142813 0.738000 0.585663 0.335194 0.974609 0.117188
  4 17.551384 1.048705 -0.201939 -0.163193 0.931636 0.324690 0.925781 0.121094
hands.bmp
  24 -39.907661 1.048715 -0.201939 0.163188 0.931636 0.324689 0.925781 0.121094
  24 -39.817230 1.116235 -0.914585 0.066837 0.995627 -0.065263 0.929688 0.185547
  24 -40.864422 1.178555 -0.256319 0.080651 0.985181 0.151373 0.839844 0.121094
hands.bmp
  15 21.304485 0.355293 -2.993901 0.420152 0.350766 0.836920 0.970703 0.828125
  15 21.326733 0.480379 -3.115794 0.190395 0.913774 0.358840 0.947266 0.816406
  15 20.597454 0.439918 -2.784267 0.145907 0.970365 0.192619 0.949219 0.962891
hands.bmp
  15 21.304485 0.355293 -2.993901 0.420152 0.350766 0.836920 0.970703 0.828125
  15 20.597454 0.439918 -2.784267 0.145907 0.970365 0.192619 0.949219 0.962891
  15 20.626705 0.296166 -2.599928 0.481006 0.348280 0.804571 0.976563 0.972656
hands.bmp
  5 20.907440 0.604295 -2.166920 0.412644 -0.282294 -0.866046 0.482422 0.494141
  5 20.938900 0.645566 -2.112085 0.911152 -0.078102 -0.404600 0.478516 0.498047
  5 20.899075 0.507508 -1.908728 0.995069 -0.023427 -0.096381 0.484375 0.519531
hands.bmp
  5 20.907440 0.604295 -2.166920 0.412644 -0.282294 -0.866046 0.482422 0.494141
  5 20.899075 0.507508 -1.908728 0.995069 -0.023427 -0.096381 0.484375 0.519531
  5 20.903591 0.444474 -1.911295 0.632613 -0.725004 -0.272342 0.488281 0.519531
hands.bmp
  5 20.899075 0.507508 -1.908728 0.995069 -0.023427 -0.096381 0.484375 0.519531
  5 20.968002 0.576913 -1.699605 0.946830 -0.320836 0.024010 0.490234 0.546875
  5 20.956501 0.529191 -1.638854 0.642144 -0.542070 0.542043 0.496094 0.550781
hands.bmp
  5 20.899075 0.507508 -1.908728 0.995069 -0.023427 -0.096381 0.484375 0.519531
  5 20.956501 0.529191 -1.638854 0.642144 -0.542070 0.542043 0.496094 0.550781
  5 20.903591 0.444474 -1.911295 0.632613 -0.725004 -0.272342 0.488281 0.519531
hands.bmp
  28 -42.254623 0.848918 -1.301526 -0.632383 0.659708 -0.406051 0.703125 0.216797
  28 -42.253941 1.058248 -1.186624 -0.237859 0.722148 -0.649557 0.712891 0.208984
  25 -42.195374 0.943671 -1.354085 -0.247403 0.963278 -0.104342 0.718750 0.224609
hands.bmp
  4 19.839096 0.943662 -1.354085 0.247406 0.963280 -0.104317 0.718750 0.224609
  4 19.230865 1.063178 -1.637575 0.074858 0.912356 -0.402495 0.769531 0.251953
  4 19.186481 1.231311 -1.167403 0.042870 0.978783 -0.200366 0.773438 0.201172
hands.bmp
  4 19.839096 0.943662 -1.354085 0.247406 0.963280 -0.104317 0.718750 0.224609
  4 19.186481 1.231311 -1.167403 0.042870 0.978783 -0.200366 0.773438 0.201172
  4 19.897663 1.058238 -1.186624 0.237859 0.722146 -0.649560 0.712891 0.208984
hands.bmp
  40 -38.603153 1.258929 -0.833569 0.887226 0.460905 -0.019916 0.705078 0.710938
  40 -38.607647 1.058484 -0.053696 0.872429 -0.431828 -0.228894 0.693359 0.759766
  40 -38.587200 1.207496 -0.833874 0.808396 -0.588557 0.009765 0.701172 0.710938
hands.bmp
  20 16.230923 1.207486 -0.833874 -0.808417 -0.588530 0.009766 0.701172 0.710938
  20 16.453121 1.064731 -0.840815 -0.524386 -0.851031 0.027670 0.695313 0.710938
  20 16.441441 0.963338 -0.181054 -0.604228 -0.717325 -0.346918 0.685547 0.751953
hands.bmp
  20 16.230923 1.207486 -0.833874 -0.808417 -0.588530 0.009766 0.701172 0.710938
  20 16.441441 0.963338 -0.181054 -0.604228 -0.717325 -0.346918 0.685547 0.751953
  20 16.251366 1.058475 -0.053696 -0.872445 -0.431791 -0.228901 0.693359 0.759766
hands.bmp
  28 -43.640411 1.110157 -0.775507 -0.559938 0.785731 0.262863 0.583984 0.156250
  28 -43.626556 0.965803 -0.515565 -0.478829 0.321324 0.816990 0.587891 0.132813
  28 -42.231518 0.973800 -0.607791 -0.579783 0.812353 0.062723 0.716797 0.148438
hands.bmp
  28 -43.640411 1.110157 -0.775507 -0.559938 0.785731 0.262863 0.583984 0.156250
  28 -42.231518 0.973800 -0.607791 -0.579783 0.812353 0.062723 0.716797 0.148438
  28 -42.153751 1.184375 -0.779863 -0.178365 0.948073 0.263333 0.720703 0.162109
hands.bmp
  40 -39.360928 -0.596652 -0.665010 -0.056977 -0.562944 -0.824529 0.412109 0.902344
  40 -39.368797 -0.565923 -0.684854 -0.057167 -0.563231 -0.824320 0.412109 0.875000
  40 -39.351608 -0.607429 -0.655161 -0.057124 -0.563212 -0.824336 0.388672 0.916016
hands.bmp
  33 -45.143906 1.089655 0.560940 -0.983024 0.027377 0.181423 0.923828 0.367188
  33 -44.976944 0.852026 0.548369 -0.719433 -0.624436 0.304133 0.923828 0.386719
  33 -44.894524 0.876169 0.629757 -0.253087 -0.441633 0.860759 0.902344 0.394531
hands.bmp
  33 -45.143906 1.089655 0.560940 -0.983024 0.027377 0.181423 0.923828 0.367188
  33 -44.894524 0.876169 0.629757 -0.253087 -0.441633 0.860759 0.902344 0.394531
  33 -45.027958 1.097527 0.615663 -0.610793 0.131017 0.780875 0.902344 0.375000
hands.bmp
  40 -39.188290 -0.359403 -1.807337 0.518501 -0.668031 -0.533752 0.060547 0.888672
  40 -39.136414 -0.504041 -1.588274 0.586229 -0.769891 -0.252196 0.083984 0.888672
  40 -39.170738 -0.551454 -1.617840 0.565693 -0.774699 -0.282547 0.082031 0.884766
hands.bmp
  40 -39.136414 -0.504041 -1.588274 0.586229 -0.769891 -0.252196 0.083984 0.888672
  40 -39.176094 -0.541047 -1.357718 0.626434 -0.779258 -0.018361 0.105469 0.888672
  40 -39.170738 -0.551454 -1.617840 0.565693 -0.774699 -0.282547 0.082031 0.884766
hands.bmp
  40 -39.170738 -0.551454 -1.617840 0.565693 -0.774699 -0.282547 0.082031 0.884766
  40 -39.176094 -0.541047 -1.357718 0.626434 -0.779258 -0.018361 0.105469 0.888672
  40 -39.140354 -0.594060 -1.368317 0.626454 -0.779242 -0.018353 0.105469 0.884766
hands.bmp
  40 -38.926739 -0.440597 -1.321232 -0.107702 -0.993977 0.020258 0.185547 0.031250
  40 -38.926128 -0.390437 -1.551196 -0.095285 -0.935828 -0.339332 0.197266 0.031250
  23 -37.239197 -0.651688 -1.390907 -0.110522 -0.979581 -0.167949 0.183594 0.121094
hands.bmp
  40 -38.926739 -0.440597 -1.321232 -0.107702 -0.993977 0.020258 0.185547 0.031250
  23 -37.239197 -0.651688 -1.390907 -0.110522 -0.979581 -0.167949 0.183594 0.121094
  23 -37.238861 -0.520688 -1.061151 -0.106392 -0.994079 0.022107 0.160156 0.121094
hands.bmp
  40 -39.160759 -0.482234 -0.637784 -0.004008 -0.914708 0.404095 0.539063 0.330078
  40 -39.291237 -0.752580 -1.216307 -0.004006 -0.914719 0.404070 0.621094 0.361328
  40 -39.096409 -0.718007 -1.119106 0.095233 -0.915191 0.391607 0.615234 0.335938
hands.bmp
  1 7.485377 1.023972 0.433341 0.265867 0.430711 0.862440 0.470488 0.534046
  1 7.347938 1.708591 -0.212959 0.170366 0.894173 0.414041 0.429688 0.531250
  1 3.942658 1.875615 0.254579 0.064301 0.916062 0.395849 0.427734 0.677734
hands.bmp
  1 7.485377 1.023972 0.433341 0.265867 0.430711 0.862440 0.470488 0.534046
  1 3.942658 1.875615 0.254579 0.064301 0.916062 0.395849 0.427734 0.677734
  1 4.038760 1.032480 1.131670 0.134177 0.441272 0.887285 0.470488 0.680531
hands.bmp
  39 -41.391106 0.252437 2.139617 -0.744741 0.665257 0.052858 0.812500 0.964844
  38 -41.179863 0.401111 2.071819 -0.386606 0.896867 0.214864 0.777344 0.986328
  38 -41.352047 0.304002 1.981697 -0.629780 0.769703 0.104573 0.804688 0.986328
hands.bmp
  38 -40.926617 -0.018273 2.126424 0.277316 -0.356114 0.892345 0.552734 0.982422
  38 -40.906918 0.052346 2.121432 -0.585450 0.227943 0.778004 0.539063 0.986328
  38 -40.961712 -0.075652 2.117719 0.700722 -0.513306 0.495486 0.558594 0.986328
hands.bmp
  38 -40.941925 0.279384 2.110115 0.641242 0.619541 0.452744 0.525391 0.974609
  38 -41.176922 0.450406 2.079654 -0.168643 0.562976 0.809084 0.498047 0.972656
  38 -41.179863 0.401111 2.071819 -0.308577 -0.361647 0.879768 0.496094 0.980469
hands.bmp
  38 -41.176922 0.450406 2.079654 -0.168643 0.562976 0.809084 0.498047 0.972656
  38 -41.352047 0.304002 1.981697 -0.652202 0.732610 0.194718 0.472656 0.962891
  38 -41.179863 0.401111 2.071819 -0.308577 -0.361647 0.879768 0.496094 0.980469
hands.bmp
  38 -41.500183 0.105094 1.948660 -0.868319 0.168536 0.466495 0.845703 0.685547
  38 -41.471481 0.159612 1.531044 -0.973642 0.221479 -0.054485 0.857422 0.728516
  38 -41.438740 0.066758 1.528595 -0.952675 -0.258655 -0.159715 0.843750 0.726563
hands.bmp
  38 -41.471481 0.159612 1.531044 -0.973642 0.221479 -0.054485 0.857422 0.728516
  38 -41.414845 0.222564 0.922250 -0.998441 -0.055160 0.008535 0.855469 0.781250
  38 -41.438740 0.066758 1.528595 -0.952675 -0.258655 -0.159715 0.843750 0.726563
hands.bmp
  5 21.041428 0.798098 -1.625545 0.990277 0.046464 0.131121 0.603516 0.234375
  5 20.982601 1.005195 -1.827908 0.831895 0.554854 -0.009367 0.607422 0.253906
  5 20.944572 1.048957 -1.800728 0.441469 0.884523 0.150748 0.613281 0.251953
hands.bmp
  5 21.041428 0.798098 -1.625545 0.990277 0.046464 0.131121 0.603516 0.234375
  5 20.944572 1.048957 -1.800728 0.441469 0.884523 0.150748 0.613281 0.251953
  5 21.020309 0.829506 -1.576886 0.703349 0.283578 0.651831 0.609375 0.234375
hands.bmp
  38 -40.933025 0.707805 1.134369 -0.092417 0.922672 0.374347 0.505859 0.873047
  37 -40.807789 0.953963 0.546296 0.096763 0.927724 0.360505 0.517578 0.814453
  37 -41.202484 0.913901 0.583818 -0.270799 0.818128 0.507282 0.476563 0.822266
hands.bmp
  37 -40.243279 0.854173 0.418742 0.419288 0.747698 0.514923 0.906250 0.062500
  37 -40.807789 0.953963 0.546296 0.096763 0.927724 0.360505 0.847656 0.048828
  37 -40.349155 0.673261 0.732207 0.487010 0.702819 0.518523 0.894531 0.033203
hands.bmp
  40 -38.723122 -0.547317 -0.544280 0.708415 -0.617809 -0.341263 0.203125 0.945313
  40 -38.792747 -0.541757 -0.533251 0.027064 -0.974314 -0.223563 0.205078 0.941406
  40 -38.749989 -0.505042 -0.553830 0.729705 0.142124 -0.668828 0.197266 0.943359
hands.bmp
  20 16.384163 -0.596053 -0.774119 -0.742460 -0.409303 0.530306 0.728516 0.718750
  20 16.355343 -0.628325 -1.364650 -0.808406 -0.588545 0.009721 0.720703 0.767578
  20 16.435223 -0.621942 -1.373471 0.017262 -0.998445 -0.053006 0.724609 0.771484
hands.bmp
  20 16.384163 -0.596053 -0.774119 -0.742460 -0.409303 0.530306 0.728516 0.718750
  20 16.435223 -0.621942 -1.373471 0.017262 -0.998445 -0.053006 0.724609 0.771484
  20 16.473724 -0.588901 -0.762794 -0.022981 -0.775226 0.631265 0.732422 0.716797
hands.bmp
  20 16.740128 -0.718017 -1.119106 -0.961003 -0.203676 0.187055 0.615234 0.335938
  20 16.804478 -0.482244 -0.637784 -0.960984 -0.203762 0.187059 0.539063 0.330078
  20 16.788937 -0.413264 -0.637916 -0.960999 -0.203731 0.187017 0.539063 0.330078
hands.bmp
  20 16.740128 -0.718017 -1.119106 -0.961003 -0.203676 0.187055 0.615234 0.335938
  20 16.788937 -0.413264 -0.637916 -0.960999 -0.203731 0.187017 0.539063 0.330078
  20 16.718750 -0.699658 -1.129395 -0.961009 -0.203685 0.187014 0.615234 0.335938
hands.bmp
  40 -39.145214 -0.413255 -0.637916 -0.027028 -0.153852 0.987724 0.539063 0.330078
  40 -39.470829 -0.467490 -0.653218 -0.027025 -0.153811 0.987731 0.531250 0.384766
  40 -39.160759 -0.482234 -0.637784 -0.027016 -0.153818 0.987730 0.539063 0.330078
hands.bmp
  40 -39.470829 -0.467490 -0.653218 -0.027025 -0.153811 0.987731 0.531250 0.384766
  40 -39.493153 -0.495801 -0.652930 -0.027002 -0.153807 0.987732 0.531250 0.384766
  40 -39.160759 -0.482234 -0.637784 -0.027016 -0.153818 0.987730 0.539063 0.330078
hands.bmp
  40 -39.470829 -0.467490 -0.653218 -0.948384 -0.314477 0.040889 0.531250 0.384766
  40 -39.439213 -0.730737 -1.164102 -0.948355 -0.314571 0.040847 0.613281 0.382813
  40 -39.493153 -0.495801 -0.652930 -0.948386 -0.314470 0.040909 0.531250 0.384766
hands.bmp
  40 -39.439213 -0.730737 -1.164102 -0.948355 -0.314571 0.040847 0.613281 0.382813
  40 -39.420578 -0.752294 -1.144402 -0.948353 -0.314571 0.040879 0.613281 0.382813
  40 -39.493153 -0.495801 -0.652930 -0.948386 -0.314470 0.040909 0.531250 0.384766
hands.bmp
  38 -41.442535 -0.002032 1.962823 -0.872565 -0.488436 0.007809 0.847656 0.982422
  39 -41.483757 0.027492 2.124927 -0.994537 -0.067338 -0.079766 0.835938 0.949219
  38 -41.461555 0.110827 1.961882 -0.958495 0.281935 -0.042420 0.828125 0.988281
hands.bmp
  39 -41.391106 0.252437 2.139617 -0.744741 0.665257 0.052858 0.812500 0.964844
  39 -41.337345 0.328376 2.577730 -0.099374 0.972319 0.211473 0.773438 0.916016
  38 -41.179863 0.401111 2.071819 0.068207 0.980919 0.182060 0.777344 0.986328
hands.bmp
  39 -41.432308 -0.142816 2.658733 -0.753497 -0.650950 0.092233 0.654297 0.898438
  39 -41.279327 -0.284390 2.520702 0.020475 -0.999420 0.027202 0.666016 0.916016
  39 -41.383301 -0.184915 2.933007 -0.360186 -0.729361 0.581635 0.679688 0.863281
hands.bmp
  38 -41.352047 0.304002 1.981697 -0.652202 0.732610 0.194718 0.472656 0.962891
  38 -41.500183 0.105094 1.948660 -0.868319 0.168536 0.466495 0.451172 0.960938
  38 -41.461555 0.110827 1.961882 -0.443846 0.052269 0.894578 0.451172 0.966797
hands.bmp
  25 -43.376587 0.829517 -1.576886 -0.703350 0.283595 0.651823 0.498047 0.574219
  25 -42.641151 0.409156 -1.509630 -0.468253 -0.611094 0.638203 0.562500 0.533203
  28 -42.254623 0.848918 -1.301526 -0.632383 0.659708 -0.406051 0.564453 0.556641
hands.bmp
  31 -43.366920 1.082543 -0.115036 -0.719881 0.466512 -0.513944 0.615234 0.105469
  28 -42.231518 0.973800 -0.607791 -0.579783 0.812353 0.062723 0.716797 0.148438
  31 -43.385403 0.861010 -0.199773 -0.669456 -0.220754 -0.709293 0.615234 0.113281
hands.bmp
  34 -42.167484 0.121791 -1.932939 -0.870325 -0.480007 -0.110129 0.583984 0.488281
  25 -42.399460 0.234544 -1.699104 -0.365400 -0.886280 -0.284589 0.568359 0.507813
  25 -42.111927 0.604220 -1.926282 -0.694215 0.416772 -0.586828 0.568359 0.482422
hands.bmp
  34 -42.884861 0.451808 -2.749129 -0.917238 0.210240 -0.338339 0.648438 0.339844
  34 -42.833916 0.495978 -2.831914 -0.424974 0.718629 -0.550426 0.658203 0.355469
  34 -42.863998 0.437480 -2.792250 -0.828592 0.225690 -0.512347 0.654297 0.355469
hands.bmp
  37 -41.202484 0.913901 0.583818 -0.270799 0.818128 0.507282 0.814453 0.042969
  31 -41.842659 0.873017 0.348126 -0.253190 0.424610 0.869253 0.763672 0.062500
  37 -41.471653 0.567578 0.580777 -0.701921 0.254461 0.665249 0.785156 0.035156
hands.bmp
  40 -39.114456 -0.024175 -2.017978 0.575615 -0.028959 -0.817208 0.025391 0.888672
  40 -39.141506 -0.242721 -1.987880 0.529040 -0.469012 -0.707208 0.039063 0.882813
  40 -39.115837 -0.034087 -2.057976 0.567034 -0.062748 -0.821301 0.019531 0.882813
hands.bmp
  40 -39.145416 0.178458 0.223000 0.640709 -0.380695 0.666756 0.302734 0.884766
  40 -39.141956 0.007684 0.022691 0.481148 -0.632387 0.607111 0.279297 0.890625
  40 -39.075581 0.182921 0.171977 0.540599 -0.408838 0.735258 0.298828 0.890625
hands.bmp
  40 -39.368797 -0.565923 -0.684854 -0.057167 -0.563231 -0.824320 0.412109 0.875000
  40 -39.327484 -0.549157 -0.695438 -0.057173 -0.563230 -0.824320 0.388672 0.861328
  40 -39.318169 -0.559936 -0.685588 -0.057207 -0.563244 -0.824308 0.365234 0.875000
hands.bmp
  40 -39.483608 -0.446197 -1.633107 -0.744889 -0.588766 -0.313841 0.070313 0.837891
  40 -39.504848 -0.304015 -1.802617 -0.704970 -0.540433 -0.459293 0.050781 0.828125
  40 -39.488689 -0.345426 -1.842916 -0.747676 -0.485907 -0.452631 0.050781 0.835938
hands.bmp
  40 -39.075031 -0.699649 -1.129395 0.515354 -0.774382 -0.367074 0.615234 0.335938
  40 -39.291237 -0.752580 -1.216307 0.515385 -0.774368 -0.367060 0.623047 0.361328
  40 -39.242485 -0.766503 -1.237044 0.515358 -0.774376 -0.367080 0.623047 0.361328
hands.bmp
  40 -39.291237 -0.752580 -1.216307 0.518523 -0.668001 -0.533769 0.623047 0.361328
  40 -39.075031 -0.699649 -1.129395 0.518523 -0.668000 -0.533770 0.615234 0.335938
  40 -39.096409 -0.718007 -1.119106 0.518522 -0.667999 -0.533772 0.615234 0.335938
hands.bmp
  40 -39.242485 -0.766503 -1.237044 -0.332356 -0.715512 -0.614477 0.623047 0.361328
  40 -39.420578 -0.752294 -1.144402 -0.332360 -0.715511 -0.614477 0.613281 0.382813
  40 -39.439213 -0.730737 -1.164102 -0.332369 -0.715508 -0.614475 0.613281 0.382813
hands.bmp
  40 -39.420578 -0.752294 -1.144402 -0.270845 -0.862340 -0.427800 0.613281 0.382813
  40 -39.242485 -0.766503 -1.237044 -0.270843 -0.862332 -0.427816 0.623047 0.361328
  40 -39.291237 -0.752580 -1.216307 -0.270831 -0.862343 -0.427803 0.623047 0.361328
hands.bmp
  21 -26.087524 1.570868 -1.615268 0.079877 0.724134 -0.685018 0.337891 0.677734
  21 -22.271851 1.556916 -1.010171 0.116123 0.743467 -0.658614 0.333984 0.808594
  21 -22.220440 0.553670 -1.413354 0.130346 0.070108 -0.988987 0.285156 0.806641
hands.bmp
  21 -26.087524 1.570868 -1.615268 0.079877 0.724134 -0.685018 0.337891 0.677734
  21 -22.220440 0.553670 -1.413354 0.130346 0.070108 -0.988987 0.285156 0.806641
  21 -26.035824 0.627622 -2.018892 0.130387 0.070076 -0.988984 0.285156 0.675781
end
